time,ton,thrust,mfr,vl,anomaly_code,uv_360nm
2021-01-20 10:00:00.000,0,0.0001509261025983,0.0,0.0,,12.895462625405665
2021-01-20 10:00:00.010,0,-0.0017465166924541,0.0,1.0,,7.753150529255873
2021-01-20 10:00:00.020,0,0.0022188752391643,0.0,1.0,,6.233613454014385
2021-01-20 10:00:00.030,0,0.0033612871137896,0.0,1.0,,11.41249048705965
2021-01-20 10:00:00.040,0,-0.0011110284266403,0.0,1.0,,8.560972228989076
2021-01-20 10:00:00.050,0,-0.0038017674337556,0.0,1.0,,10.137860861959771
2021-01-20 10:00:00.060,0,0.0021581126682594,0.0,1.0,,8.331185860517552
2021-01-20 10:00:00.070,0,0.0015719154892001,0.0,1.0,,11.60594133602678
2021-01-20 10:00:00.080,0,-0.0006814666612295,0.0,1.0,,10.428757255321763
2021-01-20 10:00:00.090,0,-0.0022098933375664,0.0,1.0,,9.472196412959498
2021-01-20 10:00:00.100,0,9.602917582492924e-05,0.0,0.0,,10.82262514909137
2021-01-20 10:00:00.110,0,-0.0012695833141953,0.0,0.0,,10.011318929283131
2021-01-20 10:00:00.120,0,0.003619482313005,0.0,0.0,,12.690641610304361
2021-01-20 10:00:00.130,0,0.0009857018856244,0.0,0.0,,10.65500268376832
2021-01-20 10:00:00.140,0,5.050079479948722e-05,0.0,0.0,,11.499783885962968
2021-01-20 10:00:00.150,0,-0.0001166521139404,0.0,0.0,,7.475040818516206
2021-01-20 10:00:00.160,0,0.0027867870374916,0.0,0.0,,8.712483550935339
2021-01-20 10:00:00.170,0,1.231982637408232e-07,0.0,0.0,,10.354307925207848
2021-01-20 10:00:00.180,0,-0.0009581794591317,0.0,0.0,,9.71599288380793
2021-01-20 10:00:00.190,0,-0.0005865968922848,0.0,0.0,,10.778857443802393
2021-01-20 10:00:00.200,0,-0.0011557070211492,0.0,0.0,,12.026947390828033
2021-01-20 10:00:00.210,0,6.403532735622423e-05,0.0,0.0,,12.693347502148157
2021-01-20 10:00:00.220,0,0.0017526030447824,0.0,0.0,,8.117137987200568
2021-01-20 10:00:00.230,0,0.0002715409873079,0.0,0.0,,12.504781272089112
2021-01-20 10:00:00.240,0,0.0038600641092107,0.0,0.0,,8.63969228767135
2021-01-20 10:00:00.250,0,6.981964732033609e-05,0.0,0.0,,13.116994298234408
2021-01-20 10:00:00.260,0,0.0022726665836604,0.0,0.0,,9.10699211816979
2021-01-20 10:00:00.270,0,-0.0044851748016722,0.0,0.0,,10.928041798528321
2021-01-20 10:00:00.280,0,0.0063464661641209,0.0,0.0,,10.579223350067195
2021-01-20 10:00:00.290,0,-0.0003189802087536,0.0,0.0,,10.29600284562208
2021-01-20 10:00:00.300,0,0.0030805151145903,0.0,0.0,,9.826000730646495
2021-01-20 10:00:00.310,0,0.0018253505224792,0.0,0.0,,8.629812119741155
2021-01-20 10:00:00.320,0,0.004304045554175,0.0,0.0,,9.182572925508714
2021-01-20 10:00:00.330,0,0.0016255783534349,0.0,0.0,,4.75603981522072
2021-01-20 10:00:00.340,0,-0.0008532643668754,0.0,0.0,,7.013650770939284
2021-01-20 10:00:00.350,0,0.0032920539762729,0.0,0.0,,10.656403382189655
2021-01-20 10:00:00.360,0,-0.0003399770828538,0.0,0.0,,8.459987217874259
2021-01-20 10:00:00.370,0,-0.0004762183817171,0.0,0.0,,11.922134682725503
2021-01-20 10:00:00.380,0,-0.0015021389011077,0.0,0.0,,8.276684081635688
2021-01-20 10:00:00.390,0,-0.0018170778139866,0.0,0.0,,10.841227355247202
2021-01-20 10:00:00.400,0,0.0007589841507874,0.0,0.0,,9.491760517061532
2021-01-20 10:00:00.410,0,0.0012573702146283,0.0,0.0,,13.32278728302357
2021-01-20 10:00:00.420,0,-0.0020672558676269,0.0,0.0,,9.993278707891298
2021-01-20 10:00:00.430,0,-3.3668002441993944e-05,0.0,0.0,,7.501792355542837
2021-01-20 10:00:00.440,0,-0.0056265184647847,0.0,0.0,,9.811757762157814
2021-01-20 10:00:00.450,0,0.0021844512335676,0.0,0.0,,11.358683613841405
2021-01-20 10:00:00.460,0,0.0014503720392641,0.0,0.0,,10.930209955155398
2021-01-20 10:00:00.470,0,0.009833591338928,0.0,0.0,,10.042575338980116
2021-01-20 10:00:00.480,0,-0.0001404107519035,0.0,0.0,,11.7558923543974
2021-01-20 10:00:00.490,0,-0.0003340813457053,0.0,0.0,,6.7527811312623545
2021-01-20 10:00:00.500,0,0.0006838183590319,0.0,0.0,,9.466528482964474
2021-01-20 10:00:00.510,0,-0.0059129690999126,0.0,0.0,,10.515848226742518
2021-01-20 10:00:00.520,0,0.0029434216805342,0.0,0.0,,7.118938225740125
2021-01-20 10:00:00.530,0,0.0020499264035828,0.0,0.0,,9.875090739792382
2021-01-20 10:00:00.540,0,-0.0025916812312115,0.0,0.0,,11.257731097144585
2021-01-20 10:00:00.550,0,-0.003828488283672,0.0,0.0,,11.24511644311394
2021-01-20 10:00:00.560,0,0.0037223218308935,0.0,0.0,,11.63564746197554
2021-01-20 10:00:00.570,0,0.0036739373780074,0.0,0.0,,11.694978557462067
2021-01-20 10:00:00.580,0,-0.0030602940590518,0.0,0.0,,13.078965005110472
2021-01-20 10:00:00.590,0,-0.0032522430297813,0.0,0.0,,13.180813615048834
2021-01-20 10:00:00.600,0,0.003771239642118,0.0,0.0,,8.126661528329132
2021-01-20 10:00:00.610,0,-0.0039102915803714,0.0,0.0,,8.841601142252298
2021-01-20 10:00:00.620,0,0.0027520951037059,0.0,0.0,,8.671141620496867
2021-01-20 10:00:00.630,0,0.003751116945771,0.0,0.0,,6.966073725717015
2021-01-20 10:00:00.640,0,-0.0013590231151751,0.0,0.0,,10.404881452485704
2021-01-20 10:00:00.650,0,0.0070906903511124,0.0,0.0,,10.31526714575564
2021-01-20 10:00:00.660,0,0.002270055502485,0.0,0.0,,11.89420812809975
2021-01-20 10:00:00.670,0,0.0061891144934702,0.0,0.0,,8.53247266837856
2021-01-20 10:00:00.680,0,-0.0026159351316877,0.0,0.0,,10.543977762692311
2021-01-20 10:00:00.690,0,0.0030037232150193,0.0,0.0,,11.790423678797946
2021-01-20 10:00:00.700,0,-0.0055761231533355,0.0,0.0,,10.521934637069783
2021-01-20 10:00:00.710,0,-0.0037050677937267,0.0,0.0,,9.08790926317034
2021-01-20 10:00:00.720,0,0.0021878584592109,0.0,0.0,,10.336045020683216
2021-01-20 10:00:00.730,0,0.0011964042465028,0.0,0.0,,10.009548282673075
2021-01-20 10:00:00.740,0,-0.0037488047355088,0.0,0.0,,8.455581157594679
2021-01-20 10:00:00.750,0,0.0040863568415146,0.0,0.0,,13.360837808016978
2021-01-20 10:00:00.760,0,0.0026135007579445,0.0,0.0,,11.082459399633407
2021-01-20 10:00:00.770,0,-0.0013178141290942,0.0,0.0,,12.614262929271638
2021-01-20 10:00:00.780,0,-0.0017068960249625,0.0,0.0,,7.959757609435013
2021-01-20 10:00:00.790,0,0.000375863512792,0.0,0.0,,11.14739741439167
2021-01-20 10:00:00.800,0,0.0046345531241599,0.0,0.0,,13.050316753395196
2021-01-20 10:00:00.810,0,0.0026503697418168,0.0,0.0,,11.960618671242393
2021-01-20 10:00:00.820,0,-0.0030098194872196,0.0,0.0,,9.883465165703944
2021-01-20 10:00:00.830,0,0.000480645428626,0.0,0.0,,12.797713224624621
2021-01-20 10:00:00.840,0,0.005554320739,0.0,0.0,,5.798012827106373
2021-01-20 10:00:00.850,0,0.0020922516471692,0.0,0.0,,10.097911919197392
2021-01-20 10:00:00.860,0,-0.0036922004486506,0.0,0.0,,11.281150230167665
2021-01-20 10:00:00.870,0,-0.003454865799347,0.0,0.0,,12.44561320475549
2021-01-20 10:00:00.880,0,-0.0026658251790515,0.0,0.0,,10.713294994299517
2021-01-20 10:00:00.890,0,-0.0023759358542196,0.0,0.0,,14.102301988476682
2021-01-20 10:00:00.900,0,-0.0016223036016007,0.0,0.0,,12.554430442010721
2021-01-20 10:00:00.910,0,0.0015344001173285,0.0,0.0,,10.392194819829207
2021-01-20 10:00:00.920,0,0.003670031639069,0.0,0.0,,13.43633751014309
2021-01-20 10:00:00.930,0,-0.0019604007800602,0.0,0.0,,8.562721127431042
2021-01-20 10:00:00.940,0,0.0015575002777352,0.0,0.0,,9.625819730040563
2021-01-20 10:00:00.950,0,0.00300056328172,0.0,0.0,,6.115376494470827
2021-01-20 10:00:00.960,0,0.0020077258008136,0.0,0.0,,7.5043472979772154
2021-01-20 10:00:00.970,0,-0.0001889804565421,0.0,0.0,,10.57443392401669
2021-01-20 10:00:00.980,0,1.75965851138677e-07,0.0,0.0,,8.61298668365325
2021-01-20 10:00:00.990,0,0.0047451304308171,0.0,0.0,,9.572440697209734
2021-01-20 10:00:01.000,1,-0.0078033781311301,0.0,0.0,,11.457383237178611
2021-01-20 10:00:01.010,1,0.0039179963149151,0.0,0.0,,10.647735254716057
2021-01-20 10:00:01.020,1,-0.0019526758069797,0.0,0.0,,8.260403146133132
2021-01-20 10:00:01.030,1,-0.0002525407371013,0.0,0.0,,10.296636030618329
2021-01-20 10:00:01.040,1,0.0007963733994138,0.0,0.0,,9.006013219828269
2021-01-20 10:00:01.050,1,0.0018049131908338,0.0,0.0,,11.379497378110512
2021-01-20 10:00:01.060,1,0.0014998035389852,0.0,0.0,,8.181559174650584
2021-01-20 10:00:01.070,1,0.0035212441529374,0.0,0.0,,9.049964860609897
2021-01-20 10:00:01.080,1,0.0045492412583841,0.0,0.0,,12.240132888036953
2021-01-20 10:00:01.090,1,-0.0010484691652313,0.0,0.0,,8.792081370475394
2021-01-20 10:00:01.100,1,-0.0021069891919498,0.0,0.0,,11.27432448472177
2021-01-20 10:00:01.110,1,0.0131245542281719,7.1365579298426125,0.0,,8697.176912273859
2021-01-20 10:00:01.120,1,0.0281138185815046,26.76962775086249,0.0,,37200.72570377319
2021-01-20 10:00:01.130,1,0.040376134731808,57.9310473494596,0.0,,86946.69769502517
2021-01-20 10:00:01.140,1,0.079938521809018,96.56092380510852,0.0,,152518.40608711622
2021-01-20 10:00:01.150,1,0.1533412471007838,142.6207142393795,0.0,,234226.88730455388
2021-01-20 10:00:01.160,1,0.198099449380362,195.5908902341672,0.0,,331521.8590037956
2021-01-20 10:00:01.170,1,0.1877045135996152,253.2385341559581,0.0,,440457.9223119765
2021-01-20 10:00:01.180,1,0.24172335122244,313.20323944480793,0.0,,556452.3047045904
2021-01-20 10:00:01.190,1,0.2697062644049079,374.4963984639568,0.0,,677337.744866593
2021-01-20 10:00:01.200,1,0.3082249374176563,434.0245071981975,0.0,,796675.5218891128
2021-01-20 10:00:01.210,1,0.3767422303168018,501.94370465078833,0.0,,934830.4527175467
2021-01-20 10:00:01.220,1,0.4912501180743502,558.0058731424818,0.0,,1050304.7384736503
2021-01-20 10:00:01.230,1,0.4874886094637643,628.8163702683604,0.0,,1197809.7969692042
2021-01-20 10:00:01.240,1,0.4823219163699864,694.4023830189934,0.0,,1335929.2713834443
2021-01-20 10:00:01.250,1,0.5849867702577548,746.4737291592453,0.0,,1446531.1501401041
2021-01-20 10:00:01.260,1,0.8217950195819451,804.139483922057,0.0,,1569923.9947261128
2021-01-20 10:00:01.270,1,0.5958021211506614,854.3720033733258,0.0,,1678115.3835474504
2021-01-20 10:00:01.280,1,0.8172500169799024,911.053328664764,0.0,,1800983.7789298568
2021-01-20 10:00:01.290,1,0.9184700449349668,968.288881759776,0.0,,1925829.7922526877
2021-01-20 10:00:01.300,1,0.9172681639047324,1013.1908010000373,0.0,,2024287.223198476
2021-01-20 10:00:01.310,1,0.8317893609607536,1044.3660920317236,0.0,,2092903.6718244902
2021-01-20 10:00:01.320,1,0.8945885685110618,1104.5025736419452,0.0,,2225839.749036933
2021-01-20 10:00:01.330,1,1.1402609413619245,1131.343700495094,0.0,,2285421.955381455
2021-01-20 10:00:01.340,1,1.0588004137151543,1163.926214021523,0.0,,2357917.0433376543
2021-01-20 10:00:01.350,1,1.0264354591237212,1203.6150311791814,0.0,,2446509.5277062617
2021-01-20 10:00:01.360,1,1.1667303684162609,1238.2801241076568,0.0,,2524135.0702642063
2021-01-20 10:00:01.370,1,1.115180067028225,1264.1320990252254,0.0,,2582157.513746993
2021-01-20 10:00:01.380,1,0.9892866643035506,1283.9429061209914,0.0,,2626698.578211316
2021-01-20 10:00:01.390,1,1.0403259622727032,1313.2869859188631,0.0,,2692808.6060076887
2021-01-20 10:00:01.400,1,1.1582996081004078,1337.609661658419,0.0,,2747721.874728509
2021-01-20 10:00:01.410,1,1.2089009092715055,1360.6733501621848,0.0,,2799885.1038420903
2021-01-20 10:00:01.420,1,1.0752435739570234,1382.7811435519566,0.0,,2849959.0357881063
2021-01-20 10:00:01.430,1,1.2231249991868802,1387.27745019628,0.0,,2860162.2597175506
2021-01-20 10:00:01.440,1,1.0454614136199931,1407.4814429128835,0.0,,2906002.535817726
2021-01-20 10:00:01.450,1,1.0707319526037495,1428.6298227908496,0.0,,2954073.0838962505
2021-01-20 10:00:01.460,1,0.9377125822931608,1440.589337373255,0.0,,2981281.746423479
2021-01-20 10:00:01.470,1,1.3017615466897223,1454.434076445173,0.0,,3012829.5297149313
2021-01-20 10:00:01.480,1,0.9860575504757751,1470.5481799695597,0.0,,3049551.2867358886
2021-01-20 10:00:01.490,1,1.0124980658997462,1462.0804452095858,0.0,,3030240.576698624
2021-01-20 10:00:01.500,1,1.1084603665463373,1489.965282073359,0.0,,3093879.582035066
2021-01-20 10:00:01.510,1,1.1208935831679925,1488.7594303256194,0.0,,3091125.6555777383
2021-01-20 10:00:01.520,1,1.1201726137875223,1487.7128247466856,0.0,,3088737.309355947
2021-01-20 10:00:01.530,1,1.3237524146589146,1507.3588973174328,0.0,,3133638.0178839564
2021-01-20 10:00:01.540,1,1.3048281361482703,1500.095221798467,0.0,,3117031.0755227343
2021-01-20 10:00:01.550,1,1.3948805675671774,1492.6592188108048,0.0,,3100047.029295685
2021-01-20 10:00:01.560,1,1.4015141238227242,1508.9529588454834,0.0,,3137290.1465908024
2021-01-20 10:00:01.570,1,1.2435522663507574,1508.1269207956814,0.0,,3135392.3949114056
2021-01-20 10:00:01.580,1,1.248104975554888,1519.0020028142678,0.0,,3160269.721707983
2021-01-20 10:00:01.590,1,1.0778307843373591,1503.2780379618305,0.0,,3124296.019305344
2021-01-20 10:00:01.600,1,1.0756613438204108,1519.349919062258,0.0,,3161061.827629356
2021-01-20 10:00:01.610,1,1.4215340557630431,1512.4831887188957,0.0,,3145363.139549243
2021-01-20 10:00:01.620,1,1.0754692295448758,1512.8164593282063,0.0,,3146108.2069598017
2021-01-20 10:00:01.630,1,1.1749781357468432,1514.4454701464151,0.0,,3149838.5310869343
2021-01-20 10:00:01.640,1,1.1397353481893555,1510.3797476330578,0.0,,3140537.4322878327
2021-01-20 10:00:01.650,1,1.2218629044343603,1501.3953000332583,0.0,,3119997.1287851147
2021-01-20 10:00:01.660,1,1.457286943238211,1507.0187881444504,0.0,,3132867.6139020026
2021-01-20 10:00:01.670,1,1.517209535692485,1505.0154850445804,0.0,,3128285.8099852875
2021-01-20 10:00:01.680,1,1.3704409053317068,1509.5795832762824,0.0,,3138721.2463851264
2021-01-20 10:00:01.690,1,1.0540268398866166,1517.285477915003,0.0,,3156334.2184522124
2021-01-20 10:00:01.700,1,1.205537592216235,1498.0539024145166,0.0,,3112363.043759801
2021-01-20 10:00:01.710,1,1.0519795690716076,1513.8864415088674,0.0,,3148551.493173383
2021-01-20 10:00:01.720,1,1.4851233836490554,1493.2005705638671,0.0,,3101284.3660191153
2021-01-20 10:00:01.730,1,1.1273079474110173,1506.862032989793,0.0,,3132491.2827667096
2021-01-20 10:00:01.740,1,1.0695575111459874,1496.0754140779245,0.0,,3107833.358464
2021-01-20 10:00:01.750,1,1.4387566654482082,1486.0737655236103,0.0,,3085008.6042120857
2021-01-20 10:00:01.760,1,1.0980065099973817,1489.4714712435737,0.0,,3092749.5428670547
2021-01-20 10:00:01.770,1,1.292648893582055,1490.9765897468378,0.0,,3096194.8883661507
2021-01-20 10:00:01.780,1,1.6391914714774285,1493.8179687186007,0.0,,3102707.1396952327
2021-01-20 10:00:01.790,1,1.4168223971322391,1484.1868243679376,0.0,,3080695.2227978935
2021-01-20 10:00:01.800,1,1.3647677184736176,1498.2546526234796,0.0,,3112829.232130369
2021-01-20 10:00:01.810,1,1.3206350313107733,1488.541458835146,0.0,,3090633.0509221004
2021-01-20 10:00:01.820,1,1.5527228413024097,1466.6547755293857,0.0,,3040698.466655499
2021-01-20 10:00:01.830,1,1.3432010890779515,1488.3669899504791,0.0,,3090236.8711498044
2021-01-20 10:00:01.840,1,1.6328996347157605,1474.7746602915872,0.0,,3059222.9679088555
2021-01-20 10:00:01.850,1,1.271876728340196,1467.0287783188564,0.0,,3041533.054750994
2021-01-20 10:00:01.860,1,1.5408302206134314,1468.2751603865604,0.0,,3044392.344547917
2021-01-20 10:00:01.870,1,1.35722059521669,1471.6514490821976,0.0,,3052085.881047806
2021-01-20 10:00:01.880,1,1.6536638189894066,1465.317701786047,0.0,,3037653.9842599016
2021-01-20 10:00:01.890,1,1.4322555463864597,1461.1559194877657,0.0,,3028155.810088949
2021-01-20 10:00:01.900,1,1.7138145942808949,1470.4149264340986,0.0,,3049281.918292763
2021-01-20 10:00:01.910,1,1.3304259157828922,1459.5252067541342,0.0,,3024432.9122505486
2021-01-20 10:00:01.920,1,1.3912206035190566,1453.116066555306,0.0,,3009829.0086247344
2021-01-20 10:00:01.930,1,1.1481871014892189,1463.466111978847,0.0,,3033406.818637416
2021-01-20 10:00:01.940,1,1.494522722636387,1452.4945318408431,0.0,,3008417.035135718
2021-01-20 10:00:01.950,0,1.3914912149954404,1462.8926642525105,0.0,,3032111.0302118543
2021-01-20 10:00:01.960,0,1.6892754173100215,1442.239704559317,0.0,,2985074.108773175
2021-01-20 10:00:01.970,0,1.216362895372643,1449.43444664472,0.0,,3001431.4946329533
2021-01-20 10:00:01.980,0,1.5977259400025312,1449.4783165905908,0.0,,3001552.580841937
2021-01-20 10:00:01.990,0,1.3579928652057502,1440.22593766746,0.0,,2980474.720795897
2021-01-20 10:00:02.000,0,1.418831891237322,1453.74156117824,0.0,,3011256.110912909
2021-01-20 10:00:02.010,0,1.2512040175658716,1459.500019162306,0.0,,3024368.1483279206
2021-01-20 10:00:02.020,0,1.2544285918891145,1445.678842113912,0.0,,2992879.198294122
2021-01-20 10:00:02.030,0,1.3900586528127914,1452.4726049666103,0.0,,3008362.968144606
2021-01-20 10:00:02.040,0,1.5238195695838592,1443.8000438070203,0.0,,2988613.364283854
2021-01-20 10:00:02.050,0,1.2106508195426495,1445.9284107413928,0.0,,2993450.470993741
2021-01-20 10:00:02.060,0,1.0986149695139729,1444.7706729051722,0.0,,2990808.699984737
2021-01-20 10:00:02.070,0,1.4808281814474398,1410.1531930610488,0.0,,2912091.8223231593
2021-01-20 10:00:02.080,0,1.2017983496086202,1391.6748790815425,0.0,,2870131.4038410275
2021-01-20 10:00:02.090,0,1.0726492496972388,1360.7417135393175,0.0,,2800032.6813169126
2021-01-20 10:00:02.100,0,1.1371575506687948,1306.9891113494052,0.0,,2678616.169689227
2021-01-20 10:00:02.110,0,1.1912726688218425,1250.8389297536678,0.0,,2552308.844842554
2021-01-20 10:00:02.120,0,1.3162837494587991,1202.0665168835706,0.0,,2443061.6812300873
2021-01-20 10:00:02.130,0,0.8691814564468967,1140.689618499769,0.0,,2306186.183437865
2021-01-20 10:00:02.140,0,0.7716396237712471,1081.6145851314666,0.0,,2175151.078534663
2021-01-20 10:00:02.150,0,0.9627576796691952,1022.3697842926616,0.0,,2044472.4049776162
2021-01-20 10:00:02.160,0,0.8094011044758452,954.8025300064496,0.0,,1896342.1370681592
2021-01-20 10:00:02.170,0,0.6528473777061795,893.2395961941362,0.0,,1762283.2517948
2021-01-20 10:00:02.180,0,0.6654671636267664,832.465002419844,0.0,,1630850.1925938677
2021-01-20 10:00:02.190,0,0.7813581032313199,775.4755137402124,0.0,,1508477.3068001673
2021-01-20 10:00:02.200,0,0.6978072006506512,709.4638546880652,0.0,,1367847.2702648882
2021-01-20 10:00:02.210,0,0.6136654542218561,656.7438591989376,0.0,,1256462.742154493
2021-01-20 10:00:02.220,0,0.5000827267814031,599.2328069064907,0.0,,1135974.724120667
2021-01-20 10:00:02.230,0,0.4863418931596166,553.6795524620528,0.0,,1041354.3562325779
2021-01-20 10:00:02.240,0,0.4335647148742853,500.2516267562478,0.0,,931369.4170540359
2021-01-20 10:00:02.250,0,0.3695738567954878,452.9197639469884,0.0,,834908.6765415961
2021-01-20 10:00:02.260,0,0.3428870304091116,408.6211858758682,0.0,,745534.8586229093
2021-01-20 10:00:02.270,0,0.3275479664050569,364.8328591593431,0.0,,658144.7777789622
2021-01-20 10:00:02.280,0,0.2177804485168812,323.9952989762156,0.0,,577573.7618473965
2021-01-20 10:00:02.290,0,0.239760317931497,289.68635160995774,0.0,,510662.4827619148
2021-01-20 10:00:02.300,0,0.1834000050212055,255.611058241956,0.0,,444998.7083508941
2021-01-20 10:00:02.310,0,0.1882332043539064,222.7514380529089,0.0,,382491.840526004
2021-01-20 10:00:02.320,0,0.1224093981678511,194.2550260587747,0.0,,329026.0554905238
2021-01-20 10:00:02.330,0,0.1424806680172552,168.85001603837438,0.0,,282020.7414247229
2021-01-20 10:00:02.340,0,0.0864001317934561,144.32238445697158,1.0,,237292.47908423503
2021-01-20 10:00:02.350,0,0.0719464372472231,121.24257336072267,1.0,,195908.58710833633
2021-01-20 10:00:02.360,0,0.06440454120993,100.81996275150196,1.0,,159930.82906350037
2021-01-20 10:00:02.370,0,0.0531274571242079,82.01060392791571,1.0,,127434.2456053364
2021-01-20 10:00:02.380,0,0.0402442707090942,65.91002515949754,1.0,,100209.73844984174
2021-01-20 10:00:02.390,0,0.0344004468497381,51.62914991999408,1.0,,76604.15416917135
2021-01-20 10:00:02.400,0,0.0167891374465567,38.27909534307524,1.0,,55124.403114068744
2021-01-20 10:00:02.410,0,0.0158981135190295,27.22475909115337,1.0,,37893.379623626846
2021-01-20 10:00:02.420,0,0.015220152939121,17.132210491476027,1.0,,22770.97972902496
2021-01-20 10:00:02.430,0,-5.366170457734958e-05,8.377304553216334,1.0,,10371.267323767384
2021-01-20 10:00:02.440,0,-0.0028743112332379,0.8377988200580471,1.0,,830.1410401457131
2021-01-20 10:00:02.450,0,-0.0074660424708703,0.0,1.0,,9.239396394683562
2021-01-20 10:00:02.460,0,-0.0101409519605036,0.0,1.0,,14.25020968480492
2021-01-20 10:00:02.470,0,-0.0113082468743801,0.0,2.0,,9.380569285239785
2021-01-20 10:00:02.480,0,-0.0170694410890335,0.0,2.0,,9.268260085580845
2021-01-20 10:00:02.490,0,-0.0142181813954619,0.0,2.0,,10.765462724765273
2021-01-20 10:00:02.500,0,-0.0090952811969632,0.0,2.0,,11.284460099641404
2021-01-20 10:00:02.510,0,-0.0204140976050961,0.0,2.0,,13.483100587938198
2021-01-20 10:00:02.520,0,-0.0122366505277343,0.0,2.0,,3.253901259101739
2021-01-20 10:00:02.530,0,-0.0177431626406324,0.0,2.0,,10.609661015027687
2021-01-20 10:00:02.540,0,-0.019778243607823,0.0,2.0,,6.1340520650878645
2021-01-20 10:00:02.550,0,-0.0157919369833442,0.0,2.0,,6.694616891183978
2021-01-20 10:00:02.560,0,-0.0150229907669436,0.0,2.0,,7.296137656444396
2021-01-20 10:00:02.570,0,-0.0191855728332492,0.0,2.0,,10.05167020262802
2021-01-20 10:00:02.580,0,-0.0114792414362256,0.0,2.0,,8.617027446433648
2021-01-20 10:00:02.590,0,-0.0239468952625711,0.0,2.0,,7.986950701986954
2021-01-20 10:00:02.600,0,-0.0181458765520786,0.0,2.0,,9.46638608325392
2021-01-20 10:00:02.610,0,-0.0170692476124779,0.0,2.0,,10.913178414441074
2021-01-20 10:00:02.620,0,-0.014368894909927,0.0,2.0,,9.463265968287002
2021-01-20 10:00:02.630,0,-0.0086692689698751,0.0,2.0,,8.538581188647633
2021-01-20 10:00:02.640,0,-0.0149207796757924,0.0,2.0,,11.971016938068113
2021-01-20 10:00:02.650,0,-0.0192743569408863,0.0,2.0,,10.596102254957863
2021-01-20 10:00:02.660,0,-0.0095652021769752,0.0,2.0,,12.80182978512158
2021-01-20 10:00:02.670,1,-0.0163899585147836,0.0,2.0,,11.168318717263434
2021-01-20 10:00:02.680,1,-0.014238988358298,0.0,2.0,,7.663853991781393
2021-01-20 10:00:02.690,1,-0.0064493384025094,0.0,2.0,,9.27557319587593
2021-01-20 10:00:02.700,1,-0.0034452807513846,0.0,2.0,,11.211290901540053
2021-01-20 10:00:02.710,1,-0.0061891169428811,0.0,2.0,,9.135523375367816
2021-01-20 10:00:02.720,1,-0.0089857622664085,0.0,2.0,,5.885831124185616
2021-01-20 10:00:02.730,1,-0.0059225607595558,0.0,2.0,,9.03952163251724
2021-01-20 10:00:02.740,1,-0.0031187434308327,0.0,2.0,,10.309454659596577
2021-01-20 10:00:02.750,1,-0.0100048143257705,0.0,2.0,,9.742530148515288
2021-01-20 10:00:02.760,1,-0.0037112892573903,0.0,2.0,,8.735879682661713
2021-01-20 10:00:02.770,1,-0.0034701132495297,0.0,2.0,,10.958452471566538
2021-01-20 10:00:02.780,1,-0.0008595293902,0.0,2.0,,9.792553469346618
2021-01-20 10:00:02.790,1,0.0075745456265016,7.616233296713426,2.0,,9340.825568630742
2021-01-20 10:00:02.800,1,0.0212276132577035,23.363661844867742,2.0,,32029.934420019377
2021-01-20 10:00:02.810,1,0.0398757211528258,43.31193586921706,2.0,,63145.247513771064
2021-01-20 10:00:02.820,1,0.0460067751807736,66.38139963187433,2.0,,100992.55014764272
2021-01-20 10:00:02.830,1,0.0813904591098488,94.1837076069666,2.0,,148393.5190751847
2021-01-20 10:00:02.840,1,0.0884496002407743,120.79865295022572,1.0,,195120.99119934972
2021-01-20 10:00:02.850,1,0.1443538329964991,155.30432065745862,1.0,,257232.05110720854
2021-01-20 10:00:02.860,1,0.1555628144879675,190.10719191802505,1.0,,321309.2115142053
2021-01-20 10:00:02.870,1,0.1852182196931817,233.0463992349781,1.0,,401984.09932230564
2021-01-20 10:00:02.880,1,0.2296307974001228,278.32342876843296,1.0,,488679.82801528677
2021-01-20 10:00:02.890,1,0.3072703944867911,321.563370675364,1.0,,572812.893148976
2021-01-20 10:00:02.900,1,0.3498711653343711,369.5479943918495,0.0,,667508.6431786591
2021-01-20 10:00:02.910,1,0.3838169081224166,423.65878523607336,0.0,,775772.7232440464
2021-01-20 10:00:02.920,1,0.4532509304167491,480.3154930147113,0.0,,890626.3851398423
2021-01-20 10:00:02.930,1,0.4944473666193569,540.9317425078607,0.0,,1015010.38994552
2021-01-20 10:00:02.940,1,0.4067912653214738,586.1805697521552,0.0,,1108783.4319930808
2021-01-20 10:00:02.950,1,0.5799590141566618,646.1783370287133,0.0,,1234243.2706138538
2021-01-20 10:00:02.960,1,0.6073049978746013,702.8324340745413,0.0,,1353785.828569824
2021-01-20 10:00:02.970,1,0.6468910880184783,765.191205393853,0.0,,1486480.2923960788
2021-01-20 10:00:02.980,1,0.6678212160469505,811.8173648591049,0.0,,1586412.6598364399
2021-01-20 10:00:02.990,1,0.6325710604070136,859.6184975007527,0.0,,1689457.4203864574
2021-01-20 10:00:03.000,1,0.8426111841499228,915.4687335474508,0.0,,1810592.7288085606
2021-01-20 10:00:03.010,1,0.7459461436704041,967.2225724291784,0.0,,1923488.5010003278
2021-01-20 10:00:03.020,1,1.0199581845859067,1002.2727319559584,0.0,,2000309.9608580598
2021-01-20 10:00:03.030,1,0.7884221057651303,1066.2186168948308,0.0,,2141123.4414039194
2021-01-20 10:00:03.040,1,0.8444936315720595,1098.7343388969532,0.0,,2213055.9777323557
2021-01-20 10:00:03.050,1,1.0786868518642592,1145.0644599711295,0.0,,2315926.9260435114
2021-01-20 10:00:03.060,1,0.906502521828466,1171.718591089416,0.0,,2375282.5535714473
2021-01-20 10:00:03.070,1,0.9115650953547806,1213.582028501096,0.0,,2468798.579531775
2021-01-20 10:00:03.080,1,0.970278810748144,1239.2002633696586,0.0,,2526192.6546990518
2021-01-20 10:00:03.090,1,0.947334861132462,1259.226178680567,0.0,,2571131.8648038167
2021-01-20 10:00:03.100,1,1.2438276744779817,1298.4313965292308,0.0,,2659330.658912154
2021-01-20 10:00:03.110,1,0.8666850388123238,1315.0791223025687,0.0,,2696841.4850956085
2021-01-20 10:00:03.120,1,1.2219094570609943,1336.4427218985345,0.0,,2745087.7055690633
2021-01-20 10:00:03.130,1,1.1653578249651049,1373.5374499353136,0.0,,2829014.8010431956
2021-01-20 10:00:03.140,1,1.341900083442,1383.6186891424454,0.0,,2851868.904640873
2021-01-20 10:00:03.150,1,1.2824324726235794,1403.2259958727775,0.0,,2896351.731567736
2021-01-20 10:00:03.160,1,1.0647572859613763,1419.960168271529,0.0,,2934358.134165497
2021-01-20 10:00:03.170,1,1.0099716347524428,1445.478188209139,0.0,,2992413.39515216
2021-01-20 10:00:03.180,1,1.2750849636530783,1447.762808078243,0.0,,2997627.725723565
2021-01-20 10:00:03.190,1,1.2130048849376218,1463.5820796474663,0.0,,3033676.6931212796
2021-01-20 10:00:03.200,1,0.9529729232577528,1465.5186556744625,0.0,,3038076.6722006397
2021-01-20 10:00:03.210,1,1.2651435370141162,1470.5505855930908,0.0,,3049569.395637883
2021-01-20 10:00:03.220,1,1.2583512198004283,1473.39329560112,0.0,,3056054.9415095616
2021-01-20 10:00:03.230,1,1.293468944333007,1477.1418776789544,0.0,,3064608.684526748
2021-01-20 10:00:03.240,1,1.124644616966908,1482.7663764375711,0.0,,3077438.6280728457
2021-01-20 10:00:03.250,1,1.242804037959065,1506.254077314999,0.0,,3131108.170049485
2021-01-20 10:00:03.260,1,0.9945385496381056,1507.9457608434454,0.0,,3134965.4578113626
2021-01-20 10:00:03.270,1,1.1989017814604386,1500.6994882422125,0.0,,3118406.937657633
2021-01-20 10:00:03.280,1,1.3590859772168375,1501.5621317868076,0.0,,3120387.6671728627
2021-01-20 10:00:03.290,1,1.3944973574987076,1498.8037386407975,0.0,,3114084.9148931024
2021-01-20 10:00:03.300,1,1.274565664073583,1498.2232303904016,0.0,,3112752.3105911505
2021-01-20 10:00:03.310,1,1.0387012829104154,1515.2354546907882,0.0,,3151637.240936875
2021-01-20 10:00:03.320,1,1.3155241554629953,1504.1421583444348,0.0,,3126283.078092599
2021-01-20 10:00:03.330,1,1.1860515433991152,1502.4014879180256,0.0,,3122296.6281768284
2021-01-20 10:00:03.340,1,1.4354059917939848,1507.9270898094903,0.0,,3134945.4536981145
2021-01-20 10:00:03.350,1,1.4178351119757535,1495.4189950039722,0.0,,3106353.802195099
2021-01-20 10:00:03.360,1,1.0184659343657303,1516.7699302458946,0.0,,3155150.3190974067
2021-01-20 10:00:03.370,1,1.4153454904780467,1501.07110030103,0.0,,3119266.3877444784
2021-01-20 10:00:03.380,1,1.3453741767241365,1498.286064689114,0.0,,3112903.2685937644
2021-01-20 10:00:03.390,1,1.2652787691369412,1495.5380410761686,0.0,,3106613.3418993927
2021-01-20 10:00:03.400,1,1.136983861859306,1499.448700603645,0.0,,3115547.2300350266
2021-01-20 10:00:03.410,1,1.2243002167923782,1496.6122473819526,0.0,,3109067.6110752304
2021-01-20 10:00:03.420,1,1.4447560101772985,1482.9623451765244,0.0,,3077903.4432636504
2021-01-20 10:00:03.430,1,1.1849428519215237,1496.491414383201,0.0,,3108788.8980767326
2021-01-20 10:00:03.440,1,1.3593853599143295,1481.7796824321194,0.0,,3075203.370082094
2021-01-20 10:00:03.450,1,1.0327519721478446,1478.70797704538,0.0,,3068172.5268230815
2021-01-20 10:00:03.460,1,1.284937259210936,1450.224075678932,0.0,,3003236.4763168967
2021-01-20 10:00:03.470,1,1.1736850135795858,1469.8615973748126,0.0,,3047995.1588400747
2021-01-20 10:00:03.480,1,1.4354771074299122,1474.6901822188693,0.0,,3059023.1116690077
2021-01-20 10:00:03.490,1,1.1588213237865723,1478.6566278554776,0.0,,3068057.675049295
2021-01-20 10:00:03.500,1,1.0830323813857736,1467.7993157126025,0.0,,3043280.0903430395
2021-01-20 10:00:03.510,1,1.0645654082589555,1466.2037109682713,0.0,,3039645.5566827
2021-01-20 10:00:03.520,1,1.0335282117908668,1459.1865818175393,0.0,,3023641.5491895997
2021-01-20 10:00:03.530,1,1.1806926886913836,1459.259872317475,0.0,,3023816.61741404
2021-01-20 10:00:03.540,1,1.2701346092207046,1467.3327765353863,0.0,,3042230.607766219
2021-01-20 10:00:03.550,1,1.50242095516642,1463.1193254052755,0.0,,3032634.3188421023
2021-01-20 10:00:03.560,1,1.047820311927055,1453.56696566236,0.0,,3010839.536129309
2021-01-20 10:00:03.570,1,1.3075572198384156,1457.96831970078,0.0,,3020882.7150799357
2021-01-20 10:00:03.580,1,1.125901834041595,1447.4768198646832,0.0,,2996969.7795001566
2021-01-20 10:00:03.590,1,1.5559446296032395,1459.033525106032,0.0,,3023322.742976151
2021-01-20 10:00:03.600,1,1.5451253811056542,1465.483900173925,0.0,,3038027.1539297
2021-01-20 10:00:03.610,1,1.1677608408843758,1471.4130171628306,0.0,,3051529.4990686676
2021-01-20 10:00:03.620,0,1.4988653451355902,1454.8569119996594,0.0,,3013803.2047290895
2021-01-20 10:00:03.630,0,1.3970872114386197,1465.3193855353616,0.0,,3037643.602504062
2021-01-20 10:00:03.640,0,1.5563181442875116,1462.6850891167346,0.0,,3031645.380306983
2021-01-20 10:00:03.650,0,1.2453919989351432,1464.892710306474,0.0,,3036659.096233004
2021-01-20 10:00:03.660,0,1.1799383947051347,1464.6500296031195,0.0,,3036108.2014419823
2021-01-20 10:00:03.670,0,1.2154572655397065,1449.466480119602,0.0,,3001507.9689646503
2021-01-20 10:00:03.680,0,1.61944108627032,1446.5089468873966,0.0,,2994793.535369083
2021-01-20 10:00:03.690,0,1.100916843833309,1460.3785431734443,0.0,,3026362.6467279084
2021-01-20 10:00:03.700,0,1.2948863708342175,1450.457454373407,0.0,,3003767.161392461
2021-01-20 10:00:03.710,0,1.61973778049955,1452.9040210915582,0.0,,3009358.886390019
2021-01-20 10:00:03.720,0,1.1417361861070752,1460.3183206983636,0.0,,3026232.356159296
2021-01-20 10:00:03.730,0,1.3424288860621456,1453.331368662247,0.0,,3010313.414014479
2021-01-20 10:00:03.740,0,1.4853016131134231,1421.4776012443624,0.0,,2937830.1009569955
2021-01-20 10:00:03.750,0,1.2932486291184635,1406.6554429020523,0.0,,2904142.4927936797
2021-01-20 10:00:03.760,0,1.4095530732533563,1372.3305388036797,0.0,,2826293.5237365896
2021-01-20 10:00:03.770,0,1.3076150499340746,1318.3166115720255,0.0,,2704169.632689852
2021-01-20 10:00:03.780,0,1.308779132259172,1265.1406933206692,0.0,,2584431.6756349728
2021-01-20 10:00:03.790,0,1.10730711420253,1223.2898504501045,0.0,,2490541.963749902
2021-01-20 10:00:03.800,0,1.2554922798293424,1166.2601122859742,0.0,,2363134.2580203465
2021-01-20 10:00:03.810,0,0.8646292151297749,1101.095517572773,0.0,,2218286.348126094
2021-01-20 10:00:03.820,0,0.9187254361880096,1035.3938606742374,0.0,,2073135.2305988986
2021-01-20 10:00:03.830,0,1.0359117641867996,967.9768893377956,0.0,,1925156.8233515422
2021-01-20 10:00:03.840,0,0.9676349460794098,902.0459991713194,0.0,,1781418.4093278944
2021-01-20 10:00:03.850,0,0.6533192859983656,840.8063420312752,0.0,,1648833.9441782755
2021-01-20 10:00:03.860,0,0.8227517018408775,781.5741499961734,0.0,,1521537.9767401873
2021-01-20 10:00:03.870,0,0.6443152394203784,721.8862147899315,0.0,,1394212.1844974905
2021-01-20 10:00:03.880,0,0.5795822028318386,663.6734018380357,0.0,,1271050.6772056876
2021-01-20 10:00:03.890,0,0.6072529638453087,609.3258380953524,0.0,,1157042.7401577998
2021-01-20 10:00:03.900,0,0.5642207207737318,556.7286985504724,0.0,,1047667.6411281872
2021-01-20 10:00:03.910,0,0.3763052421572533,502.89049571535,0.0,,936772.4165289659
2021-01-20 10:00:03.920,0,0.3152403127860731,453.8625988349048,0.0,,836820.4823194776
2021-01-20 10:00:03.930,0,0.3233178148480133,409.1639068947793,0.0,,746624.0359622362
2021-01-20 10:00:03.940,0,0.3637373824517356,367.4256364410817,0.0,,663291.6393018718
2021-01-20 10:00:03.950,0,0.3059314953836737,327.1261819332091,0.0,,583724.0729198658
2021-01-20 10:00:03.960,0,0.2311782479125831,290.3821676022649,0.0,,512016.6815172154
2021-01-20 10:00:03.970,0,0.2024339173857769,254.47348930928536,1.0,,442821.1017494607
2021-01-20 10:00:03.980,0,0.2013655952890068,223.3646160926073,1.0,,383655.41884541116
2021-01-20 10:00:03.990,0,0.1865004145308598,194.8723595567401,1.0,,330184.60378606914
2021-01-20 10:00:04.000,0,0.1507009831616573,166.51124198627292,1.0,,277724.0207115234
2021-01-20 10:00:04.010,0,0.1065869500568242,143.25649744878822,1.0,,235371.05040193244
2021-01-20 10:00:04.020,0,0.0972286078975058,121.1306588530337,1.0,,195705.7821647101
2021-01-20 10:00:04.030,0,0.077318581042909,100.6086317836943,1.0,,159566.2799297304
2021-01-20 10:00:04.040,0,0.0730816618656605,82.24654229341769,2.0,,127842.02490171652
2021-01-20 10:00:04.050,0,0.0499913651596451,65.84507360099335,2.0,,100100.04823408942
2021-01-20 10:00:04.060,1,0.0487456647942353,50.97650665800771,2.0,,75539.26664114077
2021-01-20 10:00:04.070,1,0.0455349315695524,37.9130925836828,2.0,,54549.858303576155
2021-01-20 10:00:04.080,1,0.0178773144783585,26.48892567426023,2.0,,36765.9858685741
2021-01-20 10:00:04.090,1,0.011595574945259,17.005955183436914,2.0,,22587.55466469178
2021-01-20 10:00:04.100,1,0.00687686580433,8.260001423657647,2.0,,10214.25706398669
2021-01-20 10:00:04.110,1,0.0039522710354083,0.7726452483769604,2.0,,760.9984251515409
2021-01-20 10:00:04.120,1,-0.0021231342356204,0.0,2.0,,12.688691426283526
2021-01-20 10:00:04.130,1,-0.0108425158852588,0.0,2.0,,13.428328565709744
2021-01-20 10:00:04.140,1,-0.0187446750028189,0.0,2.0,,12.052532178158566
2021-01-20 10:00:04.150,1,-0.021905802641031,0.0,2.0,,6.350042708766334
2021-01-20 10:00:04.160,1,-0.0168926539765004,0.0,2.0,,13.535508242308824
2021-01-20 10:00:04.170,1,-0.0171340064424847,0.0,2.0,,9.542834796588021
2021-01-20 10:00:04.180,1,-0.0058572754513587,0.0,2.0,,11.939813990680085
2021-01-20 10:00:04.190,1,-0.0020615680968549,4.225869824190297,2.0,,4889.938799140903
2021-01-20 10:00:04.200,1,0.0192905412951586,23.477470433442942,2.0,,32199.326273214898
2021-01-20 10:00:04.210,1,0.0285501921551361,46.11853527960221,2.0,,67661.53187109457
2021-01-20 10:00:04.220,1,0.0667461583396496,72.13737419098766,2.0,,110670.26391380902
2021-01-20 10:00:04.230,1,0.0911557733988771,100.3117606590988,2.0,,159049.35290242353
2021-01-20 10:00:04.240,1,0.1061657898884495,128.6537750534271,1.0,,209122.96862317875
2021-01-20 10:00:04.250,1,0.1295156268194398,163.1599419254244,1.0,,271580.4772398236
2021-01-20 10:00:04.260,1,0.1741642542718558,202.56217175952335,1.0,,344538.6741819506
2021-01-20 10:00:04.270,1,0.158715715141135,240.97345798855287,1.0,,417046.81695121573
2021-01-20 10:00:04.280,1,0.232619824884743,286.6297054429894,1.0,,504746.18680996716
2021-01-20 10:00:04.290,1,0.2905491197632026,329.47568434017137,0.0,,588335.1430577359
2021-01-20 10:00:04.300,1,0.2531037766560938,380.2403949661408,0.0,,688776.8759151384
2021-01-20 10:00:04.310,1,0.4048278319656845,430.5040841836409,0.0,,789571.5484201589
2021-01-20 10:00:04.320,1,0.4524172861341449,478.2459874282018,0.0,,886405.9143186033
2021-01-20 10:00:04.330,1,0.4427202820613451,538.0407436776737,0.0,,1009044.2447383567
2021-01-20 10:00:04.340,1,0.4603906310542809,588.6149598208676,0.0,,1113853.125767241
2021-01-20 10:00:04.350,1,0.4932675614077103,644.2272525654818,0.0,,1230144.5077796676
2021-01-20 10:00:04.360,1,0.676310514105497,699.8393971870282,0.0,,1347449.5574073575
2021-01-20 10:00:04.370,1,0.722539827168962,748.0780979009703,0.0,,1449961.290224802
2021-01-20 10:00:04.380,1,0.6756697792839627,808.3839310353502,0.0,,1579030.3790932323
2021-01-20 10:00:04.390,1,0.9183013890308932,843.8162580564388,0.0,,1655345.286668692
2021-01-20 10:00:04.400,1,0.8597835389908948,900.8700109030536,0.0,,1778856.705073619
2021-01-20 10:00:04.410,1,0.7610257373847632,941.4651845342404,0.0,,1867220.891200131
2021-01-20 10:00:04.420,1,1.051805745935121,978.8654156774928,0.0,,1948989.0888853932
2021-01-20 10:00:04.430,1,1.1917089660551077,1032.7727148402862,0.0,,2067375.2825612063
2021-01-20 10:00:04.440,1,1.1620110396815222,1071.2070333934398,0.0,,2152160.6955683427
2021-01-20 10:00:04.450,1,1.2197064543304963,1103.8918866079557,0.0,,2224505.923746405
2021-01-20 10:00:04.460,1,1.3384003037551675,1150.155583681407,0.0,,2327268.950042476
2021-01-20 10:00:04.470,1,1.4075869229466578,1178.2337249521006,0.0,,2389841.6117237867
2021-01-20 10:00:04.480,1,1.3885603619584554,1191.6029328841134,0.0,,2419685.9774797633
2021-01-20 10:00:04.490,1,1.1290319720844697,1240.143566949043,0.0,,2528310.760681394
2021-01-20 10:00:04.500,1,1.0500084421814655,1266.966433532048,0.0,,2588522.849944299
2021-01-20 10:00:04.510,1,1.3898033476452485,1280.1563219215234,0.0,,2618197.958778087
2021-01-20 10:00:04.520,1,1.191214810558927,1308.6650869277196,0.0,,2682394.9203546937
2021-01-20 10:00:04.530,1,1.2324790383246156,1319.8131498764135,0.0,,2707544.3294668696
2021-01-20 10:00:04.540,1,1.2184751715709756,1344.981510068753,0.0,,2764390.187413708
2021-01-20 10:00:04.550,1,1.2821834853156833,1361.446624004331,0.0,,2801639.420784626
2021-01-20 10:00:04.560,1,1.6792028191280548,1369.8357675408154,0.0,,2820651.9209217555
2021-01-20 10:00:04.570,1,1.3000403610245983,1384.3893651744927,0.0,,2853613.2821917934
2021-01-20 10:00:04.580,1,1.4816855182929818,1403.937120696659,0.0,,2897979.9075487377
2021-01-20 10:00:04.590,1,1.281780679935,1401.6398675051685,0.0,,2892754.2861049795
2021-01-20 10:00:04.600,1,1.8162110064123604,1416.242020984035,0.0,,2925945.8825463546
2021-01-20 10:00:04.610,1,1.3253633681102082,1428.4688391369773,0.0,,2953718.1406033603
2021-01-20 10:00:04.620,1,1.5498948193420443,1434.9079994571994,0.0,,2968373.560589467
2021-01-20 10:00:04.630,1,1.6326658526933158,1430.3230048514893,0.0,,2957950.7837469815
2021-01-20 10:00:04.640,1,1.5617344617897606,1448.3349642989692,0.0,,2998947.6672174577
2021-01-20 10:00:04.650,1,1.5918720293303088,1449.9058994008249,0.0,,3002531.5233108723
2021-01-20 10:00:04.660,1,1.912333154272613,1457.0103216948803,0.0,,3018726.824368874
2021-01-20 10:00:04.670,1,1.7698948771012708,1462.1177588798714,0.0,,3030362.6814607447
2021-01-20 10:00:04.680,1,1.889101531165446,1460.162670893055,0.0,,3025914.7259246893
2021-01-20 10:00:04.690,1,1.5446120713799676,1474.525003197203,0.0,,3058652.173929588
2021-01-20 10:00:04.700,1,1.3666398107940123,1455.2822002577634,0.0,,3014760.8067735205
2021-01-20 10:00:04.710,1,1.8983203215187443,1455.047556070545,0.0,,3014256.9638893176
2021-01-20 10:00:04.720,1,1.5665654115730496,1461.8306237719974,0.0,,3029699.784155346
2021-01-20 10:00:04.730,1,1.5068381131283344,1461.4972024599294,0.0,,3028936.975501097
2021-01-20 10:00:04.740,1,1.9373646748536992,1443.088117960734,0.0,,2987015.315254531
2021-01-20 10:00:04.750,1,1.4897930885230364,1463.8932335922025,0.0,,3034395.2729740525
2021-01-20 10:00:04.760,1,1.9460842983948008,1460.6311182111926,0.0,,3026983.7246918404
2021-01-20 10:00:04.770,1,1.3879724105553874,1464.975398227442,0.0,,3036856.201140375
2021-01-20 10:00:04.780,1,1.879717511979042,1451.22270940956,0.0,,3005537.8466166323
2021-01-20 10:00:04.790,1,1.6771658730240957,1455.908733639895,0.0,,3016201.8053115574
2021-01-20 10:00:04.800,1,1.4297771497981415,1446.2691457515002,0.0,,2994236.02245298
2021-01-20 10:00:04.810,1,1.6314685587172788,1439.1474480278275,0.0,,2978028.471468586
2021-01-20 10:00:04.820,1,1.8142488125021257,1447.0150069857443,0.0,,2995952.6542820977
2021-01-20 10:00:04.830,1,1.3641451450293185,1451.9570072522254,0.0,,3007186.3457835573
2021-01-20 10:00:04.840,1,1.27266279713542,1429.5467567925998,0.0,,2956168.521908596
2021-01-20 10:00:04.850,1,1.690178144569512,1435.4537612902163,0.0,,2969627.8663719604
2021-01-20 10:00:04.860,1,1.5730724422150049,1444.2243026191782,0.0,,2989587.76886301
2021-01-20 10:00:04.870,1,1.7750731247849691,1436.408717401752,0.0,,2971801.639909901
2021-01-20 10:00:04.880,1,1.7012746642943186,1425.8815322955124,0.0,,2947853.1858674176
2021-01-20 10:00:04.890,1,1.7802500035329372,1430.6712210109208,0.0,,2958746.131402224
2021-01-20 10:00:04.900,1,1.5094410501033453,1420.011907787013,0.0,,2934495.788948595
2021-01-20 10:00:04.910,1,1.7552638569408097,1424.157168193598,0.0,,2943935.8793528443
2021-01-20 10:00:04.920,1,1.6881643568828752,1434.330576618832,0.0,,2967069.8222323502
2021-01-20 10:00:04.930,1,1.3297047454778954,1414.611165983651,0.0,,2922214.6877579396
2021-01-20 10:00:04.940,1,1.5846233811871149,1423.2852527358891,0.0,,2941946.0378036844
2021-01-20 10:00:04.950,1,1.178053141662407,1413.0604770537172,0.0,,2918684.9865755765
2021-01-20 10:00:04.960,1,1.4784686704716807,1406.744395544448,0.0,,2904349.2572926083
2021-01-20 10:00:04.970,1,1.223422982692994,1414.3009193153116,0.0,,2921503.9527130774
2021-01-20 10:00:04.980,1,1.4303416475624016,1424.4856590777642,0.0,,2944663.6761311926
2021-01-20 10:00:04.990,1,1.6155615355156558,1406.638059470744,0.0,,2904115.3388663917
2021-01-20 10:00:05.000,1,1.6489005951180284,1411.4169839243427,0.0,,2914974.473676674
2021-01-20 10:00:05.010,0,1.2042513990268509,1401.4042897334662,0.0,,2892213.027916599
2021-01-20 10:00:05.020,0,1.2985370195390231,1406.5694019993716,0.0,,2903943.186967641
2021-01-20 10:00:05.030,0,1.5509090820464826,1409.1030566290024,0.0,,2909712.8912110752
2021-01-20 10:00:05.040,0,1.198190904624474,1413.3030749566528,0.0,,2919233.620624282
2021-01-20 10:00:05.050,0,1.373037061359048,1392.3400519992026,0.0,,2871653.1965626245
2021-01-20 10:00:05.060,0,1.3113412863752372,1400.0235971583936,0.0,,2889084.71258124
2021-01-20 10:00:05.070,0,1.106042765005031,1397.123020391897,0.0,,2882493.25972345
2021-01-20 10:00:05.080,0,1.201369566195564,1408.664865378839,0.0,,2908695.0354387998
2021-01-20 10:00:05.090,0,1.3324272907434704,1401.7095287479185,0.0,,2892914.081413619
2021-01-20 10:00:05.100,0,1.4201788091392626,1389.571151162807,0.0,,2865369.3715960192
2021-01-20 10:00:05.110,0,1.066363955188335,1395.7132004373404,0.0,,2879289.6773258764
2021-01-20 10:00:05.120,0,1.174278613871328,1397.8568144932642,0.0,,2884159.157190349
2021-01-20 10:00:05.130,0,1.1751128371649069,1368.76152307139,0.0,,2818195.4034800124
2021-01-20 10:00:05.140,0,1.4523320588520876,1332.513275858579,0.0,,2736225.1505619795
2021-01-20 10:00:05.150,0,1.4642664361307067,1308.9753363251702,0.0,,2683109.4090696643
2021-01-20 10:00:05.160,1,1.105782215444978,1262.609802712249,0.0,,2578736.6192913456
2021-01-20 10:00:05.170,1,0.9625548574333312,1199.681591834683,0.0,,2437716.5066982824
2021-01-20 10:00:05.180,1,1.067703728650016,1154.8428587587543,0.0,,2337690.3552867183
2021-01-20 10:00:05.190,1,0.9748296692644942,1093.689799934518,0.0,,2201886.8038870473
2021-01-20 10:00:05.200,1,1.0718283343831163,1034.565153641436,0.0,,2071321.326865199
2021-01-20 10:00:05.210,1,0.8303805183273025,982.3062107856052,0.0,,1956513.501958906
2021-01-20 10:00:05.220,1,0.9423124805742764,918.537689428828,0.0,,1817272.5416754144
2021-01-20 10:00:05.230,1,0.6906636252040194,851.8900436257202,0.0,,1672759.0324142934
2021-01-20 10:00:05.240,1,0.6924876526661976,792.9308950311089,0.0,,1545869.0470030836
2021-01-20 10:00:05.250,1,0.68340414937274,739.6464652081427,0.0,,1431987.0757936747
2021-01-20 10:00:05.260,1,0.5686053511067684,686.6044056886835,0.0,,1319443.1591637956
2021-01-20 10:00:05.270,1,0.5906890475262078,638.7325369266592,0.0,,1218613.0281280116
2021-01-20 10:00:05.280,1,0.6785961919324262,610.4076902214963,0.0,,1159309.5194330784
2021-01-20 10:00:05.290,1,0.5355920586147933,597.032433017804,0.0,,1131389.624765365
2021-01-20 10:00:05.300,1,0.4441002430238217,592.6643247731837,0.0,,1122279.2868274753
2021-01-20 10:00:05.310,1,0.4586164916836817,589.7047614709805,0.0,,1116123.0041301935
2021-01-20 10:00:05.320,1,0.6558049554002621,603.518295406279,0.0,,1144924.0691512965
2021-01-20 10:00:05.330,1,0.6684059299929045,614.9886294295845,0.0,,1168879.7630254922
2021-01-20 10:00:05.340,1,0.6001069537802122,632.7844011696952,0.0,,1206130.1043166395
2021-01-20 10:00:05.350,1,0.7318666991477278,666.2799168888275,0.0,,1276552.3509852567
2021-01-20 10:00:05.360,1,0.7502593819407385,696.5516594693013,0.0,,1340495.5743561657
2021-01-20 10:00:05.370,1,0.7267647283230954,721.2285143669792,0.0,,1392824.5403361684
2021-01-20 10:00:05.380,1,0.8060354380778129,764.9830598979663,0.0,,1486040.607457222
2021-01-20 10:00:05.390,1,0.7270028167672498,796.1901922125792,0.0,,1552851.180239337
2021-01-20 10:00:05.400,1,0.9525247695644408,831.1809631922197,0.0,,1628094.7772630937
2021-01-20 10:00:05.410,1,0.8706937651238771,869.2256215849194,0.0,,1710248.3829887668
2021-01-20 10:00:05.420,1,0.9725670272302904,904.0143692054362,0.0,,1785694.8426993007
2021-01-20 10:00:05.430,1,0.8293079558193176,941.9640224127996,0.0,,1868312.8681365757
2021-01-20 10:00:05.440,1,0.8269235496350822,970.147051995734,0.0,,1929889.9236359221
2021-01-20 10:00:05.450,1,0.7958721498557689,1018.6112364678776,0.0,,2036197.1092802838
2021-01-20 10:00:05.460,1,0.8095544486280993,1051.231921080543,0.0,,2108039.122581323
2021-01-20 10:00:05.470,1,1.1537625595407883,1071.720896526897,0.0,,2153291.0296084234
2021-01-20 10:00:05.480,1,1.138512657477919,1110.7588061313782,0.0,,2239723.0457304306
2021-01-20 10:00:05.490,1,1.2764030687025592,1125.1123852901974,0.0,,2271590.6536331833
2021-01-20 10:00:05.500,1,1.0924442278397364,1164.1999863788667,0.0,,2358534.266677467
2021-01-20 10:00:05.510,1,1.3227779545661027,1186.6721360669085,0.0,,2408669.508543659
2021-01-20 10:00:05.520,1,1.0026256448173128,1213.7093364877553,0.0,,2469087.9173298855
2021-01-20 10:00:05.530,1,1.3014838391937276,1240.2911060669612,0.0,,2528652.1343030487
2021-01-20 10:00:05.540,1,1.2999015446976023,1264.353325302956,0.0,,2582664.7416264764
2021-01-20 10:00:05.550,1,1.3390363508713865,1284.4066557030203,0.0,,2627760.6297354214
2021-01-20 10:00:05.560,1,0.9775052620868268,1293.4861836937343,0.0,,2648179.331952358
2021-01-20 10:00:05.570,1,1.399313854945312,1310.4903577810458,0.0,,2686519.5374808586
2021-01-20 10:00:05.580,1,1.4232241698439427,1315.1200351350992,0.0,,2696961.6697469014
2021-01-20 10:00:05.590,1,1.4271927801789674,1336.224714785477,0.0,,2744608.073269659
2021-01-20 10:00:05.600,1,1.5186722831317934,1355.7388065223593,0.0,,2788733.2849233574
2021-01-20 10:00:05.610,1,1.2043530389702106,1347.197708199748,0.0,,2769396.36036848
2021-01-20 10:00:05.620,1,1.5333609623229525,1377.8509123811816,0.0,,2838806.280178388
2021-01-20 10:00:05.630,1,1.4780970082979772,1378.1559106711902,0.0,,2839495.8077455503
2021-01-20 10:00:05.640,1,1.3097084835444506,1395.4922955531454,0.0,,2878800.3664555666
2021-01-20 10:00:05.650,1,1.3191543493869669,1408.020264348109,0.0,,2907242.16530164
2021-01-20 10:00:05.660,1,1.2454698747490969,1402.4207425937616,0.0,,2894526.1733156866
2021-01-20 10:00:05.670,1,1.2243077564383569,1407.265059047272,0.0,,2905524.737679169
2021-01-20 10:00:05.680,1,1.0741400039584077,1408.5614024727224,0.0,,2908458.6569378586
2021-01-20 10:00:05.690,1,1.5353478063990242,1400.972489990112,0.0,,2891247.89275684
2021-01-20 10:00:05.700,1,1.1311800344981064,1426.1932774857148,0.0,,2948533.400624193
2021-01-20 10:00:05.710,1,1.3888976325658615,1426.0842746757098,0.0,,2948296.419292146
2021-01-20 10:00:05.720,1,1.4365084375290618,1428.7354595982922,0.0,,2954326.2523738476
2021-01-20 10:00:05.730,1,1.316609920454926,1416.97877628,0.0,,2927592.5420383355
2021-01-20 10:00:05.740,1,1.2166056572286832,1425.9111167200156,0.0,,2947896.6690047607
2021-01-20 10:00:05.750,1,1.102658341792517,1423.2694619890424,0.0,,2941884.2349411873
2021-01-20 10:00:05.760,1,1.0614394985560267,1438.9856638786707,0.0,,2977636.216633328
2021-01-20 10:00:05.770,1,1.0465224774053703,1419.0045688933612,0.0,,2932184.9121138644
2021-01-20 10:00:05.780,1,1.0764566487003269,1431.8923018855012,0.0,,2961492.960322675
2021-01-20 10:00:05.790,1,1.0223188173871116,1432.0244891955554,0.0,,2961791.9619536735
2021-01-20 10:00:05.800,1,0.9937022437427928,1428.3382775939508,0.0,,2953402.6139096734
2021-01-20 10:00:05.810,1,1.0589468394524573,1434.7024988013525,0.0,,2967885.4044118724
2021-01-20 10:00:05.820,1,1.04425886803285,1436.482200233926,0.0,,2971932.854939226
2021-01-20 10:00:05.830,1,0.9683190467983896,1429.9996052960196,0.0,,2957186.0491279713
2021-01-20 10:00:05.840,1,1.2520718918163367,1444.3880025346173,0.0,,2989942.549322905
2021-01-20 10:00:05.850,1,1.327251675314969,1425.0743382482267,0.0,,2946002.6963649667
2021-01-20 10:00:05.860,1,1.3294954787166584,1436.57352011934,0.0,,2972158.9895614935
2021-01-20 10:00:05.870,1,1.1383777200152638,1419.46588441345,0.0,,2933238.0096362107
2021-01-20 10:00:05.880,1,0.961353202688764,1441.4259871202885,0.0,,2983186.092445159
2021-01-20 10:00:05.890,1,1.285613200283404,1447.8594020402927,0.0,,2997849.6303350516
2021-01-20 10:00:05.900,1,1.0414605094321177,1438.2777296370034,0.0,,2976022.0379034537
2021-01-20 10:00:05.910,1,1.2364449974749212,1421.37981004811,0.0,,2937594.551352504
2021-01-20 10:00:05.920,1,1.1162097224554326,1420.746538640937,0.0,,2936153.0641156337
2021-01-20 10:00:05.930,1,1.3300940148699445,1427.9384844844546,0.0,,2952511.8704928868
2021-01-20 10:00:05.940,1,1.0836860966307555,1427.6420836099842,0.0,,2951827.21148546
2021-01-20 10:00:05.950,1,1.384637567080674,1421.0347531682212,0.0,,2936818.2085117754
2021-01-20 10:00:05.960,1,1.0651905249628115,1438.9664178099615,0.0,,2977591.769042325
2021-01-20 10:00:05.970,1,1.1734263194823844,1424.371863466945,0.0,,2944394.7365562636
2021-01-20 10:00:05.980,1,1.4198564451465563,1437.5053852836663,0.0,,2974283.796718277
2021-01-20 10:00:05.990,1,0.980654716278994,1434.6850934295362,0.0,,2967843.2795059695
2021-01-20 10:00:06.000,1,1.3146542120602824,1445.8842084145456,0.0,,2993352.684545616
2021-01-20 10:00:06.010,1,1.289694149204626,1434.4256485218857,0.0,,2967270.366201319
2021-01-20 10:00:06.020,1,1.3353590778247084,1432.6722061307603,0.0,,2963279.775116296
2021-01-20 10:00:06.030,1,1.2370635493300537,1440.4800706584713,0.0,,2981044.6565835653
2021-01-20 10:00:06.040,1,1.1227124544793243,1441.9566655847304,0.0,,2984399.743393923
2021-01-20 10:00:06.050,1,1.038813665562606,1440.4061844945677,0.0,,2980866.5339327003
2021-01-20 10:00:06.060,1,1.0872999179758696,1442.182966294096,0.0,,2984913.3483233755
2021-01-20 10:00:06.070,1,1.1061290508909054,1430.0404827150692,0.0,,2957280.896250438
2021-01-20 10:00:06.080,1,1.2376263633156854,1450.9331225399062,0.0,,3004848.8452662574
2021-01-20 10:00:06.090,1,1.3941077728825613,1440.462023106125,0.0,,2981012.091146335
2021-01-20 10:00:06.100,1,1.3506069329445318,1446.971507721781,0.0,,2995832.0595952
2021-01-20 10:00:06.110,0,1.0960273381793266,1450.2388825751882,0.0,,3003257.3688150737
2021-01-20 10:00:06.120,0,1.0754298444744927,1446.235092959747,0.0,,2994139.879296804
2021-01-20 10:00:06.130,0,1.4185740456170328,1452.5756967411698,0.0,,3008598.0702493056
2021-01-20 10:00:06.140,0,1.3965618480945738,1454.0502275255917,0.0,,3011957.747528719
2021-01-20 10:00:06.150,0,1.5428668177943918,1441.6487017670431,0.0,,2983721.980778082
2021-01-20 10:00:06.160,0,1.1334674496913728,1448.7827379274006,0.0,,2999945.4624509946
2021-01-20 10:00:06.170,0,1.5042041107624158,1465.8125988138834,0.0,,3038777.488092423
2021-01-20 10:00:06.180,0,1.5270256846681542,1451.0069249710327,0.0,,3005033.258151863
2021-01-20 10:00:06.190,0,1.5045943129910038,1469.908522597232,0.0,,3048119.156274332
2021-01-20 10:00:06.200,0,1.5487122566958846,1455.6299772549344,0.0,,3015561.9949778444
2021-01-20 10:00:06.210,0,1.439913453757624,1451.7915215378073,0.0,,3006814.3523151223
2021-01-20 10:00:06.220,0,1.4602769059925076,1435.4112710944155,0.0,,2969517.335003675
2021-01-20 10:00:06.230,0,1.4302495345572988,1412.8727797138376,0.0,,2918269.15495375
2021-01-20 10:00:06.240,0,1.1462927750784937,1380.6729875147971,0.0,,2845180.6523485114
2021-01-20 10:00:06.250,0,1.078045710421963,1341.4028338210069,0.0,,2756291.8434941447
2021-01-20 10:00:06.260,0,1.053832502331067,1286.7386528986715,0.0,,2632991.8842203515
2021-01-20 10:00:06.270,0,1.2651625181123662,1230.3253847592234,0.0,,2506306.7341865
2021-01-20 10:00:06.280,0,1.2050976635493866,1176.7750116261757,0.0,,2386578.249151578
2021-01-20 10:00:06.290,0,1.0776903691798163,1111.327879427347,0.0,,2240985.927245938
2021-01-20 10:00:06.300,0,0.9062413722503796,1051.3870771782142,0.0,,2108388.590881629
2021-01-20 10:00:06.310,0,1.0501003019237176,992.7188133867252,0.0,,1979348.1965895898
2021-01-20 10:00:06.320,0,0.7773011659262807,927.5677688505026,0.0,,1836928.9162505337
2021-01-20 10:00:06.330,0,0.9251359757801916,869.7717954158244,0.0,,1711434.390927636
2021-01-20 10:00:06.340,0,0.6902577185064442,803.8276063162642,0.0,,1569251.4314356586
2021-01-20 10:00:06.350,0,0.8278327468204989,746.4939812734723,0.0,,1446586.3190768848
2021-01-20 10:00:06.360,0,0.5739066577840748,682.9493535522722,0.0,,1311718.8198496618
2021-01-20 10:00:06.370,0,0.6490223955467943,629.1196205842058,0.0,,1198454.4561758619
2021-01-20 10:00:06.380,0,0.6643647803409592,574.5506599468423,0.0,,1084623.7661578036
2021-01-20 10:00:06.390,0,0.5411552153053201,521.2862694696174,0.0,,974541.0527033729
2021-01-20 10:00:06.400,0,0.3835760267847219,474.6164697918405,0.0,,879004.9053467773
2021-01-20 10:00:06.410,0,0.3499201197120792,425.9795261093669,0.0,,780448.9056810001
2021-01-20 10:00:06.420,0,0.3396559598584435,380.8345242100903,0.0,,689963.4564943869
2021-01-20 10:00:06.430,0,0.3479558429065356,340.18182708693945,0.0,,609398.4321220835
2021-01-20 10:00:06.440,0,0.3487785476113724,305.7702509302485,1.0,,541946.7444556357
2021-01-20 10:00:06.450,0,0.2238436064648999,266.62949338128664,1.0,,466141.4360403416
2021-01-20 10:00:06.460,0,0.1887587957434081,237.516445919896,1.0,,410470.8673557982
2021-01-20 10:00:06.470,0,0.1728998845983604,205.84500937259992,1.0,,350686.19102553657
2021-01-20 10:00:06.480,0,0.1355620297185162,177.0235112168511,1.0,,297069.5867725977
2021-01-20 10:00:06.490,0,0.1400630367037514,151.83448151768582,1.0,,250920.73858500837
2021-01-20 10:00:06.500,0,0.1358524412510736,127.99929128699124,2.0,,207953.15390395318
2021-01-20 10:00:06.510,0,0.0861376402215006,108.62818402091798,2.0,,173608.48436905874
2021-01-20 10:00:06.520,0,0.0753289038131587,89.67696266666889,2.0,,140602.3447501816
2021-01-20 10:00:06.530,0,0.06875626850006,71.86633649931014,2.0,,110213.48644284395
2021-01-20 10:00:06.540,0,0.0567763157934149,57.00863513684211,2.0,,85428.95557969243
2021-01-20 10:00:06.550,0,0.0421807397045226,43.96801149845648,2.0,,64197.56604178336
2021-01-20 10:00:06.560,0,0.0331924322705595,32.059042128091306,2.0,,45357.78358742355
2021-01-20 10:00:06.570,0,0.0097833601944176,21.44934448104491,2.0,,29152.97933704275
2021-01-20 10:00:06.580,0,0.0115959280195967,12.231671431523148,2.0,,15719.547738017916
2021-01-20 10:00:06.590,0,0.0022582024311726,4.353475301779359,2.0,,5052.323085618162
2021-01-20 10:00:06.600,0,-0.0072802257384036,0.0,2.0,,9.901063792873835
2021-01-20 10:00:06.610,0,-0.0101304268922502,0.0,2.0,,9.40472188745199
2021-01-20 10:00:06.620,0,-0.0132382933741353,0.0,2.0,,12.853162986364648
2021-01-20 10:00:06.630,0,-0.0171781683624746,0.0,2.0,,9.393893627366609
2021-01-20 10:00:06.640,0,-0.017462133742253,0.0,2.0,,7.218713677003312
2021-01-20 10:00:06.650,0,-0.0251712226373054,0.0,2.0,,9.836285339097982
2021-01-20 10:00:06.660,0,-0.022611771699543,0.0,2.0,,11.963534466227225
2021-01-20 10:00:06.670,0,-0.0249143050232677,0.0,2.0,,8.00277075238825
2021-01-20 10:00:06.680,0,-0.0281561878582927,0.0,2.0,,11.634770705739442
2021-01-20 10:00:06.690,0,-0.0209917812355684,0.0,2.0,,12.169010383424695
2021-01-20 10:00:06.700,0,-0.0186443128734018,0.0,2.0,,8.540067342659029
2021-01-20 10:00:06.710,0,-0.024170954472238,0.0,2.0,,8.953992109044536
2021-01-20 10:00:06.720,0,-0.0239758030609475,0.0,2.0,,6.407896354114834
2021-01-20 10:00:06.730,0,-0.0227278524484567,0.0,2.0,,7.731193604007846
2021-01-20 10:00:06.740,0,-0.0217628816524123,0.0,2.0,,9.60109049042397
2021-01-20 10:00:06.750,0,-0.0196341728944738,0.0,2.0,,9.746332968884436
2021-01-20 10:00:06.760,0,-0.0212702790407078,0.0,2.0,,9.855891250618413
2021-01-20 10:00:06.770,0,-0.0141306942520569,0.0,2.0,,14.003300859507277
2021-01-20 10:00:06.780,0,-0.0165346241726417,0.0,2.0,,11.112436207459066
2021-01-20 10:00:06.790,0,-0.0178664507734469,0.0,2.0,,7.652477187429553
2021-01-20 10:00:06.800,0,-0.0131222549926429,0.0,2.0,,9.35868825527246
2021-01-20 10:00:06.810,0,-0.013246908018167,0.0,2.0,,9.01250124971828
2021-01-20 10:00:06.820,0,-0.012211676612077,0.0,2.0,,7.299986164417755
2021-01-20 10:00:06.830,0,-0.0140258454531723,0.0,2.0,,9.8702227212697
2021-01-20 10:00:06.840,0,-0.0088153945645712,0.0,2.0,,11.371131447263906
2021-01-20 10:00:06.850,0,-0.0072528586132185,0.0,2.0,,9.115223619489033
2021-01-20 10:00:06.860,0,-0.004596863764738,0.0,2.0,,10.060190518064063
2021-01-20 10:00:06.870,0,-0.0030691975789097,0.0,2.0,,12.307270006384021
2021-01-20 10:00:06.880,0,-0.01219539358352,0.0,2.0,,9.7041891040791
2021-01-20 10:00:06.890,1,-0.0060523609733961,0.0,2.0,,11.54113913180082
2021-01-20 10:00:06.900,1,-0.0038238268153081,0.0,2.0,,7.3647270670241785
2021-01-20 10:00:06.910,1,-0.0038381475044083,0.0,2.0,,12.24149403790532
2021-01-20 10:00:06.920,1,-0.0043988514792931,0.0,2.0,,11.38503355405559
2021-01-20 10:00:06.930,1,-0.0080375804353864,0.0,2.0,,9.17973700681163
2021-01-20 10:00:06.940,1,-0.0030015812443012,0.0,2.0,,10.90505955959195
2021-01-20 10:00:06.950,1,-0.0048291575205792,0.0,2.0,,8.472498111900146
2021-01-20 10:00:06.960,1,-0.0049141643015968,0.0,2.0,,11.052672337687934
2021-01-20 10:00:06.970,1,-0.003727564486222,0.0,2.0,,9.230525246646257
2021-01-20 10:00:06.980,1,-0.0016024823713501,0.0,2.0,,9.213025531198245
2021-01-20 10:00:06.990,1,0.000882832137103,0.0,2.0,,11.579695566441789
2021-01-20 10:00:07.000,1,0.0031824163088705,5.174887195700486,2.0,,6111.502556750599
2021-01-20 10:00:07.010,1,0.0130668065321594,18.465341527802018,2.0,,24722.146089817554
2021-01-20 10:00:07.020,1,0.0206163433127863,36.06818953714587,2.0,,51630.44487985351
2021-01-20 10:00:07.030,1,0.0469779963246096,58.3991562442513,2.0,,87719.8177174502
2021-01-20 10:00:07.040,1,0.0482513337973306,83.2587435127997,2.0,,129573.54866525675
2021-01-20 10:00:07.050,1,0.0853517037780181,109.74586398276035,2.0,,175577.0377716338
2021-01-20 10:00:07.060,1,0.1033535747072041,139.6816843911545,2.0,,228915.24857925024
2021-01-20 10:00:07.070,1,0.1442606980057986,170.46323729018798,1.0,,284984.2346405233
2021-01-20 10:00:07.080,1,0.1605751505829783,202.4367101764344,1.0,,344300.4825798992
2021-01-20 10:00:07.090,1,0.1467714519163312,243.0795615265557,1.0,,421057.5535596283
2021-01-20 10:00:07.100,1,0.2369261281509205,284.7217878597778,1.0,,501054.47050276655
2021-01-20 10:00:07.110,1,0.2420364032395706,330.6332984856781,1.0,,590604.3959619772
2021-01-20 10:00:07.120,1,0.3114184147909766,372.5990466557688,0.0,,673570.0850940701
2021-01-20 10:00:07.130,1,0.3265950493732575,421.0740785456532,0.0,,770564.5008722002
2021-01-20 10:00:07.140,1,0.3886205146839044,469.9974515937481,0.0,,869603.5660281689
2021-01-20 10:00:07.150,1,0.4887041162608251,522.4781933479387,0.0,,976989.2210886246
2021-01-20 10:00:07.160,1,0.4727175637215003,579.2681990781878,0.0,,1094412.2934309125
2021-01-20 10:00:07.170,1,0.5819705450205237,627.2468435537952,0.0,,1194525.9139571798
2021-01-20 10:00:07.180,1,0.5503409876889304,688.9177259762328,0.0,,1324331.035071691
2021-01-20 10:00:07.190,1,0.5728023909800504,735.1936570883037,0.0,,1422504.793362486
2021-01-20 10:00:07.200,1,0.6242814894894199,789.6541400583566,0.0,,1538834.2559659244
2021-01-20 10:00:07.210,1,0.6140463990360849,848.8775959682733,0.0,,1666252.5199809966
2021-01-20 10:00:07.220,1,0.6683091453091041,892.7346801178336,0.0,,1761185.4730760963
2021-01-20 10:00:07.230,1,0.6310940799659921,940.421011069878,0.0,,1864934.9419602656
2021-01-20 10:00:07.240,1,0.9894284429667471,978.2802308447668,0.0,,1947703.5073869042
2021-01-20 10:00:07.250,1,0.7488287393897686,1012.7231840218628,0.0,,2023249.4860248393
2021-01-20 10:00:07.260,1,0.8771677346430018,1069.3687176790274,0.0,,2148084.3953346014
2021-01-20 10:00:07.270,1,0.874250134806942,1086.9764662366306,0.0,,2187019.8872541804
2021-01-20 10:00:07.280,1,1.0087400515636562,1122.3663268977143,0.0,,2265479.5537715196
2021-01-20 10:00:07.290,1,1.0927481277058255,1159.3299004175217,0.0,,2347687.6797937592
2021-01-20 10:00:07.300,1,0.8706460363002948,1186.3109504949182,0.0,,2407843.428355328
2021-01-20 10:00:07.310,1,1.0099213263917723,1227.1284944942288,0.0,,2499133.5785998064
2021-01-20 10:00:07.320,1,1.0824048302205462,1240.167431678283,0.0,,2528362.846782751
2021-01-20 10:00:07.330,1,0.9922126114815104,1277.9132164328046,0.0,,2613133.655503196
2021-01-20 10:00:07.340,1,0.9426367459957076,1288.6115504685408,0.0,,2637204.2235165024
2021-01-20 10:00:07.350,1,1.1755592065306504,1313.6431213038047,0.0,,2693619.8407174353
2021-01-20 10:00:07.360,1,1.394181625020508,1345.8502006244512,0.0,,2766361.9806782147
2021-01-20 10:00:07.370,1,1.2874544428715666,1347.8417136643354,0.0,,2770859.593724741
2021-01-20 10:00:07.380,1,1.18992745639068,1357.5725737763337,0.0,,2792863.059713765
2021-01-20 10:00:07.390,1,1.1510394787637253,1382.4774254128,0.0,,2849276.7368490654
2021-01-20 10:00:07.400,1,1.0218458801003978,1393.5637315746185,0.0,,2874410.594588101
2021-01-20 10:00:07.410,1,1.4054854247492383,1412.6803211071117,0.0,,2917830.4519289695
2021-01-20 10:00:07.420,1,1.3807664522995535,1411.1157759694172,0.0,,2914273.207092432
2021-01-20 10:00:07.430,1,1.4613790575856864,1416.4776225534513,0.0,,2926460.56255814
2021-01-20 10:00:07.440,1,1.1228432170689548,1417.4437747957666,0.0,,2928643.600084461
2021-01-20 10:00:07.450,1,1.5679355051804302,1448.8575199678164,0.0,,3000139.5164369848
2021-01-20 10:00:07.460,1,1.4254110735720205,1451.526875829932,0.0,,3006209.493790265
2021-01-20 10:00:07.470,1,1.0886169220397257,1452.8371700546827,0.0,,3009182.8708442715
2021-01-20 10:00:07.480,1,1.4460025121660087,1463.170479119094,0.0,,3032748.6367903287
2021-01-20 10:00:07.490,1,1.2263801238194236,1472.685775161775,0.0,,3054437.5517656766
2021-01-20 10:00:07.500,1,1.4927426764846492,1466.886264643347,0.0,,3041222.152009738
2021-01-20 10:00:07.510,1,1.181975343786164,1453.6946736029674,0.0,,3011138.4029343775
2021-01-20 10:00:07.520,1,1.0972708216934473,1476.7262121533936,0.0,,3063650.2344387444
2021-01-20 10:00:07.530,1,1.5862592122492762,1489.8067711683243,0.0,,3093539.4052277
2021-01-20 10:00:07.540,1,1.420578771692819,1472.650932738819,0.0,,3054366.0857667807
2021-01-20 10:00:07.550,1,1.5370593382012927,1481.4311630413083,0.0,,3074408.0248990515
2021-01-20 10:00:07.560,1,1.3116650857491603,1473.4624990016296,0.0,,3056211.0692882906
2021-01-20 10:00:07.570,1,1.4739573814933928,1465.549514857818,0.0,,3038174.57020792
2021-01-20 10:00:07.580,1,1.5717035718594097,1491.3112586367154,0.0,,3096973.5839187745
2021-01-20 10:00:07.590,1,1.3884663898910894,1482.2661719934315,0.0,,3076313.9907358377
2021-01-20 10:00:07.600,1,1.5321499806184573,1469.211582240339,0.0,,3046528.5103452457
2021-01-20 10:00:07.610,1,1.1934789552725102,1483.7798710895945,0.0,,3079758.794312945
2021-01-20 10:00:07.620,1,1.2035398851266226,1489.8717065384672,0.0,,3093668.5687451283
2021-01-20 10:00:07.630,1,1.423272916260636,1473.8517634228567,0.0,,3057108.9195123254
2021-01-20 10:00:07.640,1,1.369121621267046,1472.8622018683875,0.0,,3054848.601936075
2021-01-20 10:00:07.650,1,1.4592857333932063,1482.2734801484116,0.0,,3076329.0480308793
2021-01-20 10:00:07.660,1,1.1541431926124508,1487.2387474000836,0.0,,3087649.3525095307
2021-01-20 10:00:07.670,1,1.1313334293978632,1474.1346683434235,0.0,,3057740.1778848344
2021-01-20 10:00:07.680,1,1.5328517948853313,1472.760285769081,0.0,,3054621.282308085
2021-01-20 10:00:07.690,1,1.2723460362376928,1472.2770327078993,0.0,,3053509.249280125
2021-01-20 10:00:07.700,1,1.3421071479330633,1482.2010251543925,0.0,,3076158.165376568
2021-01-20 10:00:07.710,1,1.07227650514246,1465.1318694482309,0.0,,3037199.9628399145
2021-01-20 10:00:07.720,1,1.3043477132483368,1473.6992232897808,0.0,,3056750.8327950644
2021-01-20 10:00:07.730,1,1.4626702966419458,1470.0700794926404,0.0,,3048482.7668530666
2021-01-20 10:00:07.740,1,1.4713814398607388,1466.644904300733,0.0,,3040671.0268828124
2021-01-20 10:00:07.750,1,1.5586582668714817,1466.8828353998824,0.0,,3041216.4213971444
2021-01-20 10:00:07.760,1,1.275597737022529,1468.7114998012842,0.0,,3045371.7522309804
2021-01-20 10:00:07.770,1,1.2956978391782563,1471.769909829571,0.0,,3052350.3161856504
2021-01-20 10:00:07.780,1,1.0717711929434743,1466.763369640367,0.0,,3040924.472355077
2021-01-20 10:00:07.790,1,1.4829595507426472,1460.750487972894,0.0,,3027231.253106961
2021-01-20 10:00:07.800,1,1.4401335092214955,1457.244310914071,0.0,,3019239.1453611758
2021-01-20 10:00:07.810,1,1.0744196922494502,1466.4232921507826,0.0,,3040143.9430762692
2021-01-20 10:00:07.820,1,1.3935932612416813,1461.998328718806,0.0,,3030074.041405405
2021-01-20 10:00:07.830,1,1.5444858975877631,1476.2254141813244,0.0,,3062530.113862691
2021-01-20 10:00:07.840,0,1.458388872184032,1467.4583984631836,0.0,,3042524.7143394332
2021-01-20 10:00:07.850,0,1.3843557404322824,1449.3078099006907,0.0,,3001153.6336980597
2021-01-20 10:00:07.860,0,1.2966426992183426,1466.7092487036414,0.0,,3040811.0825993135
2021-01-20 10:00:07.870,0,1.300794710782024,1456.8117461414497,0.0,,3018246.536688497
2021-01-20 10:00:07.880,0,1.3960639382352027,1471.090667947627,0.0,,3050804.8674191316
2021-01-20 10:00:07.890,0,1.5670653470900524,1449.0337734017294,0.0,,3000539.174984901
2021-01-20 10:00:07.900,0,1.4220162310871198,1449.637372876194,0.0,,3001904.1007946827
2021-01-20 10:00:07.910,0,1.4978054927736852,1461.78277702715,0.0,,3029584.784205126
2021-01-20 10:00:07.920,0,1.387875826466021,1456.4143380288306,0.0,,3017340.860097572
2021-01-20 10:00:07.930,0,1.1116775150364402,1452.5457834673807,0.0,,3008516.2942613745
2021-01-20 10:00:07.940,0,1.4356117593445683,1457.6652912527386,0.0,,3020197.2291369666
2021-01-20 10:00:07.950,0,1.3416145300813878,1432.8510740369434,0.0,,2963687.9284701976
2021-01-20 10:00:07.960,0,1.2343385994754092,1402.341602215463,0.0,,2894342.892049233
2021-01-20 10:00:07.970,0,1.2326057187844628,1359.0179944434324,0.0,,2796141.39249721
2021-01-20 10:00:07.980,0,1.4714334581889077,1327.946008020267,0.0,,2725912.3799963924
2021-01-20 10:00:07.990,0,1.236289541225116,1280.078001251087,0.0,,2618017.4391609705
2021-01-20 10:00:08.000,0,1.0044837627104857,1226.4436369243558,0.0,,2497598.9738151357
2021-01-20 10:00:08.010,0,0.9429437561804568,1155.1834286379114,0.0,,2338443.657025695
2021-01-20 10:00:08.020,0,1.0490641226986397,1111.343504914558,0.0,,2241016.953430474
2021-01-20 10:00:08.030,0,0.8836857691245592,1049.4125764514215,0.0,,2104026.631346718
2021-01-20 10:00:08.040,0,0.8226277772924221,982.5422379215244,0.0,,1957026.9192850164
2021-01-20 10:00:08.050,0,0.7814644743404747,920.5219093258394,0.0,,1821584.7901184035
2021-01-20 10:00:08.060,0,0.8579360860919882,860.2143706997824,0.0,,1690752.698812116
2021-01-20 10:00:08.070,0,0.9137453039245518,803.990780287515,0.0,,1569613.7181476278
2021-01-20 10:00:08.080,0,0.6446574787669799,737.1902593184075,0.0,,1426760.2529424625
2021-01-20 10:00:08.090,0,0.7049491033575858,673.3491485112024,0.0,,1291455.889635803
2021-01-20 10:00:08.100,0,0.6816590607190497,627.0983871323889,0.0,,1194224.5636859138
2021-01-20 10:00:08.110,0,0.5933226253430297,572.9993857046131,0.0,,1081397.8825124088
2021-01-20 10:00:08.120,0,0.5798182632792037,515.8518643788733,0.0,,963374.8996887973
2021-01-20 10:00:08.130,0,0.517635538684508,466.1606048054596,0.0,,861800.5631542074
2021-01-20 10:00:08.140,0,0.4834608070664102,423.5906612951408,0.0,,775643.2719243651
2021-01-20 10:00:08.150,0,0.4442096628427094,382.1176910721513,0.0,,692525.5304111259
2021-01-20 10:00:08.160,0,0.3096064916402216,339.9077353987613,0.0,,608858.2950488377
2021-01-20 10:00:08.170,0,0.2534813086788753,303.8539270758802,0.0,,538206.8743107875
2021-01-20 10:00:08.180,0,0.2864119955830354,268.851924950194,1.0,,470425.83542206616
2021-01-20 10:00:08.190,0,0.2476634619978793,235.71801183618743,1.0,,407057.13118141255
2021-01-20 10:00:08.200,0,0.1727185004399355,205.14063319723724,1.0,,349363.557818066
2021-01-20 10:00:08.210,0,0.2129039845834959,177.32959584205756,1.0,,297637.2863198091
2021-01-20 10:00:08.220,0,0.1761819889244123,152.61057149693738,1.0,,252332.13461837216
2021-01-20 10:00:08.230,0,0.1444915434782792,129.5247114874042,1.0,,210677.57740798095
2021-01-20 10:00:08.240,0,0.1273785235251816,109.54082730970114,1.0,,175215.46458547076
2021-01-20 10:00:08.250,0,0.0837994791936705,91.28284559212273,1.0,,143374.54661160856
2021-01-20 10:00:08.260,0,0.0801928831793768,73.09417279490927,2.0,,112285.36853415315
2021-01-20 10:00:08.270,0,0.0487606260300189,57.71182995429719,2.0,,86588.00353179363
2021-01-20 10:00:08.280,0,0.0458461045674559,44.4631391288645,2.0,,64994.57390696993
2021-01-20 10:00:08.290,0,0.0370434870931004,32.39125590155566,2.0,,45877.22741955066
2021-01-20 10:00:08.300,0,0.0199950922438612,21.90214561533779,2.0,,29832.005393432595
2021-01-20 10:00:08.310,0,0.0073610330114527,12.551666939683209,2.0,,16177.264350867652
2021-01-20 10:00:08.320,0,-0.0003863744325726,4.372104714036738,2.0,,5077.592330443306
2021-01-20 10:00:08.330,0,-0.0027224419082178,0.0,2.0,,9.933295821344789
2021-01-20 10:00:08.340,0,-0.0039851842931026,0.0,2.0,,8.16451948366802
2021-01-20 10:00:08.350,0,-0.0076322914276897,0.0,2.0,,11.739093686565578
2021-01-20 10:00:08.360,0,-0.0166806131753021,0.0,2.0,,9.951352630665237
2021-01-20 10:00:08.370,0,-0.0167473460016411,0.0,2.0,,11.216207634854788
2021-01-20 10:00:08.380,0,-0.0259489496287605,0.0,2.0,,12.539295329747508
2021-01-20 10:00:08.390,0,-0.0214182252508777,0.0,2.0,,10.98004833356614
2021-01-20 10:00:08.400,0,-0.0262813578440132,0.0,2.0,,12.374073347729432
2021-01-20 10:00:08.410,0,-0.0293264499229012,0.0,2.0,,10.718062423879848
2021-01-20 10:00:08.420,0,-0.0200870533727547,0.0,2.0,,8.434877876510024
2021-01-20 10:00:08.430,0,-0.0229916477033778,0.0,2.0,,10.172743342117963
2021-01-20 10:00:08.440,0,-0.0301792261196194,0.0,2.0,,9.156192963314234
2021-01-20 10:00:08.450,0,-0.0237358999715052,0.0,2.0,,11.026244959016463
2021-01-20 10:00:08.460,0,-0.0247521037595215,0.0,2.0,,8.87651324399739
2021-01-20 10:00:08.470,0,-0.02047156958211,0.0,2.0,,7.896699025372154
2021-01-20 10:00:08.480,0,-0.0271236500129056,0.0,2.0,,12.694524348444288
2021-01-20 10:00:08.490,0,-0.0248590941642976,0.0,2.0,,8.799541857555038
2021-01-20 10:00:08.500,0,-0.0230415551232291,0.0,2.0,,10.040459707723784
2021-01-20 10:00:08.510,0,-0.0238583203328785,0.0,2.0,,11.497035071501106
2021-01-20 10:00:08.520,0,-0.0179514818233054,0.0,2.0,,8.8925031192507
2021-01-20 10:00:08.530,0,-0.0124956194563699,0.0,2.0,,9.388798311703031
2021-01-20 10:00:08.540,0,-0.0156454110649441,0.0,2.0,,13.773412961626093
2021-01-20 10:00:08.550,0,-0.0164354368867709,0.0,2.0,,9.698921290510876
2021-01-20 10:00:08.560,0,-0.0156011927251594,0.0,2.0,,9.700774961950012
2021-01-20 10:00:08.570,0,-0.0168711997467662,0.0,2.0,,9.340311290067309
2021-01-20 10:00:08.580,0,-0.0141362589942972,0.0,2.0,,8.968690607068439
2021-01-20 10:00:08.590,0,-0.0097914385493279,0.0,2.0,,10.011637359033164
2021-01-20 10:00:08.600,0,-0.0160545535358884,0.0,2.0,,12.821114923633345
2021-01-20 10:00:08.610,0,-0.0121426659297742,0.0,2.0,,9.083053195894047
2021-01-20 10:00:08.620,0,-0.0075588309372312,0.0,2.0,,9.754095720699368
2021-01-20 10:00:08.630,0,-0.0014264381879706,0.0,2.0,,14.74900281185261
2021-01-20 10:00:08.640,0,-0.0042876755051481,0.0,2.0,,9.965691800407152
2021-01-20 10:00:08.650,0,-0.0107122716413888,0.0,2.0,,10.321124115593689
2021-01-20 10:00:08.660,0,-0.0041799115636029,0.0,2.0,,10.39079618579463
2021-01-20 10:00:08.670,0,-0.0074912001993427,0.0,2.0,,9.147307836798579
2021-01-20 10:00:08.680,0,-0.0045521980636202,0.0,2.0,,9.67066837814157
2021-01-20 10:00:08.690,0,-0.0060838623560165,0.0,2.0,,9.370019514554244
2021-01-20 10:00:08.700,0,-8.948452382602457e-05,0.0,2.0,,8.983228135957392
2021-01-20 10:00:08.710,0,0.0034916005105591,0.0,2.0,,10.255788965742608
2021-01-20 10:00:08.720,0,-0.0016301098806416,0.0,2.0,,8.531337009198609
2021-01-20 10:00:08.730,0,-0.0038782207787652,0.0,2.0,,9.535779196331998
2021-01-20 10:00:08.740,0,0.0011598737927646,0.0,2.0,,8.419891484465007
2021-01-20 10:00:08.750,0,0.0018682008252362,0.0,2.0,,7.525356759860273
2021-01-20 10:00:08.760,0,-0.0099910112703409,0.0,2.0,,8.98285505756792
2021-01-20 10:00:08.770,0,0.0025008516031829,0.0,2.0,,11.114859243813024
2021-01-20 10:00:08.780,0,7.708581142458677e-05,0.0,2.0,,10.11250870797124
2021-01-20 10:00:08.790,0,0.0035590369866802,0.0,2.0,,6.704418560264202
2021-01-20 10:00:08.800,0,0.0026166187043199,0.0,2.0,,11.292500266633157
2021-01-20 10:00:08.810,0,-0.0016582188372101,0.0,2.0,,9.992396326533564
2021-01-20 10:00:08.820,0,-0.0027394932594134,0.0,2.0,,11.010247445707167
2021-01-20 10:00:08.830,0,0.005187243953274,0.0701657199182751,2.0,,65.18952400778666
2021-01-20 10:00:08.840,0,0.0022036934702882,0.1849897002633104,2.0,,162.94521242919305
2021-01-20 10:00:08.850,0,0.0031901651352207,0.2810361000740867,2.0,,258.0654674544254
2021-01-20 10:00:08.860,0,-0.0044520572946988,0.3601068705749699,2.0,,336.4260085209824
2021-01-20 10:00:08.870,0,-0.0042552232635655,0.4289638916224986,2.0,,402.92896230233686
2021-01-20 10:00:08.880,0,-0.0010257271881858,0.479543042656938,2.0,,455.04533419548744
2021-01-20 10:00:08.890,0,-0.0022924408075412,0.5191757082792439,2.0,,494.3411939576531
2021-01-20 10:00:08.900,0,0.004076867285463,0.5490425735247308,2.0,,526.8314437341302
2021-01-20 10:00:08.910,0,-0.0055762737709664,0.5634432228114843,2.0,,543.1565646623413
2021-01-20 10:00:08.920,0,0.0017496462288042,0.5824044059771574,2.0,,564.6021123595507
2021-01-20 10:00:08.930,0,-0.0032232056405093,0.5874581682917456,2.0,,565.1186744378689
2021-01-20 10:00:08.940,0,-9.613748345838816e-05,0.5854762975918263,2.0,,564.671050699191
2021-01-20 10:00:08.950,0,0.0006378151456484,0.5769711111857042,2.0,,558.7697945299759
2021-01-20 10:00:08.960,0,0.0022286279862453,0.5611991646800697,2.0,,545.4823861909929
2021-01-20 10:00:08.970,0,0.0038173915138203,0.5525783162287847,2.0,,533.4817841568215
2021-01-20 10:00:08.980,0,0.0013546075056184,0.5356569721574507,2.0,,512.9406626042844
2021-01-20 10:00:08.990,0,-0.001390449593648,0.5171458687520023,2.0,,491.40934986282934
2021-01-20 10:00:09.000,0,0.0001859298467636,0.4935678040831671,2.0,,470.12129871652917
2021-01-20 10:00:09.010,0,0.0004106166797784,0.4718461460289738,2.0,,447.77744769895776
2021-01-20 10:00:09.020,0,-0.0023276348384995,0.4466011176209126,2.0,,419.81682659360655
2021-01-20 10:00:09.030,0,-0.0008441397681805,0.4186622544674106,2.0,,391.98746537419265
2021-01-20 10:00:09.040,0,0.0015532055158326,0.3941585114040778,2.0,,370.51771818805696
2021-01-20 10:00:09.050,0,-0.0051468401586884,0.3733200872424144,2.0,,349.9424225507812
2021-01-20 10:00:09.060,0,-0.0038344045068325,0.3451347708099235,2.0,,320.44252048318276
2021-01-20 10:00:09.070,0,-0.0010045891459324,0.3197015391511962,2.0,,292.3593487249376
2021-01-20 10:00:09.080,0,0.0022509410815915,0.2962636996921196,2.0,,274.8104526870169
2021-01-20 10:00:09.090,0,0.0050489388054053,0.2746451401699641,2.0,,250.49869095163018
2021-01-20 10:00:09.100,0,-0.0024108657950561,0.2501734554563376,2.0,,228.19857073366563
2021-01-20 10:00:09.110,0,-0.0020932909229227,0.2302413871870146,2.0,,211.04861930892534
2021-01-20 10:00:09.120,0,-0.0022642999940332,0.2105465949318987,2.0,,191.59880815039986
2021-01-20 10:00:09.130,0,-0.0012694082304074,0.1878701614766798,2.0,,166.8608291632849
2021-01-20 10:00:09.140,0,0.004034480708457,0.1693179908686547,2.0,,152.169430980627
2021-01-20 10:00:09.150,0,0.0001712738306056,0.1526655354429787,2.0,,136.4048174060114
2021-01-20 10:00:09.160,0,-0.0057014683138147,0.1367532612183203,2.0,,122.11810995108704
2021-01-20 10:00:09.170,0,0.0036861206652929,0.1213113283502064,2.0,,109.4148451158574
2021-01-20 10:00:09.180,0,0.0013290319413813,0.1066149140771883,2.0,,97.31410331160123
2021-01-20 10:00:09.190,0,-0.0032661103797309,0.0937750208228576,2.0,,84.77957473142862
2021-01-20 10:00:09.200,0,-0.0012084388295829,0.0817695950200998,2.0,,73.73420975341502
2021-01-20 10:00:09.210,0,-0.0036011054918927,0.0702707184771251,2.0,,64.3488218168534
2021-01-20 10:00:09.220,0,0.0031371299456237,0.0601828994870956,2.0,,56.50213877858166
2021-01-20 10:00:09.230,0,0.000484682082194,0.0510363748206638,2.0,,49.997684744871414
2021-01-20 10:00:09.240,0,0.002849589612112,0.0425503624574206,2.0,,42.855559430834404
2021-01-20 10:00:09.250,0,-0.0014375422578187,0.03481751714748,2.0,,36.05588860862817
2021-01-20 10:00:09.260,0,0.0001179562416757,0.0283868169055844,2.0,,28.989165553669118
2021-01-20 10:00:09.270,0,0.0016664355228449,0.0221454576036845,2.0,,26.502604584429836
2021-01-20 10:00:09.280,0,0.003858400455408,0.0166597948106586,2.0,,22.720074962105564
2021-01-20 10:00:09.290,0,-0.0041657320949802,0.0120281797387576,2.0,,17.278738611030427
2021-01-20 10:00:09.300,0,0.0014425178913411,0.0076443729652295,2.0,,11.205134076448642
2021-01-20 10:00:09.310,0,0.0027087969670266,0.0040636086889154,2.0,,11.14971193179298
2021-01-20 10:00:09.320,0,-0.0025601645796124,0.0009001189578863,2.0,,9.553875945028002
2021-01-20 10:00:09.330,0,-0.0018459570672844,0.0,2.0,,7.811911117521708
2021-01-20 10:00:09.340,0,-0.0028696453692996,0.0,2.0,,10.89926903649611
2021-01-20 10:00:09.350,0,0.0010713356312879,0.0,2.0,,8.147262306325139
2021-01-20 10:00:09.360,0,0.002329514536712,0.0,2.0,,4.491685495466207
2021-01-20 10:00:09.370,0,-0.0024555513597368,0.0,2.0,,8.646700143822693
2021-01-20 10:00:09.380,0,0.0014188603972396,0.0,2.0,,11.250619310423199
2021-01-20 10:00:09.390,0,0.0006788125370863,0.0,2.0,,12.093643766414136
2021-01-20 10:00:09.400,0,6.028094409167444e-05,0.0,2.0,,11.314044086484108
2021-01-20 10:00:09.410,0,-0.0003577524754903,0.0,2.0,,13.421777554259451
2021-01-20 10:00:09.420,0,-0.0001258949905286,0.0,2.0,,10.880336814570166
2021-01-20 10:00:09.430,0,-0.0053579660712048,0.0,2.0,,6.752262540319551
2021-01-20 10:00:09.440,0,0.0022290841384846,0.0,2.0,,7.502902063863604
2021-01-20 10:00:09.450,0,-0.001505132375196,0.0,2.0,,9.866449660499006
2021-01-20 10:00:09.460,0,0.0008056629229407,0.0,2.0,,8.112592449164126
2021-01-20 10:00:09.470,0,-0.0025847495482213,0.0,2.0,,9.343988763708314
2021-01-20 10:00:09.480,0,0.0028139553020407,0.0,2.0,,11.1750287133286
2021-01-20 10:00:09.490,0,-0.0032185052191821,0.0,2.0,,11.855902991040667
2021-01-20 10:00:09.500,0,0.0028401857061443,0.0,2.0,,12.993906634098016
2021-01-20 10:00:09.510,0,-0.0088232316293274,0.0,2.0,,10.726565890509399
2021-01-20 10:00:09.520,0,-0.0046154536311089,0.0,2.0,,9.465093505893204
2021-01-20 10:00:09.530,0,0.0011290815492095,0.0,2.0,,12.769418389356899
2021-01-20 10:00:09.540,0,-0.0058417221277135,0.0,2.0,,9.44711480449766
2021-01-20 10:00:09.550,0,0.0005382504965331,0.0,2.0,,9.280966017512421
2021-01-20 10:00:09.560,0,0.0041951421652412,0.0,2.0,,11.431375135529942
2021-01-20 10:00:09.570,0,-0.0037657241068651,0.0,2.0,,11.739735429940088
2021-01-20 10:00:09.580,0,-0.0033893595511995,0.0,2.0,,7.55599480701014
2021-01-20 10:00:09.590,0,0.0030832823639966,0.0,2.0,,12.977095229166132
2021-01-20 10:00:09.600,0,-0.0017075706799042,0.0,2.0,,8.948668950354016
2021-01-20 10:00:09.610,0,-0.0030252857995011,0.0,2.0,,10.120044077918402
2021-01-20 10:00:09.620,0,0.0056627719301413,0.0,2.0,,8.939159657490894
2021-01-20 10:00:09.630,0,0.0010117342137415,0.0,2.0,,12.314097902182024
2021-01-20 10:00:09.640,0,-0.0022906056459925,0.0,2.0,,9.911062697192847
2021-01-20 10:00:09.650,0,-0.0070375456171182,0.0,2.0,,9.912299173122712
2021-01-20 10:00:09.660,0,-0.0025643977123439,0.0,2.0,,10.768511319809365
2021-01-20 10:00:09.670,0,0.0034522261976331,0.0,2.0,,10.320495780687828
2021-01-20 10:00:09.680,0,-0.0027742592209782,0.0,2.0,,7.87740912122197
2021-01-20 10:00:09.690,0,-0.0013554649577976,0.0,2.0,,11.939722982070501
2021-01-20 10:00:09.700,0,-0.0026642656664548,0.0,2.0,,11.868150270081674
2021-01-20 10:00:09.710,0,0.0052812016320673,0.0,2.0,,13.874629843148623
2021-01-20 10:00:09.720,0,0.000440176892758,0.0,2.0,,11.394077509956032
2021-01-20 10:00:09.730,0,-0.0067608805894947,0.0,2.0,,10.147439932658017
2021-01-20 10:00:09.740,0,-0.0043754345498697,0.0,2.0,,9.839132714005832
2021-01-20 10:00:09.750,0,-0.0011047785130563,0.0,2.0,,9.699468317872407
2021-01-20 10:00:09.760,0,0.0014643925645675,0.0,2.0,,12.552421336115568
2021-01-20 10:00:09.770,0,0.0029100291290568,0.0,2.0,,11.865665380999154
2021-01-20 10:00:09.780,0,0.0075582600133697,0.0,2.0,,11.413788534527644
2021-01-20 10:00:09.790,0,0.0016184506067882,0.0,2.0,,10.38483126587914
2021-01-20 10:00:09.800,0,-0.0020273819344838,0.0,2.0,,8.164666994868506
2021-01-20 10:00:09.810,0,-0.0031857969263213,0.0,2.0,,11.139266059374913
2021-01-20 10:00:09.820,0,-0.000907318925534,0.0,2.0,,8.217966816259224
2021-01-20 10:00:09.830,0,0.0024842138234343,4.302679658033016e-05,2.0,,7.364064168582168
2021-01-20 10:00:09.840,0,0.0018589365002885,8.77765885215948e-05,2.0,,10.383113430524658
2021-01-20 10:00:09.850,0,0.0007774043571142,0.0001238891460261,2.0,,7.644313157185753
2021-01-20 10:00:09.860,0,0.0021834128204981,0.0001557403013645,2.0,,8.09359124803869
2021-01-20 10:00:09.870,0,-0.0073145922529334,0.0001798391933921,2.0,,12.319389539736125
2021-01-20 10:00:09.880,0,0.0036629610982624,0.0002024309619267,2.0,,9.157935601966903
2021-01-20 10:00:09.890,0,-0.0020944604901643,0.0002157673232436,2.0,,12.558834879905302
2021-01-20 10:00:09.900,0,-0.0009788060706232,0.0002233019951745,2.0,,14.442713909379767
2021-01-20 10:00:09.910,0,0.0034098245212587,0.0002317321795766,2.0,,11.430993890740803
2021-01-20 10:00:09.920,0,0.0059069459116658,0.0002356658884519,2.0,,12.800808584200077
2021-01-20 10:00:09.930,0,-0.0026568262978358,0.0002371211298969,2.0,,12.109640335434566
2021-01-20 10:00:09.940,0,0.0016852089526471,0.000234663079497,2.0,,7.3105413745610255
2021-01-20 10:00:09.950,0,0.0036816255152774,0.0002324533921865,2.0,,10.773730712677002
2021-01-20 10:00:09.960,0,0.0023369956465539,0.0002252915069311,2.0,,13.723787701289705
2021-01-20 10:00:09.970,0,-0.0043271353195136,0.0002191139195481,2.0,,10.673672155688264
2021-01-20 10:00:09.980,0,0.0025939249891793,0.0002119219947866,2.0,,11.23327104703727
2021-01-20 10:00:09.990,0,-0.0030841668592151,0.000201525871313,2.0,,10.93346046292726
2021-01-20 10:00:10.000,0,-0.0024542858348265,0.0001946404668187,2.0,,13.40846414134052
2021-01-20 10:00:10.010,0,0.0048359404256577,0.0001837398275891,2.0,,14.5342089751294
2021-01-20 10:00:10.020,0,-0.0028843566996111,0.0001759044358868,2.0,,14.38185334036973
2021-01-20 10:00:10.030,0,0.0035419741986502,0.0001659372872874,2.0,,5.539328481938953
2021-01-20 10:00:10.040,0,0.0036093194214036,0.0001537039512252,2.0,,10.960226187649218
2021-01-20 10:00:10.050,0,-0.0038319616876018,0.0001443531583442,2.0,,7.647652181814395
2021-01-20 10:00:10.060,0,0.0003094277308028,0.0001342224380706,2.0,,8.330159859039904
2021-01-20 10:00:10.070,0,-0.0031627563960631,0.0001254818101097,2.0,,11.145695424455795
2021-01-20 10:00:10.080,0,0.0009206881181668,0.0001141544710303,2.0,,10.204602940653956
2021-01-20 10:00:10.090,0,0.0004534506330164,0.0001052500950011,2.0,,6.5185337567612365
2021-01-20 10:00:10.100,0,0.0056231920407322,9.671161078528028e-05,2.0,,7.950828913670019
2021-01-20 10:00:10.110,0,0.0009468030013529,8.788314825006496e-05,2.0,,9.989033470201344
2021-01-20 10:00:10.120,0,-0.0060123148908836,7.957220543572063e-05,2.0,,13.224228444362922
2021-01-20 10:00:10.130,0,0.0003423691911927,7.241819856193275e-05,2.0,,10.44417668884835
2021-01-20 10:00:10.140,0,-0.0070170669936143,6.468928900711973e-05,2.0,,9.65926092883125
2021-01-20 10:00:10.150,0,0.0006657922236067,5.81092197071236e-05,2.0,,12.463439526721597
2021-01-20 10:00:10.160,0,-0.0048884367730405,5.151120519866933e-05,2.0,,9.775906379107484
2021-01-20 10:00:10.170,0,0.0014299456075798,4.56767489667858e-05,2.0,,8.695572888810734
2021-01-20 10:00:10.180,0,0.0040365122838689,3.99741487146823e-05,2.0,,9.911178638115235
2021-01-20 10:00:10.190,0,0.0028518275077835,3.4930527722821584e-05,2.0,,9.266379888634878
2021-01-20 10:00:10.200,0,-0.0048109353205821,3.0317432860227667e-05,2.0,,8.525436570720151
2021-01-20 10:00:10.210,0,-0.0001498768954134,2.605761597368076e-05,2.0,,13.797144076168435
2021-01-20 10:00:10.220,0,0.0019280420013048,2.229363841169383e-05,1.0,,10.497613935525973
2021-01-20 10:00:10.230,0,0.0027346935339277,1.884241769794268e-05,1.0,,7.388117156778979
2021-01-20 10:00:10.240,0,-0.0001880774850756,1.5749883451952413e-05,1.0,,10.198452804001334
2021-01-20 10:00:10.250,0,-0.0027208775468108,1.2824860404051869e-05,1.0,,8.600702595569475
2021-01-20 10:00:10.260,0,-0.0012903513884132,1.0235234600123076e-05,1.0,,10.737166939882826
2021-01-20 10:00:10.270,0,-0.000647980935885,7.939649727257073e-06,1.0,,7.022089215265872
2021-01-20 10:00:10.280,0,-0.0022534929579495,5.899366908771577e-06,1.0,,11.462380873545676
2021-01-20 10:00:10.290,0,-0.0021734268143585,4.159317372789122e-06,1.0,,12.897017315337909
2021-01-20 10:00:10.300,0,-0.0068913637815591,2.5938424442669186e-06,1.0,,6.51315326972075
2021-01-20 10:00:10.310,0,0.0002411957245033,1.2204223078108898e-06,1.0,,10.649558631506132
2021-01-20 10:00:10.320,0,-0.0025386339842025,6.906040870802455e-08,1.0,,7.713403447110855
2021-01-20 10:00:10.330,0,-0.0075766979550787,0.0,1.0,,13.525943727547222
2021-01-20 10:00:10.340,0,0.0021807448892537,0.0,1.0,,8.309358837381335
2021-01-20 10:00:10.350,0,-0.0044298462185815,0.0,1.0,,7.548284660261254
2021-01-20 10:00:10.360,0,0.0039167963852141,0.0,1.0,,9.41978573825666
2021-01-20 10:00:10.370,0,0.001373208999603,0.0,1.0,,9.131213640376908
2021-01-20 10:00:10.380,0,-0.0007906175585967,0.0,1.0,,11.252961927880314
2021-01-20 10:00:10.390,0,-0.0023691674419458,0.0,1.0,,11.895280733952259
2021-01-20 10:00:10.400,0,0.0010189377367767,0.0,1.0,,9.889463502152724
2021-01-20 10:00:10.410,0,-0.0035418608963515,0.0,1.0,,8.983351197900262
2021-01-20 10:00:10.420,0,-0.0030798041463066,0.0,1.0,,12.703237565929506
2021-01-20 10:00:10.430,0,-0.0012607808747441,0.0,1.0,,8.737302857389988
2021-01-20 10:00:10.440,0,-0.003710824712668,0.0,1.0,,11.829882664428236
2021-01-20 10:00:10.450,0,-0.0028168348020179,0.0,1.0,,11.271164090439468
2021-01-20 10:00:10.460,0,0.0039356930159338,0.0,1.0,,10.547790962619288
2021-01-20 10:00:10.470,0,0.0039804157207869,0.0,1.0,,10.27490140183447
2021-01-20 10:00:10.480,0,0.0033296528745008,0.0,1.0,,8.46743730773443
2021-01-20 10:00:10.490,0,-0.0026926611316521,0.0,1.0,,6.427562977211415
2021-01-20 10:00:10.500,0,-0.0009435426781011,0.0,1.0,,10.411483245824178
2021-01-20 10:00:10.510,0,-0.0033706932611444,0.0,1.0,,10.56469685847431
2021-01-20 10:00:10.520,0,0.0005184553047679,0.0,1.0,,13.80559174881208
2021-01-20 10:00:10.530,0,0.0002127751059374,0.0,1.0,,8.564907185310613
2021-01-20 10:00:10.540,0,-0.001521207965311,0.0,1.0,,10.69998054112449
2021-01-20 10:00:10.550,0,-0.0025407021806014,0.0,1.0,,11.108919648898874
2021-01-20 10:00:10.560,0,0.0023698172917423,0.0,1.0,,9.985226720621851
2021-01-20 10:00:10.570,0,-0.0026085713380381,0.0,1.0,,8.726186324860922
2021-01-20 10:00:10.580,0,-0.0005962722045469,0.0,1.0,,10.99865998196868
2021-01-20 10:00:10.590,0,0.0008642868420449,0.0,1.0,,10.647649447229295
2021-01-20 10:00:10.600,0,-0.001355173324028,0.0,1.0,,9.835194136409067
2021-01-20 10:00:10.610,0,0.0009463152668467,0.0,1.0,,8.453965399492777
2021-01-20 10:00:10.620,0,-0.0005964606995739,0.0,1.0,,7.129885856938623
2021-01-20 10:00:10.630,0,-0.0075790622052132,0.0,1.0,,11.747873311181424
2021-01-20 10:00:10.640,0,-0.0045946868737613,0.0,1.0,,13.05843953926767
2021-01-20 10:00:10.650,0,8.465475400806747e-05,0.0,1.0,,7.5351601591446595
2021-01-20 10:00:10.660,0,-0.0006729657613384,0.0,1.0,,7.647245882341619
2021-01-20 10:00:10.670,0,0.0003384143399618,0.0,1.0,,6.724204774692016
2021-01-20 10:00:10.680,0,-0.0030971921370302,0.0,1.0,,7.050501943794547
2021-01-20 10:00:10.690,0,0.0004086924747401,0.0,1.0,,13.618191527161109
2021-01-20 10:00:10.700,0,0.0066674325665813,0.0,1.0,,7.177045856776102
2021-01-20 10:00:10.710,0,-0.001955335494794,0.0,1.0,,12.953360106582636
2021-01-20 10:00:10.720,0,0.0082018090006596,0.0,1.0,,10.700599615091322
2021-01-20 10:00:10.730,0,0.0006526279246472,0.0,1.0,,11.7592985076338
2021-01-20 10:00:10.740,0,0.0057124165135957,0.0,1.0,,14.508991973772083
2021-01-20 10:00:10.750,0,-0.0026471695632959,0.0,1.0,,9.315936138402442
2021-01-20 10:00:10.760,0,-0.0008559783065368,0.0,1.0,,6.695145625821545
2021-01-20 10:00:10.770,0,0.0011612280515651,0.0,1.0,,12.417651614315133
2021-01-20 10:00:10.780,0,-0.0001801974157853,0.0,1.0,,11.058954300468773
2021-01-20 10:00:10.790,0,0.0030981558388107,0.0,1.0,,9.663018147950705
2021-01-20 10:00:10.800,0,-0.0003992468324815,0.0,1.0,,8.541740507465168
2021-01-20 10:00:10.810,0,0.0007651013455952,0.0,1.0,,8.716612800452964
2021-01-20 10:00:10.820,0,-0.0010792221992306,0.0,1.0,,7.28498589814693
2021-01-20 10:00:10.830,0,-0.0010481445972009,1.8999884981128643e-08,1.0,,11.520099819244969
2021-01-20 10:00:10.840,0,-0.0018073333192503,3.5530765091640114e-08,1.0,,9.65914716627596
2021-01-20 10:00:10.850,0,0.0069354124079232,4.951959648548081e-08,1.0,,10.992736796319582
2021-01-20 10:00:10.860,0,-0.0035428384470605,6.02711860290081e-08,1.0,,4.6423787000476695
2021-01-20 10:00:10.870,0,0.0017871088272606,7.052687887521945e-08,1.0,,10.538769188417232
2021-01-20 10:00:10.880,0,-0.0006415779188095,7.714446168256531e-08,1.0,,8.4465005019773
2021-01-20 10:00:10.890,0,0.0017683967476557,8.27877160907581e-08,1.0,,10.127873588511772
2021-01-20 10:00:10.900,0,-0.0029085839013698,8.552835417539373e-08,1.0,,7.618330134544106
2021-01-20 10:00:10.910,0,-0.0008167961270693,8.836893477325728e-08,1.0,,11.352645950214825
2021-01-20 10:00:10.920,0,0.0039276247544037,8.930656004135249e-08,1.0,,11.079169001395739
2021-01-20 10:00:10.930,0,0.0015977487983719,8.98408734946041e-08,1.0,,11.266790591578669
2021-01-20 10:00:10.940,0,0.0032399771242196,8.811745653749044e-08,1.0,,8.406326976832144
2021-01-20 10:00:10.950,0,-0.0033294531134278,8.782401814913565e-08,1.0,,10.319527214651348
2021-01-20 10:00:10.960,0,0.0014896454635634,8.579988004077831e-08,1.0,,9.450078692620913
2021-01-20 10:00:10.970,0,-0.0014715203091782,8.322951660492687e-08,1.0,,10.806460396288635
2021-01-20 10:00:10.980,0,0.0014874936673948,8.079007776484883e-08,1.0,,11.905419150158602
2021-01-20 10:00:10.990,0,-0.0042295036884815,7.685243518456356e-08,1.0,,13.327127542037147
2021-01-20 10:00:11.000,0,-0.0004807259560612,7.292688760010458e-08,1.0,,8.51525366357316
2021-01-20 10:00:11.010,0,-0.0018144418861319,6.955074510243148e-08,1.0,,13.73028023068359
2021-01-20 10:00:11.020,0,0.0003178299677255,6.526888438820343e-08,1.0,,11.028429492987222
2021-01-20 10:00:11.030,0,-0.0023510876305391,6.151363625259574e-08,1.0,,8.893204550083404
2021-01-20 10:00:11.040,0,-0.0015093126691916,5.762202917516537e-08,1.0,,8.618371558188645
2021-01-20 10:00:11.050,0,-0.0022779033868247,5.402261512435162e-08,1.0,,15.031893952632977
2021-01-20 10:00:11.060,0,0.0014119684854882,5.003952391834668e-08,1.0,,8.001587803463329
2021-01-20 10:00:11.070,0,-0.002259643022489,4.671622373310953e-08,1.0,,12.656848425038909
2021-01-20 10:00:11.080,0,0.0011525582273651,4.282789544029388e-08,1.0,,8.139525787741656
2021-01-20 10:00:11.090,0,0.0041007808866934,3.92563702225902e-08,1.0,,10.94542044256316
2021-01-20 10:00:11.100,0,-0.0050483755739887,3.5932869868252495e-08,1.0,,7.502183437720065
2021-01-20 10:00:11.110,0,0.0006633264911419,3.2797850638488815e-08,1.0,,9.687368225910868
2021-01-20 10:00:11.120,0,-0.0031594732013612,2.9745979703085528e-08,1.0,,11.974768886975733
2021-01-20 10:00:11.130,0,-8.749603845303849e-05,2.6937061976098608e-08,1.0,,9.272993418883297
2021-01-20 10:00:11.140,0,-0.0021531328254244,2.422567554067369e-08,1.0,,9.33913369421461
2021-01-20 10:00:11.150,0,-0.0090742115035096,2.1441997469055973e-08,1.0,,9.538097815100073
2021-01-20 10:00:11.160,0,0.0018288083762614,1.8999306826729943e-08,1.0,,7.486934168452439
2021-01-20 10:00:11.170,0,-0.0034067623780351,1.7138691376050742e-08,1.0,,7.625848992480002
2021-01-20 10:00:11.180,0,0.0035595125824236,1.501115819847953e-08,1.0,,9.918507298546844
2021-01-20 10:00:11.190,0,0.0027904311508223,1.3113100601827838e-08,1.0,,11.321839723732218
2021-01-20 10:00:11.200,0,0.0013843801789517,1.1427991140656581e-08,1.0,,5.9925327362738905
2021-01-20 10:00:11.210,0,-0.0014209479267923,9.803823715777591e-09,1.0,,8.46027769811876
2021-01-20 10:00:11.220,0,-0.0028954780389819,8.321862083489725e-09,1.0,,4.600588688002484
2021-01-20 10:00:11.230,0,-0.0009883764271186,7.003986278021025e-09,1.0,,9.72143140511145
2021-01-20 10:00:11.240,0,0.0010843676731281,5.8184436256550815e-09,1.0,,9.63947285911009
2021-01-20 10:00:11.250,0,0.0059205690168804,4.7808564480072355e-09,1.0,,9.981707593487695
2021-01-20 10:00:11.260,0,-0.0003498965429579,3.793814480615312e-09,1.0,,11.776366504283553
2021-01-20 10:00:11.270,0,0.0001536278507789,2.943233893383377e-09,1.0,,9.349350714979645
2021-01-20 10:00:11.280,0,0.0047118058218488,2.138294977078303e-09,1.0,,11.486039439971938
2021-01-20 10:00:11.290,0,-0.0009048207340728,1.4971557931604732e-09,1.0,,8.950224285008243
2021-01-20 10:00:11.300,0,-0.0021899299407039,9.140883885493403e-10,1.0,,9.762838164391187
2021-01-20 10:00:11.310,0,-0.0002590882874776,3.945552475812964e-10,1.0,,10.072635742873064
2021-01-20 10:00:11.320,0,-0.0003170665296045,0.0,1.0,,9.539340862092768
2021-01-20 10:00:11.330,0,-0.0017074464708231,0.0,1.0,,8.696047791280662
2021-01-20 10:00:11.340,0,-0.0057787794687727,0.0,1.0,,8.872729621427057
2021-01-20 10:00:11.350,0,0.003358580371115,0.0,1.0,,10.150251612096731
2021-01-20 10:00:11.360,0,-0.0022628319876234,0.0,1.0,,8.383219179631006
2021-01-20 10:00:11.370,0,-0.001741994173611,0.0,1.0,,6.744686896582744
2021-01-20 10:00:11.380,0,-0.0002888952995729,0.0,1.0,,11.61165421447839
2021-01-20 10:00:11.390,0,-0.0004296152934258,0.0,1.0,,8.401521844404316
2021-01-20 10:00:11.400,0,0.0013848843400178,0.0,1.0,,9.164159985041968
2021-01-20 10:00:11.410,0,0.0059481046639218,0.0,1.0,,13.402586645337447
2021-01-20 10:00:11.420,0,0.0003810188245024,0.0,1.0,,12.198571608095968
2021-01-20 10:00:11.430,0,-0.0082326774334671,0.0,1.0,,8.894338775715136
2021-01-20 10:00:11.440,0,0.0060127434930984,0.0,1.0,,7.616950576669319
2021-01-20 10:00:11.450,0,-0.0019553053310034,0.0,1.0,,11.220206436305025
2021-01-20 10:00:11.460,0,0.0037474679390946,0.0,1.0,,9.229611448007327
2021-01-20 10:00:11.470,0,-0.0013650935900353,0.0,1.0,,9.458541601137386
2021-01-20 10:00:11.480,0,-0.0056624556639124,0.0,1.0,,9.916615375773839
2021-01-20 10:00:11.490,0,-0.0028922681492836,0.0,1.0,,10.646591453903415
2021-01-20 10:00:11.500,0,0.0036652579976596,0.0,1.0,,11.551494163779967
2021-01-20 10:00:11.510,0,0.0020020608054559,0.0,1.0,,7.642770529290715
2021-01-20 10:00:11.520,0,0.0003441104588952,0.0,1.0,,10.326127343375543
2021-01-20 10:00:11.530,0,0.0002409905965891,0.0,1.0,,12.991112872911362
2021-01-20 10:00:11.540,0,-0.0023848344847328,0.0,1.0,,12.816141410541494
2021-01-20 10:00:11.550,0,-0.0034968827005125,0.0,1.0,,11.154842590903629
2021-01-20 10:00:11.560,0,-0.0008816138317804,0.0,1.0,,12.948630524272245
2021-01-20 10:00:11.570,0,0.002944661694647,0.0,1.0,,13.43112218500838
2021-01-20 10:00:11.580,0,-0.0002668670677665,0.0,1.0,,6.763430397997093
2021-01-20 10:00:11.590,0,0.0005621633461626,0.0,1.0,,10.691227573523504
2021-01-20 10:00:11.600,0,-0.0036429553678381,0.0,1.0,,8.166787699640064
2021-01-20 10:00:11.610,0,0.0038171813376379,0.0,1.0,,12.727206104018473
2021-01-20 10:00:11.620,0,-0.0015227476870659,0.0,1.0,,10.430372592487634
2021-01-20 10:00:11.630,0,0.0012212831560382,0.0,1.0,,9.666111576287957
2021-01-20 10:00:11.640,0,-0.0007638928389111,0.0,1.0,,9.898615658611897
2021-01-20 10:00:11.650,0,-0.0054817749966092,0.0,1.0,,8.951443766288309
2021-01-20 10:00:11.660,0,-0.0005955925222681,0.0,1.0,,9.969023196251447
2021-01-20 10:00:11.670,0,0.0049311214429563,0.0,1.0,,8.502825186141804
2021-01-20 10:00:11.680,0,0.0032790842572145,0.0,1.0,,11.023065175213471
2021-01-20 10:00:11.690,0,-0.0014291609520531,0.0,1.0,,10.308829099518261
2021-01-20 10:00:11.700,0,0.0024029337295088,0.0,1.0,,9.247623106270147
2021-01-20 10:00:11.710,0,-0.0009688659607062,0.0,1.0,,10.723213038203555
2021-01-20 10:00:11.720,0,-0.0010546742372927,0.0,1.0,,9.908507035349704
2021-01-20 10:00:11.730,0,-0.0047001544366331,0.0,1.0,,10.176981476012728
2021-01-20 10:00:11.740,0,-0.0033130649525171,0.0,1.0,,12.38146358499815
2021-01-20 10:00:11.750,0,0.0024158047874046,0.0,1.0,,12.005941225737455
2021-01-20 10:00:11.760,0,-0.0038050235248846,0.0,1.0,,9.373918072978055
2021-01-20 10:00:11.770,0,0.0038656685512362,0.0,1.0,,9.6001913681693
2021-01-20 10:00:11.780,0,-0.0006198408075209,0.0,1.0,,11.736225872482459
2021-01-20 10:00:11.790,0,0.0026570738699876,0.0,1.0,,11.405066050201187
2021-01-20 10:00:11.800,0,0.0046980310070429,0.0,1.0,,11.044455971002074
2021-01-20 10:00:11.810,0,-0.0006717817866507,0.0,1.0,,10.9950501235336
2021-01-20 10:00:11.820,0,0.0012525837752064,2.188676492090419e-12,1.0,,7.64152491579084
2021-01-20 10:00:11.830,0,-0.0026382021236402,9.491926986052816e-12,1.0,,9.6404831414476
2021-01-20 10:00:11.840,0,-0.0006513782074117,1.5720836302985046e-11,1.0,,10.218076940288219
2021-01-20 10:00:11.850,0,-0.0024960001273597,2.0789114206558013e-11,1.0,,11.976610731575398
2021-01-20 10:00:11.860,0,0.0042851077309192,2.459646450910648e-11,1.0,,13.845398679350865
2021-01-20 10:00:11.870,0,-0.0042716245786576,2.8318786609697823e-11,1.0,,6.203853160928608
2021-01-20 10:00:11.880,0,0.0038520539342199,3.121952060587297e-11,1.0,,9.797649871859454
2021-01-20 10:00:11.890,0,0.0044682944723447,3.2911136796956805e-11,1.0,,9.588931911415333
2021-01-20 10:00:11.900,0,-0.0011903504734659,3.4174207382300353e-11,1.0,,14.424546645166028
2021-01-20 10:00:11.910,0,-0.0026873416527501,3.478724956714339e-11,1.0,,6.0358840020855205
2021-01-20 10:00:11.920,0,0.0039220133384239,3.5255357316380207e-11,1.0,,10.033670056732412
2021-01-20 10:00:11.930,0,-0.0032739253002628,3.561092765001869e-11,1.0,,8.514464403621961
2021-01-20 10:00:11.940,0,0.006763520445446,3.498274088749575e-11,1.0,,4.52094610690069
2021-01-20 10:00:11.950,0,0.0002249968544261,3.438211128065838e-11,1.0,,10.988629944401252
2021-01-20 10:00:11.960,0,-0.0017413367719279,3.345275166344349e-11,1.0,,9.696012650928012
2021-01-20 10:00:11.970,0,-0.0020928341273428,3.2389651660712475e-11,1.0,,13.072656088051476
2021-01-20 10:00:11.980,0,0.0057543271027439,3.1226104389059346e-11,1.0,,13.581155692740591
2021-01-20 10:00:11.990,0,0.0029558962870847,3.0141544700159525e-11,1.0,,12.475523731878198
2021-01-20 10:00:12.000,0,0.0043879219748054,2.8579936994254887e-11,1.0,,11.090833371154506
2021-01-20 10:00:12.010,0,-0.0027581321543488,2.706004205440753e-11,1.0,,10.731733449050001
2021-01-20 10:00:12.020,0,-0.0001365020526823,2.5865715052748644e-11,1.0,,5.931507828766243
2021-01-20 10:00:12.030,0,0.0028768948741428,2.413234660376973e-11,1.0,,7.939483367916916
2021-01-20 10:00:12.040,0,0.0044318067862291,2.2569584241444558e-11,1.0,,11.437078803422061
2021-01-20 10:00:12.050,0,0.001446605877597,2.1103704371381518e-11,1.0,,7.018600652770364
2021-01-20 10:00:12.060,0,-0.0009746860069981,1.9786130038392547e-11,1.0,,9.712215338991763
2021-01-20 10:00:12.070,0,-0.0003637092808092,1.825652290113286e-11,1.0,,7.631751882692337
2021-01-20 10:00:12.080,0,-0.0016737303604181,1.6758584069404126e-11,1.0,,13.215580511127667
2021-01-20 10:00:12.090,0,0.0014440068703406,1.5471980141865474e-11,1.0,,8.948830787122256
2021-01-20 10:00:12.100,0,0.0033669119590357,1.419164658139841e-11,1.0,,8.278813129841497
2021-01-20 10:00:12.110,0,0.0004816545772365,1.2932363052968324e-11,1.0,,13.494534033920388
2021-01-20 10:00:12.120,0,0.0024933700257286,1.16892412030937e-11,1.0,,11.057673667377012
2021-01-20 10:00:12.130,0,-0.0023787663529128,1.0542488424570399e-11,1.0,,11.051524908290668
2021-01-20 10:00:12.140,0,0.0018262154610883,9.443145260717758e-12,1.0,,15.581011050461747
2021-01-20 10:00:12.150,0,-0.0014716846185212,8.457069658190617e-12,1.0,,13.840663720581311
2021-01-20 10:00:12.160,0,-3.323219617916361e-05,7.534124695362218e-12,1.0,,11.458622424652871
2021-01-20 10:00:12.170,0,-0.0075357950451885,6.692678457620041e-12,1.0,,10.145677774079907
2021-01-20 10:00:12.180,0,-0.0023350323090881,5.8346461387490716e-12,1.0,,6.339263838804673
2021-01-20 10:00:12.190,0,-0.0029854227545411,5.135303537161161e-12,1.0,,8.572110227238486
2021-01-20 10:00:12.200,0,0.0017095010682022,4.365540618978267e-12,1.0,,11.787334744962319
2021-01-20 10:00:12.210,0,0.0003461622206749,3.7910091767541746e-12,1.0,,8.0719043948756
2021-01-20 10:00:12.220,0,-0.0028139732198569,3.224224610261397e-12,1.0,,11.352132819100936
2021-01-20 10:00:12.230,0,-0.0030301993236885,2.707792868652481e-12,1.0,,9.303217243442484
2021-01-20 10:00:12.240,0,0.0015549876735407,2.2201773092245752e-12,1.0,,10.58533966808063
2021-01-20 10:00:12.250,0,0.0024793372194403,1.8118154043114857e-12,1.0,,9.92419382992056
2021-01-20 10:00:12.260,0,-0.0045471300725524,1.4318920751871073e-12,1.0,,7.246264779690479
2021-01-20 10:00:12.270,0,0.000409354834396,1.0954066433730865e-12,1.0,,9.083728449019874
2021-01-20 10:00:12.280,0,-0.0008733138379947,7.936421891788243e-13,1.0,,10.653060589775055
2021-01-20 10:00:12.290,0,0.0110068347534982,5.274549769242951e-13,1.0,,12.05152507825358
2021-01-20 10:00:12.300,0,-0.0051763857760219,3.0236332931981306e-13,1.0,,8.968398695828519
2021-01-20 10:00:12.310,0,0.000537885162724,1.0232479918745593e-13,1.0,,8.822537134705458
2021-01-20 10:00:12.320,0,-0.0026486648670361,0.0,1.0,,11.96774581550886
2021-01-20 10:00:12.330,0,0.0033058927777154,0.0,1.0,,11.128806413941586
2021-01-20 10:00:12.340,0,0.004911601784739,0.0,1.0,,10.102246202282812
2021-01-20 10:00:12.350,0,-0.0026975752740147,0.0,1.0,,11.122638838741219
2021-01-20 10:00:12.360,0,0.0051418382750734,0.0,1.0,,11.593555476731114
2021-01-20 10:00:12.370,0,0.001154087798236,0.0,1.0,,9.956801539430778
2021-01-20 10:00:12.380,0,0.0045189157147978,0.0,1.0,,10.143216310708693
2021-01-20 10:00:12.390,0,-0.0041651467085935,0.0,1.0,,6.524009497187393
2021-01-20 10:00:12.400,0,0.000910404854233,0.0,1.0,,7.986161414114262
2021-01-20 10:00:12.410,0,-0.0035562415568609,0.0,1.0,,9.490136151369596
2021-01-20 10:00:12.420,0,-0.0020878365280331,0.0,1.0,,8.572159327608814
2021-01-20 10:00:12.430,1,0.0029051994630115,0.0,1.0,,8.641449269042829
2021-01-20 10:00:12.440,1,-0.0016122825272784,0.0,1.0,,10.08120451126803
2021-01-20 10:00:12.450,1,0.0009926226155028,0.0,1.0,,13.016523563185132
2021-01-20 10:00:12.460,1,-0.0015693722473062,0.0,1.0,,7.431828922759552
2021-01-20 10:00:12.470,1,0.0041511393817346,0.0,1.0,,10.921773744492725
2021-01-20 10:00:12.480,1,0.0001111215793799,0.0,1.0,,6.49206770642509
2021-01-20 10:00:12.490,1,-0.0024572998313603,0.0,1.0,,9.470699061051038
2021-01-20 10:00:12.500,1,-0.00406873648034,0.0,1.0,,8.419809336082006
2021-01-20 10:00:12.510,1,0.0025090289921932,0.0,1.0,,11.204838880612822
2021-01-20 10:00:12.520,1,-0.0015631247471715,0.0,1.0,,10.720857572983096
2021-01-20 10:00:12.530,1,0.0067817501091499,0.0585231591141331,1.0,,50.87922076773669
2021-01-20 10:00:12.540,1,0.0078599081323709,6.659670564936576,1.0,,8059.546234556328
2021-01-20 10:00:12.550,1,0.0264388891052109,23.12281263844456,1.0,,31667.351204595732
2021-01-20 10:00:12.560,1,0.0451769809206347,47.77128310905236,1.0,,70332.27005654539
2021-01-20 10:00:12.570,1,0.0765717298434764,78.88418034135127,1.0,,122104.24404510955
2021-01-20 10:00:12.580,1,0.0887663472515357,117.1668184711292,1.0,,188673.18093371132
2021-01-20 10:00:12.590,1,0.1688045966411898,158.50136767168212,0.0,,263067.63255489763
2021-01-20 10:00:12.600,1,0.234707379890571,205.95251522724297,0.0,,350888.7034822852
2021-01-20 10:00:12.610,1,0.2276722685040636,259.27690309651337,0.0,,452023.53844787687
2021-01-20 10:00:12.620,1,0.3319639524102375,313.865025706177,0.0,,557747.4704962842
2021-01-20 10:00:12.630,1,0.3164026053285793,373.2973759221375,0.0,,674959.5451787704
2021-01-20 10:00:12.640,1,0.3364824540071138,432.9062149133494,0.0,,794415.842030162
2021-01-20 10:00:12.650,1,0.4947439023791624,495.32515773310587,0.0,,921288.0126441936
2021-01-20 10:00:12.660,1,0.4898352795892527,552.7268762959279,0.0,,1039379.8013424857
2021-01-20 10:00:12.670,1,0.6078371178841978,612.9810810083319,0.0,,1164679.3310139328
2021-01-20 10:00:12.680,1,0.5803407797251211,673.4720247517646,0.0,,1291708.0262828467
2021-01-20 10:00:12.690,1,0.5589437167974212,732.5657599693709,0.0,,1416911.8255975158
2021-01-20 10:00:12.700,1,0.6424114412614362,787.4098426383058,0.0,,1534022.4379823385
2021-01-20 10:00:12.710,1,0.907182323304936,841.4192683535249,0.0,,1650165.9181996298
2021-01-20 10:00:12.720,1,0.7987049042435712,890.8477036821533,0.0,,1757098.1389601643
2021-01-20 10:00:12.730,1,0.7598267747401983,942.1081271408092,0.0,,1868621.8649046167
2021-01-20 10:00:12.740,1,0.7089078322361836,990.3637686192858,0.0,,1974168.8046488243
2021-01-20 10:00:12.750,1,1.0839583632864729,1039.7351230312984,0.0,,2082706.2134064422
2021-01-20 10:00:12.760,1,0.8932679217263574,1077.3511729517888,0.0,,2165724.9614776745
2021-01-20 10:00:12.770,1,1.0733101667215494,1112.4421485630908,0.0,,2243459.002407627
2021-01-20 10:00:12.780,1,1.02120911108222,1145.6639213489227,0.0,,2317258.489054964
2021-01-20 10:00:12.790,1,0.9164061394868912,1194.3798362523833,0.0,,2425861.8786738203
2021-01-20 10:00:12.800,1,1.0853795684658891,1219.2422788672254,0.0,,2481474.7168512554
2021-01-20 10:00:12.810,1,1.2336713068222989,1250.1444748889237,0.0,,2550755.0082324874
2021-01-20 10:00:12.820,1,1.1757616966563915,1262.7569768415142,0.0,,2579071.562968241
2021-01-20 10:00:12.830,1,0.8411673596622994,1295.7985049642846,0.0,,2653378.505165758
2021-01-20 10:00:12.840,1,1.2568694815514572,1318.9441005439237,0.0,,2705582.88493097
2021-01-20 10:00:12.850,1,1.016009878990611,1343.7299976573229,0.0,,2761549.705731866
2021-01-20 10:00:12.860,1,0.994846983958788,1355.6145440142654,0.0,,2788425.3189421506
2021-01-20 10:00:12.870,1,1.2387650023014332,1373.515805770733,0.0,,2828969.947379666
2021-01-20 10:00:12.880,1,1.2458672902520966,1403.2678611450235,0.0,,2896445.6015091403
2021-01-20 10:00:12.890,1,1.1548796550879528,1408.1785941892824,0.0,,2907595.0374157825
2021-01-20 10:00:12.900,1,1.1215088283530408,1419.116702335588,0.0,,2932441.2367116692
2021-01-20 10:00:12.910,1,0.958876240496987,1436.8814605423431,0.0,,2972840.4400442927
2021-01-20 10:00:12.920,1,1.1246245788515892,1432.4219296606143,0.0,,2962699.1101606293
2021-01-20 10:00:12.930,1,0.9324693512421184,1446.7380150876902,0.0,,2995280.04278562
2021-01-20 10:00:12.940,1,0.8519485312119588,1453.0534760916464,0.0,,3009660.191089341
2021-01-20 10:00:12.950,1,0.9248846747109218,1457.9946754089412,0.0,,3020924.470733519
2021-01-20 10:00:12.960,1,0.8948517413284319,1468.509981667135,0.0,,3044894.006321496
2021-01-20 10:00:12.970,1,1.1745121503577107,1479.727052014024,0.0,,3070507.481880686
2021-01-20 10:00:12.980,1,1.0992976867238795,1478.7536381542816,0.0,,3068278.6919906903
2021-01-20 10:00:12.990,1,1.0459711199351458,1481.0364659546551,0.0,,3073485.1958418833
2021-01-20 10:00:13.000,1,1.1458889875193774,1472.6450755131327,0.0,,3054340.973896668
2021-01-20 10:00:13.010,1,1.132677228006027,1486.900312164349,0.0,,3086878.2780889776
2021-01-20 10:00:13.020,1,0.8799452474336285,1479.5906020528998,0.0,,3070174.4684056863
2021-01-20 10:00:13.030,1,1.0196599540792757,1483.1662784302594,0.0,,3078345.967674083
2021-01-20 10:00:13.040,1,0.873704345097256,1465.701227398761,0.0,,3038487.4599694256
2021-01-20 10:00:13.050,1,1.0950068795334642,1473.2233314434975,0.0,,3055657.395483625
2021-01-20 10:00:13.060,1,1.123934220480289,1468.7583596320749,0.0,,3045476.69456852
2021-01-20 10:00:13.070,1,0.8257360814786902,1481.8553273487164,0.0,,3075340.9284891253
2021-01-20 10:00:13.080,1,0.9252885167898062,1466.380822798168,0.0,,3040041.3736445294
2021-01-20 10:00:13.090,1,0.8540898692659894,1477.8666008065695,0.0,,3066240.3394803978
2021-01-20 10:00:13.100,1,1.057199998975129,1468.8377384034409,0.0,,3045650.8982829833
2021-01-20 10:00:13.110,1,0.8320264763164645,1467.0266661183316,0.0,,3041514.375740974
2021-01-20 10:00:13.120,1,1.0032566892149513,1464.1336678849548,0.0,,3034922.6861565616
2021-01-20 10:00:13.130,1,1.235108850999551,1469.6579910229627,0.0,,3047529.8378603333
2021-01-20 10:00:13.140,1,1.2316309594635602,1468.750141999281,0.0,,3045459.428951033
2021-01-20 10:00:13.150,1,1.162745560552594,1460.800442317124,0.0,,3027328.2188082794
2021-01-20 10:00:13.160,1,1.1518798577624008,1460.6414715966453,0.0,,3026969.3995278752
2021-01-20 10:00:13.170,1,1.0505722661018964,1442.2479455716327,0.0,,2985058.492046942
2021-01-20 10:00:13.180,1,1.218254268528102,1469.236205637585,0.0,,3046570.168943448
2021-01-20 10:00:13.190,1,1.2465920488354425,1461.8152097838324,0.0,,3029647.116480477
2021-01-20 10:00:13.200,1,0.8780168316449677,1438.9739068865665,0.0,,2977597.002755757
2021-01-20 10:00:13.210,1,0.8815955265480553,1431.958704612427,0.0,,2961635.730660865
2021-01-20 10:00:13.220,1,0.9045832262211896,1445.4004982170572,0.0,,2992236.265603901
2021-01-20 10:00:13.230,1,0.8921392466634146,1425.731688214256,0.0,,2947470.1051087
2021-01-20 10:00:13.240,1,1.2824353912010509,1424.6936061969454,0.0,,2945129.965350757
2021-01-20 10:00:13.250,1,1.2195932470566642,1427.3666089513065,0.0,,2951208.647848027
2021-01-20 10:00:13.260,1,1.2966076669908153,1424.2023125829912,0.0,,2944015.324779756
2021-01-20 10:00:13.270,1,0.907263065446804,1411.9969328011746,0.0,,2916252.3945190017
2021-01-20 10:00:13.280,1,1.31211222215046,1430.5085316936036,0.0,,2958358.949303758
2021-01-20 10:00:13.290,1,1.3815253739518336,1413.125798693011,0.0,,2918844.078320451
2021-01-20 10:00:13.300,1,1.2528505548121422,1432.5459686972656,0.0,,2962987.242105544
2021-01-20 10:00:13.310,1,1.1275227072663323,1422.2613207371514,0.0,,2939593.7612773585
2021-01-20 10:00:13.320,1,1.070246508586804,1425.8835924150603,0.0,,2947824.505593384
2021-01-20 10:00:13.330,1,1.3893996093387857,1418.6193833370826,0.0,,2931327.447930276
2021-01-20 10:00:13.340,1,1.2835857286920993,1426.3599283646986,0.0,,2948919.7327942774
2021-01-20 10:00:13.350,1,1.44708628513293,1421.7713331092352,0.0,,2938494.377825566
2021-01-20 10:00:13.360,1,0.99439838557863,1402.6525286806257,0.0,,2895032.8237942206
2021-01-20 10:00:13.370,1,1.4228582737193711,1423.7348208267506,0.0,,2942959.179235845
2021-01-20 10:00:13.380,0,1.4429757836406598,1408.000858388073,0.0,,2907206.7191785094
2021-01-20 10:00:13.390,0,1.0402734664470334,1411.6454150310003,0.0,,2915462.6115792375
2021-01-20 10:00:13.400,0,1.4531708758713555,1417.2337181859025,0.0,,2928182.0082323295
2021-01-20 10:00:13.410,0,1.336714791211728,1425.0480759230786,0.0,,2945939.496362052
2021-01-20 10:00:13.420,0,1.0431708913842948,1409.4853619582157,0.0,,2910557.279857737
2021-01-20 10:00:13.430,0,1.2207974734387452,1421.2045017690516,0.0,,2937193.7256686063
2021-01-20 10:00:13.440,0,1.420687869941642,1424.0900478085864,0.0,,2943764.819316203
2021-01-20 10:00:13.450,0,1.2255145856421816,1417.6497297333583,0.0,,2929117.6422013007
2021-01-20 10:00:13.460,0,1.4989399733976465,1420.6723765378629,0.0,,2936000.5631975783
2021-01-20 10:00:13.470,0,1.2769556203715111,1413.4866124660944,0.0,,2919656.819403333
2021-01-20 10:00:13.480,0,1.428904061831061,1400.6396846460293,0.0,,2890489.066874459
2021-01-20 10:00:13.490,0,1.330302571684137,1419.191191286308,0.0,,2932620.6850013356
2021-01-20 10:00:13.500,0,1.3060247123609,1390.2838883211984,0.0,,2866985.83593476
2021-01-20 10:00:13.510,0,1.1433710751341826,1357.6017146681402,0.0,,2792929.6219276013
2021-01-20 10:00:13.520,0,1.2756643668911096,1336.227379107634,0.0,,2744604.5374719086
2021-01-20 10:00:13.530,0,1.4089458567015405,1282.5628553073684,0.0,,2623614.917328749
2021-01-20 10:00:13.540,0,1.0911115397140243,1233.2209021205838,0.0,,2512788.0089542335
2021-01-20 10:00:13.550,0,0.9072283325106336,1176.2936603812475,0.0,,2385488.0299546677
2021-01-20 10:00:13.560,0,1.1572014266738058,1114.0114388270897,0.0,,2246944.054043906
2021-01-20 10:00:13.570,0,1.0076549507697103,1058.6877568322343,0.0,,2124498.946839939
2021-01-20 10:00:13.580,0,0.8769227910791068,989.605570584872,0.0,,1972511.433211739
2021-01-20 10:00:13.590,0,0.7089804754448424,939.7204516314343,0.0,,1863411.7595917832
2021-01-20 10:00:13.600,0,0.8608049397496582,873.5124758008928,0.0,,1719527.3990663006
2021-01-20 10:00:13.610,0,0.8515110151569619,808.5866896728387,0.0,,1579479.2510829102
2021-01-20 10:00:13.620,0,0.5821901529149731,757.180637952731,0.0,,1469369.4931997939
2021-01-20 10:00:13.630,0,0.5796856305974986,696.4171896315146,0.0,,1340196.1378112936
2021-01-20 10:00:13.640,0,0.4675621291687085,638.2086020281953,0.0,,1217505.1283672026
2021-01-20 10:00:13.650,0,0.4740043525990812,584.6761437594563,0.0,,1105654.7487359957
2021-01-20 10:00:13.660,0,0.4727484157732934,535.8673474420841,0.0,,1004563.8539176548
2021-01-20 10:00:13.670,0,0.4296480000708837,482.3015512147869,0.0,,894671.6461489017
2021-01-20 10:00:13.680,0,0.4464490961447129,439.5432976841577,0.0,,807830.2991824237
2021-01-20 10:00:13.690,0,0.3811934555407267,398.02208638255655,0.0,,724294.7097869482
2021-01-20 10:00:13.700,0,0.3027081863475864,353.7618998369336,0.0,,636209.0778788334
2021-01-20 10:00:13.710,0,0.237916854829904,316.7973006342558,0.0,,563475.5517924253
2021-01-20 10:00:13.720,0,0.2341355200711699,282.20481606647667,0.0,,496182.2768926369
2021-01-20 10:00:13.730,0,0.21752964363316,248.99251715633045,0.0,,432340.3071496633
2021-01-20 10:00:13.740,0,0.1536224377384474,217.491390568868,0.0,,372568.5990233037
2021-01-20 10:00:13.750,0,0.1463610922114583,187.35049023462253,0.0,,316184.4256928647
2021-01-20 10:00:13.760,0,0.1099088082600997,162.66873721003677,1.0,,270683.5686818709
2021-01-20 10:00:13.770,0,0.1291840113683545,137.49333552972232,1.0,,224979.7038403086
2021-01-20 10:00:13.780,0,0.1019838529871359,116.35188587721028,1.0,,187231.88356793523
2021-01-20 10:00:13.790,0,0.0588772871226736,96.78875205315342,1.0,,152911.54381017582
2021-01-20 10:00:13.800,0,0.080847361571886,79.3572036070916,1.0,,122913.30249213599
2021-01-20 10:00:13.810,0,0.053066631097081,62.8136006657071,1.0,,95042.30675373982
2021-01-20 10:00:13.820,0,0.0449460182886313,48.75652171639842,1.0,,71931.68787157176
2021-01-20 10:00:13.830,0,0.0330210706490945,36.60667150670068,1.0,,52481.3975175916
2021-01-20 10:00:13.840,0,0.0223585944167862,25.51755007032852,1.0,,35292.79749307287
2021-01-20 10:00:13.850,0,0.0115539658187645,15.79772566285348,2.0,,20829.248959461813
2021-01-20 10:00:13.860,0,0.0050382124473988,7.378324165690718,2.0,,9018.58481591605
2021-01-20 10:00:13.870,0,-0.0002505390847807,0.1243219862178963,2.0,,108.66464745730701
2021-01-20 10:00:13.880,0,-0.0132033980712399,0.0,2.0,,8.471015588467512
2021-01-20 10:00:13.890,0,-0.008824766097648,0.0,2.0,,10.256366769762346
2021-01-20 10:00:13.900,0,-0.0120035469704339,0.0,2.0,,9.681458086649231
2021-01-20 10:00:13.910,0,-0.018056883320059,0.0,2.0,,9.229963884180323
2021-01-20 10:00:13.920,0,-0.0174772318427189,0.0,2.0,,15.39705547308408
2021-01-20 10:00:13.930,0,-0.0162313728806441,0.0,2.0,,14.580326833758285
2021-01-20 10:00:13.940,0,-0.0259640841583665,0.0,2.0,,12.320781369990062
2021-01-20 10:00:13.950,0,-0.0180063376734997,0.0,2.0,,10.405505115722965
2021-01-20 10:00:13.960,0,-0.0210705763563024,0.0,2.0,,9.000083154618476
2021-01-20 10:00:13.970,0,-0.0204949562584969,0.0,2.0,,12.764220467148185
2021-01-20 10:00:13.980,0,-0.0185426535947604,0.0,2.0,,12.56181622075858
2021-01-20 10:00:13.990,0,-0.026389864689402,0.0,2.0,,6.8082908011525145
2021-01-20 10:00:14.000,0,-0.0222212948147411,0.0,2.0,,9.619086474443197
2021-01-20 10:00:14.010,0,-0.0187741967514485,0.0,2.0,,6.1887912073091655
2021-01-20 10:00:14.020,1,-0.0251825081300199,0.0,2.0,,15.326051058310295
2021-01-20 10:00:14.030,1,-0.0138340460623586,0.0,2.0,,10.33331133644379
2021-01-20 10:00:14.040,1,-0.0208459944773251,0.0,2.0,,7.945070143495988
2021-01-20 10:00:14.050,1,-0.0159016594537878,0.0,2.0,,6.022655318908521
2021-01-20 10:00:14.060,1,-0.0152496943601875,0.0,2.0,,12.104612044216509
2021-01-20 10:00:14.070,1,-0.0112935442996298,0.0,2.0,,12.228062029293863
2021-01-20 10:00:14.080,1,-0.0202748297530055,0.0,2.0,,7.2131740623633664
2021-01-20 10:00:14.090,1,-0.0169240136630834,0.0,2.0,,9.586816142225294
2021-01-20 10:00:14.100,1,-0.0141562667242946,0.0,2.0,,7.032035214459414
2021-01-20 10:00:14.110,1,-0.0085671147437754,0.0,2.0,,9.834390681599366
2021-01-20 10:00:14.120,1,-0.000332035978069,0.0,2.0,,10.87412667190655
2021-01-20 10:00:14.130,1,-0.0017317253934187,0.0,2.0,,10.412599826294079
2021-01-20 10:00:14.140,1,0.0065041513730694,10.194923819990166,2.0,,12870.249609870405
2021-01-20 10:00:14.150,1,0.0190754838746402,29.005202989184536,2.0,,40632.00021167176
2021-01-20 10:00:14.160,1,0.0365245087054585,51.28007345165541,2.0,,76036.7614068385
2021-01-20 10:00:14.170,1,0.0497962184480387,75.82181899122305,2.0,,116901.50339604118
2021-01-20 10:00:14.180,1,0.0628367563333869,104.29066193482517,2.0,,166000.74333292872
2021-01-20 10:00:14.190,1,0.1018021763577449,135.18175151808884,1.0,,220822.83652888797
2021-01-20 10:00:14.200,1,0.1128370709097627,170.61681525180808,1.0,,285267.8690732617
2021-01-20 10:00:14.210,1,0.1744900929376139,211.1581075220399,1.0,,360654.5531672713
2021-01-20 10:00:14.220,1,0.1363484068119346,252.9719627180073,1.0,,439941.94444905146
2021-01-20 10:00:14.230,1,0.1834715013679283,298.9911600870087,1.0,,528734.5981622112
2021-01-20 10:00:14.240,1,0.2248871440097828,344.22486730470024,0.0,,617360.247193695
2021-01-20 10:00:14.250,1,0.3252472995667069,392.9876310738922,0.0,,714222.2687040825
2021-01-20 10:00:14.260,1,0.2733138943697588,445.8655147191783,0.0,,820611.7677434441
2021-01-20 10:00:14.270,1,0.3623835511794003,502.8588632441578,0.0,,936703.2936332317
2021-01-20 10:00:14.280,1,0.3650412797589378,556.6901906714112,0.0,,1047578.4084615544
2021-01-20 10:00:14.290,1,0.3834973578906995,610.3465293617597,0.0,,1159167.3937575414
2021-01-20 10:00:14.300,1,0.3997139425746391,663.4768806505739,0.0,,1270629.8317170152
2021-01-20 10:00:14.310,1,0.5857358195043777,725.4753004592147,0.0,,1401837.08465257
2021-01-20 10:00:14.320,1,0.4855144972806732,768.9454000612617,0.0,,1494494.9143800363
2021-01-20 10:00:14.330,1,0.6362555808645354,829.0264506554898,0.0,,1623439.1994700367
2021-01-20 10:00:14.340,1,0.5934608424876522,884.5694022116669,0.0,,1743474.6647579027
2021-01-20 10:00:14.350,1,0.7622165804626225,931.0973934538212,0.0,,1844618.305579159
2021-01-20 10:00:14.360,1,0.6912267184514189,973.143227358798,0.0,,1936443.4662087907
2021-01-20 10:00:14.370,1,0.5837684470965874,1021.0036587789864,0.0,,2041446.7651650351
2021-01-20 10:00:14.380,1,0.8645891553892805,1061.0986857628118,0.0,,2129816.2499173554
2021-01-20 10:00:14.390,1,0.7896126464632903,1099.3153652637425,0.0,,2214337.322419627
2021-01-20 10:00:14.400,1,0.7970174517635649,1143.7402110702265,0.0,,2312967.6818475244
2021-01-20 10:00:14.410,1,0.7483589120309192,1174.3100681646092,0.0,,2381053.1070222147
2021-01-20 10:00:14.420,1,0.8916400706170583,1212.218027210574,0.0,,2465745.6506571015
2021-01-20 10:00:14.430,1,0.8136556170686073,1240.4485840020884,0.0,,2528979.0841566226
2021-01-20 10:00:14.440,1,0.948584350680454,1266.3520676599087,0.0,,2587137.782096726
2021-01-20 10:00:14.450,1,0.872698585702014,1291.0430988579485,0.0,,2642672.740814963
2021-01-20 10:00:14.460,1,0.7434567853820039,1329.889505675653,0.0,,2730264.8849910344
2021-01-20 10:00:14.470,1,1.0237188853507455,1333.314448948904,0.0,,2738011.916358763
2021-01-20 10:00:14.480,1,0.7501001677606445,1355.7927204103275,0.0,,2788814.809645053
2021-01-20 10:00:14.490,1,0.8207442394479931,1381.1406783402483,0.0,,2846225.9843428484
2021-01-20 10:00:14.500,1,0.8474187167327426,1401.101262735672,0.0,,2891509.454608292
2021-01-20 10:00:14.510,1,1.113990897621204,1412.820956211866,0.0,,2918136.928837893
2021-01-20 10:00:14.520,1,0.7917169339381344,1434.1647565404537,0.0,,2966648.200087501
2021-01-20 10:00:14.530,1,1.0951704351664242,1432.170310137279,0.0,,2962127.2342517367
2021-01-20 10:00:14.540,1,0.9684472606922092,1443.7271957818657,0.0,,2988422.716948468
2021-01-20 10:00:14.550,1,1.0001693675467498,1456.5847049563226,0.0,,3017715.0688764127
2021-01-20 10:00:14.560,1,0.7890985756292201,1462.6282965284795,0.0,,3031473.451058589
2021-01-20 10:00:14.570,1,1.0510568408507412,1460.3312920181122,0.0,,3026255.9158103527
2021-01-20 10:00:14.580,1,0.9032970476108592,1467.6512946396874,0.0,,3042934.4388364684
2021-01-20 10:00:14.590,1,0.969722518070468,1471.1673317425275,0.0,,3050954.9344971324
2021-01-20 10:00:14.600,1,1.0282352946687752,1474.6957487269062,0.0,,3059013.3122845935
2021-01-20 10:00:14.610,1,1.1174056963522103,1475.1233956314152,0.0,,3059993.58009992
2021-01-20 10:00:14.620,1,0.7830996591527019,1480.8305925698544,0.0,,3073003.470454667
2021-01-20 10:00:14.630,1,1.0191437043074094,1474.6099057225808,0.0,,3058820.172527339
2021-01-20 10:00:14.640,1,0.9063607484701104,1480.335217272602,0.0,,3071877.595283028
2021-01-20 10:00:14.650,1,1.110484395184759,1502.086324562998,0.0,,3121572.219960007
2021-01-20 10:00:14.660,1,1.0190189593160834,1485.3864688669155,0.0,,3083416.132377877
2021-01-20 10:00:14.670,1,1.1143037633930988,1481.8884711515393,0.0,,3075429.4730049246
2021-01-20 10:00:14.680,1,0.9210901978823296,1500.9239238116238,0.0,,3118906.5268504275
2021-01-20 10:00:14.690,1,0.8769540255626065,1489.2033452736655,0.0,,3092126.553793771
2021-01-20 10:00:14.700,1,1.0591326398762304,1488.989106778051,0.0,,3091642.2439933447
2021-01-20 10:00:14.710,1,0.9016610350595184,1484.662880584161,0.0,,3081754.490601127
2021-01-20 10:00:14.720,1,0.9905221354594396,1505.609918364995,0.0,,3129625.6572523406
2021-01-20 10:00:14.730,1,0.8185454832257766,1486.2598010553793,0.0,,3085401.353640869
2021-01-20 10:00:14.740,1,0.8195920146929869,1493.2852223012735,0.0,,3101443.6301187007
2021-01-20 10:00:14.750,1,0.8548763449405478,1483.7861843326718,0.0,,3079753.9042819035
2021-01-20 10:00:14.760,1,1.0075466551062962,1479.3549114431253,0.0,,3069643.741325405
2021-01-20 10:00:14.770,1,0.8452301663642466,1461.6656653778437,0.0,,3029285.8428935595
2021-01-20 10:00:14.780,1,0.9747465055265078,1471.6153080907168,0.0,,3051983.589607949
2021-01-20 10:00:14.790,1,0.8459158228768378,1469.3115101811816,0.0,,3046721.7163285096
2021-01-20 10:00:14.800,1,0.960732611366914,1471.0661399452893,0.0,,3050728.3167984504
2021-01-20 10:00:14.810,1,0.7497514747750831,1457.824892720383,0.0,,3020527.385575049
2021-01-20 10:00:14.820,1,1.023525846197618,1458.4246864585857,0.0,,3021906.567918419
2021-01-20 10:00:14.830,1,1.0765434817358648,1470.2537081296814,0.0,,3048882.0946337967
2021-01-20 10:00:14.840,1,1.0437551716820264,1461.3077529057266,0.0,,3028478.420449496
2021-01-20 10:00:14.850,1,1.0163019219775982,1454.7620347074271,0.0,,3013559.1056259205
2021-01-20 10:00:14.860,1,0.8148213085552736,1463.105212579931,0.0,,3032566.941205375
2021-01-20 10:00:14.870,1,0.955162948138989,1468.789234932342,0.0,,3045539.2575974986
2021-01-20 10:00:14.880,1,0.9328974496452476,1456.3103559738674,0.0,,3017082.671774017
2021-01-20 10:00:14.890,1,0.8159599097724443,1461.8035253395487,0.0,,3029598.7294770363
2021-01-20 10:00:14.900,1,1.0120488648746044,1468.2993660800048,0.0,,3044420.7358857254
2021-01-20 10:00:14.910,1,0.9773192758526236,1454.982848601661,0.0,,3014059.1562747536
2021-01-20 10:00:14.920,1,1.0584534220334514,1461.0838848897956,0.0,,3027972.5968825445
2021-01-20 10:00:14.930,1,0.9532946245899812,1458.9450969417724,0.0,,3023090.113008603
2021-01-20 10:00:14.940,1,0.8362460587728541,1465.3300480700073,0.0,,3037640.4817926115
2021-01-20 10:00:14.950,1,1.158381983100951,1461.3778569041494,0.0,,3028647.037910075
2021-01-20 10:00:14.960,1,0.9373442146506812,1478.753779357402,0.0,,3068268.143401567
2021-01-20 10:00:14.970,0,1.2589023943045186,1466.9721439953546,0.0,,3041404.443558121
2021-01-20 10:00:14.980,0,1.044317711993333,1461.6031306962768,0.0,,3029152.1854930385
2021-01-20 10:00:14.990,0,1.2946100211030105,1460.3985483862707,0.0,,3026415.8467441304
2021-01-20 10:00:15.000,0,1.1547712255779785,1465.9155155871958,0.0,,3038990.9532325026
2021-01-20 10:00:15.010,0,1.0947279028138288,1456.9382295077082,0.0,,3018524.781790367
2021-01-20 10:00:15.020,0,0.9233041911982394,1460.2167896435517,0.0,,3025991.6215784224
2021-01-20 10:00:15.030,0,1.1585257153658923,1465.6116623721286,0.0,,3038295.3969593886
2021-01-20 10:00:15.040,0,0.9612412558006206,1466.452608597626,0.0,,3040204.4485643087
2021-01-20 10:00:15.050,1,1.1090924109440132,1459.9440070810626,0.0,,3025374.7036005296
2021-01-20 10:00:15.060,1,1.0187275158242843,1478.8783532946536,0.0,,3068559.6195515725
2021-01-20 10:00:15.070,1,0.9472318573354224,1455.2009644210614,0.0,,3014558.229658867
2021-01-20 10:00:15.080,1,1.2571578604696954,1438.23805742797,0.0,,2975941.3139987714
2021-01-20 10:00:15.090,1,1.3130894363954413,1420.0297575806671,0.0,,2934529.580542542
2021-01-20 10:00:15.100,1,0.9722553227791652,1386.3438928854666,0.0,,2858028.719870239
2021-01-20 10:00:15.110,1,1.1150651946412664,1342.5890702040806,0.0,,2758972.433768926
2021-01-20 10:00:15.120,1,1.256020121295488,1291.682806896161,0.0,,2644134.509150714
2021-01-20 10:00:15.130,1,1.2247743929425292,1247.4067011635384,0.0,,2544609.918529544
2021-01-20 10:00:15.140,1,1.0511419098991468,1187.346311553168,0.0,,2410166.0869144434
2021-01-20 10:00:15.150,1,0.7660922160700063,1131.2919310276354,0.0,,2285295.066361493
2021-01-20 10:00:15.160,1,0.742521482213453,1072.9836750716397,0.0,,2156066.1359095383
2021-01-20 10:00:15.170,1,0.9943280012792288,1030.1251737445614,0.0,,2061538.832643052
2021-01-20 10:00:15.180,1,0.8263628537761118,993.2828121980498,0.0,,1980576.8338233852
2021-01-20 10:00:15.190,1,0.959096593414828,976.0974185936612,0.0,,1942922.4694112719
2021-01-20 10:00:15.200,1,0.853786265239059,958.3980461463336,0.0,,1904202.3798075602
2021-01-20 10:00:15.210,1,0.8224932758438006,945.230028036122,0.0,,1875437.6006785447
2021-01-20 10:00:15.220,1,0.9708570764938372,956.265508915298,0.0,,1899547.3485504128
2021-01-20 10:00:15.230,1,0.8301794632569296,961.5369184985808,0.0,,1911058.775408394
2021-01-20 10:00:15.240,1,0.7517220402877484,964.824184421946,0.0,,1918243.887022478
2021-01-20 10:00:15.250,1,0.879393019517246,981.0191643635004,0.0,,1953697.7967586715
2021-01-20 10:00:15.260,1,0.9932229067357456,991.0312716008964,0.0,,1975646.7762204444
2021-01-20 10:00:15.270,1,0.7295169383246818,1010.467903921632,0.0,,2018299.2773288602
2021-01-20 10:00:15.280,1,1.0287082486631092,1026.394281461959,0.0,,2053331.3161066393
2021-01-20 10:00:15.290,1,0.9146452067039657,1050.2489100934456,0.0,,2105877.798002741
2021-01-20 10:00:15.300,1,1.1020257399121811,1074.66719550273,0.0,,2159800.949129072
2021-01-20 10:00:15.310,1,1.1658068716352978,1095.0457916061334,0.0,,2204899.310781849
2021-01-20 10:00:15.320,1,1.1683744691105258,1114.1136967035843,0.0,,2247166.8236580933
2021-01-20 10:00:15.330,1,1.1409329042066605,1143.434154113763,0.0,,2312298.8949412312
2021-01-20 10:00:15.340,1,1.2386694551031825,1154.8601740013123,0.0,,2337736.3360779365
2021-01-20 10:00:15.350,1,1.1349230394185743,1187.8359254138616,0.0,,2411265.565817452
2021-01-20 10:00:15.360,1,0.8676321543763101,1208.8865154758266,0.0,,2458292.277855578
2021-01-20 10:00:15.370,1,1.2680831369864929,1234.029534010147,0.0,,2514608.0032607187
2021-01-20 10:00:15.380,1,0.8876016490142575,1253.6391507612154,0.0,,2558582.423437671
2021-01-20 10:00:15.390,1,1.1678714940104018,1271.7396036161122,0.0,,2599254.1604583603
2021-01-20 10:00:15.400,1,0.9771533226659412,1280.8913723164603,0.0,,2619834.989331662
2021-01-20 10:00:15.410,1,1.3174513907045355,1302.8540987024226,0.0,,2669305.6452569677
2021-01-20 10:00:15.420,1,1.2203446579122623,1317.5804388918382,0.0,,2702505.410633548
2021-01-20 10:00:15.430,1,0.9215940876821974,1335.0607021663743,0.0,,2741953.016381788
2021-01-20 10:00:15.440,1,1.0701764183233748,1349.8562061253265,0.0,,2775404.505445373
2021-01-20 10:00:15.450,1,1.2908053239053745,1371.2869096623042,0.0,,2823920.6746760723
2021-01-20 10:00:15.460,1,1.304126425678512,1384.6921192358814,0.0,,2854301.9913351373
2021-01-20 10:00:15.470,1,0.9282588108190704,1385.7523102553696,0.0,,2856693.3462210917
2021-01-20 10:00:15.480,1,1.29824510931542,1396.5995712061822,0.0,,2881310.850936989
2021-01-20 10:00:15.490,1,1.064897213801472,1404.4476904201306,0.0,,2899114.0732941404
2021-01-20 10:00:15.500,1,1.1027377208838458,1426.3864277235043,0.0,,2948970.1085104095
2021-01-20 10:00:15.510,1,1.3707783084643033,1425.220584734004,0.0,,2946336.678119956
2021-01-20 10:00:15.520,1,1.131159308448086,1422.1186099188046,0.0,,2939269.09786394
2021-01-20 10:00:15.530,1,1.1808595168891882,1437.000549860574,0.0,,2973123.0245463187
2021-01-20 10:00:15.540,1,1.1616809642043158,1445.2766331598227,0.0,,2991960.7221700386
2021-01-20 10:00:15.550,1,0.9348364529248404,1438.8859306894938,0.0,,2977398.9082751167
2021-01-20 10:00:15.560,1,1.2130405147232968,1449.9668829542618,0.0,,3002648.098266304
2021-01-20 10:00:15.570,1,1.039449479962575,1453.3921864082306,0.0,,3010444.624778457
2021-01-20 10:00:15.580,1,1.1020103939727337,1448.771525530851,0.0,,2999920.1360988254
2021-01-20 10:00:15.590,1,0.9381151833018632,1467.3886420621836,0.0,,3042338.488840452
2021-01-20 10:00:15.600,1,1.289410016831676,1450.186856679013,0.0,,3003148.0247882605
2021-01-20 10:00:15.610,1,1.267247363153543,1457.0671151164593,0.0,,3018824.1077130134
2021-01-20 10:00:15.620,1,1.2621005954890552,1469.2425772339366,0.0,,3046588.3615138535
2021-01-20 10:00:15.630,1,1.2034482435163991,1468.3221811377,0.0,,3044480.9052544804
2021-01-20 10:00:15.640,1,1.1401416143674614,1472.8071503040078,0.0,,3054712.404525385
2021-01-20 10:00:15.650,1,1.1127369401165954,1474.2195442801358,0.0,,3057931.536000963
2021-01-20 10:00:15.660,1,0.8746249279592528,1476.2142504562494,0.0,,3062469.3894905387
2021-01-20 10:00:15.670,1,1.1601052209564424,1465.4438965157788,0.0,,3037918.5707604447
2021-01-20 10:00:15.680,1,1.1146631954916082,1469.4337023889184,0.0,,3047012.311070366
2021-01-20 10:00:15.690,1,1.2208173532927928,1473.8754395654412,0.0,,3057149.9003966236
2021-01-20 10:00:15.700,1,0.8594993813311959,1472.9377541344638,0.0,,3054997.197640294
2021-01-20 10:00:15.710,1,0.9382057966024564,1472.2363194492264,0.0,,3053398.0983952656
2021-01-20 10:00:15.720,1,1.053079906851856,1469.5027264135215,0.0,,3047167.8989297375
2021-01-20 10:00:15.730,1,1.1251676162588549,1469.6360764831727,0.0,,3047476.834636695
2021-01-20 10:00:15.740,1,0.9005715638391018,1479.874025976278,0.0,,3070824.5855659195
2021-01-20 10:00:15.750,1,0.8241022411961743,1485.6805631392324,0.0,,3084073.332314493
2021-01-20 10:00:15.760,1,0.8178752933896553,1474.243556119652,0.0,,3057969.114784791
2021-01-20 10:00:15.770,1,1.080183924477955,1477.5316571205346,0.0,,3065490.2211046414
2021-01-20 10:00:15.780,1,1.139704124744834,1483.4617521122568,0.0,,3079028.0790057345
2021-01-20 10:00:15.790,1,0.8190605236688032,1477.7737179076453,0.0,,3066028.476910482
2021-01-20 10:00:15.800,1,1.0463678931844116,1476.9361348630578,0.0,,3064125.4928286956
2021-01-20 10:00:15.810,1,1.03586122949563,1484.9753432836962,0.0,,3082479.5981288436
2021-01-20 10:00:15.820,1,1.121462704544568,1486.614034558873,0.0,,3086224.7009544796
2021-01-20 10:00:15.830,1,1.022104107802352,1477.9618540027273,0.0,,3066463.9640924428
2021-01-20 10:00:15.840,1,0.8336060234100182,1476.1002743157485,0.0,,3062212.338935675
2021-01-20 10:00:15.850,1,1.1495122238302309,1493.7774265236935,0.0,,3102590.68437493
2021-01-20 10:00:15.860,1,0.9451687458470824,1481.2891647210226,0.0,,3074056.422818723
2021-01-20 10:00:15.870,1,1.208606524555961,1476.8369671352225,0.0,,3063910.1411943445
2021-01-20 10:00:15.880,1,0.937301392294718,1490.0405087277634,0.0,,3094040.6245330353
2021-01-20 10:00:15.890,1,0.9615825518954554,1475.3587884281353,0.0,,3060522.9992519896
2021-01-20 10:00:15.900,1,1.0701894697834948,1468.7837212139434,0.0,,3045528.4703685967
2021-01-20 10:00:15.910,1,1.062128624418731,1482.837272411358,0.0,,3077595.5614326093
2021-01-20 10:00:15.920,1,1.2948110046929329,1488.479967763678,0.0,,3090495.583182903
2021-01-20 10:00:15.930,1,0.9394199654016916,1489.9811264312948,0.0,,3093905.3505683513
2021-01-20 10:00:15.940,1,0.912237914312958,1492.050689564002,0.0,,3098629.913535746
2021-01-20 10:00:15.950,1,1.0470689250019145,1489.7455127556923,0.0,,3093373.2414870295
2021-01-20 10:00:15.960,1,0.9931822074530618,1470.5208926353794,0.0,,3049487.4971647956
2021-01-20 10:00:15.970,1,1.1645110794879574,1488.8502973483023,0.0,,3091332.2314625573
2021-01-20 10:00:15.980,1,1.03190365402378,1496.3635977675317,0.0,,3108488.7318868754
2021-01-20 10:00:15.990,1,0.9664187697174724,1483.0650552631446,0.0,,3078109.036362495
2021-01-20 10:00:16.000,0,1.2907587499829278,1481.6767540243402,0.0,,3074957.9423228772
2021-01-20 10:00:16.010,0,1.3606248484448502,1486.975623775191,0.0,,3087062.778472375
2021-01-20 10:00:16.020,0,1.3684442186857182,1479.8863007365042,0.0,,3070875.6126312236
2021-01-20 10:00:16.030,0,1.2005576338241948,1478.6991214527468,0.0,,3068159.9457960567
2021-01-20 10:00:16.040,0,1.3673740592493135,1473.5856112753754,0.0,,3056497.619826708
2021-01-20 10:00:16.050,0,1.311053488993371,1479.1448645030391,0.0,,3069179.900419953
2021-01-20 10:00:16.060,0,1.4600406570040572,1491.9002270196404,0.0,,3098314.8867383194
2021-01-20 10:00:16.070,0,1.4061114445152616,1477.5031372686856,0.0,,3065434.896010543
2021-01-20 10:00:16.080,0,1.1741541799830302,1476.189622797855,0.0,,3062424.8534294167
2021-01-20 10:00:16.090,0,1.3169781154242834,1475.7132338252584,0.0,,3061347.588076052
2021-01-20 10:00:16.100,0,1.1248368677604723,1484.3306072853445,0.0,,3081014.851407419
2021-01-20 10:00:16.110,0,1.367437885220842,1464.438378306662,0.0,,3035633.8361802455
2021-01-20 10:00:16.120,0,1.3879670190496654,1443.8124808485798,0.0,,2988638.6937857163
2021-01-20 10:00:16.130,0,1.0496167052942542,1431.466142405687,0.0,,2960521.6420484637
2021-01-20 10:00:16.140,0,1.3545411862615435,1374.3517781977064,0.0,,2830869.7364699794
2021-01-20 10:00:16.150,0,1.2237045016775725,1323.6740261937728,0.0,,2716253.1685633915
2021-01-20 10:00:16.160,0,0.9902980744039772,1278.5622889589265,0.0,,2614585.998691083
2021-01-20 10:00:16.170,0,1.0910275119811774,1217.6137434227471,0.0,,2477831.1886130758
2021-01-20 10:00:16.180,0,1.0528845061910657,1153.1171999562512,0.0,,2333846.2639762373
2021-01-20 10:00:16.190,0,1.166816668385978,1088.905380153823,0.0,,2191303.3821498887
2021-01-20 10:00:16.200,0,0.7501283088075557,1024.370416145551,0.0,,2048864.8404247495
2021-01-20 10:00:16.210,0,0.7906924544852473,961.0071752120908,0.0,,1909902.0141390224
2021-01-20 10:00:16.220,0,0.6462043409815987,896.6381102141638,0.0,,1769658.9656200567
2021-01-20 10:00:16.230,0,0.7164982696694655,836.3085696887189,0.0,,1639137.312875495
2021-01-20 10:00:16.240,0,0.8391912651579546,776.9078460155076,0.0,,1511547.915353425
2021-01-20 10:00:16.250,0,0.7775214085605616,709.5836085167143,0.0,,1368107.2091816508
2021-01-20 10:00:16.260,0,0.5164955834646229,656.009295698924,0.0,,1254910.4921555666
2021-01-20 10:00:16.270,1,0.4473135437327722,596.279134989853,0.0,,1129815.7695883724
2021-01-20 10:00:16.280,1,0.5677176031244155,541.2344428603361,0.0,,1015640.3380419719
2021-01-20 10:00:16.290,1,0.3704421147880172,490.8735285928364,0.0,,912180.0974056267
2021-01-20 10:00:16.300,1,0.3903021639370901,446.9453225283057,0.0,,822799.3035480535
2021-01-20 10:00:16.310,1,0.420725148683611,398.8173213280932,0.0,,725889.0861587106
2021-01-20 10:00:16.320,1,0.2739576368414409,358.17359442710955,0.0,,644938.4398923306
2021-01-20 10:00:16.330,1,0.3080459168275044,317.69765566861486,1.0,,565245.1078539658
2021-01-20 10:00:16.340,1,0.2454352848834282,283.72222520258146,1.0,,499113.3487361181
2021-01-20 10:00:16.350,1,0.262545803244581,251.25711279205413,1.0,,436675.486416386
2021-01-20 10:00:16.360,1,0.1746351538732175,218.37518036854348,1.0,,374234.8158044118
2021-01-20 10:00:16.370,1,0.1916327426975322,191.8862689100356,1.0,,324619.3895846078
2021-01-20 10:00:16.380,1,0.1686365237705037,176.3944955365094,1.0,,295909.03333017125
2021-01-20 10:00:16.390,1,0.1206263857213518,173.18819771149197,1.0,,289996.1634856265
2021-01-20 10:00:16.400,1,0.1747020647064012,178.24967146872987,1.0,,299339.64232172194
2021-01-20 10:00:16.410,1,0.1883826299030965,193.39085251304385,1.0,,327419.2765640648
2021-01-20 10:00:16.420,1,0.185549526943176,215.70483711861831,1.0,,369202.95389117143
2021-01-20 10:00:16.430,1,0.2374570093062804,245.75158027414952,1.0,,426151.7002723318
2021-01-20 10:00:16.440,1,0.2038132288145694,275.2243605675893,1.0,,482695.76067365886
2021-01-20 10:00:16.450,1,0.2859507946043697,311.30156320412965,1.0,,552739.4148041285
2021-01-20 10:00:16.460,1,0.3002453895693781,351.0981057733523,1.0,,630942.1534460133
2021-01-20 10:00:16.470,1,0.3525143383255431,389.4267304110603,0.0,,707106.412881575
2021-01-20 10:00:16.480,1,0.4488178341215096,437.8307464639448,0.0,,804368.3192675395
2021-01-20 10:00:16.490,1,0.3854719858679304,483.425394174442,0.0,,896967.9715213353
2021-01-20 10:00:16.500,1,0.3903105704526122,532.320391114873,0.0,,997246.3613889638
2021-01-20 10:00:16.510,1,0.5804961427193513,589.3707320059972,0.0,,1115432.2942088966
2021-01-20 10:00:16.520,1,0.4866729902163686,638.3176983517843,0.0,,1217733.3184716203
2021-01-20 10:00:16.530,1,0.6673027147927539,689.397792779193,0.0,,1325352.1048719627
2021-01-20 10:00:16.540,1,0.5865240429464649,749.0882979955196,0.0,,1452105.8315067852
2021-01-20 10:00:16.550,1,0.6799484823722202,792.7674038202299,0.0,,1545511.395981949
2021-01-20 10:00:16.560,1,0.6532878917097206,850.9996720783843,0.0,,1670836.7744601436
2021-01-20 10:00:16.570,1,0.9276782107529224,894.8622780852286,0.0,,1765820.5046876224
2021-01-20 10:00:16.580,1,0.7098241089283934,942.1865748115132,0.0,,1868792.061679283
2021-01-20 10:00:16.590,1,0.8348828721180775,989.9977373048124,0.0,,1973370.07719407
2021-01-20 10:00:16.600,1,0.9038748360294352,1040.7617088415552,0.0,,2084962.1753247303
2021-01-20 10:00:16.610,1,0.7972129526272075,1081.7407187011936,0.0,,2175428.543852385
2021-01-20 10:00:16.620,1,0.7898304942031477,1102.1017032116154,0.0,,2220516.9554276145
2021-01-20 10:00:16.630,1,1.0079889719588395,1149.20879086387,0.0,,2325144.9592498806
2021-01-20 10:00:16.640,1,0.8384850581880334,1193.3336734584177,0.0,,2423525.0360048357
2021-01-20 10:00:16.650,1,0.9124123952441696,1228.0549824226334,0.0,,2501207.037736228
2021-01-20 10:00:16.660,1,1.1341764880889629,1244.031371670703,0.0,,2537031.679000393
2021-01-20 10:00:16.670,1,1.2917352926606092,1274.9926170760575,0.0,,2606581.5998887056
2021-01-20 10:00:16.680,1,1.348717614800138,1292.1774629154754,0.0,,2645253.5489225565
2021-01-20 10:00:16.690,1,1.0324214782161163,1325.863570465082,0.0,,2721189.518811486
2021-01-20 10:00:16.700,1,1.2783518813531942,1348.8218353263346,0.0,,2773074.6744080447
2021-01-20 10:00:16.710,1,1.2411834114001783,1365.2244807799934,0.0,,2810190.467012594
2021-01-20 10:00:16.720,1,1.3123187749342289,1383.7768325661968,0.0,,2852230.5951965125
2021-01-20 10:00:16.730,1,1.0940264629605334,1407.634730459702,0.0,,2906356.3384931493
2021-01-20 10:00:16.740,1,1.2986976038925238,1398.2407227477315,0.0,,2885038.297564475
2021-01-20 10:00:16.750,1,1.0280595844060183,1423.9506877653528,0.0,,2943429.0205252226
2021-01-20 10:00:16.760,1,1.519921669609353,1433.2080530600272,0.0,,2964508.1971676038
2021-01-20 10:00:16.770,1,1.440927859224486,1432.8913256677483,0.0,,2963784.9682931434
2021-01-20 10:00:16.780,1,1.3240960987914168,1450.2067426160488,0.0,,3003198.6787250633
2021-01-20 10:00:16.790,1,1.4053121031851783,1462.1180871314862,0.0,,3030344.5962209357
2021-01-20 10:00:16.800,1,1.2988313059805072,1472.7346816009272,0.0,,3054549.2597626704
2021-01-20 10:00:16.810,1,1.5345636896317167,1488.714276631778,0.0,,3091039.5983972917
2021-01-20 10:00:16.820,1,1.3195177437360568,1483.213595013071,0.0,,3078468.84265145
2021-01-20 10:00:16.830,1,1.2426669902622234,1483.4307413753402,0.0,,3078964.760671561
2021-01-20 10:00:16.840,1,1.0836590377596873,1493.404529447793,0.0,,3101730.0372423194
2021-01-20 10:00:16.850,1,1.5284696446188908,1489.913802905004,0.0,,3093777.7754719937
2021-01-20 10:00:16.860,1,1.1961882697262958,1493.350864127617,0.0,,3101611.594283543
2021-01-20 10:00:16.870,1,1.6067642009762286,1486.642224089425,0.0,,3086312.5820362926
2021-01-20 10:00:16.880,1,1.149571726323832,1494.7861817158796,0.0,,3104892.5412238897
2021-01-20 10:00:16.890,1,1.1075924272813085,1499.4840376517272,0.0,,3115624.883176352
2021-01-20 10:00:16.900,1,1.2814497600644656,1490.3993830740203,0.0,,3094873.9896658864
2021-01-20 10:00:16.910,1,1.2633088244155906,1477.8754516467664,0.0,,3066282.196346796
2021-01-20 10:00:16.920,1,1.6569953269962554,1483.3537442425436,0.0,,3078806.740565924
2021-01-20 10:00:16.930,1,1.3517601503822978,1489.1008012072464,0.0,,3091916.3417529585
2021-01-20 10:00:16.940,1,1.476820896712011,1489.5860491209878,0.0,,3093031.4042500216
2021-01-20 10:00:16.950,1,1.4060635887423536,1487.5840674100311,0.0,,3088451.9203286893
2021-01-20 10:00:16.960,1,1.4767535931064637,1476.620915135362,0.0,,3063427.35405977
2021-01-20 10:00:16.970,1,1.3589698586283476,1474.9086225405954,0.0,,3059514.422081269
2021-01-20 10:00:16.980,1,1.2727321891930132,1485.445351033629,0.0,,3083559.458743655
2021-01-20 10:00:16.990,1,1.158814458067268,1476.234417671799,0.0,,3062532.7514074165
2021-01-20 10:00:17.000,1,1.391874205416996,1468.6680897531894,0.0,,3045278.6621535467
2021-01-20 10:00:17.010,1,1.611062182400986,1465.4788540405889,0.0,,3038021.2384574586
2021-01-20 10:00:17.020,1,1.1831472686166815,1457.5393142802325,0.0,,3019899.178488369
2021-01-20 10:00:17.030,1,1.6195438425132411,1471.385622212989,0.0,,3051493.1646442455
2021-01-20 10:00:17.040,1,1.2203945184022484,1466.4964932745263,0.0,,3040321.6180988844
2021-01-20 10:00:17.050,1,1.2852842513080829,1457.248275655046,0.0,,3019237.0246216934
2021-01-20 10:00:17.060,1,1.0713133050870178,1448.3139815459783,0.0,,2998873.8561627422
2021-01-20 10:00:17.070,1,1.4208082956809542,1456.071866415307,0.0,,3016563.8299023467
2021-01-20 10:00:17.080,1,1.0869347226091577,1464.0207956281895,0.0,,3034668.7552074143
2021-01-20 10:00:17.090,1,1.3546990161154215,1457.4258980997547,0.0,,3019647.459469302
2021-01-20 10:00:17.100,1,1.147012126653711,1463.3391776636206,0.0,,3033117.710885715
2021-01-20 10:00:17.110,1,1.0447175864664575,1448.9748022679096,0.0,,3000379.3348537106
2021-01-20 10:00:17.120,1,1.290650603239951,1454.9014526407916,0.0,,3013893.2132694535
2021-01-20 10:00:17.130,1,1.2675362666553407,1457.281565845574,0.0,,3019313.813461315
2021-01-20 10:00:17.140,1,1.0821643510856416,1457.949246960041,0.0,,3020823.7903106497
2021-01-20 10:00:17.150,1,1.250078518547053,1451.8052230310934,0.0,,3006833.9997873968
2021-01-20 10:00:17.160,1,1.0798286863773796,1454.635327199467,0.0,,3013276.7689845855
2021-01-20 10:00:17.170,1,1.409506124778943,1445.7773839059064,0.0,,2993113.9404792646
2021-01-20 10:00:17.180,1,1.112957515687988,1458.0652665237092,0.0,,3021092.4056639858
2021-01-20 10:00:17.190,1,1.1343701511008644,1431.113962371188,0.0,,2959727.2760596927
2021-01-20 10:00:17.200,1,1.4269186751247624,1451.9225118600325,0.0,,3007112.3331771577
2021-01-20 10:00:17.210,1,1.2680710739546126,1451.0403923629026,0.0,,3005094.6130340854
2021-01-20 10:00:17.220,0,1.3937851548919775,1448.0319568308423,0.0,,2998243.558757868
2021-01-20 10:00:17.230,0,1.3900220972559472,1455.3534822194645,0.0,,3014925.7205718
2021-01-20 10:00:17.240,0,1.241235740797916,1448.3212413898543,0.0,,2998897.739852434
2021-01-20 10:00:17.250,0,0.97625756531714,1456.114017512055,0.0,,3016638.4594907593
2021-01-20 10:00:17.260,0,1.3495070484337586,1471.2371636191915,0.0,,3051137.6382853594
2021-01-20 10:00:17.270,0,0.9735244987168066,1466.656926405073,0.0,,3040670.4361888114
2021-01-20 10:00:17.280,0,1.248301469178032,1444.0505756957705,0.0,,2989175.6217078366
2021-01-20 10:00:17.290,0,1.059228600086109,1456.9616168836085,0.0,,3018574.586749104
2021-01-20 10:00:17.300,0,0.9870685287393928,1444.5879763130752,0.0,,2990386.2420743317
2021-01-20 10:00:17.310,0,1.1255792629860617,1458.7806836368366,0.0,,3022723.799077474
2021-01-20 10:00:17.320,0,0.9315499784262428,1455.8382349382168,0.0,,3016008.214209638
2021-01-20 10:00:17.330,0,1.159786962118429,1442.7761831322366,0.0,,2986269.536793529
2021-01-20 10:00:17.340,0,0.9514081089825954,1420.5257891635092,0.0,,2935638.743832354
2021-01-20 10:00:17.350,0,0.9769589992503146,1381.074401847228,0.0,,2846083.135208689
2021-01-20 10:00:17.360,0,0.9536453869984372,1341.439369185613,0.0,,2756366.2154112915
2021-01-20 10:00:17.370,0,0.9625850024249514,1292.8733977165034,0.0,,2646801.4711403274
2021-01-20 10:00:17.380,0,0.8587254319356026,1228.2790241465998,0.0,,2501703.7036322816
2021-01-20 10:00:17.390,0,0.8671015484688492,1182.18163799585,0.0,,2398625.1659638314
2021-01-20 10:00:17.400,0,0.8336184223320728,1132.8223483516658,0.0,,2288694.85680569
2021-01-20 10:00:17.410,0,0.7035268535327268,1063.2278098294034,0.0,,2134511.2029436594
2021-01-20 10:00:17.420,0,0.5807007058047216,1002.550535805032,0.0,,2000899.7817257713
2021-01-20 10:00:17.430,0,0.5762467323079465,932.8620021976564,0.0,,1848451.805995917
2021-01-20 10:00:17.440,0,0.6197613848243457,875.7413877794247,0.0,,1724345.9850774447
2021-01-20 10:00:17.450,0,0.6211882652997409,814.7303409276902,0.0,,1592669.6018814105
2021-01-20 10:00:17.460,0,0.4028912808346119,751.8396487683708,0.0,,1457965.103369398
2021-01-20 10:00:17.470,0,0.3892739629993736,693.5716033400447,0.0,,1334169.2276693662
2021-01-20 10:00:17.480,0,0.4146222130821148,632.7228900586772,0.0,,1205999.2440479093
2021-01-20 10:00:17.490,0,0.3397443697288501,583.8287486928808,0.0,,1103886.0616510585
2021-01-20 10:00:17.500,0,0.2894586304921389,527.2287166730629,0.0,,986754.441796273
2021-01-20 10:00:17.510,0,0.3559979943834383,474.1090229306962,0.0,,877972.4338491829
2021-01-20 10:00:17.520,0,0.2466620959598141,434.2364893852477,0.0,,797100.3052791426
2021-01-20 10:00:17.530,0,0.2610917505936937,387.3702060127677,0.0,,702997.135263421
2021-01-20 10:00:17.540,0,0.1996913542352619,345.62016968107736,0.0,,620119.3349977579
2021-01-20 10:00:17.550,0,0.1636062779272709,309.26211537690085,1.0,,548748.6571979703
2021-01-20 10:00:17.560,0,0.2008719341846407,272.5511958947547,1.0,,477542.04852344014
2021-01-20 10:00:17.570,0,0.1235180347305335,239.5765060862209,1.0,,414388.69106150646
2021-01-20 10:00:17.580,0,0.1358132440957018,208.04658811560031,1.0,,354810.4947920838
2021-01-20 10:00:17.590,0,0.0951120560245654,178.4374233268121,1.0,,299678.1679286543
2021-01-20 10:00:17.600,0,0.1103521306589616,154.61108197539542,1.0,,255972.52573381926
2021-01-20 10:00:17.610,0,0.1020481607808608,129.81527974729994,2.0,,211195.13518082874
2021-01-20 10:00:17.620,0,0.0824745137810243,109.3013361155832,2.0,,174795.28138332043
2021-01-20 10:00:17.630,0,0.0682690963827839,89.68453958008688,2.0,,140613.6902679849
2021-01-20 10:00:17.640,0,0.0509743641064691,73.62140195173606,2.0,,113177.74167485783
2021-01-20 10:00:17.650,0,0.0371616825640174,57.172158931574046,2.0,,85695.77789059223
2021-01-20 10:00:17.660,0,0.0287462479929887,43.82636478189513,2.0,,63969.411967534514
2021-01-20 10:00:17.670,0,0.0206002885440867,31.724841308258284,2.0,,44841.81332360527
2021-01-20 10:00:17.680,0,0.009539586497221,20.83032839197476,2.0,,28229.3759218631
2021-01-20 10:00:17.690,0,0.0146194841003519,11.695278128379565,2.0,,14970.728400158676
2021-01-20 10:00:17.700,1,0.0007177051372136,3.6916646733775655,2.0,,4222.201871489
2021-01-20 10:00:17.710,1,-0.004511524504032,0.0,2.0,,8.686122825986075
2021-01-20 10:00:17.720,1,-0.0062122715196214,0.0,2.0,,9.237725986747467
2021-01-20 10:00:17.730,1,-0.0069405977268113,0.0,2.0,,10.553254982867449
2021-01-20 10:00:17.740,1,-0.0127396066086138,0.0,2.0,,12.187089789865187
2021-01-20 10:00:17.750,1,-0.0160380999832884,0.0,2.0,,11.101793380105228
2021-01-20 10:00:17.760,1,-0.0242263737065078,0.0,2.0,,10.278375110526014
2021-01-20 10:00:17.770,1,-0.0247136967260463,0.0,2.0,,10.261544851947882
2021-01-20 10:00:17.780,1,-0.0209323616993158,0.0,2.0,,14.116082007887197
2021-01-20 10:00:17.790,1,-0.0241806940092002,0.0,2.0,,8.45858309868733
2021-01-20 10:00:17.800,1,-0.0224364545171482,0.0,2.0,,9.55014118909927
2021-01-20 10:00:17.810,1,-0.0188183314220276,0.0,2.0,,11.36232355480263
2021-01-20 10:00:17.820,1,-0.0103952989486767,0.0,2.0,,8.163272161435453
2021-01-20 10:00:17.830,1,0.0056966244703703,1.5078029948691014,2.0,,1580.9750577150742
2021-01-20 10:00:17.840,1,0.0121491374798431,22.06519182741437,2.0,,30077.793789691186
2021-01-20 10:00:17.850,1,0.0390427762158364,46.16397680014922,2.0,,67734.70299184826
2021-01-20 10:00:17.860,1,0.0669923223227194,73.22504809805038,2.0,,112506.07778842027
2021-01-20 10:00:17.870,1,0.0869032928521482,102.32271159464,2.0,,162557.22165996302
2021-01-20 10:00:17.880,1,0.1025256592751385,133.74893675103732,2.0,,218245.14793074582
2021-01-20 10:00:17.890,1,0.1254427866733463,165.72166349365455,1.0,,276276.83567821654
2021-01-20 10:00:17.900,1,0.1906506648748201,202.59876463035383,1.0,,344608.2681019887
2021-01-20 10:00:17.910,1,0.2285871759741326,242.3085256460677,1.0,,419595.13865837554
2021-01-20 10:00:17.920,1,0.2678530656311418,283.7278968983775,1.0,,499130.8806808546
2021-01-20 10:00:17.930,1,0.32603058558723,328.6910761392864,1.0,,586796.4072809423
2021-01-20 10:00:17.940,1,0.335783999964013,376.1861288582296,0.0,,680704.7011569503
2021-01-20 10:00:17.950,1,0.4192961228291442,427.2791676961042,0.0,,783069.9696789645
2021-01-20 10:00:17.960,1,0.4729996042068877,479.783297230618,0.0,,889536.5831299174
2021-01-20 10:00:17.970,1,0.4584229106820395,533.3718423511067,0.0,,999418.5833435496
2021-01-20 10:00:17.980,1,0.438000341515754,586.4456112654842,0.0,,1109334.9867711826
2021-01-20 10:00:17.990,1,0.5014875388763644,644.0302139931154,0.0,,1229729.1595839267
2021-01-20 10:00:18.000,1,0.6089939145031088,702.484205484883,0.0,,1353047.0362895671
2021-01-20 10:00:18.010,1,0.7228405579593741,751.1912510492326,0.0,,1456597.1669783003
2021-01-20 10:00:18.020,1,0.7682200896733237,803.3305897390286,0.0,,1568182.769135175
2021-01-20 10:00:18.030,1,0.7463676795434713,860.8860522904075,0.0,,1692200.0538201607
2021-01-20 10:00:18.040,1,0.7643749337525269,911.6789677241536,0.0,,1802341.8064069112
2021-01-20 10:00:18.050,1,0.7130883696006969,959.1007173045308,0.0,,1905729.5543385854
2021-01-20 10:00:18.060,1,0.8667848287863441,1005.116210306456,0.0,,2006550.4979186638
2021-01-20 10:00:18.070,1,0.7296442296118321,1043.9379530897563,0.0,,2091950.8575002428
2021-01-20 10:00:18.080,1,0.74414984636852,1090.009564435858,0.0,,2193727.1263695015
2021-01-20 10:00:18.090,1,1.1019108351362528,1123.3736663903824,0.0,,2267720.6086633815
2021-01-20 10:00:18.100,1,0.922002845557881,1164.0157002921055,0.0,,2358114.7872747644
2021-01-20 10:00:18.110,1,0.8809330638563896,1203.1560425529954,0.0,,2445480.8206796567
2021-01-20 10:00:18.120,1,1.0901312514520902,1225.4210192056914,0.0,,2495319.3292461596
2021-01-20 10:00:18.130,1,0.9871003511575744,1247.9585714596165,0.0,,2545833.6261567613
2021-01-20 10:00:18.140,1,1.2795556265023793,1299.4387669537746,0.0,,2661608.0465987623
2021-01-20 10:00:18.150,1,1.2561186486922409,1312.6788359117263,0.0,,2691444.2777150697
2021-01-20 10:00:18.160,1,0.9815599131853084,1347.2284348742571,0.0,,2769454.4543541027
2021-01-20 10:00:18.170,1,1.0226199572546433,1362.6694399912628,0.0,,2804395.3606435414
2021-01-20 10:00:18.180,1,1.2253139509401776,1374.8690820995737,0.0,,2832033.464919466
2021-01-20 10:00:18.190,1,1.2506449052243644,1391.055139918174,0.0,,2868730.0398416934
2021-01-20 10:00:18.200,1,0.9642207101458878,1417.9759846084469,0.0,,2929843.077385278
2021-01-20 10:00:18.210,1,1.3008960719985898,1430.9382500138613,0.0,,2959334.1846901216
2021-01-20 10:00:18.220,1,1.3361974894150683,1434.206627623754,0.0,,2966772.330694227
2021-01-20 10:00:18.230,1,1.1571540913758254,1459.5108163316656,0.0,,3024389.8491666545
2021-01-20 10:00:18.240,1,1.172829372088166,1460.939614228377,0.0,,3027647.3067939403
2021-01-20 10:00:18.250,1,1.0309540090268974,1478.7984114293874,0.0,,3068377.98449253
2021-01-20 10:00:18.260,1,1.0728028325334396,1475.7773030558114,0.0,,3061479.5478144735
2021-01-20 10:00:18.270,1,1.2736017668009865,1483.896897735644,0.0,,3080027.892626469
2021-01-20 10:00:18.280,1,0.9681957585850824,1500.656677742395,0.0,,3118297.8098882856
2021-01-20 10:00:18.290,1,1.114998465004087,1489.885012865226,0.0,,3093691.986584736
2021-01-20 10:00:18.300,1,1.066670896798621,1505.7736068208812,0.0,,3130003.6513063386
2021-01-20 10:00:18.310,1,1.2109142963040964,1497.5208683339056,0.0,,3111144.243499683
2021-01-20 10:00:18.320,1,0.9333753723720216,1493.06312366354,0.0,,3100944.640448548
2021-01-20 10:00:18.330,1,1.0687839795148315,1499.7624540700813,0.0,,3116259.553412772
2021-01-20 10:00:18.340,1,1.2034365723458238,1506.6743718949365,0.0,,3132065.9190051686
2021-01-20 10:00:18.350,1,0.9427662927861332,1506.2667574363904,0.0,,3131122.6992390156
2021-01-20 10:00:18.360,1,0.9958552845234188,1502.2674477328048,0.0,,3121982.858019961
2021-01-20 10:00:18.370,1,0.9004575532433327,1492.7149997266893,0.0,,3100145.6845108615
2021-01-20 10:00:18.380,1,1.2226417441390982,1512.1638516999933,0.0,,3144623.94649774
2021-01-20 10:00:18.390,1,1.2039731236860252,1505.7259102537146,0.0,,3129898.1962173623
2021-01-20 10:00:18.400,1,1.0232287844516992,1488.1278554735486,0.0,,3089669.6543445634
2021-01-20 10:00:18.410,1,0.983893738891163,1490.5346053920434,0.0,,3095172.251238039
2021-01-20 10:00:18.420,1,1.0649136383832063,1490.918501240997,0.0,,3096053.278439558
2021-01-20 10:00:18.430,1,1.229843880299894,1491.0965590596163,0.0,,3096466.8369943756
2021-01-20 10:00:18.440,1,1.1580278893361953,1493.6952197963665,0.0,,3102400.1304028374
2021-01-20 10:00:18.450,1,1.0507219398704923,1483.9165223176824,0.0,,3080059.9033823926
2021-01-20 10:00:18.460,1,1.092696974055988,1495.27896530698,0.0,,3106014.665726454
2021-01-20 10:00:18.470,1,1.233502270691844,1492.2314990014129,0.0,,3099057.6457924284
2021-01-20 10:00:18.480,1,1.1301217539830968,1472.7724505025585,0.0,,3054633.033197426
2021-01-20 10:00:18.490,1,1.1588782199964478,1472.9875025963663,0.0,,3055122.1153184897
2021-01-20 10:00:18.500,1,1.0861288569709255,1478.9269892223467,0.0,,3068672.0269436995
2021-01-20 10:00:18.510,1,1.1441719838105135,1466.6232640885996,0.0,,3040603.9565268857
2021-01-20 10:00:18.520,1,0.9929068673993968,1476.3627901886605,0.0,,3062817.5649824846
2021-01-20 10:00:18.530,1,1.2561129213184283,1477.8267107137274,0.0,,3066167.0988235734
2021-01-20 10:00:18.540,1,0.9073254171327187,1475.5333657003412,0.0,,3060918.376778424
2021-01-20 10:00:18.550,1,1.2009049584241631,1464.3763336543473,0.0,,3035482.6963174026
2021-01-20 10:00:18.560,1,1.1457339965941211,1461.3249860056949,0.0,,3028525.2418435225
2021-01-20 10:00:18.570,1,0.9430066679241368,1467.4239905054349,0.0,,3042422.1921797376
2021-01-20 10:00:18.580,1,1.2880585113045129,1451.3504666141712,0.0,,3005800.0588603118
2021-01-20 10:00:18.590,1,0.9353992388634756,1443.2870432988116,0.0,,2987420.2675100034
2021-01-20 10:00:18.600,1,1.0027672913704726,1457.4975473583938,0.0,,3019793.802701107
2021-01-20 10:00:18.610,1,1.0205404033133323,1441.860082341791,0.0,,2984174.2410648563
2021-01-20 10:00:18.620,1,0.9154439848435036,1458.7928921488794,0.0,,3022739.406202295
2021-01-20 10:00:18.630,1,1.31447119351387,1438.92917134225,0.0,,2977517.772294299
2021-01-20 10:00:18.640,1,1.0874537291048756,1448.4541011847089,0.0,,2999198.384556837
2021-01-20 10:00:18.650,0,1.2197282423570264,1450.070518336648,0.0,,3002878.929836231
2021-01-20 10:00:18.660,0,0.9535211865602388,1443.959787706701,0.0,,2988952.50375361
2021-01-20 10:00:18.670,0,1.1821433828686332,1439.497399267549,0.0,,2978806.60658471
2021-01-20 10:00:18.680,0,0.9156295394678102,1455.4835959932516,0.0,,3015201.1417301022
2021-01-20 10:00:18.690,0,1.1431081362910858,1445.0373844184503,0.0,,2991414.932325098
2021-01-20 10:00:18.700,0,0.9429953284058364,1451.90074926137,0.0,,3007036.965890042
2021-01-20 10:00:18.710,0,1.2771120832332128,1441.6025973933176,0.0,,2983601.9283555746
2021-01-20 10:00:18.720,0,1.3144446144922062,1446.789920149201,0.0,,2995414.4392272546
2021-01-20 10:00:18.730,0,1.2401741906277846,1449.2507671347332,0.0,,3001016.8675578493
2021-01-20 10:00:18.740,0,1.0483107695722962,1433.0520475473745,0.0,,2964135.427589858
2021-01-20 10:00:18.750,0,1.3208536367875732,1442.9203187232904,0.0,,2986605.074879049
2021-01-20 10:00:18.760,0,0.9834690132842552,1447.2620559326867,0.0,,2996475.0622859704
2021-01-20 10:00:18.770,0,1.2362325069893174,1418.74386591316,0.0,,2931599.654917936
2021-01-20 10:00:18.780,0,1.256650221243036,1382.5927938213504,0.0,,2849541.711407344
2021-01-20 10:00:18.790,0,1.1222923427592917,1331.3350558894042,0.0,,2733549.7728797593
2021-01-20 10:00:18.800,0,1.0445666258980897,1302.4430899625404,0.0,,2668358.1375705735
2021-01-20 10:00:18.810,0,0.9776262265075768,1249.0180782671002,0.0,,2548213.7001029584
2021-01-20 10:00:18.820,0,1.1098910075062367,1195.6086770461943,0.0,,2428620.253492933
2021-01-20 10:00:18.830,0,0.942971731893888,1131.1544726781626,0.0,,2284993.6664229776
2021-01-20 10:00:18.840,0,0.8553956819667905,1077.966351854503,0.0,,2167083.061802124
2021-01-20 10:00:18.850,0,0.9050415978246577,1007.3610039253826,0.0,,2011481.680157465
2021-01-20 10:00:18.860,0,0.8106157698993176,956.1163575808764,0.0,,1899209.4240154156
2021-01-20 10:00:18.870,0,0.7382164094128228,889.1602410125603,0.0,,1753434.1069952191
2021-01-20 10:00:18.880,0,0.5410047526246842,823.9218870798437,0.0,,1612445.0438713203
2021-01-20 10:00:18.890,0,0.6544135554803528,767.2485099068342,0.0,,1490878.6027207372
2021-01-20 10:00:18.900,0,0.5319886187041034,707.129319316619,0.0,,1362890.0172635282
2021-01-20 10:00:18.910,0,0.5808358806431436,655.2038679983419,0.0,,1253220.107462362
2021-01-20 10:00:18.920,0,0.4485702191690054,593.3480725729022,0.0,,1123707.758077119
2021-01-20 10:00:18.930,0,0.4330626935456956,542.9315000270182,0.0,,1019138.5442668294
2021-01-20 10:00:18.940,0,0.4590926154945156,496.6273824646677,0.0,,923948.7676951851
2021-01-20 10:00:18.950,0,0.3359658898536904,447.6978453000664,0.0,,824325.3668471689
2021-01-20 10:00:18.960,0,0.3165263517334571,398.52140080248046,0.0,,725293.6243216529
2021-01-20 10:00:18.970,0,0.2958404505230365,359.3322821061592,0.0,,647235.8954607905
2021-01-20 10:00:18.980,0,0.2920085879012944,321.003272773928,0.0,,571712.7416255067
2021-01-20 10:00:18.990,0,0.2596484030620311,284.75105035585284,1.0,,501105.73660990864
2021-01-20 10:00:19.000,0,0.1701602706057854,248.6642248188572,1.0,,431711.27028829395
2021-01-20 10:00:19.010,0,0.1455638995199581,218.0329693485028,1.0,,373587.4324760072
2021-01-20 10:00:19.020,0,0.1722906685051624,188.5561145057384,1.0,,318430.0537561951
2021-01-20 10:00:19.030,0,0.1448024498525093,162.9706615757398,1.0,,271237.66074389836
2021-01-20 10:00:19.040,0,0.1130841448852444,139.65940167231295,1.0,,228879.15658719567
2021-01-20 10:00:19.050,0,0.0724772840726481,118.21083111341164,1.0,,190524.6790427919
2021-01-20 10:00:19.060,0,0.0852055832123338,97.7592465735274,2.0,,154599.41229621274
2021-01-20 10:00:19.070,0,0.0533482834044962,80.21116328300948,2.0,,124365.2909266486
2021-01-20 10:00:19.080,0,0.0462567172050592,64.21447940289649,2.0,,97374.8677923555
2021-01-20 10:00:19.090,0,0.0400776632047487,49.76958764328699,2.0,,73569.46656779018
2021-01-20 10:00:19.100,0,0.0283902317152796,36.75321410048653,2.0,,52711.957851789426
2021-01-20 10:00:19.110,0,0.0227329582603558,25.663922211454228,2.0,,35515.03315069467
2021-01-20 10:00:19.120,0,0.0113191218932686,15.938105831442115,2.0,,21033.065194436826
2021-01-20 10:00:19.130,0,0.0009451663670404,7.443956190026608,2.0,,9109.27480654019
2021-01-20 10:00:19.140,1,0.00208669359745,0.0804342862197047,2.0,,74.06165914268979
2021-01-20 10:00:19.150,1,-0.0101926705070574,0.0,2.0,,9.9569744220717
2021-01-20 10:00:19.160,1,-0.0097824553386529,0.0,2.0,,13.706589974441117
2021-01-20 10:00:19.170,1,-0.0092732700441056,0.0,2.0,,10.69364974339905
2021-01-20 10:00:19.180,1,-0.0187987348566743,0.0,2.0,,8.029352348649962
2021-01-20 10:00:19.190,1,-0.0184336590146863,0.0,2.0,,9.312015845192526
2021-01-20 10:00:19.200,1,-0.0193614747967018,0.0,2.0,,10.027972460866911
2021-01-20 10:00:19.210,1,-0.0147560958766628,0.0,2.0,,9.573517249592681
2021-01-20 10:00:19.220,1,-0.0230742544334387,0.0,2.0,,11.178781047506197
2021-01-20 10:00:19.230,1,-0.025226397782641,0.0,2.0,,11.332235576684173
2021-01-20 10:00:19.240,1,-0.0136346527615278,0.0,2.0,,13.500821059709091
2021-01-20 10:00:19.250,1,-0.028331837318525,0.0,2.0,,11.262893154805619
2021-01-20 10:00:19.260,1,-0.0150899333225559,0.0,2.0,,12.721492510963989
2021-01-20 10:00:19.270,1,-0.0004860091820613,0.0069847051897509,2.0,,15.132698129094605
2021-01-20 10:00:19.280,1,0.0172402521250502,19.72989962776129,2.0,,26597.087511559315
2021-01-20 10:00:19.290,1,0.0287736417321269,42.793230239153104,2.0,,62310.51098216846
2021-01-20 10:00:19.300,1,0.0628610438738811,68.57138986046016,2.0,,104665.46615297298
2021-01-20 10:00:19.310,1,0.0722685564913018,97.21534388355312,2.0,,153656.95767849576
2021-01-20 10:00:19.320,1,0.0844143550097669,127.67508745744964,2.0,,207368.4735405897
2021-01-20 10:00:19.330,1,0.1287176779880817,157.74776877313445,1.0,,261692.9328133628
2021-01-20 10:00:19.340,1,0.1677701770022544,193.95624428963023,1.0,,328467.1661410216
2021-01-20 10:00:19.350,1,0.1687805403963746,234.93446043021785,1.0,,405567.3528407157
2021-01-20 10:00:19.360,1,0.2689376502410089,277.35560030002966,1.0,,486813.40185821184
2021-01-20 10:00:19.370,1,0.24697726631535,323.8146840536793,1.0,,577221.4649663357
2021-01-20 10:00:19.380,1,0.3551058547893185,367.4253547923472,0.0,,663293.0589939052
2021-01-20 10:00:19.390,1,0.3074788278922132,415.37198227006127,0.0,,759096.0288749957
2021-01-20 10:00:19.400,1,0.3936980486088269,466.2705092460213,0.0,,862019.1945200957
2021-01-20 10:00:19.410,1,0.4514096516192069,522.495356234889,0.0,,977023.0486661586
2021-01-20 10:00:19.420,1,0.5866206787377671,576.3376373755733,0.0,,1088325.1349991
2021-01-20 10:00:19.430,1,0.5258946162032699,627.4125071818332,0.0,,1194871.534943998
2021-01-20 10:00:19.440,1,0.5807723210439748,675.355225783545,0.0,,1295683.6367596788
2021-01-20 10:00:19.450,1,0.5548495412414809,732.689788166349,0.0,,1417175.3638968933
2021-01-20 10:00:19.460,1,0.6126364620261348,783.6497682268094,0.0,,1525971.8732583374
2021-01-20 10:00:19.470,1,0.8562471284043227,832.2486217113268,0.0,,1630393.0541332462
2021-01-20 10:00:19.480,1,0.9953847362421276,888.1887504934821,0.0,,1751339.243720285
2021-01-20 10:00:19.490,1,0.885088900849833,924.6485796315856,0.0,,1830571.5198560646
2021-01-20 10:00:19.500,1,0.8629572033905399,978.3076251378724,0.0,,1947754.0361562292
2021-01-20 10:00:19.510,1,1.1118084276559237,1005.5458065014748,0.0,,2007502.925066117
2021-01-20 10:00:19.520,1,1.149358765598657,1049.9811257433048,0.0,,2105298.8104120237
2021-01-20 10:00:19.530,1,1.1737948196036565,1084.9896584301182,0.0,,2182637.5994625464
2021-01-20 10:00:19.540,1,1.3329750829717957,1124.3379214085614,0.0,,2269871.312917563
2021-01-20 10:00:19.550,1,1.024434912788308,1162.3744391562038,0.0,,2354461.4919091
2021-01-20 10:00:19.560,1,1.0191668599444854,1198.4941782471217,0.0,,2435066.1688157055
2021-01-20 10:00:19.570,1,1.1171616335989445,1213.9068562894377,0.0,,2469535.6218317994
2021-01-20 10:00:19.580,1,1.095476383714869,1250.5386114016162,0.0,,2551627.444555142
2021-01-20 10:00:19.590,1,1.43413997846144,1268.2635010360293,0.0,,2591455.193718997
2021-01-20 10:00:19.600,1,1.3296858704894927,1295.5824539362684,0.0,,2652919.0132037755
2021-01-20 10:00:19.610,1,1.4632913607468268,1323.2718678884132,0.0,,2715360.0170628284
2021-01-20 10:00:19.620,1,1.2815940049310637,1325.216207771408,0.0,,2719740.755422582
2021-01-20 10:00:19.630,1,1.150239476125712,1340.710386920057,0.0,,2754725.9574102224
2021-01-20 10:00:19.640,1,1.5277270964432843,1360.317170957499,0.0,,2799093.758067772
2021-01-20 10:00:19.650,1,1.2496638413340748,1375.274336832185,0.0,,2832953.515813379
2021-01-20 10:00:19.660,1,1.4756249227368363,1390.5372956935407,0.0,,2867568.2007778664
2021-01-20 10:00:19.670,1,1.6851160860093348,1420.222067914132,0.0,,2934983.644671731
2021-01-20 10:00:19.680,1,1.7725499003417866,1407.6162600058717,0.0,,2906345.234069345
2021-01-20 10:00:19.690,1,1.402020810333519,1424.2052795767331,0.0,,2944027.1066045044
2021-01-20 10:00:19.700,1,1.4317788662602793,1434.6351514652404,0.0,,2967752.968184958
2021-01-20 10:00:19.710,1,1.7916557202010333,1449.6662832845443,0.0,,3001990.1400050437
2021-01-20 10:00:19.720,1,1.383773458439726,1445.5789160548015,0.0,,2992660.688344256
2021-01-20 10:00:19.730,1,1.6192535186475885,1447.6228847644395,0.0,,2997324.388074865
2021-01-20 10:00:19.740,1,1.3343162991988609,1445.8238796828507,0.0,,2993215.888442986
2021-01-20 10:00:19.750,1,1.3108100819230917,1458.1932093077603,0.0,,3021393.5930348276
2021-01-20 10:00:19.760,1,1.3511036419905242,1461.5726553101065,0.0,,3029098.8065786418
2021-01-20 10:00:19.770,1,1.8364683983315544,1450.7229708725033,0.0,,3004396.9650311735
2021-01-20 10:00:19.780,1,1.384373054649497,1456.0069234136408,0.0,,3016415.6122970763
2021-01-20 10:00:19.790,1,1.5507146741497888,1460.7908142191668,0.0,,3027325.9225288276
2021-01-20 10:00:19.800,1,1.6215056808240926,1470.665371173156,0.0,,3049848.115106723
2021-01-20 10:00:19.810,1,1.8440589658726627,1459.8877967002593,0.0,,3025282.6513925036
2021-01-20 10:00:19.820,1,1.6052706388318465,1454.0419860319394,0.0,,3011949.8944048095
2021-01-20 10:00:19.830,1,1.8055987943576224,1460.4004613625088,0.0,,3026451.4361324767
2021-01-20 10:00:19.840,1,1.4504991781838494,1465.9788196776794,0.0,,3039152.2204091656
2021-01-20 10:00:19.850,1,1.6364984787367058,1444.6275158070832,0.0,,2990505.1061759084
2021-01-20 10:00:19.860,1,1.6602580795522672,1465.0648735834286,0.0,,3037079.197354445
2021-01-20 10:00:19.870,1,1.184755913498589,1456.6987823489576,0.0,,3017984.124526357
2021-01-20 10:00:19.880,1,1.2209011863794923,1452.5696058282986,0.0,,3008578.146893492
2021-01-20 10:00:19.890,1,1.1782944935066593,1467.1722849494486,0.0,,3041859.7156994925
2021-01-20 10:00:19.900,1,1.4936798151241435,1461.7618993467222,0.0,,3029537.5419991044
2021-01-20 10:00:19.910,1,1.4811116497580816,1455.5012010717749,0.0,,3015271.9191620103
2021-01-20 10:00:19.920,1,1.2560428911699115,1452.4906336181768,0.0,,3008396.6254148628
2021-01-20 10:00:19.930,1,1.4122791442589204,1442.901388157703,0.0,,2986567.414338645
2021-01-20 10:00:19.940,1,1.4320526239897284,1448.311414577675,0.0,,2998886.598519218
2021-01-20 10:00:19.950,1,1.5988606408048789,1445.2904857387557,0.0,,2992013.605311128
2021-01-20 10:00:19.960,1,1.1718366959864546,1437.335623266706,0.0,,2973882.777043351
2021-01-20 10:00:19.970,1,1.1691832124090171,1437.8152741817246,0.0,,2974978.539071801
2021-01-20 10:00:19.980,1,1.1212917531900946,1438.8836118290628,0.0,,2977403.077755233
2021-01-20 10:00:19.990,1,1.1998169322682877,1445.167830512622,0.0,,2991714.4038956915
2021-01-20 10:00:20.000,1,1.1119628694706358,1440.5220193465216,0.0,,2981132.6650108066
2021-01-20 10:00:20.010,1,1.4802084133511042,1427.3035416202365,0.0,,2951072.9385317876
2021-01-20 10:00:20.020,1,1.3455680862379291,1426.5210971170693,0.0,,2949289.2723083505
2021-01-20 10:00:20.030,1,1.2552294872799945,1432.446895167042,0.0,,2962764.555875139
2021-01-20 10:00:20.040,1,1.060715270067461,1426.6843421274325,0.0,,2949647.6334847216
2021-01-20 10:00:20.050,1,1.0875848218157005,1412.6881430436222,0.0,,2917829.908305483
2021-01-20 10:00:20.060,1,1.1001849612213477,1418.7533754176532,0.0,,2931615.7952442397
2021-01-20 10:00:20.070,1,1.4693172244551649,1425.965940434692,0.0,,2948030.3633107445
2021-01-20 10:00:20.080,1,1.0922450791254366,1407.9148801449132,0.0,,2906989.5665941727
2021-01-20 10:00:20.090,0,1.2805791045658306,1429.2645441170032,0.0,,2955524.7742717313
2021-01-20 10:00:20.100,0,1.2024119808815066,1427.4047261804456,0.0,,2951293.1625777814
2021-01-20 10:00:20.110,0,1.3994389346005682,1415.353888695484,0.0,,2923905.4111755523
2021-01-20 10:00:20.120,0,0.992375437087764,1412.9855053211468,0.0,,2918502.6052924423
2021-01-20 10:00:20.130,0,1.321752808262265,1429.6805254719302,0.0,,2956473.5831129523
2021-01-20 10:00:20.140,0,1.1830140611364008,1423.646386462939,0.0,,2942742.0575581747
2021-01-20 10:00:20.150,0,1.3347411370273805,1406.9011270385065,0.0,,2904698.7121137814
2021-01-20 10:00:20.160,0,1.351117938586817,1408.7938056255002,0.0,,2909001.883641898
2021-01-20 10:00:20.170,0,1.2047311124712567,1413.565057603631,0.0,,2919830.715379028
2021-01-20 10:00:20.180,0,0.9717557414257312,1413.862134162066,0.0,,2920493.321326955
2021-01-20 10:00:20.190,0,0.9939868910802686,1418.4213468975115,0.0,,2930856.397104907
2021-01-20 10:00:20.200,0,1.256629174125527,1406.5230320880926,0.0,,2903842.8059276543
2021-01-20 10:00:20.210,0,1.2174741956784867,1394.3203909880506,0.0,,2876137.3799956427
2021-01-20 10:00:20.220,0,0.92254022656767,1363.1918491104716,0.0,,2805574.0011611786
2021-01-20 10:00:20.230,0,0.9545815012537544,1326.5388541475204,0.0,,2722710.182853047
2021-01-20 10:00:20.240,0,1.1661105416135833,1294.5021476110426,0.0,,2650477.8171169152
2021-01-20 10:00:20.250,0,1.2239584874493294,1237.70191605565,0.0,,2522839.6104436344
2021-01-20 10:00:20.260,0,1.113700630873316,1178.1132008119196,0.0,,2389559.9405146358
2021-01-20 10:00:20.270,0,1.0234321329181233,1130.335565111881,0.0,,2283180.3309932584
2021-01-20 10:00:20.280,0,0.7913548508852309,1062.656801575916,0.0,,2133253.6178904492
2021-01-20 10:00:20.290,0,0.8103955454432573,987.5253715675628,0.0,,1967951.2482961651
2021-01-20 10:00:20.300,0,0.8865466389884021,939.1855519755096,0.0,,1862255.7706889107
2021-01-20 10:00:20.310,0,0.6664260623868498,879.3698928558307,0.0,,1732205.0973060578
2021-01-20 10:00:20.320,0,0.8038886337615274,815.0068910460353,0.0,,1593274.1051524135
2021-01-20 10:00:20.330,0,0.7576867619961738,764.2108223904958,0.0,,1484392.6262664986
2021-01-20 10:00:20.340,0,0.7032043746693551,699.7704971651751,0.0,,1347305.3656718729
2021-01-20 10:00:20.350,0,0.5391042176043059,651.155643961671,0.0,,1244702.2587483504
2021-01-20 10:00:20.360,0,0.436680389162341,594.8207352627287,0.0,,1126773.0839063963
2021-01-20 10:00:20.370,0,0.4157480896317443,541.0475937824935,0.0,,1015247.8467823239
2021-01-20 10:00:20.380,0,0.4860237201952445,494.4047212073381,0.0,,919403.2003273113
2021-01-20 10:00:20.390,0,0.4371416023997087,446.2797507114588,0.0,,821460.6192548935
2021-01-20 10:00:20.400,0,0.3887668865058274,403.8805344376012,0.0,,736031.4967204903
2021-01-20 10:00:20.410,0,0.2876377325331397,360.3779000081116,0.0,,649304.8794303694
2021-01-20 10:00:20.420,0,0.3265409754935309,321.18265982541567,0.0,,572065.9839641063
2021-01-20 10:00:20.430,0,0.2256094679830466,284.08594318882245,1.0,,499818.00507797644
2021-01-20 10:00:20.440,0,0.2028742386261691,252.45738827795023,1.0,,438964.8867422879
2021-01-20 10:00:20.450,0,0.245113425230411,220.78171923351445,1.0,,378778.68015870394
2021-01-20 10:00:20.460,0,0.1662928538366558,191.5989789982404,1.0,,324082.67139070743
2021-01-20 10:00:20.470,0,0.1272216936454744,164.8216611985843,1.0,,274624.17935270135
2021-01-20 10:00:20.480,0,0.1564734307550339,141.9776520714085,1.0,,233067.33575271265
2021-01-20 10:00:20.490,0,0.1161314494579744,119.56940697642136,1.0,,192936.9605501694
2021-01-20 10:00:20.500,0,0.0820050078031598,99.37708607316412,2.0,,157414.85399667258
2021-01-20 10:00:20.510,0,0.0996339945993985,81.47987426618123,2.0,,126535.5096651797
2021-01-20 10:00:20.520,0,0.0549770400955997,65.52185289652951,2.0,,99558.80781549522
2021-01-20 10:00:20.530,0,0.0627408565312121,50.48603288992403,2.0,,74738.9258513774
2021-01-20 10:00:20.540,0,0.0439612089460106,37.93023592089342,2.0,,54573.27902469919
2021-01-20 10:00:20.550,0,0.0285769746086796,26.89293409332871,2.0,,37389.510665267284
2021-01-20 10:00:20.560,0,0.021161002780632,16.81170996840003,2.0,,22302.312134437958
2021-01-20 10:00:20.570,0,0.0054010871091679,8.272541787633827,2.0,,10227.334922201568
2021-01-20 10:00:20.580,0,-0.0019394606374687,0.7673816564410324,2.0,,757.6251007525576
2021-01-20 10:00:20.590,0,-0.0034229859961413,0.0,2.0,,9.943088986810789
2021-01-20 10:00:20.600,0,-0.0061528891664852,0.0,2.0,,10.448313030709388
2021-01-20 10:00:20.610,0,-0.0191155300820297,0.0,2.0,,7.6914915282100775
2021-01-20 10:00:20.620,0,-0.0205248164127801,0.0,2.0,,8.040766129740712
2021-01-20 10:00:20.630,0,-0.0253690349797461,0.0,2.0,,6.440857353516169
2021-01-20 10:00:20.640,0,-0.0276582851260481,0.0,2.0,,3.5433583810195266
2021-01-20 10:00:20.650,0,-0.0194313763727667,0.0,2.0,,10.766410750855922
2021-01-20 10:00:20.660,0,-0.0254128572626078,0.0,2.0,,10.170276206010422
2021-01-20 10:00:20.670,0,-0.0278037675466955,0.0,2.0,,7.430204654349442
2021-01-20 10:00:20.680,0,-0.024249254577272,0.0,2.0,,11.784138726956053
2021-01-20 10:00:20.690,0,-0.0264870276663485,0.0,2.0,,10.733985583299306
2021-01-20 10:00:20.700,1,-0.028797556101136,0.0,2.0,,11.817801838387178
2021-01-20 10:00:20.710,1,-0.0344846911212724,0.0,2.0,,8.598923832725841
2021-01-20 10:00:20.720,1,-0.0229235720798404,0.0,2.0,,8.018051309619892
2021-01-20 10:00:20.730,1,-0.0117889250649199,0.0,2.0,,8.453323563851889
2021-01-20 10:00:20.740,1,-0.028776803892224,0.0,2.0,,5.451946741249551
2021-01-20 10:00:20.750,1,-0.0216242199400113,0.0,2.0,,10.260377204180624
2021-01-20 10:00:20.760,1,-0.0250920681434937,0.0,2.0,,10.70070894048644
2021-01-20 10:00:20.770,1,-0.0157782089685988,0.0,2.0,,11.556995213692261
2021-01-20 10:00:20.780,1,-0.0239644012483508,0.0,2.0,,11.240493899158206
2021-01-20 10:00:20.790,1,-0.022304375308659,0.0,2.0,,7.882893568442032
2021-01-20 10:00:20.800,1,-0.0102898265689148,0.0,2.0,,10.814764473090793
2021-01-20 10:00:20.810,1,-0.0118121782955858,0.0,2.0,,10.207294458843876
2021-01-20 10:00:20.820,1,0.0010064898117835,3.75941981861024,2.0,,4302.06337151468
2021-01-20 10:00:20.830,1,0.0155266234771913,22.12908226490941,2.0,,30173.579388554164
2021-01-20 10:00:20.840,1,0.0490802491767754,44.461389257824095,2.0,,64994.74268646
2021-01-20 10:00:20.850,1,0.0522322724066027,69.13881608582658,2.0,,105619.14290391095
2021-01-20 10:00:20.860,1,0.0892496496320458,96.8658354570234,2.0,,153048.25137030875
2021-01-20 10:00:20.870,1,0.1397682922921712,126.71824904796128,2.0,,205666.53324893408
2021-01-20 10:00:20.880,1,0.1685496043424454,155.31881408718158,1.0,,257265.09572233466
2021-01-20 10:00:20.890,1,0.1988773773044089,194.24276416188087,1.0,,329008.7800030595
2021-01-20 10:00:20.900,1,0.1755080927962587,232.82977807894028,1.0,,401570.1695226813
2021-01-20 10:00:20.910,1,0.2540464796545074,275.46588494500975,1.0,,483163.6052219193
2021-01-20 10:00:20.920,1,0.2793205294686608,318.3036861986316,1.0,,566424.7676142768
2021-01-20 10:00:20.930,1,0.3807236421610777,363.42574913340894,0.0,,655353.2680112103
2021-01-20 10:00:20.940,1,0.3011407174600287,412.93041514347937,0.0,,754187.6213131228
2021-01-20 10:00:20.950,1,0.4113294840576638,459.2699966079397,0.0,,847791.5028976239
2021-01-20 10:00:20.960,1,0.5258982888357692,514.9481273514141,0.0,,961516.0272602207
2021-01-20 10:00:20.970,1,0.4124334368367934,568.3908844769121,0.0,,1071829.941941605
2021-01-20 10:00:20.980,1,0.5840490533842723,624.9062753472707,0.0,,1189626.6893438534
2021-01-20 10:00:20.990,1,0.6665708591469492,677.8381203653914,0.0,,1300924.0229921862
2021-01-20 10:00:21.000,1,0.5300316521992064,727.604695373118,0.0,,1406358.8807695478
2021-01-20 10:00:21.010,1,0.6578151213434535,776.9341983778407,0.0,,1511593.7525473882
2021-01-20 10:00:21.020,1,0.8965837279114582,831.4543824904724,0.0,,1628685.6893410792
2021-01-20 10:00:21.030,1,0.8346800514234908,878.8243758016083,0.0,,1731033.670152096
2021-01-20 10:00:21.040,1,0.9690348429704388,930.5301028947928,0.0,,1843389.7561119043
2021-01-20 10:00:21.050,1,0.9141747244571784,975.9837631035142,0.0,,1942667.93080022
2021-01-20 10:00:21.060,1,1.0256548920747823,1024.0079627239163,0.0,,2048081.4337356437
2021-01-20 10:00:21.070,1,1.1048619698987818,1058.8399581594624,0.0,,2124840.757191151
2021-01-20 10:00:21.080,1,0.9055157473381076,1112.8471972552816,0.0,,2244343.8560574227
2021-01-20 10:00:21.090,1,1.0237301144533837,1131.688549007378,0.0,,2286189.1098325737
2021-01-20 10:00:21.100,1,0.9096249084452294,1178.473436235235,0.0,,2390351.4767740876
2021-01-20 10:00:21.110,1,1.289938668729547,1206.128028236677,0.0,,2452146.006201973
2021-01-20 10:00:21.120,1,1.0931246401956725,1237.7341267433133,0.0,,2522909.7734101373
2021-01-20 10:00:21.130,1,1.3749762925507911,1259.403982619285,0.0,,2571548.4004518217
2021-01-20 10:00:21.140,1,1.0921336678812097,1278.2168385053376,0.0,,2613821.1030977834
2021-01-20 10:00:21.150,1,1.1610623943719152,1316.2651156982924,0.0,,2699536.1438350976
2021-01-20 10:00:21.160,1,1.3961102251883295,1334.7777670103208,0.0,,2741336.585336494
2021-01-20 10:00:21.170,1,1.3678374040790844,1361.9745097874115,0.0,,2802836.373883254
2021-01-20 10:00:21.180,1,1.2392741722114755,1366.8437433093331,0.0,,2813854.719899508
2021-01-20 10:00:21.190,1,1.2196095591542766,1393.5181720486096,0.0,,2874318.1151260375
2021-01-20 10:00:21.200,1,1.389450996757302,1400.681500607041,0.0,,2890584.091790198
2021-01-20 10:00:21.210,1,1.5639055270411688,1427.5553186085606,0.0,,2951650.4745961097
2021-01-20 10:00:21.220,1,1.1625750008064428,1415.2995914467654,0.0,,2923771.3839326217
2021-01-20 10:00:21.230,1,1.3504421919632204,1443.547369378616,0.0,,2988034.841154851
2021-01-20 10:00:21.240,1,1.3105574098349606,1448.1830796937054,0.0,,2998589.5831896146
2021-01-20 10:00:21.250,1,1.4568596055772909,1463.1875433426908,0.0,,3032783.855636382
2021-01-20 10:00:21.260,1,1.2601845108017673,1483.9095682135337,0.0,,3080052.6426122305
2021-01-20 10:00:21.270,1,1.1797614035076016,1478.6388935265827,0.0,,3068021.4721307093
2021-01-20 10:00:21.280,1,1.4177660160087295,1474.2979309112543,0.0,,3058126.559916773
2021-01-20 10:00:21.290,1,1.6482402864953,1472.9378767006692,0.0,,3055032.7252671393
2021-01-20 10:00:21.300,1,1.6605479014600035,1474.2719714815494,0.0,,3058075.0966198044
2021-01-20 10:00:21.310,1,1.6366989492273916,1480.148746804742,0.0,,3071489.534505348
2021-01-20 10:00:21.320,1,1.1867764642310448,1486.6581450234876,0.0,,3086323.361437729
2021-01-20 10:00:21.330,1,1.2312829862649413,1493.6358145791662,0.0,,3102265.1477973317
2021-01-20 10:00:21.340,1,1.6759604763989358,1489.00004748863,0.0,,3091699.1103334324
2021-01-20 10:00:21.350,1,1.6198875540268485,1491.214564915724,0.0,,3096754.734126207
2021-01-20 10:00:21.360,1,1.4761774761616733,1491.7900786122177,0.0,,3098061.7466654214
2021-01-20 10:00:21.370,1,1.6227223776337305,1472.852680134165,0.0,,3054837.632311405
2021-01-20 10:00:21.380,1,1.2939342013112844,1482.6858636716397,0.0,,3077259.5180156953
2021-01-20 10:00:21.390,1,1.296713531833269,1490.0818316852933,0.0,,3094151.2176300106
2021-01-20 10:00:21.400,1,1.2162791068766652,1480.8507769915625,0.0,,3073066.8131435146
2021-01-20 10:00:21.410,1,1.1471841612126534,1470.8494928566097,0.0,,3050244.493076584
2021-01-20 10:00:21.420,1,1.6931746787615614,1480.9369222421262,0.0,,3073294.0834558685
2021-01-20 10:00:21.430,1,1.2939746220369888,1476.1962031484877,0.0,,3062453.1765419985
2021-01-20 10:00:21.440,1,1.5518854896163048,1485.3412189396531,0.0,,3083336.7993237097
2021-01-20 10:00:21.450,1,1.1929064436343289,1470.0573720130003,0.0,,3048437.825164905
2021-01-20 10:00:21.460,1,1.5331074234299007,1467.6893015408657,0.0,,3043058.493412193
2021-01-20 10:00:21.470,1,1.49642394939533,1455.0035338049074,0.0,,3014135.8932591355
2021-01-20 10:00:21.480,1,1.3551588862247508,1479.683865672184,0.0,,3070412.646165929
2021-01-20 10:00:21.490,1,1.3802218783140698,1464.7417025601223,0.0,,3036322.226411168
2021-01-20 10:00:21.500,1,1.131983540029721,1460.8325120436398,0.0,,3027401.4447122915
2021-01-20 10:00:21.510,1,1.4009244228846496,1469.38471130499,0.0,,3046913.509345236
2021-01-20 10:00:21.520,1,1.1971219629515626,1438.7355769511869,0.0,,2977074.2028812137
2021-01-20 10:00:21.530,1,1.144620219963134,1448.6230927818542,0.0,,2999584.445764458
2021-01-20 10:00:21.540,1,1.4526090202709618,1446.604655017026,0.0,,2995000.822713566
2021-01-20 10:00:21.550,1,1.1113714053840993,1451.4659571102732,0.0,,3006058.1254372364
2021-01-20 10:00:21.560,1,1.1498373227397354,1440.2633461001171,0.0,,2980545.586224968
2021-01-20 10:00:21.570,1,1.3733478784314792,1436.8997806540954,0.0,,2972899.098952852
2021-01-20 10:00:21.580,1,1.5176886338639417,1436.2032200046897,0.0,,2971324.3781085736
2021-01-20 10:00:21.590,1,1.1592981181371829,1443.3601556550962,0.0,,2987597.320660325
2021-01-20 10:00:21.600,1,1.0193774475070054,1443.923224608517,0.0,,2988874.3672003876
2021-01-20 10:00:21.610,1,1.2378725652443048,1431.8129790313887,0.0,,2961320.8205100764
2021-01-20 10:00:21.620,1,1.2125280866972348,1433.047872580714,0.0,,2964129.092749906
2021-01-20 10:00:21.630,1,1.3809751368198742,1449.3027970046066,0.0,,3001141.7693073796
2021-01-20 10:00:21.640,1,1.3501325925041652,1434.0026970557783,0.0,,2966308.470510109
2021-01-20 10:00:21.650,0,1.2124915597640324,1432.93483213553,0.0,,2963869.1194645045
2021-01-20 10:00:21.660,0,1.4135435306376638,1431.1542991304364,0.0,,2959833.0373204537
2021-01-20 10:00:21.670,0,1.0136353257339838,1438.8081486675749,0.0,,2977226.8353550164
2021-01-20 10:00:21.680,0,1.3437261441484134,1434.589112896811,0.0,,2967643.907546034
2021-01-20 10:00:21.690,0,1.1419604879984129,1429.6899345916254,0.0,,2956483.822317743
2021-01-20 10:00:21.700,0,0.9964239855980562,1441.4581708109692,0.0,,2983257.046883278
2021-01-20 10:00:21.710,0,1.130374971910692,1433.4793431057788,0.0,,2965105.079404747
2021-01-20 10:00:21.720,0,1.3212460307631666,1427.3300968928186,0.0,,2951132.0731877005
2021-01-20 10:00:21.730,0,1.0394776056826276,1426.2138580285598,0.0,,2948576.850676865
2021-01-20 10:00:21.740,0,1.2657985205605031,1421.3362781352955,0.0,,2937497.3884467944
2021-01-20 10:00:21.750,0,1.148444440338771,1419.108785208763,0.0,,2932423.8265019013
2021-01-20 10:00:21.760,0,1.1489490892398369,1415.9818571657324,0.0,,2925320.7017311957
2021-01-20 10:00:21.770,0,1.0348576929899542,1376.210723025521,0.0,,2835063.3589583994
2021-01-20 10:00:21.780,0,0.9353308962885174,1353.4122805732625,0.0,,2783439.3471825845
2021-01-20 10:00:21.790,0,1.0118383467453522,1311.2486656529911,0.0,,2688206.436435085
2021-01-20 10:00:21.800,0,0.9458356038467136,1263.1135375576143,0.0,,2579861.5411295947
2021-01-20 10:00:21.810,0,0.9036290826955048,1211.5672421916329,0.0,,2464290.439296004
2021-01-20 10:00:21.820,0,0.9710946452462396,1167.217664833537,0.0,,2365252.1780011137
2021-01-20 10:00:21.830,0,0.8239383787447199,1104.4798122874029,0.0,,2225785.8762202845
2021-01-20 10:00:21.840,0,0.5735269309514694,1042.7050935649636,0.0,,2089226.3821564752
2021-01-20 10:00:21.850,0,0.6326538798471135,979.9332080640596,0.0,,1951308.338593951
2021-01-20 10:00:21.860,0,0.5894852795834641,921.3946616049268,0.0,,1823477.0299279983
2021-01-20 10:00:21.870,0,0.4705684022630756,858.9310062680644,0.0,,1687964.0149032744
2021-01-20 10:00:21.880,0,0.5380940294661569,797.2361559460412,0.0,,1555090.6727382806
2021-01-20 10:00:21.890,0,0.5507984808549556,735.9611670274608,0.0,,1424138.7664716437
2021-01-20 10:00:21.900,0,0.4490568341797816,672.0092531710992,0.0,,1288615.9690436174
2021-01-20 10:00:21.910,0,0.3590375142237902,624.0513088980467,0.0,,1187824.1420400369
2021-01-20 10:00:21.920,0,0.3826427697364394,573.685839610795,0.0,,1082813.6718579505
2021-01-20 10:00:21.930,0,0.3782553039604855,522.0811975368209,0.0,,976169.0008620395
2021-01-20 10:00:21.940,0,0.3454062766981984,470.7488466684262,0.0,,871126.2067527598
2021-01-20 10:00:21.950,0,0.3238313061442401,429.42511919947486,0.0,,787393.2090980982
2021-01-20 10:00:21.960,0,0.219305658376817,384.357162630234,0.0,,696981.0965845417
2021-01-20 10:00:21.970,0,0.238347948645281,340.6120885958936,0.0,,610238.9848823339
2021-01-20 10:00:21.980,0,0.2021802887379994,307.0038195785853,0.0,,544343.1178288822
2021-01-20 10:00:21.990,0,0.2031753597648651,268.0662411760571,1.0,,468903.92617216817
2021-01-20 10:00:22.000,0,0.1892811508298459,237.20275161495127,1.0,,409878.2508483966
2021-01-20 10:00:22.010,0,0.1535540881419903,205.8802292410957,1.0,,350751.52143838577
2021-01-20 10:00:22.020,0,0.1504028958239501,177.99927824474975,1.0,,298871.1896047035
2021-01-20 10:00:22.030,0,0.1211881032714971,152.4314253873721,1.0,,252006.20953610237
2021-01-20 10:00:22.040,0,0.0970612487662158,129.78150894036207,1.0,,211136.23356462657
2021-01-20 10:00:22.050,0,0.0921092790024178,108.76171539035496,1.0,,173849.75944396967
2021-01-20 10:00:22.060,0,0.0613232442105987,89.65664012360389,2.0,,140569.70875846592
2021-01-20 10:00:22.070,0,0.0462540229524542,73.43817202810354,2.0,,112864.96623124131
2021-01-20 10:00:22.080,0,0.053832416209219,57.67698605993951,2.0,,86531.41548608344
2021-01-20 10:00:22.090,0,0.0399931597044085,43.98533221793075,2.0,,64225.4816192537
2021-01-20 10:00:22.100,0,0.0217514256011905,31.93365175009648,2.0,,45164.57163523228
2021-01-20 10:00:22.110,0,0.0166812160015738,21.40466938251545,2.0,,29085.885090247237
2021-01-20 10:00:22.120,1,0.0069312490859012,12.369075818657429,2.0,,15916.128872956504
2021-01-20 10:00:22.130,1,0.002929316237016,4.3465078921015445,2.0,,5039.620148536307
2021-01-20 10:00:22.140,1,-0.0008753145971246,0.0,2.0,,10.094875963425613
2021-01-20 10:00:22.150,1,-0.0102870042921763,0.0,2.0,,11.310422870501812
2021-01-20 10:00:22.160,1,-0.0120243887392877,0.0,2.0,,11.187668425738364
2021-01-20 10:00:22.170,1,-0.0146378376113547,0.0,2.0,,12.206122262099198
2021-01-20 10:00:22.180,1,-0.0176270522968606,0.0,2.0,,9.758670109440462
2021-01-20 10:00:22.190,1,-0.0227891413901674,0.0,2.0,,8.0861557166549
2021-01-20 10:00:22.200,1,-0.0185427012920126,0.0,2.0,,9.14904128140738
2021-01-20 10:00:22.210,1,-0.0226881610260506,0.0,2.0,,7.673201231945254
2021-01-20 10:00:22.220,1,-0.0153875053916629,0.0,2.0,,12.85690820338792
2021-01-20 10:00:22.230,1,-0.0191411430446981,0.0,2.0,,6.93774050077179
2021-01-20 10:00:22.240,1,-0.0143832181099244,0.0,2.0,,13.074791708567515
2021-01-20 10:00:22.250,1,0.0052207375180587,6.501955725971071,2.0,,7847.755291029165
2021-01-20 10:00:22.260,1,0.0241408475236436,27.41444544111173,2.0,,38184.9328736539
2021-01-20 10:00:22.270,1,0.0450516041969527,51.57533067225243,2.0,,76516.45050315742
2021-01-20 10:00:22.280,1,0.0585391683699201,78.16811247348708,2.0,,120886.13706691616
2021-01-20 10:00:22.290,1,0.1072752806425768,107.35901116193504,2.0,,171376.45462162374
2021-01-20 10:00:22.300,1,0.1420712030433285,136.60759977753094,1.0,,223386.35450831064
2021-01-20 10:00:22.310,1,0.1920052063438297,171.97963916862332,1.0,,287778.5401617877
2021-01-20 10:00:22.320,1,0.1865006891601569,210.74907794591667,1.0,,359887.39388651133
2021-01-20 10:00:22.330,1,0.1874740125201192,251.6962579932012,1.0,,437505.8703753718
2021-01-20 10:00:22.340,1,0.2857609842586868,294.00998436402364,1.0,,519063.8818850268
2021-01-20 10:00:22.350,1,0.2702647502047765,336.9864630902808,0.0,,603102.6576184946
2021-01-20 10:00:22.360,1,0.3534321877213385,389.7055431277678,0.0,,707665.4394313593
2021-01-20 10:00:22.370,1,0.4467729374580929,438.2289228133191,0.0,,805174.0988498667
2021-01-20 10:00:22.380,1,0.5364005992186508,490.43550314941314,0.0,,911292.14502733
2021-01-20 10:00:22.390,1,0.5637999850510198,545.8347063113209,0.0,,1025140.8661142827
2021-01-20 10:00:22.400,1,0.4626437552162671,600.5074627216383,0.0,,1138632.5014006745
2021-01-20 10:00:22.410,1,0.5956215200859329,646.2875606044922,0.0,,1234472.0013373878
2021-01-20 10:00:22.420,1,0.7034218093631531,692.8982487345222,0.0,,1332754.4222734824
2021-01-20 10:00:22.430,1,0.7983794548958804,759.5795562494601,0.0,,1474499.9172330315
2021-01-20 10:00:22.440,1,0.7509848766226866,801.0540024340387,0.0,,1563299.590198985
2021-01-20 10:00:22.450,1,1.0018815879571308,851.8319604553623,0.0,,1672649.912448737
2021-01-20 10:00:22.460,1,0.7681513418615172,896.0336924126713,0.0,,1768354.4195707978
2021-01-20 10:00:22.470,1,0.9020509576732796,945.6683453694244,0.0,,1876403.3226969782
2021-01-20 10:00:22.480,1,0.7834609695254043,989.1896571548892,0.0,,1971599.0818718947
2021-01-20 10:00:22.490,1,0.9069203774031837,1030.9915092006536,0.0,,2063439.9802433518
2021-01-20 10:00:22.500,1,1.0981950383195502,1068.9314501656163,0.0,,2147127.0626805136
2021-01-20 10:00:22.510,1,0.8594325772948418,1107.8561382052346,0.0,,2233270.378568967
2021-01-20 10:00:22.520,1,1.0612124617372236,1147.510092622895,0.0,,2321366.2022172348
2021-01-20 10:00:22.530,1,1.3153113859643677,1172.1995322685543,0.0,,2376377.2894416465
2021-01-20 10:00:22.540,1,1.2406731615292663,1213.554452477917,0.0,,2468754.080427357
2021-01-20 10:00:22.550,1,0.994336969902134,1231.781175762252,0.0,,2509557.574588237
2021-01-20 10:00:22.560,1,0.9966021508909524,1258.074857333546,0.0,,2568546.682753941
2021-01-20 10:00:22.570,1,1.133320755446842,1284.3625462490274,0.0,,2627649.2367148325
2021-01-20 10:00:22.580,1,1.4375016926800626,1311.0257126259692,0.0,,2687729.058798315
2021-01-20 10:00:22.590,1,1.3104251496215729,1315.1581087137124,0.0,,2697049.3904536637
2021-01-20 10:00:22.600,1,1.0009914414041683,1343.5506063354014,0.0,,2761141.5449504014
2021-01-20 10:00:22.610,1,1.3733109309643088,1360.4928571416076,0.0,,2799481.5938303014
2021-01-20 10:00:22.620,1,1.235960480063724,1374.728194350875,0.0,,2831715.7059691423
2021-01-20 10:00:22.630,1,1.4471119488545794,1374.5738976779735,0.0,,2831377.262483173
2021-01-20 10:00:22.640,1,1.5205626633661062,1399.4188505240902,0.0,,2887721.542447511
2021-01-20 10:00:22.650,1,1.3047852560915567,1410.2543899820623,0.0,,2912314.774989004
2021-01-20 10:00:22.660,1,1.3315265294351344,1431.0693821357538,0.0,,2959633.3068966507
2021-01-20 10:00:22.670,1,1.4304603260491768,1426.2227234622308,0.0,,2948612.518313612
2021-01-20 10:00:22.680,1,1.4768833592196402,1431.4031085322997,0.0,,2960398.56911024
2021-01-20 10:00:22.690,1,1.467669904743654,1439.3224394059,0.0,,2978420.095726149
2021-01-20 10:00:22.700,1,1.2439540774943434,1441.7587878914628,0.0,,2983954.0405144845
2021-01-20 10:00:22.710,1,1.1081554125561497,1447.2496195508404,0.0,,2996450.1696292846
2021-01-20 10:00:22.720,1,1.0527793290830063,1456.9483106425537,0.0,,3018542.759043837
2021-01-20 10:00:22.730,1,1.2944182448154429,1458.0241551614654,0.0,,3021006.041640881
2021-01-20 10:00:22.740,1,1.0072677252399709,1464.5843796414426,0.0,,3035950.3255103044
2021-01-20 10:00:22.750,1,1.2233754972636075,1470.1534284803315,0.0,,3048661.1864917153
2021-01-20 10:00:22.760,1,1.069947831201429,1470.70927895951,0.0,,3049921.654205227
2021-01-20 10:00:22.770,1,1.4413192243768418,1469.1368773980164,0.0,,3046353.9519796944
2021-01-20 10:00:22.780,1,1.0187891362549748,1468.0961360920417,0.0,,3043954.2519962396
2021-01-20 10:00:22.790,1,1.4401593880817216,1480.6862955858096,0.0,,3072704.072447493
2021-01-20 10:00:22.800,1,1.3428061098875488,1460.4242039868795,0.0,,3026480.406519833
2021-01-20 10:00:22.810,1,1.4666615571148232,1463.848311073767,0.0,,3034295.6497179973
2021-01-20 10:00:22.820,1,1.4687685236280934,1465.9665730686804,0.0,,3039124.3665517615
2021-01-20 10:00:22.830,1,1.3427201927286831,1462.6798762673443,0.0,,3031623.437344811
2021-01-20 10:00:22.840,1,1.132507177385662,1474.4452491401205,0.0,,3058445.39607059
2021-01-20 10:00:22.850,1,1.2385247009469948,1473.7988249282016,0.0,,3056979.2326230784
2021-01-20 10:00:22.860,1,1.358309058241043,1465.520347239786,0.0,,3038100.119906469
2021-01-20 10:00:22.870,1,1.2790051353857417,1473.0558057217129,0.0,,3055283.7074165456
2021-01-20 10:00:22.880,1,0.9884961628120054,1464.3882586677246,0.0,,3035499.3098404496
2021-01-20 10:00:22.890,1,1.1772509844573806,1467.554355749364,0.0,,3042729.344174064
2021-01-20 10:00:22.900,1,1.0368542068312634,1466.7880889734918,0.0,,3040977.637045486
2021-01-20 10:00:22.910,1,1.1990062548013083,1462.8431434248027,0.0,,3031986.264088375
2021-01-20 10:00:22.920,1,1.3923787015160909,1462.4193872192718,0.0,,3031031.239561755
2021-01-20 10:00:22.930,1,1.0749377808921188,1464.5472598004783,0.0,,3035869.821733052
2021-01-20 10:00:22.940,1,1.1698616065427352,1447.538795547488,0.0,,2997111.211916165
2021-01-20 10:00:22.950,1,1.3209840403123032,1449.5902828206754,0.0,,3001789.5421818015
2021-01-20 10:00:22.960,1,1.3111762550311314,1450.943521666928,0.0,,3004874.310652104
2021-01-20 10:00:22.970,1,1.297008834491791,1440.2048605631333,0.0,,2980418.7442281176
2021-01-20 10:00:22.980,1,1.2017917412859629,1439.7110598553006,0.0,,2979290.98555188
2021-01-20 10:00:22.990,1,1.2858529843147777,1441.4678981513853,0.0,,2983295.8989439867
2021-01-20 10:00:23.000,1,1.2008713707201994,1459.8024060147131,0.0,,3025056.5913585476
2021-01-20 10:00:23.010,1,1.4245010182073252,1441.1990553105136,0.0,,2982689.5719664376
2021-01-20 10:00:23.020,1,1.2158860876694542,1443.3080540183944,0.0,,2987483.7356784106
2021-01-20 10:00:23.030,1,1.3814949983914329,1442.3907018486825,0.0,,2985404.647008881
2021-01-20 10:00:23.040,1,1.4560775195396176,1428.6389653737149,0.0,,2954112.452458827
2021-01-20 10:00:23.050,1,1.499034980133265,1439.4575390500436,0.0,,2978734.8555069175
2021-01-20 10:00:23.060,1,1.260692046087632,1442.982399504367,0.0,,2986744.041682835
2021-01-20 10:00:23.070,0,1.3546735302007962,1430.7663657526764,0.0,,2958944.6092137317
2021-01-20 10:00:23.080,0,1.2783167592224198,1447.8186220624689,0.0,,2997755.8923227345
2021-01-20 10:00:23.090,0,1.5360903721476324,1425.9111053999409,0.0,,2947909.2130043046
2021-01-20 10:00:23.100,0,1.152268039488913,1423.5426642152297,0.0,,2942508.8496404397
2021-01-20 10:00:23.110,0,1.3339010256207235,1423.3769631174523,0.0,,2942141.8078546925
2021-01-20 10:00:23.120,0,1.217740735832466,1433.6997040348278,0.0,,2965611.658808749
2021-01-20 10:00:23.130,0,1.2030272652281937,1432.4743413767862,0.0,,2962823.9800402755
2021-01-20 10:00:23.140,0,1.0618723914841917,1437.9955670460024,0.0,,2975377.3548461865
2021-01-20 10:00:23.150,0,1.1002602122737553,1440.2198702161056,0.0,,2980450.45651536
2021-01-20 10:00:23.160,0,1.5554644536444666,1439.5370428875651,0.0,,2978914.2389208535
2021-01-20 10:00:23.170,0,1.0746394217787698,1431.3519262345362,0.0,,2960264.5167737748
2021-01-20 10:00:23.180,0,1.4922675760960549,1418.3252097576742,0.0,,2930658.54722943
2021-01-20 10:00:23.190,0,1.4949825911418455,1397.2291734324958,0.0,,2882751.4509276464
2021-01-20 10:00:23.200,0,1.4335440136904185,1358.1383752373986,0.0,,2794158.2081059157
2021-01-20 10:00:23.210,0,1.3327719621841918,1318.0127948243269,0.0,,2703482.093531841
2021-01-20 10:00:23.220,0,1.088776219716982,1266.8976595420725,0.0,,2588375.507961325
2021-01-20 10:00:23.230,0,1.3269778996684334,1228.295299755003,0.0,,2501765.2503922433
2021-01-20 10:00:23.240,0,1.046909483083854,1168.6063663616949,0.0,,2368350.924448718
2021-01-20 10:00:23.250,0,1.2047756145478286,1105.363288079931,0.0,,2227766.467552731
2021-01-20 10:00:23.260,0,0.9109158096909712,1056.8662512341878,0.0,,2120476.9007817106
2021-01-20 10:00:23.270,0,1.0424729135327768,979.4632526566452,0.0,,1950300.857780172
2021-01-20 10:00:23.280,0,0.9121684165433024,920.2440227749672,0.0,,1820988.3448978018
2021-01-20 10:00:23.290,0,0.7902283543946768,865.8319399470198,0.0,,1702901.4028108995
2021-01-20 10:00:23.300,0,0.834693806051378,800.2796830447975,0.0,,1561638.7971690227
2021-01-20 10:00:23.310,0,0.6906648908291776,745.7154482047173,0.0,,1444918.125358567
2021-01-20 10:00:23.320,0,0.6328554848882523,690.8918229400757,0.0,,1328514.0432696433
2021-01-20 10:00:23.330,0,0.4821154391279663,629.6807507935442,0.0,,1199623.1499393878
2021-01-20 10:00:23.340,0,0.5427718481579724,576.6169885840267,0.0,,1088908.5932775747
2021-01-20 10:00:23.350,0,0.3950032762632615,524.8444535611045,0.0,,981852.714808337
2021-01-20 10:00:23.360,0,0.4903420637355898,478.0617802029558,0.0,,886030.5834990292
2021-01-20 10:00:23.370,0,0.3456004352989457,437.1378423815525,0.0,,802959.5073090817
2021-01-20 10:00:23.380,0,0.3344027950655193,391.5045737655564,0.0,,711256.2633147228
2021-01-20 10:00:23.390,0,0.3309472549285898,350.7907266133003,0.0,,630332.6722712108
2021-01-20 10:00:23.400,0,0.2941783149920163,308.3293116013352,0.0,,546936.035056226
2021-01-20 10:00:23.410,0,0.2314607062858991,273.66472154026,1.0,,479685.5491738277
2021-01-20 10:00:23.420,0,0.2243957731711534,240.82556834413256,1.0,,416768.7649695785
2021-01-20 10:00:23.430,0,0.171573484670834,210.06471196134288,1.0,,358598.4122880623
2021-01-20 10:00:23.440,0,0.1280593548695197,182.41000435819728,1.0,,307025.6575219001
2021-01-20 10:00:23.450,0,0.1589805258749891,156.51936557253046,1.0,,259448.14043226925
2021-01-20 10:00:23.460,0,0.096385547966104,132.98079249276742,1.0,,216868.30031494633
2021-01-20 10:00:23.470,0,0.0769904715883341,111.9213131972692,1.0,,179404.98807175359
2021-01-20 10:00:23.480,0,0.0744124691138097,92.5408387580872,2.0,,145550.08592062304
2021-01-20 10:00:23.490,0,0.0602134684020167,75.64018360893499,2.0,,116594.90350078382
2021-01-20 10:00:23.500,0,0.0452468002569856,60.18310361324709,2.0,,90676.84713349027
2021-01-20 10:00:23.510,0,0.0327008127906186,46.00244620544012,2.0,,67473.51249218974
2021-01-20 10:00:23.520,0,0.0363321161112931,33.94266514991828,2.0,,48295.48020021049
2021-01-20 10:00:23.530,0,0.0197554799617866,22.804724778878764,2.0,,31188.591678393943
2021-01-20 10:00:23.540,0,0.0098730107182024,13.456362664040396,2.0,,17460.962551394696
2021-01-20 10:00:23.550,0,0.004409160161464,5.13636378086999,2.0,,6062.391158642246
2021-01-20 10:00:23.560,0,0.0006600569349598,0.0,2.0,,5.831188893046258
2021-01-20 10:00:23.570,0,-0.0096714715635268,0.0,2.0,,8.478390459750615
2021-01-20 10:00:23.580,0,-0.0107852584968033,0.0,2.0,,7.947451647132727
2021-01-20 10:00:23.590,0,-0.011020406720528,0.0,2.0,,9.136516692963145
2021-01-20 10:00:23.600,0,-0.0176725724267737,0.0,2.0,,9.222447848921512
2021-01-20 10:00:23.610,0,-0.0197089286302117,0.0,2.0,,10.961903783071467
2021-01-20 10:00:23.620,0,-0.0243711207073057,0.0,2.0,,15.521195911384114
2021-01-20 10:00:23.630,0,-0.0287508108345134,0.0,2.0,,5.175386886112763
2021-01-20 10:00:23.640,0,-0.0287831247900824,0.0,2.0,,5.383180323292705
2021-01-20 10:00:23.650,0,-0.0318503683117545,0.0,2.0,,9.286313251205849
2021-01-20 10:00:23.660,0,-0.019981260866091,0.0,2.0,,11.790670458752357
2021-01-20 10:00:23.670,0,-0.030454237623943,0.0,2.0,,6.097089182934056
2021-01-20 10:00:23.680,0,-0.0286365853080445,0.0,2.0,,6.8921794197324475
2021-01-20 10:00:23.690,0,-0.0225656445646151,0.0,2.0,,5.95729893435254
2021-01-20 10:00:23.700,0,-0.0258836737061484,0.0,2.0,,12.121294858857313
2021-01-20 10:00:23.710,0,-0.032160122006262,0.0,2.0,,6.256642577774803
2021-01-20 10:00:23.720,0,-0.0281764286129188,0.0,2.0,,8.965669263907968
2021-01-20 10:00:23.730,0,-0.0253600726792848,0.0,2.0,,8.55349413205471
2021-01-20 10:00:23.740,0,-0.0188126980260002,0.0,2.0,,11.79241758101343
2021-01-20 10:00:23.750,0,-0.0143487471776969,0.0,2.0,,8.016201355669924
2021-01-20 10:00:23.760,0,-0.0143687003793775,0.0,2.0,,7.883992226367965
2021-01-20 10:00:23.770,0,-0.0163191504199159,0.0,2.0,,6.4355444601249285
2021-01-20 10:00:23.780,0,-0.0215696534879684,0.0,2.0,,12.544596724060355
2021-01-20 10:00:23.790,0,-0.0177633603288078,0.0,2.0,,10.631299288424984
2021-01-20 10:00:23.800,0,-0.0135590256362151,0.0,2.0,,7.783173462697864
2021-01-20 10:00:23.810,0,-0.0205388457898912,0.0,2.0,,13.697149308429367
2021-01-20 10:00:23.820,0,-0.0101687205772265,0.0,2.0,,12.993932114062613
2021-01-20 10:00:23.830,0,-0.0142882647401687,0.0,2.0,,8.184580023042948
2021-01-20 10:00:23.840,0,-0.0010640010304104,0.0,2.0,,10.086254932582692
2021-01-20 10:00:23.850,0,-0.0138470553626286,0.0,2.0,,9.592876170125464
2021-01-20 10:00:23.860,0,-0.003715913599334,0.0,2.0,,8.779816840575366
2021-01-20 10:00:23.870,0,-0.0088477999496258,0.0,2.0,,10.262597075373833
2021-01-20 10:00:23.880,0,-0.0131928262848766,0.0,2.0,,8.902342355168102
2021-01-20 10:00:23.890,0,-0.0011068384479422,0.0,2.0,,11.583882925241713
2021-01-20 10:00:23.900,0,-0.0009597121557583,0.0,2.0,,10.171571713531744
2021-01-20 10:00:23.910,0,-0.0010732739067966,0.0,2.0,,10.110442742088098
2021-01-20 10:00:23.920,0,-0.0040209261475585,0.0,2.0,,10.083756536267304
2021-01-20 10:00:23.930,0,-0.0068678430973043,0.0,2.0,,9.91077417799393
2021-01-20 10:00:23.940,0,-0.0061670843508678,0.0,2.0,,13.122490317184262
2021-01-20 10:00:23.950,0,-0.0025240391153532,0.0,2.0,,9.267502242733618
2021-01-20 10:00:23.960,0,-0.0015611251763815,0.0,2.0,,7.635417253474607
2021-01-20 10:00:23.970,0,-0.0016091980773919,0.0,2.0,,12.094702658640262
2021-01-20 10:00:23.980,0,-0.000464634604769,0.0,2.0,,12.649661940929123
2021-01-20 10:00:23.990,0,-5.998202564180562e-05,0.0,2.0,,8.387296047996433
2021-01-20 10:00:24.000,0,0.0014590157895233,0.0,2.0,,11.157365663662931
2021-01-20 10:00:24.010,0,-0.0020328278250571,0.0,2.0,,11.044662878073307
2021-01-20 10:00:24.020,0,0.0009598735172851,0.0,2.0,,5.885034871477917
2021-01-20 10:00:24.030,0,-0.0044900017861116,0.0,2.0,,11.959586967780083
2021-01-20 10:00:24.040,0,-0.000191287028452,0.0,2.0,,13.234411725962072
2021-01-20 10:00:24.050,0,0.0020577927415714,0.0,2.0,,11.851985837635445
2021-01-20 10:00:24.060,0,3.689429715904508e-05,0.0570194445002716,2.0,,54.65575515627511
2021-01-20 10:00:24.070,0,0.0014218529077155,0.1735789634678942,2.0,,156.87797432971647
2021-01-20 10:00:24.080,0,-0.0060046387989479,0.2708550692819498,2.0,,245.70962446737278
2021-01-20 10:00:24.090,0,0.0022534428955919,0.3509421426843928,2.0,,328.19534202205784
2021-01-20 10:00:24.100,0,0.0026478316923666,0.4212034554449384,2.0,,397.04775254864734
2021-01-20 10:00:24.110,0,0.0031726737284299,0.4700356139586696,2.0,,444.7546268741225
2021-01-20 10:00:24.120,0,0.000255219603617,0.5107840976077116,2.0,,489.2169516429519
2021-01-20 10:00:24.130,0,0.0004277754441789,0.539875923672794,2.0,,516.9585047456867
2021-01-20 10:00:24.140,0,0.0001951775149585,0.5625555489255792,2.0,,539.0255991860836
2021-01-20 10:00:24.150,0,0.0012946225385231,0.5755191429539395,2.0,,554.4634934295492
2021-01-20 10:00:24.160,0,0.0016243208210153,0.588902360105607,2.0,,567.0364695020289
2021-01-20 10:00:24.170,0,0.0012951678314299,0.5802427200731679,2.0,,559.0824045658577
2021-01-20 10:00:24.180,0,0.002938435900035,0.5706337749415117,2.0,,549.2126244515382
2021-01-20 10:00:24.190,0,-0.0052827649237558,0.5608262995693445,2.0,,538.4811267331509
2021-01-20 10:00:24.200,0,-0.0008251460838002,0.5481704321690226,2.0,,530.747243242436
2021-01-20 10:00:24.210,0,-0.0015732588050718,0.5323170610515086,2.0,,509.51550246211366
2021-01-20 10:00:24.220,0,0.0041604703884581,0.5156829587845297,2.0,,490.63334766885123
2021-01-20 10:00:24.230,0,-0.0012829036875738,0.4900372720063738,2.0,,468.2814189569106
2021-01-20 10:00:24.240,0,-0.0016779062428286,0.466624511881981,2.0,,438.24358593282153
2021-01-20 10:00:24.250,0,-0.0093973860489803,0.4458234372348969,2.0,,421.37175178019874
2021-01-20 10:00:24.260,0,-0.0027672399969684,0.4211411782681044,2.0,,398.0647281780031
2021-01-20 10:00:24.270,0,-0.0015347469288379,0.3931583628480224,2.0,,371.1314766145212
2021-01-20 10:00:24.280,0,-0.0004057756063483,0.3669025874788335,2.0,,342.0335811181237
2021-01-20 10:00:24.290,0,0.0041019763432865,0.3431008652582238,2.0,,316.91010569282565
2021-01-20 10:00:24.300,0,-0.0041073571865557,0.3170786982521569,2.0,,290.84428231624133
2021-01-20 10:00:24.310,0,-0.004349978377744,0.2938550004189395,2.0,,271.071773906023
2021-01-20 10:00:24.320,0,0.0035673130813475,0.2689260230931072,2.0,,242.7419561868052
2021-01-20 10:00:24.330,0,0.000652881541235,0.2499658958032661,2.0,,227.2172426583974
2021-01-20 10:00:24.340,0,-0.0036784478410969,0.2263851279934876,2.0,,208.50916679165002
2021-01-20 10:00:24.350,0,-0.0006240704163876,0.2062740138671955,2.0,,183.97746750712878
2021-01-20 10:00:24.360,0,-0.0029908873081147,0.1864385548974091,2.0,,166.6309088834793
2021-01-20 10:00:24.370,0,0.0051896090679297,0.1694101193970169,2.0,,152.1669291360337
2021-01-20 10:00:24.380,0,0.0021524077339879,0.1513072932301887,2.0,,136.3169822430951
2021-01-20 10:00:24.390,0,-0.0004538413311295,0.1344777255334678,2.0,,120.01615643367015
2021-01-20 10:00:24.400,0,0.0032513809630404,0.1184916083283338,2.0,,105.24939456985446
2021-01-20 10:00:24.410,0,0.0063001928308963,0.10534687286393,2.0,,93.28779281517184
2021-01-20 10:00:24.420,0,-0.0018998855378656,0.0921236047260772,2.0,,83.25232220410173
2021-01-20 10:00:24.430,0,-0.0050493141080753,0.0798787826802667,2.0,,69.32879173296642
2021-01-20 10:00:24.440,0,-0.0007392503433168,0.0692158944769341,2.0,,68.11920308647878
2021-01-20 10:00:24.450,0,-0.0025977801776666,0.0594540394088731,2.0,,56.16419571916016
2021-01-20 10:00:24.460,0,-0.0016236321767719,0.0500830385135432,2.0,,48.565267216513504
2021-01-20 10:00:24.470,0,-0.0056852646762494,0.0417208852726591,2.0,,40.30284764377906
2021-01-20 10:00:24.480,0,-0.00052537682709,0.0346715374335439,2.0,,31.201560849687127
2021-01-20 10:00:24.490,0,0.0022680443924885,0.0279839477155884,2.0,,32.854003075163064
2021-01-20 10:00:24.500,0,0.0041997231654324,0.0220190852771461,2.0,,25.826165196340526
2021-01-20 10:00:24.510,0,0.0007351905332613,0.0165090212135946,2.0,,20.794366186551237
2021-01-20 10:00:24.520,0,0.0001789122902822,0.0119400437035099,2.0,,20.08583101725042
2021-01-20 10:00:24.530,0,0.0005211623959795,0.0077435833441413,2.0,,15.886194790312143
2021-01-20 10:00:24.540,0,-0.0023906144287861,0.0042600582337513,2.0,,13.44821790834461
2021-01-20 10:00:24.550,0,0.0012931968569551,0.0011344264259837,2.0,,11.055553694378492
2021-01-20 10:00:24.560,0,0.0008454143479327,0.0,2.0,,13.080709151853219
2021-01-20 10:00:24.570,0,-0.0030081432667216,0.0,2.0,,12.090878034620218
2021-01-20 10:00:24.580,0,-0.002699281646185,0.0,2.0,,12.275759655144686
2021-01-20 10:00:24.590,0,0.0050223131788802,0.0,2.0,,8.53229057722118
2021-01-20 10:00:24.600,0,-0.0012446885793318,0.0,2.0,,6.5418402347568705
2021-01-20 10:00:24.610,0,0.0004079423331632,0.0,2.0,,12.075753268945515
2021-01-20 10:00:24.620,0,0.0007169416581991,0.0,2.0,,8.470227066838483
2021-01-20 10:00:24.630,0,0.0038515245109898,0.0,2.0,,9.658848922519113
2021-01-20 10:00:24.640,0,-0.0068636883739604,0.0,2.0,,9.479485190619114
2021-01-20 10:00:24.650,0,0.0022802469016061,0.0,2.0,,8.949991495741383
2021-01-20 10:00:24.660,0,-0.0036846836584069,0.0,2.0,,12.064989829502194
2021-01-20 10:00:24.670,0,-0.0074741095460497,0.0,2.0,,10.33005287887493
2021-01-20 10:00:24.680,0,0.0003459115569644,0.0,2.0,,9.140707461013479
2021-01-20 10:00:24.690,0,-0.0034661427333853,0.0,2.0,,10.999479549518947
2021-01-20 10:00:24.700,0,0.0022189328005338,0.0,2.0,,7.296664076575833
2021-01-20 10:00:24.710,0,0.0011360216631584,0.0,2.0,,6.662865082381579
2021-01-20 10:00:24.720,0,-0.0003683608236977,0.0,2.0,,11.07240914170166
2021-01-20 10:00:24.730,0,-0.0036515642980899,0.0,2.0,,9.21648539170584
2021-01-20 10:00:24.740,0,-0.0014757800377194,0.0,2.0,,6.275292787843227
2021-01-20 10:00:24.750,0,0.0004460895418847,0.0,2.0,,7.567091243849857
2021-01-20 10:00:24.760,0,0.0016301448235435,0.0,2.0,,9.34018908944316
2021-01-20 10:00:24.770,0,0.0023573178147698,0.0,2.0,,7.193524727063268
2021-01-20 10:00:24.780,0,-0.0010094599264093,0.0,2.0,,12.454481671313575
2021-01-20 10:00:24.790,0,0.0020131912308599,0.0,2.0,,12.526706373495808
2021-01-20 10:00:24.800,0,-0.0005834929024974,0.0,2.0,,10.718799932676044
2021-01-20 10:00:24.810,0,0.0072153829222874,0.0,2.0,,13.305859479249555
2021-01-20 10:00:24.820,0,0.0009353296704591,0.0,2.0,,12.92665232271845
2021-01-20 10:00:24.830,0,0.0063371476295648,0.0,2.0,,11.23918853531548
2021-01-20 10:00:24.840,0,-0.0006216005067171,0.0,2.0,,9.027415449363128
2021-01-20 10:00:24.850,0,-0.0033832737750401,0.0,2.0,,11.686616204506512
2021-01-20 10:00:24.860,0,0.0020807250159909,0.0,2.0,,10.933926342030231
2021-01-20 10:00:24.870,0,0.0013345824270626,0.0,2.0,,8.323991728524547
2021-01-20 10:00:24.880,0,0.0011219814117024,0.0,2.0,,10.74281014715435
2021-01-20 10:00:24.890,0,-0.0013307897344166,0.0,2.0,,8.639993407922608
2021-01-20 10:00:24.900,0,-0.0017738197764282,0.0,2.0,,12.29886046914389
2021-01-20 10:00:24.910,0,0.0075489476653326,0.0,2.0,,12.287259520969997
2021-01-20 10:00:24.920,0,0.0005699504374735,0.0,2.0,,8.170048867031197
2021-01-20 10:00:24.930,0,-0.0023837878611012,0.0,2.0,,12.772550547822668
2021-01-20 10:00:24.940,0,0.0048945724384217,0.0,2.0,,8.46792932971061
2021-01-20 10:00:24.950,0,-0.0050077129001071,0.0,2.0,,10.56589296877716
2021-01-20 10:00:24.960,0,0.0048424796754912,0.0,2.0,,11.399120823926753
2021-01-20 10:00:24.970,0,0.0024243715759481,0.0,2.0,,14.480928357321678
2021-01-20 10:00:24.980,0,0.0039454405259962,0.0,2.0,,11.920602015869397
2021-01-20 10:00:24.990,0,-0.0001616976400074,0.0,2.0,,8.678684900465974
2021-01-20 10:00:25.000,0,0.0002445592382621,0.0,2.0,,12.346759581851426
2021-01-20 10:00:25.010,0,-0.0021999682802905,0.0,2.0,,12.129638794978506
2021-01-20 10:00:25.020,0,-0.0097944949993935,0.0,2.0,,13.651236815924474
2021-01-20 10:00:25.030,0,0.0082391876338179,0.0,2.0,,11.050960931884333
2021-01-20 10:00:25.040,0,0.0022862795454339,0.0,2.0,,9.23203889484514
2021-01-20 10:00:25.050,0,-0.0011196505759601,0.0,2.0,,7.068558091974407
2021-01-20 10:00:25.060,0,-0.0016960379633891,3.68749430718536e-05,2.0,,9.390449217452383
2021-01-20 10:00:25.070,0,0.0023311309472294,8.068990850808659e-05,2.0,,10.88256859327297
2021-01-20 10:00:25.080,0,-0.0058650277254189,0.0001172221594194,2.0,,8.519728796181836
2021-01-20 10:00:25.090,0,0.0028277651234618,0.0001484904825642,2.0,,10.217081890109952
2021-01-20 10:00:25.100,0,-0.0045936480013747,0.0001724658958055,2.0,,13.301392505029476
2021-01-20 10:00:25.110,0,0.0068377405751341,0.0001903462112297,2.0,,11.614874528913196
2021-01-20 10:00:25.120,0,0.0044362174521423,0.0002057757125939,2.0,,7.069626913047921
2021-01-20 10:00:25.130,0,0.0001879133643089,0.000216163208069,2.0,,12.239054112833642
2021-01-20 10:00:25.140,0,-0.0035897306214436,0.0002245285413072,2.0,,10.984499934978752
2021-01-20 10:00:25.150,0,-0.0029013934269145,0.0002274006608732,2.0,,8.07486785009259
2021-01-20 10:00:25.160,0,-0.0009709256839734,0.000227798284047,2.0,,9.613482257473827
2021-01-20 10:00:25.170,0,-0.0056775631744865,0.000224147107817,2.0,,7.718360326947799
2021-01-20 10:00:25.180,0,-0.0003569092735319,0.0002209876245147,2.0,,9.321169632737101
2021-01-20 10:00:25.190,0,-0.0002031169392091,0.0002177060379434,2.0,,9.727658983609048
2021-01-20 10:00:25.200,0,-0.0027762891995948,0.0002114867774181,2.0,,12.54902073013454
2021-01-20 10:00:25.210,0,-0.0018068299818587,0.0002047150137837,2.0,,9.233444052193096
2021-01-20 10:00:25.220,0,-0.0013963999243989,0.0001950220891299,2.0,,13.128193870758555
2021-01-20 10:00:25.230,0,-0.0015013153323674,0.0001877579426715,2.0,,9.407345993187537
2021-01-20 10:00:25.240,0,0.011188237348473,0.0001763145753721,2.0,,9.072504510984688
2021-01-20 10:00:25.250,0,0.002084119145063,0.0001674516258744,2.0,,9.49760348797608
2021-01-20 10:00:25.260,0,-0.0021911604132222,0.000158688082895,2.0,,7.4829982113012505
2021-01-20 10:00:25.270,0,0.000651349979006,0.0001491018553707,2.0,,10.848188032501971
2021-01-20 10:00:25.280,0,-0.0040570939823014,0.0001377352254644,2.0,,7.725420299540806
2021-01-20 10:00:25.290,0,0.0011204221182346,0.0001286150414454,2.0,,10.196951248854226
2021-01-20 10:00:25.300,0,-0.0006613771357327,0.0001190859957544,2.0,,12.123487122088022
2021-01-20 10:00:25.310,0,-0.0038993752418186,0.0001090367312782,2.0,,10.561951807086109
2021-01-20 10:00:25.320,0,0.0053615993220111,0.0001007794817083,2.0,,11.275584690298762
2021-01-20 10:00:25.330,0,-0.0016068832674583,9.232804642868144e-05,2.0,,8.894155608784608
2021-01-20 10:00:25.340,0,0.0003054088963054,8.463622948175999e-05,2.0,,13.185271461326046
2021-01-20 10:00:25.350,0,0.0019412474583616,7.649634024076817e-05,2.0,,8.289480665753576
2021-01-20 10:00:25.360,0,-0.0029513579323193,6.864872190242896e-05,2.0,,8.69541633609562
2021-01-20 10:00:25.370,0,0.0020395236933539,6.23102712658061e-05,2.0,,13.04296088542622
2021-01-20 10:00:25.380,0,0.0010131708184339,5.5592903847076345e-05,2.0,,7.667817556523421
2021-01-20 10:00:25.390,0,0.0066754245909655,4.940221264733916e-05,2.0,,11.49922804184017
2021-01-20 10:00:25.400,0,-0.0038657590842398,4.398414671116324e-05,2.0,,13.477742886403304
2021-01-20 10:00:25.410,0,0.0016372131692659,3.887120150859734e-05,2.0,,9.30133360083817
2021-01-20 10:00:25.420,0,0.001699985664346,3.391253010696166e-05,2.0,,12.012273833352918
2021-01-20 10:00:25.430,0,0.0053158803281338,2.958763567961353e-05,2.0,,10.83917858988069
2021-01-20 10:00:25.440,0,-0.0073397978517143,2.566066554888513e-05,2.0,,7.59775636656639
2021-01-20 10:00:25.450,0,-0.0005270647591927,2.182634988947252e-05,2.0,,10.629823328012618
2021-01-20 10:00:25.460,0,-0.0006343901740496,1.8422273564424668e-05,1.0,,8.733540731138723
2021-01-20 10:00:25.470,0,-0.0027475607643451,1.5317795485951534e-05,1.0,,9.620939646052914
2021-01-20 10:00:25.480,0,-0.0013353416528669,1.2489022367844829e-05,1.0,,12.733993614279983
2021-01-20 10:00:25.490,0,-0.0006221849823812,1.0168150481819322e-05,1.0,,9.636332441942354
2021-01-20 10:00:25.500,0,0.0014147988996705,7.891223909452792e-06,1.0,,11.851636340011577
2021-01-20 10:00:25.510,0,-0.0003353770806871,5.927914880289389e-06,1.0,,12.089552593369252
2021-01-20 10:00:25.520,0,-0.0015435132112915,4.203147831892461e-06,1.0,,13.811698511401591
2021-01-20 10:00:25.530,0,0.0021682683456622,2.632054006551752e-06,1.0,,11.626631820070454
2021-01-20 10:00:25.540,0,0.0017208061690098,1.332528417724442e-06,1.0,,9.407099026606218
2021-01-20 10:00:25.550,0,-0.0030024792083918,1.7349864546039498e-07,1.0,,7.857361945389943
2021-01-20 10:00:25.560,0,0.0032676513887746,0.0,1.0,,11.543173583797136
2021-01-20 10:00:25.570,0,0.0025464701021654,0.0,1.0,,12.062265718262484
2021-01-20 10:00:25.580,0,-0.0052278619049404,0.0,1.0,,9.31021039646894
2021-01-20 10:00:25.590,0,-0.0024287406039296,0.0,1.0,,8.637152756446147
2021-01-20 10:00:25.600,0,0.0011804031693293,0.0,1.0,,8.816199683545271
2021-01-20 10:00:25.610,0,-0.003401704025634,0.0,1.0,,10.867447345073908
2021-01-20 10:00:25.620,0,0.0027420388775299,0.0,1.0,,4.573166116486387
2021-01-20 10:00:25.630,0,0.0010239203066348,0.0,1.0,,12.197115428050642
2021-01-20 10:00:25.640,0,-0.0025992867759435,0.0,1.0,,10.261704526494475
2021-01-20 10:00:25.650,0,-0.0008507719450571,0.0,1.0,,6.8002290418957845
2021-01-20 10:00:25.660,0,-0.0044507014424907,0.0,1.0,,10.949653120873727
2021-01-20 10:00:25.670,0,0.0041892274973635,0.0,1.0,,13.448911232690755
2021-01-20 10:00:25.680,0,0.0010831862393017,0.0,1.0,,7.425493726516039
2021-01-20 10:00:25.690,0,-0.0009811085005615,0.0,1.0,,8.277595783225197
2021-01-20 10:00:25.700,0,0.0002245421221379,0.0,1.0,,12.406203906260796
2021-01-20 10:00:25.710,0,0.0024100687597471,0.0,1.0,,7.425330383333797
2021-01-20 10:00:25.720,0,-0.0027914708496868,0.0,1.0,,8.464826816326672
2021-01-20 10:00:25.730,0,0.0035096543587833,0.0,1.0,,9.08257731115286
2021-01-20 10:00:25.740,0,0.0013573792182738,0.0,1.0,,10.793635481047769
2021-01-20 10:00:25.750,0,-0.0035905730559722,0.0,1.0,,9.623495930942155
2021-01-20 10:00:25.760,0,0.0036223496233004,0.0,1.0,,9.680860891373628
2021-01-20 10:00:25.770,0,0.003760503315744,0.0,1.0,,11.350768147307708
2021-01-20 10:00:25.780,0,-0.004490671453222,0.0,1.0,,11.083912443032736
2021-01-20 10:00:25.790,0,-0.0021802687295447,0.0,1.0,,10.830982387576425
2021-01-20 10:00:25.800,0,0.0069773469312134,0.0,1.0,,7.882662706289741
2021-01-20 10:00:25.810,0,0.0017143427990157,0.0,1.0,,12.27902375021722
2021-01-20 10:00:25.820,0,-0.0043506586054578,0.0,1.0,,10.53624411705344
2021-01-20 10:00:25.830,0,0.0036218546363594,0.0,1.0,,13.189742663087575
2021-01-20 10:00:25.840,0,-0.004424234451364,0.0,1.0,,8.727372722271882
2021-01-20 10:00:25.850,0,-0.0007815971680093,0.0,1.0,,11.469489725623202
2021-01-20 10:00:25.860,0,0.0015255167437484,0.0,1.0,,6.855681319163419
2021-01-20 10:00:25.870,0,0.0036702219651088,0.0,1.0,,8.687427658118889
2021-01-20 10:00:25.880,0,0.0002112350259944,0.0,1.0,,8.18650664254752
2021-01-20 10:00:25.890,0,0.0008014026888114,0.0,1.0,,9.292176689103508
2021-01-20 10:00:25.900,0,-0.0022488976150237,0.0,1.0,,8.192143858378582
2021-01-20 10:00:25.910,0,-0.0023892719137683,0.0,1.0,,8.578881113844442
2021-01-20 10:00:25.920,0,-0.0045737459461956,0.0,1.0,,12.92836159062972
2021-01-20 10:00:25.930,0,0.0069508525056057,0.0,1.0,,8.582808428007436
2021-01-20 10:00:25.940,0,0.0011517690938937,0.0,1.0,,8.842401702083631
2021-01-20 10:00:25.950,1,0.003963199360257,0.0,1.0,,8.716893083927783
2021-01-20 10:00:25.960,1,0.0026539435630185,0.0,1.0,,11.049853785687345
2021-01-20 10:00:25.970,1,-0.0079868293825184,0.0,1.0,,8.938041962999296
2021-01-20 10:00:25.980,1,-0.0039079826179891,0.0,1.0,,10.760717869323274
2021-01-20 10:00:25.990,1,0.0022891568007067,0.0,1.0,,6.618966482835841
2021-01-20 10:00:26.000,1,0.0027903743380903,0.0,1.0,,13.927759418284353
2021-01-20 10:00:26.010,1,-0.0023008996530361,0.0,1.0,,14.311942656110464
2021-01-20 10:00:26.020,1,0.0063266694712211,0.0,1.0,,11.433136279455175
2021-01-20 10:00:26.030,1,0.0038954077905156,0.0,1.0,,8.721708548442605
2021-01-20 10:00:26.040,1,-0.0005840995310375,0.0,1.0,,9.791809006419252
2021-01-20 10:00:26.050,1,-0.000988768359638,0.5087250712561185,1.0,,481.6338688472253
2021-01-20 10:00:26.060,1,0.0095674911670731,9.13597247291758,1.0,,11407.208915121879
2021-01-20 10:00:26.070,1,0.0170920076474914,27.087244606322194,1.0,,37683.49583098515
2021-01-20 10:00:26.080,1,0.0362032295382001,52.93197649813744,1.0,,78732.35410009674
2021-01-20 10:00:26.090,1,0.0690722458611005,84.22827758554193,1.0,,131235.3678654154
2021-01-20 10:00:26.100,1,0.1058007365463001,122.84269484431402,1.0,,198758.8455327594
2021-01-20 10:00:26.110,1,0.1266331650049342,164.56768294541428,1.0,,274157.29209361575
2021-01-20 10:00:26.120,1,0.1654012925134097,208.55062640523,0.0,,355757.50104862073
2021-01-20 10:00:26.130,1,0.1706228475039191,260.7820917028606,0.0,,454907.2972439377
2021-01-20 10:00:26.140,1,0.2505803878315304,315.6720254175222,0.0,,561275.4077492253
2021-01-20 10:00:26.150,1,0.2457034696720645,371.2986740678031,0.0,,670981.1164117891
2021-01-20 10:00:26.160,1,0.3501424229748581,427.8795890997312,0.0,,784276.1638831961
2021-01-20 10:00:26.170,1,0.2730149163494189,491.69754952961785,0.0,,913857.0311186372
2021-01-20 10:00:26.180,1,0.459490214868836,549.0691848597544,0.0,,1031819.8172612501
2021-01-20 10:00:26.190,1,0.4681844634904779,600.8428064248114,0.0,,1139328.5684657565
2021-01-20 10:00:26.200,1,0.4624526765771762,662.5383519212943,0.0,,1268653.4700852262
2021-01-20 10:00:26.210,1,0.4335114568454021,715.3689901007308,0.0,,1380363.8262488355
2021-01-20 10:00:26.220,1,0.4895752143859033,779.7092316142732,0.0,,1517524.336918529
2021-01-20 10:00:26.230,1,0.5460068336576579,831.2824522810512,0.0,,1628291.4757359014
2021-01-20 10:00:26.240,1,0.5101591343059528,877.9983848827247,0.0,,1729228.6868227029
2021-01-20 10:00:26.250,1,0.6073099138206646,926.1278977678572,0.0,,1833781.5812459884
2021-01-20 10:00:26.260,1,0.7127491265618576,970.8697516529124,0.0,,1931464.9464698147
2021-01-20 10:00:26.270,1,0.7650920638437312,1018.8735955505076,0.0,,2036773.6424103887
2021-01-20 10:00:26.280,1,0.6307148229937327,1065.3250426487148,0.0,,2139138.6842638557
2021-01-20 10:00:26.290,1,0.6088506795830798,1098.1662434359332,0.0,,2211787.4356230344
2021-01-20 10:00:26.300,1,0.7785479637014251,1139.9138968854377,0.0,,2304457.2037205896
2021-01-20 10:00:26.310,1,0.7852535748049497,1163.5255551184598,0.0,,2357017.4272586885
2021-01-20 10:00:26.320,1,0.6397085316615992,1202.6882924169872,0.0,,2444417.200233096
2021-01-20 10:00:26.330,1,0.7476305874999687,1236.8601994614548,0.0,,2520927.770834276
2021-01-20 10:00:26.340,1,0.6984126526146801,1257.2444453036446,0.0,,2566665.7267746716
2021-01-20 10:00:26.350,1,0.7165450455293271,1285.8478598089716,0.0,,2630969.6495652776
2021-01-20 10:00:26.360,1,0.7426261258220188,1302.7607043583382,0.0,,2669065.758989438
2021-01-20 10:00:26.370,1,0.7934188644414293,1333.9301802094224,0.0,,2739394.6750214244
2021-01-20 10:00:26.380,1,0.8697921412647249,1363.802690776518,0.0,,2806953.6732770377
2021-01-20 10:00:26.390,1,0.980580960373175,1363.12455527398,0.0,,2805422.691851161
2021-01-20 10:00:26.400,1,0.7767666545193883,1376.3199421645445,0.0,,2835299.105352438
2021-01-20 10:00:26.410,1,1.0240761233239315,1404.006968222477,0.0,,2898113.454516695
2021-01-20 10:00:26.420,1,0.8353730232369955,1426.007746557696,0.0,,2948096.1946617677
2021-01-20 10:00:26.430,1,1.0450704018480026,1428.5208553619086,0.0,,2953819.389356029
2021-01-20 10:00:26.440,1,0.8005535802154748,1435.485398622724,0.0,,2969652.040403379
2021-01-20 10:00:26.450,1,1.0727977247431062,1445.0604528457702,0.0,,2991465.2904456174
2021-01-20 10:00:26.460,1,0.8215526347880606,1450.8427947782056,0.0,,3004623.8800563454
2021-01-20 10:00:26.470,1,1.052639397188025,1441.1890077441053,0.0,,2982648.4693611865
2021-01-20 10:00:26.480,1,0.9811789367377716,1467.7613885904325,0.0,,3043194.1637552124
2021-01-20 10:00:26.490,1,1.095163950932903,1475.3224316795597,0.0,,3060448.063016753
2021-01-20 10:00:26.500,1,1.042852563218865,1468.257606468765,0.0,,3044328.0523132356
2021-01-20 10:00:26.510,1,1.0401049485877207,1475.998643761017,0.0,,3061985.8115576208
2021-01-20 10:00:26.520,1,0.8917887906285157,1468.797670327756,0.0,,3045550.829384574
2021-01-20 10:00:26.530,1,1.1744437674342247,1472.0242166797757,0.0,,3052926.170331919
2021-01-20 10:00:26.540,1,1.185898174279234,1494.0196851317603,0.0,,3103139.1390419006
2021-01-20 10:00:26.550,1,0.9388005185854776,1482.870759337708,0.0,,3077667.8585754884
2021-01-20 10:00:26.560,1,0.8920241121547082,1496.3708828336576,0.0,,3108500.935076134
2021-01-20 10:00:26.570,1,0.970142432646814,1480.535971417416,0.0,,3072338.91509082
2021-01-20 10:00:26.580,1,1.3041743971993895,1472.5411662311276,0.0,,3054114.348782304
2021-01-20 10:00:26.590,1,1.062669942241344,1492.2744447823443,0.0,,3099146.959810455
2021-01-20 10:00:26.600,1,1.0973987025030123,1479.549032671917,0.0,,3070093.306391321
2021-01-20 10:00:26.610,1,1.3563306932531778,1486.5236379235057,0.0,,3086026.6078333566
2021-01-20 10:00:26.620,1,1.2170043051249684,1480.0536394568376,0.0,,3071250.28786971
2021-01-20 10:00:26.630,1,1.0069888823852748,1488.3946701354596,0.0,,3090285.0165008735
2021-01-20 10:00:26.640,1,1.092040937578102,1477.2523463620523,0.0,,3064850.437097464
2021-01-20 10:00:26.650,1,1.2834739830486994,1460.2779670163611,0.0,,3026147.3743034895
2021-01-20 10:00:26.660,1,1.4243709790840982,1489.475912684906,0.0,,3092774.173108557
2021-01-20 10:00:26.670,1,1.2756802678577115,1461.47772104918,0.0,,3028878.454141829
2021-01-20 10:00:26.680,1,1.495051041866951,1479.105212253335,0.0,,3069102.611074537
2021-01-20 10:00:26.690,1,1.052207740035118,1473.8435537903867,0.0,,3057070.0843987274
2021-01-20 10:00:26.700,1,1.1034252305374872,1460.9492697541082,0.0,,3027664.260839609
2021-01-20 10:00:26.710,1,1.2989144638166152,1468.6169276173566,0.0,,3045158.2228131983
2021-01-20 10:00:26.720,1,1.2435693546257736,1470.5662799586912,0.0,,3049607.069151553
2021-01-20 10:00:26.730,1,1.1666362791305418,1461.5969815002093,0.0,,3029146.9697205336
2021-01-20 10:00:26.740,1,1.2924417061580795,1473.2364109791183,0.0,,3055699.844917808
2021-01-20 10:00:26.750,1,1.3878044941971752,1458.5426684897736,0.0,,3022195.801303347
2021-01-20 10:00:26.760,1,1.5160048284192262,1457.664416443666,0.0,,3020193.7744884663
2021-01-20 10:00:26.770,1,1.062812989091187,1456.761325879355,0.0,,3018118.044362949
2021-01-20 10:00:26.780,1,1.2831925636291792,1450.778445984626,0.0,,3004499.5937292427
2021-01-20 10:00:26.790,1,1.2297790009273202,1456.0947348317825,0.0,,3016609.2617438985
2021-01-20 10:00:26.800,1,1.2784330728712692,1452.4221576127618,0.0,,3008241.6132662278
2021-01-20 10:00:26.810,1,1.3535874064226956,1450.5517398108504,0.0,,3003982.5172949773
2021-01-20 10:00:26.820,1,1.1754929086146049,1457.6255005673252,0.0,,3020091.205093847
2021-01-20 10:00:26.830,1,1.5879419497467675,1435.7080957497546,0.0,,2970197.6887166426
2021-01-20 10:00:26.840,1,1.2104472241868072,1438.6658329819538,0.0,,2976914.424255199
2021-01-20 10:00:26.850,1,1.5470919165988508,1447.7002258508994,0.0,,2997498.3819543347
2021-01-20 10:00:26.860,1,1.527529582736877,1441.6567484809188,0.0,,2983737.0610127095
2021-01-20 10:00:26.870,1,1.447645955171279,1432.4908139797378,0.0,,2962873.231459316
2021-01-20 10:00:26.880,1,1.1606610973913585,1444.4315859047877,0.0,,2990037.098271556
2021-01-20 10:00:26.890,1,1.1423615542793295,1440.5908764687988,0.0,,2981296.698784508
2021-01-20 10:00:26.900,0,1.3933875264992468,1422.9974358102506,0.0,,2941278.3439600267
2021-01-20 10:00:26.910,0,1.191445339649742,1437.2782995281498,0.0,,2973757.263253486
2021-01-20 10:00:26.920,0,1.1942860816280272,1435.7361951577511,0.0,,2970243.1758834487
2021-01-20 10:00:26.930,0,1.465763250852112,1431.1923520453076,0.0,,2959918.697464094
2021-01-20 10:00:26.940,0,1.1917767433224735,1429.7578165362474,0.0,,2956644.9049512427
2021-01-20 10:00:26.950,0,1.3356935546191575,1437.1930177341665,0.0,,2973565.999477284
2021-01-20 10:00:26.960,0,1.42945464713684,1438.228483292076,0.0,,2975927.409397542
2021-01-20 10:00:26.970,0,1.4100157157409663,1425.1424853548217,0.0,,2946156.5542365345
2021-01-20 10:00:26.980,0,1.2604518865023493,1427.6271146573324,0.0,,2951801.467106129
2021-01-20 10:00:26.990,0,1.1156298875843191,1429.8757541294112,0.0,,2956908.904645422
2021-01-20 10:00:27.000,0,1.3917575628034349,1428.567583117048,0.0,,2953948.4799444713
2021-01-20 10:00:27.010,0,1.286065617900665,1423.7083788786756,0.0,,2942893.3498008973
2021-01-20 10:00:27.020,0,1.5340179969359768,1400.2834658503743,0.0,,2889683.837158845
2021-01-20 10:00:27.030,0,1.464239358102866,1364.5409297393037,0.0,,2808652.552557353
2021-01-20 10:00:27.040,0,1.3912011845833214,1328.5874610492351,0.0,,2727354.873807606
2021-01-20 10:00:27.050,0,1.2292894562692267,1272.1601934232433,0.0,,2600205.0840795226
2021-01-20 10:00:27.060,0,0.9396397771062032,1238.9796398075682,0.0,,2525690.9331511836
2021-01-20 10:00:27.070,0,1.1627501945546133,1168.232132283218,0.0,,2367522.4995092563
2021-01-20 10:00:27.080,0,0.8890998821336806,1119.905258399545,0.0,,2260006.8756396947
2021-01-20 10:00:27.090,0,0.950116363209588,1044.7320634252703,0.0,,2093713.6759988237
2021-01-20 10:00:27.100,0,0.7547800718089538,990.4841562714308,0.0,,1974436.2354759448
2021-01-20 10:00:27.110,0,0.7802889275555832,931.3301938191636,0.0,,1845122.8366582606
2021-01-20 10:00:27.120,0,0.8408617710869002,868.8335410505168,0.0,,1709399.9488965892
2021-01-20 10:00:27.130,0,0.6961843468266703,810.4992209632634,0.0,,1583578.9411620349
2021-01-20 10:00:27.140,0,0.5580931916135093,749.3219792902013,0.0,,1452602.5543269585
2021-01-20 10:00:27.150,0,0.6429150649132043,694.8429236436841,0.0,,1336865.6441247647
2021-01-20 10:00:27.160,0,0.6018444816216304,639.8032704040897,0.0,,1220861.5028663212
2021-01-20 10:00:27.170,0,0.3895354469961634,588.2446118904116,0.0,,1113076.372004195
2021-01-20 10:00:27.180,0,0.4820966369407901,528.3022409205737,0.0,,988973.9431030066
2021-01-20 10:00:27.190,0,0.4420229242456704,481.0621502051049,0.0,,892146.8066812089
2021-01-20 10:00:27.200,0,0.4080803236840389,440.3343156066634,0.0,,809427.0953020197
2021-01-20 10:00:27.210,0,0.312538727034674,391.92122940390175,0.0,,712089.4236972142
2021-01-20 10:00:27.220,0,0.3396339336107588,353.50059323557167,0.0,,635694.1425006511
2021-01-20 10:00:27.230,0,0.2863946650878247,311.5758686720023,0.0,,553269.7787947904
2021-01-20 10:00:27.240,0,0.2423082881962294,279.00052599194044,0.0,,489985.2208531368
2021-01-20 10:00:27.250,0,0.1702084890932225,245.0621097600041,0.0,,424837.6599909938
2021-01-20 10:00:27.260,0,0.1490064528558621,213.76195495616147,0.0,,365547.19568344014
2021-01-20 10:00:27.270,0,0.1260049101517652,185.5637426862956,1.0,,312868.124031768
2021-01-20 10:00:27.280,0,0.150224569052192,157.2384988530925,1.0,,260761.57646016433
2021-01-20 10:00:27.290,0,0.1048978421254958,135.50639404047166,1.0,,221405.87165561164
2021-01-20 10:00:27.300,0,0.0827631922817175,113.02133050478837,1.0,,181351.63789208894
2021-01-20 10:00:27.310,1,0.0688888958704638,94.17906066080322,1.0,,148387.96474271995
2021-01-20 10:00:27.320,1,0.0687073721315058,75.87635887427287,1.0,,116994.86544650201
2021-01-20 10:00:27.330,1,0.0547288169004922,61.31013947244038,1.0,,92546.88135580283
2021-01-20 10:00:27.340,1,0.0347086222892792,47.1719891746556,1.0,,69365.3916209014
2021-01-20 10:00:27.350,1,0.0393028217451694,34.88783593298927,2.0,,49779.22965255875
2021-01-20 10:00:27.360,1,0.0179184466585091,23.523192224823752,2.0,,32270.356631332605
2021-01-20 10:00:27.370,1,0.0125420329571993,14.142856420134018,2.0,,18446.085073679395
2021-01-20 10:00:27.380,1,0.0044685283638404,5.903940852617747,2.0,,7059.428235790371
2021-01-20 10:00:27.390,1,0.0025343016432186,0.0,2.0,,11.692100099559227
2021-01-20 10:00:27.400,1,-0.0061720325631151,0.0,2.0,,8.874776756617308
2021-01-20 10:00:27.410,1,-0.0086748635297425,0.0,2.0,,8.75748595354891
2021-01-20 10:00:27.420,1,-0.0049793815287805,0.0,2.0,,11.662170328327623
2021-01-20 10:00:27.430,1,-0.0037654509235498,0.0,2.0,,10.478049785973734
2021-01-20 10:00:27.440,1,0.0085644583617319,10.710634708690266,2.0,,13585.544831915677
2021-01-20 10:00:27.450,1,0.0172694590669949,28.75863786215505,2.0,,40247.446301438016
2021-01-20 10:00:27.460,1,0.0500114300165499,50.7091007637444,2.0,,75104.00076930583
2021-01-20 10:00:27.470,1,0.0684341718395688,76.56754539835705,2.0,,118169.43891999584
2021-01-20 10:00:27.480,1,0.0786714408778345,105.48524966120372,1.0,,168094.99664893388
2021-01-20 10:00:27.490,1,0.1036061612665222,141.06618527465332,1.0,,231415.19003989978
2021-01-20 10:00:27.500,1,0.1587435122004216,182.68401339520736,1.0,,307538.94740000187
2021-01-20 10:00:27.510,1,0.2050480517157964,221.58525731602265,1.0,,380291.82493051956
2021-01-20 10:00:27.520,1,0.2056791717785632,267.30974026028235,1.0,,467447.0803009849
2021-01-20 10:00:27.530,1,0.2480892511693546,312.27079395321323,0.0,,554630.9492696215
2021-01-20 10:00:27.540,1,0.300263613821969,362.4430398038523,0.0,,653402.0109339579
2021-01-20 10:00:27.550,1,0.4101547525686368,417.55353709402925,0.0,,763483.3385902871
2021-01-20 10:00:27.560,1,0.4721570119293189,473.17924960780624,0.0,,876081.5691797859
2021-01-20 10:00:27.570,1,0.4924668709941751,525.4621917252873,0.0,,983129.134009413
2021-01-20 10:00:27.580,1,0.6155791930683899,582.2961151751928,0.0,,1100713.736113514
2021-01-20 10:00:27.590,1,0.6406974525199596,632.6307235757897,0.0,,1205815.9368879392
2021-01-20 10:00:27.600,1,0.5713000296752513,688.713253859967,0.0,,1323896.64646954
2021-01-20 10:00:27.610,1,0.8123002723406483,750.3053879517067,0.0,,1454713.0640928247
2021-01-20 10:00:27.620,1,0.8379317303588246,794.6255481155963,0.0,,1549504.5875955478
2021-01-20 10:00:27.630,1,0.6809318665438302,841.1773276471147,0.0,,1649633.747654028
2021-01-20 10:00:27.640,1,0.8042225735838999,899.1728423346301,0.0,,1775168.8946121242
2021-01-20 10:00:27.650,1,0.7470201212702874,947.3815304382296,0.0,,1880132.7055545787
2021-01-20 10:00:27.660,1,0.9430853266216506,988.0415949554612,0.0,,1969087.6050163691
2021-01-20 10:00:27.670,1,0.7887802753270426,1015.8543087240448,0.0,,2030137.5799260112
2021-01-20 10:00:27.680,1,0.9573835578561776,1063.9431480778148,0.0,,2136099.7565933038
2021-01-20 10:00:27.690,1,0.8395862836766285,1098.093111704145,0.0,,2211631.702054205
2021-01-20 10:00:27.700,1,0.9068670733836716,1124.4144215129202,0.0,,2270021.3642868036
2021-01-20 10:00:27.710,1,1.1541988185966578,1173.3333096466415,0.0,,2378899.7062706696
2021-01-20 10:00:27.720,1,0.910746696671658,1196.3561278101722,0.0,,2430283.51373745
2021-01-20 10:00:27.730,1,0.984249996745328,1218.1120287696167,0.0,,2478941.820991282
2021-01-20 10:00:27.740,1,1.3006349862883624,1254.075970345244,0.0,,2559582.9077457967
2021-01-20 10:00:27.750,1,1.0991255254029275,1271.2511657715172,0.0,,2598156.968582474
2021-01-20 10:00:27.760,1,1.0164346868060972,1281.5761708291377,0.0,,2621373.46844785
2021-01-20 10:00:27.770,1,1.1081020860916444,1303.2621558706714,0.0,,2670211.4400665155
2021-01-20 10:00:27.780,1,1.3764257274571112,1322.7250943490944,0.0,,2714121.649106407
2021-01-20 10:00:27.790,1,1.3470281123449033,1348.972254675546,0.0,,2773421.325204713
2021-01-20 10:00:27.800,1,1.0765809277108551,1354.56084414783,0.0,,2786051.239171583
2021-01-20 10:00:27.810,1,1.401782817931916,1375.9212117087277,0.0,,2834422.7125944397
2021-01-20 10:00:27.820,1,1.251388378256996,1385.771112151066,0.0,,2856745.7942690975
2021-01-20 10:00:27.830,1,0.9835823774036164,1382.1827818650854,0.0,,2848599.5449725124
2021-01-20 10:00:27.840,1,1.2042867561845907,1400.845057409768,0.0,,2890946.4786169636
2021-01-20 10:00:27.850,1,1.4416497999677755,1416.7596269854644,0.0,,2927102.318295778
2021-01-20 10:00:27.860,1,1.2948779537069153,1421.8389429574695,0.0,,2938639.402330074
2021-01-20 10:00:27.870,1,1.3285993463563903,1432.142254389934,0.0,,2962077.3986014533
2021-01-20 10:00:27.880,1,1.1084840788102492,1422.3677394172453,0.0,,2939830.8863804536
2021-01-20 10:00:27.890,1,1.308661653250114,1427.1082723353634,0.0,,2950620.1534393313
2021-01-20 10:00:27.900,1,0.9750204028534428,1437.5362934910895,0.0,,2974329.614075927
2021-01-20 10:00:27.910,1,1.32631182936534,1454.6344723531204,0.0,,3013285.545850515
2021-01-20 10:00:27.920,1,0.94357602973205,1441.9235955976528,0.0,,2984315.8136560787
2021-01-20 10:00:27.930,1,1.2978617409739786,1442.4576720338634,0.0,,2985550.194711194
2021-01-20 10:00:27.940,1,0.9512384066274954,1460.495085824259,0.0,,3026622.6703802026
2021-01-20 10:00:27.950,1,0.9806399769287176,1455.3752638144836,0.0,,3014956.364984843
2021-01-20 10:00:27.960,1,1.0411041719478131,1444.2129991584154,0.0,,2989534.4209850105
2021-01-20 10:00:27.970,1,1.3625545122115903,1456.303106620678,0.0,,3017088.406454373
2021-01-20 10:00:27.980,1,0.964783658400245,1464.6141829633511,0.0,,3036012.5757946465
2021-01-20 10:00:27.990,1,0.9650164623487044,1459.341403359959,0.0,,3023993.9924129173
2021-01-20 10:00:28.000,1,1.0617207035097127,1460.2846529476126,0.0,,3026148.9957373203
2021-01-20 10:00:28.010,1,1.1973348269722763,1448.4619562748558,0.0,,2999214.5362163796
2021-01-20 10:00:28.020,1,1.0014955405825436,1459.3327741204291,0.0,,3023976.85505284
2021-01-20 10:00:28.030,1,0.91882811250588,1456.314005752036,0.0,,3017086.921211665
2021-01-20 10:00:28.040,1,0.960988990992546,1457.5005493472256,0.0,,3019798.644775901
2021-01-20 10:00:28.050,1,1.1761762633644628,1451.571217120217,0.0,,3006300.369846801
2021-01-20 10:00:28.060,1,1.30855770053618,1456.4021923939415,0.0,,3017312.234302006
2021-01-20 10:00:28.070,1,1.2725502174252403,1447.8247859553126,0.0,,2997770.1002641884
2021-01-20 10:00:28.080,1,1.257617621386348,1462.5694539332494,0.0,,3031368.4146454018
2021-01-20 10:00:28.090,1,1.0003420972297563,1448.7171381254905,0.0,,2999787.656955516
2021-01-20 10:00:28.100,1,1.1231278338662911,1455.5332096205425,0.0,,3015321.2131791855
2021-01-20 10:00:28.110,1,1.116533389888323,1450.40536274081,0.0,,3003642.1468839813
2021-01-20 10:00:28.120,1,1.1414926072933858,1459.0436600443804,0.0,,3023324.2624517484
2021-01-20 10:00:28.130,1,1.1773544186978888,1424.5035224387143,0.0,,2944694.377119549
2021-01-20 10:00:28.140,1,1.280416253109358,1444.2473820673224,0.0,,2989624.3504086817
2021-01-20 10:00:28.150,1,1.287328492992034,1441.6889376744523,0.0,,2983796.875445231
2021-01-20 10:00:28.160,1,1.0674815058698242,1440.2807035415772,0.0,,2980582.570875331
2021-01-20 10:00:28.170,1,1.3792999258314191,1442.2732113545703,0.0,,2985133.4954477907
2021-01-20 10:00:28.180,1,1.1548235270733822,1435.0435966231787,0.0,,2968664.905116765
2021-01-20 10:00:28.190,1,1.2191734316458724,1433.916846994406,0.0,,2966105.5363808707
2021-01-20 10:00:28.200,1,1.026510732605247,1437.8931669604096,0.0,,2975146.1521869428
2021-01-20 10:00:28.210,1,1.188169799288619,1439.1132986151904,0.0,,2977929.769513738
2021-01-20 10:00:28.220,1,1.2785379399864754,1416.3463904594464,0.0,,2926153.0712370956
2021-01-20 10:00:28.230,1,1.2170934804375158,1424.3712319897638,0.0,,2944396.1467224807
2021-01-20 10:00:28.240,1,1.06271707329579,1423.0336337510284,0.0,,2941342.9072384406
2021-01-20 10:00:28.250,1,1.1856940311381483,1440.4644961041556,0.0,,2981006.1957979333
2021-01-20 10:00:28.260,0,1.0390373915090785,1419.3391160190663,0.0,,2932945.7644147146
2021-01-20 10:00:28.270,0,1.327393803518189,1414.8231376903775,0.0,,2922698.697877163
2021-01-20 10:00:28.280,0,1.1478785190085814,1427.6705694688185,0.0,,2951891.4746097205
2021-01-20 10:00:28.290,0,1.1207137117380714,1408.0128116123126,0.0,,2907215.579752008
2021-01-20 10:00:28.300,0,1.2126692929649574,1410.2830980621384,0.0,,2912376.632232241
2021-01-20 10:00:28.310,0,1.066815288767317,1412.9874758261783,0.0,,2918511.751289533
2021-01-20 10:00:28.320,0,1.1372132311316985,1411.2733106947117,0.0,,2914618.537318903
2021-01-20 10:00:28.330,0,1.5094729698143026,1402.6364781987177,0.0,,2895027.1039903616
2021-01-20 10:00:28.340,0,1.2111899390674434,1419.267635017438,0.0,,2932795.431763058
2021-01-20 10:00:28.350,0,1.506963274316658,1407.2216733852615,0.0,,2905440.393627932
2021-01-20 10:00:28.360,0,1.1722577106027965,1404.6576966670596,0.0,,2899599.2210531686
2021-01-20 10:00:28.370,0,1.4455432927784475,1393.499586638002,0.0,,2874290.1694155955
2021-01-20 10:00:28.380,0,1.232015560029323,1376.116473494836,0.0,,2834858.636925585
2021-01-20 10:00:28.390,0,1.4963751047817095,1336.6756782181806,0.0,,2745629.5592603493
2021-01-20 10:00:28.400,0,1.4051537502898617,1312.7712147039106,0.0,,2691664.157994287
2021-01-20 10:00:28.410,0,1.2960722444334751,1259.981684529221,0.0,,2572840.5048818905
2021-01-20 10:00:28.420,0,1.1030788508289957,1201.2387916529754,0.0,,2441202.9072965756
2021-01-20 10:00:28.430,0,1.3397557503666622,1147.7895502981237,0.0,,2322004.5032537286
2021-01-20 10:00:28.440,0,1.017871420651896,1084.3519456379545,0.0,,2181216.830842292
2021-01-20 10:00:28.450,0,0.8313183391736214,1029.499797135896,0.0,,2060156.0232642076
2021-01-20 10:00:28.460,0,0.989515840265531,960.0641885928688,0.0,,1907843.9674924433
2021-01-20 10:00:28.470,0,0.9227452713730808,910.1451423083396,0.0,,1799016.6249101132
2021-01-20 10:00:28.480,0,0.7284346283560738,843.5983730226149,0.0,,1654864.8116519556
2021-01-20 10:00:28.490,0,0.6982164971214541,784.5037337400024,0.0,,1527803.3355893423
2021-01-20 10:00:28.500,0,0.6188591411606654,724.2599387504813,0.0,,1399253.0049955277
2021-01-20 10:00:28.510,0,0.7951147691185305,663.8071414731563,0.0,,1271345.7918171922
2021-01-20 10:00:28.520,0,0.7035130188075241,620.9106222709818,0.0,,1181269.7371219397
2021-01-20 10:00:28.530,0,0.4948180351216566,568.0121929481619,0.0,,1071041.9508996375
2021-01-20 10:00:28.540,0,0.5434677558184239,511.9557012881285,0.0,,955376.858536709
2021-01-20 10:00:28.550,0,0.4126393088071375,465.2720216930617,0.0,,859986.3418878686
2021-01-20 10:00:28.560,0,0.4925134491608858,424.91220738946976,0.0,,778304.1620778884
2021-01-20 10:00:28.570,0,0.4388464770222112,380.357131374496,0.0,,689017.6217266124
2021-01-20 10:00:28.580,0,0.3046748034296875,340.0835376905825,0.0,,609203.1693468263
2021-01-20 10:00:28.590,0,0.3413785816646979,305.3699194618984,0.0,,541167.0744530371
2021-01-20 10:00:28.600,0,0.2288631255581332,269.1463292364229,1.0,,470987.4339827531
2021-01-20 10:00:28.610,0,0.2608838858998615,236.34578873458983,1.0,,408247.9361681295
2021-01-20 10:00:28.620,0,0.1727519536835163,207.4660320143131,1.0,,353725.5950027675
2021-01-20 10:00:28.630,0,0.1625556895963275,178.97503631882702,1.0,,300675.5368395091
2021-01-20 10:00:28.640,0,0.129207541477908,154.74052538923374,1.0,,256208.0656780081
2021-01-20 10:00:28.650,0,0.1323270858600752,131.321030740908,1.0,,213894.39409731678
2021-01-20 10:00:28.660,0,0.0839483879663394,110.13778552288626,1.0,,176266.33565822412
2021-01-20 10:00:28.670,0,0.0820422050128217,91.85184658421308,2.0,,144354.27178889123
2021-01-20 10:00:28.680,0,0.0584408105625187,74.51915241889962,2.0,,114695.45748215634
2021-01-20 10:00:28.690,0,0.0632904073021909,59.22098794362906,2.0,,89080.1547155478
2021-01-20 10:00:28.700,0,0.0413272377493347,45.919306463505535,2.0,,67340.8261704557
2021-01-20 10:00:28.710,0,0.0265017414669771,33.77621315058138,2.0,,48038.58377800002
2021-01-20 10:00:28.720,0,0.0188235746273479,23.038981593991014,2.0,,31538.96676881396
2021-01-20 10:00:28.730,0,0.0139670461942005,13.872507992257788,2.0,,18055.604332815452
2021-01-20 10:00:28.740,0,0.0074390411687012,5.825876043769193,2.0,,6957.087407347626
2021-01-20 10:00:28.750,0,-0.0067702110810938,0.0,2.0,,7.121546353248536
2021-01-20 10:00:28.760,0,-0.0053393830690699,0.0,2.0,,10.489396753652139
2021-01-20 10:00:28.770,0,-0.011099143215244,0.0,2.0,,12.069775314586403
2021-01-20 10:00:28.780,0,-0.019239533127525,0.0,2.0,,11.09546429864075
2021-01-20 10:00:28.790,0,-0.0119383854205743,0.0,2.0,,11.642260904400882
2021-01-20 10:00:28.800,0,-0.0205982696776795,0.0,2.0,,12.468295329063544
2021-01-20 10:00:28.810,0,-0.0238242818175466,0.0,2.0,,13.106845956558859
2021-01-20 10:00:28.820,0,-0.025554619607015,0.0,2.0,,8.789380947460057
2021-01-20 10:00:28.830,0,-0.0212710701170992,0.0,2.0,,10.527807809210968
2021-01-20 10:00:28.840,0,-0.0227396717322799,0.0,2.0,,10.43588361557374
2021-01-20 10:00:28.850,0,-0.0165392328212967,0.0,2.0,,9.647581927894255
2021-01-20 10:00:28.860,0,-0.0240781509611478,0.0,2.0,,12.138253116166986
2021-01-20 10:00:28.870,0,-0.0163557826019343,0.0,2.0,,6.990907611805539
2021-01-20 10:00:28.880,0,-0.0156432777311893,0.0,2.0,,11.785882971452867
2021-01-20 10:00:28.890,0,-0.0224435411742896,0.0,2.0,,10.10998309236698
2021-01-20 10:00:28.900,0,-0.0265583074632859,0.0,2.0,,9.888076511840111
2021-01-20 10:00:28.910,0,-0.0162825516966733,0.0,2.0,,8.049091977059675
2021-01-20 10:00:28.920,0,-0.0109078129482079,0.0,2.0,,11.323327220204735
2021-01-20 10:00:28.930,0,-0.0164248511778058,0.0,2.0,,6.7227863640904655
2021-01-20 10:00:28.940,0,-0.0149704480955448,0.0,2.0,,8.55239442415874
2021-01-20 10:00:28.950,0,-0.0120416056334229,0.0,2.0,,8.515639912014468
2021-01-20 10:00:28.960,0,-0.0128306766200879,0.0,2.0,,6.464646534487256
2021-01-20 10:00:28.970,0,-0.0128599810123887,0.0,2.0,,9.504353604571628
2021-01-20 10:00:28.980,0,-0.0194634733643804,0.0,2.0,,10.43432217954143
2021-01-20 10:00:28.990,0,-0.0178482225352813,0.0,2.0,,7.448201122670629
2021-01-20 10:00:29.000,0,-0.0048912795921494,0.0,2.0,,10.262834796089045
2021-01-20 10:00:29.010,0,-0.0119821200177883,0.0,2.0,,9.83622755789593
2021-01-20 10:00:29.020,0,-0.0083270225368375,0.0,2.0,,10.31796897464226
2021-01-20 10:00:29.030,0,-0.0084876872298566,0.0,2.0,,10.776146659436408
2021-01-20 10:00:29.040,0,-0.0059531233282069,0.0,2.0,,7.744502449002752
2021-01-20 10:00:29.050,0,-0.0083087355574836,0.0,2.0,,9.529244836772435
2021-01-20 10:00:29.060,0,-0.0084808666912927,0.0,2.0,,10.36088712525035
2021-01-20 10:00:29.070,0,-0.0056978130995212,0.0,2.0,,11.54206577185657
2021-01-20 10:00:29.080,0,-0.0105719903331246,0.0,2.0,,4.537861662406463
2021-01-20 10:00:29.090,0,-0.005179948160853,0.0,2.0,,9.437483703429471
2021-01-20 10:00:29.100,0,-0.0083663740328215,0.0,2.0,,12.225410816878021
2021-01-20 10:00:29.110,0,-0.0022115945434628,0.0,2.0,,16.177897146040067
2021-01-20 10:00:29.120,0,-0.0018607232349564,0.0,2.0,,11.257403253167013
2021-01-20 10:00:29.130,0,0.0063671817257946,0.0,2.0,,13.625245988929807
2021-01-20 10:00:29.140,0,-0.0023544757072276,0.0,2.0,,7.863405777002878
2021-01-20 10:00:29.150,0,-0.0032838941913195,0.0,2.0,,9.792431378071951
2021-01-20 10:00:29.160,0,-0.0022671766792508,0.0,2.0,,9.092698914889718
2021-01-20 10:00:29.170,0,-0.0010837054264369,0.0,2.0,,8.833165579525259
2021-01-20 10:00:29.180,0,0.0044805492041567,0.0,2.0,,12.062838718690566
2021-01-20 10:00:29.190,0,0.0004243921723403,0.0,2.0,,9.844183979689788
2021-01-20 10:00:29.200,0,-0.0030291995360733,0.0,2.0,,8.673476837784357
2021-01-20 10:00:29.210,0,-0.0033020885014537,0.0,2.0,,11.947276555914867
2021-01-20 10:00:29.220,0,0.0004910723467151,0.0,2.0,,6.501650042048248
2021-01-20 10:00:29.230,0,-0.0003799628217463,0.0,2.0,,7.963000724178105
2021-01-20 10:00:29.240,0,0.0014416671988092,0.0,2.0,,8.054463123041284
2021-01-20 10:00:29.250,0,0.0035906822472463,0.0427526891905778,2.0,,39.924037752363404
2021-01-20 10:00:29.260,0,-0.00037934345281,0.1589934966281524,2.0,,143.4585118541637
2021-01-20 10:00:29.270,0,0.00074950945203,0.2573191765409889,2.0,,238.2223484960823
2021-01-20 10:00:29.280,0,0.0009443119902675,0.3352117802011788,2.0,,302.28852228395226
2021-01-20 10:00:29.290,0,-0.0004243886351937,0.4023126174803496,2.0,,379.8531354447909
2021-01-20 10:00:29.300,0,-0.003604980554934,0.4572531183551928,2.0,,431.1039316813746
2021-01-20 10:00:29.310,0,-0.0030226168723533,0.4975346564510965,2.0,,475.0888908818972
2021-01-20 10:00:29.320,0,0.0030206770294687,0.5282649468085984,2.0,,505.1788126209244
2021-01-20 10:00:29.330,0,-0.0008088360765758,0.5514240754435826,2.0,,528.2498199022356
2021-01-20 10:00:29.340,0,-0.0042975848059248,0.5620506269164001,2.0,,539.4199108035231
2021-01-20 10:00:29.350,0,-0.0057013696545336,0.5671107082855064,2.0,,544.7025092401784
2021-01-20 10:00:29.360,0,-0.0012664281656797,0.5671467311363001,2.0,,545.5268027903105
2021-01-20 10:00:29.370,0,-0.0014071463987431,0.5639023729536572,2.0,,542.8036409377756
2021-01-20 10:00:29.380,0,0.001974973490116,0.5592623658255913,2.0,,535.9307844781608
2021-01-20 10:00:29.390,0,0.0019230686368503,0.5409001629503886,2.0,,516.5629128247152
2021-01-20 10:00:29.400,0,-4.144855103283766e-05,0.5244934644028227,2.0,,504.0044726311797
2021-01-20 10:00:29.410,0,-0.0005741543259645,0.508336431612423,2.0,,483.1346372774799
2021-01-20 10:00:29.420,0,0.006657957039858,0.4830669146425791,2.0,,458.95413633962943
2021-01-20 10:00:29.430,0,-0.0024626659429816,0.4595915346912632,2.0,,434.6595822283939
2021-01-20 10:00:29.440,0,0.0018450712513163,0.4392487487787584,2.0,,413.03795506658753
2021-01-20 10:00:29.450,0,-0.0017065470817951,0.4167909786099635,2.0,,391.67388150820693
2021-01-20 10:00:29.460,0,-0.0011738407716873,0.3843428404681093,2.0,,357.2820540590552
2021-01-20 10:00:29.470,0,-0.0007883583733093,0.36619705678241,2.0,,341.3993556515952
2021-01-20 10:00:29.480,0,-0.0044315968432573,0.3395897356267291,2.0,,312.6553261506675
2021-01-20 10:00:29.490,0,0.0002051676946454,0.3166765025915122,2.0,,295.85764383873305
2021-01-20 10:00:29.500,0,0.0042826114284871,0.2920578692965904,2.0,,270.1681811572943
2021-01-20 10:00:29.510,0,-0.0028913272280927,0.2700833724592864,2.0,,243.01292940797916
2021-01-20 10:00:29.520,0,0.0001114652099481,0.2478742420572829,2.0,,226.13016785108695
2021-01-20 10:00:29.530,0,-0.0019011324992789,0.2242735945696776,2.0,,203.3233161794786
2021-01-20 10:00:29.540,0,0.0040652376026726,0.2072238583149548,2.0,,188.50565140387164
2021-01-20 10:00:29.550,0,0.0033464991789588,0.1882516673586671,2.0,,170.08413759855884
2021-01-20 10:00:29.560,0,-0.0007950796677763,0.168053658268209,2.0,,153.616729556988
2021-01-20 10:00:29.570,0,0.003513756023463,0.151854983170415,2.0,,133.29544752521875
2021-01-20 10:00:29.580,0,0.0034109265372799,0.1350061574471228,2.0,,117.92085585632732
2021-01-20 10:00:29.590,0,0.0012930672163762,0.1202584737898914,2.0,,105.90013989450762
2021-01-20 10:00:29.600,0,-0.0032805922855,0.1061447746211069,2.0,,95.0517469582682
2021-01-20 10:00:29.610,0,-0.0008706020324618,0.0938193283462754,2.0,,84.09683760219924
2021-01-20 10:00:29.620,0,-0.001935304644463,0.0810271006020873,2.0,,74.88124951562288
2021-01-20 10:00:29.630,0,0.0029532817413898,0.0700088432775726,2.0,,64.35023061323622
2021-01-20 10:00:29.640,0,-0.0024016329730238,0.0602240902725803,2.0,,54.06578824812466
2021-01-20 10:00:29.650,0,0.0030500325397637,0.0512560969200057,2.0,,47.45659205666859
2021-01-20 10:00:29.660,0,0.0029056413071796,0.0428413314438003,2.0,,40.29059663631531
2021-01-20 10:00:29.670,0,-0.0007327946990827,0.0351533022513468,2.0,,33.086267042668766
2021-01-20 10:00:29.680,0,0.0007817437552206,0.0284629398618195,2.0,,29.62723541927011
2021-01-20 10:00:29.690,0,-0.0043101462851222,0.0225148469607547,2.0,,24.744801202576042
2021-01-20 10:00:29.700,0,-0.0009512579684889,0.0170880966128478,2.0,,19.96390176652645
2021-01-20 10:00:29.710,0,-0.0006064104371051,0.0123399386428473,2.0,,19.24269572936773
2021-01-20 10:00:29.720,0,-0.0006308946540989,0.0082403479421653,2.0,,12.003002435557725
2021-01-20 10:00:29.730,0,-0.0045483701973576,0.004562982633427,2.0,,12.892592520420617
2021-01-20 10:00:29.740,0,0.0059929568632294,0.0014525260396608,2.0,,13.284727809369196
2021-01-20 10:00:29.750,0,0.002503234186267,0.0,2.0,,8.597958121672107
2021-01-20 10:00:29.760,0,-0.0003721038282354,0.0,2.0,,6.485442246657637
2021-01-20 10:00:29.770,0,-0.0013910049317521,0.0,2.0,,9.414452852974641
2021-01-20 10:00:29.780,0,-0.0047622111519764,0.0,2.0,,11.310813733651624
2021-01-20 10:00:29.790,0,-0.0028719955229687,0.0,2.0,,7.616988384224475
2021-01-20 10:00:29.800,0,-0.0049893954479459,0.0,2.0,,6.600828052281992
2021-01-20 10:00:29.810,0,-0.0017293342664493,0.0,2.0,,7.73206568338899
2021-01-20 10:00:29.820,0,0.0009086615646477,0.0,2.0,,9.448542758168482
2021-01-20 10:00:29.830,0,-0.0043062107905371,0.0,2.0,,7.946800454818844
2021-01-20 10:00:29.840,0,-0.0033038012565266,0.0,2.0,,9.44234648506589
2021-01-20 10:00:29.850,0,-0.0058418396070969,0.0,2.0,,11.918187153338353
2021-01-20 10:00:29.860,0,0.0029410720398643,0.0,2.0,,16.633098551436134
2021-01-20 10:00:29.870,0,-0.0005940424292362,0.0,2.0,,9.455396004965916
2021-01-20 10:00:29.880,0,0.0044919695607116,0.0,2.0,,10.805312467258688
2021-01-20 10:00:29.890,0,0.0002978697287408,0.0,2.0,,14.231583624444731
2021-01-20 10:00:29.900,0,0.005063807504232,0.0,2.0,,10.686668129869023
2021-01-20 10:00:29.910,0,-0.0057013338914112,0.0,2.0,,12.134949275010829
2021-01-20 10:00:29.920,0,0.0004485483421605,0.0,2.0,,7.406705551070221
2021-01-20 10:00:29.930,0,0.0008150879677349,0.0,2.0,,8.271206590390488
2021-01-20 10:00:29.940,0,0.0016147576673098,0.0,2.0,,10.574400469682518
2021-01-20 10:00:29.950,0,-0.0034289405830951,0.0,2.0,,10.622211549563252
2021-01-20 10:00:29.960,0,-0.0034433283381947,0.0,2.0,,10.979130383150487
2021-01-20 10:00:29.970,0,0.0028976069658872,0.0,2.0,,9.622114009943926
2021-01-20 10:00:29.980,0,-0.008339672720175,0.0,2.0,,10.119901410469824
2021-01-20 10:00:29.990,0,0.002461327835939,0.0,2.0,,13.969159960878645
2021-01-20 10:00:30.000,0,0.0009036291849935,0.0,2.0,,9.355728551152762
2021-01-20 10:00:30.010,0,0.0016043406812688,0.0,2.0,,6.828424143164675
2021-01-20 10:00:30.020,0,0.0031636789256617,0.0,2.0,,8.82394562940236
2021-01-20 10:00:30.030,0,0.0024023179408621,0.0,2.0,,10.887173746440023
2021-01-20 10:00:30.040,0,0.0042705764114179,0.0,2.0,,10.548216573628311
2021-01-20 10:00:30.050,0,-0.0016657262295348,0.0,2.0,,9.753668880265042
2021-01-20 10:00:30.060,0,-0.0003879730955651,0.0,2.0,,9.606356441491704
2021-01-20 10:00:30.070,0,0.0018734522422011,0.0,2.0,,9.510539358676649
2021-01-20 10:00:30.080,0,0.0007831006487428,0.0,2.0,,9.304728775183097
2021-01-20 10:00:30.090,0,-0.0049999213856369,0.0,2.0,,12.696062040606426
2021-01-20 10:00:30.100,0,-0.0016459732764316,0.0,2.0,,8.710590207958463
2021-01-20 10:00:30.110,0,-0.0028005231485486,0.0,2.0,,13.588511026634283
2021-01-20 10:00:30.120,0,-0.002236744702961,0.0,2.0,,12.332816417626756
2021-01-20 10:00:30.130,0,0.0047197054104636,0.0,2.0,,7.988005711675909
2021-01-20 10:00:30.140,0,-0.0001807316238767,0.0,2.0,,8.183443134774485
2021-01-20 10:00:30.150,0,-0.0027467613017918,0.0,2.0,,10.103060261028059
2021-01-20 10:00:30.160,0,0.0053478461956491,0.0,2.0,,9.787928910866425
2021-01-20 10:00:30.170,0,0.0013265217626953,0.0,2.0,,9.809031083869808
2021-01-20 10:00:30.180,0,-0.0019585555909306,0.0,2.0,,8.83326602632626
2021-01-20 10:00:30.190,0,0.0010634730824875,0.0,2.0,,11.318448286203953
2021-01-20 10:00:30.200,0,0.0001564805010748,0.0,2.0,,8.887691522465445
2021-01-20 10:00:30.210,0,0.0051635258133881,0.0,2.0,,9.929379252505857
2021-01-20 10:00:30.220,0,-0.0012557212808819,0.0,2.0,,13.099256811712191
2021-01-20 10:00:30.230,0,0.0001582275338862,0.0,2.0,,7.409355891484994
2021-01-20 10:00:30.240,0,-0.0019796546301038,0.0,2.0,,8.959392198777486
2021-01-20 10:00:30.250,0,-0.002486047206372,3.2147107440896555e-05,2.0,,7.201938247424903
2021-01-20 10:00:30.260,0,0.0047285512313106,7.674123834866885e-05,2.0,,9.391317265765865
2021-01-20 10:00:30.270,0,0.0024509343628309,0.0001138486398804,2.0,,9.832039221923534
2021-01-20 10:00:30.280,0,-1.2101370607342966e-05,0.0001453025614339,2.0,,10.463650065415825
2021-01-20 10:00:30.290,0,-0.0007399958303042,0.0001700924377622,2.0,,9.878473057437207
2021-01-20 10:00:30.300,0,-0.0006108381320819,0.0001888022409761,2.0,,7.671011691561594
2021-01-20 10:00:30.310,0,-0.0028366268137453,0.0002050515053216,2.0,,11.307450519945167
2021-01-20 10:00:30.320,0,-0.0052523570502565,0.0002156928449757,2.0,,10.138124337928065
2021-01-20 10:00:30.330,0,0.0022843629061046,0.0002233527547406,2.0,,10.992150290799346
2021-01-20 10:00:30.340,0,0.0001461304992851,0.0002278604567225,2.0,,12.419534966978599
2021-01-20 10:00:30.350,0,-0.0006787049966278,0.0002270681237632,2.0,,10.909310995043455
2021-01-20 10:00:30.360,0,0.0023696265132326,0.0002294673917734,2.0,,13.447521377242657
2021-01-20 10:00:30.370,0,0.0024067958323329,0.0002240624355066,2.0,,10.093483448256235
2021-01-20 10:00:30.380,0,0.0021308651518622,0.0002198584880258,2.0,,11.29730134765569
2021-01-20 10:00:30.390,0,0.0035902906249421,0.0002121066118817,2.0,,11.176165809347205
2021-01-20 10:00:30.400,0,0.0057583619457466,0.0002067984111105,2.0,,15.674007593397109
2021-01-20 10:00:30.410,0,0.0025584245357371,0.0001977110886344,2.0,,12.923370144768207
2021-01-20 10:00:30.420,0,0.0009327302049947,0.0001906482157775,2.0,,8.8340316769092
2021-01-20 10:00:30.430,0,-0.0012874632086976,0.0001809184484143,2.0,,10.876310637083746
2021-01-20 10:00:30.440,0,-0.0002173602001781,0.0001693968389695,2.0,,11.278330091741324
2021-01-20 10:00:30.450,0,-0.0022918600600939,0.0001616050590865,2.0,,12.009811913832287
2021-01-20 10:00:30.460,0,-0.0045053201743889,0.0001512959970924,2.0,,11.220060278889585
2021-01-20 10:00:30.470,0,-0.001074703425266,0.0001407589060331,2.0,,11.55395477068648
2021-01-20 10:00:30.480,0,-0.006997337895335,0.0001316757384379,2.0,,12.541513747844196
2021-01-20 10:00:30.490,0,-0.001108681137052,0.0001215345972087,2.0,,11.711413568642987
2021-01-20 10:00:30.500,0,0.0044310264630343,0.000111791451279,2.0,,9.048266866367568
2021-01-20 10:00:30.510,0,0.0026790273596267,0.0001025739966275,2.0,,11.981679755876788
2021-01-20 10:00:30.520,0,0.0025241998928301,9.462693803868888e-05,2.0,,10.284672494873174
2021-01-20 10:00:30.530,0,-0.0028699176576901,8.548531822829201e-05,2.0,,10.999599862677305
2021-01-20 10:00:30.540,0,-0.0007699288431418,7.798375177181544e-05,2.0,,9.54616054669872
2021-01-20 10:00:30.550,0,-0.0021153484999764,6.99961794945101e-05,2.0,,9.68800136257755
2021-01-20 10:00:30.560,0,0.0007108995687169,6.361744684142359e-05,2.0,,10.763964280449759
2021-01-20 10:00:30.570,0,-0.0016779235174232,5.689638901546796e-05,2.0,,10.867135445165536
2021-01-20 10:00:30.580,0,-0.0032466525126139,5.091149308932562e-05,2.0,,13.461967428801229
2021-01-20 10:00:30.590,0,0.0020711790521477,4.514195682748995e-05,2.0,,9.708297009256974
2021-01-20 10:00:30.600,0,0.0016906262490091,3.946745491425789e-05,2.0,,12.810384248271365
2021-01-20 10:00:30.610,0,-0.0029606452134658,3.459570500466061e-05,2.0,,10.401990761307712
2021-01-20 10:00:30.620,0,-0.0006577502617466,3.010726281980961e-05,2.0,,10.895704825977525
2021-01-20 10:00:30.630,0,0.001037823494431,2.592643224300018e-05,2.0,,9.404335760819666
2021-01-20 10:00:30.640,0,-0.0058978795097209,2.231534272166221e-05,2.0,,7.600917318592407
2021-01-20 10:00:30.650,0,-0.0016183831605427,1.8736206913835947e-05,1.0,,10.596701367018177
2021-01-20 10:00:30.660,0,0.0003848170689218,1.570439519113754e-05,1.0,,14.465427360899252
2021-01-20 10:00:30.670,0,-0.006285007237548,1.2843270837440696e-05,1.0,,12.962342409527162
2021-01-20 10:00:30.680,0,-0.0020736832496567,1.0340212897060637e-05,1.0,,10.31974083961443
2021-01-20 10:00:30.690,0,0.008605672619405,8.069915601368617e-06,1.0,,10.532447175033445
2021-01-20 10:00:30.700,0,-0.0073791443419772,6.095195952300789e-06,1.0,,12.281473407864462
2021-01-20 10:00:30.710,0,0.0027880305473574,4.331715271045203e-06,1.0,,14.841566483539983
2021-01-20 10:00:30.720,0,0.0001491598486145,2.787221922936518e-06,1.0,,10.26451563172485
2021-01-20 10:00:30.730,0,-0.0010028901250903,1.449209983656326e-06,1.0,,8.210169609189359
2021-01-20 10:00:30.740,0,0.001993412799536,2.794340980116299e-07,1.0,,9.546965273498394
2021-01-20 10:00:30.750,0,0.0002329878159375,0.0,1.0,,11.11959526936578
2021-01-20 10:00:30.760,0,0.001501302082372,0.0,1.0,,8.269765884932387
2021-01-20 10:00:30.770,0,0.0044818777040827,0.0,1.0,,10.406925895174123
2021-01-20 10:00:30.780,0,-0.0013602839811856,0.0,1.0,,11.279871225094537
2021-01-20 10:00:30.790,0,-0.0025523347567837,0.0,1.0,,9.946664196142473
2021-01-20 10:00:30.800,0,0.0008321297205963,0.0,1.0,,5.257238868916967
2021-01-20 10:00:30.810,0,0.0011047785962902,0.0,1.0,,10.259270426512277
2021-01-20 10:00:30.820,0,0.0025365177399134,0.0,1.0,,11.635214570623123
2021-01-20 10:00:30.830,0,0.001102234392454,0.0,1.0,,7.484881721336244
2021-01-20 10:00:30.840,0,-0.0059836064526066,0.0,1.0,,11.980341815597685
2021-01-20 10:00:30.850,0,0.0022026731837186,0.0,1.0,,11.811427035614354
2021-01-20 10:00:30.860,0,0.0006182710661411,0.0,1.0,,8.47251896927424
2021-01-20 10:00:30.870,0,0.0012552924210303,0.0,1.0,,6.132384987484877
2021-01-20 10:00:30.880,0,-0.0028648547544717,0.0,1.0,,13.595807915718723
2021-01-20 10:00:30.890,0,-0.0011960255349516,0.0,1.0,,10.761316122691257
2021-01-20 10:00:30.900,0,0.0027520099040504,0.0,1.0,,12.089896756702299
2021-01-20 10:00:30.910,0,0.000218023882574,0.0,1.0,,12.933585304627394
2021-01-20 10:00:30.920,0,-0.0041828373366215,0.0,1.0,,8.315540304123122
2021-01-20 10:00:30.930,0,-0.0011696642550938,0.0,1.0,,9.185248929000197
2021-01-20 10:00:30.940,0,-2.0477012284408205e-05,0.0,1.0,,12.447082297852665
2021-01-20 10:00:30.950,0,0.0018802611700115,0.0,1.0,,13.643291542417666
2021-01-20 10:00:30.960,0,-0.0048052906644315,0.0,1.0,,7.324578259515186
2021-01-20 10:00:30.970,0,0.0011568884458911,0.0,1.0,,9.585669328142
2021-01-20 10:00:30.980,0,0.0015157126491896,0.0,1.0,,10.223417342217772
2021-01-20 10:00:30.990,0,-0.0009733269675454,0.0,1.0,,9.074624160526014
2021-01-20 10:00:31.000,0,0.0011560714195658,0.0,1.0,,12.833874120677677
2021-01-20 10:00:31.010,0,-0.0039560272350755,0.0,1.0,,5.7360493860361546
2021-01-20 10:00:31.020,0,0.0010834725129477,0.0,1.0,,5.108780196031179
2021-01-20 10:00:31.030,0,0.002095280544309,0.0,1.0,,10.548268849354766
2021-01-20 10:00:31.040,0,0.0048913233889299,0.0,1.0,,8.353371658217899
2021-01-20 10:00:31.050,0,0.0001891446399873,0.0,1.0,,8.883069062235359
2021-01-20 10:00:31.060,0,0.0048831366952929,0.0,1.0,,8.849416195921165
2021-01-20 10:00:31.070,0,0.0055487984548912,0.0,1.0,,8.110411988282667
2021-01-20 10:00:31.080,0,0.0018701826854914,0.0,1.0,,9.374971534230243
2021-01-20 10:00:31.090,0,-0.0013846750966636,0.0,1.0,,7.684655066482032
2021-01-20 10:00:31.100,0,0.0009011248536753,0.0,1.0,,9.041718714171092
2021-01-20 10:00:31.110,0,-0.0022811906663907,0.0,1.0,,8.430029130949755
2021-01-20 10:00:31.120,0,0.0018690013728712,0.0,1.0,,11.319005207444771
2021-01-20 10:00:31.130,0,0.0007693315999404,0.0,1.0,,4.3488642386235075
2021-01-20 10:00:31.140,0,-0.0024336874600342,0.0,1.0,,13.041391738394626
2021-01-20 10:00:31.150,0,0.0032299611095308,0.0,1.0,,9.720038967569035
2021-01-20 10:00:31.160,0,0.0053965849118898,0.0,1.0,,11.589263705848225
2021-01-20 10:00:31.170,0,0.0007346145752287,0.0,1.0,,7.660580631519686
2021-01-20 10:00:31.180,0,0.0010184702689516,0.0,1.0,,7.139609477746342
2021-01-20 10:00:31.190,0,-0.003861224652665,0.0,1.0,,10.544207145156568
2021-01-20 10:00:31.200,0,0.0020306675858232,0.0,1.0,,14.040354698731676
2021-01-20 10:00:31.210,0,-0.0031457730494518,0.0,1.0,,8.42672107204174
2021-01-20 10:00:31.220,0,0.002804815503994,0.0,1.0,,9.062206503172485
2021-01-20 10:00:31.230,0,0.0008188805618402,0.0,1.0,,11.57333273452853
2021-01-20 10:00:31.240,0,0.0011725074278035,0.0,1.0,,13.78645297925727
2021-01-20 10:00:31.250,0,0.003154056693062,1.4792911510488804e-08,1.0,,11.897677502311723
2021-01-20 10:00:31.260,0,0.0005038178070786,3.1747273710053615e-08,1.0,,8.391706599021559
2021-01-20 10:00:31.270,0,0.0041759096731396,4.5615758047539174e-08,1.0,,13.70519407405521
2021-01-20 10:00:31.280,0,0.0024115093675197,5.6840433037411097e-08,1.0,,11.620650119778606
2021-01-20 10:00:31.290,0,0.0010875958158427,6.639032657001297e-08,1.0,,10.380502648857963
2021-01-20 10:00:31.300,0,0.0032555592381096,7.285475743348731e-08,1.0,,9.564060076825358
2021-01-20 10:00:31.310,0,-0.0012799727243036,7.863037630486277e-08,1.0,,8.100593569633396
2021-01-20 10:00:31.320,0,-0.0015744043182451,8.312842866215472e-08,1.0,,8.23499418214864
2021-01-20 10:00:31.330,0,-0.0043233852423739,8.508126158645067e-08,1.0,,6.4036656638137215
2021-01-20 10:00:31.340,0,-0.0028452941429392,8.715191366310796e-08,1.0,,9.43036261968988
2021-01-20 10:00:31.350,0,-0.0041861346102937,8.680042618890818e-08,1.0,,12.52083867436243
2021-01-20 10:00:31.360,0,0.0013636602316881,8.647883788117079e-08,1.0,,14.949689271616212
2021-01-20 10:00:31.370,0,-0.0030793315006611,8.628118068383027e-08,1.0,,8.894329086779642
2021-01-20 10:00:31.380,0,-0.0013553154388596,8.383373151110771e-08,1.0,,6.645271797134353
2021-01-20 10:00:31.390,0,-0.002918556631322,8.078053429886912e-08,1.0,,9.152250972609009
2021-01-20 10:00:31.400,1,0.0089191135419769,7.809184917755207e-08,1.0,,10.519461131843759
2021-01-20 10:00:31.410,1,-0.0009890465140765,7.586713418292564e-08,1.0,,11.894778280982923
2021-01-20 10:00:31.420,1,0.0054143051627429,7.126746536943083e-08,1.0,,11.51681502761898
2021-01-20 10:00:31.430,1,0.0009396706111242,6.825966695853452e-08,1.0,,10.087482174665373
2021-01-20 10:00:31.440,1,0.0049929620777993,6.462992444114147e-08,1.0,,11.723246220774456
2021-01-20 10:00:31.450,1,-0.0031902013229527,6.064826833197468e-08,1.0,,11.793352970135054
2021-01-20 10:00:31.460,1,0.0016986038345354,5.693332742171288e-08,1.0,,11.971117551749618
2021-01-20 10:00:31.470,1,-0.0009660855129329,5.3458311787871446e-08,1.0,,10.580211628181706
2021-01-20 10:00:31.480,1,-0.003289208820117,4.9614158436744767e-08,1.0,,9.392701128343317
2021-01-20 10:00:31.490,1,-0.0033219876476174,4.579770773251701e-08,1.0,,12.200932986874694
2021-01-20 10:00:31.500,1,-0.0031129123506707,0.0567934378930358,1.0,,55.501045058377755
2021-01-20 10:00:31.510,1,0.0038672391963422,6.464865143170028,1.0,,7803.244003360648
2021-01-20 10:00:31.520,1,0.0205318659904812,22.397726339772248,1.0,,30578.27762647457
2021-01-20 10:00:31.530,1,0.0360565941768351,46.50846220190481,1.0,,68291.35809182686
2021-01-20 10:00:31.540,1,0.0651518649864736,76.75148073296322,1.0,,118479.81159041694
2021-01-20 10:00:31.550,1,0.0926808109831041,112.0262257642022,1.0,,179589.53787561774
2021-01-20 10:00:31.560,1,0.1099590949563836,153.84890368399672,1.0,,254583.7787146723
2021-01-20 10:00:31.570,1,0.1658003309874461,198.92280494846452,0.0,,337735.1268595576
2021-01-20 10:00:31.580,1,0.1781567954335809,246.89521605987628,0.0,,428337.78529347666
2021-01-20 10:00:31.590,1,0.2410208477731097,304.0002957184592,0.0,,538492.520339783
2021-01-20 10:00:31.600,1,0.3097589024294478,360.03261552619813,0.0,,648623.160860175
2021-01-20 10:00:31.610,1,0.2695269785714143,416.74830447507935,0.0,,761856.1749071702
2021-01-20 10:00:31.620,1,0.4391303468655524,472.6091548841211,0.0,,874916.6270253609
2021-01-20 10:00:31.630,1,0.3546816089529131,526.561569838963,0.0,,985383.9627745526
2021-01-20 10:00:31.640,1,0.435531894038216,591.0495255684684,0.0,,1118918.6230834662
2021-01-20 10:00:31.650,1,0.4871486998819264,650.5934947021408,0.0,,1243521.2799609834
2021-01-20 10:00:31.660,1,0.6483426411466935,711.9968342049289,0.0,,1373216.9369628301
2021-01-20 10:00:31.670,1,0.6446062918159625,761.5601166001168,0.0,,1478723.8481319486
2021-01-20 10:00:31.680,1,0.7114695062365171,822.0396436845871,0.0,,1608403.373521875
2021-01-20 10:00:31.690,1,0.5800063846716601,868.4172876837475,0.0,,1708486.3458987137
2021-01-20 10:00:31.700,1,0.6449879805089437,923.4059909902276,0.0,,1827856.0183298932
2021-01-20 10:00:31.710,1,0.6311413910971949,971.6542674309871,0.0,,1933178.0891131116
2021-01-20 10:00:31.720,1,0.6630576212836418,1007.141435322162,0.0,,2010986.0110530562
2021-01-20 10:00:31.730,1,0.6489965520233596,1058.6415625018135,0.0,,2124380.738213147
2021-01-20 10:00:31.740,1,0.9109699707671528,1089.5601343303597,0.0,,2192744.2094990243
2021-01-20 10:00:31.750,1,0.7582971842729462,1135.2005398545243,0.0,,2293973.8516742047
2021-01-20 10:00:31.760,1,0.857427869960868,1172.4600103190935,0.0,,2376937.272544918
2021-01-20 10:00:31.770,1,0.8165098787835174,1200.2880151035015,0.0,,2439062.291887304
2021-01-20 10:00:31.780,1,0.8353856913003356,1221.4205266208885,0.0,,2486344.1614870857
2021-01-20 10:00:31.790,1,0.8833587002508273,1243.673805670213,0.0,,2536217.905191605
2021-01-20 10:00:31.800,1,1.130206615127758,1284.3285703770707,0.0,,2627572.8941425453
2021-01-20 10:00:31.810,1,0.8966225429354143,1297.11758692441,0.0,,2656356.151104352
2021-01-20 10:00:31.820,1,0.9827329297380198,1337.7265697541454,0.0,,2747978.9519925117
2021-01-20 10:00:31.830,1,1.1215310528015665,1335.1948938678704,0.0,,2742266.5477673714
2021-01-20 10:00:31.840,1,1.138601953285968,1364.415823253313,0.0,,2808352.2576452987
2021-01-20 10:00:31.850,1,1.1823397545387957,1377.3955130531435,0.0,,2837754.968384319
2021-01-20 10:00:31.860,1,0.9699572330450013,1396.8208104639648,0.0,,2881799.0065531703
2021-01-20 10:00:31.870,1,0.9449199956859372,1401.0784100488515,0.0,,2891458.0760418684
2021-01-20 10:00:31.880,1,1.1928598536876351,1416.5117270377805,0.0,,2926530.126031642
2021-01-20 10:00:31.890,1,1.011379683891635,1413.8676924069116,0.0,,2920511.7235994413
2021-01-20 10:00:31.900,1,1.275062948322392,1435.7870619707348,0.0,,2970364.461784482
2021-01-20 10:00:31.910,1,1.1360639745456045,1434.7104653906702,0.0,,2967903.7092501847
2021-01-20 10:00:31.920,1,0.9715922998579344,1447.8292049615827,0.0,,2997764.389929199
2021-01-20 10:00:31.930,1,1.3005167848885508,1449.315903700944,0.0,,3001166.2212023903
2021-01-20 10:00:31.940,1,0.981149019441448,1462.550674678538,0.0,,3031311.1435312186
2021-01-20 10:00:31.950,1,1.315838191441669,1459.7510180519475,0.0,,3024943.5955401454
2021-01-20 10:00:31.960,1,0.9147807654098192,1459.1148959121304,0.0,,3023473.5682845735
2021-01-20 10:00:31.970,1,1.189520964547928,1452.6975279203891,0.0,,3008862.3419622793
2021-01-20 10:00:31.980,1,1.2054083014221653,1464.2295284219158,0.0,,3035148.08718462
2021-01-20 10:00:31.990,1,1.121086310280718,1446.6342175808857,0.0,,2995052.274369706
2021-01-20 10:00:32.000,1,1.2286955660532086,1448.1265566846,0.0,,2998454.4539109925
2021-01-20 10:00:32.010,1,1.1899530901353002,1447.524601454715,0.0,,2997081.4662574497
2021-01-20 10:00:32.020,1,1.2682960335298432,1452.137671749841,0.0,,3007593.28958848
2021-01-20 10:00:32.030,1,1.1754896753719928,1459.555028122045,0.0,,3024491.276727401
2021-01-20 10:00:32.040,1,0.926630837615701,1454.1301034244516,0.0,,3012116.358445955
2021-01-20 10:00:32.050,1,1.248128324456088,1447.7230364820828,0.0,,2997535.2795048626
2021-01-20 10:00:32.060,1,1.1167408264794478,1465.9655692119488,0.0,,3039102.066028386
2021-01-20 10:00:32.070,1,0.9018602691153604,1447.561206183747,0.0,,2997151.9339263053
2021-01-20 10:00:32.080,1,1.3202497933423551,1442.248739158062,0.0,,2985073.0807865527
2021-01-20 10:00:32.090,1,1.3421155220521497,1452.0147144597302,0.0,,3007320.874369786
2021-01-20 10:00:32.100,1,1.294294993143897,1453.0352932206215,0.0,,3009641.856981791
2021-01-20 10:00:32.110,1,0.9603162841839554,1444.0767454295544,0.0,,2989220.171305972
2021-01-20 10:00:32.120,1,1.3138999987571058,1432.8398813712329,0.0,,2963661.1052943193
2021-01-20 10:00:32.130,1,0.9781486461886736,1426.8885475060526,0.0,,2950105.583064459
2021-01-20 10:00:32.140,1,1.001781413083852,1438.3530679029525,0.0,,2976193.9936573682
2021-01-20 10:00:32.150,1,1.0973222357679566,1434.876885977079,0.0,,2968281.9463950936
2021-01-20 10:00:32.160,1,1.2367950005118622,1420.1063399328302,0.0,,2934698.6167792827
2021-01-20 10:00:32.170,1,1.2503675535476209,1432.1927926816868,0.0,,2962187.8261815063
2021-01-20 10:00:32.180,1,0.9768788846658272,1427.246114391792,0.0,,2950918.0605651685
2021-01-20 10:00:32.190,1,1.0376528401305645,1429.954747736134,0.0,,2957082.338869235
2021-01-20 10:00:32.200,1,1.0731739281843666,1421.1894029075934,0.0,,2937154.8243386857
2021-01-20 10:00:32.210,1,0.8787419495589827,1421.023770731625,0.0,,2936766.4717884036
2021-01-20 10:00:32.220,1,0.9698958408162736,1432.781292059139,0.0,,2963510.2590214764
2021-01-20 10:00:32.230,1,0.9685796562142032,1415.0580630813618,0.0,,2923215.574881931
2021-01-20 10:00:32.240,1,1.2277384536736842,1418.692059057369,0.0,,2931483.737426296
2021-01-20 10:00:32.250,1,1.10119229109633,1418.0925177891377,0.0,,2930114.7224332243
2021-01-20 10:00:32.260,1,1.0083782488926432,1425.6626171438336,0.0,,2947321.101749186
2021-01-20 10:00:32.270,1,1.0972322054506602,1428.658968922539,0.0,,2954140.9009578074
2021-01-20 10:00:32.280,1,1.0142743113915835,1424.5060715464217,0.0,,2944689.9721539738
2021-01-20 10:00:32.290,1,0.7891555312068145,1427.2306938430747,0.0,,2950876.2049766965
2021-01-20 10:00:32.300,1,0.8506218751742667,1441.1137990943696,0.0,,2982468.1420902205
2021-01-20 10:00:32.310,1,1.0371047093788943,1430.4323327949496,0.0,,2958172.6020199377
2021-01-20 10:00:32.320,1,0.9972433916558472,1425.3681376339423,0.0,,2946649.6292009423
2021-01-20 10:00:32.330,1,0.7775612915587063,1425.721575930094,0.0,,2947439.338546147
2021-01-20 10:00:32.340,1,0.977793634234116,1424.548907800103,0.0,,2944786.241088922
2021-01-20 10:00:32.350,0,0.8242873972150326,1432.821217445039,0.0,,2963597.2027118704
2021-01-20 10:00:32.360,0,0.7471393458820579,1442.5706183363834,0.0,,2985782.1276103184
2021-01-20 10:00:32.370,0,1.0440240757213632,1425.7224951242022,0.0,,2947457.352825244
2021-01-20 10:00:32.380,0,0.7460564949511758,1438.1296287904618,0.0,,2975669.799386308
2021-01-20 10:00:32.390,0,1.0687107742141584,1430.1990956655577,0.0,,2957642.6503038714
2021-01-20 10:00:32.400,0,0.9403570314927004,1428.9140032421294,0.0,,2954711.2911035437
2021-01-20 10:00:32.410,0,1.0408130852031456,1438.239590387616,0.0,,2975936.915178867
2021-01-20 10:00:32.420,0,0.9985118413145988,1427.6212101957672,0.0,,2951776.5592901446
2021-01-20 10:00:32.430,0,0.91539818377186,1432.6615523029693,0.0,,2963235.095931466
2021-01-20 10:00:32.440,0,0.9834912765608328,1434.1367245691115,0.0,,2966594.3931280724
2021-01-20 10:00:32.450,0,0.9815691626887902,1441.5314596247028,0.0,,2983425.8703495176
2021-01-20 10:00:32.460,0,0.902640913473878,1424.4596825224205,0.0,,2944577.6624414837
2021-01-20 10:00:32.470,0,0.8813975709686093,1412.2233116813577,0.0,,2916767.8433474055
2021-01-20 10:00:32.480,0,0.7942090385126244,1392.1169057196662,0.0,,2871117.5035538217
2021-01-20 10:00:32.490,0,0.879712879850236,1345.9238068361594,0.0,,2766502.1052325326
2021-01-20 10:00:32.500,0,0.7167847541715584,1294.6148613327357,0.0,,2650708.791935064
2021-01-20 10:00:32.510,0,0.8676492468132379,1243.5798301001896,0.0,,2536006.837568062
2021-01-20 10:00:32.520,0,0.7878127891861348,1186.1756756192444,0.0,,2407534.361437132
2021-01-20 10:00:32.530,0,0.7627950433667757,1143.793450648794,0.0,,2313083.1052514026
2021-01-20 10:00:32.540,0,0.6202181712530009,1070.4780540445324,0.0,,2150520.0084626093
2021-01-20 10:00:32.550,0,0.5617929580748183,1025.1071113619582,0.0,,2050474.6014947612
2021-01-20 10:00:32.560,0,0.4764077064523608,946.1341201512072,0.0,,1877396.9755897138
2021-01-20 10:00:32.570,0,0.6263252344782676,880.1789620262621,0.0,,1733960.0011415333
2021-01-20 10:00:32.580,0,0.5321824959056314,825.4955006319768,0.0,,1615833.017362489
2021-01-20 10:00:32.590,0,0.4695617066471885,769.2922347790468,0.0,,1495237.5282565972
2021-01-20 10:00:32.600,0,0.354185813077277,704.5765566251454,0.0,,1357473.5933862906
2021-01-20 10:00:32.610,0,0.4530520385662701,654.237548280376,0.0,,1251180.8448987
2021-01-20 10:00:32.620,0,0.3632512058836102,598.7610199045357,0.0,,1134986.2514322232
2021-01-20 10:00:32.630,0,0.3885385019251707,543.5046942968181,0.0,,1020317.7231349103
2021-01-20 10:00:32.640,0,0.2505831676987196,494.484323490174,0.0,,919556.8318022551
2021-01-20 10:00:32.650,0,0.2309389796590507,449.797791066696,0.0,,828575.1703901016
2021-01-20 10:00:32.660,0,0.2949131758052764,402.418648182982,0.0,,733096.7958460782
2021-01-20 10:00:32.670,0,0.2021973825981136,359.0884870671714,0.0,,646748.4468170349
2021-01-20 10:00:32.680,0,0.1998582641393213,320.5152712513273,0.0,,570749.6449746959
2021-01-20 10:00:32.690,0,0.1605805712513478,282.89423081634703,0.0,,497510.72756058996
2021-01-20 10:00:32.700,0,0.2012950969168842,248.4463144597356,0.0,,431298.6098954052
2021-01-20 10:00:32.710,0,0.1662895289668673,218.46223727014905,0.0,,374400.48594907
2021-01-20 10:00:32.720,0,0.1278206617261368,190.8289833436948,1.0,,322653.88152171636
2021-01-20 10:00:32.730,0,0.1369200431743937,161.78655380351128,1.0,,269065.68263174174
2021-01-20 10:00:32.740,0,0.0867489605456694,139.98254848584733,1.0,,229459.97898281255
2021-01-20 10:00:32.750,0,0.0750322733828954,117.58077986660436,1.0,,189407.84891376767
2021-01-20 10:00:32.760,0,0.0664801228547393,96.22137283813292,1.0,,151927.93696748276
2021-01-20 10:00:32.770,0,0.0577271532271568,79.23292822917881,1.0,,122699.68900001516
2021-01-20 10:00:32.780,0,0.0413721767370951,63.45525692416383,1.0,,96107.67317845058
2021-01-20 10:00:32.790,0,0.0340464706432238,48.89181815718385,1.0,,72149.31916107415
2021-01-20 10:00:32.800,0,0.023107496342,36.65480165936139,1.0,,52562.272766731825
2021-01-20 10:00:32.810,0,0.023555354237592,25.69632883479891,2.0,,35563.65884702682
2021-01-20 10:00:32.820,0,0.0151165865843689,15.706997724284747,2.0,,20696.79294217815
2021-01-20 10:00:32.830,0,0.0059338587631977,7.412487146200354,2.0,,9067.63329699024
2021-01-20 10:00:32.840,0,0.0003916462781628,0.1211142651048831,2.0,,106.57127835176091
2021-01-20 10:00:32.850,0,-0.0050752046534932,0.0,2.0,,10.27709756604847
2021-01-20 10:00:32.860,0,-0.00275528575541,0.0,2.0,,10.300200878029333
2021-01-20 10:00:32.870,0,-0.0073587559960603,0.0,2.0,,6.87949295463466
2021-01-20 10:00:32.880,0,-0.017637926260535,0.0,2.0,,8.342603098512061
2021-01-20 10:00:32.890,0,-0.0160095362882983,0.0,2.0,,10.125068859253574
2021-01-20 10:00:32.900,0,-0.0213332602973691,0.0,2.0,,10.729755525258302
2021-01-20 10:00:32.910,0,-0.0163622098243322,0.0,2.0,,11.351446864101614
2021-01-20 10:00:32.920,0,-0.0249539998826957,0.0,2.0,,9.719667574854645
2021-01-20 10:00:32.930,0,-0.0177903220235697,0.0,2.0,,9.388839728654563
2021-01-20 10:00:32.940,0,-0.0314226611258815,0.0,2.0,,12.365352944973385
2021-01-20 10:00:32.950,0,-0.020995225609529,0.0,2.0,,7.026744899039883
2021-01-20 10:00:32.960,0,-0.0257608425633294,0.0,2.0,,9.175854272453492
2021-01-20 10:00:32.970,0,-0.0217582121376244,0.0,2.0,,7.39239554710691
2021-01-20 10:00:32.980,0,-0.0120987801922128,0.0,2.0,,10.53052413444693
2021-01-20 10:00:32.990,0,-0.0242965765963347,0.0,2.0,,9.899186779002127
2021-01-20 10:00:33.000,0,-0.022020334780227,0.0,2.0,,8.238380599127654
2021-01-20 10:00:33.010,0,-0.020279750392565,0.0,2.0,,9.087845199049312
2021-01-20 10:00:33.020,0,-0.0212079415206565,0.0,2.0,,12.57529579015129
2021-01-20 10:00:33.030,0,-0.0140591524236932,0.0,2.0,,8.37534291649013
2021-01-20 10:00:33.040,0,-0.0182563542603952,0.0,2.0,,5.35835248776754
2021-01-20 10:00:33.050,0,-0.0168343563078445,0.0,2.0,,9.508508927425542
2021-01-20 10:00:33.060,0,-0.0127875925959401,0.0,2.0,,8.539024321776148
2021-01-20 10:00:33.070,0,-0.0131199583243016,0.0,2.0,,5.901959366074474
2021-01-20 10:00:33.080,0,-0.0133315213026825,0.0,2.0,,10.383792860684864
2021-01-20 10:00:33.090,0,-0.0086239812105548,0.0,2.0,,6.613428482942037
2021-01-20 10:00:33.100,0,-0.0118060926043795,0.0,2.0,,9.228007010439777
2021-01-20 10:00:33.110,0,-0.009979893821045,0.0,2.0,,6.554406616554463
2021-01-20 10:00:33.120,0,-0.0132641887640129,0.0,2.0,,9.731186079968344
2021-01-20 10:00:33.130,0,-0.0087276568832685,0.0,2.0,,13.006344579612811
2021-01-20 10:00:33.140,0,-0.0059807383424043,0.0,2.0,,8.335324387902645
2021-01-20 10:00:33.150,0,-0.0058816900016299,0.0,2.0,,8.26601622256252
2021-01-20 10:00:33.160,0,-0.0033097638203463,0.0,2.0,,8.66186237036426
2021-01-20 10:00:33.170,0,-0.0066055757376239,0.0,2.0,,9.68643809390177
2021-01-20 10:00:33.180,0,0.0013332944672913,0.0,2.0,,9.22760775573958
2021-01-20 10:00:33.190,0,-0.003406796566967,0.0,2.0,,10.81364447829867
2021-01-20 10:00:33.200,0,-0.0070811478726306,0.0,2.0,,9.613375258362314
2021-01-20 10:00:33.210,0,-0.0005247871942936,0.0,2.0,,11.840668996278973
2021-01-20 10:00:33.220,0,-0.0003649751183784,0.0,2.0,,10.115404016747377
2021-01-20 10:00:33.230,0,0.0037683979385085,0.0,2.0,,9.044872870546993
2021-01-20 10:00:33.240,0,-0.0038103489775143,0.0,2.0,,11.538947409369486
2021-01-20 10:00:33.250,0,-0.0046540944883723,0.0,2.0,,8.89288533050158
2021-01-20 10:00:33.260,0,0.0001025465077984,0.0,2.0,,6.828236213088893
2021-01-20 10:00:33.270,0,-2.566451728597329e-05,0.0,2.0,,10.450005481488668
2021-01-20 10:00:33.280,0,-5.193345053542406e-05,0.0,2.0,,9.406016175065108
2021-01-20 10:00:33.290,0,-0.0002767746559995,0.0,2.0,,14.010741427684476
2021-01-20 10:00:33.300,0,-0.0004271470305964,0.0,2.0,,11.407011781708416
2021-01-20 10:00:33.310,0,0.0004728988554399,0.0,2.0,,9.265569124710941
2021-01-20 10:00:33.320,0,-0.0014906525760788,0.0,2.0,,6.261524097883129
2021-01-20 10:00:33.330,0,-0.0056011770023372,0.0,2.0,,10.932209827592388
2021-01-20 10:00:33.340,0,-0.0053226092882034,0.0174087457337463,2.0,,23.21226635289594
2021-01-20 10:00:33.350,0,-0.0017835392464791,0.1391265879828217,2.0,,121.94256073045597
2021-01-20 10:00:33.360,0,-0.0024878237499059,0.2395948929169365,2.0,,217.6287918967308
2021-01-20 10:00:33.370,0,-0.0051823090493424,0.3263646563230261,2.0,,300.0194964713549
2021-01-20 10:00:33.380,0,0.0014600224037315,0.3992220638672284,2.0,,373.96093414308615
2021-01-20 10:00:33.390,0,0.000418713367855,0.452426378844639,2.0,,427.72132050167227
2021-01-20 10:00:33.400,0,0.0050514638625576,0.4932491429868178,2.0,,471.7683308678576
2021-01-20 10:00:33.410,0,-0.0029726889262331,0.5283238807528429,2.0,,502.1622977657287
2021-01-20 10:00:33.420,0,0.0032801949196201,0.5467406787328212,2.0,,522.7784832106681
2021-01-20 10:00:33.430,0,-0.0012484613792336,0.5626668316557093,2.0,,542.9680466611026
2021-01-20 10:00:33.440,0,-0.003439136743667,0.5696387711610671,2.0,,546.721254548144
2021-01-20 10:00:33.450,0,0.0015631684640988,0.5693008118630962,2.0,,551.0278852680476
2021-01-20 10:00:33.460,0,-0.002997927188933,0.5651410749755995,2.0,,544.9261235534417
2021-01-20 10:00:33.470,0,-0.0036302103780109,0.557732292456098,2.0,,537.885221713329
2021-01-20 10:00:33.480,0,-0.0003352604654823,0.5435571831543372,2.0,,520.9866495222776
2021-01-20 10:00:33.490,0,-0.0002545251329386,0.5235656339841452,2.0,,499.9396547086966
2021-01-20 10:00:33.500,0,0.0026377327270089,0.5092554094717767,2.0,,484.2233053493541
2021-01-20 10:00:33.510,0,-0.0026924154842422,0.482012795363033,2.0,,461.2778015835985
2021-01-20 10:00:33.520,0,0.000210800983849,0.461052441831921,2.0,,437.6975228167426
2021-01-20 10:00:33.530,0,-0.0011020251191745,0.4392923790979144,2.0,,414.54624952411154
2021-01-20 10:00:33.540,0,0.0031978252299749,0.4127387945822949,2.0,,386.8693316088155
2021-01-20 10:00:33.550,0,-0.0016628854612747,0.3909735707335515,2.0,,367.97523295223994
2021-01-20 10:00:33.560,0,0.0008959975566922,0.3663409929895068,2.0,,344.9060133280162
2021-01-20 10:00:33.570,0,-0.0017265068848286,0.3376713815380222,2.0,,315.9734570947343
2021-01-20 10:00:33.580,0,0.0015117442984859,0.3159878129735058,2.0,,293.18711898488954
2021-01-20 10:00:33.590,0,-0.0022411586958235,0.2933887114973729,2.0,,268.8733142738402
2021-01-20 10:00:33.600,0,0.0008844183162677,0.2676122676546572,2.0,,241.93935635803157
2021-01-20 10:00:33.610,0,-0.0001369184020358,0.2470889582140034,2.0,,224.02602152597592
2021-01-20 10:00:33.620,0,-0.0003623212502779,0.2267246561030168,2.0,,205.467978724869
2021-01-20 10:00:33.630,0,0.0016077709103729,0.2038727835005876,2.0,,183.30509529896548
2021-01-20 10:00:33.640,0,0.0024362446295327,0.1841709481636222,2.0,,162.73321169810703
2021-01-20 10:00:33.650,0,-0.0016463816208786,0.1657471021778018,2.0,,147.62730823923513
2021-01-20 10:00:33.660,0,0.0030978500752073,0.1493228074949507,2.0,,132.3426666239699
2021-01-20 10:00:33.670,0,0.0027628123380092,0.1335801591454118,2.0,,120.92435238168495
2021-01-20 10:00:33.680,0,0.0007503946923559,0.119219375931291,2.0,,105.5622458126932
2021-01-20 10:00:33.690,0,0.0018013437131921,0.1050469808814913,2.0,,94.38981085118827
2021-01-20 10:00:33.700,0,0.0019321970375443,0.0921322919432273,2.0,,83.92292466766891
2021-01-20 10:00:33.710,0,-0.0019852667938205,0.0805123782471699,2.0,,72.20762498195985
2021-01-20 10:00:33.720,0,-0.0015446102284871,0.0701904098050568,2.0,,63.563987514367646
2021-01-20 10:00:33.730,0,0.0009326084132925,0.0599818779225923,2.0,,54.365677900670946
2021-01-20 10:00:33.740,0,-0.0055121299186094,0.0510256268283572,2.0,,47.3972266620435
2021-01-20 10:00:33.750,0,-0.0061339835809132,0.0426600148683082,2.0,,42.37222902426558
2021-01-20 10:00:33.760,0,0.0053984373993653,0.0353492222528958,2.0,,33.31467555626008
2021-01-20 10:00:33.770,0,-0.0022042481428039,0.028545378920526,2.0,,30.18865505886591
2021-01-20 10:00:33.780,0,-0.0031706843004381,0.0227213273371286,2.0,,26.911792659345448
2021-01-20 10:00:33.790,0,-0.003405730882423,0.0175431325102478,2.0,,22.268764623349284
2021-01-20 10:00:33.800,0,-0.0033527194469893,0.012832022805424,2.0,,18.30376686011445
2021-01-20 10:00:33.810,0,-0.0012655506690846,0.0088174410153762,2.0,,19.99570154517498
2021-01-20 10:00:33.820,0,-0.0040398012104209,0.0051096417377432,2.0,,12.475382005256858
2021-01-20 10:00:33.830,0,-0.0056956883402255,0.0019864843305546,2.0,,13.691298231990839
2021-01-20 10:00:33.840,0,-0.0027345557124479,0.0,2.0,,8.933301458980846
2021-01-20 10:00:33.850,0,-0.0032688129300875,0.0,2.0,,10.933184392393414
2021-01-20 10:00:33.860,0,-0.0025031584729345,0.0,2.0,,12.60876121328776
2021-01-20 10:00:33.870,0,-0.0029909787179165,0.0,2.0,,12.570514171698404
2021-01-20 10:00:33.880,0,-0.0030190112008348,0.0,2.0,,11.55509270174235
2021-01-20 10:00:33.890,0,0.0031997415396325,0.0,2.0,,9.895964916390215
2021-01-20 10:00:33.900,0,6.315380837376899e-06,0.0,2.0,,7.215190028408069
2021-01-20 10:00:33.910,0,0.0006094116661289,0.0,2.0,,8.20524552980975
2021-01-20 10:00:33.920,0,-0.0011510844741149,0.0,2.0,,8.459054870740083
2021-01-20 10:00:33.930,0,-0.0022238302868889,0.0,2.0,,9.835441830663692
2021-01-20 10:00:33.940,0,0.0005907711271769,0.0,2.0,,11.213566669016855
2021-01-20 10:00:33.950,0,0.00296113285337,0.0,2.0,,8.678866118358114
2021-01-20 10:00:33.960,0,-0.0035372945873319,0.0,2.0,,11.241294726680817
2021-01-20 10:00:33.970,0,0.0062222211848424,0.0,2.0,,7.491642875866249
2021-01-20 10:00:33.980,0,-0.0006522495633971,0.0,2.0,,9.937690731501762
2021-01-20 10:00:33.990,0,-0.0002731034501142,0.0,2.0,,7.034567796494707
2021-01-20 10:00:34.000,0,-0.0047461005764152,0.0,2.0,,9.106232011819777
2021-01-20 10:00:34.010,0,0.0007761938606782,0.0,2.0,,8.092254316436595
2021-01-20 10:00:34.020,0,0.0021399355347626,0.0,2.0,,10.829535528586941
2021-01-20 10:00:34.030,0,-0.0057031931808894,0.0,2.0,,7.676535317373051
2021-01-20 10:00:34.040,0,0.0035330751765953,0.0,2.0,,10.60154429132619
2021-01-20 10:00:34.050,0,-0.0007560479019306,0.0,2.0,,6.896781660527684
2021-01-20 10:00:34.060,0,-0.0012077885499361,0.0,2.0,,10.874169633116269
2021-01-20 10:00:34.070,0,0.0011672963326113,0.0,2.0,,11.22360259730126
2021-01-20 10:00:34.080,0,0.0005162010493827,0.0,2.0,,8.90444322173578
2021-01-20 10:00:34.090,0,-0.0010909680268258,0.0,2.0,,8.360648227474998
2021-01-20 10:00:34.100,0,-0.001509702469116,0.0,2.0,,9.738841502680643
2021-01-20 10:00:34.110,0,0.0020023176863409,0.0,2.0,,13.008877102691232
2021-01-20 10:00:34.120,0,0.0013801979971858,0.0,2.0,,8.247931863333479
2021-01-20 10:00:34.130,0,0.0028831426920018,0.0,2.0,,6.693476148775121
2021-01-20 10:00:34.140,0,-0.0003151192199247,0.0,2.0,,10.014406388663913
2021-01-20 10:00:34.150,0,0.0027109758504424,0.0,2.0,,9.180244110084859
2021-01-20 10:00:34.160,0,-0.0022755042882999,0.0,2.0,,11.161458400813192
2021-01-20 10:00:34.170,0,0.0057171068511565,0.0,2.0,,7.55423058895985
2021-01-20 10:00:34.180,0,0.0025497005633417,0.0,2.0,,10.226919184818655
2021-01-20 10:00:34.190,0,0.0042655923313221,0.0,2.0,,8.879431323655137
2021-01-20 10:00:34.200,0,-0.0014577784120447,0.0,2.0,,8.194507757829712
2021-01-20 10:00:34.210,0,0.0030301865370923,0.0,2.0,,10.900014922114817
2021-01-20 10:00:34.220,0,-0.0020714986254894,0.0,2.0,,9.961606324000977
2021-01-20 10:00:34.230,0,-0.0001851428806252,0.0,2.0,,10.906357129064414
2021-01-20 10:00:34.240,0,-0.0007502395909605,0.0,2.0,,10.06807097113134
2021-01-20 10:00:34.250,0,-0.000176373995216,0.0,2.0,,9.439452971656182
2021-01-20 10:00:34.260,0,-0.0085590371878019,0.0,2.0,,7.539281036339259
2021-01-20 10:00:34.270,0,-0.0004947055412224,0.0,2.0,,10.260403709593358
2021-01-20 10:00:34.280,0,-0.0021461732889973,0.0,2.0,,10.74452795000062
2021-01-20 10:00:34.290,0,-0.0016825657435932,0.0,2.0,,9.301765260087777
2021-01-20 10:00:34.300,0,0.0024708972587489,0.0,2.0,,13.358206748009668
2021-01-20 10:00:34.310,0,-0.000355703070596,0.0,2.0,,9.934903447087635
2021-01-20 10:00:34.320,0,0.0014661070348319,0.0,2.0,,11.14712487327468
2021-01-20 10:00:34.330,0,0.0002406293672489,0.0,2.0,,10.296919747176586
2021-01-20 10:00:34.340,0,0.0027153633355958,2.1788127692296467e-05,2.0,,10.044660353354786
2021-01-20 10:00:34.350,0,0.0031783761811606,6.667655385312704e-05,2.0,,13.77152654916135
2021-01-20 10:00:34.360,0,0.0056725716955784,0.0001046495561295,2.0,,9.566501246551654
2021-01-20 10:00:34.370,0,0.0038524551080759,0.0001342717056459,2.0,,12.186520124179495
2021-01-20 10:00:34.380,0,0.0004338103365389,0.000161102480894,2.0,,10.383986079631843
2021-01-20 10:00:34.390,0,0.0064278986556023,0.0001801818438141,2.0,,7.464921976235557
2021-01-20 10:00:34.400,0,0.002416190028069,0.0001973637711975,2.0,,10.824900865690473
2021-01-20 10:00:34.410,0,0.0038615299394995,0.0002072214202267,2.0,,11.022906742413731
2021-01-20 10:00:34.420,0,-0.0031302947610645,0.0002135330013331,2.0,,13.939268741772326
2021-01-20 10:00:34.430,0,-0.0031986695471483,0.0002191314795467,2.0,,10.640441931206833
2021-01-20 10:00:34.440,0,-0.0011193219230587,0.0002231972164474,2.0,,11.814749519698251
2021-01-20 10:00:34.450,0,0.0008528993916693,0.0002217800982901,2.0,,9.22379216087949
2021-01-20 10:00:34.460,0,0.0005093745311721,0.0002184604665175,2.0,,10.069044092105452
2021-01-20 10:00:34.470,0,-0.0042212514652539,0.0002153406074493,2.0,,12.264921491314347
2021-01-20 10:00:34.480,0,0.0026145994851394,0.0002087188642656,2.0,,10.366024895670348
2021-01-20 10:00:34.490,0,0.0023967194839263,0.0002026003772263,2.0,,10.279771598268558
2021-01-20 10:00:34.500,0,0.0003940691710721,0.0001962876692226,2.0,,8.087950710096921
2021-01-20 10:00:34.510,0,0.0031093751133124,0.000187066393137,2.0,,11.559905937661876
2021-01-20 10:00:34.520,0,0.0011137524523724,0.0001788896345188,2.0,,9.172085016556093
2021-01-20 10:00:34.530,0,0.0037685198494527,0.0001676080766167,2.0,,10.074655946186567
2021-01-20 10:00:34.540,0,-0.0016457333525206,0.0001613434903777,2.0,,9.5203622654213
2021-01-20 10:00:34.550,0,0.0032501745175936,0.0001494712530763,2.0,,8.203516946622456
2021-01-20 10:00:34.560,0,-0.0004874289447998,0.0001396833374133,2.0,,10.099083644596371
2021-01-20 10:00:34.570,0,-0.004711385483951,0.0001297415211959,2.0,,10.274619462001315
2021-01-20 10:00:34.580,0,0.0004016416006058,0.0001204708854531,2.0,,12.246586287247279
2021-01-20 10:00:34.590,0,0.0024321889817357,0.0001125412867075,2.0,,7.487148100649804
2021-01-20 10:00:34.600,0,-0.0037526277935224,0.000102771967385,2.0,,11.008459334044971
2021-01-20 10:00:34.610,0,-0.0015855228137612,9.51302757852012e-05,2.0,,12.330420022571438
2021-01-20 10:00:34.620,0,-0.0006536018931452,8.684543505543856e-05,2.0,,12.911954765686565
2021-01-20 10:00:34.630,0,0.0016031068946249,7.891563807236826e-05,2.0,,10.028258408591428
2021-01-20 10:00:34.640,0,0.0035638220738741,7.152874410284784e-05,2.0,,10.041065298198063
2021-01-20 10:00:34.650,0,-0.0004133738010552,6.456707449976807e-05,2.0,,7.896538143776192
2021-01-20 10:00:34.660,0,0.0015927813389557,5.8040964286490846e-05,2.0,,12.64707219297977
2021-01-20 10:00:34.670,0,-0.0033914090257075,5.18222104028339e-05,2.0,,13.472455706910546
2021-01-20 10:00:34.680,0,0.0035871571253654,4.57451693636374e-05,2.0,,13.404250399063727
2021-01-20 10:00:34.690,0,-0.0009855676692539,4.107145715278132e-05,2.0,,10.272329464467749
2021-01-20 10:00:34.700,0,0.0012773405426709,3.615465311008604e-05,2.0,,8.940386544706053
2021-01-20 10:00:34.710,0,-0.0039873846287619,3.1429945017420125e-05,2.0,,9.030983342480912
2021-01-20 10:00:34.720,0,0.0037091837041548,2.7207985322677232e-05,2.0,,8.984214863785754
2021-01-20 10:00:34.730,0,0.0019615984821685,2.321761809621809e-05,1.0,,8.476485197522853
2021-01-20 10:00:34.740,0,-0.0010188872007876,1.978035624107849e-05,1.0,,12.405483254739753
2021-01-20 10:00:34.750,0,-0.0005722288064325,1.6510259193600013e-05,1.0,,10.941936907468019
2021-01-20 10:00:34.760,0,0.003391760134939,1.3702568267256704e-05,1.0,,6.467431382447619
2021-01-20 10:00:34.770,0,-0.0043726176613528,1.0916618848739394e-05,1.0,,6.373344609656942
2021-01-20 10:00:34.780,0,-0.001598607777757,8.747853420006587e-06,1.0,,7.286732642380836
2021-01-20 10:00:34.790,0,0.0032510519424904,6.617676404523764e-06,1.0,,9.171047176104038
2021-01-20 10:00:34.800,0,0.0059957540084762,4.803102513434992e-06,1.0,,10.848745560858967
2021-01-20 10:00:34.810,0,-0.0050418928766796,3.154262411231112e-06,1.0,,10.658935968296978
2021-01-20 10:00:34.820,0,0.007467374824936,1.7391816734498055e-06,1.0,,9.578886562831034
2021-01-20 10:00:34.830,0,-0.0033409772724331,5.187426877673139e-07,1.0,,8.297390328118052
2021-01-20 10:00:34.840,0,-0.0001956902931567,0.0,1.0,,8.36847354628218
2021-01-20 10:00:34.850,0,-0.0022681659372292,0.0,1.0,,6.273373234320743
2021-01-20 10:00:34.860,0,-0.0047133584463208,0.0,1.0,,10.404581562313776
2021-01-20 10:00:34.870,0,-0.0025289345323726,0.0,1.0,,10.13986268680512
2021-01-20 10:00:34.880,0,-0.0013939310587269,0.0,1.0,,6.554312797777894
2021-01-20 10:00:34.890,0,0.0042843168456849,0.0,1.0,,10.425112228386698
2021-01-20 10:00:34.900,0,-0.0003846072570833,0.0,1.0,,9.0082370964505
2021-01-20 10:00:34.910,0,0.0023010800856129,0.0,1.0,,11.565740048718071
2021-01-20 10:00:34.920,0,-0.0036255829058814,0.0,1.0,,10.101933796975027
2021-01-20 10:00:34.930,0,-0.0013019564171348,0.0,1.0,,8.626433299250007
2021-01-20 10:00:34.940,0,0.0013612388143599,0.0,1.0,,9.540383429102029
2021-01-20 10:00:34.950,0,0.0046660678752041,0.0,1.0,,10.158837337186283
2021-01-20 10:00:34.960,0,0.0013335202373677,0.0,1.0,,10.306079347434604
2021-01-20 10:00:34.970,0,-0.0072208858545853,0.0,1.0,,10.782358631786932
2021-01-20 10:00:34.980,0,-0.000923331752649,0.0,1.0,,10.185572775286555
2021-01-20 10:00:34.990,0,-0.0054410771861852,0.0,1.0,,12.05719300734771
2021-01-20 10:00:35.000,0,-0.0059132855327229,0.0,1.0,,14.033815457018395
2021-01-20 10:00:35.010,0,5.677629550666945e-05,0.0,1.0,,11.972089771180054
2021-01-20 10:00:35.020,0,-0.0010587469110229,0.0,1.0,,10.461377084046488
2021-01-20 10:00:35.030,0,0.001023938650988,0.0,1.0,,5.905997148240127
2021-01-20 10:00:35.040,0,-0.0014368574814965,0.0,1.0,,9.815026035962642
2021-01-20 10:00:35.050,0,0.0006614854518331,0.0,1.0,,8.950157825131162
2021-01-20 10:00:35.060,0,-0.0004469513678929,0.0,1.0,,6.360285376017957
2021-01-20 10:00:35.070,0,-0.0040759975078992,0.0,1.0,,8.71496739342023
2021-01-20 10:00:35.080,0,-0.0013354869148492,0.0,1.0,,6.999443754207385
2021-01-20 10:00:35.090,0,0.0020825871415957,0.0,1.0,,10.854464615050547
2021-01-20 10:00:35.100,0,-0.0027007234319036,0.0,1.0,,10.640585305893808
2021-01-20 10:00:35.110,0,9.988297097329748e-05,0.0,1.0,,8.021166218225218
2021-01-20 10:00:35.120,0,0.0025257548911253,0.0,1.0,,11.021310900895077
2021-01-20 10:00:35.130,0,-0.0006919401631842,0.0,1.0,,8.937413801976467
2021-01-20 10:00:35.140,0,-0.0011081405615818,0.0,1.0,,7.110804771009251
2021-01-20 10:00:35.150,0,-0.0025262013982168,0.0,1.0,,7.440077039008335
2021-01-20 10:00:35.160,0,-0.0037315791643037,0.0,1.0,,10.501830470966627
2021-01-20 10:00:35.170,0,-0.0010231407632188,0.0,1.0,,13.595864642255856
2021-01-20 10:00:35.180,0,0.0029065909762028,0.0,1.0,,10.920175179338676
2021-01-20 10:00:35.190,0,0.0017511846217181,0.0,1.0,,11.381370861921514
2021-01-20 10:00:35.200,0,-0.0042948343886968,0.0,1.0,,8.007760704621447
2021-01-20 10:00:35.210,0,-0.0073471286365698,0.0,1.0,,9.866947570276974
2021-01-20 10:00:35.220,0,0.0011407536481826,0.0,1.0,,8.501216948721288
2021-01-20 10:00:35.230,0,-0.0052425063912356,0.0,1.0,,9.589369587336758
2021-01-20 10:00:35.240,0,0.0002278702919195,0.0,1.0,,10.28567043329899
2021-01-20 10:00:35.250,0,-0.0024448306479149,0.0,1.0,,9.131561275053084
2021-01-20 10:00:35.260,0,-0.0005594207957274,0.0,1.0,,7.146743610237278
2021-01-20 10:00:35.270,0,-0.0070053617200685,0.0,1.0,,7.825321968398197
2021-01-20 10:00:35.280,0,0.0055851755400227,0.0,1.0,,7.750304084829189
2021-01-20 10:00:35.290,0,0.0037851889059188,0.0,1.0,,6.507779869586899
2021-01-20 10:00:35.300,0,-0.0045482719917,0.0,1.0,,10.042208636793166
2021-01-20 10:00:35.310,0,-0.0051564379457121,0.0,1.0,,11.074531586761125
2021-01-20 10:00:35.320,0,-0.0015915342943774,0.0,1.0,,9.585250658278301
2021-01-20 10:00:35.330,0,0.000754280093655,0.0,1.0,,10.560433797128542
2021-01-20 10:00:35.340,0,-0.0013631564221004,1.1310030672877737e-08,1.0,,5.246336639969767
2021-01-20 10:00:35.350,0,-7.398712521288523e-05,2.8643420880332643e-08,1.0,,11.8303862417926
2021-01-20 10:00:35.360,0,0.0004526179265561,4.3462617284122264e-08,1.0,,10.9568657416465
2021-01-20 10:00:35.370,0,0.0021956821251486,5.591194932336453e-08,1.0,,10.510814887764234
2021-01-20 10:00:35.380,0,0.0018909681050402,6.593197403879651e-08,1.0,,14.443494693071127
2021-01-20 10:00:35.390,0,-0.0026446029405766,7.34720632193586e-08,1.0,,12.457364147097515
2021-01-20 10:00:35.400,0,0.0039062905343985,8.020425132111885e-08,1.0,,8.92865011945067
2021-01-20 10:00:35.410,0,-0.0030825097470966,8.487190483907126e-08,1.0,,11.06985983161042
2021-01-20 10:00:35.420,0,0.0013606873225552,8.681145056764442e-08,1.0,,14.172368357663782
2021-01-20 10:00:35.430,0,-0.0006842021932574,8.911678824021983e-08,1.0,,10.393025624521583
2021-01-20 10:00:35.440,0,0.0075304419348654,9.029581388535266e-08,1.0,,10.143162585160287
2021-01-20 10:00:35.450,0,-0.0038568066559813,8.90549398413269e-08,1.0,,11.028550953728454
2021-01-20 10:00:35.460,0,-0.0004010535905078,8.850990681614035e-08,1.0,,11.831386966892529
2021-01-20 10:00:35.470,0,0.0013810915448639,8.68037095882867e-08,1.0,,10.354140776971702
2021-01-20 10:00:35.480,0,-0.0030227356589211,8.432604948719583e-08,1.0,,10.162111659348058
2021-01-20 10:00:35.490,0,-0.0028737341928332,8.17875641298842e-08,1.0,,10.18122183715375
2021-01-20 10:00:35.500,0,0.0026907933049687,7.95734163024548e-08,1.0,,8.389667631780858
2021-01-20 10:00:35.510,0,-0.0057817483649721,7.548184106020896e-08,1.0,,5.2644658668170825
2021-01-20 10:00:35.520,0,-0.0005791134337158,7.183114645106814e-08,1.0,,11.539972240296535
2021-01-20 10:00:35.530,0,0.0012173543903435,6.811726219041458e-08,1.0,,9.409953182292606
2021-01-20 10:00:35.540,0,-0.0021205592952937,6.445462769193064e-08,1.0,,11.57173306298186
2021-01-20 10:00:35.550,0,0.0033261380557949,6.039466510019707e-08,1.0,,13.574463353929039
2021-01-20 10:00:35.560,0,-0.0012603330179582,5.702338292655866e-08,1.0,,7.99443732192458
2021-01-20 10:00:35.570,0,-0.0013433874404848,5.28879298186601e-08,1.0,,10.939387393183813
2021-01-20 10:00:35.580,0,0.0003335828774726,4.9063344598182474e-08,1.0,,7.99728936912193
2021-01-20 10:00:35.590,0,0.0039614037849359,4.4851669819919086e-08,1.0,,10.553610274195318
2021-01-20 10:00:35.600,0,0.0033282943835528,4.1661685889849736e-08,1.0,,11.68062976187904
2021-01-20 10:00:35.610,0,-0.0004503350314667,3.7893780912995464e-08,1.0,,9.396726661062843
2021-01-20 10:00:35.620,0,0.0002670908740658,3.4862484063111545e-08,1.0,,10.192865409104813
2021-01-20 10:00:35.630,0,0.0113214580823295,3.167917063130778e-08,1.0,,10.47348164944329
2021-01-20 10:00:35.640,0,0.0037053325286428,2.8791330098803123e-08,1.0,,8.189970087108819
2021-01-20 10:00:35.650,0,-0.0007903556571762,2.580335537062126e-08,1.0,,10.643440701259474
2021-01-20 10:00:35.660,0,-0.0025275165979159,2.3154607601738467e-08,1.0,,6.817745269465788
2021-01-20 10:00:35.670,0,0.0028748388070228,2.084666079961483e-08,1.0,,13.033273281006759
2021-01-20 10:00:35.680,0,0.0011862717407014,1.8400531301765413e-08,1.0,,9.108826373412864
2021-01-20 10:00:35.690,0,-0.00024676969243,1.6220225134296896e-08,1.0,,10.605486212217
2021-01-20 10:00:35.700,0,-0.0012922300767776,1.4183210686115551e-08,1.0,,9.216727863160612
2021-01-20 10:00:35.710,0,-0.0003316438131718,1.2383209612782996e-08,1.0,,9.533031573402196
2021-01-20 10:00:35.720,0,0.0008585799965975,1.0614089241008415e-08,1.0,,12.398532763522605
2021-01-20 10:00:35.730,0,0.0008948866581405,9.106837252883218e-09,1.0,,8.239313431048261
2021-01-20 10:00:35.740,0,0.0012321909324599,7.701504332978264e-09,1.0,,10.613575780944172
2021-01-20 10:00:35.750,0,0.000661904389776,6.360607762145721e-09,1.0,,10.443534402737646
2021-01-20 10:00:35.760,0,-0.0006705763135283,5.247761135171438e-09,1.0,,10.216978109303502
2021-01-20 10:00:35.770,0,0.004372419101414,4.234738008363596e-09,1.0,,11.50973370846181
2021-01-20 10:00:35.780,0,0.0017767971275624,3.299423996617716e-09,1.0,,11.276515421980685
2021-01-20 10:00:35.790,0,0.0029234179581875,2.527821760873888e-09,1.0,,9.108432871582174
2021-01-20 10:00:35.800,0,0.0027311238642734,1.7765528413041094e-09,1.0,,7.508462856313303
2021-01-20 10:00:35.810,0,-0.0027636594064024,1.152971616591936e-09,1.0,,9.091338220640003
2021-01-20 10:00:35.820,0,-0.0017230345444019,6.017625443993915e-10,1.0,,9.69385507272969
2021-01-20 10:00:35.830,0,0.0018122514818136,1.2355931016953319e-10,1.0,,11.605413650324325
2021-01-20 10:00:35.840,0,0.0023462289311987,0.0,1.0,,12.166592621091963
2021-01-20 10:00:35.850,0,0.0009186886496552,0.0,1.0,,8.89995188156172
2021-01-20 10:00:35.860,0,-0.0030417860757679,0.0,1.0,,8.58313227998043
2021-01-20 10:00:35.870,0,0.0024983567915992,0.0,1.0,,10.738047799774979
2021-01-20 10:00:35.880,0,-1.0212809828203674e-05,0.0,1.0,,9.284935766425676
2021-01-20 10:00:35.890,0,0.0033992950449184,0.0,1.0,,10.739752364352153
2021-01-20 10:00:35.900,0,-0.0016160634313024,0.0,1.0,,9.888887175083964
2021-01-20 10:00:35.910,0,-0.0029133169715147,0.0,1.0,,9.419436318004696
2021-01-20 10:00:35.920,0,0.0040947433922945,0.0,1.0,,8.786361197320733
2021-01-20 10:00:35.930,0,0.0062709462415949,0.0,1.0,,12.421942642002765
2021-01-20 10:00:35.940,0,-0.0028094573804999,0.0,1.0,,8.473121144464114
2021-01-20 10:00:35.950,0,-0.0039593676541402,0.0,1.0,,9.527420683323957
2021-01-20 10:00:35.960,0,-0.0014148976388602,0.0,1.0,,9.360891697532654
2021-01-20 10:00:35.970,0,-0.0098896778528681,0.0,1.0,,6.7238824021858346
2021-01-20 10:00:35.980,0,-0.0027877347544513,0.0,1.0,,7.300038823572841
2021-01-20 10:00:35.990,0,-0.0035186178161109,0.0,1.0,,7.726136270290976
2021-01-20 10:00:36.000,0,-0.0013843316293699,0.0,1.0,,9.809970567586298
2021-01-20 10:00:36.010,0,-0.0004819575884135,0.0,1.0,,9.379967144513174
2021-01-20 10:00:36.020,0,0.0017716225280819,0.0,1.0,,12.216956583073467
2021-01-20 10:00:36.030,0,-0.00375413558229,0.0,1.0,,10.004356720891899
2021-01-20 10:00:36.040,0,0.0073857879897073,0.0,1.0,,9.79902941307395
2021-01-20 10:00:36.050,0,0.0002075637080562,0.0,1.0,,10.874047177019376
2021-01-20 10:00:36.060,0,0.0027721385603976,0.0,1.0,,8.268739447023641
2021-01-20 10:00:36.070,0,0.0013423378675623,0.0,1.0,,8.143646151578254
2021-01-20 10:00:36.080,0,0.0016538949435283,0.0,1.0,,10.286825475612096
2021-01-20 10:00:36.090,0,-0.0005705350721075,0.0,1.0,,7.836871909024131
2021-01-20 10:00:36.100,0,-0.0001948186570678,0.0,1.0,,7.987402911770241
2021-01-20 10:00:36.110,0,-0.0005445682138414,0.0,1.0,,6.970013877927345
2021-01-20 10:00:36.120,0,-0.0025540280006281,0.0,1.0,,9.436606233996823
2021-01-20 10:00:36.130,0,-0.0041770377101998,0.0,1.0,,14.100010317826506
2021-01-20 10:00:36.140,0,-0.005532648698748,0.0,1.0,,8.856275866893151
2021-01-20 10:00:36.150,0,-0.0014167441103953,0.0,1.0,,12.839533334712517
2021-01-20 10:00:36.160,0,-0.0010782901223529,0.0,1.0,,10.871679029343163
2021-01-20 10:00:36.170,0,0.0004782597360802,0.0,1.0,,11.241101468817549
2021-01-20 10:00:36.180,0,-0.0044466048965374,0.0,1.0,,10.487957338416289
2021-01-20 10:00:36.190,0,0.0068369302305589,0.0,1.0,,4.959070606127902
2021-01-20 10:00:36.200,0,-0.0024216061700454,0.0,1.0,,9.67972928284777
2021-01-20 10:00:36.210,0,0.0001787282970892,0.0,1.0,,9.51136133690639
2021-01-20 10:00:36.220,0,-0.0007111743651887,0.0,1.0,,12.191021363487074
2021-01-20 10:00:36.230,0,0.0019003340744869,0.0,1.0,,9.66567391783271
2021-01-20 10:00:36.240,0,-0.0012897350776247,0.0,1.0,,11.776823777835142
2021-01-20 10:00:36.250,0,0.0024303199819219,0.0,1.0,,11.94638218685142
2021-01-20 10:00:36.260,0,0.0002256077550146,0.0,1.0,,10.433577610963198
2021-01-20 10:00:36.270,0,-0.0053630351606677,0.0,1.0,,11.0600311403639
2021-01-20 10:00:36.280,0,0.0031001283608707,0.0,1.0,,6.293275284356186
2021-01-20 10:00:36.290,0,0.0044006121759432,0.0,1.0,,6.419681352233878
2021-01-20 10:00:36.300,0,-0.0033263570397487,0.0,1.0,,7.096790218484342
2021-01-20 10:00:36.310,0,0.0027673306586495,0.0,1.0,,10.75465942127366
2021-01-20 10:00:36.320,0,-0.0053425343737776,0.0,1.0,,8.472130006263223
2021-01-20 10:00:36.330,0,-0.0012834198652565,0.0,1.0,,13.103675809248502
2021-01-20 10:00:36.340,0,-0.0008119054364647,6.800692198428053e-12,1.0,,10.81335097134323
2021-01-20 10:00:36.350,0,-0.0053324725083078,1.338701914407303e-11,1.0,,8.08770935652181
2021-01-20 10:00:36.360,0,-0.0088801500008693,1.9111852854962816e-11,1.0,,10.265671545352502
2021-01-20 10:00:36.370,0,-0.0026442257971236,2.3771897032623068e-11,1.0,,8.851202033402302
2021-01-20 10:00:36.380,0,0.0036078026438825,2.7455277784655715e-11,1.0,,7.4230918735519
2021-01-20 10:00:36.390,0,-0.0105639100202688,3.018126801025739e-11,1.0,,10.783187640324034
2021-01-20 10:00:36.400,0,0.0050866109508198,3.244166546398773e-11,1.0,,8.626872430640583
2021-01-20 10:00:36.410,0,0.0037937910846183,3.3779452127127804e-11,1.0,,8.940154284888747
2021-01-20 10:00:36.420,0,0.0006009255673165,3.4848055502466556e-11,1.0,,7.533182551568798
2021-01-20 10:00:36.430,0,0.002211051420584,3.5208872262717146e-11,1.0,,12.433247260456188
2021-01-20 10:00:36.440,0,0.0052788272576491,3.5374590188070605e-11,1.0,,7.163264621763301
2021-01-20 10:00:36.450,0,-0.0008514004728433,3.5273855714380636e-11,1.0,,7.958979036680098
2021-01-20 10:00:36.460,0,0.0034336969575308,3.465820022049518e-11,1.0,,14.234042854641805
2021-01-20 10:00:36.470,0,0.0052899022267572,3.416257184171417e-11,1.0,,6.94866913070192
2021-01-20 10:00:36.480,0,-0.005603772579403,3.32142884217719e-11,1.0,,9.511883035447946
2021-01-20 10:00:36.490,0,-0.0009800201057099,3.1529673341513276e-11,1.0,,12.830711844380716
2021-01-20 10:00:36.500,0,0.0023953490386232,3.050912623600332e-11,1.0,,10.522136723488966
2021-01-20 10:00:36.510,0,0.0005169803195246,2.922839823290269e-11,1.0,,9.73961777317105
2021-01-20 10:00:36.520,0,0.0002850468865673,2.792619256606809e-11,1.0,,9.814824167568649
2021-01-20 10:00:36.530,0,-0.0006626810243359,2.6101402702644688e-11,1.0,,13.076802056047288
2021-01-20 10:00:36.540,0,-0.0078986395517302,2.461951273957105e-11,1.0,,9.20454073600309
2021-01-20 10:00:36.550,0,0.0016718475354402,2.3189896822923002e-11,1.0,,12.320355450239907
2021-01-20 10:00:36.560,0,0.0062058118013691,2.1452567858342755e-11,1.0,,10.656434650015544
2021-01-20 10:00:36.570,0,0.000455723175876,1.9909078286927383e-11,1.0,,11.108309196124814
2021-01-20 10:00:36.580,0,-0.003064084869238,1.8522098426711847e-11,1.0,,9.282704725278592
2021-01-20 10:00:36.590,0,0.0041355302409431,1.6924154684228728e-11,1.0,,13.554920059913528
2021-01-20 10:00:36.600,0,-0.0048911427427893,1.5645090873967074e-11,1.0,,4.397120085275517
2021-01-20 10:00:36.610,0,-0.0025982006842377,1.431743788558152e-11,1.0,,7.475922486753532
2021-01-20 10:00:36.620,0,-0.0017527142664511,1.3084448391666655e-11,1.0,,8.391603974847705
2021-01-20 10:00:36.630,0,-0.0052013690112829,1.1766859662118264e-11,1.0,,12.197711560855183
2021-01-20 10:00:36.640,0,0.0004459767079158,1.0689112354462036e-11,1.0,,7.721603473221537
2021-01-20 10:00:36.650,0,-0.0039138233667469,9.610907952061312e-12,1.0,,13.216664045392156
2021-01-20 10:00:36.660,0,-0.0030021523788818,8.653854830047981e-12,1.0,,12.974765633768431
2021-01-20 10:00:36.670,0,0.0020028657788695,7.632073949438107e-12,1.0,,10.655829528214582
2021-01-20 10:00:36.680,1,0.0041358999044867,6.734266947825902e-12,1.0,,8.452201000374885
2021-01-20 10:00:36.690,1,-0.003718765755378,5.9526839473139486e-12,1.0,,6.426667859450088
2021-01-20 10:00:36.700,1,-0.0008336491302122,5.247251618527416e-12,1.0,,8.255256529256428
2021-01-20 10:00:36.710,1,-0.0040976659584442,4.5443021991133e-12,1.0,,9.082742812268823
2021-01-20 10:00:36.720,1,-0.0002705687551592,3.894164227091304e-12,1.0,,11.11042810555934
2021-01-20 10:00:36.730,1,-0.0022541894253055,3.31977858695958e-12,1.0,,6.90505028005378
2021-01-20 10:00:36.740,1,3.232968460655866e-05,2.784735350539473e-12,1.0,,7.806045756442359
2021-01-20 10:00:36.750,1,0.0025221270559949,2.314359570370104e-12,1.0,,11.882849834045672
2021-01-20 10:00:36.760,1,-0.0017075871768688,1.889358404636529e-12,1.0,,8.619793461382159
2021-01-20 10:00:36.770,1,0.0039069356735847,1.5182597933004145e-12,1.0,,9.97663385716659
2021-01-20 10:00:36.780,1,-0.0071436642239403,1.1705545757063825e-12,1.0,,7.323881822188337
2021-01-20 10:00:36.790,1,0.0009068741675057,5.387356463184542,1.0,,6386.102820324294
2021-01-20 10:00:36.800,1,0.0098613602406212,20.539469569568933,1.0,,27798.71518900583
2021-01-20 10:00:36.810,1,0.0199055211144414,44.34739598691425,1.0,,64804.67428026749
2021-01-20 10:00:36.820,1,0.0421786136128861,74.45559931302823,1.0,,114585.8966379359
2021-01-20 10:00:36.830,1,0.0670212593372801,110.2385002437836,1.0,,176441.45482013974
2021-01-20 10:00:36.840,1,0.0791564694340901,149.67023309459768,0.0,,246986.15696372036
2021-01-20 10:00:36.850,1,0.1221501581200595,197.6444647925688,0.0,,335345.6452866437
2021-01-20 10:00:36.860,1,0.1160518826744608,248.2773184636977,0.0,,430968.86894724617
2021-01-20 10:00:36.870,1,0.2024252137051475,304.68400254174685,0.0,,539826.2045900039
2021-01-20 10:00:36.880,1,0.1636052038677797,360.2693569594463,0.0,,649085.2831514208
2021-01-20 10:00:36.890,1,0.2033581332152193,416.84066468003374,0.0,,762041.2708921027
2021-01-20 10:00:36.900,1,0.2724928933226731,477.2087925193408,0.0,,884282.1046016822
2021-01-20 10:00:36.910,1,0.3083019769264922,537.89802264793,0.0,,1008741.6879977094
2021-01-20 10:00:36.920,1,0.2668980758417384,601.4171754227001,0.0,,1140518.8028042647
2021-01-20 10:00:36.930,1,0.3456142318270789,661.1953077931048,0.0,,1265820.265929137
2021-01-20 10:00:36.940,1,0.3975556952759209,714.2993769233252,0.0,,1378089.5369509624
2021-01-20 10:00:36.950,1,0.3486620995159243,776.398181094762,0.0,,1510433.4315079278
2021-01-20 10:00:36.960,1,0.4937998826235013,821.3672955379379,0.0,,1606942.9863652433
2021-01-20 10:00:36.970,1,0.4160191808365833,880.1536310550838,0.0,,1733892.558055308
2021-01-20 10:00:36.980,1,0.6068668366049137,931.9146200883972,0.0,,1846388.7570977889
2021-01-20 10:00:36.990,1,0.5215876138322301,973.0088205153656,0.0,,1936142.2991098212
2021-01-20 10:00:37.000,1,0.6553716046828184,1020.4554567241256,0.0,,2040242.23438976
2021-01-20 10:00:37.010,1,0.4911190117076054,1069.790263041174,0.0,,2148995.1192665347
2021-01-20 10:00:37.020,1,0.5339614397850346,1101.8975419748415,0.0,,2220049.028174912
2021-01-20 10:00:37.030,1,0.6003338936799251,1128.560189464585,0.0,,2279210.6823474807
2021-01-20 10:00:37.040,1,0.7504346697479809,1166.4975796834462,0.0,,2363638.5227842936
2021-01-20 10:00:37.050,1,0.6457615851242174,1201.9219174011905,0.0,,2442707.041209819
2021-01-20 10:00:37.060,1,0.8106032493706717,1223.385969292376,0.0,,2490743.5116589866
2021-01-20 10:00:37.070,1,0.8369211222003353,1259.3767798566396,0.0,,2571461.1525399005
2021-01-20 10:00:37.080,1,0.7096788439151787,1288.2163080578814,0.0,,2636304.2853516047
2021-01-20 10:00:37.090,1,0.879510534912979,1315.8928842575426,0.0,,2698678.923526478
2021-01-20 10:00:37.100,1,0.8027044573867027,1338.77872229868,0.0,,2750345.576905509
2021-01-20 10:00:37.110,1,0.7931124862100226,1338.5888180837255,0.0,,2749918.8765207846
2021-01-20 10:00:37.120,1,0.8522969328619108,1362.7338677784844,0.0,,2804532.8707460184
2021-01-20 10:00:37.130,1,0.7691902663889548,1366.4422439032835,0.0,,2812920.8719062177
2021-01-20 10:00:37.140,1,0.9499593364435536,1386.818771335929,0.0,,2859107.1771834674
2021-01-20 10:00:37.150,1,0.8703587864841206,1405.197315066464,0.0,,2900809.7479393603
2021-01-20 10:00:37.160,1,0.7880784869508083,1400.2367659366378,0.0,,2889543.4240109343
2021-01-20 10:00:37.170,1,1.050231624346403,1404.0860334171657,0.0,,2898298.823765132
2021-01-20 10:00:37.180,1,1.1259369351996438,1427.97425992668,0.0,,2952579.946220607
2021-01-20 10:00:37.190,1,0.947646618010662,1425.10723801883,0.0,,2946051.2757688845
2021-01-20 10:00:37.200,1,0.9123538464932718,1447.8752701635742,0.0,,2997867.89581812
2021-01-20 10:00:37.210,1,1.1406669412484742,1433.567566439053,0.0,,2965307.679359703
2021-01-20 10:00:37.220,1,0.9224554184514896,1445.1802782668128,0.0,,2991729.8520665807
2021-01-20 10:00:37.230,1,1.132776226216354,1445.5432557161275,0.0,,2992565.65300451
2021-01-20 10:00:37.240,1,1.0183625924356,1438.059392737985,0.0,,2975522.4564581225
2021-01-20 10:00:37.250,1,1.0933869046460565,1463.3401747793307,0.0,,3033117.1420934787
2021-01-20 10:00:37.260,1,0.9717187506755586,1445.3754828210615,0.0,,2992176.752462655
2021-01-20 10:00:37.270,1,0.9237460088198224,1458.0920446908406,0.0,,3021144.6391181736
2021-01-20 10:00:37.280,1,0.8570739237438268,1447.5267766252389,0.0,,2997067.309029488
2021-01-20 10:00:37.290,1,1.2666853446312305,1453.9223986266477,0.0,,3011658.184753937
2021-01-20 10:00:37.300,1,1.2424722847235037,1452.0438291087833,0.0,,3007380.890949182
2021-01-20 10:00:37.310,1,1.176633799531606,1448.2530925837164,0.0,,2998742.9401814165
2021-01-20 10:00:37.320,1,1.1336661554809466,1438.8995888908755,0.0,,2977446.0092559895
2021-01-20 10:00:37.330,1,0.9686067978379052,1442.441672745188,0.0,,2985496.439122315
2021-01-20 10:00:37.340,1,1.2755608459235916,1440.3986266530123,0.0,,2980860.778637687
2021-01-20 10:00:37.350,1,0.9510985990679584,1447.1755903643304,0.0,,2996273.7009783224
2021-01-20 10:00:37.360,1,1.0629982558928794,1434.1554164971797,0.0,,2966643.5483955527
2021-01-20 10:00:37.370,1,1.0340648469535638,1452.7676667440787,0.0,,3009018.592802555
2021-01-20 10:00:37.380,1,0.9027526572219908,1433.819927476409,0.0,,2965871.267468546
2021-01-20 10:00:37.390,1,1.0092275020273722,1433.394009785512,0.0,,2964906.2434192626
2021-01-20 10:00:37.400,1,1.0551380016227472,1418.534962997281,0.0,,2931115.8010992687
2021-01-20 10:00:37.410,1,1.3106854365474954,1425.8293047200657,0.0,,2947715.9581936216
2021-01-20 10:00:37.420,1,1.0697604388249438,1415.908385087242,0.0,,2925153.056474849
2021-01-20 10:00:37.430,1,1.1608903354071236,1412.4558705225882,0.0,,2917303.6253840025
2021-01-20 10:00:37.440,1,1.2872908363343711,1408.7959120211124,0.0,,2908996.5144450613
2021-01-20 10:00:37.450,1,1.1095425949599471,1416.2273584221589,0.0,,2925879.409540502
2021-01-20 10:00:37.460,1,1.1551052480467667,1411.8120826179888,0.0,,2915851.209305642
2021-01-20 10:00:37.470,1,0.9522107641203508,1411.531005522994,0.0,,2915197.6407531467
2021-01-20 10:00:37.480,1,1.2749989278200178,1416.741423788844,0.0,,2927052.2424023105
2021-01-20 10:00:37.490,1,1.0783820107352389,1415.8744724662204,0.0,,2925076.3392354366
2021-01-20 10:00:37.500,1,1.119053107685689,1415.1907690261062,0.0,,2923519.9913919605
2021-01-20 10:00:37.510,1,1.0305105469575686,1416.5939936278508,0.0,,2926703.472637122
2021-01-20 10:00:37.520,1,1.2302905007419684,1418.9350534283326,0.0,,2932036.7223209096
2021-01-20 10:00:37.530,1,0.8755352152824213,1415.2670961563474,0.0,,2923683.040443579
2021-01-20 10:00:37.540,1,1.1732558821946002,1418.9884789206226,0.0,,2932153.362317018
2021-01-20 10:00:37.550,1,1.008475479455182,1425.1947750956592,0.0,,2946252.7572898045
2021-01-20 10:00:37.560,1,0.95596970587139,1413.4301164910712,0.0,,2919511.068128804
2021-01-20 10:00:37.570,1,0.9306838649230263,1411.2829574926002,0.0,,2914636.062964457
2021-01-20 10:00:37.580,1,1.0426138585203646,1420.951600528162,0.0,,2936612.3707244894
2021-01-20 10:00:37.590,1,0.8417088517598538,1411.279757129811,0.0,,2914619.2561087357
2021-01-20 10:00:37.600,1,0.927015012097864,1426.1614733103197,0.0,,2948450.026740237
2021-01-20 10:00:37.610,1,0.9019586895134576,1416.6818962462755,0.0,,2926900.2940048836
2021-01-20 10:00:37.620,1,0.8520005400325569,1412.8116959831616,0.0,,2918102.361113372
2021-01-20 10:00:37.630,0,1.1917046165477063,1424.6789842732724,0.0,,2945095.448270957
2021-01-20 10:00:37.640,0,1.0260109043076713,1412.949085187532,0.0,,2918422.4910651916
2021-01-20 10:00:37.650,0,1.0457632765089504,1404.68489402337,0.0,,2899656.943883208
2021-01-20 10:00:37.660,0,1.1497930237776284,1415.359056632892,0.0,,2923903.794482672
2021-01-20 10:00:37.670,0,0.920284348639456,1429.4132241255943,0.0,,2955841.609776788
2021-01-20 10:00:37.680,0,1.110598908033818,1425.1938728088198,0.0,,2946259.8399724057
2021-01-20 10:00:37.690,0,0.7959690971974704,1434.9568128428418,0.0,,2968453.528776671
2021-01-20 10:00:37.700,0,0.9721078751896112,1421.0378842044422,0.0,,2936804.047725102
2021-01-20 10:00:37.710,0,1.0468682372488352,1419.0568091528394,0.0,,2932304.144630742
2021-01-20 10:00:37.720,0,0.8329913920891037,1419.5525977390455,0.0,,2933421.6854683603
2021-01-20 10:00:37.730,0,0.9585539594744108,1427.149643204102,0.0,,2950695.1155917416
2021-01-20 10:00:37.740,0,0.8499099191185568,1418.7115115543031,0.0,,2931508.9291248606
2021-01-20 10:00:37.750,0,0.861381119380149,1406.2946864072253,0.0,,2903298.3639678434
2021-01-20 10:00:37.760,0,0.6930559888702819,1377.997313969763,0.0,,2839095.710980008
2021-01-20 10:00:37.770,0,0.8545398238145359,1331.440308392403,0.0,,2733773.256380728
2021-01-20 10:00:37.780,0,0.8395270746190312,1293.3596702100529,0.0,,2647884.540439806
2021-01-20 10:00:37.790,0,0.6979167423139236,1242.3052085523989,0.0,,2533139.059242732
2021-01-20 10:00:37.800,0,0.7773862102640743,1190.9248888531292,0.0,,2418142.547969602
2021-01-20 10:00:37.810,0,0.7590060494567222,1133.495664210232,0.0,,2290185.6760929003
2021-01-20 10:00:37.820,0,0.6794640759245871,1069.152187377628,0.0,,2147597.1273477725
2021-01-20 10:00:37.830,0,0.6231061427632822,1018.8186587641449,0.0,,2036644.1330539957
2021-01-20 10:00:37.840,0,0.6068139318515898,954.5004477454312,0.0,,1895668.3211658213
2021-01-20 10:00:37.850,0,0.5115928445278158,883.6204429636906,0.0,,1741412.8658985412
2021-01-20 10:00:37.860,0,0.3990980053864437,831.9064119203647,0.0,,1629631.8527126426
2021-01-20 10:00:37.870,0,0.4975062207763803,769.1847662471057,0.0,,1495008.8559635715
2021-01-20 10:00:37.880,0,0.3521020189592972,711.7652387565289,0.0,,1372710.9004021396
2021-01-20 10:00:37.890,0,0.378270531648644,651.0275743416721,0.0,,1244423.7415712562
2021-01-20 10:00:37.900,0,0.3310964298766831,597.7677870545873,0.0,,1132911.193387345
2021-01-20 10:00:37.910,0,0.2761144648715384,540.5604960336641,0.0,,1014231.4388804403
2021-01-20 10:00:37.920,0,0.2577685417053563,498.0814040262557,0.0,,926916.5652578088
2021-01-20 10:00:37.930,0,0.261241871893682,441.9264922781749,0.0,,812639.4977073873
2021-01-20 10:00:37.940,0,0.2539266491014155,400.88803498663424,0.0,,730027.8031248719
2021-01-20 10:00:37.950,0,0.2089143556819611,356.4196442119471,0.0,,641465.0679103201
2021-01-20 10:00:37.960,0,0.2014099761026346,319.32081399804247,0.0,,568416.075835641
2021-01-20 10:00:37.970,0,0.1479156181514181,285.65193197295434,0.0,,502849.3157272059
2021-01-20 10:00:37.980,0,0.1195738942020389,252.46071709705475,0.0,,438963.1381646304
2021-01-20 10:00:37.990,0,0.0988422848962444,219.40095470169285,0.0,,376165.6780552735
2021-01-20 10:00:38.000,0,0.1100720156667313,190.38120949349096,0.0,,321814.40187160287
2021-01-20 10:00:38.010,0,0.096252281824535,164.57493510626674,1.0,,274171.04476822756
2021-01-20 10:00:38.020,0,0.0859233750798445,139.04917202272472,1.0,,227777.48236240188
2021-01-20 10:00:38.030,0,0.0791957862816942,118.17285511945214,1.0,,190462.05712926807
2021-01-20 10:00:38.040,0,0.0472255923013373,98.41775529168446,1.0,,155746.11772740015
2021-01-20 10:00:38.050,0,0.0538633909126883,80.76651982173914,1.0,,125311.62597250869
2021-01-20 10:00:38.060,0,0.039716727532562,64.39590680673905,1.0,,97674.99587754959
2021-01-20 10:00:38.070,0,0.0202069234773535,50.54059356852321,1.0,,74828.07320233264
2021-01-20 10:00:38.080,0,0.0185943312972692,37.56887511795615,1.0,,53998.465397933636
2021-01-20 10:00:38.090,0,0.0159675100685445,26.48020482507636,1.0,,36759.92367596511
2021-01-20 10:00:38.100,0,0.0100241259737735,16.66180037665911,2.0,,22086.99674067359
2021-01-20 10:00:38.110,0,0.0047508780178697,8.153355712046688,2.0,,10066.923816273766
2021-01-20 10:00:38.120,0,0.0095223789350761,0.7921753135759377,2.0,,784.4869034325201
2021-01-20 10:00:38.130,0,-0.0077939881454734,0.0,2.0,,7.671533444069677
2021-01-20 10:00:38.140,0,0.0010567886215576,0.0,2.0,,8.466620287699584
2021-01-20 10:00:38.150,0,-0.0060524889572997,0.0,2.0,,11.352721475883227
2021-01-20 10:00:38.160,0,-0.0110954047596395,0.0,2.0,,13.354605965220822
2021-01-20 10:00:38.170,0,-0.0112524140122989,0.0,2.0,,9.939292707839822
2021-01-20 10:00:38.180,0,-0.010463831431606,0.0,2.0,,7.252556904775675
2021-01-20 10:00:38.190,0,-0.0151805267150127,0.0,2.0,,8.229472595716468
2021-01-20 10:00:38.200,0,-0.015186279366044,0.0,2.0,,9.92957222333197
2021-01-20 10:00:38.210,0,-0.0169583746367673,0.0,2.0,,10.753043726136974
2021-01-20 10:00:38.220,0,-0.0201197899100592,0.0,2.0,,11.39656525823596
2021-01-20 10:00:38.230,0,-0.0214070077639501,0.0,2.0,,9.245826237053842
2021-01-20 10:00:38.240,0,-0.0138184413098379,0.0,2.0,,7.810382692897784
2021-01-20 10:00:38.250,1,-0.0175098501186643,0.0,2.0,,8.264757024360948
2021-01-20 10:00:38.260,1,-0.0214290125001935,0.0,2.0,,8.906315208969835
2021-01-20 10:00:38.270,1,-0.0213755839543783,0.0,2.0,,10.961706237563313
2021-01-20 10:00:38.280,1,-0.0174330648211987,0.0,2.0,,11.314272736932166
2021-01-20 10:00:38.290,1,-0.016106053118359,0.0,2.0,,8.390486861303305
2021-01-20 10:00:38.300,1,-0.0135235160599231,0.0,2.0,,10.401155028628553
2021-01-20 10:00:38.310,1,-0.0170449677301139,0.0,2.0,,11.148358007728422
2021-01-20 10:00:38.320,1,-0.013223707710509,0.0,2.0,,9.360702087713218
2021-01-20 10:00:38.330,1,-0.0178166667958862,0.0,2.0,,10.021328288153319
2021-01-20 10:00:38.340,1,-0.0091275241611622,0.0,2.0,,9.432259728399977
2021-01-20 10:00:38.350,1,-0.0089915450516051,0.0,2.0,,12.89231312902459
2021-01-20 10:00:38.360,1,-0.0009881649411854,0.0,2.0,,9.600968173784652
2021-01-20 10:00:38.370,1,0.0054047246153602,11.003242815113136,2.0,,13995.898109042593
2021-01-20 10:00:38.380,1,0.0234965859457165,30.73120049666437,2.0,,43297.59607362622
2021-01-20 10:00:38.390,1,0.0363353323222822,54.43135028134359,2.0,,81188.93645948292
2021-01-20 10:00:38.400,1,0.0695169817648447,80.52958751951248,2.0,,124907.73219513247
2021-01-20 10:00:38.410,1,0.084013788949833,107.9898725469934,2.0,,172487.70076461683
2021-01-20 10:00:38.420,1,0.0841761298372497,140.05208345390378,1.0,,229584.7037836309
2021-01-20 10:00:38.430,1,0.1157374614655353,179.2512037742867,1.0,,301182.0654715727
2021-01-20 10:00:38.440,1,0.1632200207271752,216.8750707476628,1.0,,371407.31312946643
2021-01-20 10:00:38.450,1,0.1742794756930648,260.23431045980635,1.0,,453856.79169922945
2021-01-20 10:00:38.460,1,0.2641882079225028,305.42127588206705,1.0,,541261.8333674652
2021-01-20 10:00:38.470,1,0.2958876204159151,356.9731722435922,0.0,,642562.0389033013
2021-01-20 10:00:38.480,1,0.33979403445742,408.1044706145772,0.0,,744499.1916972051
2021-01-20 10:00:38.490,1,0.3708663866944992,458.9453782449808,0.0,,847133.7799576626
2021-01-20 10:00:38.500,1,0.3888956569239659,513.9369247333203,0.0,,959431.9301092653
2021-01-20 10:00:38.510,1,0.3939077702143437,572.0479591461966,0.0,,1079412.2841074243
2021-01-20 10:00:38.520,1,0.3670504376154468,628.7660710022582,0.0,,1197697.965812573
2021-01-20 10:00:38.530,1,0.5598227767895189,682.74819141813,0.0,,1311294.6065408061
2021-01-20 10:00:38.540,1,0.522937403773855,735.8846098525563,0.0,,1423973.2179268443
2021-01-20 10:00:38.550,1,0.4957443661380265,799.9450218228641,0.0,,1560902.3688709172
2021-01-20 10:00:38.560,1,0.6387807603393026,842.3188147949193,0.0,,1652096.0226946739
2021-01-20 10:00:38.570,1,0.5788333527603119,893.3675756628737,0.0,,1762555.5203736601
2021-01-20 10:00:38.580,1,0.7875656488718329,941.9930079046264,0.0,,1868371.9068354089
2021-01-20 10:00:38.590,1,0.7347063600464118,990.4956782927278,0.0,,1974459.3153716286
2021-01-20 10:00:38.600,1,0.7375440782462271,1028.782714141604,0.0,,2058569.8856444072
2021-01-20 10:00:38.610,1,0.8485461643590093,1078.6683202136549,0.0,,2168638.2800010345
2021-01-20 10:00:38.620,1,0.7138229994619733,1105.126767936889,0.0,,2227214.3672275804
2021-01-20 10:00:38.630,1,0.9482493462985876,1137.2159221367951,0.0,,2298469.352035594
2021-01-20 10:00:38.640,1,0.7427501791906451,1177.4064529954496,0.0,,2387960.1507709823
2021-01-20 10:00:38.650,1,0.919207903360738,1215.6326018308976,0.0,,2473391.4322911953
2021-01-20 10:00:38.660,1,0.917673773078254,1239.00299402459,0.0,,2525743.581586175
2021-01-20 10:00:38.670,1,0.7188331425366089,1264.6512551580556,0.0,,2583303.930418141
2021-01-20 10:00:38.680,1,0.9524594926588122,1283.9211532504703,0.0,,2626644.242333932
2021-01-20 10:00:38.690,1,0.925012097397258,1310.628598542738,0.0,,2686807.4543719143
2021-01-20 10:00:38.700,1,0.8461160722672125,1334.929940497189,0.0,,2741652.7027471573
2021-01-20 10:00:38.710,1,0.8624051046419711,1365.4120109222224,0.0,,2810593.182422242
2021-01-20 10:00:38.720,1,1.0114763033750005,1367.7109510308917,0.0,,2815809.8471428147
2021-01-20 10:00:38.730,1,0.9967076967431276,1378.3175839353485,0.0,,2839832.7232044972
2021-01-20 10:00:38.740,1,1.2136047136641268,1383.6002250975214,0.0,,2851821.9730006773
2021-01-20 10:00:38.750,1,0.9015539705121688,1408.242964879549,0.0,,2907726.6059279907
2021-01-20 10:00:38.760,1,0.8584013462315078,1409.030324925389,0.0,,2909511.8277796246
2021-01-20 10:00:38.770,1,1.0986056063686804,1418.0395515972775,0.0,,2929996.264645021
2021-01-20 10:00:38.780,1,1.1607561113642733,1419.5423412236912,0.0,,2933412.5767988716
2021-01-20 10:00:38.790,1,1.2411035790115628,1440.2970223235293,0.0,,2980626.895856654
2021-01-20 10:00:38.800,1,1.040858285156098,1442.126390286701,0.0,,2984782.061895147
2021-01-20 10:00:38.810,1,1.003906126713933,1437.5038881947248,0.0,,2974258.379769596
2021-01-20 10:00:38.820,1,0.981398232069486,1448.8439549006837,0.0,,3000075.2097363244
2021-01-20 10:00:38.830,1,1.1122888423245532,1442.4652568645215,0.0,,2985553.440121768
2021-01-20 10:00:38.840,1,1.2982362009017985,1439.0627794357156,0.0,,2977824.609849146
2021-01-20 10:00:38.850,1,1.2582076375406357,1448.3777783336377,0.0,,2999025.4826428057
2021-01-20 10:00:38.860,1,1.1579218621692606,1436.580919625355,0.0,,2972164.279370568
2021-01-20 10:00:38.870,1,1.2230113891171588,1455.330324301843,0.0,,3014866.6631226307
2021-01-20 10:00:38.880,1,1.0778692638250391,1454.0159909548804,0.0,,3011861.2328431075
2021-01-20 10:00:38.890,1,0.9400209836415552,1447.303170617914,0.0,,2996566.223325832
2021-01-20 10:00:38.900,1,1.1986331768058007,1438.6302857158344,0.0,,2976830.4035372576
2021-01-20 10:00:38.910,1,1.0781358468830553,1453.3430834607418,0.0,,3010330.1529445453
2021-01-20 10:00:38.920,1,1.1713200584022734,1440.5286090938862,0.0,,2981151.2755055386
2021-01-20 10:00:38.930,1,1.392116889015288,1439.609784966182,0.0,,2979071.8725096094
2021-01-20 10:00:38.940,1,1.2575652886160713,1445.2615939050934,0.0,,2991931.6236660117
2021-01-20 10:00:38.950,1,1.084924412601982,1443.9576078339746,0.0,,2988954.06586114
2021-01-20 10:00:38.960,1,1.2751064043477311,1433.1730200901764,0.0,,2964417.095453786
2021-01-20 10:00:38.970,1,1.0076212314383728,1436.4791577762528,0.0,,2971925.285041688
2021-01-20 10:00:38.980,1,1.3229776583336923,1433.0858295324217,0.0,,2964218.506138834
2021-01-20 10:00:38.990,1,1.1508577693637008,1436.6626848704575,0.0,,2972347.363584773
2021-01-20 10:00:39.000,1,1.046912580051246,1427.0411767575183,0.0,,2950459.533453948
2021-01-20 10:00:39.010,1,1.0626719779480176,1421.316380660735,0.0,,2937436.239623959
2021-01-20 10:00:39.020,1,1.1174413843147546,1428.6089320107626,0.0,,2954021.5110282963
2021-01-20 10:00:39.030,1,1.1164326939702145,1436.0685941936438,0.0,,2970996.071860045
2021-01-20 10:00:39.040,1,1.0986020927250126,1432.848070032064,0.0,,2963667.97597512
2021-01-20 10:00:39.050,1,1.2387934226543258,1421.3083763790064,0.0,,2937431.9286688906
2021-01-20 10:00:39.060,1,1.3870207293575532,1421.3054839240665,0.0,,2937429.77563307
2021-01-20 10:00:39.070,1,1.5057967940052288,1427.556005233312,0.0,,2951648.039412375
2021-01-20 10:00:39.080,1,1.102088207872758,1416.5286293044187,0.0,,2926559.6936089997
2021-01-20 10:00:39.090,1,1.3846795359420694,1426.5137309198965,0.0,,2949275.589126522
2021-01-20 10:00:39.100,1,1.502959379976686,1414.4762322069175,0.0,,2921915.254579375
2021-01-20 10:00:39.110,1,1.1498901949282294,1430.5577287944614,0.0,,2958461.400793778
2021-01-20 10:00:39.120,1,1.4852669950850137,1418.204660807889,0.0,,2930390.460069022
2021-01-20 10:00:39.130,1,1.4191166020435375,1417.9295949754016,0.0,,2929761.3888831325
2021-01-20 10:00:39.140,1,1.1949050767287177,1405.6263760858058,0.0,,2901796.524007033
2021-01-20 10:00:39.150,1,1.5294364183072098,1412.5128190702908,0.0,,2917458.317266018
2021-01-20 10:00:39.160,1,1.5341043275731925,1420.9748025649246,0.0,,2936687.096136801
2021-01-20 10:00:39.170,1,1.303329270344435,1412.0108090154413,0.0,,2916302.075110506
2021-01-20 10:00:39.180,1,1.4791541970930984,1437.7260680884342,0.0,,2974785.785049005
2021-01-20 10:00:39.190,1,1.1942860823003214,1429.010680536877,0.0,,2954945.9245514334
2021-01-20 10:00:39.200,0,1.2796596358489396,1431.441451313724,0.0,,2960481.8460712936
2021-01-20 10:00:39.210,0,1.0532960576528667,1421.6687522038771,0.0,,2938240.9012199035
2021-01-20 10:00:39.220,0,1.1938956637978826,1435.0570314303193,0.0,,2968700.997392168
2021-01-20 10:00:39.230,0,1.2759773325734778,1428.208819795479,0.0,,2953124.725708926
2021-01-20 10:00:39.240,0,1.5637808062777083,1421.3462814347324,0.0,,2937537.4793640524
2021-01-20 10:00:39.250,0,1.1532706244545343,1426.5206996048264,0.0,,2949279.9305342184
2021-01-20 10:00:39.260,0,1.254334676263804,1429.6159424276127,0.0,,2956325.331191431
2021-01-20 10:00:39.270,0,1.1035295886631205,1438.2692510943366,0.0,,2976006.397222171
2021-01-20 10:00:39.280,0,1.1740243831665145,1421.769401260466,0.0,,2938475.087641089
2021-01-20 10:00:39.290,0,1.404621068392717,1411.4085537699927,0.0,,2914941.605413112
2021-01-20 10:00:39.300,0,1.4045831346707434,1437.9972771028808,0.0,,2975401.480378448
2021-01-20 10:00:39.310,0,1.0246024926946695,1398.1404594699582,0.0,,2884794.9486414315
2021-01-20 10:00:39.320,0,1.0586575225404653,1372.7524770804023,0.0,,2827229.866623321
2021-01-20 10:00:39.330,0,1.1474949665921803,1334.145204013621,0.0,,2739896.487822968
2021-01-20 10:00:39.340,0,1.3039392213917704,1293.8810364173144,0.0,,2649081.9763755454
2021-01-20 10:00:39.350,0,1.2312299670913107,1245.3614344092373,0.0,,2540017.7702340307
2021-01-20 10:00:39.360,0,0.9312887644897706,1184.8166194489688,0.0,,2404509.557961075
2021-01-20 10:00:39.370,0,0.8155036546852048,1126.069072023506,0.0,,2273687.009941472
2021-01-20 10:00:39.380,0,0.930898463799766,1075.0243156091851,0.0,,2160583.8727884726
2021-01-20 10:00:39.390,0,0.8878363903438692,1010.2485062291915,0.0,,2017821.4831823963
2021-01-20 10:00:39.400,0,0.6323161280857742,946.2009610991204,0.0,,1877551.250014003
2021-01-20 10:00:39.410,0,0.5964861406710836,887.4362453961415,0.0,,1749687.91748547
2021-01-20 10:00:39.420,0,0.5562607374540957,820.7563803619313,0.0,,1605631.4448411602
2021-01-20 10:00:39.430,0,0.6736656518261552,772.3663945912348,0.0,,1501822.2175243448
2021-01-20 10:00:39.440,0,0.6351370074431198,701.0540687608432,0.0,,1350022.0213583768
2021-01-20 10:00:39.450,0,0.543039027153662,649.428792774642,0.0,,1241074.210749086
2021-01-20 10:00:39.460,0,0.4458003393821522,594.446401047279,0.0,,1125994.6039143903
2021-01-20 10:00:39.470,0,0.4567042657810416,545.8083098557412,0.0,,1025081.6764854252
2021-01-20 10:00:39.480,0,0.3176061151094136,494.26326463482206,0.0,,919109.7507077456
2021-01-20 10:00:39.490,0,0.3229341514659536,444.5161575300613,0.0,,817878.5132691858
2021-01-20 10:00:39.500,0,0.2569943093936384,400.4520883304549,0.0,,729154.8049541903
2021-01-20 10:00:39.510,0,0.2317312844822121,359.8261795529857,0.0,,648210.8066374636
2021-01-20 10:00:39.520,0,0.2055015136904827,322.5188296918665,0.0,,574680.8863083047
2021-01-20 10:00:39.530,0,0.1996227736885629,284.5250127893385,0.0,,500667.9411473206
2021-01-20 10:00:39.540,0,0.2026728238071869,248.79613901546813,1.0,,431963.73053675395
2021-01-20 10:00:39.550,0,0.1761375469667449,219.52878265565727,1.0,,376412.6062583977
2021-01-20 10:00:39.560,0,0.1264975855503102,190.17625078349064,1.0,,321435.5533761301
2021-01-20 10:00:39.570,0,0.0935365165666027,162.82482341400146,1.0,,270969.08618007426
2021-01-20 10:00:39.580,0,0.0924993187581265,139.2868619365077,1.0,,228206.94138117597
2021-01-20 10:00:39.590,0,0.0879645277872788,117.86706487345356,1.0,,189914.624928429
2021-01-20 10:00:39.600,0,0.0680473781924982,98.39357125607356,1.0,,155702.46728780022
2021-01-20 10:00:39.610,0,0.0444015077247259,81.35148035268476,2.0,,126311.53421173355
2021-01-20 10:00:39.620,0,0.0433770049983774,64.73124398508227,2.0,,98231.87674738193
2021-01-20 10:00:39.630,0,0.0399687349765451,50.28173504869132,2.0,,74409.69525271913
2021-01-20 10:00:39.640,0,0.0256095411005966,38.00059423156571,2.0,,54684.32175922302
2021-01-20 10:00:39.650,0,0.0241696301208767,26.96311121741884,2.0,,37492.123454670684
2021-01-20 10:00:39.660,0,0.0130598633955914,17.228647858572312,2.0,,22914.69011998434
2021-01-20 10:00:39.670,0,0.0097626328794742,8.706904754081513,2.0,,10822.364333911291
2021-01-20 10:00:39.680,0,0.0015590319506649,1.4178863621051765,2.0,,1476.551607302749
2021-01-20 10:00:39.690,0,-0.0058138258478616,0.0,2.0,,9.552859839709695
2021-01-20 10:00:39.700,0,-0.0049942745772799,0.0,2.0,,9.494005445617242
2021-01-20 10:00:39.710,0,-0.0094569813607358,0.0,2.0,,10.496668256383709
2021-01-20 10:00:39.720,0,-0.01052073171035,0.0,2.0,,13.148547828330079
2021-01-20 10:00:39.730,0,-0.0160638479241016,0.0,2.0,,9.794129365039023
2021-01-20 10:00:39.740,0,-0.0159948229399867,0.0,2.0,,10.909789595772136
2021-01-20 10:00:39.750,0,-0.0271113279794376,0.0,2.0,,9.401807675177807
2021-01-20 10:00:39.760,0,-0.01610745928312,0.0,2.0,,10.678168120836537
2021-01-20 10:00:39.770,0,-0.01323964020298,0.0,2.0,,9.100324510733026
2021-01-20 10:00:39.780,0,-0.0241456074694247,0.0,2.0,,11.827474274059016
2021-01-20 10:00:39.790,0,-0.0125719334878556,0.0,2.0,,8.096578705187905
2021-01-20 10:00:39.800,1,-0.0226499522060268,0.0,2.0,,9.64523885331595
2021-01-20 10:00:39.810,1,-0.0225428003813695,0.0,2.0,,11.227814643091065
2021-01-20 10:00:39.820,1,-0.0222820521053196,0.0,2.0,,7.437186490222054
2021-01-20 10:00:39.830,1,-0.0159869853549729,0.0,2.0,,8.964329851707312
2021-01-20 10:00:39.840,1,-0.0211937805975702,0.0,2.0,,10.921041054728004
2021-01-20 10:00:39.850,1,-0.0167993561729158,0.0,2.0,,10.578012986552713
2021-01-20 10:00:39.860,1,-0.0244588908785035,0.0,2.0,,10.828089109949577
2021-01-20 10:00:39.870,1,-0.0259781627565786,0.0,2.0,,10.16330249644508
2021-01-20 10:00:39.880,1,-0.018764744062051,0.0,2.0,,13.426471140000746
2021-01-20 10:00:39.890,1,-0.0236556618175392,0.0,2.0,,9.173271322893003
2021-01-20 10:00:39.900,1,-0.0126569499728348,0.0,2.0,,10.586733667941736
2021-01-20 10:00:39.910,1,-0.0047792761062716,0.0,2.0,,6.42676122663447
2021-01-20 10:00:39.920,1,0.007913601997548,9.715117569418789,2.0,,12208.70925980959
2021-01-20 10:00:39.930,1,0.0254398671858843,29.18664806007,2.0,,40909.26909861811
2021-01-20 10:00:39.940,1,0.0427135459398122,51.8788593298225,2.0,,77009.9944780564
2021-01-20 10:00:39.950,1,0.0779271914549927,78.48333538843904,2.0,,121421.89857103089
2021-01-20 10:00:39.960,1,0.0931975839445969,105.547163950772,2.0,,168202.7477468165
2021-01-20 10:00:39.970,1,0.1367168257643571,135.371623815754,2.0,,221161.42315643883
2021-01-20 10:00:39.980,1,0.137962003505678,169.0013491068919,1.0,,282295.0334973946
2021-01-20 10:00:39.990,1,0.1558939439989223,204.61901574803773,1.0,,348387.24549342284
2021-01-20 10:00:40.000,1,0.1768559401164991,242.6151786116044,1.0,,420174.51427073445
2021-01-20 10:00:40.010,1,0.2389600477802721,289.9202888838512,1.0,,511123.8266896453
2021-01-20 10:00:40.020,1,0.3316688782727258,329.5933436310725,1.0,,588565.3883244133
2021-01-20 10:00:40.030,1,0.3103747950006159,378.708635637885,0.0,,685727.2273226996
2021-01-20 10:00:40.040,1,0.4197425499625304,429.5870884851767,0.0,,787723.3038131914
2021-01-20 10:00:40.050,1,0.46182889605366,480.4316186391629,0.0,,890864.1941472426
2021-01-20 10:00:40.060,1,0.4939868713150581,536.2523583161058,0.0,,1005360.0806310143
2021-01-20 10:00:40.070,1,0.6066139652789021,591.826237750022,0.0,,1120544.0147697928
2021-01-20 10:00:40.080,1,0.701738122154294,642.098001529475,0.0,,1225679.210342834
2021-01-20 10:00:40.090,1,0.5735478423627121,697.0542049696968,0.0,,1341543.7284283172
2021-01-20 10:00:40.100,1,0.6181495450251892,745.2641429899222,0.0,,1443959.259725904
2021-01-20 10:00:40.110,1,0.7140564697152192,799.2532649894445,0.0,,1559429.6278843998
2021-01-20 10:00:40.120,1,0.8798852952850703,858.0482589012217,0.0,,1686074.6402265318
2021-01-20 10:00:40.130,1,0.8175814976043936,890.8017273424733,0.0,,1756996.0752196037
2021-01-20 10:00:40.140,1,0.7060419570527967,948.4744977489328,0.0,,1882516.4894185716
2021-01-20 10:00:40.150,1,1.07505388466228,985.5349390030476,0.0,,1963600.2440095192
2021-01-20 10:00:40.160,1,0.802804252998458,1029.7385045466508,0.0,,2060679.904825066
2021-01-20 10:00:40.170,1,0.877150626917472,1065.7039713788947,0.0,,2139986.9559697397
2021-01-20 10:00:40.180,1,0.9819545423569984,1100.7267791573895,0.0,,2217473.1609339966
2021-01-20 10:00:40.190,1,1.0368963044079471,1136.7122922456294,0.0,,2297352.6887690187
2021-01-20 10:00:40.200,1,1.2182210777283158,1160.9874106432358,0.0,,2351384.235589051
2021-01-20 10:00:40.210,1,1.1261703175966236,1198.3725657970815,0.0,,2434800.34132381
2021-01-20 10:00:40.220,1,1.001619138418253,1227.863636211701,0.0,,2500777.8473762125
2021-01-20 10:00:40.230,1,1.1533184629246378,1255.4235999344562,0.0,,2562599.362715891
2021-01-20 10:00:40.240,1,1.0265361253288132,1270.4506011950093,0.0,,2596353.3121174546
2021-01-20 10:00:40.250,1,1.1813449549115629,1288.9466894439709,0.0,,2637969.00055537
2021-01-20 10:00:40.260,1,0.9398017214764603,1298.9546487803054,0.0,,2660497.0206373814
2021-01-20 10:00:40.270,1,1.4125714240111225,1320.6487495712347,0.0,,2709439.9650307964
2021-01-20 10:00:40.280,1,1.0656859195114168,1340.9196242940425,0.0,,2755193.5258085136
2021-01-20 10:00:40.290,1,0.9634692561839072,1351.356313476275,0.0,,2778789.6611562357
2021-01-20 10:00:40.300,1,1.2606461175284736,1374.4773390193984,0.0,,2831149.1335874987
2021-01-20 10:00:40.310,1,1.3613291948007824,1393.9693850099802,0.0,,2875347.923642698
2021-01-20 10:00:40.320,1,1.2991088371190742,1385.205595361931,0.0,,2855465.284798823
2021-01-20 10:00:40.330,1,1.3800315808943586,1394.6834536330955,0.0,,2876971.284564573
2021-01-20 10:00:40.340,1,1.4166250665320397,1411.3565455030011,0.0,,2914824.8011977477
2021-01-20 10:00:40.350,1,1.4316243863932985,1421.9115020970498,0.0,,2938813.2839780846
2021-01-20 10:00:40.360,1,1.4214839898116278,1416.3128221035777,0.0,,2926084.786623935
2021-01-20 10:00:40.370,1,1.0986071028135178,1416.2822067482798,0.0,,2925999.2715077805
2021-01-20 10:00:40.380,1,0.9740825767466178,1419.2249738181722,0.0,,2932681.551434266
2021-01-20 10:00:40.390,1,1.1764720588430753,1413.8951992706145,0.0,,2920583.3704671357
2021-01-20 10:00:40.400,1,1.0349274749900543,1420.2453975685053,0.0,,2935006.354154515
2021-01-20 10:00:40.410,1,1.2185115291341164,1434.675794295299,0.0,,2967832.912021173
2021-01-20 10:00:40.420,1,1.049521580231631,1418.9678960632757,0.0,,2932103.0553986486
2021-01-20 10:00:40.430,1,1.3392019955649754,1423.729219422254,0.0,,2942939.7293154094
2021-01-20 10:00:40.440,1,1.2781287310393386,1429.7079989909655,0.0,,2956536.5433717435
2021-01-20 10:00:40.450,1,1.324287103704199,1433.224531872772,0.0,,2964537.5433536093
2021-01-20 10:00:40.460,1,1.1178453361186729,1434.8609693531928,0.0,,2968248.342027215
2021-01-20 10:00:40.470,1,1.2463841081783882,1425.375001648708,0.0,,2946678.182881644
2021-01-20 10:00:40.480,1,1.325306808174154,1430.8668155742453,0.0,,2959172.1444887565
2021-01-20 10:00:40.490,1,0.9310150130039831,1445.256509216073,0.0,,2991903.385780313
2021-01-20 10:00:40.500,1,1.2758553873433574,1435.8456873422726,0.0,,2970502.020148004
2021-01-20 10:00:40.510,1,0.9227804518313928,1428.0639737555907,0.0,,2952777.4091402907
2021-01-20 10:00:40.520,1,0.8969351839974343,1439.0159568094934,0.0,,2977694.3123427522
2021-01-20 10:00:40.530,1,1.099124293062192,1428.1427713607486,0.0,,2952969.4597800137
2021-01-20 10:00:40.540,1,1.2465747942756815,1438.1753947606226,0.0,,2975800.6204059897
2021-01-20 10:00:40.550,1,1.2140474524313951,1427.9318616464914,0.0,,2952488.946531753
2021-01-20 10:00:40.560,1,0.9612075049367342,1426.5185202831244,0.0,,2949264.4813590194
2021-01-20 10:00:40.570,1,1.008158718744666,1437.1092853585144,0.0,,2973360.1741698333
2021-01-20 10:00:40.580,1,1.216914965001677,1428.5670555174,0.0,,2953937.1227160334
2021-01-20 10:00:40.590,1,1.0869702560532093,1427.7286663208436,0.0,,2952024.187141207
2021-01-20 10:00:40.600,1,0.9964375347740072,1417.8921721805896,0.0,,2929655.178725812
2021-01-20 10:00:40.610,1,1.266137148550556,1439.6499441911606,0.0,,2979156.375231554
2021-01-20 10:00:40.620,1,1.2183360209319771,1432.2347151634042,0.0,,2962280.3519916926
2021-01-20 10:00:40.630,1,0.8584035959305799,1415.9387942676071,0.0,,2925209.9974579164
2021-01-20 10:00:40.640,1,0.9058182845194414,1427.3812235259034,0.0,,2951221.680403841
2021-01-20 10:00:40.650,1,0.9768241606596,1437.279593124306,0.0,,2973744.6450698352
2021-01-20 10:00:40.660,1,1.1823217634192806,1429.7991585810778,0.0,,2956736.498501354
2021-01-20 10:00:40.670,1,1.2439942699651678,1435.5613148679138,0.0,,2969849.3413094096
2021-01-20 10:00:40.680,1,0.8772820608794061,1440.0607971813265,0.0,,2980072.8259796533
2021-01-20 10:00:40.690,1,1.154926285726191,1433.203254498107,0.0,,2964475.50328042
2021-01-20 10:00:40.700,1,1.0201153939065963,1441.2760878960555,0.0,,2982846.406009227
2021-01-20 10:00:40.710,1,1.1478654989014532,1434.4458921615264,0.0,,2967306.1121287784
2021-01-20 10:00:40.720,1,1.2823924824769697,1435.5100021761934,0.0,,2969736.5420319685
2021-01-20 10:00:40.730,1,0.925520374016758,1429.866404912868,0.0,,2956879.1091477172
2021-01-20 10:00:40.740,1,0.9150547090022954,1431.7181019872355,0.0,,2961089.71210876
2021-01-20 10:00:40.750,0,0.8710205119667628,1433.9338187660012,0.0,,2966128.821658903
2021-01-20 10:00:40.760,0,1.1443375574419137,1438.983042033312,0.0,,2977636.627638054
2021-01-20 10:00:40.770,0,1.14316552418829,1439.206145782195,0.0,,2978139.7224734146
2021-01-20 10:00:40.780,0,1.0288171214749702,1443.1655184298495,0.0,,2987144.1729758545
2021-01-20 10:00:40.790,0,1.0074301805489478,1443.856670718645,0.0,,2988721.9718610123
2021-01-20 10:00:40.800,0,0.8676859436855227,1444.8937008003595,0.0,,2991075.543938277
2021-01-20 10:00:40.810,0,0.987593246366788,1457.2429148393287,0.0,,3019217.4144087806
2021-01-20 10:00:40.820,0,0.9485704515966422,1441.744055763805,0.0,,2983907.922102549
2021-01-20 10:00:40.830,0,0.8742734326937314,1439.4113287380203,0.0,,2978592.3502985393
2021-01-20 10:00:40.840,0,0.9663037073748808,1444.6685462123808,0.0,,2990565.7462805994
2021-01-20 10:00:40.850,0,0.9756426509551848,1448.322788785896,0.0,,2998888.984604062
2021-01-20 10:00:40.860,0,1.0414863927252738,1430.3998110204486,0.0,,2958095.1841025124
2021-01-20 10:00:40.870,0,1.049047949077227,1401.7404983822908,0.0,,2892967.0082987314
2021-01-20 10:00:40.880,0,1.1712337239702613,1344.4554305535758,0.0,,2763198.019937764
2021-01-20 10:00:40.890,0,0.9149831997248166,1318.5229475946746,0.0,,2704618.2162453188
2021-01-20 10:00:40.900,0,0.8260093806806933,1277.7722509243174,0.0,,2612806.024240997
2021-01-20 10:00:40.910,0,0.7281720260065822,1207.505797856742,0.0,,2455196.0729985973
2021-01-20 10:00:40.920,0,0.922217204675033,1159.3855287415925,0.0,,2347794.057046889
2021-01-20 10:00:40.930,0,0.6941842999504398,1094.4860352634687,0.0,,2203634.974504853
2021-01-20 10:00:40.940,0,0.7803529619459514,1027.6190344847023,0.0,,2056013.288358319
2021-01-20 10:00:40.950,0,0.6948901581746951,965.9553906715648,0.0,,1920713.265039166
2021-01-20 10:00:40.960,0,0.6765655884963936,903.2456264984544,0.0,,1784006.991559909
2021-01-20 10:00:40.970,0,0.5341255345331557,842.0323568999869,0.0,,1651469.0559189816
2021-01-20 10:00:40.980,0,0.5524082507010741,786.5282476779571,0.0,,1532134.641901244
2021-01-20 10:00:40.990,0,0.5612428086800796,720.1453811075592,0.0,,1390508.2952315472
2021-01-20 10:00:41.000,0,0.4648888792174675,666.3192482733904,0.0,,1276621.842081296
2021-01-20 10:00:41.010,0,0.4865347775595741,607.7052442724283,0.0,,1153653.8930963543
2021-01-20 10:00:41.020,0,0.3989550670198952,549.5478985848217,0.0,,1032806.6811349057
2021-01-20 10:00:41.030,0,0.3380259245209466,505.11740215083535,0.0,,941335.6725313988
2021-01-20 10:00:41.040,0,0.2633742230913091,454.0524015524089,0.0,,837198.6382800444
2021-01-20 10:00:41.050,0,0.2464060588942271,409.9002961444343,0.0,,748100.5149963436
2021-01-20 10:00:41.060,0,0.2350417015246935,365.6428298322313,0.0,,659741.4126777638
2021-01-20 10:00:41.070,0,0.2584085136016066,329.4021956825606,0.0,,588189.2386096114
2021-01-20 10:00:41.080,0,0.2167409764233162,289.20284913174333,0.0,,509728.1816875215
2021-01-20 10:00:41.090,0,0.1682108141684697,252.8813036491704,1.0,,439770.50328496104
2021-01-20 10:00:41.100,0,0.1434973793660134,223.5709515839521,1.0,,384041.43454563903
2021-01-20 10:00:41.110,0,0.1138285712248684,193.88304324582447,1.0,,328333.23286063503
2021-01-20 10:00:41.120,0,0.1224738877102385,167.23401465225638,1.0,,279051.7465724567
2021-01-20 10:00:41.130,0,0.1051957858372321,143.09032447263206,1.0,,235071.88976135338
2021-01-20 10:00:41.140,0,0.0775233385072959,120.0803111635418,1.0,,193842.67564802268
2021-01-20 10:00:41.150,0,0.0808192680605831,102.1262008019924,1.0,,162216.29191050678
2021-01-20 10:00:41.160,0,0.0561015121174563,82.58009573426067,2.0,,128417.77021628915
2021-01-20 10:00:41.170,0,0.0433887238908599,66.52934829730178,2.0,,101245.35700903539
2021-01-20 10:00:41.180,0,0.0352912566354187,51.83101334404763,2.0,,76931.2370566599
2021-01-20 10:00:41.190,0,0.0228345280538245,39.38364539576516,2.0,,56875.169486869425
2021-01-20 10:00:41.200,0,0.0117875986021081,27.65155546074673,2.0,,38548.98927393681
2021-01-20 10:00:41.210,0,0.0100991032420383,17.629117591339494,2.0,,23499.642044738193
2021-01-20 10:00:41.220,0,0.0092432678565522,8.923140255214301,2.0,,11120.184428960289
2021-01-20 10:00:41.230,0,0.0066004807719317,1.4572304624703396,2.0,,1523.1430303211823
2021-01-20 10:00:41.240,1,-0.0015665018922605,0.0,2.0,,13.15047541688998
2021-01-20 10:00:41.250,1,0.0016743069720506,0.0,2.0,,9.40031816783678
2021-01-20 10:00:41.260,1,-0.0034340778376583,0.0,2.0,,13.345400603410143
2021-01-20 10:00:41.270,1,-0.0077146249915626,0.0,2.0,,12.01873559312508
2021-01-20 10:00:41.280,1,-0.0198372392392565,0.0,2.0,,7.352936367791738
2021-01-20 10:00:41.290,1,-0.0100110899176737,0.0,2.0,,9.61096190087758
2021-01-20 10:00:41.300,1,-0.0155907407724615,0.0,2.0,,13.276180574587777
2021-01-20 10:00:41.310,1,-0.0136907149087739,0.0,2.0,,10.417985957054581
2021-01-20 10:00:41.320,1,-0.0179004188328416,0.0,2.0,,11.380510071241174
2021-01-20 10:00:41.330,1,-0.0240693439251778,0.0,2.0,,7.732921954143918
2021-01-20 10:00:41.340,1,-0.01238703340653,0.0,2.0,,7.246373759030604
2021-01-20 10:00:41.350,1,-0.008739224272484,0.0,2.0,,8.611371699230412
2021-01-20 10:00:41.360,1,0.0005088180046176,0.0,2.0,,8.743619130229131
2021-01-20 10:00:41.370,1,0.0051383269487249,11.621742606855443,2.0,,14863.106678515933
2021-01-20 10:00:41.380,1,0.0233536198257336,34.030748849338366,2.0,,48433.09282919743
2021-01-20 10:00:41.390,1,0.0404697312916614,60.09967866313652,2.0,,90534.38423383445
2021-01-20 10:00:41.400,1,0.0504389984256826,87.36082156587909,2.0,,136611.99391287693
2021-01-20 10:00:41.410,1,0.0736672739062731,117.59825371018331,2.0,,189438.9765956221
2021-01-20 10:00:41.420,1,0.079692281827524,148.40400949497302,1.0,,244689.24020183424
2021-01-20 10:00:41.430,1,0.1258391245426868,184.7213930728669,1.0,,311305.813219168
2021-01-20 10:00:41.440,1,0.1471355908237584,224.8286076002012,1.0,,386416.84793343075
2021-01-20 10:00:41.450,1,0.1761604319041991,267.5976356779415,1.0,,468002.77773277013
2021-01-20 10:00:41.460,1,0.1795896487702995,312.1015462376293,1.0,,554292.3402914101
2021-01-20 10:00:41.470,1,0.2294683008947073,362.64127608235617,0.0,,653791.8707898099
2021-01-20 10:00:41.480,1,0.2605984392301457,410.9867048218373,0.0,,750281.5742687747
2021-01-20 10:00:41.490,1,0.2376389109430791,462.8850448305587,0.0,,855126.7907257604
2021-01-20 10:00:41.500,1,0.323952136882023,517.8121600204689,0.0,,967391.763070215
2021-01-20 10:00:41.510,1,0.2904674457635132,575.9815486891007,0.0,,1087574.7382411119
2021-01-20 10:00:41.520,1,0.4481708246798812,634.6677180805093,0.0,,1210074.9567180837
2021-01-20 10:00:41.530,1,0.4705286591818876,696.6633563342914,0.0,,1340716.3027268152
2021-01-20 10:00:41.540,1,0.4272900515561582,742.9551316919783,0.0,,1439026.478316173
2021-01-20 10:00:41.550,1,0.4591046661063524,793.956846998058,0.0,,1548056.476297543
2021-01-20 10:00:41.560,1,0.6376357567477031,850.8301731843742,0.0,,1670467.2380941678
2021-01-20 10:00:41.570,1,0.5149071368429184,892.0799853514391,0.0,,1759755.5707053198
2021-01-20 10:00:41.580,1,0.7015900778643379,952.5074497222196,0.0,,1891326.5932109205
2021-01-20 10:00:41.590,1,0.7557127460823123,996.8736782158204,0.0,,1988446.4805422507
2021-01-20 10:00:41.600,1,0.7775701109570983,1042.0329757206828,0.0,,2087755.6986563005
2021-01-20 10:00:41.610,1,0.7141832293729267,1077.2721013230748,0.0,,2165545.5737009677
2021-01-20 10:00:41.620,1,0.6910101447351041,1131.683214654736,0.0,,2286159.6038323627
2021-01-20 10:00:41.630,1,0.8746447388104888,1153.6768532391604,0.0,,2335087.429428871
2021-01-20 10:00:41.640,1,0.956627582179346,1199.893962410153,0.0,,2438184.8934682114
2021-01-20 10:00:41.650,1,0.9514415351767832,1225.6451380171684,0.0,,2495808.3944904334
2021-01-20 10:00:41.660,1,0.9679531657776986,1260.1610402321814,0.0,,2573231.0239687255
2021-01-20 10:00:41.670,1,1.0022245383325563,1280.024481466253,0.0,,2617880.8563435692
2021-01-20 10:00:41.680,1,1.1218931597357946,1315.1475312805949,0.0,,2697005.739753339
2021-01-20 10:00:41.690,1,0.8943396726948853,1341.602527006546,0.0,,2756736.2206283347
2021-01-20 10:00:41.700,1,1.0856792064628764,1340.317035474595,0.0,,2753842.3678131606
2021-01-20 10:00:41.710,1,1.2823656440922322,1376.555780928219,0.0,,2835854.8544546696
2021-01-20 10:00:41.720,1,0.8803848052981599,1392.6118588380334,0.0,,2872240.595737885
2021-01-20 10:00:41.730,1,1.0271990538754527,1397.6976544091815,0.0,,2883791.876949803
2021-01-20 10:00:41.740,1,1.2722666692206708,1412.9531954238116,0.0,,2918443.1635103263
2021-01-20 10:00:41.750,1,1.2162137952366792,1425.5593367356894,0.0,,2947093.454054773
2021-01-20 10:00:41.760,1,1.2318134786186874,1441.9560596243946,0.0,,2984407.4922181326
2021-01-20 10:00:41.770,1,1.13829451805236,1443.0177655197788,0.0,,2986814.621772976
2021-01-20 10:00:41.780,1,1.3373318591069372,1441.1891551646286,0.0,,2982660.8037861185
2021-01-20 10:00:41.790,1,1.0810733336654017,1462.0606212646287,0.0,,3030197.5981285973
2021-01-20 10:00:41.800,1,1.148483735291223,1469.5107208026636,0.0,,3047186.9488662207
2021-01-20 10:00:41.810,1,0.9892604629657658,1472.0491674540729,0.0,,3052974.1127517656
2021-01-20 10:00:41.820,1,1.4371613370950331,1466.177143381583,0.0,,3039606.371259018
2021-01-20 10:00:41.830,1,1.1746873083695373,1474.725152819608,0.0,,3059090.0828830134
2021-01-20 10:00:41.840,1,1.016340431678542,1456.6338515462564,0.0,,3017824.453258807
2021-01-20 10:00:41.850,1,1.337666877408655,1486.5128213856683,0.0,,3086004.2856777986
2021-01-20 10:00:41.860,1,1.2665548191545966,1476.9125896986386,0.0,,3064082.0348310615
2021-01-20 10:00:41.870,1,1.039514900553498,1480.9773914757427,0.0,,3073351.1929202834
2021-01-20 10:00:41.880,1,1.223230985374086,1479.104879076677,0.0,,3069083.9149846095
2021-01-20 10:00:41.890,1,1.1785268557343511,1473.3494732287234,0.0,,3055952.9471070846
2021-01-20 10:00:41.900,1,1.2571622079746767,1464.335082502523,0.0,,3035393.7338419273
2021-01-20 10:00:41.910,1,1.1852518761129174,1484.5458720966528,0.0,,3081504.356589707
2021-01-20 10:00:41.920,1,1.2680001829977865,1472.8439522666165,0.0,,3054797.9021046082
2021-01-20 10:00:41.930,1,1.3831306125695375,1476.6774030067083,0.0,,3063559.5333560067
2021-01-20 10:00:41.940,1,1.079273130971547,1476.5235478119089,0.0,,3063188.939982198
2021-01-20 10:00:41.950,1,1.137347477168815,1467.561397334149,0.0,,3042742.589053504
2021-01-20 10:00:41.960,1,1.4882991287609493,1474.2682177970498,0.0,,3058064.2709263805
2021-01-20 10:00:41.970,1,1.2560814631876935,1473.8711494437894,0.0,,3057145.830503678
2021-01-20 10:00:41.980,1,1.029469787272333,1459.831985235748,0.0,,3025113.7251748997
2021-01-20 10:00:41.990,1,1.0641021783229556,1461.4674326104291,0.0,,3028849.2786112153
2021-01-20 10:00:42.000,1,1.3385368661589705,1452.6473444462165,0.0,,3008758.1235630023
2021-01-20 10:00:42.010,1,1.07650382552412,1463.3169510978632,0.0,,3033063.4509928087
2021-01-20 10:00:42.020,1,1.1888232917932784,1461.012985845668,0.0,,3027814.3765721703
2021-01-20 10:00:42.030,1,1.2809059973773442,1461.3454297927472,0.0,,3028576.2044713893
2021-01-20 10:00:42.040,1,1.1640087544301063,1471.2585391767343,0.0,,3051178.8793431926
2021-01-20 10:00:42.050,1,1.1503580347745248,1454.7322277140015,0.0,,3013498.416207295
2021-01-20 10:00:42.060,1,0.9375412487622466,1471.483466540299,0.0,,3051680.6893880907
2021-01-20 10:00:42.070,1,1.23184523070886,1452.7560240839985,0.0,,3008998.4087332203
2021-01-20 10:00:42.080,1,1.0281925042234783,1440.7183531149103,0.0,,2981575.2107007834
2021-01-20 10:00:42.090,1,1.262853002044023,1457.121983551811,0.0,,3018952.781052055
2021-01-20 10:00:42.100,1,1.266730318446616,1450.2991707879874,0.0,,3003404.650497045
2021-01-20 10:00:42.110,1,1.0925166160361222,1436.997154708526,0.0,,2973111.5023377268
2021-01-20 10:00:42.120,1,1.0875020296457498,1450.0034468346191,0.0,,3002726.79065582
2021-01-20 10:00:42.130,1,1.1717537060962728,1451.3219281049944,0.0,,3005729.9683729014
2021-01-20 10:00:42.140,1,1.0660055100634862,1450.6926128278271,0.0,,3004294.760155179
2021-01-20 10:00:42.150,1,1.0507655314550752,1447.6697429368123,0.0,,2997406.666987669
2021-01-20 10:00:42.160,1,1.004215903070446,1445.2671759564323,0.0,,2991931.336099078
2021-01-20 10:00:42.170,1,1.1695807566900434,1454.407784893168,0.0,,3012765.440059714
2021-01-20 10:00:42.180,1,0.8509475148110738,1456.1861594757806,0.0,,3016803.0114238337
2021-01-20 10:00:42.190,0,1.199489027817251,1443.1563635142743,0.0,,2987136.948825691
2021-01-20 10:00:42.200,0,1.1397485674867378,1439.0755860679126,0.0,,2977844.9353481205
2021-01-20 10:00:42.210,0,0.8195036109744684,1454.237665949373,0.0,,3012354.18180185
2021-01-20 10:00:42.220,0,1.0563989947557155,1455.0998019886404,0.0,,3014336.588763161
2021-01-20 10:00:42.230,0,1.1467870115344354,1448.8916938472769,0.0,,3000194.788313777
2021-01-20 10:00:42.240,0,1.0571677728195883,1449.63322713901,0.0,,3001876.2761907536
2021-01-20 10:00:42.250,0,0.8035094620059849,1444.4626152485462,0.0,,2990090.299532206
2021-01-20 10:00:42.260,0,1.1496943600973315,1461.4586746800508,0.0,,3028830.408681525
2021-01-20 10:00:42.270,0,0.9163490247115588,1466.7866841647997,0.0,,3040968.2402477534
2021-01-20 10:00:42.280,1,1.0362974253647572,1455.5814809426126,0.0,,3015429.060642054
2021-01-20 10:00:42.290,1,0.8357669284199273,1453.0907474540086,0.0,,3009744.163780924
2021-01-20 10:00:42.300,1,0.8170041974420571,1441.8465292137523,0.0,,2984136.0623686872
2021-01-20 10:00:42.310,1,0.7620302069417589,1417.453830973946,0.0,,2928647.7062157025
2021-01-20 10:00:42.320,1,0.8888835838693812,1373.735446606726,0.0,,2829444.316010094
2021-01-20 10:00:42.330,1,0.8594029440843692,1342.9216473574115,0.0,,2759711.594059725
2021-01-20 10:00:42.340,1,0.8748400100844963,1284.2931878251843,0.0,,2627481.5870920382
2021-01-20 10:00:42.350,1,0.7703891612607047,1231.8286817223,0.0,,2509654.8481019842
2021-01-20 10:00:42.360,1,0.8524907211532908,1183.423797687593,0.0,,2401395.921045167
2021-01-20 10:00:42.370,1,0.8370507565789437,1113.7740527803116,0.0,,2246394.349418553
2021-01-20 10:00:42.380,1,0.8035830321924029,1054.195910937261,0.0,,2114578.596772818
2021-01-20 10:00:42.390,1,0.7722883582054122,1001.6519889597308,0.0,,1998937.9493446709
2021-01-20 10:00:42.400,1,0.6697170513777115,960.3279433301784,0.0,,1908406.0938587366
2021-01-20 10:00:42.410,1,0.612823086086447,924.982055067876,0.0,,1831288.3172799842
2021-01-20 10:00:42.420,1,0.6516047590746091,910.6554545509172,0.0,,1800110.1603558261
2021-01-20 10:00:42.430,1,0.5861330358126154,898.4766598289232,0.0,,1773647.8968437375
2021-01-20 10:00:42.440,1,0.6510282463077826,895.6595835352223,0.0,,1767535.012414889
2021-01-20 10:00:42.450,1,0.5867523964751722,902.6735482743876,0.0,,1782760.3113099344
2021-01-20 10:00:42.460,1,0.5970614496447301,902.3642602802108,0.0,,1782093.4738203231
2021-01-20 10:00:42.470,1,0.6829580649693151,918.9732677888134,0.0,,1818207.025984868
2021-01-20 10:00:42.480,1,0.5602447663815748,920.6470984601184,0.0,,1821846.8400512955
2021-01-20 10:00:42.490,1,0.5898035520898188,947.2833414213096,0.0,,1879906.9019776713
2021-01-20 10:00:42.500,1,0.8024417981591885,972.0557911689526,0.0,,1934061.1255814251
2021-01-20 10:00:42.510,1,0.7564978385490045,988.9603707402954,0.0,,1971093.913560011
2021-01-20 10:00:42.520,1,0.7034612453084904,1002.175257483302,0.0,,2000081.2880591336
2021-01-20 10:00:42.530,1,0.6785804332250345,1026.9916534799245,0.0,,2054626.8650066792
2021-01-20 10:00:42.540,1,0.7455426164800248,1052.3190330529287,0.0,,2110433.989734809
2021-01-20 10:00:42.550,1,0.8322540819385835,1068.698630229166,0.0,,2146600.5114652333
2021-01-20 10:00:42.560,1,0.6879592623484633,1093.4749663712314,0.0,,2201399.789963832
2021-01-20 10:00:42.570,1,0.6922795788878673,1122.94143960129,0.0,,2266736.9091691948
2021-01-20 10:00:42.580,1,0.7136076382461671,1140.9011698858308,0.0,,2306646.7555399113
2021-01-20 10:00:42.590,1,0.9072200397000344,1165.6730043542452,0.0,,2361806.859315641
2021-01-20 10:00:42.600,1,1.044668778409303,1181.7320202484516,0.0,,2397632.383869564
2021-01-20 10:00:42.610,1,0.8244978275835954,1206.859204882493,0.0,,2453755.8820827436
2021-01-20 10:00:42.620,1,0.8180842056318999,1236.7791624069826,0.0,,2520749.3270529807
2021-01-20 10:00:42.630,1,1.1124927178886417,1256.6261158805833,0.0,,2565293.2692042934
2021-01-20 10:00:42.640,1,0.8964573940252684,1268.3140832271652,0.0,,2591545.434815877
2021-01-20 10:00:42.650,1,0.9976675452517528,1282.6418411910483,0.0,,2623770.4286587294
2021-01-20 10:00:42.660,1,0.8639098010653171,1293.2218861905833,0.0,,2647577.8023935845
2021-01-20 10:00:42.670,1,1.169816266591418,1301.461976775295,0.0,,2666158.1061705276
2021-01-20 10:00:42.680,1,1.1501640151775103,1322.6893392364384,0.0,,2714026.262694421
2021-01-20 10:00:42.690,1,1.0002184549410458,1343.4289185866237,0.0,,2760866.332554177
2021-01-20 10:00:42.700,1,0.9149381322719916,1347.745487860192,0.0,,2770621.857826748
2021-01-20 10:00:42.710,1,1.1877419068459083,1350.5015396817364,0.0,,2776869.2775629396
2021-01-20 10:00:42.720,1,1.0316956116021296,1368.404805548984,0.0,,2817379.331238405
2021-01-20 10:00:42.730,1,1.067815712032928,1376.5944387542472,0.0,,2835935.8450536313
2021-01-20 10:00:42.740,1,1.0438464438067578,1388.4579466820535,0.0,,2862826.927911954
2021-01-20 10:00:42.750,1,1.2952406437411672,1389.695546531518,0.0,,2865650.0713402303
2021-01-20 10:00:42.760,1,0.9828388878532164,1400.30706913595,0.0,,2889711.1721276673
2021-01-20 10:00:42.770,1,1.3539666111410549,1414.2497849538308,0.0,,2921395.6156867314
2021-01-20 10:00:42.780,1,1.3740719610670111,1405.1841756490796,0.0,,2900801.7379139727
2021-01-20 10:00:42.790,1,1.4148432766033876,1410.2111899001493,0.0,,2912222.5934014716
2021-01-20 10:00:42.800,1,1.1926115590390711,1411.0520321936633,0.0,,2914125.8374026953
2021-01-20 10:00:42.810,1,1.4429378589875643,1425.3361158573637,0.0,,2946603.390822169
2021-01-20 10:00:42.820,1,1.2802942059826343,1438.0749632934946,0.0,,2975573.3991429764
2021-01-20 10:00:42.830,1,1.1995355846897828,1435.4154568755912,0.0,,2969513.8989901305
2021-01-20 10:00:42.840,1,1.4071384021954365,1448.8390616794854,0.0,,3000083.503657746
2021-01-20 10:00:42.850,1,1.262132004683575,1433.0784713340224,0.0,,2964202.8707745257
2021-01-20 10:00:42.860,1,1.1391589933488442,1429.624447652883,0.0,,2956337.4571290277
2021-01-20 10:00:42.870,1,1.2985826095636324,1448.1978413065656,0.0,,2998618.235037171
2021-01-20 10:00:42.880,1,0.9822760682545788,1442.940140906201,0.0,,2986630.480882158
2021-01-20 10:00:42.890,1,1.4197510659703412,1436.492624232232,0.0,,2971978.648743047
2021-01-20 10:00:42.900,1,1.3553531324365868,1441.005571430015,0.0,,2982249.616565931
2021-01-20 10:00:42.910,1,1.1334139357786666,1449.0395919933285,0.0,,3000532.023149213
2021-01-20 10:00:42.920,1,1.1594324878105349,1455.0905456647924,0.0,,3014316.6053761793
2021-01-20 10:00:42.930,1,1.1821355316338331,1452.1535347627969,0.0,,3007626.903554495
2021-01-20 10:00:42.940,1,1.2187751763889274,1452.6416931586575,0.0,,3008740.0396413463
2021-01-20 10:00:42.950,1,1.1777192957933271,1457.3075937601293,0.0,,3019368.031825891
2021-01-20 10:00:42.960,1,1.2631135943489356,1444.0785432066932,0.0,,2989238.935400146
2021-01-20 10:00:42.970,1,1.0979064029517975,1450.562977235046,0.0,,3004001.4828404216
2021-01-20 10:00:42.980,1,1.0725680287619668,1457.8691316010056,0.0,,3020644.4301652187
2021-01-20 10:00:42.990,1,0.9751911286289288,1450.9831976352011,0.0,,3004947.79892319
2021-01-20 10:00:43.000,1,1.0149529720889043,1459.4815871867268,0.0,,3024322.532965683
2021-01-20 10:00:43.010,1,1.0221696988427684,1467.8122463313905,0.0,,3043312.7220201665
2021-01-20 10:00:43.020,1,1.3000106690729585,1458.9676363694557,0.0,,3023157.910125272
2021-01-20 10:00:43.030,1,1.3369313404781995,1454.6629742560986,0.0,,3013348.374617378
2021-01-20 10:00:43.040,1,1.0286829474807972,1458.3560082748206,0.0,,3021752.1206249585
2021-01-20 10:00:43.050,1,1.2518578853951323,1455.8288061265152,0.0,,3016003.8640596783
2021-01-20 10:00:43.060,1,1.2382168014851096,1459.001776640758,0.0,,3023236.8178324183
2021-01-20 10:00:43.070,1,1.1519195089250711,1459.0596015568292,0.0,,3023361.4206288797
2021-01-20 10:00:43.080,1,1.2241172327070662,1467.640222247957,0.0,,3042928.1282206727
2021-01-20 10:00:43.090,1,1.2600971728763866,1462.4653076320624,0.0,,3031130.3772399304
2021-01-20 10:00:43.100,1,1.1485106919152763,1465.7803307150857,0.0,,3038686.90259943
2021-01-20 10:00:43.110,1,1.2125657155476812,1453.975412800417,0.0,,3011779.865172311
2021-01-20 10:00:43.120,1,1.2054874400926454,1462.3741065517163,0.0,,3030913.736341789
2021-01-20 10:00:43.130,1,1.322065422483036,1471.2282067225146,0.0,,3051120.896870396
2021-01-20 10:00:43.140,1,1.2189690642098916,1460.7256595033966,0.0,,3027162.251980959
2021-01-20 10:00:43.150,1,1.3452042013656391,1475.7980541480329,0.0,,3061545.307745234
2021-01-20 10:00:43.160,1,1.1240888344623985,1463.5976234294344,0.0,,3033702.480797131
2021-01-20 10:00:43.170,1,1.3333747531602829,1470.5933477820236,0.0,,3049668.660082476
2021-01-20 10:00:43.180,1,1.4457978238437887,1454.9622913297349,0.0,,3014040.1152681625
2021-01-20 10:00:43.190,1,0.9820041102063216,1472.2736991806353,0.0,,3053489.1210570387
2021-01-20 10:00:43.200,1,1.2202528678234688,1455.6094223249966,0.0,,3015499.2384576704
2021-01-20 10:00:43.210,1,0.9730345477380666,1471.6708556507913,0.0,,3052108.8978905836
2021-01-20 10:00:43.220,1,1.0750931840008082,1456.3819392319074,0.0,,3017255.090649557
2021-01-20 10:00:43.230,0,1.2176734390073976,1467.8766926708645,0.0,,3043466.7417239645
2021-01-20 10:00:43.240,0,1.1423869230001709,1455.0066996576002,0.0,,3014125.81242223
2021-01-20 10:00:43.250,0,1.235297441432882,1472.3621242962513,0.0,,3053698.885841077
2021-01-20 10:00:43.260,0,1.2558102637016966,1471.8652619189415,0.0,,3052563.99811644
2021-01-20 10:00:43.270,0,1.188192530216263,1456.8083517934645,0.0,,3018233.8305818313
2021-01-20 10:00:43.280,0,1.09009657918309,1449.3868115305263,0.0,,3001316.050806731
2021-01-20 10:00:43.290,0,1.2171409620927367,1468.7369004550476,0.0,,3045428.5220659794
2021-01-20 10:00:43.300,0,1.3243902876052098,1454.710229762985,0.0,,3013458.6084697386
2021-01-20 10:00:43.310,0,1.4375680410267728,1460.540650477291,0.0,,3026749.321431395
2021-01-20 10:00:43.320,0,1.3541546838000034,1450.531678375185,0.0,,3003941.2346732733
2021-01-20 10:00:43.330,0,1.0371152065085634,1453.1239243368352,0.0,,3009829.4482244407
2021-01-20 10:00:43.340,0,1.18474682006618,1439.9867737242782,0.0,,2979916.0404777383
2021-01-20 10:00:43.350,0,1.5201920269224438,1420.0910182648197,0.0,,2934678.521205708
2021-01-20 10:00:43.360,0,1.029055811369915,1372.9898868384687,0.0,,2827768.466999689
2021-01-20 10:00:43.370,0,1.1110670928986142,1339.4266187095118,0.0,,2751824.876417745
2021-01-20 10:00:43.380,0,1.1070784145234578,1285.8702689290058,0.0,,2631039.38528526
2021-01-20 10:00:43.390,0,1.3070002014312552,1226.643500290435,0.0,,2498064.211457581
2021-01-20 10:00:43.400,0,1.0044201398377604,1166.4351972055154,0.0,,2363511.7182599413
2021-01-20 10:00:43.410,0,0.9414015658957188,1119.8742179422168,0.0,,2259939.5639030566
2021-01-20 10:00:43.420,0,0.9093685108647048,1044.5785695661807,0.0,,2093373.0263644475
2021-01-20 10:00:43.430,0,1.0988799445635755,996.3572377373596,0.0,,1987335.2581331169
2021-01-20 10:00:43.440,0,0.9082729386788868,929.7054876587454,0.0,,1841586.734324663
2021-01-20 10:00:43.450,0,0.9019244743326498,862.9184045951697,0.0,,1696603.4718746704
2021-01-20 10:00:43.460,0,0.8565957946727131,800.570004142338,0.0,,1562263.8835739833
2021-01-20 10:00:43.470,0,0.5842118231650207,739.9197245531433,0.0,,1432567.2474733302
2021-01-20 10:00:43.480,0,0.7155964533709692,685.5039238551723,0.0,,1317122.8770740656
2021-01-20 10:00:43.490,0,0.5195557496183365,623.8541756438348,0.0,,1187418.4099616888
2021-01-20 10:00:43.500,0,0.5201623385068169,574.7324488916528,0.0,,1084994.545038571
2021-01-20 10:00:43.510,0,0.6062545159387371,521.4054849705145,0.0,,974790.0309765425
2021-01-20 10:00:43.520,0,0.4314015423549193,476.84192538838136,0.0,,883543.0410784667
2021-01-20 10:00:43.530,0,0.3989309550942151,425.1875438046872,0.0,,778853.6163405096
2021-01-20 10:00:43.540,0,0.3534394891150279,385.52399286116486,0.0,,699317.2397881349
2021-01-20 10:00:43.550,0,0.3227855755126373,344.45538630581933,0.0,,617820.1529617142
2021-01-20 10:00:43.560,0,0.2386565460407176,307.3143679729054,1.0,,544951.2377882582
2021-01-20 10:00:43.570,0,0.2248777373439195,270.46109298097696,1.0,,473516.5939925439
2021-01-20 10:00:43.580,0,0.203785801272696,236.712744422942,1.0,,408947.9697349234
2021-01-20 10:00:43.590,0,0.1737083332251928,208.8529575790884,1.0,,356324.85101383436
2021-01-20 10:00:43.600,0,0.1623241324520835,179.96586112198472,1.0,,302506.3622668936
2021-01-20 10:00:43.610,0,0.1416525718059575,154.33564399166056,1.0,,255470.65666806136
2021-01-20 10:00:43.620,0,0.1388728974327988,132.22268342056108,2.0,,215508.78478475896
2021-01-20 10:00:43.630,0,0.1047308164228895,110.12913980001284,2.0,,176245.01276559255
2021-01-20 10:00:43.640,0,0.1018744543225168,90.97437959979708,2.0,,142841.7076869605
2021-01-20 10:00:43.650,0,0.0681256718309786,75.11541100064574,2.0,,115705.79359245807
2021-01-20 10:00:43.660,0,0.0616706629257049,58.872683422764254,2.0,,88507.99059032749
2021-01-20 10:00:43.670,0,0.0420125283449973,45.311046239321136,2.0,,66358.82391223592
2021-01-20 10:00:43.680,0,0.0268826913966777,33.48998171551578,2.0,,47595.37493652656
2021-01-20 10:00:43.690,0,0.0227332208173606,22.884891405118815,2.0,,31309.00745659847
2021-01-20 10:00:43.700,0,0.0194019813391519,13.407485357018396,2.0,,17394.834620595633
2021-01-20 10:00:43.710,0,0.0027767822575691,5.122890917799788,2.0,,6039.321412834267
2021-01-20 10:00:43.720,0,0.0006490741478222,0.0,2.0,,10.58899714101227
2021-01-20 10:00:43.730,0,-0.0100030614741316,0.0,2.0,,8.20265987989987
2021-01-20 10:00:43.740,0,-0.0156867812006261,0.0,2.0,,14.822968639184989
2021-01-20 10:00:43.750,0,-0.0144199170671364,0.0,2.0,,10.05746915879422
2021-01-20 10:00:43.760,0,-0.021831432385286,0.0,2.0,,8.221336984039565
2021-01-20 10:00:43.770,0,-0.0232060923010307,0.0,2.0,,7.83121100559439
2021-01-20 10:00:43.780,0,-0.0154441778521881,0.0,2.0,,10.887397740089432
2021-01-20 10:00:43.790,0,-0.0301620350214447,0.0,2.0,,9.194077220107173
2021-01-20 10:00:43.800,0,-0.020631866606795,0.0,2.0,,8.729094629269962
2021-01-20 10:00:43.810,0,-0.0249208061704791,0.0,2.0,,10.101845870950356
2021-01-20 10:00:43.820,0,-0.0286848507870806,0.0,2.0,,13.222973252817873
2021-01-20 10:00:43.830,0,-0.0206213761678611,0.0,2.0,,12.4897501072161
2021-01-20 10:00:43.840,0,-0.0247836625107665,0.0,2.0,,7.564164849960832
2021-01-20 10:00:43.850,0,-0.0273267097276149,0.0,2.0,,7.15134424293826
2021-01-20 10:00:43.860,0,-0.0180353039891984,0.0,2.0,,6.889178012864846
2021-01-20 10:00:43.870,0,-0.0213367711064443,0.0,2.0,,10.865708096521843
2021-01-20 10:00:43.880,0,-0.0208315508783567,0.0,2.0,,5.281783841472254
2021-01-20 10:00:43.890,0,-0.0114010337463043,0.0,2.0,,10.215191981696092
2021-01-20 10:00:43.900,0,-0.0158193006936927,0.0,2.0,,8.809069455876427
2021-01-20 10:00:43.910,0,-0.0121159165457824,0.0,2.0,,9.218526277436936
2021-01-20 10:00:43.920,0,-0.0177512529303588,0.0,2.0,,9.113416972872956
2021-01-20 10:00:43.930,0,-0.0141032885573343,0.0,2.0,,7.29422508544083
2021-01-20 10:00:43.940,0,-0.0124445513656885,0.0,2.0,,4.257090578290498
2021-01-20 10:00:43.950,0,-0.0161033520866857,0.0,2.0,,12.521870115214801
2021-01-20 10:00:43.960,0,-0.0119656034276797,0.0,2.0,,10.024217759893713
2021-01-20 10:00:43.970,0,-0.0135038610053323,0.0,2.0,,9.393166851814676
2021-01-20 10:00:43.980,0,-0.0024284124719395,0.0,2.0,,14.281484024697646
2021-01-20 10:00:43.990,1,-0.0096284626122552,0.0,2.0,,11.47970342667388
2021-01-20 10:00:44.000,1,-0.0097944979420666,0.0,2.0,,10.36308484605935
2021-01-20 10:00:44.010,1,-0.0007350419178204,0.0,2.0,,6.382146016082016
2021-01-20 10:00:44.020,1,-0.0033817774586199,0.0,2.0,,8.86620473122088
2021-01-20 10:00:44.030,1,-0.0001922293717078,0.0,2.0,,13.365531944124418
2021-01-20 10:00:44.040,1,-0.0113282345993031,0.0,2.0,,11.344651023658749
2021-01-20 10:00:44.050,1,-0.0120585138719905,0.0,2.0,,10.993899454477853
2021-01-20 10:00:44.060,1,-0.0039203891157628,0.0,2.0,,13.352174244410255
2021-01-20 10:00:44.070,1,0.0006222910187225,0.0,2.0,,11.268533473528905
2021-01-20 10:00:44.080,1,-0.0055445105368543,0.0,2.0,,11.847841604829917
2021-01-20 10:00:44.090,1,-0.0012030459683022,0.0,2.0,,11.55682506767858
2021-01-20 10:00:44.100,1,0.0008899412560903,0.0,2.0,,8.219512414267374
2021-01-20 10:00:44.110,1,0.0110244544798311,10.313819432493592,2.0,,13036.016156510166
2021-01-20 10:00:44.120,1,0.0096026296970647,26.06846885213009,2.0,,36128.58975353068
2021-01-20 10:00:44.130,1,0.0270516763706684,45.82436328090282,2.0,,67186.3933073525
2021-01-20 10:00:44.140,1,0.044194885880678,69.38411680583891,2.0,,106032.72636615527
2021-01-20 10:00:44.150,1,0.0582968849880294,95.19762741352112,2.0,,150151.70607278298
2021-01-20 10:00:44.160,1,0.0757836600381875,124.33694840040944,2.0,,201417.11277358152
2021-01-20 10:00:44.170,1,0.105065732822342,153.22573562379034,2.0,,253449.29312014574
2021-01-20 10:00:44.180,1,0.1209137787850161,186.16380862135404,1.0,,313983.2646908554
2021-01-20 10:00:44.190,1,0.133732542982401,222.96686600751187,1.0,,382899.18673679954
2021-01-20 10:00:44.200,1,0.1666127493550152,264.19758272645544,1.0,,461466.99179035745
2021-01-20 10:00:44.210,1,0.2065847920053232,303.4873992488237,1.0,,537489.9486980896
2021-01-20 10:00:44.220,1,0.2284577177260985,350.87374016821923,1.0,,630493.9344201495
2021-01-20 10:00:44.230,1,0.2721048314335091,397.2221195116707,0.0,,722687.2907704358
2021-01-20 10:00:44.240,1,0.3532598191744606,448.292231100806,0.0,,825528.5753436127
2021-01-20 10:00:44.250,1,0.3263191861482116,495.05894188071,0.0,,920736.8889535685
2021-01-20 10:00:44.260,1,0.4214015841742879,554.6501939461399,0.0,,1043357.7319757647
2021-01-20 10:00:44.270,1,0.4404332239993325,604.5232401844831,0.0,,1147006.8842804064
2021-01-20 10:00:44.280,1,0.4942512826450532,664.7939100810044,0.0,,1273411.0445936397
2021-01-20 10:00:44.290,1,0.5745669783430742,710.8179299534887,0.0,,1370711.3048466386
2021-01-20 10:00:44.300,1,0.6152894646754722,767.7638000291746,0.0,,1491977.3717804481
2021-01-20 10:00:44.310,1,0.5707837335102407,814.1681913296823,0.0,,1591463.0868630866
2021-01-20 10:00:44.320,1,0.5761446259734326,856.419648665592,0.0,,1682539.2247700638
2021-01-20 10:00:44.330,1,0.7871697215352149,904.6779898372472,0.0,,1787125.1850711363
2021-01-20 10:00:44.340,1,0.7665039026826976,952.5623787824944,0.0,,1891445.9799021916
2021-01-20 10:00:44.350,1,0.8143718554532279,1004.9778804234796,0.0,,2006241.0040205051
2021-01-20 10:00:44.360,1,0.8622642972203457,1047.3749715828528,0.0,,2099536.648548429
2021-01-20 10:00:44.370,1,0.8640306504983719,1081.7133773054454,0.0,,2175375.3134966264
2021-01-20 10:00:44.380,1,0.8914296781283882,1131.1862713953842,0.0,,2285058.0992548754
2021-01-20 10:00:44.390,1,0.9655361895705236,1163.6596418209765,0.0,,2357324.9384678826
2021-01-20 10:00:44.400,1,0.9358365223266794,1189.6674506088664,0.0,,2415344.733216637
2021-01-20 10:00:44.410,1,0.8085284029284506,1222.3684519765534,0.0,,2488463.921663013
2021-01-20 10:00:44.420,1,1.1682430121492846,1261.5549024501397,0.0,,2576372.612111277
2021-01-20 10:00:44.430,1,1.1013846208031082,1279.565006787143,0.0,,2616853.9376748377
2021-01-20 10:00:44.440,1,1.1553636243728802,1306.0154649546987,0.0,,2676421.450207252
2021-01-20 10:00:44.450,1,1.0368964685167077,1327.379586476555,0.0,,2724610.775923516
2021-01-20 10:00:44.460,1,1.013194493709736,1353.7483204680675,0.0,,2784205.1347565227
2021-01-20 10:00:44.470,1,1.3281213887631396,1354.8080073689448,0.0,,2786615.5982429404
2021-01-20 10:00:44.480,1,1.231012643199898,1381.8433794633704,0.0,,2847843.0810496844
2021-01-20 10:00:44.490,1,1.3785145763365223,1391.6946213070694,0.0,,2870187.555672817
2021-01-20 10:00:44.500,1,1.1184976245255756,1406.9977137202368,0.0,,2904910.5730292043
2021-01-20 10:00:44.510,1,1.2934985398654706,1419.9932618793157,0.0,,2934445.447172304
2021-01-20 10:00:44.520,1,1.2948932875049963,1435.8175301520005,0.0,,2970437.05849179
2021-01-20 10:00:44.530,1,1.4523663980836712,1458.908806645879,0.0,,3023032.55843782
2021-01-20 10:00:44.540,1,1.0942440873509098,1449.7072853394714,0.0,,3002048.0898772716
2021-01-20 10:00:44.550,1,1.4102884510090292,1463.14534156961,0.0,,3032692.3050927753
2021-01-20 10:00:44.560,1,1.3393930558367884,1472.3560936125411,0.0,,3053688.7512087706
2021-01-20 10:00:44.570,1,1.0404469562590937,1478.3121811685608,0.0,,3067264.1093209214
2021-01-20 10:00:44.580,1,1.0371659085897578,1481.1535993316024,0.0,,3073753.839990845
2021-01-20 10:00:44.590,1,0.9945661052788352,1481.5936299726277,0.0,,3074754.9178354135
2021-01-20 10:00:44.600,1,1.3258545037965448,1474.6952284628835,0.0,,3059026.302892165
2021-01-20 10:00:44.610,1,1.0147945570588943,1488.446170328933,0.0,,3090397.241294897
2021-01-20 10:00:44.620,1,1.1347053381638537,1495.060165127301,0.0,,3105518.7770305956
2021-01-20 10:00:44.630,1,1.431270420463178,1488.7744635972947,0.0,,3091167.279263148
2021-01-20 10:00:44.640,1,1.018726474895696,1492.11502335894,0.0,,3098784.11683338
2021-01-20 10:00:44.650,1,1.433158426496649,1494.3886178335645,0.0,,3103994.3435221384
2021-01-20 10:00:44.660,1,1.3705933809847684,1497.640480552728,0.0,,3111422.567056013
2021-01-20 10:00:44.670,1,1.4628931989485767,1486.5693872142886,0.0,,3086136.713190697
2021-01-20 10:00:44.680,1,1.2185452129373282,1500.4465831756256,0.0,,3117831.387787391
2021-01-20 10:00:44.690,1,1.069193376270266,1491.2225678682694,0.0,,3096748.082647377
2021-01-20 10:00:44.700,1,1.2821893287476125,1494.8645266337237,0.0,,3105078.2597270655
2021-01-20 10:00:44.710,1,1.12786348657007,1500.5510792726252,0.0,,3118065.186686515
2021-01-20 10:00:44.720,1,1.2690639458081785,1486.1213646898264,0.0,,3085103.3575754985
2021-01-20 10:00:44.730,1,1.0129993774664472,1487.341718243741,0.0,,3087882.13624379
2021-01-20 10:00:44.740,1,1.0393028140837128,1500.0002724760243,0.0,,3116801.9024388385
2021-01-20 10:00:44.750,1,1.2595720209344905,1480.072169337783,0.0,,3071294.857984706
2021-01-20 10:00:44.760,1,1.0112168351935673,1485.8587543380438,0.0,,3084497.342829669
2021-01-20 10:00:44.770,1,1.1738074784298522,1484.100442185291,0.0,,3080484.270529813
2021-01-20 10:00:44.780,1,1.2509728889883025,1458.6182799742292,0.0,,3022361.732447717
2021-01-20 10:00:44.790,1,1.2004427489735867,1465.2697569822187,0.0,,3037524.385753539
2021-01-20 10:00:44.800,1,1.2999765219717585,1474.2705835912368,0.0,,3058057.8406648375
2021-01-20 10:00:44.810,1,0.9860695670966116,1474.5950802752209,0.0,,3058778.8475981727
2021-01-20 10:00:44.820,1,1.231521866641912,1463.6198505139878,0.0,,3033762.1037533237
2021-01-20 10:00:44.830,1,0.8820503821049971,1464.055250677574,0.0,,3034734.27239192
2021-01-20 10:00:44.840,1,1.144677002585085,1464.1030970374468,0.0,,3034858.918457347
2021-01-20 10:00:44.850,1,1.2051752159380846,1451.746220686237,0.0,,3006697.816163473
2021-01-20 10:00:44.860,1,0.9121438697413792,1447.5229679005397,0.0,,2997068.0633123647
2021-01-20 10:00:44.870,1,0.8687143552848777,1463.6709057646924,0.0,,3033856.6603729445
2021-01-20 10:00:44.880,1,0.9939471388206892,1430.748358452411,0.0,,2958885.7181672407
2021-01-20 10:00:44.890,1,0.8590902396183653,1452.787982996865,0.0,,3009053.9751647348
2021-01-20 10:00:44.900,1,1.0624273586099386,1441.7201675449246,0.0,,2983857.0992000178
2021-01-20 10:00:44.910,1,0.8404299167147131,1461.0629455485089,0.0,,3027914.5648382944
2021-01-20 10:00:44.920,1,1.0425267034188934,1432.7899988397885,0.0,,2963533.122773555
2021-01-20 10:00:44.930,1,0.8807442395428454,1437.8320734066149,0.0,,2974997.6047179317
2021-01-20 10:00:44.940,0,1.1738998526973554,1425.0050044092084,0.0,,2945834.80822718
2021-01-20 10:00:44.950,0,1.198892808309312,1427.3277512689954,0.0,,2951115.5002185977
2021-01-20 10:00:44.960,0,1.0848503397019402,1428.433390968606,0.0,,2953625.6557228505
2021-01-20 10:00:44.970,0,1.1124940101396332,1436.2537047785904,0.0,,2971418.2371713086
2021-01-20 10:00:44.980,0,1.1116532779813917,1430.3828820305164,0.0,,2958060.6424329635
2021-01-20 10:00:44.990,0,1.1009072809627782,1428.9083127157714,0.0,,2954706.6110661407
2021-01-20 10:00:45.000,0,1.028511316397812,1427.1128789530271,0.0,,2950619.155741999
2021-01-20 10:00:45.010,0,0.8344984961411503,1421.2729075903785,0.0,,2937324.8940206356
2021-01-20 10:00:45.020,0,0.9258066514199608,1432.9888050482446,0.0,,2963983.0930931643
2021-01-20 10:00:45.030,0,0.8067564974422727,1412.4203149691052,0.0,,2917211.2941380134
2021-01-20 10:00:45.040,0,0.8100354140885295,1431.148622602339,0.0,,2959789.9264422725
2021-01-20 10:00:45.050,0,1.0967087947218193,1418.5059949463923,0.0,,2931055.654336866
2021-01-20 10:00:45.060,0,1.1373254298718936,1397.8837083040726,0.0,,2884218.410451678
2021-01-20 10:00:45.070,0,0.9201465259315044,1365.9013170407293,0.0,,2811702.477334023
2021-01-20 10:00:45.080,0,1.0556442023920594,1322.7170273987415,0.0,,2714088.732567458
2021-01-20 10:00:45.090,0,1.0307761992688078,1293.710475776424,0.0,,2648688.2915959773
2021-01-20 10:00:45.100,0,0.9164022446921776,1229.2800694111584,0.0,,2503953.824701961
2021-01-20 10:00:45.110,0,0.9510697137515174,1179.155332333064,0.0,,2391877.111127424
2021-01-20 10:00:45.120,0,0.8440317403905139,1116.7447247093314,0.0,,2252989.0735018444
2021-01-20 10:00:45.130,1,0.8485440748869121,1063.5960361697582,0.0,,2135332.639150478
2021-01-20 10:00:45.140,1,0.7596443799777566,1002.783570828538,0.0,,2001418.1745062221
2021-01-20 10:00:45.150,1,0.7377032245028193,934.0557817362868,0.0,,1851060.1454868307
2021-01-20 10:00:45.160,1,0.4987724579724975,876.6501021770978,0.0,,1726304.5360040786
2021-01-20 10:00:45.170,1,0.4739958196195024,815.6264877592572,0.0,,1594591.2177947287
2021-01-20 10:00:45.180,1,0.6106803345037035,761.4695218152347,0.0,,1478526.523995407
2021-01-20 10:00:45.190,1,0.5685944675567656,697.042991323337,0.0,,1341521.8509184758
2021-01-20 10:00:45.200,1,0.4558472178393544,646.3722718588833,0.0,,1234646.206225093
2021-01-20 10:00:45.210,1,0.3651754722707402,584.6106702108658,0.0,,1105511.3313672296
2021-01-20 10:00:45.220,1,0.3542940544952854,540.343492516373,0.0,,1013790.940170511
2021-01-20 10:00:45.230,1,0.3415745298251149,495.2907038496802,0.0,,921212.6775313691
2021-01-20 10:00:45.240,1,0.290258739654802,457.379045299426,0.0,,843951.9422589856
2021-01-20 10:00:45.250,1,0.3838648148928889,435.62575366881936,0.0,,799910.4937671368
2021-01-20 10:00:45.260,1,0.2721869220638765,431.66812681892577,0.0,,791915.9107549584
2021-01-20 10:00:45.270,1,0.2950067478489953,437.6859637010187,0.0,,804069.6877337871
2021-01-20 10:00:45.280,1,0.3704755829849771,449.9770230173024,0.0,,828942.7971087472
2021-01-20 10:00:45.290,1,0.3745388959115911,469.7036127308207,0.0,,869002.688467071
2021-01-20 10:00:45.300,1,0.3327580535044444,491.9089576445722,0.0,,914294.0043567759
2021-01-20 10:00:45.310,1,0.4185908970483714,525.7455797002089,0.0,,983713.6206717241
2021-01-20 10:00:45.320,1,0.4350295875534289,562.7075453140267,0.0,,1060044.1182972651
2021-01-20 10:00:45.330,1,0.422872132678794,597.1254311709185,0.0,,1131580.284383917
2021-01-20 10:00:45.340,1,0.4425452335559841,636.0458776154378,0.0,,1212963.8955798736
2021-01-20 10:00:45.350,1,0.5651331850349224,687.1043413578723,0.0,,1320494.5953926537
2021-01-20 10:00:45.360,1,0.4619502963852386,726.443083800973,0.0,,1403887.489806938
2021-01-20 10:00:45.370,1,0.5281160287280863,762.7414241933342,0.0,,1481242.5075832054
2021-01-20 10:00:45.380,1,0.6152946772229514,809.3788184132898,0.0,,1581169.399101472
2021-01-20 10:00:45.390,1,0.7210620940828999,855.7291856802057,0.0,,1681058.773913444
2021-01-20 10:00:45.400,1,0.7043160264698219,896.6860512294055,0.0,,1769767.4540198066
2021-01-20 10:00:45.410,1,0.5354171311604453,934.7943103112668,0.0,,1852661.4389327988
2021-01-20 10:00:45.420,1,0.8224648706012242,972.7371669968312,0.0,,1935560.8943356287
2021-01-20 10:00:45.430,1,0.7063436386668169,1012.3710331850368,0.0,,2022478.1482762098
2021-01-20 10:00:45.440,1,0.7428226717387902,1059.808673102991,0.0,,2126962.4450931344
2021-01-20 10:00:45.450,1,0.8809532494312611,1086.6602461899995,0.0,,2186319.8295547133
2021-01-20 10:00:45.460,1,0.6463824690987672,1119.742962969323,0.0,,2259632.313831245
2021-01-20 10:00:45.470,1,0.7003793007210561,1157.208338069013,0.0,,2342938.9271127917
2021-01-20 10:00:45.480,1,0.8029946628396151,1168.1679484872675,0.0,,2367365.4742438523
2021-01-20 10:00:45.490,1,0.978592336379742,1201.3485654694016,0.0,,2441443.9817186617
2021-01-20 10:00:45.500,1,0.8897639387622006,1232.3771204163024,0.0,,2510888.7530560256
2021-01-20 10:00:45.510,1,0.8244647152612548,1252.364824823219,0.0,,2555716.3811244103
2021-01-20 10:00:45.520,1,0.7320931762680561,1275.8011483380403,0.0,,2608367.784997085
2021-01-20 10:00:45.530,1,0.7756727339836693,1283.2293127669932,0.0,,2625079.9759347695
2021-01-20 10:00:45.540,1,0.7440057397306783,1306.3000868491622,0.0,,2677039.9469010215
2021-01-20 10:00:45.550,1,1.0134709858211015,1330.8911175094927,0.0,,2732537.6575002116
2021-01-20 10:00:45.560,1,0.7710255381922454,1332.1640174391048,0.0,,2735403.2855599187
2021-01-20 10:00:45.570,1,0.9909732631799828,1352.1757265474348,0.0,,2780645.1233147564
2021-01-20 10:00:45.580,1,1.0283788612021931,1368.524567573842,0.0,,2817648.6821358628
2021-01-20 10:00:45.590,1,0.9145929347382292,1373.0167324897343,0.0,,2827820.9040612807
2021-01-20 10:00:45.600,1,0.8892400848720332,1382.6473110155414,0.0,,2849645.6407078085
2021-01-20 10:00:45.610,1,0.9513173668921172,1379.5358808050937,0.0,,2842596.0643821866
2021-01-20 10:00:45.620,1,1.0282795418130743,1402.3459789789222,0.0,,2894343.0749544576
2021-01-20 10:00:45.630,1,0.77509472617311,1409.286535206474,0.0,,2910089.6810280113
2021-01-20 10:00:45.640,1,0.8439892707744179,1395.373684372608,0.0,,2878507.992102933
2021-01-20 10:00:45.650,1,0.9975933019396946,1414.0686059140924,0.0,,2920967.6356043518
2021-01-20 10:00:45.660,1,0.9580475778160092,1422.2292081400726,0.0,,2939508.435514154
2021-01-20 10:00:45.670,1,0.9482383716094022,1420.8790831736576,0.0,,2936441.4819123843
2021-01-20 10:00:45.680,1,0.9951925126469072,1428.0231489130097,0.0,,2952688.6995106167
2021-01-20 10:00:45.690,1,1.01463339729916,1415.1475710542315,0.0,,2923420.7147312695
2021-01-20 10:00:45.700,1,0.8686789987999137,1426.1998862515277,0.0,,2948538.6855550907
2021-01-20 10:00:45.710,1,0.8172023127719731,1434.9429870948952,0.0,,2968420.984498486
2021-01-20 10:00:45.720,1,0.8506111165125749,1423.6491099005543,0.0,,2942731.8325800295
2021-01-20 10:00:45.730,1,0.8962886682001349,1421.9552561244045,0.0,,2938888.8863023026
2021-01-20 10:00:45.740,1,0.8290397267502968,1425.600026495356,0.0,,2947166.5650792154
2021-01-20 10:00:45.750,1,0.7750945964284719,1423.6405411518494,0.0,,2942711.6537079867
2021-01-20 10:00:45.760,1,0.8100504139813297,1426.9942896202033,0.0,,2950339.9422347145
2021-01-20 10:00:45.770,1,0.6823814363781714,1423.3712286985117,0.0,,2942093.7271757117
2021-01-20 10:00:45.780,1,0.6983657744500976,1413.0015627371552,0.0,,2918529.3025929155
2021-01-20 10:00:45.790,1,0.9621032139710948,1421.493456976357,0.0,,2937837.812436874
2021-01-20 10:00:45.800,1,0.8294013361535262,1404.5526108027657,0.0,,2899341.167467465
2021-01-20 10:00:45.810,1,0.8937702182677193,1412.5640031240196,0.0,,2917539.9158926937
2021-01-20 10:00:45.820,1,0.8731133130995938,1420.6431079800846,0.0,,2935896.8105600155
2021-01-20 10:00:45.830,1,0.7784136962490078,1407.6118370059812,0.0,,2906287.5476261964
2021-01-20 10:00:45.840,1,0.8698903926949579,1407.9525007949594,0.0,,2907065.4723346103
2021-01-20 10:00:45.850,1,1.004387880977848,1407.305882876136,0.0,,2905606.1282877484
2021-01-20 10:00:45.860,1,0.7586401553505829,1411.9760980510212,0.0,,2916201.472719025
2021-01-20 10:00:45.870,1,1.032243720553822,1412.7617309362035,0.0,,2917998.5679327245
2021-01-20 10:00:45.880,1,0.9325443864062808,1401.1552135799002,0.0,,2891636.2072744127
2021-01-20 10:00:45.890,1,1.041796042669788,1415.3508140203244,0.0,,2923880.5685447142
2021-01-20 10:00:45.900,1,0.8189109931488301,1414.7145132839307,0.0,,2922423.3852843535
2021-01-20 10:00:45.910,1,0.9132769542702516,1419.9708813259836,0.0,,2934376.9992542076
2021-01-20 10:00:45.920,1,0.8773409992189529,1414.442695557139,0.0,,2921810.223110503
2021-01-20 10:00:45.930,1,0.9816894966622488,1426.9601168999832,0.0,,2950269.717959628
2021-01-20 10:00:45.940,1,0.8746774527906135,1407.2429280973597,0.0,,2905452.1929315915
2021-01-20 10:00:45.950,1,0.8616233020248999,1411.019584185645,0.0,,2914032.037586893
2021-01-20 10:00:45.960,1,0.8923778982530959,1415.5754042144006,0.0,,2924384.3482184024
2021-01-20 10:00:45.970,1,1.1155178853934964,1422.5560842659463,0.0,,2940265.3367409185
2021-01-20 10:00:45.980,1,0.7836457696909461,1425.02395426682,0.0,,2945854.5941113583
2021-01-20 10:00:45.990,1,1.0633027808772173,1423.9898510185162,0.0,,2943518.372249997
2021-01-20 10:00:46.000,1,1.1891684453402611,1420.526983870959,0.0,,2935653.457735272
2021-01-20 10:00:46.010,1,1.0270279443059096,1420.1339700971914,0.0,,2934749.483577423
2021-01-20 10:00:46.020,1,1.2265375996440442,1428.287292068701,0.0,,2953300.47635972
2021-01-20 10:00:46.030,1,1.0113429482505665,1426.0792086843985,0.0,,2948268.988878228
2021-01-20 10:00:46.040,1,0.9950449292231406,1420.7720259191633,0.0,,2936200.9598756405
2021-01-20 10:00:46.050,1,1.1368821863737473,1411.1340585530288,0.0,,2914303.6277807937
2021-01-20 10:00:46.060,1,1.2309550982356272,1411.4302590261505,0.0,,2914986.653557523
2021-01-20 10:00:46.070,1,0.9028626233050342,1419.2948763742584,0.0,,2932838.032956954
2021-01-20 10:00:46.080,0,0.9462583506198836,1435.9519100303366,0.0,,2970726.846541999
2021-01-20 10:00:46.090,0,1.1464959345451,1421.9210544180814,0.0,,2938820.915553023
2021-01-20 10:00:46.100,0,1.3407484715509022,1427.6935053742243,0.0,,2951955.9576670155
2021-01-20 10:00:46.110,0,1.1707153559410624,1434.3049652728491,0.0,,2966990.1431441004
2021-01-20 10:00:46.120,0,1.3244328554796951,1422.1936588720016,0.0,,2939447.625397769
2021-01-20 10:00:46.130,0,1.0351614375787168,1432.2485025376905,0.0,,2962298.6863275957
2021-01-20 10:00:46.140,0,1.083510262557152,1432.8924206781478,0.0,,2963767.5464681946
2021-01-20 10:00:46.150,0,0.971000489347142,1428.4024223616227,0.0,,2953546.408616205
2021-01-20 10:00:46.160,0,1.147831158726769,1422.0093532565704,0.0,,2939020.3587035807
2021-01-20 10:00:46.170,0,1.107150991276439,1440.9990727315735,0.0,,2982217.56831053
2021-01-20 10:00:46.180,0,1.1582285576145244,1425.1698837288998,0.0,,2946209.580581509
2021-01-20 10:00:46.190,0,1.301732249962126,1406.7047866435407,0.0,,2904252.221795396
2021-01-20 10:00:46.200,0,1.0795908813764834,1388.585650365165,0.0,,2863120.6205456806
2021-01-20 10:00:46.210,0,0.9773490376776603,1342.1986223197632,0.0,,2758089.201129763
2021-01-20 10:00:46.220,0,1.1517387938202204,1313.969021293054,0.0,,2694353.4601940215
2021-01-20 10:00:46.230,0,0.9706814806655848,1257.7004144250157,0.0,,2567704.2010627687
2021-01-20 10:00:46.240,0,1.058453386520282,1218.4619260563609,0.0,,2479729.8749341597
2021-01-20 10:00:46.250,0,1.1073785562111922,1148.8255109381564,0.0,,2324295.6495159506
2021-01-20 10:00:46.260,0,0.8153173143098772,1090.3458983321696,0.0,,2194476.4246130222
2021-01-20 10:00:46.270,0,0.8727370788520578,1030.8300211727758,0.0,,2063085.0768341313
2021-01-20 10:00:46.280,0,0.8540738286783858,971.8239541246312,0.0,,1933561.2101395302
2021-01-20 10:00:46.290,0,0.9068173255610104,915.5961439788356,0.0,,1810868.8578377003
2021-01-20 10:00:46.300,0,0.8846504980337654,860.8472114543147,0.0,,1692125.2895338044
2021-01-20 10:00:46.310,0,0.7265917895557406,783.4266670973317,0.0,,1525496.3605862611
2021-01-20 10:00:46.320,0,0.7026277618417661,725.3799317048266,0.0,,1401640.6598358902
2021-01-20 10:00:46.330,0,0.5251785232191672,663.8369167848077,0.0,,1271394.4282536749
2021-01-20 10:00:46.340,0,0.4884884253153965,616.7134383733077,0.0,,1172478.5209256108
2021-01-20 10:00:46.350,0,0.5347960820068312,568.0931558648111,0.0,,1071212.3935050156
2021-01-20 10:00:46.360,0,0.4475548348615519,513.8650445877919,0.0,,959287.9847985524
2021-01-20 10:00:46.370,0,0.4952138996271722,459.3769117808954,0.0,,848015.2697487525
2021-01-20 10:00:46.380,0,0.4274034098714468,415.1819805696683,0.0,,758720.0097538994
2021-01-20 10:00:46.390,0,0.3599559502004815,373.10070595060233,0.0,,674570.5383990614
2021-01-20 10:00:46.400,0,0.2831440489193641,333.62373378103734,0.0,,596485.627848655
2021-01-20 10:00:46.410,0,0.3147409882011647,297.7986768780968,1.0,,526426.2429562517
2021-01-20 10:00:46.420,0,0.2797316025100136,261.42085184490713,1.0,,456141.5709669384
2021-01-20 10:00:46.430,0,0.1821776906235049,231.1464948450695,1.0,,398376.7427685086
2021-01-20 10:00:46.440,0,0.1428150420400283,201.4229284601962,1.0,,342406.5438480739
2021-01-20 10:00:46.450,0,0.1351218519632683,174.22718978890762,1.0,,291911.1463049739
2021-01-20 10:00:46.460,0,0.1376439737393113,149.76858364541633,1.0,,247167.2912962625
2021-01-20 10:00:46.470,0,0.1230569979002584,126.833238718434,2.0,,205869.81878898872
2021-01-20 10:00:46.480,0,0.0782514140891559,105.5234089280204,2.0,,168160.60045279513
2021-01-20 10:00:46.490,0,0.061295667169873,87.43050469635227,2.0,,136731.03160302134
2021-01-20 10:00:46.500,0,0.0474822814655578,71.12947464419737,2.0,,108967.01370280392
2021-01-20 10:00:46.510,0,0.0561226521289679,56.19306496686989,2.0,,84081.78502419357
2021-01-20 10:00:46.520,0,0.0292372073704204,43.06848519145469,2.0,,62755.81833883726
2021-01-20 10:00:46.530,0,0.0293114338852349,31.131937149266754,2.0,,43916.22807380834
2021-01-20 10:00:46.540,0,0.0182574330940186,21.098198468582385,2.0,,28631.0813315678
2021-01-20 10:00:46.550,0,0.0116491488835925,12.093049019026608,2.0,,15526.3104591466
2021-01-20 10:00:46.560,0,0.0073795827788486,4.272252959672477,2.0,,4948.82164606301
2021-01-20 10:00:46.570,0,-0.0073425139832826,0.0,2.0,,12.401161256514706
2021-01-20 10:00:46.580,0,-0.0100076880820779,0.0,2.0,,10.443435507362858
2021-01-20 10:00:46.590,0,-0.0149211574503841,0.0,2.0,,9.467243333869995
2021-01-20 10:00:46.600,0,-0.009366009984807,0.0,2.0,,13.142009716587477
2021-01-20 10:00:46.610,0,-0.0219262094631833,0.0,2.0,,9.938344411362353
2021-01-20 10:00:46.620,0,-0.024766510058985,0.0,2.0,,10.992149868725265
2021-01-20 10:00:46.630,0,-0.0232334405589376,0.0,2.0,,9.15059706513493
2021-01-20 10:00:46.640,0,-0.0135213901024036,0.0,2.0,,10.807293196917055
2021-01-20 10:00:46.650,0,-0.0266613149182848,0.0,2.0,,8.41719870957057
2021-01-20 10:00:46.660,0,-0.0214852665895568,0.0,2.0,,7.781034832011796
2021-01-20 10:00:46.670,0,-0.0162679057620563,0.0,2.0,,6.370695789079912
2021-01-20 10:00:46.680,0,-0.0221783184428359,0.0,2.0,,9.92962193587848
2021-01-20 10:00:46.690,0,-0.0181386101872304,0.0,2.0,,7.738807309944789
2021-01-20 10:00:46.700,0,-0.0169654625322968,0.0,2.0,,8.766078022819755
2021-01-20 10:00:46.710,0,-0.027102302804915,0.0,2.0,,4.732172279331245
2021-01-20 10:00:46.720,0,-0.0143559456527477,0.0,2.0,,7.289715116627141
2021-01-20 10:00:46.730,0,-0.0229985158264051,0.0,2.0,,10.994328936844333
2021-01-20 10:00:46.740,0,-0.0096052868898534,0.0,2.0,,13.182731809870964
2021-01-20 10:00:46.750,0,-0.0167150104747166,0.0,2.0,,10.731904707858098
2021-01-20 10:00:46.760,0,-0.0137029979748035,0.0,2.0,,13.867293002738709
2021-01-20 10:00:46.770,0,-0.0137590535351526,0.0,2.0,,7.244038871781875
2021-01-20 10:00:46.780,0,-0.0105308884678187,0.0,2.0,,9.350269745912316
2021-01-20 10:00:46.790,0,-0.0120295891938586,0.0,2.0,,6.685879170788674
2021-01-20 10:00:46.800,0,-0.0113735542529213,0.0,2.0,,10.16338888507738
2021-01-20 10:00:46.810,0,-0.0068854396459439,0.0,2.0,,11.08515995451157
2021-01-20 10:00:46.820,0,-0.0112548020113856,0.0,2.0,,11.322329163238512
2021-01-20 10:00:46.830,0,-0.0073997471788597,0.0,2.0,,7.744062099817419
2021-01-20 10:00:46.840,0,-0.0137796141213365,0.0,2.0,,10.69620052472317
2021-01-20 10:00:46.850,0,-0.010299179441438,0.0,2.0,,7.164199623007839
2021-01-20 10:00:46.860,0,-0.0109293750082218,0.0,2.0,,7.82763260125993
2021-01-20 10:00:46.870,0,-0.0005910375876787,0.0,2.0,,13.358324085928455
2021-01-20 10:00:46.880,1,-0.0049161531807836,0.0,2.0,,8.674361276302047
2021-01-20 10:00:46.890,1,-0.0032995829819699,0.0,2.0,,12.013005220524729
2021-01-20 10:00:46.900,1,-0.0033350943658262,0.0,2.0,,6.8379232521577435
2021-01-20 10:00:46.910,1,-0.0064281919953362,0.0,2.0,,9.097257171984374
2021-01-20 10:00:46.920,1,-0.0006479531011835,0.0,2.0,,11.73346896810394
2021-01-20 10:00:46.930,1,-0.0063947073769297,0.0,2.0,,12.013037401696408
2021-01-20 10:00:46.940,1,-0.0042572146816997,0.0,2.0,,12.519768711835829
2021-01-20 10:00:46.950,1,-0.0043762619794865,0.0,2.0,,9.179473552733253
2021-01-20 10:00:46.960,1,-0.0023956960676305,0.0,2.0,,10.781977561669269
2021-01-20 10:00:46.970,1,-0.0029281993369265,0.0,2.0,,11.868429066309034
2021-01-20 10:00:46.980,1,0.0028462418076777,0.1414415224031008,2.0,,122.2160246600963
2021-01-20 10:00:46.990,1,-0.0015380984766985,9.013617152461968,2.0,,11239.032744666112
2021-01-20 10:00:47.000,1,0.0194164541237585,23.38258914678768,2.0,,32058.03959090526
2021-01-20 10:00:47.010,1,0.0286931880874264,42.480890865672606,2.0,,61813.70025475709
2021-01-20 10:00:47.020,1,0.0579304339473402,64.69961211400515,2.0,,98186.61580059305
2021-01-20 10:00:47.030,1,0.0735106316158604,90.14552931368006,2.0,,141409.66685436797
2021-01-20 10:00:47.040,1,0.0804005394003254,118.3574833158889,2.0,,190785.5534531636
2021-01-20 10:00:47.050,1,0.1362605496325971,147.061062630424,2.0,,242256.45095692555
2021-01-20 10:00:47.060,1,0.1371927051972837,178.12359073438216,1.0,,299103.5541230567
2021-01-20 10:00:47.070,1,0.1611705644405944,215.1568647776041,1.0,,368173.98952095985
2021-01-20 10:00:47.080,1,0.2173345463671681,254.51585761738968,1.0,,442901.6631571242
2021-01-20 10:00:47.090,1,0.2143797021207486,295.9910418928644,1.0,,522902.7210919853
2021-01-20 10:00:47.100,1,0.3006976133987953,339.20042877250955,1.0,,607460.6437549598
2021-01-20 10:00:47.110,1,0.2570814550003322,384.4143241968183,0.0,,697099.3283560233
2021-01-20 10:00:47.120,1,0.3466196877423897,432.9668332148168,0.0,,794534.9357824096
2021-01-20 10:00:47.130,1,0.3492216291307203,486.2937108268076,0.0,,902816.6960529899
2021-01-20 10:00:47.140,1,0.4578359530236531,538.7066431353742,0.0,,1010420.9607243673
2021-01-20 10:00:47.150,1,0.4161595002727838,594.4633066980832,0.0,,1126026.7915471422
2021-01-20 10:00:47.160,1,0.5594638104527343,644.0445534228072,0.0,,1229762.1008564893
2021-01-20 10:00:47.170,1,0.5827201476071673,694.2862396693257,0.0,,1335685.4177125269
2021-01-20 10:00:47.180,1,0.6199653666085327,752.2503968163923,0.0,,1458854.6783848356
2021-01-20 10:00:47.190,1,0.7606967453590898,799.623084370454,0.0,,1560223.777550321
2021-01-20 10:00:47.200,1,0.7619372851402098,846.4414787681967,0.0,,1660997.6791652157
2021-01-20 10:00:47.210,1,0.5889739073686818,900.6469062692624,0.0,,1778360.6992110924
2021-01-20 10:00:47.220,1,0.8339182353885068,943.7245127542744,0.0,,1872156.0990395295
2021-01-20 10:00:47.230,1,0.7222145940849188,980.7433002006564,0.0,,1953087.1148291982
2021-01-20 10:00:47.240,1,0.9380902309421736,1020.1299458402448,0.0,,2039542.6447255446
2021-01-20 10:00:47.250,1,0.7231898002520187,1060.047289127997,0.0,,2127487.9019654375
2021-01-20 10:00:47.260,1,0.9810050968936,1101.7724490054832,0.0,,2219793.1730299727
2021-01-20 10:00:47.270,1,0.8436306246220511,1133.3031516175374,0.0,,2289761.708358904
2021-01-20 10:00:47.280,1,0.9809749212803572,1176.5074753516851,0.0,,2385971.5132690985
2021-01-20 10:00:47.290,1,1.0564860552768194,1209.0593123496096,0.0,,2458689.7427552394
2021-01-20 10:00:47.300,1,0.9184180398402312,1216.0752518134657,0.0,,2474383.220511376
2021-01-20 10:00:47.310,1,0.9898362520840402,1254.0115485785109,0.0,,2559421.434564278
2021-01-20 10:00:47.320,1,1.0705498245353473,1275.722955151174,0.0,,2608210.2728420193
2021-01-20 10:00:47.330,1,0.9393150534299896,1307.0795018241845,0.0,,2678808.493603797
2021-01-20 10:00:47.340,1,0.9698461371518294,1315.5676115800627,0.0,,2697952.3935340857
2021-01-20 10:00:47.350,1,1.2457225743912403,1334.522092119318,0.0,,2740752.272361957
2021-01-20 10:00:47.360,1,0.8958155907584722,1349.6295785419525,0.0,,2774879.825975028
2021-01-20 10:00:47.370,1,1.102841086977972,1379.3977300957654,0.0,,2842288.577632507
2021-01-20 10:00:47.380,1,1.3188327150901908,1383.6026058003156,0.0,,2851833.1725189774
2021-01-20 10:00:47.390,1,1.0239458807717872,1402.0223580349273,0.0,,2893606.6302196044
2021-01-20 10:00:47.400,1,0.9802038722845352,1408.685120343158,0.0,,2908736.6566093354
2021-01-20 10:00:47.410,1,1.2331174471314097,1414.4979185554114,0.0,,2921952.6212772382
2021-01-20 10:00:47.420,1,0.9544303371352666,1415.2580780117426,0.0,,2923665.776318236
2021-01-20 10:00:47.430,1,0.9835581077285304,1444.371898081819,0.0,,2989891.956683409
2021-01-20 10:00:47.440,1,0.9484365473778612,1446.123586071323,0.0,,2993881.771659421
2021-01-20 10:00:47.450,1,1.1540043629119927,1451.8923321547088,0.0,,3007030.821033867
2021-01-20 10:00:47.460,1,1.264692911948258,1458.9686466795526,0.0,,3023157.076780272
2021-01-20 10:00:47.470,1,1.2203101539677108,1453.744445947105,0.0,,3011251.161685526
2021-01-20 10:00:47.480,1,1.1230341523821192,1463.0815075741243,0.0,,3032531.3534745225
2021-01-20 10:00:47.490,1,0.958669107048962,1461.744626384505,0.0,,3029471.4649422565
2021-01-20 10:00:47.500,1,0.94474333202134,1458.580125095523,0.0,,3022258.0011844505
2021-01-20 10:00:47.510,1,1.2756657843009882,1459.3143485462806,0.0,,3023948.011363014
2021-01-20 10:00:47.520,1,1.2982541855670575,1477.7137571210617,0.0,,3065910.5924709504
2021-01-20 10:00:47.530,1,0.9021127207332202,1485.9530207194614,0.0,,3084707.337640213
2021-01-20 10:00:47.540,1,1.2892662190972752,1456.7426662577673,0.0,,3018086.673551984
2021-01-20 10:00:47.550,1,1.3009380477801866,1487.957018572417,0.0,,3089301.092057361
2021-01-20 10:00:47.560,1,1.250476665821889,1465.026885387089,0.0,,3036971.5558496746
2021-01-20 10:00:47.570,1,1.2681646822393968,1486.8340103309222,0.0,,3086730.4433104102
2021-01-20 10:00:47.580,1,0.9238825967548064,1480.9892568168154,0.0,,3073373.5632987763
2021-01-20 10:00:47.590,1,1.0293912163600565,1461.6323741004478,0.0,,3029220.7414846118
2021-01-20 10:00:47.600,1,0.9592480262567006,1479.511479079309,0.0,,3070002.3058873103
2021-01-20 10:00:47.610,1,1.2800831786613702,1477.8161063073678,0.0,,3066146.269400459
2021-01-20 10:00:47.620,1,1.1672140552275347,1478.2094162336605,0.0,,3067038.966242921
2021-01-20 10:00:47.630,1,0.933424751213738,1473.204225545271,0.0,,3055606.7688062615
2021-01-20 10:00:47.640,1,1.1596398079885928,1481.4171386932314,0.0,,3074359.40937453
2021-01-20 10:00:47.650,1,1.192263144266532,1472.9382905737234,0.0,,3055011.5693170093
2021-01-20 10:00:47.660,1,0.926107517937053,1472.7830365260716,0.0,,3054644.287905772
2021-01-20 10:00:47.670,1,1.1651506133090863,1479.8878742041586,0.0,,3070870.565728152
2021-01-20 10:00:47.680,1,1.3173228095628602,1475.0475848396106,0.0,,3059831.8282382754
2021-01-20 10:00:47.690,1,0.967767433129354,1459.7557270922252,0.0,,3024938.7079775655
2021-01-20 10:00:47.700,1,1.226079657343604,1478.6028306540604,0.0,,3067939.2478080816
2021-01-20 10:00:47.710,1,0.9378752617168592,1460.182776587532,0.0,,3025910.026957228
2021-01-20 10:00:47.720,1,1.1038267886984818,1462.0580646098358,0.0,,3030194.936322246
2021-01-20 10:00:47.730,1,1.2284037418450426,1468.115967729988,0.0,,3044011.9716176973
2021-01-20 10:00:47.740,1,1.3015252988942794,1463.3730210884812,0.0,,3033201.6915659136
2021-01-20 10:00:47.750,1,1.1985049255946765,1455.052485158758,0.0,,3014233.029308856
2021-01-20 10:00:47.760,1,1.0840452769868392,1463.189042757367,0.0,,3032774.452245569
2021-01-20 10:00:47.770,1,1.0100275259721367,1468.2145521140965,0.0,,3044227.924658211
2021-01-20 10:00:47.780,1,1.283371786973232,1452.4789949000076,0.0,,3008373.6938607655
2021-01-20 10:00:47.790,1,1.009849935639464,1447.231635511274,0.0,,2996406.0107866013
2021-01-20 10:00:47.800,1,1.2974946310464135,1449.8846089936062,0.0,,3002459.873509056
2021-01-20 10:00:47.810,1,1.2250301979040652,1458.1898891312806,0.0,,3021380.1789762243
2021-01-20 10:00:47.820,1,1.1655257027050243,1441.705839778734,0.0,,2983829.4497737335
2021-01-20 10:00:47.830,0,1.0506429612428136,1462.7576096042694,0.0,,3031780.3710690406
2021-01-20 10:00:47.840,0,1.2105774575094563,1445.477480323974,0.0,,2992421.3743339763
2021-01-20 10:00:47.850,0,1.0426775703799511,1443.451784505174,0.0,,2987801.9476555753
2021-01-20 10:00:47.860,0,1.3124014838723344,1443.1357286801997,0.0,,2987096.1224058825
2021-01-20 10:00:47.870,0,1.0919204865170893,1446.3100027405344,0.0,,2994308.329800863
2021-01-20 10:00:47.880,0,1.4265357372481426,1428.276293097376,0.0,,2953285.74869312
2021-01-20 10:00:47.890,0,1.3144029556206145,1435.7950868387106,0.0,,2970389.8936179574
2021-01-20 10:00:47.900,0,1.4015704685981063,1443.271127577382,0.0,,2987406.2110003056
2021-01-20 10:00:47.910,0,1.342049450123219,1440.1956351618326,0.0,,2980404.374833012
2021-01-20 10:00:47.920,0,1.4300166869889184,1428.240216417774,0.0,,2953203.5376133607
2021-01-20 10:00:47.930,0,1.1416528124086112,1433.1421549369793,0.0,,2964338.3850167776
2021-01-20 10:00:47.940,0,1.3102205546531247,1417.7068344177317,0.0,,2929245.871104045
2021-01-20 10:00:47.950,0,1.3730195036023212,1394.7875775185944,0.0,,2877203.8048406327
2021-01-20 10:00:47.960,1,1.1877943830395168,1349.599124375431,0.0,,2774828.387752391
2021-01-20 10:00:47.970,1,1.246911722875451,1308.865350867378,0.0,,2682853.669951986
2021-01-20 10:00:47.980,1,1.3102791987663456,1253.633918780242,0.0,,2558589.49853685
2021-01-20 10:00:47.990,1,0.8773920616560198,1202.983332005466,0.0,,2445091.483848506
2021-01-20 10:00:48.000,1,0.9674665649213192,1140.8447961257414,0.0,,2306536.439591787
2021-01-20 10:00:48.010,1,0.7997374915884065,1084.1579758471644,0.0,,2180780.344573336
2021-01-20 10:00:48.020,1,0.8331735272193096,1008.1452011348996,0.0,,2013198.1912938482
2021-01-20 10:00:48.030,1,0.9688869442180618,939.047769793826,0.0,,1861958.8251957244
2021-01-20 10:00:48.040,1,0.7851251357419797,891.9235807479189,0.0,,1759432.9529632498
2021-01-20 10:00:48.050,1,0.679408975439912,825.4060980014456,0.0,,1615646.832108343
2021-01-20 10:00:48.060,1,0.5487548426551924,776.1327519579816,0.0,,1509875.5367941458
2021-01-20 10:00:48.070,1,0.6653591029376706,711.2957993952672,0.0,,1371734.4794768866
2021-01-20 10:00:48.080,1,0.6986449216743895,680.5939728010645,0.0,,1306751.2475944855
2021-01-20 10:00:48.090,1,0.5810380350310833,648.5836903009167,0.0,,1239301.1880501262
2021-01-20 10:00:48.100,1,0.6375329629610229,639.9875438847015,0.0,,1221245.3675563054
2021-01-20 10:00:48.110,1,0.4448712647238128,633.2895341488403,0.0,,1207180.27648996
2021-01-20 10:00:48.120,1,0.5295776330145413,640.1190192751758,0.0,,1221518.2545508319
2021-01-20 10:00:48.130,1,0.5196701200863433,652.4354817889689,0.0,,1247395.3280506902
2021-01-20 10:00:48.140,1,0.511530887110249,670.0491552769697,0.0,,1284486.4982768518
2021-01-20 10:00:48.150,1,0.5498472000131693,690.2272098320682,0.0,,1327099.066808507
2021-01-20 10:00:48.160,1,0.6500509670625626,713.3636784905898,0.0,,1376117.9118291787
2021-01-20 10:00:48.170,1,0.6979438675756096,731.6561685075305,0.0,,1414984.1831299143
2021-01-20 10:00:48.180,1,0.648950763374605,771.8294155231627,0.0,,1500670.7645578943
2021-01-20 10:00:48.190,1,0.6318284265400868,806.5891134609602,0.0,,1575173.7484264176
2021-01-20 10:00:48.200,1,0.5884879619511637,840.1502970977327,0.0,,1647414.1866479067
2021-01-20 10:00:48.210,1,0.6167915628458865,873.3862453732695,0.0,,1719244.4047298639
2021-01-20 10:00:48.220,1,0.6054854772669815,908.1470505323136,0.0,,1794658.4204474168
2021-01-20 10:00:48.230,1,0.5495633278859349,952.7282832304476,0.0,,1891796.2653617812
2021-01-20 10:00:48.240,1,0.5609687975416998,978.6173730645332,0.0,,1948420.063975749
2021-01-20 10:00:48.250,1,0.7542130285238542,1011.5213184097256,0.0,,2020614.1171452173
2021-01-20 10:00:48.260,1,0.7076420711553221,1040.0192097084532,0.0,,2083315.7306812413
2021-01-20 10:00:48.270,1,0.7620002923110271,1086.5297078170763,0.0,,2186024.219292967
2021-01-20 10:00:48.280,1,0.7690167656757504,1121.1677003261304,0.0,,2262800.424439499
2021-01-20 10:00:48.290,1,0.7781914396060003,1130.382247155091,0.0,,2283268.1208980666
2021-01-20 10:00:48.300,1,0.6768770586004309,1154.2477454823288,0.0,,2336347.6216623657
2021-01-20 10:00:48.310,1,0.6341567676591612,1194.6291814649865,0.0,,2426406.908359537
2021-01-20 10:00:48.320,1,0.7299847171584891,1222.0130972710326,0.0,,2487663.933626587
2021-01-20 10:00:48.330,1,0.6810597554385001,1245.2849861368982,0.0,,2539822.1728674234
2021-01-20 10:00:48.340,1,0.7533710411181314,1260.7995754810622,0.0,,2574655.638911899
2021-01-20 10:00:48.350,1,0.6415110410920807,1302.298607801463,0.0,,2668013.968468834
2021-01-20 10:00:48.360,1,0.6881753828539992,1305.4143865417009,0.0,,2675038.736880465
2021-01-20 10:00:48.370,1,0.8920081506176303,1322.729411495042,0.0,,2714105.2111778767
2021-01-20 10:00:48.380,1,0.9166486989617288,1337.562061727415,0.0,,2747604.5525408564
2021-01-20 10:00:48.390,1,0.8909709211479914,1366.882893060067,0.0,,2813929.0565729546
2021-01-20 10:00:48.400,1,0.8237282656652429,1366.6766129306754,0.0,,2813456.0652901996
2021-01-20 10:00:48.410,1,0.7029720633010899,1389.694751926094,0.0,,2865618.4943776024
2021-01-20 10:00:48.420,1,0.7578281071697147,1393.9847042657009,0.0,,2875353.4503716766
2021-01-20 10:00:48.430,1,0.8934706353041716,1408.0673432734698,0.0,,2907329.393238505
2021-01-20 10:00:48.440,1,0.6218244471575791,1422.146579259058,0.0,,2939307.837937182
2021-01-20 10:00:48.450,1,0.8121068313834238,1430.873750116165,0.0,,2959164.3133672434
2021-01-20 10:00:48.460,1,0.8782007593403087,1423.8959964507137,0.0,,2943293.0385206295
2021-01-20 10:00:48.470,1,0.8851922630801092,1437.1954366477353,0.0,,2973550.865272875
2021-01-20 10:00:48.480,1,0.6124858310090432,1440.3281136039752,0.0,,2980667.0063231937
2021-01-20 10:00:48.490,1,0.6329512833378479,1433.302698777601,0.0,,2964678.709120695
2021-01-20 10:00:48.500,1,0.7831469715493329,1435.2814606363088,0.0,,2969189.799791633
2021-01-20 10:00:48.510,1,0.5908971543561627,1442.9211996535917,0.0,,2986565.8905530823
2021-01-20 10:00:48.520,1,0.8532731673598459,1437.4686606019254,0.0,,2974172.038433474
2021-01-20 10:00:48.530,1,0.7032460773026196,1465.1711710431357,0.0,,3037270.0318557816
2021-01-20 10:00:48.540,1,0.8157645566263472,1461.818499481846,0.0,,3029634.498786556
2021-01-20 10:00:48.550,1,0.8704902899440223,1459.093332837471,0.0,,3023423.908063071
2021-01-20 10:00:48.560,1,0.7019960091798394,1460.15133155441,0.0,,3025826.5419785837
2021-01-20 10:00:48.570,1,0.7378146444620649,1459.7528962273457,0.0,,3024923.608189883
2021-01-20 10:00:48.580,1,0.8827986452416302,1452.1258654784378,0.0,,3007548.938555384
2021-01-20 10:00:48.590,1,0.7419865932400219,1463.8399416835186,0.0,,3034237.359314056
2021-01-20 10:00:48.600,1,0.8783877323004798,1458.621753940888,0.0,,3022348.5631999807
2021-01-20 10:00:48.610,1,0.7685654804842564,1454.735101563415,0.0,,3013489.773391309
2021-01-20 10:00:48.620,1,0.6596097925903237,1465.440723264676,0.0,,3037882.1598668876
2021-01-20 10:00:48.630,1,0.8689711179796125,1462.418612198098,0.0,,3031001.227611222
2021-01-20 10:00:48.640,1,0.7073104126043243,1454.0603659412875,0.0,,3011947.0147528555
2021-01-20 10:00:48.650,1,0.631961178770589,1450.963890763072,0.0,,3004890.0442345943
2021-01-20 10:00:48.660,1,0.8333116457385781,1447.8118399221075,0.0,,2997717.270880641
2021-01-20 10:00:48.670,1,0.8141297617744384,1447.0595465270926,0.0,,2996005.3434805474
2021-01-20 10:00:48.680,1,0.8757860297063363,1446.5300700497571,0.0,,2994801.7116353023
2021-01-20 10:00:48.690,1,0.8076551107143525,1446.5875034672104,0.0,,2994926.143630956
2021-01-20 10:00:48.700,1,0.9822815809211318,1455.1023404249524,0.0,,3014335.0685092886
2021-01-20 10:00:48.710,1,0.8176999674189289,1442.042399366598,0.0,,2984578.072852673
2021-01-20 10:00:48.720,1,0.9072015156215036,1448.1127673388653,0.0,,2998410.206404816
2021-01-20 10:00:48.730,1,0.7243722611057181,1446.2502678140436,0.0,,2994157.5438442794
2021-01-20 10:00:48.740,1,0.9131325059782812,1426.772983271245,0.0,,2949839.27529434
2021-01-20 10:00:48.750,1,0.90459393208793,1439.7948668580457,0.0,,2979466.3491184893
2021-01-20 10:00:48.760,1,0.7161753388341292,1435.6487629999122,0.0,,2970022.613501795
2021-01-20 10:00:48.770,1,1.013239555133177,1447.2099794724563,0.0,,2996354.737008697
2021-01-20 10:00:48.780,1,0.7833773155776218,1433.4897830287352,0.0,,2965109.7469250094
2021-01-20 10:00:48.790,1,0.9327239713222152,1438.9838998511746,0.0,,2977624.8469332643
2021-01-20 10:00:48.800,1,0.8293102163820804,1447.2866601751584,0.0,,2996522.1130508836
2021-01-20 10:00:48.810,1,0.9915050249797808,1437.2921265912537,0.0,,2973774.589039564
2021-01-20 10:00:48.820,1,1.113979153706578,1430.1857422451044,0.0,,2957610.327704194
2021-01-20 10:00:48.830,1,1.1109951352246037,1443.7489636119014,0.0,,2988481.945911815
2021-01-20 10:00:48.840,1,0.9812963097002306,1441.1097923420127,0.0,,2982462.4888530714
2021-01-20 10:00:48.850,1,0.9676292071204194,1437.3443135070977,0.0,,2973892.7324218117
2021-01-20 10:00:48.860,1,0.9154895387707186,1436.5107483686566,0.0,,2971995.2408159915
2021-01-20 10:00:48.870,1,0.8125209222669028,1437.4404116945122,0.0,,2974106.416296574
2021-01-20 10:00:48.880,1,1.1563774709262564,1416.8922060568314,0.0,,2927392.7834268226
2021-01-20 10:00:48.890,1,1.0322916200145291,1421.9335313150382,0.0,,2938841.2391689117
2021-01-20 10:00:48.900,1,1.0743152446774191,1425.4193841164456,0.0,,2946771.3957213666
2021-01-20 10:00:48.910,0,1.2039483519542773,1448.5654162146868,0.0,,2999452.352035619
2021-01-20 10:00:48.920,0,0.9920306207120918,1434.9507096033474,0.0,,2968444.6592208636
2021-01-20 10:00:48.930,0,1.0225394962908825,1431.3494259463746,0.0,,2960251.273528447
2021-01-20 10:00:48.940,0,1.1897526965250629,1437.3437006253855,0.0,,2973903.162708449
2021-01-20 10:00:48.950,0,0.9616422246024628,1441.5093735599733,0.0,,2983374.0724375793
2021-01-20 10:00:48.960,0,0.852849722258772,1448.6660622598886,0.0,,2999665.8354785386
2021-01-20 10:00:48.970,0,1.1583722075045944,1447.8945101131512,0.0,,2997921.2322637066
2021-01-20 10:00:48.980,0,0.8227853364767584,1449.4367052435812,0.0,,3001415.288201609
2021-01-20 10:00:48.990,0,0.9235104299288276,1428.518028121618,0.0,,2953811.0771053163
2021-01-20 10:00:49.000,0,1.0611018123687952,1439.1488726536277,0.0,,2978005.9605576494
2021-01-20 10:00:49.010,0,1.2097537656286088,1440.0016162577524,0.0,,2979952.2172712367
2021-01-20 10:00:49.020,0,1.1626520405971468,1445.7234659213825,0.0,,2992979.41252658
2021-01-20 10:00:49.030,0,1.052423696287132,1424.839290709294,0.0,,2945451.164972618
2021-01-20 10:00:49.040,0,0.9323371002143978,1394.0241290554602,0.0,,2875449.0766557213
2021-01-20 10:00:49.050,0,1.0399786268920015,1356.5876165302952,0.0,,2790627.334005042
2021-01-20 10:00:49.060,0,0.9684412110344588,1320.2586318689273,0.0,,2708534.5671754135
2021-01-20 10:00:49.070,0,1.022378657949594,1247.6068297525687,0.0,,2545049.253329755
2021-01-20 10:00:49.080,0,0.9032933480687017,1208.5129115406294,0.0,,2457462.149613714
2021-01-20 10:00:49.090,0,0.8626337185566216,1158.5245975671187,0.0,,2345877.967860306
2021-01-20 10:00:49.100,0,0.8517550183003059,1083.5046041783078,0.0,,2179338.441045431
2021-01-20 10:00:49.110,0,0.5694092027190271,1031.3315020898426,0.0,,2064174.259706675
2021-01-20 10:00:49.120,0,0.5852177351943876,969.3773088878804,0.0,,1928194.0380582318
2021-01-20 10:00:49.130,0,0.5917438646488085,905.5655381028716,0.0,,1789045.945372898
2021-01-20 10:00:49.140,0,0.5732339312055549,840.5741277467209,0.0,,1648327.9805244522
2021-01-20 10:00:49.150,1,0.5703783709662021,780.6418191263523,0.0,,1519523.6747314536
2021-01-20 10:00:49.160,1,0.3893282800928999,721.9769667428966,0.0,,1394393.7170736887
2021-01-20 10:00:49.170,1,0.3820842902196965,668.4975433494754,0.0,,1281211.6726052682
2021-01-20 10:00:49.180,1,0.4093496322724884,608.4719439957595,0.0,,1155252.478306804
2021-01-20 10:00:49.190,1,0.3113137526191399,556.0894080259301,0.0,,1046332.3046347435
2021-01-20 10:00:49.200,1,0.3084662229602465,503.5473355165473,0.0,,938115.8860597204
2021-01-20 10:00:49.210,1,0.2331145132821389,457.557399212015,0.0,,844307.4611913371
2021-01-20 10:00:49.220,1,0.2139656698119798,412.4573416585946,0.0,,753228.386482258
2021-01-20 10:00:49.230,1,0.1982818149058486,369.6903705977476,0.0,,667784.1028308861
2021-01-20 10:00:49.240,1,0.2014123910294096,327.6929297838215,1.0,,584829.945308358
2021-01-20 10:00:49.250,1,0.2221863907806193,294.22890326527613,1.0,,519483.41152301576
2021-01-20 10:00:49.260,1,0.1457790247117005,272.94940863453587,1.0,,478305.1163292859
2021-01-20 10:00:49.270,1,0.1868899361031157,261.6112284494668,1.0,,456496.6358788592
2021-01-20 10:00:49.280,1,0.1937721446717284,262.98033317836945,1.0,,459130.6915820881
2021-01-20 10:00:49.290,1,0.1820705388959991,271.0945611877476,1.0,,474736.2579513466
2021-01-20 10:00:49.300,1,0.1685076434186344,288.5787476619368,1.0,,508515.5674930364
2021-01-20 10:00:49.310,1,0.206818783199846,308.2325938914901,1.0,,546743.5082749758
2021-01-20 10:00:49.320,1,0.2435476388601314,333.76931043110227,1.0,,596769.3157955394
2021-01-20 10:00:49.330,1,0.2377300186012484,365.542954831262,0.0,,659546.6460714529
2021-01-20 10:00:49.340,1,0.247399577498788,403.7043786083564,0.0,,735671.8289405901
2021-01-20 10:00:49.350,1,0.2652153887430136,445.58770310079706,0.0,,820046.8251497761
2021-01-20 10:00:49.360,1,0.2834258493820794,487.3557147751874,0.0,,904986.9742554334
2021-01-20 10:00:49.370,1,0.3413781924808754,536.8798532485456,0.0,,1006648.7553269564
2021-01-20 10:00:49.380,1,0.3170397651114826,578.7056049137516,0.0,,1093234.3865878605
2021-01-20 10:00:49.390,1,0.4174200336840327,637.6880005220833,0.0,,1216411.9359014258
2021-01-20 10:00:49.400,1,0.4018552609215569,687.2480909628854,0.0,,1320794.4097863664
2021-01-20 10:00:49.410,1,0.3978061033303974,738.379272784063,0.0,,1429274.7734313675
2021-01-20 10:00:49.420,1,0.4647298529076482,786.1034779747581,0.0,,1531218.5936915164
2021-01-20 10:00:49.430,1,0.4169038133316034,832.692589161863,0.0,,1631330.5721363402
2021-01-20 10:00:49.440,1,0.4237362092679502,876.1791151351282,0.0,,1725280.336849843
2021-01-20 10:00:49.450,1,0.6449021665942177,922.8714356604607,0.0,,1826691.485341899
2021-01-20 10:00:49.460,1,0.6892397990837713,973.9974960730024,0.0,,1938315.344003917
2021-01-20 10:00:49.470,1,0.6460459368026777,1014.6679603333456,0.0,,2027521.3091134378
2021-01-20 10:00:49.480,1,0.7242060043571245,1051.1669364489878,0.0,,2107890.2079792162
2021-01-20 10:00:49.490,1,0.6151089026956179,1095.5289793552918,0.0,,2205943.13572521
2021-01-20 10:00:49.500,1,0.6585720304841121,1125.6069112302182,0.0,,2272655.615962849
2021-01-20 10:00:49.510,1,0.6193718087821479,1159.696041216778,0.0,,2348476.941820148
2021-01-20 10:00:49.520,1,0.6178425263147787,1196.570678842184,0.0,,2430743.9809904722
2021-01-20 10:00:49.530,1,0.7019013894967288,1221.7080924157906,0.0,,2486979.7737141023
2021-01-20 10:00:49.540,1,0.7038622385618629,1258.4113227878383,0.0,,2569287.022504238
2021-01-20 10:00:49.550,1,0.6301713302292371,1273.7909641997085,0.0,,2603844.0772454175
2021-01-20 10:00:49.560,1,0.7642198254156515,1303.9794667040169,0.0,,2671810.5673283166
2021-01-20 10:00:49.570,1,0.8694026345543083,1320.378720040125,0.0,,2708797.6027697455
2021-01-20 10:00:49.580,1,0.9245244135965908,1352.1397443098188,0.0,,2780566.3486144687
2021-01-20 10:00:49.590,1,0.7232073189570324,1379.911682740964,0.0,,2843434.8532712106
2021-01-20 10:00:49.600,1,0.7280601443287444,1379.3626883521229,0.0,,2842191.9619407374
2021-01-20 10:00:49.610,1,0.7451943887692559,1400.6993913371205,0.0,,2890588.8206651444
2021-01-20 10:00:49.620,1,0.9841073579690488,1399.9427608403146,0.0,,2888885.2918177885
2021-01-20 10:00:49.630,1,0.7691811946681839,1423.400987482136,0.0,,2942166.8263003137
2021-01-20 10:00:49.640,1,0.9033712941271173,1436.7871099502286,0.0,,2972621.6033535944
2021-01-20 10:00:49.650,1,0.7903925629908121,1452.1312336428125,0.0,,3007556.262912456
2021-01-20 10:00:49.660,1,0.8634667164442793,1450.8325294738663,0.0,,3004600.5674026534
2021-01-20 10:00:49.670,1,0.8363371546276569,1461.8961182121477,0.0,,3029807.3507501585
2021-01-20 10:00:49.680,1,1.1167657644317666,1467.3085876530042,0.0,,3042164.5898250057
2021-01-20 10:00:49.690,1,1.1083988368428783,1469.589097561454,0.0,,3047367.657944238
2021-01-20 10:00:49.700,1,1.0203256435053598,1483.3999958505462,0.0,,3078876.147415636
2021-01-20 10:00:49.710,1,1.0356574603005837,1483.5696712126426,0.0,,3079268.247227456
2021-01-20 10:00:49.720,1,0.8131256151121637,1482.401602194294,0.0,,3076590.8391760527
2021-01-20 10:00:49.730,1,0.8829822631575733,1493.5336647347806,0.0,,3102016.7960564424
2021-01-20 10:00:49.740,1,0.9849820489692602,1500.6086977598045,0.0,,3118188.995404935
2021-01-20 10:00:49.750,1,1.074930793916467,1491.938489664726,0.0,,3098377.970509389
2021-01-20 10:00:49.760,1,1.1787501163989902,1500.4843183055414,0.0,,3117915.3632660345
2021-01-20 10:00:49.770,1,0.9055435123304836,1502.1419613879032,0.0,,3121691.1004041624
2021-01-20 10:00:49.780,1,1.1109675030308586,1503.8984822273517,0.0,,3125717.119509284
2021-01-20 10:00:49.790,1,0.8028978464188663,1509.228935127911,0.0,,3137888.3036044384
2021-01-20 10:00:49.800,1,1.062212574723368,1510.6748178106118,0.0,,3141206.6357076927
2021-01-20 10:00:49.810,1,0.923399066401862,1505.594599542038,0.0,,3129582.679515955
2021-01-20 10:00:49.820,1,0.9263216829174296,1510.6484300794214,0.0,,3141140.748741478
2021-01-20 10:00:49.830,1,1.029653561759006,1503.5081562423077,0.0,,3124819.2539664577
2021-01-20 10:00:49.840,1,0.7863909469488798,1515.079972306362,0.0,,3151272.5815923354
2021-01-20 10:00:49.850,1,0.9923953597445292,1516.0584868557944,0.0,,3153522.2377483845
2021-01-20 10:00:49.860,1,0.8141936662636101,1511.8515788565833,0.0,,3143889.986371909
2021-01-20 10:00:49.870,1,0.8944581901541441,1505.4013194300146,0.0,,3129139.8430993073
2021-01-20 10:00:49.880,1,0.9744620866055296,1518.2671287541614,0.0,,3158574.5844328026
2021-01-20 10:00:49.890,1,0.8923752836971114,1514.294279888294,0.0,,3149482.769236791
2021-01-20 10:00:49.900,1,0.7700248618619876,1532.9166439572366,0.0,,3192102.1577062923
2021-01-20 10:00:49.910,1,0.8638228439449087,1523.2681173151595,0.0,,3170008.896996582
2021-01-20 10:00:49.920,1,0.8250356588947394,1520.0726288109342,0.0,,3162697.331633958
2021-01-20 10:00:49.930,1,0.9881776830853418,1518.649648604166,0.0,,3159448.842402145
2021-01-20 10:00:49.940,1,0.9384464603538468,1515.8628278963724,0.0,,3153070.6202590093
2021-01-20 10:00:49.950,1,0.9928074770569596,1530.6803771047253,0.0,,3186992.545335493
2021-01-20 10:00:49.960,1,1.0253297789326865,1514.1228315455874,0.0,,3149091.649591261
2021-01-20 10:00:49.970,1,0.7290503900096061,1516.0767862545365,0.0,,3153551.317772576
2021-01-20 10:00:49.980,1,0.9816764577149296,1503.8960702681563,0.0,,3125702.7589460993
2021-01-20 10:00:49.990,1,1.0639748669497473,1509.40267114012,0.0,,3138295.871707831
2021-01-20 10:00:50.000,1,0.7767655956937886,1520.401455360817,0.0,,3163446.506176436
2021-01-20 10:00:50.010,1,0.9841952044289344,1500.3827659304532,0.0,,3117675.166204485
2021-01-20 10:00:50.020,1,0.8185108387282055,1506.8217414489304,0.0,,3132388.721145739
2021-01-20 10:00:50.030,1,0.8844885371665646,1511.0388965536004,0.0,,3142032.105021844
2021-01-20 10:00:50.040,1,0.7663901016892485,1508.370159429211,0.0,,3135925.8569127396
2021-01-20 10:00:50.050,1,0.762263657616097,1504.8533622983234,0.0,,3127884.5483103576
2021-01-20 10:00:50.060,1,0.745589656227258,1485.7555745633026,0.0,,3084240.917380932
2021-01-20 10:00:50.070,1,0.8893441369962244,1503.9246868662024,0.0,,3125764.4340260006
2021-01-20 10:00:50.080,1,0.7109537511580156,1504.9112465636974,0.0,,3128011.4462394416
2021-01-20 10:00:50.090,1,0.8611183219213193,1502.7600662929542,0.0,,3123100.448913158
2021-01-20 10:00:50.100,0,0.8425042178460903,1504.0286733563223,0.0,,3125999.255669732
2021-01-20 10:00:50.110,0,0.9099684789956336,1492.439012557414,0.0,,3099514.352939688
2021-01-20 10:00:50.120,0,0.939538703850718,1489.1600391125446,0.0,,3092029.958802329
2021-01-20 10:00:50.130,0,0.877380736533695,1495.0730664700354,0.0,,3105534.3717919854
2021-01-20 10:00:50.140,0,0.8535191873640728,1486.2923572941434,0.0,,3085475.6151558976
2021-01-20 10:00:50.150,0,0.9050310624864908,1484.0133834958667,0.0,,3080272.6083637136
2021-01-20 10:00:50.160,0,0.9524417305300475,1481.1037345658176,0.0,,3073636.28867142
2021-01-20 10:00:50.170,0,0.7796402420827359,1474.8977489342908,0.0,,3059462.8472958924
2021-01-20 10:00:50.180,0,0.8924892851458462,1484.9102783871522,0.0,,3082322.8129895045
2021-01-20 10:00:50.190,0,0.7498188240309299,1489.7798313256546,0.0,,3093435.7631652476
2021-01-20 10:00:50.200,0,0.7431478631495223,1485.37993353237,0.0,,3083385.338687653
2021-01-20 10:00:50.210,0,0.7453703202896471,1460.2785433056506,0.0,,3026121.241121863
2021-01-20 10:00:50.220,0,0.9088456303480692,1438.3970758731907,0.0,,2976285.9070275715
2021-01-20 10:00:50.230,0,0.8360022606387798,1406.350030584373,0.0,,2903429.8177591986
2021-01-20 10:00:50.240,0,0.7727080066103347,1346.5895694820351,0.0,,2768003.6863778927
2021-01-20 10:00:50.250,0,0.7660964635658434,1311.3928021783245,0.0,,2688527.0613641287
2021-01-20 10:00:50.260,0,0.6868853482936604,1243.0332970136044,0.0,,2534769.3055912564
2021-01-20 10:00:50.270,0,0.6364343371211675,1191.9165675148386,0.0,,2420348.85510091
2021-01-20 10:00:50.280,0,0.5162296625643855,1114.6194758452175,0.0,,2248258.838353256
2021-01-20 10:00:50.290,0,0.5555532117264265,1064.5127125390125,0.0,,2137341.306320045
2021-01-20 10:00:50.300,0,0.6775647036945945,987.946943780238,0.0,,1968865.8183667478
2021-01-20 10:00:50.310,0,0.45086280243744,932.8123592848024,0.0,,1848341.5205422735
2021-01-20 10:00:50.320,0,0.5709810503701853,871.0152544425487,0.0,,1714109.7208488442
2021-01-20 10:00:50.330,0,0.4077723648745427,807.0174890555919,0.0,,1576085.9238294335
2021-01-20 10:00:50.340,0,0.4762145020605207,745.6615323440958,0.0,,1444793.9304493244
2021-01-20 10:00:50.350,0,0.4046849636745125,682.2337826037882,0.0,,1310193.3426600602
2021-01-20 10:00:50.360,0,0.4149151577423738,624.2129437149346,0.0,,1188166.3390004798
2021-01-20 10:00:50.370,0,0.2739983248823767,577.0908411576792,0.0,,1089875.2249589593
2021-01-20 10:00:50.380,0,0.2992947231677785,519.0113903497954,0.0,,969852.7620917927
2021-01-20 10:00:50.390,0,0.2493900061032556,471.148839269504,0.0,,871937.0938882952
2021-01-20 10:00:50.400,0,0.2944160818932035,427.081648969141,0.0,,782666.6877043921
2021-01-20 10:00:50.410,0,0.1971418426397369,382.2405576327472,0.0,,692760.4200904496
2021-01-20 10:00:50.420,0,0.2471938780242834,342.489332819193,0.0,,613941.304344123
2021-01-20 10:00:50.430,0,0.1990602765983454,302.1045673508972,1.0,,534797.7290867148
2021-01-20 10:00:50.440,0,0.203691142891658,267.76351995218016,1.0,,468321.6241851975
2021-01-20 10:00:50.450,0,0.1456881535426905,235.60293998465409,1.0,,406833.639251206
2021-01-20 10:00:50.460,0,0.1284554418254569,205.2557045461109,1.0,,349579.2271693527
2021-01-20 10:00:50.470,0,0.0968537062638988,177.92881553899284,1.0,,298737.91561383166
2021-01-20 10:00:50.480,0,0.0958488858136372,151.9757250478589,1.0,,251175.56192445976
2021-01-20 10:00:50.490,0,0.1007480924310945,129.047601140655,2.0,,209823.8700475914
2021-01-20 10:00:50.500,0,0.0634523072443326,108.427298378077,2.0,,173254.68498240452
2021-01-20 10:00:50.510,0,0.0548782881153249,88.79878771666306,2.0,,139086.598117758
2021-01-20 10:00:50.520,0,0.0379112284224001,71.87515014330285,2.0,,110230.15357835048
2021-01-20 10:00:50.530,0,0.0377592847504842,56.59124781068654,2.0,,84736.6999559281
2021-01-20 10:00:50.540,0,0.031011317115135,42.731010550473606,2.0,,62220.870253884925
2021-01-20 10:00:50.550,0,0.019651783408099,30.679497629647315,2.0,,43217.074390306785
2021-01-20 10:00:50.560,0,0.0127322798840335,20.28547603488884,2.0,,27422.0305917993
2021-01-20 10:00:50.570,0,0.0095325047081709,11.11167434105727,2.0,,14149.378360409424
2021-01-20 10:00:50.580,0,0.005416292108481,3.0050678131700086,2.0,,3361.790489426846
2021-01-20 10:00:50.590,0,-0.0075202427956235,0.0,2.0,,8.411852238077637
2021-01-20 10:00:50.600,0,-0.0003208231070571,0.0,2.0,,8.99660609800791
2021-01-20 10:00:50.610,0,-0.0123015359462903,0.0,2.0,,7.390276839345974
2021-01-20 10:00:50.620,0,-0.0121395971225333,0.0,2.0,,11.571292261921291
2021-01-20 10:00:50.630,0,-0.022256854930556,0.0,2.0,,10.990023755588012
2021-01-20 10:00:50.640,0,-0.0305940869046083,0.0,2.0,,15.074884975727256
2021-01-20 10:00:50.650,0,-0.023138000331407,0.0,2.0,,9.267881194218383
2021-01-20 10:00:50.660,0,-0.0136708619677262,0.0,2.0,,8.438233133601804
2021-01-20 10:00:50.670,0,-0.0267368932098965,0.0,2.0,,7.959231772747965
2021-01-20 10:00:50.680,0,-0.0298330099367091,0.0,2.0,,9.480474676876435
2021-01-20 10:00:50.690,0,-0.0246509107168691,0.0,2.0,,13.67248622982666
2021-01-20 10:00:50.700,0,-0.0246885295999897,0.0,2.0,,10.412221647545678
2021-01-20 10:00:50.710,0,-0.0265556930175438,0.0,2.0,,6.590326601158583
2021-01-20 10:00:50.720,0,-0.0300676084344937,0.0,2.0,,7.892771315714211
2021-01-20 10:00:50.730,0,-0.0230931582845857,0.0,2.0,,12.554910553142312
2021-01-20 10:00:50.740,0,-0.0227209499675782,0.0,2.0,,7.631881883982238
2021-01-20 10:00:50.750,0,-0.0169488376700488,0.0,2.0,,10.14248077627869
2021-01-20 10:00:50.760,0,-0.0270237485554693,0.0,2.0,,9.005831424963233
2021-01-20 10:00:50.770,0,-0.0219648616181347,0.0,2.0,,12.06664099232648
2021-01-20 10:00:50.780,0,-0.0174846951328575,0.0,2.0,,11.013720096419123
2021-01-20 10:00:50.790,0,-0.0192232115670561,0.0,2.0,,9.974810681003202
2021-01-20 10:00:50.800,0,-0.0214581515498897,0.0,2.0,,11.010578601606062
2021-01-20 10:00:50.810,0,-0.0220745706993198,0.0,2.0,,8.7435417419155
2021-01-20 10:00:50.820,0,-0.0162225092291072,0.0,2.0,,9.24104527218256
2021-01-20 10:00:50.830,0,-0.0134828115316941,0.0,2.0,,9.559770442802483
2021-01-20 10:00:50.840,0,-0.0068441759757319,0.0,2.0,,8.643908442174538
2021-01-20 10:00:50.850,0,-0.0120741831927083,0.0,2.0,,10.003009856424162
2021-01-20 10:00:50.860,0,-0.0068281238747672,0.0,2.0,,12.637879005528827
2021-01-20 10:00:50.870,0,-0.0095794593506764,0.0,2.0,,10.205653480934286
2021-01-20 10:00:50.880,0,-0.0130337056165897,0.0,2.0,,9.212502281474155
2021-01-20 10:00:50.890,0,-0.0071206952005476,0.0,2.0,,7.54989539130878
2021-01-20 10:00:50.900,0,-0.0099417792413094,0.0,2.0,,8.197226240774732
2021-01-20 10:00:50.910,0,-0.0052338140989854,0.0,2.0,,8.064990849070075
2021-01-20 10:00:50.920,0,-0.0069624329575183,0.0,2.0,,5.779874122973643
2021-01-20 10:00:50.930,0,-0.0111595422233143,0.0,2.0,,8.04146581300516
2021-01-20 10:00:50.940,0,-0.0019548674000588,0.0,2.0,,8.999516860008063
2021-01-20 10:00:50.950,0,-0.0039743525944799,0.0,2.0,,8.996090102533069
2021-01-20 10:00:50.960,0,0.0001384130894649,0.0,2.0,,7.609133644791893
2021-01-20 10:00:50.970,0,-0.0100509426246385,0.0,2.0,,9.286950829157863
2021-01-20 10:00:50.980,0,-0.0012830918277865,0.0,2.0,,12.401714741092023
2021-01-20 10:00:50.990,0,0.0014956637715674,0.0,2.0,,10.88387072640388
2021-01-20 10:00:51.000,0,-0.0029263069741023,0.0,2.0,,8.945444556760506
2021-01-20 10:00:51.010,0,0.0007647977594652,0.0,2.0,,10.396536634437016
2021-01-20 10:00:51.020,0,0.0002865013002513,0.0,2.0,,12.455018478390388
2021-01-20 10:00:51.030,0,-0.0022037191015536,0.0,2.0,,8.797367190495477
2021-01-20 10:00:51.040,0,-8.920572383508093e-06,0.0,2.0,,11.053121671197577
2021-01-20 10:00:51.050,0,0.0020310350673274,0.0,2.0,,10.47278682265199
2021-01-20 10:00:51.060,0,-0.0005927916649123,0.0,2.0,,6.684830207745216
2021-01-20 10:00:51.070,0,0.0016142012296682,0.0,2.0,,8.99498019830924
2021-01-20 10:00:51.080,0,0.0010353164693618,0.0,2.0,,9.560957433155892
2021-01-20 10:00:51.090,0,0.0056165805868693,0.0933685035023573,2.0,,84.19176078305925
2021-01-20 10:00:51.100,0,-0.0008176553669164,0.2045226074310464,2.0,,183.02125092624138
2021-01-20 10:00:51.110,0,0.0011202909258842,0.2967362732110635,2.0,,274.28157609677675
2021-01-20 10:00:51.120,0,-0.0004838496712358,0.3713738001695106,2.0,,344.2023675845008
2021-01-20 10:00:51.130,0,-0.0027271004661036,0.4373514894132127,2.0,,416.66206065916487
2021-01-20 10:00:51.140,0,-0.00013426887827,0.4800940003405017,2.0,,457.58228851394045
2021-01-20 10:00:51.150,0,-0.0021677244156991,0.5191403521871892,2.0,,494.88609065318497
2021-01-20 10:00:51.160,0,-0.0019803920836965,0.5468742448531556,2.0,,522.4753651908976
2021-01-20 10:00:51.170,0,0.0012594140637875,0.5648124828254241,2.0,,540.9802173592544
2021-01-20 10:00:51.180,0,-0.0011202738488893,0.5770658181295951,2.0,,555.3955664245194
2021-01-20 10:00:51.190,0,0.007097942191828,0.5766499080100044,2.0,,555.1203912482919
2021-01-20 10:00:51.200,0,0.0012568255947412,0.5789654003473982,2.0,,557.9194477315692
2021-01-20 10:00:51.210,0,0.0044026127644351,0.572695572206375,2.0,,552.4360736372909
2021-01-20 10:00:51.220,0,0.0009362681627124,0.5537235645609206,2.0,,532.9411895910724
2021-01-20 10:00:51.230,0,0.0062664270746866,0.5402686757005399,2.0,,516.0919585477412
2021-01-20 10:00:51.240,0,0.0022228639686732,0.5247869670147733,2.0,,504.13269349651017
2021-01-20 10:00:51.250,0,0.0030385688881263,0.4990908949915193,2.0,,476.67416270480135
2021-01-20 10:00:51.260,0,-0.0006406037342202,0.4804642991274077,2.0,,453.619721046454
2021-01-20 10:00:51.270,0,-0.0009924369720682,0.4551255126855464,2.0,,433.3355023285376
2021-01-20 10:00:51.280,0,-0.0018195483399783,0.4314811637133092,2.0,,402.68554991261175
2021-01-20 10:00:51.290,0,0.0032636025650491,0.4083552590145871,2.0,,382.0499218826318
2021-01-20 10:00:51.300,0,0.0008384616680808,0.3828531451657963,2.0,,356.1826044015465
2021-01-20 10:00:51.310,0,0.0003074998433274,0.3619509891784505,2.0,,338.56550221829275
2021-01-20 10:00:51.320,0,0.0016261682749008,0.3328729514548361,2.0,,309.624165971573
2021-01-20 10:00:51.330,0,0.0052723515693515,0.3076879315136634,2.0,,280.1178815819663
2021-01-20 10:00:51.340,0,-0.0010679465646789,0.2868672295342716,2.0,,262.6049194388516
2021-01-20 10:00:51.350,0,-0.0017364039083625,0.2642489095250456,2.0,,240.5119584446008
2021-01-20 10:00:51.360,0,0.0067079945057188,0.241314984856607,2.0,,218.47899083969128
2021-01-20 10:00:51.370,0,-0.0005365235781975,0.2201105999774031,2.0,,199.04944597522888
2021-01-20 10:00:51.380,0,-0.0008968603582727,0.2001731406305129,2.0,,180.81784479921464
2021-01-20 10:00:51.390,0,-0.001732130940065,0.1800306380890982,2.0,,161.400075449734
2021-01-20 10:00:51.400,0,0.001828593461476,0.1630687645911695,2.0,,148.24554155675807
2021-01-20 10:00:51.410,0,-0.0048072511858587,0.1468681679581335,2.0,,134.27665251490333
2021-01-20 10:00:51.420,0,0.0051347371984669,0.1303883515081335,2.0,,116.74776443800322
2021-01-20 10:00:51.430,0,0.0009064345017307,0.1152217223778917,2.0,,104.39509458849153
2021-01-20 10:00:51.440,0,0.0014284930261256,0.1015064528547379,2.0,,89.73586813271511
2021-01-20 10:00:51.450,0,-0.004156023458133,0.0889787837937138,2.0,,79.89800666836358
2021-01-20 10:00:51.460,0,0.0021892481937816,0.0780279329207441,2.0,,69.99253944163395
2021-01-20 10:00:51.470,0,-0.0002410318848151,0.0672934164607907,2.0,,61.03891089850115
2021-01-20 10:00:51.480,0,-0.0013270204294741,0.0569484291954099,2.0,,51.562343713242306
2021-01-20 10:00:51.490,0,0.0002564004236481,0.0478403124479875,2.0,,44.07255791497198
2021-01-20 10:00:51.500,0,0.0060577723212096,0.0400540767049868,2.0,,40.695444029765696
2021-01-20 10:00:51.510,0,0.0025977054974508,0.0325530386495691,2.0,,31.1372552472971
2021-01-20 10:00:51.520,0,-0.0002344133496435,0.0263157103634897,2.0,,27.128784878213963
2021-01-20 10:00:51.530,0,0.0010468758987744,0.0205649836348555,2.0,,23.883423148435988
2021-01-20 10:00:51.540,0,-0.0020939613463691,0.0153911664095684,2.0,,18.54743560215707
2021-01-20 10:00:51.550,0,-0.0003709197219635,0.0106409453931933,2.0,,19.293504292176706
2021-01-20 10:00:51.560,0,-0.0029710803094147,0.0067833752558222,2.0,,13.619240633315352
2021-01-20 10:00:51.570,0,0.0006377585240029,0.003307374474805,2.0,,12.877497647081203
2021-01-20 10:00:51.580,0,0.0012089772375859,0.0003218992613782,2.0,,12.875471014679935
2021-01-20 10:00:51.590,0,-0.0071879064339971,0.0,2.0,,10.273373260273425
2021-01-20 10:00:51.600,0,-0.0032114190566249,0.0,2.0,,7.2858195353152855
2021-01-20 10:00:51.610,0,-0.0031824235775123,0.0,2.0,,9.026105468603802
2021-01-20 10:00:51.620,0,0.0019442842866771,0.0,2.0,,8.222932917279506
2021-01-20 10:00:51.630,0,-0.0033180282481174,0.0,2.0,,8.535858189633883
2021-01-20 10:00:51.640,0,-0.0012552633071022,0.0,2.0,,5.510454519412729
2021-01-20 10:00:51.650,0,-0.0021686707270758,0.0,2.0,,8.867817817927717
2021-01-20 10:00:51.660,0,0.0022306578261781,0.0,2.0,,7.447567075035229
2021-01-20 10:00:51.670,0,-0.0069295921410037,0.0,2.0,,10.74980386433336
2021-01-20 10:00:51.680,0,0.0018703174259111,0.0,2.0,,8.466664023080469
2021-01-20 10:00:51.690,0,0.0045061076300157,0.0,2.0,,10.551808568615172
2021-01-20 10:00:51.700,0,0.000291969039833,0.0,2.0,,8.728458855519069
2021-01-20 10:00:51.710,0,0.0029156341300052,0.0,2.0,,9.482133997858536
2021-01-20 10:00:51.720,0,0.0026814074781419,0.0,2.0,,11.626343159536843
2021-01-20 10:00:51.730,0,0.0060197581870556,0.0,2.0,,9.50968191957968
2021-01-20 10:00:51.740,0,0.0016150424383253,0.0,2.0,,10.474518434570156
2021-01-20 10:00:51.750,0,-0.0016308443811989,0.0,2.0,,9.758731645012999
2021-01-20 10:00:51.760,0,-0.0031433641354896,0.0,2.0,,11.581032265155425
2021-01-20 10:00:51.770,0,-0.0024495072201264,0.0,2.0,,9.194955680225524
2021-01-20 10:00:51.780,0,-0.0060774868979693,0.0,2.0,,7.912192749446092
2021-01-20 10:00:51.790,0,0.0019794977382602,0.0,2.0,,9.520712610521542
2021-01-20 10:00:51.800,0,0.0059841583108272,0.0,2.0,,11.256405479537113
2021-01-20 10:00:51.810,0,0.0037068632050116,0.0,2.0,,6.002513537297311
2021-01-20 10:00:51.820,0,0.0014397027459885,0.0,2.0,,10.591331819841454
2021-01-20 10:00:51.830,0,0.0015559677885935,0.0,2.0,,4.233005158701379
2021-01-20 10:00:51.840,0,-0.0047332143066801,0.0,2.0,,6.951363329011323
2021-01-20 10:00:51.850,0,0.011290361610521,0.0,2.0,,10.645943174496917
2021-01-20 10:00:51.860,0,0.0044442693632228,0.0,2.0,,9.536917282644117
2021-01-20 10:00:51.870,0,0.0019413738472871,0.0,2.0,,10.736748869398186
2021-01-20 10:00:51.880,0,-0.0042349646509856,0.0,2.0,,12.983406449945274
2021-01-20 10:00:51.890,0,0.0079002622520724,0.0,2.0,,11.884735075610964
2021-01-20 10:00:51.900,0,0.0017901687330202,0.0,2.0,,7.846220063499917
2021-01-20 10:00:51.910,0,-0.0004816600992558,0.0,2.0,,12.219811984526178
2021-01-20 10:00:51.920,0,0.0032426544278106,0.0,2.0,,7.798761160107918
2021-01-20 10:00:51.930,0,0.0026143188093416,0.0,2.0,,7.786215348656893
2021-01-20 10:00:51.940,0,-0.0005365420392875,0.0,2.0,,8.491088525595831
2021-01-20 10:00:51.950,0,0.0075701609189085,0.0,2.0,,8.521942066823547
2021-01-20 10:00:51.960,0,0.0027540678670787,0.0,2.0,,9.40323049447392
2021-01-20 10:00:51.970,0,0.0001086846212416,0.0,2.0,,11.190263086465569
2021-01-20 10:00:51.980,0,0.002610195810273,0.0,2.0,,10.850051670874509
2021-01-20 10:00:51.990,0,0.0027037228403101,0.0,2.0,,7.669042532990403
2021-01-20 10:00:52.000,0,0.0005013694203973,0.0,2.0,,10.150378099012661
2021-01-20 10:00:52.010,0,0.0003612673596892,0.0,2.0,,16.908347708222372
2021-01-20 10:00:52.020,0,-0.0001277721254418,0.0,2.0,,8.018345299547157
2021-01-20 10:00:52.030,0,0.0034862768109146,0.0,2.0,,9.258943946690632
2021-01-20 10:00:52.040,0,0.0002785181741739,0.0,2.0,,9.816416643421563
2021-01-20 10:00:52.050,0,0.002482535705252,0.0,2.0,,13.583914121832336
2021-01-20 10:00:52.060,0,0.0019600600999135,0.0,2.0,,9.508332772352443
2021-01-20 10:00:52.070,0,0.0010859190759974,0.0,2.0,,10.30574029496594
2021-01-20 10:00:52.080,0,-0.0016400561652117,1.7111278375226669e-06,2.0,,15.041778036394188
2021-01-20 10:00:52.090,0,0.0014097355071526,5.083001196617225e-05,2.0,,9.378835397819465
2021-01-20 10:00:52.100,0,-0.0038680629646366,9.266680150249588e-05,2.0,,8.773665430978042
2021-01-20 10:00:52.110,0,0.0002210912849212,0.000127129218925,2.0,,8.12329863465415
2021-01-20 10:00:52.120,0,-0.0049167292428595,0.00015655555476,2.0,,13.438226072024785
2021-01-20 10:00:52.130,0,0.0042675126548372,0.0001798621643434,2.0,,9.56618174511674
2021-01-20 10:00:52.140,0,0.0012901905086754,0.0001979378680534,2.0,,11.510119742630767
2021-01-20 10:00:52.150,0,-0.0049964118918501,0.0002103771250086,2.0,,11.04225300873301
2021-01-20 10:00:52.160,0,-0.0052899304831837,0.0002197350558585,2.0,,11.411521847776484
2021-01-20 10:00:52.170,0,0.000435758893594,0.0002267999282833,2.0,,6.912646119604037
2021-01-20 10:00:52.180,0,-0.0092003252933221,0.0002301289419318,2.0,,8.769894930167236
2021-01-20 10:00:52.190,0,0.0017068352036147,0.00023081090696,2.0,,6.219824847471919
2021-01-20 10:00:52.200,0,-0.0002524256257849,0.0002308232347101,2.0,,8.337572023262123
2021-01-20 10:00:52.210,0,0.003690194521715,0.0002278803659895,2.0,,14.558146543150464
2021-01-20 10:00:52.220,0,-0.0027194268115165,0.0002193365575494,2.0,,11.726581124379152
2021-01-20 10:00:52.230,0,-0.0011392303066644,0.000213537812849,2.0,,6.686719429882896
2021-01-20 10:00:52.240,0,-0.0048737826600366,0.0002046244488784,2.0,,12.260279265742165
2021-01-20 10:00:52.250,0,0.0007515483764072,0.000199077442762,2.0,,12.084208219717034
2021-01-20 10:00:52.260,0,-0.0026032852967365,0.0001878244619997,2.0,,10.660127739626274
2021-01-20 10:00:52.270,0,-0.0005161690851373,0.0001782221588538,2.0,,10.825958117788396
2021-01-20 10:00:52.280,0,0.0044225518134843,0.0001695619650691,2.0,,10.322900903924268
2021-01-20 10:00:52.290,0,-0.006049834023969,0.0001595884774372,2.0,,12.067554199037854
2021-01-20 10:00:52.300,0,-0.0001632082751788,0.0001490478850571,2.0,,10.414977577258067
2021-01-20 10:00:52.310,0,0.0013373862224107,0.0001388950754887,2.0,,12.800013397081802
2021-01-20 10:00:52.320,0,0.002466951725357,0.0001290475655593,2.0,,8.93671212039271
2021-01-20 10:00:52.330,0,-0.0021181124819882,0.0001193644893609,2.0,,10.976910521012687
2021-01-20 10:00:52.340,0,-0.0033579160001154,0.0001096825249813,2.0,,10.607688209452386
2021-01-20 10:00:52.350,0,0.0036345194574957,0.000101836911155,2.0,,8.398560540743333
2021-01-20 10:00:52.360,0,-0.0004030024470173,9.210506037729529e-05,2.0,,9.344859263872772
2021-01-20 10:00:52.370,0,-0.0016809198067451,8.455472778518283e-05,2.0,,9.76993061225509
2021-01-20 10:00:52.380,0,0.0030008405311057,7.622278838414721e-05,2.0,,12.038400272925907
2021-01-20 10:00:52.390,0,0.0002347822612353,6.842070087656655e-05,2.0,,10.196872495714906
2021-01-20 10:00:52.400,0,0.00031678179653,6.202917435039092e-05,2.0,,10.82447783661391
2021-01-20 10:00:52.410,0,0.0018966381833559,5.566541263433969e-05,2.0,,6.476675282270805
2021-01-20 10:00:52.420,0,-0.0049476119717703,4.894035627664562e-05,2.0,,13.505837886183809
2021-01-20 10:00:52.430,0,-0.0022268468897225,4.308849635663549e-05,2.0,,11.351727767045842
2021-01-20 10:00:52.440,0,-0.0002337585709991,3.823011519471047e-05,2.0,,10.267318839844501
2021-01-20 10:00:52.450,0,-0.0038228432232533,3.364108266972221e-05,2.0,,8.949023086453781
2021-01-20 10:00:52.460,0,0.0061604027919082,2.914232459647667e-05,2.0,,9.562529893990108
2021-01-20 10:00:52.470,0,0.0042709251344223,2.486230262718175e-05,2.0,,8.812772274634622
2021-01-20 10:00:52.480,0,-0.0013175879009069,2.136385608153849e-05,2.0,,12.18073195514529
2021-01-20 10:00:52.490,0,-0.0058769300702936,1.791919050465202e-05,1.0,,12.361903948927887
2021-01-20 10:00:52.500,0,0.0001931936275736,1.4749427032271923e-05,1.0,,9.68621957911659
2021-01-20 10:00:52.510,0,-0.0008769053427108,1.2146308284741184e-05,1.0,,11.434321567260824
2021-01-20 10:00:52.520,0,-0.0047658617106816,9.557365945860754e-06,1.0,,9.610193115025098
2021-01-20 10:00:52.530,0,0.0002167806434415,7.408494675556329e-06,1.0,,10.223398620539387
2021-01-20 10:00:52.540,0,-0.0009726920015709,5.513301193399653e-06,1.0,,8.941620557334312
2021-01-20 10:00:52.550,0,0.0018743692730967,3.7896653303803535e-06,1.0,,14.705977665112163
2021-01-20 10:00:52.560,0,0.0050987443112373,2.27612285009118e-06,1.0,,14.719302495784348
2021-01-20 10:00:52.570,0,-0.0027011123271031,9.828350685919192e-07,1.0,,9.324495392651214
2021-01-20 10:00:52.580,0,0.0031273523834973,0.0,1.0,,9.850325145561435
2021-01-20 10:00:52.590,0,-0.001145635001833,0.0,1.0,,11.60939835943561
2021-01-20 10:00:52.600,0,-0.0045161652676802,0.0,1.0,,12.14396026102169
2021-01-20 10:00:52.610,0,-0.0009216949145562,0.0,1.0,,8.218784913330934
2021-01-20 10:00:52.620,0,9.556809272284956e-05,0.0,1.0,,13.779092242749895
2021-01-20 10:00:52.630,0,-0.0015902918663605,0.0,1.0,,10.81396538084045
2021-01-20 10:00:52.640,0,-0.0064991209317673,0.0,1.0,,8.441436474654894
2021-01-20 10:00:52.650,0,-0.0034000874172923,0.0,1.0,,11.568457896266521
2021-01-20 10:00:52.660,0,-0.0027846159497441,0.0,1.0,,7.635765498065717
2021-01-20 10:00:52.670,0,-0.0011807671342901,0.0,1.0,,10.178528025513089
2021-01-20 10:00:52.680,0,0.0048017637320449,0.0,1.0,,12.63187287612922
2021-01-20 10:00:52.690,0,-0.0046764159306168,0.0,1.0,,8.831493782560715
2021-01-20 10:00:52.700,0,0.0029120191861818,0.0,1.0,,11.237081696495835
2021-01-20 10:00:52.710,0,0.0001577672278634,0.0,1.0,,12.281154854625473
2021-01-20 10:00:52.720,0,-0.0014443963184368,0.0,1.0,,4.006479725891421
2021-01-20 10:00:52.730,0,0.0061253755764853,0.0,1.0,,12.058844900891842
2021-01-20 10:00:52.740,0,-0.0017123872844314,0.0,1.0,,8.228800521022722
2021-01-20 10:00:52.750,0,0.0043255614964849,0.0,1.0,,10.928847181177842
2021-01-20 10:00:52.760,1,-0.0009082758001735,0.0,1.0,,11.333603580551328
2021-01-20 10:00:52.770,1,-0.0025104789246147,0.0,1.0,,10.708728441615285
2021-01-20 10:00:52.780,1,0.0033733171570885,0.0,1.0,,10.504387027023121
2021-01-20 10:00:52.790,1,0.0032046594801532,0.0,1.0,,8.822774505638254
2021-01-20 10:00:52.800,1,0.0017805800394926,0.0,1.0,,5.404277989486159
2021-01-20 10:00:52.810,1,-0.0015521923415845,0.0,1.0,,10.662399641307642
2021-01-20 10:00:52.820,1,-0.0006218709011534,0.0,1.0,,10.444561230600662
2021-01-20 10:00:52.830,1,0.0015504066440308,0.0,1.0,,11.0161172256749
2021-01-20 10:00:52.840,1,0.005480726125621,0.0,1.0,,12.35807382025894
2021-01-20 10:00:52.850,1,-0.0044552367084404,0.0,1.0,,6.379063832974985
2021-01-20 10:00:52.860,1,0.0044445618263726,0.5252499938951788,1.0,,503.71907780613924
2021-01-20 10:00:52.870,1,0.0032142237354142,9.459824680825916,1.0,,11850.803960048106
2021-01-20 10:00:52.880,1,0.0176372277817173,28.01969910439567,1.0,,39112.65561823079
2021-01-20 10:00:52.890,1,0.0237189788344531,54.79406123833142,1.0,,81782.49694858583
2021-01-20 10:00:52.900,1,0.0422278030246375,87.32859147329037,1.0,,136555.41983860955
2021-01-20 10:00:52.910,1,0.0542617824652023,127.43907685734332,1.0,,206945.3252438207
2021-01-20 10:00:52.920,1,0.0769215659314174,167.14807335835013,1.0,,278887.6892932768
2021-01-20 10:00:52.930,1,0.0916121997920771,214.3103222294117,0.0,,366575.7998186611
2021-01-20 10:00:52.940,1,0.1388097222169546,268.91080171844965,0.0,,470525.9731045593
2021-01-20 10:00:52.950,1,0.1449384567045855,323.7467220745102,0.0,,577083.2195724931
2021-01-20 10:00:52.960,1,0.1802405031121952,379.5822584596285,0.0,,687461.6935181023
2021-01-20 10:00:52.970,1,0.1694316756526617,440.4098693885272,0.0,,809566.5352514279
2021-01-20 10:00:52.980,1,0.2568496901066768,506.10635654672586,0.0,,943357.4356786695
2021-01-20 10:00:52.990,1,0.260256403721727,559.1941634321562,0.0,,1052752.8471322274
2021-01-20 10:00:53.000,1,0.2834156214736334,620.5907010594173,0.0,,1180581.1310559616
2021-01-20 10:00:53.010,1,0.2941968033546479,681.5554252021886,0.0,,1308754.5682923114
2021-01-20 10:00:53.020,1,0.2814521476155467,741.0215658235852,0.0,,1434897.4037787623
2021-01-20 10:00:53.030,1,0.3968901347396841,794.72609493843,0.0,,1549698.446210314
2021-01-20 10:00:53.040,1,0.4227958010521968,851.7141946343962,0.0,,1672367.8885684747
2021-01-20 10:00:53.050,1,0.3753470674936869,903.6228964341756,0.0,,1784815.392287086
2021-01-20 10:00:53.060,1,0.3642391158389114,950.5558311318156,0.0,,1887044.2657552862
2021-01-20 10:00:53.070,1,0.4005835263842625,1001.8427632960544,0.0,,1999334.1662114053
2021-01-20 10:00:53.080,1,0.4266151238631653,1035.0927055189566,0.0,,2072445.9369348371
2021-01-20 10:00:53.090,1,0.5099917855625103,1083.7955135539266,0.0,,2179962.352446062
2021-01-20 10:00:53.100,1,0.4981795307492032,1119.7356776345353,0.0,,2259613.0485413014
2021-01-20 10:00:53.110,1,0.5023904733796151,1152.6755603629788,0.0,,2332835.552839687
2021-01-20 10:00:53.120,1,0.5996759595141279,1197.399869841296,0.0,,2432595.252896353
2021-01-20 10:00:53.130,1,0.7229942480023138,1217.145387934382,0.0,,2476765.8439297224
2021-01-20 10:00:53.140,1,0.6908945378062077,1251.734638518158,0.0,,2554296.1008405723
2021-01-20 10:00:53.150,1,0.665768306469444,1279.9794166215977,0.0,,2617763.2073360523
2021-01-20 10:00:53.160,1,0.6622841993461637,1312.7392022797162,0.0,,2691552.3097698665
2021-01-20 10:00:53.170,1,0.5918312744431612,1324.155710830237,0.0,,2717310.6298754476
2021-01-20 10:00:53.180,1,0.6572359896342479,1343.1134197672266,0.0,,2760138.8470345335
2021-01-20 10:00:53.190,1,0.6973325654681549,1352.8839985787183,0.0,,2782233.659838949
2021-01-20 10:00:53.200,1,0.858170678245952,1373.543471106184,0.0,,2829012.831157992
2021-01-20 10:00:53.210,1,0.8572442427291719,1382.863493374637,0.0,,2850132.094166085
2021-01-20 10:00:53.220,1,0.6807619547041246,1395.5748044962395,0.0,,2878955.397138544
2021-01-20 10:00:53.230,1,0.7742842773153966,1409.8629588970605,0.0,,2911398.680380087
2021-01-20 10:00:53.240,1,0.93490828377206,1408.5187288963489,0.0,,2908355.79979292
2021-01-20 10:00:53.250,1,0.915365199694282,1426.572135384347,0.0,,2949382.6053269356
2021-01-20 10:00:53.260,1,0.7166598046180038,1433.434533634036,0.0,,2964983.401286166
2021-01-20 10:00:53.270,1,0.9772756649394604,1435.027869181673,0.0,,2968618.04699768
2021-01-20 10:00:53.280,1,0.8845154075246047,1448.4611850569324,0.0,,2999198.74496942
2021-01-20 10:00:53.290,1,0.9944275615532616,1448.3179718196093,0.0,,2998879.5213485477
2021-01-20 10:00:53.300,1,0.8952745296805947,1456.2376376689913,0.0,,3016918.9044919144
2021-01-20 10:00:53.310,1,1.0649651219503335,1453.802873260942,0.0,,3011380.3452454205
2021-01-20 10:00:53.320,1,1.1028590823749531,1458.4640503406142,0.0,,3022001.551197045
2021-01-20 10:00:53.330,1,1.1848572871252372,1446.6574268980655,0.0,,2995102.135340361
2021-01-20 10:00:53.340,1,1.1071686287256852,1457.3823563182486,0.0,,3019535.1082803593
2021-01-20 10:00:53.350,1,1.1619798870545144,1453.1800825981063,0.0,,3009961.4230810385
2021-01-20 10:00:53.360,1,0.9271227010177392,1446.7665357331348,0.0,,2995341.585464715
2021-01-20 10:00:53.370,1,0.8174365463758826,1458.6581104124257,0.0,,3022428.618351028
2021-01-20 10:00:53.380,1,0.8193727607819864,1456.5558486736184,0.0,,3017638.736841872
2021-01-20 10:00:53.390,1,0.9734781052986368,1464.0100416424127,0.0,,3034636.748536966
2021-01-20 10:00:53.400,1,1.117829492828546,1463.008455303926,0.0,,3032359.7413235353
2021-01-20 10:00:53.410,1,0.9190084965316428,1452.2562846289686,0.0,,3007846.246154695
2021-01-20 10:00:53.420,1,0.9034463928910176,1450.472756495167,0.0,,3003785.7180566527
2021-01-20 10:00:53.430,1,1.255231658873304,1450.1923544460328,0.0,,3003161.862591284
2021-01-20 10:00:53.440,1,0.8375584694094947,1453.615533700431,0.0,,3010938.5043034884
2021-01-20 10:00:53.450,1,0.9969306961804668,1462.771588264277,0.0,,3031814.9379734863
2021-01-20 10:00:53.460,1,1.1265334409173595,1445.522894889997,0.0,,2992518.4549544184
2021-01-20 10:00:53.470,1,1.14545908996796,1441.103826403007,0.0,,2982458.088137949
2021-01-20 10:00:53.480,1,0.8442764685836841,1456.7565355488423,0.0,,3018094.996702055
2021-01-20 10:00:53.490,1,1.194179470339892,1459.7082146400644,0.0,,3024841.4645626997
2021-01-20 10:00:53.500,1,0.9899903264608224,1462.4375681190295,0.0,,3031054.133362539
2021-01-20 10:00:53.510,1,1.0564121836896123,1458.2098236326526,0.0,,3021421.079852745
2021-01-20 10:00:53.520,1,1.0912830829029434,1450.3017724980994,0.0,,3003402.2362836264
2021-01-20 10:00:53.530,1,0.9541107620285292,1459.7651411535817,0.0,,3024958.218008329
2021-01-20 10:00:53.540,1,0.99067120430957,1452.4406312644828,0.0,,3008272.852505584
2021-01-20 10:00:53.550,1,0.8255401128279644,1439.1467267787827,0.0,,2977988.918489542
2021-01-20 10:00:53.560,1,1.15465322212194,1449.398672710807,0.0,,3001347.6437213263
2021-01-20 10:00:53.570,1,1.1655058709353785,1453.1720565625824,0.0,,3009946.702180547
2021-01-20 10:00:53.580,1,1.0382846873323728,1441.9968338143003,0.0,,2984486.541136763
2021-01-20 10:00:53.590,1,1.0684593747618014,1455.208948050249,0.0,,3014583.2005454507
2021-01-20 10:00:53.600,1,0.898128071883146,1435.9346039774164,0.0,,2970685.7510029576
2021-01-20 10:00:53.610,1,0.9267783896073912,1438.865562059244,0.0,,2977352.601878281
2021-01-20 10:00:53.620,1,1.052458868018712,1464.4344047977186,0.0,,3035607.4745493084
2021-01-20 10:00:53.630,1,1.1445184111261877,1439.0835075253244,0.0,,2977857.997330119
2021-01-20 10:00:53.640,1,1.1030014111095865,1443.4658514387518,0.0,,2987834.300286758
2021-01-20 10:00:53.650,1,1.0428566570726738,1448.4954554760209,0.0,,2999284.813258824
2021-01-20 10:00:53.660,1,1.1324446583701135,1459.535513628052,0.0,,3024445.2339510126
2021-01-20 10:00:53.670,1,0.8843959716521038,1452.1494238463586,0.0,,3007604.471300715
2021-01-20 10:00:53.680,1,1.1864593987402825,1430.9999481642517,0.0,,2959469.7054748633
2021-01-20 10:00:53.690,1,0.9224435601719292,1447.051609609212,0.0,,2995990.431984565
2021-01-20 10:00:53.700,1,1.0646057553987938,1435.805017676763,0.0,,2970393.8486519568
2021-01-20 10:00:53.710,0,1.1292952443794646,1457.1541079166986,0.0,,3019016.4453091985
2021-01-20 10:00:53.720,0,0.8402373632282025,1435.0328442972152,0.0,,2968626.6714659594
2021-01-20 10:00:53.730,0,1.0110962773769212,1435.3123224961826,0.0,,2969269.877056576
2021-01-20 10:00:53.740,0,0.9403499454386948,1455.5958025396176,0.0,,3015457.352564996
2021-01-20 10:00:53.750,0,0.8923957617848302,1420.0030890158434,0.0,,2934447.471360509
2021-01-20 10:00:53.760,0,1.0585842526260725,1452.7008795165812,0.0,,3008865.586111223
2021-01-20 10:00:53.770,0,0.9952826708534868,1443.4071043973463,0.0,,2987698.121188535
2021-01-20 10:00:53.780,0,0.960613840537617,1446.3511511731112,0.0,,2994398.111590377
2021-01-20 10:00:53.790,0,1.1589602069286769,1455.3771026641427,0.0,,3014965.1365253655
2021-01-20 10:00:53.800,0,0.8749926879631622,1441.1169814595123,0.0,,2982475.55473188
2021-01-20 10:00:53.810,0,0.9219666238284028,1431.7820994199078,0.0,,2961233.94119594
2021-01-20 10:00:53.820,0,0.951774542464128,1443.1935982679715,0.0,,2987207.9095245064
2021-01-20 10:00:53.830,0,0.921122699797248,1399.4262603041552,0.0,,2887708.515140817
2021-01-20 10:00:53.840,0,0.8509643877855191,1373.9453479937613,0.0,,2829921.406586915
2021-01-20 10:00:53.850,0,0.961857186943176,1321.1521107151689,0.0,,2710549.4038126566
2021-01-20 10:00:53.860,1,0.9976921543290288,1285.210495974581,0.0,,2629549.1568976576
2021-01-20 10:00:53.870,1,0.8899092620751281,1229.7835971924796,0.0,,2505073.2002730146
2021-01-20 10:00:53.880,1,0.6793268041552609,1163.3763099716573,0.0,,2356684.1411631126
2021-01-20 10:00:53.890,1,0.6256244180924463,1105.8918503051418,0.0,,2228907.1090705954
2021-01-20 10:00:53.900,1,0.7282806557409498,1038.334875136977,0.0,,2079606.384088425
2021-01-20 10:00:53.910,1,0.6943724410583805,985.2171978806366,0.0,,1962886.1268221815
2021-01-20 10:00:53.920,1,0.6447884958412234,923.4254510904748,0.0,,1827896.862185823
2021-01-20 10:00:53.930,1,0.6121115840969149,859.0871818622728,0.0,,1688304.162623799
2021-01-20 10:00:53.940,1,0.6116043886717933,801.5306334031219,0.0,,1564316.4687149045
2021-01-20 10:00:53.950,1,0.4312241101757071,738.2708800313327,0.0,,1429048.9906746116
2021-01-20 10:00:53.960,1,0.5441931105370292,680.9566071281549,0.0,,1307510.12396247
2021-01-20 10:00:53.970,1,0.4344396778697442,632.3843762419283,0.0,,1205285.37752606
2021-01-20 10:00:53.980,1,0.4165722262573789,596.9944251628817,0.0,,1131303.7768395501
2021-01-20 10:00:53.990,1,0.4429156750091547,574.3901082650923,0.0,,1084281.4210757134
2021-01-20 10:00:54.000,1,0.4571657391664815,564.8868165252162,0.0,,1064564.565812363
2021-01-20 10:00:54.010,1,0.4975675594903659,563.9051485867687,0.0,,1062526.8490126433
2021-01-20 10:00:54.020,1,0.4182213617118552,570.8795592815119,0.0,,1076986.5178385754
2021-01-20 10:00:54.030,1,0.5024246141392184,580.3568695194488,0.0,,1096675.05925688
2021-01-20 10:00:54.040,1,0.4166680089152162,599.0129549921303,0.0,,1135512.7034479512
2021-01-20 10:00:54.050,1,0.4583670353573074,621.1547069140432,0.0,,1181765.4772776186
2021-01-20 10:00:54.060,1,0.5894936734561248,653.0934054218636,0.0,,1248780.644203865
2021-01-20 10:00:54.070,1,0.5170626164084837,681.2106153074308,0.0,,1308044.5745321487
2021-01-20 10:00:54.080,1,0.500026149309927,715.0706843601033,0.0,,1379732.704793325
2021-01-20 10:00:54.090,1,0.6565125394006549,754.151089160453,0.0,,1462906.8655369324
2021-01-20 10:00:54.100,1,0.6404147496646091,784.2365658315719,0.0,,1527228.9349356752
2021-01-20 10:00:54.110,1,0.5184516817050823,827.9873485542308,0.0,,1621197.4966926717
2021-01-20 10:00:54.120,1,0.6035461699699051,857.6833015599748,0.0,,1685274.905392772
2021-01-20 10:00:54.130,1,0.7175978870635424,902.9965193292124,0.0,,1783469.127735232
2021-01-20 10:00:54.140,1,0.7474732956445436,932.05641464172,0.0,,1846702.13747108
2021-01-20 10:00:54.150,1,0.789396117994219,973.2655138661707,0.0,,1936714.0487495943
2021-01-20 10:00:54.160,1,0.9415156249155402,990.3081840713788,0.0,,1974057.5178773685
2021-01-20 10:00:54.170,1,0.8874135196590662,1033.749836492554,0.0,,2069513.9509189038
2021-01-20 10:00:54.180,1,0.6857595130890162,1066.5950614010596,0.0,,2141947.562727975
2021-01-20 10:00:54.190,1,0.916666407916638,1100.4300641835518,0.0,,2216815.7039197306
2021-01-20 10:00:54.200,1,0.8542965798959646,1117.7164552640022,0.0,,2255147.5600404334
2021-01-20 10:00:54.210,1,0.8674386043634505,1154.5776392740763,0.0,,2337090.881560358
2021-01-20 10:00:54.220,1,1.0710066878043818,1177.9678602947008,0.0,,2389228.352382177
2021-01-20 10:00:54.230,1,0.8259404199380871,1202.5662090387875,0.0,,2444157.304627497
2021-01-20 10:00:54.240,1,1.1345091124208375,1235.8951742192537,0.0,,2518787.2701692926
2021-01-20 10:00:54.250,1,1.1069578621144636,1254.0201291940116,0.0,,2559446.6788497376
2021-01-20 10:00:54.260,1,1.0765500615385255,1274.9579645081474,0.0,,2606492.463784982
2021-01-20 10:00:54.270,1,1.2011338807061829,1289.0944446964356,0.0,,2638304.3692475865
2021-01-20 10:00:54.280,1,0.826001507324618,1303.4342420610042,0.0,,2670585.7196655697
2021-01-20 10:00:54.290,1,1.219185247810092,1317.7028423567135,0.0,,2702779.2645115326
2021-01-20 10:00:54.300,1,1.2499653605628172,1341.0166181014847,0.0,,2755429.2089522295
2021-01-20 10:00:54.310,1,1.0225043746567768,1348.9873927887445,0.0,,2773438.9156034314
2021-01-20 10:00:54.320,1,1.0327193810376434,1360.9485743185426,0.0,,2800496.8323981967
2021-01-20 10:00:54.330,1,1.2131599441554086,1373.8343365096346,0.0,,2829689.212516496
2021-01-20 10:00:54.340,1,1.0275706778867342,1377.306969295853,0.0,,2837547.7794489395
2021-01-20 10:00:54.350,1,1.2640019758648615,1392.740029368855,0.0,,2872550.787365083
2021-01-20 10:00:54.360,1,1.0251151235061642,1400.4842107841614,0.0,,2890116.229384677
2021-01-20 10:00:54.370,1,1.0221691273955211,1412.7916139419144,0.0,,2918070.58000632
2021-01-20 10:00:54.380,1,0.946266943271484,1416.6884170697424,0.0,,2926914.959769111
2021-01-20 10:00:54.390,1,1.2066758656464107,1442.8084281449555,0.0,,2986339.817742522
2021-01-20 10:00:54.400,1,0.997071892822638,1433.9440544523345,0.0,,2966152.795289427
2021-01-20 10:00:54.410,1,0.8718462175141892,1433.565794508619,0.0,,2965293.25344477
2021-01-20 10:00:54.420,1,1.2180020071692224,1430.4265740820251,0.0,,2958165.3968644273
2021-01-20 10:00:54.430,1,0.9977244398925168,1429.6849020450647,0.0,,2956466.0911706
2021-01-20 10:00:54.440,1,0.9248787203635308,1431.9667798922442,0.0,,2961656.6799088106
2021-01-20 10:00:54.450,1,1.1780785626723849,1447.5100299459766,0.0,,2997048.8060475565
2021-01-20 10:00:54.460,1,0.9897461873094462,1448.0793040021692,0.0,,2998336.4248039224
2021-01-20 10:00:54.470,1,1.1823369462081323,1438.342596973099,0.0,,2976175.5561731616
2021-01-20 10:00:54.480,1,0.8354469229474657,1445.054380213627,0.0,,2991439.2112379908
2021-01-20 10:00:54.490,1,0.8749776037688181,1444.2565337899853,0.0,,2989624.3599406453
2021-01-20 10:00:54.500,1,0.7931681524032962,1437.2110186380662,0.0,,2973581.7603789866
2021-01-20 10:00:54.510,1,0.9743141473103732,1443.1067728188525,0.0,,2987008.109833346
2021-01-20 10:00:54.520,1,1.165190393546473,1450.1725892576917,0.0,,3003114.124669407
2021-01-20 10:00:54.530,1,1.0217561609923806,1446.9753569694628,0.0,,2995824.6244013156
2021-01-20 10:00:54.540,1,0.8866764640101462,1449.2226265930935,0.0,,3000934.937740687
2021-01-20 10:00:54.550,1,1.0479238332643217,1451.1831861184305,0.0,,3005407.9069255316
2021-01-20 10:00:54.560,1,1.0337462344864732,1450.1455439526426,0.0,,3003045.497076573
2021-01-20 10:00:54.570,1,0.8343683772934132,1441.6329379754184,0.0,,2983646.808542881
2021-01-20 10:00:54.580,1,0.9242417481743772,1457.336199366139,0.0,,3019422.1844848692
2021-01-20 10:00:54.590,1,0.9371794607755162,1439.4903493156946,0.0,,2978776.4335613176
2021-01-20 10:00:54.600,1,1.0815784154252546,1453.3782750700864,0.0,,3010411.84544135
2021-01-20 10:00:54.610,1,0.9064549919602446,1441.0434631434396,0.0,,2982309.1598831457
2021-01-20 10:00:54.620,1,0.7728311646254139,1433.0737989107731,0.0,,2964165.2916626716
2021-01-20 10:00:54.630,1,1.111558258028315,1436.7355079521797,0.0,,2972513.5021180757
2021-01-20 10:00:54.640,1,0.9134569988745492,1432.1226313758502,0.0,,2962008.0385901607
2021-01-20 10:00:54.650,1,0.7672635032002849,1422.570944144367,0.0,,2940277.4276647
2021-01-20 10:00:54.660,1,1.1170740037748916,1423.470210770408,0.0,,2942340.935091113
2021-01-20 10:00:54.670,1,0.8368852002735465,1427.4875703374994,0.0,,2951462.98478868
2021-01-20 10:00:54.680,1,0.9032875414687112,1431.6904061456771,0.0,,2961027.150115006
2021-01-20 10:00:54.690,1,1.0374496806508533,1431.8275033079087,0.0,,2961344.268817185
2021-01-20 10:00:54.700,1,1.136069869143792,1420.6227335320666,0.0,,2935867.9017658187
2021-01-20 10:00:54.710,1,0.8831073355943538,1418.4164814550754,0.0,,2930838.880902946
2021-01-20 10:00:54.720,1,0.8962407929696493,1417.442588850543,0.0,,2928628.914864195
2021-01-20 10:00:54.730,1,1.09544808289962,1418.2653175949356,0.0,,2930509.601555786
2021-01-20 10:00:54.740,1,0.9627067538184428,1408.814294487882,0.0,,2909025.0192624116
2021-01-20 10:00:54.750,1,1.0890076921042893,1422.367828348497,0.0,,2939832.191226226
2021-01-20 10:00:54.760,1,0.8055554356099476,1416.076432154482,0.0,,2925521.483153743
2021-01-20 10:00:54.770,1,1.1501374992983662,1419.426881444852,0.0,,2933149.8074376527
2021-01-20 10:00:54.780,1,0.8152458717624035,1410.399132306992,0.0,,2912614.9121864294
2021-01-20 10:00:54.790,1,0.978096947869095,1420.4468338188433,0.0,,2935457.2342771874
2021-01-20 10:00:54.800,1,0.9135245019748716,1430.977725341603,0.0,,2959405.5815885593
2021-01-20 10:00:54.810,0,0.963763386014996,1410.3788730943015,0.0,,2912582.219026122
2021-01-20 10:00:54.820,0,1.2172398572666274,1417.8345930858843,0.0,,2929535.9424495683
2021-01-20 10:00:54.830,0,1.051471516094144,1417.1371491310074,0.0,,2927941.2348649907
2021-01-20 10:00:54.840,0,1.0250636177190793,1397.660770608583,0.0,,2883709.1633959766
2021-01-20 10:00:54.850,0,1.1327423210494778,1418.3229305096247,0.0,,2930639.7152558845
2021-01-20 10:00:54.860,0,1.0626229533739215,1416.3213791429505,0.0,,2926085.0611947346
2021-01-20 10:00:54.870,0,0.9791152176271538,1409.9750650297442,0.0,,2911661.2233857885
2021-01-20 10:00:54.880,0,1.32080404639028,1401.5296414000711,0.0,,2892503.644085867
2021-01-20 10:00:54.890,0,1.2778340218666349,1402.9405706488046,0.0,,2895704.8729869802
2021-01-20 10:00:54.900,0,1.0626269285770604,1426.4128660827564,0.0,,2949029.525332295
2021-01-20 10:00:54.910,0,1.2340585358010558,1402.612514631949,0.0,,2894959.896355685
2021-01-20 10:00:54.920,0,1.267225752826707,1419.4255115128271,0.0,,2933154.048810429
2021-01-20 10:00:54.930,0,1.0559220344026707,1381.6836400430734,0.0,,2847469.3137634085
2021-01-20 10:00:54.940,0,1.188036933024,1357.1870371367731,0.0,,2791995.961165263
2021-01-20 10:00:54.950,0,1.2095934567549471,1329.2305686139434,0.0,,2728802.9360045176
2021-01-20 10:00:54.960,0,1.2428667597311736,1285.791880937726,0.0,,2630871.86481627
2021-01-20 10:00:54.970,0,1.047192526074744,1229.632835665404,0.0,,2504751.048089262
2021-01-20 10:00:54.980,0,0.8983766241128888,1187.733390376919,0.0,,2411019.6316339104
2021-01-20 10:00:54.990,0,1.0274682531645158,1122.655227524058,0.0,,2266117.575159297
2021-01-20 10:00:55.000,0,0.8780523675584836,1063.4154992003662,0.0,,2134935.564640025
2021-01-20 10:00:55.010,0,0.8374905304666779,999.4471187351874,0.0,,1994101.7463011546
2021-01-20 10:00:55.020,0,1.022997154793591,946.4062779491178,0.0,,1878023.2860384672
2021-01-20 10:00:55.030,0,0.6637254597110486,881.2854945780939,0.0,,1736355.7221839458
2021-01-20 10:00:55.040,0,0.6632513580031938,815.9958055294296,0.0,,1595393.664176676
2021-01-20 10:00:55.050,0,0.7071549196308832,761.1864766579267,0.0,,1477924.753980954
2021-01-20 10:00:55.060,0,0.7144126626257737,698.8957714797036,0.0,,1345453.285249934
2021-01-20 10:00:55.070,0,0.6945969865910201,647.3188502580316,0.0,,1236645.191081789
2021-01-20 10:00:55.080,0,0.4584030326193141,589.6865153788784,0.0,,1116082.0417187351
2021-01-20 10:00:55.090,0,0.6010905621141364,550.4297138166928,0.0,,1034638.7489380832
2021-01-20 10:00:55.100,0,0.463686545780571,496.6750073678483,0.0,,924049.5886495775
2021-01-20 10:00:55.110,0,0.3722168727770108,448.4900204446552,0.0,,825932.1504087304
2021-01-20 10:00:55.120,0,0.4456919807368157,401.8883844478348,0.0,,732039.7527136684
2021-01-20 10:00:55.130,0,0.3221004108477202,359.2410976548568,0.0,,647055.6682167734
2021-01-20 10:00:55.140,0,0.3302960814445828,321.46336364093554,1.0,,572616.8750026311
2021-01-20 10:00:55.150,0,0.2797642551815699,288.33889156710467,1.0,,508059.7452081275
2021-01-20 10:00:55.160,0,0.1974360650955066,252.0889370604137,1.0,,438254.8410321381
2021-01-20 10:00:55.170,0,0.1737809415049827,219.65991625705144,1.0,,376660.7848157374
2021-01-20 10:00:55.180,0,0.1787429460568728,190.92279709447263,1.0,,322828.24401624204
2021-01-20 10:00:55.190,0,0.1772060214400853,165.7582785538102,1.0,,276348.4386134628
2021-01-20 10:00:55.200,0,0.1569793452120366,140.7579746529821,1.0,,230864.60789435403
2021-01-20 10:00:55.210,0,0.1109122790724011,118.62744808938427,2.0,,191269.11664492005
2021-01-20 10:00:55.220,0,0.099890406261194,99.5019146901085,2.0,,157638.99002868554
2021-01-20 10:00:55.230,0,0.0912881169048858,81.17908836652697,2.0,,126022.13223214528
2021-01-20 10:00:55.240,0,0.0666162517493064,65.94717750186034,2.0,,100274.48575201623
2021-01-20 10:00:55.250,0,0.0473915551698346,50.954492681666295,2.0,,75503.51276048236
2021-01-20 10:00:55.260,0,0.0303262705922683,38.17567812617392,2.0,,54962.59246731392
2021-01-20 10:00:55.270,0,0.027436940491643,26.99332842712477,2.0,,37539.107196336045
2021-01-20 10:00:55.280,0,0.010296414884562,16.85316412969137,2.0,,22366.207474674713
2021-01-20 10:00:55.290,0,0.0065848899813297,8.303746720679403,2.0,,10267.146830142916
2021-01-20 10:00:55.300,0,-0.0044793257516319,0.8043664266652587,2.0,,796.7440934628042
2021-01-20 10:00:55.310,0,-0.0101095648591589,0.0,2.0,,10.079915102882511
2021-01-20 10:00:55.320,0,-0.0078746411031349,0.0,2.0,,11.291559031812882
2021-01-20 10:00:55.330,0,-0.0167004719226963,0.0,2.0,,10.355030715351395
2021-01-20 10:00:55.340,0,-0.0175317775750476,0.0,2.0,,10.564710231245718
2021-01-20 10:00:55.350,0,-0.0189650537326018,0.0,2.0,,9.555063246858666
2021-01-20 10:00:55.360,0,-0.0182019452171052,0.0,2.0,,11.356765191323609
2021-01-20 10:00:55.370,0,-0.0287555886289736,0.0,2.0,,10.227191974614007
2021-01-20 10:00:55.380,0,-0.0278555420120726,0.0,2.0,,8.574034675155989
2021-01-20 10:00:55.390,0,-0.0280632404217783,0.0,2.0,,6.154297366513638
2021-01-20 10:00:55.400,0,-0.0228081452096959,0.0,2.0,,9.78849803913459
2021-01-20 10:00:55.410,0,-0.0253720268410286,0.0,2.0,,11.810913675835868
2021-01-20 10:00:55.420,0,-0.0203999532797866,0.0,2.0,,9.481446489627306
2021-01-20 10:00:55.430,0,-0.0273742903128961,0.0,2.0,,6.406380488446549
2021-01-20 10:00:55.440,0,-0.0268094466643256,0.0,2.0,,7.038252338560136
2021-01-20 10:00:55.450,0,-0.0251640646283496,0.0,2.0,,10.637697699125493
2021-01-20 10:00:55.460,0,-0.0133510170140255,0.0,2.0,,12.996215508790748
2021-01-20 10:00:55.470,0,-0.0185913643701891,0.0,2.0,,12.243668201622471
2021-01-20 10:00:55.480,0,-0.0113043665144129,0.0,2.0,,11.887730438392273
2021-01-20 10:00:55.490,0,-0.016124902783211,0.0,2.0,,9.230796158333398
2021-01-20 10:00:55.500,0,-0.0086673287081806,0.0,2.0,,10.397021088044383
2021-01-20 10:00:55.510,0,-0.0134895430796921,0.0,2.0,,11.819388847239402
2021-01-20 10:00:55.520,0,-0.0194086944520653,0.0,2.0,,6.6745677308281515
2021-01-20 10:00:55.530,0,-0.0164875090590689,0.0,2.0,,9.23492130568298
2021-01-20 10:00:55.540,0,-0.005934477271203,0.0,2.0,,9.87893854971742
2021-01-20 10:00:55.550,0,-0.0033787623675756,0.0,2.0,,9.815201715285788
2021-01-20 10:00:55.560,0,-0.0086412722798415,0.0,2.0,,10.84619607609456
2021-01-20 10:00:55.570,0,-0.0057657679131847,0.0,2.0,,7.433787123471449
2021-01-20 10:00:55.580,1,-0.0107615686385367,0.0,2.0,,11.279352323536745
2021-01-20 10:00:55.590,1,-0.0049329319982557,0.0,2.0,,8.95240325912885
2021-01-20 10:00:55.600,1,0.0020220986105689,0.0,2.0,,8.018159307829512
2021-01-20 10:00:55.610,1,-0.005274949107569,0.0,2.0,,8.10335758970771
2021-01-20 10:00:55.620,1,-0.0067079408174822,0.0,2.0,,11.40930815180657
2021-01-20 10:00:55.630,1,-0.0052527330068028,0.0,2.0,,9.828331152703392
2021-01-20 10:00:55.640,1,0.0012563333092584,0.0,2.0,,11.655379524216311
2021-01-20 10:00:55.650,1,-0.0047281623764502,0.0,2.0,,9.671038330794348
2021-01-20 10:00:55.660,1,-0.0003170184317825,0.0,2.0,,11.467075088195088
2021-01-20 10:00:55.670,1,0.0026860326781672,0.0,2.0,,7.454259341422791
2021-01-20 10:00:55.680,1,0.0055542101992601,0.0,2.0,,11.584060495800642
2021-01-20 10:00:55.690,1,0.009206774632365,4.433828308544139,2.0,,5157.79616343044
2021-01-20 10:00:55.700,1,0.00068943218647,17.539003366231512,2.0,,23365.174245241258
2021-01-20 10:00:55.710,1,0.0240221178354469,35.537633123810025,2.0,,50800.773181011
2021-01-20 10:00:55.720,1,0.0440473148110962,56.65697069881377,2.0,,84846.12951645302
2021-01-20 10:00:55.730,1,0.0481360365961599,82.16549099597607,2.0,,127703.99175012928
2021-01-20 10:00:55.740,1,0.0772129844310144,109.08490625811636,2.0,,174411.64535899457
2021-01-20 10:00:55.750,1,0.0771634427445957,138.8129084053165,2.0,,227348.4434607832
2021-01-20 10:00:55.760,1,0.0990457574316748,169.40281608359982,1.0,,283032.0688977139
2021-01-20 10:00:55.770,1,0.1466015225257972,204.0056577401686,1.0,,347240.7463043258
2021-01-20 10:00:55.780,1,0.1724552675701373,245.1362075744809,1.0,,424981.4115741264
2021-01-20 10:00:55.790,1,0.2318068322936468,283.61780755861923,1.0,,498912.29917905165
2021-01-20 10:00:55.800,1,0.2352560868294547,330.60265937077463,1.0,,590546.2721821668
2021-01-20 10:00:55.810,1,0.2119613908047051,375.52376408135314,0.0,,679380.8740832767
2021-01-20 10:00:55.820,1,0.3242403896045026,419.96811456605,0.0,,768340.085943222
2021-01-20 10:00:55.830,1,0.3753993738941085,484.8620603650261,0.0,,899900.0434088402
2021-01-20 10:00:55.840,1,0.3406641217958832,530.579756769373,0.0,,993658.5928243548
2021-01-20 10:00:55.850,1,0.4827084705705787,579.1469341802193,0.0,,1094163.98276699
2021-01-20 10:00:55.860,1,0.5250514901963035,644.9541712119011,0.0,,1231667.6406039763
2021-01-20 10:00:55.870,1,0.5163519195860576,694.9559567510986,0.0,,1337103.6789949841
2021-01-20 10:00:55.880,1,0.5526640824219352,753.4384632254959,0.0,,1461382.479649433
2021-01-20 10:00:55.890,1,0.5617047780333624,803.3901711219977,0.0,,1568298.7150484964
2021-01-20 10:00:55.900,1,0.5193507377035214,853.1361536112213,0.0,,1675444.4490382804
2021-01-20 10:00:55.910,1,0.6407337193973317,912.0248608862756,0.0,,1803093.6433078658
2021-01-20 10:00:55.920,1,0.6560743223904156,958.9442813977572,0.0,,1905385.234597046
2021-01-20 10:00:55.930,1,0.7637479710688668,1015.5497626880156,0.0,,2029464.1330454363
2021-01-20 10:00:55.940,1,0.6401422437848762,1053.1389649595844,0.0,,2112238.3153445916
2021-01-20 10:00:55.950,1,0.7846598404078696,1079.9800778608426,0.0,,2171535.8535247156
2021-01-20 10:00:55.960,1,0.9248474067483629,1129.706270818285,0.0,,2281776.6441382836
2021-01-20 10:00:55.970,1,0.973909145711652,1165.7792314812991,0.0,,2362047.221904489
2021-01-20 10:00:55.980,1,0.9491574265292206,1203.6708079931184,0.0,,2446637.592350519
2021-01-20 10:00:55.990,1,1.0671564691105515,1231.447263732359,0.0,,2508812.96482287
2021-01-20 10:00:56.000,1,1.0594725734185404,1261.5706206750203,0.0,,2576396.3791950443
2021-01-20 10:00:56.010,1,1.1031657234571448,1296.6876306539066,0.0,,2655401.332710485
2021-01-20 10:00:56.020,1,0.9337544566101004,1317.5244267837577,0.0,,2702362.369543999
2021-01-20 10:00:56.030,1,0.9403976786457984,1345.3872545774525,0.0,,2765293.5671396167
2021-01-20 10:00:56.040,1,1.0907515043821268,1372.0261973869815,0.0,,2825588.64003348
2021-01-20 10:00:56.050,1,0.8395828709305007,1388.2405277739792,0.0,,2862327.159105125
2021-01-20 10:00:56.060,1,1.0135795633155713,1406.685375170572,0.0,,2904195.267056827
2021-01-20 10:00:56.070,1,1.1960403881785893,1410.689270706981,0.0,,2913297.924152766
2021-01-20 10:00:56.080,1,1.1846942491069177,1427.8895731030111,0.0,,2952392.2634922173
2021-01-20 10:00:56.090,1,0.8686868826833409,1442.1180022842138,0.0,,2984754.921545595
2021-01-20 10:00:56.100,1,1.2390966672341042,1445.0620748152614,0.0,,2991479.402447661
2021-01-20 10:00:56.110,1,0.9604098973196562,1467.1668225041672,0.0,,3041835.649376736
2021-01-20 10:00:56.120,1,1.1592997341453273,1458.4972590308407,0.0,,3022079.4626395875
2021-01-20 10:00:56.130,1,1.0064911915501782,1478.7760550890885,0.0,,3068323.9085859866
2021-01-20 10:00:56.140,1,0.8540910018165251,1475.157223547154,0.0,,3060055.917947897
2021-01-20 10:00:56.150,1,1.2667812600491717,1480.767236315668,0.0,,3072879.40643694
2021-01-20 10:00:56.160,1,1.1779781392908917,1488.3383498348808,0.0,,3090166.028006216
2021-01-20 10:00:56.170,1,1.0333088868419038,1476.9006579452366,0.0,,3064047.0764939114
2021-01-20 10:00:56.180,1,1.2071785067352991,1502.4929838143876,0.0,,3122507.3793983636
2021-01-20 10:00:56.190,1,1.0439150382128697,1490.4005963820057,0.0,,3094866.0710380822
2021-01-20 10:00:56.200,1,1.0130739928682069,1509.1973622782666,0.0,,3137826.23657825
2021-01-20 10:00:56.210,1,1.010172759394467,1503.5721288929997,0.0,,3124962.678217563
2021-01-20 10:00:56.220,1,1.018305612247876,1492.6881589302875,0.0,,3100090.110105355
2021-01-20 10:00:56.230,1,0.9836128589160448,1504.4656600734836,0.0,,3127012.084814522
2021-01-20 10:00:56.240,1,0.9354052221435964,1495.1744145231507,0.0,,3105768.405046458
2021-01-20 10:00:56.250,1,0.8689537090224193,1496.4650903012875,0.0,,3108714.3380980007
2021-01-20 10:00:56.260,1,0.983617470399976,1502.60668533319,0.0,,3122759.175721112
2021-01-20 10:00:56.270,1,1.193153035644462,1500.9061179686753,0.0,,3118876.6147757303
2021-01-20 10:00:56.280,1,1.1538712620839329,1484.7930135157585,0.0,,3082066.7453734917
2021-01-20 10:00:56.290,1,1.0321854024708546,1477.8499109614138,0.0,,3066212.046628794
2021-01-20 10:00:56.300,1,1.171216724199094,1496.5281044332446,0.0,,3108873.813939599
2021-01-20 10:00:56.310,1,0.8470807770873057,1479.4626859215964,0.0,,3069880.6920368443
2021-01-20 10:00:56.320,1,1.122608817318112,1477.7417296329645,0.0,,3065972.349458193
2021-01-20 10:00:56.330,1,0.9885465477420962,1482.8951541476429,0.0,,3077726.300344822
2021-01-20 10:00:56.340,1,1.1212687313344378,1495.1454570713709,0.0,,3105712.061214591
2021-01-20 10:00:56.350,1,0.9117168424548836,1464.5401201407403,0.0,,3035845.510397134
2021-01-20 10:00:56.360,1,0.8580877392246533,1480.2033972766303,0.0,,3071575.2478546253
2021-01-20 10:00:56.370,1,1.1014449214624484,1487.2276801787314,0.0,,3087623.1338982983
2021-01-20 10:00:56.380,1,1.12970568157262,1478.2013240291296,0.0,,3067017.0104428306
2021-01-20 10:00:56.390,1,0.8438641295533907,1481.9407482771933,0.0,,3075540.005560145
2021-01-20 10:00:56.400,1,0.965268041063138,1470.0069270974727,0.0,,3048311.4052764964
2021-01-20 10:00:56.410,1,0.9945907463496488,1481.4193571115975,0.0,,3074358.948848639
2021-01-20 10:00:56.420,1,0.8968194410310429,1475.449358590892,0.0,,3060725.7110787244
2021-01-20 10:00:56.430,1,1.1254449505587765,1486.3103093988027,0.0,,3085528.774215126
2021-01-20 10:00:56.440,1,0.8091034769632633,1473.9610337910349,0.0,,3057325.013789565
2021-01-20 10:00:56.450,1,0.9160469233597514,1477.2913606502184,0.0,,3064929.207084359
2021-01-20 10:00:56.460,1,0.9410704975910086,1475.1174502170984,0.0,,3059971.985069122
2021-01-20 10:00:56.470,1,0.7887271030965046,1481.5450184514689,0.0,,3074634.553340375
2021-01-20 10:00:56.480,1,0.8604746049826081,1459.6184208855375,0.0,,3024619.374710296
2021-01-20 10:00:56.490,1,0.8971782576194685,1468.789283335428,0.0,,3045534.5097434
2021-01-20 10:00:56.500,1,1.1484978049407053,1473.7864606578146,0.0,,3056942.3934756205
2021-01-20 10:00:56.510,1,0.8061440261385198,1474.3814327806122,0.0,,3058283.320227719
2021-01-20 10:00:56.520,1,0.8619616589829685,1473.2055494487204,0.0,,3055602.0073578954
2021-01-20 10:00:56.530,0,1.070673064297445,1468.2871637785995,0.0,,3044396.0231195884
2021-01-20 10:00:56.540,0,0.978570281301952,1470.8475720222982,0.0,,3050228.6082419027
2021-01-20 10:00:56.550,0,0.8901666703293162,1486.0086517717898,0.0,,3084827.999283872
2021-01-20 10:00:56.560,0,0.8591410036679248,1477.4187804998069,0.0,,3065220.037971551
2021-01-20 10:00:56.570,0,0.9495867250028962,1475.6385284753574,0.0,,3061162.107922722
2021-01-20 10:00:56.580,0,0.8390268662979494,1485.0490724334472,0.0,,3082637.068376132
2021-01-20 10:00:56.590,0,0.9467477772316228,1488.4854838754677,0.0,,3090489.8627436575
2021-01-20 10:00:56.600,0,1.12452347169321,1476.5542480262452,0.0,,3063256.332671432
2021-01-20 10:00:56.610,0,1.2469772000534531,1480.207178611116,0.0,,3071603.9993581856
2021-01-20 10:00:56.620,0,0.845219857705332,1479.1249239956446,0.0,,3069114.0202188906
2021-01-20 10:00:56.630,0,1.2485518517115342,1490.3789125286166,0.0,,3094829.840020445
2021-01-20 10:00:56.640,0,0.8647706722111992,1459.6713526793262,0.0,,3024739.510049754
2021-01-20 10:00:56.650,0,0.8884172262263532,1432.4027910101904,0.0,,2962643.9158601216
2021-01-20 10:00:56.660,0,0.9435269510341442,1418.8740276269666,0.0,,2931885.1485903333
2021-01-20 10:00:56.670,0,1.0692605691175423,1364.4821515972938,0.0,,2808496.6894111987
2021-01-20 10:00:56.680,0,1.0033077592343431,1324.5860702717407,0.0,,2718302.337046491
2021-01-20 10:00:56.690,0,0.9801796557265934,1266.80354497465,0.0,,2588154.156900342
2021-01-20 10:00:56.700,0,0.7684028734805409,1197.4129134750608,0.0,,2432633.7236378845
2021-01-20 10:00:56.710,0,1.0152825567958532,1137.1601297945372,0.0,,2298340.6154197417
2021-01-20 10:00:56.720,0,0.7448369375211329,1079.2445595040178,0.0,,2169907.752066149
2021-01-20 10:00:56.730,0,0.6618724865443437,1013.059813292394,0.0,,2023987.4167852795
2021-01-20 10:00:56.740,0,0.7540735781923444,948.301732580237,0.0,,1882140.7138640373
2021-01-20 10:00:56.750,0,0.8084529075298327,882.9311335945308,0.0,,1739926.935083639
2021-01-20 10:00:56.760,0,0.6615270216240612,828.4711992082532,0.0,,1622245.0338655252
2021-01-20 10:00:56.770,0,0.6144823749233419,758.8117178829968,0.0,,1472853.640986947
2021-01-20 10:00:56.780,0,0.4508308140043184,704.5172587744753,0.0,,1357348.328483996
2021-01-20 10:00:56.790,0,0.5633531931399204,644.2637731631812,0.0,,1230224.1022340807
2021-01-20 10:00:56.800,0,0.4164511742594507,589.7921850445181,0.0,,1116297.9059952628
2021-01-20 10:00:56.810,0,0.4116073822939956,533.9907264634472,0.0,,1000694.3970423258
2021-01-20 10:00:56.820,0,0.4072767274571629,478.0791616063525,0.0,,886061.5624571439
2021-01-20 10:00:56.830,1,0.4276563450104306,435.82390576405663,0.0,,800314.9568656659
2021-01-20 10:00:56.840,1,0.3180697404428124,395.37926746497664,0.0,,718999.1405252176
2021-01-20 10:00:56.850,1,0.2341992059174295,352.4662559392334,0.0,,633641.6722888516
2021-01-20 10:00:56.860,1,0.2077073274596808,311.9230451949444,0.0,,553945.9073052552
2021-01-20 10:00:56.870,1,0.1940503615614841,273.09059050078645,1.0,,478582.239949337
2021-01-20 10:00:56.880,1,0.1687591957234709,241.95099668391515,1.0,,418908.82916998933
2021-01-20 10:00:56.890,1,0.1611584149297468,209.28539226008235,1.0,,357140.2656536063
2021-01-20 10:00:56.900,1,0.1688786002795071,182.2560980089237,1.0,,306742.1024006991
2021-01-20 10:00:56.910,1,0.1459814742984328,156.3554735796771,1.0,,259149.16908581648
2021-01-20 10:00:56.920,1,0.1107907601878792,132.46485227355748,1.0,,215943.87971357538
2021-01-20 10:00:56.930,1,0.1163355803821714,115.18030115049858,1.0,,185162.83526070902
2021-01-20 10:00:56.940,1,0.1035399710153114,109.86245835765564,1.0,,175783.0562639582
2021-01-20 10:00:56.950,1,0.0863990389911811,114.24656874385168,1.0,,183509.64120605297
2021-01-20 10:00:56.960,1,0.1120373242613754,128.2186492301143,1.0,,208341.22271574984
2021-01-20 10:00:56.970,1,0.1339399143409087,150.84704943490098,1.0,,249129.15731634916
2021-01-20 10:00:56.980,1,0.1229905974212792,179.0721919026619,1.0,,300849.6556479188
2021-01-20 10:00:56.990,1,0.1812012632940289,214.04209265664483,1.0,,366076.46699339297
2021-01-20 10:00:57.000,1,0.2112051632302899,249.8955739130768,1.0,,434066.62539891823
2021-01-20 10:00:57.010,1,0.2676087106805919,291.88562242755216,1.0,,514939.2099896598
2021-01-20 10:00:57.020,1,0.2148823231756253,334.94240818414767,0.0,,599078.9365456685
2021-01-20 10:00:57.030,1,0.2472835261546777,381.3012128647656,0.0,,690889.886398914
2021-01-20 10:00:57.040,1,0.3894237719910852,431.1596772856733,0.0,,790893.6320098422
2021-01-20 10:00:57.050,1,0.4378708623551573,488.7143273177044,0.0,,907772.8697273986
2021-01-20 10:00:57.060,1,0.4870793868007862,537.188706944213,0.0,,1007288.2503118294
2021-01-20 10:00:57.070,1,0.5428767076428425,592.7176778592311,0.0,,1122399.2102658066
2021-01-20 10:00:57.080,1,0.5145264519992684,655.1818363819009,0.0,,1253167.7772729145
2021-01-20 10:00:57.090,1,0.5341296096012269,706.6106320240082,0.0,,1361790.409499009
2021-01-20 10:00:57.100,1,0.5255504903526743,756.0808239030359,0.0,,1467015.2637505946
2021-01-20 10:00:57.110,1,0.5073143100401301,817.8067072749933,0.0,,1599280.461795656
2021-01-20 10:00:57.120,1,0.7057395512631486,864.3771513750728,0.0,,1699754.9707786227
2021-01-20 10:00:57.130,1,0.5719115060150843,911.8120853974392,0.0,,1802623.1152057447
2021-01-20 10:00:57.140,1,0.58157424824912,955.013691513281,0.0,,1896795.5309733693
2021-01-20 10:00:57.150,1,0.6013449589792405,1007.8395687695524,0.0,,2012516.069699087
2021-01-20 10:00:57.160,1,0.6752451970594752,1047.7279158714966,0.0,,2100306.4537137323
2021-01-20 10:00:57.170,1,0.6063070354020574,1078.0797836506492,0.0,,2167322.7185470164
2021-01-20 10:00:57.180,1,0.7282457527375988,1116.015841858334,0.0,,2251363.5049974173
2021-01-20 10:00:57.190,1,0.8900705137379876,1166.2357354983446,0.0,,2363061.3907995503
2021-01-20 10:00:57.200,1,0.7496869184644819,1190.2244201518424,0.0,,2416571.999119364
2021-01-20 10:00:57.210,1,0.7144150966518904,1234.6144785726135,0.0,,2515896.127300248
2021-01-20 10:00:57.220,1,0.7107188146168392,1265.5464855411412,0.0,,2585317.7764289645
2021-01-20 10:00:57.230,1,0.8554151591783123,1272.5211015558905,0.0,,2600999.2741128774
2021-01-20 10:00:57.240,1,0.9469428749200326,1308.241294072208,0.0,,2681427.6124425037
2021-01-20 10:00:57.250,1,0.8895232936896644,1335.267525369393,0.0,,2742420.3556419327
2021-01-20 10:00:57.260,1,0.8025525091517104,1357.8460777035468,0.0,,2793467.035502783
2021-01-20 10:00:57.270,1,0.8535934957628889,1367.9668755361552,0.0,,2816377.757754619
2021-01-20 10:00:57.280,1,0.7398991109750179,1394.0129332026636,0.0,,2875413.4257585197
2021-01-20 10:00:57.290,1,1.0105032963877243,1411.7905658839911,0.0,,2915790.8362302165
2021-01-20 10:00:57.300,1,1.0096250345176747,1420.051237281731,0.0,,2934564.5797830755
2021-01-20 10:00:57.310,1,0.9230146032484792,1431.5115421424807,0.0,,2960619.6261214237
2021-01-20 10:00:57.320,1,0.8435794440722961,1447.167955959318,0.0,,2996251.554580247
2021-01-20 10:00:57.330,1,0.6800509892556139,1446.027801321219,0.0,,2993645.7068699463
2021-01-20 10:00:57.340,1,0.9779660262167732,1470.6285212929508,0.0,,3049730.7623334695
2021-01-20 10:00:57.350,1,0.9472050421503,1460.7575479367408,0.0,,3027221.868157264
2021-01-20 10:00:57.360,1,0.7202464242740699,1493.4816755131048,0.0,,3101893.2096906216
2021-01-20 10:00:57.370,1,0.8467831177244353,1480.300391210338,0.0,,3071792.4338618056
2021-01-20 10:00:57.380,1,0.967231038590444,1486.6867436588807,0.0,,3086378.746900739
2021-01-20 10:00:57.390,1,0.9321790464010558,1497.3746993758407,0.0,,3110796.7473488483
2021-01-20 10:00:57.400,1,1.0331710359399036,1502.4913866578197,0.0,,3122495.9391831574
2021-01-20 10:00:57.410,1,1.0145753314682513,1516.139695770299,0.0,,3153708.0043270793
2021-01-20 10:00:57.420,1,0.7535236203713188,1501.5741856641175,0.0,,3120383.5021560313
2021-01-20 10:00:57.430,1,0.8630945087979969,1498.434279331868,0.0,,3113214.1429750635
2021-01-20 10:00:57.440,1,0.9346066683372756,1511.934992001297,0.0,,3144085.281168423
2021-01-20 10:00:57.450,1,0.8599178106975351,1505.9206697872687,0.0,,3130326.097647894
2021-01-20 10:00:57.460,1,0.8931562510368363,1498.7235778930954,0.0,,3113876.9082918465
2021-01-20 10:00:57.470,1,1.0322350459458929,1511.4934105971686,0.0,,3143078.2897016853
2021-01-20 10:00:57.480,1,0.7901406015208662,1503.989251822957,0.0,,3125909.1881955373
2021-01-20 10:00:57.490,1,1.067979577155434,1514.4396192169809,0.0,,3149819.586200318
2021-01-20 10:00:57.500,1,1.0123590678670724,1516.3746276307193,0.0,,3154245.4477978796
2021-01-20 10:00:57.510,1,0.94244051531458,1500.8838709326376,0.0,,3118816.0245606797
2021-01-20 10:00:57.520,1,0.94575935398053,1512.2379749488828,0.0,,3144780.459306742
2021-01-20 10:00:57.530,1,0.8960706883738168,1499.566539242015,0.0,,3115803.111701162
2021-01-20 10:00:57.540,1,0.7869865097992702,1500.1272118657275,0.0,,3117080.2941005747
2021-01-20 10:00:57.550,1,1.0971290000951193,1502.535617677859,0.0,,3122601.2190004867
2021-01-20 10:00:57.560,1,0.9664575392228962,1490.6622002342858,0.0,,3095461.1535058157
2021-01-20 10:00:57.570,1,1.2004765373967317,1496.3432951623995,0.0,,3108451.532394449
2021-01-20 10:00:57.580,1,1.0730433929665282,1509.5614218788198,0.0,,3138658.100607615
2021-01-20 10:00:57.590,1,1.2449239582669234,1490.9193902842069,0.0,,3096063.3807654534
2021-01-20 10:00:57.600,1,0.8772986875107275,1481.8867114023517,0.0,,3075416.9189294134
2021-01-20 10:00:57.610,1,1.2076087846747212,1493.0139953878297,0.0,,3100843.060188627
2021-01-20 10:00:57.620,1,1.1631878831772011,1485.754612218535,0.0,,3084263.9601238845
2021-01-20 10:00:57.630,1,1.2410832850498934,1485.9175209806228,0.0,,3084639.907238121
2021-01-20 10:00:57.640,1,1.2377724259736276,1472.999504726026,0.0,,3055149.32876572
2021-01-20 10:00:57.650,1,0.9307646593282364,1493.371206071162,0.0,,3101650.1727791787
2021-01-20 10:00:57.660,1,1.3115953868084629,1493.548914092531,0.0,,3102075.491061129
2021-01-20 10:00:57.670,1,1.1021201910339609,1486.2348984307516,0.0,,3085355.4267930714
2021-01-20 10:00:57.680,1,1.1358330370946346,1472.5240428546326,0.0,,3054065.607877318
2021-01-20 10:00:57.690,1,1.1926935542138437,1473.9461729641555,0.0,,3057311.080133151
2021-01-20 10:00:57.700,1,1.1313491189781504,1467.6210584536968,0.0,,3042879.207875347
2021-01-20 10:00:57.710,1,1.0518858157531128,1478.2717169202442,0.0,,3067173.0118049225
2021-01-20 10:00:57.720,1,0.9968179028470447,1475.0603787353796,0.0,,3059844.5991203883
2021-01-20 10:00:57.730,1,1.191762492118828,1463.045087246178,0.0,,3032447.8136480213
2021-01-20 10:00:57.740,1,1.288262844470098,1460.8537578650332,0.0,,3027458.35242369
2021-01-20 10:00:57.750,1,1.3778308784033897,1467.0028903424634,0.0,,3041484.3490431793
2021-01-20 10:00:57.760,1,1.4625547823937477,1449.115896993428,0.0,,3000720.5219271923
2021-01-20 10:00:57.770,1,1.2644672438439188,1476.1699556895444,0.0,,3062387.4487695983
2021-01-20 10:00:57.780,0,1.125298979177062,1465.9431381123252,0.0,,3039053.9639995126
2021-01-20 10:00:57.790,0,1.0578869573935608,1445.8059180531152,0.0,,2993160.117566301
2021-01-20 10:00:57.800,0,1.028592131396109,1476.7226530327316,0.0,,3063639.909742774
2021-01-20 10:00:57.810,0,1.345288909327753,1471.439762862492,0.0,,3051595.9723353502
2021-01-20 10:00:57.820,0,1.1208075274187224,1458.7131341971133,0.0,,3022566.4940660973
2021-01-20 10:00:57.830,0,1.2694886236755312,1457.1268266338354,0.0,,3018961.729506508
2021-01-20 10:00:57.840,0,1.275028203884905,1472.4854059761535,0.0,,3053984.003007302
2021-01-20 10:00:57.850,0,1.4232457959703158,1455.8516204839657,0.0,,3016063.0285348366
2021-01-20 10:00:57.860,0,1.075886583551872,1469.0501211803974,0.0,,3046139.7270830055
2021-01-20 10:00:57.870,0,1.2999074515020757,1453.361233372175,0.0,,3010381.6324822553
2021-01-20 10:00:57.880,0,1.1671579487596018,1468.4192631098388,0.0,,3044705.6384625155
2021-01-20 10:00:57.890,0,1.263198785274348,1435.3351611285746,0.0,,2969335.1792392996
2021-01-20 10:00:57.900,1,1.2904474428531014,1408.8836499020545,0.0,,2909197.4928586045
2021-01-20 10:00:57.910,1,1.218353568276428,1380.0687090239255,0.0,,2843818.599255927
2021-01-20 10:00:57.920,1,1.1782222342833018,1331.5747213538327,0.0,,2734095.1926784557
2021-01-20 10:00:57.930,1,1.2863211965023065,1282.7562960186883,0.0,,2624040.117757891
2021-01-20 10:00:57.940,1,1.1956379555285548,1224.5272093924862,0.0,,2493316.8122523334
2021-01-20 10:00:57.950,1,1.243859883412605,1157.06004117737,0.0,,2342636.4249648023
2021-01-20 10:00:57.960,1,0.8808387117103809,1106.339178595545,0.0,,2229906.9507587617
2021-01-20 10:00:57.970,1,0.9282957100613988,1047.3847356580122,0.0,,2099562.991824154
2021-01-20 10:00:57.980,1,0.8636747257584301,972.656760496866,0.0,,1935384.7902979911
2021-01-20 10:00:57.990,1,0.9355122495819076,926.0855756746604,0.0,,1833706.1469108807
2021-01-20 10:00:58.000,1,0.6720550184791584,854.3537867254988,0.0,,1678079.1335219457
2021-01-20 10:00:58.010,1,0.7613980895849723,810.4264354044072,0.0,,1583427.092935301
2021-01-20 10:00:58.020,1,0.7299527318149653,776.5163578994177,0.0,,1510703.0422741892
2021-01-20 10:00:58.030,1,0.6342383602827193,743.4296628750229,0.0,,1440045.4325295931
2021-01-20 10:00:58.040,1,0.6400000116516589,735.0730702208087,0.0,,1422251.8163329305
2021-01-20 10:00:58.050,1,0.605336378848548,739.4436852210467,0.0,,1431554.1884337703
2021-01-20 10:00:58.060,1,0.5722186329827985,743.1096694266568,0.0,,1439360.477983763
2021-01-20 10:00:58.070,1,0.5165777555159456,746.8326206386913,0.0,,1447293.6700050803
2021-01-20 10:00:58.080,1,0.6248250933196778,767.3972776867331,0.0,,1491195.114703187
2021-01-20 10:00:58.090,1,0.6609721334803715,781.7418912168187,0.0,,1521885.469944462
2021-01-20 10:00:58.100,1,0.5804242090222451,798.8803925474248,0.0,,1558618.6431130888
2021-01-20 10:00:58.110,1,0.6256524970479219,837.7609529945415,0.0,,1642269.5339839675
2021-01-20 10:00:58.120,1,0.8758736538427541,860.9267503016703,0.0,,1692296.460869091
2021-01-20 10:00:58.130,1,0.8114012607784578,896.2387007596412,0.0,,1768799.5215939106
2021-01-20 10:00:58.140,1,0.7248032409576385,923.1143130396168,0.0,,1827225.9699596355
2021-01-20 10:00:58.150,1,0.9247168515386462,956.5342575150604,0.0,,1900132.1050553448
2021-01-20 10:00:58.160,1,0.8215745900101113,994.7340782414066,0.0,,1983758.8331695993
2021-01-20 10:00:58.170,1,1.0200224839043284,1029.109374014394,0.0,,2059302.078908152
2021-01-20 10:00:58.180,1,0.8726648783100688,1058.8566095532049,0.0,,2124869.8662938247
2021-01-20 10:00:58.190,1,1.0493678033892029,1082.692956774618,0.0,,2177547.534456662
2021-01-20 10:00:58.200,1,1.029177813408409,1123.7608981957053,0.0,,2268571.0535635403
2021-01-20 10:00:58.210,1,0.9332042676325836,1150.6367974513064,0.0,,2328323.0678490633
2021-01-20 10:00:58.220,1,1.1853471588851323,1175.3545497679802,0.0,,2383406.6713217017
2021-01-20 10:00:58.230,1,0.970770146990478,1215.5718103054946,0.0,,2473257.9496595925
2021-01-20 10:00:58.240,1,1.2063094640350684,1232.0125872054805,0.0,,2510086.665430047
2021-01-20 10:00:58.250,1,0.9020203706143768,1272.8594685616326,0.0,,2601759.816973795
2021-01-20 10:00:58.260,1,1.286072584677926,1285.5832619673226,0.0,,2630408.9699339205
2021-01-20 10:00:58.270,1,0.8825814434158321,1309.8081910463886,0.0,,2684956.550729518
2021-01-20 10:00:58.280,1,1.279961187932174,1324.0091238520629,0.0,,2717014.0778238284
2021-01-20 10:00:58.290,1,1.3109951003839102,1350.1783441788134,0.0,,2776145.7504391205
2021-01-20 10:00:58.300,1,0.9708624697710052,1372.068922328289,0.0,,2825676.3205087804
2021-01-20 10:00:58.310,1,1.3503691195810072,1386.8698197093438,0.0,,2859239.5468320954
2021-01-20 10:00:58.320,1,1.2740231536957412,1397.1383201443264,0.0,,2882532.2729893224
2021-01-20 10:00:58.330,1,1.1845407571454771,1404.2857961683249,0.0,,2898755.5233011306
2021-01-20 10:00:58.340,1,1.1717143840508912,1426.519800328498,0.0,,2949281.342042825
2021-01-20 10:00:58.350,1,1.1687679412627183,1426.157746088005,0.0,,2948454.6250189063
2021-01-20 10:00:58.360,1,1.0345765585427475,1445.2568687580026,0.0,,2991911.5313929385
2021-01-20 10:00:58.370,1,1.288237640091368,1454.4051763380628,0.0,,3012758.9338198574
2021-01-20 10:00:58.380,1,1.1036968055228449,1449.532906114904,0.0,,3001651.085337596
2021-01-20 10:00:58.390,1,1.2549902807215665,1471.842142221044,0.0,,3052517.8890885077
2021-01-20 10:00:58.400,1,1.4051366322134209,1479.0191675327624,0.0,,3068896.6598147033
2021-01-20 10:00:58.410,1,1.3842817911345089,1470.5684134354208,0.0,,3049613.736399025
2021-01-20 10:00:58.420,1,1.1651484446002611,1496.1898575918187,0.0,,3108099.4574758145
2021-01-20 10:00:58.430,1,1.5623447696401167,1481.627126306031,0.0,,3074858.299697752
2021-01-20 10:00:58.440,1,1.5036943196422776,1495.5416173553929,0.0,,3106632.303678001
2021-01-20 10:00:58.450,1,1.5412652270272436,1492.3364334836926,0.0,,3099314.436701318
2021-01-20 10:00:58.460,1,1.1040334035883606,1492.6541146567404,0.0,,3100018.552541353
2021-01-20 10:00:58.470,1,1.181852036705593,1481.678983824637,0.0,,3074957.9580295
2021-01-20 10:00:58.480,1,1.4739504218102315,1492.3826742913343,0.0,,3099417.6163700367
2021-01-20 10:00:58.490,1,1.359029123342652,1492.934354810899,0.0,,3100670.9610521984
2021-01-20 10:00:58.500,1,1.1448169015046812,1509.7071508990948,0.0,,3138996.68923884
2021-01-20 10:00:58.510,1,1.4467693168003803,1496.286092700114,0.0,,3108332.3960942742
2021-01-20 10:00:58.520,1,1.6591443655658509,1493.3902152269873,0.0,,3101731.5160865206
2021-01-20 10:00:58.530,1,1.1793460578621269,1487.0403713382889,0.0,,3087200.01511469
2021-01-20 10:00:58.540,1,1.3662369901942844,1500.092594193701,0.0,,3117030.4152712305
2021-01-20 10:00:58.550,1,1.5109155576990745,1488.330932803457,0.0,,3090163.4340114566
2021-01-20 10:00:58.560,1,1.5598166001235805,1488.0232397472946,0.0,,3089466.185350506
2021-01-20 10:00:58.570,1,1.1276912069063891,1497.0060439830288,0.0,,3109962.433886358
2021-01-20 10:00:58.580,1,1.6040106015068984,1498.6006205789154,0.0,,3113632.845497431
2021-01-20 10:00:58.590,1,1.2179101304246651,1485.660691259669,0.0,,3084052.2868926018
2021-01-20 10:00:58.600,1,1.6606202278643392,1499.0283886204145,0.0,,3114612.9720312296
2021-01-20 10:00:58.610,1,1.3651708261189992,1488.1341281538596,0.0,,3089704.533147487
2021-01-20 10:00:58.620,1,1.509238313542824,1486.2277356113111,0.0,,3085356.2307612407
2021-01-20 10:00:58.630,1,1.2456952246027566,1476.4845922602328,0.0,,3063106.4179122965
2021-01-20 10:00:58.640,1,1.5009139692817035,1470.792433236351,0.0,,3050130.7257288545
2021-01-20 10:00:58.650,1,1.430146844506654,1490.0435588207208,0.0,,3094072.887504631
2021-01-20 10:00:58.660,1,1.1865395078316625,1491.5365035959271,0.0,,3097465.90794092
2021-01-20 10:00:58.670,1,1.3297798717804197,1492.4611522685157,0.0,,3099589.563308085
2021-01-20 10:00:58.680,1,1.452485668794944,1484.3090907162314,0.0,,3080978.366794968
2021-01-20 10:00:58.690,1,1.5897863510150525,1497.1414688884454,0.0,,3110299.969460396
2021-01-20 10:00:58.700,1,1.2136977486082512,1481.3284635020711,0.0,,3074158.592562249
2021-01-20 10:00:58.710,1,1.4202921924069922,1481.756307763762,0.0,,3075144.9982071817
2021-01-20 10:00:58.720,1,1.2003995898234667,1489.4434340677374,0.0,,3092692.756973785
2021-01-20 10:00:58.730,1,1.1829776010945374,1487.2773155761631,0.0,,3087738.9682412697
2021-01-20 10:00:58.740,1,1.1477460847685734,1490.873749143412,0.0,,3095954.584877926
2021-01-20 10:00:58.750,1,1.3607283222171078,1487.8959610419552,0.0,,3089163.0930662593
2021-01-20 10:00:58.760,1,1.140573982262449,1483.3428721281298,0.0,,3078752.883573365
2021-01-20 10:00:58.770,1,1.094391904174875,1475.6112319164197,0.0,,3061106.062942778
2021-01-20 10:00:58.780,1,1.3071721343033544,1498.5360920119688,0.0,,3113469.253289086
2021-01-20 10:00:58.790,1,1.5883295036158152,1511.4814249761623,0.0,,3143076.596091003
2021-01-20 10:00:58.800,1,1.1420406653412591,1492.3670979067367,0.0,,3099364.9807292046
2021-01-20 10:00:58.810,1,1.2537381601141084,1490.2125710658004,0.0,,3094444.8150384827
2021-01-20 10:00:58.820,1,1.2117945945836224,1489.8182988851368,0.0,,3093546.901436817
2021-01-20 10:00:58.830,1,1.4828544386424307,1498.961050782585,0.0,,3114448.9323400874
2021-01-20 10:00:58.840,1,1.0866930488528943,1496.3277004221873,0.0,,3108406.7408800353
2021-01-20 10:00:58.850,0,1.3170207491916532,1486.0014228404953,0.0,,3084831.46036247
2021-01-20 10:00:58.860,0,1.0825832682031886,1488.0940005721868,0.0,,3089599.3633058267
2021-01-20 10:00:58.870,0,1.1632477256109917,1489.7398760481651,0.0,,3093366.413533602
2021-01-20 10:00:58.880,0,1.1461319032636168,1500.6043700801074,0.0,,3118189.836801228
2021-01-20 10:00:58.890,0,1.226348066326175,1498.8490227752254,0.0,,3114182.9074686035
2021-01-20 10:00:58.900,0,1.4380420477178704,1497.506231181149,0.0,,3111121.6002603555
2021-01-20 10:00:58.910,0,1.4758380042752937,1485.9729145099209,0.0,,3084779.447673116
2021-01-20 10:00:58.920,0,1.324237861205728,1489.4250757689038,0.0,,3092651.752637873
2021-01-20 10:00:58.930,0,1.4491115070847111,1498.1807495841504,0.0,,3112665.162452277
2021-01-20 10:00:58.940,0,1.3836087909216397,1496.7564276536768,0.0,,3109403.260274505
2021-01-20 10:00:58.950,0,1.237589657416249,1495.624605474497,0.0,,3106808.323978458
2021-01-20 10:00:58.960,0,1.2642719082899117,1481.9664767971522,0.0,,3075617.669149654
2021-01-20 10:00:58.970,0,0.9222314539032018,1463.6576881042554,0.0,,3033831.238844627
2021-01-20 10:00:58.980,0,0.9537636558394396,1434.017326942589,0.0,,2966321.4430181407
2021-01-20 10:00:58.990,0,1.251721287039059,1374.904516603582,0.0,,2832113.781163516
2021-01-20 10:00:59.000,0,1.1703355583664885,1328.4445292205833,0.0,,2727021.2049276903
2021-01-20 10:00:59.010,0,0.926273832769772,1275.229260729481,0.0,,2607095.0262830663
2021-01-20 10:00:59.020,0,0.7750335962656926,1216.0368298369826,0.0,,2474286.114442428
2021-01-20 10:00:59.030,0,0.7912202017332787,1161.305759319849,0.0,,2352072.842145653
2021-01-20 10:00:59.040,0,0.8963663565503148,1097.703602868537,0.0,,2210777.104919996
2021-01-20 10:00:59.050,0,0.8248340710487323,1025.457738959642,0.0,,2051257.57731556
2021-01-20 10:00:59.060,0,0.6880777728107971,961.6773415775052,0.0,,1911361.2354900301
2021-01-20 10:00:59.070,0,0.7922421056537192,897.4821925143283,0.0,,1771495.589748326
2021-01-20 10:00:59.080,0,0.5801004899551369,829.8910603102443,0.0,,1625303.471721832
2021-01-20 10:00:59.090,0,0.5709029217825281,768.290463714487,0.0,,1493098.0941945298
2021-01-20 10:00:59.100,0,0.5596106118901509,707.5587037119823,0.0,,1363796.8021411404
2021-01-20 10:00:59.110,0,0.4683855336025833,646.220815809682,0.0,,1234326.7523205997
2021-01-20 10:00:59.120,0,0.439341436350864,594.0281825014653,0.0,,1125121.8607956904
2021-01-20 10:00:59.130,0,0.3355843709438597,535.1006403132728,0.0,,1002977.3000514521
2021-01-20 10:00:59.140,0,0.4105323125444495,488.0306610479652,0.0,,906373.314085218
2021-01-20 10:00:59.150,0,0.3187936671542229,440.91281265695335,0.0,,810589.769242272
2021-01-20 10:00:59.160,0,0.3659276646045464,395.7870837577607,0.0,,719821.4048489591
2021-01-20 10:00:59.170,0,0.3068761115356911,354.2969200559264,0.0,,637266.1909582567
2021-01-20 10:00:59.180,0,0.2628858739966949,313.88267316616964,1.0,,557781.7813292306
2021-01-20 10:00:59.190,0,0.233067885727748,277.2932345328751,1.0,,486687.68109054037
2021-01-20 10:00:59.200,0,0.1676635483842488,240.9049225443169,1.0,,416917.66757272556
2021-01-20 10:00:59.210,0,0.1596550775567152,212.73331707873905,1.0,,363610.9422591981
2021-01-20 10:00:59.220,0,0.1494788767963474,184.1620117946475,1.0,,310273.6136478901
2021-01-20 10:00:59.230,0,0.1109656197008758,157.26330453138314,1.0,,260806.59456866828
2021-01-20 10:00:59.240,0,0.105353047281125,133.42514000456538,2.0,,217665.8013587063
2021-01-20 10:00:59.250,0,0.0880923739213311,112.94876362694772,2.0,,181218.69547852373
2021-01-20 10:00:59.260,0,0.0805906568491986,92.83572351192532,2.0,,146058.62935418225
2021-01-20 10:00:59.270,0,0.0614378471743659,75.48582220212543,2.0,,116333.28450926051
2021-01-20 10:00:59.280,0,0.0590965100212319,59.95405942259036,2.0,,90295.81528464968
2021-01-20 10:00:59.290,0,0.0322625028375779,46.061487225383736,2.0,,67572.61278069919
2021-01-20 10:00:59.300,0,0.0271427854122943,33.56534735262115,2.0,,47703.355735505575
2021-01-20 10:00:59.310,0,0.0150491022050977,22.84386435031288,2.0,,31247.589961037775
2021-01-20 10:00:59.320,0,0.008288536437152,13.327652960781451,2.0,,17279.450199597908
2021-01-20 10:00:59.330,0,0.0004003361927596,5.122103862234641,2.0,,6040.556136361213
2021-01-20 10:00:59.340,0,-0.002253806671404,0.0,2.0,,10.02245866057669
2021-01-20 10:00:59.350,0,-0.0100833507187629,0.0,2.0,,12.597163145493829
2021-01-20 10:00:59.360,0,-0.016114330416276,0.0,2.0,,6.804703903685823
2021-01-20 10:00:59.370,0,-0.0125390487331294,0.0,2.0,,11.538634071461326
2021-01-20 10:00:59.380,0,-0.0200179893615404,0.0,2.0,,13.76501388537901
2021-01-20 10:00:59.390,0,-0.0183858657480394,0.0,2.0,,8.046904164652007
2021-01-20 10:00:59.400,0,-0.0277995673722961,0.0,2.0,,13.906685147264998
2021-01-20 10:00:59.410,0,-0.025252295974024,0.0,2.0,,9.604360732172928
2021-01-20 10:00:59.420,0,-0.0145329798222259,0.0,2.0,,9.906147900462415
2021-01-20 10:00:59.430,0,-0.0331404509938789,0.0,2.0,,10.729799935443355
2021-01-20 10:00:59.440,0,-0.0405711344267316,0.0,2.0,,9.893410404769494
2021-01-20 10:00:59.450,0,-0.0255035878905032,0.0,2.0,,11.167781883572042
2021-01-20 10:00:59.460,0,-0.0275260791291084,0.0,2.0,,12.413581168351026
2021-01-20 10:00:59.470,0,-0.033463684487871,0.0,2.0,,6.615782375028317
2021-01-20 10:00:59.480,0,-0.0225309533608651,0.0,2.0,,8.314616500182932
2021-01-20 10:00:59.490,0,-0.024239973351843,0.0,2.0,,10.36313190831125
2021-01-20 10:00:59.500,0,-0.023588168595395,0.0,2.0,,12.52796358676852
2021-01-20 10:00:59.510,0,-0.0236531774371643,0.0,2.0,,6.883143292764574
2021-01-20 10:00:59.520,0,-0.0176979408072142,0.0,2.0,,7.492230550400766
2021-01-20 10:00:59.530,0,-0.0280836992126777,0.0,2.0,,9.862503864734666
2021-01-20 10:00:59.540,0,-0.0242712622056445,0.0,2.0,,3.144261593755515
2021-01-20 10:00:59.550,0,-0.0214088588900046,0.0,2.0,,10.496189289739428
2021-01-20 10:00:59.560,0,-0.0202285241011435,0.0,2.0,,9.758073112273818
2021-01-20 10:00:59.570,0,-0.01739378616995,0.0,2.0,,13.951684953587577
2021-01-20 10:00:59.580,0,-0.0249098053055112,0.0,2.0,,9.229002106849148
2021-01-20 10:00:59.590,0,-0.0154344662079794,0.0,2.0,,11.549531177812487
2021-01-20 10:00:59.600,0,-0.0164003375218837,0.0,2.0,,7.966611213752518
2021-01-20 10:00:59.610,0,-0.0109624168226537,0.0,2.0,,9.489471679259628
2021-01-20 10:00:59.620,0,-0.0091885770231346,0.0,2.0,,14.024546144417593
2021-01-20 10:00:59.630,0,-0.0036784994596632,0.0,2.0,,5.667120393201573
2021-01-20 10:00:59.640,1,-0.0027826228085755,0.0,2.0,,5.555914090090495
2021-01-20 10:00:59.650,1,-0.0146407820263612,0.0,2.0,,12.622526988058857
2021-01-20 10:00:59.660,1,-0.0091943144576001,0.0,2.0,,10.314834746669804
2021-01-20 10:00:59.670,1,-0.0122690818186924,0.0,2.0,,8.424912530956231
2021-01-20 10:00:59.680,1,-0.0039181085777532,0.0,2.0,,11.546512603781563
2021-01-20 10:00:59.690,1,-0.0093352606162997,0.0,2.0,,9.573425357553772
2021-01-20 10:00:59.700,1,-0.0030607016384781,0.0,2.0,,12.996619601818269
2021-01-20 10:00:59.710,1,-0.0072546653263879,0.0,2.0,,8.811175500762388
2021-01-20 10:00:59.720,1,-0.0055858905922513,0.0,2.0,,11.318781664893896
2021-01-20 10:00:59.730,1,-0.00361672557012,0.0,2.0,,9.166876351400898
2021-01-20 10:00:59.740,1,-0.0042744162600491,0.0,2.0,,10.841167278554472
2021-01-20 10:00:59.750,1,0.005393334725383,4.568179168697375,2.0,,5331.735431067981
2021-01-20 10:00:59.760,1,0.023037941596458,17.035991421073458,2.0,,22636.047115627625
2021-01-20 10:00:59.770,1,0.0429730883117569,34.13735253284555,2.0,,48600.236702392365
2021-01-20 10:00:59.780,1,0.0491380478298705,55.360654171805145,2.0,,82714.34732040447
2021-01-20 10:00:59.790,1,0.0857001322251509,80.20122838076466,2.0,,124348.70880113021
2021-01-20 10:00:59.800,1,0.1029880885999132,106.39045024268282,2.0,,169682.65487564684
2021-01-20 10:00:59.810,1,0.1072451745567423,136.47954137425103,2.0,,223152.22954962493
2021-01-20 10:00:59.820,1,0.1354151960306253,165.97466119363432,1.0,,276735.6067143063
2021-01-20 10:00:59.830,1,0.1572297798901944,200.93795579691087,1.0,,341499.3359559131
2021-01-20 10:00:59.840,1,0.1808373273437557,237.5034399873956,1.0,,410446.6638087175
2021-01-20 10:00:59.850,1,0.2422971369773071,277.0478437260679,1.0,,486216.209459842
2021-01-20 10:00:59.860,1,0.3015062733485349,322.8946152320948,1.0,,575415.9551379171
2021-01-20 10:00:59.870,1,0.3838405572077045,365.4092988028008,0.0,,659292.0178065491
2021-01-20 10:00:59.880,1,0.2942278526286317,409.8016548921559,0.0,,747899.7435757577
2021-01-20 10:00:59.890,1,0.3535657793946608,467.3230759722605,0.0,,864157.7157214332
2021-01-20 10:00:59.900,1,0.3635151840516656,514.3537292254206,0.0,,960283.8959509415
2021-01-20 10:00:59.910,1,0.4236664624982167,566.0626938917943,0.0,,1066998.9913917377
2021-01-20 10:00:59.920,1,0.5519601085118504,622.3699258443257,0.0,,1184314.6734882153
2021-01-20 10:00:59.930,1,0.4730935827869281,676.3075893104183,0.0,,1297690.4736697467
2021-01-20 10:00:59.940,1,0.7208281766120803,732.4682888954753,0.0,,1416711.3513821638
2021-01-20 10:00:59.950,1,0.7046154267609201,780.6648732028226,0.0,,1519581.105396639
2021-01-20 10:00:59.960,1,0.5841051750237944,825.0792570419268,0.0,,1614941.0602252532
2021-01-20 10:00:59.970,1,0.6098908383700756,877.7189381124092,0.0,,1728627.4625255046
2021-01-20 10:00:59.980,1,0.7412993463321574,925.8701898142008,0.0,,1833228.0573248104
2021-01-20 10:00:59.990,1,0.7407288154204503,959.8950002560656,0.0,,1907461.7900915637
2021-01-20 10:01:00.000,1,0.8066928278534857,1001.66386337099,0.0,,1998963.8479126845
2021-01-20 10:01:00.010,1,0.7758266084998475,1052.5152688664966,0.0,,2110867.2086677686
2021-01-20 10:01:00.020,1,0.8870883412413341,1082.7248509604517,0.0,,2177615.082044644
2021-01-20 10:01:00.030,1,0.8763520589507612,1112.158497142862,0.0,,2242816.8554773056
2021-01-20 10:01:00.040,1,0.922467110923898,1137.759087574242,0.0,,2299673.07990974
2021-01-20 10:01:00.050,1,0.8517938189778009,1185.328085290726,0.0,,2405648.2620717
2021-01-20 10:01:00.060,1,1.1331741129021875,1209.765503780072,0.0,,2460270.2296129256
2021-01-20 10:01:00.070,1,0.8906618218513124,1239.0679263661384,0.0,,2525886.452232439
2021-01-20 10:01:00.080,1,1.0912172877000472,1254.4546873927677,0.0,,2560417.0393761885
2021-01-20 10:01:00.090,1,0.8032315684863401,1283.5475280428527,0.0,,2625798.5338827935
2021-01-20 10:01:00.100,1,1.1809862270350553,1296.1961730909695,0.0,,2654295.846514587
2021-01-20 10:01:00.110,1,0.9198551632583436,1301.7401425370724,0.0,,2666770.2536002705
2021-01-20 10:01:00.120,1,0.8672664666961138,1324.8269579956705,0.0,,2718838.4002308417
2021-01-20 10:01:00.130,1,0.9439403100309084,1345.6075333135802,0.0,,2765792.274845262
2021-01-20 10:01:00.140,1,1.2030907340127606,1352.199154985472,0.0,,2780711.7253096127
2021-01-20 10:01:00.150,1,0.9740146879312236,1381.2806209865466,0.0,,2846550.6901238835
2021-01-20 10:01:00.160,1,1.040991325808141,1384.5819163601382,0.0,,2854040.2949584126
2021-01-20 10:01:00.170,1,1.0310438139687923,1400.5565622123647,0.0,,2890282.747881032
2021-01-20 10:01:00.180,1,1.296647262945142,1401.4784664532922,0.0,,2892389.5542906965
2021-01-20 10:01:00.190,1,0.9440422780032636,1403.4548819122626,0.0,,2896857.2986207926
2021-01-20 10:01:00.200,1,1.3074887623192286,1419.357758674983,0.0,,2933003.031044404
2021-01-20 10:01:00.210,1,0.9988566795750532,1421.8981254303071,0.0,,2938764.1653598705
2021-01-20 10:01:00.220,1,0.989006059072285,1428.8652635168155,0.0,,2954604.6743655466
2021-01-20 10:01:00.230,1,1.1161096630229064,1444.203996464466,0.0,,2989513.4929472203
2021-01-20 10:01:00.240,1,0.9757805956744818,1437.6940262782184,0.0,,2974688.946794481
2021-01-20 10:01:00.250,1,1.1881105655438249,1433.359228943762,0.0,,2964839.0442950707
2021-01-20 10:01:00.260,1,1.2122713268670464,1439.5284732724294,0.0,,2978875.6032068073
2021-01-20 10:01:00.270,1,0.9991759948198548,1442.4522441076322,0.0,,2985522.2438815865
2021-01-20 10:01:00.280,1,1.30167144462564,1448.9124443742292,0.0,,3000245.7632795386
2021-01-20 10:01:00.290,1,1.0540371075134185,1440.637968356043,0.0,,2981391.607907296
2021-01-20 10:01:00.300,1,0.9765858987373304,1458.8970823925213,0.0,,3022980.202254132
2021-01-20 10:01:00.310,1,1.3704146776868764,1435.8851067004405,0.0,,2970590.1609498737
2021-01-20 10:01:00.320,1,0.9372129382001176,1432.0043112966553,0.0,,2961744.4334789556
2021-01-20 10:01:00.330,1,1.0599584441957446,1438.9659342145358,0.0,,2977589.589861718
2021-01-20 10:01:00.340,1,1.1503896505672433,1444.3412582569283,0.0,,2989828.308084045
2021-01-20 10:01:00.350,1,1.10710955997697,1453.0964358474191,0.0,,3009770.3879405214
2021-01-20 10:01:00.360,1,1.3200391716396291,1458.116356167255,0.0,,3021220.387093785
2021-01-20 10:01:00.370,1,0.9634427833130024,1449.4931905197343,0.0,,3001554.5826557465
2021-01-20 10:01:00.380,1,1.1694856289524942,1453.607467352474,0.0,,3010937.636568448
2021-01-20 10:01:00.390,1,1.0187300612000885,1459.018199823094,0.0,,3023259.1059902604
2021-01-20 10:01:00.400,1,1.3604863769330726,1447.7043777429503,0.0,,2997501.4528334024
2021-01-20 10:01:00.410,1,0.9539816378297252,1448.2245814850455,0.0,,2998666.1212832034
2021-01-20 10:01:00.420,1,0.9812791679651396,1447.433122356422,0.0,,2996862.2388684875
2021-01-20 10:01:00.430,1,0.9888701495894658,1440.8564673002454,0.0,,2981889.450246523
2021-01-20 10:01:00.440,1,1.2183461631304189,1444.2577583200818,0.0,,2989643.4017664273
2021-01-20 10:01:00.450,1,1.4084479670583083,1440.5499538067795,0.0,,2981212.264385124
2021-01-20 10:01:00.460,1,1.023124993988917,1446.1221096695597,0.0,,2993880.1830598954
2021-01-20 10:01:00.470,1,1.1329719067409492,1451.6562439510983,0.0,,3006490.897750406
2021-01-20 10:01:00.480,1,1.2054095468416135,1449.9098441497156,0.0,,3002517.322235274
2021-01-20 10:01:00.490,1,1.3910920376514269,1444.0915450303924,0.0,,2989273.0362144425
2021-01-20 10:01:00.500,1,1.2284012710810956,1436.8653371141254,0.0,,2972816.6420727335
2021-01-20 10:01:00.510,1,1.0980827083008728,1444.2338931655966,0.0,,2989584.4073327994
2021-01-20 10:01:00.520,1,1.337749059126925,1441.2736476969333,0.0,,2982852.5445485776
2021-01-20 10:01:00.530,1,1.3059004272929764,1436.381592884253,0.0,,2971719.5228034034
2021-01-20 10:01:00.540,1,1.0193170588337228,1435.117348495624,0.0,,2968827.733845373
2021-01-20 10:01:00.550,1,1.1104964384706817,1438.787302940984,0.0,,2977185.7223624988
2021-01-20 10:01:00.560,1,1.1746150880439834,1451.8610641073324,0.0,,3006957.3858690816
2021-01-20 10:01:00.570,1,1.3439775237082396,1436.3537932641214,0.0,,2971655.5425918275
2021-01-20 10:01:00.580,1,1.0536364412168286,1441.319284145049,0.0,,2982942.8024068954
2021-01-20 10:01:00.590,0,1.3111947444157102,1426.4225373656302,0.0,,2949067.961247836
2021-01-20 10:01:00.600,0,0.9767145176701983,1446.3692625274127,0.0,,2994438.5495539485
2021-01-20 10:01:00.610,0,1.0248909768252434,1449.1551961114471,0.0,,3000788.675850668
2021-01-20 10:01:00.620,0,1.3022182135405391,1434.3663108291794,0.0,,2967134.691550882
2021-01-20 10:01:00.630,0,1.2092693076232102,1426.3472293834202,0.0,,2948884.1663224967
2021-01-20 10:01:00.640,0,1.352225451841618,1428.6263745892184,0.0,,2954079.29270453
2021-01-20 10:01:00.650,0,1.123345619933216,1425.478528886004,0.0,,2946907.1760264165
2021-01-20 10:01:00.660,0,0.9495931855193164,1424.009894992098,0.0,,2943560.2194105447
2021-01-20 10:01:00.670,0,0.925785383743164,1428.718470779787,0.0,,2954265.293086149
2021-01-20 10:01:00.680,0,1.1374214413827697,1430.795645288906,0.0,,2958998.5121202194
2021-01-20 10:01:00.690,0,1.0487005283345745,1415.1409645821225,0.0,,2923402.2349031405
2021-01-20 10:01:00.700,0,0.9323499799454182,1419.9855723650494,0.0,,2934410.665892193
2021-01-20 10:01:00.710,0,0.9747667332951248,1400.050156853972,0.0,,2889126.4929522397
2021-01-20 10:01:00.720,0,0.9703381393458664,1367.8210739502383,0.0,,2816056.9967915197
2021-01-20 10:01:00.730,0,0.915457353764186,1300.7066699286352,0.0,,2664444.0001805103
2021-01-20 10:01:00.740,0,1.1544796845347258,1260.3300428963546,0.0,,2573617.9447772847
2021-01-20 10:01:00.750,0,0.8757797889005228,1193.295303062676,0.0,,2423440.261313827
2021-01-20 10:01:00.760,0,0.7925794671692503,1151.426334285359,0.0,,2330071.5613339604
2021-01-20 10:01:00.770,0,1.0067093277527497,1084.118554481581,0.0,,2180699.8948071995
2021-01-20 10:01:00.780,0,0.9013679668963208,1027.9136991675264,0.0,,2056664.6207068677
2021-01-20 10:01:00.790,0,0.7672715461706945,971.0119146616548,0.0,,1931782.7522016722
2021-01-20 10:01:00.800,0,0.8093627175346184,905.914297943572,0.0,,1789815.5565354032
2021-01-20 10:01:00.810,0,0.6089801834648323,841.6878934625082,0.0,,1650731.3868095449
2021-01-20 10:01:00.820,0,0.5269637710789561,782.8647418506089,0.0,,1524283.529907122
2021-01-20 10:01:00.830,0,0.6574789276636778,730.6674975750647,0.0,,1412877.4449603697
2021-01-20 10:01:00.840,0,0.4614927289102692,673.0584349322118,0.0,,1290827.0629896163
2021-01-20 10:01:00.850,0,0.4661809041202369,616.731857298143,0.0,,1172512.1985145528
2021-01-20 10:01:00.860,0,0.4271974045432039,561.1421111946166,0.0,,1056800.8819262066
2021-01-20 10:01:00.870,0,0.4596637708805525,507.2352083873394,0.0,,945680.5439903715
2021-01-20 10:01:00.880,0,0.3398398269801509,464.4252204518218,0.0,,858265.5096767042
2021-01-20 10:01:00.890,0,0.2865402743645225,419.44128513545473,0.0,,767272.5585501568
2021-01-20 10:01:00.900,0,0.2534470733283361,374.570424910878,0.0,,677491.7527713866
2021-01-20 10:01:00.910,0,0.2746671213104829,338.8707809579912,0.0,,606812.1309922711
2021-01-20 10:01:00.920,0,0.2648807954378073,303.0020937997662,0.0,,536553.4892858402
2021-01-20 10:01:00.930,0,0.2298856658488356,266.49459580429584,1.0,,465885.69066063524
2021-01-20 10:01:00.940,0,0.2081392350536271,231.4992788871052,1.0,,399051.1936042971
2021-01-20 10:01:00.950,0,0.17700489563992,204.85762940399303,1.0,,348832.31650958734
2021-01-20 10:01:00.960,0,0.1714765956644167,177.21475201364777,1.0,,297427.2578078277
2021-01-20 10:01:00.970,0,0.1083132254016526,149.84851219614896,1.0,,247311.0947916854
2021-01-20 10:01:00.980,0,0.1126563453713249,128.5256642947191,1.0,,208894.9194911759
2021-01-20 10:01:00.990,0,0.1012338614815592,107.68962119261288,1.0,,171959.97306408148
2021-01-20 10:01:01.000,0,0.074763525907151,89.13206525167385,1.0,,139660.3760642268
2021-01-20 10:01:01.010,0,0.0500999554085234,72.41183130139392,2.0,,111129.35913757724
2021-01-20 10:01:01.020,0,0.0520041853497141,57.522347589721385,2.0,,86277.39891355166
2021-01-20 10:01:01.030,0,0.0426887202839037,44.34792396490956,2.0,,64809.80900234289
2021-01-20 10:01:01.040,0,0.0275662361763753,32.918117953017465,2.0,,46697.302213370815
2021-01-20 10:01:01.050,0,0.0176248080506434,22.171104852341585,2.0,,30237.38145354713
2021-01-20 10:01:01.060,0,0.0113796586199137,13.008529550749314,2.0,,16822.6016634339
2021-01-20 10:01:01.070,0,0.0023753512789747,4.995854279296907,2.0,,5879.334040603337
2021-01-20 10:01:01.080,0,0.0013604261235072,0.0,2.0,,8.300422347735884
2021-01-20 10:01:01.090,0,-0.0096253936424096,0.0,2.0,,10.22233240242096
2021-01-20 10:01:01.100,0,-0.0184051640673193,0.0,2.0,,8.91102031229427
2021-01-20 10:01:01.110,0,-0.0191122475285089,0.0,2.0,,10.928406229957613
2021-01-20 10:01:01.120,0,-0.0149790337172432,0.0,2.0,,13.042778120649626
2021-01-20 10:01:01.130,0,-0.0241584686393623,0.0,2.0,,8.34147547463487
2021-01-20 10:01:01.140,0,-0.0199416971708446,0.0,2.0,,11.45512776977494
2021-01-20 10:01:01.150,0,-0.0289576767229623,0.0,2.0,,10.078992819541567
2021-01-20 10:01:01.160,0,-0.0238267444783049,0.0,2.0,,10.289281360664978
2021-01-20 10:01:01.170,0,-0.0339888685793092,0.0,2.0,,8.194143349244767
2021-01-20 10:01:01.180,0,-0.0249353829981599,0.0,2.0,,8.257217067002673
2021-01-20 10:01:01.190,0,-0.0335771421182891,0.0,2.0,,17.68516743022848
2021-01-20 10:01:01.200,0,-0.0204924042921131,0.0,2.0,,8.430886472997601
2021-01-20 10:01:01.210,0,-0.0209325617567277,0.0,2.0,,7.5768264768886
2021-01-20 10:01:01.220,0,-0.0226069987447762,0.0,2.0,,12.102159717203877
2021-01-20 10:01:01.230,0,-0.019342756688101,0.0,2.0,,11.045881474576987
2021-01-20 10:01:01.240,0,-0.0163281965432855,0.0,2.0,,9.531973842965112
2021-01-20 10:01:01.250,0,-0.0237711553284904,0.0,2.0,,8.257039339958821
2021-01-20 10:01:01.260,0,-0.0203267453845061,0.0,2.0,,8.862631755644188
2021-01-20 10:01:01.270,0,-0.0224844531398826,0.0,2.0,,8.884933866847097
2021-01-20 10:01:01.280,0,-0.0231252018329473,0.0,2.0,,11.100053716288114
2021-01-20 10:01:01.290,0,-0.0122809078130069,0.0,2.0,,7.9204201532518645
2021-01-20 10:01:01.300,0,-0.0209765535034923,0.0,2.0,,11.988792581124157
2021-01-20 10:01:01.310,0,-0.0135939327092546,0.0,2.0,,8.512281777434575
2021-01-20 10:01:01.320,0,-0.0194121019458976,0.0,2.0,,6.551152848563289
2021-01-20 10:01:01.330,1,-0.0159886501117663,0.0,2.0,,10.755014582514374
2021-01-20 10:01:01.340,1,-0.0110669430910503,0.0,2.0,,10.190008253603478
2021-01-20 10:01:01.350,1,-0.0047721266990557,0.0,2.0,,10.237315339631845
2021-01-20 10:01:01.360,1,-0.0165491410017691,0.0,2.0,,9.956815253697922
2021-01-20 10:01:01.370,1,-0.0018918523518561,0.0,2.0,,7.881196042121433
2021-01-20 10:01:01.380,1,-0.0086486613281734,0.0,2.0,,10.232005690987346
2021-01-20 10:01:01.390,1,-0.0084018360458252,0.0,2.0,,12.442250369240192
2021-01-20 10:01:01.400,1,-0.0105489344076742,0.0,2.0,,8.98226869648563
2021-01-20 10:01:01.410,1,-0.0054256519383988,0.0,2.0,,11.181326007962056
2021-01-20 10:01:01.420,1,-0.0014387806138001,0.0,2.0,,11.49408519885117
2021-01-20 10:01:01.430,1,-0.0040899421740427,0.0,2.0,,7.11495438404963
2021-01-20 10:01:01.440,1,0.0066324101347447,4.993240940200273,2.0,,5873.700391896255
2021-01-20 10:01:01.450,1,0.0175281371264746,19.00481206452889,2.0,,25522.17775280671
2021-01-20 10:01:01.460,1,0.0334613159476349,37.47539712317378,2.0,,53855.3370017269
2021-01-20 10:01:01.470,1,0.0653527533666784,59.532930363622405,2.0,,89597.53498745867
2021-01-20 10:01:01.480,1,0.0654857468876976,85.24499910232177,2.0,,132974.9221412314
2021-01-20 10:01:01.490,1,0.1140501668675839,111.99084788711298,2.0,,179529.85894069693
2021-01-20 10:01:01.500,1,0.1341845324831901,141.07193867194974,2.0,,231429.56659526392
2021-01-20 10:01:01.510,1,0.1253750245489349,173.28635472382496,1.0,,290182.1604035045
2021-01-20 10:01:01.520,1,0.178362239360542,206.8685131609803,1.0,,352603.18812382536
2021-01-20 10:01:01.530,1,0.269287804270575,245.53724923710675,1.0,,425749.0280417125
2021-01-20 10:01:01.540,1,0.2654094339279377,291.7582800049548,1.0,,514690.94781188254
2021-01-20 10:01:01.550,1,0.3251537646288014,331.9629618743001,1.0,,593223.3137174464
2021-01-20 10:01:01.560,1,0.3619519429963886,377.0354287474328,0.0,,682401.2381662962
2021-01-20 10:01:01.570,1,0.3653710880893628,426.8144838925968,0.0,,782132.0055177757
2021-01-20 10:01:01.580,1,0.3789274434421827,479.2014432394056,0.0,,888350.5063831372
2021-01-20 10:01:01.590,1,0.4212966788788904,531.4422093693844,0.0,,995441.8880092253
2021-01-20 10:01:01.600,1,0.4951579126181029,582.2220870008667,0.0,,1100553.6808519957
2021-01-20 10:01:01.610,1,0.5135808255623521,636.5129602607502,0.0,,1213948.9087974995
2021-01-20 10:01:01.620,1,0.5183602519663356,688.1842311174022,0.0,,1322774.0377440837
2021-01-20 10:01:01.630,1,0.7160461632541624,747.0330067727365,0.0,,1447730.5933793788
2021-01-20 10:01:01.640,1,0.6928448081226678,793.2435994281108,0.0,,1546532.5505997913
2021-01-20 10:01:01.650,1,0.6905845258905756,842.733286596079,0.0,,1652994.7506533808
2021-01-20 10:01:01.660,1,0.6029921704914564,892.190265397217,0.0,,1760002.2716004485
2021-01-20 10:01:01.670,1,0.8963101119547636,936.5763377753772,0.0,,1856564.6691058376
2021-01-20 10:01:01.680,1,0.6521059756285554,982.6272229292152,0.0,,1957207.5826954986
2021-01-20 10:01:01.690,1,0.8587362921206974,1028.049847286891,0.0,,2056966.4789369574
2021-01-20 10:01:01.700,1,0.8296733292650784,1066.3941121925786,0.0,,2141509.8637703457
2021-01-20 10:01:01.710,1,0.7399782131971298,1103.8561861131973,0.0,,2224399.7210542616
2021-01-20 10:01:01.720,1,1.02571876168836,1138.8137559594588,0.0,,2302022.206822703
2021-01-20 10:01:01.730,1,1.01160641868338,1158.7431944459374,0.0,,2346372.664928995
2021-01-20 10:01:01.740,1,0.8040985326166312,1202.711184042433,0.0,,2444482.7687230916
2021-01-20 10:01:01.750,1,1.0487188932410731,1227.5378087054676,0.0,,2500049.0079102996
2021-01-20 10:01:01.760,1,0.9182552793607752,1256.33140945327,0.0,,2564627.9384019254
2021-01-20 10:01:01.770,1,1.1027307398035922,1284.396428507525,0.0,,2627723.587210103
2021-01-20 10:01:01.780,1,0.9597990478740572,1302.3561782316076,0.0,,2668162.6278714845
2021-01-20 10:01:01.790,1,1.0810052122938627,1314.308918216012,0.0,,2695116.11063258
2021-01-20 10:01:01.800,1,1.1714302791940892,1343.5478617180695,0.0,,2761144.644290496
2021-01-20 10:01:01.810,1,0.8757956520747147,1368.985560981092,0.0,,2818691.468219323
2021-01-20 10:01:01.820,1,0.8725142825642754,1383.1410761713898,0.0,,2850766.2960552876
2021-01-20 10:01:01.830,1,0.8618123642095767,1405.4887525955448,0.0,,2901470.7735024123
2021-01-20 10:01:01.840,1,0.9306043958998904,1398.948748279579,0.0,,2886628.2579040662
2021-01-20 10:01:01.850,1,1.0247375200778266,1422.0394532513817,0.0,,2939080.2126273615
2021-01-20 10:01:01.860,1,1.2690863156566037,1417.0577186106132,0.0,,2927774.3792709
2021-01-20 10:01:01.870,1,1.14637304200384,1435.913549148471,0.0,,2970644.506320883
2021-01-20 10:01:01.880,1,1.2998613380892985,1444.47574919239,0.0,,2990148.064953979
2021-01-20 10:01:01.890,1,0.9452395688284696,1428.3526709799191,0.0,,2953430.998711193
2021-01-20 10:01:01.900,1,1.0528571873767107,1442.2110533459854,0.0,,2984974.173253054
2021-01-20 10:01:01.910,1,1.2375784850020823,1463.898203991868,0.0,,3034396.9702233216
2021-01-20 10:01:01.920,1,1.284753196094212,1466.8288042620957,0.0,,3041084.6678613005
2021-01-20 10:01:01.930,1,0.9803774379826552,1479.1845308260877,0.0,,3069254.5243330067
2021-01-20 10:01:01.940,1,1.167843123427205,1486.1970846315237,0.0,,3085269.658481054
2021-01-20 10:01:01.950,1,1.0257644182713044,1473.444727301486,0.0,,3056158.2733661244
2021-01-20 10:01:01.960,1,1.176169354526543,1485.0207884866354,0.0,,3082585.3825070807
2021-01-20 10:01:01.970,1,1.3710436080506752,1490.1202939579464,0.0,,3094239.6670602676
2021-01-20 10:01:01.980,1,1.1350519805703367,1485.8085679309718,0.0,,3084385.168533723
2021-01-20 10:01:01.990,1,1.5001495561755511,1476.3160505559256,0.0,,3062738.0742819216
2021-01-20 10:01:02.000,1,1.4733228221523051,1486.2677860256213,0.0,,3085450.0497130854
2021-01-20 10:01:02.010,1,1.2893034228888496,1466.5083671071866,0.0,,3040353.2354375855
2021-01-20 10:01:02.020,1,1.1115121963076433,1483.34847731365,0.0,,3078763.3000730067
2021-01-20 10:01:02.030,1,1.1854710982255388,1478.799850478163,0.0,,3068385.305015546
2021-01-20 10:01:02.040,1,1.3571144305866585,1469.9533996570894,0.0,,3048211.932593686
2021-01-20 10:01:02.050,1,1.472884181754252,1466.518635258462,0.0,,3040382.602463468
2021-01-20 10:01:02.060,1,1.4982027579473691,1479.3091137980814,0.0,,3069563.653197863
2021-01-20 10:01:02.070,1,1.4140773889505964,1481.6792684309758,0.0,,3074973.089845392
2021-01-20 10:01:02.080,1,1.2110222244286952,1466.7765718990686,0.0,,3040958.148758766
2021-01-20 10:01:02.090,1,1.4273800692616518,1468.1794964162036,0.0,,3044168.074035363
2021-01-20 10:01:02.100,1,1.1187111357547204,1460.1843759084506,0.0,,3025923.904038757
2021-01-20 10:01:02.110,1,1.4410264249983422,1468.102179402695,0.0,,3043991.2403204404
2021-01-20 10:01:02.120,1,1.6439630522637358,1462.703753209246,0.0,,3031693.330917687
2021-01-20 10:01:02.130,1,1.510852500734646,1441.879338931932,0.0,,2984241.575083674
2021-01-20 10:01:02.140,1,1.563873801211627,1481.5354945732654,0.0,,3074651.1837644223
2021-01-20 10:01:02.150,1,1.4585603026039229,1474.3251634272394,0.0,,3058192.243231669
2021-01-20 10:01:02.160,1,1.3555797482801468,1462.9399722088433,0.0,,3032217.8129681153
2021-01-20 10:01:02.170,1,1.3783028216578412,1461.8172451186538,0.0,,3029663.4456428806
2021-01-20 10:01:02.180,1,1.5793132040884237,1444.782184079221,0.0,,2990854.1117959293
2021-01-20 10:01:02.190,1,1.5654674971639582,1446.8115230719416,0.0,,2995478.983654193
2021-01-20 10:01:02.200,1,1.1805064814388937,1449.4769382580057,0.0,,3001530.4357460975
2021-01-20 10:01:02.210,1,1.5877754983921837,1446.3474903881274,0.0,,2994420.4847740293
2021-01-20 10:01:02.220,1,1.247869788342294,1431.4345379869856,0.0,,2960455.091178967
2021-01-20 10:01:02.230,1,1.6304835385285588,1441.1794436150317,0.0,,2982654.699600716
2021-01-20 10:01:02.240,1,1.7673602674586129,1436.3792250747092,0.0,,2971735.452864061
2021-01-20 10:01:02.250,1,1.6190928457213345,1435.0321578730343,0.0,,2968665.52358346
2021-01-20 10:01:02.260,1,1.2676000809350998,1444.675460808657,0.0,,2990600.5942535647
2021-01-20 10:01:02.270,1,1.5437601986783005,1435.4278344022784,0.0,,2969562.5477072913
2021-01-20 10:01:02.280,0,1.4121153343262145,1434.6719924274994,0.0,,2967834.271846478
2021-01-20 10:01:02.290,0,1.578406045168964,1430.3560670514828,0.0,,2958027.0939150276
2021-01-20 10:01:02.300,0,1.6383553148601102,1432.0629134489136,0.0,,2961907.22312821
2021-01-20 10:01:02.310,0,1.7354735466082631,1440.8186927159873,0.0,,2981840.8854823126
2021-01-20 10:01:02.320,0,1.7996238391079658,1432.2156519940866,0.0,,2962260.479802148
2021-01-20 10:01:02.330,0,1.7977710455564633,1427.0850843388564,0.0,,2950595.35023705
2021-01-20 10:01:02.340,0,1.510790239216106,1427.2804160426388,0.0,,2951023.7147100414
2021-01-20 10:01:02.350,0,1.5057701761848208,1430.2959884385807,0.0,,2957883.329195496
2021-01-20 10:01:02.360,0,1.3656708974258829,1429.857669513839,0.0,,2956875.123858006
2021-01-20 10:01:02.370,0,1.7027561213460811,1412.532988093709,0.0,,2917509.13