time,ton,thrust,mfr,vl,anomaly_code,uv_360nm
2021-02-11 08:00:00.000,0,0.0003920438096413,0.0,0.0,,8.48631443765018
2021-02-11 08:00:00.010,0,0.0039643988115935,0.0,1.0,,9.293084972385849
2021-02-11 08:00:00.020,0,0.0019216004736849,0.0,1.0,,10.357776084278132
2021-02-11 08:00:00.030,0,-0.0065744882172639,0.0,1.0,,12.109140762057866
2021-02-11 08:00:00.040,0,-0.0015642201362387,0.0,1.0,,9.166724943661736
2021-02-11 08:00:00.050,0,-0.0021805118698936,0.0,1.0,,9.940361446626639
2021-02-11 08:00:00.060,0,0.0012486254857806,0.0,1.0,,10.07637675464861
2021-02-11 08:00:00.070,0,0.0053604102169893,0.0,1.0,,10.613088537603174
2021-02-11 08:00:00.080,0,-0.0033327231386266,0.0,1.0,,11.518458247970061
2021-02-11 08:00:00.090,0,0.001428527021047,0.0,1.0,,9.128777431201208
2021-02-11 08:00:00.100,0,-0.0018853975475795,0.0,1.0,,11.495436207599028
2021-02-11 08:00:00.110,0,-0.0022591248540732,0.0,1.0,,8.77103934348885
2021-02-11 08:00:00.120,0,0.0089819028512904,0.0,1.0,,10.175275078013664
2021-02-11 08:00:00.130,0,-0.0049734175017275,0.0,1.0,,12.430477703569693
2021-02-11 08:00:00.140,0,0.0013191570590152,0.0,1.0,,13.216507398745085
2021-02-11 08:00:00.150,0,-0.0006023158349112,0.0,1.0,,9.934475256779209
2021-02-11 08:00:00.160,0,0.0026996652947605,0.0,0.0,,9.69090801587317
2021-02-11 08:00:00.170,0,0.0018805170600579,0.0,0.0,,9.54406003019691
2021-02-11 08:00:00.180,0,0.0018687634131934,0.0,0.0,,6.07573288842258
2021-02-11 08:00:00.190,0,0.0042249166455998,0.0,0.0,,7.513360994875601
2021-02-11 08:00:00.200,0,-0.0007468241489655,0.0,0.0,,6.805730319302336
2021-02-11 08:00:00.210,0,0.0034413853866662,0.0,0.0,,10.85519327518424
2021-02-11 08:00:00.220,0,0.0031220206877008,0.0,0.0,,11.412687699088211
2021-02-11 08:00:00.230,0,0.0043132239149911,0.0,0.0,,9.343206806887626
2021-02-11 08:00:00.240,0,-0.0020872800842045,0.0,0.0,,12.375976753316502
2021-02-11 08:00:00.250,0,-0.0006545773567762,0.0,0.0,,8.361678088047684
2021-02-11 08:00:00.260,0,0.0020437066908155,0.0,0.0,,9.888044057959988
2021-02-11 08:00:00.270,0,-0.0075808387359819,0.0,0.0,,11.764123274571553
2021-02-11 08:00:00.280,0,0.0009652013085007,0.0,0.0,,11.281528670515403
2021-02-11 08:00:00.290,0,0.004743120040825,0.0,0.0,,7.428843114831085
2021-02-11 08:00:00.300,0,-0.0004952418705194,0.0,0.0,,10.522899953936689
2021-02-11 08:00:00.310,0,0.0003794333326453,0.0,0.0,,6.814116655087103
2021-02-11 08:00:00.320,0,0.0057761226269155,0.0,0.0,,8.042730308143847
2021-02-11 08:00:00.330,0,-0.0032242224543658,0.0,0.0,,11.591274529217193
2021-02-11 08:00:00.340,0,-0.0022405953566438,0.0,0.0,,14.291711969584846
2021-02-11 08:00:00.350,0,0.0028845203262957,0.0,0.0,,6.83888389363106
2021-02-11 08:00:00.360,0,-0.001166861701039,0.0,0.0,,11.468658409340762
2021-02-11 08:00:00.370,0,-0.0030557965983317,0.0,0.0,,7.977531611875994
2021-02-11 08:00:00.380,0,-0.0014748182892526,0.0,0.0,,8.915418155888958
2021-02-11 08:00:00.390,0,-0.0013884298668977,0.0,0.0,,13.832575793629218
2021-02-11 08:00:00.400,0,-0.0017207402133939,0.0,0.0,,14.419055143168578
2021-02-11 08:00:00.410,0,-0.0007099024793926,0.0,0.0,,9.082899033940903
2021-02-11 08:00:00.420,0,0.002285278702843,0.0,0.0,,10.123815508493411
2021-02-11 08:00:00.430,0,0.0018301604900855,0.0,0.0,,8.173673209342912
2021-02-11 08:00:00.440,0,0.0017627145271878,0.0,0.0,,11.111340094206087
2021-02-11 08:00:00.450,0,0.0016270586811176,0.0,0.0,,13.539033447735035
2021-02-11 08:00:00.460,0,0.0007875260083973,0.0,0.0,,7.746031882708506
2021-02-11 08:00:00.470,0,-0.0040988535414894,0.0,0.0,,10.381786219172628
2021-02-11 08:00:00.480,0,-0.0012579384961584,0.0,0.0,,9.974513005270055
2021-02-11 08:00:00.490,0,0.0013966678700895,0.0,0.0,,8.202562362005237
2021-02-11 08:00:00.500,0,-0.0056033735550688,0.0,0.0,,6.9597836081037165
2021-02-11 08:00:00.510,0,0.0013336115187272,0.0,0.0,,8.726838238665993
2021-02-11 08:00:00.520,0,-0.0020567880681422,0.0,0.0,,8.211936734083281
2021-02-11 08:00:00.530,0,0.0001737256318988,0.0,0.0,,8.447659928892385
2021-02-11 08:00:00.540,0,-7.977089355059662e-06,0.0,0.0,,10.350310878344388
2021-02-11 08:00:00.550,0,-0.0025409405560356,0.0,0.0,,10.214441215930487
2021-02-11 08:00:00.560,0,0.0057680877493181,0.0,0.0,,9.258570216200248
2021-02-11 08:00:00.570,0,0.0032470572422784,0.0,0.0,,12.082775600795367
2021-02-11 08:00:00.580,0,-0.0002850901862963,0.0,0.0,,9.039560850564534
2021-02-11 08:00:00.590,0,-0.0014955783390602,0.0,0.0,,9.639436305378565
2021-02-11 08:00:00.600,0,-0.0006580769676489,0.0,0.0,,6.3348213175942005
2021-02-11 08:00:00.610,0,0.0012453330428399,0.0,0.0,,8.853064623148228
2021-02-11 08:00:00.620,0,0.0052346461900309,0.0,0.0,,9.705241344667845
2021-02-11 08:00:00.630,0,-0.0041034664739763,0.0,0.0,,11.063496381595819
2021-02-11 08:00:00.640,0,-0.0008932436621411,0.0,0.0,,8.987649772680333
2021-02-11 08:00:00.650,0,0.0014749596131134,0.0,0.0,,7.803719227938109
2021-02-11 08:00:00.660,0,0.0018129781186492,0.0,0.0,,15.27917330439189
2021-02-11 08:00:00.670,0,0.0025921742361939,0.0,0.0,,4.793010805097701
2021-02-11 08:00:00.680,0,-0.0045629934019087,0.0,0.0,,14.514158707801222
2021-02-11 08:00:00.690,0,0.0001254004568128,0.0,0.0,,7.265501307837733
2021-02-11 08:00:00.700,0,-0.0032981716718679,0.0,0.0,,12.142514760342063
2021-02-11 08:00:00.710,0,0.0019934023591455,0.0,0.0,,6.993694038322515
2021-02-11 08:00:00.720,0,0.0047207862318451,0.0,0.0,,9.587528463482165
2021-02-11 08:00:00.730,0,-0.0038035740880461,0.0,0.0,,10.716341493136678
2021-02-11 08:00:00.740,0,0.0053771796152974,0.0,0.0,,12.447236093975024
2021-02-11 08:00:00.750,0,0.0043957207023428,0.0,0.0,,11.311118621326116
2021-02-11 08:00:00.760,0,-0.0021164277732285,0.0,0.0,,8.4961651369753
2021-02-11 08:00:00.770,0,-0.0041735273146365,0.0,0.0,,7.346443324955887
2021-02-11 08:00:00.780,0,-0.0005078470205536,0.0,0.0,,13.436127757012581
2021-02-11 08:00:00.790,0,-0.0016146790027289,0.0,0.0,,10.110816106218934
2021-02-11 08:00:00.800,0,-0.0034586710391639,0.0,0.0,,10.777312129194792
2021-02-11 08:00:00.810,0,0.0038550801442243,0.0,0.0,,11.282194325871476
2021-02-11 08:00:00.820,0,0.0013321220048881,0.0,0.0,,14.14834763825639
2021-02-11 08:00:00.830,0,0.0013882215703832,0.0,0.0,,9.891777692775396
2021-02-11 08:00:00.840,0,-0.0048527966748907,0.0,0.0,,8.951453703201254
2021-02-11 08:00:00.850,0,-0.0063095601414425,0.0,0.0,,10.09199330664053
2021-02-11 08:00:00.860,0,0.0062567669249236,0.0,0.0,,11.93938743771048
2021-02-11 08:00:00.870,0,-0.0046426882837094,0.0,0.0,,9.587539064615202
2021-02-11 08:00:00.880,0,0.0029173430690454,0.0,0.0,,10.4562394494303
2021-02-11 08:00:00.890,0,0.001389086538871,0.0,0.0,,8.943304267181137
2021-02-11 08:00:00.900,0,-0.0022275174286768,0.0,0.0,,12.491399599115404
2021-02-11 08:00:00.910,0,0.0032653962803524,0.0,0.0,,8.89659895159267
2021-02-11 08:00:00.920,0,-0.0040979371486277,0.0,0.0,,10.554762619950438
2021-02-11 08:00:00.930,0,-0.0006462488920386,0.0,0.0,,9.954588766960446
2021-02-11 08:00:00.940,0,-0.0043034688255484,0.0,0.0,,7.365143589722269
2021-02-11 08:00:00.950,0,-0.0029292686648166,0.0,0.0,,5.501780152838417
2021-02-11 08:00:00.960,0,-0.0030405659413404,0.0,0.0,,11.384207198084022
2021-02-11 08:00:00.970,0,-0.0005119816429985,0.0,0.0,,8.011438648600308
2021-02-11 08:00:00.980,0,0.0003477470989376,0.0,0.0,,8.993221675290531
2021-02-11 08:00:00.990,0,-8.220466241639906e-05,0.0,0.0,,9.52139582409679
2021-02-11 08:00:01.000,1,0.0025044033815294,0.0,0.0,,12.412623332576127
2021-02-11 08:00:01.010,1,0.0031788543143222,0.0,0.0,,10.418587268857536
2021-02-11 08:00:01.020,1,0.0006795818362398,0.0,0.0,,12.99251848024677
2021-02-11 08:00:01.030,1,0.0002363935618155,0.0,0.0,,9.476761590368708
2021-02-11 08:00:01.040,1,0.0009131410501986,0.0,0.0,,11.478657814574387
2021-02-11 08:00:01.050,1,-0.0079148951939242,0.0,0.0,,12.028109395050725
2021-02-11 08:00:01.060,1,-0.0026257001948563,0.0,0.0,,9.5204795563751
2021-02-11 08:00:01.070,1,-0.0027281215534851,0.0,0.0,,10.953913946374358
2021-02-11 08:00:01.080,1,-0.0037289192402797,0.0,0.0,,9.242539813078176
2021-02-11 08:00:01.090,1,0.0026476689040807,4.6221002977074965,0.0,,5395.917406896741
2021-02-11 08:00:01.100,1,0.0075164093414696,17.605072158742683,0.0,,23461.887522918933
2021-02-11 08:00:01.110,1,0.0305054645407028,37.719655153720346,0.0,,54241.12498812089
2021-02-11 08:00:01.120,1,0.0567895924209113,64.44699416222589,0.0,,97761.96594072267
2021-02-11 08:00:01.130,1,0.0652846597212778,94.1385394546592,0.0,,148314.66487078878
2021-02-11 08:00:01.140,1,0.0912448238512483,130.8514941496105,0.0,,213055.48020300627
2021-02-11 08:00:01.150,1,0.1216662675791487,168.7394863142889,0.0,,281816.2033294583
2021-02-11 08:00:01.160,1,0.1764017880489823,208.49145617210945,0.0,,355643.1265945643
2021-02-11 08:00:01.170,1,0.2041767537169431,250.8426449410148,0.0,,435875.72519165865
2021-02-11 08:00:01.180,1,0.2709607444298422,292.4198826522179,0.0,,515976.86209602124
2021-02-11 08:00:01.190,1,0.2574801248370602,339.4461199171773,0.0,,607945.4643180526
2021-02-11 08:00:01.200,1,0.3732180482767508,385.9121064560844,0.0,,700091.0829800904
2021-02-11 08:00:01.210,1,0.4231264575849398,432.3992327267086,0.0,,793395.8204096342
2021-02-11 08:00:01.220,1,0.4109380073329237,466.6737263717224,0.0,,862840.6229152048
2021-02-11 08:00:01.230,1,0.4240098888214862,511.82602195783,0.0,,955096.3899344607
2021-02-11 08:00:01.240,1,0.5038638188476589,553.8378873963435,0.0,,1041685.3657551404
2021-02-11 08:00:01.250,1,0.5094987457394718,594.3185004715909,0.0,,1125735.6959941809
2021-02-11 08:00:01.260,1,0.6045165527345093,628.3417348975153,0.0,,1196823.5737450966
2021-02-11 08:00:01.270,1,0.583522659985602,665.9424762223274,0.0,,1275833.6759699301
2021-02-11 08:00:01.280,1,0.6754387476505911,694.4819159650566,0.0,,1336105.3622530855
2021-02-11 08:00:01.290,1,0.6495245014688159,730.6909864708774,0.0,,1412927.0215750928
2021-02-11 08:00:01.300,1,0.7493006975382602,761.4200164911955,0.0,,1478433.6343986585
2021-02-11 08:00:01.310,1,0.7638265912177264,790.6167058861317,0.0,,1540906.0119353766
2021-02-11 08:00:01.320,1,0.7035644042487877,814.5479256388451,0.0,,1592282.5784233713
2021-02-11 08:00:01.330,1,0.7913184234578001,834.6739688944201,0.0,,1635615.6602387463
2021-02-11 08:00:01.340,1,0.8923623948817044,860.8485429010948,0.0,,1692128.1381207083
2021-02-11 08:00:01.350,1,0.7366354876459308,880.0378228627411,0.0,,1733659.107804279
2021-02-11 08:00:01.360,1,0.8940902218056814,892.7752066282918,0.0,,1761287.264945066
2021-02-11 08:00:01.370,1,0.8922200007099256,911.59843934443,0.0,,1802170.4269326255
2021-02-11 08:00:01.380,1,1.0000341214505477,933.4365302386034,0.0,,1849724.3121187564
2021-02-11 08:00:01.390,1,1.0108260119193389,936.6063496185265,0.0,,1856633.8007350753
2021-02-11 08:00:01.400,1,0.7643755615314991,950.4508222461812,0.0,,1886831.5835835498
2021-02-11 08:00:01.410,1,0.757493753632902,954.2173729770236,0.0,,1895057.5739798283
2021-02-11 08:00:01.420,1,0.9772059959203382,977.3569093911864,0.0,,1945680.4774882433
2021-02-11 08:00:01.430,1,0.9596432299559942,979.4215147860896,0.0,,1950204.196644708
2021-02-11 08:00:01.440,1,1.0321666784398136,992.3208661765156,0.0,,1978479.693480518
2021-02-11 08:00:01.450,1,0.7569575030259449,989.1358328099336,0.0,,1971476.5259491166
2021-02-11 08:00:01.460,1,0.9787888347716064,993.9403089508668,0.0,,1982026.9378739698
2021-02-11 08:00:01.470,1,0.8473120900204493,997.665134008658,0.0,,1990190.2706159514
2021-02-11 08:00:01.480,1,1.0574308168931985,999.6856912652336,0.0,,1994634.351324769
2021-02-11 08:00:01.490,1,1.0418404293516863,1001.9806173428668,0.0,,1999673.9967242684
2021-02-11 08:00:01.500,1,0.9432270218202524,1014.2711576387212,0.0,,2026663.2699730226
2021-02-11 08:00:01.510,1,1.070962349003878,1004.714810700368,0.0,,2005676.6280856736
2021-02-11 08:00:01.520,1,0.8548386938337333,1005.9174289496576,0.0,,2008311.2426911453
2021-02-11 08:00:01.530,1,0.9318026685022784,1006.771733424977,0.0,,2010188.2228820624
2021-02-11 08:00:01.540,1,0.9057338276719132,1000.5019797214544,0.0,,1996417.9704603874
2021-02-11 08:00:01.550,1,1.0157652756385311,1001.6561535258058,0.0,,1998957.329083462
2021-02-11 08:00:01.560,1,1.0685695872699308,1001.7511945922636,0.0,,1999169.809174453
2021-02-11 08:00:01.570,1,0.9336448734069472,999.6882245539124,0.0,,1994633.8032195973
2021-02-11 08:00:01.580,1,1.110032412399567,1000.6225266128188,0.0,,1996694.6873671394
2021-02-11 08:00:01.590,1,0.8718613142975595,1006.1707922576225,0.0,,2008862.5830447837
2021-02-11 08:00:01.600,1,1.1260919748269216,999.1611568276,0.0,,1993487.3605314726
2021-02-11 08:00:01.610,1,1.0148369667565211,988.2973854544284,0.0,,1969649.0248252393
2021-02-11 08:00:01.620,1,0.8146184697851078,997.9998113411144,0.0,,1990923.9429086882
2021-02-11 08:00:01.630,1,1.0638825944683583,991.5559773253414,0.0,,1976797.3795103224
2021-02-11 08:00:01.640,1,0.7465080544818523,984.5897833847148,0.0,,1961511.7657265144
2021-02-11 08:00:01.650,1,0.8907587234955171,985.4945280069728,0.0,,1963501.0224611824
2021-02-11 08:00:01.660,1,1.0954588982880555,980.233097926891,0.0,,1951985.2696598666
2021-02-11 08:00:01.670,1,0.901387926613085,982.5190586130348,0.0,,1956984.1047790688
2021-02-11 08:00:01.680,1,1.0981138416844705,969.6381515790072,0.0,,1928792.1602794323
2021-02-11 08:00:01.690,1,1.0478845877188463,986.7303761347648,0.0,,1966220.204099771
2021-02-11 08:00:01.700,1,0.9066534830651964,986.438270110096,0.0,,1965572.2681080021
2021-02-11 08:00:01.710,1,0.8359207757505362,972.899495939944,0.0,,1935914.94729102
2021-02-11 08:00:01.720,1,0.9771206126976628,972.2169713952386,0.0,,1934428.9116370876
2021-02-11 08:00:01.730,1,0.8621010128362055,979.0971304952868,0.0,,1949486.3368992826
2021-02-11 08:00:01.740,1,0.8628673524289097,972.3874657001456,0.0,,1934797.1474872741
2021-02-11 08:00:01.750,1,1.1070714626680414,975.988029188672,0.0,,1942687.3558764572
2021-02-11 08:00:01.760,1,0.9148600733763312,971.1361329362272,0.0,,1932060.5167975873
2021-02-11 08:00:01.770,1,1.0517008840152589,970.6351999795028,0.0,,1930973.4257120402
2021-02-11 08:00:01.780,1,1.0550202479897288,962.8724218926212,0.0,,1913987.834075521
2021-02-11 08:00:01.790,1,0.8339095580189182,968.427913934604,0.0,,1926132.2379788845
2021-02-11 08:00:01.800,1,0.7887863929209109,966.0977952449042,0.0,,1921030.1264551242
2021-02-11 08:00:01.810,1,0.9282189712578296,965.0929001466952,0.0,,1918841.5486285256
2021-02-11 08:00:01.820,1,0.9265399907818012,961.1351869437268,0.0,,1910185.0849619575
2021-02-11 08:00:01.830,1,1.031406302718742,958.8177056014548,0.0,,1905129.4515253985
2021-02-11 08:00:01.840,1,0.7639981124909452,968.0587720343176,0.0,,1925318.0377945567
2021-02-11 08:00:01.850,1,1.0424498464345295,966.1614489194516,0.0,,1921187.765481741
2021-02-11 08:00:01.860,1,0.8187903666949564,960.2537165758852,0.0,,1908255.193223117
2021-02-11 08:00:01.870,1,0.9154067361873256,959.2866809027952,0.0,,1906144.0549796354
2021-02-11 08:00:01.880,1,0.8326108139061896,968.859164203982,0.0,,1927075.756795737
2021-02-11 08:00:01.890,1,1.0481114155488258,962.2681309499488,0.0,,1912668.6259756288
2021-02-11 08:00:01.900,1,0.7345284511466237,958.5915688356694,0.0,,1904612.5175802337
2021-02-11 08:00:01.910,1,0.9552552603296764,959.1658804742063,0.0,,1905882.0657680582
2021-02-11 08:00:01.920,1,0.8329437278700439,959.986534552308,0.0,,1907667.7296805987
2021-02-11 08:00:01.930,1,0.9669168893480562,961.8248815769468,0.0,,1911691.6317753165
2021-02-11 08:00:01.940,1,1.0126476045249193,958.5297375523436,0.0,,1904495.4500844167
2021-02-11 08:00:01.950,1,0.9816108781729352,964.124033651158,0.0,,1916726.486829656
2021-02-11 08:00:01.960,1,0.7899713212876507,962.4630890434488,0.0,,1913081.681933982
2021-02-11 08:00:01.970,1,0.7850196377806372,963.4230059928165,0.0,,1915183.704599903
2021-02-11 08:00:01.980,1,0.901875123171072,957.1695830065268,0.0,,1901517.2260424215
2021-02-11 08:00:01.990,1,0.9941459556897552,961.0563109907912,0.0,,1910018.0725970513
2021-02-11 08:00:02.000,1,0.9447170494377706,958.9950062260564,0.0,,1905508.6836159884
2021-02-11 08:00:02.010,1,0.8748777434357925,964.8521790782296,0.0,,1918310.4561923747
2021-02-11 08:00:02.020,1,1.021697852916314,955.5424087092975,0.0,,1897967.894627044
2021-02-11 08:00:02.030,1,0.7992622461585641,964.0481383093704,0.0,,1916543.4597591215
2021-02-11 08:00:02.040,1,0.9031905031990284,952.1127277102796,0.0,,1890469.0523352404
2021-02-11 08:00:02.050,1,0.7685419963321262,951.0624765714026,0.0,,1888171.5297628823
2021-02-11 08:00:02.060,1,0.9402231553931194,966.5001355015264,0.0,,1921919.7877279762
2021-02-11 08:00:02.070,1,0.9651226165650284,962.88021122893,0.0,,1914006.9655010267
2021-02-11 08:00:02.080,1,1.0265058863917278,952.8212922361968,0.0,,1892023.946439357
2021-02-11 08:00:02.090,1,0.7914974713975648,956.8776245380466,0.0,,1900873.830540098
2021-02-11 08:00:02.100,1,0.8902633101266709,956.794329497086,0.0,,1900695.4185285412
2021-02-11 08:00:02.110,1,1.0009054194157678,959.4106445718952,0.0,,1906420.3768358112
2021-02-11 08:00:02.120,1,0.8852670024362046,956.601951144906,0.0,,1900273.642023788
2021-02-11 08:00:02.130,1,0.7422908934785409,966.4076519183362,0.0,,1921708.1491704439
2021-02-11 08:00:02.140,1,0.9913339090273542,963.3768870978096,0.0,,1915088.312610344
2021-02-11 08:00:02.150,1,0.7210094744084146,959.2716792248476,0.0,,1906101.897702492
2021-02-11 08:00:02.160,1,0.8183638396976997,963.541287312645,0.0,,1915442.3238671124
2021-02-11 08:00:02.170,1,0.7684007183906095,971.6080116384976,0.0,,1933083.0798993206
2021-02-11 08:00:02.180,1,0.7395256094474586,950.635059155116,0.0,,1887233.8861964706
2021-02-11 08:00:02.190,1,0.7850445811009441,960.6205015606992,0.0,,1909051.2623817148
2021-02-11 08:00:02.200,1,0.968697186105266,957.4819478403808,0.0,,1902200.3754686613
2021-02-11 08:00:02.210,1,0.7433911894287389,954.6796757826894,0.0,,1896072.9015956696
2021-02-11 08:00:02.220,1,0.8250839530408548,957.3197326854428,0.0,,1901840.8919014873
2021-02-11 08:00:02.230,1,0.988674970794612,967.5962730922732,0.0,,1924318.3023102623
2021-02-11 08:00:02.240,1,1.0181585764227594,956.355736167314,0.0,,1899745.9295616043
2021-02-11 08:00:02.250,1,0.99294483925601,961.2535854083724,0.0,,1910446.104524191
2021-02-11 08:00:02.260,1,0.9384073808225876,954.7123284583272,0.0,,1896148.5884029195
2021-02-11 08:00:02.270,1,0.8717981342765694,956.7457542777388,0.0,,1900593.1494267443
2021-02-11 08:00:02.280,1,0.9099220206296028,964.1252507047408,0.0,,1916723.828871959
2021-02-11 08:00:02.290,1,0.9874728366469274,955.3162970668268,0.0,,1897469.6367330947
2021-02-11 08:00:02.300,1,1.04995628359796,961.5231248728631,0.0,,1911045.9450827034
2021-02-11 08:00:02.310,1,0.9144457510813238,972.7608519557118,0.0,,1935614.491168694
2021-02-11 08:00:02.320,1,1.0102537551380255,956.8007946438762,0.0,,1900714.9301784413
2021-02-11 08:00:02.330,1,1.0297092338378822,961.0722807778652,0.0,,1910055.9519529252
2021-02-11 08:00:02.340,1,0.8109126847337267,960.3798327674076,0.0,,1908529.3412074985
2021-02-11 08:00:02.350,1,0.8736721276930562,962.4335451408604,0.0,,1913020.4364796018
2021-02-11 08:00:02.360,1,0.921968801251602,966.6825916851338,0.0,,1922318.8249272127
2021-02-11 08:00:02.370,1,0.790382051004397,964.031856310793,0.0,,1916511.5386369473
2021-02-11 08:00:02.380,1,0.8945311838612925,956.777731804084,0.0,,1900664.6385177684
2021-02-11 08:00:02.390,1,0.8551876405755845,957.9134978860944,0.0,,1903140.1030696286
2021-02-11 08:00:02.400,1,0.978335816758904,963.24439489708,0.0,,1914800.52957744
2021-02-11 08:00:02.410,1,1.0560985165911558,963.9560882285364,0.0,,1916361.4640363678
2021-02-11 08:00:02.420,1,1.1030057969673943,975.1114266236814,0.0,,1940770.170376358
2021-02-11 08:00:02.430,1,0.7540599116381208,959.7688180489556,0.0,,1907186.3277137193
2021-02-11 08:00:02.440,1,0.7350479160616443,960.839362184038,0.0,,1909530.7802622302
2021-02-11 08:00:02.450,1,0.7691121565173265,954.3229706747636,0.0,,1895290.436270067
2021-02-11 08:00:02.460,1,0.9505838222454116,957.3439944906688,0.0,,1901901.0196981286
2021-02-11 08:00:02.470,1,0.8845300221880867,960.8229762951604,0.0,,1909500.619453063
2021-02-11 08:00:02.480,1,0.7651382801612054,965.5317210751166,0.0,,1919792.8986526842
2021-02-11 08:00:02.490,1,1.077129381379877,968.4502971572552,0.0,,1926189.6461613688
2021-02-11 08:00:02.500,1,0.9492053205878904,962.6980397047864,0.0,,1913602.5565404515
2021-02-11 08:00:02.510,1,0.9529288976701604,955.8267179487116,0.0,,1898589.4735157937
2021-02-11 08:00:02.520,1,0.9846083132861516,962.8697438515378,0.0,,1913980.4674161484
2021-02-11 08:00:02.530,1,0.9240310378528972,963.8362410960684,0.0,,1916090.1758150582
2021-02-11 08:00:02.540,1,0.7405040915607014,962.7464714033492,0.0,,1913696.9298247057
2021-02-11 08:00:02.550,1,0.778777820275944,964.7976594811856,0.0,,1918184.6859643732
2021-02-11 08:00:02.560,1,0.8389410120924431,974.2572884799284,0.0,,1938886.2836974203
2021-02-11 08:00:02.570,1,1.027438373759213,963.4804471569812,0.0,,1915317.970501734
2021-02-11 08:00:02.580,1,1.0177267123113396,965.9319511691637,0.0,,1920679.0130899234
2021-02-11 08:00:02.590,1,0.8725152183561737,959.4215044379538,0.0,,1906435.9154673428
2021-02-11 08:00:02.600,1,1.09916023802797,969.3254485324584,0.0,,1928105.633899642
2021-02-11 08:00:02.610,1,0.9438255236557516,960.6195321909456,0.0,,1909062.037871129
2021-02-11 08:00:02.620,1,1.055884947410234,962.053094828364,0.0,,1912200.502323596
2021-02-11 08:00:02.630,1,0.7646514231069117,960.8041205970068,0.0,,1909454.377643033
2021-02-11 08:00:02.640,1,0.8365673450917114,961.7110488849144,0.0,,1911442.4113028704
2021-02-11 08:00:02.650,1,0.7342604699391779,966.714117355176,0.0,,1922377.6048594571
2021-02-11 08:00:02.660,1,1.0927605516095111,965.4282015520366,0.0,,1919582.2365770682
2021-02-11 08:00:02.670,1,1.0049892985571165,961.8878627243032,0.0,,1911833.4072386718
2021-02-11 08:00:02.680,1,0.8797070477297988,960.7707280580833,0.0,,1909388.6958954248
2021-02-11 08:00:02.690,1,0.7863287353177173,957.4769113560964,0.0,,1902182.3936380444
2021-02-11 08:00:02.700,1,0.9811388318077376,960.5402932959475,0.0,,1908886.7852727538
2021-02-11 08:00:02.710,1,0.8209308897955171,951.6532920727616,0.0,,1889461.0423340793
2021-02-11 08:00:02.720,1,1.075455973546119,954.0438655988568,0.0,,1894697.5123521544
2021-02-11 08:00:02.730,1,1.080682145997899,962.7156160569936,0.0,,1913649.0635440557
2021-02-11 08:00:02.740,1,0.8158855269015329,960.7823939774004,0.0,,1909408.141034321
2021-02-11 08:00:02.750,1,0.9490723052800152,960.4798880341788,0.0,,1908756.6785454457
2021-02-11 08:00:02.760,1,0.8016912637545636,954.7135701778908,0.0,,1896145.8360445534
2021-02-11 08:00:02.770,1,0.8711539875053143,954.1228981814396,0.0,,1894858.7770285998
2021-02-11 08:00:02.780,1,0.9276026599263378,966.1764064380824,0.0,,1921210.4398839974
2021-02-11 08:00:02.790,1,0.7825766710653419,962.3752912194371,0.0,,1912889.0783574064
2021-02-11 08:00:02.800,1,1.0352796499365946,966.6640955128388,0.0,,1922284.2868092423
2021-02-11 08:00:02.810,1,0.8580001466902053,953.6813212560696,0.0,,1893896.109777931
2021-02-11 08:00:02.820,1,0.8844707605655635,961.2010383777712,0.0,,1910328.454293042
2021-02-11 08:00:02.830,1,0.8425889495299075,966.098400106528,0.0,,1921032.6116898905
2021-02-11 08:00:02.840,1,0.6925971329803573,953.2825305741832,0.0,,1893011.536007774
2021-02-11 08:00:02.850,1,0.8424486661832941,963.7673039787296,0.0,,1915935.1736226156
2021-02-11 08:00:02.860,1,0.7630748420218827,952.7156229542536,0.0,,1891776.6094091702
2021-02-11 08:00:02.870,1,0.9073757140914298,963.8093777443112,0.0,,1916029.4295489741
2021-02-11 08:00:02.880,1,0.8128886744322731,956.5945319522556,0.0,,1900253.1741082382
2021-02-11 08:00:02.890,1,0.7115694152843637,963.4567666779594,0.0,,1915253.7924623135
2021-02-11 08:00:02.900,1,0.7945306873427956,962.2383721998144,0.0,,1912592.3417404687
2021-02-11 08:00:02.910,1,0.7263553612526001,952.1853979218494,0.0,,1890621.971447673
2021-02-11 08:00:02.920,1,0.9492206068473078,956.4299643202804,0.0,,1899904.4307266914
2021-02-11 08:00:02.930,1,0.9276400900730258,955.0663822013728,0.0,,1896923.2404807352
2021-02-11 08:00:02.940,1,0.7335339113105872,957.4646997185234,0.0,,1902153.1966824015
2021-02-11 08:00:02.950,1,0.8801891097802987,955.68896509221,0.0,,1898279.9137553847
2021-02-11 08:00:02.960,1,0.672274338680502,959.2487853623204,0.0,,1906048.1221674217
2021-02-11 08:00:02.970,1,0.8402283655669599,958.8337001437792,0.0,,1905149.880613623
2021-02-11 08:00:02.980,1,0.9408688407985378,964.1822295695844,0.0,,1916847.1296260012
2021-02-11 08:00:02.990,1,0.7210151174485709,955.1237193912198,0.0,,1897035.564541953
2021-02-11 08:00:03.000,1,0.789594650453503,950.0577247171362,0.0,,1885980.180762862
2021-02-11 08:00:03.010,1,0.8564803164541741,958.3508435140473,0.0,,1904096.9952576824
2021-02-11 08:00:03.020,1,0.6682062035297622,951.1667013637772,0.0,,1888392.2490805206
2021-02-11 08:00:03.030,1,0.6419056244664081,954.2687442225284,0.0,,1895165.3175440358
2021-02-11 08:00:03.040,1,0.6395250389956291,946.4431239440452,0.0,,1878083.74477154
2021-02-11 08:00:03.050,1,0.9243806506250026,953.423701408224,0.0,,1893334.9226875333
2021-02-11 08:00:03.060,1,0.6722833290330177,952.9000952842772,0.0,,1892182.32471986
2021-02-11 08:00:03.070,1,0.8709218706948206,955.3478701211274,0.0,,1897533.7634044765
2021-02-11 08:00:03.080,1,0.6443441284510378,948.3917035534575,0.0,,1882334.4293178348
2021-02-11 08:00:03.090,1,0.9201817864817848,951.0306921671164,0.0,,1888106.8811997566
2021-02-11 08:00:03.100,1,0.6475246513857202,942.942368210606,0.0,,1870443.5485075782
2021-02-11 08:00:03.110,1,0.6220910011423841,952.3854933584236,0.0,,1891055.4650940632
2021-02-11 08:00:03.120,1,0.7442647764548342,954.0762191601948,0.0,,1894748.458637698
2021-02-11 08:00:03.130,1,0.8343561182217205,937.4702265913436,0.0,,1858512.1595601132
2021-02-11 08:00:03.140,1,0.6769741128792288,946.5889333114231,0.0,,1878396.2466889324
2021-02-11 08:00:03.150,1,0.6388135161879344,943.6025103155688,0.0,,1871879.3610634543
2021-02-11 08:00:03.160,1,0.6950880684964971,948.3554239646188,0.0,,1882253.2625390948
2021-02-11 08:00:03.170,1,0.6738447801931693,948.213307628418,0.0,,1881942.550679107
2021-02-11 08:00:03.180,1,0.7262429471055498,945.6949767164984,0.0,,1876451.3772197517
2021-02-11 08:00:03.190,1,0.8031544752504788,951.6070603647086,0.0,,1889359.9665216221
2021-02-11 08:00:03.200,1,0.745346099482342,947.0489524740468,0.0,,1879406.7010743099
2021-02-11 08:00:03.210,1,0.8628042386517707,947.842017704549,0.0,,1881142.6272414688
2021-02-11 08:00:03.220,1,0.7205057436675073,942.0590337091188,0.0,,1868518.789941998
2021-02-11 08:00:03.230,1,0.7533635995630019,952.0779915882516,0.0,,1890386.9604051171
2021-02-11 08:00:03.240,1,0.6750151655568302,941.0984193541408,0.0,,1866417.258896703
2021-02-11 08:00:03.250,1,0.7241673305292541,951.2094074176754,0.0,,1888490.9487240214
2021-02-11 08:00:03.260,1,0.8150070227797407,945.1900211015544,0.0,,1875352.7516681019
2021-02-11 08:00:03.270,1,0.6218653943225779,942.6540307298676,0.0,,1869804.687612888
2021-02-11 08:00:03.280,1,0.7162742674132986,944.4084773378388,0.0,,1873643.2647665744
2021-02-11 08:00:03.290,1,0.8148720049493212,941.28796418712,0.0,,1866836.2731811043
2021-02-11 08:00:03.300,1,0.8554003528101974,947.0538171843826,0.0,,1879422.1015299694
2021-02-11 08:00:03.310,1,0.6267086219852528,940.8591042621804,0.0,,1865894.5494729788
2021-02-11 08:00:03.320,1,0.6402920873506182,946.5177656914756,0.0,,1878248.2894092447
2021-02-11 08:00:03.330,1,0.6785056516731172,951.7515740544447,0.0,,1889668.943363678
2021-02-11 08:00:03.340,1,0.7427421971153731,943.2819826744948,0.0,,1871186.8964199221
2021-02-11 08:00:03.350,1,0.7767392554645509,953.0112929794944,0.0,,1892427.5376537482
2021-02-11 08:00:03.360,1,0.7023182427655891,936.986278362208,0.0,,1857449.042569598
2021-02-11 08:00:03.370,1,0.7373920579388954,952.7842181679756,0.0,,1891927.4483692038
2021-02-11 08:00:03.380,1,0.8915578318723507,950.3437566847816,0.0,,1886604.1075031888
2021-02-11 08:00:03.390,1,0.7871721432419588,948.0083921351824,0.0,,1881501.77677398
2021-02-11 08:00:03.400,1,0.618547096433852,953.7525192254352,0.0,,1894037.2104637048
2021-02-11 08:00:03.410,1,0.714284516347914,950.958585304454,0.0,,1887939.5798545748
2021-02-11 08:00:03.420,1,0.8377726300959202,952.7272924534204,0.0,,1891812.482064594
2021-02-11 08:00:03.430,1,0.674948634165397,940.9593987027424,0.0,,1866111.8665036596
2021-02-11 08:00:03.440,1,0.7975874440687027,949.4900334096247,0.0,,1884738.368966939
2021-02-11 08:00:03.450,1,0.8943076394083659,951.7923562797656,0.0,,1889770.8032928086
2021-02-11 08:00:03.460,1,0.8960174003679131,947.4226080243784,0.0,,1880225.3942443214
2021-02-11 08:00:03.470,1,0.8491017186289125,951.0049312161068,0.0,,1888048.0455921264
2021-02-11 08:00:03.480,1,0.7131676009949716,951.3915320686004,0.0,,1888884.8457135109
2021-02-11 08:00:03.490,1,0.7156424445109576,956.5493616767174,0.0,,1900149.2807581173
2021-02-11 08:00:03.500,1,0.9448441762860872,944.4500289347716,0.0,,1873744.1771167847
2021-02-11 08:00:03.510,1,0.7135466301347863,957.244231289222,0.0,,1901672.9098066012
2021-02-11 08:00:03.520,1,0.9761794016724836,951.43338234948,0.0,,1888991.4694167036
2021-02-11 08:00:03.530,1,0.7205183177189379,962.7956807097,0.0,,1913805.3259313006
2021-02-11 08:00:03.540,1,0.9749331637012552,962.251021006036,0.0,,1912626.7941137818
2021-02-11 08:00:03.550,1,0.7489532628173792,954.8901392990804,0.0,,1896530.9703585482
2021-02-11 08:00:03.560,1,0.8558429694003296,953.8716088934456,0.0,,1894309.8253678
2021-02-11 08:00:03.570,1,1.0216320926047149,953.8970461055848,0.0,,1894374.2861202492
2021-02-11 08:00:03.580,1,0.9107411480697956,948.7634220698126,0.0,,1883157.8168673061
2021-02-11 08:00:03.590,1,0.8198040213907736,951.2181018100048,0.0,,1888510.7962735165
2021-02-11 08:00:03.600,1,0.7777877378034961,953.8277374010592,0.0,,1894210.6429330644
2021-02-11 08:00:03.610,1,0.916874111781162,966.3937070454024,0.0,,1921684.2757326253
2021-02-11 08:00:03.620,1,0.8415727329727386,967.869384487738,0.0,,1924908.4992273082
2021-02-11 08:00:03.630,1,1.0047879857706177,958.744707698573,0.0,,1904964.3734839046
2021-02-11 08:00:03.640,1,1.014370597737217,953.7897846754817,0.0,,1894138.559700901
2021-02-11 08:00:03.650,1,0.8615780852422789,952.5809546980892,0.0,,1891490.990588623
2021-02-11 08:00:03.660,1,0.8617488056546881,963.578009761391,0.0,,1915523.6802533176
2021-02-11 08:00:03.670,1,0.826328646994582,970.7582705709932,0.0,,1931228.7286062092
2021-02-11 08:00:03.680,1,0.8793775237104694,961.1626229533076,0.0,,1910243.8154341741
2021-02-11 08:00:03.690,1,0.8191120982820786,956.1199318995424,0.0,,1899221.6835136788
2021-02-11 08:00:03.700,1,0.964399945113812,963.8700018044392,0.0,,1916169.3025530076
2021-02-11 08:00:03.710,1,0.8466909918286786,967.0971945091304,0.0,,1923218.8637976856
2021-02-11 08:00:03.720,1,0.8657523678041616,969.7262539583184,0.0,,1928972.1971118115
2021-02-11 08:00:03.730,1,1.0699849184929346,957.5747066689652,0.0,,1902411.9356509543
2021-02-11 08:00:03.740,1,0.9003351584286623,970.8426934463922,0.0,,1931418.9835456628
2021-02-11 08:00:03.750,1,0.8071924701693113,970.3021237931024,0.0,,1930229.3822703266
2021-02-11 08:00:03.760,1,0.9143230864796676,966.9231310357826,0.0,,1922842.7924646165
2021-02-11 08:00:03.770,1,0.8222602564300899,962.5281882172396,0.0,,1913227.3596064292
2021-02-11 08:00:03.780,1,0.9532600893768448,973.9685645794832,0.0,,1938262.2302392502
2021-02-11 08:00:03.790,1,1.1335121356137383,968.5778553270836,0.0,,1926474.941323812
2021-02-11 08:00:03.800,1,1.1366750096210712,962.4269077160528,0.0,,1913019.865427174
2021-02-11 08:00:03.810,1,1.146277454587329,963.6291942608868,0.0,,1915651.8131575715
2021-02-11 08:00:03.820,1,0.8549153424782473,965.0546341745776,0.0,,1918753.9301624773
2021-02-11 08:00:03.830,1,1.0207824461851078,973.2761729874308,0.0,,1936750.7235521458
2021-02-11 08:00:03.840,1,1.0259909687961113,969.115227594132,0.0,,1927642.8525795203
2021-02-11 08:00:03.850,1,0.9312710338025846,969.6910146368753,0.0,,1928898.9804767556
2021-02-11 08:00:03.860,1,1.148590524026898,963.7239569250992,0.0,,1915858.6963561107
2021-02-11 08:00:03.870,1,1.0078350535680636,972.4933450522868,0.0,,1935038.152421245
2021-02-11 08:00:03.880,1,1.123287180189548,971.3637197435892,0.0,,1932571.5478326406
2021-02-11 08:00:03.890,1,1.0128979035076169,962.103070419844,0.0,,1912306.8935750911
2021-02-11 08:00:03.900,1,0.93772636249958,969.1017700405846,0.0,,1927609.3308031368
2021-02-11 08:00:03.910,1,1.0868440749055546,964.6522250627246,0.0,,1917887.814957596
2021-02-11 08:00:03.920,1,0.7808180338679053,967.9475854636718,0.0,,1925075.5823455036
2021-02-11 08:00:03.930,1,0.9160425936828712,968.6279416839154,0.0,,1926573.091580921
2021-02-11 08:00:03.940,1,1.0745838618010584,974.5994020818268,0.0,,1939649.0549559875
2021-02-11 08:00:03.950,1,0.8204937969743014,977.8795643814256,0.0,,1946820.0740610533
2021-02-11 08:00:03.960,1,0.9856540075018784,965.04664214612,0.0,,1918738.8051824095
2021-02-11 08:00:03.970,1,0.7869973379537382,974.9983566563247,0.0,,1940508.0023965223
2021-02-11 08:00:03.980,1,0.8939339383529862,967.5306314598242,0.0,,1924170.632821501
2021-02-11 08:00:03.990,1,0.9348261064136586,957.2881411719447,0.0,,1901776.0544488549
2021-02-11 08:00:04.000,1,1.0560672618528684,966.7112822368192,0.0,,1922386.7198454726
2021-02-11 08:00:04.010,1,0.7886024731413629,961.0925796786032,0.0,,1910083.318840385
2021-02-11 08:00:04.020,1,0.8488088299561731,969.7804120457072,0.0,,1929093.939796428
2021-02-11 08:00:04.030,1,0.7338429952098348,971.1911695156134,0.0,,1932173.1634183743
2021-02-11 08:00:04.040,1,0.9035097768344132,958.6752080953888,0.0,,1904807.712323491
2021-02-11 08:00:04.050,1,0.8058019553410679,965.9313863373264,0.0,,1920669.129661673
2021-02-11 08:00:04.060,1,0.9938480366402488,959.5026485928764,0.0,,1906622.1788046355
2021-02-11 08:00:04.070,1,0.9206543805594196,956.7231865582218,0.0,,1900536.4609397973
2021-02-11 08:00:04.080,1,0.8915778637801428,967.8191430789884,0.0,,1924800.5614517373
2021-02-11 08:00:04.090,1,0.9347663547997568,960.2206654437576,0.0,,1908186.6081695738
2021-02-11 08:00:04.100,1,1.0371964664783722,964.927906200246,0.0,,1918485.1236364734
2021-02-11 08:00:04.110,1,0.7723949914742677,958.8050938901936,0.0,,1905082.6888870483
2021-02-11 08:00:04.120,1,0.8239086718684859,957.6082539162312,0.0,,1902471.7143530897
2021-02-11 08:00:04.130,1,0.8724995337106591,965.8295045514766,0.0,,1920448.1136733457
2021-02-11 08:00:04.140,1,0.8867671142339528,951.4607480363997,0.0,,1889045.5499949697
2021-02-11 08:00:04.150,1,0.7384588561357689,959.17718741724,0.0,,1905897.0060452693
2021-02-11 08:00:04.160,1,0.7057514218120426,956.5471610250568,0.0,,1900146.8781912879
2021-02-11 08:00:04.170,1,0.7770377685547961,954.2674423773155,0.0,,1895168.345155738
2021-02-11 08:00:04.180,1,0.9416675093104871,954.52633380893,0.0,,1895746.1622312975
2021-02-11 08:00:04.190,1,0.9226582652085366,961.246739969223,0.0,,1910430.6379589094
2021-02-11 08:00:04.200,1,0.8630111794455686,960.062505832679,0.0,,1907839.6996575466
2021-02-11 08:00:04.210,1,0.7029479713411024,949.9257611088468,0.0,,1885686.076850506
2021-02-11 08:00:04.220,1,0.7787117877214618,958.091411136596,0.0,,1903527.8713569376
2021-02-11 08:00:04.230,1,0.8575833361574766,953.940592152628,0.0,,1894462.872016354
2021-02-11 08:00:04.240,1,0.8675152358708357,964.25977593123,0.0,,1917017.7566649476
2021-02-11 08:00:04.250,1,0.8765806307961859,939.7710785237044,0.0,,1863528.8120327198
2021-02-11 08:00:04.260,1,0.8516254015161396,953.456547309555,0.0,,1893400.9545297746
2021-02-11 08:00:04.270,1,0.7148072488217969,952.3965892964048,0.0,,1891082.2702170582
2021-02-11 08:00:04.280,1,0.6679314282545733,944.7543302002916,0.0,,1874395.6149557934
2021-02-11 08:00:04.290,1,0.7845169687966325,940.0826380131596,0.0,,1864206.457921524
2021-02-11 08:00:04.300,1,0.6636541801579652,955.2660343415332,0.0,,1897346.8287468052
2021-02-11 08:00:04.310,1,0.8045002233296752,950.6724658032152,0.0,,1887321.8229931013
2021-02-11 08:00:04.320,1,0.8743527428179073,937.5539993590834,0.0,,1858700.2402217928
2021-02-11 08:00:04.330,1,0.6622733322380973,944.0110504504124,0.0,,1872770.9404595592
2021-02-11 08:00:04.340,1,0.7961016282682489,945.4124649069162,0.0,,1875837.972665
2021-02-11 08:00:04.350,1,0.634218529880089,937.7320357615864,0.0,,1859070.1367032933
2021-02-11 08:00:04.360,1,0.5905991241746436,941.8604188845336,0.0,,1868075.8635466204
2021-02-11 08:00:04.370,1,0.728256562642313,936.826177254261,0.0,,1857101.7475148311
2021-02-11 08:00:04.380,1,0.7417733086117755,945.0066769633972,0.0,,1874946.535584919
2021-02-11 08:00:04.390,1,0.5830139024988555,931.482550302876,0.0,,1845451.267596895
2021-02-11 08:00:04.400,1,0.6494136191121327,936.4479368085867,0.0,,1856272.1217880114
2021-02-11 08:00:04.410,1,0.7737586344142727,940.749367662127,0.0,,1865658.938057371
2021-02-11 08:00:04.420,1,0.6265861529586084,939.3447849885106,0.0,,1862592.8203924478
2021-02-11 08:00:04.430,1,0.8070306734823139,932.8131782690384,0.0,,1848354.4772429704
2021-02-11 08:00:04.440,1,0.561536880509612,932.4792121233972,0.0,,1847618.2789860193
2021-02-11 08:00:04.450,1,0.7833161320079289,922.9591451167933,0.0,,1826889.9707428152
2021-02-11 08:00:04.460,1,0.7055831866078939,938.2072242450896,0.0,,1860112.7178335714
2021-02-11 08:00:04.470,1,0.6557664826024819,934.6009417866974,0.0,,1852244.1492795304
2021-02-11 08:00:04.480,1,0.6976546314053556,939.0313967056494,0.0,,1861911.459965747
2021-02-11 08:00:04.490,1,0.5675936027245272,925.798638778401,0.0,,1833061.5298239458
2021-02-11 08:00:04.500,1,0.5880412898523864,926.1834683607076,0.0,,1833901.7476137865
2021-02-11 08:00:04.510,1,0.537409834904408,931.2285024556868,0.0,,1844890.0176482068
2021-02-11 08:00:04.520,1,0.5883701290693343,925.143624915319,0.0,,1831636.8703833062
2021-02-11 08:00:04.530,1,0.5361464459330629,932.6414720119964,0.0,,1847969.7623881814
2021-02-11 08:00:04.540,1,0.515554471261223,926.7355305421356,0.0,,1835101.3337835537
2021-02-11 08:00:04.550,1,0.583841330559249,917.3047156489912,0.0,,1814573.3193381852
2021-02-11 08:00:04.560,1,0.7483587621737401,936.0896877221456,0.0,,1855497.368113863
2021-02-11 08:00:04.570,1,0.5197320881477626,926.2518482445472,0.0,,1834046.2992739868
2021-02-11 08:00:04.580,1,0.7331000891737084,925.974383635172,0.0,,1833455.3032105537
2021-02-11 08:00:04.590,1,0.6265377715617491,929.9349861869608,0.0,,1842073.4534596482
2021-02-11 08:00:04.600,1,0.7523447050770539,935.5366120702148,0.0,,1854288.058617784
2021-02-11 08:00:04.610,1,0.6456388258533848,931.8262890000432,0.0,,1846200.8130290147
2021-02-11 08:00:04.620,1,0.5845971371628725,922.2545199346412,0.0,,1825348.1100523558
2021-02-11 08:00:04.630,1,0.5137275502784698,931.8472999777526,0.0,,1846237.7634151732
2021-02-11 08:00:04.640,1,0.6453242967786604,919.7756485178736,0.0,,1819954.870450794
2021-02-11 08:00:04.650,1,0.5957308012928094,931.0371540904724,0.0,,1844474.8539798534
2021-02-11 08:00:04.660,1,0.7327755241400393,927.0246229707994,0.0,,1835737.182875936
2021-02-11 08:00:04.670,1,0.6617754907842843,929.78094838445,0.0,,1841741.2743673997
2021-02-11 08:00:04.680,1,0.592642196355995,931.4396900185684,0.0,,1845350.9229488282
2021-02-11 08:00:04.690,1,0.5306495724926101,923.5859143474668,0.0,,1828242.2478840733
2021-02-11 08:00:04.700,1,0.6323833659886515,932.1521053989688,0.0,,1846908.519659391
2021-02-11 08:00:04.710,1,0.6190274028986961,927.1284095198564,0.0,,1835959.5256265309
2021-02-11 08:00:04.720,1,0.6272169328694334,931.6267939153267,0.0,,1845761.8934000083
2021-02-11 08:00:04.730,1,0.7958746014628072,929.7988793768412,0.0,,1841788.1163361943
2021-02-11 08:00:04.740,1,0.5667879792565287,926.3357619649424,0.0,,1834235.1681379725
2021-02-11 08:00:04.750,1,0.6182274949215499,930.7127553348372,0.0,,1843769.4722908172
2021-02-11 08:00:04.760,1,0.6458739734826838,933.5262174227718,0.0,,1849898.8997743325
2021-02-11 08:00:04.770,1,0.6339359831480108,930.6111431744276,0.0,,1843549.1077200314
2021-02-11 08:00:04.780,1,0.6952858532727102,923.9766001519396,0.0,,1829097.0054060952
2021-02-11 08:00:04.790,1,0.6569902740842646,930.6482286238696,0.0,,1843633.3583896353
2021-02-11 08:00:04.800,1,0.7202972440628941,927.6063559054068,0.0,,1837005.8692413794
2021-02-11 08:00:04.810,1,0.8093197113812185,941.6737145464364,0.0,,1867675.8822840962
2021-02-11 08:00:04.820,1,0.7257683087094907,935.9099152500876,0.0,,1855108.0174599383
2021-02-11 08:00:04.830,1,0.7793273225962678,934.1182972949664,0.0,,1851198.8497405557
2021-02-11 08:00:04.840,1,0.5822541489569747,934.74655303105,0.0,,1852558.6528187646
2021-02-11 08:00:04.850,1,0.7300482598016543,944.310649137646,0.0,,1873430.7018206334
2021-02-11 08:00:04.860,1,0.8450484255551931,947.2565770955272,0.0,,1879865.7610516823
2021-02-11 08:00:04.870,1,0.6924765236085628,933.4570033888624,0.0,,1849755.4437806928
2021-02-11 08:00:04.880,1,0.6831697652290387,926.9457273673148,0.0,,1835566.8588020878
2021-02-11 08:00:04.890,1,0.6378694350439299,944.0190837389164,0.0,,1872788.498339496
2021-02-11 08:00:04.900,1,0.7098301944621666,938.258183079854,0.0,,1860223.1725104703
2021-02-11 08:00:04.910,1,0.7129985044093313,943.8880669567676,0.0,,1872507.937677477
2021-02-11 08:00:04.920,1,0.9069716433199372,938.5460269297664,0.0,,1860862.6963618875
2021-02-11 08:00:04.930,1,0.793492812965991,942.9488314338882,0.0,,1870464.4567972457
2021-02-11 08:00:04.940,1,0.6391017688373898,947.3536802911096,0.0,,1880065.0020177483
2021-02-11 08:00:04.950,1,0.8325572623519597,945.3935732671048,0.0,,1875794.3073759275
2021-02-11 08:00:04.960,1,0.6809957291380851,947.1332377749152,0.0,,1879585.83009892
2021-02-11 08:00:04.970,1,0.8939859627231681,943.0895082537896,0.0,,1870773.009222883
2021-02-11 08:00:04.980,1,0.8341507968373751,946.4889317338806,0.0,,1878186.035268369
2021-02-11 08:00:04.990,1,0.8349195140183227,946.0986165698586,0.0,,1877338.491856069
2021-02-11 08:00:05.000,1,0.7542741577001572,947.3983816584292,0.0,,1880171.10117808
2021-02-11 08:00:05.010,1,0.7184294237241425,948.4382438195004,0.0,,1882439.6543169238
2021-02-11 08:00:05.020,1,0.9255207364148518,946.2094813024266,0.0,,1877585.3984105033
2021-02-11 08:00:05.030,1,0.936562662092148,953.451461785676,0.0,,1893396.3452120132
2021-02-11 08:00:05.040,1,0.7442884178889818,949.790617948202,0.0,,1885393.3599662082
2021-02-11 08:00:05.050,1,0.8185355147964294,960.0604441839616,0.0,,1907828.5447810767
2021-02-11 08:00:05.060,1,0.7502127289077947,952.978013165992,0.0,,1892350.4451731585
2021-02-11 08:00:05.070,1,0.7145381499241737,951.0326685254868,0.0,,1888104.459341412
2021-02-11 08:00:05.080,1,0.9171018869797196,952.1665647867204,0.0,,1890587.747651878
2021-02-11 08:00:05.090,1,0.8423832640295992,956.4288765195816,0.0,,1899896.9479732236
2021-02-11 08:00:05.100,1,0.6765997024741464,960.73384199339,0.0,,1909295.9875391843
2021-02-11 08:00:05.110,1,0.9349952418802998,956.4796181065104,0.0,,1900010.3118594356
2021-02-11 08:00:05.120,1,0.6830518699747822,956.0265644269882,0.0,,1899003.7144151693
2021-02-11 08:00:05.130,1,0.8182454781518161,951.4469461010888,0.0,,1889008.5507898794
2021-02-11 08:00:05.140,1,0.8542073083845345,958.5143057257905,0.0,,1904455.9949876019
2021-02-11 08:00:05.150,1,0.7597099317357825,951.1598234945676,0.0,,1888382.9808952918
2021-02-11 08:00:05.160,1,0.9276564864456404,955.0475204011497,0.0,,1896878.3786104405
2021-02-11 08:00:05.170,1,0.7284689285472615,960.2508739069116,0.0,,1908242.6778888968
2021-02-11 08:00:05.180,1,0.8203483432730895,952.5771265326308,0.0,,1891477.4266975843
2021-02-11 08:00:05.190,1,0.8772957550488141,956.4961674099012,0.0,,1900044.7403097346
2021-02-11 08:00:05.200,1,0.9186575966425492,950.4034318967804,0.0,,1886740.1860705425
2021-02-11 08:00:05.210,1,0.7483015895506775,959.20134222973,0.0,,1905950.4017986082
2021-02-11 08:00:05.220,1,0.8277586057344984,963.062996492584,0.0,,1914398.8416034915
2021-02-11 08:00:05.230,1,1.0256186486732302,962.8360821386408,0.0,,1913907.4230260318
2021-02-11 08:00:05.240,1,0.8466869081771045,967.9726798038868,0.0,,1925134.8118824107
2021-02-11 08:00:05.250,1,0.7587061820748343,954.910464768482,0.0,,1896577.0097223134
2021-02-11 08:00:05.260,1,0.7769935213452246,956.4052203262044,0.0,,1899843.3801930444
2021-02-11 08:00:05.270,1,0.9127681572158424,957.8186866163628,0.0,,1902936.8072806967
2021-02-11 08:00:05.280,1,0.978960830119622,952.6161738915864,0.0,,1891571.7265526496
2021-02-11 08:00:05.290,1,1.022886921276709,955.9210265457056,0.0,,1898795.402995299
2021-02-11 08:00:05.300,1,0.8154622836525628,957.1461444151396,0.0,,1901463.9290264708
2021-02-11 08:00:05.310,1,0.978633089832714,960.0831861905996,0.0,,1907890.2478250575
2021-02-11 08:00:05.320,1,0.8114552117664587,967.849331074548,0.0,,1924864.4189957548
2021-02-11 08:00:05.330,1,0.8500255917486322,965.4442208672648,0.0,,1919602.0263889285
2021-02-11 08:00:05.340,1,0.8388211724373547,963.3513060165208,0.0,,1915027.893066085
2021-02-11 08:00:05.350,1,0.6891166367326635,968.9775219844272,0.0,,1927324.6156795642
2021-02-11 08:00:05.360,1,0.7032416315737227,962.381867276042,0.0,,1912902.1869305596
2021-02-11 08:00:05.370,1,0.9836124902314743,957.7853365789352,0.0,,1902869.1385400123
2021-02-11 08:00:05.380,1,0.8157727493871688,957.0987145247302,0.0,,1901358.538674145
2021-02-11 08:00:05.390,1,0.7482682686444683,960.7682734733162,0.0,,1909375.528305189
2021-02-11 08:00:05.400,1,0.8380839760695425,958.9082852168592,0.0,,1905312.008044412
2021-02-11 08:00:05.410,1,0.7701237087467173,960.0230946270984,0.0,,1907748.9414354975
2021-02-11 08:00:05.420,1,0.7094292706884152,964.393196264436,0.0,,1917297.925191332
2021-02-11 08:00:05.430,1,0.8568350614830282,957.7320091395446,0.0,,1902741.660038823
2021-02-11 08:00:05.440,1,0.9280154920963066,953.2928588414172,0.0,,1893049.3329248445
2021-02-11 08:00:05.450,1,0.8682628013801832,955.4848664744692,0.0,,1897834.8449076666
2021-02-11 08:00:05.460,1,0.8156268200948722,952.7019172745116,0.0,,1891755.6399463895
2021-02-11 08:00:05.470,1,0.7719424409495722,955.0557632815558,0.0,,1896894.8197709243
2021-02-11 08:00:05.480,1,0.7106904517596158,951.2352244324846,0.0,,1888544.0892031896
2021-02-11 08:00:05.490,1,0.7797941409769317,953.3368240822618,0.0,,1893138.113129165
2021-02-11 08:00:05.500,1,0.7842104661334316,949.818245241777,0.0,,1885458.7746178193
2021-02-11 08:00:05.510,1,0.9386626894589116,949.2875633968712,0.0,,1884303.3279207845
2021-02-11 08:00:05.520,1,0.6899116693673648,948.376642638104,0.0,,1882301.0643079437
2021-02-11 08:00:05.530,1,0.8459490240542311,956.2303805230716,0.0,,1899462.390774098
2021-02-11 08:00:05.540,1,0.7549592128182802,949.6196805158764,0.0,,1885020.1297455907
2021-02-11 08:00:05.550,1,0.7795884082638002,953.0150258241008,0.0,,1892435.015517253
2021-02-11 08:00:05.560,1,0.8556953203115862,947.406788994191,0.0,,1880190.5106985886
2021-02-11 08:00:05.570,1,0.7055241871976842,949.2574256249558,0.0,,1884225.399877207
2021-02-11 08:00:05.580,1,0.9308193747964852,942.3522662577344,0.0,,1869166.788777377
2021-02-11 08:00:05.590,1,0.8215810778753909,952.259830165038,0.0,,1890791.9641380976
2021-02-11 08:00:05.600,1,0.7309311684855341,946.3273784633764,0.0,,1877828.8350809366
2021-02-11 08:00:05.610,1,0.7729702630680559,943.6053270014196,0.0,,1871893.5585545585
2021-02-11 08:00:05.620,1,0.6211890412295739,945.9444122985356,0.0,,1876989.7426732236
2021-02-11 08:00:05.630,1,0.783142017423567,945.0399821634944,0.0,,1875024.714496866
2021-02-11 08:00:05.640,1,0.7146613489686249,941.44542554106,0.0,,1867177.5653928663
2021-02-11 08:00:05.650,1,0.9114061627136558,940.4450692786296,0.0,,1865003.0913059004
2021-02-11 08:00:05.660,1,0.8301919200680017,942.5017427884916,0.0,,1869489.228047367
2021-02-11 08:00:05.670,1,0.6176895914180602,951.4851115529594,0.0,,1889085.454985793
2021-02-11 08:00:05.680,1,0.7831516950106302,940.015143133532,0.0,,1864058.5333248414
2021-02-11 08:00:05.690,1,0.8058268035319666,937.377999176933,0.0,,1858307.8455933123
2021-02-11 08:00:05.700,1,0.8674046248869918,933.9781357673792,0.0,,1850900.1122665037
2021-02-11 08:00:05.710,1,0.8178324508383263,939.987373667902,0.0,,1864001.681423295
2021-02-11 08:00:05.720,1,0.8733682332966352,928.7831450165066,0.0,,1839576.0811797883
2021-02-11 08:00:05.730,1,0.8111142441199105,945.03461854103,0.0,,1875012.2734882622
2021-02-11 08:00:05.740,1,0.635413176123993,943.0992759412604,0.0,,1870776.6280733682
2021-02-11 08:00:05.750,1,0.6764122189383379,933.1708901672928,0.0,,1849130.9130994275
2021-02-11 08:00:05.760,1,0.6340986830768244,943.4202366410032,0.0,,1871482.9901453927
2021-02-11 08:00:05.770,1,0.7508993723351433,930.9433846496584,0.0,,1844278.9415942456
2021-02-11 08:00:05.780,1,0.7649255530118478,940.9714420431652,0.0,,1866144.9489906768
2021-02-11 08:00:05.790,1,0.7179140478968128,940.9546981139104,0.0,,1866108.0103805654
2021-02-11 08:00:05.800,1,0.8730020614788909,934.8302087429876,0.0,,1852760.5638557347
2021-02-11 08:00:05.810,1,0.5841797516703182,943.7640247712864,0.0,,1872225.4119369881
2021-02-11 08:00:05.820,1,0.6744721609129205,931.3101501260624,0.0,,1845074.7403285033
2021-02-11 08:00:05.830,1,0.6548164942977167,928.2861434466548,0.0,,1838490.338817053
2021-02-11 08:00:05.840,1,0.7785648874364027,941.665123452988,0.0,,1867663.5113836136
2021-02-11 08:00:05.850,1,0.7149815636832472,933.4396814694628,0.0,,1849715.4117686022
2021-02-11 08:00:05.860,1,0.6846401642255318,934.494267797597,0.0,,1852015.056943369
2021-02-11 08:00:05.870,1,0.7019816374700366,924.7167554859552,0.0,,1830717.5337918615
2021-02-11 08:00:05.880,1,0.5921725771642173,936.4461581955176,0.0,,1856268.2324496328
2021-02-11 08:00:05.890,1,0.6526704863023695,930.736291745587,0.0,,1843820.8532645933
2021-02-11 08:00:05.900,1,0.5857734475298602,920.3470203033957,0.0,,1821194.4400838714
2021-02-11 08:00:05.910,1,0.6066937824639403,937.98882299078,0.0,,1859627.955689566
2021-02-11 08:00:05.920,1,0.728072417080467,926.0151684191346,0.0,,1833541.595593053
2021-02-11 08:00:05.930,1,0.6373086405409056,928.4493053756916,0.0,,1838841.1591102488
2021-02-11 08:00:05.940,1,0.8289077984658371,930.5652715316344,0.0,,1843461.7153725908
2021-02-11 08:00:05.950,1,0.8240121402335487,928.0518384137268,0.0,,1837981.7353063617
2021-02-11 08:00:05.960,1,0.7462146506299839,926.8305523220891,0.0,,1835322.4094096522
2021-02-11 08:00:05.970,1,0.6306105139341713,926.9129139268508,0.0,,1835493.9903407425
2021-02-11 08:00:05.980,1,0.5926847816744271,932.1493317025112,0.0,,1846899.4045678852
2021-02-11 08:00:05.990,1,0.6932647209222648,929.880440467078,0.0,,1841963.5297538817
2021-02-11 08:00:06.000,1,0.6324713732752012,934.4973939119292,0.0,,1852019.650698603
2021-02-11 08:00:06.010,1,0.8564864767613999,920.631507345669,0.0,,1821825.8275538587
2021-02-11 08:00:06.020,1,0.8257052320222045,930.9788818708724,0.0,,1844364.6908360992
2021-02-11 08:00:06.030,1,0.6331096925844402,934.4259359996448,0.0,,1851863.145999636
2021-02-11 08:00:06.040,1,0.8745731495201844,930.1535876535166,0.0,,1842566.3409581392
2021-02-11 08:00:06.050,1,0.8453025059866492,926.7110242544364,0.0,,1835060.1270073175
2021-02-11 08:00:06.060,1,0.6508106312645964,922.6817388919812,0.0,,1826277.7011116017
2021-02-11 08:00:06.070,1,0.6040102310245063,932.4507888088002,0.0,,1847558.1842006256
2021-02-11 08:00:06.080,1,0.8304812153015158,927.468938083072,0.0,,1836713.4532488775
2021-02-11 08:00:06.090,1,0.8306385236127178,922.476406944658,0.0,,1825841.8171598983
2021-02-11 08:00:06.100,1,0.6038602685097916,933.4575043210244,0.0,,1849752.6284737086
2021-02-11 08:00:06.110,1,0.8049812590115462,928.0494902941908,0.0,,1837980.3186993785
2021-02-11 08:00:06.120,1,0.7320058307615699,925.1620614535263,0.0,,1831686.2393372152
2021-02-11 08:00:06.130,1,0.7155387471046056,927.9654274108348,0.0,,1837789.7414995874
2021-02-11 08:00:06.140,1,0.7534486636197845,926.5426763007872,0.0,,1834694.1304862346
2021-02-11 08:00:06.150,1,0.8213057665703581,935.0760634980772,0.0,,1853290.6302777915
2021-02-11 08:00:06.160,1,0.6493668025881013,928.4430514789516,0.0,,1838828.394863091
2021-02-11 08:00:06.170,1,0.8137971517064355,930.9842095970816,0.0,,1844368.9195968935
2021-02-11 08:00:06.180,1,0.8651642145722753,927.1844465102744,0.0,,1836095.100083658
2021-02-11 08:00:06.190,1,0.7393089192204273,927.313986072336,0.0,,1836371.1640749967
2021-02-11 08:00:06.200,1,0.8930634632418065,933.883734124261,0.0,,1850692.8307211094
2021-02-11 08:00:06.210,1,0.9045441112829176,936.5122741480074,0.0,,1856425.6349414277
2021-02-11 08:00:06.220,1,0.7552531907086362,930.299833595805,0.0,,1842878.9424950688
2021-02-11 08:00:06.230,1,0.8290011323051247,932.0173716655748,0.0,,1846622.3588688055
2021-02-11 08:00:06.240,1,0.8242146035049096,937.1513063723686,0.0,,1857814.2392620826
2021-02-11 08:00:06.250,1,0.7775774951637408,933.3533693478344,0.0,,1849529.2843414617
2021-02-11 08:00:06.260,1,0.7898864860562709,939.3842746824644,0.0,,1862684.0975170492
2021-02-11 08:00:06.270,1,0.8508916519014114,943.6689517473408,0.0,,1872032.0675828625
2021-02-11 08:00:06.280,1,0.7242158081732766,935.4130874119368,0.0,,1854022.739755012
2021-02-11 08:00:06.290,1,0.8099134454144297,936.6462624007744,0.0,,1856712.0783713774
2021-02-11 08:00:06.300,1,0.7771373759282388,944.388389384482,0.0,,1873600.1343286799
2021-02-11 08:00:06.310,1,0.8124562152934822,941.7929798955832,0.0,,1867938.823900262
2021-02-11 08:00:06.320,1,0.9188246625627275,936.0493660466028,0.0,,1855417.5713568649
2021-02-11 08:00:06.330,1,0.914920089268728,931.8037837071788,0.0,,1846162.0977071438
2021-02-11 08:00:06.340,1,0.6363407261742446,933.4281850635164,0.0,,1849689.3646546416
2021-02-11 08:00:06.350,1,0.9149926437214784,949.4825051935655,0.0,,1884728.3761743966
2021-02-11 08:00:06.360,1,0.6817774846937872,942.586373969896,0.0,,1869665.6189778144
2021-02-11 08:00:06.370,1,0.7549781745823779,932.0112082443634,0.0,,1846608.2264306846
2021-02-11 08:00:06.380,1,0.9352509528101784,937.324951365583,0.0,,1858200.7562926717
2021-02-11 08:00:06.390,1,0.7813587511331256,941.8251117734436,0.0,,1868011.5880332373
2021-02-11 08:00:06.400,1,0.6357367551603749,936.4831965347804,0.0,,1856344.1723400636
2021-02-11 08:00:06.410,1,0.6657497571048565,942.9319971882304,0.0,,1870415.204285688
2021-02-11 08:00:06.420,1,0.8334952740969375,944.3644017809266,0.0,,1873552.7320657936
2021-02-11 08:00:06.430,1,0.7087429760962972,942.3437854155892,0.0,,1869137.7554919983
2021-02-11 08:00:06.440,1,0.7338008689447502,939.3142075816992,0.0,,1862526.5465181163
2021-02-11 08:00:06.450,1,0.8232731741257265,943.3786054328964,0.0,,1871400.1661028913
2021-02-11 08:00:06.460,1,0.8019397956374431,947.1681206280584,0.0,,1879668.0575672225
2021-02-11 08:00:06.470,1,0.6987165828106492,940.141540066125,0.0,,1864330.9515357907
2021-02-11 08:00:06.480,1,0.6354601800821471,946.788986570272,0.0,,1878835.5429547315
2021-02-11 08:00:06.490,1,0.6911970903379078,938.158167309153,0.0,,1860005.2242498402
2021-02-11 08:00:06.500,1,0.625418528769036,947.9980806162264,0.0,,1881473.9051197069
2021-02-11 08:00:06.510,1,0.8768746946849272,947.7067376444433,0.0,,1880852.1773537612
2021-02-11 08:00:06.520,1,0.8253641736360375,944.6187210149658,0.0,,1874105.406771224
2021-02-11 08:00:06.530,1,0.6658203835854605,941.9634208176476,0.0,,1868303.0105087094
2021-02-11 08:00:06.540,1,0.8684191118062756,943.421150997388,0.0,,1871494.5860555747
2021-02-11 08:00:06.550,1,0.7676856727239274,944.1114929625968,0.0,,1872998.669571344
2021-02-11 08:00:06.560,1,0.8146062656712328,946.020843944134,0.0,,1877166.8088517366
2021-02-11 08:00:06.570,1,0.7494930475493442,939.0379486227472,0.0,,1861927.7243180703
2021-02-11 08:00:06.580,1,0.8433088964237705,936.8973486584392,0.0,,1857261.1920142078
2021-02-11 08:00:06.590,1,0.6732566616500135,936.3162080226924,0.0,,1855987.6236656513
2021-02-11 08:00:06.600,1,0.6323123231899392,946.3238984435336,0.0,,1877817.4949624152
2021-02-11 08:00:06.610,1,0.6194610011455239,946.531523528964,0.0,,1878269.9528198899
2021-02-11 08:00:06.620,1,0.6202819180988891,951.6823525942668,0.0,,1889518.728951767
2021-02-11 08:00:06.630,1,0.6496036748662216,949.5289899749856,0.0,,1884815.579304977
2021-02-11 08:00:06.640,1,0.7346715499509185,946.5317806911432,0.0,,1878277.1004881212
2021-02-11 08:00:06.650,1,0.7238827622558728,948.0900165988648,0.0,,1881676.0842722566
2021-02-11 08:00:06.660,1,0.7992826677966812,941.789677649226,0.0,,1867930.6216437754
2021-02-11 08:00:06.670,1,0.628780495606696,951.809034807899,0.0,,1889793.7205609344
2021-02-11 08:00:06.680,1,0.6755047495859597,948.8996656517684,0.0,,1883444.7473442997
2021-02-11 08:00:06.690,1,0.7707690589602124,938.642432714544,0.0,,1861062.780392345
2021-02-11 08:00:06.700,1,0.8874309163500934,946.2335952891508,0.0,,1877634.2954556497
2021-02-11 08:00:06.710,1,0.754631841794818,942.9988748718324,0.0,,1870569.7419041458
2021-02-11 08:00:06.720,1,0.8671564823949909,945.3746341131206,0.0,,1875759.138906106
2021-02-11 08:00:06.730,1,0.8794938243126729,943.9436019865312,0.0,,1872635.7223601453
2021-02-11 08:00:06.740,1,0.8339535703975675,947.7473249316378,0.0,,1880935.0995655993
2021-02-11 08:00:06.750,1,0.754695950438266,947.1929051820548,0.0,,1879720.22955605
2021-02-11 08:00:06.760,1,0.8850938622740715,939.7953774433604,0.0,,1863581.6454988525
2021-02-11 08:00:06.770,1,0.6253705306089937,938.8463614942912,0.0,,1861502.7074135256
2021-02-11 08:00:06.780,1,0.8341868487573655,947.5884705751108,0.0,,1880590.8107343887
2021-02-11 08:00:06.790,1,0.7250186634117106,938.9068690663591,0.0,,1861640.4955729072
2021-02-11 08:00:06.800,1,0.7920485131511839,948.6052047156952,0.0,,1882805.7668731427
2021-02-11 08:00:06.810,1,0.7986295066631499,938.6812632596732,0.0,,1861154.2128996071
2021-02-11 08:00:06.820,1,0.7389484207748687,942.577104473479,0.0,,1869648.651454191
2021-02-11 08:00:06.830,1,0.6738349877876664,951.885837252604,0.0,,1889961.6569039302
2021-02-11 08:00:06.840,1,0.6183022807375324,949.773382195876,0.0,,1885350.708494921
2021-02-11 08:00:06.850,1,0.6255677189527372,943.4791002991702,0.0,,1871609.9252285028
2021-02-11 08:00:06.860,1,0.8862306706283879,948.4369349972856,0.0,,1882445.9764117221
2021-02-11 08:00:06.870,1,0.6955402603676327,941.339444876234,0.0,,1866944.56889108
2021-02-11 08:00:06.880,1,0.6393105158083491,946.1821942490178,0.0,,1877505.7327416472
2021-02-11 08:00:06.890,1,0.8053528490830427,942.383170611662,0.0,,1869224.3025917485
2021-02-11 08:00:06.900,1,0.6324447309672482,944.44989674953,0.0,,1873726.869691882
2021-02-11 08:00:06.910,1,0.7339098503949237,940.4181111530388,0.0,,1864938.7683920728
2021-02-11 08:00:06.920,1,0.9015260640992788,948.1199571651782,0.0,,1881753.109605144
2021-02-11 08:00:06.930,1,0.6593313734466529,938.907935685394,0.0,,1861641.3093076474
2021-02-11 08:00:06.940,1,0.8723222394276189,943.0125102807252,0.0,,1870600.4898631305
2021-02-11 08:00:06.950,1,0.7319927941046139,941.2387727570448,0.0,,1866727.3737489965
2021-02-11 08:00:06.960,1,0.7881196614817518,942.097293124466,0.0,,1868602.6107203607
2021-02-11 08:00:06.970,1,0.922938005242825,938.4317610719214,0.0,,1860613.8229900508
2021-02-11 08:00:06.980,1,0.8637400701855783,947.2615984076732,0.0,,1879874.7597822114
2021-02-11 08:00:06.990,1,0.9044460811121088,944.869528847894,0.0,,1874661.373266904
2021-02-11 08:00:07.000,1,0.901092936347284,930.9767372966006,0.0,,1844360.8235021203
2021-02-11 08:00:07.010,1,0.680320379810037,944.7879584968656,0.0,,1874468.7233056517
2021-02-11 08:00:07.020,1,0.9370642825421538,936.6376633800568,0.0,,1856703.2436639108
2021-02-11 08:00:07.030,1,0.8690637500109879,945.8488205550008,0.0,,1876792.8020451216
2021-02-11 08:00:07.040,1,0.7262537874351969,937.9217260931558,0.0,,1859491.602783059
2021-02-11 08:00:07.050,1,0.9586281795210966,940.6440339320262,0.0,,1865438.769298047
2021-02-11 08:00:07.060,1,0.7017638035130026,945.966507951622,0.0,,1877040.0756143732
2021-02-11 08:00:07.070,1,0.7950619588360601,940.1326808213648,0.0,,1864317.693883884
2021-02-11 08:00:07.080,1,0.8973021240518391,948.151462404628,0.0,,1881818.33369508
2021-02-11 08:00:07.090,1,0.8971776445924899,950.915877627236,0.0,,1887854.4280977193
2021-02-11 08:00:07.100,1,0.8403346174188567,950.4342522286966,0.0,,1886803.4186172124
2021-02-11 08:00:07.110,1,0.9367875218367212,943.1447152407328,0.0,,1870895.4972978737
2021-02-11 08:00:07.120,1,0.7563150591257488,947.0763922974986,0.0,,1879465.387059113
2021-02-11 08:00:07.130,1,0.8471909766958529,943.1702903704962,0.0,,1870945.5920951413
2021-02-11 08:00:07.140,1,0.867470905308199,948.4086110655188,0.0,,1882382.3376046296
2021-02-11 08:00:07.150,1,0.7626081888194426,947.210475768499,0.0,,1879759.2069857959
2021-02-11 08:00:07.160,1,0.8226623302136318,940.3128810731992,0.0,,1864712.5110119064
2021-02-11 08:00:07.170,1,0.9137835556288492,944.0185374603944,0.0,,1872797.3021005124
2021-02-11 08:00:07.180,1,0.877222498169003,945.0409008939912,0.0,,1875029.5158476206
2021-02-11 08:00:07.190,1,1.001411063671044,941.7164346960388,0.0,,1867780.335725388
2021-02-11 08:00:07.200,1,0.8992379488944716,936.2166458872866,0.0,,1855780.657302153
2021-02-11 08:00:07.210,1,0.7945436377204729,951.0704821872524,0.0,,1888189.3503715768
2021-02-11 08:00:07.220,1,0.8251730413693908,936.2286356547816,0.0,,1855808.081028561
2021-02-11 08:00:07.230,1,0.8889481144066875,945.716152044204,0.0,,1876501.4203120426
2021-02-11 08:00:07.240,1,1.0255123429266622,954.431540411824,0.0,,1895539.8116304174
2021-02-11 08:00:07.250,1,0.9859333144233972,945.4994950949712,0.0,,1876035.996193855
2021-02-11 08:00:07.260,1,1.0486005562443492,937.720756992464,0.0,,1859064.3395293194
2021-02-11 08:00:07.270,1,0.8825867566074218,946.8116829282768,0.0,,1878898.6290640996
2021-02-11 08:00:07.280,1,0.7339566263277708,936.6086004536868,0.0,,1856629.1247189413
2021-02-11 08:00:07.290,1,1.0822687058290963,948.1181829322364,0.0,,1881757.3184402846
2021-02-11 08:00:07.300,1,0.8938662216012462,941.6791813116214,0.0,,1867695.5362982943
2021-02-11 08:00:07.310,1,1.0690410205520446,949.0140567634018,0.0,,1883714.4237992023
2021-02-11 08:00:07.320,1,0.9888055787671102,944.926204373529,0.0,,1874784.5283029238
2021-02-11 08:00:07.330,1,0.8673136019098583,944.3201799143836,0.0,,1873457.2150735802
2021-02-11 08:00:07.340,1,0.8966708179507006,938.994455208356,0.0,,1861839.2806398144
2021-02-11 08:00:07.350,1,1.0689381411901178,951.788050998813,0.0,,1889769.6083114466
2021-02-11 08:00:07.360,1,0.9655409615709613,955.4224410880472,0.0,,1897706.1130205456
2021-02-11 08:00:07.370,1,0.765322662757124,957.7128185702564,0.0,,1902698.3017806518
2021-02-11 08:00:07.380,1,0.8761289659427224,947.2356974673764,0.0,,1879819.3754795291
2021-02-11 08:00:07.390,1,0.8879387797337378,950.2639997078544,0.0,,1886428.9048702733
2021-02-11 08:00:07.400,1,0.8404320923222366,947.8417136832984,0.0,,1881139.2276750177
2021-02-11 08:00:07.410,1,0.7976576053575373,944.8169445985104,0.0,,1874538.2527654744
2021-02-11 08:00:07.420,1,0.8135128602748889,946.6753354611332,0.0,,1878595.7704125312
2021-02-11 08:00:07.430,1,1.087881598222752,947.1030415768456,0.0,,1879540.6460239727
2021-02-11 08:00:07.440,1,0.7659950029999512,950.1931109144527,0.0,,1886272.3558389489
2021-02-11 08:00:07.450,1,1.0605866230268124,939.7303056918432,0.0,,1863454.0936752956
2021-02-11 08:00:07.460,1,0.8269098136683353,954.960177164321,0.0,,1896689.6577491942
2021-02-11 08:00:07.470,1,0.9897686507119624,944.5080195412216,0.0,,1873876.0164048073
2021-02-11 08:00:07.480,1,1.0329499636531925,950.357479610188,0.0,,1886643.1021872258
2021-02-11 08:00:07.490,1,0.8119833989349111,943.4846499616988,0.0,,1871629.7092185451
2021-02-11 08:00:07.500,1,0.8206860131661444,957.2877262636624,0.0,,1901770.0862816412
2021-02-11 08:00:07.510,1,0.9575248703966271,953.1325480437616,0.0,,1892700.9200949585
2021-02-11 08:00:07.520,1,0.8269102069873958,940.2339825382404,0.0,,1864538.5733760598
2021-02-11 08:00:07.530,1,0.8170399188890611,953.5309755265904,0.0,,1893563.3548394775
2021-02-11 08:00:07.540,1,0.7868559689029759,951.933360296622,0.0,,1890074.760163909
2021-02-11 08:00:07.550,1,1.0273283497064931,948.0480595304988,0.0,,1881602.4660955707
2021-02-11 08:00:07.560,1,0.971326440379486,946.750795785482,0.0,,1878767.1155233572
2021-02-11 08:00:07.570,1,1.036533414875242,943.220635088387,0.0,,1871066.377271309
2021-02-11 08:00:07.580,1,1.0937133462733022,944.4966131174356,0.0,,1873855.8447059053
2021-02-11 08:00:07.590,1,0.7483836537971795,945.7735023118864,0.0,,1876622.421094483
2021-02-11 08:00:07.600,1,0.9163957101618802,949.305878887364,0.0,,1884341.8191538597
2021-02-11 08:00:07.610,1,0.7499349416756537,948.5715405580372,0.0,,1882730.8393027622
2021-02-11 08:00:07.620,1,0.8576601184978023,950.6336162476316,0.0,,1887236.0654460764
2021-02-11 08:00:07.630,1,0.7537699642778303,948.8473863705444,0.0,,1883332.9190994257
2021-02-11 08:00:07.640,1,1.0699572237626258,948.7594005164564,0.0,,1883158.8236112709
2021-02-11 08:00:07.650,1,1.066792308150604,951.71289162454,0.0,,1889605.6420389002
2021-02-11 08:00:07.660,1,0.8772900892202616,950.9978896182896,0.0,,1888034.2685797298
2021-02-11 08:00:07.670,1,0.8678963736532016,951.9004359044004,0.0,,1890003.9608429333
2021-02-11 08:00:07.680,1,0.909679061717976,949.4685737877728,0.0,,1884697.7279282797
2021-02-11 08:00:07.690,1,1.0160357273037153,946.7771973261132,0.0,,1878824.9935398574
2021-02-11 08:00:07.700,1,0.9426094156886096,944.3820971401116,0.0,,1873597.5096851643
2021-02-11 08:00:07.710,1,0.8051789242437744,948.9353762966068,0.0,,1883527.2003551237
2021-02-11 08:00:07.720,1,0.6954498049201946,947.6264788299634,0.0,,1880663.1156114736
2021-02-11 08:00:07.730,1,0.7014185055049068,937.1091754737612,0.0,,1857719.8357731712
2021-02-11 08:00:07.740,1,0.847020048967098,946.2025793737308,0.0,,1877563.2493385074
2021-02-11 08:00:07.750,1,0.7986653583686759,950.3159039646486,0.0,,1886539.4556926272
2021-02-11 08:00:07.760,1,0.7051100772666437,948.9134728227168,0.0,,1883477.9777117358
2021-02-11 08:00:07.770,1,0.7979111859140104,951.8790206288984,0.0,,1889952.7822017677
2021-02-11 08:00:07.780,1,0.8806786198653622,948.3174387052592,0.0,,1882182.3582391182
2021-02-11 08:00:07.790,1,0.7005280881528329,946.6395397702036,0.0,,1878506.3548069838
2021-02-11 08:00:07.800,1,0.9629283626718232,939.364914135844,0.0,,1862650.594783963
2021-02-11 08:00:07.810,1,0.7274655229390381,947.3404312222168,0.0,,1880042.0220985303
2021-02-11 08:00:07.820,1,0.9246407377768512,946.5349909443069,0.0,,1878292.0412865062
2021-02-11 08:00:07.830,1,0.6984550147303992,944.00972082587,0.0,,1872769.8589538839
2021-02-11 08:00:07.840,1,0.8737948941850419,959.3724849317643,0.0,,1906328.563666445
2021-02-11 08:00:07.850,1,0.6474571396345095,948.495542688119,0.0,,1882557.003838932
2021-02-11 08:00:07.860,1,0.6862239834110471,940.4404333590726,0.0,,1864979.7490565004
2021-02-11 08:00:07.870,1,0.8684691718721665,938.8106012685854,0.0,,1861439.4447832883
2021-02-11 08:00:07.880,1,0.8904583354078941,937.6017636292804,0.0,,1858802.0508627556
2021-02-11 08:00:07.890,1,0.6166349000861999,946.6990303421304,0.0,,1878636.3552046502
2021-02-11 08:00:07.900,1,0.6286577965376459,932.3650823245724,0.0,,1847369.7993474682
2021-02-11 08:00:07.910,1,0.8085977047203908,940.1005229391864,0.0,,1864249.8385468435
2021-02-11 08:00:07.920,1,0.8455739675263608,948.9863308335886,0.0,,1883639.5223939745
2021-02-11 08:00:07.930,1,0.6412901179378899,945.346664554366,0.0,,1875682.8826590169
2021-02-11 08:00:07.940,1,0.6507362096074035,934.4481936110012,0.0,,1851912.7263804232
2021-02-11 08:00:07.950,1,0.7485105781360828,935.79964166674,0.0,,1854866.2389520446
2021-02-11 08:00:07.960,1,0.6711259687764971,932.6279108281052,0.0,,1847944.5301300064
2021-02-11 08:00:07.970,1,0.8403606567936996,938.0771719417008,0.0,,1859836.7145554975
2021-02-11 08:00:07.980,1,0.8229563836625203,941.5822736014696,0.0,,1867481.7342284785
2021-02-11 08:00:07.990,1,0.7521683108247942,940.1584800597826,0.0,,1864367.8387811899
2021-02-11 08:00:08.000,1,0.5935284845572125,926.7830051650984,0.0,,1835207.7820958933
2021-02-11 08:00:08.010,1,0.6792441562032098,943.3774138230988,0.0,,1871389.1918271338
2021-02-11 08:00:08.020,1,0.7299724931643905,935.6449340908372,0.0,,1854525.9317166698
2021-02-11 08:00:08.030,1,0.8249934020482211,928.8320826315212,0.0,,1839687.1963655488
2021-02-11 08:00:08.040,1,0.7714761451053825,934.393587670616,0.0,,1851799.7197431563
2021-02-11 08:00:08.050,1,0.5727083204781721,935.3203639309004,0.0,,1853810.5537732725
2021-02-11 08:00:08.060,1,0.8217107097782979,923.69404058447,0.0,,1828491.4193279543
2021-02-11 08:00:08.070,1,0.7830246076767905,936.2356602850356,0.0,,1855816.1198904396
2021-02-11 08:00:08.080,1,0.7803751294679526,935.2154204999712,0.0,,1853596.3167914732
2021-02-11 08:00:08.090,1,0.8007737705411359,938.6990779382202,0.0,,1861190.9356880041
2021-02-11 08:00:08.100,1,0.597525168120389,933.6960104204892,0.0,,1850270.712794657
2021-02-11 08:00:08.110,1,0.7084014597382341,931.839497670722,0.0,,1846232.1611472121
2021-02-11 08:00:08.120,1,0.7964844493249043,939.4044777628473,0.0,,1862727.3960877454
2021-02-11 08:00:08.130,1,0.6347318508321588,930.7968406260628,0.0,,1843957.7266907108
2021-02-11 08:00:08.140,1,0.6252459112188808,932.5060080113752,0.0,,1847679.7690605621
2021-02-11 08:00:08.150,1,0.7330745727067962,927.7176178590994,0.0,,1837249.7395984582
2021-02-11 08:00:08.160,1,0.7713430831762743,935.7154851471344,0.0,,1854683.312699231
2021-02-11 08:00:08.170,1,0.666554815532996,933.971735828344,0.0,,1850876.7868079287
2021-02-11 08:00:08.180,1,0.7757428341548194,935.477501803574,0.0,,1854164.9090834574
2021-02-11 08:00:08.190,1,0.7100796541405427,931.0489433592528,0.0,,1844506.5850729297
2021-02-11 08:00:08.200,1,0.6867755687404634,932.6396061955952,0.0,,1847971.2058857023
2021-02-11 08:00:08.210,1,0.7189731407539838,933.8098110159602,0.0,,1850526.2348646417
2021-02-11 08:00:08.220,1,0.7845400275668021,937.5744482016162,0.0,,1858736.6120475081
2021-02-11 08:00:08.230,1,0.6498514265150599,934.8335915603396,0.0,,1852753.9409264948
2021-02-11 08:00:08.240,1,0.6064125937944383,940.62990524969,0.0,,1865391.0823208143
2021-02-11 08:00:08.250,1,0.6517050385946379,934.8551874959652,0.0,,1852801.1438924426
2021-02-11 08:00:08.260,1,0.8207580808695629,937.129844330851,0.0,,1857769.1460403488
2021-02-11 08:00:08.270,1,0.7976560928928844,932.0182895962782,0.0,,1846625.357786041
2021-02-11 08:00:08.280,1,0.6553916061546622,931.8764458518608,0.0,,1846309.9569930662
2021-02-11 08:00:08.290,1,0.6018951198888729,937.094863076208,0.0,,1857680.0346112854
2021-02-11 08:00:08.300,1,0.8623341281608351,940.5840403849692,0.0,,1865305.4340142212
2021-02-11 08:00:08.310,1,0.6717816217324101,941.9478429376906,0.0,,1868269.2940186174
2021-02-11 08:00:08.320,1,0.6193551932307892,948.9766483214752,0.0,,1883607.0801417732
2021-02-11 08:00:08.330,1,0.8715556740718027,936.7944524794234,0.0,,1857039.9990887358
2021-02-11 08:00:08.340,1,0.7502552707408922,933.2642225723116,0.0,,1849338.5411674704
2021-02-11 08:00:08.350,1,0.621097488511772,929.8078868043916,0.0,,1841798.5546593713
2021-02-11 08:00:08.360,1,0.6235010561500475,942.8126569529068,0.0,,1870156.8219873453
2021-02-11 08:00:08.370,1,0.8878525480164765,935.9813286647644,0.0,,1855270.7409170796
2021-02-11 08:00:08.380,1,0.6935744877645502,936.5529263817648,0.0,,1856505.005663224
2021-02-11 08:00:08.390,1,0.6414996103705991,936.0629645166632,0.0,,1855435.9734530447
2021-02-11 08:00:08.400,1,0.7326375153125823,938.2647286605496,0.0,,1860240.449070898
2021-02-11 08:00:08.410,1,0.6597077395747192,947.6437150272812,0.0,,1880700.176061335
2021-02-11 08:00:08.420,1,0.916538328318282,946.8353881050084,0.0,,1878948.4814699478
2021-02-11 08:00:08.430,1,0.7374842235168712,950.8988954734178,0.0,,1887810.9424737652
2021-02-11 08:00:08.440,1,0.8630701526485162,933.1444425705316,0.0,,1849084.4753512351
2021-02-11 08:00:08.450,1,0.6788564695890282,949.1014775226274,0.0,,1883881.8867205137
2021-02-11 08:00:08.460,1,0.7837349009826967,947.265130883718,0.0,,1879880.734242358
2021-02-11 08:00:08.470,1,0.9321025626532056,949.848399210308,0.0,,1885527.3931160802
2021-02-11 08:00:08.480,1,0.7560381236653664,946.9104571196992,0.0,,1879107.2029033545
2021-02-11 08:00:08.490,1,0.8958688417170853,950.9447094737308,0.0,,1887918.1391765324
2021-02-11 08:00:08.500,1,0.7889634178455965,953.5896751452324,0.0,,1893693.797015471
2021-02-11 08:00:08.510,1,0.8863069655685217,947.91231098,0.0,,1881296.02327855
2021-02-11 08:00:08.520,1,0.950865693474448,954.4334327853746,0.0,,1895542.2279890438
2021-02-11 08:00:08.530,1,0.8180953809692487,948.7945798297447,0.0,,1883221.341387598
2021-02-11 08:00:08.540,1,0.8583709339381852,940.3624067177624,0.0,,1864818.5521262896
2021-02-11 08:00:08.550,1,1.0533100186112636,951.6579965779496,0.0,,1889486.7075259902
2021-02-11 08:00:08.560,1,1.0530562722588546,954.0343101882982,0.0,,1894676.8264599745
2021-02-11 08:00:08.570,1,0.992561641870348,952.6069970167786,0.0,,1891555.7510853405
2021-02-11 08:00:08.580,1,0.966475747399616,960.409127778702,0.0,,1908600.5120578553
2021-02-11 08:00:08.590,1,1.056397423093417,948.2371187590364,0.0,,1882018.0858029115
2021-02-11 08:00:08.600,1,0.8989549430308029,952.5491633432092,0.0,,1891424.0654124098
2021-02-11 08:00:08.610,1,0.8972191480852363,955.462203496573,0.0,,1897786.1671018251
2021-02-11 08:00:08.620,1,0.8863864046823863,960.6646063803752,0.0,,1909151.5421370766
2021-02-11 08:00:08.630,1,0.8542798947899026,965.5384889601291,0.0,,1919812.5694318733
2021-02-11 08:00:08.640,1,0.7682236526689042,965.7992846632708,0.0,,1920376.7006747257
2021-02-11 08:00:08.650,1,0.8081763260790299,968.9287299425454,0.0,,1927224.7859883609
2021-02-11 08:00:08.660,1,0.7874784956962119,960.6837679374396,0.0,,1909194.5612290255
2021-02-11 08:00:08.670,1,0.76305764292211,953.360120235179,0.0,,1893186.56077244
2021-02-11 08:00:08.680,1,0.910691374615596,953.9902451678912,0.0,,1894571.0928846865
2021-02-11 08:00:08.690,1,0.985373412838654,960.7893225856408,0.0,,1909429.748649695
2021-02-11 08:00:08.700,1,0.946216727204498,963.5953074082436,0.0,,1915568.0761272842
2021-02-11 08:00:08.710,1,1.0698184303585845,959.5469855798076,0.0,,1906722.2051003664
2021-02-11 08:00:08.720,1,1.1489130572783322,962.0058914591052,0.0,,1912100.5942663918
2021-02-11 08:00:08.730,1,0.9534968360579856,961.6367633413572,0.0,,1911281.2376785395
2021-02-11 08:00:08.740,1,0.9517561296751148,967.5208085204684,0.0,,1924151.3575803079
2021-02-11 08:00:08.750,1,1.0674942022201683,961.2378632999446,0.0,,1910417.1608656463
2021-02-11 08:00:08.760,1,0.8095248287324978,964.7906282775654,0.0,,1918173.8181950296
2021-02-11 08:00:08.770,1,1.0962017366318535,967.6618376486228,0.0,,1924469.8863242564
2021-02-11 08:00:08.780,1,0.9159817658795448,953.3399518201986,0.0,,1893152.3203143033
2021-02-11 08:00:08.790,1,0.977046853728699,974.9493311018005,0.0,,1940410.850682595
2021-02-11 08:00:08.800,1,1.1095547044656802,969.095881287993,0.0,,1927606.2421186042
2021-02-11 08:00:08.810,1,0.9261892035157524,960.924953391096,0.0,,1909723.426553668
2021-02-11 08:00:08.820,1,0.9825664986848772,967.9827155523332,0.0,,1925158.3604246932
2021-02-11 08:00:08.830,1,1.0486962647373637,968.5154807410372,0.0,,1926331.93602368
2021-02-11 08:00:08.840,1,1.050336541070277,970.5665867070164,0.0,,1930822.033504679
2021-02-11 08:00:08.850,1,0.7826061377319433,972.3948420348568,0.0,,1934809.7812637407
2021-02-11 08:00:08.860,1,1.0652758889621006,973.5319587664771,0.0,,1937310.0238176405
2021-02-11 08:00:08.870,1,0.7715456508127192,964.0260275960228,0.0,,1916498.1566566918
2021-02-11 08:00:08.880,1,1.0815251642100672,962.7079744311104,0.0,,1913632.6759845666
2021-02-11 08:00:08.890,1,0.7656456074647245,970.3869330831312,0.0,,1930414.4439413666
2021-02-11 08:00:08.900,1,0.7989790899597562,967.023354372325,0.0,,1923057.3438286039
2021-02-11 08:00:08.910,1,0.8595711451795504,964.6662838603276,0.0,,1917904.1510144228
2021-02-11 08:00:08.920,1,0.987029917185792,965.4769863568972,0.0,,1919680.7360577397
2021-02-11 08:00:08.930,1,0.7459029550423677,969.3295466926428,0.0,,1928101.4936281666
2021-02-11 08:00:08.940,1,0.8806376713309514,962.652811766411,0.0,,1913501.335875036
2021-02-11 08:00:08.950,1,0.9170747139045984,958.5917857444,0.0,,1904627.8796501616
2021-02-11 08:00:08.960,1,1.0607152613828237,961.176367702188,0.0,,1910284.9967127354
2021-02-11 08:00:08.970,1,0.7555471792645001,972.4204433466928,0.0,,1934863.5714196214
2021-02-11 08:00:08.980,1,0.9828803232092368,968.5856639197148,0.0,,1926480.0008552847
2021-02-11 08:00:08.990,1,0.8108190707163915,961.878310028386,0.0,,1911806.9665570266
2021-02-11 08:00:09.000,1,0.8509232728938966,968.3716551829292,0.0,,1926010.6469624818
2021-02-11 08:00:09.010,1,0.8718138430950619,964.7676404404452,0.0,,1918127.5676232183
2021-02-11 08:00:09.020,1,0.8400634867194864,952.6517212864374,0.0,,1891647.5259324347
2021-02-11 08:00:09.030,1,0.9337104323622708,958.536988726146,0.0,,1904509.082020668
2021-02-11 08:00:09.040,1,0.7821216995389434,966.5723210163897,0.0,,1922066.4452518064
2021-02-11 08:00:09.050,1,0.8939749359518527,966.774951771688,0.0,,1922518.958590074
2021-02-11 08:00:09.060,1,0.8909186005943726,960.4227225685534,0.0,,1908621.2158203484
2021-02-11 08:00:09.070,1,0.9768134785899572,960.3561860777216,0.0,,1908488.4813827302
2021-02-11 08:00:09.080,1,0.9872248443767976,958.0012068639568,0.0,,1903340.1871444571
2021-02-11 08:00:09.090,1,0.7657047021748904,960.6422132979244,0.0,,1909100.6052459546
2021-02-11 08:00:09.100,1,0.8370965354631419,958.9009288014706,0.0,,1905294.9250110534
2021-02-11 08:00:09.110,1,0.8804221257296928,957.2563663756872,0.0,,1901708.0929147888
2021-02-11 08:00:09.120,1,0.92794873497084,956.394425654151,0.0,,1899823.7495142254
2021-02-11 08:00:09.130,1,0.8908186759604881,951.8298900335864,0.0,,1889851.0425906235
2021-02-11 08:00:09.140,1,0.9076094568006032,960.6135161770096,0.0,,1909044.9390999873
2021-02-11 08:00:09.150,1,0.8859045089309525,952.4199739219562,0.0,,1891137.9224476374
2021-02-11 08:00:09.160,1,0.6909564409226352,950.7288477300418,0.0,,1887435.4862728685
2021-02-11 08:00:09.170,1,0.8122541253413962,950.7164955529264,0.0,,1887414.5212219679
2021-02-11 08:00:09.180,1,0.780920222585894,953.9995758128092,0.0,,1894585.1706190715
2021-02-11 08:00:09.190,1,0.6283602554358609,945.1642302463624,0.0,,1875283.1266062062
2021-02-11 08:00:09.200,1,0.6420034012491971,951.1555857796536,0.0,,1888364.1447784258
2021-02-11 08:00:09.210,1,0.7294258854495476,945.2940812387786,0.0,,1875574.9774544751
2021-02-11 08:00:09.220,1,0.7959691297862637,942.0632144924268,0.0,,1868526.728706459
2021-02-11 08:00:09.230,1,0.8022815578341634,953.8173115944186,0.0,,1894187.1141951003
2021-02-11 08:00:09.240,1,0.7241144184915449,954.7229256660032,0.0,,1896161.9726100513
2021-02-11 08:00:09.250,1,0.627718119546202,935.7027099704984,0.0,,1854648.6809611341
2021-02-11 08:00:09.260,1,0.6557252115943685,948.6521990427692,0.0,,1882906.0746715332
2021-02-11 08:00:09.270,1,0.6006881378460343,939.7780656431424,0.0,,1863536.6620788553
2021-02-11 08:00:09.280,1,0.6037174902923841,938.1257980628724,0.0,,1859930.2592576048
2021-02-11 08:00:09.290,1,0.6785261678847329,955.691024246389,0.0,,1898276.9904003723
2021-02-11 08:00:09.300,1,0.8290790600539488,935.9245788700476,0.0,,1855141.1688603861
2021-02-11 08:00:09.310,1,0.8535654243089357,945.4978033908412,0.0,,1876026.3107164048
2021-02-11 08:00:09.320,1,0.6511596106387966,935.9548837677888,0.0,,1855197.7130111628
2021-02-11 08:00:09.330,1,0.7613814059196268,944.855842928548,0.0,,1874620.1613779662
2021-02-11 08:00:09.340,1,0.7489251158027768,942.541361289211,0.0,,1869571.558624803
2021-02-11 08:00:09.350,1,0.8094374243747748,940.7229859844276,0.0,,1865604.270765301
2021-02-11 08:00:09.360,1,0.5708987420077289,938.1608496522472,0.0,,1860004.2361315193
2021-02-11 08:00:09.370,1,0.6652559252149225,935.3690755277646,0.0,,1853921.9923550908
2021-02-11 08:00:09.380,1,0.6470848662605118,932.8952487260926,0.0,,1848529.2277236725
2021-02-11 08:00:09.390,1,0.6955689909498426,935.680122120824,0.0,,1854601.8317173375
2021-02-11 08:00:09.400,1,0.6721044735047722,944.7332636253848,0.0,,1874346.294406809
2021-02-11 08:00:09.410,1,0.8034048279031974,942.7666186314532,0.0,,1870064.7800503212
2021-02-11 08:00:09.420,1,0.598381296062793,938.0474684901292,0.0,,1859757.7729462977
2021-02-11 08:00:09.430,1,0.7303618075145141,936.7974859985876,0.0,,1857040.8074474563
2021-02-11 08:00:09.440,1,0.8030420964904591,940.7130898756795,0.0,,1865583.665066698
2021-02-11 08:00:09.450,1,0.7206143882444349,934.3715805684252,0.0,,1851755.7658942034
2021-02-11 08:00:09.460,1,0.8012903456128444,930.4658683287712,0.0,,1843246.0953256933
2021-02-11 08:00:09.470,1,0.7242411582995801,934.5815457027476,0.0,,1852212.1834339541
2021-02-11 08:00:09.480,1,0.7955584674149156,928.8867394940106,0.0,,1839801.8440078497
2021-02-11 08:00:09.490,1,0.7919409618323776,933.5391513066947,0.0,,1849936.3537453096
2021-02-11 08:00:09.500,1,0.7064365676427877,924.9660869774804,0.0,,1831258.4709822389
2021-02-11 08:00:09.510,1,0.8020399871803443,924.0226449434196,0.0,,1829206.6253114159
2021-02-11 08:00:09.520,1,0.7518507730314243,925.9866781562872,0.0,,1833481.81070687
2021-02-11 08:00:09.530,1,0.7357615242061989,931.250484827618,0.0,,1844949.2489781703
2021-02-11 08:00:09.540,1,0.7334743211609966,933.120735811126,0.0,,1849024.6734717812
2021-02-11 08:00:09.550,1,0.6431772585107732,930.4479386984972,0.0,,1843197.0348118045
2021-02-11 08:00:09.560,1,0.6384000878936232,927.7797557170456,0.0,,1837381.6409691637
2021-02-11 08:00:09.570,1,0.7280819939878539,926.3574112101168,0.0,,1834285.9634762516
2021-02-11 08:00:09.580,1,0.6418964095692384,929.2583865272494,0.0,,1840602.1939764593
2021-02-11 08:00:09.590,1,0.6247679648872131,929.0624699184824,0.0,,1840177.5824496124
2021-02-11 08:00:09.600,1,0.6527421782802857,929.9433520056674,0.0,,1842095.7937556256
2021-02-11 08:00:09.610,1,0.7788970763752197,936.1567522194304,0.0,,1855640.832585541
2021-02-11 08:00:09.620,1,0.7549418972280716,923.3480730451068,0.0,,1827739.1956706352
2021-02-11 08:00:09.630,1,0.8064203990535027,931.1970567321328,0.0,,1844836.943904722
2021-02-11 08:00:09.640,1,0.8186086428667813,929.8242738622292,0.0,,1841844.7935471227
2021-02-11 08:00:09.650,1,0.6416676383416693,938.8410966622896,0.0,,1861492.9481087301
2021-02-11 08:00:09.660,1,0.6020324333227088,934.0209736328312,0.0,,1850981.39082547
2021-02-11 08:00:09.670,1,0.5678531074603382,937.905286841604,0.0,,1859447.5406374873
2021-02-11 08:00:09.680,1,0.6609591077596012,930.4694486376538,0.0,,1843242.152164613
2021-02-11 08:00:09.690,1,0.5967004107187168,929.4680002328724,0.0,,1841054.532280271
2021-02-11 08:00:09.700,1,0.7042340540336248,938.5290879642082,0.0,,1860814.7280169488
2021-02-11 08:00:09.710,1,0.8493472688929615,925.7969837019076,0.0,,1833075.5762200784
2021-02-11 08:00:09.720,1,0.5763470524577388,940.8456219230236,0.0,,1865860.9643393506
2021-02-11 08:00:09.730,1,0.7025121003974738,930.3344433780072,0.0,,1842951.8749570886
2021-02-11 08:00:09.740,1,0.8120379671587341,934.1124941298988,0.0,,1851186.771834694
2021-02-11 08:00:09.750,1,0.7575625584533331,930.737047846376,0.0,,1843828.8997171398
2021-02-11 08:00:09.760,1,0.8107215020981539,930.9695841456672,0.0,,1844344.2890732961
2021-02-11 08:00:09.770,1,0.6486018658795176,928.5802232984256,0.0,,1839127.8046373813
2021-02-11 08:00:09.780,1,0.7805210076515903,936.3819206224168,0.0,,1856133.853755651
2021-02-11 08:00:09.790,1,0.6036131601621881,941.6369127113454,0.0,,1867586.753917054
2021-02-11 08:00:09.800,1,0.5867062776929248,934.873182164608,0.0,,1852833.414771403
2021-02-11 08:00:09.810,1,0.643623661149401,942.4729554438236,0.0,,1869415.4405469766
2021-02-11 08:00:09.820,1,0.726877362536871,930.3578628075728,0.0,,1843006.1312378866
2021-02-11 08:00:09.830,1,0.6865468261269789,934.6153306116512,0.0,,1852281.500123405
2021-02-11 08:00:09.840,1,0.8113049167711213,939.1313862346332,0.0,,1862133.2999132888
2021-02-11 08:00:09.850,1,0.7414108758410205,939.9162465291936,0.0,,1863844.8958163194
2021-02-11 08:00:09.860,1,0.6372826755159662,949.9821678096204,0.0,,1885805.1730154061
2021-02-11 08:00:09.870,1,0.7078529986388171,945.6269800820312,0.0,,1876297.8603149285
2021-02-11 08:00:09.880,1,0.6956138709785357,933.81737777844,0.0,,1850537.9994943417
2021-02-11 08:00:09.890,1,0.6233429412185271,943.3542626499652,0.0,,1871335.812986042
2021-02-11 08:00:09.900,1,0.8329658569337788,948.4175705719751,0.0,,1882396.4337943222
2021-02-11 08:00:09.910,1,0.860811338637677,950.1852652704408,0.0,,1886259.463785772
2021-02-11 08:00:09.920,1,0.6329508427437653,944.5602817960986,0.0,,1873969.271021307
2021-02-11 08:00:09.930,1,0.8795768904827977,945.865153454334,0.0,,1876829.913414896
2021-02-11 08:00:09.940,1,0.8819703641097507,952.1805776030346,0.0,,1890614.6958592357
2021-02-11 08:00:09.950,1,0.7397031989238266,955.5722547508522,0.0,,1898022.3922100496
2021-02-11 08:00:09.960,1,0.9071220698523894,945.3910738592928,0.0,,1875789.4639666763
2021-02-11 08:00:09.970,1,0.8785043705970312,952.446852651034,0.0,,1891195.7704131226
2021-02-11 08:00:09.980,1,0.673852468950838,954.6949686154863,0.0,,1896102.7253902473
2021-02-11 08:00:09.990,1,0.8666127263413077,950.8512700685826,0.0,,1887713.1292877928
2021-02-11 08:00:10.000,1,0.6660920999374984,955.075141765067,0.0,,1896928.5971303938
2021-02-11 08:00:10.010,1,0.6803846052906549,959.1578176965312,0.0,,1905850.5411773368
2021-02-11 08:00:10.020,1,0.6468734908160085,950.4623988440115,0.0,,1886852.1947692803
2021-02-11 08:00:10.030,1,0.6923781744780795,962.3494253406528,0.0,,1912829.2067522104
2021-02-11 08:00:10.040,1,0.9106023808574668,954.93924000944,0.0,,1896643.0866117096
2021-02-11 08:00:10.050,1,0.8445787774921556,956.5685085966196,0.0,,1900200.4555646407
2021-02-11 08:00:10.060,1,0.735732064083582,953.6351968874357,0.0,,1893786.886110758
2021-02-11 08:00:10.070,1,0.8285546285529405,954.3657515078304,0.0,,1895388.741865163
2021-02-11 08:00:10.080,1,0.7742032772820374,952.8127969398188,0.0,,1891989.6443680446
2021-02-11 08:00:10.090,1,0.7924813193111253,957.3867721448472,0.0,,1901988.202353417
2021-02-11 08:00:10.100,1,0.6394989998658052,953.5131453176684,0.0,,1893511.9133745586
2021-02-11 08:00:10.110,1,0.6278757035183395,950.7733640369224,0.0,,1887534.4297796434
2021-02-11 08:00:10.120,1,0.8491530713732093,964.0190267106246,0.0,,1916486.5972100655
2021-02-11 08:00:10.130,1,0.8797813986395879,957.0681785090328,0.0,,1901296.9997421978
2021-02-11 08:00:10.140,1,0.6628320518622152,958.0168704995554,0.0,,1903356.6356052316
2021-02-11 08:00:10.150,1,0.6158439763169299,955.4520746068816,0.0,,1897750.2522856465
2021-02-11 08:00:10.160,1,0.7103891609128564,956.0002369982656,0.0,,1898949.0714629001
2021-02-11 08:00:10.170,1,0.7353110502033527,962.622856495032,0.0,,1913428.7976825037
2021-02-11 08:00:10.180,1,0.8206432462429409,974.0119443701392,0.0,,1938351.4482231964
2021-02-11 08:00:10.190,1,0.8983902388816853,961.8913949230526,0.0,,1911838.3989507244
2021-02-11 08:00:10.200,1,0.8813220634403266,955.9945406996974,0.0,,1898947.9089575247
2021-02-11 08:00:10.210,1,0.6852405278119071,964.6570478278396,0.0,,1917875.335456094
2021-02-11 08:00:10.220,1,0.7590250814450049,970.3019821640204,0.0,,1930228.363041039
2021-02-11 08:00:10.230,1,0.6378368200371524,959.7996957556044,0.0,,1907250.606350876
2021-02-11 08:00:10.240,1,0.6453254493862004,967.476475289283,0.0,,1924040.3810809006
2021-02-11 08:00:10.250,1,0.6822956691515775,968.3526552298024,0.0,,1925958.595892608
2021-02-11 08:00:10.260,1,0.8009424378421982,958.8951925929144,0.0,,1905281.3273348259
2021-02-11 08:00:10.270,1,0.605179011991061,964.6952400952176,0.0,,1917953.7091504408
2021-02-11 08:00:10.280,1,0.8201398833929832,956.9985378884166,0.0,,1901141.4113752746
2021-02-11 08:00:10.290,1,0.6091210315924349,964.599726600323,0.0,,1917745.163992232
2021-02-11 08:00:10.300,1,0.7166330504183659,965.8204896761736,0.0,,1920421.3662782756
2021-02-11 08:00:10.310,1,0.7762309404153073,962.3929887731184,0.0,,1912928.9962525223
2021-02-11 08:00:10.320,1,0.6816203480502993,966.6241731322916,0.0,,1922179.8392882887
2021-02-11 08:00:10.330,1,0.7354932278777409,960.118661296474,0.0,,1907957.5936316496
2021-02-11 08:00:10.340,1,0.8144971665518456,957.2126674295696,0.0,,1901606.45855554
2021-02-11 08:00:10.350,1,0.7037191996967915,959.8177650268444,0.0,,1907296.2472328902
2021-02-11 08:00:10.360,1,0.6907343472724506,953.6104485638456,0.0,,1893729.8848938849
2021-02-11 08:00:10.370,1,0.841217365915515,962.0710081438737,0.0,,1912229.2749577633
2021-02-11 08:00:10.380,1,0.7556431414455267,956.793685461006,0.0,,1900690.5688630159
2021-02-11 08:00:10.390,1,0.7918989757769197,961.9724406560248,0.0,,1912005.1214193602
2021-02-11 08:00:10.400,1,0.7160166260193105,959.313887286756,0.0,,1906196.0559165096
2021-02-11 08:00:10.410,1,0.5741236882865035,957.7671773738203,0.0,,1902806.8582194168
2021-02-11 08:00:10.420,1,0.5922564502198226,963.4220465816396,0.0,,1915169.245262294
2021-02-11 08:00:10.430,1,0.7668823256521696,959.4178968279268,0.0,,1906424.5854955183
2021-02-11 08:00:10.440,1,0.6434812534642801,955.9754398773692,0.0,,1898896.9482946172
2021-02-11 08:00:10.450,1,0.6039621712152575,960.951279915606,0.0,,1909768.6522744303
2021-02-11 08:00:10.460,1,0.6721448699837396,952.8035885925092,0.0,,1891968.316105173
2021-02-11 08:00:10.470,1,0.8245588567508338,957.4900843080836,0.0,,1902214.6950152686
2021-02-11 08:00:10.480,1,0.839220247852442,952.2863957209822,0.0,,1890845.607285359
2021-02-11 08:00:10.490,1,0.7891120462820816,952.8424863888852,0.0,,1892057.7101399207
2021-02-11 08:00:10.500,1,0.7481583873530491,947.9450287028426,0.0,,1881359.36089994
2021-02-11 08:00:10.510,1,0.8402621968918479,956.992818476464,0.0,,1901127.9845561977
2021-02-11 08:00:10.520,1,0.6974805288410423,951.1718707738976,0.0,,1888403.0734756307
2021-02-11 08:00:10.530,1,0.8186943390812491,948.6342584003564,0.0,,1882867.7852297907
2021-02-11 08:00:10.540,1,0.6203883094711082,949.6274577796448,0.0,,1885026.8695112858
2021-02-11 08:00:10.550,1,0.5995385494930506,948.771866066869,0.0,,1883161.7580681585
2021-02-11 08:00:10.560,1,0.5954238358353673,945.6096446391988,0.0,,1876258.5141161962
2021-02-11 08:00:10.570,1,0.7826487285050646,945.4004522495288,0.0,,1875810.5031551786
2021-02-11 08:00:10.580,1,0.7111825911905454,953.2757461638428,0.0,,1893001.7780475407
2021-02-11 08:00:10.590,1,0.6321817134230079,945.1351781765196,0.0,,1875223.5164313596
2021-02-11 08:00:10.600,1,0.6664646509724634,942.249548943612,0.0,,1868922.7638622008
2021-02-11 08:00:10.610,1,0.7069546235735896,943.961075626332,0.0,,1872664.8314511657
2021-02-11 08:00:10.620,1,0.5698078277654031,938.3933135589608,0.0,,1860507.6552557577
2021-02-11 08:00:10.630,1,0.7063253130741777,945.1636004524976,0.0,,1875289.4937954093
2021-02-11 08:00:10.640,1,0.6677356350249533,946.2271817777804,0.0,,1877606.9192348828
2021-02-11 08:00:10.650,1,0.6853481190289223,945.9336011749256,0.0,,1876968.112003683
2021-02-11 08:00:10.660,1,0.8131053440496182,947.2473047557864,0.0,,1879842.7231314587
2021-02-11 08:00:10.670,1,0.5666454538007423,941.5444283730895,0.0,,1867382.7333126287
2021-02-11 08:00:10.680,1,0.7428139998531624,938.2332658478348,0.0,,1860172.1667418175
2021-02-11 08:00:10.690,1,0.645883772797261,934.8817212627604,0.0,,1852858.7180880464
2021-02-11 08:00:10.700,1,0.6400914841656442,937.5904176759108,0.0,,1858762.7305111417
2021-02-11 08:00:10.710,1,0.8321414590340925,944.0632826419788,0.0,,1872894.7635084204
2021-02-11 08:00:10.720,1,0.6635528370841941,934.1718484544984,0.0,,1851316.7610909354
2021-02-11 08:00:10.730,1,0.7336924223454543,939.0369775145408,0.0,,1861923.6308695134
2021-02-11 08:00:10.740,1,0.6560559030073678,942.3033832517712,0.0,,1869044.322691102
2021-02-11 08:00:10.750,1,0.5758738757635303,941.7534356772412,0.0,,1867843.4486249043
2021-02-11 08:00:10.760,1,0.8136650126354315,938.1386873385808,0.0,,1859969.2662590835
2021-02-11 08:00:10.770,1,0.8647398097156916,948.069668754911,0.0,,1881641.4475125456
2021-02-11 08:00:10.780,1,0.6361725977002551,931.3433279852404,0.0,,1845143.5740097105
2021-02-11 08:00:10.790,1,0.6966893247529574,942.9304224824612,0.0,,1870416.138769328
2021-02-11 08:00:10.800,1,0.8543504622964027,938.9434354871167,0.0,,1861726.1172962764
2021-02-11 08:00:10.810,1,0.8362345766971194,928.9636819550798,0.0,,1839969.9523360054
2021-02-11 08:00:10.820,1,0.6544578378985687,934.6280956473096,0.0,,1852305.0558214835
2021-02-11 08:00:10.830,1,0.8222840459235587,929.134991089544,0.0,,1840346.5849171828
2021-02-11 08:00:10.840,1,0.5894840833198425,942.9604720132364,0.0,,1870480.1684327463
2021-02-11 08:00:10.850,1,0.7966432395348552,934.3657869058534,0.0,,1851739.3766189504
2021-02-11 08:00:10.860,1,0.6729478705951665,934.5968701912932,0.0,,1852238.0580452941
2021-02-11 08:00:10.870,1,0.8106294981049822,932.7727886202132,0.0,,1848269.0415387498
2021-02-11 08:00:10.880,1,0.6044239874505949,932.8057097805408,0.0,,1848334.774544224
2021-02-11 08:00:10.890,1,0.8893418630043504,933.3639331479144,0.0,,1849562.8557959108
2021-02-11 08:00:10.900,1,0.5946004052813125,928.620467325114,0.0,,1839212.3293591682
2021-02-11 08:00:10.910,1,0.8399770943947457,938.05185552147,0.0,,1859780.6316992843
2021-02-11 08:00:10.920,1,0.8655105859807893,931.6545825572068,0.0,,1845833.7312945738
2021-02-11 08:00:10.930,1,0.8485965230561039,935.1659117340396,0.0,,1853489.606817516
2021-02-11 08:00:10.940,1,0.805250253295705,935.1821319686928,0.0,,1853520.5986087106
2021-02-11 08:00:10.950,1,0.6713561198737323,932.9456443735146,0.0,,1848641.7844140236
2021-02-11 08:00:10.960,1,0.73625173873182,937.5098441556412,0.0,,1858594.533922129
2021-02-11 08:00:10.970,1,0.6282571206911945,934.8162786745072,0.0,,1852714.821837923
2021-02-11 08:00:10.980,1,0.6481103028157635,936.0798172647632,0.0,,1855471.891566838
2021-02-11 08:00:10.990,1,0.8642499700782907,929.9172706076912,0.0,,1842047.6075010484
2021-02-11 08:00:11.000,1,0.6779263199150837,930.305619832665,0.0,,1842887.5272052032
2021-02-11 08:00:11.010,1,0.8195172904361411,935.4312176745808,0.0,,1854063.9924638984
2021-02-11 08:00:11.020,1,0.7873718551736677,929.9883841504884,0.0,,1842200.3202611993
2021-02-11 08:00:11.030,1,0.7944875461747952,930.0638121432704,0.0,,1842364.8281990835
2021-02-11 08:00:11.040,1,0.7187565451406799,942.0071233099732,0.0,,1868400.7497341442
2021-02-11 08:00:11.050,1,0.8322782084864409,927.8708373962083,0.0,,1837585.842231135
2021-02-11 08:00:11.060,1,0.7814072379196942,932.0537148053654,0.0,,1846701.4967184302
2021-02-11 08:00:11.070,1,0.6901578863786859,941.282208073678,0.0,,1866817.1803663315
2021-02-11 08:00:11.080,1,0.8416163008646025,938.8263914372196,0.0,,1861466.702614999
2021-02-11 08:00:11.090,1,0.7196445352721952,939.0855733954468,0.0,,1862028.6910212727
2021-02-11 08:00:11.100,1,0.8014466150321333,937.9369947603426,0.0,,1859530.7167609518
2021-02-11 08:00:11.110,1,0.6398957630043834,928.4228395551456,0.0,,1838782.9659958743
2021-02-11 08:00:11.120,1,0.8068890420676573,939.5621761298572,0.0,,1863073.7963462542
2021-02-11 08:00:11.130,1,0.7497456569367924,933.10415350379,0.0,,1848990.2692280207
2021-02-11 08:00:11.140,1,0.8477742609238669,930.2725958473516,0.0,,1842822.7049614098
2021-02-11 08:00:11.150,1,0.8272395007802651,940.9265254653886,0.0,,1866046.0142722474
2021-02-11 08:00:11.160,1,0.6834028577661669,931.5589083139514,0.0,,1845615.6787547185
2021-02-11 08:00:11.170,1,0.8463576535263834,935.06900052984,0.0,,1853274.6389351075
2021-02-11 08:00:11.180,1,0.6289719601526917,939.1528640141564,0.0,,1862171.6998877402
2021-02-11 08:00:11.190,1,0.8553585533238786,927.3233788676072,0.0,,1836396.7732023625
2021-02-11 08:00:11.200,1,0.6014965822288246,937.4188550357536,0.0,,1858386.5966742835
2021-02-11 08:00:11.210,1,0.8026617164545136,945.4550561379716,0.0,,1875930.8485446677
2021-02-11 08:00:11.220,1,0.8254227736210231,945.6087850325728,0.0,,1876261.1174576874
2021-02-11 08:00:11.230,1,0.7475360958906957,939.216053702486,0.0,,1862316.8383991013
2021-02-11 08:00:11.240,1,0.8071735396000053,938.8153713010092,0.0,,1861448.5202017834
2021-02-11 08:00:11.250,1,0.607306681671317,946.49477450619,0.0,,1878189.9499289154
2021-02-11 08:00:11.260,1,0.7197067774245505,935.9207174117588,0.0,,1855126.9086996438
2021-02-11 08:00:11.270,1,0.7232321765179823,939.7244185693625,0.0,,1863419.1977621077
2021-02-11 08:00:11.280,1,0.7738460982107901,947.6082585177892,0.0,,1880627.0573247245
2021-02-11 08:00:11.290,1,0.6057973626222966,939.1778437730412,0.0,,1862224.1837221568
2021-02-11 08:00:11.300,1,0.6298008874707122,936.0760641307648,0.0,,1855460.6949291623
2021-02-11 08:00:11.310,1,0.7341802081116495,939.8856604063476,0.0,,1863773.14464409
2021-02-11 08:00:11.320,1,0.6718192152446065,932.7373495608646,0.0,,1848181.147703745
2021-02-11 08:00:11.330,1,0.6011442386972096,936.632482459382,0.0,,1856674.1276993186
2021-02-11 08:00:11.340,1,0.707721071357075,939.3610426660784,0.0,,1862627.6037031699
2021-02-11 08:00:11.350,1,0.6185214767189585,936.0663969704324,0.0,,1855443.0108905032
2021-02-11 08:00:11.360,1,0.6964146420042271,936.8561255547612,0.0,,1857166.9086397043
2021-02-11 08:00:11.370,1,0.6957261837861725,934.2139316983934,0.0,,1851406.140857064
2021-02-11 08:00:11.380,1,0.7094594528873361,939.8849522347168,0.0,,1863772.3509451197
2021-02-11 08:00:11.390,1,0.5252769524221457,931.1417022648704,0.0,,1844703.521534332
2021-02-11 08:00:11.400,1,0.6031512166544153,947.321964698898,0.0,,1879993.9119133519
2021-02-11 08:00:11.410,1,0.5131176746862199,942.124885395646,0.0,,1868650.786046344
2021-02-11 08:00:11.420,1,0.7078719367835891,941.7774324468776,0.0,,1867902.0675159213
2021-02-11 08:00:11.430,1,0.5613428619844382,944.8191787475872,0.0,,1874527.2989019896
2021-02-11 08:00:11.440,1,0.6804400554562825,943.1704926815444,0.0,,1870939.1026804158
2021-02-11 08:00:11.450,1,0.5494110543220599,940.7696092995608,0.0,,1865693.8254882984
2021-02-11 08:00:11.460,1,0.6024411916893314,941.1388019229106,0.0,,1866502.2317314176
2021-02-11 08:00:11.470,1,0.5734523456870362,947.5874469246552,0.0,,1880571.2678963349
2021-02-11 08:00:11.480,1,0.6754318089247247,941.0963959829656,0.0,,1866412.1745802464
2021-02-11 08:00:11.490,1,0.6598804495452008,945.375788679596,0.0,,1875749.6859717872
2021-02-11 08:00:11.500,1,0.6752165096802789,942.780429333824,0.0,,1870084.90368892
2021-02-11 08:00:11.510,1,0.5908110750306256,942.2894989143416,0.0,,1869007.5174193566
2021-02-11 08:00:11.520,1,0.5408769935351837,939.8782950913264,0.0,,1863751.1434344624
2021-02-11 08:00:11.530,1,0.466648219145291,940.558139914604,0.0,,1865230.4330388536
2021-02-11 08:00:11.540,1,0.5966019315061244,934.9858154369932,0.0,,1853082.1376477403
2021-02-11 08:00:11.550,1,0.6883783605009888,941.6328968842648,0.0,,1867586.245133083
2021-02-11 08:00:11.560,1,0.6777077967284103,946.609467960642,0.0,,1878443.5895715295
2021-02-11 08:00:11.570,1,0.6726030339191067,943.5053895636264,0.0,,1871669.291351128
2021-02-11 08:00:11.580,1,0.5571773298792824,935.1326191329084,0.0,,1853404.4604443845
2021-02-11 08:00:11.590,1,0.6114231532117589,938.1430643651436,0.0,,1859965.414136333
2021-02-11 08:00:11.600,1,0.5952716539324973,936.7894899023636,0.0,,1857014.2103451013
2021-02-11 08:00:11.610,1,0.5922923484587379,935.0059752793912,0.0,,1853130.6052859637
2021-02-11 08:00:11.620,1,0.6472787607844672,939.2759066435336,0.0,,1862435.8969547257
2021-02-11 08:00:11.630,1,0.6575573013459266,939.9745834902797,0.0,,1863962.2780925266
2021-02-11 08:00:11.640,1,0.5902607217036764,949.4085166111912,0.0,,1884551.6765275137
2021-02-11 08:00:11.650,1,0.6667966663984336,949.0669447622184,0.0,,1883806.7606473481
2021-02-11 08:00:11.660,1,0.4864803975431499,938.6643465289072,0.0,,1861098.0036650756
2021-02-11 08:00:11.670,1,0.644162784829422,954.4481067442296,0.0,,1895559.134108001
2021-02-11 08:00:11.680,1,0.6653660573198227,934.4463711841528,0.0,,1851910.6506572948
2021-02-11 08:00:11.690,1,0.6580542629746343,936.508288114092,0.0,,1856406.6472303178
2021-02-11 08:00:11.700,1,0.6442093436357426,940.2609023726156,0.0,,1864585.5460028052
2021-02-11 08:00:11.710,1,0.4453727209554278,941.6937812774742,0.0,,1867704.6633776173
2021-02-11 08:00:11.720,1,0.503849824525349,938.4779587988536,0.0,,1860691.3534469015
2021-02-11 08:00:11.730,1,0.6794695388013975,939.8477784785616,0.0,,1863689.7304327525
2021-02-11 08:00:11.740,1,0.6225670669544827,939.839346237024,0.0,,1863671.443075642
2021-02-11 08:00:11.750,1,0.599350078319266,938.5862024366296,0.0,,1860935.0336818877
2021-02-11 08:00:11.760,1,0.4934640475919852,938.31550526537,0.0,,1860339.3011493469
2021-02-11 08:00:11.770,1,0.6776031367770167,933.3447968300392,0.0,,1849508.0638420135
2021-02-11 08:00:11.780,1,0.6702373359412686,937.5991266298464,0.0,,1858783.3162549403
2021-02-11 08:00:11.790,1,0.5493403836131616,939.4831306095742,0.0,,1862887.7083328546
2021-02-11 08:00:11.800,1,0.5625344476003324,931.0786394496132,0.0,,1844562.7779970183
2021-02-11 08:00:11.810,1,0.6664163524330178,934.6840177650674,0.0,,1852429.4562184557
2021-02-11 08:00:11.820,1,0.7087034419795913,926.607638435847,0.0,,1834830.3650914195
2021-02-11 08:00:11.830,1,0.5337178368974743,939.9578231145474,0.0,,1863920.3054345348
2021-02-11 08:00:11.840,1,0.7201285086034438,931.977351685238,0.0,,1846529.886696953
2021-02-11 08:00:11.850,1,0.5775905085205386,936.4212626896144,0.0,,1856214.2193958177
2021-02-11 08:00:11.860,1,0.6538941046370321,941.8344400379212,0.0,,1868020.9858587428
2021-02-11 08:00:11.870,1,0.6681314890620343,936.7909187576288,0.0,,1857019.4712055288
2021-02-11 08:00:11.880,1,0.6040415782712207,937.188848598382,0.0,,1857888.6683708976
2021-02-11 08:00:11.890,1,0.5030368370721607,931.3755805292664,0.0,,1845208.630224463
2021-02-11 08:00:11.900,1,0.6740558627616371,936.9718733731168,0.0,,1857416.1019453146
2021-02-11 08:00:11.910,1,0.7682382426818951,937.9262792576455,0.0,,1859501.4398314254
2021-02-11 08:00:11.920,1,0.7644171368198034,928.0397383995556,0.0,,1837956.2047957818
2021-02-11 08:00:11.930,1,0.6770685784647125,943.6969602822631,0.0,,1872085.815436324
2021-02-11 08:00:11.940,1,0.6926995685366183,937.9864724478488,0.0,,1859634.6923978932
2021-02-11 08:00:11.950,1,0.7575509162379026,941.18097648558,0.0,,1866600.5843370946
2021-02-11 08:00:11.960,1,0.5927394762970513,941.6523351783997,0.0,,1867622.9978448004
2021-02-11 08:00:11.970,1,0.5907666570278909,936.3223584387476,0.0,,1855994.8907104093
2021-02-11 08:00:11.980,1,0.7283218083309244,934.0954397127985,0.0,,1851148.4526775756
2021-02-11 08:00:11.990,1,0.7157837211152192,943.7419061095396,0.0,,1872187.4722629434
2021-02-11 08:00:12.000,1,0.6215062304966374,936.6623325344856,0.0,,1856737.8121589958
2021-02-11 08:00:12.010,1,0.6088863928240219,939.1622860950254,0.0,,1862191.7727205767
2021-02-11 08:00:12.020,1,0.7647109520102436,932.0397152086332,0.0,,1846669.4423595178
2021-02-11 08:00:12.030,1,0.5750671607541561,940.482747199038,0.0,,1865070.217930863
2021-02-11 08:00:12.040,1,0.7616603525311031,936.3062731818776,0.0,,1855968.8437982881
2021-02-11 08:00:12.050,1,0.7201917834268857,931.3769614925908,0.0,,1845221.193767513
2021-02-11 08:00:12.060,1,0.8076635642687341,936.8336986603642,0.0,,1857123.6416226916
2021-02-11 08:00:12.070,1,0.779886768034755,936.4554661256112,0.0,,1856292.7124040273
2021-02-11 08:00:12.080,1,0.9024267577590868,944.7347197972545,0.0,,1874362.356152644
2021-02-11 08:00:12.090,1,0.6584626716334667,934.131801487422,0.0,,1851224.0259987365
2021-02-11 08:00:12.100,1,0.6844027600663526,944.7981046663616,0.0,,1874484.807408942
2021-02-11 08:00:12.110,1,0.8411370902174437,940.684252192216,0.0,,1865521.2551502597
2021-02-11 08:00:12.120,1,0.6493636043500379,936.2734742395508,0.0,,1855893.8628164001
2021-02-11 08:00:12.130,1,0.7351142726760921,945.598438079767,0.0,,1876242.0256667717
2021-02-11 08:00:12.140,1,0.7016220782108936,933.1682978330124,0.0,,1849125.7525611534
2021-02-11 08:00:12.150,1,0.7774483866939885,939.7858959964888,0.0,,1863559.215210226
2021-02-11 08:00:12.160,1,0.9098727528684118,942.1765442637576,0.0,,1868780.1474615552
2021-02-11 08:00:12.170,1,0.8394119481681226,939.8002660690836,0.0,,1863590.558573258
2021-02-11 08:00:12.180,1,0.7804761979704117,930.3277167597856,0.0,,1842937.739271211
2021-02-11 08:00:12.190,1,0.9649744759013766,945.3480902448636,0.0,,1875701.8838414531
2021-02-11 08:00:12.200,1,0.7166010208726068,938.4448006850026,0.0,,1860633.244851859
2021-02-11 08:00:12.210,1,0.9253180512447842,937.7040316533366,0.0,,1859026.0980935905
2021-02-11 08:00:12.220,1,0.8958316999890814,947.144261864086,0.0,,1879627.117948848
2021-02-11 08:00:12.230,1,0.7527031203845429,947.278403160864,0.0,,1879904.843111478
2021-02-11 08:00:12.240,1,0.8978233864489171,945.804174963212,0.0,,1876693.796626311
2021-02-11 08:00:12.250,1,0.8640979910971495,941.110873485697,0.0,,1866454.8197354013
2021-02-11 08:00:12.260,1,0.8766070500108607,943.9975090411596,0.0,,1872756.987141122
2021-02-11 08:00:12.270,1,0.7556071116082564,946.195658695462,0.0,,1877543.068355606
2021-02-11 08:00:12.280,1,0.939113618743552,945.6521678331336,0.0,,1876366.7753426102
2021-02-11 08:00:12.290,1,0.7633444052976944,944.968153523074,0.0,,1874864.9751955133
2021-02-11 08:00:12.300,1,0.7919374258563059,945.6694993396457,0.0,,1876402.1308652835
2021-02-11 08:00:12.310,1,0.8826070495863003,932.4497744051592,0.0,,1847566.9730596633
2021-02-11 08:00:12.320,1,0.6918525593160112,949.4078148312703,0.0,,1884553.6989482492
2021-02-11 08:00:12.330,1,0.9454820496807652,948.592832131608,0.0,,1882784.6074041463
2021-02-11 08:00:12.340,1,0.8729738446104989,946.7244830363776,0.0,,1878704.1359310616
2021-02-11 08:00:12.350,1,0.8514199641835377,946.2584953120336,0.0,,1877686.1479152832
2021-02-11 08:00:12.360,1,0.9393356659501312,940.3248823442668,0.0,,1864741.1655403539
2021-02-11 08:00:12.370,1,0.7033019133008442,951.7287236306807,0.0,,1889620.8875795405
2021-02-11 08:00:12.380,1,0.9855709956082458,955.9829131481767,0.0,,1898928.9913517681
2021-02-11 08:00:12.390,1,0.9393035273610514,948.347615903068,0.0,,1882251.7408841806
2021-02-11 08:00:12.400,1,0.827948607968207,946.3465819790664,0.0,,1877876.8168965334
2021-02-11 08:00:12.410,1,0.8814432350994261,939.9860356752696,0.0,,1864000.4511936617
2021-02-11 08:00:12.420,1,0.9882573598503444,943.0379424017972,0.0,,1870664.2834921516
2021-02-11 08:00:12.430,1,0.7831874429528121,948.7675441191705,0.0,,1883158.0280561734
2021-02-11 08:00:12.440,1,0.8686988933653124,939.3673530847204,0.0,,1862650.861126507
2021-02-11 08:00:12.450,1,0.8698107308764689,953.9566419072024,0.0,,1894498.67815783
2021-02-11 08:00:12.460,1,0.9251053346609258,939.9876823754408,0.0,,1864004.903547189
2021-02-11 08:00:12.470,1,0.6693004390452447,945.2244025294734,0.0,,1875418.9667998054
2021-02-11 08:00:12.480,1,0.8903507821374135,949.2291325835516,0.0,,1884172.526825932
2021-02-11 08:00:12.490,1,0.7380227021657061,950.159263004062,0.0,,1886196.4014075499
2021-02-11 08:00:12.500,1,0.7541860721419025,955.2219198344904,0.0,,1897256.839166023
2021-02-11 08:00:12.510,1,0.724654613120073,953.8307025747288,0.0,,1894216.1623799803
2021-02-11 08:00:12.520,1,0.9233632283904344,949.6915959936242,0.0,,1885186.9948611094
2021-02-11 08:00:12.530,1,0.7238198781005463,955.3017641069932,0.0,,1897428.3864923983
2021-02-11 08:00:12.540,1,0.6594647867930711,944.5672026976424,0.0,,1873987.8588050094
2021-02-11 08:00:12.550,1,0.8852386239972878,936.9605225052276,0.0,,1857403.171281385
2021-02-11 08:00:12.560,1,0.7471842082677131,945.1669727392753,0.0,,1875298.616042875
2021-02-11 08:00:12.570,1,0.8127029909671117,940.7998513700444,0.0,,1865773.1108092945
2021-02-11 08:00:12.580,1,0.9265487780703692,938.8445212421836,0.0,,1861515.311605568
2021-02-11 08:00:12.590,1,0.8323693657422343,946.8990011339132,0.0,,1879082.3112219009
2021-02-11 08:00:12.600,1,0.9022583959009838,948.55349085427,0.0,,1882699.6797612964
2021-02-11 08:00:12.610,1,0.8403284418422968,940.12664746961,0.0,,1864303.1088074038
2021-02-11 08:00:12.620,1,0.9111589257074666,952.5196858451486,0.0,,1891358.0914553376
2021-02-11 08:00:12.630,1,0.781068735854001,945.7986080654064,0.0,,1876677.2929851308
2021-02-11 08:00:12.640,1,0.7928474577445377,941.1247683416966,0.0,,1866481.985993366
2021-02-11 08:00:12.650,1,0.7085555114140711,946.006558274218,0.0,,1877128.586638044
2021-02-11 08:00:12.660,1,0.7392761715361343,948.6149894501189,0.0,,1882823.0201625235
2021-02-11 08:00:12.670,1,0.8170382142834595,943.3549709297592,0.0,,1871349.6622800676
2021-02-11 08:00:12.680,1,0.8559397775177933,937.4105540887792,0.0,,1858379.9459558537
2021-02-11 08:00:12.690,1,0.8464410321230538,931.6905605016346,0.0,,1845913.8966060046
2021-02-11 08:00:12.700,1,0.7317610455347142,944.9627039056364,0.0,,1874853.2933911404
2021-02-11 08:00:12.710,1,0.6785164873150931,931.9413716329,0.0,,1846451.412969243
2021-02-11 08:00:12.720,1,0.8062192865480325,937.6201501262613,0.0,,1858834.825984439
2021-02-11 08:00:12.730,1,0.6871495679122642,939.946234384016,0.0,,1863901.4551150382
2021-02-11 08:00:12.740,1,0.6972435742557859,933.059263094838,0.0,,1848885.9466321585
2021-02-11 08:00:12.750,1,0.7428389597399121,941.2714999731612,0.0,,1866801.7465710987
2021-02-11 08:00:12.760,1,0.6453284501900208,938.1338596627448,0.0,,1859948.960499188
2021-02-11 08:00:12.770,1,0.7529794597328722,935.5602939321471,0.0,,1854342.8758631977
2021-02-11 08:00:12.780,1,0.753550429643525,940.5108477760408,0.0,,1865138.5586951105
2021-02-11 08:00:12.790,1,0.6378866441278311,940.3232911977844,0.0,,1864723.3523092053
2021-02-11 08:00:12.800,1,0.589552132538672,943.0969642186412,0.0,,1870775.5741954874
2021-02-11 08:00:12.810,1,0.5714577494565038,926.5574930223428,0.0,,1834718.1899992425
2021-02-11 08:00:12.820,1,0.6114355809081427,931.7716570640604,0.0,,1846076.9180345496
2021-02-11 08:00:12.830,1,0.7632976924547982,933.485143690697,0.0,,1849821.6741611522
2021-02-11 08:00:12.840,1,0.6416998317530257,940.0670689356258,0.0,,1864168.0314698068
2021-02-11 08:00:12.850,1,0.6600121736464117,936.2034925384118,0.0,,1855740.9122882907
2021-02-11 08:00:12.860,1,0.5107368190561686,935.2821832753784,0.0,,1853725.6276573485
2021-02-11 08:00:12.870,1,0.6770993001102028,926.1576651688264,0.0,,1833851.6817311195
2021-02-11 08:00:12.880,1,0.5940467874601751,926.5932529390632,0.0,,1834791.4478350598
2021-02-11 08:00:12.890,1,0.6860904486605331,928.4788691458654,0.0,,1838903.8394585266
2021-02-11 08:00:12.900,1,0.6172606286396358,934.0766257898816,0.0,,1851104.4942104723
2021-02-11 08:00:12.910,1,0.7049022405546225,924.9429308430224,0.0,,1831200.092152878
2021-02-11 08:00:12.920,1,0.6912702292260802,930.4057973468164,0.0,,1843105.6282898718
2021-02-11 08:00:12.930,1,0.7296499599557653,929.7551547151464,0.0,,1841687.830142019
2021-02-11 08:00:12.940,1,0.6708700264939705,930.6125239357356,0.0,,1843552.012534684
2021-02-11 08:00:12.950,1,0.7151558237016975,922.1435764013178,0.0,,1825109.5068395678
2021-02-11 08:00:12.960,1,0.5049343829295241,927.5287258951776,0.0,,1836826.9991281962
2021-02-11 08:00:12.970,1,0.6865598765038596,930.216497352968,0.0,,1842692.667594815
2021-02-11 08:00:12.980,1,0.5838246835140858,921.8898854275174,0.0,,1824552.8749820522
2021-02-11 08:00:12.990,1,0.6611022535704639,929.981957955609,0.0,,1842180.8005139716
2021-02-11 08:00:13.000,1,0.6851715609588701,923.5741851983933,0.0,,1828224.846933623
2021-02-11 08:00:13.010,1,0.5550825112045711,931.2546859331514,0.0,,1844944.9454139613
2021-02-11 08:00:13.020,1,0.708272925779677,926.3523730134914,0.0,,1834274.8314118488
2021-02-11 08:00:13.030,1,0.5225766636255276,938.0561441457428,0.0,,1859773.533971063
2021-02-11 08:00:13.040,1,0.6704110497024358,922.4192780076296,0.0,,1825710.084327915
2021-02-11 08:00:13.050,1,0.7436480836947658,914.2288568379596,0.0,,1807889.2908297903
2021-02-11 08:00:13.060,1,0.7008528309401902,923.9322881316392,0.0,,1829005.2444910316
2021-02-11 08:00:13.070,1,0.6104343993866678,924.755642201366,0.0,,1830791.2244326407
2021-02-11 08:00:13.080,1,0.6980840808802867,921.2900145265712,0.0,,1823251.4029790016
2021-02-11 08:00:13.090,1,0.6255267629048501,923.8972396243352,0.0,,1828922.4491482498
2021-02-11 08:00:13.100,1,0.5224634415138627,924.6422902142892,0.0,,1830545.2906832893
2021-02-11 08:00:13.110,1,0.5973916730403944,930.5058727693043,0.0,,1843317.8580141298
2021-02-11 08:00:13.120,1,0.542723817463223,922.9627548701316,0.0,,1826883.6291025742
2021-02-11 08:00:13.130,1,0.6058383279337037,923.8029867149108,0.0,,1828717.981988044
2021-02-11 08:00:13.140,1,0.6906184202108498,925.7624298897996,0.0,,1832989.9862911124
2021-02-11 08:00:13.150,1,0.7633154527551371,930.5469003538252,0.0,,1843414.2355742573
2021-02-11 08:00:13.160,1,0.6486488144966065,927.5594536851248,0.0,,1836898.4495593156
2021-02-11 08:00:13.170,1,0.573265698358855,924.2134437050438,0.0,,1829610.8583303674
2021-02-11 08:00:13.180,1,0.5617398323628419,924.7976478803788,0.0,,1830879.663133026
2021-02-11 08:00:13.190,1,0.700587086339676,924.0510887213704,0.0,,1829263.307064189
2021-02-11 08:00:13.200,1,0.6162856560630618,927.6522534461252,0.0,,1837103.09312793
2021-02-11 08:00:13.210,1,0.7056564946367458,919.566003147303,0.0,,1819500.2955489617
2021-02-11 08:00:13.220,1,0.793679105900944,923.5386130415272,0.0,,1828153.6394138106
2021-02-11 08:00:13.230,1,0.7335061534438323,927.8328969479091,0.0,,1837500.5480872607
2021-02-11 08:00:13.240,1,0.5894840605293842,915.463800783994,0.0,,1810568.085273435
2021-02-11 08:00:13.250,1,0.7754544984907051,924.712150403506,0.0,,1830704.8908536353
2021-02-11 08:00:13.260,1,0.6000683578325362,930.0521331182332,0.0,,1842332.1876295495
2021-02-11 08:00:13.270,1,0.5785887806113618,913.7021808234888,0.0,,1806737.0888052452
2021-02-11 08:00:13.280,1,0.8316319871116479,934.2877448470732,0.0,,1851574.5510867927
2021-02-11 08:00:13.290,1,0.7872592558700715,938.4148539136014,0.0,,1860566.882086419
2021-02-11 08:00:13.300,1,0.7397942041535361,927.2448420079752,0.0,,1836225.0453264245
2021-02-11 08:00:13.310,1,0.8753538410161599,921.4144268671938,0.0,,1823531.5032705322
2021-02-11 08:00:13.320,1,0.73328744503804,925.0443128395516,0.0,,1831425.9846046783
2021-02-11 08:00:13.330,1,0.7036861483360485,935.0985391186224,0.0,,1853336.2294209648
2021-02-11 08:00:13.340,1,0.7295485985273142,928.6494537650368,0.0,,1839277.9880953128
2021-02-11 08:00:13.350,1,0.8766804657859714,928.277705322142,0.0,,1838477.244076
2021-02-11 08:00:13.360,1,0.8038717498947099,936.8398806568224,0.0,,1857138.2837913742
2021-02-11 08:00:13.370,1,0.7449213920585741,938.4843615158444,0.0,,1860716.506717244
2021-02-11 08:00:13.380,1,0.7912117105661322,933.7295903940728,0.0,,1850356.3005548634
2021-02-11 08:00:13.390,1,0.6607783958433671,926.2246125043208,0.0,,1833993.6200354295
2021-02-11 08:00:13.400,1,0.6581376962173157,933.0573539997928,0.0,,1848885.1543039526
2021-02-11 08:00:13.410,1,0.7643866103430319,942.4725076546548,0.0,,1869420.7588350046
2021-02-11 08:00:13.420,1,0.7638021927147729,940.7284006920912,0.0,,1865616.1906059245
2021-02-11 08:00:13.430,1,0.7659795228427684,937.6128539851136,0.0,,1858820.6892837095
2021-02-11 08:00:13.440,1,0.7476053567900574,939.272656143532,0.0,,1862434.3161061646
2021-02-11 08:00:13.450,1,0.6748128758838853,942.639670449875,0.0,,1869777.9960422087
2021-02-11 08:00:13.460,1,0.7832764153613951,939.0596983674836,0.0,,1861974.27258559
2021-02-11 08:00:13.470,1,0.9613839972893596,941.8020319715096,0.0,,1867970.462513814
2021-02-11 08:00:13.480,1,1.0077946015109045,940.3860968817896,0.0,,1864882.033656877
2021-02-11 08:00:13.490,1,0.8073611918846686,936.9687397620592,0.0,,1857415.9034614975
2021-02-11 08:00:13.500,1,0.9031211510793088,940.7882024758017,0.0,,1865754.3255346164
2021-02-11 08:00:13.510,1,0.8090120040758364,941.2707367289552,0.0,,1866799.4012238025
2021-02-11 08:00:13.520,1,0.7480109497901536,947.8323128658512,0.0,,1881113.5665014877
2021-02-11 08:00:13.530,1,0.8112567432317209,943.546745928856,0.0,,1871760.9819874775
2021-02-11 08:00:13.540,1,0.7491590335011021,942.9384638511176,0.0,,1870435.9572911696
2021-02-11 08:00:13.550,1,0.8159503623038717,951.5383723005676,0.0,,1889208.6464903243
2021-02-11 08:00:13.560,1,0.95106890192775,952.6091660050477,0.0,,1891555.1313763873
2021-02-11 08:00:13.570,1,0.8562315846469059,947.0392413038873,0.0,,1879390.740656203
2021-02-11 08:00:13.580,1,0.9449065488512066,951.6704264694342,0.0,,1889509.9359258136
2021-02-11 08:00:13.590,1,0.8241284586837413,948.824808233636,0.0,,1883285.5717938452
2021-02-11 08:00:13.600,1,0.7795532042914715,945.4921226593988,0.0,,1876006.723575185
2021-02-11 08:00:13.610,1,0.8890588985189324,949.7949777285248,0.0,,1885408.8036422124
2021-02-11 08:00:13.620,1,0.9329937881992156,961.8218855599875,0.0,,1911688.121680258
2021-02-11 08:00:13.630,1,1.0314618929062942,954.7546967174784,0.0,,1896247.698164313
2021-02-11 08:00:13.640,1,1.0649458891335528,954.3333257055664,0.0,,1895329.5498562204
2021-02-11 08:00:13.650,1,0.9616497058247664,956.6692506179544,0.0,,1900426.9786510787
2021-02-11 08:00:13.660,1,0.8696487859583503,951.5859996020308,0.0,,1889320.838249214
2021-02-11 08:00:13.670,1,1.0130515418587926,961.0478184102212,0.0,,1910002.1604511698
2021-02-11 08:00:13.680,1,0.9805549784419356,962.7691380390488,0.0,,1913760.016174723
2021-02-11 08:00:13.690,1,0.8284718659084672,958.5275328439528,0.0,,1904478.2989782083
2021-02-11 08:00:13.700,1,0.99510974060865,960.1853770408936,0.0,,1908111.5539156653
2021-02-11 08:00:13.710,1,0.9210069412178372,951.8141600596704,0.0,,1889816.402435003
2021-02-11 08:00:13.720,1,0.7333633741248956,964.1071975638956,0.0,,1916678.0943613064
2021-02-11 08:00:13.730,1,0.8788406077524881,957.3377398216852,0.0,,1901881.5545612478
2021-02-11 08:00:13.740,1,0.8847033382582642,960.0379240644352,0.0,,1907785.511627347
2021-02-11 08:00:13.750,1,0.9160066276928176,960.3951106607644,0.0,,1908569.963594831
2021-02-11 08:00:13.760,1,0.7528954578042311,956.2625198936396,0.0,,1899526.6140355384
2021-02-11 08:00:13.770,1,1.0022903500642375,956.1372711910212,0.0,,1899270.5662586957
2021-02-11 08:00:13.780,1,0.9332197713172392,966.991604334448,0.0,,1922991.6616602319
2021-02-11 08:00:13.790,1,0.832150559818759,959.6161445660456,0.0,,1906860.6852656887
2021-02-11 08:00:13.800,1,0.9435207012263204,971.5552596777992,0.0,,1932981.9052925224
2021-02-11 08:00:13.810,1,0.7515408371778947,958.9055695946512,0.0,,1905306.5072450824
2021-02-11 08:00:13.820,1,0.7404921628010719,964.0005428006492,0.0,,1916442.0880160935
2021-02-11 08:00:13.830,1,0.9994021715186449,957.41602264373,0.0,,1902062.0077198592
2021-02-11 08:00:13.840,1,1.0523699246064504,962.0873140691708,0.0,,1912275.1996671467
2021-02-11 08:00:13.850,1,0.8943596454329792,962.5143674144364,0.0,,1913201.5701388852
2021-02-11 08:00:13.860,1,1.0598815020330743,964.3139253707576,0.0,,1917144.1374326546
2021-02-11 08:00:13.870,1,0.9840861464971772,958.7515214961212,0.0,,1904980.8621459713
2021-02-11 08:00:13.880,1,1.0438457336354603,957.0164193160712,0.0,,1901191.3678626253
2021-02-11 08:00:13.890,1,1.0664144024995972,963.1218512891138,0.0,,1914536.5391566234
2021-02-11 08:00:13.900,1,0.8010151170781383,958.5798004959051,0.0,,1904592.1727393947
2021-02-11 08:00:13.910,1,0.7691543161903636,955.9367218007424,0.0,,1898819.1543793215
2021-02-11 08:00:13.920,1,1.0801314111940332,944.264750603847,0.0,,1873349.5214005308
2021-02-11 08:00:13.930,1,1.0278219456503188,959.5501515820888,0.0,,1906727.3799231441
2021-02-11 08:00:13.940,1,0.9635902359649016,962.6183836838104,0.0,,1913429.9988961047
2021-02-11 08:00:13.950,1,0.7321773871616951,968.9490301223,0.0,,1927265.9492610048
2021-02-11 08:00:13.960,1,0.7270501418771967,957.183273405526,0.0,,1901543.3944025524
2021-02-11 08:00:13.970,1,0.936844830817982,955.8707181686948,0.0,,1898680.6708466145
2021-02-11 08:00:13.980,1,1.0264172726052023,963.8275408369512,0.0,,1916078.2909558166
2021-02-11 08:00:13.990,1,0.7821202759211818,961.5755046196168,0.0,,1911143.0833757126
2021-02-11 08:00:14.000,1,0.8133141401279966,952.3986222626578,0.0,,1891087.0095170813
2021-02-11 08:00:14.010,1,0.91215347036228,960.6063340456296,0.0,,1909030.8056190056
2021-02-11 08:00:14.020,1,0.913256964600186,962.1422501524456,0.0,,1912386.6861679486
2021-02-11 08:00:14.030,1,0.9323364025991466,961.022324136174,0.0,,1909941.026644859
2021-02-11 08:00:14.040,1,0.7692969339046944,957.1879238108396,0.0,,1901551.6750435263
2021-02-11 08:00:14.050,1,0.7926788653225652,953.5242773960854,0.0,,1893548.0226389295
2021-02-11 08:00:14.060,1,0.9530408652562392,957.9554088901588,0.0,,1903233.9732721096
2021-02-11 08:00:14.070,1,0.7832927550924798,957.9918593975038,0.0,,1903310.660496783
2021-02-11 08:00:14.080,1,1.0227779906615009,960.7095661379242,0.0,,1909259.807625102
2021-02-11 08:00:14.090,1,0.8578605084605067,954.0708569489586,0.0,,1894750.545909341
2021-02-11 08:00:14.100,1,0.8573846284559548,946.7420339487276,0.0,,1878740.4422923042
2021-02-11 08:00:14.110,1,0.9864462688093836,949.243696347706,0.0,,1884209.180443791
2021-02-11 08:00:14.120,1,0.840567387362585,958.7920307006824,0.0,,1905060.3071481946
2021-02-11 08:00:14.130,1,0.8773666829541181,955.639064421664,0.0,,1898172.9298389715
2021-02-11 08:00:14.140,1,0.7101636327263962,958.02447425304,0.0,,1903374.574614268
2021-02-11 08:00:14.150,1,0.9751958979993935,956.5974245635276,0.0,,1900269.8182104512
2021-02-11 08:00:14.160,1,0.9697582482065265,939.4745258401518,0.0,,1862888.4296729334
2021-02-11 08:00:14.170,1,0.6916844517590599,943.1102716021844,0.0,,1870808.4231015216
2021-02-11 08:00:14.180,1,1.0332899900409678,951.449194240912,0.0,,1889025.1651830487
2021-02-11 08:00:14.190,1,0.7831355601474468,935.1552224844204,0.0,,1853461.111353974
2021-02-11 08:00:14.200,1,0.7028743978890992,952.023297276049,0.0,,1890267.3196654574
2021-02-11 08:00:14.210,1,0.7040300752498514,948.9686740101588,0.0,,1883595.2891087667
2021-02-11 08:00:14.220,1,0.7088654952750654,945.7295111891536,0.0,,1876526.7953042933
2021-02-11 08:00:14.230,1,0.7571121950125459,950.5559138563514,0.0,,1887061.593285234
2021-02-11 08:00:14.240,1,0.8058367038017361,942.7831147153788,0.0,,1870098.328018378
2021-02-11 08:00:14.250,1,0.7340136019158561,943.4465413795537,0.0,,1871542.3842911646
2021-02-11 08:00:14.260,1,0.9034291345726024,944.1927581373596,0.0,,1873181.7777011131
2021-02-11 08:00:14.270,1,0.9507748468377109,937.432755242442,0.0,,1858436.8929872888
2021-02-11 08:00:14.280,1,0.7512766880560832,934.6209182281124,0.0,,1852296.999437703
2021-02-11 08:00:14.290,1,0.91952334141647,932.0630361827492,0.0,,1846725.647786698
2021-02-11 08:00:14.300,1,0.6953205382407095,941.9045896964212,0.0,,1868176.968546418
2021-02-11 08:00:14.310,1,0.7227709920070924,936.5911586788744,0.0,,1856588.5402657953
2021-02-11 08:00:14.320,1,0.9328260263118112,942.102937821012,0.0,,1868622.7703297683
2021-02-11 08:00:14.330,1,0.8099591763261358,933.6738441115384,0.0,,1850230.106629827
2021-02-11 08:00:14.340,1,0.8061558864475084,940.5972880750176,0.0,,1865329.616925435
2021-02-11 08:00:14.350,1,0.8255032272220558,924.8990912828714,0.0,,1831116.1977936134
2021-02-11 08:00:14.360,1,0.7841617280801548,931.8605650959844,0.0,,1846281.9606028453
2021-02-11 08:00:14.370,1,0.9469455680636976,939.264282555705,0.0,,1862428.6982647113
2021-02-11 08:00:14.380,1,1.0038258275814689,935.4556177182908,0.0,,1854130.1334579764
2021-02-11 08:00:14.390,1,0.8061351058540299,935.2187996978622,0.0,,1853600.582327918
2021-02-11 08:00:14.400,1,0.9983994398008614,934.8751037889746,0.0,,1852861.5268699166
2021-02-11 08:00:14.410,1,0.9524971294136176,935.0395105699806,0.0,,1853219.9270208052
2021-02-11 08:00:14.420,1,0.9682255129449387,944.4913320863805,0.0,,1873831.440812864
2021-02-11 08:00:14.430,1,0.8448834164623259,930.6476868323024,0.0,,1843639.987843567
2021-02-11 08:00:14.440,1,0.8357931032370659,942.3838300409726,0.0,,1869232.8249456468
2021-02-11 08:00:14.450,1,0.9742061582272386,937.5818282159728,0.0,,1858762.7605941852
2021-02-11 08:00:14.460,1,0.9309690054834616,931.8963753896272,0.0,,1846367.657392363
2021-02-11 08:00:14.470,1,0.8749916239739678,935.2300953972584,0.0,,1853626.0031547965
2021-02-11 08:00:14.480,1,0.8008443636836781,929.2850852403392,0.0,,1840668.7995339197
2021-02-11 08:00:14.490,1,1.024163330828324,935.0485827225716,0.0,,1853245.0007319187
2021-02-11 08:00:14.500,1,0.9725408526640988,931.2768691558908,0.0,,1845015.7583286434
2021-02-11 08:00:14.510,1,0.8637453182509371,928.516774571895,0.0,,1838994.788672806
2021-02-11 08:00:14.520,1,0.8346850762513348,939.934705489298,0.0,,1863888.3880140733
2021-02-11 08:00:14.530,1,0.8911924427156934,941.3735875738788,0.0,,1867025.9634442525
2021-02-11 08:00:14.540,1,0.9061158782904448,941.9651479084074,0.0,,1868321.4356760131
2021-02-11 08:00:14.550,1,0.910655866329033,928.0852105683356,0.0,,1838062.6069779051
2021-02-11 08:00:14.560,1,1.0495765879474517,929.5272117402016,0.0,,1841211.7302225542
2021-02-11 08:00:14.570,1,0.9553449831732208,933.832419777661,0.0,,1850586.0214882866
2021-02-11 08:00:14.580,1,1.0244495120353332,940.0446038537408,0.0,,1864135.7058576439
2021-02-11 08:00:14.590,1,0.7161611745311283,945.4702795230064,0.0,,1875958.4677180382
2021-02-11 08:00:14.600,1,0.8477237785958047,932.2916932633132,0.0,,1847224.325637737
2021-02-11 08:00:14.610,1,0.8871927685703409,932.8133519815268,0.0,,1848359.6622426782
2021-02-11 08:00:14.620,1,1.0706416623041406,930.5862947102946,0.0,,1843520.2622376136
2021-02-11 08:00:14.630,1,0.9978919873697294,934.51905862169,0.0,,1852085.3799897023
2021-02-11 08:00:14.640,1,0.7575081437095641,937.7958548011644,0.0,,1859220.9616024673
2021-02-11 08:00:14.650,1,0.9447725960688356,932.7349037614975,0.0,,1848192.5047815228
2021-02-11 08:00:14.660,1,1.068738249303849,934.1874993063108,0.0,,1851368.2696683449
2021-02-11 08:00:14.670,1,0.7747955796309329,940.0177631430143,0.0,,1864065.2388694787
2021-02-11 08:00:14.680,1,0.9470758724302448,941.7832626344964,0.0,,1867921.6431173405
2021-02-11 08:00:14.690,1,0.8917973358663657,932.7267589731616,0.0,,1848173.7944675006
2021-02-11 08:00:14.700,1,1.0701749534483955,943.4874873208576,0.0,,1871650.3852192368
2021-02-11 08:00:14.710,1,1.0990372769370174,931.0506241524488,0.0,,1844533.4373340744
2021-02-11 08:00:14.720,1,0.9718919921698904,942.5411039518152,0.0,,1869579.5233023744
2021-02-11 08:00:14.730,1,1.038910938477562,943.3531156970269,0.0,,1871353.257913577
2021-02-11 08:00:14.740,1,0.8225481013343267,945.2925084640852,0.0,,1875579.101188986
2021-02-11 08:00:14.750,1,0.7622603005536451,944.9781852574532,0.0,,1874886.2029044733
2021-02-11 08:00:14.760,1,1.0832931266553092,946.6787123549162,0.0,,1878618.4383196197
2021-02-11 08:00:14.770,1,0.9141139804721466,940.3282539027704,0.0,,1864750.6254979537
2021-02-11 08:00:14.780,1,0.9109842411034194,953.8703482148186,0.0,,1894311.0195463013
2021-02-11 08:00:14.790,1,0.8811422351725076,943.543804159352,0.0,,1871758.778315397
2021-02-11 08:00:14.800,1,0.8478240541158047,952.5257374701356,0.0,,1891366.0334568871
2021-02-11 08:00:14.810,1,0.7623235585861584,950.8909721335384,0.0,,1887791.4477031059
2021-02-11 08:00:14.820,1,1.0458215258244752,961.255304290162,0.0,,1910455.2102878971
2021-02-11 08:00:14.830,1,0.9609414564811172,946.2889542597352,0.0,,1877755.5641836948
2021-02-11 08:00:14.840,1,0.8264075550151813,944.890259003318,0.0,,1874701.56933346
2021-02-11 08:00:14.850,1,0.7694351000586841,945.4342171725524,0.0,,1875879.9932256385
2021-02-11 08:00:14.860,1,0.7942164590960691,945.1211008817696,0.0,,1875199.222272729
2021-02-11 08:00:14.870,1,0.8015818962175175,956.2338975711956,0.0,,1899466.963705618
2021-02-11 08:00:14.880,1,0.7583848577931263,954.484100550553,0.0,,1895646.5184110324
2021-02-11 08:00:14.890,1,0.9148388976565046,944.6803060092844,0.0,,1874242.3150664852
2021-02-11 08:00:14.900,1,0.8535409059254204,952.0508614366812,0.0,,1890333.8214582545
2021-02-11 08:00:14.910,1,1.021868643585029,947.0476023866056,0.0,,1879418.0703691205
2021-02-11 08:00:14.920,1,0.9556115821298096,960.3310006705052,0.0,,1908430.716081955
2021-02-11 08:00:14.930,1,1.0795921665788235,951.7590263976124,0.0,,1889704.6003501099
2021-02-11 08:00:14.940,1,1.0556556186281054,953.7108144122534,0.0,,1893972.2896472248
2021-02-11 08:00:14.950,1,0.829872754304761,962.3962882183276,0.0,,1912935.1990624089
2021-02-11 08:00:14.960,1,0.8536035969317275,965.4457538438498,0.0,,1919609.836919205
2021-02-11 08:00:14.970,1,0.8510106468176195,954.5714617610828,0.0,,1895840.2483254687
2021-02-11 08:00:14.980,1,0.9817921537840298,964.8539644479888,0.0,,1918321.3092381745
2021-02-11 08:00:14.990,1,0.7524711215352962,966.2506762067486,0.0,,1921367.4171530474
2021-02-11 08:00:15.000,1,1.0386835238881995,958.9555963519252,0.0,,1905427.0521623634
2021-02-11 08:00:15.010,1,0.8242595317694759,965.4353291034056,0.0,,1919582.6141984966
2021-02-11 08:00:15.020,1,0.7545223159410471,963.345535678253,0.0,,1915012.0187039908
2021-02-11 08:00:15.030,1,1.0151292251906685,962.9203746469832,0.0,,1914096.7699389108
2021-02-11 08:00:15.040,1,0.8172458108848588,971.1742030737504,0.0,,1932137.6145526567
2021-02-11 08:00:15.050,1,0.8499390553775372,964.6760224686471,0.0,,1917925.1207858864
2021-02-11 08:00:15.060,1,0.9617018275175688,957.7966415128036,0.0,,1902890.64618935
2021-02-11 08:00:15.070,1,1.013868155195115,966.6067147992462,0.0,,1922149.1914786308
2021-02-11 08:00:15.080,1,0.8212202893320376,969.6418354919792,0.0,,1928782.7242639232
2021-02-11 08:00:15.090,1,0.7398116009317676,969.9522066356868,0.0,,1929460.1287829631
2021-02-11 08:00:15.100,1,0.7356032634199494,973.0419707637716,0.0,,1936224.1208191628
2021-02-11 08:00:15.110,1,0.9115909855115708,970.9976266384524,0.0,,1931756.2331308825
2021-02-11 08:00:15.120,1,0.7744656544733542,969.2871036187169,0.0,,1928005.2352311956
2021-02-11 08:00:15.130,1,0.913680035680348,970.671853617,0.0,,1931046.6821921153
2021-02-11 08:00:15.140,1,1.0156985387316195,972.9520682841952,0.0,,1936037.5344055598
2021-02-11 08:00:15.150,1,0.7846226746177597,972.4060710016316,0.0,,1934832.125455443
2021-02-11 08:00:15.160,1,1.0057966327945589,968.6810288400886,0.0,,1926691.4735306338
2021-02-11 08:00:15.170,1,0.8713763041032278,970.9892884576587,0.0,,1931737.5059109868
2021-02-11 08:00:15.180,1,1.0334890442596052,969.0818457636044,0.0,,1927571.3621166372
2021-02-11 08:00:15.190,1,0.8281124497645164,975.9329720474516,0.0,,1942555.8083821274
2021-02-11 08:00:15.200,1,0.6942507257445147,971.0457930351675,0.0,,1931852.9252085423
2021-02-11 08:00:15.210,1,0.7447340795723996,964.2540147070116,0.0,,1916997.9211016994
2021-02-11 08:00:15.220,1,0.9114934444264632,967.428366208461,0.0,,1923946.9865591112
2021-02-11 08:00:15.230,1,0.7989822089679058,988.1245068881128,0.0,,1969266.8800179118
2021-02-11 08:00:15.240,1,0.9381492022450376,968.9358508696184,0.0,,1927251.8776184067
2021-02-11 08:00:15.250,1,0.9114883513433334,970.3862073354784,0.0,,1930420.123596621
2021-02-11 08:00:15.260,1,0.8814087654600159,975.3397623295376,0.0,,1941256.8978274832
2021-02-11 08:00:15.270,1,0.7800362526713169,973.0963055757308,0.0,,1936342.0159118045
2021-02-11 08:00:15.280,1,0.7206465383345291,981.0727958692512,0.0,,1953806.0598838823
2021-02-11 08:00:15.290,1,0.8831534402524833,971.1699881376792,0.0,,1932134.3521144793
2021-02-11 08:00:15.300,1,0.9428563308296422,968.4158700362816,0.0,,1926112.3888307365
2021-02-11 08:00:15.310,1,0.8044838903110573,967.1535955938208,0.0,,1923338.2107840262
2021-02-11 08:00:15.320,1,0.8095348805978015,968.2670374890712,0.0,,1925780.1709592983
2021-02-11 08:00:15.330,1,0.7710781323230921,963.4150739544672,0.0,,1915165.2451466343
2021-02-11 08:00:15.340,1,0.8402344577299151,967.577998823858,0.0,,1924271.9183684508
2021-02-11 08:00:15.350,1,0.8924751036408624,972.4986078378352,0.0,,1935040.472408845
2021-02-11 08:00:15.360,1,0.7054167682782171,971.0804506291112,0.0,,1931925.4492490496
2021-02-11 08:00:15.370,1,0.8782520500636275,979.6648486856412,0.0,,1950731.3285510247
2021-02-11 08:00:15.380,1,0.7868370113177771,968.5309520686842,0.0,,1926353.674461919
2021-02-11 08:00:15.390,1,0.9502393086597588,972.3025074328808,0.0,,1934613.4812600375
2021-02-11 08:00:15.400,1,1.018344423386188,969.8116602941968,0.0,,1929166.5162379995
2021-02-11 08:00:15.410,1,0.733742060062926,966.040957606298,0.0,,1920905.2333985255
2021-02-11 08:00:15.420,1,0.8683712309092425,966.679928280293,0.0,,1922306.6474893847
2021-02-11 08:00:15.430,1,1.0470481206984816,972.8133340271528,0.0,,1935734.2618512572
2021-02-11 08:00:15.440,1,0.7233009654520578,964.3585426835068,0.0,,1917221.8592048788
2021-02-11 08:00:15.450,1,0.9312373419571506,967.7436371423668,0.0,,1924638.2207647676
2021-02-11 08:00:15.460,1,0.7580611275394119,969.4237703862576,0.0,,1928305.945643195
2021-02-11 08:00:15.470,1,0.7682863396793345,968.9925810683594,0.0,,1927366.1355152295
2021-02-11 08:00:15.480,1,0.8883768188973624,965.7001617114612,0.0,,1920166.0403351765
2021-02-11 08:00:15.490,1,1.0884701088185944,968.6162266266967,0.0,,1926559.5511996492
2021-02-11 08:00:15.500,1,1.0157698634416643,963.2904618864596,0.0,,1914902.193600276
2021-02-11 08:00:15.510,1,1.006143529156327,968.2004819181373,0.0,,1925642.412357112
2021-02-11 08:00:15.520,1,1.0570404209107878,961.1048095075416,0.0,,1910124.7180395438
2021-02-11 08:00:15.530,1,0.8066094274898571,967.2361637947442,0.0,,1923523.3241505167
2021-02-11 08:00:15.540,1,0.8374823159097365,964.081200492273,0.0,,1916623.7352483806
2021-02-11 08:00:15.550,1,0.9293473596784844,970.0219125558058,0.0,,1929622.2230022973
2021-02-11 08:00:15.560,1,0.917602400459268,963.46987729866,0.0,,1915288.9183698702
2021-02-11 08:00:15.570,1,1.1354569461083144,957.2321163097164,0.0,,1901664.7593105435
2021-02-11 08:00:15.580,1,0.9318395160783268,960.994807230616,0.0,,1909881.5941483825
2021-02-11 08:00:15.590,1,1.1017227231975106,964.796029378322,0.0,,1918199.7670472215
2021-02-11 08:00:15.600,1,0.9933785787665278,970.0993356726676,0.0,,1929797.3702206253
2021-02-11 08:00:15.610,1,0.8757368011231291,958.8470227351028,0.0,,1905181.9391326446
2021-02-11 08:00:15.620,1,0.7920831799752556,956.2632533013408,0.0,,1899532.6763779803
2021-02-11 08:00:15.630,1,1.179119765665795,951.6850880538414,0.0,,1889554.8647596273
2021-02-11 08:00:15.640,1,0.9606827282041088,967.9586235236357,0.0,,1925109.1114765245
2021-02-11 08:00:15.650,1,0.8535682466577322,957.6150853559034,0.0,,1902489.1255028218
2021-02-11 08:00:15.660,1,0.90342401609139,960.0309309862351,0.0,,1907770.3502762394
2021-02-11 08:00:15.670,1,1.125034461623802,957.289847488519,0.0,,1901793.2225385576
2021-02-11 08:00:15.680,1,1.0575789140823824,961.2476100138184,0.0,,1910440.8033616198
2021-02-11 08:00:15.690,1,0.9668641320661482,964.8877765530552,0.0,,1918391.4576302979
2021-02-11 08:00:15.700,1,1.111901045435395,955.1009790097606,0.0,,1897009.204294996
2021-02-11 08:00:15.710,1,0.8885774694812802,956.183723854484,0.0,,1899365.6904356391
2021-02-11 08:00:15.720,1,1.1771275507166432,951.2650457775296,0.0,,1888634.7300045986
2021-02-11 08:00:15.730,1,1.2027946008837755,965.3291296003208,0.0,,1919368.7380701299
2021-02-11 08:00:15.740,1,1.1685089787186105,969.6837469646368,0.0,,1928893.142984134
2021-02-11 08:00:15.750,1,1.1150048330305775,959.2779212433998,0.0,,1906140.046662768
2021-02-11 08:00:15.760,1,1.061360824280442,958.009364828046,0.0,,1903363.2412189934
2021-02-11 08:00:15.770,1,1.1989737325999732,958.2223476137073,0.0,,1903834.9277251302
2021-02-11 08:00:15.780,1,1.0738305918234676,953.0820172084092,0.0,,1892598.9786630596
2021-02-11 08:00:15.790,1,1.0826109901631962,952.9011258171556,0.0,,1892203.232594899
2021-02-11 08:00:15.800,1,1.1165405677792228,958.9350511741466,0.0,,1905383.6068909948
2021-02-11 08:00:15.810,1,1.0365228978582568,956.9331730089704,0.0,,1901007.7544331371
2021-02-11 08:00:15.820,1,0.8570541535904936,958.8130241114418,0.0,,1905107.2302949103
2021-02-11 08:00:15.830,1,0.9017918915274572,957.7379419913708,0.0,,1902759.3364084726
2021-02-11 08:00:15.840,1,1.1915179040768566,966.4417642601536,0.0,,1921802.8063550068
2021-02-11 08:00:15.850,1,1.0072094267297214,961.8491302488268,0.0,,1911748.359007292
2021-02-11 08:00:15.860,1,0.849778595429916,955.512390786736,0.0,,1897890.486171474
2021-02-11 08:00:15.870,1,1.1842268026342244,951.5716608014652,0.0,,1889304.3105435765
2021-02-11 08:00:15.880,1,1.1091602916018113,962.9319103813532,0.0,,1914123.0013310506
2021-02-11 08:00:15.890,1,1.029941455630483,959.5664383853916,0.0,,1906763.809125765
2021-02-11 08:00:15.900,1,1.0717656192589105,965.8119554489978,0.0,,1920422.3719473407
2021-02-11 08:00:15.910,1,1.2315907513781328,964.6929956674824,0.0,,1917984.8895283167
2021-02-11 08:00:15.920,1,1.2017861416627391,955.3539117373916,0.0,,1897565.4223110487
2021-02-11 08:00:15.930,1,1.1447606993754815,950.663807415384,0.0,,1887319.2686173501
2021-02-11 08:00:15.940,1,1.1638887534676592,960.1585048017716,0.0,,1908064.6810712945
2021-02-11 08:00:15.950,1,0.956711076314272,956.0293430918864,0.0,,1899028.6336416313
2021-02-11 08:00:15.960,1,1.1517980044390412,963.6752253944236,0.0,,1915753.8003708126
2021-02-11 08:00:15.970,1,1.03449088039674,962.9256628979448,0.0,,1914107.5733468812
2021-02-11 08:00:15.980,1,0.909706286342476,965.6381228671275,0.0,,1920034.5001128123
2021-02-11 08:00:15.990,1,0.9968109030154316,954.2056830084816,0.0,,1895043.7862183503
2021-02-11 08:00:16.000,1,1.137203869891376,963.4042692711092,0.0,,1915156.1976012802
2021-02-11 08:00:16.010,1,1.0948163688997066,961.3491440399796,0.0,,1910661.5352459485
2021-02-11 08:00:16.020,1,0.992065546406874,958.3910076569284,0.0,,1904189.1047515464
2021-02-11 08:00:16.030,1,1.2001968352653505,956.5840002163492,0.0,,1900250.2781216474
2021-02-11 08:00:16.040,1,1.211734632717724,959.3778212362593,0.0,,1906364.6642736776
2021-02-11 08:00:16.050,1,1.1076932869677572,961.6336089197256,0.0,,1911288.3173823105
2021-02-11 08:00:16.060,1,1.0491271403257942,966.511105799288,0.0,,1921949.477812604
2021-02-11 08:00:16.070,1,0.9970643160887986,966.7158134189654,0.0,,1922391.2811611567
2021-02-11 08:00:16.080,1,0.9400315187734388,966.885295535212,0.0,,1922760.3415553395
2021-02-11 08:00:16.090,1,0.8136547239847227,970.6899359384764,0.0,,1931080.0975724305
2021-02-11 08:00:16.100,1,0.972215015265526,960.1986469973602,0.0,,1908144.1134004362
2021-02-11 08:00:16.110,1,0.9585975242897636,959.5854411180516,0.0,,1906803.4987035454
2021-02-11 08:00:16.120,1,1.0908310999097728,962.6736762302628,0.0,,1913559.04575241
2021-02-11 08:00:16.130,1,1.049998295881924,967.7145082499616,0.0,,1924582.81690569
2021-02-11 08:00:16.140,1,1.045954668914909,961.7010032763592,0.0,,1911429.2640372477
2021-02-11 08:00:16.150,1,0.8904957794249725,954.0602729401312,0.0,,1894722.5516684891
2021-02-11 08:00:16.160,1,0.7761365307046243,971.0858154870036,0.0,,1931944.1231341127
2021-02-11 08:00:16.170,1,0.9849757156828988,960.0742797907004,0.0,,1907869.1952790571
2021-02-11 08:00:16.180,1,0.9845294338778772,964.7309991427016,0.0,,1918051.862564783
2021-02-11 08:00:16.190,1,0.985613375205611,975.0383656867904,0.0,,1940603.8113686184
2021-02-11 08:00:16.200,1,0.8835284025928456,966.897724944174,0.0,,1922782.423285969
2021-02-11 08:00:16.210,1,0.9770124185669232,967.4887721659728,0.0,,1924082.6488817183
2021-02-11 08:00:16.220,1,0.8040992231319047,962.6060918996844,0.0,,1913394.122361473
2021-02-11 08:00:16.230,1,0.9549731386070066,966.8343483120068,0.0,,1922649.2804221173
2021-02-11 08:00:16.240,1,0.8611144599124059,967.9547425436584,0.0,,1925094.6036998993
2021-02-11 08:00:16.250,1,1.002442943467236,963.5425518480788,0.0,,1915453.0765706226
2021-02-11 08:00:16.260,1,0.9486553840424572,970.5756214892672,0.0,,1930837.7124291505
2021-02-11 08:00:16.270,1,0.9695481509263828,967.3414150164502,0.0,,1923759.3311832033
2021-02-11 08:00:16.280,1,0.8862762924663098,969.1777899929502,0.0,,1927772.6687455727
2021-02-11 08:00:16.290,1,1.033231179488665,964.5682779522516,0.0,,1917694.4998776643
2021-02-11 08:00:16.300,1,0.8370905949561254,952.8975933439748,0.0,,1892180.4168464334
2021-02-11 08:00:16.310,1,0.6946427190224038,969.120742983324,0.0,,1927636.973057281
2021-02-11 08:00:16.320,1,0.987491959485436,972.504461053386,0.0,,1935057.0473902405
2021-02-11 08:00:16.330,1,0.7107026275472687,964.2891507563648,0.0,,1917070.7905855877
2021-02-11 08:00:16.340,1,0.7225143475025599,972.986761478517,0.0,,1936097.1445344798
2021-02-11 08:00:16.350,1,0.7922880083477694,973.0595728734082,0.0,,1936261.652446477
2021-02-11 08:00:16.360,1,0.765915625190535,970.3571939072287,0.0,,1930348.4288577836
2021-02-11 08:00:16.370,1,0.936069017418374,958.6993902033404,0.0,,1904860.526285678
2021-02-11 08:00:16.380,1,0.8810986619587934,957.9867206865068,0.0,,1903300.9687337466
2021-02-11 08:00:16.390,1,0.737435338507676,970.6872331048085,0.0,,1931069.6624747072
2021-02-11 08:00:16.400,1,0.8870536701376267,964.054786586706,0.0,,1916564.5813367632
2021-02-11 08:00:16.410,1,0.9369634798705688,968.3264469195682,0.0,,1925913.9480024567
2021-02-11 08:00:16.420,1,0.6288405828645561,971.1416232802092,0.0,,1932055.8136089002
2021-02-11 08:00:16.430,1,0.7991466946718875,973.8130859106697,0.0,,1937912.6018281684
2021-02-11 08:00:16.440,1,0.6281156645920011,970.4864446303916,0.0,,1930622.841377429
2021-02-11 08:00:16.450,1,0.8877256260153815,964.59812555592,0.0,,1917758.8500460566
2021-02-11 08:00:16.460,1,0.806661006697063,973.952687309073,0.0,,1938221.074112367
2021-02-11 08:00:16.470,1,0.8422590118473774,969.0952928096864,0.0,,1927592.037118653
2021-02-11 08:00:16.480,1,0.8942354106217512,959.0374771234032,0.0,,1905598.9180230007
2021-02-11 08:00:16.490,1,0.7468137964775731,967.0749449469264,0.0,,1923169.9000397928
2021-02-11 08:00:16.500,1,0.6558803661219611,966.8550169041816,0.0,,1922679.320716979
2021-02-11 08:00:16.510,1,0.7671001340502359,965.0238276162275,0.0,,1918680.4860195906
2021-02-11 08:00:16.520,1,0.6244376201961191,965.6870457686238,0.0,,1920126.1211755604
2021-02-11 08:00:16.530,1,0.8705316150310621,969.9846463158052,0.0,,1929534.8580159184
2021-02-11 08:00:16.540,1,0.8251624814887019,964.6745148518852,0.0,,1917920.4039650103
2021-02-11 08:00:16.550,1,0.6463754506985008,963.2492062866428,0.0,,1914796.225994633
2021-02-11 08:00:16.560,1,0.8755529238143144,958.8856894458838,0.0,,1905268.9491435927
2021-02-11 08:00:16.570,1,0.8621380874509706,961.5265559344298,0.0,,1911041.7117714449
2021-02-11 08:00:16.580,1,0.6936002644808877,961.8244866559016,0.0,,1911681.3641043927
2021-02-11 08:00:16.590,1,0.8007992476339609,961.9607115708816,0.0,,1911987.123093486
2021-02-11 08:00:16.600,1,0.7313585889630216,968.0320701631512,0.0,,1925259.786051774
2021-02-11 08:00:16.610,1,0.7922313970234962,966.7466295960614,0.0,,1922446.678115515
2021-02-11 08:00:16.620,1,0.6265535312003222,963.2781112256744,0.0,,1914855.8389102407
2021-02-11 08:00:16.630,1,0.8531757889408378,956.5774201527552,0.0,,1900222.2811556403
2021-02-11 08:00:16.640,1,0.6972364142466709,959.5658992337994,0.0,,1906743.1636325063
2021-02-11 08:00:16.650,1,0.8616429656196223,964.7407631968408,0.0,,1918068.5237774109
2021-02-11 08:00:16.660,1,0.6674987453760302,962.2522509545812,0.0,,1912617.7154790869
2021-02-11 08:00:16.670,1,0.8772873786958563,960.513166538579,0.0,,1908820.686965882
2021-02-11 08:00:16.680,1,0.8926782916029488,960.3058854879356,0.0,,1908372.40222791
2021-02-11 08:00:16.690,1,0.8679036275748067,965.2111935622496,0.0,,1919088.8251365973
2021-02-11 08:00:16.700,1,0.8734636473342654,964.5850857421648,0.0,,1917725.457717111
2021-02-11 08:00:16.710,1,0.9121456163187434,968.8135807270108,0.0,,1926981.3748392987
2021-02-11 08:00:16.720,1,0.7311003189005522,957.7010296346224,0.0,,1902672.4534572687
2021-02-11 08:00:16.730,1,0.7676666767975624,966.6575846612028,0.0,,1922253.6016102554
2021-02-11 08:00:16.740,1,0.7162442119483462,961.3287935305852,0.0,,1910598.8893848849
2021-02-11 08:00:16.750,1,0.8612638553659219,963.9322439379828,0.0,,1916298.0406910174
2021-02-11 08:00:16.760,1,0.8085812347788814,963.9399230674652,0.0,,1916316.1871728548
2021-02-11 08:00:16.770,1,0.9181085152325388,964.8302090885852,0.0,,1918263.0113681785
2021-02-11 08:00:16.780,1,0.8245308621716289,953.2148128058212,0.0,,1892874.4004843114
2021-02-11 08:00:16.790,1,0.8118628595206169,952.1420204454078,0.0,,1890527.0664784706
2021-02-11 08:00:16.800,1,0.7409744723409158,969.040886049018,0.0,,1927469.065074381
2021-02-11 08:00:16.810,1,0.6451341017267713,954.8446200637544,0.0,,1896428.3064639824
2021-02-11 08:00:16.820,1,0.8957459989503568,961.7494857372426,0.0,,1911526.3599830624
2021-02-11 08:00:16.830,1,0.8198394658479152,966.7645835649176,0.0,,1922489.3940127788
2021-02-11 08:00:16.840,1,0.9766747435173287,957.7195799844776,0.0,,1902725.781198128
2021-02-11 08:00:16.850,1,0.8297478945278299,972.0666347735496,0.0,,1934091.8351727584
2021-02-11 08:00:16.860,1,0.9750108111460484,966.4174120006344,0.0,,1921740.8443445147
2021-02-11 08:00:16.870,1,0.8021166036756721,959.0537343881308,0.0,,1905628.344395577
2021-02-11 08:00:16.880,1,0.9279942404033288,962.959836084861,0.0,,1914172.2386942762
2021-02-11 08:00:16.890,1,0.7901991359613698,958.4130582897036,0.0,,1904230.0317157744
2021-02-11 08:00:16.900,1,0.8478845113485428,960.8821879275624,0.0,,1909628.0975365124
2021-02-11 08:00:16.910,1,0.7702428443029073,957.2605674024616,0.0,,1901712.8109240555
2021-02-11 08:00:16.920,1,0.7883396607825831,969.6132923520926,0.0,,1928722.9651870949
2021-02-11 08:00:16.930,1,0.7506398382418673,970.1394828230996,0.0,,1929869.9470624966
2021-02-11 08:00:16.940,1,1.0089564369339057,961.655534126476,0.0,,1911330.1995547153
2021-02-11 08:00:16.950,1,0.9537676754228558,961.4026673014872,0.0,,1910771.2301128216
2021-02-11 08:00:16.960,1,0.9773803830286644,966.0408856134048,0.0,,1920917.1187428592
2021-02-11 08:00:16.970,1,0.995751100466618,972.9178080602344,0.0,,1935959.0576648833
2021-02-11 08:00:16.980,1,0.7554014677053712,965.5232515255872,0.0,,1919775.8440762975
2021-02-11 08:00:16.990,1,0.98888980975478,960.5978296258304,0.0,,1909014.2759486565
2021-02-11 08:00:17.000,1,0.8237099350437534,964.2100116597928,0.0,,1916899.311845196
2021-02-11 08:00:17.010,1,0.9231287255633488,971.892310774446,0.0,,1933714.4857210855
2021-02-11 08:00:17.020,1,0.9292130092943344,967.1978068107352,0.0,,1923445.8530454717
2021-02-11 08:00:17.030,1,0.8569331520888009,972.4477282174664,0.0,,1934926.3144504149
2021-02-11 08:00:17.040,1,1.023804737432908,979.273333792473,0.0,,1949881.4598639386
2021-02-11 08:00:17.050,1,0.9936001243574096,975.7917273885932,0.0,,1942256.9536777388
2021-02-11 08:00:17.060,1,0.7772354141708986,971.3527250227588,0.0,,1932530.9144437283
2021-02-11 08:00:17.070,1,0.9822772250982924,972.6205100835248,0.0,,1935312.6045045
2021-02-11 08:00:17.080,1,0.7578030054047552,970.9439011633008,0.0,,1931627.7278312652
2021-02-11 08:00:17.090,1,0.8262232088891512,963.293294222966,0.0,,1914896.7124757895
2021-02-11 08:00:17.100,1,0.9372027640639582,967.163990158732,0.0,,1923372.2135040108
2021-02-11 08:00:17.110,1,0.9530182592454924,968.2651583728174,0.0,,1925780.404904131
2021-02-11 08:00:17.120,1,0.7876729518338863,968.7304510344924,0.0,,1926790.8291142904
2021-02-11 08:00:17.130,1,0.7868655401760706,964.5317963159488,0.0,,1917606.1396880157
2021-02-11 08:00:17.140,1,0.7900335741195498,980.0421592541828,0.0,,1951549.6760565748
2021-02-11 08:00:17.150,1,1.0957951302414952,967.2083902383824,0.0,,1923476.2644248966
2021-02-11 08:00:17.160,1,1.1292147337618224,965.6318741454412,0.0,,1920028.3059200146
2021-02-11 08:00:17.170,1,1.07812708615755,970.2260589073784,0.0,,1930072.7564112167
2021-02-11 08:00:17.180,1,0.902049657030926,975.9953374959712,0.0,,1942696.396897352
2021-02-11 08:00:17.190,1,0.8738461923864134,974.4800472347132,0.0,,1939377.6728731147
2021-02-11 08:00:17.200,1,0.7813078215989906,968.3764711049356,0.0,,1926018.2314409318
2021-02-11 08:00:17.210,1,0.7976031160091793,976.9639062519,0.0,,1944807.9723099263
2021-02-11 08:00:17.220,1,0.7995275155375201,982.8340993690592,0.0,,1957667.7743175742
2021-02-11 08:00:17.230,1,1.0956302541186649,974.5878054640884,0.0,,1939623.7572736165
2021-02-11 08:00:17.240,1,0.8705245047590091,975.3807228469811,0.0,,1941346.787717341
2021-02-11 08:00:17.250,1,0.8193537400458996,976.7635954739552,0.0,,1944371.7781835943
2021-02-11 08:00:17.260,1,0.8021870359787098,976.6517445641068,0.0,,1944127.4558949394
2021-02-11 08:00:17.270,1,0.8365525741041498,979.6398447324636,0.0,,1950674.993171717
2021-02-11 08:00:17.280,1,0.8867877795475179,982.0606021455736,0.0,,1955981.1010786803
2021-02-11 08:00:17.290,1,1.0700741008476229,983.3616694109908,0.0,,1958835.940723876
2021-02-11 08:00:17.300,1,0.9622500496234296,973.187639948884,0.0,,1936552.8884248983
2021-02-11 08:00:17.310,1,1.1179669419647886,982.2088171531184,0.0,,1956316.5288052752
2021-02-11 08:00:17.320,1,0.8207888140747022,979.225113423522,0.0,,1949768.5049659635
2021-02-11 08:00:17.330,1,1.1023496980645018,980.6186184334592,0.0,,1952830.088336044
2021-02-11 08:00:17.340,1,0.8936801942733359,979.3456688300024,0.0,,1950031.4609314275
2021-02-11 08:00:17.350,1,0.9832227800636492,971.9287425886693,0.0,,1933796.5779777835
2021-02-11 08:00:17.360,1,0.8144455383730946,983.1641918921748,0.0,,1958391.7648263
2021-02-11 08:00:17.370,1,0.8747426362125128,972.8633002805474,0.0,,1935840.1785811717
2021-02-11 08:00:17.380,1,0.9858695102400764,978.3250716124252,0.0,,1947801.1145296982
2021-02-11 08:00:17.390,1,1.0097350083039582,987.3142816347156,0.0,,1967501.5954857618
2021-02-11 08:00:17.400,1,1.083274921255795,976.8828667234684,0.0,,1944651.4840167947
2021-02-11 08:00:17.410,1,1.0217010717946606,975.5897141103432,0.0,,1941813.4862713602
2021-02-11 08:00:17.420,1,1.0352206769516814,981.0374448424744,0.0,,1953745.5631948928
2021-02-11 08:00:17.430,1,0.947715554105532,981.8694005384598,0.0,,1955562.1215798622
2021-02-11 08:00:17.440,1,0.9144261318222364,984.6162782482044,0.0,,1961578.8569395854
2021-02-11 08:00:17.450,1,1.057639849995173,985.6875448105872,0.0,,1963932.1922742228
2021-02-11 08:00:17.460,1,0.8718470363594171,987.9849068691404,0.0,,1968961.1221798528
2021-02-11 08:00:17.470,1,0.9909034138059474,976.6880022280736,0.0,,1944217.1401293084
2021-02-11 08:00:17.480,1,0.8860075903431476,981.9184167786336,0.0,,1955666.475243562
2021-02-11 08:00:17.490,1,1.011335802872256,981.9512205627448,0.0,,1955745.8787017246
2021-02-11 08:00:17.500,1,0.8557192378003796,978.2589478479796,0.0,,1947650.4737038466
2021-02-11 08:00:17.510,1,0.9651405985762423,972.7461990702687,0.0,,1935586.974410041
2021-02-11 08:00:17.520,1,0.8787305132371366,977.6010559942072,0.0,,1946211.085708278
2021-02-11 08:00:17.530,1,0.7616975462178587,965.4706926189526,0.0,,1919661.0015006575
2021-02-11 08:00:17.540,1,0.8594699988529424,971.509558633878,0.0,,1932874.55101168
2021-02-11 08:00:17.550,1,0.8571474883725428,974.4982929201173,0.0,,1939419.2000386172
2021-02-11 08:00:17.560,1,0.7057747175084373,967.9038661492406,0.0,,1924978.8564666929
2021-02-11 08:00:17.570,1,1.0112286237065384,974.2905863737092,0.0,,1938970.2342599505
2021-02-11 08:00:17.580,1,0.8589135307831363,970.7240168479824,0.0,,1931155.979945731
2021-02-11 08:00:17.590,1,0.920011418615002,970.5140501937084,0.0,,1930695.3339954184
2021-02-11 08:00:17.600,1,0.8776472948327991,965.2602414162528,0.0,,1919203.6612069977
2021-02-11 08:00:17.610,1,0.6704643698655676,966.2168285232304,0.0,,1921285.0819257773
2021-02-11 08:00:17.620,1,0.7563533403342685,972.8136020238584,0.0,,1935720.5469433933
2021-02-11 08:00:17.630,1,0.93136305526313,967.1378113675156,0.0,,1923311.7562541694
2021-02-11 08:00:17.640,1,0.6728431324826672,967.2454793005048,0.0,,1923536.8838769875
2021-02-11 08:00:17.650,1,0.8594421027451453,970.6350819356798,0.0,,1930958.469238841
2021-02-11 08:00:17.660,1,0.7426224083121773,970.6199048906656,0.0,,1930920.368646839
2021-02-11 08:00:17.670,1,0.7917884698543001,973.91227803771,0.0,,1938126.1491865611
2021-02-11 08:00:17.680,1,0.7150823809203942,971.0237589889424,0.0,,1931802.356426732
2021-02-11 08:00:17.690,1,0.6286169930538094,970.6252646603226,0.0,,1930922.601281876
2021-02-11 08:00:17.700,1,0.6297038127099346,966.3180777516388,0.0,,1921505.7806429649
2021-02-11 08:00:17.710,1,0.6263530815767341,966.1688535273288,0.0,,1921179.4877853189
2021-02-11 08:00:17.720,1,0.8215120103435186,969.7927622813064,0.0,,1929116.1234651778
2021-02-11 08:00:17.730,1,0.6413326857199333,969.075166913142,0.0,,1927536.138118944
2021-02-11 08:00:17.740,1,0.6406813764370529,961.3982618365418,0.0,,1910748.8817919618
2021-02-11 08:00:17.750,1,0.8258154192123547,966.07509576264,0.0,,1920983.3603520244
2021-02-11 08:00:17.760,1,0.6683803222528983,961.4555039037438,0.0,,1910872.587228507
2021-02-11 08:00:17.770,1,0.8755416948771013,963.0498393037004,0.0,,1914372.6353181242
2021-02-11 08:00:17.780,1,0.7967451196012606,955.6496421666036,0.0,,1898191.7585466288
2021-02-11 08:00:17.790,1,0.7767369615020009,960.2755180621424,0.0,,1908301.3295207457
2021-02-11 08:00:17.800,1,0.6555663501388939,956.7377436865536,0.0,,1900563.8618443497
2021-02-11 08:00:17.810,1,0.8720268565072107,953.2521445962574,0.0,,1892955.5195252819
2021-02-11 08:00:17.820,1,0.7474025327018201,955.9995578519656,0.0,,1898955.2391705317
2021-02-11 08:00:17.830,1,0.817302485515975,954.198812835239,0.0,,1895025.673135187
2021-02-11 08:00:17.840,1,0.7454326113078049,955.2960602349042,0.0,,1897421.5830491593
2021-02-11 08:00:17.850,1,0.6113434085385494,954.0769656547136,0.0,,1894746.7272907123
2021-02-11 08:00:17.860,1,0.6276924689176128,949.5528275501184,0.0,,1884866.9567405023
2021-02-11 08:00:17.870,1,0.7838020573670644,949.6022673739476,0.0,,1884982.2580025448
2021-02-11 08:00:17.880,1,0.7669548409379732,960.5891431138872,0.0,,1908986.1671403137
2021-02-11 08:00:17.890,1,0.8399284338356248,950.4359572144328,0.0,,1886805.5718627258
2021-02-11 08:00:17.900,1,0.6331456339590331,951.1011474989772,0.0,,1888249.3535811661
2021-02-11 08:00:17.910,1,0.8482394619551183,954.1502099975752,0.0,,1894916.588698698
2021-02-11 08:00:17.920,1,0.6796316471104088,954.4317126798256,0.0,,1895524.5868005313
2021-02-11 08:00:17.930,1,0.6183962033919351,949.5942357253848,0.0,,1884953.8533062378
2021-02-11 08:00:17.940,1,0.6777790146548327,953.0713262951124,0.0,,1892554.8941897994
2021-02-11 08:00:17.950,1,0.8539984173079033,949.085549550966,0.0,,1883856.1445559333
2021-02-11 08:00:17.960,1,0.7997772140140301,944.2368354289248,0.0,,1873271.690139289
2021-02-11 08:00:17.970,1,0.6726974776480543,957.463659572322,0.0,,1902144.9033691003
2021-02-11 08:00:17.980,1,0.5811639011693399,946.0095923925028,0.0,,1877127.6854560922
2021-02-11 08:00:17.990,1,0.7303060453500111,946.8151500872692,0.0,,1878893.9045608335
2021-02-11 08:00:18.000,1,0.7048827154660949,942.6835108627396,0.0,,1869874.24993397
2021-02-11 08:00:18.010,1,0.8404023312875304,952.9080587492008,0.0,,1892203.9431814118
2021-02-11 08:00:18.020,1,0.7144691677690395,932.7799438602672,0.0,,1848279.6442561885
2021-02-11 08:00:18.030,1,0.5923351159066871,944.806032171118,0.0,,1874500.938254611
2021-02-11 08:00:18.040,1,0.6714030024698303,944.1043679715334,0.0,,1872975.976411068
2021-02-11 08:00:18.050,1,0.7921415621368845,944.941850660276,0.0,,1874809.2790712921
2021-02-11 08:00:18.060,1,0.8468477689048168,942.33123967679,0.0,,1869116.418190362
2021-02-11 08:00:18.070,1,0.5973649653693309,939.2691605536796,0.0,,1862423.7291133013
2021-02-11 08:00:18.080,1,0.7408791832079294,943.9528093237268,0.0,,1872650.7655878754
2021-02-11 08:00:18.090,1,0.6415436832448103,951.2529029662028,0.0,,1888577.6961566412
2021-02-11 08:00:18.100,1,0.8564725984789849,945.7445339399424,0.0,,1876562.8491785496
2021-02-11 08:00:18.110,1,0.7968713383596838,943.6677540342064,0.0,,1872030.0560389336
2021-02-11 08:00:18.120,1,0.7273854984901006,942.5654363997248,0.0,,1869619.537941964
2021-02-11 08:00:18.130,1,0.7128725471954274,939.5070656709944,0.0,,1862946.5150879628
2021-02-11 08:00:18.140,1,0.5946120122322385,945.0242883047316,0.0,,1874978.534148683
2021-02-11 08:00:18.150,1,0.6885065456284487,945.6061957504876,0.0,,1876253.8361796378
2021-02-11 08:00:18.160,1,0.6157916063985477,949.3158845284784,0.0,,1884349.234560503
2021-02-11 08:00:18.170,1,0.6015252053012579,945.2494698250492,0.0,,1875473.439214475
2021-02-11 08:00:18.180,1,0.8740476615695878,939.7794738703068,0.0,,1863550.8175799109
2021-02-11 08:00:18.190,1,0.7774969512607613,942.3024006691612,0.0,,1869047.7986861211
2021-02-11 08:00:18.200,1,0.6774261581153039,936.620767661126,0.0,,1856651.5780839908
2021-02-11 08:00:18.210,1,0.808129368931234,954.9925097375366,0.0,,1896758.931930152
2021-02-11 08:00:18.220,1,0.8498790162271992,942.2164814396506,0.0,,1868865.9523556095
2021-02-11 08:00:18.230,1,0.7404709087034061,948.4643803372372,0.0,,1882496.076967537
2021-02-11 08:00:18.240,1,0.8728784044640086,945.4822518890422,0.0,,1875991.898489615
2021-02-11 08:00:18.250,1,0.912127453922642,950.9851060763162,0.0,,1888008.22530616
2021-02-11 08:00:18.260,1,0.8265163344779377,945.0313140966248,0.0,,1875007.5106603308
2021-02-11 08:00:18.270,1,0.7679645433685119,936.0597364254312,0.0,,1855434.3442428748
2021-02-11 08:00:18.280,1,0.6756241222864763,951.461900807287,0.0,,1889036.9521089327
2021-02-11 08:00:18.290,1,0.7799032864528976,953.410182040948,0.0,,1893293.6009316805
2021-02-11 08:00:18.300,1,0.7133147958252622,950.7046834692536,0.0,,1887388.4989083102
2021-02-11 08:00:18.310,1,0.7545559581452796,956.7217706169556,0.0,,1900532.0780606782
2021-02-11 08:00:18.320,1,0.7090246716954665,950.662101977156,0.0,,1887292.5489568992
2021-02-11 08:00:18.330,1,0.8447108473113805,951.1513966144952,0.0,,1888365.8561570877
2021-02-11 08:00:18.340,1,0.6378849259586881,951.462274387158,0.0,,1889036.7629227785
2021-02-11 08:00:18.350,1,0.6838740116131844,953.106605225134,0.0,,1892627.1322520545
2021-02-11 08:00:18.360,1,0.9003963943246374,955.2043226091936,0.0,,1897224.839799768
2021-02-11 08:00:18.370,1,0.7595877491148957,949.703534520808,0.0,,1885203.9183004494
2021-02-11 08:00:18.380,1,0.9063763215769676,950.1819176614374,0.0,,1886257.0937376004
2021-02-11 08:00:18.390,1,0.6719615501035572,952.2387931391144,0.0,,1890730.8110746457
2021-02-11 08:00:18.400,1,0.7196902831117894,957.6152359862372,0.0,,1902477.9645676313
2021-02-11 08:00:18.410,1,0.8622086966572743,952.1051515477542,0.0,,1890454.0368295002
2021-02-11 08:00:18.420,1,0.7683561857971525,962.2798564073648,0.0,,1912681.9824792068
2021-02-11 08:00:18.430,1,0.7273159902931564,958.6614998115884,0.0,,1904767.7745914597
2021-02-11 08:00:18.440,1,0.9159889617302012,962.3644656736524,0.0,,1912872.6728626688
2021-02-11 08:00:18.450,1,0.8427820161513018,953.717495032618,0.0,,1893972.1407237803
2021-02-11 08:00:18.460,1,0.9068413337093172,961.7406900915912,0.0,,1911508.8841022626
2021-02-11 08:00:18.470,1,0.8788502634127482,962.6036643229164,0.0,,1913395.425435062
2021-02-11 08:00:18.480,1,0.8503961216164788,961.1135296814488,0.0,,1910131.3122547881
2021-02-11 08:00:18.490,1,0.8689353385089619,968.6612861037886,0.0,,1926643.4282045818
2021-02-11 08:00:18.500,1,0.7181052392285322,961.9204474802826,0.0,,1911891.2713960349
2021-02-11 08:00:18.510,1,0.8088607534572818,966.785301672825,0.0,,1922530.4234498413
2021-02-11 08:00:18.520,1,0.6670664486748904,958.0249072029454,0.0,,1903373.2416315493
2021-02-11 08:00:18.530,1,0.7307624088357081,976.6041991709136,0.0,,1944022.967607892
2021-02-11 08:00:18.540,1,0.8416384327976821,965.558165900134,0.0,,1919851.0044199708
2021-02-11 08:00:18.550,1,0.7745331145660773,964.7434533498208,0.0,,1918071.5033544893
2021-02-11 08:00:18.560,1,0.7161099654332231,966.0284139636916,0.0,,1920875.9710082142
2021-02-11 08:00:18.570,1,0.8660751418490117,955.2861607867894,0.0,,1897403.4515080417
2021-02-11 08:00:18.580,1,0.9200793830982344,963.0885631274276,0.0,,1914455.3869210233
2021-02-11 08:00:18.590,1,0.7025626500269553,967.085211223161,0.0,,1923187.2156076604
2021-02-11 08:00:18.600,1,0.8376013626499133,968.1688535882028,0.0,,1925563.623077808
2021-02-11 08:00:18.610,1,0.7031570465715695,966.3946385394172,0.0,,1921674.6553695148
2021-02-11 08:00:18.620,1,0.8222898699801678,965.87192150605,0.0,,1920539.4316715824
2021-02-11 08:00:18.630,1,0.9515056739584572,973.7996068786885,0.0,,1937890.0749656542
2021-02-11 08:00:18.640,1,0.6902308137588048,967.2420927380952,0.0,,1923526.280273344
2021-02-11 08:00:18.650,1,0.6774007988854168,970.0592130694556,0.0,,1929693.5971304774
2021-02-11 08:00:18.660,1,0.8648273535489672,977.3585663078096,0.0,,1945679.381498132
2021-02-11 08:00:18.670,1,0.9059966496646948,977.439944878691,0.0,,1945862.4276673093
2021-02-11 08:00:18.680,1,0.6398143786252389,971.5936783329528,0.0,,1933048.950636159
2021-02-11 08:00:18.690,1,0.9390921759180928,970.2517812472752,0.0,,1930126.5423204277
2021-02-11 08:00:18.700,1,0.7393825597438048,969.8030624889096,0.0,,1929136.864171845
2021-02-11 08:00:18.710,1,0.8193321262990627,972.2840100295896,0.0,,1934565.99018888
2021-02-11 08:00:18.720,1,0.9020782184535424,965.882936258081,0.0,,1920570.8867023997
2021-02-11 08:00:18.730,1,0.7937114438354356,967.2097771088528,0.0,,1923462.9923415056
2021-02-11 08:00:18.740,1,0.7970279262781058,964.8017314213496,0.0,,1918197.8004305165
2021-02-11 08:00:18.750,1,0.9099025843929162,972.9556425787008,0.0,,1936043.1200921084
2021-02-11 08:00:18.760,1,0.9334897130083448,971.6782090652192,0.0,,1933249.9280173283
2021-02-11 08:00:18.770,1,0.7998707839306072,975.2959848654024,0.0,,1941161.3590976908
2021-02-11 08:00:18.780,1,0.8662781125788775,977.0052214693216,0.0,,1944901.6758466272
2021-02-11 08:00:18.790,1,0.6897049616790147,973.076792898236,0.0,,1936296.227305746
2021-02-11 08:00:18.800,1,0.6512977061638671,967.1697517165788,0.0,,1923368.4780741618
2021-02-11 08:00:18.810,1,0.7526927177458166,969.659848632214,0.0,,1928818.9854908178
2021-02-11 08:00:18.820,1,0.910584606630426,967.0984522349304,0.0,,1923224.8287529754
2021-02-11 08:00:18.830,1,0.7793085077408592,973.4006699448674,0.0,,1937009.552595453
2021-02-11 08:00:18.840,1,0.8839648810743439,972.5090849662035,0.0,,1935064.1404798315
2021-02-11 08:00:18.850,1,0.9095979425365232,977.6764303665642,0.0,,1946375.292699794
2021-02-11 08:00:18.860,1,0.7208751131765556,978.9489351350328,0.0,,1949156.0870180796
2021-02-11 08:00:18.870,1,0.7322101377113863,970.1091520459412,0.0,,1929804.235551628
2021-02-11 08:00:18.880,1,0.8857992473081602,967.4989709520044,0.0,,1924100.2121970973
2021-02-11 08:00:18.890,1,0.8565818202182108,965.7774414705844,0.0,,1920332.1433131173
2021-02-11 08:00:18.900,1,0.9153031305392338,968.81699658305,0.0,,1926986.0740448465
2021-02-11 08:00:18.910,1,0.6940163252003873,967.3228782634428,0.0,,1923704.2095464452
2021-02-11 08:00:18.920,1,0.8948464646646361,966.430480635891,0.0,,1921767.7436452522
2021-02-11 08:00:18.930,1,0.8572518680669409,966.9501945602764,0.0,,1922900.9586118008
2021-02-11 08:00:18.940,1,0.6860427562518224,964.7361538139209,0.0,,1918048.96388095
2021-02-11 08:00:18.950,1,0.9183830415180864,954.7976007440196,0.0,,1896336.81422997
2021-02-11 08:00:18.960,1,0.6646024367567868,970.6764107574464,0.0,,1931041.657054655
2021-02-11 08:00:18.970,1,0.8306500606097569,966.1707681264112,0.0,,1921192.374148993
2021-02-11 08:00:18.980,1,0.8688808884860497,966.82170445647,0.0,,1922619.2171138744
2021-02-11 08:00:18.990,1,0.73332342527144,962.652033923792,0.0,,1913495.239082174
2021-02-11 08:00:19.000,1,0.8897155066879666,962.8983350934614,0.0,,1914037.8092232663
2021-02-11 08:00:19.010,1,0.6781175164484122,963.7210936685047,0.0,,1915828.3276217263
2021-02-11 08:00:19.020,1,0.9157345542417192,958.284682899548,0.0,,1903958.4157908005
2021-02-11 08:00:19.030,1,0.8966149101245137,965.3648107717694,0.0,,1919431.84429972
2021-02-11 08:00:19.040,1,0.6999112448533275,954.1045857915436,0.0,,1894812.825886463
2021-02-11 08:00:19.050,1,0.6733104681035832,966.3971537054402,0.0,,1921674.2429644621
2021-02-11 08:00:19.060,1,0.7846282030193009,964.390774760312,0.0,,1917297.7888846002
2021-02-11 08:00:19.070,1,0.7285604670383393,955.2476439925424,0.0,,1897309.2500129885
2021-02-11 08:00:19.080,1,0.8628596013991632,951.9824273235148,0.0,,1890184.6750777247
2021-02-11 08:00:19.090,1,0.7216122632301301,951.2916474888816,0.0,,1888670.2615016089
2021-02-11 08:00:19.100,1,0.8808455552271441,951.8124217478792,0.0,,1889813.6295342967
2021-02-11 08:00:19.110,1,0.8703951634799486,950.1417634936824,0.0,,1886162.894724882
2021-02-11 08:00:19.120,1,0.8903921173051512,957.4753028587886,0.0,,1902187.647417852
2021-02-11 08:00:19.130,1,0.6664222527286879,954.6084526861948,0.0,,1895909.1791338248
2021-02-11 08:00:19.140,1,0.8584528143221264,950.5250093653788,0.0,,1887002.3111258037
2021-02-11 08:00:19.150,1,0.8662800357242827,956.393855844252,0.0,,1899821.0776890197
2021-02-11 08:00:19.160,1,0.9397007539711092,950.012075318595,0.0,,1885891.7263348098
2021-02-11 08:00:19.170,1,0.8491732039366403,946.7970622373708,0.0,,1878859.8976422239
2021-02-11 08:00:19.180,1,0.6779086206195172,939.7919087418784,0.0,,1863569.0878043503
2021-02-11 08:00:19.190,1,0.8366912394699794,945.3882564455045,0.0,,1875783.066593488
2021-02-11 08:00:19.200,1,0.7903613887648923,948.5246058273888,0.0,,1882631.3788691761
2021-02-11 08:00:19.210,1,0.9421257085708246,949.5142288174916,0.0,,1884796.237168829
2021-02-11 08:00:19.220,1,0.932634001562936,934.8306810726104,0.0,,1852762.452908
2021-02-11 08:00:19.230,1,0.6663455843066396,944.2268714694136,0.0,,1873242.0135328884
2021-02-11 08:00:19.240,1,0.9288143382138474,938.8565646240444,0.0,,1861538.0058273494
2021-02-11 08:00:19.250,1,0.9064240419332892,942.000234238699,0.0,,1868396.1864475638
2021-02-11 08:00:19.260,1,0.7669115860452835,945.46348430197,0.0,,1875950.2025047797
2021-02-11 08:00:19.270,1,0.8828278330804576,941.7804297460074,0.0,,1867917.974243638
2021-02-11 08:00:19.280,1,0.9053352993812644,936.8909905369684,0.0,,1857252.308665888
2021-02-11 08:00:19.290,1,0.7931275964452408,937.3442038902936,0.0,,1858236.023170353
2021-02-11 08:00:19.300,1,0.818723599416884,942.793549976372,0.0,,1870123.3297756165
2021-02-11 08:00:19.310,1,0.8713418428337278,938.5913193670644,0.0,,1860957.4628790473
2021-02-11 08:00:19.320,1,0.930895840038246,936.7830105491252,0.0,,1857021.9144160133
2021-02-11 08:00:19.330,1,0.9204852879464356,937.768288396271,0.0,,1859166.104863525
2021-02-11 08:00:19.340,1,0.6671424702157582,941.5623910235804,0.0,,1867426.4919148544
2021-02-11 08:00:19.350,1,0.8119904847198348,936.4939103902356,0.0,,1856383.3970928986
2021-02-11 08:00:19.360,1,0.8910886140305148,933.7782197280228,0.0,,1850464.846174159
2021-02-11 08:00:19.370,1,0.8036654864136906,931.5713187578745,0.0,,1845648.4512694285
2021-02-11 08:00:19.380,1,0.8427428716880401,935.5824371742052,0.0,,1854396.8324011648
2021-02-11 08:00:19.390,1,0.8700966499044517,933.7753018451484,0.0,,1850461.4237745912
2021-02-11 08:00:19.400,1,0.9200396107487336,936.9519029421136,0.0,,1857386.2286659123
2021-02-11 08:00:19.410,1,0.7466477294601596,921.8650079045616,0.0,,1824509.4871092509
2021-02-11 08:00:19.420,1,0.74163808648902,929.5321451102444,0.0,,1841203.9343690893
2021-02-11 08:00:19.430,1,0.7189830876837553,916.2034830755136,0.0,,1812183.79020743
2021-02-11 08:00:19.440,1,0.9185273894310092,923.3550630812358,0.0,,1827761.1540912113
2021-02-11 08:00:19.450,1,0.8037266656387998,932.0124012105396,0.0,,1846613.0181630424
2021-02-11 08:00:19.460,1,0.7666106125657809,938.5693048847974,0.0,,1860906.8474605267
2021-02-11 08:00:19.470,1,0.909629997159486,929.3748041424124,0.0,,1840866.9998560587
2021-02-11 08:00:19.480,1,0.6782616260406085,928.12647003867,0.0,,1838138.4234280547
2021-02-11 08:00:19.490,1,0.7948541176133871,925.2226333851204,0.0,,1831818.825027422
2021-02-11 08:00:19.500,1,0.668533481557028,924.7325222203776,0.0,,1830746.5728610354
2021-02-11 08:00:19.510,1,0.7383287646128944,928.869954244975,0.0,,1839761.090172368
2021-02-11 08:00:19.520,1,0.6920848126784716,928.8620267915566,0.0,,1839744.013443316
2021-02-11 08:00:19.530,1,0.9869791704346178,932.6133994341968,0.0,,1847930.8413593713
2021-02-11 08:00:19.540,1,0.7062052298916155,928.148171665334,0.0,,1838186.7145833005
2021-02-11 08:00:19.550,1,0.8516274605364899,925.5707876577684,0.0,,1832582.5623766885
2021-02-11 08:00:19.560,1,0.9086169388133118,922.7568871118308,0.0,,1826456.2097366543
2021-02-11 08:00:19.570,1,0.6932093116679359,930.744033331038,0.0,,1843837.8053788198
2021-02-11 08:00:19.580,1,0.8776690623237414,921.2296608360436,0.0,,1823131.609315042
2021-02-11 08:00:19.590,1,0.8089268415202072,928.365110117689,0.0,,1838666.8444184342
2021-02-11 08:00:19.600,1,0.967050917692088,922.8191845513722,0.0,,1826595.1687761918
2021-02-11 08:00:19.610,1,0.8750369449455744,930.8421616769724,0.0,,1844063.6641477996
2021-02-11 08:00:19.620,1,0.9265922358867992,931.2205087001564,0.0,,1844894.4429588045
2021-02-11 08:00:19.630,1,0.7115332763493436,939.5040300410868,0.0,,1862940.8895508458
2021-02-11 08:00:19.640,1,0.7470700338707583,929.5085140092124,0.0,,1841154.0126674823
2021-02-11 08:00:19.650,1,0.7016550795089271,931.6519789796864,0.0,,1845821.8645591794
2021-02-11 08:00:19.660,1,0.8896053261469692,930.1077330024364,0.0,,1842462.698216521
2021-02-11 08:00:19.670,1,0.6882331938229725,927.7956429960728,0.0,,1837415.2878493632
2021-02-11 08:00:19.680,1,0.9135213729274462,936.1360374596876,0.0,,1855606.1545753442
2021-02-11 08:00:19.690,1,0.9513002789817864,945.5379831806632,0.0,,1876116.8778054896
2021-02-11 08:00:19.700,1,0.9006752606681004,931.6343853939896,0.0,,1845794.8077981453
2021-02-11 08:00:19.710,1,0.7859151163060891,933.8710123644132,0.0,,1850658.8512953355
2021-02-11 08:00:19.720,1,0.8551648403527347,927.7567329228616,0.0,,1837340.0671461807
2021-02-11 08:00:19.730,1,0.7998992280023062,930.5665340595148,0.0,,1843462.5952945203
2021-02-11 08:00:19.740,1,0.6337227672524655,925.0787780330486,0.0,,1831494.020937204
2021-02-11 08:00:19.750,1,0.7316457554030901,935.1761109461668,0.0,,1853505.0849418975
2021-02-11 08:00:19.760,1,0.6756699775008566,934.294203587655,0.0,,1851582.2703424403
2021-02-11 08:00:19.770,1,0.7400718594498875,938.2221609696604,0.0,,1860148.8694777335
2021-02-11 08:00:19.780,1,0.6745302309885504,936.407975373348,0.0,,1856187.0896846356
2021-02-11 08:00:19.790,1,0.8381107245585269,933.9262620569976,0.0,,1850785.340139368
2021-02-11 08:00:19.800,1,0.8755740183869741,941.2345599546304,0.0,,1866719.392768239
2021-02-11 08:00:19.810,1,0.9002628701917637,949.3443517864292,0.0,,1884421.4285299492
2021-02-11 08:00:19.820,1,0.8168647044433488,944.0291498577426,0.0,,1872820.772293817
2021-02-11 08:00:19.830,1,0.8445867519002574,940.053628160257,0.0,,1864147.3019262508
2021-02-11 08:00:19.840,1,0.8461718254092787,935.090974479546,0.0,,1853323.9289091467
2021-02-11 08:00:19.850,1,0.7946139853908719,942.1761277536716,0.0,,1868773.0868595026
2021-02-11 08:00:19.860,1,0.5979184457025514,942.5060019110005,0.0,,1869483.3641555486
2021-02-11 08:00:19.870,1,0.8411743935461419,942.3606860583104,0.0,,1869179.727112385
2021-02-11 08:00:19.880,1,0.659038725437436,941.5819673822614,0.0,,1867467.774748809
2021-02-11 08:00:19.890,1,0.7764358116212087,949.5614348260124,0.0,,1884889.036685974
2021-02-11 08:00:19.900,1,0.8514744149362458,951.6521068295064,0.0,,1889456.683652166
2021-02-11 08:00:19.910,1,0.7793684298038346,947.577279625438,0.0,,1880558.9605592121
2021-02-11 08:00:19.920,1,0.7952406862449931,943.8024179913848,0.0,,1872321.4302983643
2021-02-11 08:00:19.930,1,0.6814956436700766,940.2826237566528,0.0,,1864638.7180227602
2021-02-11 08:00:19.940,1,0.7865339561142847,947.789782049064,0.0,,1881021.9519297064
2021-02-11 08:00:19.950,1,0.6865286946710498,954.3151130908184,0.0,,1895273.245389589
2021-02-11 08:00:19.960,1,0.5668098841633084,942.392169739856,0.0,,1869235.0615351324
2021-02-11 08:00:19.970,1,0.7667291831328114,954.7775399264063,0.0,,1896284.2164131505
2021-02-11 08:00:19.980,1,0.6939183282747988,937.0925980872964,0.0,,1857679.3757982228
2021-02-11 08:00:19.990,1,0.5446816822015795,950.986129828202,0.0,,1887993.7778042303
2021-02-11 08:00:20.000,0,0.7869387934539537,946.584159564352,0.0,,1878396.279642473
2021-02-11 08:00:20.010,0,0.6983565182593513,945.1811990089012,0.0,,1875329.163568608
2021-02-11 08:00:20.020,0,0.7833069727004359,940.8333910700592,0.0,,1865844.3662516633
2021-02-11 08:00:20.030,0,0.7043274209945379,951.2171866986652,0.0,,1888504.4564666927
2021-02-11 08:00:20.040,0,0.7433572067597333,949.2717492422844,0.0,,1884258.2575935258
2021-02-11 08:00:20.050,0,0.5693445727309663,947.9552704664228,0.0,,1881375.9235774502
2021-02-11 08:00:20.060,0,0.7289372542464158,950.788384333831,0.0,,1887569.4669404516
2021-02-11 08:00:20.070,0,0.6616220636040067,949.188454336851,0.0,,1884071.5740958862
2021-02-11 08:00:20.080,0,0.7755715399364622,950.7575883766976,0.0,,1887503.7907662839
2021-02-11 08:00:20.090,0,0.5426523215649868,945.1609750613628,0.0,,1875273.1616933744
2021-02-11 08:00:20.100,0,0.7624182344688197,928.221978290312,0.0,,1838349.0901161535
2021-02-11 08:00:20.110,0,0.7196574169871607,901.2564243635564,0.0,,1779689.5575876003
2021-02-11 08:00:20.120,0,0.6853973224148221,877.6608819518015,0.0,,1728506.3135260192
2021-02-11 08:00:20.130,0,0.5749355167760705,857.7747034426137,0.0,,1685467.3710900778
2021-02-11 08:00:20.140,0,0.643357591328636,817.1551992840233,0.0,,1597888.040832433
2021-02-11 08:00:20.150,0,0.5259954616565706,781.0896227367748,0.0,,1520483.1904549026
2021-02-11 08:00:20.160,0,0.4929611981612776,733.837142866992,0.0,,1419613.0253852743
2021-02-11 08:00:20.170,0,0.58241548257117,700.8194122485794,0.0,,1349520.3194560227
2021-02-11 08:00:20.180,0,0.4920502368655866,646.8735477815451,0.0,,1235701.7206274027
2021-02-11 08:00:20.190,0,0.3892015581841464,601.9842220446185,0.0,,1141708.8348515802
2021-02-11 08:00:20.200,0,0.3737520950689551,561.0248426581063,0.0,,1056560.0656837153
2021-02-11 08:00:20.210,0,0.3335197292324333,521.1164787428079,0.0,,974181.7774804161
2021-02-11 08:00:20.220,0,0.3156951454904601,472.5238444328405,0.0,,874742.0279194758
2021-02-11 08:00:20.230,0,0.2958543073466397,431.28650974656335,0.0,,791144.978112481
2021-02-11 08:00:20.240,0,0.247505681872526,393.2709390466498,0.0,,714783.2631490087
2021-02-11 08:00:20.250,0,0.252310537988421,351.4885910852214,0.0,,631710.0223785808
2021-02-11 08:00:20.260,0,0.2240335461716557,317.63640077390926,1.0,,565114.2303987357
2021-02-11 08:00:20.270,0,0.2039396175385948,281.3593799792271,1.0,,494543.8729279631
2021-02-11 08:00:20.280,0,0.1629990833297083,248.30723810528187,1.0,,431033.988100664
2021-02-11 08:00:20.290,0,0.1826694761546908,220.0085745520421,1.0,,377315.86293796735
2021-02-11 08:00:20.300,0,0.125415751214909,188.3887136473081,1.0,,318111.55755398225
2021-02-11 08:00:20.310,0,0.1343667034537162,160.79187280993338,1.0,,267252.0139527794
2021-02-11 08:00:20.320,0,0.1090794909503186,135.9582544274855,1.0,,222217.46726966242
2021-02-11 08:00:20.330,0,0.082226235213649,114.3135603894146,2.0,,183627.9538610182
2021-02-11 08:00:20.340,0,0.0731429296980006,91.92845249164051,2.0,,144490.94598582303
2021-02-11 08:00:20.350,0,0.05136465166968,72.40403013894769,2.0,,111120.5201570384
2021-02-11 08:00:20.360,0,0.0387372105189523,55.51835871705075,2.0,,82975.7330927183
2021-02-11 08:00:20.370,0,0.0262832039458726,40.24725169425813,2.0,,58249.49706394128
2021-02-11 08:00:20.380,0,0.0280172101165003,26.20621548482205,2.0,,36337.92765350654
2021-02-11 08:00:20.390,0,0.0040223924846547,14.08236576125694,2.0,,18355.106824274128
2021-02-11 08:00:20.400,0,0.0107801543989345,3.2287793499616986,2.0,,3643.339529190597
2021-02-11 08:00:20.410,0,0.0010632540016764,0.0,2.0,,12.977016592574062
2021-02-11 08:00:20.420,0,-0.0049800780888043,0.0,2.0,,7.865175320984074
2021-02-11 08:00:20.430,0,-0.0194401722225771,0.0,2.0,,11.94608836301861
2021-02-11 08:00:20.440,0,-0.0245217774146362,0.0,2.0,,11.455960480230157
2021-02-11 08:00:20.450,0,-0.0299020822728297,0.0,2.0,,11.61180914139264
2021-02-11 08:00:20.460,0,-0.0407105887104687,0.0,2.0,,7.124340722474258
2021-02-11 08:00:20.470,0,-0.0306375048330129,0.0,2.0,,6.723058783478496
2021-02-11 08:00:20.480,0,-0.0337612650721562,0.0,2.0,,14.629673887048318
2021-02-11 08:00:20.490,0,-0.0404673878553414,0.0,2.0,,10.304974170919726
2021-02-11 08:00:20.500,0,-0.0302397469838921,0.0,2.0,,8.312719861636811
2021-02-11 08:00:20.510,0,-0.0301245276965562,0.0,2.0,,9.498385629867185
2021-02-11 08:00:20.520,0,-0.0436884068014804,0.0,2.0,,10.06595896425414
2021-02-11 08:00:20.530,0,-0.0310191697066159,0.0,2.0,,14.267698477342186
2021-02-11 08:00:20.540,0,-0.0415448746123158,0.0,2.0,,9.267253874369915
2021-02-11 08:00:20.550,0,-0.035789329564786,0.0,2.0,,9.9372741850722
2021-02-11 08:00:20.560,0,-0.0270977254550261,0.0,2.0,,12.063252235406566
2021-02-11 08:00:20.570,0,-0.0432299048195399,0.0,2.0,,10.570551990114895
2021-02-11 08:00:20.580,0,-0.0321017151345908,0.0,2.0,,11.413014032693946
2021-02-11 08:00:20.590,0,-0.0314407805636034,0.0,2.0,,7.378505590102796
2021-02-11 08:00:20.600,0,-0.0214277219892528,0.0,2.0,,10.164425623864645
2021-02-11 08:00:20.610,0,-0.0380406113514172,0.0,2.0,,8.023983789685031
2021-02-11 08:00:20.620,0,-0.0236398955915999,0.0,2.0,,10.532007711160087
2021-02-11 08:00:20.630,0,-0.028585804338383,0.0,2.0,,15.603636707993001
2021-02-11 08:00:20.640,0,-0.0239103713354624,0.0,2.0,,10.622008467718567
2021-02-11 08:00:20.650,0,-0.0297989526033558,0.0,2.0,,12.76568414510924
2021-02-11 08:00:20.660,0,-0.023180222874159,0.0,2.0,,11.50350149243212
2021-02-11 08:00:20.670,0,-0.0206982203330205,0.0,2.0,,6.450902561718522
2021-02-11 08:00:20.680,0,-0.016832655623827,0.0,2.0,,8.211924621340152
2021-02-11 08:00:20.690,0,-0.0136089884157004,0.0,2.0,,10.006084473550352
2021-02-11 08:00:20.700,0,-0.0108188624834311,0.0,2.0,,11.032806039185097
2021-02-11 08:00:20.710,0,-0.0155999848690609,0.0,2.0,,6.20460657406373
2021-02-11 08:00:20.720,0,-0.0106444336996645,0.0,2.0,,10.811290074325184
2021-02-11 08:00:20.730,0,-0.0092587853444175,0.0,2.0,,9.171213301351033
2021-02-11 08:00:20.740,0,-0.0066246648294904,0.0,2.0,,9.776502720093616
2021-02-11 08:00:20.750,0,-0.0034421799736209,0.0,2.0,,9.140191942869711
2021-02-11 08:00:20.760,0,-0.0079278318630129,0.0,2.0,,10.256927348143616
2021-02-11 08:00:20.770,0,0.0050888981358653,0.0,2.0,,9.175413629749888
2021-02-11 08:00:20.780,0,-0.0010075534418892,0.0,2.0,,7.765009470695642
2021-02-11 08:00:20.790,0,-0.0038104003928355,0.0,2.0,,11.490793781655585
2021-02-11 08:00:20.800,0,0.0001452441415202,0.0,2.0,,9.181163981687043
2021-02-11 08:00:20.810,0,0.0002134080052223,0.0,2.0,,10.194846947097185
2021-02-11 08:00:20.820,0,-0.00501367297383,0.0,2.0,,12.405454345963737
2021-02-11 08:00:20.830,0,-0.0046649981459057,0.0,2.0,,11.011553951700881
2021-02-11 08:00:20.840,0,0.0060414148293963,0.1643021995760623,2.0,,148.53063177522037
2021-02-11 08:00:20.850,0,-0.0001488814145059,0.5438591411000476,2.0,,521.6923476024871
2021-02-11 08:00:20.860,0,0.0042609973058971,0.8772400503111086,2.0,,874.8489387529216
2021-02-11 08:00:20.870,0,0.0063395655065615,1.1555083499167542,2.0,,1185.2506459571498
2021-02-11 08:00:20.880,0,0.0013178329401667,1.370475962420449,2.0,,1424.3334222632384
2021-02-11 08:00:20.890,0,0.0075613485327957,1.5678975885492226,2.0,,1650.6841916266987
2021-02-11 08:00:20.900,0,0.0061795003701376,1.7163606948757748,2.0,,1822.9902908914748
2021-02-11 08:00:20.910,0,0.0040656949628392,1.8176362455912272,2.0,,1940.074859347531
2021-02-11 08:00:20.920,0,0.0033647286450046,1.893645097453864,2.0,,2024.0764840825555
2021-02-11 08:00:20.930,0,-0.0013100504289597,1.9537230583950047,2.0,,2097.984840362792
2021-02-11 08:00:20.940,0,0.0029110060312159,1.9853258428414464,2.0,,2136.4687595641417
2021-02-11 08:00:20.950,0,0.0018924789559768,1.9556537395358573,2.0,,2099.0583621640635
2021-02-11 08:00:20.960,0,-0.0013189024384306,1.948303723166958,2.0,,2093.3191872949524
2021-02-11 08:00:20.970,0,0.0047146172823095,1.9204176254877217,2.0,,2062.3363460127994
2021-02-11 08:00:20.980,0,0.0010602989548345,1.8823307680123649,2.0,,2014.9542173865996
2021-02-11 08:00:20.990,0,-0.005826806534917,1.811284687148816,2.0,,1932.8573288273385
2021-02-11 08:00:21.000,1,0.0035023223361203,1.7585423053375877,2.0,,1871.7629975403618
2021-02-11 08:00:21.010,1,0.0024472886482838,1.6655896838650806,2.0,,1762.599069722896
2021-02-11 08:00:21.020,1,-0.0008327341021361,1.5865143921276608,2.0,,1670.3395975946958
2021-02-11 08:00:21.030,1,0.0010556088612039,1.507266919621211,2.0,,1579.8951817261795
2021-02-11 08:00:21.040,1,0.0029197243676063,1.4001001175300831,2.0,,1460.3766736498635
2021-02-11 08:00:21.050,1,0.0042146291784848,1.293450825893404,2.0,,1338.5243129108865
2021-02-11 08:00:21.060,1,0.0001490531423445,1.2269162311028436,2.0,,1261.797817543375
2021-02-11 08:00:21.070,1,0.0005201974142931,1.123265138159821,2.0,,1147.4025641084181
2021-02-11 08:00:21.080,1,0.0045034725563305,1.0491122351388151,2.0,,1064.3297952646421
2021-02-11 08:00:21.090,1,0.0052825345243917,3.2329589632276106,2.0,,3647.092810368136
2021-02-11 08:00:21.100,1,0.0072019937344222,9.637102512269438,2.0,,12096.290245441238
2021-02-11 08:00:21.110,1,0.0119332962900752,19.437852100677084,2.0,,26162.428975702584
2021-02-11 08:00:21.120,1,0.0261547231085293,32.49889796214861,2.0,,46044.05450228148
2021-02-11 08:00:21.130,1,0.0365257101702841,47.36725353626999,2.0,,69675.70803839552
2021-02-11 08:00:21.140,1,0.061814569252162,64.7934991797387,2.0,,98344.61444690039
2021-02-11 08:00:21.150,1,0.0761857397373914,84.23739102500403,2.0,,131252.21280657605
2021-02-11 08:00:21.160,1,0.0780690252025362,103.44925302978729,2.0,,164527.5109071055
2021-02-11 08:00:21.170,1,0.0898552603016989,126.326352039252,1.0,,204962.5230407273
2021-02-11 08:00:21.180,1,0.1202479995321404,150.6248905043295,1.0,,248718.49800637414
2021-02-11 08:00:21.190,1,0.145089612207509,180.32442680350744,1.0,,303169.58849101915
2021-02-11 08:00:21.200,1,0.1602343897816165,209.37828906037308,1.0,,357314.37505853275
2021-02-11 08:00:21.210,1,0.2061077563481191,240.3467586412167,1.0,,415853.5321953043
2021-02-11 08:00:21.220,1,0.1761999942365289,269.2772274197162,1.0,,471232.72367319965
2021-02-11 08:00:21.230,1,0.264900904841479,302.8008395919692,0.0,,536151.9522396293
2021-02-11 08:00:21.240,1,0.2149042454370961,337.60461295994634,0.0,,604313.9272107023
2021-02-11 08:00:21.250,1,0.3179925429719161,369.4507716855162,0.0,,667312.4766718813
2021-02-11 08:00:21.260,1,0.3656878391571995,407.8724806132694,0.0,,744034.8189978577
2021-02-11 08:00:21.270,1,0.3775877745163048,438.65004066560135,0.0,,806021.4716814031
2021-02-11 08:00:21.280,1,0.3662201724522368,480.07190727385046,0.0,,890125.2324203352
2021-02-11 08:00:21.290,1,0.3439939196591126,512.7769604190534,0.0,,957049.4641113477
2021-02-11 08:00:21.300,1,0.3660583831714084,544.5054761231778,0.0,,1022384.3134321603
2021-02-11 08:00:21.310,1,0.5183375486567477,583.826060675641,0.0,,1103891.3111044816
2021-02-11 08:00:21.320,1,0.4501587925798629,613.6235804173796,0.0,,1166018.6778375893
2021-02-11 08:00:21.330,1,0.3962611985271587,645.4252776588345,0.0,,1232653.2718904836
2021-02-11 08:00:21.340,1,0.5932498262558931,675.6773691485593,0.0,,1296365.005999858
2021-02-11 08:00:21.350,1,0.638978836599566,701.282521074961,0.0,,1350504.7737017437
2021-02-11 08:00:21.360,1,0.6533626302182873,726.6196657429973,0.0,,1404269.8294597086
2021-02-11 08:00:21.370,1,0.4584721199035683,757.9711729767827,0.0,,1471050.7670600284
2021-02-11 08:00:21.380,1,0.5650250719018565,778.051272079328,0.0,,1513977.8765682338
2021-02-11 08:00:21.390,1,0.4914912867304262,801.4483862727319,0.0,,1564129.0034863728
2021-02-11 08:00:21.400,1,0.6562177436019124,822.0082594866931,0.0,,1608333.3559254985
2021-02-11 08:00:21.410,1,0.6078960347551269,841.9460665573916,0.0,,1651287.7328046067
2021-02-11 08:00:21.420,1,0.7515229246578272,859.1031429924429,0.0,,1688348.7303388678
2021-02-11 08:00:21.430,1,0.6608821858253044,870.3107326925818,0.0,,1712585.376755248
2021-02-11 08:00:21.440,1,0.5552452850243014,888.0754777454716,0.0,,1751072.6825415483
2021-02-11 08:00:21.450,1,0.5247546849630025,897.5239859472576,0.0,,1771573.1809518593
2021-02-11 08:00:21.460,1,0.6318619508038078,909.1118435293752,0.0,,1796759.846253873
2021-02-11 08:00:21.470,1,0.5382006172784494,920.3651371487877,0.0,,1821231.412089533
2021-02-11 08:00:21.480,1,0.7680381317986785,924.5178954927082,0.0,,1830284.7573411274
2021-02-11 08:00:21.490,1,0.5579039265329804,943.5734468676944,0.0,,1871811.3827280565
2021-02-11 08:00:21.500,1,0.7878813088501601,941.4217444210134,0.0,,1867128.2463726979
2021-02-11 08:00:21.510,1,0.6597199330834416,946.8043419271816,0.0,,1878865.1013884249
2021-02-11 08:00:21.520,1,0.7929814360658635,945.4523947661796,0.0,,1875923.325359122
2021-02-11 08:00:21.530,1,0.70200697187626,958.7507626713572,0.0,,1904964.5560106314
2021-02-11 08:00:21.540,1,0.7272921348333168,956.4828807410548,0.0,,1900011.1531111484
2021-02-11 08:00:21.550,1,0.7208336311555187,954.5125901557756,0.0,,1895703.6095520328
2021-02-11 08:00:21.560,1,0.5710778450145932,959.2574628416768,0.0,,1906062.9370439276
2021-02-11 08:00:21.570,1,0.7518469045202709,962.1392650187736,0.0,,1912373.5188782003
2021-02-11 08:00:21.580,1,0.8428389363165286,971.08948182651,0.0,,1931955.6979276573
2021-02-11 08:00:21.590,1,0.7896929879944028,961.8537035639134,0.0,,1911749.406908777
2021-02-11 08:00:21.600,1,0.7522153247162491,963.1128312095232,0.0,,1914498.8265474334
2021-02-11 08:00:21.610,1,0.604409344059448,958.371004620412,0.0,,1904128.9420778973
2021-02-11 08:00:21.620,1,0.7443328615709145,959.8112855555069,0.0,,1907285.3686480694
2021-02-11 08:00:21.630,1,0.6955615435546142,954.6275027168386,0.0,,1895951.0611038967
2021-02-11 08:00:21.640,1,0.8658718297933593,958.5485297692692,0.0,,1904529.2809659685
2021-02-11 08:00:21.650,1,0.586185474048745,957.0933487998268,0.0,,1901332.853132357
2021-02-11 08:00:21.660,1,0.6933672697327546,949.4159139026472,0.0,,1884572.8660028626
2021-02-11 08:00:21.670,1,0.6169263954676762,949.0123749455196,0.0,,1883685.1923852265
2021-02-11 08:00:21.680,1,0.7190033046482954,950.370752867659,0.0,,1886655.1324449724
2021-02-11 08:00:21.690,1,0.8582511642442392,961.6387507107164,0.0,,1911287.2182103035
2021-02-11 08:00:21.700,1,0.8000095615393951,944.7881984835308,0.0,,1874471.900018016
2021-02-11 08:00:21.710,1,0.7951409730571118,936.0166584928146,0.0,,1855341.9625967424
2021-02-11 08:00:21.720,1,0.6655186069386952,951.8457122795752,0.0,,1889876.6047274743
2021-02-11 08:00:21.730,1,0.8354556905209196,945.6035640232104,0.0,,1876255.6961777369
2021-02-11 08:00:21.740,1,0.6689491907713727,937.0959240534328,0.0,,1857688.5614302997
2021-02-11 08:00:21.750,1,0.701114088387495,939.2694310479844,0.0,,1862429.808872038
2021-02-11 08:00:21.760,1,0.8053961241990059,933.822716892032,0.0,,1850555.9846166966
2021-02-11 08:00:21.770,1,0.8978180116775296,934.2719867857012,0.0,,1851541.8967219281
2021-02-11 08:00:21.780,1,0.6761767174076848,943.2897737794104,0.0,,1871198.2546429024
2021-02-11 08:00:21.790,1,0.8847628463136821,937.5826090765062,0.0,,1858759.1903478706
2021-02-11 08:00:21.800,1,0.6699423951389987,933.2405708375494,0.0,,1849282.5857258125
2021-02-11 08:00:21.810,1,0.7949190866927227,931.558715494312,0.0,,1845620.5867023326
2021-02-11 08:00:21.820,1,0.9059105012644164,940.2371278353708,0.0,,1864554.0175889465
2021-02-11 08:00:21.830,1,0.8526246531793656,931.6375102601684,0.0,,1845797.8610111258
2021-02-11 08:00:21.840,1,0.7053877896668639,927.7673479650396,0.0,,1837357.800063597
2021-02-11 08:00:21.850,1,0.6398733453380732,944.5603253399534,0.0,,1873971.1693642247
2021-02-11 08:00:21.860,1,0.7646721926478983,927.2756376922508,0.0,,1836285.8668956212
2021-02-11 08:00:21.870,1,0.8152479449003249,929.4174607051632,0.0,,1840956.2343308418
2021-02-11 08:00:21.880,1,0.878306530268956,931.8559663987136,0.0,,1846275.7608928422
2021-02-11 08:00:21.890,1,0.6991207719648025,933.8136345778536,0.0,,1850532.8837396894
2021-02-11 08:00:21.900,1,0.9554006349181826,930.4648884111872,0.0,,1843246.9553132667
2021-02-11 08:00:21.910,1,0.978725007737655,934.907688196688,0.0,,1852931.0283948127
2021-02-11 08:00:21.920,1,0.7660773669447206,936.3125783499964,0.0,,1855985.7403812697
2021-02-11 08:00:21.930,1,0.7852891792332721,938.4641716991008,0.0,,1860676.851957957
2021-02-11 08:00:21.940,1,0.7340071991130941,928.8881902145764,0.0,,1839802.3513370682
2021-02-11 08:00:21.950,1,0.7310614746815632,936.5013857519654,0.0,,1856392.4167406126
2021-02-11 08:00:21.960,1,0.758250760342972,932.0026941181832,0.0,,1846588.1624284093
2021-02-11 08:00:21.970,1,0.8652545240736632,931.9539360091164,0.0,,1846486.4437721837
2021-02-11 08:00:21.980,1,1.0101261046948755,928.7625588686244,0.0,,1839541.147840125
2021-02-11 08:00:21.990,1,0.9547801883914432,938.1597758831248,0.0,,1860021.3590226779
2021-02-11 08:00:22.000,1,0.6908387919281259,933.784879127223,0.0,,1850468.2931733348
2021-02-11 08:00:22.010,1,0.8862074664004649,941.428479388306,0.0,,1867150.3472066347
2021-02-11 08:00:22.020,1,0.7619600298455605,929.2850841297212,0.0,,1840666.9920528033
2021-02-11 08:00:22.030,1,0.962498812657334,936.4080255542552,0.0,,1856201.9685809587
2021-02-11 08:00:22.040,1,1.0315919905629567,934.171415715551,0.0,,1851328.8137156896
2021-02-11 08:00:22.050,1,0.9118412530044302,939.3295168074584,0.0,,1862569.6730220548
2021-02-11 08:00:22.060,1,0.9809005910313666,938.6908693852724,0.0,,1861183.8974038418
2021-02-11 08:00:22.070,1,0.7051859822132063,943.8116702338672,0.0,,1872340.5928010347
2021-02-11 08:00:22.080,1,0.9255792607769096,941.9210335190544,0.0,,1868225.8067884175
2021-02-11 08:00:22.090,1,1.0207811736418626,947.4553059828548,0.0,,1880304.683374374
2021-02-11 08:00:22.100,1,0.7362392267470496,944.2518244229268,0.0,,1873299.0129257506
2021-02-11 08:00:22.110,1,0.997549591121848,939.5920011609796,0.0,,1863150.2815903432
2021-02-11 08:00:22.120,1,0.8617915171325682,937.018795084975,0.0,,1857531.7073204461
2021-02-11 08:00:22.130,1,0.8230395929578272,950.6625153869368,0.0,,1887301.0377599723
2021-02-11 08:00:22.140,1,0.76858064118915,948.4374028573396,0.0,,1882440.9135781869
2021-02-11 08:00:22.150,1,0.9796374969438606,951.2461789034083,0.0,,1888583.0069517416
2021-02-11 08:00:22.160,1,0.78710340832567,946.1310110523264,0.0,,1877403.891530251
2021-02-11 08:00:22.170,1,1.0122750288623468,942.9473562895604,0.0,,1870467.841024361
2021-02-11 08:00:22.180,1,0.7080345215983451,946.2702629459976,0.0,,1877704.9705697924
2021-02-11 08:00:22.190,1,0.7905589841993836,942.053833330035,0.0,,1868507.6693749097
2021-02-11 08:00:22.200,1,0.9308404336312668,949.4772379838652,0.0,,1884713.6548327405
2021-02-11 08:00:22.210,1,1.0109697801762711,947.3214405230063,0.0,,1880015.217748355
2021-02-11 08:00:22.220,1,0.851324288858668,950.6370394331208,0.0,,1887243.6370504803
2021-02-11 08:00:22.230,1,1.0120614326388493,953.6546022334128,0.0,,1893846.0481700364
2021-02-11 08:00:22.240,1,0.9566258047890868,942.1585691793508,0.0,,1868742.3082478663
2021-02-11 08:00:22.250,1,0.8457777111983067,941.4864923322192,0.0,,1867271.4506073159
2021-02-11 08:00:22.260,1,0.9981937811465782,943.1006931343494,0.0,,1870801.8510866102
2021-02-11 08:00:22.270,1,0.8458136179889747,960.0501838950864,0.0,,1907810.089581865
2021-02-11 08:00:22.280,1,1.00901952392632,956.4609820905672,0.0,,1899972.0915115238
2021-02-11 08:00:22.290,1,0.7097027529923767,951.9576233391764,0.0,,1890119.6993557606
2021-02-11 08:00:22.300,1,0.9185658503406654,950.5397469318216,0.0,,1887034.6314355652
2021-02-11 08:00:22.310,1,0.9139352887666676,954.4193567481916,0.0,,1895509.8012810699
2021-02-11 08:00:22.320,1,0.8642021003236384,954.75678962836,0.0,,1896245.5354575776
2021-02-11 08:00:22.330,1,0.9049389945627132,953.6794955942424,0.0,,1893891.6868407247
2021-02-11 08:00:22.340,1,0.9864444014866464,948.458563372524,0.0,,1882494.848783954
2021-02-11 08:00:22.350,1,0.8189637045277265,960.7952350748436,0.0,,1909437.7214783311
2021-02-11 08:00:22.360,1,0.849340762707912,938.3378811481924,0.0,,1860401.6968122963
2021-02-11 08:00:22.370,1,0.7910293762739589,950.3025695198623,0.0,,1886506.3322652876
2021-02-11 08:00:22.380,1,0.6791325950173689,951.7460619222618,0.0,,1889659.7898433446
2021-02-11 08:00:22.390,1,0.724031245756101,954.1339286431372,0.0,,1894875.8794575278
2021-02-11 08:00:22.400,1,0.8640554087384744,944.3121405733324,0.0,,1873436.4015960582
2021-02-11 08:00:22.410,1,0.7944631489518669,945.9149217150904,0.0,,1876936.2320197795
2021-02-11 08:00:22.420,1,0.6686569589069308,957.1870692172844,0.0,,1901543.385935305
2021-02-11 08:00:22.430,1,0.7481811574368314,954.9046786024016,0.0,,1896562.5619249332
2021-02-11 08:00:22.440,1,0.6931338492750221,948.359261540648,0.0,,1882267.5332583534
2021-02-11 08:00:22.450,1,0.8062432296248445,943.803265532946,0.0,,1872330.6970766804
2021-02-11 08:00:22.460,1,0.6458475936762874,943.3977777522302,0.0,,1871429.7690956309
2021-02-11 08:00:22.470,1,0.7614775792662241,957.8444357350048,0.0,,1902984.6274178978
2021-02-11 08:00:22.480,1,0.8416994557884283,952.63329699287,0.0,,1891608.3332593406
2021-02-11 08:00:22.490,1,0.9244439445121988,952.7146102854238,0.0,,1891782.6968283337
2021-02-11 08:00:22.500,1,0.8930051570302596,953.8062566708256,0.0,,1894169.691205048
2021-02-11 08:00:22.510,1,0.8012354098503832,941.4736736007036,0.0,,1867242.9154067833
2021-02-11 08:00:22.520,1,0.7164617045776718,946.334105701626,0.0,,1877844.070250916
2021-02-11 08:00:22.530,1,0.6139541265255863,955.509019160907,0.0,,1897875.3927833384
2021-02-11 08:00:22.540,1,0.8572181553351784,950.6515909128524,0.0,,1887275.6412751975
2021-02-11 08:00:22.550,1,0.8227427591269331,952.570481304949,0.0,,1891467.7945712076
2021-02-11 08:00:22.560,1,0.8873458471734944,944.3553053257344,0.0,,1873533.6167724924
2021-02-11 08:00:22.570,1,0.8062567048453556,944.9137524419943,0.0,,1874750.3315255041
2021-02-11 08:00:22.580,1,0.8990282053106862,953.7605377670618,0.0,,1894070.8524025155
2021-02-11 08:00:22.590,1,0.7539040040934908,947.9884666028788,0.0,,1881457.0972615064
2021-02-11 08:00:22.600,1,0.6923441800848039,945.7405204005082,0.0,,1876545.7865512318
2021-02-11 08:00:22.610,1,0.5974880588630392,946.4635656271612,0.0,,1878118.4855689288
2021-02-11 08:00:22.620,1,0.5975788118876725,943.032614260031,0.0,,1870635.799673646
2021-02-11 08:00:22.630,1,0.8217510730358334,942.6030164617704,0.0,,1869706.9144746554
2021-02-11 08:00:22.640,1,0.6871418287406066,937.9163097838756,0.0,,1859477.3249378724
2021-02-11 08:00:22.650,1,0.7001445323621027,940.8510614635204,0.0,,1865878.816090995
2021-02-11 08:00:22.660,1,0.8039426121608072,941.1122575594284,0.0,,1866452.9132498223
2021-02-11 08:00:22.670,1,0.8621486952574947,935.658566996464,0.0,,1854564.89483772
2021-02-11 08:00:22.680,1,0.7054953847279646,937.3843660076672,0.0,,1858318.9368325
2021-02-11 08:00:22.690,1,0.7732710276011562,934.6848236545312,0.0,,1852432.9533240818
2021-02-11 08:00:22.700,1,0.619575161807053,944.6497134935285,0.0,,1874160.0644719715
2021-02-11 08:00:22.710,1,0.6099190273811086,936.105452147876,0.0,,1855521.4603019883
2021-02-11 08:00:22.720,1,0.8677296629474308,936.7069917515772,0.0,,1856846.3394038691
2021-02-11 08:00:22.730,1,0.6792901614693629,930.3979504092664,0.0,,1843086.5085494898
2021-02-11 08:00:22.740,1,0.6872632204600397,929.3582527383224,0.0,,1840823.6477992653
2021-02-11 08:00:22.750,1,0.6173300313187194,931.6425082113668,0.0,,1845796.6018623656
2021-02-11 08:00:22.760,1,0.7384908028492783,935.172893360704,0.0,,1853497.874522732
2021-02-11 08:00:22.770,1,0.8113086967491543,937.2664189834792,0.0,,1858066.7059260786
2021-02-11 08:00:22.780,1,0.7383665573846713,930.0572184937464,0.0,,1842349.3105245735
2021-02-11 08:00:22.790,1,0.6671537212665387,932.6033662611328,0.0,,1847891.5607118325
2021-02-11 08:00:22.800,1,0.8708627606253565,935.9744417911992,0.0,,1855252.3244634592
2021-02-11 08:00:22.810,1,0.7566656599603547,925.2907503665268,0.0,,1831967.6477446486
2021-02-11 08:00:22.820,1,0.7127048457134257,933.614355926256,0.0,,1850099.9539984341
2021-02-11 08:00:22.830,1,0.8041066576573086,926.6182170950052,0.0,,1834858.262204614
2021-02-11 08:00:22.840,1,0.7191391312319126,926.8857942978711,0.0,,1835436.7087249325
2021-02-11 08:00:22.850,1,0.7959004192485664,918.7748724333412,0.0,,1817779.2146083424
2021-02-11 08:00:22.860,1,0.6480499407281585,930.7187697473144,0.0,,1843788.285339271
2021-02-11 08:00:22.870,1,0.7654879725002474,921.3165434863996,0.0,,1823317.965370854
2021-02-11 08:00:22.880,1,0.8313525618597828,923.8890632934584,0.0,,1828919.32043036
2021-02-11 08:00:22.890,1,0.7935725920926278,926.1598973541908,0.0,,1833863.2670669367
2021-02-11 08:00:22.900,1,0.6633617064674139,924.6384725410464,0.0,,1830540.689386842
2021-02-11 08:00:22.910,1,0.749509633133743,921.029125554378,0.0,,1822687.9101148448
2021-02-11 08:00:22.920,1,0.7556702895842192,921.7284152858005,0.0,,1824209.8657161572
2021-02-11 08:00:22.930,1,0.8217110130956823,923.408317495608,0.0,,1827869.2932288696
2021-02-11 08:00:22.940,1,0.5859661903675271,912.4190927344116,0.0,,1803941.5387879869
2021-02-11 08:00:22.950,1,0.8040621265541661,919.4323337639058,0.0,,1819215.8323683592
2021-02-11 08:00:22.960,1,0.6722009715968076,920.9006903408138,0.0,,1822403.5778037733
2021-02-11 08:00:22.970,1,0.8156322006735263,930.0320836341164,0.0,,1842296.952186477
2021-02-11 08:00:22.980,1,0.5950807586598345,929.4645231077426,0.0,,1841049.8901147991
2021-02-11 08:00:22.990,1,0.7862776158084107,920.9666184085372,0.0,,1822552.6498589118
2021-02-11 08:00:23.000,1,0.821753505009121,914.740818872216,0.0,,1809004.5206443844
2021-02-11 08:00:23.010,1,0.6155550131252784,924.8633798625024,0.0,,1831028.4782581176
2021-02-11 08:00:23.020,1,0.6495754486835793,917.5514706475708,0.0,,1815112.820946598
2021-02-11 08:00:23.030,1,0.5883559591207859,923.3325646744548,0.0,,1827690.3681885407
2021-02-11 08:00:23.040,1,0.6053290456757976,923.413032156777,0.0,,1827870.4519258386
2021-02-11 08:00:23.050,1,0.7150642882681599,922.5664232162854,0.0,,1826031.5198495593
2021-02-11 08:00:23.060,1,0.8773892269944737,920.2036708248124,0.0,,1820893.1744713923
2021-02-11 08:00:23.070,1,0.7398888377028088,920.5140551323092,0.0,,1821563.4644231356
2021-02-11 08:00:23.080,1,0.7429408415208452,920.5870694563812,0.0,,1821717.252092823
2021-02-11 08:00:23.090,1,0.8573373146132066,927.4370497355396,0.0,,1836647.7387895172
2021-02-11 08:00:23.100,1,0.5881846760688442,913.02088680991,0.0,,1805256.23130249
2021-02-11 08:00:23.110,1,0.8605462699440901,922.0748000614084,0.0,,1824970.7498521912
2021-02-11 08:00:23.120,1,0.868178171784187,922.5367859040824,0.0,,1825977.3261534362
2021-02-11 08:00:23.130,1,0.7664873419039906,917.9531619975388,0.0,,1815991.7451506553
2021-02-11 08:00:23.140,1,0.8468272624697756,921.0355873815728,0.0,,1822709.7459232465
2021-02-11 08:00:23.150,1,0.7039226949912514,928.711248292016,0.0,,1839414.7279276473
2021-02-11 08:00:23.160,1,0.7370684859658628,928.5374739415664,0.0,,1839036.1723799359
2021-02-11 08:00:23.170,1,0.8229807495984293,924.5568869792012,0.0,,1830373.8768559927
2021-02-11 08:00:23.180,1,0.8207806622158763,941.657810205812,0.0,,1867645.4135339973
2021-02-11 08:00:23.190,1,0.6477168226622161,924.9663449286684,0.0,,1831255.489431678
2021-02-11 08:00:23.200,1,0.6187743560264338,933.9825049444298,0.0,,1850895.7506149474
2021-02-11 08:00:23.210,1,0.7004768011013021,920.7103781628985,0.0,,1821986.4229056952
2021-02-11 08:00:23.220,1,0.6046741295308374,928.2396454835806,0.0,,1838381.1663542662
2021-02-11 08:00:23.230,1,0.6810546042219662,928.7810363144212,0.0,,1839565.2828469686
2021-02-11 08:00:23.240,1,0.6889259637299612,938.5490017119675,0.0,,1860856.7525512793
2021-02-11 08:00:23.250,1,0.6184199349332679,940.063584838168,0.0,,1864156.8382731043
2021-02-11 08:00:23.260,1,0.6463548246376127,925.7884681181196,0.0,,1833047.4334385348
2021-02-11 08:00:23.270,1,0.6652466726175917,916.9001265325388,0.0,,1813696.0794078643
2021-02-11 08:00:23.280,1,0.7332296654445025,929.9753549188948,0.0,,1842173.5776966563
2021-02-11 08:00:23.290,1,0.8358710140596772,924.2520576550688,0.0,,1829710.2076247851
2021-02-11 08:00:23.300,1,0.7339260881048804,927.9373328186144,0.0,,1837728.191213169
2021-02-11 08:00:23.310,1,0.7308364066836679,934.5535225823965,0.0,,1852148.742200664
2021-02-11 08:00:23.320,1,0.8196501507277388,927.833343818608,0.0,,1837504.2984455037
2021-02-11 08:00:23.330,1,0.7229435114484765,937.1847294936942,0.0,,1857882.0933961172
2021-02-11 08:00:23.340,1,0.7230646095018827,938.6723939758232,0.0,,1861128.0888805734
2021-02-11 08:00:23.350,1,0.7599520236626268,934.5644485386564,0.0,,1852172.9648251792
2021-02-11 08:00:23.360,1,0.5434156393204029,940.1015636733084,0.0,,1864232.630257334
2021-02-11 08:00:23.370,1,0.7853132479229084,933.2461551793516,0.0,,1849298.0280331671
2021-02-11 08:00:23.380,1,0.7356715027033697,944.9790680940556,0.0,,1874888.0182585663
2021-02-11 08:00:23.390,1,0.7485564834011201,944.2214678407464,0.0,,1873230.5712185365
2021-02-11 08:00:23.400,1,0.6456791698995806,939.8992607212368,0.0,,1863796.9966512497
2021-02-11 08:00:23.410,1,0.6009955739799355,943.738949788162,0.0,,1872175.3093539376
2021-02-11 08:00:23.420,1,0.5387092607318774,939.9054394134824,0.0,,1863810.9158828089
2021-02-11 08:00:23.430,1,0.7521629031217382,946.0714502311464,0.0,,1877273.2527542405
2021-02-11 08:00:23.440,1,0.7356060475200374,940.1521456925536,0.0,,1864357.7052821864
2021-02-11 08:00:23.450,1,0.7608355842990735,944.5183602507594,0.0,,1873883.2090580561
2021-02-11 08:00:23.460,1,0.6526046000739908,948.3736285327876,0.0,,1882293.4459530162
2021-02-11 08:00:23.470,1,0.7192038775790869,951.1347443961756,0.0,,1888323.76150543
2021-02-11 08:00:23.480,1,0.7057511455687429,945.2440483426076,0.0,,1875465.2679513127
2021-02-11 08:00:23.490,1,0.6230182147412449,953.6038163101068,0.0,,1893715.1412651108
2021-02-11 08:00:23.500,1,0.6985137265692354,947.6183964521948,0.0,,1880644.9136922413
2021-02-11 08:00:23.510,1,0.7407660925209973,945.4413578449849,0.0,,1875896.0211826856
2021-02-11 08:00:23.520,1,0.7277908778766297,951.6802303698316,0.0,,1889516.6833686186
2021-02-11 08:00:23.530,1,0.6157988940867449,953.4150755496552,0.0,,1893303.1192971382
2021-02-11 08:00:23.540,1,0.5621659485933185,959.6370275056812,0.0,,1906891.9335960236
2021-02-11 08:00:23.550,1,0.5388034615468,945.0932041656132,0.0,,1875125.5253334956
2021-02-11 08:00:23.560,1,0.5757786038128399,954.760794987582,0.0,,1896239.8722640711
2021-02-11 08:00:23.570,1,0.6358736828026164,961.3841334959488,0.0,,1910716.5002347515
2021-02-11 08:00:23.580,1,0.7166065013856355,957.3528854001818,0.0,,1901908.0760740966
2021-02-11 08:00:23.590,1,0.507905297956301,953.7917294603632,0.0,,1894122.8064482752
2021-02-11 08:00:23.600,1,0.6897954166457576,957.0818125632616,0.0,,1901312.3628703596
2021-02-11 08:00:23.610,1,0.5601870692208187,954.3919401556903,0.0,,1895430.953336761
2021-02-11 08:00:23.620,1,0.5708188565489306,956.3383527042536,0.0,,1899685.6455276315
2021-02-11 08:00:23.630,1,0.6693190268496025,965.6025391135996,0.0,,1919938.519626712
2021-02-11 08:00:23.640,1,0.4936021939057867,957.74285529694,0.0,,1902754.8640842394
2021-02-11 08:00:23.650,1,0.543482987999934,959.6988083707056,0.0,,1907027.5846275403
2021-02-11 08:00:23.660,1,0.6288949584388462,963.8694987748936,0.0,,1916146.5777157797
2021-02-11 08:00:23.670,1,0.487260811900413,962.4002646769588,0.0,,1912931.857589918
2021-02-11 08:00:23.680,1,0.6114834848936441,953.8934318906604,0.0,,1894343.2886381357
2021-02-11 08:00:23.690,1,0.4910818202177762,955.5209267669284,0.0,,1897899.2101555774
2021-02-11 08:00:23.700,1,0.7088393417911332,954.8456522250628,0.0,,1896428.873831841
2021-02-11 08:00:23.710,1,0.5004153192802563,955.0716280889568,0.0,,1896912.888524742
2021-02-11 08:00:23.720,1,0.5248390917776794,959.7185491234522,0.0,,1907068.4809634862
2021-02-11 08:00:23.730,1,0.6652254348959301,960.5193088293324,0.0,,1908826.1717935333
2021-02-11 08:00:23.740,1,0.6357507416946679,957.9798943377084,0.0,,1903275.9732201924
2021-02-11 08:00:23.750,1,0.5817273522483741,962.8908453927112,0.0,,1914009.936758141
2021-02-11 08:00:23.760,1,0.549387496622494,960.9804384774286,0.0,,1909824.4946395128
2021-02-11 08:00:23.770,1,0.6551891647187706,961.2134844753168,0.0,,1910344.0473456439
2021-02-11 08:00:23.780,1,0.5362591293290269,962.486372740675,0.0,,1913118.125828426
2021-02-11 08:00:23.790,1,0.6572938765576766,965.596573098226,0.0,,1919928.8210594915
2021-02-11 08:00:23.800,1,0.6192186592478058,966.4367600578272,0.0,,1921759.8792017298
2021-02-11 08:00:23.810,1,0.5856701861195757,964.1889229182397,0.0,,1916844.349203568
2021-02-11 08:00:23.820,1,0.7108329857335659,964.2661387497692,0.0,,1917021.2864334078
2021-02-11 08:00:23.830,1,0.6418546227376553,960.4531185217196,0.0,,1908680.0393622648
2021-02-11 08:00:23.840,1,0.5344770437938914,962.8442358123082,0.0,,1913904.037661405
2021-02-11 08:00:23.850,1,0.5736882641855687,953.058452890142,0.0,,1892518.1540034085
2021-02-11 08:00:23.860,1,0.6001221925355721,960.679729085773,0.0,,1909173.754728075
2021-02-11 08:00:23.870,1,0.4929276996484207,955.2288480189204,0.0,,1897256.662690357
2021-02-11 08:00:23.880,1,0.5406127520234935,960.7900910708412,0.0,,1909413.2280125197
2021-02-11 08:00:23.890,1,0.69157052451846,966.4549331766868,0.0,,1921805.0856646665
2021-02-11 08:00:23.900,1,0.7444840317894547,950.7501593603924,0.0,,1887484.3586432165
2021-02-11 08:00:23.910,1,0.6250768425272449,962.5310092810053,0.0,,1913222.0043393103
2021-02-11 08:00:23.920,1,0.6922480001794199,945.875479381556,0.0,,1876839.8056465338
2021-02-11 08:00:23.930,1,0.6324551911013134,952.230816117446,0.0,,1890712.1081544713
2021-02-11 08:00:23.940,1,0.6952781153479778,951.422773994949,0.0,,1888954.7917038975
2021-02-11 08:00:23.950,1,0.6110625965515118,963.2364794430893,0.0,,1914761.3513428338
2021-02-11 08:00:23.960,1,0.6846382933696443,949.0064040588736,0.0,,1883676.0027758747
2021-02-11 08:00:23.970,1,0.6154124657061043,956.6140107077064,0.0,,1900286.7472450242
2021-02-11 08:00:23.980,1,0.6589992418830065,948.3502218224068,0.0,,1882243.6656597767
2021-02-11 08:00:23.990,1,0.6573835341426882,951.5864342545884,0.0,,1889309.9037095236
2021-02-11 08:00:24.000,1,0.5254203072898349,948.1289087537724,0.0,,1881751.0013194783
2021-02-11 08:00:24.010,1,0.7313715589378398,945.8675711186828,0.0,,1876827.6827426988
2021-02-11 08:00:24.020,1,0.6813104652971823,945.607781585816,0.0,,1876252.7765215917
2021-02-11 08:00:24.030,1,0.6925497555742963,949.8284076631244,0.0,,1885471.072595992
2021-02-11 08:00:24.040,1,0.7871417106380569,946.799975510724,0.0,,1878866.4165304909
2021-02-11 08:00:24.050,1,0.7396010551334427,953.980911625359,0.0,,1894541.7007140946
2021-02-11 08:00:24.060,1,0.6947155222590863,942.7275076230652,0.0,,1869972.9804697966
2021-02-11 08:00:24.070,1,0.8000441205291053,957.4580313919488,0.0,,1902139.6085593638
2021-02-11 08:00:24.080,1,0.6139136162516751,953.4711491401796,0.0,,1893425.2281721772
2021-02-11 08:00:24.090,1,0.7319597910691683,949.9372003151408,0.0,,1885712.9684731497
2021-02-11 08:00:24.100,1,0.7560641604552875,941.9104452357352,0.0,,1868189.7143442212
2021-02-11 08:00:24.110,1,0.7888440188930216,938.130465762984,0.0,,1859951.7647268465
2021-02-11 08:00:24.120,1,0.8460618604787019,940.465425974562,0.0,,1865044.1536070346
2021-02-11 08:00:24.130,1,0.6612143175294656,941.9337328323752,0.0,,1868239.5014091544
2021-02-11 08:00:24.140,1,0.6755902782161393,943.6153626890268,0.0,,1871908.4862731176
2021-02-11 08:00:24.150,1,0.8278102334731999,942.0665140238458,0.0,,1868539.3769295265
2021-02-11 08:00:24.160,1,0.6099215386383392,948.4263578652276,0.0,,1882408.6933926055
2021-02-11 08:00:24.170,1,0.8089286032817534,939.5057829212273,0.0,,1862949.6412721386
2021-02-11 08:00:24.180,1,0.8488958324505833,938.635726438864,0.0,,1861054.9740162427
2021-02-11 08:00:24.190,1,0.6298836507239226,937.4822481749122,0.0,,1858525.5160996765
2021-02-11 08:00:24.200,1,0.8605662539342722,941.6973010293908,0.0,,1867731.6796786257
2021-02-11 08:00:24.210,1,0.6821521249999204,936.7699148817144,0.0,,1856978.7776151693
2021-02-11 08:00:24.220,1,0.7612774063018394,932.491376868536,0.0,,1847651.306246917
2021-02-11 08:00:24.230,1,0.7047464965280602,933.5272146099376,0.0,,1849907.0329208327
2021-02-11 08:00:24.240,1,0.5951469100761679,931.5014030129188,0.0,,1845487.4107618595
2021-02-11 08:00:24.250,1,0.720475135160835,936.89374378336,0.0,,1857249.3114484965
2021-02-11 08:00:24.260,1,0.5963794428963911,933.3426795242418,0.0,,1849500.4257307786
2021-02-11 08:00:24.270,1,0.7406271212381019,931.7490177172432,0.0,,1846036.9812179105
2021-02-11 08:00:24.280,1,0.6484025536785356,926.4565358679424,0.0,,1834500.5207615802
2021-02-11 08:00:24.290,1,0.8838457965150772,928.6632010629544,0.0,,1839318.2556448374
2021-02-11 08:00:24.300,1,0.6997729163299349,933.638703007394,0.0,,1850151.1488622993
2021-02-11 08:00:24.310,1,0.8574994054852327,934.8535122037076,0.0,,1852805.851767397
2021-02-11 08:00:24.320,1,0.8627146086114165,924.6939894728192,0.0,,1830672.1785176834
2021-02-11 08:00:24.330,1,0.8435480127055542,927.9549995751252,0.0,,1837774.0729656543
2021-02-11 08:00:24.340,1,0.7751280021410532,925.446824643476,0.0,,1832311.214888707
2021-02-11 08:00:24.350,1,0.8980007258638187,929.4941131588872,0.0,,1841131.565414941
2021-02-11 08:00:24.360,1,0.8028248137987202,919.6304539738856,0.0,,1819641.2966028615
2021-02-11 08:00:24.370,1,0.6279082412436341,929.7117399259688,0.0,,1841591.572466363
2021-02-11 08:00:24.380,1,0.6668781054353622,922.7698284323892,0.0,,1826470.8295031593
2021-02-11 08:00:24.390,1,0.8139275237509709,931.229878818306,0.0,,1844907.9115667928
2021-02-11 08:00:24.400,1,0.8838421731370261,927.9795588037008,0.0,,1837829.7596135787
2021-02-11 08:00:24.410,1,0.7384238788075814,931.6002434474048,0.0,,1845708.1294032484
2021-02-11 08:00:24.420,1,0.6663576992890735,924.4714021122658,0.0,,1830176.287968306
2021-02-11 08:00:24.430,1,0.8718113131667962,931.6697609886212,0.0,,1845869.7331488586
2021-02-11 08:00:24.440,1,0.8653658582912482,932.8709795929446,0.0,,1848487.4250823096
2021-02-11 08:00:24.450,1,0.6164859934310276,928.1495793995796,0.0,,1838186.1211499784
2021-02-11 08:00:24.460,1,0.6300240994210784,930.0216902848788,0.0,,1842266.0038440754
2021-02-11 08:00:24.470,1,0.6314761692977622,933.6842793558826,0.0,,1850244.7562507663
2021-02-11 08:00:24.480,1,0.8280114112865576,923.4005060166852,0.0,,1827853.609841368
2021-02-11 08:00:24.490,1,0.5810513499086255,926.7264877915808,0.0,,1835082.8061336656
2021-02-11 08:00:24.500,1,0.6254102381695961,923.0632093034892,0.0,,1827107.3538812115
2021-02-11 08:00:24.510,1,0.5802335732270107,927.3957800453284,0.0,,1836541.8704748857
2021-02-11 08:00:24.520,1,0.7691138920275163,931.3642126657796,0.0,,1845199.2361718935
2021-02-11 08:00:24.530,1,0.8087663308924314,925.3494606593724,0.0,,1832098.4255003536
2021-02-11 08:00:24.540,1,0.8155704721375728,930.6091024990492,0.0,,1843555.5962112963
2021-02-11 08:00:24.550,1,0.7850108130207952,935.7523430757086,0.0,,1854762.1642213422
2021-02-11 08:00:24.560,1,0.6042421549368759,935.5741234257893,0.0,,1854367.2683328257
2021-02-11 08:00:24.570,1,0.580212637804157,934.1506787253476,0.0,,1851262.5313446403
2021-02-11 08:00:24.580,1,0.6875683677094898,940.8638923454934,0.0,,1865909.662816082
2021-02-11 08:00:24.590,1,0.5657506913692059,938.8548767535028,0.0,,1861518.4875916664
2021-02-11 08:00:24.600,1,0.5904926792684692,930.4612651476004,0.0,,1843218.7648237888
2021-02-11 08:00:24.610,1,0.7339462228444448,929.4345688874744,0.0,,1840992.6476439321
2021-02-11 08:00:24.620,1,0.646575616586099,939.324462185627,0.0,,1862545.9787410486
2021-02-11 08:00:24.630,1,0.6151127551187435,927.6430349170688,0.0,,1837082.148149998
2021-02-11 08:00:24.640,1,0.6432392728062256,942.2065570387816,0.0,,1868831.4689819873
2021-02-11 08:00:24.650,1,0.5633990554296736,937.6342963129832,0.0,,1858857.7593573004
2021-02-11 08:00:24.660,1,0.7418346339420201,937.6989419513424,0.0,,1859006.6223496685
2021-02-11 08:00:24.670,1,0.6067831722494162,928.1402157592266,0.0,,1838163.553091862
2021-02-11 08:00:24.680,1,0.6098960464338165,936.37558150277,0.0,,1856111.7689679565
2021-02-11 08:00:24.690,1,0.4898037917345421,935.1451673904558,0.0,,1853429.512228845
2021-02-11 08:00:24.700,1,0.5038074711443857,936.595530036117,0.0,,1856589.5385422194
2021-02-11 08:00:24.710,1,0.6299928669116301,936.0667059435056,0.0,,1855443.760166465
2021-02-11 08:00:24.720,1,0.4807424538002411,937.9015820475316,0.0,,1859434.9784220175
2021-02-11 08:00:24.730,1,0.5501704193607596,932.7167402131748,0.0,,1848133.2781712462
2021-02-11 08:00:24.740,1,0.5148792706059412,937.49920569851,0.0,,1858553.7387527667
2021-02-11 08:00:24.750,1,0.4931727683803916,938.3461249830044,0.0,,1860403.9724053876
2021-02-11 08:00:24.760,1,0.4894201567064723,948.6667040098538,0.0,,1882924.6663622053
2021-02-11 08:00:24.770,1,0.4917255629710816,936.311625541012,0.0,,1855971.071721906
2021-02-11 08:00:24.780,1,0.4888113052056059,940.8206999264704,0.0,,1865803.8281882918
2021-02-11 08:00:24.790,1,0.4683799824005503,940.757089305754,0.0,,1865663.7497986376
2021-02-11 08:00:24.800,1,0.6305353779192306,938.1462009436964,0.0,,1859973.2077593268
2021-02-11 08:00:24.810,1,0.5694608165547664,945.5134274913688,0.0,,1876044.2866517731
2021-02-11 08:00:24.820,1,0.4735613779489213,945.0139454828025,0.0,,1874949.6978641918
2021-02-11 08:00:24.830,1,0.4129271887024016,942.6166904553904,0.0,,1869717.5600924632
2021-02-11 08:00:24.840,1,0.4248882015340251,939.1047761429336,0.0,,1862054.106242429
2021-02-11 08:00:24.850,1,0.4345240912085198,958.0323638161,0.0,,1903379.7539433367
2021-02-11 08:00:24.860,1,0.4515051501134415,947.558951275291,0.0,,1880507.9460793557
2021-02-11 08:00:24.870,1,0.5704806590205757,954.9163622671008,0.0,,1896577.0345916091
2021-02-11 08:00:24.880,1,0.5020038728822855,946.39472062169,0.0,,1877965.8702782495
2021-02-11 08:00:24.890,1,0.5006241713904506,947.1486384726344,0.0,,1879610.340223484
2021-02-11 08:00:24.900,1,0.3910856560605198,951.1938763603994,0.0,,1888434.3005191616
2021-02-11 08:00:24.910,1,0.5663639258713978,948.1981610007464,0.0,,1881907.275332759
2021-02-11 08:00:24.920,1,0.3778426652222651,944.409269243202,0.0,,1873623.4524845073
2021-02-11 08:00:24.930,1,0.5150691625551912,957.090257444742,0.0,,1901326.6438513112
2021-02-11 08:00:24.940,1,0.426536990770312,944.9780223610692,0.0,,1874870.1629627347
2021-02-11 08:00:24.950,1,0.4110522370049817,947.359272373888,0.0,,1880067.5066672151
2021-02-11 08:00:24.960,1,0.3820934757963456,952.51507556687,0.0,,1891325.4265935428
2021-02-11 08:00:24.970,1,0.431089271837959,947.5211484861992,0.0,,1880421.0917921078
2021-02-11 08:00:24.980,1,0.5433873085883225,947.0257788172768,0.0,,1879343.53646389
2021-02-11 08:00:24.990,1,0.4160872214879958,943.8303513405806,0.0,,1872363.6090611536
2021-02-11 08:00:25.000,1,0.4043810651748143,950.1947694764588,0.0,,1886253.1123304
2021-02-11 08:00:25.010,1,0.465662073073777,953.0271107771572,0.0,,1892444.1053011343
2021-02-11 08:00:25.020,1,0.3776351750456427,955.0993503450256,0.0,,1896968.8379263126
2021-02-11 08:00:25.030,1,0.489412568779156,949.2199093272816,0.0,,1884132.539802391
2021-02-11 08:00:25.040,1,0.5197538151807992,953.8131200360764,0.0,,1894168.2973325464
2021-02-11 08:00:25.050,1,0.5023476582729356,952.389864203087,0.0,,1891050.0369886348
2021-02-11 08:00:25.060,1,0.5354344547759102,954.9002096931572,0.0,,1896536.6305534907
2021-02-11 08:00:25.070,1,0.5471342021703288,953.9604075655284,0.0,,1894487.8428382098
2021-02-11 08:00:25.080,1,0.4112698583889826,952.8359438768904,0.0,,1892027.4757497823
2021-02-11 08:00:25.090,1,0.3782110701588452,953.803971121342,0.0,,1894139.6002577655
2021-02-11 08:00:25.100,1,0.5363840938988493,953.7496491313552,0.0,,1894025.668162281
2021-02-11 08:00:25.110,1,0.4964187801968697,960.4635306254052,0.0,,1908694.7850218134
2021-02-11 08:00:25.120,1,0.503106502589614,952.828136225488,0.0,,1892012.9695625713
2021-02-11 08:00:25.130,1,0.368657017075381,949.8100891130756,0.0,,1885412.5360108467
2021-02-11 08:00:25.140,1,0.3791560470402881,948.2764049649128,0.0,,1882063.2860830128
2021-02-11 08:00:25.150,1,0.4544310623606485,950.1775612136108,0.0,,1886223.744287854
2021-02-11 08:00:25.160,1,0.475651554871646,945.7119833422772,0.0,,1876472.7756704967
2021-02-11 08:00:25.170,1,0.4930837248509912,946.6811079328068,0.0,,1878585.9385393336
2021-02-11 08:00:25.180,1,0.5305460835035682,945.2024531247678,0.0,,1875366.1761287665
2021-02-11 08:00:25.190,1,0.3932679293200515,945.363791104648,0.0,,1875709.5211762034
2021-02-11 08:00:25.200,1,0.4946601657349498,957.163033362778,0.0,,1901486.6824664904
2021-02-11 08:00:25.210,1,0.5918663353581737,948.3908966707512,0.0,,1882324.076476437
2021-02-11 08:00:25.220,1,0.4812657833010968,949.3695342377948,0.0,,1884457.67933736
2021-02-11 08:00:25.230,1,0.5187572768107169,944.2508213006072,0.0,,1873285.2341698457
2021-02-11 08:00:25.240,1,0.5000228168550563,946.4305618106116,0.0,,1878042.809042038
2021-02-11 08:00:25.250,1,0.5700991837731556,940.9000325993404,0.0,,1865977.6478953757
2021-02-11 08:00:25.260,1,0.5185680170350595,949.8273770601928,0.0,,1885460.5273164208
2021-02-11 08:00:25.270,1,0.5045430330974374,947.9096889570023,0.0,,1881269.8143412156
2021-02-11 08:00:25.280,1,0.5722400859359251,942.7598215583564,0.0,,1870035.9565085259
2021-02-11 08:00:25.290,1,0.5633913300400266,952.5780934613692,0.0,,1891467.0680522171
2021-02-11 08:00:25.300,1,0.6193320190893192,944.746101046693,0.0,,1874372.3377881523
2021-02-11 08:00:25.310,1,0.6083889755702501,949.6624463273776,0.0,,1885104.9959532996
2021-02-11 08:00:25.320,1,0.4904793184741981,942.1796924742098,0.0,,1868765.048958935
2021-02-11 08:00:25.330,1,0.5013401744121659,941.7391549711616,0.0,,1867803.2156866211
2021-02-11 08:00:25.340,1,0.4906183872884049,947.5797791933824,0.0,,1880548.436565226
2021-02-11 08:00:25.350,1,0.5461390410871111,944.7517239063584,0.0,,1874376.6178823998
2021-02-11 08:00:25.360,1,0.5488545793302987,944.4254938469884,0.0,,1873674.2141055255
2021-02-11 08:00:25.370,1,0.7061253683305845,948.3660553441144,0.0,,1882277.2616450398
2021-02-11 08:00:25.380,1,0.6371546370604035,951.5074059381486,0.0,,1889131.5527081138
2021-02-11 08:00:25.390,1,0.7216971244078112,942.84075262394,0.0,,1870217.1044368944
2021-02-11 08:00:25.400,1,0.5632612820082774,943.8691738068296,0.0,,1872454.8818435133
2021-02-11 08:00:25.410,1,0.5829220508023439,938.7880893730006,0.0,,1861372.685069134
2021-02-11 08:00:25.420,1,0.5349493865138942,943.2879308769612,0.0,,1871185.1035245175
2021-02-11 08:00:25.430,1,0.7117171584687916,942.83909336002,0.0,,1870215.8364511346
2021-02-11 08:00:25.440,1,0.5356684606589339,935.7897275447108,0.0,,1854830.6156567796
2021-02-11 08:00:25.450,1,0.6848555588207867,944.828162567585,0.0,,1874553.820959316
2021-02-11 08:00:25.460,1,0.6212043713019121,941.8720720675672,0.0,,1868102.1234663452
2021-02-11 08:00:25.470,1,0.5740625136156237,938.143527471232,0.0,,1859968.200164781
2021-02-11 08:00:25.480,1,0.6866786127566328,945.507931426574,0.0,,1876039.6066163357
2021-02-11 08:00:25.490,1,0.5779006441079886,952.7576560307676,0.0,,1891860.5742092954
2021-02-11 08:00:25.500,1,0.5466454151000121,951.8163456157292,0.0,,1889805.7558663741
2021-02-11 08:00:25.510,1,0.5629783850775999,938.4034658314224,0.0,,1860535.4017647263
2021-02-11 08:00:25.520,1,0.7930989423159337,940.0511524696252,0.0,,1864136.3568883974
2021-02-11 08:00:25.530,1,0.8203825060298527,940.3151328433828,0.0,,1864714.255242046
2021-02-11 08:00:25.540,1,0.5594986859992437,940.295232304686,0.0,,1864659.4206335177
2021-02-11 08:00:25.550,1,0.7067204931843052,946.9338472279812,0.0,,1879157.7204673386
2021-02-11 08:00:25.560,1,0.578620044405132,949.3496275773516,0.0,,1884419.2664697978
2021-02-11 08:00:25.570,1,0.7883666016222418,940.758496585636,0.0,,1865681.1085022653
2021-02-11 08:00:25.580,1,0.8560498719362908,941.3507268909532,0.0,,1866974.168916027
2021-02-11 08:00:25.590,1,0.6344745767479341,936.362166343364,0.0,,1856086.8801433803
2021-02-11 08:00:25.600,1,0.8426619502330706,950.7393565667852,0.0,,1887467.143506469
2021-02-11 08:00:25.610,1,0.8615609369878793,942.6774123748296,0.0,,1869870.5518968324
2021-02-11 08:00:25.620,1,0.8481711357158858,941.6995500792864,0.0,,1867736.4366080698
2021-02-11 08:00:25.630,1,0.7658593235521463,939.7730652852092,0.0,,1863534.1982589923
2021-02-11 08:00:25.640,1,0.8447991795989959,945.157262781737,0.0,,1875280.6919795992
2021-02-11 08:00:25.650,1,0.6297368753271543,942.3829174606,0.0,,1869215.282346563
2021-02-11 08:00:25.660,1,0.6234628065197111,940.2960490155696,0.0,,1864665.2882153145
2021-02-11 08:00:25.670,1,0.5943397079038654,939.4594202565964,0.0,,1862833.9337009569
2021-02-11 08:00:25.680,1,0.6930635527732897,937.4889558320414,0.0,,1858544.9845710397
2021-02-11 08:00:25.690,1,0.8556935202534375,946.7978770585114,0.0,,1878860.156643927
2021-02-11 08:00:25.700,1,0.5910042787620556,928.7759179633696,0.0,,1839552.0080890844
2021-02-11 08:00:25.710,1,0.7924371841148777,929.3825836573642,0.0,,1840878.2425483866
2021-02-11 08:00:25.720,1,0.8509220379251616,943.1330743559588,0.0,,1870863.5483628293
2021-02-11 08:00:25.730,1,0.7381793185556058,946.274263344124,0.0,,1877713.078460047
2021-02-11 08:00:25.740,1,0.7566941574676386,940.4869257019276,0.0,,1865088.541693915
2021-02-11 08:00:25.750,1,0.6655702753263156,938.0328002072644,0.0,,1859729.4735839136
2021-02-11 08:00:25.760,1,0.6999187197186411,936.8778378950176,0.0,,1857214.6496172664
2021-02-11 08:00:25.770,1,0.8166996124963335,944.9672010070552,0.0,,1874868.4544171246
2021-02-11 08:00:25.780,1,0.8315809680524316,946.9221801952744,0.0,,1879134.192858538
2021-02-11 08:00:25.790,1,0.8617475459430606,935.0075414129844,0.0,,1853146.3240224207
2021-02-11 08:00:25.800,1,0.7406308185470911,936.536656340242,0.0,,1856473.7422129675
2021-02-11 08:00:25.810,1,0.7989673024553366,940.673046204275,0.0,,1865496.1227035928
2021-02-11 08:00:25.820,1,0.7409861394581815,942.9211110558808,0.0,,1870396.4443531365
2021-02-11 08:00:25.830,1,0.6513055957372214,933.3846420273488,0.0,,1849595.1221914731
2021-02-11 08:00:25.840,1,0.6283487125396923,939.8398019038676,0.0,,1863669.474593446
2021-02-11 08:00:25.850,1,0.7016653989668069,941.3340702371715,0.0,,1866932.9682716364
2021-02-11 08:00:25.860,1,0.6049888551717633,935.5628676058388,0.0,,1854344.8907691753
2021-02-11 08:00:25.870,1,0.6045484159443478,950.9017921543328,0.0,,1887809.9938704278
2021-02-11 08:00:25.880,1,0.8208849742990604,935.296664890322,0.0,,1853773.9242556202
2021-02-11 08:00:25.890,1,0.6988083104741301,934.1103153243818,0.0,,1851176.2725121912
2021-02-11 08:00:25.900,1,0.7317336098151136,942.2858879008444,0.0,,1869011.0542326916
2021-02-11 08:00:25.910,1,0.6034538416542943,942.203345986026,0.0,,1868825.1649976836
2021-02-11 08:00:25.920,1,0.7268573899401478,938.422462000562,0.0,,1860582.0072670772
2021-02-11 08:00:25.930,1,0.6296629337507891,937.19918779167,0.0,,1857908.26612
2021-02-11 08:00:25.940,1,0.7193523681407417,943.9830275699974,0.0,,1872715.4176772605
2021-02-11 08:00:25.950,1,0.7965059874541395,944.2446704570656,0.0,,1873289.4550318976
2021-02-11 08:00:25.960,1,0.7272921271494068,937.0747420194606,0.0,,1857640.2212970762
2021-02-11 08:00:25.970,1,0.7178532394532536,944.6546601356264,0.0,,1874179.6025194507
2021-02-11 08:00:25.980,1,0.6043917911808402,941.7924623696302,0.0,,1867927.3138059748
2021-02-11 08:00:25.990,1,0.5685464512835097,936.0560095747968,0.0,,1855416.852926091
2021-02-11 08:00:26.000,1,0.7654696967271619,943.2250634510216,0.0,,1871057.6861516417
2021-02-11 08:00:26.010,1,0.6224990784930606,945.6454054548884,0.0,,1876334.6646939751
2021-02-11 08:00:26.020,1,0.6215460577804921,943.0821944581096,0.0,,1870740.5588323795
2021-02-11 08:00:26.030,1,0.6866325666448008,935.1030977056192,0.0,,1853340.2853252757
2021-02-11 08:00:26.040,1,0.5420419032812868,948.7157750147268,0.0,,1883034.9003077133
2021-02-11 08:00:26.050,1,0.6722904565060493,946.6350179857284,0.0,,1878497.3714812547
2021-02-11 08:00:26.060,1,0.6765526457886522,933.7664064672468,0.0,,1850427.9966792266
2021-02-11 08:00:26.070,1,0.5970226725497448,939.99761797189,0.0,,1864013.7054322392
2021-02-11 08:00:26.080,1,0.5569060616219488,938.210705471528,0.0,,1860111.7403242905
2021-02-11 08:00:26.090,1,0.6212441556731726,944.9849025382948,0.0,,1874896.606457063
2021-02-11 08:00:26.100,1,0.540955192484322,934.4434951970258,0.0,,1851901.4756549955
2021-02-11 08:00:26.110,1,0.6083986689572223,937.3176783608292,0.0,,1858168.3903056555
2021-02-11 08:00:26.120,1,0.5743882464769589,938.5040806335326,0.0,,1860750.1941432096
2021-02-11 08:00:26.130,1,0.7066710559783018,935.4747460208338,0.0,,1854153.8553868379
2021-02-11 08:00:26.140,1,0.4999450783825059,936.9865997247804,0.0,,1857442.658343636
2021-02-11 08:00:26.150,1,0.5122717630991983,950.4667275919468,0.0,,1886857.6913621705
2021-02-11 08:00:26.160,1,0.6475707493153355,935.1845164609612,0.0,,1853517.7202577624
2021-02-11 08:00:26.170,1,0.5708505868069598,936.63545100478,0.0,,1856675.3069236276
2021-02-11 08:00:26.180,1,0.5390639305231689,935.4170395301804,0.0,,1854022.4385057138
2021-02-11 08:00:26.190,1,0.6193650245225469,929.2212374481328,0.0,,1840520.0011397526
2021-02-11 08:00:26.200,1,0.5585640226189431,941.4646197264136,0.0,,1867212.3101997566
2021-02-11 08:00:26.210,1,0.5655411376737325,941.343972971478,0.0,,1866949.1501122694
2021-02-11 08:00:26.220,1,0.589243167879648,929.764367173402,0.0,,1841702.1529528627
2021-02-11 08:00:26.230,1,0.4860065807217472,939.0455783953228,0.0,,1861929.556757366
2021-02-11 08:00:26.240,1,0.5605792606930454,934.7105050639484,0.0,,1852478.0653188613
2021-02-11 08:00:26.250,1,0.6367302408988643,927.4143822897496,0.0,,1836584.9556337593
2021-02-11 08:00:26.260,1,0.6089760351991553,930.833863645542,0.0,,1844034.5616789935
2021-02-11 08:00:26.270,1,0.6714118239886262,929.2179820822764,0.0,,1840516.384205496
2021-02-11 08:00:26.280,1,0.6028648944915473,942.5188354107536,0.0,,1869512.9446153212
2021-02-11 08:00:26.290,1,0.67840403592759,940.919823734676,0.0,,1866030.2335026518
2021-02-11 08:00:26.300,1,0.6499483778503194,935.4338255867764,0.0,,1854062.4787182943
2021-02-11 08:00:26.310,1,0.609294100147318,933.7403249531357,0.0,,1850372.5106321187
2021-02-11 08:00:26.320,1,0.5447290955215701,937.6613087697305,0.0,,1858919.5278434786
2021-02-11 08:00:26.330,1,0.6441815706358791,932.7050729903784,0.0,,1848118.9361179038
2021-02-11 08:00:26.340,1,0.4732401388250046,930.4955166324952,0.0,,1843289.9040520573
2021-02-11 08:00:26.350,1,0.464922289630264,927.8550172013136,0.0,,1837536.8624114385
2021-02-11 08:00:26.360,1,0.616549673278425,933.5419343666284,0.0,,1849934.3004786342
2021-02-11 08:00:26.370,1,0.6820128086946778,930.8344950584716,0.0,,1844037.5685549441
2021-02-11 08:00:26.380,1,0.4950960245899244,922.9708946134656,0.0,,1826899.521008184
2021-02-11 08:00:26.390,1,0.6822746433001399,935.80079708219,0.0,,1854860.6620750702
2021-02-11 08:00:26.400,1,0.6492607778007421,931.7769600682884,0.0,,1846088.1049137423
2021-02-11 08:00:26.410,1,0.6417069978121229,934.6199719271568,0.0,,1852288.0105037857
2021-02-11 08:00:26.420,1,0.5628645867134369,929.219642138385,0.0,,1840513.2969096168
2021-02-11 08:00:26.430,1,0.5459750054043815,927.1338670059824,0.0,,1835970.7985008573
2021-02-11 08:00:26.440,1,0.6555335563788575,933.9990411600272,0.0,,1850936.3272850162
2021-02-11 08:00:26.450,1,0.675705417408313,933.930194930038,0.0,,1850784.8111776165
2021-02-11 08:00:26.460,1,0.4708382604076292,925.6577088173924,0.0,,1832752.1555713587
2021-02-11 08:00:26.470,1,0.5665537249291962,924.8668693643338,0.0,,1831032.7576946586
2021-02-11 08:00:26.480,1,0.4784233838452196,923.2965462104996,0.0,,1827608.0859428735
2021-02-11 08:00:26.490,1,0.5605802949366333,932.1214953398904,0.0,,1846836.907932955
2021-02-11 08:00:26.500,1,0.6996029948025297,931.4869892474666,0.0,,1845462.2233923909
2021-02-11 08:00:26.510,1,0.6114173627010366,931.6261500362176,0.0,,1845760.58786808
2021-02-11 08:00:26.520,1,0.5204680460043118,930.8595809656956,0.0,,1844086.1554533353
2021-02-11 08:00:26.530,1,0.679945285804121,924.4525511973072,0.0,,1830136.152070012
2021-02-11 08:00:26.540,1,0.6142777406211749,924.3814565888446,0.0,,1829979.8374292476
2021-02-11 08:00:26.550,1,0.6567283523252215,922.6743112686448,0.0,,1826264.6051272287
2021-02-11 08:00:26.560,1,0.7200080825633198,928.225143016852,0.0,,1838355.4906996868
2021-02-11 08:00:26.570,1,0.5188496839748898,925.072306523555,0.0,,1831475.9532871924
2021-02-11 08:00:26.580,1,0.68266928997878,929.4288327646448,0.0,,1840978.423530472
2021-02-11 08:00:26.590,1,0.5161476427848204,925.2098514847902,0.0,,1831776.7055820702
2021-02-11 08:00:26.600,1,0.6157823565984303,929.2352412513544,0.0,,1840551.84061586
2021-02-11 08:00:26.610,1,0.5699811190412813,930.2469530795516,0.0,,1842754.307940355
2021-02-11 08:00:26.620,1,0.7467891008705576,930.8038050115548,0.0,,1843975.8811818748
2021-02-11 08:00:26.630,1,0.7670044643761524,921.8797748498308,0.0,,1824539.9712054909
2021-02-11 08:00:26.640,1,0.7225279401462519,923.6630357125732,0.0,,1828420.228883476
2021-02-11 08:00:26.650,1,0.5858864248228558,925.2934070013856,0.0,,1831966.1978641874
2021-02-11 08:00:26.660,1,0.5732041075018401,925.595002673291,0.0,,1832619.026625341
2021-02-11 08:00:26.670,1,0.7051533877649961,921.2307345929196,0.0,,1823124.1771694063
2021-02-11 08:00:26.680,1,0.6847305076363349,931.428988991997,0.0,,1845339.1572032848
2021-02-11 08:00:26.690,1,0.5626238063613767,921.3063175195308,0.0,,1823275.964213429
2021-02-11 08:00:26.700,1,0.7080556803596076,930.4994289159904,0.0,,1843310.4935559256
2021-02-11 08:00:26.710,1,0.5911841505687698,931.0041731585388,0.0,,1844405.0243543752
2021-02-11 08:00:26.720,1,0.7232316126796805,925.4825034763228,0.0,,1832381.429133833
2021-02-11 08:00:26.730,1,0.6653880444674244,924.0386253511964,0.0,,1829234.190023092
2021-02-11 08:00:26.740,1,0.6813107970075283,931.3001348057676,0.0,,1845052.0682938502
2021-02-11 08:00:26.750,1,0.6563772973934773,919.1415171932476,0.0,,1818575.2536704377
2021-02-11 08:00:26.760,1,0.7353305393272076,923.072478503784,0.0,,1827130.4028068183
2021-02-11 08:00:26.770,1,0.7772306294604729,921.71953451065,0.0,,1824188.0725180747
2021-02-11 08:00:26.780,1,0.6088698458228574,927.0190873180125,0.0,,1835721.8862680409
2021-02-11 08:00:26.790,1,0.763584842829805,929.9635436630316,0.0,,1842147.1862446128
2021-02-11 08:00:26.800,1,0.7071656017158434,930.2619562373548,0.0,,1842791.8662883718
2021-02-11 08:00:26.810,1,0.5770166747834264,931.070130060799,0.0,,1844547.599298452
2021-02-11 08:00:26.820,1,0.5848948660509962,924.159007090084,0.0,,1829490.7714449686
2021-02-11 08:00:26.830,1,0.8319991310528604,924.1096690776895,0.0,,1829394.981836518
2021-02-11 08:00:26.840,1,0.7074182984445171,928.621590022619,0.0,,1839218.0286254245
2021-02-11 08:00:26.850,1,0.7309520908828817,928.9170530376222,0.0,,1839863.4152681523
2021-02-11 08:00:26.860,1,0.5985884982567458,933.358892188362,0.0,,1849538.8881213425
2021-02-11 08:00:26.870,1,0.6400640322236318,928.9157928482538,0.0,,1839858.671469862
2021-02-11 08:00:26.880,1,0.6301007487056466,937.044126425866,0.0,,1857574.8700798866
2021-02-11 08:00:26.890,1,0.7332113520825385,936.7080733300744,0.0,,1856843.6758376907
2021-02-11 08:00:26.900,1,0.7987885152333448,933.332922354972,0.0,,1849487.2772135516
2021-02-11 08:00:26.910,1,0.6599686539391989,932.7742528302348,0.0,,1848266.7464618508
2021-02-11 08:00:26.920,1,0.7130297104770881,927.5109656794714,0.0,,1836798.7895671753
2021-02-11 08:00:26.930,1,0.617532578897416,936.508422685446,0.0,,1856403.1792374512
2021-02-11 08:00:26.940,1,0.8018417091522329,939.2026322881904,0.0,,1862288.9721954032
2021-02-11 08:00:26.950,1,0.7004242959719961,934.6703827463884,0.0,,1852402.0415851143
2021-02-11 08:00:26.960,1,0.6856549133625678,935.1047000645456,0.0,,1853350.2023582447
2021-02-11 08:00:26.970,1,0.5846959082510094,940.7332892009103,0.0,,1865614.0218060957
2021-02-11 08:00:26.980,1,0.7887348128137696,930.7429431124564,0.0,,1843844.4812166197
2021-02-11 08:00:26.990,1,0.6745284385961342,930.8790938816024,0.0,,1844134.4795405976
2021-02-11 08:00:27.000,1,0.6440522592108945,936.9649371434708,0.0,,1857400.816243504
2021-02-11 08:00:27.010,1,0.6330918829908193,935.3805995952844,0.0,,1853946.8134244801
2021-02-11 08:00:27.020,1,0.6500630862041639,934.222360768363,0.0,,1851421.2981519315
2021-02-11 08:00:27.030,1,0.6757203541765571,937.8310964548564,0.0,,1859290.1935195043
2021-02-11 08:00:27.040,1,0.8243392513909853,945.4657112711304,0.0,,1875954.0877590948
2021-02-11 08:00:27.050,1,0.8243824703232437,952.2432657919024,0.0,,1890752.01873622
2021-02-11 08:00:27.060,1,0.8374156868657641,945.9492690770998,0.0,,1877011.659689548
2021-02-11 08:00:27.070,1,0.8238449015740208,938.6258829720672,0.0,,1861029.0768479612
2021-02-11 08:00:27.080,1,0.6916601629452095,945.1618281445348,0.0,,1875283.8875407686
2021-02-11 08:00:27.090,1,0.7517123777888459,942.4829884642668,0.0,,1869443.268571453
2021-02-11 08:00:27.100,1,0.6074274172053773,950.1443589208636,0.0,,1886156.7940220162
2021-02-11 08:00:27.110,1,0.8346276986408488,945.2151782856384,0.0,,1875406.1798530472
2021-02-11 08:00:27.120,1,0.6759041702055786,940.4685206570214,0.0,,1865042.5216144489
2021-02-11 08:00:27.130,1,0.6150667252134712,947.2615773196394,0.0,,1879862.2146087799
2021-02-11 08:00:27.140,1,0.8561060800975352,945.1012643047708,0.0,,1875157.6622744256
2021-02-11 08:00:27.150,1,0.8533547863584743,945.258332779932,0.0,,1875502.399327311
2021-02-11 08:00:27.160,1,0.7128776993449949,953.447548679689,0.0,,1893376.8071068008
2021-02-11 08:00:27.170,1,0.7283860661973601,943.641834885536,0.0,,1871969.0690736168
2021-02-11 08:00:27.180,1,0.8248048281242678,945.0229502567164,0.0,,1874988.348186819
2021-02-11 08:00:27.190,1,0.7559488906884654,954.588954840954,0.0,,1895872.9896635653
2021-02-11 08:00:27.200,1,0.6786458618529625,951.4290258962012,0.0,,1888966.0827128412
2021-02-11 08:00:27.210,1,0.6869790156231743,949.3553105687288,0.0,,1884439.3037590366
2021-02-11 08:00:27.220,1,0.6146982165105928,948.8523059423576,0.0,,1883334.8600310532
2021-02-11 08:00:27.230,1,0.8421687437483871,951.466965985589,0.0,,1889058.8753294658
2021-02-11 08:00:27.240,1,0.6413544104311776,948.3388939207788,0.0,,1882219.735756246
2021-02-11 08:00:27.250,1,0.6071417653486538,938.181264916564,0.0,,1860052.827421344
2021-02-11 08:00:27.260,1,0.7318668425113801,954.7962264755636,0.0,,1896324.7562410901
2021-02-11 08:00:27.270,1,0.6734268736641892,956.0987895963196,0.0,,1899166.0002175283
2021-02-11 08:00:27.280,1,0.8010935024717198,954.3966853977884,0.0,,1895456.300333665
2021-02-11 08:00:27.290,1,0.8426780010591564,944.7049153231956,0.0,,1874294.9547043948
2021-02-11 08:00:27.300,1,0.8573695389124523,952.3066514068892,0.0,,1890890.1142365518
2021-02-11 08:00:27.310,1,0.7267729879659005,944.992219847468,0.0,,1874915.396693022
2021-02-11 08:00:27.320,1,0.6692425972508852,945.0582625930972,0.0,,1875058.2954905832
2021-02-11 08:00:27.330,1,0.7798731495060857,944.6175035745374,0.0,,1874102.1737983678
2021-02-11 08:00:27.340,1,0.7461083589883045,956.3112315147104,0.0,,1899632.4306522247
2021-02-11 08:00:27.350,1,0.7691327616797026,948.7010977025952,0.0,,1883014.5411148528
2021-02-11 08:00:27.360,1,0.837947687955277,944.876122789524,0.0,,1874668.5745783881
2021-02-11 08:00:27.370,1,0.6035688259000387,950.8956372225272,0.0,,1887797.1010261183
2021-02-11 08:00:27.380,1,0.7900772207001915,954.4610290327128,0.0,,1895596.585362052
2021-02-11 08:00:27.390,1,0.6573770087834407,948.935327176514,0.0,,1883520.0862612673
2021-02-11 08:00:27.400,1,0.6576979726446427,948.5264354832774,0.0,,1882626.7653133834
2021-02-11 08:00:27.410,1,0.7766655068683914,940.3309612150867,0.0,,1864749.536887732
2021-02-11 08:00:27.420,1,0.8387673374571851,947.9091802125264,0.0,,1881288.095662275
2021-02-11 08:00:27.430,1,0.8363002300938445,951.5988385676012,0.0,,1889342.969509844
2021-02-11 08:00:27.440,1,0.7547278671062982,950.2151483035548,0.0,,1886319.3244890391
2021-02-11 08:00:27.450,1,0.7762287309970015,941.9351849141568,0.0,,1868249.0574229395
2021-02-11 08:00:27.460,1,0.7106419353181428,950.26771860625,0.0,,1886430.8067486659
2021-02-11 08:00:27.470,1,0.8216076174562872,948.4242965200656,0.0,,1882413.720255384
2021-02-11 08:00:27.480,1,0.6604031605832673,946.3914703937284,0.0,,1877967.0265076866
2021-02-11 08:00:27.490,1,0.6972806351686088,941.3438049129468,0.0,,1866953.5906506511
2021-02-11 08:00:27.500,1,0.7184825424593374,940.012183665703,0.0,,1864050.1488171865
2021-02-11 08:00:27.510,1,0.8556939641542346,948.6322305924864,0.0,,1882866.620771415
2021-02-11 08:00:27.520,1,0.7229815835911303,949.2519778837536,0.0,,1884215.6079048526
2021-02-11 08:00:27.530,1,0.8804592343932854,941.3146009186964,0.0,,1866897.2248949034
2021-02-11 08:00:27.540,1,0.8362688729776321,934.6369096707008,0.0,,1852334.7989935246
2021-02-11 08:00:27.550,1,0.8685686635942117,939.4160140500544,0.0,,1862760.5672478655
2021-02-11 08:00:27.560,1,0.6733591164201939,941.1715032442328,0.0,,1866573.9351296946
2021-02-11 08:00:27.570,1,0.6170421712281259,941.2033501494752,0.0,,1866642.003394442
2021-02-11 08:00:27.580,1,0.8084742191263521,938.0065981820302,0.0,,1859681.0467515762
2021-02-11 08:00:27.590,1,0.8853110481023924,944.3345230174529,0.0,,1873483.2361905214
2021-02-11 08:00:27.600,1,0.8733949112982227,932.4887554074832,0.0,,1847655.95466631
2021-02-11 08:00:27.610,1,0.9180407977915608,927.4090767925188,0.0,,1836589.1533536802
2021-02-11 08:00:27.620,1,0.8258379783640876,937.9119856674918,0.0,,1859479.2385375823
2021-02-11 08:00:27.630,1,0.8953958618729501,933.5524772522292,0.0,,1849972.5152403126
2021-02-11 08:00:27.640,1,0.9345921251248248,939.31080105223,0.0,,1862532.6802681696
2021-02-11 08:00:27.650,1,0.8255704543410085,926.6251601577598,0.0,,1834875.6977137092
2021-02-11 08:00:27.660,1,0.8007599914799555,933.3233664216692,0.0,,1849467.1356092028
2021-02-11 08:00:27.670,1,0.9633600416583268,934.2033572166864,0.0,,1851395.7209707196
2021-02-11 08:00:27.680,1,0.7099146291176175,938.0130961942748,0.0,,1859691.085674133
2021-02-11 08:00:27.690,1,0.6951618287565933,922.7631137039384,0.0,,1826458.2694345785
2021-02-11 08:00:27.700,1,0.7947154612514796,927.9967783932316,0.0,,1837861.1116752943
2021-02-11 08:00:27.710,1,0.7997079765331881,931.137077028142,0.0,,1844706.4720164433
2021-02-11 08:00:27.720,1,0.912423082822612,935.11663964801,0.0,,1853381.4019558232
2021-02-11 08:00:27.730,1,0.7936570952116511,928.0094782185404,0.0,,1837890.9209074469
2021-02-11 08:00:27.740,1,0.7745787331818424,927.3525675415168,0.0,,1836453.7866144471
2021-02-11 08:00:27.750,1,0.9723331980035426,927.8536724644024,0.0,,1837559.700508053
2021-02-11 08:00:27.760,1,0.8053347032483812,914.0223424362372,0.0,,1807445.6902483022
2021-02-11 08:00:27.770,1,0.9290301019504784,927.7156072949548,0.0,,1837253.6308025098
2021-02-11 08:00:27.780,1,0.8766304004388494,925.066292584406,0.0,,1831484.9386766106
2021-02-11 08:00:27.790,1,0.7482644008946717,920.1446807269048,0.0,,1820761.6033886862
2021-02-11 08:00:27.800,1,0.956002244233716,921.6120172059624,0.0,,1823967.1597345476
2021-02-11 08:00:27.810,1,0.7889862759670329,922.3935068409588,0.0,,1825654.2965752124
2021-02-11 08:00:27.820,1,0.7826478844154297,908.3668316722174,0.0,,1795148.0673020163
2021-02-11 08:00:27.830,1,0.9047241898282486,925.2977884449316,0.0,,1831993.2902097362
2021-02-11 08:00:27.840,1,0.9688077649202343,925.0141822567952,0.0,,1831373.9272640422
2021-02-11 08:00:27.850,1,0.8936772011045565,920.5569030623049,0.0,,1821667.6170709296
2021-02-11 08:00:27.860,1,0.8950072839819714,916.9963141330924,0.0,,1813918.0968875987
2021-02-11 08:00:27.870,1,0.9666464969174108,917.3166011062827,0.0,,1814616.5313498473
2021-02-11 08:00:27.880,1,0.7746776570260115,917.1563074959528,0.0,,1814262.0353011088
2021-02-11 08:00:27.890,1,0.7503282089329147,913.4733726451686,0.0,,1806244.7579246145
2021-02-11 08:00:27.900,1,1.0320002587713308,916.577120455918,0.0,,1813009.6975433764
2021-02-11 08:00:27.910,1,0.7458057164178216,909.7037082033988,0.0,,1798045.8465991232
2021-02-11 08:00:27.920,1,0.8358196534774986,913.3653860365646,0.0,,1806013.4314759506
2021-02-11 08:00:27.930,1,0.8520601482582636,913.543044248647,0.0,,1806404.5690871805
2021-02-11 08:00:27.940,1,0.7265878235988729,918.0086800912288,0.0,,1816113.9673251377
2021-02-11 08:00:27.950,1,0.7178062664746804,917.7301409308554,0.0,,1815507.545956241
2021-02-11 08:00:27.960,1,0.9234361601251996,919.8538281514816,0.0,,1820140.2493627719
2021-02-11 08:00:27.970,1,0.9004457926155311,916.0136824729018,0.0,,1811776.8531857505
2021-02-11 08:00:27.980,1,0.8162382355024403,914.266227323587,0.0,,1807975.918642717
2021-02-11 08:00:27.990,1,0.8617305896615545,916.6524311643776,0.0,,1813168.221067637
2021-02-11 08:00:28.000,1,0.7313165211840558,915.9126904931112,0.0,,1811553.4688757095
2021-02-11 08:00:28.010,1,1.0212055545890188,917.9581375534168,0.0,,1816016.4849534985
2021-02-11 08:00:28.020,1,0.8858444522497603,919.4483636925944,0.0,,1819254.4207993832
2021-02-11 08:00:28.030,1,0.9574918362815664,909.983495340363,0.0,,1798669.0496143664
2021-02-11 08:00:28.040,1,0.9987690518118932,923.3983416928862,0.0,,1827857.923362128
2021-02-11 08:00:28.050,1,0.6943110294098259,913.6408196901136,0.0,,1806607.2693857015
2021-02-11 08:00:28.060,1,0.7870357535843152,915.1479470765514,0.0,,1809891.4946568455
2021-02-11 08:00:28.070,1,0.8259979318970022,913.5210110866204,0.0,,1806355.2124775625
2021-02-11 08:00:28.080,1,0.887950870521232,913.9191633241984,0.0,,1807222.7320379545
2021-02-11 08:00:28.090,1,0.8216834462756233,912.875399986322,0.0,,1804950.3964441204
2021-02-11 08:00:28.100,1,0.7830176000364099,920.4109476298088,0.0,,1821342.1809974173
2021-02-11 08:00:28.110,1,0.7437804287713761,922.444139845256,0.0,,1825769.2316798314
2021-02-11 08:00:28.120,1,0.7764712814891828,925.1938417259356,0.0,,1831757.4847146661
2021-02-11 08:00:28.130,1,0.8150460131009442,910.8576127981164,0.0,,1800560.9009173866
2021-02-11 08:00:28.140,1,0.9356877627775066,926.4558728665066,0.0,,1834510.887902342
2021-02-11 08:00:28.150,1,0.7005615422056104,920.9686505710364,0.0,,1822555.3323242809
2021-02-11 08:00:28.160,1,0.938576760906568,923.7729087192696,0.0,,1828670.6447819346
2021-02-11 08:00:28.170,1,0.7670814542348664,926.2828826837176,0.0,,1834127.80703635
2021-02-11 08:00:28.180,1,0.8683639584512726,921.593839265252,0.0,,1823921.6807487193
2021-02-11 08:00:28.190,1,0.9268626152143428,929.6317115662127,0.0,,1841428.8863195947
2021-02-11 08:00:28.200,1,0.9416286332259766,920.2048014001576,0.0,,1820903.0089430297
2021-02-11 08:00:28.210,1,0.8976610879037645,931.003503797595,0.0,,1844418.0681580473
2021-02-11 08:00:28.220,1,0.8706966898363359,922.68417122371,0.0,,1826292.8321657886
2021-02-11 08:00:28.230,1,0.82248287207129,923.0073465545568,0.0,,1826997.908236579
2021-02-11 08:00:28.240,1,0.7996189218211731,932.0703977076472,0.0,,1846738.3805935099
2021-02-11 08:00:28.250,1,0.7002940084116072,926.2385433787924,0.0,,1834029.265482298
2021-02-11 08:00:28.260,1,0.9304961009642756,928.5895703731186,0.0,,1839157.416201487
2021-02-11 08:00:28.270,1,0.8506455834833097,921.5227221189126,0.0,,1823763.205349902
2021-02-11 08:00:28.280,1,0.6145892269673472,923.156479298462,0.0,,1827309.1376656233
2021-02-11 08:00:28.290,1,0.8469561389312916,921.994578066463,0.0,,1824796.0192555205
2021-02-11 08:00:28.300,1,0.7445058228292638,931.9529377882988,0.0,,1846477.727051692
2021-02-11 08:00:28.310,1,0.6197450096626445,934.6903504239084,0.0,,1852442.9332180035
2021-02-11 08:00:28.320,1,0.6411445841579169,931.2121271011696,0.0,,1844858.6875548682
2021-02-11 08:00:28.330,1,0.7289389680012504,935.581444247435,0.0,,1854388.333878034
2021-02-11 08:00:28.340,1,0.6189038436403537,933.0741112198192,0.0,,1848917.5670669961
2021-02-11 08:00:28.350,1,0.6555833503751116,942.4368000432904,0.0,,1869336.4220248444
2021-02-11 08:00:28.360,1,0.8608448669698859,944.0089775313112,0.0,,1872776.9030226318
2021-02-11 08:00:28.370,1,0.8442956465756928,931.6927102199616,0.0,,1845918.2340383087
2021-02-11 08:00:28.380,1,0.6875760722729867,937.1863572382588,0.0,,1857885.8589991827
2021-02-11 08:00:28.390,1,0.6485083850010692,945.8069965123548,0.0,,1876690.824470581
2021-02-11 08:00:28.400,1,0.7282476838079576,941.485321277731,0.0,,1867262.8958482195
2021-02-11 08:00:28.410,1,0.5782637907543446,945.2631090909985,0.0,,1875498.3253684412
2021-02-11 08:00:28.420,1,0.6559364279070606,928.949107149532,0.0,,1839928.0573441288
2021-02-11 08:00:28.430,1,0.7829310873442008,937.3465902225522,0.0,,1858238.7175068858
2021-02-11 08:00:28.440,1,0.6441439985793057,953.4288483502976,0.0,,1893333.8496198314
2021-02-11 08:00:28.450,1,0.8115466418317399,951.2661441722043,0.0,,1888615.9093498623
2021-02-11 08:00:28.460,1,0.7734320485894179,949.9081067276848,0.0,,1885651.929610173
2021-02-11 08:00:28.470,1,0.7982463448736052,945.0017776254008,0.0,,1874941.02380943
2021-02-11 08:00:28.480,1,0.8244166051418162,950.4760431648924,0.0,,1886891.3060939256
2021-02-11 08:00:28.490,1,0.6793333079054906,942.0590037538952,0.0,,1868513.5907885542
2021-02-11 08:00:28.500,1,0.6406096092835254,944.7650570742848,0.0,,1874419.1205220053
2021-02-11 08:00:28.510,1,0.7090052582891507,951.1757347280956,0.0,,1888417.8796847414
2021-02-11 08:00:28.520,1,0.6219221297788136,955.9506413151372,0.0,,1898841.580996139
2021-02-11 08:00:28.530,1,2.086307068140486,945.2141749967268,0.0,,1875470.8252099392
2021-02-11 08:00:28.540,1,0.699130897240059,947.4755355815772,0.0,,1880334.5662459391
2021-02-11 08:00:28.550,1,0.7658850235253186,939.076120173872,0.0,,1862008.2808320206
2021-02-11 08:00:28.560,1,0.5755384287562288,962.5155556147528,0.0,,1913188.457230447
2021-02-11 08:00:28.570,1,0.7880133140705807,941.8949388283286,0.0,,1868156.851331214
2021-02-11 08:00:28.580,1,0.7247750905965028,950.7826694070684,0.0,,1887553.8882149905
2021-02-11 08:00:28.590,1,0.6818676592936576,955.8602144730822,0.0,,1898645.8216974665
2021-02-11 08:00:28.600,1,0.7567324410632451,949.2847558336877,0.0,,1884285.90405766
2021-02-11 08:00:28.610,1,0.5568960251732972,957.268710286947,0.0,,1901716.3012593237
2021-02-11 08:00:28.620,1,0.8019843492687057,954.1145308712728,0.0,,1894838.622564179
2021-02-11 08:00:28.630,1,0.8341771126911144,958.8799945838985,0.0,,1905253.6993246383
2021-02-11 08:00:28.640,1,0.7082319062319808,953.2526604692684,0.0,,1892951.9395659452
2021-02-11 08:00:28.650,1,0.7354177284489462,950.2576560152156,0.0,,1886413.3184437328
2021-02-11 08:00:28.660,1,0.6218147383810726,957.0250887219004,0.0,,1901189.929408906
2021-02-11 08:00:28.670,1,0.7694575399913622,951.5773759303212,0.0,,1889295.861310916
2021-02-11 08:00:28.680,1,0.7872729237963781,949.5127985106934,0.0,,1884784.5484741884
2021-02-11 08:00:28.690,1,0.7703320012987769,959.7583666312042,0.0,,1907166.389838181
2021-02-11 08:00:28.700,1,0.6339425106939868,955.7137127418748,0.0,,1898323.3554151864
2021-02-11 08:00:28.710,1,0.7763388302931709,951.3297510443532,0.0,,1888754.2890717473
2021-02-11 08:00:28.720,1,0.8345857818952894,947.9535492251172,0.0,,1881384.231210907
2021-02-11 08:00:28.730,1,0.6161793197236292,956.5376312286876,0.0,,1900119.9799022747
2021-02-11 08:00:28.740,1,0.6908085027806585,946.1177894761348,0.0,,1877369.7778153706
2021-02-11 08:00:28.750,1,0.8670851396494207,954.9030827735904,0.0,,1896565.6209692848
2021-02-11 08:00:28.760,1,0.7705136477559017,954.8939755311176,0.0,,1896542.690317922
2021-02-11 08:00:28.770,1,0.7695648108059246,947.1577425751732,0.0,,1879648.8482436573
2021-02-11 08:00:28.780,1,0.6385513771128467,950.6740381784484,0.0,,1887315.1545734443
2021-02-11 08:00:28.790,1,0.9015729249429604,957.037833855796,0.0,,1901232.355599918
2021-02-11 08:00:28.800,1,0.6778045662895252,951.9160844878322,0.0,,1890026.1220027704
2021-02-11 08:00:28.810,1,0.7543442989175678,950.8687532230512,0.0,,1887747.4546139184
2021-02-11 08:00:28.820,1,0.7954598032724904,955.0906813522464,0.0,,1896969.7739526427
2021-02-11 08:00:28.830,1,0.8373088509734709,956.6393047410036,0.0,,1900352.8665936624
2021-02-11 08:00:28.840,1,0.7467958765949213,951.7458344445192,0.0,,1889659.9447387015
2021-02-11 08:00:28.850,1,0.7580890789031338,951.6868080737812,0.0,,1889535.2245424124
2021-02-11 08:00:28.860,1,0.6727418100835335,953.2177450059792,0.0,,1892874.9901401082
2021-02-11 08:00:28.870,1,0.7386741622358992,950.0131470605936,0.0,,1885874.288167398
2021-02-11 08:00:28.880,1,0.7810314204823327,946.7573973568784,0.0,,1878768.6489633538
2021-02-11 08:00:28.890,1,0.8206871186664757,957.24132893365,0.0,,1901669.5086938555
2021-02-11 08:00:28.900,1,0.8805851956647059,951.4607827894353,0.0,,1889046.9291765245
2021-02-11 08:00:28.910,1,0.9055284664301484,951.4255643283948,0.0,,1888971.2986484552
2021-02-11 08:00:28.920,1,0.7550853304892655,948.4379797953692,0.0,,1882439.9899150038
2021-02-11 08:00:28.930,1,0.9302184811212568,938.679291160982,0.0,,1861153.8646775342
2021-02-11 08:00:28.940,1,0.8151286266147549,945.0179617414497,0.0,,1874979.5120089932
2021-02-11 08:00:28.950,1,0.9443313948845524,953.8280281667415,0.0,,1894219.871575419
2021-02-11 08:00:28.960,1,0.8828203933955222,948.1195876130644,0.0,,1881748.1085615174
2021-02-11 08:00:28.970,1,0.7554589330104391,949.3250549964566,0.0,,1884373.9895235817
2021-02-11 08:00:28.980,1,0.8726637434299778,943.0698537832608,0.0,,1870725.4002662492
2021-02-11 08:00:28.990,1,0.7925240885362587,954.7793945418132,0.0,,1896291.5764263102
2021-02-11 08:00:29.000,0,0.9765800155288188,941.4106546720373,0.0,,1867114.4403912514
2021-02-11 08:00:29.010,0,0.8409217649829326,942.3933769056264,0.0,,1869248.199590858
2021-02-11 08:00:29.020,0,0.9342024702562668,947.2278364727812,0.0,,1879804.4507115763
2021-02-11 08:00:29.030,0,1.0446448147396672,939.6139893632576,0.0,,1863200.0114363781
2021-02-11 08:00:29.040,0,1.0673499338436705,948.2258167002116,0.0,,1881991.979589511
2021-02-11 08:00:29.050,0,1.0693539312698512,947.5729191774992,0.0,,1880564.9656269462
2021-02-11 08:00:29.060,0,0.7580932496879392,942.1871925680364,0.0,,1868794.0760913973
2021-02-11 08:00:29.070,0,0.8383748373167225,936.773076552642,0.0,,1856991.9475882226
2021-02-11 08:00:29.080,0,0.913192203446086,935.183611417858,0.0,,1853531.8924183378
2021-02-11 08:00:29.090,0,0.9731796631807872,936.2774367660604,0.0,,1855918.440758076
2021-02-11 08:00:29.100,0,0.8374391986461062,922.4773017482688,0.0,,1825841.7365974463
2021-02-11 08:00:29.110,0,0.7960637033690942,902.5093583175636,0.0,,1782414.5368341433
2021-02-11 08:00:29.120,0,0.8950471808867613,873.0258376097643,0.0,,1718476.4825147626
2021-02-11 08:00:29.130,0,0.7550993736576477,844.2821510216272,0.0,,1656339.7383795509
2021-02-11 08:00:29.140,0,0.7872059589012685,811.256542185533,0.0,,1585212.7475269842
2021-02-11 08:00:29.150,0,0.6312731344873098,766.1517502597337,0.0,,1488535.8164117548
2021-02-11 08:00:29.160,0,0.6615381774913975,731.0516736393689,0.0,,1413696.5644971782
2021-02-11 08:00:29.170,0,0.7114369707419397,684.541051508376,0.0,,1315087.8170452488
2021-02-11 08:00:29.180,0,0.5271797268031129,638.8977857571805,0.0,,1218952.221833961
2021-02-11 08:00:29.190,0,0.5098112539089527,599.2877790344733,0.0,,1136090.3928159324
2021-02-11 08:00:29.200,0,0.6230847618418766,555.8037553911529,0.0,,1045757.868555928
2021-02-11 08:00:29.210,0,0.4667933833152123,507.1242907676867,0.0,,945457.7303500405
2021-02-11 08:00:29.220,0,0.5045344038215172,469.42324973751846,0.0,,868440.0861605254
2021-02-11 08:00:29.230,0,0.4705873581031551,425.7220384050467,0.0,,779933.2655171242
2021-02-11 08:00:29.240,0,0.4253136598729785,388.4149107047104,0.0,,705093.7280589467
2021-02-11 08:00:29.250,0,0.3658841160989493,350.25850762939933,0.0,,629289.3616302727
2021-02-11 08:00:29.260,0,0.2750775749180004,311.3301525314348,1.0,,552792.5555519331
2021-02-11 08:00:29.270,0,0.2274677092776799,279.2814027306444,1.0,,490532.0901321468
2021-02-11 08:00:29.280,0,0.2867230424308313,244.96290727333664,1.0,,424651.1397288377
2021-02-11 08:00:29.290,0,0.2380190624716951,214.4849898975719,1.0,,366910.6629381708
2021-02-11 08:00:29.300,0,0.150715845494962,185.02575495446152,1.0,,311872.04866876046
2021-02-11 08:00:29.310,0,0.1321010181563542,159.24274566602975,1.0,,264420.89459085936
2021-02-11 08:00:29.320,0,0.1508202787467733,134.69504840450068,1.0,,219950.5335581639
2021-02-11 08:00:29.330,0,0.1007792082637999,112.25206878008456,2.0,,179986.4050158872
2021-02-11 08:00:29.340,0,0.0750061012497688,91.14752589786998,2.0,,143141.8393101043
2021-02-11 08:00:29.350,0,0.0882900239167937,72.1813045394353,2.0,,110744.74377124048
2021-02-11 08:00:29.360,0,0.0646009163219344,55.23680745474199,2.0,,82513.1351373002
2021-02-11 08:00:29.370,0,0.0384139207681056,39.65882596788181,2.0,,57315.602010442635
2021-02-11 08:00:29.380,0,0.0276719097461413,26.050665478092085,2.0,,36104.459526753686
2021-02-11 08:00:29.390,0,0.013755428594401,13.802065746028974,2.0,,17954.1529800702
2021-02-11 08:00:29.400,0,0.0017190638481917,3.1786340740772068,2.0,,3576.105760862499
2021-02-11 08:00:29.410,0,-0.007241643821435,0.0,2.0,,11.33495963530288
2021-02-11 08:00:29.420,0,-0.0153372197774219,0.0,2.0,,8.988263739272371
2021-02-11 08:00:29.430,0,-0.0172051636123309,0.0,2.0,,13.180606953239769
2021-02-11 08:00:29.440,0,-0.0270835082518427,0.0,2.0,,8.031666748122955
2021-02-11 08:00:29.450,0,-0.0218750633733972,0.0,2.0,,8.687759597958049
2021-02-11 08:00:29.460,0,-0.0323855965475083,0.0,2.0,,8.255197056255154
2021-02-11 08:00:29.470,0,-0.0370109824889313,0.0,2.0,,9.351967398495965
2021-02-11 08:00:29.480,0,-0.0348326261949389,0.0,2.0,,10.021955316965633
2021-02-11 08:00:29.490,0,-0.0398952724069439,0.0,2.0,,8.867627192983955
2021-02-11 08:00:29.500,0,-0.036175871129379,0.0,2.0,,8.634893648472703
2021-02-11 08:00:29.510,0,-0.0363421059323788,0.0,2.0,,8.31099503834789
2021-02-11 08:00:29.520,0,-0.0413271151692436,0.0,2.0,,12.543450687664787
2021-02-11 08:00:29.530,0,-0.0353047870281998,0.0,2.0,,8.524164891402943
2021-02-11 08:00:29.540,0,-0.0335511831782915,0.0,2.0,,9.342629521425815
2021-02-11 08:00:29.550,0,-0.0402797115146178,0.0,2.0,,10.561902955657244
2021-02-11 08:00:29.560,0,-0.0309325198071341,0.0,2.0,,9.607855513776036
2021-02-11 08:00:29.570,0,-0.0215354665491948,0.0,2.0,,7.457298832684213
2021-02-11 08:00:29.580,0,-0.0333991070252741,0.0,2.0,,7.428019381145706
2021-02-11 08:00:29.590,0,-0.0312977841391708,0.0,2.0,,6.656121111700643
2021-02-11 08:00:29.600,0,-0.0217470936296189,0.0,2.0,,8.993002760495187
2021-02-11 08:00:29.610,0,-0.0304998882808365,0.0,2.0,,12.071311253709036
2021-02-11 08:00:29.620,0,-0.0167959315031714,0.0,2.0,,12.53608827374335
2021-02-11 08:00:29.630,0,-0.0276122095166548,0.0,2.0,,9.79625264550199
2021-02-11 08:00:29.640,0,-0.0224472604450541,0.0,2.0,,9.880902920305427
2021-02-11 08:00:29.650,0,-0.0138807786882839,0.0,2.0,,11.405029700011017
2021-02-11 08:00:29.660,0,-0.0107257946313232,0.0,2.0,,10.158831314163285
2021-02-11 08:00:29.670,0,-0.0108103533515175,0.0,2.0,,7.04634528201528
2021-02-11 08:00:29.680,0,-0.0124585046329222,0.0,2.0,,10.3342679782401
2021-02-11 08:00:29.690,0,-0.0095278347916251,0.0,2.0,,12.706663252643244
2021-02-11 08:00:29.700,0,-0.0095033130003499,0.0,2.0,,11.2298771818941
2021-02-11 08:00:29.710,0,-0.008674504649482,0.0,2.0,,6.307687509410455
2021-02-11 08:00:29.720,0,-0.0090245762386305,0.0,2.0,,10.858149100057469
2021-02-11 08:00:29.730,0,-0.00115296505516,0.0,2.0,,10.417258508265508
2021-02-11 08:00:29.740,0,-0.0004231198496481,0.0,2.0,,11.406926047167072
2021-02-11 08:00:29.750,0,-0.002545877335019,0.0,2.0,,8.580162325148962
2021-02-11 08:00:29.760,0,0.0004062173249047,0.0,2.0,,8.788863076643638
2021-02-11 08:00:29.770,0,-0.010750502926937,0.0,2.0,,7.827330363230509
2021-02-11 08:00:29.780,0,0.0032845647973854,0.0,2.0,,8.572847084469847
2021-02-11 08:00:29.790,0,-0.0020400648748806,0.0,2.0,,9.937467115981505
2021-02-11 08:00:29.800,0,-0.0061268504653952,0.0,2.0,,12.554775505319927
2021-02-11 08:00:29.810,0,0.0012216689617701,0.0,2.0,,8.215973030256965
2021-02-11 08:00:29.820,0,-7.683750163696174e-05,0.0,2.0,,6.94821604492488
2021-02-11 08:00:29.830,0,-0.0001426052956868,0.0,2.0,,11.2122096160849
2021-02-11 08:00:29.840,0,-0.0017840541596165,0.1651463542831383,2.0,,148.20023867157988
2021-02-11 08:00:29.850,0,0.0069727116408974,0.5529267380066692,2.0,,530.8087338011936
2021-02-11 08:00:29.860,0,-0.0011344776332287,0.8954305783755012,2.0,,895.5179115512738
2021-02-11 08:00:29.870,0,0.0002117213237307,1.1803477034031924,2.0,,1206.6147913126001
2021-02-11 08:00:29.880,0,0.0028221407313735,1.4065286382523898,2.0,,1459.5698337204142
2021-02-11 08:00:29.890,0,-0.0031550395191314,1.6134995766903453,2.0,,1701.7411888111908
2021-02-11 08:00:29.900,0,0.0009443150227428,1.7538958874877533,2.0,,1860.1596648161378
2021-02-11 08:00:29.910,0,0.0078064979170306,1.8413513481639097,2.0,,1968.7458112998793
2021-02-11 08:00:29.920,0,0.0029613231015236,1.931101451246265,2.0,,2072.7910399094458
2021-02-11 08:00:29.930,0,-0.0009229280018003,1.980846074117299,2.0,,2129.863790556899
2021-02-11 08:00:29.940,0,0.0043318606312319,2.019364536265837,2.0,,2172.2148114280994
2021-02-11 08:00:29.950,0,-0.0017892024173545,2.0161838089540933,2.0,,2176.919656289304
2021-02-11 08:00:29.960,0,0.000679144185779,2.0079862138330182,2.0,,2161.3992870738402
2021-02-11 08:00:29.970,0,0.0060205339279072,1.9461541671857323,2.0,,2090.644000249568
2021-02-11 08:00:29.980,0,0.0035842737006088,1.90872432131614,2.0,,2044.6448391368185
2021-02-11 08:00:29.990,0,0.0009569944559583,1.839434992484708,2.0,,1967.039758265047
2021-02-11 08:00:30.000,0,-0.0030955783392348,1.776288223780074,2.0,,1889.4131396058926
2021-02-11 08:00:30.010,0,-0.0045949896236754,1.6969475899429092,2.0,,1799.2346475845306
2021-02-11 08:00:30.020,0,-0.0060175894460314,1.6058147933292737,2.0,,1691.3207494835715
2021-02-11 08:00:30.030,0,0.0030030225062737,1.5332958592433514,2.0,,1608.5190982721501
2021-02-11 08:00:30.040,0,-0.0040017903046358,1.4386035686470489,2.0,,1502.069239854045
2021-02-11 08:00:30.050,0,-0.0074339500100459,1.3444985873851834,2.0,,1392.778308417104
2021-02-11 08:00:30.060,0,0.0024388224314444,1.2469449066179863,2.0,,1281.4500185091524
2021-02-11 08:00:30.070,0,-0.001079320196605,1.1466903848585346,2.0,,1172.1433256290343
2021-02-11 08:00:30.080,0,-0.0006904223070843,1.0643756986596642,2.0,,1078.8605700072565
2021-02-11 08:00:30.090,0,0.0070424286800255,0.9624768616420544,2.0,,965.6573513154632
2021-02-11 08:00:30.100,0,-0.0039164639620265,0.8885890120585419,2.0,,891.9858671399616
2021-02-11 08:00:30.110,0,-0.0006533071487929,0.7935690996839502,2.0,,782.7226939621896
2021-02-11 08:00:30.120,0,-0.0030066934927077,0.7212694816025139,2.0,,708.3101326827043
2021-02-11 08:00:30.130,0,-0.0003998241571189,0.6477594844381165,2.0,,630.2082466771234
2021-02-11 08:00:30.140,0,0.0003086252481193,0.5725914562554809,2.0,,549.2515339082313
2021-02-11 08:00:30.150,0,4.315955173092849e-05,0.5003955452604014,2.0,,478.67323940097276
2021-02-11 08:00:30.160,0,0.0008963125722747,0.433853646643687,2.0,,407.45690793269495
2021-02-11 08:00:30.170,0,0.0053963675260972,0.3759627357426433,2.0,,348.1019123794053
2021-02-11 08:00:30.180,0,-0.0014784196268676,0.3198857926067113,2.0,,297.0065182554054
2021-02-11 08:00:30.190,0,-0.0026755069403214,0.2686749321426083,2.0,,247.12117188319039
2021-02-11 08:00:30.200,0,0.0015785529156465,0.2225856296382239,2.0,,201.86688614268354
2021-02-11 08:00:30.210,0,0.0085880472082669,0.1779792544784017,2.0,,159.77084036072404
2021-02-11 08:00:30.220,0,0.001406976382456,0.1400958219313575,2.0,,122.14302742731542
2021-02-11 08:00:30.230,0,-0.0012257502590233,0.1044555859816312,2.0,,94.25719937092441
2021-02-11 08:00:30.240,0,0.0006886750001061,0.0725715916150339,2.0,,67.18299900873967
2021-02-11 08:00:30.250,0,-0.0021806616914836,0.0441266514053357,2.0,,40.93885064278268
2021-02-11 08:00:30.260,0,0.001084599060651,0.0197498858427458,2.0,,19.38896666626498
2021-02-11 08:00:30.270,0,0.0049732536993811,0.0,2.0,,8.541403505071672
2021-02-11 08:00:30.280,0,-0.0006669487509265,0.0,2.0,,8.9136342526018
2021-02-11 08:00:30.290,0,0.000294674163397,0.0,2.0,,11.637327574576924
2021-02-11 08:00:30.300,0,-0.0019147677118696,0.0,2.0,,8.34644995888032
2021-02-11 08:00:30.310,0,-0.0025956975802428,0.0,2.0,,11.304576873407669
2021-02-11 08:00:30.320,0,0.0037082949857746,0.0,2.0,,12.572432564953647
2021-02-11 08:00:30.330,0,0.0006703089391798,0.0,2.0,,9.551935619550639
2021-02-11 08:00:30.340,0,0.005747738065182,0.0,2.0,,7.765125481171671
2021-02-11 08:00:30.350,0,-0.0052508519517264,0.0,2.0,,9.508868852001996
2021-02-11 08:00:30.360,0,0.001291373760618,0.0,2.0,,7.257903104659869
2021-02-11 08:00:30.370,0,-0.0012268104678213,0.0,2.0,,7.260350775972753
2021-02-11 08:00:30.380,0,0.0006274870485898,0.0,2.0,,9.335814121202578
2021-02-11 08:00:30.390,0,-0.0048179906360419,0.0,2.0,,10.501412517943896
2021-02-11 08:00:30.400,0,0.0050316084916561,0.0,2.0,,9.621599004305377
2021-02-11 08:00:30.410,0,0.0047115414452775,0.0,2.0,,12.472752933542338
2021-02-11 08:00:30.420,0,-0.0002021899845036,0.0,2.0,,12.082754232441527
2021-02-11 08:00:30.430,0,0.0003827860297412,0.0,2.0,,10.06440121430681
2021-02-11 08:00:30.440,0,0.0020617790474474,0.0,2.0,,5.187577991669243
2021-02-11 08:00:30.450,0,0.003954430958531,0.0,2.0,,14.359099401909784
2021-02-11 08:00:30.460,0,0.0023747116126762,0.0,2.0,,11.433974568786022
2021-02-11 08:00:30.470,0,-0.0006930824149968,0.0,2.0,,12.059662183054323
2021-02-11 08:00:30.480,0,0.0027238556761644,0.0,2.0,,8.737802638288606
2021-02-11 08:00:30.490,0,-0.0053609200520592,0.0,2.0,,6.973712131772229
2021-02-11 08:00:30.500,0,-0.0002126857771412,0.0,2.0,,12.921936029805032
2021-02-11 08:00:30.510,0,-0.0014040796804272,0.0,2.0,,9.178643150852524
2021-02-11 08:00:30.520,0,0.0003144586741109,0.0,2.0,,10.594635021302782
2021-02-11 08:00:30.530,0,0.0041618944079868,0.0,2.0,,9.283858280222976
2021-02-11 08:00:30.540,0,0.0045553840980815,0.0,2.0,,12.536241442774621
2021-02-11 08:00:30.550,0,-0.0023898368109085,0.0,2.0,,8.773576036710605
2021-02-11 08:00:30.560,0,0.0040954156692075,0.0,2.0,,10.047743554244231
2021-02-11 08:00:30.570,0,0.0041686382388486,0.0,2.0,,11.048120192734281
2021-02-11 08:00:30.580,0,0.0053756223684819,0.0,2.0,,6.19074313580877
2021-02-11 08:00:30.590,0,-0.0016409972924906,0.0,2.0,,10.524900715869167
2021-02-11 08:00:30.600,0,0.0027806113198173,0.0,2.0,,8.238930716914801
2021-02-11 08:00:30.610,0,-0.0002658404779018,0.0,2.0,,10.897791598753566
2021-02-11 08:00:30.620,0,-0.0028448894016052,0.0,2.0,,11.078362637080955
2021-02-11 08:00:30.630,0,-0.0004635116764156,0.0,2.0,,13.864708653246218
2021-02-11 08:00:30.640,0,-0.0014154720606059,0.0,2.0,,7.8339879594716235
2021-02-11 08:00:30.650,0,0.0007492109299059,0.0,2.0,,10.94697610603196
2021-02-11 08:00:30.660,0,-0.0037820320442031,0.0,2.0,,11.06073604766673
2021-02-11 08:00:30.670,0,0.0007818597493342,0.0,2.0,,11.052722622258678
2021-02-11 08:00:30.680,0,0.0031899871306492,0.0,2.0,,9.13355968660281
2021-02-11 08:00:30.690,0,-0.0015378349478669,0.0,2.0,,10.437049519066374
2021-02-11 08:00:30.700,0,0.000278387950474,0.0,2.0,,5.958839579202222
2021-02-11 08:00:30.710,0,-0.0024192075507055,0.0007217092360149,2.0,,11.41271947175058
2021-02-11 08:00:30.720,0,-0.001598893950711,0.0015123045190186,2.0,,10.318928476067645
2021-02-11 08:00:30.730,0,0.0025452793000116,0.0021748198614509,2.0,,12.39956512558336
2021-02-11 08:00:30.740,0,-0.0020358680944647,0.0027330266523402,2.0,,9.101921505026617
2021-02-11 08:00:30.750,0,0.0018637925900756,0.0031811795976709,2.0,,12.609502416119645
2021-02-11 08:00:30.760,0,-0.0031073407375154,0.0035161685979794,2.0,,12.457761129424169
2021-02-11 08:00:30.770,0,0.0008827550799117,0.0038051549731777,2.0,,11.553924903691856
2021-02-11 08:00:30.780,0,-0.0090651854879178,0.0040457447639368,2.0,,13.655379189739211
2021-02-11 08:00:30.790,0,-0.0002280511070636,0.0042267193647207,2.0,,10.225152729732333
2021-02-11 08:00:30.800,0,0.0036214327909018,0.0042489174131529,2.0,,9.994644198795173
2021-02-11 08:00:30.810,0,0.006224425723303,0.0042661994543535,2.0,,11.826135907559982
2021-02-11 08:00:30.820,0,0.0038211940701919,0.0042696229253713,2.0,,14.53323867062536
2021-02-11 08:00:30.830,0,-0.0049375953436069,0.0042122683654413,2.0,,14.342743374307453
2021-02-11 08:00:30.840,0,-0.0024483173378381,0.0041582414058359,2.0,,8.018359820827024
2021-02-11 08:00:30.850,0,0.0035280833425413,0.0040174019708993,2.0,,11.252649548686117
2021-02-11 08:00:30.860,0,-0.0045200637880426,0.0038914975125863,2.0,,13.023381734842275
2021-02-11 08:00:30.870,0,-0.001575304677667,0.0037422447595324,2.0,,8.917961172687841
2021-02-11 08:00:30.880,0,-0.0007585788144504,0.0035710832523973,2.0,,12.03271235853627
2021-02-11 08:00:30.890,0,-0.0023579316537249,0.0033829797917721,2.0,,8.46509697685714
2021-02-11 08:00:30.900,0,-0.0008100304301439,0.0031801622201595,2.0,,9.2399248779372
2021-02-11 08:00:30.910,0,0.0031752318669089,0.0029684018808713,2.0,,12.639175429539986
2021-02-11 08:00:30.920,0,0.0044613340396441,0.0027754115512982,2.0,,10.154592907247883
2021-02-11 08:00:30.930,0,-0.003695601394479,0.0025634021034975,2.0,,11.73424617264298
2021-02-11 08:00:30.940,0,0.0025601988825056,0.0023703084862491,2.0,,10.675193826249183
2021-02-11 08:00:30.950,0,-0.0006133644968422,0.0021707953732048,2.0,,11.418211900999424
2021-02-11 08:00:30.960,0,0.0021865827944299,0.0019929998871686,2.0,,10.339163383633064
2021-02-11 08:00:30.970,0,-0.0022532063863334,0.0018150549941843,2.0,,10.893331604626146
2021-02-11 08:00:30.980,0,-0.0016469112198584,0.0016350893361125,2.0,,11.777396022053264
2021-02-11 08:00:30.990,0,0.0010380680005989,0.001453956207893,2.0,,13.243559707949721
2021-02-11 08:00:31.000,1,0.0020050657578597,0.0013027443284527,2.0,,10.0432662974335
2021-02-11 08:00:31.010,1,0.003568659874655,0.0011533598320235,2.0,,9.96174732267943
2021-02-11 08:00:31.020,1,-0.0039795329238689,0.0010036482935383,2.0,,13.266889664782312
2021-02-11 08:00:31.030,1,-0.0014160769326396,0.0008790067086098,2.0,,13.636896762828687
2021-02-11 08:00:31.040,1,0.0045602400756879,0.0007552773494038,2.0,,11.470563872754942
2021-02-11 08:00:31.050,1,0.0013887833826453,0.0006346052599391,2.0,,13.220539006414196
2021-02-11 08:00:31.060,1,-0.0009803754012564,0.0005268878919994,2.0,,7.142920762209808
2021-02-11 08:00:31.070,1,-0.002164169577685,0.0004260083922053,2.0,,11.302933590462807
2021-02-11 08:00:31.080,1,-0.0024185564164165,0.0003428297467329,2.0,,9.816380805600595
2021-02-11 08:00:31.090,1,0.0035128615735585,2.3625773241815264,2.0,,2586.483666146454
2021-02-11 08:00:31.100,1,0.0042183059128404,8.929921827203051,2.0,,11122.970455793746
2021-02-11 08:00:31.110,1,0.0203581812558613,20.666332976099728,1.0,,27990.003474654437
2021-02-11 08:00:31.120,1,0.033002314602804,38.15363946138887,1.0,,54924.23618005285
2021-02-11 08:00:31.130,1,0.0360750643676078,59.74344433255381,1.0,,89943.15615174844
2021-02-11 08:00:31.140,1,0.0603510106994793,85.09659616895992,1.0,,132720.2636750394
2021-02-11 08:00:31.150,1,0.0950575477529745,115.16430329797728,1.0,,185133.90004629502
2021-02-11 08:00:31.160,1,0.1286670087567495,146.29164280012986,1.0,,240862.6494671208
2021-02-11 08:00:31.170,1,0.1211141397530946,179.58393960495889,1.0,,301798.93630227516
2021-02-11 08:00:31.180,1,0.1860087899057085,212.89506071151592,0.0,,363917.135760406
2021-02-11 08:00:31.190,1,0.1493066947891941,246.8811172301465,0.0,,428305.0888747255
2021-02-11 08:00:31.200,1,0.2152925056826072,287.5408374243036,0.0,,506508.4955737226
2021-02-11 08:00:31.210,1,0.2563408227608058,326.21887477585585,0.0,,581940.4382162328
2021-02-11 08:00:31.220,1,0.2720959462190082,366.8652853679213,0.0,,662175.6766776862
2021-02-11 08:00:31.230,1,0.2980000062579932,406.8724065231495,0.0,,742026.0314939618
2021-02-11 08:00:31.240,1,0.3259057812377829,446.2567562853079,0.0,,821406.0863287214
2021-02-11 08:00:31.250,1,0.3682514749610316,489.86665748629713,0.0,,910121.1123204138
2021-02-11 08:00:31.260,1,0.3956349751317317,522.1273716232264,0.0,,976263.2230844666
2021-02-11 08:00:31.270,1,0.4624398884198419,561.0105651704924,0.0,,1056531.2529413938
2021-02-11 08:00:31.280,1,0.4361060307745383,595.2255538800291,0.0,,1127617.3203544694
2021-02-11 08:00:31.290,1,0.4330437884114111,632.0533192535714,0.0,,1204591.2971773548
2021-02-11 08:00:31.300,1,0.580086770199417,669.9519628012332,0.0,,1284280.4959111887
2021-02-11 08:00:31.310,1,0.5531646362450789,705.2232286347588,0.0,,1358846.6965788088
2021-02-11 08:00:31.320,1,0.4569092654001448,730.8448955148139,0.0,,1413250.486546978
2021-02-11 08:00:31.330,1,0.5723364837353558,754.9763139490348,0.0,,1464661.6059319403
2021-02-11 08:00:31.340,1,0.511059229590217,779.5591901864909,0.0,,1517207.281864809
2021-02-11 08:00:31.350,1,0.5059617909565327,808.8868538499602,0.0,,1580106.7555266311
2021-02-11 08:00:31.360,1,0.6719192234519945,826.987935307905,0.0,,1619051.9726643465
2021-02-11 08:00:31.370,1,0.5412336617411845,844.1808376622055,0.0,,1656108.4133307775
2021-02-11 08:00:31.380,1,0.6808285165184877,866.9227693797229,0.0,,1705259.8916021248
2021-02-11 08:00:31.390,1,0.7848188259803516,880.3355653606427,0.0,,1734307.0759362231
2021-02-11 08:00:31.400,1,0.7729557677665734,904.041345959018,0.0,,1785743.1702117203
2021-02-11 08:00:31.410,1,0.5652128753473067,906.9969626330576,0.0,,1792157.5063485256
2021-02-11 08:00:31.420,1,0.5590735471941409,920.1533799505032,0.0,,1820771.1010819434
2021-02-11 08:00:31.430,1,0.6877598478921448,930.044078913529,0.0,,1842315.2990500918
2021-02-11 08:00:31.440,1,0.6394423847835615,945.8917277779774,0.0,,1876872.6987746444
2021-02-11 08:00:31.450,1,0.8168752255611491,951.789322197025,0.0,,1889757.6636529649
2021-02-11 08:00:31.460,1,0.638829415650359,962.4242492354648,0.0,,1912991.7588441405
2021-02-11 08:00:31.470,1,0.7870939472162323,954.39536685141,0.0,,1895446.9775550384
2021-02-11 08:00:31.480,1,0.8286190632346216,966.2336557152428,0.0,,1921331.9591000353
2021-02-11 08:00:31.490,1,0.7215983090635851,967.4509546427804,0.0,,1923990.3508396023
2021-02-11 08:00:31.500,1,0.7055275598268957,977.4503105345512,0.0,,1945873.1476077759
2021-02-11 08:00:31.510,1,0.7481746438723074,976.0143134490172,0.0,,1942732.025776363
2021-02-11 08:00:31.520,1,0.6939792560580325,978.2186233732132,0.0,,1947555.5299084175
2021-02-11 08:00:31.530,1,0.8447835242202809,976.7323896862408,0.0,,1944309.465177372
2021-02-11 08:00:31.540,1,0.8336840744762797,985.0897499318022,0.0,,1962613.600974086
2021-02-11 08:00:31.550,1,0.7329971039711245,981.58159407208,0.0,,1954921.9632081483
2021-02-11 08:00:31.560,1,0.6162397316660122,988.5788566575944,0.0,,1970255.0523754524
2021-02-11 08:00:31.570,1,0.8265836218120051,983.598263102249,0.0,,1959344.552854097
2021-02-11 08:00:31.580,1,0.6025957031482463,973.47971081146,0.0,,1937174.215805743
2021-02-11 08:00:31.590,1,0.6555453132680509,971.9019784538748,0.0,,1933722.6804442657
2021-02-11 08:00:31.600,1,0.7430233448080925,979.405962401857,0.0,,1950157.9452798388
2021-02-11 08:00:31.610,1,0.6194472597879235,967.964637101703,0.0,,1925106.0047772673
2021-02-11 08:00:31.620,1,0.6446636752288559,973.1663535376772,0.0,,1936488.524760558
2021-02-11 08:00:31.630,1,0.643377719644933,966.4631363366692,0.0,,1921821.335879852
2021-02-11 08:00:31.640,1,0.7005658225556614,965.6059179094484,0.0,,1919949.4366576783
2021-02-11 08:00:31.650,1,0.6229605000137209,966.9498352290616,0.0,,1922884.956455392
2021-02-11 08:00:31.660,1,0.6873919920777745,960.726879149018,0.0,,1909283.8705162017
2021-02-11 08:00:31.670,1,0.7636628224295255,967.6335658523776,0.0,,1924389.3364577556
2021-02-11 08:00:31.680,1,0.6435195564916877,961.2301419095768,0.0,,1910377.0223014916
2021-02-11 08:00:31.690,1,0.8404725709857664,963.1207526377912,0.0,,1914518.928351541
2021-02-11 08:00:31.700,1,0.7624257025307281,962.6333828671236,0.0,,1913451.1770258625
2021-02-11 08:00:31.710,1,0.6090665000578923,959.2162787075076,0.0,,1905975.5769650459
2021-02-11 08:00:31.720,1,0.633382648929533,962.2208445703296,0.0,,1912544.8067549663
2021-02-11 08:00:31.730,1,0.6739071115092345,949.505088575936,0.0,,1884764.4300269128
2021-02-11 08:00:31.740,1,0.6786256752702138,954.423663949194,0.0,,1895504.5755086502
2021-02-11 08:00:31.750,1,0.709996289560946,948.4204780307738,0.0,,1882393.6620597038
2021-02-11 08:00:31.760,1,0.6552129731123795,955.6315152979251,0.0,,1898144.640457071
2021-02-11 08:00:31.770,1,0.6597665633156122,950.5991849319544,0.0,,1887153.8236315965
2021-02-11 08:00:31.780,1,0.6594197891691753,957.6365088519872,0.0,,1902526.5945131355
2021-02-11 08:00:31.790,1,0.771724786140857,948.0949133341712,0.0,,1881692.8212843009
2021-02-11 08:00:31.800,1,0.7423139616596699,947.9643258450592,0.0,,1881404.7446259456
2021-02-11 08:00:31.810,1,0.605474850133816,949.5599178577066,0.0,,1884882.7611545809
2021-02-11 08:00:31.820,1,0.5556599049957941,937.9928285157732,0.0,,1859635.7196136913
2021-02-11 08:00:31.830,1,0.6134800859468481,944.9549088559372,0.0,,1874830.824015929
2021-02-11 08:00:31.840,1,0.7702229530832048,947.6852740661752,0.0,,1880795.3249808247
2021-02-11 08:00:31.850,1,0.5371675985603194,947.3701546313844,0.0,,1880097.4999710356
2021-02-11 08:00:31.860,1,0.5623217586425687,948.7029240198804,0.0,,1883008.6890001444
2021-02-11 08:00:31.870,1,0.6285762384892636,950.6763064587992,0.0,,1887317.9252793668
2021-02-11 08:00:31.880,1,0.7215592131903398,949.6562101282996,0.0,,1885096.047953884
2021-02-11 08:00:31.890,1,0.6440087312665687,946.5959377330456,0.0,,1878414.7041144003
2021-02-11 08:00:31.900,1,0.5716411489063925,949.046889637828,0.0,,1883761.9026237521
2021-02-11 08:00:31.910,1,0.6288788342077377,953.629631415595,0.0,,1893772.4604656773
2021-02-11 08:00:31.920,1,0.5595920700859576,952.4948581628096,0.0,,1891288.761790687
2021-02-11 08:00:31.930,1,0.5077685238234482,949.1248693700754,0.0,,1883929.506709812
2021-02-11 08:00:31.940,1,0.5888898944514392,954.3456956745448,0.0,,1895333.4488514138
2021-02-11 08:00:31.950,1,0.6870976392333503,958.3242620808716,0.0,,1904029.39148954
2021-02-11 08:00:31.960,1,0.5364903646636221,953.8557819803766,0.0,,1894257.2663150073
2021-02-11 08:00:31.970,1,0.617113531727308,953.6947290164846,0.0,,1893909.740341824
2021-02-11 08:00:31.980,1,0.5341671973086429,950.8059578360628,0.0,,1887600.4756729354
2021-02-11 08:00:31.990,1,0.5014098818296018,962.5835126996408,0.0,,1913328.2887800704
2021-02-11 08:00:32.000,1,0.5633152409983336,953.1968745779058,0.0,,1892823.7745020723
2021-02-11 08:00:32.010,1,0.6477941072816921,950.1086181933916,0.0,,1886081.0364334988
2021-02-11 08:00:32.020,1,0.6882194245675171,963.28199938231,0.0,,1914866.7624555088
2021-02-11 08:00:32.030,1,0.7109303507729778,964.2182081616684,0.0,,1916917.125999531
2021-02-11 08:00:32.040,1,0.6489361695929878,965.9081808935068,0.0,,1920609.6952422098
2021-02-11 08:00:32.050,1,0.5430463341950849,957.624340138981,0.0,,1902496.313640936
2021-02-11 08:00:32.060,1,0.5992477615642589,960.038356440309,0.0,,1907771.6287345605
2021-02-11 08:00:32.070,1,0.4897934666422319,957.329275141316,0.0,,1901842.618624929
2021-02-11 08:00:32.080,1,0.6642716647039939,963.821839505338,0.0,,1916046.4286161938
2021-02-11 08:00:32.090,1,0.5951749772020963,969.7616400350638,0.0,,1929038.5292807946
2021-02-11 08:00:32.100,1,0.5758569468278053,956.8993055158176,0.0,,1900908.730219204
2021-02-11 08:00:32.110,1,0.5179236561613473,959.6349647245476,0.0,,1906885.3148558633
2021-02-11 08:00:32.120,1,0.5079105338221869,971.2770618272322,0.0,,1932346.598502783
2021-02-11 08:00:32.130,1,0.4652802444750188,971.9073731471748,0.0,,1933726.7805223828
2021-02-11 08:00:32.140,1,0.4831555707683691,967.2911070808772,0.0,,1923625.1607103345
2021-02-11 08:00:32.150,1,0.5397152583291162,960.8399994375596,0.0,,1909524.7650287696
2021-02-11 08:00:32.160,1,0.5810639140157469,973.1139413419662,0.0,,1936368.5860064025
2021-02-11 08:00:32.170,1,0.5023295712348306,959.2472395404164,0.0,,1906039.5688610931
2021-02-11 08:00:32.180,1,0.4799004374235014,958.5817195216777,0.0,,1904583.2691234003
2021-02-11 08:00:32.190,1,0.6435616472093386,969.5120739595396,0.0,,1928489.1559548047
2021-02-11 08:00:32.200,1,0.6290151204503321,959.0008520541852,0.0,,1905501.4171881473
2021-02-11 08:00:32.210,1,0.5190933185078141,965.41825006125,0.0,,1919534.475622271
2021-02-11 08:00:32.220,1,0.5009205464099844,963.0508679419949,0.0,,1914353.4507179712
2021-02-11 08:00:32.230,1,0.6529707144393967,966.9853814992848,0.0,,1922962.3561448466
2021-02-11 08:00:32.240,1,0.4920788506949942,961.7056210912586,0.0,,1911412.1377971212
2021-02-11 08:00:32.250,1,0.7099098092163805,971.160832729221,0.0,,1932104.851045914
2021-02-11 08:00:32.260,1,0.4903425727898897,964.1047312372132,0.0,,1916654.1921488666
2021-02-11 08:00:32.270,1,0.5262804513884467,964.8086997901896,0.0,,1918198.945321377
2021-02-11 08:00:32.280,1,0.6979129237947079,962.5178108192472,0.0,,1913196.1173053922
2021-02-11 08:00:32.290,1,0.6455709715440839,966.1435046938094,0.0,,1921124.5299469146
2021-02-11 08:00:32.300,1,0.5968937766915184,962.0197344468004,0.0,,1912106.3657280954
2021-02-11 08:00:32.310,1,0.6023790799560707,967.3605524801326,0.0,,1923787.201384866
2021-02-11 08:00:32.320,1,0.5284589893188133,963.0040528481684,0.0,,1914250.7190255458
2021-02-11 08:00:32.330,1,0.5004919810761939,972.1399633363392,0.0,,1934234.4672601053
2021-02-11 08:00:32.340,1,0.5158718140067885,955.8359974740604,0.0,,1898587.036344678
2021-02-11 08:00:32.350,1,0.5159902332980827,966.253451127448,0.0,,1921359.999953825
2021-02-11 08:00:32.360,1,0.5786463887551845,966.8034515614092,0.0,,1922563.0800304322
2021-02-11 08:00:32.370,1,0.6182563972004856,973.868635645752,0.0,,1938024.4611174352
2021-02-11 08:00:32.380,1,0.6086797794137375,967.6788948161352,0.0,,1924479.9467603248
2021-02-11 08:00:32.390,1,0.5181308735571921,961.4341418829388,0.0,,1910820.1300491213
2021-02-11 08:00:32.400,1,0.69202402662832,965.5033023949252,0.0,,1919727.966843635
2021-02-11 08:00:32.410,1,0.6296556195450078,967.2146440368256,0.0,,1923465.0060596543
2021-02-11 08:00:32.420,1,0.7062767141389712,962.4365522809668,0.0,,1913020.450061282
2021-02-11 08:00:32.430,1,0.5675329830850615,960.6395189865024,0.0,,1909084.1109448317
2021-02-11 08:00:32.440,1,0.7756779397603122,962.8347219159403,0.0,,1913897.2987116633
2021-02-11 08:00:32.450,1,0.6554330217501161,959.8058318497292,0.0,,1907267.5700952087
2021-02-11 08:00:32.460,1,0.6055036169185276,948.7993974132193,0.0,,1883221.4993475114
2021-02-11 08:00:32.470,1,0.635741304488652,964.4954714463288,0.0,,1917520.0604552224
2021-02-11 08:00:32.480,1,0.8114619777816944,959.8104352518714,0.0,,1907283.3543619856
2021-02-11 08:00:32.490,1,0.7701105045234214,956.1682899918168,0.0,,1899319.5171122144
2021-02-11 08:00:32.500,1,0.8140592832443161,962.0489181462666,0.0,,1912176.7989384956
2021-02-11 08:00:32.510,1,0.8470091418117431,957.2504363913353,0.0,,1901692.5296611974
2021-02-11 08:00:32.520,1,0.7433096178133368,963.3680745354736,0.0,,1915058.6094853831
2021-02-11 08:00:32.530,1,0.5796153668058448,952.4496943077426,0.0,,1891187.0018038433
2021-02-11 08:00:32.540,1,0.8263196397936918,946.969543004613,0.0,,1879235.9808323854
2021-02-11 08:00:32.550,1,0.5960365929365494,950.3085316213164,0.0,,1886515.2268204642
2021-02-11 08:00:32.560,1,0.721487610793567,955.38063421885,0.0,,1897603.171280309
2021-02-11 08:00:32.570,1,0.8301907573882856,940.3605678409692,0.0,,1864814.8101690018
2021-02-11 08:00:32.580,1,0.7481303001641529,953.1971163823642,0.0,,1892834.8437640227
2021-02-11 08:00:32.590,1,0.7489239441091406,946.77797321013,0.0,,1878812.0463928278
2021-02-11 08:00:32.600,1,0.8920106389117101,946.1989467158444,0.0,,1877554.7535188778
2021-02-11 08:00:32.610,1,0.6493864790878439,950.1558283081084,0.0,,1886185.267351507
2021-02-11 08:00:32.620,1,0.6955515152363845,943.5775019049732,0.0,,1871826.7174067725
2021-02-11 08:00:32.630,1,0.6797221309426663,951.8159675208284,0.0,,1889810.4401892552
2021-02-11 08:00:32.640,1,0.8084075361756152,943.865950242984,0.0,,1872460.7903479286
2021-02-11 08:00:32.650,1,0.8392635026850359,946.5409305093503,0.0,,1878296.2172163548
2021-02-11 08:00:32.660,1,0.8445568864425128,932.8113872073686,0.0,,1848357.4642355843
2021-02-11 08:00:32.670,1,0.901173699170968,942.963362115926,0.0,,1870498.5114215927
2021-02-11 08:00:32.680,1,0.6633477194123352,942.772812464904,0.0,,1870071.3896160824
2021-02-11 08:00:32.690,1,0.7372437055445068,937.7747013759712,0.0,,1859172.0007756131
2021-02-11 08:00:32.700,1,0.7470370123508877,938.0191923553908,0.0,,1859705.5279248657
2021-02-11 08:00:32.710,1,0.8253790454370036,944.9966392404564,0.0,,1874933.9409537923
2021-02-11 08:00:32.720,1,0.9097949874522498,931.9003863763412,0.0,,1846372.9403122282
2021-02-11 08:00:32.730,1,0.6994820340696435,936.4212994334098,0.0,,1856221.0250878811
2021-02-11 08:00:32.740,1,0.6991101319708077,933.723162987575,0.0,,1850336.6735616392
2021-02-11 08:00:32.750,1,0.7103260231576508,924.1638543475008,0.0,,1829511.6116413565
2021-02-11 08:00:32.760,1,0.7273574559028693,933.231085618534,0.0,,1849263.504879294
2021-02-11 08:00:32.770,1,0.7349228032097589,932.9539129817764,0.0,,1848658.6973547984
2021-02-11 08:00:32.780,1,0.8463242621101921,935.9012751025972,0.0,,1855093.0293440262
2021-02-11 08:00:32.790,1,0.7476037567590437,928.4233761489912,0.0,,1838786.1847746253
2021-02-11 08:00:32.800,1,0.8316417241523674,932.005703066827,0.0,,1846598.7313756533
2021-02-11 08:00:32.810,1,0.7403512304970269,939.4606662226572,0.0,,1862848.3274218987
2021-02-11 08:00:32.820,1,0.7003116323629789,933.2368327661724,0.0,,1849276.3878424456
2021-02-11 08:00:32.830,1,0.6483606788114856,926.0114875600508,0.0,,1833528.81448324
2021-02-11 08:00:32.840,1,0.7183784703771927,931.7703555869482,0.0,,1846081.7951120522
2021-02-11 08:00:32.850,1,0.9270081041873802,924.0628207265712,0.0,,1829299.1690327248
2021-02-11 08:00:32.860,1,0.6492708038323253,931.6460815001644,0.0,,1845803.41770918
2021-02-11 08:00:32.870,1,0.6614039646101048,934.3947920194184,0.0,,1851794.1791797804
2021-02-11 08:00:32.880,1,0.7027759063346638,924.5764140611568,0.0,,1830411.5952126384
2021-02-11 08:00:32.890,1,0.7873751907117581,922.8061886524556,0.0,,1826557.4240653946
2021-02-11 08:00:32.900,1,0.8231383670097121,921.9514924741246,0.0,,1824701.0497525337
2021-02-11 08:00:32.910,1,0.8159430332154562,923.3260038804256,0.0,,1827693.4652451735
2021-02-11 08:00:32.920,1,0.6663129336022297,921.0532105265976,0.0,,1822732.025926379
2021-02-11 08:00:32.930,1,0.8017338321414511,923.497699156499,0.0,,1828062.3353669445
2021-02-11 08:00:32.940,1,0.77457233987091,931.754159700946,0.0,,1846048.8914800596
2021-02-11 08:00:32.950,1,0.6763774044948965,922.3294113522728,0.0,,1825514.407084861
2021-02-11 08:00:32.960,1,0.8349723393989674,928.8860697495868,0.0,,1839802.6366014965
2021-02-11 08:00:32.970,1,0.6188263177552977,927.00841716632,0.0,,1835701.656448054
2021-02-11 08:00:32.980,1,0.8984147848879556,925.5739881320674,0.0,,1832589.5466974927
2021-02-11 08:00:32.990,1,0.6048242338174806,925.8382229746984,0.0,,1833151.6907462939
2021-02-11 08:00:33.000,1,0.6637543215218243,918.0291897125728,0.0,,1816153.4915362387
2021-02-11 08:00:33.010,1,0.8013802369676535,922.9410148766088,0.0,,1826851.6948379448
2021-02-11 08:00:33.020,1,0.6081922770871226,921.628308157939,0.0,,1823981.972370888
2021-02-11 08:00:33.030,1,0.5890961112709346,927.3130510728914,0.0,,1836359.1725460428
2021-02-11 08:00:33.040,1,0.6791806448143823,913.6207403997998,0.0,,1806562.2549577132
2021-02-11 08:00:33.050,1,0.5968997394751797,922.2150860571496,0.0,,1825261.8089237157
2021-02-11 08:00:33.060,1,0.5716460727984268,927.7606692441784,0.0,,1837334.1699332912
2021-02-11 08:00:33.070,1,0.7711830495327451,926.013721181748,0.0,,1833542.4632499288
2021-02-11 08:00:33.080,1,0.7907696451001883,925.9832132198828,0.0,,1833476.023495673
2021-02-11 08:00:33.090,1,0.6967527752420557,931.8668996262406,0.0,,1846291.8709032831
2021-02-11 08:00:33.100,1,0.5948778778902134,932.4249235092668,0.0,,1847501.2776285845
2021-02-11 08:00:33.110,1,0.806013597427303,919.9432139298924,0.0,,1820324.9264922403
2021-02-11 08:00:33.120,1,0.7274883951728507,925.0392481086632,0.0,,1831419.15389492
2021-02-11 08:00:33.130,1,0.7701390722235987,928.897464400652,0.0,,1839822.8345058947
2021-02-11 08:00:33.140,1,0.7962740121606097,934.3882648631896,0.0,,1851788.6325580657
2021-02-11 08:00:33.150,1,0.6171466763064317,929.7295103093404,0.0,,1841624.6417120001
2021-02-11 08:00:33.160,1,0.6389257670948563,930.0120359171812,0.0,,1842245.6248078805
2021-02-11 08:00:33.170,1,0.714864106206515,924.4676953120644,0.0,,1830171.5945677601
2021-02-11 08:00:33.180,1,0.688194652682274,925.3003857253672,0.0,,1831981.8146511116
2021-02-11 08:00:33.190,1,0.7181679548804901,931.8621655725302,0.0,,1846277.3451751005
2021-02-11 08:00:33.200,1,0.5960010533977487,931.1793233612696,0.0,,1844788.8013540292
2021-02-11 08:00:33.210,1,0.5195698452408338,931.682959435372,0.0,,1845878.6657938433
2021-02-11 08:00:33.220,1,0.6986255459124002,933.9216398212924,0.0,,1850769.0558805258
2021-02-11 08:00:33.230,1,0.5075420385103766,925.6769463556484,0.0,,1832797.370343795
2021-02-11 08:00:33.240,1,0.6156469031213574,938.0808827867196,0.0,,1859829.9592109579
2021-02-11 08:00:33.250,1,0.631522547959813,928.2860706760912,0.0,,1838482.214290427
2021-02-11 08:00:33.260,1,0.5080850104263136,937.9013291641832,0.0,,1859436.1565560119
2021-02-11 08:00:33.270,1,0.6188315280373494,929.1363225126336,0.0,,1840339.791728662
2021-02-11 08:00:33.280,1,0.4766246389945971,941.2435728480406,0.0,,1866722.3054588477
2021-02-11 08:00:33.290,1,0.6455072591675114,941.923359603956,0.0,,1868213.7266300675
2021-02-11 08:00:33.300,1,0.5827921912571342,937.101258892835,0.0,,1857697.9979211392
2021-02-11 08:00:33.310,1,0.5723504408975364,937.2327783492016,0.0,,1857979.1370978656
2021-02-11 08:00:33.320,1,0.4899310635117523,935.8217483461234,0.0,,1854900.5846525722
2021-02-11 08:00:33.330,1,0.5544891093633392,941.053513077385,0.0,,1866315.9185850818
2021-02-11 08:00:33.340,1,0.4935153293751005,933.9461127129982,0.0,,1850811.0933863085
2021-02-11 08:00:33.350,1,0.4648776761254405,949.31900056475,0.0,,1884346.0965522903
2021-02-11 08:00:33.360,1,0.6109170612994643,941.675249664152,0.0,,1867670.005512938
2021-02-11 08:00:33.370,1,0.6605885148574124,941.644628552404,0.0,,1867603.8864991483
2021-02-11 08:00:33.380,1,0.6094448234073385,946.334491333489,0.0,,1877838.2756154838
2021-02-11 08:00:33.390,1,0.4611800114861395,945.779084121866,0.0,,1876620.8781614576
2021-02-11 08:00:33.400,1,0.4511240492286741,935.0304329984032,0.0,,1853172.678556163
2021-02-11 08:00:33.410,1,0.4932751600647176,950.2667527024482,0.0,,1886422.6478221952
2021-02-11 08:00:33.420,1,0.5302241312897343,942.172050713097,0.0,,1868754.0322504411
2021-02-11 08:00:33.430,1,0.468486408581597,945.8753018487884,0.0,,1876827.54185491
2021-02-11 08:00:33.440,1,0.5531472574577853,951.1471615889496,0.0,,1888344.4884588786
2021-02-11 08:00:33.450,1,0.6237701440067909,948.8646920916732,0.0,,1883363.1215855752
2021-02-11 08:00:33.460,1,0.5957689374659332,950.7284485872976,0.0,,1887430.465214839
2021-02-11 08:00:33.470,1,0.4368597979561733,949.662215825622,0.0,,1885093.5518185056
2021-02-11 08:00:33.480,1,0.4591700090789514,942.7627404365052,0.0,,1870036.851703589
2021-02-11 08:00:33.490,1,0.4312492417202199,947.2576267824484,0.0,,1879848.0742929175
2021-02-11 08:00:33.500,1,0.5237389631363837,947.0288723346988,0.0,,1879349.70986301
2021-02-11 08:00:33.510,1,0.4541170322650482,949.1744864064648,0.0,,1884030.346028255
2021-02-11 08:00:33.520,1,0.6242058797203952,945.9396061127889,0.0,,1876979.223306512
2021-02-11 08:00:33.530,1,0.5980059646782783,945.3715168356672,0.0,,1875736.321536187
2021-02-11 08:00:33.540,1,0.5983751582567011,949.7189468862532,0.0,,1885223.4388806606
2021-02-11 08:00:33.550,1,0.5347591336548169,944.2706088023084,0.0,,1873330.3387017956
2021-02-11 08:00:33.560,1,0.516602961790974,941.5425884469856,0.0,,1867380.004745002
2021-02-11 08:00:33.570,1,0.6233961044725534,952.071196061302,0.0,,1890362.4326521375
2021-02-11 08:00:33.580,1,0.5891918585577605,952.5790949667116,0.0,,1891478.0700171015
2021-02-11 08:00:33.590,1,0.5682477243744389,946.5673375902812,0.0,,1878347.5385725063
2021-02-11 08:00:33.600,1,0.6112792341722728,953.885632327894,0.0,,1894327.0612696323
2021-02-11 08:00:33.610,1,0.5667455333774142,947.9178750031692,0.0,,1881296.5696862596
2021-02-11 08:00:33.620,1,0.5132706371598836,947.299822212525,0.0,,1879937.7723539493
2021-02-11 08:00:33.630,1,0.4563982249944311,951.9771624617086,0.0,,1890152.5005066418
2021-02-11 08:00:33.640,1,0.5220095000427392,952.219851025486,0.0,,1890686.0207465482
2021-02-11 08:00:33.650,1,0.4821466783817541,942.5889037211556,0.0,,1869662.9215246222
2021-02-11 08:00:33.660,1,0.5104108116923326,944.2166868133436,0.0,,1873212.4695025943
2021-02-11 08:00:33.670,1,0.627893961744708,949.911766332493,0.0,,1885649.6188224603
2021-02-11 08:00:33.680,1,0.6959248342250952,947.611418299617,0.0,,1880630.1333493043
2021-02-11 08:00:33.690,1,0.6039852508719789,952.2326504522482,0.0,,1890715.1400920593
2021-02-11 08:00:33.700,1,0.6541295830111947,953.7927382283556,0.0,,1894128.6287418432
2021-02-11 08:00:33.710,1,0.7326612311454613,956.910105601562,0.0,,1900942.6984684786
2021-02-11 08:00:33.720,1,0.6099164789839054,945.9132500212788,0.0,,1876919.6994953218
2021-02-11 08:00:33.730,1,0.6906936419579836,952.05521625854,0.0,,1890331.5690410377
2021-02-11 08:00:33.740,1,0.5818001705045482,951.8697879878448,0.0,,1889925.969872471
2021-02-11 08:00:33.750,1,0.6263313079671828,955.758732096734,0.0,,1898419.8119358777
2021-02-11 08:00:33.760,1,0.6567379159514372,946.6215643165948,0.0,,1878469.1499657957
2021-02-11 08:00:33.770,1,0.5630133901304755,948.5351666262756,0.0,,1882646.5128384996
2021-02-11 08:00:33.780,1,0.5362558996831363,947.5738886496388,0.0,,1880539.398550705
2021-02-11 08:00:33.790,1,0.5256108617116656,949.8440001929516,0.0,,1885497.873875621
2021-02-11 08:00:33.800,1,0.7246376187217726,939.6505817929624,0.0,,1863264.5513906572
2021-02-11 08:00:33.810,1,0.6786751947875765,945.2910257957178,0.0,,1875564.3070037998
2021-02-11 08:00:33.820,1,0.7413241911300319,951.0774701391312,0.0,,1888204.8738236097
2021-02-11 08:00:33.830,1,0.7389025918381927,939.9141434161212,0.0,,1863835.4824409063
2021-02-11 08:00:33.840,1,0.7451323971624203,939.6671390938204,0.0,,1863299.0488410436
2021-02-11 08:00:33.850,1,0.7670918317899568,942.2623194560048,0.0,,1868958.7645348671
2021-02-11 08:00:33.860,1,0.7309489824529871,945.782369391902,0.0,,1876639.0112889877
2021-02-11 08:00:33.870,1,0.6125012929780149,940.3257620996447,0.0,,1864730.5636101996
2021-02-11 08:00:33.880,1,0.7046256894776208,929.0488664514476,0.0,,1840150.4725810124
2021-02-11 08:00:33.890,1,0.7754285757908959,933.7995093573091,0.0,,1850506.1430425646
2021-02-11 08:00:33.900,1,0.6056307287814242,944.4976607332388,0.0,,1873829.6977412985
2021-02-11 08:00:33.910,1,0.6642856592575213,941.8557731603156,0.0,,1868069.758458909
2021-02-11 08:00:33.920,1,0.7009672820920876,934.1551824637168,0.0,,1851278.8651946536
2021-02-11 08:00:33.930,1,0.7890035523486478,934.2827674869084,0.0,,1851561.342387095
2021-02-11 08:00:33.940,1,0.7618815049247774,932.863700384546,0.0,,1848465.7218337355
2021-02-11 08:00:33.950,1,0.7709251293384064,932.5946174482576,0.0,,1847876.3371942586
2021-02-11 08:00:33.960,1,0.7225167554981413,933.0700821554576,0.0,,1848911.6943833085
2021-02-11 08:00:33.970,1,0.8095401973105745,930.4294078903512,0.0,,1843163.3032306742
2021-02-11 08:00:33.980,1,0.7482330861940314,936.50706905499,0.0,,1856406.0843161303
2021-02-11 08:00:33.990,1,0.8572411283721467,933.8254965263972,0.0,,1850566.48597875
2021-02-11 08:00:34.000,1,0.811516973686783,927.3879188784396,0.0,,1836537.0026542307
2021-02-11 08:00:34.010,1,0.6586691098399992,928.6103858462196,0.0,,1839189.1796293692
2021-02-11 08:00:34.020,1,0.6727462116782593,931.0026808653264,0.0,,1844402.1542862544
2021-02-11 08:00:34.030,1,0.77190638183372,927.9400523098004,0.0,,1837736.200261969
2021-02-11 08:00:34.040,1,0.9564248801738344,936.5342603445206,0.0,,1856475.4489479675
2021-02-11 08:00:34.050,1,0.7893465986932422,927.5298910294298,0.0,,1836847.233101419
2021-02-11 08:00:34.060,1,0.8741315516039092,934.416801656616,0.0,,1851857.4038632868
2021-02-11 08:00:34.070,1,0.846139322684764,926.1275578428664,0.0,,1833794.4743513856
2021-02-11 08:00:34.080,1,0.7399586655199588,930.077958676554,0.0,,1842393.4042311972
2021-02-11 08:00:34.090,1,0.6872050627907761,924.95688710917,0.0,,1831236.794488826
2021-02-11 08:00:34.100,1,0.6757383708184614,921.6357200919388,0.0,,1823999.39197251
2021-02-11 08:00:34.110,1,0.7423144838471922,921.0179105422652,0.0,,1822663.964692422
2021-02-11 08:00:34.120,1,0.9628602979834462,927.1845988368508,0.0,,1836102.5767796964
2021-02-11 08:00:34.130,1,0.6838942985811391,921.1062610869628,0.0,,1822852.7110108
2021-02-11 08:00:34.140,1,0.8117854546840717,921.337220671149,0.0,,1823360.9328250096
2021-02-11 08:00:34.150,1,0.7199031827549183,915.2663417653408,0.0,,1810145.8822856748
2021-02-11 08:00:34.160,1,0.6946892436204024,919.9163187346315,0.0,,1820261.3244203958
2021-02-11 08:00:34.170,1,0.7624853263029362,922.818890060642,0.0,,1826584.904329593
2021-02-11 08:00:34.180,1,0.7479183859427694,919.0133977904924,0.0,,1818301.0169997741
2021-02-11 08:00:34.190,1,0.6724317854367361,931.2323197544534,0.0,,1844907.940241311
2021-02-11 08:00:34.200,1,0.908394531810934,924.081769303304,0.0,,1829340.2646259568
2021-02-11 08:00:34.210,1,0.8288687023655473,918.1575520282266,0.0,,1816443.6187251266
2021-02-11 08:00:34.220,1,0.6804240770899211,920.470058141093,0.0,,1821466.5657434948
2021-02-11 08:00:34.230,1,0.7243449047834465,918.9462163273812,0.0,,1818154.5670982369
2021-02-11 08:00:34.240,1,0.9503657328927516,916.1958341550912,0.0,,1812176.574640333
2021-02-11 08:00:34.250,1,0.6701986663630835,920.9570535558408,0.0,,1822526.8861276172
2021-02-11 08:00:34.260,1,0.9844670026043328,925.3135040863732,0.0,,1832029.881383675
2021-02-11 08:00:34.270,1,0.7753543077933013,916.2582806259688,0.0,,1812306.608391726
2021-02-11 08:00:34.280,1,0.8819319161998505,912.0579842338806,0.0,,1803177.2016130916
2021-02-11 08:00:34.290,1,0.7608484952294724,910.7189866480364,0.0,,1800257.5776663641
2021-02-11 08:00:34.300,1,0.7321329584288873,915.6465457318584,0.0,,1810973.2358589242
2021-02-11 08:00:34.310,1,0.8154430416983341,916.1069290863612,0.0,,1811978.3811448964
2021-02-11 08:00:34.320,1,0.9189250461322191,921.334964325402,0.0,,1823361.6615183728
2021-02-11 08:00:34.330,1,0.8862089693373909,915.7327819967908,0.0,,1811166.3854932713
2021-02-11 08:00:34.340,1,0.9493693611854112,913.4955043704592,0.0,,1806305.6179453086
2021-02-11 08:00:34.350,1,0.936574455893846,916.1253068572536,0.0,,1812024.2753781555
2021-02-11 08:00:34.360,1,0.7908957391508195,918.5377738788202,0.0,,1817267.945200838
2021-02-11 08:00:34.370,1,0.7519884188608988,933.6895885795824,0.0,,1850264.2559565755
2021-02-11 08:00:34.380,1,0.827214012804347,922.531238546036,0.0,,1825959.1947708074
2021-02-11 08:00:34.390,1,0.6450728835289481,918.1345587978012,0.0,,1816381.8797188355
2021-02-11 08:00:34.400,1,0.90196000263898,921.0397245690208,0.0,,1822720.2667847038
2021-02-11 08:00:34.410,1,0.8583154507665308,913.7366578219328,0.0,,1806824.7957503959
2021-02-11 08:00:34.420,1,0.8596450285070242,928.7739497084524,0.0,,1839557.2109075543
2021-02-11 08:00:34.430,1,0.8072837691384933,915.3960782475592,0.0,,1810432.0512342118
2021-02-11 08:00:34.440,1,0.7906412999947839,913.1865890378416,0.0,,1805622.306851366
2021-02-11 08:00:34.450,1,0.6375665496302512,922.8609801496124,0.0,,1826667.6300621866
2021-02-11 08:00:34.460,1,0.6023981065690318,913.7900418743656,0.0,,1806923.951420939
2021-02-11 08:00:34.470,1,0.6743108296743024,914.7896274680342,0.0,,1809109.2046734355
2021-02-11 08:00:34.480,1,0.7623430765473981,912.48078505619,0.0,,1804086.8060952967
2021-02-11 08:00:34.490,1,0.8480312576047236,914.715499022122,0.0,,1808955.572498659
2021-02-11 08:00:34.500,1,0.7666092764777716,906.1027843137908,0.0,,1790220.941881327
2021-02-11 08:00:34.510,1,0.7299267941386642,919.3251913102416,0.0,,1818978.5224154077
2021-02-11 08:00:34.520,1,0.8683673630732881,915.9823638221112,0.0,,1811709.112199956
2021-02-11 08:00:34.530,1,0.6626873363836563,923.9009108662104,0.0,,1828935.4010645922
2021-02-11 08:00:34.540,1,0.6452868807890184,911.072305263794,0.0,,1801014.3402385395
2021-02-11 08:00:34.550,1,0.7293585094382509,917.8228434581044,0.0,,1815704.7406741197
2021-02-11 08:00:34.560,1,0.7312194831115962,917.6757626461122,0.0,,1815389.0704865404
2021-02-11 08:00:34.570,1,0.5788836692436244,922.417548707732,0.0,,1825700.6002644738
2021-02-11 08:00:34.580,1,0.7204789409035672,918.3530806896664,0.0,,1816861.1767542027
2021-02-11 08:00:34.590,1,0.7723829265698162,915.8645240994572,0.0,,1811448.0211969959
2021-02-11 08:00:34.600,1,0.7116903161332302,917.257323662672,0.0,,1814477.6706210985
2021-02-11 08:00:34.610,1,0.674675291716157,916.3752278148804,0.0,,1812559.0123017845
2021-02-11 08:00:34.620,1,0.6979751089971961,919.4553823951982,0.0,,1819260.764273746
2021-02-11 08:00:34.630,1,0.7000166027680891,918.41009121897,0.0,,1816983.2289800092
2021-02-11 08:00:34.640,1,0.7893569405344962,917.4193068948332,0.0,,1814833.7142514074
2021-02-11 08:00:34.650,1,0.6968038987577633,921.2849026806508,0.0,,1823242.473086782
2021-02-11 08:00:34.660,1,0.5473333988424149,920.2926225155072,0.0,,1821074.8586125951
2021-02-11 08:00:34.670,1,0.7719295687471446,921.4532938765492,0.0,,1823609.4395373059
2021-02-11 08:00:34.680,1,0.7277864404581234,922.5913840476096,0.0,,1826091.788498295
2021-02-11 08:00:34.690,1,0.6685848591575011,921.2418415330131,0.0,,1823147.7785378187
2021-02-11 08:00:34.700,1,0.6313031343919889,924.128906980024,0.0,,1829428.415630777
2021-02-11 08:00:34.710,1,0.6117362477931495,921.1481609466437,0.0,,1822939.8985658567
2021-02-11 08:00:34.720,1,0.7521381982037861,925.9539871250925,0.0,,1833411.770059212
2021-02-11 08:00:34.730,1,0.6052501867822012,916.3689876528904,0.0,,1812538.265244411
2021-02-11 08:00:34.740,1,0.7405056917990075,919.268558872239,0.0,,1818855.4032192372
2021-02-11 08:00:34.750,1,0.5440897574078954,916.2331106412385,0.0,,1812238.6615989334
2021-02-11 08:00:34.760,1,0.5889844039436123,919.187657747793,0.0,,1818666.7390689624
2021-02-11 08:00:34.770,1,0.7717099290008042,925.1417846628256,0.0,,1831641.6671402461
2021-02-11 08:00:34.780,1,0.6895279422132315,920.3729858679206,0.0,,1821257.9733594798
2021-02-11 08:00:34.790,1,0.5702281948473549,925.5630465054032,0.0,,1832550.844214115
2021-02-11 08:00:34.800,1,0.6849541704161046,924.5937629773264,0.0,,1830443.7779642893
2021-02-11 08:00:34.810,1,0.6919592997381876,919.4003765219692,0.0,,1819140.0630963861
2021-02-11 08:00:34.820,1,0.6006457809593186,927.8617888675416,0.0,,1837558.405457361
2021-02-11 08:00:34.830,1,0.608629348326716,922.2108226098836,0.0,,1825250.0828279401
2021-02-11 08:00:34.840,1,0.5183212959147899,911.6655476656836,0.0,,1802303.577229314
2021-02-11 08:00:34.850,1,0.6499932608076335,928.3641728972864,0.0,,1838654.25073999
2021-02-11 08:00:34.860,1,0.7279477288160228,927.0261694381612,0.0,,1835742.6251356278
2021-02-11 08:00:34.870,1,0.6529611258725649,919.6304150321888,0.0,,1819637.0939074943
2021-02-11 08:00:34.880,1,0.5518343329699181,921.400032658732,0.0,,1823483.839708834
2021-02-11 08:00:34.890,1,0.7016741175798624,917.0805914561416,0.0,,1814089.9999721325
2021-02-11 08:00:34.900,1,0.6218488958318764,917.3073901553466,0.0,,1814581.1811823237
2021-02-11 08:00:34.910,1,0.7098978480793161,924.319869628054,0.0,,1829847.7992170095
2021-02-11 08:00:34.920,1,0.7093816255340376,923.919338014178,0.0,,1828980.368418615
2021-02-11 08:00:34.930,1,0.7211086443992555,919.385343366275,0.0,,1819108.370941452
2021-02-11 08:00:34.940,1,0.5944791114599733,928.9902239943432,0.0,,1840015.418192634
2021-02-11 08:00:34.950,1,0.5248537506124529,920.2760080400668,0.0,,1821036.8806539285
2021-02-11 08:00:34.960,1,0.6667667657443036,917.316615886754,0.0,,1814602.8210694857
2021-02-11 08:00:34.970,1,0.5891143175166335,917.9374621578272,0.0,,1815949.077680249
2021-02-11 08:00:34.980,1,0.5939771428137283,914.1111168205908,0.0,,1807626.4405990066
2021-02-11 08:00:34.990,1,0.778709777323634,908.9599430359716,0.0,,1796433.7801105932
2021-02-11 08:00:35.000,1,0.6980475988965545,918.7934214187665,0.0,,1817818.538927589
2021-02-11 08:00:35.010,1,0.770427277724275,916.8541882635018,0.0,,1813603.884347254
2021-02-11 08:00:35.020,1,0.7641246303247149,921.8188614252596,0.0,,1824409.428119519
2021-02-11 08:00:35.030,1,0.5565289210598742,920.8714215535751,0.0,,1822335.2717990307
2021-02-11 08:00:35.040,1,0.7111590004537126,920.2542505923732,0.0,,1820997.8281835343
2021-02-11 08:00:35.050,1,0.5753801930563289,919.8645710449578,0.0,,1820143.3866166337
2021-02-11 08:00:35.060,1,0.6143663270713384,931.4307669702208,0.0,,1845334.415461722
2021-02-11 08:00:35.070,1,0.7013240157139864,917.9039760300836,0.0,,1815880.688575168
2021-02-11 08:00:35.080,1,0.6025774561029575,921.4400694721504,0.0,,1823574.058017221
2021-02-11 08:00:35.090,1,0.7447053104158213,913.7018385919828,0.0,,1806744.5668094205
2021-02-11 08:00:35.100,1,0.6145296115551169,927.5601929005472,0.0,,1836902.2217237733
2021-02-11 08:00:35.110,1,0.6170226410192275,919.7478398195676,0.0,,1819891.893361963
2021-02-11 08:00:35.120,1,0.8025733708710197,916.261420666824,0.0,,1812313.302412306
2021-02-11 08:00:35.130,1,0.6398401380739612,916.9876291624988,0.0,,1813885.924086289
2021-02-11 08:00:35.140,1,0.6060916514571348,912.121691534656,0.0,,1803300.247235002
2021-02-11 08:00:35.150,1,0.8298368099671307,914.4133175548552,0.0,,1808294.2130483724
2021-02-11 08:00:35.160,1,0.7684178036890569,915.2608512277396,0.0,,1810134.034489031
2021-02-11 08:00:35.170,1,0.8268556776044466,928.6469971541673,0.0,,1839275.8976674108
2021-02-11 08:00:35.180,1,0.6548937286707553,919.7859252727936,0.0,,1819978.9203500357
2021-02-11 08:00:35.190,1,0.5822221130349399,917.7869758386964,0.0,,1815620.470566541
2021-02-11 08:00:35.200,1,0.8313839044576752,913.9934483052232,0.0,,1807379.2834870564
2021-02-11 08:00:35.210,1,0.7161377754137266,926.0095896506843,0.0,,1833527.916474263
2021-02-11 08:00:35.220,1,0.6360118877206877,917.258240275194,0.0,,1814477.0199181482
2021-02-11 08:00:35.230,1,0.6334247266949553,912.2790865323705,0.0,,1803644.6307531684
2021-02-11 08:00:35.240,1,0.6821848745094875,919.9146757223464,0.0,,1820254.180535592
2021-02-11 08:00:35.250,1,0.7010888448010062,916.1574878325648,0.0,,1812085.8010112345
2021-02-11 08:00:35.260,1,0.6550293179570164,919.8728970155374,0.0,,1820168.2979066677
2021-02-11 08:00:35.270,1,0.5790498609262602,927.9655534293752,0.0,,1837784.0139425506
2021-02-11 08:00:35.280,1,0.7319856245919137,914.1956009178458,0.0,,1807818.4934601914
2021-02-11 08:00:35.290,1,0.8449150409694871,919.4785493378472,0.0,,1819316.0841326609
2021-02-11 08:00:35.300,1,0.7095180678297468,910.1269198662236,0.0,,1798968.004779209
2021-02-11 08:00:35.310,1,0.6221830769018025,915.8087087848955,0.0,,1811318.7923699105
2021-02-11 08:00:35.320,1,0.6521994088889699,915.3167872923772,0.0,,1810251.9662506527
2021-02-11 08:00:35.330,1,0.8441298979168791,916.3151083999968,0.0,,1812435.7131613998
2021-02-11 08:00:35.340,1,0.5728540647415972,915.4759028647024,0.0,,1810591.8859086484
2021-02-11 08:00:35.350,1,0.8488021247656015,922.148623046866,0.0,,1825125.8883298002
2021-02-11 08:00:35.360,1,0.7740452919872407,916.7169883905168,0.0,,1813300.989620808
2021-02-11 08:00:35.370,1,0.576077034917705,920.921660507618,0.0,,1822443.9791579347
2021-02-11 08:00:35.380,1,0.7581180889124661,903.5831666545632,0.0,,1784746.134135935
2021-02-11 08:00:35.390,1,0.7496598712590843,907.0513475264436,0.0,,1792280.0898058622
2021-02-11 08:00:35.400,1,0.6431365010909641,915.5270005484496,0.0,,1810704.22761457
2021-02-11 08:00:35.410,1,0.7382321226790268,912.3197015729418,0.0,,1803732.9321377235
2021-02-11 08:00:35.420,1,0.5894457460984535,912.2757369894132,0.0,,1803633.0430771585
2021-02-11 08:00:35.430,1,0.8117532060386683,918.4933391369244,0.0,,1817171.783455298
2021-02-11 08:00:35.440,1,0.5710533258932113,912.1663201250332,0.0,,1803392.0096682957
2021-02-11 08:00:35.450,1,0.6730582260746538,912.1380420874611,0.0,,1803339.113132172
2021-02-11 08:00:35.460,1,0.7178358103355937,909.5402548044952,0.0,,1797692.2772072558
2021-02-11 08:00:35.470,1,0.6852728409254276,914.3450890344856,0.0,,1808140.9873967858
2021-02-11 08:00:35.480,1,0.6454366401412401,917.5372821763692,0.0,,1815080.9781216555
2021-02-11 08:00:35.490,1,0.6482461292359397,926.6257512518052,0.0,,1834867.9407603575
2021-02-11 08:00:35.500,1,0.7726140939087087,908.5930801192223,0.0,,1795632.2176936935
2021-02-11 08:00:35.510,1,0.7290626977391447,915.7031616604164,0.0,,1811094.0699747475
2021-02-11 08:00:35.520,1,0.6583247988339191,913.7899533815188,0.0,,1806923.9265552377
2021-02-11 08:00:35.530,1,0.7503775629056767,923.1414276871571,0.0,,1827287.4943800445
2021-02-11 08:00:35.540,1,0.6735129223052688,922.8712554542668,0.0,,1826694.1884258566
2021-02-11 08:00:35.550,1,0.8303928497305253,921.2727531144908,0.0,,1823220.2973415127
2021-02-11 08:00:35.560,1,0.6062946180745581,921.3302559626984,0.0,,1823334.9435973435
2021-02-11 08:00:35.570,1,0.6321710888234484,923.5312168454024,0.0,,1828127.4006804766
2021-02-11 08:00:35.580,1,0.8207799708108259,917.9351574388512,0.0,,1815954.7914221669
2021-02-11 08:00:35.590,1,0.6445402402424979,917.9292493509346,0.0,,1815930.7945556415
2021-02-11 08:00:35.600,1,0.753023766293337,922.4010405167836,0.0,,1825675.5037508165
2021-02-11 08:00:35.610,1,0.7244493712847556,922.6290061989876,0.0,,1826166.8215193173
2021-02-11 08:00:35.620,1,0.5579288193833394,917.7494013230244,0.0,,1815541.6865701862
2021-02-11 08:00:35.630,1,0.6919745313784553,918.1528373141244,0.0,,1816426.6881925021
2021-02-11 08:00:35.640,1,0.5891969960891785,926.3877746878004,0.0,,1834344.2408677302
2021-02-11 08:00:35.650,1,0.6739564210886854,909.6232906623516,0.0,,1797870.9743184599
2021-02-11 08:00:35.660,1,0.6333923151116418,928.5973026268572,0.0,,1839161.7222504697
2021-02-11 08:00:35.670,1,0.6094784239603763,928.257353676893,0.0,,1838419.335712049
2021-02-11 08:00:35.680,1,0.5973081202228827,917.6237984027164,0.0,,1815268.8008978057
2021-02-11 08:00:35.690,1,0.6822716693161549,923.0405709228615,0.0,,1827066.2577802856
2021-02-11 08:00:35.700,1,0.7380892330673885,922.7794555978472,0.0,,1826494.532875845
2021-02-11 08:00:35.710,1,0.7828622525970067,927.3548541257676,0.0,,1836466.7530303095
2021-02-11 08:00:35.720,1,0.7340118423336701,926.1851140553312,0.0,,1833911.5737771078
2021-02-11 08:00:35.730,1,0.6176422451391548,927.9374210571684,0.0,,1837725.341597037
2021-02-11 08:00:35.740,1,0.7562478114754948,918.580362990736,0.0,,1817357.8173452583
2021-02-11 08:00:35.750,1,0.7957805199864296,921.63760812631,0.0,,1824014.3812399656
2021-02-11 08:00:35.760,1,0.5859961807438017,920.2154563289693,0.0,,1820905.0571235502
2021-02-11 08:00:35.770,1,0.7848509746737058,926.1913636979316,0.0,,1833930.0986738529
2021-02-11 08:00:35.780,1,0.5663677884303385,917.8560212037146,0.0,,1815775.1621623365
2021-02-11 08:00:35.790,1,0.7909546456175511,930.620154700027,0.0,,1843577.6821278222
2021-02-11 08:00:35.800,1,0.6533749095800636,927.0098419531045,0.0,,1835705.239699327
2021-02-11 08:00:35.810,1,0.7486767637999441,930.9874036711136,0.0,,1844377.02401684
2021-02-11 08:00:35.820,1,0.5663796718128762,929.5657995564238,0.0,,1841268.7774427661
2021-02-11 08:00:35.830,1,0.6319087617914296,925.2458118264044,0.0,,1831865.8536113724
2021-02-11 08:00:35.840,1,0.7381116397301645,919.9445259981916,0.0,,1820322.5911001996
2021-02-11 08:00:35.850,1,0.7068407213981318,921.4867108039964,0.0,,1823681.9566738901
2021-02-11 08:00:35.860,1,0.6973504503043442,922.5992744403928,0.0,,1826101.654123722
2021-02-11 08:00:35.870,1,0.7053983692230769,925.481987562874,0.0,,1832379.38658546
2021-02-11 08:00:35.880,1,0.5620264380212457,930.5456452229824,0.0,,1843399.3216834343
2021-02-11 08:00:35.890,1,0.6501220282048408,922.9775955099808,0.0,,1826923.9446148328
2021-02-11 08:00:35.900,1,0.6298713102857556,929.4890660530904,0.0,,1841103.3667431916
2021-02-11 08:00:35.910,1,0.6785058285458772,923.2481505161144,0.0,,1827515.794162775
2021-02-11 08:00:35.920,1,0.6484728269057461,920.0892128076124,0.0,,1820637.7490383277
2021-02-11 08:00:35.930,1,0.7671678237974813,920.2997003955428,0.0,,1821098.9133383783
2021-02-11 08:00:35.940,1,0.5905757870558717,926.4500979224924,0.0,,1834485.4182489973
2021-02-11 08:00:35.950,1,0.6552015631611107,916.6879373497828,0.0,,1813234.565896509
2021-02-11 08:00:35.960,1,0.8068181355093456,927.262067084936,0.0,,1836264.194738513
2021-02-11 08:00:35.970,1,0.654664460929713,922.0383628411746,0.0,,1824877.3237502926
2021-02-11 08:00:35.980,1,0.6800808649958084,919.6798296299928,0.0,,1819750.9337227293
2021-02-11 08:00:35.990,1,0.6541567897589642,919.3206844900128,0.0,,1818961.4245449393
2021-02-11 08:00:36.000,1,0.6652274411029176,922.4731059484524,0.0,,1825824.835283313
2021-02-11 08:00:36.010,1,0.8147790454990012,925.775220664048,0.0,,1833022.783100416
2021-02-11 08:00:36.020,1,0.6318482100353625,920.477205313294,0.0,,1821474.36867864
2021-02-11 08:00:36.030,1,0.7268077443732919,927.1760313670276,0.0,,1836071.3316724943
2021-02-11 08:00:36.040,1,0.7229048299647117,922.0006806492624,0.0,,1824801.3031761264
2021-02-11 08:00:36.050,1,0.6418613887826494,920.0152255348496,0.0,,1820474.5306152848
2021-02-11 08:00:36.060,1,0.5547343096514301,928.64579138743,0.0,,1839262.841162194
2021-02-11 08:00:36.070,1,0.7510125671952423,919.1563944467624,0.0,,1818607.4411410275
2021-02-11 08:00:36.080,1,0.5602092229772122,920.3160555051992,0.0,,1821126.1521726677
2021-02-11 08:00:36.090,1,0.7334105844091424,917.3320619234996,0.0,,1814638.7512389107
2021-02-11 08:00:36.100,1,0.8441871253043968,923.2776223894087,0.0,,1827586.176694332
2021-02-11 08:00:36.110,1,0.8184088823204303,912.6164677841708,0.0,,1804385.6193070253
2021-02-11 08:00:36.120,1,0.6741040355702734,916.3687143519388,0.0,,1812541.1798519834
2021-02-11 08:00:36.130,1,0.6944159253998986,921.0522077145572,0.0,,1822736.074466157
2021-02-11 08:00:36.140,1,0.6401616859630683,918.780530212659,0.0,,1817784.4824749148
2021-02-11 08:00:36.150,1,0.622301906874697,921.0743517787148,0.0,,1822780.4445509114
2021-02-11 08:00:36.160,1,0.6288049411542944,920.5417406088364,0.0,,1821620.181204368
2021-02-11 08:00:36.170,1,0.7638005088306641,907.6042396016388,0.0,,1793484.1782448757
2021-02-11 08:00:36.180,1,0.7483968476536039,914.1440130617614,0.0,,1807703.3063409745
2021-02-11 08:00:36.190,1,0.8267041698338309,915.0422850277024,0.0,,1809661.496059835
2021-02-11 08:00:36.200,1,0.8248832867591169,907.4581549308637,0.0,,1793169.780208941
2021-02-11 08:00:36.210,1,0.6566140190434824,909.7174208524256,0.0,,1798074.1225649298
2021-02-11 08:00:36.220,1,0.7403028929061396,913.4975163095104,0.0,,1806294.8819243708
2021-02-11 08:00:36.230,1,0.8528408916280859,902.2131858028464,0.0,,1781775.5285954075
2021-02-11 08:00:36.240,1,0.6530419764045344,906.4888434035148,0.0,,1791054.6933041192
2021-02-11 08:00:36.250,1,0.6076356979989371,915.8883322900268,0.0,,1811492.67097475
2021-02-11 08:00:36.260,1,0.7620109980531333,903.873463852888,0.0,,1785379.0933906238
2021-02-11 08:00:36.270,1,0.6296465292097803,907.0353073749164,0.0,,1792241.008802398
2021-02-11 08:00:36.280,1,0.8783486101410433,915.7462276982476,0.0,,1811196.2516348579
2021-02-11 08:00:36.290,1,0.8366518954390224,919.7010793833448,0.0,,1819805.78279855
2021-02-11 08:00:36.300,1,0.8151749359292566,908.7253604652756,0.0,,1795923.7567404732
2021-02-11 08:00:36.310,1,0.8414539022000429,914.539634196254,0.0,,1808568.786629996
2021-02-11 08:00:36.320,1,0.81701894927294,906.6571309517784,0.0,,1791433.272199319
2021-02-11 08:00:36.330,1,0.7720881496462989,900.1381964081662,0.0,,1777263.8116327892
2021-02-11 08:00:36.340,1,0.8026941317147828,898.4616573584664,0.0,,1773628.1821926953
2021-02-11 08:00:36.350,1,0.6971397791613486,905.3491927237168,0.0,,1788579.2821277087
2021-02-11 08:00:36.360,1,0.7402790664640163,902.4958745451744,0.0,,1782385.4302045621
2021-02-11 08:00:36.370,1,0.6252755017112003,908.3144353696274,0.0,,1795019.676838804
2021-02-11 08:00:36.380,1,0.6685084844617026,900.6915653140289,0.0,,1778461.019164012
2021-02-11 08:00:36.390,1,0.7562869026443928,906.5028989763048,0.0,,1791092.2645717126
2021-02-11 08:00:36.400,1,0.8312492034461761,902.053229766506,0.0,,1781425.5597236527
2021-02-11 08:00:36.410,1,0.652046698531515,899.559057577949,0.0,,1776004.1507934618
2021-02-11 08:00:36.420,1,0.6220419066498053,902.6800735449845,0.0,,1782779.7612743264
2021-02-11 08:00:36.430,1,0.6120192172727361,912.9686633165088,0.0,,1805141.2267485547
2021-02-11 08:00:36.440,1,0.6555058942661779,898.2582438532158,0.0,,1773176.7548958904
2021-02-11 08:00:36.450,1,0.6204182964248165,900.8252052748692,0.0,,1778746.7570527422
2021-02-11 08:00:36.460,1,0.5766969591911643,912.2426067721605,0.0,,1803560.226311568
2021-02-11 08:00:36.470,1,0.7065174871049871,905.134672263097,0.0,,1788114.4897184633
2021-02-11 08:00:36.480,1,0.8005383593614059,898.5736658984268,0.0,,1773873.0944005463
2021-02-11 08:00:36.490,1,0.5877077644165439,904.2362541799516,0.0,,1786158.6482865803
2021-02-11 08:00:36.500,1,0.5822411596042772,896.0856642963985,0.0,,1768455.1706247397
2021-02-11 08:00:36.510,1,0.7232142233395401,896.8635827127873,0.0,,1770149.2436272532
2021-02-11 08:00:36.520,1,0.7084663918221934,898.0482244657132,0.0,,1772723.2539675825
2021-02-11 08:00:36.530,1,0.6260775141988817,892.7785055503275,0.0,,1761281.4589170886
2021-02-11 08:00:36.540,1,0.822613548213129,893.2949605783922,0.0,,1762408.4039022268
2021-02-11 08:00:36.550,1,0.5568338932163868,906.2864156056578,0.0,,1790614.0275486892
2021-02-11 08:00:36.560,1,0.6148711046947402,898.3550094250818,0.0,,1773383.7174340042
2021-02-11 08:00:36.570,1,0.7991324882911226,892.2488586412994,0.0,,1760138.2206416554
2021-02-11 08:00:36.580,1,0.6197275475902992,893.8006616468532,0.0,,1763493.3194850183
2021-02-11 08:00:36.590,1,0.5543676885231574,894.9242899118359,0.0,,1765930.132910343
2021-02-11 08:00:36.600,1,0.5932404080984616,905.065740339292,0.0,,1787957.6780244852
2021-02-11 08:00:36.610,1,0.7012343079324862,895.7052764054193,0.0,,1767637.6668359293
2021-02-11 08:00:36.620,1,0.5240789280738379,903.4164832116865,0.0,,1784375.300979123
2021-02-11 08:00:36.630,1,0.7505195625125408,903.3481792372754,0.0,,1784236.64384664
2021-02-11 08:00:36.640,1,0.6016536425174848,903.8057457253124,0.0,,1785224.0937364646
2021-02-11 08:00:36.650,1,0.5460747778364294,910.0280123363292,0.0,,1798741.3780132758
2021-02-11 08:00:36.660,1,0.6801253608878084,903.0849565225066,0.0,,1783660.9041513526
2021-02-11 08:00:36.670,1,0.703757948972525,905.8455431950152,0.0,,1789658.4569391096
2021-02-11 08:00:36.680,1,0.5685724051280455,903.3956703366688,0.0,,1784333.1589369143
2021-02-11 08:00:36.690,1,0.5635687137872528,902.8536291652124,0.0,,1783151.5843252505
2021-02-11 08:00:36.700,1,0.5896766471212191,907.485133834343,0.0,,1793217.7932691823
2021-02-11 08:00:36.710,1,0.662126444736455,906.5757828567264,0.0,,1791245.619811584
2021-02-11 08:00:36.720,1,0.6251977217356744,910.5305954274588,0.0,,1799838.798697055
2021-02-11 08:00:36.730,1,0.5308773986079314,905.844899657919,0.0,,1789652.7162730773
2021-02-11 08:00:36.740,1,0.5694826680095012,908.5474357078326,0.0,,1795522.3110895946
2021-02-11 08:00:36.750,1,0.6301427394630899,911.1730466823242,0.0,,1801237.387431081
2021-02-11 08:00:36.760,1,0.6765573279420569,911.7931651811635,0.0,,1802593.1645855338
2021-02-11 08:00:36.770,1,0.4918731712769923,910.1180447903256,0.0,,1798937.055705085
2021-02-11 08:00:36.780,1,0.5032367043907515,913.4820880198256,0.0,,1806252.5987651036
2021-02-11 08:00:36.790,1,0.6167243906133383,912.887811226406,0.0,,1804967.085306545
2021-02-11 08:00:36.800,1,0.5909229178629154,908.8754059041368,0.0,,1796237.0803203918
2021-02-11 08:00:36.810,1,0.5965703351412555,918.77233750025,0.0,,1817766.5560550427
2021-02-11 08:00:36.820,1,0.467388299383199,919.9527256464544,0.0,,1820331.4243979682
2021-02-11 08:00:36.830,1,0.5841689249101242,915.1000614928628,0.0,,1809774.6524102758
2021-02-11 08:00:36.840,1,0.5098347473166092,914.2844661107918,0.0,,1807997.2554571999
2021-02-11 08:00:36.850,1,0.4695809080778431,916.0417608956355,0.0,,1811815.8986822143
2021-02-11 08:00:36.860,1,0.5785470157049801,918.1428670024408,0.0,,1816396.2930358052
2021-02-11 08:00:36.870,1,0.5483726304381962,919.7916169948888,0.0,,1819984.3894495189
2021-02-11 08:00:36.880,1,0.571166503856795,920.736888662032,0.0,,1822042.0467218205
2021-02-11 08:00:36.890,1,0.5008341385374677,918.3291034163136,0.0,,1816796.2829442506
2021-02-11 08:00:36.900,1,0.5830029079200225,919.6638274044695,0.0,,1819708.085467456
2021-02-11 08:00:36.910,1,0.5825684131447253,925.175349147497,0.0,,1831702.189812614
2021-02-11 08:00:36.920,1,0.5239043856167062,920.7803002124466,0.0,,1822134.8105551747
2021-02-11 08:00:36.930,1,0.421853747434609,913.2687079835692,0.0,,1805783.471210812
2021-02-11 08:00:36.940,1,0.4377887922113953,911.296650034098,0.0,,1801496.4836971962
2021-02-11 08:00:36.950,1,0.4139548280127132,916.4296251630026,0.0,,1812662.1808543545
2021-02-11 08:00:36.960,1,0.4578388181477969,930.2073825896248,0.0,,1842662.081237031
2021-02-11 08:00:36.970,1,0.3936732953871959,931.1551719352824,0.0,,1844724.9378979362
2021-02-11 08:00:36.980,1,0.3803911552173677,921.8369579705268,0.0,,1824429.1753355504
2021-02-11 08:00:36.990,1,0.4218545591111832,923.7703277132896,0.0,,1828639.757903489
2021-02-11 08:00:37.000,1,0.3842980737321412,927.4296671447544,0.0,,1836604.9245899704
2021-02-11 08:00:37.010,1,0.3994087135596654,926.562326825769,0.0,,1834716.7576371937
2021-02-11 08:00:37.020,1,0.4059456096173009,935.1912288639978,0.0,,1853521.1616045195
2021-02-11 08:00:37.030,1,0.4920273422756537,935.7341367076068,0.0,,1854709.6234310532
2021-02-11 08:00:37.040,1,0.3932770586916052,937.7049413401788,0.0,,1859002.0878354716
2021-02-11 08:00:37.050,1,0.5063350772520704,929.945585268222,0.0,,1842095.8861521322
2021-02-11 08:00:37.060,1,0.445490995985822,930.8925331182932,0.0,,1844154.3080156555
2021-02-11 08:00:37.070,1,0.5368829297383506,929.8040852372684,0.0,,1841786.423899497
2021-02-11 08:00:37.080,1,0.4227842454212927,939.3605245590428,0.0,,1862611.088666042
2021-02-11 08:00:37.090,1,0.5238960565556596,933.3971757880786,0.0,,1849619.1594755477
2021-02-11 08:00:37.100,1,0.3982435638422434,930.1455924824584,0.0,,1842524.3850416509
2021-02-11 08:00:37.110,1,0.4949638698729113,947.2078447723436,0.0,,1879739.8792279875
2021-02-11 08:00:37.120,1,0.5557651948135,939.8388818872564,0.0,,1863663.509331357
2021-02-11 08:00:37.130,1,0.3982197666107238,930.7023613031384,0.0,,1843736.6047112574
2021-02-11 08:00:37.140,1,0.4473033148175858,933.577342419818,0.0,,1850006.7887010735
2021-02-11 08:00:37.150,1,0.4826719106600579,936.4544789824693,0.0,,1856278.6485857076
2021-02-11 08:00:37.160,1,0.5672233048613189,940.3522209473236,0.0,,1864784.4631741196
2021-02-11 08:00:37.170,1,0.3880642018674347,931.6383273374728,0.0,,1845776.4261799427
2021-02-11 08:00:37.180,1,0.5636133837841721,938.3164100725988,0.0,,1860342.7069122468
2021-02-11 08:00:37.190,1,0.5312316224642906,937.6635574370924,0.0,,1858918.2083654362
2021-02-11 08:00:37.200,1,0.5270729076371492,932.0293847827407,0.0,,1846635.661798509
2021-02-11 08:00:37.210,1,0.5904304792195307,934.5054339277738,0.0,,1852034.3936085594
2021-02-11 08:00:37.220,1,0.5317139414382472,937.015064007086,0.0,,1857503.2722842023
2021-02-11 08:00:37.230,1,0.5014564680140751,938.5704701932953,0.0,,1860892.6302067323
2021-02-11 08:00:37.240,1,0.5666562734511884,934.5049741472033,0.0,,1852032.02131834
2021-02-11 08:00:37.250,1,0.5834162289306352,941.8498412722224,0.0,,1868054.377266977
2021-02-11 08:00:37.260,1,0.4968492080128718,938.9071387701332,0.0,,1861630.721886622
2021-02-11 08:00:37.270,1,0.620657513230152,941.43000085605,0.0,,1867136.1030591894
2021-02-11 08:00:37.280,1,0.5220089585570263,944.6202729450848,0.0,,1874093.4844163924
2021-02-11 08:00:37.290,1,0.5092028039155713,940.8177852486034,0.0,,1865797.9424057286
2021-02-11 08:00:37.300,1,0.5547979945406402,938.756150065617,0.0,,1861300.2015901404
2021-02-11 08:00:37.310,1,0.526468288133762,933.296354871268,0.0,,1849398.3149464324
2021-02-11 08:00:37.320,1,0.6308296029314527,938.303548914973,0.0,,1860316.4841831268
2021-02-11 08:00:37.330,1,0.5759010742283134,928.8954025247308,0.0,,1839811.1188286936
2021-02-11 08:00:37.340,1,0.5825470626322685,938.6737650325836,0.0,,1861122.6266261144
2021-02-11 08:00:37.350,1,0.481632562727164,941.2457463691064,0.0,,1866734.2080820105
2021-02-11 08:00:37.360,1,0.5530697605057056,932.4930116563056,0.0,,1847645.551235059
2021-02-11 08:00:37.370,1,0.6333926943231528,936.4804870575113,0.0,,1856346.616602897
2021-02-11 08:00:37.380,1,0.629415945214376,932.0755150280652,0.0,,1846740.496258369
2021-02-11 08:00:37.390,1,0.6803128719969098,934.9621229919549,0.0,,1853037.3553588032
2021-02-11 08:00:37.400,1,0.5598644967314185,935.1956571579184,0.0,,1853539.4147867886
2021-02-11 08:00:37.410,1,0.6468893970310752,938.8924728456496,0.0,,1861602.912553641
2021-02-11 08:00:37.420,1,0.6812705567133572,933.0930870924188,0.0,,1848960.4021555101
2021-02-11 08:00:37.430,1,0.5662867972788047,935.8937171785764,0.0,,1855059.2313292185
2021-02-11 08:00:37.440,1,0.6870277054458762,932.0618711938836,0.0,,1846713.7691645059
2021-02-11 08:00:37.450,1,0.5414669332420413,926.0075646659708,0.0,,1833516.25067275
2021-02-11 08:00:37.460,1,0.6549676465039397,928.6720827434704,0.0,,1839324.8646186695
2021-02-11 08:00:37.470,1,0.651115236823304,929.0005781201291,0.0,,1840039.2992693095
2021-02-11 08:00:37.480,1,0.5782994285240789,926.231529999564,0.0,,1834005.7933106115
2021-02-11 08:00:37.490,1,0.7596218019760855,928.8884863313568,0.0,,1839800.376799306
2021-02-11 08:00:37.500,1,0.5127989462334223,934.576082214483,0.0,,1852183.43920264
2021-02-11 08:00:37.510,1,0.5862020257962978,933.8099232214828,0.0,,1850516.6367515384
2021-02-11 08:00:37.520,1,0.5347872870643144,927.7372815292756,0.0,,1837285.2613950656
2021-02-11 08:00:37.530,1,0.7463493478178084,927.8981820466076,0.0,,1837646.0681489324
2021-02-11 08:00:37.540,1,0.5724377267230109,926.5292310430376,0.0,,1834653.0655373943
2021-02-11 08:00:37.550,1,0.7778413338635988,924.7040795847604,0.0,,1830689.8923030582
2021-02-11 08:00:37.560,1,0.7167247581133955,925.1204657780296,0.0,,1831594.0188517754
2021-02-11 08:00:37.570,1,0.5505944698732687,917.5376002362528,0.0,,1815078.1240881626
2021-02-11 08:00:37.580,1,0.6661071818136605,928.5033391727002,0.0,,1838958.7570738522
2021-02-11 08:00:37.590,1,0.7117131274915834,924.431624011837,0.0,,1830093.0035028
2021-02-11 08:00:37.600,1,0.5612683953850333,924.123940758558,0.0,,1829411.7760881414
2021-02-11 08:00:37.610,1,0.6739618606379738,930.4214336919258,0.0,,1843139.7889430712
2021-02-11 08:00:37.620,1,0.7752412751229446,917.2642564794226,0.0,,1814493.4593934242
2021-02-11 08:00:37.630,1,0.545969761692831,918.63184090672,0.0,,1817458.9705318243
2021-02-11 08:00:37.640,1,0.6290316368543157,922.1991396174872,0.0,,1825225.0705000954
2021-02-11 08:00:37.650,1,0.5956369552944678,919.8863796853914,0.0,,1820193.074704024
2021-02-11 08:00:37.660,1,0.8340256710752726,916.3930458212602,0.0,,1812604.1533995608
2021-02-11 08:00:37.670,1,0.6051500914920531,916.8626158812726,0.0,,1813611.2765576255
2021-02-11 08:00:37.680,1,0.7080365394652487,915.1942253133896,0.0,,1809986.1253418226
2021-02-11 08:00:37.690,1,0.7872085319206863,913.8434148527642,0.0,,1807051.8961585537
2021-02-11 08:00:37.700,1,0.5815896543550639,915.4366790069688,0.0,,1810503.0454582635
2021-02-11 08:00:37.710,1,0.7154467000732829,919.2806163018475,0.0,,1818878.43443026
2021-02-11 08:00:37.720,1,0.5796485467671186,915.9885123759432,0.0,,1811708.7835388929
2021-02-11 08:00:37.730,1,0.5699763945111723,901.16697136852,0.0,,1779486.6683299828
2021-02-11 08:00:37.740,1,0.5781395718327393,906.7771093937594,0.0,,1791679.1278712135
2021-02-11 08:00:37.750,1,0.589136279346505,912.0372006632088,0.0,,1803116.8515308592
2021-02-11 08:00:37.760,1,0.6300985823818869,922.4526737402996,0.0,,1825779.220027364
2021-02-11 08:00:37.770,1,0.6292643306426244,917.876941197662,0.0,,1815821.8995194389
2021-02-11 08:00:37.780,1,0.5915736442655639,905.4499526503836,0.0,,1788794.981047285
2021-02-11 08:00:37.790,1,0.5519376588147596,912.5882502713256,0.0,,1804315.3969556997
2021-02-11 08:00:37.800,1,0.807955377845213,908.7399181015868,0.0,,1795956.9425206145
2021-02-11 08:00:37.810,1,0.5955229133024051,911.2064672383656,0.0,,1801305.048593915
2021-02-11 08:00:37.820,1,0.7131116577676128,908.408322114194,0.0,,1795233.9995208145
2021-02-11 08:00:37.830,1,0.5998570805906708,916.995534202494,0.0,,1813903.5532366855
2021-02-11 08:00:37.840,1,0.6938497142875684,907.7634205820824,0.0,,1793821.6711545505
2021-02-11 08:00:37.850,1,0.781395255885745,911.8133414361696,0.0,,1802637.2059096475
2021-02-11 08:00:37.860,1,0.6314519445906015,903.2195253237044,0.0,,1783951.8733764936
2021-02-11 08:00:37.870,1,0.6455850039345946,910.017846041376,0.0,,1798727.194949392
2021-02-11 08:00:37.880,1,0.592671947599972,910.7967906803682,0.0,,1800418.267927951
2021-02-11 08:00:37.890,1,0.6014815413382218,909.3465547575692,0.0,,1797266.2435726258
2021-02-11 08:00:37.900,1,0.5449493292070177,907.5890425353838,0.0,,1793438.374493083
2021-02-11 08:00:37.910,1,0.5941933956616313,911.0206204103964,0.0,,1800900.8222571355
2021-02-11 08:00:37.920,1,0.7422366921658292,916.2337057010571,0.0,,1812249.3437935999
2021-02-11 08:00:37.930,1,0.6630345778844956,911.2917799068604,0.0,,1801495.1910528594
2021-02-11 08:00:37.940,1,0.5226052179725892,911.5618302795508,0.0,,1802075.406058988
2021-02-11 08:00:37.950,1,0.6379180212272222,912.74042556039,0.0,,1804645.7128350635
2021-02-11 08:00:37.960,1,0.4941706405274627,912.190208890126,0.0,,1803442.889179888
2021-02-11 08:00:37.970,1,0.6441072815978579,906.6883009574416,0.0,,1791486.3959752093
2021-02-11 08:00:37.980,1,0.603669076181813,914.53179104636,0.0,,1808541.894996393
2021-02-11 08:00:37.990,1,0.5800491211077788,907.7358657480336,0.0,,1793761.3865677398
2021-02-11 08:00:38.000,0,0.5336923557849194,913.54616134185,0.0,,1806396.8957780108
2021-02-11 08:00:38.010,0,0.6134014756591,905.90319294016,0.0,,1789779.182855266
2021-02-11 08:00:38.020,0,0.5939281360143918,910.0780750221328,0.0,,1798851.0194930076
2021-02-11 08:00:38.030,0,0.6034903835107978,912.7772228290976,0.0,,1804723.5639251932
2021-02-11 08:00:38.040,0,0.4708007499185527,908.2732298055056,0.0,,1794926.900106167
2021-02-11 08:00:38.050,0,0.5732831909588474,908.7642237342726,0.0,,1796000.967948349
2021-02-11 08:00:38.060,0,0.5503147985417232,906.2705252128364,0.0,,1790576.0434301763
2021-02-11 08:00:38.070,0,0.484519545759956,921.3710367560489,0.0,,1823417.073803842
2021-02-11 08:00:38.080,0,0.4667131784979885,919.5900780156728,0.0,,1819540.2330655209
2021-02-11 08:00:38.090,0,0.6090776779478935,903.3788275146636,0.0,,1784293.5963199718
2021-02-11 08:00:38.100,0,0.5042772175809871,901.9499412277456,0.0,,1781186.698329509
2021-02-11 08:00:38.110,0,0.4539868109814114,883.3992583310692,0.0,,1740930.4858794503
2021-02-11 08:00:38.120,0,0.5061545258580962,855.0005762343593,0.0,,1679467.330460393
2021-02-11 08:00:38.130,0,0.4544589822359919,825.2888537804953,0.0,,1615384.7769535275
2021-02-11 08:00:38.140,0,0.503748486587404,790.2645541726641,0.0,,1540140.5906985062
2021-02-11 08:00:38.150,0,0.4707957179162588,755.5976505337668,0.0,,1465986.294171035
2021-02-11 08:00:38.160,0,0.3721349703533783,716.4296461471444,0.0,,1382611.348932237
2021-02-11 08:00:38.170,0,0.3444084520126287,674.1145633995143,0.0,,1293053.7601776223
2021-02-11 08:00:38.180,0,0.3459971346295013,635.0340257004165,0.0,,1210845.3903533588
2021-02-11 08:00:38.190,0,0.3466815090313689,594.4172950509393,0.0,,1125933.3862218265
2021-02-11 08:00:38.200,0,0.2526445562076385,550.5384734262711,0.0,,1034846.7286387042
2021-02-11 08:00:38.210,0,0.2324921117086579,503.0673498942687,0.0,,937129.3035479703
2021-02-11 08:00:38.220,0,0.2399766083140378,466.5982439586185,0.0,,862678.1439422969
2021-02-11 08:00:38.230,0,0.1659097736540098,423.64543293076287,0.0,,775736.6146568792
2021-02-11 08:00:38.240,0,0.1631844283035889,381.5086046461808,0.0,,691299.7855122028
2021-02-11 08:00:38.250,0,0.1929601135250948,347.48364291809213,0.0,,623795.4811277633
2021-02-11 08:00:38.260,0,0.1709410131966464,311.1148422089687,1.0,,552368.5945249134
2021-02-11 08:00:38.270,0,0.1044765087657382,277.02161211565164,1.0,,486159.6910824304
2021-02-11 08:00:38.280,0,0.1217072814806851,244.88094197207587,1.0,,424490.9458463688
2021-02-11 08:00:38.290,0,0.1016610614075884,214.2977231080978,1.0,,366552.8762084287
2021-02-11 08:00:38.300,0,0.0850388567194266,186.00740705937,1.0,,313691.4033412941
2021-02-11 08:00:38.310,0,0.0666562313100695,158.10278790004318,1.0,,262333.0738046339
2021-02-11 08:00:38.320,0,0.0652900495566413,133.8808179116375,1.0,,218483.96213861948
2021-02-11 08:00:38.330,0,0.0475359481777069,111.4831330288464,2.0,,178632.15496910005
2021-02-11 08:00:38.340,0,0.0354176451835826,90.794526250757,2.0,,142526.68150917828
2021-02-11 08:00:38.350,0,0.0381594398797226,71.73584114055794,2.0,,109990.06151710199
2021-02-11 08:00:38.360,0,0.0293353451315918,54.70211126529754,2.0,,81632.48689226764
2021-02-11 08:00:38.370,0,0.0126477236251498,39.84932622337105,2.0,,57616.453813787884
2021-02-11 08:00:38.380,0,0.0155704366360254,26.391778665409326,2.0,,36620.590654689506
2021-02-11 08:00:38.390,0,0.0073087412499999,13.927215772310507,2.0,,18139.92940383328
2021-02-11 08:00:38.400,0,0.0059764664349112,3.2193127122625387,2.0,,3629.230978372971
2021-02-11 08:00:38.410,0,-0.0048243490422535,0.0,2.0,,10.645044484982666
2021-02-11 08:00:38.420,0,-0.0056013224305071,0.0,2.0,,6.359870628842294
2021-02-11 08:00:38.430,0,-0.0091840367739239,0.0,2.0,,10.772158705643937
2021-02-11 08:00:38.440,0,-0.016667565058461,0.0,2.0,,8.46304631907298
2021-02-11 08:00:38.450,0,-0.0105976119498178,0.0,2.0,,7.347936944545939
2021-02-11 08:00:38.460,0,-0.0202731992913421,0.0,2.0,,7.497021593317026
2021-02-11 08:00:38.470,0,-0.01143364409555,0.0,2.0,,10.11637919232695
2021-02-11 08:00:38.480,0,-0.0194468288930917,0.0,2.0,,12.510142326597284
2021-02-11 08:00:38.490,0,-0.0194721066746529,0.0,2.0,,10.729565263437621
2021-02-11 08:00:38.500,0,-0.0164955576239299,0.0,2.0,,8.93388807501114
2021-02-11 08:00:38.510,0,-0.0138492361223008,0.0,2.0,,11.038984424338663
2021-02-11 08:00:38.520,0,-0.015626889351328,0.0,2.0,,6.930933974197037
2021-02-11 08:00:38.530,0,-0.0206280356401983,0.0,2.0,,6.912156108139282
2021-02-11 08:00:38.540,0,-0.0133212247430431,0.0,2.0,,9.588784604551474
2021-02-11 08:00:38.550,0,-0.0189049555924399,0.0,2.0,,12.278373606533584
2021-02-11 08:00:38.560,0,-0.0200957470433914,0.0,2.0,,8.994211341533521
2021-02-11 08:00:38.570,0,-0.0126774500805664,0.0,2.0,,10.769496746421481
2021-02-11 08:00:38.580,0,-0.0161983179337772,0.0,2.0,,6.885810431539687
2021-02-11 08:00:38.590,0,-0.0203095752678474,0.0,2.0,,10.340308729741064
2021-02-11 08:00:38.600,0,-0.0139774612803416,0.0,2.0,,8.81023930457852
2021-02-11 08:00:38.610,0,-0.0166069667962805,0.0,2.0,,10.425807977403945
2021-02-11 08:00:38.620,0,-0.0115520893005792,0.0,2.0,,15.603488658022972
2021-02-11 08:00:38.630,0,-0.0197363970726444,0.0,2.0,,10.452338283606862
2021-02-11 08:00:38.640,0,-0.0099628164150015,0.0,2.0,,8.255147783588619
2021-02-11 08:00:38.650,0,-0.016063241579338,0.0,2.0,,9.531036744612434
2021-02-11 08:00:38.660,0,-0.0125157755446861,0.0,2.0,,11.72499900066407
2021-02-11 08:00:38.670,0,-0.0063189699380274,0.0,2.0,,8.976376289945648
2021-02-11 08:00:38.680,0,-0.0034472040683729,0.0,2.0,,8.155947690095394
2021-02-11 08:00:38.690,0,-0.0066908148922423,0.0,2.0,,8.941794212646345
2021-02-11 08:00:38.700,0,-0.0004367471311256,0.0,2.0,,13.7538231562025
2021-02-11 08:00:38.710,0,-0.0066255708270715,0.0,2.0,,10.286550579004523
2021-02-11 08:00:38.720,0,0.0010367243381966,0.0,2.0,,10.150322095367061
2021-02-11 08:00:38.730,0,-0.007084480493919,0.0,2.0,,10.35781686474386
2021-02-11 08:00:38.740,0,-0.0056692927095183,0.0,2.0,,7.456898183840945
2021-02-11 08:00:38.750,0,-0.0054215399628518,0.0,2.0,,12.055104297211487
2021-02-11 08:00:38.760,0,-0.0012199783060765,0.0,2.0,,7.64798328948344
2021-02-11 08:00:38.770,0,-0.0081141527234717,0.0,2.0,,10.623513885571871
2021-02-11 08:00:38.780,0,-0.0031692150173544,0.0,2.0,,10.630240971779564
2021-02-11 08:00:38.790,0,-0.0018637961741414,0.0,2.0,,13.170850261202293
2021-02-11 08:00:38.800,0,-0.001332858950568,0.0,2.0,,8.092866274709884
2021-02-11 08:00:38.810,0,0.0027073918841028,0.0,2.0,,11.898861035217706
2021-02-11 08:00:38.820,0,-0.00930185718175,0.0,2.0,,10.889194027184764
2021-02-11 08:00:38.830,0,0.0052129527930796,0.0,2.0,,7.198012016138185
2021-02-11 08:00:38.840,0,-0.0002254923752233,0.1656387028763652,2.0,,153.22453931638145
2021-02-11 08:00:38.850,0,0.0012164203221554,0.5476208520660336,2.0,,525.1901634958696
2021-02-11 08:00:38.860,0,-0.001147766241954,0.8848756087762482,2.0,,882.8724312954251
2021-02-11 08:00:38.870,0,0.0034559044332921,1.1587653978547765,2.0,,1188.372473795472
2021-02-11 08:00:38.880,0,0.0055192042627555,1.3928947677890913,2.0,,1451.6526155500394
2021-02-11 08:00:38.890,0,-0.0030735408486874,1.5699372887600431,2.0,,1654.5441516056267
2021-02-11 08:00:38.900,0,-0.0016111995471474,1.7165990129437658,2.0,,1818.9202945251595
2021-02-11 08:00:38.910,0,-0.0036896039241571,1.825140454807794,2.0,,1948.223142947142
2021-02-11 08:00:38.920,0,0.0013264698003475,1.9159054776719229,2.0,,2056.951498149639
2021-02-11 08:00:38.930,0,0.0017691403841826,1.96349110607288,2.0,,2112.494781103008
2021-02-11 08:00:38.940,0,0.0072947632826355,1.9805695267950327,2.0,,2130.7337274885886
2021-02-11 08:00:38.950,0,0.0018974192096358,1.9822661128747443,2.0,,2131.066431170312
2021-02-11 08:00:38.960,0,0.0026743404483748,1.962424032713576,2.0,,2112.098887347634
2021-02-11 08:00:38.970,0,0.0054996467257958,1.930499457337276,2.0,,2069.4205388217165
2021-02-11 08:00:38.980,0,0.0023428110585057,1.8704515489470657,2.0,,1999.3838608492842
2021-02-11 08:00:38.990,0,-5.829466497884236e-05,1.7958846877892067,2.0,,1915.0763982567341
2021-02-11 08:00:39.000,0,0.000491658137263,1.748349641912261,2.0,,1857.4889797542419
2021-02-11 08:00:39.010,0,0.001659509415331,1.6831463176938717,2.0,,1783.5329894770032
2021-02-11 08:00:39.020,0,0.0039109286157873,1.5751834281198742,2.0,,1659.1799917683074
2021-02-11 08:00:39.030,0,-0.0004222616979443,1.497104655013772,2.0,,1568.282944204435
2021-02-11 08:00:39.040,0,-0.0023690578635321,1.4177370804567728,2.0,,1478.8262550473999
2021-02-11 08:00:39.050,0,0.001248411083552,1.3125995466937894,2.0,,1355.7781920396396
2021-02-11 08:00:39.060,0,0.0038065243239848,1.2209348112614875,2.0,,1256.093706636355
2021-02-11 08:00:39.070,0,0.002214634576827,1.1348556410950428,2.0,,1159.1563630609305
2021-02-11 08:00:39.080,0,-0.0029692524627256,1.0370441681525775,2.0,,1052.8106946582363
2021-02-11 08:00:39.090,0,-0.0004254940054333,0.948498827106398,2.0,,956.5778727599205
2021-02-11 08:00:39.100,0,0.0065737839795429,0.8710732151224037,2.0,,867.0315787283029
2021-02-11 08:00:39.110,0,0.0011986424543527,0.7836951469981333,2.0,,774.4845282074642
2021-02-11 08:00:39.120,0,0.0025999074772842,0.7069025005966264,2.0,,691.1911830765652
2021-02-11 08:00:39.130,0,-0.0002606982681416,0.6282181683988115,2.0,,609.8461762123951
2021-02-11 08:00:39.140,0,0.001509125346857,0.5573637659075605,2.0,,536.1347235917384
2021-02-11 08:00:39.150,0,0.0006173710213122,0.4889972614722575,2.0,,466.0981387149256
2021-02-11 08:00:39.160,0,0.0030924590743112,0.4272162661004317,2.0,,403.83376785554617
2021-02-11 08:00:39.170,0,-0.0074256117351028,0.366307926874304,2.0,,340.8950422343919
2021-02-11 08:00:39.180,0,0.0039689291542743,0.3120498819538048,2.0,,288.05723294799304
2021-02-11 08:00:39.190,0,-0.0039164967545733,0.2593894747089155,2.0,,236.63945653070525
2021-02-11 08:00:39.200,0,-0.0044028550758594,0.2136950127212897,2.0,,189.47511013834577
2021-02-11 08:00:39.210,0,0.0036092984641969,0.1732017267038094,2.0,,156.55379007434823
2021-02-11 08:00:39.220,0,0.000551177009955,0.1354241895622927,2.0,,115.44411089891427
2021-02-11 08:00:39.230,0,0.0027487396104979,0.1008702135224137,2.0,,92.59011296042014
2021-02-11 08:00:39.240,0,0.0036620372039206,0.0709023750385106,2.0,,64.01313755923366
2021-02-11 08:00:39.250,0,-0.0016105554951387,0.0435489810950467,2.0,,45.30775514236781
2021-02-11 08:00:39.260,0,-0.0007494806366637,0.0193868874738204,2.0,,24.354750278377416
2021-02-11 08:00:39.270,0,-0.0041457454909015,0.0,2.0,,11.238166403011691
2021-02-11 08:00:39.280,0,0.003262077794188,0.0,2.0,,9.780386420392816
2021-02-11 08:00:39.290,0,0.0072582936064448,0.0,2.0,,12.304230429199901
2021-02-11 08:00:39.300,0,0.0034902695188503,0.0,2.0,,10.393763938529368
2021-02-11 08:00:39.310,0,0.0007668453333655,0.0,2.0,,9.702611598055793
2021-02-11 08:00:39.320,0,-0.0055596399988203,0.0,2.0,,10.455410978289574
2021-02-11 08:00:39.330,0,0.0019867781603565,0.0,2.0,,11.164190474177872
2021-02-11 08:00:39.340,0,-0.0003108247295563,0.0,2.0,,5.873376414315343
2021-02-11 08:00:39.350,0,-0.0024155528411649,0.0,2.0,,9.349387855134468
2021-02-11 08:00:39.360,0,0.0027913001777791,0.0,2.0,,9.28820338361694
2021-02-11 08:00:39.370,0,0.0025112996522939,0.0,2.0,,13.910524580255425
2021-02-11 08:00:39.380,0,0.00376267241774,0.0,2.0,,11.653184107999813
2021-02-11 08:00:39.390,0,-0.0017831005725751,0.0,2.0,,8.824534443688773
2021-02-11 08:00:39.400,0,0.0028076420640786,0.0,2.0,,9.897894980219679
2021-02-11 08:00:39.410,0,0.0015225040873087,0.0,2.0,,11.156729768360211
2021-02-11 08:00:39.420,0,-0.0016282477089709,0.0,2.0,,11.385871240439556
2021-02-11 08:00:39.430,0,-0.0017423611325524,0.0,2.0,,9.048879878109144
2021-02-11 08:00:39.440,0,0.002219762964558,0.0,2.0,,13.867779851056532
2021-02-11 08:00:39.450,0,0.0065105539013359,0.0,2.0,,11.672563220116968
2021-02-11 08:00:39.460,0,-0.001625504546566,0.0,2.0,,8.31727467691726
2021-02-11 08:00:39.470,0,-0.0052651867907458,0.0,2.0,,6.620874647686723
2021-02-11 08:00:39.480,0,-0.0040227512666317,0.0,2.0,,9.38527902141713
2021-02-11 08:00:39.490,0,0.0034302598655977,0.0,2.0,,6.594652765080003
2021-02-11 08:00:39.500,0,0.0038558841720115,0.0,2.0,,9.759036696033904
2021-02-11 08:00:39.510,0,0.0013693130080877,0.0,2.0,,9.058841396477057
2021-02-11 08:00:39.520,0,-0.0038166611571419,0.0,2.0,,11.155785670874689
2021-02-11 08:00:39.530,0,0.0010340369433068,0.0,2.0,,10.948988750002977
2021-02-11 08:00:39.540,0,0.0038416795409629,0.0,2.0,,10.395207062502022
2021-02-11 08:00:39.550,0,-0.0017790876964889,0.0,2.0,,11.584853824630244
2021-02-11 08:00:39.560,0,0.0043864112052341,0.0,2.0,,11.145624797555197
2021-02-11 08:00:39.570,0,0.0025337818872644,0.0,2.0,,12.077643419513311
2021-02-11 08:00:39.580,0,0.00120935693945,0.0,2.0,,9.15705094261673
2021-02-11 08:00:39.590,0,-0.0037660675366377,0.0,2.0,,9.84401080389401
2021-02-11 08:00:39.600,0,0.0005078497796263,0.0,2.0,,10.617906295982962
2021-02-11 08:00:39.610,0,-0.0012763179163319,0.0,2.0,,8.327471021711707
2021-02-11 08:00:39.620,0,0.0003822543561683,0.0,2.0,,12.408786958714455
2021-02-11 08:00:39.630,0,-8.765639343204628e-05,0.0,2.0,,13.441282342814208
2021-02-11 08:00:39.640,0,0.0040419138730184,0.0,2.0,,11.639143830356055
2021-02-11 08:00:39.650,0,0.0018454745032591,0.0,2.0,,9.176075676159535
2021-02-11 08:00:39.660,0,0.0029821022807436,0.0,2.0,,8.191534139514493
2021-02-11 08:00:39.670,0,0.0025749207719203,0.0,2.0,,11.360995271706344
2021-02-11 08:00:39.680,0,0.0027853434481817,0.0,2.0,,9.370653931750228
2021-02-11 08:00:39.690,0,-0.0002084930332751,0.0,2.0,,9.374210828927346
2021-02-11 08:00:39.700,0,0.0028680462782621,0.0,2.0,,9.89170973089609
2021-02-11 08:00:39.710,0,0.0002659984833395,0.0007131584631743,2.0,,12.801888191393974
2021-02-11 08:00:39.720,0,0.0035004752754482,0.0014800250491572,2.0,,13.165128063076969
2021-02-11 08:00:39.730,0,-0.0004121787670493,0.0021197209791206,2.0,,10.053362516071392
2021-02-11 08:00:39.740,0,-0.0061456544016587,0.0026683152173545,2.0,,9.856461240602018
2021-02-11 08:00:39.750,0,0.0041757620044057,0.003090012662859,2.0,,14.986357568307959
2021-02-11 08:00:39.760,0,0.0023118365236688,0.0034548099893799,2.0,,14.695932694979682
2021-02-11 08:00:39.770,0,0.000340907184651,0.0037657597402999,2.0,,11.786422858721524
2021-02-11 08:00:39.780,0,-0.0051077461410684,0.0039587205457148,2.0,,12.945275062475957
2021-02-11 08:00:39.790,0,-0.0026614243958956,0.0040732887746829,2.0,,12.179336265807613
2021-02-11 08:00:39.800,0,0.0009849156025242,0.0041592875693792,2.0,,13.488043396551774
2021-02-11 08:00:39.810,0,-0.0009564212748199,0.0041600292048659,2.0,,14.326978938099888
2021-02-11 08:00:39.820,0,0.0048412237561443,0.0041502700740375,2.0,,14.458730901072427
2021-02-11 08:00:39.830,0,-0.0016950188275151,0.0041417536472769,2.0,,12.631585390190716
2021-02-11 08:00:39.840,0,-0.0073380432710364,0.0040321828895218,2.0,,13.156243125530589
2021-02-11 08:00:39.850,0,0.0020826994072419,0.0039151956235191,2.0,,9.463413057584006
2021-02-11 08:00:39.860,0,0.0041399966117347,0.0038150200255706,2.0,,11.472525768092526
2021-02-11 08:00:39.870,0,-0.0017599770180667,0.0036268439334792,2.0,,9.621229649873934
2021-02-11 08:00:39.880,0,-0.0022172241489377,0.0034675559421108,2.0,,12.678125230423852
2021-02-11 08:00:39.890,0,0.0004008684640289,0.0032633867929041,2.0,,13.607797845769966
2021-02-11 08:00:39.900,0,-0.0027209459165782,0.0030794910029974,2.0,,11.727611630946884
2021-02-11 08:00:39.910,0,0.0012089234366497,0.0029043047606102,2.0,,14.18365197398528
2021-02-11 08:00:39.920,0,0.0063604667952547,0.0027159307046092,2.0,,12.640202505738962
2021-02-11 08:00:39.930,0,0.0005157980020377,0.0025062716780117,2.0,,14.058327662319135
2021-02-11 08:00:39.940,0,-0.0032721953006671,0.0023198514473271,2.0,,10.901416505733522
2021-02-11 08:00:39.950,0,-0.0001521551632602,0.0021254207440254,2.0,,11.959170323642557
2021-02-11 08:00:39.960,0,-0.0011675274440963,0.0019310117243036,2.0,,7.333889831400804
2021-02-11 08:00:39.970,0,0.0002799253597698,0.0017555755252687,2.0,,8.312398775731326
2021-02-11 08:00:39.980,0,-0.0056790600816345,0.0015939225374863,2.0,,11.288165692227395
2021-02-11 08:00:39.990,0,-0.00037347672542,0.001422870202285,2.0,,10.934938981014271
2021-02-11 08:00:40.000,0,0.00147641434455,0.0012835709686521,2.0,,8.548531483696875
2021-02-11 08:00:40.010,0,-0.0009289992951418,0.0011196911544162,2.0,,11.512308990416143
2021-02-11 08:00:40.020,0,-0.0027002697633222,0.0009844592309677,2.0,,8.355242813981203
2021-02-11 08:00:40.030,0,0.0005386904602395,0.0008551563507316,2.0,,10.271295060891008
2021-02-11 08:00:40.040,0,-0.0044971200363857,0.0007337104134226,2.0,,8.004553785475107
2021-02-11 08:00:40.050,0,0.0002232273715986,0.000621070225893,2.0,,11.490362917166165
2021-02-11 08:00:40.060,0,0.0030795598303256,0.000513517253231,2.0,,11.06534930185849
2021-02-11 08:00:40.070,0,0.0027098774996179,0.0004181496564417,2.0,,13.00424379339564
2021-02-11 08:00:40.080,0,-0.0027303390302353,0.0003357350468155,2.0,,8.186277196072854
2021-02-11 08:00:40.090,0,0.0035162989216105,0.000256122436163,2.0,,8.903414710219263
2021-02-11 08:00:40.100,0,0.0020341641934802,0.0001873071854223,2.0,,9.406127052646054
2021-02-11 08:00:40.110,0,-0.0026402274094193,0.0001255073243061,2.0,,12.778607234832883
2021-02-11 08:00:40.120,0,3.567019290691873e-05,6.886600343487482e-05,2.0,,8.94677303466311
2021-02-11 08:00:40.130,0,0.0018526355338001,2.093273689643117e-05,2.0,,9.343924275075144
2021-02-11 08:00:40.140,0,-0.0039849392924931,0.0,2.0,,7.485983720191891
2021-02-11 08:00:40.150,0,-0.0034184370531961,0.0,2.0,,13.474442760786069
2021-02-11 08:00:40.160,0,0.0008827247957943,0.0,2.0,,11.833567636006281
2021-02-11 08:00:40.170,0,0.0019361288463104,0.0,2.0,,9.979559243934537
2021-02-11 08:00:40.180,0,-0.000382481277901,0.0,2.0,,6.263077507597628
2021-02-11 08:00:40.190,0,-0.0046314065907742,0.0,2.0,,8.760160391988338
2021-02-11 08:00:40.200,0,0.0039043847760196,0.0,2.0,,9.636796104946917
2021-02-11 08:00:40.210,0,-0.0014611139725872,0.0,2.0,,8.623551056241926
2021-02-11 08:00:40.220,0,-0.0012309761505716,0.0,2.0,,11.527703641656453
2021-02-11 08:00:40.230,0,-0.0021158247413469,0.0,2.0,,9.33500454757632
2021-02-11 08:00:40.240,0,0.0047771722170107,0.0,1.0,,10.142926948968043
2021-02-11 08:00:40.250,0,0.0026182409763223,0.0,1.0,,8.400005690684365
2021-02-11 08:00:40.260,0,0.0016739700207944,0.0,1.0,,8.316464185304435
2021-02-11 08:00:40.270,0,0.0031155807052604,0.0,1.0,,8.59706015572873
2021-02-11 08:00:40.280,0,0.0004857931336449,0.0,1.0,,11.43811832005378
2021-02-11 08:00:40.290,0,0.008973110763114,0.0,1.0,,12.657434510615373
2021-02-11 08:00:40.300,0,0.0047330429108288,0.0,1.0,,10.312432832614501
2021-02-11 08:00:40.310,0,-0.0028620352764029,0.0,1.0,,7.636970758167625
2021-02-11 08:00:40.320,0,-0.0004463033748836,0.0,1.0,,11.062432659020565
2021-02-11 08:00:40.330,0,-0.0020686728175583,0.0,1.0,,9.124795774234085
2021-02-11 08:00:40.340,0,-0.0038798680912949,0.0,1.0,,8.156549628903447
2021-02-11 08:00:40.350,0,-0.0010962376811442,0.0,1.0,,11.994620544411926
2021-02-11 08:00:40.360,0,-0.0054546999043309,0.0,1.0,,11.596961568383394
2021-02-11 08:00:40.370,0,-0.0005917094732801,0.0,1.0,,10.553081987498942
2021-02-11 08:00:40.380,0,-0.0063980450057889,0.0,1.0,,11.197873609410598
2021-02-11 08:00:40.390,0,-0.0015474240039851,0.0,1.0,,11.777453475337932
2021-02-11 08:00:40.400,0,-0.0018887377610268,0.0,1.0,,8.74220852149559
2021-02-11 08:00:40.410,0,-0.003511656083158,0.0,1.0,,8.778361844882616
2021-02-11 08:00:40.420,0,-0.0048758634770013,0.0,1.0,,10.520078869330229
2021-02-11 08:00:40.430,0,-0.002060670854873,0.0,1.0,,6.799344211858043
2021-02-11 08:00:40.440,0,-0.0035622353576125,0.0,1.0,,12.317541452748001
2021-02-11 08:00:40.450,0,-0.0007844702769342,0.0,1.0,,11.584493977590748
2021-02-11 08:00:40.460,0,-0.0047905197651825,0.0,1.0,,8.918482380512017
2021-02-11 08:00:40.470,0,-0.0030504646970969,0.0,1.0,,7.30097812789235
2021-02-11 08:00:40.480,0,-0.0001889241324437,0.0,1.0,,11.476026206305553
2021-02-11 08:00:40.490,0,0.0022080487737384,0.0,1.0,,9.946134627791784
2021-02-11 08:00:40.500,0,0.0029280963261483,0.0,1.0,,11.098717346726907
2021-02-11 08:00:40.510,0,-0.0016801528066247,0.0,1.0,,10.38390665037964
2021-02-11 08:00:40.520,0,0.0020826615310544,0.0,1.0,,10.945752334709066
2021-02-11 08:00:40.530,0,0.000673979528633,0.0,1.0,,11.627277131769315
2021-02-11 08:00:40.540,0,-0.0024333310713393,0.0,1.0,,9.390007888257264
2021-02-11 08:00:40.550,0,0.0020477714696923,0.0,1.0,,11.8117862307649
2021-02-11 08:00:40.560,0,0.0027094003420016,0.0,1.0,,12.592342347735828
2021-02-11 08:00:40.570,0,-0.0010408919172363,3.7990474256368884e-07,1.0,,7.0824435291880405
2021-02-11 08:00:40.580,0,-0.0015796668115592,2.137298503635804e-06,1.0,,10.010351917020467
2021-02-11 08:00:40.590,0,-0.0019516981905992,3.672851730337889e-06,1.0,,7.849099088718901
2021-02-11 08:00:40.600,0,-0.0040569693393185,4.9461602795282764e-06,1.0,,9.236291728452098
2021-02-11 08:00:40.610,0,0.0007203585239292,6.063138434778051e-06,1.0,,10.740196003674544
2021-02-11 08:00:40.620,0,0.0026959846142612,6.886099955510649e-06,1.0,,11.281754632989102
2021-02-11 08:00:40.630,0,0.0007424730425407,7.5338113941504655e-06,1.0,,6.944358071046549
2021-02-11 08:00:40.640,0,0.0030581643852605,8.201135896444966e-06,1.0,,9.955810719538077
2021-02-11 08:00:40.650,0,-0.0004369048343416,8.473202939712181e-06,1.0,,10.14385916242701
2021-02-11 08:00:40.660,0,0.0075414181015378,8.760822653528136e-06,1.0,,14.607294677553181
2021-02-11 08:00:40.670,0,-0.0028819569156528,8.96217987434689e-06,1.0,,7.445000353931925
2021-02-11 08:00:40.680,0,-0.0029600307289087,8.911843857338115e-06,1.0,,11.429027590047093
2021-02-11 08:00:40.690,0,-0.0005506356196132,8.818899166062129e-06,1.0,,12.208058216858964
2021-02-11 08:00:40.700,0,-0.0007811747879582,8.73783837120709e-06,1.0,,11.65855994514278
2021-02-11 08:00:40.710,0,0.0006734634223187,8.474503668670168e-06,1.0,,9.022158397661197
2021-02-11 08:00:40.720,0,0.0001155422073536,8.278432159202291e-06,1.0,,9.293744218240484
2021-02-11 08:00:40.730,0,-0.0068901203568551,7.88359522612413e-06,1.0,,10.526883689460313
2021-02-11 08:00:40.740,0,-0.0042635541874181,7.536146548755765e-06,1.0,,9.77352904405841
2021-02-11 08:00:40.750,0,-0.0043481517697808,7.220917834656826e-06,1.0,,10.535215527956627
2021-02-11 08:00:40.760,0,0.0010020439428157,6.84265584743983e-06,1.0,,9.380329132062927
2021-02-11 08:00:40.770,0,0.0006722129489384,6.438024331112989e-06,1.0,,9.950374125172955
2021-02-11 08:00:40.780,0,0.0009289942009058,6.068464431650187e-06,1.0,,11.302076499415385
2021-02-11 08:00:40.790,0,0.0009875099401951,5.59215794685478e-06,1.0,,10.705338291078865
2021-02-11 08:00:40.800,0,-0.0026504240461533,5.21667221214691e-06,1.0,,11.851834518557908
2021-02-11 08:00:40.810,0,0.0028382962335738,4.806241757759809e-06,1.0,,9.448598961186118
2021-02-11 08:00:40.820,0,-0.003610455264837,4.413192434581295e-06,1.0,,9.13019783850205
2021-02-11 08:00:40.830,0,0.0034676547366854,3.997621819946183e-06,1.0,,14.643378374376715
2021-02-11 08:00:40.840,0,-0.0044654612814333,3.598391223424384e-06,1.0,,7.747188508118963
2021-02-11 08:00:40.850,0,-0.0041939313396036,3.2835204912575763e-06,1.0,,6.290100892692816
2021-02-11 08:00:40.860,0,0.0027374384967066,2.92219557376077e-06,1.0,,10.058298927569597
2021-02-11 08:00:40.870,0,-0.0044535758382946,2.598443542872025e-06,1.0,,11.738589180995533
2021-02-11 08:00:40.880,0,0.0037577379956913,2.2798395862728988e-06,1.0,,9.575994004151996
2021-02-11 08:00:40.890,0,0.001037375305533,2.006601370497821e-06,1.0,,10.50994774149304
2021-02-11 08:00:40.900,0,-0.0045882835810836,1.734562219278674e-06,1.0,,10.127693775453677
2021-02-11 08:00:40.910,0,-0.0035146558557159,1.4684051752535329e-06,1.0,,11.738774742901365
2021-02-11 08:00:40.920,0,-0.0050689719227689,1.2533740638794412e-06,1.0,,10.331650659523874
2021-02-11 08:00:40.930,0,-0.0086475050087182,1.032577780044399e-06,1.0,,11.822557688246473
2021-02-11 08:00:40.940,0,-0.0037084729712975,8.413564681504016e-07,1.0,,11.326139855906515
2021-02-11 08:00:40.950,0,-0.002558856505731,6.630524961195555e-07,1.0,,6.306002121025383
2021-02-11 08:00:40.960,0,0.0001526946880737,5.025737871282147e-07,1.0,,11.339854579895869
2021-02-11 08:00:40.970,0,-0.0015098447540081,3.585397544598283e-07,1.0,,6.995477870716247
2021-02-11 08:00:40.980,0,-0.00715220463334,2.293994324770464e-07,1.0,,13.900334667064795
2021-02-11 08:00:40.990,0,-0.0061363646018153,1.1833596491207361e-07,1.0,,11.697362822577631
2021-02-11 08:00:41.000,1,-0.0018113783708142,1.970036475871892e-08,1.0,,8.726910825352181
2021-02-11 08:00:41.010,1,0.0001671246908631,0.0,1.0,,9.320265045105094
2021-02-11 08:00:41.020,1,-0.0019776672226982,0.0,1.0,,13.354010377078641
2021-02-11 08:00:41.030,1,0.0033518535940226,0.0,1.0,,12.453627638737272
2021-02-11 08:00:41.040,1,-0.0052960300891465,0.0,1.0,,8.081408406960392
2021-02-11 08:00:41.050,1,-0.0007677141202716,0.0,1.0,,11.978274682745031
2021-02-11 08:00:41.060,1,-0.0037701646529591,0.0,1.0,,8.057370739802167
2021-02-11 08:00:41.070,1,-0.0109651886364554,0.0,1.0,,14.41113971093176
2021-02-11 08:00:41.080,1,0.0042838363612551,0.0,1.0,,9.172972788334198
2021-02-11 08:00:41.090,1,0.0020932090355735,3.687463220843314,1.0,,4211.763792508829
2021-02-11 08:00:41.100,1,0.0139679592242689,14.078323546918869,1.0,,18349.40293701028
2021-02-11 08:00:41.110,1,0.0221892225034959,29.467617524926503,1.0,,41343.79347302557
2021-02-11 08:00:41.120,1,0.0450391635035383,50.80274531590147,1.0,,75259.89901595829
2021-02-11 08:00:41.130,1,0.0760890140880957,75.31845099081194,1.0,,116049.47862708943
2021-02-11 08:00:41.140,1,0.0935589318564947,102.90758140959863,1.0,,163579.92985213146
2021-02-11 08:00:41.150,1,0.1372469571455622,134.4048003630833,1.0,,219424.53194625257
2021-02-11 08:00:41.160,1,0.1597637192029556,166.77104521535028,0.0,,278200.26553902886
2021-02-11 08:00:41.170,1,0.1621918537643526,200.96520591403905,0.0,,341550.72759650555
2021-02-11 08:00:41.180,1,0.2264473494513101,238.74220810270347,0.0,,412804.3056126143
2021-02-11 08:00:41.190,1,0.2614125508352683,278.14049289452254,0.0,,488331.49066698615
2021-02-11 08:00:41.200,1,0.2343022954159526,315.09071364126214,0.0,,560137.2508457494
2021-02-11 08:00:41.210,1,0.3434921168504152,356.27644173473414,0.0,,641182.9484720721
2021-02-11 08:00:41.220,1,0.4481029658920015,399.17216909419824,0.0,,726600.4882428994
2021-02-11 08:00:41.230,1,0.3887216834015653,432.0693670789112,0.0,,792730.1270097471
2021-02-11 08:00:41.240,1,0.4154892233159878,473.7786392401853,0.0,,877301.5857434766
2021-02-11 08:00:41.250,1,0.5183240189091626,517.6715503503915,0.0,,967107.4751330405
2021-02-11 08:00:41.260,1,0.5970573744872715,553.0901154583721,0.0,,1040142.5235342019
2021-02-11 08:00:41.270,1,0.4708328355983821,582.8020825531985,0.0,,1101760.70261684
2021-02-11 08:00:41.280,1,0.7036103280782989,621.1333349079426,0.0,,1181734.3616585913
2021-02-11 08:00:41.290,1,0.5228435287489064,654.0055604701688,0.0,,1250698.9345873639
2021-02-11 08:00:41.300,1,0.7242083389344555,684.0909810893182,0.0,,1314135.4803839228
2021-02-11 08:00:41.310,1,0.5950981148805061,707.718187592952,0.0,,1364139.581618062
2021-02-11 08:00:41.320,1,0.7154011218504412,738.2617256913303,0.0,,1429044.128376346
2021-02-11 08:00:41.330,1,0.7447042577751765,772.7965207713606,0.0,,1502745.2525763542
2021-02-11 08:00:41.340,1,0.683421745257463,798.7690462353198,0.0,,1558390.1939198896
2021-02-11 08:00:41.350,1,0.6751791027534829,804.4266147508829,0.0,,1570535.4775030552
2021-02-11 08:00:41.360,1,0.7207989121865955,829.5459512284709,0.0,,1624567.1360213144
2021-02-11 08:00:41.370,1,0.8973856578985749,842.0043145992032,0.0,,1651427.8765307222
2021-02-11 08:00:41.380,1,0.9318439553093076,862.0991605854529,0.0,,1694834.8895220677
2021-02-11 08:00:41.390,1,0.6470094066041447,877.028980819946,0.0,,1727136.4234832434
2021-02-11 08:00:41.400,1,0.9033967807382776,892.8183238628396,0.0,,1761380.3952320141
2021-02-11 08:00:41.410,1,0.8644179953026718,896.9662119085284,0.0,,1770381.872022363
2021-02-11 08:00:41.420,1,0.8564258145016981,907.1377535654464,0.0,,1792478.0600502626
2021-02-11 08:00:41.430,1,0.7166340770459116,919.8137784801764,0.0,,1820040.664492162
2021-02-11 08:00:41.440,1,0.8514916338974784,922.2826514351495,0.0,,1825419.3818425562
2021-02-11 08:00:41.450,1,0.9394140580681122,935.9608112130718,0.0,,1855227.0873694513
2021-02-11 08:00:41.460,1,0.8775425701455477,946.3684726773348,0.0,,1877922.349959324
2021-02-11 08:00:41.470,1,0.8835445673363335,942.558797242226,0.0,,1869611.7932415558
2021-02-11 08:00:41.480,1,0.7227128580469081,947.9725398571624,0.0,,1881424.9820501176
2021-02-11 08:00:41.490,1,0.9922336514708028,948.3348252119432,0.0,,1882226.3404577686
2021-02-11 08:00:41.500,1,0.7982882424713557,939.9280138119476,0.0,,1863871.3148446183
2021-02-11 08:00:41.510,1,0.8055082317446576,956.4702131884836,0.0,,1899988.0580174956
2021-02-11 08:00:41.520,1,0.9633998496976576,958.0913251081136,0.0,,1903536.3682488047
2021-02-11 08:00:41.530,1,0.9835107201483204,952.487600939334,0.0,,1891293.5745235742
2021-02-11 08:00:41.540,1,0.6976538451268242,955.8185016675676,0.0,,1898553.2011926768
2021-02-11 08:00:41.550,1,0.7410587940849133,955.4734434650092,0.0,,1897806.5913411563
2021-02-11 08:00:41.560,1,0.9367408930770798,954.34518980492,0.0,,1895347.5779140934
2021-02-11 08:00:41.570,1,0.8689076556795257,961.5483630962487,0.0,,1911087.5343292856
2021-02-11 08:00:41.580,1,0.9304890637409484,961.7652808068976,0.0,,1911564.0639642684
2021-02-11 08:00:41.590,1,0.8161404486485241,958.8221140003028,0.0,,1905125.1949341649
2021-02-11 08:00:41.600,1,0.9175614691890912,952.0223675704516,0.0,,1890274.097689286
2021-02-11 08:00:41.610,1,0.6940176585525505,950.012946434079,0.0,,1885873.4786050972
2021-02-11 08:00:41.620,1,0.7452998799827899,941.4853393719344,0.0,,1867264.703506126
2021-02-11 08:00:41.630,1,0.6754735507468919,941.3491989980388,0.0,,1866963.2851376322
2021-02-11 08:00:41.640,1,0.7079690916427841,947.9246498793932,0.0,,1881311.314567727
2021-02-11 08:00:41.650,1,0.6057725417132627,933.7544188082812,0.0,,1850399.7468737396
2021-02-11 08:00:41.660,1,0.6003273543515784,954.5468857881324,0.0,,1895772.3876374634
2021-02-11 08:00:41.670,1,0.57730844913034,934.2693506289464,0.0,,1851520.2857480454
2021-02-11 08:00:41.680,1,0.6659119953491238,938.7603081950218,0.0,,1861313.7611019234
2021-02-11 08:00:41.690,1,0.8184282468494495,941.2682445007468,0.0,,1866793.6219712829
2021-02-11 08:00:41.700,1,0.8099536255737131,932.6455315144284,0.0,,1847994.4645681279
2021-02-11 08:00:41.710,1,0.579478482457735,938.0510166417644,0.0,,1859768.5707282247
2021-02-11 08:00:41.720,1,0.7494950810865925,928.4472121370948,0.0,,1838840.0534568632
2021-02-11 08:00:41.730,1,0.7154696766132252,935.5312860305804,0.0,,1854276.2845914
2021-02-11 08:00:41.740,1,0.7349518081590642,928.9852229913084,0.0,,1840010.9350826798
2021-02-11 08:00:41.750,1,0.5855502107043647,924.0980947671104,0.0,,1829357.7502372176
2021-02-11 08:00:41.760,1,0.595599671216184,937.1593123811004,0.0,,1857820.3906654576
2021-02-11 08:00:41.770,1,0.5680077678910436,932.9137970845997,0.0,,1848562.6208974791
2021-02-11 08:00:41.780,1,0.7563018190904297,936.8420325471632,0.0,,1857137.3720498167
2021-02-11 08:00:41.790,1,0.6407843862321677,936.3388053316296,0.0,,1856035.8760632395
2021-02-11 08:00:41.800,1,0.7122694859852072,930.7393709846444,0.0,,1843831.6676298687
2021-02-11 08:00:41.810,1,0.7352449800733254,930.3714704447808,0.0,,1843032.9516183955
2021-02-11 08:00:41.820,1,0.6144186342091515,928.2308279027076,0.0,,1838360.8871377646
2021-02-11 08:00:41.830,1,0.6795437530147324,928.101666712414,0.0,,1838083.4291763217
2021-02-11 08:00:41.840,1,0.5295355744446335,926.728140672808,0.0,,1835086.2433182567
2021-02-11 08:00:41.850,1,0.5584839234909875,930.4111385669282,0.0,,1843111.2566051933
2021-02-11 08:00:41.860,1,0.5460199001721185,933.2717460158802,0.0,,1849342.6362922988
2021-02-11 08:00:41.870,1,0.6497634122684344,945.2737960925836,0.0,,1875524.6830258905
2021-02-11 08:00:41.880,1,0.6271829419138393,933.0403074820586,0.0,,1848843.5423328083
2021-02-11 08:00:41.890,1,0.6149934326130639,938.784802498638,0.0,,1861366.9949098395
2021-02-11 08:00:41.900,1,0.5134980854288207,935.4286436657964,0.0,,1854041.4464996273
2021-02-11 08:00:41.910,1,0.6411566080205121,930.2399906534628,0.0,,1842742.0418306275
2021-02-11 08:00:41.920,1,0.6774862811204394,934.3309467571964,0.0,,1851661.5892029593
2021-02-11 08:00:41.930,1,0.6968674492524497,933.7751100118334,0.0,,1850450.6036398613
2021-02-11 08:00:41.940,1,0.5872451886840611,937.6290792573848,0.0,,1858846.5173352645
2021-02-11 08:00:41.950,1,0.7476957522918277,944.5175241536964,0.0,,1873882.664156774
2021-02-11 08:00:41.960,1,0.7459227667540748,946.4935852693674,0.0,,1878196.347691261
2021-02-11 08:00:41.970,1,0.5504593447387677,941.07354716263,0.0,,1866352.7012594636
2021-02-11 08:00:41.980,1,0.6159259109136709,940.530004933526,0.0,,1865171.3580126273
2021-02-11 08:00:41.990,1,0.6786804415959402,944.5093715471312,0.0,,1873858.268110402
2021-02-11 08:00:42.000,1,0.6929859132476011,937.0781951435536,0.0,,1857648.5402948603
2021-02-11 08:00:42.010,1,0.6944789574803929,950.9653731638168,0.0,,1887954.3161587534
2021-02-11 08:00:42.020,1,0.6493619547628038,943.1021414599372,0.0,,1870790.3012884574
2021-02-11 08:00:42.030,1,0.6337596634757034,944.7505002454076,0.0,,1874384.2560081785
2021-02-11 08:00:42.040,1,0.7304378418821548,939.585589516427,0.0,,1863119.0511588345
2021-02-11 08:00:42.050,1,0.6195314892902873,945.8719795693828,0.0,,1876831.710497159
2021-02-11 08:00:42.060,1,0.7080726402038584,950.6137800068524,0.0,,1887184.8491809613
2021-02-11 08:00:42.070,1,0.7408137388231585,954.5535494687692,0.0,,1895794.2623116188
2021-02-11 08:00:42.080,1,0.5356367027846045,950.9432796098672,0.0,,1887896.0620201682
2021-02-11 08:00:42.090,1,0.6972669739694065,956.1124558726068,0.0,,1899195.4938658758
2021-02-11 08:00:42.100,1,0.6231723353887421,950.8957296517206,0.0,,1887799.944873776
2021-02-11 08:00:42.110,1,0.7431457437361877,942.837531094895,0.0,,1870215.499746186
2021-02-11 08:00:42.120,1,0.818045468039203,947.1652807643454,0.0,,1879665.7831703182
2021-02-11 08:00:42.130,1,0.6145566370794802,944.9497282688336,0.0,,1874819.624831459
2021-02-11 08:00:42.140,1,0.7614048077853892,953.1490475466852,0.0,,1892724.7298647852
2021-02-11 08:00:42.150,1,0.8072099222818817,948.3284756924728,0.0,,1882204.5736650205
2021-02-11 08:00:42.160,1,0.6586419676775415,940.7206691106004,0.0,,1865590.9114561384
2021-02-11 08:00:42.170,1,0.6442189563563612,941.9911821973202,0.0,,1868363.976042298
2021-02-11 08:00:42.180,1,0.8458329049616653,953.9202741729345,0.0,,1894417.6990844721
2021-02-11 08:00:42.190,1,0.7464824332086276,950.8386994427472,0.0,,1887682.6041591456
2021-02-11 08:00:42.200,1,0.6498891209267603,944.3698688013556,0.0,,1873553.5176976745
2021-02-11 08:00:42.210,1,0.6683219887690299,941.4556818883456,0.0,,1867194.7477035162
2021-02-11 08:00:42.220,1,0.7140237516326547,952.8406974069728,0.0,,1892045.6837905932
2021-02-11 08:00:42.230,1,0.8582523701998187,956.4960331961896,0.0,,1900046.9859857196
2021-02-11 08:00:42.240,1,0.6991783609227359,938.9857576130972,0.0,,1861809.7185208222
2021-02-11 08:00:42.250,1,0.8659126310147487,948.2594009942436,0.0,,1882056.649002132
2021-02-11 08:00:42.260,1,0.7518230257919299,942.5305952362172,0.0,,1869546.783896978
2021-02-11 08:00:42.270,1,0.8877726861264886,944.2799077220418,0.0,,1873369.1935299782
2021-02-11 08:00:42.280,1,0.6724253090508789,950.5532650550972,0.0,,1887057.2096492306
2021-02-11 08:00:42.290,1,0.6854294695151899,953.4622864728914,0.0,,1893407.1670016618
2021-02-11 08:00:42.300,1,0.7066236031563617,947.3168513718928,0.0,,1879986.7781132513
2021-02-11 08:00:42.310,1,0.8428423890484984,951.3149020565296,0.0,,1888724.2088356826
2021-02-11 08:00:42.320,1,0.6845367052928829,943.7131417931485,0.0,,1872123.6361824076
2021-02-11 08:00:42.330,1,0.7239775081311431,946.2780937935464,0.0,,1877723.499766306
2021-02-11 08:00:42.340,1,0.8794950848742419,944.0589839718428,0.0,,1872888.6692491958
2021-02-11 08:00:42.350,1,0.9548010439726168,939.5047547535077,0.0,,1862950.5300205995
2021-02-11 08:00:42.360,1,0.7967266767697947,950.0763702866612,0.0,,1886018.893910207
2021-02-11 08:00:42.370,1,0.7427934371073233,937.9596253735152,0.0,,1859573.2833247485
2021-02-11 08:00:42.380,1,0.8341956662336145,946.829833900875,0.0,,1878933.1787939905
2021-02-11 08:00:42.390,1,0.9313999780010692,939.7068912787556,0.0,,1863392.8516313317
2021-02-11 08:00:42.400,1,0.8531359983522548,953.646668219891,0.0,,1893820.1055669046
2021-02-11 08:00:42.410,1,0.7139672935433861,934.9054633133244,0.0,,1852913.990188415
2021-02-11 08:00:42.420,1,0.8471775528943198,945.7226550636644,0.0,,1876515.89915885
2021-02-11 08:00:42.430,1,0.90118609211537,934.953628301296,0.0,,1853027.980581865
2021-02-11 08:00:42.440,1,0.7942543961562667,933.8170693900756,0.0,,1850550.4090269723
2021-02-11 08:00:42.450,1,0.9240877252521292,948.5588819781516,0.0,,1882708.5391474487
2021-02-11 08:00:42.460,1,0.98799085921422,938.6253352589748,0.0,,1861038.6010447969
2021-02-11 08:00:42.470,1,0.7825170538469975,931.2323005924436,0.0,,1844910.5614945642
2021-02-11 08:00:42.480,1,0.7576083978186694,939.2304630853024,0.0,,1862346.9779679044
2021-02-11 08:00:42.490,1,0.9205476825039351,938.5151144568604,0.0,,1860794.8389866634
2021-02-11 08:00:42.500,1,0.9789920564026372,941.2732465786436,0.0,,1866812.539755414
2021-02-11 08:00:42.510,1,0.8760547021934667,930.5505589122432,0.0,,1843431.3124602754
2021-02-11 08:00:42.520,1,0.7301228693309421,929.4310206546684,0.0,,1840984.07060825
2021-02-11 08:00:42.530,1,0.9375211421383186,928.5733720342143,0.0,,1839130.0645196005
2021-02-11 08:00:42.540,1,0.7713522877502379,933.9040376459876,0.0,,1850732.5557877023
2021-02-11 08:00:42.550,1,0.8469426443302991,924.4921750458328,0.0,,1830232.7323414907
2021-02-11 08:00:42.560,1,1.0812715557341963,925.6199594233894,0.0,,1832701.6828950197
2021-02-11 08:00:42.570,1,1.02402545948167,925.47074098904,0.0,,1832372.6554711235
2021-02-11 08:00:42.580,1,1.0157364163987357,930.1193664902228,0.0,,1842494.76852389
2021-02-11 08:00:42.590,1,0.7257135371633019,922.32895582805,0.0,,1825512.8394667904
2021-02-11 08:00:42.600,1,0.9248692984500558,915.4218158221744,0.0,,1810492.730581397
2021-02-11 08:00:42.610,1,1.062053622771696,923.0599850624347,0.0,,1827120.4307042798
2021-02-11 08:00:42.620,1,0.8250782843611815,929.1861766679228,0.0,,1840454.1766146417
2021-02-11 08:00:42.630,1,0.9869138498421596,912.1814255554184,0.0,,1803446.6425568878
2021-02-11 08:00:42.640,1,0.9295078984151762,921.2031957687104,0.0,,1823076.5133950422
2021-02-11 08:00:42.650,1,1.0786202739270232,920.2182777416898,0.0,,1820937.8251900398
2021-02-11 08:00:42.660,1,0.9065979683321664,925.7454191003304,0.0,,1832964.615408026
2021-02-11 08:00:42.670,1,1.0572404146976622,914.4524999362684,0.0,,1808390.6478395467
2021-02-11 08:00:42.680,1,0.7598923457854776,914.7084682085306,0.0,,1808934.2099406093
2021-02-11 08:00:42.690,1,0.936625493659657,921.2579907062732,0.0,,1823195.4690000715
2021-02-11 08:00:42.700,1,0.7648127355137181,914.5721031002716,0.0,,1808634.578899938
2021-02-11 08:00:42.710,1,0.7362724575452722,922.6778710225012,0.0,,1826277.37297128
2021-02-11 08:00:42.720,1,0.9657276158176162,919.8900091048812,0.0,,1820218.9616736097
2021-02-11 08:00:42.730,1,0.8315216598670795,916.190902592802,0.0,,1812161.0286195544
2021-02-11 08:00:42.740,1,0.980585661841621,909.7497508140284,0.0,,1798160.7748662848
2021-02-11 08:00:42.750,1,0.8179755665204245,917.1745473406124,0.0,,1814299.08436215
2021-02-11 08:00:42.760,1,1.012035539162359,925.4474042247596,0.0,,1832320.9972328618
2021-02-11 08:00:42.770,1,0.928729683831042,919.129863203534,0.0,,1818558.1445388764
2021-02-11 08:00:42.780,1,0.8947113067798221,913.7278588113744,0.0,,1806807.4366482778
2021-02-11 08:00:42.790,1,0.93945176841883,918.7886655227296,0.0,,1817822.0093285409
2021-02-11 08:00:42.800,1,0.8241747606926947,917.2593441548576,0.0,,1814485.6334487249
2021-02-11 08:00:42.810,1,0.8258795530291079,909.7604088177116,0.0,,1798172.8927965641
2021-02-11 08:00:42.820,1,0.8374018788769955,918.0281406025651,0.0,,1816160.6924024217
2021-02-11 08:00:42.830,1,0.7695432461028383,911.002545171199,0.0,,1800873.179129477
2021-02-11 08:00:42.840,1,0.6920554323763463,920.17715983387,0.0,,1820828.0884525657
2021-02-11 08:00:42.850,1,0.8567368190896315,916.6677401444624,0.0,,1813197.4142904175
2021-02-11 08:00:42.860,1,0.6851672937661577,909.9989069773196,0.0,,1798686.9960857637
2021-02-11 08:00:42.870,1,0.7617079525087138,920.2855323872504,0.0,,1821069.1001039047
2021-02-11 08:00:42.880,1,0.9392621519026476,921.8062467927846,0.0,,1824388.2754658095
2021-02-11 08:00:42.890,1,0.8202570981758636,918.2763493862166,0.0,,1816699.154863507
2021-02-11 08:00:42.900,1,0.8477467861074932,915.8914811072108,0.0,,1811513.3496475422
2021-02-11 08:00:42.910,1,0.673018724641381,910.9005247663428,0.0,,1800645.5822081026
2021-02-11 08:00:42.920,1,0.7723511939729922,917.5747610290708,0.0,,1815169.8551394215
2021-02-11 08:00:42.930,1,0.6811443375415073,920.4933018500026,0.0,,1821515.0259942645
2021-02-11 08:00:42.940,1,0.7478301096529687,920.2437659273093,0.0,,1820977.3585279582
2021-02-11 08:00:42.950,1,0.9570286601092188,914.1117965214256,0.0,,1807645.6999543745
2021-02-11 08:00:42.960,1,0.9467147258801512,917.3476379092268,0.0,,1814683.7339731485
2021-02-11 08:00:42.970,1,0.8411565666093699,916.784281966862,0.0,,1813455.1057987346
2021-02-11 08:00:42.980,1,0.7752723219229435,917.77401710916,0.0,,1815603.4515129817
2021-02-11 08:00:42.990,1,0.8705866681804434,911.0281907831496,0.0,,1800938.773210993
2021-02-11 08:00:43.000,1,0.6859051893829105,911.677343111582,0.0,,1802337.4491079655
2021-02-11 08:00:43.010,1,0.7941711500819894,911.9534384214386,0.0,,1802942.9424580894
2021-02-11 08:00:43.020,1,0.6475883651796908,926.4968861935,0.0,,1834588.131988502
2021-02-11 08:00:43.030,1,0.7392066073320134,915.9102887191516,0.0,,1811547.784856357
2021-02-11 08:00:43.040,1,0.8427753872013157,914.627430835307,0.0,,1808759.9018657224
2021-02-11 08:00:43.050,1,0.6793865474865228,918.9707330997228,0.0,,1818203.6646305283
2021-02-11 08:00:43.060,1,0.8840135454647222,920.8977706531804,0.0,,1822407.7346288033
2021-02-11 08:00:43.070,1,0.6425581719431621,920.9940969093798,0.0,,1822604.1904509454
2021-02-11 08:00:43.080,1,0.6857564176916684,923.5343415049524,0.0,,1828138.3329834752
2021-02-11 08:00:43.090,1,0.6829176118186112,931.5368101463132,0.0,,1845569.5398421383
2021-02-11 08:00:43.100,1,0.6655439647341934,921.8708763090812,0.0,,1824514.2697144477
2021-02-11 08:00:43.110,1,0.7773866502201833,912.9655853914091,0.0,,1805143.398301166
2021-02-11 08:00:43.120,1,0.8772046352035595,923.8305072504406,0.0,,1828795.3731810634
2021-02-11 08:00:43.130,1,0.878233204645767,928.8675000520524,0.0,,1839764.0226907933
2021-02-11 08:00:43.140,1,0.8486837795339599,930.4626269536072,0.0,,1843239.7858193768
2021-02-11 08:00:43.150,1,0.7378967843857831,928.17609503492,0.0,,1838252.5735027157
2021-02-11 08:00:43.160,1,0.7467264232971483,927.7809337354104,0.0,,1837390.0417501144
2021-02-11 08:00:43.170,1,0.7068373488901495,928.7064961005308,0.0,,1839404.9666902758
2021-02-11 08:00:43.180,1,0.7856677988763194,938.6140386696547,0.0,,1860998.8671940526
2021-02-11 08:00:43.190,1,0.7798603206901173,926.5123724817807,0.0,,1834626.7906861997
2021-02-11 08:00:43.200,1,0.64296375456684,929.692259089516,0.0,,1841549.8886623492
2021-02-11 08:00:43.210,1,0.6063717481770742,922.4086984629264,0.0,,1825681.2453775185
2021-02-11 08:00:43.220,1,0.8105141735255468,925.96662153081,0.0,,1833438.3360615396
2021-02-11 08:00:43.230,1,0.6141300530828596,925.2196036299672,0.0,,1831806.529145655
2021-02-11 08:00:43.240,1,0.590866140064417,934.033909783554,0.0,,1851008.5822338597
2021-02-11 08:00:43.250,1,0.8087749859764759,936.0913246362876,0.0,,1855507.209822325
2021-02-11 08:00:43.260,1,0.7667719398785835,925.7394435418272,0.0,,1832944.2950739258
2021-02-11 08:00:43.270,1,0.7715704861000369,935.609478243002,0.0,,1854455.0051289357
2021-02-11 08:00:43.280,1,0.8676676755436492,929.8140843223712,0.0,,1841824.3706282994
2021-02-11 08:00:43.290,1,0.6306645966594925,929.99809048517,0.0,,1842213.1052410398
2021-02-11 08:00:43.300,1,0.8167928366444052,929.2097248649052,0.0,,1840505.8856919787
2021-02-11 08:00:43.310,1,0.5936381328809699,938.5544311915564,0.0,,1860862.2782516626
2021-02-11 08:00:43.320,1,0.6757439361428662,927.3994122719772,0.0,,1836559.6850219297
2021-02-11 08:00:43.330,1,0.8666276719172175,926.459618867484,0.0,,1834518.6986242167
2021-02-11 08:00:43.340,1,0.6133380872399886,939.1840033136066,0.0,,1862239.189277544
2021-02-11 08:00:43.350,1,0.6316127100023401,936.0141157421144,0.0,,1855325.7408516563
2021-02-11 08:00:43.360,1,0.8413528756704102,939.0604681520738,0.0,,1861983.8889478683
2021-02-11 08:00:43.370,1,0.7055019631013004,941.7039303648236,0.0,,1867744.2084078977
2021-02-11 08:00:43.380,1,0.8186908320264702,937.6979993595208,0.0,,1859005.4899008565
2021-02-11 08:00:43.390,1,0.7248266873973349,937.4728835201432,0.0,,1858511.935503405
2021-02-11 08:00:43.400,1,0.6079426874634515,941.4684915408296,0.0,,1867220.7657047787
2021-02-11 08:00:43.410,1,0.8710004962228157,940.6743537037428,0.0,,1865503.1126909312
2021-02-11 08:00:43.420,1,0.5862349947112607,933.6674520932946,0.0,,1850208.1124802122
2021-02-11 08:00:43.430,1,0.6757576711447589,944.6842270714023,0.0,,1874240.7464088777
2021-02-11 08:00:43.440,1,0.7263196722286623,942.53606330444,0.0,,1869556.7291010597
2021-02-11 08:00:43.450,1,0.7222835800453296,933.5807556306104,0.0,,1850023.5666031612
2021-02-11 08:00:43.460,1,0.7188701147797166,941.6297140346214,0.0,,1867579.4505544035
2021-02-11 08:00:43.470,1,0.6893940943244307,937.9871187661612,0.0,,1859636.274760143
2021-02-11 08:00:43.480,1,0.8209910156823024,935.3847557634098,0.0,,1853965.7365098794
2021-02-11 08:00:43.490,1,0.7278992605955161,934.5529785244688,0.0,,1852147.2631266692
2021-02-11 08:00:43.500,1,0.5928138989502846,938.9269517062096,0.0,,1861676.1913006767
2021-02-11 08:00:43.510,1,0.8332156542013862,943.2229805938764,0.0,,1871062.7134738867
2021-02-11 08:00:43.520,1,0.6625859773971665,937.2561534149816,0.0,,1858038.3211579898
2021-02-11 08:00:43.530,1,0.83522445883439,945.1646025630524,0.0,,1875296.4429385816
2021-02-11 08:00:43.540,1,0.6467005699276579,935.296749392238,0.0,,1853763.4951082864
2021-02-11 08:00:43.550,1,0.7189477230843961,938.2703937608104,0.0,,1860252.5979956419
2021-02-11 08:00:43.560,1,0.6430709664278962,936.4722480104264,0.0,,1856330.0600847024
2021-02-11 08:00:43.570,1,0.7107634150859958,950.4084937741444,0.0,,1886740.611240902
2021-02-11 08:00:43.580,1,0.7845890689893666,942.315263819044,0.0,,1869078.6928484882
2021-02-11 08:00:43.590,1,0.8404407035648286,939.5453681407988,0.0,,1863036.8117379004
2021-02-11 08:00:43.600,1,0.602067543968246,940.705351913518,0.0,,1865556.2652808006
2021-02-11 08:00:43.610,1,0.6005203441579317,950.6419351536148,0.0,,1887241.4834296892
2021-02-11 08:00:43.620,1,0.848209074010313,942.113017391487,0.0,,1868636.9292161344
2021-02-11 08:00:43.630,1,0.6232002738145204,933.1649535674076,0.0,,1849117.4240908413
2021-02-11 08:00:43.640,1,0.7137964083736574,943.4949858745532,0.0,,1871645.0910322901
2021-02-11 08:00:43.650,1,0.8580458755371818,936.9170997887848,0.0,,1857309.055378721
2021-02-11 08:00:43.660,1,0.8234127558314892,945.0307507456336,0.0,,1875007.0792953675
2021-02-11 08:00:43.670,1,0.7017398239334077,940.8820774175268,0.0,,1865947.220022192
2021-02-11 08:00:43.680,1,0.8610754917717467,942.4160070659703,0.0,,1869299.522436709
2021-02-11 08:00:43.690,1,0.7753093497568778,944.58945829591,0.0,,1874038.9806098149
2021-02-11 08:00:43.700,1,0.7003262142377057,946.6052213831572,0.0,,1878433.8951121455
2021-02-11 08:00:43.710,1,0.7018796589560983,943.3089227519866,0.0,,1871242.199841335
2021-02-11 08:00:43.720,1,0.8073566066244172,933.0181454826484,0.0,,1848805.9974403437
2021-02-11 08:00:43.730,1,0.8271761662209856,946.3313940245938,0.0,,1877847.257850458
2021-02-11 08:00:43.740,1,0.6762521991684367,940.6162752316952,0.0,,1865366.4718175125
2021-02-11 08:00:43.750,1,0.6748117823598616,941.4666532586216,0.0,,1867221.2231590233
2021-02-11 08:00:43.760,1,0.8658333365694756,945.17877571978,0.0,,1875330.325309341
2021-02-11 08:00:43.770,1,0.8997627848743559,941.576858549818,0.0,,1867469.4500799368
2021-02-11 08:00:43.780,1,0.7909992163952171,947.0829978823676,0.0,,1879484.073222418
2021-02-11 08:00:43.790,1,0.6729168735998031,939.111551266222,0.0,,1862081.9822438408
2021-02-11 08:00:43.800,1,0.811483291022971,942.721596663302,0.0,,1869965.786987542
2021-02-11 08:00:43.810,1,0.68174299988271,930.8436357716396,0.0,,1844060.062421535
2021-02-11 08:00:43.820,1,0.7583759149771363,932.7498947710452,0.0,,1848216.8819624172
2021-02-11 08:00:43.830,1,0.8238946235651988,924.8504727508112,0.0,,1831006.5379690924
2021-02-11 08:00:43.840,1,0.8301237220397165,937.9844460026276,0.0,,1859632.3972921611
2021-02-11 08:00:43.850,1,0.6607896347107032,936.456035162896,0.0,,1856289.6655434335
2021-02-11 08:00:43.860,1,0.6742317003940204,943.341597304865,0.0,,1871311.3083861966
2021-02-11 08:00:43.870,1,0.7264980485955237,934.520721846354,0.0,,1852075.376034506
2021-02-11 08:00:43.880,1,0.718730823869832,940.3374665567392,0.0,,1864761.8880621786
2021-02-11 08:00:43.890,1,0.6271032346479063,932.728243554857,0.0,,1848162.07155219
2021-02-11 08:00:43.900,1,0.6306241031146121,930.4226528891884,0.0,,1843141.595607466
2021-02-11 08:00:43.910,1,0.6825985767381183,933.9355278172792,0.0,,1850797.5114032468
2021-02-11 08:00:43.920,1,0.8054977868157127,937.634533593374,0.0,,1858867.4943965282
2021-02-11 08:00:43.930,1,0.696283849888058,929.8365132126562,0.0,,1841864.6546407954
2021-02-11 08:00:43.940,1,0.5910028342006511,935.3984659606108,0.0,,1853982.2342331517
2021-02-11 08:00:43.950,1,0.5979738342887291,934.1531495292396,0.0,,1851265.6969420135
2021-02-11 08:00:43.960,1,0.7534248789003906,923.362857785788,0.0,,1827768.6584271654
2021-02-11 08:00:43.970,1,0.8032923351709838,927.8282670772,0.0,,1837493.8729676912
2021-02-11 08:00:43.980,1,0.8024504164016492,932.9960782301767,0.0,,1848756.168239625
2021-02-11 08:00:43.990,1,0.8476619526499856,939.5806480850932,0.0,,1863115.985811681
2021-02-11 08:00:44.000,1,0.8544338437280721,936.7791834145544,0.0,,1857002.3555278722
2021-02-11 08:00:44.010,1,0.6270830934104853,934.0204024767582,0.0,,1850978.1190692848
2021-02-11 08:00:44.020,1,0.7864041965965324,930.0376405265572,0.0,,1842304.3554736304
2021-02-11 08:00:44.030,1,0.7371578351576673,941.2012752079212,0.0,,1866644.891517616
2021-02-11 08:00:44.040,1,0.694149046646093,939.3084408015524,0.0,,1862512.5496277043
2021-02-11 08:00:44.050,1,0.7688027074175412,937.4163872746624,0.0,,1858394.895001729
2021-02-11 08:00:44.060,1,0.5886510837926779,929.2208009414816,0.0,,1840519.4587776314
2021-02-11 08:00:44.070,1,0.6585384235998012,930.3677238433004,0.0,,1843021.9006118227
2021-02-11 08:00:44.080,1,0.8308001142937576,927.0396354776104,0.0,,1835775.4706737383
2021-02-11 08:00:44.090,1,0.7991488694868185,932.8486811885311,0.0,,1848434.8490275696
2021-02-11 08:00:44.100,1,0.7841708087112722,929.609885766631,0.0,,1841374.8053921396
2021-02-11 08:00:44.110,1,0.8260241584581582,921.2486732045728,0.0,,1823170.5731201814
2021-02-11 08:00:44.120,1,0.6444930434039035,925.1705724297882,0.0,,1831702.0838890406
2021-02-11 08:00:44.130,1,0.7338105006679333,936.4816481509816,0.0,,1856350.8492658301
2021-02-11 08:00:44.140,1,0.6349999102903806,933.4937600866446,0.0,,1849833.6344513984
2021-02-11 08:00:44.150,1,0.7069616609323635,930.0667625091428,0.0,,1842368.120963474
2021-02-11 08:00:44.160,1,0.604367267211928,934.200134544374,0.0,,1851370.1083237105
2021-02-11 08:00:44.170,1,0.6594079519573717,935.3750384366804,0.0,,1853932.796914119
2021-02-11 08:00:44.180,1,0.8206870991627772,926.4338551003552,0.0,,1834457.6682815175
2021-02-11 08:00:44.190,1,0.7105989855716607,932.5410486009364,0.0,,1847760.0772216478
2021-02-11 08:00:44.200,1,0.8090119164682538,938.9484005016956,0.0,,1861733.9241951306
2021-02-11 08:00:44.210,1,0.6194671573875281,931.2477536469004,0.0,,1844936.301719896
2021-02-11 08:00:44.220,1,0.7941701215875271,939.6118548684468,0.0,,1863177.5611842482
2021-02-11 08:00:44.230,1,0.7659096266001676,935.920679476255,0.0,,1855131.7297175091
2021-02-11 08:00:44.240,1,0.8221024599818456,939.031054132881,0.0,,1861918.0096308899
2021-02-11 08:00:44.250,1,0.6337211586149637,929.1783769192656,0.0,,1840431.4944267694
2021-02-11 08:00:44.260,1,0.7152518554793241,932.1963162158712,0.0,,1847011.9853710106
2021-02-11 08:00:44.270,1,0.6292767763714768,927.0690852485616,0.0,,1835831.516622045
2021-02-11 08:00:44.280,1,0.5863877196437723,932.6061170402932,0.0,,1847894.8158272626
2021-02-11 08:00:44.290,1,0.7875912976911719,923.7299812609572,0.0,,1828565.7672543253
2021-02-11 08:00:44.300,1,0.7164551977225033,931.365776187416,0.0,,1845200.4789446387
2021-02-11 08:00:44.310,1,0.7798891340416284,940.302478340526,0.0,,1864686.538513991
2021-02-11 08:00:44.320,1,0.6670408138617209,928.4428639047272,0.0,,1838827.7619738432
2021-02-11 08:00:44.330,1,0.6650621471361945,941.4710039130116,0.0,,1867229.922534441
2021-02-11 08:00:44.340,1,0.663104513985582,939.8399941189848,0.0,,1863669.084786697
2021-02-11 08:00:44.350,1,0.8020142831305366,937.5945256835356,0.0,,1858783.031998774
2021-02-11 08:00:44.360,1,0.7077056948240688,933.4054879760592,0.0,,1849640.0742864932
2021-02-11 08:00:44.370,1,0.8083710697450116,927.7270524519444,0.0,,1837274.7770252635
2021-02-11 08:00:44.380,1,0.6342436003679949,936.7079072138872,0.0,,1856838.6228964906
2021-02-11 08:00:44.390,1,0.7029196597939038,930.3105077960118,0.0,,1842897.7168842275
2021-02-11 08:00:44.400,1,0.592856307623224,934.7577175350038,0.0,,1852587.468710119
2021-02-11 08:00:44.410,1,0.6206571337602376,936.1583503486388,0.0,,1855638.0306027401
2021-02-11 08:00:44.420,1,0.7194805736346284,933.4444998564072,0.0,,1849729.7131011873
2021-02-11 08:00:44.430,1,0.8438383666046619,938.3191336805183,0.0,,1860361.1662056912
2021-02-11 08:00:44.440,1,0.8678888673086996,932.7030787152812,0.0,,1848120.4490701347
2021-02-11 08:00:44.450,1,0.8701041471480356,939.4761272419248,0.0,,1862887.5105343938
2021-02-11 08:00:44.460,1,0.7882942766578375,934.5923310043272,0.0,,1852235.3815888867
2021-02-11 08:00:44.470,1,0.8841910997712249,930.1881764002318,0.0,,1842640.3678815917
2021-02-11 08:00:44.480,1,0.7498366564603903,932.8283662730596,0.0,,1848386.3922045906
2021-02-11 08:00:44.490,1,0.7794761052395597,936.6582659362376,0.0,,1856734.7343196094
2021-02-11 08:00:44.500,1,0.7255161362954372,925.1061120248468,0.0,,1831559.5056041284
2021-02-11 08:00:44.510,1,0.6118997502165823,934.6674382583824,0.0,,1852387.0289327041
2021-02-11 08:00:44.520,1,0.5978025629251036,950.618688077768,0.0,,1887194.0453670179
2021-02-11 08:00:44.530,1,0.6580753296576715,942.1131556756592,0.0,,1868627.3739319623
2021-02-11 08:00:44.540,1,0.6835090336091865,930.0360214441376,0.0,,1842300.461435646
2021-02-11 08:00:44.550,1,0.7762620139576679,941.7456406773164,0.0,,1867831.9827624299
2021-02-11 08:00:44.560,1,0.7400483393354524,936.8084467175984,0.0,,1857063.7725938773
2021-02-11 08:00:44.570,1,0.7804007927474057,940.7581818758142,0.0,,1865681.5763884406
2021-02-11 08:00:44.580,1,0.6752030900028236,930.5253118568684,0.0,,1843360.110721376
2021-02-11 08:00:44.590,1,0.6718054244093039,936.224561430388,0.0,,1855786.7804483168
2021-02-11 08:00:44.600,1,0.8190753386912937,942.313986590492,0.0,,1869078.3003579243
2021-02-11 08:00:44.610,1,0.7424442941537458,933.6284032798034,0.0,,1850130.5018397586
2021-02-11 08:00:44.620,1,0.7621785129642129,940.63909888484,0.0,,1865422.7739906702
2021-02-11 08:00:44.630,1,0.7441039006213335,938.250599095701,0.0,,1860208.6859463996
2021-02-11 08:00:44.640,1,0.7746239875182305,933.5323635443132,0.0,,1849922.671824603
2021-02-11 08:00:44.650,1,0.7667490325286326,936.766238805754,0.0,,1856974.9493003597
2021-02-11 08:00:44.660,1,0.6990096749944535,940.7724697061352,0.0,,1865708.859434679
2021-02-11 08:00:44.670,1,0.8990765719959382,936.8273435537816,0.0,,1857115.1774625054
2021-02-11 08:00:44.680,1,0.8883903575286657,939.6929508857576,0.0,,1863364.413672355
2021-02-11 08:00:44.690,1,0.8927969977251653,934.0305467176072,0.0,,1851015.1164624316
2021-02-11 08:00:44.700,1,0.7867216479535174,941.3896394758405,0.0,,1867061.3925437538
2021-02-11 08:00:44.710,1,0.7716529061285688,935.8668546212756,0.0,,1855015.3525219033
2021-02-11 08:00:44.720,1,0.8429603826974251,930.8250827767412,0.0,,1844029.069406453
2021-02-11 08:00:44.730,1,0.6868010565996885,933.9260313015926,0.0,,1850779.336775923
2021-02-11 08:00:44.740,1,0.6917215969024493,941.8706006069784,0.0,,1868102.3929498533
2021-02-11 08:00:44.750,1,0.7949459869786041,936.4226874903992,0.0,,1856225.51958903
2021-02-11 08:00:44.760,1,0.7040023606058974,938.271720837254,0.0,,1860250.8776304936
2021-02-11 08:00:44.770,1,0.7368218936286844,943.8468544542932,0.0,,1872416.681017088
2021-02-11 08:00:44.780,1,0.7545275759234962,929.32728862901,0.0,,1840759.731655014
2021-02-11 08:00:44.790,1,0.9105932487561116,931.1908470602182,0.0,,1844830.7744234272
2021-02-11 08:00:44.800,1,0.6594975856769961,936.183585415851,0.0,,1855697.2967464668
2021-02-11 08:00:44.810,1,0.8250896124455523,944.72790790445,0.0,,1874344.1430346617
2021-02-11 08:00:44.820,1,0.6522528459291174,932.9846781964088,0.0,,1848722.4865235584
2021-02-11 08:00:44.830,1,0.6705707260773028,937.1120934424686,0.0,,1857720.6504160312
2021-02-11 08:00:44.840,1,0.7481288872538105,936.980583868082,0.0,,1857439.4322337
2021-02-11 08:00:44.850,1,0.8723275810809707,938.160399474825,0.0,,1860017.639073978
2021-02-11 08:00:44.860,1,0.6470385913301349,934.888980959848,0.0,,1852875.0439590383
2021-02-11 08:00:44.870,1,0.6483755383527858,935.8412812401864,0.0,,1854949.5129618652
2021-02-11 08:00:44.880,1,0.7282234545437912,929.8879610799692,0.0,,1841980.5111965537
2021-02-11 08:00:44.890,1,0.7656403587985826,938.0613290246512,0.0,,1859796.6783021009
2021-02-11 08:00:44.900,1,0.8454675674854608,942.2395817685624,0.0,,1868915.4137872744
2021-02-11 08:00:44.910,1,0.9337130485352958,933.5579442227856,0.0,,1849984.791147767
2021-02-11 08:00:44.920,1,0.7231902475525256,932.19031909385,0.0,,1846994.0449656215
2021-02-11 08:00:44.930,1,0.7676463625289941,937.7072831574646,0.0,,1859030.359843578
2021-02-11 08:00:44.940,1,0.7480446787232036,930.7942566675245,0.0,,1843954.1661449077
2021-02-11 08:00:44.950,1,0.8118218930135648,938.7657182079016,0.0,,1861332.97575169
2021-02-11 08:00:44.960,1,0.831215877599527,936.1073627228948,0.0,,1855543.4099249141
2021-02-11 08:00:44.970,1,0.8248295808405355,929.074860351562,0.0,,1840212.3643986091
2021-02-11 08:00:44.980,1,0.6333833065179251,940.0747587642612,0.0,,1864185.4231669323
2021-02-11 08:00:44.990,1,0.8446722460636267,934.4414213000376,0.0,,1851910.523781114
2021-02-11 08:00:45.000,1,0.6256520691189427,927.323033794588,0.0,,1836383.7347407439
2021-02-11 08:00:45.010,1,0.8870729079093633,930.0557310526845,0.0,,1842354.2950129448
2021-02-11 08:00:45.020,1,0.6666158357041931,928.9690021477228,0.0,,1839975.399325959
2021-02-11 08:00:45.030,1,0.8210693045964714,925.6959877248172,0.0,,1832850.9243532515
2021-02-11 08:00:45.040,1,0.7941796063204549,936.0560202675174,0.0,,1855425.3879618067
2021-02-11 08:00:45.050,1,0.7743024892801883,930.8073832561684,0.0,,1843983.7947133905
2021-02-11 08:00:45.060,1,0.8696855767908439,931.7796242125032,0.0,,1846104.460308937
2021-02-11 08:00:45.070,1,0.5756302546604689,938.2158822725507,0.0,,1860125.9932613191
2021-02-11 08:00:45.080,1,0.8291367790356818,931.7280548045906,0.0,,1845995.1997344785
2021-02-11 08:00:45.090,1,0.6805304157343651,933.2541379113276,0.0,,1849311.5437233625
2021-02-11 08:00:45.100,1,0.6382184492384521,932.338299920029,0.0,,1847313.6085400584
2021-02-11 08:00:45.110,1,0.5864231501174426,928.4365402537076,0.0,,1838809.8326229951
2021-02-11 08:00:45.120,1,0.7633649548701422,937.8711362981252,0.0,,1859384.985348152
2021-02-11 08:00:45.130,1,0.6199682734571336,935.5992318627182,0.0,,1854424.5631217519
2021-02-11 08:00:45.140,1,0.7105790410290183,939.0853390972004,0.0,,1862028.4235455194
2021-02-11 08:00:45.150,1,0.7645093692644859,933.0654618836652,0.0,,1848908.306577895
2021-02-11 08:00:45.160,1,0.6389179322262946,930.091095193594,0.0,,1842415.607460345
2021-02-11 08:00:45.170,1,0.8026437727815965,936.9127740586556,0.0,,1857296.8501468622
2021-02-11 08:00:45.180,1,0.5990635918673376,928.4753336358152,0.0,,1838895.5694842697
2021-02-11 08:00:45.190,1,0.7662523910912995,941.8140744149576,0.0,,1867982.4889617718
2021-02-11 08:00:45.200,1,0.6275362211407493,938.2174413186682,0.0,,1860130.0772390317
2021-02-11 08:00:45.210,1,0.5318366084432254,930.0773478836784,0.0,,1842379.188917923
2021-02-11 08:00:45.220,1,0.6088240521027954,938.2404605871088,0.0,,1860178.369830656
2021-02-11 08:00:45.230,1,0.5173965660724126,934.4511520966072,0.0,,1851912.7929943646
2021-02-11 08:00:45.240,1,0.7578498492981532,938.6842904051096,0.0,,1861157.9722690557
2021-02-11 08:00:45.250,1,0.6447769099041629,935.843213579852,0.0,,1854953.6630328519
2021-02-11 08:00:45.260,1,0.5268821617989762,933.7858137641148,0.0,,1850461.292993048
2021-02-11 08:00:45.270,1,0.602106455690211,941.328606015939,0.0,,1866913.5156886321
2021-02-11 08:00:45.280,1,0.5273511732961068,938.5745870751106,0.0,,1860901.7719490617
2021-02-11 08:00:45.290,1,0.6630828968625501,939.3042524485164,0.0,,1862502.699800048
2021-02-11 08:00:45.300,1,0.5963075126836731,948.8083838719537,0.0,,1883243.927913799
2021-02-11 08:00:45.310,1,0.5555499350527582,934.5645618049772,0.0,,1852161.8345134256
2021-02-11 08:00:45.320,1,0.5695053886585231,934.8082806827128,0.0,,1852695.0396249609
2021-02-11 08:00:45.330,1,0.5277747495370905,936.5797184184488,0.0,,1856556.7643320155
2021-02-11 08:00:45.340,1,0.4671788041792563,946.9462721275968,0.0,,1879169.3912249217
2021-02-11 08:00:45.350,1,0.4824843449532361,939.1612832892208,0.0,,1862181.1389560758
2021-02-11 08:00:45.360,1,0.6640498024625159,936.1898289447008,0.0,,1855706.043625417
2021-02-11 08:00:45.370,1,0.6128051733278255,938.7024747875948,0.0,,1861185.1345440934
2021-02-11 08:00:45.380,1,0.6206185925251857,936.7947412887836,0.0,,1857028.044481313
2021-02-11 08:00:45.390,1,0.5372253800005691,938.3137644007388,0.0,,1860336.5823254376
2021-02-11 08:00:45.400,1,0.4608151395367619,938.646841921578,0.0,,1861060.1784598625
2021-02-11 08:00:45.410,1,0.5313009544575429,945.9246571184904,0.0,,1876940.0958791901
2021-02-11 08:00:45.420,1,0.5502068165863961,946.648974522396,0.0,,1878521.436765209
2021-02-11 08:00:45.430,1,0.5230116056037899,948.177526176042,0.0,,1881859.1598921877
2021-02-11 08:00:45.440,1,0.4771242858281911,950.888079023448,0.0,,1887775.2409587502
2021-02-11 08:00:45.450,1,0.6069036871337269,954.0621546311216,0.0,,1894711.839244736
2021-02-11 08:00:45.460,1,0.5854888363993079,947.408788190024,0.0,,1880186.25205604
2021-02-11 08:00:45.470,1,0.5747018841544173,943.3206354295266,0.0,,1871258.3539310072
2021-02-11 08:00:45.480,1,0.4731215615715451,948.0703849612984,0.0,,1881620.9863409621
2021-02-11 08:00:45.490,1,0.5111655438397377,956.7139131939442,0.0,,1900504.8975988438
2021-02-11 08:00:45.500,1,0.6068780735749283,946.3993381231904,0.0,,1877981.7395936062
2021-02-11 08:00:45.510,1,0.6245056947122489,944.2924985506428,0.0,,1873384.3919058894
2021-02-11 08:00:45.520,1,0.5752662100802558,950.5299043023124,0.0,,1886996.3562542435
2021-02-11 08:00:45.530,1,0.5259631608496338,955.0457703809152,0.0,,1896858.6945142376
2021-02-11 08:00:45.540,1,0.4511896261881741,946.1526537073512,0.0,,1877435.860782094
2021-02-11 08:00:45.550,1,0.4572044160886227,959.14176732913,0.0,,1905808.7206247859
2021-02-11 08:00:45.560,1,0.5981178498299343,947.4236577743012,0.0,,1880217.9218154363
2021-02-11 08:00:45.570,1,0.6061628382358059,956.748479224922,0.0,,1900583.5299984415
2021-02-11 08:00:45.580,1,0.5219940119554988,957.7916525246594,0.0,,1902854.2144804033
2021-02-11 08:00:45.590,1,0.5105016123510121,956.711526215588,0.0,,1900495.167118559
2021-02-11 08:00:45.600,1,0.5061590476769382,956.1605526113436,0.0,,1899292.5061292094
2021-02-11 08:00:45.610,1,0.5974896165227407,952.2344032332728,0.0,,1890720.830974593
2021-02-11 08:00:45.620,1,0.4919184201415328,948.8679374804116,0.0,,1883360.4717653382
2021-02-11 08:00:45.630,1,0.6231558943307576,964.3755558029104,0.0,,1917255.2098079552
2021-02-11 08:00:45.640,1,0.5791418434326194,959.2253106684584,0.0,,1905998.29229231
2021-02-11 08:00:45.650,1,0.7079449594277468,949.5025569178777,0.0,,1884758.6946224007
2021-02-11 08:00:45.660,1,0.7068810348170278,960.5499987076312,0.0,,1908895.5596968383
2021-02-11 08:00:45.670,1,0.5224693304715141,956.65730503672,0.0,,1900380.3088328207
2021-02-11 08:00:45.680,1,0.5252584920622229,951.1959175179616,0.0,,1888443.0973906522
2021-02-11 08:00:45.690,1,0.7190711258942184,950.9357335814498,0.0,,1887893.6009348796
2021-02-11 08:00:45.700,1,0.7088951221912819,957.36003174262,0.0,,1901921.6198521254
2021-02-11 08:00:45.710,1,0.6571529671277476,960.499653351915,0.0,,1908780.48956012
2021-02-11 08:00:45.720,1,0.5461538166060376,958.7984578211032,0.0,,1905058.280478111
2021-02-11 08:00:45.730,1,0.6290684796177656,955.1361112931696,0.0,,1897057.6948124438
2021-02-11 08:00:45.740,1,0.6185148188369871,962.120262502466,0.0,,1912323.0302079502
2021-02-11 08:00:45.750,1,0.6531302924978228,961.6911967822836,0.0,,1911393.0276690768
2021-02-11 08:00:45.760,1,0.7061652495158488,960.0650895644728,0.0,,1907836.6548412198
2021-02-11 08:00:45.770,1,0.6495533212125008,961.4979379381788,0.0,,1910966.0107137477
2021-02-11 08:00:45.780,1,0.6616171721721219,951.5000579813844,0.0,,1889122.2903108974
2021-02-11 08:00:45.790,1,0.7259868551032488,957.0836811914,0.0,,1901324.7797416549
2021-02-11 08:00:45.800,1,0.6306616984153975,955.3977871365588,0.0,,1897631.7663753643
2021-02-11 08:00:45.810,1,0.6475172400690025,957.1078267960104,0.0,,1901370.318976108
2021-02-11 08:00:45.820,1,0.797971454543567,960.2344835336064,0.0,,1908210.406447732
2021-02-11 08:00:45.830,1,0.5588881498771311,958.6503103224928,0.0,,1904731.8213526239
2021-02-11 08:00:45.840,1,0.7455645496777116,961.8538434816248,0.0,,1911752.7306722458
2021-02-11 08:00:45.850,1,0.7189153754755055,955.5156465302272,0.0,,1897893.9868753257
2021-02-11 08:00:45.860,1,0.8408452785812827,959.1995687208832,0.0,,1905947.5488325001
2021-02-11 08:00:45.870,1,0.5889128372906103,956.1617457392808,0.0,,1899299.2461299931
2021-02-11 08:00:45.880,1,0.8137772730136426,958.4087496929876,0.0,,1904220.8062599665
2021-02-11 08:00:45.890,1,0.6054627388496949,958.3963867504776,0.0,,1904183.7907693253
2021-02-11 08:00:45.900,1,0.8678443272624065,958.6546227980464,0.0,,1904760.8877253197
2021-02-11 08:00:45.910,1,0.6323748273041894,961.273880763652,0.0,,1910475.9599954055
2021-02-11 08:00:45.920,1,0.6833093907278773,955.3088013065088,0.0,,1897438.8168436065
2021-02-11 08:00:45.930,1,0.8923886622200441,948.1099348232348,0.0,,1881729.4233574432
2021-02-11 08:00:45.940,1,0.7276007021928143,954.9220318968324,0.0,,1896598.0815946492
2021-02-11 08:00:45.950,1,0.7832986501744521,953.2438565920944,0.0,,1892935.0489894743
2021-02-11 08:00:45.960,1,0.8903833986255428,954.0254656414024,0.0,,1894644.5663998292
2021-02-11 08:00:45.970,1,0.79305170877648,943.7642759412192,0.0,,1872239.7004252484
2021-02-11 08:00:45.980,1,0.9028227715971354,955.1107324860188,0.0,,1897019.4929561415
2021-02-11 08:00:45.990,1,0.7419390538616284,944.5528329203028,0.0,,1873956.2708760714
2021-02-11 08:00:46.000,1,0.7635248353423089,952.1181985521172,0.0,,1890471.2826209108
2021-02-11 08:00:46.010,1,0.7729372290826239,951.1754004126046,0.0,,1888419.593296917
2021-02-11 08:00:46.020,1,0.8661829973639025,956.3332317592792,0.0,,1899688.1545933697
2021-02-11 08:00:46.030,1,0.8345196805251063,947.7409840435988,0.0,,1880922.453600867
2021-02-11 08:00:46.040,1,0.7017008332664186,954.2524989037624,0.0,,1895134.1845145135
2021-02-11 08:00:46.050,1,0.7748344993604752,950.3110410911032,0.0,,1886530.1427208714
2021-02-11 08:00:46.060,1,0.8116511323416747,951.738907829512,0.0,,1889653.021600248
2021-02-11 08:00:46.070,1,0.7313461874588395,945.1757211117272,0.0,,1875319.5361592323
2021-02-11 08:00:46.080,1,0.93140651615571,956.2631722768624,0.0,,1899537.7033829088
2021-02-11 08:00:46.090,1,0.9433057846548676,938.8087835469548,0.0,,1861435.1066239858
2021-02-11 08:00:46.100,1,0.9686043163322426,949.86778564032,0.0,,1885568.1941574167
2021-02-11 08:00:46.110,1,0.772409609253352,946.3019924921113,0.0,,1877776.5742607443
2021-02-11 08:00:46.120,1,0.7844777727191412,941.6046457747636,0.0,,1867530.2880000046
2021-02-11 08:00:46.130,1,0.7328696719401965,935.7816656773996,0.0,,1854826.5645910676
2021-02-11 08:00:46.140,1,0.9378145171759612,933.9415978196888,0.0,,1850823.698671439
2021-02-11 08:00:46.150,1,0.8726472398553915,938.4546832331556,0.0,,1860660.491294074
2021-02-11 08:00:46.160,1,0.8053809033125107,940.8690659491768,0.0,,1865919.5601066607
2021-02-11 08:00:46.170,1,0.6738747999914871,944.686318589034,0.0,,1874242.1185866105
2021-02-11 08:00:46.180,1,1.014110435284799,930.1172162860048,0.0,,1842492.076261593
2021-02-11 08:00:46.190,1,0.9384215956674412,932.747509486814,0.0,,1848219.1892563775
2021-02-11 08:00:46.200,1,0.8137756059825464,939.4465523592572,0.0,,1862820.539278736
2021-02-11 08:00:46.210,1,0.9711387204514612,936.8917629793305,0.0,,1857257.845349491
2021-02-11 08:00:46.220,1,0.9980395229430038,938.7807781003072,0.0,,1861380.0882649643
2021-02-11 08:00:46.230,1,0.8230195074742045,930.5129834047206,0.0,,1843344.1170530557
2021-02-11 08:00:46.240,1,0.9288416747716198,925.2753139980445,0.0,,1831938.4113367598
2021-02-11 08:00:46.250,1,0.8175787625993913,932.2244836508524,0.0,,1847074.3871769898
2021-02-11 08:00:46.260,1,0.9424552189553598,928.3211403380872,0.0,,1838575.638377164
2021-02-11 08:00:46.270,1,0.7722918664113293,923.943546643098,0.0,,1829031.3440721892
2021-02-11 08:00:46.280,1,0.90151929148551,938.4897414529772,0.0,,1860734.4288835488
2021-02-11 08:00:46.290,1,0.8421396538739304,928.758143438686,0.0,,1839522.9245792276
2021-02-11 08:00:46.300,1,0.9739804493135504,924.523369137956,0.0,,1830301.8996433557
2021-02-11 08:00:46.310,1,0.8106908191835244,930.2712713228602,0.0,,1842821.9852256526
2021-02-11 08:00:46.320,1,0.7740724133167293,926.334398340771,0.0,,1834239.7003123513
2021-02-11 08:00:46.330,1,0.8705909082593679,929.08121920185,0.0,,1840226.0311772937
2021-02-11 08:00:46.340,1,0.7845029251639701,935.3104404665604,0.0,,1853799.6084979593
2021-02-11 08:00:46.350,1,0.8041996790865124,920.2506482543124,0.0,,1820992.0484998852
2021-02-11 08:00:46.360,1,0.8589803490858946,924.0479937031564,0.0,,1829267.9233614414
2021-02-11 08:00:46.370,1,0.8572371337464715,919.1741923548068,0.0,,1818654.4785317553
2021-02-11 08:00:46.380,1,0.9120092091895096,924.6720356147936,0.0,,1830619.4710093127
2021-02-11 08:00:46.390,1,0.8898632142399024,926.8400136073012,0.0,,1835344.7216140213
2021-02-11 08:00:46.400,1,0.7188831143252771,923.8501448452768,0.0,,1828827.7184243887
2021-02-11 08:00:46.410,1,0.7769337180381471,933.3621537921084,0.0,,1849553.967997471
2021-02-11 08:00:46.420,1,0.7782864357390916,925.473501139622,0.0,,1832365.2374588307
2021-02-11 08:00:46.430,1,0.8867395696285367,925.980846432582,0.0,,1833477.4707410801
2021-02-11 08:00:46.440,1,0.8244267611067696,927.979026014114,0.0,,1837824.5521219273
2021-02-11 08:00:46.450,1,0.8249412697695409,927.7559149084694,0.0,,1837339.6947824007
2021-02-11 08:00:46.460,1,0.6795364891488895,930.5686233863275,0.0,,1843455.9815475168
2021-02-11 08:00:46.470,1,0.7661618120140441,924.4193765043516,0.0,,1830068.9779349193
2021-02-11 08:00:46.480,1,0.6218931519015494,925.7351864799572,0.0,,1832926.1149531426
2021-02-11 08:00:46.490,1,0.8394391884359953,922.4474898743928,0.0,,1825773.4118451395
2021-02-11 08:00:46.500,1,0.7450474157145149,921.1882183864968,0.0,,1823030.3001356404
2021-02-11 08:00:46.510,1,0.8058620974911427,930.2158493642398,0.0,,1842694.0686636865
2021-02-11 08:00:46.520,1,0.7606025817975179,925.7523108589388,0.0,,1832970.872738412
2021-02-11 08:00:46.530,1,0.8544692011276442,930.691174069442,0.0,,1843735.9417697778
2021-02-11 08:00:46.540,1,0.677237827631843,940.1257302591378,0.0,,1864295.6809208451
2021-02-11 08:00:46.550,1,0.6920716145460941,926.3707268305436,0.0,,1834311.5924474807
2021-02-11 08:00:46.560,1,0.6338645111701615,937.5366074442128,0.0,,1858646.5193297
2021-02-11 08:00:46.570,1,0.5919248952389525,922.9420359398896,0.0,,1826844.6125867686
2021-02-11 08:00:46.580,1,0.7814296042990818,933.916075807372,0.0,,1850759.3952781588
2021-02-11 08:00:46.590,1,0.6690026875007578,933.0684842618296,0.0,,1848906.80571323
2021-02-11 08:00:46.600,1,0.7427342564679877,926.577013350482,0.0,,1834767.852699312
2021-02-11 08:00:46.610,1,0.5922033516720601,938.2386359676136,0.0,,1860180.1225359568
2021-02-11 08:00:46.620,1,0.5577499488514452,924.3627630803325,0.0,,1829935.3958395943
2021-02-11 08:00:46.630,1,0.5377418282679206,924.1261951302616,0.0,,1829423.524074955
2021-02-11 08:00:46.640,1,0.6564761033602491,919.5576072705188,0.0,,1819475.516547878
2021-02-11 08:00:46.650,1,0.7831040188469028,943.6212865967508,0.0,,1871925.987092501
2021-02-11 08:00:46.660,1,0.6674663390327795,928.613338651246,0.0,,1839195.04509861
2021-02-11 08:00:46.670,1,0.7597420326264842,938.0505646122008,0.0,,1859773.9105247685
2021-02-11 08:00:46.680,1,0.7544212074174224,941.6055272339236,0.0,,1867529.271801206
2021-02-11 08:00:46.690,1,0.6737113724169421,938.61836962018,0.0,,1861005.4498570694
2021-02-11 08:00:46.700,1,0.5101281453552869,927.4837409291994,0.0,,1836728.1809977582
2021-02-11 08:00:46.710,1,0.5696513795667824,935.4848240983532,0.0,,1854170.4548563743
2021-02-11 08:00:46.720,1,0.5726559811065896,942.1425143169544,0.0,,1868688.5433367707
2021-02-11 08:00:46.730,1,0.5036054159440816,939.6552890854806,0.0,,1863259.529870504
2021-02-11 08:00:46.740,1,0.5681440008112082,940.2866053828216,0.0,,1864645.7308533269
2021-02-11 08:00:46.750,1,0.575746896423469,945.742282082977,0.0,,1876544.9979373517
2021-02-11 08:00:46.760,1,0.6378847442670504,948.0903121827392,0.0,,1881673.4476906424
2021-02-11 08:00:46.770,1,0.5129465385537189,941.1707224966176,0.0,,1866567.369220554
2021-02-11 08:00:46.780,1,0.4979319805869099,942.7651794250572,0.0,,1870041.149768455
2021-02-11 08:00:46.790,1,0.6851799010073967,947.3475057089096,0.0,,1880053.1293133716
2021-02-11 08:00:46.800,1,0.5991031609307063,943.4224265646844,0.0,,1871488.7608552016
2021-02-11 08:00:46.810,1,0.7083456086820238,940.3002642201346,0.0,,1864676.8885160377
2021-02-11 08:00:46.820,1,0.6171771785432361,938.2610415031492,0.0,,1860225.1653730175
2021-02-11 08:00:46.830,1,0.6632794814201534,953.7831545650112,0.0,,1894106.1185216024
2021-02-11 08:00:46.840,1,0.6023686551494363,953.357384333898,0.0,,1893174.685117033
2021-02-11 08:00:46.850,1,0.5228611567702219,955.11956976056,0.0,,1897019.0242726186
2021-02-11 08:00:46.860,1,0.5900514878084818,954.7695807933386,0.0,,1896257.3322091044
2021-02-11 08:00:46.870,1,0.6171193263857003,946.6875286551916,0.0,,1878610.2685331309
2021-02-11 08:00:46.880,1,0.6356166856523742,942.13644011491,0.0,,1868681.1254834565
2021-02-11 08:00:46.890,1,0.5633719860163038,951.2206901864804,0.0,,1888507.33383296
2021-02-11 08:00:46.900,1,0.5472691541632946,953.1868879137892,0.0,,1892798.195028876
2021-02-11 08:00:46.910,1,0.6278638919976092,952.8314211257724,0.0,,1892027.2837388394
2021-02-11 08:00:46.920,1,0.5892060834562457,953.7524801930024,0.0,,1894034.0281208453
2021-02-11 08:00:46.930,1,0.5547437965733258,953.6296745086976,0.0,,1893768.04155013
2021-02-11 08:00:46.940,1,0.6212098299194795,953.063395786328,0.0,,1892528.9960460027
2021-02-11 08:00:46.950,1,0.6710205782986172,959.1106173438076,0.0,,1905749.8811593778
2021-02-11 08:00:46.960,1,0.7533733434547132,958.271866963411,0.0,,1903918.3044682438
2021-02-11 08:00:46.970,1,0.5618773250925811,953.4056756814372,0.0,,1893277.7774213862
2021-02-11 08:00:46.980,1,0.7118580570671874,957.0602026805456,0.0,,1901269.6092859993
2021-02-11 08:00:46.990,1,0.6082037485042113,959.364455581406,0.0,,1906299.4272396984
2021-02-11 08:00:47.000,0,0.5744526077488413,954.6733818836713,0.0,,1896046.0631724214
2021-02-11 08:00:47.010,0,0.6772902473847946,958.083323863686,0.0,,1903503.5955104225
2021-02-11 08:00:47.020,0,0.7084343780620086,959.0848752557524,0.0,,1905694.1429350262
2021-02-11 08:00:47.030,0,0.6169884493582038,964.345477291876,0.0,,1917188.0380231175
2021-02-11 08:00:47.040,0,0.7254948125840159,954.7153246483203,0.0,,1896148.6103715927
2021-02-11 08:00:47.050,0,0.767770348071864,965.2150762154204,0.0,,1919102.4222731644
2021-02-11 08:00:47.060,0,0.6385432676021673,953.6271705799936,0.0,,1893764.034008508
2021-02-11 08:00:47.070,0,0.7459822955190015,966.8044556859196,0.0,,1922573.4613227735
2021-02-11 08:00:47.080,0,0.5733904066970847,956.7101318529138,0.0,,1900499.990460872
2021-02-11 08:00:47.090,0,0.6604439365530331,956.7745897177764,0.0,,1900639.8001782957
2021-02-11 08:00:47.100,0,0.7207767324138626,945.4714882462276,0.0,,1875961.8531952563
2021-02-11 08:00:47.110,0,0.6402554948423271,914.5927636750991,0.0,,1808672.9860554056
2021-02-11 08:00:47.120,0,0.6064609659722586,900.4988491290013,0.0,,1778040.613874573
2021-02-11 08:00:47.130,0,0.6301646943465395,862.5885872846994,0.0,,1695879.0346987464
2021-02-11 08:00:47.140,0,0.506344796605907,831.2984946331677,0.0,,1628326.7144164052
2021-02-11 08:00:47.150,0,0.6878686920115485,790.2136711987918,0.0,,1540036.6334994666
2021-02-11 08:00:47.160,0,0.453776330505611,744.4646503898776,0.0,,1442242.1748360996
2021-02-11 08:00:47.170,0,0.5857784183901676,702.7103084790804,0.0,,1353527.8755616872
2021-02-11 08:00:47.180,0,0.4902501972633377,658.1811342008382,0.0,,1259480.7435323624
2021-02-11 08:00:47.190,0,0.4075184550303148,613.715010317493,0.0,,1166202.593900498
2021-02-11 08:00:47.200,0,0.5140594859471691,570.524311609485,0.0,,1076256.9757699638
2021-02-11 08:00:47.210,0,0.3674327535869987,529.4787116274583,0.0,,991394.5704477531
2021-02-11 08:00:47.220,0,0.4284916646791627,479.1879815239116,0.0,,888325.2572836365
2021-02-11 08:00:47.230,0,0.3275726586513508,440.6569583136969,0.0,,810076.5404452964
2021-02-11 08:00:47.240,0,0.3388209796205461,403.19031513149713,0.0,,734643.7712720537
2021-02-11 08:00:47.250,0,0.3318590018174839,360.0286013192428,0.0,,648619.9842653642
2021-02-11 08:00:47.260,0,0.2836284968234013,321.746775718774,1.0,,573172.1032545835
2021-02-11 08:00:47.270,0,0.2499690338171842,285.57811756829875,1.0,,502709.214932366
2021-02-11 08:00:47.280,0,0.185267152435064,252.250925329242,1.0,,438564.7225743031
2021-02-11 08:00:47.290,0,0.2119723300643342,220.5664442130227,1.0,,378369.0530297918
2021-02-11 08:00:47.300,0,0.1748338948114814,190.56264743464305,1.0,,322154.3530507112
2021-02-11 08:00:47.310,0,0.1510727962379718,160.82598933201604,1.0,,267310.7365384598
2021-02-11 08:00:47.320,0,0.1216584323624917,137.64603265279862,1.0,,225249.2109798664
2021-02-11 08:00:47.330,0,0.1126513358193804,115.13259831361016,2.0,,185079.8606997159
2021-02-11 08:00:47.340,0,0.0792241190977807,92.36032464714776,2.0,,145230.8695198357
2021-02-11 08:00:47.350,0,0.0617903048363021,73.48781962380167,2.0,,112951.53938615085
2021-02-11 08:00:47.360,0,0.0419790028179875,56.20711216096734,2.0,,84105.58487771986
2021-02-11 08:00:47.370,0,0.0337195931075245,40.47649438917775,2.0,,58615.43609470282
2021-02-11 08:00:47.380,0,0.023037195626324,26.550378635506696,2.0,,36864.103958878375
2021-02-11 08:00:47.390,0,0.0076398325160852,14.046189377586137,2.0,,18305.34055314415
2021-02-11 08:00:47.400,0,0.0029194907945984,3.2543050305593724,2.0,,3672.936759986264
2021-02-11 08:00:47.410,0,-0.0025651649423796,0.0,2.0,,13.088698059458494
2021-02-11 08:00:47.420,0,-0.0129310935985589,0.0,2.0,,8.659635942664703
2021-02-11 08:00:47.430,0,-0.0177697151857884,0.0,2.0,,9.480533694647304
2021-02-11 08:00:47.440,0,-0.0214239093584468,0.0,2.0,,7.89249511725907
2021-02-11 08:00:47.450,0,-0.0203303292177284,0.0,2.0,,13.28551231520144
2021-02-11 08:00:47.460,0,-0.0369041237407454,0.0,2.0,,11.874586345151899
2021-02-11 08:00:47.470,0,-0.0374818412019178,0.0,2.0,,10.540180744458368
2021-02-11 08:00:47.480,0,-0.036137886334626,0.0,2.0,,14.130445197110383
2021-02-11 08:00:47.490,0,-0.0377195356959598,0.0,2.0,,11.949071200735768
2021-02-11 08:00:47.500,0,-0.0310676687247318,0.0,2.0,,8.444287099087337
2021-02-11 08:00:47.510,0,-0.0365972266217224,0.0,2.0,,11.844428221362879
2021-02-11 08:00:47.520,0,-0.0371827554972281,0.0,2.0,,14.477418139622667
2021-02-11 08:00:47.530,0,-0.0400726935165225,0.0,2.0,,9.80280339233559
2021-02-11 08:00:47.540,0,-0.0330806900177279,0.0,2.0,,11.497450128856588
2021-02-11 08:00:47.550,0,-0.0341837633445883,0.0,2.0,,9.337874099425152
2021-02-11 08:00:47.560,0,-0.0279816926829762,0.0,2.0,,11.282207643043883
2021-02-11 08:00:47.570,0,-0.0281240608915333,0.0,2.0,,13.323325174601058
2021-02-11 08:00:47.580,0,-0.0286123588594772,0.0,2.0,,10.991443129369957
2021-02-11 08:00:47.590,0,-0.0257891189476385,0.0,2.0,,10.513580023290785
2021-02-11 08:00:47.600,0,-0.0299448818301301,0.0,2.0,,9.480575740163367
2021-02-11 08:00:47.610,0,-0.0312134158923087,0.0,2.0,,12.466227322683862
2021-02-11 08:00:47.620,0,-0.028765888616735,0.0,2.0,,10.475463854028341
2021-02-11 08:00:47.630,0,-0.0186920864927212,0.0,2.0,,9.687153769445374
2021-02-11 08:00:47.640,0,-0.0194228078288167,0.0,2.0,,11.366530282068291
2021-02-11 08:00:47.650,0,-0.0204297680049319,0.0,2.0,,14.531450793984309
2021-02-11 08:00:47.660,0,-0.0189819293727946,0.0,2.0,,5.906711971826476
2021-02-11 08:00:47.670,0,-0.0112625456390528,0.0,2.0,,13.434800865970674
2021-02-11 08:00:47.680,0,-0.0102122235119592,0.0,2.0,,12.77462018686768
2021-02-11 08:00:47.690,0,-0.0175222139440097,0.0,2.0,,10.486633867318567
2021-02-11 08:00:47.700,0,-0.0045500099295296,0.0,2.0,,7.370109355174316
2021-02-11 08:00:47.710,0,-0.0123244000639267,0.0,2.0,,8.487409005310258
2021-02-11 08:00:47.720,0,-0.0091000917250152,0.0,2.0,,12.492068723879969
2021-02-11 08:00:47.730,0,-0.0133465081247636,0.0,2.0,,11.49931116018861
2021-02-11 08:00:47.740,0,-0.0096551450339439,0.0,2.0,,11.587023957470702
2021-02-11 08:00:47.750,0,-0.0069022760678991,0.0,2.0,,9.994403037871495
2021-02-11 08:00:47.760,0,-0.0051255800353904,0.0,2.0,,10.637096003538879
2021-02-11 08:00:47.770,0,-0.0057951226633841,0.0,2.0,,11.394313239091717
2021-02-11 08:00:47.780,0,-0.0083583156872773,0.0,2.0,,12.747516088383994
2021-02-11 08:00:47.790,0,-0.0017146547733651,0.0,2.0,,8.781881820263587
2021-02-11 08:00:47.800,0,0.0032783338561609,0.0,2.0,,10.24859317028309
2021-02-11 08:00:47.810,0,-0.0026409130470368,0.0,2.0,,9.076401788681512
2021-02-11 08:00:47.820,0,0.0047087573654905,0.0,2.0,,13.721353556118544
2021-02-11 08:00:47.830,0,0.0009586296355664,0.0,2.0,,13.071475014835347
2021-02-11 08:00:47.840,0,0.0054964492762354,0.1611328363340156,2.0,,144.06944943778137
2021-02-11 08:00:47.850,0,0.0044961265435129,0.5419580546956602,2.0,,518.5169536462189
2021-02-11 08:00:47.860,0,0.0029580771400858,0.8526343195872679,2.0,,851.9932618935986
2021-02-11 08:00:47.870,0,0.0027972772103039,1.1388815164989998,2.0,,1164.9460699721944
2021-02-11 08:00:47.880,0,0.0006559466260796,1.366450515563243,2.0,,1420.0682168448102
2021-02-11 08:00:47.890,0,0.0028630795887624,1.5482533956102145,2.0,,1623.4646623312067
2021-02-11 08:00:47.900,0,-0.0010104174132533,1.6896231318868025,2.0,,1786.8539092050016
2021-02-11 08:00:47.910,0,0.0052619894279398,1.7972075938481056,2.0,,1913.5404925171154
2021-02-11 08:00:47.920,0,-0.0029039291047647,1.8728306757390905,2.0,,2003.0421810240373
2021-02-11 08:00:47.930,0,-0.0024080061045921,1.9365105539713148,2.0,,2078.947468941187
2021-02-11 08:00:47.940,0,0.0027862618333007,1.9657806361314585,2.0,,2114.76913747055
2021-02-11 08:00:47.950,0,-0.0054432416923066,1.9316680693984147,2.0,,2070.9845914885786
2021-02-11 08:00:47.960,0,0.0035099690098372,1.9283161711474213,2.0,,2068.1656420919103
2021-02-11 08:00:47.970,0,0.0082437005149161,1.9049375144631844,2.0,,2041.7699861437623
2021-02-11 08:00:47.980,0,0.0022701968082924,1.8563473508864945,2.0,,1987.1554796990256
2021-02-11 08:00:47.990,0,0.0086154175984705,1.804112979767788,2.0,,1925.4453399904805
2021-02-11 08:00:48.000,0,0.0002398851985473,1.721825070014443,2.0,,1829.0284854890713
2021-02-11 08:00:48.010,0,0.0004016275773441,1.6491124000475663,2.0,,1742.9923782803064
2021-02-11 08:00:48.020,0,0.0013254156556359,1.5645544119843628,2.0,,1645.431345879397
2021-02-11 08:00:48.030,0,0.0021270852783624,1.4932850272832032,2.0,,1565.7599475081865
2021-02-11 08:00:48.040,0,0.0024543201036084,1.3884282802934975,2.0,,1445.6486693382817
2021-02-11 08:00:48.050,0,0.0005218073093222,1.317761838022554,2.0,,1360.8910637955498
2021-02-11 08:00:48.060,0,-0.001059442209593,1.2105880180721995,2.0,,1245.7689320253214
2021-02-11 08:00:48.070,0,0.0026321443384173,1.1317297303430571,2.0,,1157.732186089217
2021-02-11 08:00:48.080,0,0.0009764252493977,1.0366431950694288,2.0,,1051.2937254804026
2021-02-11 08:00:48.090,0,0.0053221058031236,0.9433179237324484,2.0,,947.8019697732269
2021-02-11 08:00:48.100,0,-0.0044070348097373,0.863933539934891,2.0,,862.0731240452873
2021-02-11 08:00:48.110,0,0.0117807195590138,0.7805395580583308,2.0,,771.8174837764539
2021-02-11 08:00:48.120,0,-0.0017342998772486,0.6987684137631059,2.0,,685.1686550018478
2021-02-11 08:00:48.130,0,0.0029088376058689,0.625802917039182,2.0,,609.969112591031
2021-02-11 08:00:48.140,0,-0.0058046139579107,0.5626554927686703,2.0,,543.838332402432
2021-02-11 08:00:48.150,0,-0.0003891770317576,0.4902085001896651,2.0,,465.9463042762037
2021-02-11 08:00:48.160,0,0.0003411208318502,0.4264524829924461,2.0,,402.675575378346
2021-02-11 08:00:48.170,0,0.0008082369592889,0.3695670246452505,2.0,,344.068373211595
2021-02-11 08:00:48.180,0,-0.0021989602937315,0.3133622993315908,2.0,,291.92218031941155
2021-02-11 08:00:48.190,0,-0.0002958711304428,0.2626780617565387,2.0,,238.50019150546734
2021-02-11 08:00:48.200,0,0.0003818311475408,0.2155954120497754,2.0,,193.89033163595408
2021-02-11 08:00:48.210,0,0.0002710146139924,0.1757364788404472,2.0,,161.88834602792804
2021-02-11 08:00:48.220,0,-0.0005607235251085,0.1368679654564901,2.0,,125.05855086768155
2021-02-11 08:00:48.230,0,0.0020035766418327,0.1022411385740102,2.0,,90.6769650746959
2021-02-11 08:00:48.240,0,-0.0035117986252045,0.0709131127015537,2.0,,67.76610204508263
2021-02-11 08:00:48.250,0,-0.001059559232306,0.0436539944523799,2.0,,39.41634105120906
2021-02-11 08:00:48.260,0,0.002679938090292,0.0192707298679281,2.0,,21.539166668780997
2021-02-11 08:00:48.270,0,0.0081306096838875,0.0,2.0,,8.55050547995891
2021-02-11 08:00:48.280,0,0.0025089574596133,0.0,2.0,,12.800329592717617
2021-02-11 08:00:48.290,0,-0.0040306233556825,0.0,2.0,,9.402128862210697
2021-02-11 08:00:48.300,0,-0.0012337892745899,0.0,2.0,,9.108731594211651
2021-02-11 08:00:48.310,0,-0.0010395527887712,0.0,2.0,,8.63953066204739
2021-02-11 08:00:48.320,0,0.0006987791663555,0.0,2.0,,11.78508008629396
2021-02-11 08:00:48.330,0,-0.0029170782544287,0.0,2.0,,9.764085102520577
2021-02-11 08:00:48.340,0,0.0012593088116801,0.0,2.0,,10.394300003329928
2021-02-11 08:00:48.350,0,-0.0008595890687951,0.0,2.0,,9.702840394005745
2021-02-11 08:00:48.360,0,-0.0041058367423597,0.0,2.0,,8.225347158810015
2021-02-11 08:00:48.370,0,0.0027269100073213,0.0,2.0,,8.640834192983379
2021-02-11 08:00:48.380,0,0.0004246768795648,0.0,2.0,,8.09509174327501
2021-02-11 08:00:48.390,0,-0.0007119130169757,0.0,2.0,,9.298211308885058
2021-02-11 08:00:48.400,0,0.0020764275744425,0.0,2.0,,10.224144035580066
2021-02-11 08:00:48.410,0,-0.0039663359648451,0.0,2.0,,13.03582460160146
2021-02-11 08:00:48.420,0,0.0055043334907328,0.0,2.0,,9.124755275904702
2021-02-11 08:00:48.430,0,0.0040297965449575,0.0,2.0,,11.564801904287044
2021-02-11 08:00:48.440,0,0.0012906642531201,0.0,2.0,,10.663746064318946
2021-02-11 08:00:48.450,0,0.0024385415653336,0.0,2.0,,11.407927910552417
2021-02-11 08:00:48.460,0,0.0018512143692565,0.0,2.0,,9.016388349819081
2021-02-11 08:00:48.470,0,-0.0020707747843863,0.0,2.0,,12.47177597162555
2021-02-11 08:00:48.480,0,0.0021173887251271,0.0,2.0,,11.571245455284302
2021-02-11 08:00:48.490,0,-0.0013125905130971,0.0,2.0,,8.512830268483171
2021-02-11 08:00:48.500,0,-0.003416701097531,0.0,2.0,,12.258574331987404
2021-02-11 08:00:48.510,0,-0.0042773666679492,0.0,2.0,,12.460403947047155
2021-02-11 08:00:48.520,0,-0.0007650122549025,0.0,2.0,,11.806482325491324
2021-02-11 08:00:48.530,0,0.0026488774627361,0.0,2.0,,11.862140593339493
2021-02-11 08:00:48.540,0,-0.0025922855731767,0.0,2.0,,12.408191741072319
2021-02-11 08:00:48.550,0,-0.0008709722226254,0.0,2.0,,9.238790096056064
2021-02-11 08:00:48.560,0,-0.0065814043545767,0.0,2.0,,8.369079931113752
2021-02-11 08:00:48.570,0,0.0031104660068149,0.0,2.0,,10.909776704106022
2021-02-11 08:00:48.580,0,-0.0031452613808967,0.0,2.0,,12.198760524261278
2021-02-11 08:00:48.590,0,-5.707951700522223e-05,0.0,2.0,,9.300787206802593
2021-02-11 08:00:48.600,0,0.0049182462707085,0.0,2.0,,11.445126821296101
2021-02-11 08:00:48.610,0,-0.0021836216611411,0.0,2.0,,9.41459535548672
2021-02-11 08:00:48.620,0,-0.0008703323177459,0.0,2.0,,12.87844036437921
2021-02-11 08:00:48.630,0,0.0007992448145293,0.0,2.0,,6.293214299333355
2021-02-11 08:00:48.640,0,-0.005332367011017,0.0,2.0,,9.185694671134021
2021-02-11 08:00:48.650,0,0.0047734164493394,0.0,2.0,,7.206663303080898
2021-02-11 08:00:48.660,0,0.0028495999307324,0.0,2.0,,11.709968438639377
2021-02-11 08:00:48.670,0,0.0026247154272704,0.0,2.0,,11.462470428903183
2021-02-11 08:00:48.680,0,0.0022085658244374,0.0,2.0,,10.228655077680022
2021-02-11 08:00:48.690,0,0.0025526708586573,0.0,2.0,,10.459469345946182
2021-02-11 08:00:48.700,0,0.0044851303305461,0.0,2.0,,8.095432381544349
2021-02-11 08:00:48.710,0,0.0022727347894884,0.0007067735919866,2.0,,7.980991834902695
2021-02-11 08:00:48.720,0,-0.002071568596192,0.0014634412024502,2.0,,12.969252522140106
2021-02-11 08:00:48.730,0,-0.0041741963278272,0.0020991849809115,2.0,,13.069100131757518
2021-02-11 08:00:48.740,0,0.0017527132719271,0.0026459151870941,2.0,,10.662643638175744
2021-02-11 08:00:48.750,0,-0.0041393095181165,0.0030800979264263,2.0,,11.917436135063253
2021-02-11 08:00:48.760,0,0.0021055766583633,0.0034405817574236,2.0,,9.31241219021798
2021-02-11 08:00:48.770,0,0.0009572268343093,0.0036850750160051,2.0,,11.481531647108975
2021-02-11 08:00:48.780,0,-0.0013242031140428,0.0039267681279054,2.0,,9.209294997323207
2021-02-11 08:00:48.790,0,0.0008696790622092,0.0040726252985302,2.0,,13.410525586535972
2021-02-11 08:00:48.800,0,0.000284062661449,0.0041330963312516,2.0,,15.855721947078091
2021-02-11 08:00:48.810,0,-0.0010274723808898,0.0041302270562834,2.0,,11.811605204627144
2021-02-11 08:00:48.820,0,-0.0024042044342582,0.0041805576915366,2.0,,13.582136909527021
2021-02-11 08:00:48.830,0,0.0029075917735268,0.0041160719591772,2.0,,13.27217485369329
2021-02-11 08:00:48.840,0,-0.0075251608865313,0.0040122016234593,2.0,,12.018038495585817
2021-02-11 08:00:48.850,0,0.002473759697805,0.0038603068739651,2.0,,10.295619369304934
2021-02-11 08:00:48.860,0,0.0066833993218347,0.0037556976472119,2.0,,6.850744269746033
2021-02-11 08:00:48.870,0,-0.001198189628931,0.0035665928920985,2.0,,9.636130454157875
2021-02-11 08:00:48.880,0,0.0004253117806845,0.0034352530018205,2.0,,12.427166510765215
2021-02-11 08:00:48.890,0,-0.0041208614033814,0.003252058943357,2.0,,10.195531582361937
2021-02-11 08:00:48.900,0,-0.0006247358658879,0.0030668990930845,2.0,,10.869586788434816
2021-02-11 08:00:48.910,0,-0.0001649642617045,0.0028588259787761,2.0,,13.293807974435541
2021-02-11 08:00:48.920,0,0.0075230919616055,0.0026902225333647,2.0,,12.250343730676217
2021-02-11 08:00:48.930,0,0.00094263166474,0.0025048761775273,2.0,,13.80782206224246
2021-02-11 08:00:48.940,0,-0.0024374753728838,0.0022976928802399,2.0,,11.227117070968903
2021-02-11 08:00:48.950,0,0.0026563463171753,0.0021056601568619,2.0,,9.59476796963003
2021-02-11 08:00:48.960,0,0.0004496642401542,0.0019026265378525,2.0,,9.159893841969351
2021-02-11 08:00:48.970,0,-0.0033803605623396,0.0017328892816338,2.0,,11.050217299828551
2021-02-11 08:00:48.980,0,-0.0024235517883841,0.0015716808389667,2.0,,14.314373505092362
2021-02-11 08:00:48.990,0,0.0030264381139355,0.0014026340859794,2.0,,9.97241862946383
2021-02-11 08:00:49.000,0,0.0008514546441278,0.0012522097134867,2.0,,12.031737188704179
2021-02-11 08:00:49.010,0,0.0016952046122017,0.0011076190079955,2.0,,12.140535889935956
2021-02-11 08:00:49.020,0,0.0009243880327441,0.0009751107982019,2.0,,9.976797386966632
2021-02-11 08:00:49.030,0,0.0036614271004076,0.0008440623148188,2.0,,10.031528048246674
2021-02-11 08:00:49.040,0,0.0017814570540943,0.0007269924027627,2.0,,10.825651673940085
2021-02-11 08:00:49.050,0,-0.0033474481854484,0.0006136479937266,2.0,,10.401873193543013
2021-02-11 08:00:49.060,0,-0.0050931917712926,0.0005043502381252,2.0,,8.38576670366497
2021-02-11 08:00:49.070,0,-0.0025417822808011,0.0004131310803646,2.0,,8.995087286190838
2021-02-11 08:00:49.080,0,-0.0005401405511264,0.0003321540475552,2.0,,12.390977538685984
2021-02-11 08:00:49.090,0,-0.0020384703033574,0.0002543637123982,2.0,,10.727795942197185
2021-02-11 08:00:49.100,0,-0.0020448213999351,0.0001856643258326,2.0,,8.237616789708056
2021-02-11 08:00:49.110,0,0.0027405440870435,0.0001233091943666,2.0,,10.595582267714395
2021-02-11 08:00:49.120,0,0.0002618637666338,6.874687122490096e-05,2.0,,10.261288260026337
2021-02-11 08:00:49.130,0,-0.0015066841897592,2.043808006030725e-05,2.0,,9.817227736445856
2021-02-11 08:00:49.140,0,0.0018663632940339,0.0,2.0,,9.78342767969243
2021-02-11 08:00:49.150,0,0.0003469959591488,0.0,2.0,,10.301218274052589
2021-02-11 08:00:49.160,0,0.0032286130046659,0.0,2.0,,11.846575079550277
2021-02-11 08:00:49.170,0,0.0026434382221267,0.0,2.0,,11.435580261067956
2021-02-11 08:00:49.180,0,-0.0040949875419217,0.0,2.0,,8.317113355657055
2021-02-11 08:00:49.190,0,0.0012626888785039,0.0,2.0,,8.477003548955295
2021-02-11 08:00:49.200,0,0.0032610891326603,0.0,2.0,,10.257596354927026
2021-02-11 08:00:49.210,0,-0.0014266041097301,0.0,2.0,,12.799971275039294
2021-02-11 08:00:49.220,0,0.0003037992662483,0.0,2.0,,10.155814957640521
2021-02-11 08:00:49.230,0,0.0028535259298758,0.0,2.0,,10.216913140579187
2021-02-11 08:00:49.240,0,0.0032814470779166,0.0,1.0,,11.783139305264156
2021-02-11 08:00:49.250,0,1.5727568043428495e-05,0.0,1.0,,12.00094107750135
2021-02-11 08:00:49.260,0,-0.0026498926479844,0.0,1.0,,12.78830101790872
2021-02-11 08:00:49.270,0,-0.0043600493302805,0.0,1.0,,8.93911626136198
2021-02-11 08:00:49.280,0,-0.0026012415911074,0.0,1.0,,9.373661726914083
2021-02-11 08:00:49.290,0,0.0026367174869538,0.0,1.0,,10.575902298851187
2021-02-11 08:00:49.300,0,0.0042015688782202,0.0,1.0,,6.582971033932628
2021-02-11 08:00:49.310,0,0.0022278624715394,0.0,1.0,,13.32431046507366
2021-02-11 08:00:49.320,0,0.012118744036074,0.0,1.0,,13.380020980519367
2021-02-11 08:00:49.330,0,-0.0001792274488787,0.0,1.0,,14.464873317066829
2021-02-11 08:00:49.340,0,0.001080345690889,0.0,1.0,,13.068949166596092
2021-02-11 08:00:49.350,0,0.0027879491323777,0.0,1.0,,10.835700676627908
2021-02-11 08:00:49.360,0,0.0020733299246199,0.0,1.0,,12.374132665666421
2021-02-11 08:00:49.370,0,0.0041816478020023,0.0,1.0,,7.06889356674521
2021-02-11 08:00:49.380,0,-0.0037125411486846,0.0,1.0,,8.521811655421303
2021-02-11 08:00:49.390,0,-0.0039449113102136,0.0,1.0,,12.618759278261747
2021-02-11 08:00:49.400,0,0.0012987519060688,0.0,1.0,,9.376059521318316
2021-02-11 08:00:49.410,0,0.0025164854078786,0.0,1.0,,9.50000509024634
2021-02-11 08:00:49.420,0,-0.0046707388930247,0.0,1.0,,11.144612664885367
2021-02-11 08:00:49.430,0,0.0033446670404583,0.0,1.0,,8.985722059233574
2021-02-11 08:00:49.440,0,-0.0043233568322885,0.0,1.0,,10.077816719938392
2021-02-11 08:00:49.450,0,-0.0012850305723701,0.0,1.0,,11.027598851778956
2021-02-11 08:00:49.460,0,-0.0054551382378321,0.0,1.0,,13.005533629363894
2021-02-11 08:00:49.470,0,-0.0023151180728417,0.0,1.0,,9.812523034642625
2021-02-11 08:00:49.480,0,0.0032728222387079,0.0,1.0,,12.551022388445658
2021-02-11 08:00:49.490,0,0.0035079822320206,0.0,1.0,,8.293124258604019
2021-02-11 08:00:49.500,0,0.000128696782079,0.0,1.0,,7.678929223240802
2021-02-11 08:00:49.510,0,-0.0030215317271567,0.0,1.0,,10.479057680237716
2021-02-11 08:00:49.520,0,-0.0012868318252663,0.0,1.0,,10.500190990748242
2021-02-11 08:00:49.530,0,-0.0054835177805015,0.0,1.0,,12.375764159508075
2021-02-11 08:00:49.540,0,0.0023310333597328,0.0,1.0,,11.24086946656889
2021-02-11 08:00:49.550,0,-0.0015265969126853,0.0,1.0,,8.192597201011917
2021-02-11 08:00:49.560,0,-0.0051041469481778,0.0,1.0,,11.274140108997821
2021-02-11 08:00:49.570,0,0.0002773553367804,3.708860446341717e-07,1.0,,10.545991874400823
2021-02-11 08:00:49.580,0,-0.0067413254220605,2.1162754532439626e-06,1.0,,7.651509059652586
2021-02-11 08:00:49.590,0,-0.0021871729426007,3.6015686632230004e-06,1.0,,12.685154954765018
2021-02-11 08:00:49.600,0,0.0006175607935963,4.860348848816553e-06,1.0,,14.406421888764667
2021-02-11 08:00:49.610,0,-0.001523826429049,5.872996350543031e-06,1.0,,12.011958185907927
2021-02-11 08:00:49.620,0,0.0009291547270137,6.775688318965339e-06,1.0,,10.56007349416798
2021-02-11 08:00:49.630,0,-0.0021328074686819,7.339939908960632e-06,1.0,,10.067801557766991
2021-02-11 08:00:49.640,0,-0.0021312645707526,7.929346328198697e-06,1.0,,9.594451750424419
2021-02-11 08:00:49.650,0,-0.0049300635554921,8.279924139595386e-06,1.0,,9.882861048428055
2021-02-11 08:00:49.660,0,0.0024283874916397,8.465588049224135e-06,1.0,,10.200229330536667
2021-02-11 08:00:49.670,0,0.0004005880493527,8.666150009521892e-06,1.0,,6.703870901062473
2021-02-11 08:00:49.680,0,0.0014633488883805,8.63999967747878e-06,1.0,,9.93253043710193
2021-02-11 08:00:49.690,0,0.0012813158924869,8.614895152392843e-06,1.0,,8.556727478592874
2021-02-11 08:00:49.700,0,0.0004888019264811,8.452182667598575e-06,1.0,,10.413637360783005
2021-02-11 08:00:49.710,0,-0.0023599454908479,8.285637489774139e-06,1.0,,10.207302643042087
2021-02-11 08:00:49.720,0,-0.0054610317976648,7.972394654874708e-06,1.0,,9.13020549416571
2021-02-11 08:00:49.730,0,0.0054711704283674,7.719922457589418e-06,1.0,,11.162208908636128
2021-02-11 08:00:49.740,0,-0.0009027244743631,7.400862992713298e-06,1.0,,8.381171605483813
2021-02-11 08:00:49.750,0,-0.0006198809576412,7.020926079643892e-06,1.0,,7.6025506262421985
2021-02-11 08:00:49.760,0,-0.0019138421166187,6.608887720761264e-06,1.0,,14.143318230668797
2021-02-11 08:00:49.770,0,0.0016678608070405,6.281358059557672e-06,1.0,,12.170944512333174
2021-02-11 08:00:49.780,0,0.0032983635470536,5.808645726635724e-06,1.0,,9.076311446889871
2021-02-11 08:00:49.790,0,0.0092505256932096,5.392419165989179e-06,1.0,,8.883458700704155
2021-02-11 08:00:49.800,0,-0.001660686988974,4.9889150638313306e-06,1.0,,11.44523706927914
2021-02-11 08:00:49.810,0,-0.0001157370174126,4.635869237957362e-06,1.0,,8.718366235314008
2021-02-11 08:00:49.820,0,0.0001852884053661,4.210144479697415e-06,1.0,,9.302737647291247
2021-02-11 08:00:49.830,0,-0.0028440902581559,3.847515835243621e-06,1.0,,5.804399288193289
2021-02-11 08:00:49.840,0,0.0011808256346023,3.447914124741944e-06,1.0,,8.680962559125346
2021-02-11 08:00:49.850,0,0.002981595777661,3.1491975790477727e-06,1.0,,10.739938187440053
2021-02-11 08:00:49.860,0,-0.00167367897119,2.7938333153986888e-06,1.0,,9.103416839775635
2021-02-11 08:00:49.870,0,-0.0076839098521474,2.4777543242586213e-06,1.0,,11.194764082580582
2021-02-11 08:00:49.880,0,0.0062586618324067,2.195554857632904e-06,1.0,,8.852501933887028
2021-02-11 08:00:49.890,0,0.0002137088833442,1.935048616021864e-06,1.0,,7.594325409793339
2021-02-11 08:00:49.900,0,-0.0010593877407158,1.6627579037243623e-06,1.0,,12.059944887790921
2021-02-11 08:00:49.910,0,-0.001825475162446,1.422196279627094e-06,1.0,,7.182681503043774
2021-02-11 08:00:49.920,0,0.0013156332603648,1.2085480968225034e-06,1.0,,11.40433245419861
2021-02-11 08:00:49.930,0,-0.0004139459528026,9.957020423028929e-07,1.0,,8.080256627502344
2021-02-11 08:00:49.940,0,0.0020712493715563,8.106499664607261e-07,1.0,,9.211327538155912
2021-02-11 08:00:49.950,0,0.0004759480075371,6.320144644406191e-07,1.0,,12.33059517327258
2021-02-11 08:00:49.960,0,0.0025216866876981,4.849297205025583e-07,1.0,,7.888595647032412
2021-02-11 08:00:49.970,0,0.0047667952908658,3.47459463044276e-07,1.0,,11.611912472321263
2021-02-11 08:00:49.980,0,0.0008257487530194,2.243473149615008e-07,1.0,,10.691827984859906
2021-02-11 08:00:49.990,0,0.0031228209061191,1.1428784267248693e-07,1.0,,9.358234591809033
2021-02-11 08:00:50.000,0,0.0008426218487688,1.8800530302037122e-08,1.0,,9.741491140270782
2021-02-11 08:00:50.010,0,0.0007834631148086,0.0,1.0,,8.739646337158696
2021-02-11 08:00:50.020,0,-0.0015840769775288,0.0,1.0,,8.686187787631026
2021-02-11 08:00:50.030,0,0.0043016628897474,0.0,1.0,,9.600388178116201
2021-02-11 08:00:50.040,0,0.0023639097697781,0.0,1.0,,8.233972663709105
2021-02-11 08:00:50.050,0,0.0002673604921844,0.0,1.0,,11.142314174584447
2021-02-11 08:00:50.060,0,-0.0003006352984403,0.0,1.0,,12.82744048830968
2021-02-11 08:00:50.070,0,0.0008675124311473,0.0,1.0,,10.555081455208416
2021-02-11 08:00:50.080,0,-0.0043725695492582,0.0,1.0,,10.814343467655915
2021-02-11 08:00:50.090,0,0.0010460144907925,0.0,1.0,,10.212872195048236
2021-02-11 08:00:50.100,0,0.0024502034280081,0.0,1.0,,13.388146389768297
2021-02-11 08:00:50.110,0,0.0027686819332233,0.0,1.0,,8.724269169720882
2021-02-11 08:00:50.120,0,0.0018124628832895,0.0,1.0,,10.970443485765687
2021-02-11 08:00:50.130,0,-0.0004309508722011,0.0,1.0,,12.102153411607487
2021-02-11 08:00:50.140,0,0.0060553511909949,0.0,1.0,,12.510554816091599
2021-02-11 08:00:50.150,0,0.004390436269655,0.0,1.0,,12.968042749130575
2021-02-11 08:00:50.160,0,0.0096973673725658,0.0,1.0,,7.067016058896732
2021-02-11 08:00:50.170,0,-0.0041479550859649,0.0,1.0,,10.246517257260498
2021-02-11 08:00:50.180,0,-0.0015968522169747,0.0,1.0,,10.083069637002145
2021-02-11 08:00:50.190,0,-0.0017515719310677,0.0,1.0,,12.800036629696262
2021-02-11 08:00:50.200,0,0.0036285374768543,0.0,1.0,,10.479151676442681
2021-02-11 08:00:50.210,0,-0.0017051444428199,0.0,1.0,,8.371376526149067
2021-02-11 08:00:50.220,0,0.0015809808085652,0.0,1.0,,9.27034753377051
2021-02-11 08:00:50.230,0,-0.0041710948984859,0.0,1.0,,13.426971494415156
2021-02-11 08:00:50.240,0,-0.0042583261767625,0.0,1.0,,9.156215441460107
2021-02-11 08:00:50.250,0,-0.0022761402423871,0.0,1.0,,10.274188091011212
2021-02-11 08:00:50.260,0,-0.0067274455620153,0.0,1.0,,6.804434695056038
2021-02-11 08:00:50.270,0,-0.0030134611214031,0.0,1.0,,7.107192669671303
2021-02-11 08:00:50.280,0,0.0008395649515572,0.0,1.0,,10.139605530193965
2021-02-11 08:00:50.290,0,-0.0038050008993468,0.0,1.0,,10.518634695055017
2021-02-11 08:00:50.300,0,-0.0042066593744094,0.0,1.0,,10.718492140868467
2021-02-11 08:00:50.310,0,0.0018000452600531,0.0,1.0,,9.645934894768633
2021-02-11 08:00:50.320,0,0.0008435518740291,0.0,1.0,,8.479211776008867
2021-02-11 08:00:50.330,0,-0.0044847396642748,0.0,1.0,,9.255430716846863
2021-02-11 08:00:50.340,0,0.0049293589267887,0.0,1.0,,12.725197286716973
2021-02-11 08:00:50.350,0,-0.0031541505611175,0.0,1.0,,12.930321977531364
2021-02-11 08:00:50.360,0,-0.0003373967850879,0.0,1.0,,10.978134103736316
2021-02-11 08:00:50.370,0,0.0065744741280666,0.0,1.0,,7.800891653666332
2021-02-11 08:00:50.380,0,0.0028797792744569,0.0,1.0,,8.01283237735059
2021-02-11 08:00:50.390,0,-0.000457522766799,0.0,1.0,,14.423382712113742
2021-02-11 08:00:50.400,0,0.0018356910932204,0.0,1.0,,12.42195739096153
2021-02-11 08:00:50.410,0,-0.0010426240333858,0.0,1.0,,8.330919513574894
2021-02-11 08:00:50.420,0,0.0054168082820912,0.0,1.0,,11.045953164721746
2021-02-11 08:00:50.430,0,-0.0001429940619734,0.0,1.0,,9.900162237446846
2021-02-11 08:00:50.440,0,-0.0063675867888219,1.9248774896616267e-09,1.0,,10.153719303190721
2021-02-11 08:00:50.450,0,0.0011986487213731,5.473314752558345e-09,1.0,,7.6859571535145115
2021-02-11 08:00:50.460,0,0.003559389484562,8.43446649320897e-09,1.0,,10.593421413427048
2021-02-11 08:00:50.470,0,-0.0012303732872071,1.0911085798660111e-08,1.0,,13.000055585265462
2021-02-11 08:00:50.480,0,0.0021478028606982,1.3018292018467644e-08,1.0,,10.539397832027102
2021-02-11 08:00:50.490,0,0.0004076590318913,1.4709443137332294e-08,1.0,,5.640725420401566
2021-02-11 08:00:50.500,0,0.0017078707768731,1.6162286914382034e-08,1.0,,11.081644286582613
2021-02-11 08:00:50.510,0,0.0002087705098299,1.7017131805303318e-08,1.0,,10.559256768114633
2021-02-11 08:00:50.520,0,9.42172278277595e-05,1.7622233327162306e-08,1.0,,4.536636122846958
2021-02-11 08:00:50.530,0,0.0027943546387393,1.8153595830634613e-08,1.0,,8.596882853453472
2021-02-11 08:00:50.540,0,0.0033102682841044,1.8271828287060082e-08,1.0,,7.833608761386415
2021-02-11 08:00:50.550,0,-0.0051252539206623,1.832994599829768e-08,1.0,,12.861875158993175
2021-02-11 08:00:50.560,0,-0.0012137244062747,1.8342798499925664e-08,1.0,,11.73517533954491
2021-02-11 08:00:50.570,0,-0.0004070380596628,1.7881738533060393e-08,1.0,,11.060425141926219
2021-02-11 08:00:50.580,0,0.0020440340345168,1.7322426221486355e-08,1.0,,10.686294286005534
2021-02-11 08:00:50.590,0,-0.0010872438870404,1.701001075101238e-08,1.0,,13.600033339445268
2021-02-11 08:00:50.600,0,0.0054302033996409,1.6125754730766736e-08,1.0,,12.732940531504433
2021-02-11 08:00:50.610,0,-0.001985418213153,1.5504054690162652e-08,1.0,,7.870948600313115
2021-02-11 08:00:50.620,0,0.0010196619701373,1.4645180679321697e-08,1.0,,12.62434770562194
2021-02-11 08:00:50.630,0,-0.0009711226977699,1.3893585408558974e-08,1.0,,13.608671391408823
2021-02-11 08:00:50.640,0,0.0002834269976756,1.3042065515599408e-08,1.0,,7.700298431958185
2021-02-11 08:00:50.650,0,0.0029958732565196,1.22444928455522e-08,1.0,,6.255745617821123
2021-02-11 08:00:50.660,0,-0.0024720003986079,1.1300450783951536e-08,1.0,,8.135937725441352
2021-02-11 08:00:50.670,0,-0.0006497852473224,1.0559704233101288e-08,1.0,,10.453648625589041
2021-02-11 08:00:50.680,0,-0.0029563307519318,9.608219029811336e-09,1.0,,8.736379134893804
2021-02-11 08:00:50.690,0,-0.0009034413140874,8.801037684616998e-09,1.0,,7.347261075479076
2021-02-11 08:00:50.700,0,-0.007314751308518,8.095682911989174e-09,1.0,,12.323919331263
2021-02-11 08:00:50.710,0,0.002423683414923,7.277227768482846e-09,1.0,,10.875637611731152
2021-02-11 08:00:50.720,0,0.0020327739931032,6.450377195705761e-09,1.0,,8.633894364823385
2021-02-11 08:00:50.730,0,-0.0061041017001302,5.816505545964107e-09,1.0,,6.5067502233413546
2021-02-11 08:00:50.740,0,-0.0004734048133384,5.134857192472893e-09,1.0,,7.609664413806339
2021-02-11 08:00:50.750,0,-0.0004810255465973,4.5451678071710505e-09,1.0,,9.644698110324759
2021-02-11 08:00:50.760,0,0.0047351278515093,3.918268568780013e-09,1.0,,7.629845039203028
2021-02-11 08:00:50.770,0,-0.0020944546261536,3.391048561947851e-09,1.0,,10.901176153764219
2021-02-11 08:00:50.780,0,-0.0045476728429489,2.889189297887629e-09,1.0,,12.268367856606357
2021-02-11 08:00:50.790,0,0.0050899289060149,2.4320614477572772e-09,1.0,,11.18400365321353
2021-02-11 08:00:50.800,0,0.0012706895416159,1.974940326523909e-09,1.0,,6.319844522898184
2021-02-11 08:00:50.810,0,-0.0040333839482967,1.5948580217671091e-09,1.0,,9.822716581760746
2021-02-11 08:00:50.820,0,0.0043574703915629,1.238420854634098e-09,1.0,,10.226275558130132
2021-02-11 08:00:50.830,0,-0.0102308273710937,9.127605637911305e-10,1.0,,8.535842689692986
2021-02-11 08:00:50.840,0,0.0015195712641101,6.30427941099715e-10,1.0,,11.11169030402225
2021-02-11 08:00:50.850,0,0.0049169653830912,3.8076070815219007e-10,1.0,,9.7047354069377
2021-02-11 08:00:50.860,0,0.0026769156646434,1.5727931431048147e-10,1.0,,10.237724474528548
2021-02-11 08:00:50.870,0,0.0002405377636301,0.0,1.0,,7.952935167835211
2021-02-11 08:00:50.880,0,-0.0005566071943096,0.0,1.0,,7.176507354690306
2021-02-11 08:00:50.890,0,-0.0021635482085191,0.0,1.0,,9.579131256058037
2021-02-11 08:00:50.900,0,-0.0079290891111145,0.0,1.0,,12.359919716396748
2021-02-11 08:00:50.910,0,0.001995540940931,0.0,1.0,,10.606341767471816
2021-02-11 08:00:50.920,0,0.0019392767855492,0.0,1.0,,11.72985779304312
2021-02-11 08:00:50.930,0,0.0032579797388549,0.0,1.0,,8.564928051774977
2021-02-11 08:00:50.940,0,0.0025948319830205,0.0,1.0,,7.426538973898528
2021-02-11 08:00:50.950,0,-0.0046669193052864,0.0,1.0,,10.841929133515032
2021-02-11 08:00:50.960,0,-0.000389886838097,0.0,1.0,,11.444520254096002
2021-02-11 08:00:50.970,0,-0.001254341091749,0.0,1.0,,13.032589504532265
2021-02-11 08:00:50.980,0,0.0026226375699666,0.0,1.0,,13.396297099653783
2021-02-11 08:00:50.990,0,-0.0017770686884396,0.0,1.0,,11.26287902618498
2021-02-11 08:00:51.000,1,0.0014374242618029,0.0,1.0,,10.43508981260699
2021-02-11 08:00:51.010,1,0.0009338397817675,0.0,1.0,,11.787511836943454
2021-02-11 08:00:51.020,1,-0.0003607675306927,0.0,1.0,,8.831492154531297
2021-02-11 08:00:51.030,1,0.0019621330527496,0.0,1.0,,8.225647639712875
2021-02-11 08:00:51.040,1,0.0013216421455428,0.0,1.0,,6.769322432180703
2021-02-11 08:00:51.050,1,0.0053271045253049,0.0,1.0,,11.078772894240492
2021-02-11 08:00:51.060,1,-0.0045617919324659,0.0,1.0,,10.450605431105636
2021-02-11 08:00:51.070,1,-0.0010060188491667,0.0,1.0,,13.554756581807792
2021-02-11 08:00:51.080,1,-0.0009901650225405,0.0,1.0,,9.486584950646018
2021-02-11 08:00:51.090,1,0.0071463149199045,3.6206198555500815,1.0,,4129.80526167714
2021-02-11 08:00:51.100,1,0.0116114579341169,13.78477400767045,1.0,,17928.105550526692
2021-02-11 08:00:51.110,1,0.0286822779132917,29.6715604107154,1.0,,41660.03909974638
2021-02-11 08:00:51.120,1,0.0505482503594379,49.38949256627797,1.0,,72959.69810413508
2021-02-11 08:00:51.130,1,0.0602948554203512,72.83018324360695,1.0,,111836.92344136529
2021-02-11 08:00:51.140,1,0.0829457128289163,101.3782098008608,1.0,,160909.73204637907
2021-02-11 08:00:51.150,1,0.1040582532658568,131.7127492206982,0.0,,214595.2070110182
2021-02-11 08:00:51.160,1,0.126254104131864,164.11308431375832,0.0,,273324.73471072246
2021-02-11 08:00:51.170,1,0.1433112081696068,198.37955595907584,0.0,,336720.1346266978
2021-02-11 08:00:51.180,1,0.1547917114300008,234.2518109178949,0.0,,404270.8549549069
2021-02-11 08:00:51.190,1,0.2108481383496568,273.87669801476784,0.0,,480097.69631837396
2021-02-11 08:00:51.200,1,0.2537589195413293,315.32430125087467,0.0,,560599.0109394453
2021-02-11 08:00:51.210,1,0.3372634788177901,354.17852102885155,0.0,,637038.0581529216
2021-02-11 08:00:51.220,1,0.3192815698678236,394.3318670905173,0.0,,716910.0633343619
2021-02-11 08:00:51.230,1,0.40450768244994,436.89853922633176,0.0,,802484.8805615703
2021-02-11 08:00:51.240,1,0.3211573244320155,474.6353820435103,0.0,,879039.3856351115
2021-02-11 08:00:51.250,1,0.3554332113076375,516.1724823805001,0.0,,964021.5459109334
2021-02-11 08:00:51.260,1,0.4814244553792771,551.677205409271,0.0,,1037214.6234793805
2021-02-11 08:00:51.270,1,0.4510954991843854,580.7853217845608,0.0,,1097565.2241367067
2021-02-11 08:00:51.280,1,0.5156599271382976,617.3604124059142,0.0,,1173834.0372223593
2021-02-11 08:00:51.290,1,0.4917552183867418,645.7884586118008,0.0,,1233424.1265340268
2021-02-11 08:00:51.300,1,0.5834438932245516,679.8145908548048,0.0,,1305096.1503235048
2021-02-11 08:00:51.310,1,0.4730500959254102,706.4627897415107,0.0,,1361473.346239532
2021-02-11 08:00:51.320,1,0.6400416687310908,731.9771376439792,0.0,,1415664.558945866
2021-02-11 08:00:51.330,1,0.6681241964406689,763.4379552148149,0.0,,1482736.7593844677
2021-02-11 08:00:51.340,1,0.5848081884165425,778.9959725159375,0.0,,1516000.477024213
2021-02-11 08:00:51.350,1,0.5135152880757619,798.0462302104395,0.0,,1556830.3926395492
2021-02-11 08:00:51.360,1,0.5524884176430838,814.1935595266314,0.0,,1591516.6370570033
2021-02-11 08:00:51.370,1,0.6897426567491002,843.9339208096976,0.0,,1655582.238719583
2021-02-11 08:00:51.380,1,0.7421043093047468,848.7212271265927,0.0,,1665917.8043662878
2021-02-11 08:00:51.390,1,0.7291716312829701,859.7365190454228,0.0,,1689715.2814235808
2021-02-11 08:00:51.400,1,0.7542749238890191,877.8503978754123,0.0,,1728915.9275526213
2021-02-11 08:00:51.410,1,0.6167315265612955,887.4691020084921,0.0,,1749761.3449723842
2021-02-11 08:00:51.420,1,0.5730103519769973,900.1030657278245,0.0,,1777180.3537263472
2021-02-11 08:00:51.430,1,0.5890754478301865,903.8108626638864,0.0,,1785233.2033635613
2021-02-11 08:00:51.440,1,0.7428799307378875,917.9296906019348,0.0,,1815937.7336649995
2021-02-11 08:00:51.450,1,0.5770274514851981,923.7153084092416,0.0,,1828527.5465601985
2021-02-11 08:00:51.460,1,0.6497902696517953,932.4145321139102,0.0,,1847479.3273421538
2021-02-11 08:00:51.470,1,0.5666003151645584,935.8050253444992,0.0,,1854868.3949931012
2021-02-11 08:00:51.480,1,0.5674255640879781,937.4934645452204,0.0,,1858551.1623641558
2021-02-11 08:00:51.490,1,0.5073245953852803,944.085042303718,0.0,,1872924.349428496
2021-02-11 08:00:51.500,1,0.5102243641779053,938.117795707826,0.0,,1859906.2949553637
2021-02-11 08:00:51.510,1,0.6499567618088945,939.2079768090064,0.0,,1862293.4788559405
2021-02-11 08:00:51.520,1,0.6469770256269504,944.3256236876548,0.0,,1873457.930095084
2021-02-11 08:00:51.530,1,0.5076133806182376,952.2787203585252,0.0,,1890813.5115894966
2021-02-11 08:00:51.540,1,0.6571976313416098,952.0753804825572,0.0,,1890376.1763427907
2021-02-11 08:00:51.550,1,0.5079159103171644,946.6885702398256,0.0,,1878609.2567155424
2021-02-11 08:00:51.560,1,0.5863087026359926,948.9661045023748,0.0,,1883585.2976816443
2021-02-11 08:00:51.570,1,0.5612566855580136,934.2030096451608,0.0,,1851374.722512658
2021-02-11 08:00:51.580,1,0.7122160138095796,941.5178015259524,0.0,,1867332.3467150112
2021-02-11 08:00:51.590,1,0.5676157135360653,945.816302146878,0.0,,1876703.411831567
2021-02-11 08:00:51.600,1,0.5197462277661019,946.1921696665372,0.0,,1877527.2924821384
2021-02-11 08:00:51.610,1,0.6824247608185072,931.5313560509828,0.0,,1845558.2212274037
2021-02-11 08:00:51.620,1,0.6868833808062046,942.800062496072,0.0,,1870125.8694936095
2021-02-11 08:00:51.630,1,0.5534156182813187,933.8686529860552,0.0,,1850645.8777174659
2021-02-11 08:00:51.640,1,0.689484476920335,943.3358222374776,0.0,,1871300.8759774384
2021-02-11 08:00:51.650,1,0.5494401940100128,942.3948586991831,0.0,,1869240.5596154102
2021-02-11 08:00:51.660,1,0.5358951851609957,942.9755674385602,0.0,,1870505.0547349234
2021-02-11 08:00:51.670,1,0.5796820967195515,941.5963259419682,0.0,,1867499.9929003066
2021-02-11 08:00:51.680,1,0.6817020707165081,940.8082049832608,0.0,,1865779.6712265932
2021-02-11 08:00:51.690,1,0.6334558490351431,938.8286376760703,0.0,,1861465.4932729627
2021-02-11 08:00:51.700,1,0.6230491081557676,927.5559068429808,0.0,,1836894.9311316963
2021-02-11 08:00:51.710,1,0.4808651404749464,937.536387067504,0.0,,1858635.4989037593
2021-02-11 08:00:51.720,1,0.5968650588109091,924.4837370663728,0.0,,1830203.3126630806
2021-02-11 08:00:51.730,1,0.6828937332523429,934.8684604792096,0.0,,1852835.1347298524
2021-02-11 08:00:51.740,1,0.5483065193139978,932.218785045024,0.0,,1847047.9084722928
2021-02-11 08:00:51.750,1,0.4808331530764531,926.88192898221,0.0,,1835420.9220129878
2021-02-11 08:00:51.760,1,0.5108088447224066,935.3511160550264,0.0,,1853877.4016671441
2021-02-11 08:00:51.770,1,0.5385617332137547,931.397409861204,0.0,,1845255.1715151856
2021-02-11 08:00:51.780,1,0.6414435954853082,930.0800718490976,0.0,,1842395.4131149873
2021-02-11 08:00:51.790,1,0.6593378630381418,930.0376378596112,0.0,,1842299.9075288256
2021-02-11 08:00:51.800,1,0.6031363218704513,934.183335755864,0.0,,1851331.8788857623
2021-02-11 08:00:51.810,1,0.6129288479229749,939.9606242332504,0.0,,1863935.2611297504
2021-02-11 08:00:51.820,1,0.4744860827376391,936.685345808756,0.0,,1856784.3897163316
2021-02-11 08:00:51.830,1,0.5526682574161351,934.3050149450012,0.0,,1851596.9678515056
2021-02-11 08:00:51.840,1,0.5488171268077445,937.408896397059,0.0,,1858369.708041103
2021-02-11 08:00:51.850,1,0.6839098030242721,928.4821193538112,0.0,,1838912.0778960623
2021-02-11 08:00:51.860,1,0.4776878494958986,936.9995574744048,0.0,,1857468.6713956415
2021-02-11 08:00:51.870,1,0.6383619021038387,935.9076694067112,0.0,,1855096.0098464447
2021-02-11 08:00:51.880,1,0.6724381153852227,928.7035473095144,0.0,,1839394.0662188986
2021-02-11 08:00:51.890,1,0.6981362649407485,940.7356381737936,0.0,,1865627.4086882975
2021-02-11 08:00:51.900,1,0.5210927607937015,936.6734945523908,0.0,,1856756.444243521
2021-02-11 08:00:51.910,1,0.5697354636879134,935.6423100996476,0.0,,1854511.0583778678
2021-02-11 08:00:51.920,1,0.5921920981414264,942.0183314109617,0.0,,1868416.1292975224
2021-02-11 08:00:51.930,1,0.5283299926028859,937.1544878598802,0.0,,1857809.5455794167
2021-02-11 08:00:51.940,1,0.5223339910870194,937.1183360267676,0.0,,1857731.4605679787
2021-02-11 08:00:51.950,1,0.6249486565434341,934.163292549984,0.0,,1851290.8310344373
2021-02-11 08:00:51.960,1,0.5904812016056914,940.9878115928838,0.0,,1866174.217962161
2021-02-11 08:00:51.970,1,0.6901693351466083,935.995689158114,0.0,,1855290.3883595776
2021-02-11 08:00:51.980,1,0.5319290866333531,934.5114184009418,0.0,,1852050.4617106975
2021-02-11 08:00:51.990,1,0.5210946857936639,937.3402412435008,0.0,,1858212.8286626888
2021-02-11 08:00:52.000,1,0.6175890513672536,931.85062570872,0.0,,1846251.9302485294
2021-02-11 08:00:52.010,1,0.5497896910557858,942.2047624593744,0.0,,1868825.9102507257
2021-02-11 08:00:52.020,1,0.5156714205606431,944.8548448989618,0.0,,1874603.5070323998
2021-02-11 08:00:52.030,1,0.6868581892514155,941.1724369590182,0.0,,1866583.0741062162
2021-02-11 08:00:52.040,1,0.5521814775740318,939.1625696884332,0.0,,1862188.7091121264
2021-02-11 08:00:52.050,1,0.5339092767782021,939.3505190716048,0.0,,1862597.80967897
2021-02-11 08:00:52.060,1,0.5696593499053594,947.4422036899748,0.0,,1880256.0311740087
2021-02-11 08:00:52.070,1,0.5155250239237893,946.5927663416888,0.0,,1878395.2303708142
2021-02-11 08:00:52.080,1,0.5437242274761626,942.1806436228732,0.0,,1868772.2406881403
2021-02-11 08:00:52.090,1,0.6439195131896984,942.0512697614552,0.0,,1868497.4043081424
2021-02-11 08:00:52.100,1,0.5059198699778417,940.8523217901763,0.0,,1865870.6049335136
2021-02-11 08:00:52.110,1,0.5490945385144946,942.4044467025976,0.0,,1869262.4454140759
2021-02-11 08:00:52.120,1,0.6261329785833183,949.1483043307304,0.0,,1883984.7939077565
2021-02-11 08:00:52.130,1,0.4908923867321202,946.1517076381924,0.0,,1877436.3810205185
2021-02-11 08:00:52.140,1,0.6480594745170037,948.8598382139272,0.0,,1883351.777429023
2021-02-11 08:00:52.150,1,0.6623528787581597,935.8322843458182,0.0,,1854929.320305295
2021-02-11 08:00:52.160,1,0.5231591975344091,942.9353881350132,0.0,,1870420.209360577
2021-02-11 08:00:52.170,1,0.5975155821164362,937.9054434568892,0.0,,1859449.1891303216
2021-02-11 08:00:52.180,1,0.6324917992283197,953.8832265158236,0.0,,1894324.5255772157
2021-02-11 08:00:52.190,1,0.5777098481081332,947.7177059654524,0.0,,1880853.5882939692
2021-02-11 08:00:52.200,1,0.6380332886078279,944.8743194225276,0.0,,1874656.735255154
2021-02-11 08:00:52.210,1,0.7163115152940727,946.1312205941306,0.0,,1877403.072251042
2021-02-11 08:00:52.220,1,0.6111516734863128,940.5759205237314,0.0,,1865274.894418751
2021-02-11 08:00:52.230,1,0.6358296141037686,941.236805726494,0.0,,1866716.5649696228
2021-02-11 08:00:52.240,1,0.5097248053128418,945.7654666115704,0.0,,1876594.1179096643
2021-02-11 08:00:52.250,1,0.6081830238075399,948.7915536775204,0.0,,1883200.1935099943
2021-02-11 08:00:52.260,1,0.7240242836222673,949.9597870292664,0.0,,1885760.7204250938
2021-02-11 08:00:52.270,1,0.5707175031559154,947.607186846844,0.0,,1880612.0723866096
2021-02-11 08:00:52.280,1,0.5241250288487919,948.0590746129016,0.0,,1881602.2781472593
2021-02-11 08:00:52.290,1,0.6617757307706078,933.9486235547928,0.0,,1850824.121482498
2021-02-11 08:00:52.300,1,0.5505899844341282,939.0972230024688,0.0,,1862047.645285538
2021-02-11 08:00:52.310,1,0.7151050079476464,942.3274015080503,0.0,,1869101.2494972467
2021-02-11 08:00:52.320,1,0.5958441805442451,942.6902355979934,0.0,,1869882.6600763563
2021-02-11 08:00:52.330,1,0.5610958498072758,940.662673226532,0.0,,1865457.6832456505
2021-02-11 08:00:52.340,1,0.5310007738873431,932.4966672980756,0.0,,1847651.1216573883
2021-02-11 08:00:52.350,1,0.4877965693463745,943.3460420868428,0.0,,1871309.7908869442
2021-02-11 08:00:52.360,1,0.7288173602983307,940.1541088696156,0.0,,1864357.806340658
2021-02-11 08:00:52.370,1,0.5781454974390176,936.706426182837,0.0,,1856833.9459761216
2021-02-11 08:00:52.380,1,0.6555903241229185,935.7176126295836,0.0,,1854678.577659589
2021-02-11 08:00:52.390,1,0.5412318498037588,931.6595668087068,0.0,,1845829.6157238714
2021-02-11 08:00:52.400,1,0.7147462188466298,942.6341088646002,0.0,,1869769.8855692544
2021-02-11 08:00:52.410,1,0.5966317946284563,934.5599980821992,0.0,,1852152.5712417383
2021-02-11 08:00:52.420,1,0.5043518727916987,929.1268732605612,0.0,,1840307.923885633
2021-02-11 08:00:52.430,1,0.5270376876298317,934.9935973497244,0.0,,1853093.2629749884
2021-02-11 08:00:52.440,1,0.5145201807509419,928.5992599001776,0.0,,1839158.8217211775
2021-02-11 08:00:52.450,1,0.4811993934626943,933.8703957467728,0.0,,1850644.5101718823
2021-02-11 08:00:52.460,1,0.5935820593837325,943.4644871615434,0.0,,1871574.8025019323
2021-02-11 08:00:52.470,1,0.6608168222823952,934.5390045261278,0.0,,1852109.7263989
2021-02-11 08:00:52.480,1,0.61769026359186,931.7125587949548,0.0,,1845946.046407682
2021-02-11 08:00:52.490,1,0.6849213991237727,933.6516507107152,0.0,,1850177.8051462756
2021-02-11 08:00:52.500,1,0.6858883784248216,926.6865788050346,0.0,,1835000.4890799199
2021-02-11 08:00:52.510,1,0.5034770031142785,942.999135972016,0.0,,1870553.9968902837
2021-02-11 08:00:52.520,1,0.651531761153038,928.0957657872536,0.0,,1838071.556099618
2021-02-11 08:00:52.530,1,0.5565819176942869,920.3783235414636,0.0,,1821257.6470321412
2021-02-11 08:00:52.540,1,0.4994176120508233,925.2431342133387,0.0,,1831850.2050517316
2021-02-11 08:00:52.550,1,0.6521338957626364,933.3780815044148,0.0,,1849582.8211114882
2021-02-11 08:00:52.560,1,0.6703168465178769,932.5067998744812,0.0,,1847682.9820397526
2021-02-11 08:00:52.570,1,0.5783925174969884,928.6148246574468,0.0,,1839194.800060381
2021-02-11 08:00:52.580,1,0.4929267972001417,928.3407975268952,0.0,,1838597.506065129
2021-02-11 08:00:52.590,1,0.6815035549042079,929.03466804641,0.0,,1840117.7505102905
2021-02-11 08:00:52.600,1,0.7083724753285815,926.4645689442224,0.0,,1834519.378169375
2021-02-11 08:00:52.610,1,0.4700184217546437,913.2583442947848,0.0,,1805765.66175629
2021-02-11 08:00:52.620,1,0.5327165070622626,937.6479453000052,0.0,,1858882.1724189895
2021-02-11 08:00:52.630,1,0.4757239457842235,927.5855873703288,0.0,,1836949.2867085915
2021-02-11 08:00:52.640,1,0.4856882636531036,927.1545980975154,0.0,,1836012.604011609
2021-02-11 08:00:52.650,1,0.523190127279318,935.0033952545969,0.0,,1853117.4181748373
2021-02-11 08:00:52.660,1,0.5567508638319769,924.5734846629364,0.0,,1830393.4604879965
2021-02-11 08:00:52.670,1,0.5626559997968087,924.6361653932022,0.0,,1830529.161956849
2021-02-11 08:00:52.680,1,0.6974033828437567,918.4977863686132,0.0,,1817170.2727875293
2021-02-11 08:00:52.690,1,0.5337287812929948,935.8885155608024,0.0,,1855046.9975292482
2021-02-11 08:00:52.700,1,0.5052179574108677,931.8680934061229,0.0,,1846283.2863395577
2021-02-11 08:00:52.710,1,0.5937224395370565,923.662666354165,0.0,,1828415.7010247787
2021-02-11 08:00:52.720,1,0.6737435469681144,918.2166220424956,0.0,,1816562.5301969773
2021-02-11 08:00:52.730,1,0.6313337522396397,920.7978183736208,0.0,,1822178.4162896145
2021-02-11 08:00:52.740,1,0.5071440157955426,921.8906746140308,0.0,,1824547.6351709373
2021-02-11 08:00:52.750,1,0.5210989409948817,924.4181941435304,0.0,,1830052.3996224229
2021-02-11 08:00:52.760,1,0.6500870080175607,927.515134002606,0.0,,1836805.7012655332
2021-02-11 08:00:52.770,1,0.6751032084588914,920.6209746195352,0.0,,1821796.104209064
2021-02-11 08:00:52.780,1,0.6664613305135406,914.7460673485964,0.0,,1809009.1326295505
2021-02-11 08:00:52.790,1,0.6482302835134515,925.4125234260898,0.0,,1832225.520336403
2021-02-11 08:00:52.800,1,0.539146785829537,928.9027765170324,0.0,,1839823.983071228
2021-02-11 08:00:52.810,1,0.6776876370497846,928.0403755060928,0.0,,1837948.2692388291
2021-02-11 08:00:52.820,1,0.6313000950720774,928.2596612424492,0.0,,1838428.9412866351
2021-02-11 08:00:52.830,1,0.7027510291132371,920.444871564195,0.0,,1821413.0092602558
2021-02-11 08:00:52.840,1,0.6800184213981811,921.7273678599902,0.0,,1824204.289179308
2021-02-11 08:00:52.850,1,0.6286501138092159,930.6412051647268,0.0,,1843613.426653136
2021-02-11 08:00:52.860,1,0.658840779142881,926.477680461533,0.0,,1834546.1322460559
2021-02-11 08:00:52.870,1,0.7036384824212214,931.2524088354888,0.0,,1844950.0034943796
2021-02-11 08:00:52.880,1,0.6896452460035972,931.3885656018208,0.0,,1845246.2376561468
2021-02-11 08:00:52.890,1,0.6043302104105189,924.0589311347408,0.0,,1829275.6579728774
2021-02-11 08:00:52.900,1,0.764197940724318,924.0418171634036,0.0,,1829245.3319917624
2021-02-11 08:00:52.910,1,0.6190179508321305,927.493312940124,0.0,,1836758.3046402882
2021-02-11 08:00:52.920,1,0.5442950355566504,931.012986552316,0.0,,1844421.3360246273
2021-02-11 08:00:52.930,1,0.6392387365745831,926.3376487132472,0.0,,1834240.871416729
2021-02-11 08:00:52.940,1,0.7865178106796189,926.4772262820508,0.0,,1834549.9036877162
2021-02-11 08:00:52.950,1,0.6187302277728116,935.540120122158,0.0,,1854296.0593752065
2021-02-11 08:00:52.960,1,0.5819431629125182,928.764793669956,0.0,,1839519.5932210765
2021-02-11 08:00:52.970,1,0.6636508052983203,928.7526942643598,0.0,,1839504.3053760764
2021-02-11 08:00:52.980,1,0.7695211220248456,924.3198461100576,0.0,,1829853.560392318
2021-02-11 08:00:52.990,1,0.6402640830019388,931.0592478925356,0.0,,1844527.6173283043
2021-02-11 08:00:53.000,1,0.6164478544907681,929.2417362389792,0.0,,1840563.4730163552
2021-02-11 08:00:53.010,1,0.6782508904416714,938.9377561798487,0.0,,1861706.242772618
2021-02-11 08:00:53.020,1,0.5717223355227711,933.4913639535245,0.0,,1849825.1915671509
2021-02-11 08:00:53.030,1,0.7570909722018817,932.964503425239,0.0,,1848686.7581245927
2021-02-11 08:00:53.040,1,0.5680979586789094,931.1473358519918,0.0,,1844715.6718750386
2021-02-11 08:00:53.050,1,0.654898614069968,932.668336852422,0.0,,1848032.191327852
2021-02-11 08:00:53.060,1,0.5797230433393511,934.7847194289624,0.0,,1852643.0513744291
2021-02-11 08:00:53.070,1,0.7657011186237817,937.0465726251604,0.0,,1857586.4004349045
2021-02-11 08:00:53.080,1,0.7508561102518818,935.8783087693024,0.0,,1855034.1161011953
2021-02-11 08:00:53.090,1,0.8097163548387485,936.2130810243356,0.0,,1855771.2036552713
2021-02-11 08:00:53.100,1,0.6153478586297975,937.6817638217492,0.0,,1858960.0651683204
2021-02-11 08:00:53.110,1,0.7951107039993863,943.980841630966,0.0,,1872711.4995434657
2021-02-11 08:00:53.120,1,0.6832969007921783,944.3325822605684,0.0,,1873470.4655322288
2021-02-11 08:00:53.130,1,0.7848253697255984,937.5655457853792,0.0,,1858717.2560622098
2021-02-11 08:00:53.140,1,0.8497761780183268,931.4135003939838,0.0,,1845311.7379472072
2021-02-11 08:00:53.150,1,0.7180983668909452,947.1456648576172,0.0,,1879614.2310733565
2021-02-11 08:00:53.160,1,0.7183931693745951,944.1939209872004,0.0,,1873175.3435340105
2021-02-11 08:00:53.170,1,0.7472391742253164,938.9578293779776,0.0,,1861750.2655054715
2021-02-11 08:00:53.180,1,0.6898748216455309,943.333928919762,0.0,,1871293.563999357
2021-02-11 08:00:53.190,1,0.7461924609200921,937.0642846487732,0.0,,1857622.9322056412
2021-02-11 08:00:53.200,1,0.9294718152243996,948.4165004395204,0.0,,1882400.1465385011
2021-02-11 08:00:53.210,1,0.628255672384933,940.5188911410708,0.0,,1865148.9097047613
2021-02-11 08:00:53.220,1,0.8965133854615368,955.3691520116924,0.0,,1897584.692513506
2021-02-11 08:00:53.230,1,0.8988098876437212,942.2256258976718,0.0,,1868888.8060589265
2021-02-11 08:00:53.240,1,0.7473483174314051,941.0219632827224,0.0,,1866255.4696797845
2021-02-11 08:00:53.250,1,0.8723712740020959,943.8311017353128,0.0,,1872391.265526021
2021-02-11 08:00:53.260,1,0.6566903688760192,949.4825363381258,0.0,,1884715.3300762682
2021-02-11 08:00:53.270,1,0.8695551602085528,943.5609740915056,0.0,,1871796.5868076724
2021-02-11 08:00:53.280,1,0.7569148805175253,943.9635790770044,0.0,,1872671.8937640118
2021-02-11 08:00:53.290,1,0.83130921794726,940.2445614296772,0.0,,1864560.0695938645
2021-02-11 08:00:53.300,1,0.8069798477440564,945.0256174849328,0.0,,1874996.4395463245
2021-02-11 08:00:53.310,1,0.9266020147567212,938.3769636215368,0.0,,1860495.7962613183
2021-02-11 08:00:53.320,1,0.8833957454589043,943.901756914714,0.0,,1872540.8937702314
2021-02-11 08:00:53.330,1,0.8211030651127217,946.8640347595556,0.0,,1879003.6597112855
2021-02-11 08:00:53.340,1,0.9322558593065072,945.6457728205804,0.0,,1876350.0030235029
2021-02-11 08:00:53.350,1,0.872686068015516,940.5706713696233,0.0,,1865278.215714612
2021-02-11 08:00:53.360,1,0.7700588408363519,943.0938566909216,0.0,,1870773.6423108275
2021-02-11 08:00:53.370,1,0.8238389245292536,946.0027009709504,0.0,,1877127.6347836754
2021-02-11 08:00:53.380,1,0.6937457750525317,951.5974466721732,0.0,,1889331.6814288476
2021-02-11 08:00:53.390,1,0.6667046279775001,954.1788422835804,0.0,,1894970.3294870781
2021-02-11 08:00:53.400,1,0.722550696739838,946.875067498588,0.0,,1879024.454343899
2021-02-11 08:00:53.410,1,0.910982393707889,943.3972756236636,0.0,,1871444.1573324266
2021-02-11 08:00:53.420,1,0.6327793845004531,946.2437173382516,0.0,,1877644.8531568472
2021-02-11 08:00:53.430,1,0.8002002790046749,949.1692384613216,0.0,,1884038.3917800745
2021-02-11 08:00:53.440,1,0.6226019580806217,941.1228505101528,0.0,,1866463.9843537132
2021-02-11 08:00:53.450,1,0.915266778189192,948.0524294088112,0.0,,1881606.0891205517
2021-02-11 08:00:53.460,1,0.6627153257027191,949.6703738607252,0.0,,1885122.2168906275
2021-02-11 08:00:53.470,1,0.6610973230712855,962.3150198078988,0.0,,1912751.7958230956
2021-02-11 08:00:53.480,1,0.8900439906217442,946.4546700204552,0.0,,1878117.384490997
2021-02-11 08:00:53.490,1,0.7739369393611737,949.677866467278,0.0,,1885147.2742154896
2021-02-11 08:00:53.500,1,0.6230421638451079,939.380155932646,0.0,,1862665.1742181983
2021-02-11 08:00:53.510,1,0.8468243801862769,945.9262341462588,0.0,,1876962.8680780432
2021-02-11 08:00:53.520,1,0.8752687852852634,948.497357073618,0.0,,1882578.7328418852
2021-02-11 08:00:53.530,1,0.7413560194518302,951.10429436832,0.0,,1888260.0120741262
2021-02-11 08:00:53.540,1,0.6845466130187624,945.9569519291838,0.0,,1877019.5317159551
2021-02-11 08:00:53.550,1,0.8640949688520551,941.4904409365688,0.0,,1867281.6936274078
2021-02-11 08:00:53.560,1,0.6787660167887891,946.2788190403128,0.0,,1877724.5754092727
2021-02-11 08:00:53.570,1,0.6208211735353454,945.581496973127,0.0,,1876199.885205131
2021-02-11 08:00:53.580,1,0.8363879667302766,944.7412935615216,0.0,,1874371.6781044775
2021-02-11 08:00:53.590,1,0.6215828101046814,949.414755678954,0.0,,1884561.7188310295
2021-02-11 08:00:53.600,1,0.7851022303382275,948.4596440370366,0.0,,1882484.7761841263
2021-02-11 08:00:53.610,1,0.7863264030898207,948.5975652410845,0.0,,1882788.4788389252
2021-02-11 08:00:53.620,1,0.6458795400339162,945.0440388058385,0.0,,1875026.0012053158
2021-02-11 08:00:53.630,1,0.5732093172576614,947.358919700348,0.0,,1880073.9183159396
2021-02-11 08:00:53.640,1,0.7133940374311251,952.2898348341232,0.0,,1890847.4570098002
2021-02-11 08:00:53.650,1,0.7451059928071875,941.6905816120116,0.0,,1867711.7128364083
2021-02-11 08:00:53.660,1,0.8001724687375018,952.9190494576304,0.0,,1892224.542938583
2021-02-11 08:00:53.670,1,0.6580105229029103,953.7450981984584,0.0,,1894023.5552146113
2021-02-11 08:00:53.680,1,0.5486460487958541,935.7409290835344,0.0,,1854727.890185334
2021-02-11 08:00:53.690,1,0.5805719663171579,942.737616314814,0.0,,1869988.0472592395
2021-02-11 08:00:53.700,1,0.7101476743463391,947.506079052054,0.0,,1880401.4947514334
2021-02-11 08:00:53.710,1,0.6258685679411601,942.238143544292,0.0,,1868902.602014358
2021-02-11 08:00:53.720,1,0.5728278312436982,948.9441839034314,0.0,,1883535.5298229298
2021-02-11 08:00:53.730,1,0.5959682459635717,937.5872151860648,0.0,,1858756.537808274
2021-02-11 08:00:53.740,1,0.6991156687662861,952.8919667764936,0.0,,1892162.793873521
2021-02-11 08:00:53.750,1,0.7362930341989278,940.2986897887096,0.0,,1864673.719896465
2021-02-11 08:00:53.760,1,0.7268532282158907,943.7449402844784,0.0,,1872196.2734909016
2021-02-11 08:00:53.770,1,0.6141510149107251,943.0602746272244,0.0,,1870696.5323880196
2021-02-11 08:00:53.780,1,0.7220239754147032,947.6785026078036,0.0,,1880779.829490444
2021-02-11 08:00:53.790,1,0.7471177109995254,940.0774932532892,0.0,,1864191.819702545
2021-02-11 08:00:53.800,1,0.613290148299737,948.289000556582,0.0,,1882106.5142919824
2021-02-11 08:00:53.810,1,0.7194575266368723,951.301087023624,0.0,,1888688.767434712
2021-02-11 08:00:53.820,1,0.7273511454853974,953.7598219139971,0.0,,1894058.0682540638
2021-02-11 08:00:53.830,1,0.6434777966616709,949.6121216212644,0.0,,1884996.358760661
2021-02-11 08:00:53.840,1,0.624491762112283,944.0281826367376,0.0,,1872807.602830252
2021-02-11 08:00:53.850,1,0.5827916630183618,952.5133922908484,0.0,,1891329.8197889836
2021-02-11 08:00:53.860,1,0.6858164535264446,938.7903868021492,0.0,,1861384.3097349007
2021-02-11 08:00:53.870,1,0.5950242180710068,933.329749814733,0.0,,1849473.4665133255
2021-02-11 08:00:53.880,1,0.6306349118085744,941.6272582723316,0.0,,1867570.170696675
2021-02-11 08:00:53.890,1,0.6018023965739905,950.8462536112336,0.0,,1887692.3048803317
2021-02-11 08:00:53.900,1,0.6549395585707993,948.8038045499944,0.0,,1883233.5095503938
2021-02-11 08:00:53.910,1,0.4972521253132812,952.3266858023004,0.0,,1890917.2331840168
2021-02-11 08:00:53.920,1,0.6548039245907591,954.1428163630208,0.0,,1894894.9480016716
2021-02-11 08:00:53.930,1,0.5325619426847521,949.5289890462998,0.0,,1884811.263158045
2021-02-11 08:00:53.940,1,0.4865783770638823,947.8462764050304,0.0,,1881130.8496212487
2021-02-11 08:00:53.950,1,0.7070913191586404,951.6823848166796,0.0,,1889518.4939035424
2021-02-11 08:00:53.960,1,0.5198452557840173,954.18144612651,0.0,,1894969.8745014302
2021-02-11 08:00:53.970,1,0.6921136813022252,951.713519184654,0.0,,1889586.686406084
2021-02-11 08:00:53.980,1,0.6908804381924818,943.2871568308684,0.0,,1871192.3081537788
2021-02-11 08:00:53.990,1,0.4913145454833768,947.2219215650134,0.0,,1879768.6069657083
2021-02-11 08:00:54.000,1,0.7054387646691134,940.9848643927722,0.0,,1866170.654199958
2021-02-11 08:00:54.010,1,0.6565426318435982,947.0686722139036,0.0,,1879444.366114992
2021-02-11 08:00:54.020,1,0.5694432609219093,952.730054461832,0.0,,1891799.9642319644
2021-02-11 08:00:54.030,1,0.6779376403236118,948.732499951996,0.0,,1883077.345540588
2021-02-11 08:00:54.040,1,0.7135690415796422,945.0640638520116,0.0,,1875073.6639750735
2021-02-11 08:00:54.050,1,0.5001015862489545,953.2439513724704,0.0,,1892919.8485439003
2021-02-11 08:00:54.060,1,0.6234201687195571,945.2010960964144,0.0,,1875367.1921615892
2021-02-11 08:00:54.070,1,0.6024889972298952,942.8963635895566,0.0,,1870333.4284139054
2021-02-11 08:00:54.080,1,0.7088691187824651,954.1870125683504,0.0,,1894993.039981613
2021-02-11 08:00:54.090,1,0.66329064893739,958.8442503005516,0.0,,1905163.9266410496
2021-02-11 08:00:54.100,1,0.5539945445690696,954.8606899876684,0.0,,1896457.0337494144
2021-02-11 08:00:54.110,1,0.7083596345769082,946.7780530597878,0.0,,1878813.9464344883
2021-02-11 08:00:54.120,1,0.6256942354479441,964.3587400286548,0.0,,1917221.1834491836
2021-02-11 08:00:54.130,1,0.6910776416553259,952.372707082024,0.0,,1891028.170665556
2021-02-11 08:00:54.140,1,0.7160360427593976,957.3592587085776,0.0,,1901921.5987549734
2021-02-11 08:00:54.150,1,0.6963702003714894,952.7536455399996,0.0,,1891862.2309100276
2021-02-11 08:00:54.160,1,0.6638496899083118,958.6328864180482,0.0,,1904704.651329626
2021-02-11 08:00:54.170,1,0.5703233509006544,948.6840491713524,0.0,,1882971.8329703282
2021-02-11 08:00:54.180,1,0.8337805432839783,955.7153859204068,0.0,,1898334.827110025
2021-02-11 08:00:54.190,1,0.6739206012693119,955.1478728547836,0.0,,1897089.5407844994
2021-02-11 08:00:54.200,1,0.5782296305024223,960.4361651399432,0.0,,1908639.219553934
2021-02-11 08:00:54.210,1,0.593539200249921,954.2020203263692,0.0,,1895016.6575906537
2021-02-11 08:00:54.220,1,0.8308723943634447,957.5629348233524,0.0,,1902376.1884084144
2021-02-11 08:00:54.230,1,0.6443337110644187,953.4136564936036,0.0,,1893301.6084036145
2021-02-11 08:00:54.240,1,0.863744474314259,961.1604994666968,0.0,,1910238.0700453783
2021-02-11 08:00:54.250,1,0.8574742162751621,964.4335155255044,0.0,,1917393.2236674803
2021-02-11 08:00:54.260,1,0.8070301913555479,960.4637746861952,0.0,,1908714.0472560765
2021-02-11 08:00:54.270,1,0.7705646976872289,956.418053940982,0.0,,1899866.7189981416
2021-02-11 08:00:54.280,1,0.6927762695296421,957.3827129198812,0.0,,1901974.4268346955
2021-02-11 08:00:54.290,1,0.8524164002988119,955.8209591280056,0.0,,1898568.2911409142
2021-02-11 08:00:54.300,1,0.8732085532066655,953.2020506010508,0.0,,1892849.1270603326
2021-02-11 08:00:54.310,1,0.9405029838336744,960.0859887032047,0.0,,1907890.874439088
2021-02-11 08:00:54.320,1,0.685427977077817,964.8878696088376,0.0,,1918381.1233564967
2021-02-11 08:00:54.330,1,0.9021036988060585,960.6991516212216,0.0,,1909230.8502550956
2021-02-11 08:00:54.340,1,0.8186299332975222,961.0276955867628,0.0,,1909943.81394962
2021-02-11 08:00:54.350,1,0.9125667187534764,962.7879581216896,0.0,,1913796.7862384985
2021-02-11 08:00:54.360,1,0.9407407714148418,954.6657094517304,0.0,,1896046.7076020539
2021-02-11 08:00:54.370,1,0.8885251608792799,960.0604813545324,0.0,,1907836.0821783491
2021-02-11 08:00:54.380,1,0.9081957439528654,958.6733516486707,0.0,,1904801.659805317
2021-02-11 08:00:54.390,1,0.7752845295843247,953.93300049889,0.0,,1894443.5895443368
2021-02-11 08:00:54.400,1,0.8467601268784355,956.4088734969496,0.0,,1899852.8873704232
2021-02-11 08:00:54.410,1,0.817883396355494,952.5996324972848,0.0,,1891529.5301363224
2021-02-11 08:00:54.420,1,0.8556709579428913,965.61363905125,0.0,,1919974.731546183
2021-02-11 08:00:54.430,1,1.036653441161576,957.040719363118,0.0,,1901243.1518790668
2021-02-11 08:00:54.440,1,0.7224295229266283,954.6215718859733,0.0,,1895942.4849263497
2021-02-11 08:00:54.450,1,0.8237953848479627,958.9241472847372,0.0,,1905349.7105012303
2021-02-11 08:00:54.460,1,1.0533995164178245,959.9828127225512,0.0,,1907674.9871480446
2021-02-11 08:00:54.470,1,0.7476691422166923,950.3679279049104,0.0,,1886654.271522672
2021-02-11 08:00:54.480,1,0.7983803912059132,954.0002468163816,0.0,,1894589.3081525827
2021-02-11 08:00:54.490,1,1.0655921752926214,962.962603276672,0.0,,1914189.4789571592
2021-02-11 08:00:54.500,1,1.0345550321625872,950.8573504060672,0.0,,1887735.4464387721
2021-02-11 08:00:54.510,1,0.8186060948613181,954.1679203234444,0.0,,1894955.0169586937
2021-02-11 08:00:54.520,1,1.0394085435493732,953.7082124649752,0.0,,1893962.7319632578
2021-02-11 08:00:54.530,1,1.0054695589380924,949.500849195624,0.0,,1884770.7159767468
2021-02-11 08:00:54.540,1,0.8498005097040751,958.6480742470924,0.0,,1904748.3443640156
2021-02-11 08:00:54.550,1,0.98132684232763,956.7156166451872,0.0,,1900530.0691914072
2021-02-11 08:00:54.560,1,0.9463394086080668,944.6759077730204,0.0,,1874237.2204888235
2021-02-11 08:00:54.570,1,0.9683480166264128,957.251052601836,0.0,,1901700.134711824
2021-02-11 08:00:54.580,1,0.9020229478339952,950.594600696261,0.0,,1887152.6701159417
2021-02-11 08:00:54.590,1,0.7750375096331665,956.3932930978168,0.0,,1899812.8544106986
2021-02-11 08:00:54.600,1,0.8803512197645682,944.4083963741276,0.0,,1873652.7963432334
2021-02-11 08:00:54.610,1,1.0485283911426817,952.2125536633366,0.0,,1890694.958779192
2021-02-11 08:00:54.620,1,1.0061030181939363,956.027694141873,0.0,,1899026.2378376704
2021-02-11 08:00:54.630,1,0.7982620176599126,941.9601879325386,0.0,,1868302.9086315206
2021-02-11 08:00:54.640,1,0.8393858761256965,945.5317217120952,0.0,,1876101.5014894751
2021-02-11 08:00:54.650,1,0.9470656311968192,942.7645259195576,0.0,,1870063.3403729217
2021-02-11 08:00:54.660,1,0.9358639736124936,958.8822473467586,0.0,,1905265.6764468243
2021-02-11 08:00:54.670,1,1.1568309664694754,953.6132926281364,0.0,,1893762.6713476488
2021-02-11 08:00:54.680,1,0.940173829829718,949.033153979976,0.0,,1883748.5696519266
2021-02-11 08:00:54.690,1,0.9487571942187836,951.9575718138792,0.0,,1890135.7839836846
2021-02-11 08:00:54.700,1,0.8213882211917145,951.4451131658216,0.0,,1889007.5695395784
2021-02-11 08:00:54.710,1,1.0483424119136378,943.2964193514478,0.0,,1871228.7706105667
2021-02-11 08:00:54.720,1,1.0684952980644349,934.9884515283976,0.0,,1853115.546261883
2021-02-11 08:00:54.730,1,1.0527388111490126,949.152551532748,0.0,,1884016.5325762113
2021-02-11 08:00:54.740,1,0.7771593568445961,945.5828925010808,0.0,,1876208.8776029549
2021-02-11 08:00:54.750,1,0.8803830908150873,942.8421245698923,0.0,,1870232.6457082161
2021-02-11 08:00:54.760,1,1.018298524106478,953.8517491054848,0.0,,1894277.056703457
2021-02-11 08:00:54.770,1,0.8979650704092735,943.4077102708322,0.0,,1871464.1786171722
2021-02-11 08:00:54.780,1,0.7892255024245206,946.1132488336684,0.0,,1877363.16314381
2021-02-11 08:00:54.790,1,0.7880290235593648,951.3664358519788,0.0,,1888833.774900451
2021-02-11 08:00:54.800,1,0.9621689649801124,939.2614311765474,0.0,,1862424.8903711021
2021-02-11 08:00:54.810,1,1.0410344095265982,945.8545518819508,0.0,,1876811.9173546648
2021-02-11 08:00:54.820,1,0.9417727519667144,944.0091610662112,0.0,,1872782.2651712906
2021-02-11 08:00:54.830,1,1.0976099419733245,947.3394790451388,0.0,,1880054.1569049624
2021-02-11 08:00:54.840,1,1.0316710225827137,947.4262002027305,0.0,,1880243.688602494
2021-02-11 08:00:54.850,1,0.9876194199096108,946.9650662958592,0.0,,1879233.8803026963
2021-02-11 08:00:54.860,1,0.7522649610964277,939.9134422167132,0.0,,1863838.0490902648
2021-02-11 08:00:54.870,1,0.7252135557649418,942.2877015882294,0.0,,1869013.6129469988
2021-02-11 08:00:54.880,1,0.8655564253628192,943.5544010345272,0.0,,1871784.9819364003
2021-02-11 08:00:54.890,1,0.8096728496599854,937.6661799169632,0.0,,1858938.8582974453
2021-02-11 08:00:54.900,1,0.9791985044372268,938.5260955097108,0.0,,1860822.6492881454
2021-02-11 08:00:54.910,1,0.9331350781297132,936.8488012700536,0.0,,1857158.2288123737
2021-02-11 08:00:54.920,1,0.7878660320291591,940.2917356676548,0.0,,1864666.8389421664
2021-02-11 08:00:54.930,1,0.8482383002302202,946.0831256172968,0.0,,1877303.1043931644
2021-02-11 08:00:54.940,1,0.8081217277340585,939.2417308595344,0.0,,1862375.37965522
2021-02-11 08:00:54.950,1,1.0353707992279335,942.1178194010504,0.0,,1868659.6032507317
2021-02-11 08:00:54.960,1,0.8044780608052473,931.3582195146428,0.0,,1845183.8750295676
2021-02-11 08:00:54.970,1,0.8747544395839073,945.5402960826248,0.0,,1876118.773835359
2021-02-11 08:00:54.980,1,0.8083331426934117,937.4173220903352,0.0,,1858393.0480723747
2021-02-11 08:00:54.990,1,0.8423029581867294,933.4071522426864,0.0,,1849655.180870258
2021-02-11 08:00:55.000,1,0.9086499814478142,938.4015657052224,0.0,,1860544.102932273
2021-02-11 08:00:55.010,1,0.8296788669296763,932.1026072314236,0.0,,1846809.8043533012
2021-02-11 08:00:55.020,1,0.8847796918552214,934.7834663979352,0.0,,1852660.7401166998
2021-02-11 08:00:55.030,1,1.0052152524438531,940.1119528896206,0.0,,1864283.386216674
2021-02-11 08:00:55.040,1,0.9366767364475996,937.9967517104928,0.0,,1859664.5004802195
2021-02-11 08:00:55.050,1,0.6713274936787242,943.2031579824614,0.0,,1871007.078079992
2021-02-11 08:00:55.060,1,0.9582592440555744,939.3464974256,0.0,,1862608.1409569725
2021-02-11 08:00:55.070,1,0.9797911137485272,944.1485859481688,0.0,,1873086.6989805985
2021-02-11 08:00:55.080,1,0.978475930491848,946.2349203157272,0.0,,1877638.601265664
2021-02-11 08:00:55.090,1,0.7568483639155035,942.4168309796472,0.0,,1869297.3579522334
2021-02-11 08:00:55.100,1,0.6852242369227043,945.0621775719194,0.0,,1875067.2488627427
2021-02-11 08:00:55.110,1,0.7982375911302343,937.9591352372032,0.0,,1859576.4446545804
2021-02-11 08:00:55.120,1,0.8871739342764455,941.9595491678572,0.0,,1868308.0203152518
2021-02-11 08:00:55.130,1,0.6776389683590299,941.4456479718992,0.0,,1867178.1287535236
2021-02-11 08:00:55.140,1,0.9470679642995838,945.239050187648,0.0,,1875465.5880381952
2021-02-11 08:00:55.150,1,0.7136981891429248,943.5418148373196,0.0,,1871750.1161464031
2021-02-11 08:00:55.160,1,0.7854977823441652,949.4232640823913,0.0,,1884595.608338254
2021-02-11 08:00:55.170,1,0.6421967222315494,942.6540111008394,0.0,,1869808.5363861362
2021-02-11 08:00:55.180,1,0.6449514883782683,940.1434686754144,0.0,,1864331.7188408622
2021-02-11 08:00:55.190,1,0.8327665148686839,935.6414058104788,0.0,,1854528.2570835517
2021-02-11 08:00:55.200,1,0.9292111935442808,944.4562704978464,0.0,,1873758.2756597502
2021-02-11 08:00:55.210,1,0.6577569460842265,959.3865713402084,0.0,,1906349.4051283433
2021-02-11 08:00:55.220,1,0.7092398057713217,944.8218018273762,0.0,,1874542.526041469
2021-02-11 08:00:55.230,1,0.8602412100140348,952.5540798108916,0.0,,1891433.7642874976
2021-02-11 08:00:55.240,1,0.717015742958692,948.5914592651358,0.0,,1882770.1135696033
2021-02-11 08:00:55.250,1,0.6947883602059016,946.4895414054026,0.0,,1878182.370131272
2021-02-11 08:00:55.260,1,0.7019218386129569,941.6851141042968,0.0,,1867699.9795916325
2021-02-11 08:00:55.270,1,0.6538080951514703,939.9632303778444,0.0,,1863940.7087362292
2021-02-11 08:00:55.280,1,0.7478215513789339,951.1674675357594,0.0,,1888398.2869743842
2021-02-11 08:00:55.290,1,0.7562065000696298,954.2994693893954,0.0,,1895241.435478347
2021-02-11 08:00:55.300,1,0.7488007079476081,955.5505391978788,0.0,,1897974.7594190806
2021-02-11 08:00:55.310,1,0.82894371360965,964.1556546915382,0.0,,1916787.338809967
2021-02-11 08:00:55.320,1,0.621399394984429,950.6460070451895,0.0,,1887248.0172167395
2021-02-11 08:00:55.330,1,0.7845623207042802,952.581776710888,0.0,,1891489.8522542363
2021-02-11 08:00:55.340,1,0.8175522607985659,952.116492637123,0.0,,1890474.9151120542
2021-02-11 08:00:55.350,1,0.8519609411914191,948.9004971768048,0.0,,1883449.5184510273
2021-02-11 08:00:55.360,1,0.9217145107718262,955.3194104759706,0.0,,1897476.0724280993
2021-02-11 08:00:55.370,1,0.6701807443783249,954.4770081258796,0.0,,1895622.1036768032
2021-02-11 08:00:55.380,1,0.7925211348299595,957.5530663073976,0.0,,1902351.5581132073
2021-02-11 08:00:55.390,1,0.677722838796918,960.4034054907468,0.0,,1908572.3312923876
2021-02-11 08:00:55.400,1,0.6634193705646803,960.4079272174072,0.0,,1908583.684594865
2021-02-11 08:00:55.410,1,0.6749587015297729,966.0727862168496,0.0,,1920970.0859963074
2021-02-11 08:00:55.420,1,0.6740461659765062,953.6091570106064,0.0,,1893725.8494111747
2021-02-11 08:00:55.430,1,0.6498934150912538,962.9716602438637,0.0,,1914184.4299658153
2021-02-11 08:00:55.440,1,0.6447977224820775,959.0069135155976,0.0,,1905520.7744143086
2021-02-11 08:00:55.450,1,0.6531331697624143,970.265646837265,0.0,,1930143.621568187
2021-02-11 08:00:55.460,1,0.9250817032543384,954.9310140063272,0.0,,1896629.498394471
2021-02-11 08:00:55.470,1,0.7907048336107987,965.0811028952264,0.0,,1918807.1521236855
2021-02-11 08:00:55.480,1,0.9395381536853268,963.3770683740806,0.0,,1915089.1978174557
2021-02-11 08:00:55.490,1,0.8349367737506596,963.7587362702624,0.0,,1915916.8411004874
2021-02-11 08:00:55.500,1,0.8087420548085168,966.5786350362816,0.0,,1922081.5655186127
2021-02-11 08:00:55.510,1,0.6870614923102998,969.27133888732,0.0,,1927967.7426477214
2021-02-11 08:00:55.520,1,0.7641971507950124,961.5277716801472,0.0,,1911036.4492311366
2021-02-11 08:00:55.530,1,0.7999269295365696,962.630260010851,0.0,,1913445.4972146405
2021-02-11 08:00:55.540,1,0.8928022057706603,962.9983334222856,0.0,,1914259.563618402
2021-02-11 08:00:55.550,1,0.9501801053975676,965.1540271239464,0.0,,1918975.5900519234
2021-02-11 08:00:55.560,1,0.9181857358513577,978.0782800254344,0.0,,1947258.6102816428
2021-02-11 08:00:55.570,1,0.7152059970239711,962.1054808870736,0.0,,1912296.685325657
2021-02-11 08:00:55.580,1,0.9544438561608852,967.690329410451,0.0,,1924524.2211633842
2021-02-11 08:00:55.590,1,0.8243791364652039,963.3928569343296,0.0,,1915116.5284695227
2021-02-11 08:00:55.600,1,0.8769439636881758,963.86517619888,0.0,,1916152.7691150133
2021-02-11 08:00:55.610,1,0.8781990659806659,970.4615844302972,0.0,,1930582.4757656015
2021-02-11 08:00:55.620,1,0.8608687839946347,958.7712497994036,0.0,,1905015.033900568
2021-02-11 08:00:55.630,1,0.8624256791566753,960.6008467981936,0.0,,1909014.546864921
2021-02-11 08:00:55.640,1,0.9585889513523498,968.6502925968504,0.0,,1926626.271070648
2021-02-11 08:00:55.650,1,0.8423872395098359,959.2013951409896,0.0,,1905954.4089118948
2021-02-11 08:00:55.660,1,0.7682945310756579,969.3893786606228,0.0,,1928230.196324613
2021-02-11 08:00:55.670,1,0.8836722736566646,967.8537390515544,0.0,,1924879.110236061
2021-02-11 08:00:55.680,1,1.0434570828779015,967.173061573616,0.0,,1923395.6427709889
2021-02-11 08:00:55.690,1,0.9457465537335948,964.6831734179972,0.0,,1917944.5938934812
2021-02-11 08:00:55.700,1,0.82651036360404,975.9178406589292,0.0,,1942518.2064683598
2021-02-11 08:00:55.710,1,0.7598626336072442,967.415685999406,0.0,,1923912.2841468076
2021-02-11 08:00:55.720,1,0.8521456792915114,966.9299739130612,0.0,,1922856.3024843708
2021-02-11 08:00:55.730,1,1.0003181031158068,967.7630059481536,0.0,,1924685.4607500895
2021-02-11 08:00:55.740,1,0.7604152206973637,971.397973346892,0.0,,1932625.56232239
2021-02-11 08:00:55.750,1,0.9612005773419652,960.5522446925306,0.0,,1908915.2907889343
2021-02-11 08:00:55.760,1,0.9035079908565746,962.667931235794,0.0,,1913536.9323101589
2021-02-11 08:00:55.770,1,0.9611818979610623,959.4684655961464,0.0,,1906543.4606048253
2021-02-11 08:00:55.780,1,0.9082516691610382,964.8556376881684,0.0,,1918317.1976975424
2021-02-11 08:00:55.790,1,1.0261999204487695,968.4267769238728,0.0,,1926136.1242645832
2021-02-11 08:00:55.800,1,1.0058993018866222,968.3515110485469,0.0,,1925975.3849670072
2021-02-11 08:00:55.810,1,0.7526897200821105,968.2195846752336,0.0,,1925668.4694274978
2021-02-11 08:00:55.820,1,1.0525015693348694,959.5523812173104,0.0,,1906735.117483084
2021-02-11 08:00:55.830,1,1.072623483565047,961.6564573537144,0.0,,1911333.3176966088
2021-02-11 08:00:55.840,1,1.013156007845541,960.2330208840644,0.0,,1908217.1173595733
2021-02-11 08:00:55.850,1,0.893712436012855,960.0783883559296,0.0,,1907872.767472941
2021-02-11 08:00:55.860,1,1.034102147916757,967.1526925906998,0.0,,1923349.1466893186
2021-02-11 08:00:55.870,1,1.0465844195860017,960.9303885137932,0.0,,1909744.3872235226
2021-02-11 08:00:55.880,1,0.756261988279907,958.6503023749812,0.0,,1904743.2001721328
2021-02-11 08:00:55.890,1,1.1197277357583242,954.5904317964828,0.0,,1895892.8696031228
2021-02-11 08:00:55.900,1,0.8938942314718183,960.5890458932208,0.0,,1908995.2051151667
2021-02-11 08:00:55.910,1,0.915609186178914,962.6546686859168,0.0,,1913508.2466150697
2021-02-11 08:00:55.920,1,0.9768928846543412,954.303101331624,0.0,,1895258.4330678445
2021-02-11 08:00:55.930,1,0.8605418281408399,957.2247833845612,0.0,,1901637.2353835742
2021-02-11 08:00:55.940,1,0.8523318686659382,959.7659901634048,0.0,,1907191.9883472815
2021-02-11 08:00:55.950,1,0.8951559687549561,955.6119718177492,0.0,,1898115.4007062432
2021-02-11 08:00:55.960,1,0.8920378573537744,953.8996621370758,0.0,,1894371.7551863985
2021-02-11 08:00:55.970,1,1.1167127714601257,949.5897073628151,0.0,,1884970.4610013047
2021-02-11 08:00:55.980,1,0.7883399378416536,955.0565103215266,0.0,,1896891.0810016373
2021-02-11 08:00:55.990,1,1.0702857368637415,955.5237804064484,0.0,,1897930.3032621709
2021-02-11 08:00:56.000,0,0.8976833625027342,954.7172253442864,0.0,,1896158.0902158243
2021-02-11 08:00:56.010,0,0.8936927549998468,956.4291855297108,0.0,,1899900.8961503732
2021-02-11 08:00:56.020,0,1.0902187717675085,944.1433283044564,0.0,,1873077.7901980255
2021-02-11 08:00:56.030,0,1.0378822766764118,948.7357901168126,0.0,,1883104.7786932911
2021-02-11 08:00:56.040,0,0.9560107323615749,945.8473701676096,0.0,,1876790.603606695
2021-02-11 08:00:56.050,0,1.0734392892295124,950.8887695133792,0.0,,1887805.1369607945
2021-02-11 08:00:56.060,0,1.0467493258537122,944.2117423230412,0.0,,1873230.6765728032
2021-02-11 08:00:56.070,0,0.8208382840789917,944.0026051038592,0.0,,1872761.4513579397
2021-02-11 08:00:56.080,0,0.7390782946503156,944.521050694882,0.0,,1873886.7561730517
2021-02-11 08:00:56.090,0,0.8673557790555791,935.7776731031709,0.0,,1854821.1125471448
2021-02-11 08:00:56.100,0,0.9878244324337856,925.0072201905969,0.0,,1831360.1652168448
2021-02-11 08:00:56.110,0,0.9528549911009566,900.239743150782,0.0,,1777491.627202294
2021-02-11 08:00:56.120,0,0.8540658249157388,871.726938821798,0.0,,1715659.9242530873
2021-02-11 08:00:56.130,0,0.6773817306395122,844.2355668293361,0.0,,1656231.9872236792
2021-02-11 08:00:56.140,0,0.9402105803608256,810.8590736175438,0.0,,1584366.128069037
2021-02-11 08:00:56.150,0,0.8056141847523866,774.6893147091783,0.0,,1506801.5436829508
2021-02-11 08:00:56.160,0,0.6726904409477793,729.1072106449724,0.0,,1409557.5200171436
2021-02-11 08:00:56.170,0,0.5486630117004503,685.3294540803023,0.0,,1316744.5148867918
2021-02-11 08:00:56.180,0,0.7027706408761479,641.4529810763013,0.0,,1224322.8714450516
2021-02-11 08:00:56.190,0,0.6013981648111246,596.4194849627505,0.0,,1130114.4164057628
2021-02-11 08:00:56.200,0,0.5092120928718513,553.1759440678701,0.0,,1040311.8828169715
2021-02-11 08:00:56.210,0,0.5642247575566229,509.53864602648974,0.0,,950409.7516505053
2021-02-11 08:00:56.220,0,0.4934430613295771,469.6904138816898,0.0,,868982.5518630729
2021-02-11 08:00:56.230,0,0.3642372583019713,427.3716082125085,0.0,,783255.580888588
2021-02-11 08:00:56.240,0,0.4136791544928798,386.8198488222105,0.0,,701907.0867080124
2021-02-11 08:00:56.250,0,0.298910410209446,350.7653265743659,0.0,,630281.0404144771
2021-02-11 08:00:56.260,0,0.2614688544233252,311.3666181693361,1.0,,552864.9176782386
2021-02-11 08:00:56.270,0,0.2645885444885229,277.8606036590573,1.0,,487786.6682670397
2021-02-11 08:00:56.280,0,0.2021042196455175,245.07456704391944,1.0,,424862.9052464155
2021-02-11 08:00:56.290,0,0.1793242844027036,214.90947383580848,1.0,,367708.85594194144
2021-02-11 08:00:56.300,0,0.2115631184234589,186.3130063122373,1.0,,314262.24533806863
2021-02-11 08:00:56.310,0,0.1648254101364767,159.72321393252702,1.0,,265296.39505130396
2021-02-11 08:00:56.320,0,0.1334101965414668,133.69975129221223,1.0,,218160.92736452015
2021-02-11 08:00:56.330,0,0.1000441480881019,110.57497024180984,2.0,,177036.04738987557
2021-02-11 08:00:56.340,0,0.0917636210430468,90.04529446725736,2.0,,141237.8449522973
2021-02-11 08:00:56.350,0,0.0718566317066743,71.83692091087481,2.0,,110161.31432891254
2021-02-11 08:00:56.360,0,0.0492520080651801,55.16787594522534,2.0,,82399.52516326275
2021-02-11 08:00:56.370,0,0.038617315391692,39.28525915851789,2.0,,56720.31314667007
2021-02-11 08:00:56.380,0,0.023367220224834,25.875622871171107,2.0,,35831.313218438925
2021-02-11 08:00:56.390,0,0.0151542909021926,13.86026349807108,2.0,,18039.810679193783
2021-02-11 08:00:56.400,0,0.006024693194861,3.182559338240965,2.0,,3586.1713148215354
2021-02-11 08:00:56.410,0,-0.0065340034388263,0.0,2.0,,9.355236079775903
2021-02-11 08:00:56.420,0,-0.0120464329889153,0.0,2.0,,9.64157866390603
2021-02-11 08:00:56.430,0,-0.0213654011334558,0.0,2.0,,12.103003866642814
2021-02-11 08:00:56.440,0,-0.030516028298489,0.0,2.0,,9.031132998524845
2021-02-11 08:00:56.450,0,-0.0365262351409534,0.0,2.0,,6.0851012906271364
2021-02-11 08:00:56.460,0,-0.0418806747650432,0.0,2.0,,12.067006845564086
2021-02-11 08:00:56.470,0,-0.0313368536132887,0.0,2.0,,13.393533380133496
2021-02-11 08:00:56.480,0,-0.036033709637162,0.0,2.0,,9.435250146210242
2021-02-11 08:00:56.490,0,-0.0398477537441562,0.0,2.0,,8.355066184247976
2021-02-11 08:00:56.500,0,-0.0518278341900907,0.0,2.0,,8.45606248989055
2021-02-11 08:00:56.510,0,-0.0332051950613467,0.0,2.0,,8.323582659657971
2021-02-11 08:00:56.520,0,-0.0416569526645405,0.0,2.0,,12.9262968184045
2021-02-11 08:00:56.530,0,-0.0409569859875029,0.0,2.0,,9.379557158301209
2021-02-11 08:00:56.540,0,-0.0355918948817477,0.0,2.0,,9.757973312041573
2021-02-11 08:00:56.550,0,-0.0416892081068084,0.0,2.0,,8.360010195570544
2021-02-11 08:00:56.560,0,-0.0421949359548373,0.0,2.0,,7.778313350921236
2021-02-11 08:00:56.570,0,-0.0363411655504604,0.0,2.0,,15.897257361112603
2021-02-11 08:00:56.580,0,-0.0361411383820285,0.0,2.0,,11.341106867767719
2021-02-11 08:00:56.590,0,-0.0331781452738731,0.0,2.0,,12.139498872353823
2021-02-11 08:00:56.600,0,-0.034714335171936,0.0,2.0,,11.148832108099231
2021-02-11 08:00:56.610,0,-0.0302222105313953,0.0,2.0,,10.132467733252954
2021-02-11 08:00:56.620,0,-0.0180596812783738,0.0,2.0,,11.05229617034505
2021-02-11 08:00:56.630,0,-0.0220285873665147,0.0,2.0,,9.033171250864235
2021-02-11 08:00:56.640,0,-0.0180529870947469,0.0,2.0,,11.032727639152727
2021-02-11 08:00:56.650,0,-0.024449736280017,0.0,2.0,,8.905849786326463
2021-02-11 08:00:56.660,0,-0.0212909378648489,0.0,2.0,,9.744199978928968
2021-02-11 08:00:56.670,0,-0.0148655807192924,0.0,2.0,,8.663170326131794
2021-02-11 08:00:56.680,0,-0.0162343359141336,0.0,2.0,,14.554594499408271
2021-02-11 08:00:56.690,0,-0.0135620868503312,0.0,2.0,,6.344427298582602
2021-02-11 08:00:56.700,0,-0.0137050109294694,0.0,2.0,,11.510538548730072
2021-02-11 08:00:56.710,0,-0.0138946757660679,0.0,2.0,,7.94008691796868
2021-02-11 08:00:56.720,0,-0.0050458142043659,0.0,2.0,,9.156416713791115
2021-02-11 08:00:56.730,0,-0.0139818274822941,0.0,2.0,,10.329156828587106
2021-02-11 08:00:56.740,0,-0.0107251130319373,0.0,2.0,,8.789592837167074
2021-02-11 08:00:56.750,0,-0.0096446607616886,0.0,2.0,,7.835496281815353
2021-02-11 08:00:56.760,0,-0.00478790395868,0.0,2.0,,12.5080195342609
2021-02-11 08:00:56.770,0,-0.0029713582146139,0.0,2.0,,5.232155803072345
2021-02-11 08:00:56.780,0,0.002201431385787,0.0,2.0,,9.695526955753454
2021-02-11 08:00:56.790,0,-0.0095646913713175,0.0,2.0,,10.04297351585888
2021-02-11 08:00:56.800,0,-0.0075599238150011,0.0,2.0,,10.942131160152691
2021-02-11 08:00:56.810,0,-0.0022496685413636,0.0,2.0,,6.435430934684765
2021-02-11 08:00:56.820,0,0.0007094619592088,0.0,2.0,,10.079849094710113
2021-02-11 08:00:56.830,0,0.0007681228450898,0.0,2.0,,12.211496719243387
2021-02-11 08:00:56.840,0,-0.0038838001278273,0.1689411874210366,2.0,,153.00224673599567
2021-02-11 08:00:56.850,0,0.0008664073215833,0.5599123168836339,2.0,,542.9243719814104
2021-02-11 08:00:56.860,0,-0.0003237330614576,0.8934121892342949,2.0,,895.6169125471738
2021-02-11 08:00:56.870,0,0.0026047020596349,1.1799415116501766,2.0,,1213.9593260463855
2021-02-11 08:00:56.880,0,0.0037927899549875,1.4162026772321556,2.0,,1480.8779284017082
2021-02-11 08:00:56.890,0,-0.0037875914568655,1.603005321835332,2.0,,1691.2265120976315
2021-02-11 08:00:56.900,0,-0.0030204607100311,1.7517030029701293,2.0,,1862.7987972576857
2021-02-11 08:00:56.910,0,-0.0037050965114395,1.8547024828162832,2.0,,1986.4343641494977
2021-02-11 08:00:56.920,0,-0.0046782291715666,1.9478682037812112,2.0,,2092.68684865525
2021-02-11 08:00:56.930,0,-0.0014977530876857,1.9932412160634645,2.0,,2147.522996754558
2021-02-11 08:00:56.940,0,0.0012627117537221,2.0119680324770526,2.0,,2171.9901136597564
2021-02-11 08:00:56.950,0,-0.0025818008666558,2.042350454522277,2.0,,2202.990022013705
2021-02-11 08:00:56.960,0,0.0026973504747783,2.0115807390562805,2.0,,2169.161310450835
2021-02-11 08:00:56.970,0,0.0048852985815235,1.961592252804784,2.0,,2108.105766932929
2021-02-11 08:00:56.980,0,-0.001021506398211,1.9056373296965967,2.0,,2038.942116082518
2021-02-11 08:00:56.990,0,0.0018848848472991,1.851537580285732,2.0,,1978.6461514827843
2021-02-11 08:00:57.000,0,0.0010296683845921,1.7959132605067818,2.0,,1915.8271672637645
2021-02-11 08:00:57.010,0,-0.0022523505706982,1.7131763421090234,2.0,,1815.3185850024718
2021-02-11 08:00:57.020,0,-3.763626010329737e-05,1.6311190647760316,2.0,,1724.3590731055253
2021-02-11 08:00:57.030,0,-0.0015669802362393,1.533500190344694,2.0,,1611.3180023659727
2021-02-11 08:00:57.040,0,-6.528689722071128e-06,1.4366132625483885,2.0,,1500.3748170856936
2021-02-11 08:00:57.050,0,-0.0027555457200659,1.3655397156979108,2.0,,1420.3890103035521
2021-02-11 08:00:57.060,0,-0.0063042102139483,1.2648077455725562,2.0,,1305.2206526334705
2021-02-11 08:00:57.070,0,0.0083951793471216,1.1739375885997965,2.0,,1205.7472171736722
2021-02-11 08:00:57.080,0,0.0052481819516504,1.0709860153415875,2.0,,1088.4974199065655
2021-02-11 08:00:57.090,0,0.0042781920591293,0.9778765353400898,2.0,,981.709345993239
2021-02-11 08:00:57.100,0,0.0023999695997697,0.8881421537505816,2.0,,891.5287228111773
2021-02-11 08:00:57.110,0,-0.0037937837141359,0.8107939203838781,2.0,,807.5569011821734
2021-02-11 08:00:57.120,0,-0.0023339504739402,0.7265307403737122,2.0,,714.7871505235399
2021-02-11 08:00:57.130,0,-0.0003962601806153,0.6469262871239605,2.0,,625.6294551876058
2021-02-11 08:00:57.140,0,0.0005466867649741,0.5784690877630495,2.0,,560.508481636476
2021-02-11 08:00:57.150,0,-0.0001451190142003,0.5040031867146474,2.0,,480.9377095671461
2021-02-11 08:00:57.160,0,-0.0052078774774427,0.4395000314602734,2.0,,414.06755012576207
2021-02-11 08:00:57.170,0,-0.0041695622594364,0.3768297234925381,2.0,,349.1077649095475
2021-02-11 08:00:57.180,0,0.0005323888425599,0.3233700919378984,2.0,,298.2826725011074
2021-02-11 08:00:57.190,0,-0.0030439876949109,0.2705292862778739,2.0,,248.69258168601752
2021-02-11 08:00:57.200,0,-0.0065775012731092,0.223471208869587,2.0,,202.04594375527893
2021-02-11 08:00:57.210,0,0.0026960412880764,0.1793044601889287,2.0,,163.47125259786964
2021-02-11 08:00:57.220,0,-0.0004007265094082,0.1397522097983097,2.0,,124.65035555820582
2021-02-11 08:00:57.230,0,-0.0027488644370832,0.1046660539838102,2.0,,93.97924552968749
2021-02-11 08:00:57.240,0,0.0039373907992431,0.0729011944343352,2.0,,65.83013339386237
2021-02-11 08:00:57.250,0,0.0023310681452016,0.0446826902221182,2.0,,43.93428872142033
2021-02-11 08:00:57.260,0,0.002036879006393,0.0197964201819674,2.0,,22.725679609445088
2021-02-11 08:00:57.270,0,-0.00817496449266,0.0,2.0,,12.78015757419552
2021-02-11 08:00:57.280,0,-0.002166465489522,0.0,2.0,,13.694560525492264
2021-02-11 08:00:57.290,0,0.0021306847599212,0.0,2.0,,10.30631312261934
2021-02-11 08:00:57.300,0,-0.0009848241117661,0.0,2.0,,11.821660660091094
2021-02-11 08:00:57.310,0,0.0002890731406581,0.0,2.0,,11.559948876719272
2021-02-11 08:00:57.320,0,-0.0002718000247694,0.0,2.0,,6.43302490081223
2021-02-11 08:00:57.330,0,0.0029841438512294,0.0,2.0,,8.821627206146594
2021-02-11 08:00:57.340,0,-0.0030907879959687,0.0,2.0,,11.51613009481796
2021-02-11 08:00:57.350,0,0.0042885910856316,0.0,2.0,,8.153544319127603
2021-02-11 08:00:57.360,0,0.0018233571570713,0.0,2.0,,9.09168383212741
2021-02-11 08:00:57.370,0,-0.0046255106705638,0.0,2.0,,11.137558003051346
2021-02-11 08:00:57.380,0,0.0053851064118406,0.0,2.0,,6.660687872401529
2021-02-11 08:00:57.390,0,-0.0044760829443154,0.0,2.0,,9.886523314180142
2021-02-11 08:00:57.400,0,-0.0020875584710161,0.0,2.0,,9.396936370511835
2021-02-11 08:00:57.410,0,0.0015270037122126,0.0,2.0,,8.72696396858419
2021-02-11 08:00:57.420,0,0.0009359991763397,0.0,2.0,,11.5460455223207
2021-02-11 08:00:57.430,0,0.0064601902993768,0.0,2.0,,12.54547861889511
2021-02-11 08:00:57.440,0,0.0011997150460451,0.0,2.0,,9.562335958319265
2021-02-11 08:00:57.450,0,0.0030994059257685,0.0,2.0,,11.128988379024838
2021-02-11 08:00:57.460,0,0.003134726836635,0.0,2.0,,11.015471614108066
2021-02-11 08:00:57.470,0,0.0006934980961419,0.0,2.0,,11.736914689480175
2021-02-11 08:00:57.480,0,0.0019078261595338,0.0,2.0,,9.139528659762865
2021-02-11 08:00:57.490,0,0.0003743524651479,0.0,2.0,,12.55669057913583
2021-02-11 08:00:57.500,0,0.005028596819729,0.0,2.0,,9.76025715788587
2021-02-11 08:00:57.510,0,0.0032467689774027,0.0,2.0,,10.54736730560749
2021-02-11 08:00:57.520,0,-0.0056966412492535,0.0,2.0,,10.638907810585396
2021-02-11 08:00:57.530,0,0.0011110712455098,0.0,2.0,,9.549886616779183
2021-02-11 08:00:57.540,0,-0.0037347256713248,0.0,2.0,,10.004785893833793
2021-02-11 08:00:57.550,0,0.0035687989626346,0.0,2.0,,10.734285271637301
2021-02-11 08:00:57.560,0,0.0006336783461597,0.0,2.0,,9.592373270099406
2021-02-11 08:00:57.570,0,0.0010030777980825,0.0,2.0,,12.165810197105897
2021-02-11 08:00:57.580,0,0.0001690658402745,0.0,2.0,,8.739272936504737
2021-02-11 08:00:57.590,0,-0.0061485045040219,0.0,2.0,,11.10516718222122
2021-02-11 08:00:57.600,0,0.0032399559880348,0.0,2.0,,10.348787604339593
2021-02-11 08:00:57.610,0,-0.0017341800878843,0.0,2.0,,9.713747655965753
2021-02-11 08:00:57.620,0,-0.0015809982617435,0.0,2.0,,10.551519464488372
2021-02-11 08:00:57.630,0,0.0033729626960891,0.0,2.0,,10.211256829374355
2021-02-11 08:00:57.640,0,-0.0019829065550519,0.0,2.0,,4.1924357407200254
2021-02-11 08:00:57.650,0,0.002676926160223,0.0,2.0,,10.70987320858057
2021-02-11 08:00:57.660,0,0.0020045886223091,0.0,2.0,,7.169465042834023
2021-02-11 08:00:57.670,0,-0.0029217083186782,0.0,2.0,,11.17527283758628
2021-02-11 08:00:57.680,0,-0.0056789423928181,0.0,2.0,,7.412680533867473
2021-02-11 08:00:57.690,0,0.0047891691891799,0.0,2.0,,7.438872596832673
2021-02-11 08:00:57.700,0,0.0014967587612668,0.0,2.0,,11.154620217534573
2021-02-11 08:00:57.710,0,-0.0067180685324084,0.0007140998568288,2.0,,11.294769801486279
2021-02-11 08:00:57.720,0,-0.0006807960226948,0.0014778680367152,2.0,,10.962893489750405
2021-02-11 08:00:57.730,0,0.0019085917240901,0.0021188523809279,2.0,,10.836719264474274
2021-02-11 08:00:57.740,0,2.000918460687784e-05,0.0026292285443056,2.0,,9.390337338111419
2021-02-11 08:00:57.750,0,-0.0022219899849231,0.0031233793446041,2.0,,9.756022278125979
2021-02-11 08:00:57.760,0,0.0067937601328344,0.0034559236603254,2.0,,9.86261080608924
2021-02-11 08:00:57.770,0,-0.000954235790033,0.0037190536071394,2.0,,12.154078036679486
2021-02-11 08:00:57.780,0,-0.0055664496923288,0.0039433881236302,2.0,,11.739608847227453
2021-02-11 08:00:57.790,0,-0.0036092485746577,0.0040966992642849,2.0,,10.600258904914984
2021-02-11 08:00:57.800,0,0.0033031240199272,0.0041301967968957,2.0,,13.781537641190713
2021-02-11 08:00:57.810,0,0.0038602147094562,0.0041946776268833,2.0,,9.044323822929753
2021-02-11 08:00:57.820,0,0.006647704055417,0.0041724044675006,2.0,,13.13883777921899
2021-02-11 08:00:57.830,0,-0.0055421923300231,0.0041250138697789,2.0,,10.380720259413927
2021-02-11 08:00:57.840,0,0.0009891443639407,0.0040330665422397,2.0,,11.162128115985992
2021-02-11 08:00:57.850,0,-0.0011440907049774,0.0039157273032448,2.0,,12.653194544038724
2021-02-11 08:00:57.860,0,0.001627390516815,0.003796584999562,2.0,,11.036420846006335
2021-02-11 08:00:57.870,0,0.0025416682415371,0.003658672531518,2.0,,12.2699644062736
2021-02-11 08:00:57.880,0,-0.0015694253829174,0.0034528690782555,2.0,,11.473115238211923
2021-02-11 08:00:57.890,0,-0.0011031817749435,0.0033100411128008,2.0,,11.971275230398149
2021-02-11 08:00:57.900,0,-0.0047905606679472,0.0030826558234853,2.0,,15.146616692942041
2021-02-11 08:00:57.910,0,-0.0003442951653431,0.0029170605723232,2.0,,10.526011448956453
2021-02-11 08:00:57.920,0,-0.0003226513075689,0.0027413249428461,2.0,,15.1186534336545
2021-02-11 08:00:57.930,0,0.0032620107463316,0.0024997057364081,2.0,,14.292202815692683
2021-02-11 08:00:57.940,0,0.0027972164525277,0.0023309706127624,2.0,,12.110393586136574
2021-02-11 08:00:57.950,0,-0.0052519730085698,0.0021446760693742,2.0,,8.919198931447943
2021-02-11 08:00:57.960,0,-0.004277190312242,0.0019445268793508,2.0,,10.040619960144348
2021-02-11 08:00:57.970,0,0.0026761923314057,0.0017813647464517,2.0,,13.510180900548761
2021-02-11 08:00:57.980,0,0.0001901231926441,0.001602618801094,2.0,,10.60910737215338
2021-02-11 08:00:57.990,0,0.0079287072858859,0.0014324542225921,2.0,,10.749600126573164
2021-02-11 08:00:58.000,0,0.0008195198345419,0.0012737318571052,2.0,,8.987889939276998
2021-02-11 08:00:58.010,0,-0.0015225864299653,0.0011288720229194,2.0,,10.982729406897029
2021-02-11 08:00:58.020,0,0.001911654168052,0.0009872626790643,2.0,,10.266094207341048
2021-02-11 08:00:58.030,0,0.0018805308265134,0.0008502543261693,2.0,,12.030021513549315
2021-02-11 08:00:58.040,0,0.0052129426652243,0.0007387157869348,2.0,,7.628138612838167
2021-02-11 08:00:58.050,0,-0.0028259266060122,0.0006212745999076,2.0,,10.221054160648812
2021-02-11 08:00:58.060,0,-0.0001056839286874,0.0005194410869771,2.0,,12.054564057326097
2021-02-11 08:00:58.070,0,-0.0004995912523485,0.0004219419982515,2.0,,10.562157049241023
2021-02-11 08:00:58.080,0,0.0005468225044517,0.0003371079802953,2.0,,7.451724566342785
2021-02-11 08:00:58.090,0,-0.003996999048069,0.0002593451649685,2.0,,8.159483892175025
2021-02-11 08:00:58.100,0,-0.0023044406261081,0.0001893857161063,2.0,,6.830512069317377
2021-02-11 08:00:58.110,0,-0.0006236043012273,0.0001270760120542,2.0,,9.131127183116657
2021-02-11 08:00:58.120,0,-0.0002996521216295,7.039284168362319e-05,2.0,,12.941307231633502
2021-02-11 08:00:58.130,0,0.004504271630121,2.089570500986098e-05,2.0,,12.995120982734651
2021-02-11 08:00:58.140,0,-0.0009960558441191,0.0,2.0,,8.786763134073121
2021-02-11 08:00:58.150,0,0.0019178690543862,0.0,2.0,,10.398228506551236
2021-02-11 08:00:58.160,0,0.0039350817729014,0.0,2.0,,12.019370278509584
2021-02-11 08:00:58.170,0,0.0010665250946528,0.0,2.0,,9.893984148544744
2021-02-11 08:00:58.180,0,0.0019775325859997,0.0,2.0,,11.088575468196312
2021-02-11 08:00:58.190,0,-0.0009295705165252,0.0,2.0,,11.90767718399681
2021-02-11 08:00:58.200,0,0.0012032424292027,0.0,2.0,,10.066556844657587
2021-02-11 08:00:58.210,0,-0.0031292084572175,0.0,2.0,,8.669132220635133
2021-02-11 08:00:58.220,0,-0.0016668128093431,0.0,2.0,,15.144463173165132
2021-02-11 08:00:58.230,0,-0.0016370606961757,0.0,2.0,,10.711855777544136
2021-02-11 08:00:58.240,0,-0.0035172197119879,0.0,1.0,,9.383331054571984
2021-02-11 08:00:58.250,0,0.0006268377900032,0.0,1.0,,7.898299959780481
2021-02-11 08:00:58.260,0,0.0061289357874604,0.0,1.0,,7.985998914062717
2021-02-11 08:00:58.270,0,-0.0018303679082866,0.0,1.0,,8.937308477747647
2021-02-11 08:00:58.280,0,0.0040899181885679,0.0,1.0,,11.447434335309431
2021-02-11 08:00:58.290,0,0.0058587985483595,0.0,1.0,,11.574491683624663
2021-02-11 08:00:58.300,0,0.0052453562103117,0.0,1.0,,10.197815058847343
2021-02-11 08:00:58.310,0,0.0003353055648467,0.0,1.0,,7.850429384645414
2021-02-11 08:00:58.320,0,0.0017803276695573,0.0,1.0,,13.522968696591295
2021-02-11 08:00:58.330,0,-0.0037403330214125,0.0,1.0,,9.35311434769169
2021-02-11 08:00:58.340,0,-0.0006439013448766,0.0,1.0,,11.000216973538702
2021-02-11 08:00:58.350,0,-0.0060741047448185,0.0,1.0,,8.287639114343632
2021-02-11 08:00:58.360,0,0.0073937908424814,0.0,1.0,,10.082720162739577
2021-02-11 08:00:58.370,0,0.0037533567926664,0.0,1.0,,12.311729122903506
2021-02-11 08:00:58.380,0,-0.0004511176650569,0.0,1.0,,14.428108332304276
2021-02-11 08:00:58.390,0,3.1337347171191456e-06,0.0,1.0,,9.64778255012014
2021-02-11 08:00:58.400,0,0.0011750532910827,0.0,1.0,,9.80314759995219
2021-02-11 08:00:58.410,0,0.0012582128053606,0.0,1.0,,9.458055776097838
2021-02-11 08:00:58.420,0,0.0069354600956089,0.0,1.0,,9.476918954680324
2021-02-11 08:00:58.430,0,-0.0010142636337555,0.0,1.0,,11.812216225356385
2021-02-11 08:00:58.440,0,-0.0057746705917712,0.0,1.0,,11.835252013791585
2021-02-11 08:00:58.450,0,0.0027387168059322,0.0,1.0,,8.632604267144075
2021-02-11 08:00:58.460,0,-0.0044099845910862,0.0,1.0,,8.122476199251006
2021-02-11 08:00:58.470,0,-0.0031381617709229,0.0,1.0,,12.361964634236257
2021-02-11 08:00:58.480,0,0.0003346322021175,0.0,1.0,,7.517329163820829
2021-02-11 08:00:58.490,0,0.0008402879906113,0.0,1.0,,6.469232904125537
2021-02-11 08:00:58.500,0,0.0012068126637772,0.0,1.0,,11.469791264948348
2021-02-11 08:00:58.510,0,-0.0009426794797834,0.0,1.0,,9.887457669489569
2021-02-11 08:00:58.520,0,0.0030242399014655,0.0,1.0,,11.242177176513422
2021-02-11 08:00:58.530,0,-0.004949609006119,0.0,1.0,,9.446402800361566
2021-02-11 08:00:58.540,0,0.0035141915707521,0.0,1.0,,6.081308483800114
2021-02-11 08:00:58.550,0,0.0027737315398167,0.0,1.0,,10.852822677650497
2021-02-11 08:00:58.560,0,-0.0010638054849118,0.0,1.0,,10.15399969631322
2021-02-11 08:00:58.570,0,-0.0009283169100155,3.819116934336082e-07,1.0,,7.057474144518064
2021-02-11 08:00:58.580,0,0.0026618419308579,2.16711171288261e-06,1.0,,11.16216181223909
2021-02-11 08:00:58.590,0,-4.056596071525152e-05,3.697335138100116e-06,1.0,,9.7392926040937
2021-02-11 08:00:58.600,0,-0.0029344433538195,4.980947728134205e-06,1.0,,11.645271296397505
2021-02-11 08:00:58.610,0,-0.0018027735997804,6.065549367124804e-06,1.0,,11.087595200296782
2021-02-11 08:00:58.620,0,0.0050442309581475,6.875274548815672e-06,1.0,,9.485801235678613
2021-02-11 08:00:58.630,0,-0.0033251135591368,7.604541781265718e-06,1.0,,9.613710978662537
2021-02-11 08:00:58.640,0,0.0044697062458009,8.173147630338699e-06,1.0,,8.755775776929152
2021-02-11 08:00:58.650,0,-0.0001628897268502,8.439167156289087e-06,1.0,,10.201288907026953
2021-02-11 08:00:58.660,0,-0.0008244990452099,8.762495636015955e-06,1.0,,14.044768516746991
2021-02-11 08:00:58.670,0,-0.0047572087870304,8.848631929960597e-06,1.0,,6.638060478042282
2021-02-11 08:00:58.680,0,-0.0049270758902987,8.876305994587495e-06,1.0,,9.312464998030222
2021-02-11 08:00:58.690,0,0.0009474557791713,8.792732405351763e-06,1.0,,13.211270833390172
2021-02-11 08:00:58.700,0,0.0075059218648131,8.749165717339172e-06,1.0,,10.031328460438786
2021-02-11 08:00:58.710,0,-0.0001687904527312,8.466758293749342e-06,1.0,,8.953259034249708
2021-02-11 08:00:58.720,0,0.0002780656278466,8.241865876219333e-06,1.0,,8.623712967678612
2021-02-11 08:00:58.730,0,0.0015431267153237,7.89783005862348e-06,1.0,,12.822663026087442
2021-02-11 08:00:58.740,0,0.0036598764066561,7.615254041273547e-06,1.0,,12.259526917228666
2021-02-11 08:00:58.750,0,0.0029747089634554,7.2207958321789566e-06,1.0,,9.326903602520908
2021-02-11 08:00:58.760,0,0.0025730084731534,6.837622275459203e-06,1.0,,11.418289999326692
2021-02-11 08:00:58.770,0,-0.0015948139871639,6.4143841626496775e-06,1.0,,7.630372740991695
2021-02-11 08:00:58.780,0,-0.0018343572383868,6.00769539070307e-06,1.0,,11.128027816813672
2021-02-11 08:00:58.790,0,-0.0045959333202777,5.639512695609567e-06,1.0,,7.273998419412363
2021-02-11 08:00:58.800,0,-0.0007165373109626,5.177911601257188e-06,1.0,,8.154079698334117
2021-02-11 08:00:58.810,0,-0.0025377188811899,4.766038677960231e-06,1.0,,13.833985978514022
2021-02-11 08:00:58.820,0,-0.0025840083061857,4.38728687727239e-06,1.0,,9.584982209228869
2021-02-11 08:00:58.830,0,-0.0014431315764514,3.990579534850763e-06,1.0,,4.356954189242587
2021-02-11 08:00:58.840,0,0.0006160037489829,3.63286674224021e-06,1.0,,9.002003375620617
2021-02-11 08:00:58.850,0,-0.0011737931170519,3.2900717603291325e-06,1.0,,10.156938072433457
2021-02-11 08:00:58.860,0,-0.0114933418302983,2.922164282372072e-06,1.0,,9.49101059635555
2021-02-11 08:00:58.870,0,-0.0016734470427402,2.61971359364678e-06,1.0,,10.031706622131143
2021-02-11 08:00:58.880,0,-0.0012609176922025,2.278184684366929e-06,1.0,,9.70392010753631
2021-02-11 08:00:58.890,0,0.005717184383854,1.9805551488533625e-06,1.0,,13.907659095374209
2021-02-11 08:00:58.900,0,0.0037349870498925,1.7218969508178911e-06,1.0,,13.111101915249458
2021-02-11 08:00:58.910,0,0.0016526063651147,1.480167617145239e-06,1.0,,9.564198765298919
2021-02-11 08:00:58.920,0,-0.0069881463236342,1.2522355451515638e-06,1.0,,9.717046131428537
2021-02-11 08:00:58.930,0,0.0004182784907499,1.0404444997698631e-06,1.0,,10.190736922129505
2021-02-11 08:00:58.940,0,0.0025889560015121,8.405681620736555e-07,1.0,,5.087187466239334
2021-02-11 08:00:58.950,0,0.0015832874428925,6.594523805147158e-07,1.0,,11.49230253887411
2021-02-11 08:00:58.960,0,-0.0035258379099002,5.054620087596165e-07,1.0,,11.573187149633643
2021-02-11 08:00:58.970,0,0.0026460552317099,3.611235077696818e-07,1.0,,8.134609421376208
2021-02-11 08:00:58.980,0,0.0016588623518884,2.3068176757967563e-07,1.0,,8.784898397070503
2021-02-11 08:00:58.990,0,0.0078667158731688,1.1876845208290653e-07,1.0,,7.958608733078748
2021-02-11 08:00:59.000,0,0.0028807016807869,1.9690992013812985e-08,1.0,,10.058185279561615
2021-02-11 08:00:59.010,0,-0.0033364322590332,0.0,1.0,,7.587203379153491
2021-02-11 08:00:59.020,0,0.0039168133397948,0.0,1.0,,10.837644534975952
2021-02-11 08:00:59.030,0,0.0067872314298199,0.0,1.0,,14.263052750562249
2021-02-11 08:00:59.040,0,0.0060229204460392,0.0,1.0,,9.900686054890004
2021-02-11 08:00:59.050,0,0.0014766417267414,0.0,1.0,,11.376523176140935
2021-02-11 08:00:59.060,0,0.0047518164777973,0.0,1.0,,7.775409325558751
2021-02-11 08:00:59.070,0,-0.0040723982873171,0.0,1.0,,8.160502500823778
2021-02-11 08:00:59.080,0,0.0014177684881255,0.0,1.0,,12.727237315400227
2021-02-11 08:00:59.090,0,0.0046208291395359,0.0,1.0,,10.734927802856873
2021-02-11 08:00:59.100,0,-0.0012368379483398,0.0,1.0,,9.239483754971763
2021-02-11 08:00:59.110,0,0.0020994477477537,0.0,1.0,,13.66347140486008
2021-02-11 08:00:59.120,0,0.0032116768287885,0.0,1.0,,10.136372399148218
2021-02-11 08:00:59.130,0,-0.0012067511336403,0.0,1.0,,10.370444012236081
2021-02-11 08:00:59.140,0,-0.0037823291962957,0.0,1.0,,11.502461493217229
2021-02-11 08:00:59.150,0,0.0020401345452027,0.0,1.0,,13.679581771614915
2021-02-11 08:00:59.160,0,-0.0005738342663759,0.0,1.0,,7.491010817486179
2021-02-11 08:00:59.170,0,-0.0016911154361516,0.0,1.0,,14.227677336334526
2021-02-11 08:00:59.180,0,0.0031279617215187,0.0,1.0,,9.670598079530778
2021-02-11 08:00:59.190,0,0.0022115582132507,0.0,1.0,,9.993882340508462
2021-02-11 08:00:59.200,0,-0.0017196299608455,0.0,1.0,,10.187846811410282
2021-02-11 08:00:59.210,0,-0.000265763711335,0.0,1.0,,12.472151000016291
2021-02-11 08:00:59.220,0,0.0032031150364702,0.0,1.0,,15.082846957695425
2021-02-11 08:00:59.230,0,-0.0056122594577486,0.0,1.0,,9.813694181469643
2021-02-11 08:00:59.240,0,0.0009289248319336,0.0,1.0,,9.104997470399644
2021-02-11 08:00:59.250,0,-0.0014632057406749,0.0,1.0,,13.80429901595047
2021-02-11 08:00:59.260,0,0.0045806670451283,0.0,1.0,,9.20561394757398
2021-02-11 08:00:59.270,0,0.002661278088081,0.0,1.0,,9.387623699106319
2021-02-11 08:00:59.280,0,-0.0038740469252775,0.0,1.0,,11.232679666136747
2021-02-11 08:00:59.290,0,-0.0050665995725147,0.0,1.0,,8.174369505855308
2021-02-11 08:00:59.300,0,-0.0062939174784711,0.0,1.0,,7.809436951576799
2021-02-11 08:00:59.310,0,-0.0037879045977854,0.0,1.0,,12.127391653760595
2021-02-11 08:00:59.320,0,0.0049889157496042,0.0,1.0,,10.0192044797627
2021-02-11 08:00:59.330,0,0.0054912700214101,0.0,1.0,,8.668511589666418
2021-02-11 08:00:59.340,0,0.0009115354068283,0.0,1.0,,12.490787239856099
2021-02-11 08:00:59.350,0,-0.0040600462838358,0.0,1.0,,11.58366643092807
2021-02-11 08:00:59.360,0,0.0010347003901351,0.0,1.0,,7.734060186048509
2021-02-11 08:00:59.370,0,0.0025698363557937,0.0,1.0,,10.914913088932893
2021-02-11 08:00:59.380,0,0.0035983314238326,0.0,1.0,,13.080298522138156
2021-02-11 08:00:59.390,0,0.0042261839754445,0.0,1.0,,9.509785468417363
2021-02-11 08:00:59.400,0,-0.0017805190435055,0.0,1.0,,8.715822706251867
2021-02-11 08:00:59.410,0,0.0044183433814066,0.0,1.0,,9.664635335752228
2021-02-11 08:00:59.420,0,-0.0005257249591852,0.0,1.0,,11.792589467075851
2021-02-11 08:00:59.430,0,0.0008665058380186,0.0,1.0,,11.519520469507526
2021-02-11 08:00:59.440,0,-0.0023819505113604,1.997615727561975e-09,1.0,,11.591941417980431
2021-02-11 08:00:59.450,0,0.0001988745295428,5.575671496557104e-09,1.0,,9.60785276261966
2021-02-11 08:00:59.460,0,-0.0051305987250948,8.587685865933324e-09,1.0,,12.645675613240469
2021-02-11 08:00:59.470,0,0.0006064410942065,1.1264539039552416e-08,1.0,,8.759866010526329
2021-02-11 08:00:59.480,0,0.0052656716089145,1.3378046489537532e-08,1.0,,9.589237657147363
2021-02-11 08:00:59.490,0,0.0013770917901414,1.5011924547465073e-08,1.0,,12.365728141249926
2021-02-11 08:00:59.500,0,-0.0041373093146025,1.6401907374586792e-08,1.0,,12.097828759104036
2021-02-11 08:00:59.510,0,-0.0023093437330328,1.7339413721247972e-08,1.0,,12.562023284862004
2021-02-11 08:00:59.520,0,0.0051291301176869,1.813432541579605e-08,1.0,,9.042120730105758
2021-02-11 08:00:59.530,0,0.0048401145500179,1.8469308347180482e-08,1.0,,10.916576854291842
2021-02-11 08:00:59.540,0,0.004227182198432,1.868479863781523e-08,1.0,,11.427986605383797
2021-02-11 08:00:59.550,0,-0.0048232495901332,1.874847086768644e-08,1.0,,10.0289796812632
2021-02-11 08:00:59.560,0,-0.0026648207240303,1.856526069362493e-08,1.0,,9.092133416945549
2021-02-11 08:00:59.570,0,-0.0045308815079801,1.821122349890208e-08,1.0,,10.338159011102983
2021-02-11 08:00:59.580,0,0.0038808683778827,1.7507414246196418e-08,1.0,,11.949220846153812
2021-02-11 08:00:59.590,0,0.004568995700002,1.7151243231486098e-08,1.0,,13.376406647334282
2021-02-11 08:00:59.600,0,0.0020782644963783,1.6400199566681488e-08,1.0,,7.30677276703145
2021-02-11 08:00:59.610,0,0.0008599158917387,1.5691796047148806e-08,1.0,,8.892525712412997
2021-02-11 08:00:59.620,0,-0.0013149852003571,1.4787495447449809e-08,1.0,,11.012149342682644
2021-02-11 08:00:59.630,0,-0.0010107605612036,1.3998951550509942e-08,1.0,,14.456089805537278
2021-02-11 08:00:59.640,0,0.0021368069646591,1.3087487523643952e-08,1.0,,6.641789581948412
2021-02-11 08:00:59.650,0,0.0031602464910697,1.238895161359228e-08,1.0,,7.86123327876771
2021-02-11 08:00:59.660,0,0.0023990844119263,1.1549503616073132e-08,1.0,,10.72652154350798
2021-02-11 08:00:59.670,0,0.003998787645293,1.0621637637111381e-08,1.0,,13.008906214580183
2021-02-11 08:00:59.680,0,0.0072458274165466,9.744442293129466e-09,1.0,,11.6673669582392
2021-02-11 08:00:59.690,0,0.004268678070212,8.840553498675068e-09,1.0,,11.845198198317766
2021-02-11 08:00:59.700,0,-0.0023301661300937,7.988602369304345e-09,1.0,,7.780423713979545
2021-02-11 08:00:59.710,0,0.0002008595231804,7.231769576751094e-09,1.0,,9.693275994641672
2021-02-11 08:00:59.720,0,0.0061209046701064,6.468383219128444e-09,1.0,,8.9788061013926
2021-02-11 08:00:59.730,0,0.0003238711418726,5.8456743912229944e-09,1.0,,6.933552251940178
2021-02-11 08:00:59.740,0,-0.0038440083125367,5.201894089321509e-09,1.0,,11.279730900183834
2021-02-11 08:00:59.750,0,-0.0014295446051293,4.535935444747849e-09,1.0,,14.255416250863025
2021-02-11 08:00:59.760,0,0.0037860238780252,3.9611412724454825e-09,1.0,,10.827462477522154
2021-02-11 08:00:59.770,0,0.0045489074104564,3.395816622500568e-09,1.0,,6.186229798031778
2021-02-11 08:00:59.780,0,-0.0040805476526229,2.9123106802272612e-09,1.0,,11.350796587203037
2021-02-11 08:00:59.790,0,-0.001618695097144,2.4227905106530484e-09,1.0,,9.978631158694862
2021-02-11 08:00:59.800,0,0.0047143097141047,1.993802908889822e-09,1.0,,7.380811035173525
2021-02-11 08:00:59.810,0,-0.0043049548717687,1.6077952577960407e-09,1.0,,11.188665526054292
2021-02-11 08:00:59.820,0,0.0033743321388826,1.238376855507542e-09,1.0,,11.542326054805383
2021-02-11 08:00:59.830,0,0.0056483620902219,9.294549457421587e-10,1.0,,12.018550101144656
2021-02-11 08:00:59.840,0,0.0045089356056311,6.354163367257775e-10,1.0,,8.241614656999456
2021-02-11 08:00:59.850,0,-0.0002357830940235,3.8261217016031756e-10,1.0,,9.529839712935603
2021-02-11 08:00:59.860,0,-0.0014311411803863,1.5890532359077608e-10,1.0,,10.620994807601763
2021-02-11 08:00:59.870,0,-0.00053988047808,0.0,1.0,,7.645847838862066
2021-02-11 08:00:59.880,0,0.0042804202584496,0.0,1.0,,8.296540717495816
2021-02-11 08:00:59.890,0,-0.0046681193473722,0.0,1.0,,9.982836086239212
2021-02-11 08:00:59.900,0,-0.0022878630385215,0.0,1.0,,9.076705224997944
2021-02-11 08:00:59.910,0,0.0022835837916723,0.0,1.0,,8.07291255896389
2021-02-11 08:00:59.920,0,-0.0047879265805931,0.0,1.0,,12.964587707034749
2021-02-11 08:00:59.930,0,-0.0063329084555893,0.0,1.0,,9.122947371375457
2021-02-11 08:00:59.940,0,-0.0071062910561512,0.0,1.0,,9.92985130865953
2021-02-11 08:00:59.950,0,0.0064161347899638,0.0,1.0,,9.918351270122736
2021-02-11 08:00:59.960,0,0.0010500901210788,0.0,1.0,,7.000816933251678
2021-02-11 08:00:59.970,0,-0.0028646177347846,0.0,1.0,,8.351222031981452
2021-02-11 08:00:59.980,0,-0.0025619683174547,0.0,1.0,,9.948627977418397
2021-02-11 08:00:59.990,0,-0.0031954268487172,0.0,1.0,,8.635328504254696
2021-02-11 08:01:00.000,0,0.0048995532641359,0.0,1.0,,9.510325314422962
2021-02-11 08:01:00.010,0,-0.0017615176811757,0.0,1.0,,8.269061339987461
2021-02-11 08:01:00.020,0,0.0051157402715435,0.0,1.0,,7.078715435147035
2021-02-11 08:01:00.030,0,-0.0054446210827735,0.0,1.0,,8.731258743112463
2021-02-11 08:01:00.040,0,-0.0008756798276589,0.0,1.0,,8.495917198958745
2021-02-11 08:01:00.050,0,-0.0005402855701159,0.0,1.0,,7.788151289482367
2021-02-11 08:01:00.060,0,0.0073382882309794,0.0,1.0,,7.770868537998892
2021-02-11 08:01:00.070,0,0.0028075159518346,0.0,1.0,,7.055293366400139
2021-02-11 08:01:00.080,0,0.0006243099857921,0.0,1.0,,8.492847945801934
2021-02-11 08:01:00.090,0,-0.0003839497735699,0.0,1.0,,10.914206710846274
2021-02-11 08:01:00.100,0,-0.0069634549250486,0.0,1.0,,10.29504236026804
2021-02-11 08:01:00.110,0,-0.0036817160615142,0.0,1.0,,12.082426513426949
2021-02-11 08:01:00.120,0,0.0013747032481755,0.0,1.0,,8.149853851972649
2021-02-11 08:01:00.130,0,0.0020938594493642,0.0,1.0,,7.520550281341908
2021-02-11 08:01:00.140,0,0.0076296423265043,0.0,1.0,,9.208306231425476
2021-02-11 08:01:00.150,0,-0.0036507397774347,0.0,1.0,,9.844713860522186
2021-02-11 08:01:00.160,0,0.0056498396850089,0.0,1.0,,7.412854765015645
2021-02-11 08:01:00.170,0,-0.0030225781443976,0.0,1.0,,10.227708842304763
2021-02-11 08:01:00.180,0,0.0031209871746149,0.0,1.0,,11.604810456631267
2021-02-11 08:01:00.190,0,0.0053260276463212,0.0,1.0,,7.7034095135635035
2021-02-11 08:01:00.200,0,-0.0069591770892622,0.0,1.0,,10.508188927450782
2021-02-11 08:01:00.210,0,-0.0011001957033979,0.0,1.0,,8.373777818918633
2021-02-11 08:01:00.220,0,-0.0008551751811887,0.0,1.0,,9.026787997215543
2021-02-11 08:01:00.230,0,0.0018234762532699,0.0,1.0,,10.05344554822696
2021-02-11 08:01:00.240,0,0.0026635744000885,0.0,1.0,,9.951103424500488
2021-02-11 08:01:00.250,0,0.0051725326703604,0.0,1.0,,9.613336507486698
2021-02-11 08:01:00.260,0,-0.0018459752699997,0.0,1.0,,11.401801714142621
2021-02-11 08:01:00.270,0,-0.000576173663672,0.0,1.0,,11.97879057137737
2021-02-11 08:01:00.280,0,9.072471628596496e-05,0.0,1.0,,9.111985112214866
2021-02-11 08:01:00.290,0,0.0057036217566907,0.0,1.0,,9.34840476903824
2021-02-11 08:01:00.300,0,0.008217691313664,0.0,1.0,,9.348660761831216
2021-02-11 08:01:00.310,0,0.0032261027594186,7.583006059418133e-12,1.0,,9.543012658666262
2021-02-11 08:01:00.320,0,-0.0029670610506531,1.4897046225138674e-11,1.0,,9.769900373851307
2021-02-11 08:01:00.330,0,-0.0032403031703356,2.0866234242188197e-11,1.0,,9.849330258159782
2021-02-11 08:01:00.340,0,-0.0015590682849174,2.6066797879565088e-11,1.0,,8.244933008024272
2021-02-11 08:01:00.350,0,0.0035795329028455,3.0288296901514014e-11,1.0,,9.486227979214217
2021-02-11 08:01:00.360,0,-0.0045184127220543,3.306301610455518e-11,1.0,,12.142477620515157
2021-02-11 08:01:00.370,0,0.0069580771518909,3.6014881541128264e-11,1.0,,12.399504336581717
2021-02-11 08:01:00.380,0,0.0041875090268809,3.824936587916709e-11,1.0,,9.295827297456945
2021-02-11 08:01:00.390,0,-0.0004445025265319,3.9109323146625665e-11,1.0,,9.16812750450016
2021-02-11 08:01:00.400,0,0.0013021256345064,3.982951256789198e-11,1.0,,9.057814760029817
2021-02-11 08:01:00.410,0,0.0042904488567353,4.0224496593627745e-11,1.0,,10.888240861325645
2021-02-11 08:01:00.420,0,-0.0015718595118591,4.032711420932722e-11,1.0,,8.817377401183183
2021-02-11 08:01:00.430,0,-0.0022306809727856,3.9766979002839255e-11,1.0,,11.887202357782467
2021-02-11 08:01:00.440,0,0.0036861886137059,3.855904846003661e-11,1.0,,6.827587141100503
2021-02-11 08:01:00.450,0,-0.0022687171363217,3.7627787637606286e-11,1.0,,9.205172751655258
2021-02-11 08:01:00.460,0,-0.0042760827003839,3.6459593545975394e-11,1.0,,7.442141141695263
2021-02-11 08:01:00.470,0,0.0031240013677065,3.509372439903054e-11,1.0,,10.93089535573156
2021-02-11 08:01:00.480,0,-0.0047583804035629,3.324411881888049e-11,1.0,,10.73073660171896
2021-02-11 08:01:00.490,0,0.0011446018702961,3.121894195694537e-11,1.0,,11.721407784013389
2021-02-11 08:01:00.500,0,-0.0011596435322191,2.9606110298369926e-11,1.0,,12.266318833117248
2021-02-11 08:01:00.510,0,-0.0014743285019232,2.7789717422378328e-11,1.0,,10.840931416350546
2021-02-11 08:01:00.520,0,-0.0005082588085391,2.59952854815654e-11,1.0,,9.200850210756759
2021-02-11 08:01:00.530,0,0.0026792796466978,2.414559050088159e-11,1.0,,8.112644727069293
2021-02-11 08:01:00.540,0,0.0016805460655477,2.229276691111676e-11,1.0,,13.033869352013127
2021-02-11 08:01:00.550,0,-0.0011095763597406,2.0303508389820085e-11,1.0,,13.059183220753985
2021-02-11 08:01:00.560,0,0.0063642359549756,1.8682614658634728e-11,1.0,,11.017620787509866
2021-02-11 08:01:00.570,0,0.0058373273976713,1.6816256669520592e-11,1.0,,7.99945689768021
2021-02-11 08:01:00.580,0,0.0023866557530115,1.5269207240914832e-11,1.0,,10.081161893784188
2021-02-11 08:01:00.590,0,0.0031908472404693,1.371854907565122e-11,1.0,,7.760471962356537
2021-02-11 08:01:00.600,0,0.0052459820558948,1.2226634879603596e-11,1.0,,9.38726000363545
2021-02-11 08:01:00.610,0,-0.0014099479163313,1.0683390515639568e-11,1.0,,13.37608255641863
2021-02-11 08:01:00.620,0,0.0023742149259784,9.368547568140643e-12,1.0,,9.246398941050332
2021-02-11 08:01:00.630,0,-0.0003738292680694,8.134988848599723e-12,1.0,,9.08351461640604
2021-02-11 08:01:00.640,0,-0.0042697325186927,6.960929158840029e-12,1.0,,6.0400890921378485
2021-02-11 08:01:00.650,0,-0.0015647636007466,5.8703744845888016e-12,1.0,,12.883123742553941
2021-02-11 08:01:00.660,0,0.0007737627880074,4.871460453342312e-12,1.0,,7.5066280258883555
2021-02-11 08:01:00.670,0,-0.0026035596214502,3.999510459191475e-12,1.0,,8.637936159821958
2021-02-11 08:01:00.680,0,-0.0062892793863687,3.1815685089970255e-12,1.0,,8.671742383433202
2021-02-11 08:01:00.690,0,-0.0052411330277975,2.4228943400428106e-12,1.0,,12.09049516070096
2021-02-11 08:01:00.700,0,-0.0031603048993308,1.7399970333176298e-12,1.0,,7.939325884089193
2021-02-11 08:01:00.710,0,0.0001670708882993,1.1505954924523253e-12,1.0,,11.534386924547487
2021-02-11 08:01:00.720,0,0.0039739171160428,6.178973304007089e-13,1.0,,7.47802996522422
2021-02-11 08:01:00.730,0,-0.0045073531966053,1.5364259516729244e-13,1.0,,10.479690108344089
2021-02-11 08:01:00.740,0,0.0008837210824409,0.0,1.0,,7.667218029111579
2021-02-11 08:01:00.750,0,0.0012395014866723,0.0,1.0,,8.587344233288418
2021-02-11 08:01:00.760,0,0.0031919095845578,0.0,1.0,,8.67842168514311
2021-02-11 08:01:00.770,0,-0.0046943454167813,0.0,1.0,,6.816643869513035
2021-02-11 08:01:00.780,0,0.0033797104843093,0.0,1.0,,10.387480675072403
2021-02-11 08:01:00.790,0,-0.000406323169429,0.0,1.0,,8.506046193051933
2021-02-11 08:01:00.800,0,0.0037076604859237,0.0,1.0,,10.885705826626667
2021-02-11 08:01:00.810,0,0.0007084081726587,0.0,1.0,,8.36057980444275
2021-02-11 08:01:00.820,0,0.0014595699908843,0.0,1.0,,10.82354842382497
2021-02-11 08:01:00.830,0,0.0010285315730653,0.0,1.0,,11.058190658460417
2021-02-11 08:01:00.840,0,-0.0012548345758103,0.0,1.0,,12.402446238815813
2021-02-11 08:01:00.850,0,-0.0023702822766885,0.0,1.0,,9.25272665476708
2021-02-11 08:01:00.860,0,0.0006722389038302,0.0,1.0,,6.735671960862504
2021-02-11 08:01:00.870,0,0.002148531525742,0.0,1.0,,9.265975443457851
2021-02-11 08:01:00.880,0,-0.0020554583774751,0.0,1.0,,11.279067543984752
2021-02-11 08:01:00.890,0,-0.0068019375172412,0.0,1.0,,9.708204514618732
2021-02-11 08:01:00.900,0,-0.0022908378236183,0.0,1.0,,12.465260671848986
2021-02-11 08:01:00.910,0,-0.0005128420264277,0.0,1.0,,9.444620402745565
2021-02-11 08:01:00.920,0,-0.0007590186356338,0.0,1.0,,8.604259527304412
2021-02-11 08:01:00.930,0,0.0002657356270614,0.0,1.0,,6.141338328551966
2021-02-11 08:01:00.940,0,-0.004300230505036,0.0,1.0,,6.988649613726839
2021-02-11 08:01:00.950,0,0.00312390763206,0.0,1.0,,9.595512746174837
2021-02-11 08:01:00.960,0,0.0013035650287196,0.0,1.0,,9.012598730573192
2021-02-11 08:01:00.970,0,0.0013146270968386,0.0,1.0,,7.6548102168668155
2021-02-11 08:01:00.980,0,-0.0027341302568181,0.0,1.0,,9.762199423340475
2021-02-11 08:01:00.990,0,0.0027103799183099,0.0,1.0,,8.290841871416195
2021-02-11 08:01:01.000,1,0.0016027018190173,0.0,1.0,,7.268342008317777
2021-02-11 08:01:01.010,1,-0.001677823004607,0.0,1.0,,8.055709330756647
2021-02-11 08:01:01.020,1,-0.0035539048005323,0.0,1.0,,8.693158840653739
2021-02-11 08:01:01.030,1,-0.0003010130640805,0.0,1.0,,9.500887381479544
2021-02-11 08:01:01.040,1,0.0003401604035222,0.0,1.0,,10.991031200215168
2021-02-11 08:01:01.050,1,-0.0028699454672479,0.0,1.0,,11.25362365777431
2021-02-11 08:01:01.060,1,-0.0017273806994042,0.0,1.0,,9.975758999475051
2021-02-11 08:01:01.070,1,-0.0014570566120145,0.0,1.0,,11.368357829774428
2021-02-11 08:01:01.080,1,0.0061914379637159,0.0,1.0,,11.87978667191879
2021-02-11 08:01:01.090,1,0.0060600806287851,3.728413899303052,1.0,,4265.4752488112
2021-02-11 08:01:01.100,1,0.0164318293609358,14.245213273588352,1.0,,18589.21938262951
2021-02-11 08:01:01.110,1,0.0238216962809996,30.32867666215541,1.0,,42674.61550547255
2021-02-11 08:01:01.120,1,0.0407412173414524,51.41202638017865,1.0,,76251.45051447576
2021-02-11 08:01:01.130,1,0.0615533731249497,76.3311375825002,1.0,,117767.2557153823
2021-02-11 08:01:01.140,1,0.0852672313961974,103.7155589739374,1.0,,164991.6989323358
2021-02-11 08:01:01.150,1,0.1095074721662184,136.36506648067976,0.0,,222945.68435211413
2021-02-11 08:01:01.160,1,0.1256042839735944,170.21742707046576,0.0,,284530.5561464391
2021-02-11 08:01:01.170,1,0.1980265375437824,207.95546404886443,0.0,,354643.0799588616
2021-02-11 08:01:01.180,1,0.2555373536768782,249.8698395126429,0.0,,434017.6482662163
2021-02-11 08:01:01.190,1,0.221535169888552,292.2156239500232,0.0,,515577.09155417274
2021-02-11 08:01:01.200,1,0.2896755529099968,329.8981547940078,0.0,,589164.0441244347
2021-02-11 08:01:01.210,1,0.2850656365899658,370.8085681825276,0.0,,670011.5136285732
2021-02-11 08:01:01.220,1,0.3562674797444823,412.5288082225413,0.0,,753382.0322400325
2021-02-11 08:01:01.230,1,0.3717620175422554,454.7216582452346,0.0,,838562.7707276923
2021-02-11 08:01:01.240,1,0.3863113742500286,495.876302205597,0.0,,922410.4504080919
2021-02-11 08:01:01.250,1,0.410357083835158,538.9546458934599,0.0,,1010932.7451694082
2021-02-11 08:01:01.260,1,0.4895882317321561,572.037935854906,0.0,,1079398.1739996772
2021-02-11 08:01:01.270,1,0.4527776700890687,603.6347517637711,0.0,,1145155.07164414
2021-02-11 08:01:01.280,1,0.4820408949772206,635.9797651923056,0.0,,1212826.7683070416
2021-02-11 08:01:01.290,1,0.6951532984443357,681.1547099459874,0.0,,1307928.5959749904
2021-02-11 08:01:01.300,1,0.7341345222159411,709.4161281540778,0.0,,1367748.2872655664
2021-02-11 08:01:01.310,1,0.7281930853331497,740.9278067332433,0.0,,1434723.4054786009
2021-02-11 08:01:01.320,1,0.8049643412541662,758.8529220544873,0.0,,1472950.0343110755
2021-02-11 08:01:01.330,1,0.6624411284320911,780.3877802456548,0.0,,1518985.0075712153
2021-02-11 08:01:01.340,1,0.8204586255778383,807.5693439697552,0.0,,1577292.4128768903
2021-02-11 08:01:01.350,1,0.6444321189813068,832.3490445988513,0.0,,1630594.9611088457
2021-02-11 08:01:01.360,1,0.7594888253041138,850.2248856756319,0.0,,1669167.6408306363
2021-02-11 08:01:01.370,1,0.7728377482934313,873.4788378222013,0.0,,1719451.6656114706
2021-02-11 08:01:01.380,1,0.8738485941464816,885.3412442786923,0.0,,1745159.864273003
2021-02-11 08:01:01.390,1,0.9242570798899794,903.7327533379212,0.0,,1785081.1337472273
2021-02-11 08:01:01.400,1,0.7950401488510557,917.5697987380664,0.0,,1815159.4739747883
2021-02-11 08:01:01.410,1,0.9278208207424318,936.1267129578032,0.0,,1855587.806789099
2021-02-11 08:01:01.420,1,0.8470709503864661,936.7946132488112,0.0,,1857042.1412247487
2021-02-11 08:01:01.430,1,0.9381814533055282,940.0308447477936,0.0,,1864102.2744181803
2021-02-11 08:01:01.440,1,0.91529926081604,954.0438373346034,0.0,,1894688.3734451083
2021-02-11 08:01:01.450,1,1.0434045084632166,956.6532606282772,0.0,,1900395.8839155908
2021-02-11 08:01:01.460,1,0.8508601309085603,961.9046113680228,0.0,,1911864.7682506249
2021-02-11 08:01:01.470,1,0.9430159717698868,965.3422639869702,0.0,,1919388.8072155411
2021-02-11 08:01:01.480,1,1.1041926297540938,973.4846650255026,0.0,,1937207.527940778
2021-02-11 08:01:01.490,1,0.8099343867695985,972.3949578278329,0.0,,1934813.3287456355
2021-02-11 08:01:01.500,1,0.7950748635444664,982.2144611604256,0.0,,1956312.4045568232
2021-02-11 08:01:01.510,1,1.036770764415576,979.8490673080034,0.0,,1951141.974187284
2021-02-11 08:01:01.520,1,1.003103996876779,981.6438110726092,0.0,,1955072.8946211853
2021-02-11 08:01:01.530,1,1.1761679567601655,986.0323631470692,0.0,,1964697.2419346503
2021-02-11 08:01:01.540,1,0.8413319202280285,982.6724119343044,0.0,,1957317.6940341573
2021-02-11 08:01:01.550,1,1.1754484672686465,985.5342401253256,0.0,,1963603.020793475
2021-02-11 08:01:01.560,1,0.9368723304993618,977.0959425806373,0.0,,1945107.6258164938
2021-02-11 08:01:01.570,1,0.9200573248528696,981.0167941968892,0.0,,1953695.008914935
2021-02-11 08:01:01.580,1,1.1004219001864295,974.2422427844796,0.0,,1938868.2562238092
2021-02-11 08:01:01.590,1,0.8865550578161351,973.2242703928808,0.0,,1936632.749474953
2021-02-11 08:01:01.600,1,0.9128149698666312,978.394199267938,0.0,,1947947.4621745918
2021-02-11 08:01:01.610,1,0.8201297894065908,984.8553122044532,0.0,,1962099.3600172314
2021-02-11 08:01:01.620,1,0.8242488662896811,977.2820010060632,0.0,,1945506.523242979
2021-02-11 08:01:01.630,1,1.188142496850738,980.6920423367186,0.0,,1952994.6362012266
2021-02-11 08:01:01.640,1,0.9417791540528562,969.9560221510033,0.0,,1929478.3213934263
2021-02-11 08:01:01.650,1,1.1690982457523351,976.4735432263202,0.0,,1943755.0930084996
2021-02-11 08:01:01.660,1,0.9675631735838948,976.0019215722772,0.0,,1942710.4440300728
2021-02-11 08:01:01.670,1,0.9547687717077008,963.105832730976,0.0,,1914497.0089698466
2021-02-11 08:01:01.680,1,1.1610311137116256,976.062009882932,0.0,,1942855.8696737278
2021-02-11 08:01:01.690,1,1.1398389996691387,975.9802256436824,0.0,,1942672.5957482224
2021-02-11 08:01:01.700,1,1.0967760793671448,969.1974973138229,0.0,,1927830.114845208
2021-02-11 08:01:01.710,1,0.9078522293361287,960.6271586069035,0.0,,1909077.0496958948
2021-02-11 08:01:01.720,1,1.0707699963330828,958.066889274517,0.0,,1903487.9118810394
2021-02-11 08:01:01.730,1,1.1098555149767464,963.7087061355568,0.0,,1915823.381903947
2021-02-11 08:01:01.740,1,0.9692591217152444,963.4674366777024,0.0,,1915286.8538714738
2021-02-11 08:01:01.750,1,0.8253469443437749,968.9412594409594,0.0,,1927248.6351334131
2021-02-11 08:01:01.760,1,0.8469975486176163,957.9663563223296,0.0,,1903255.384040216
2021-02-11 08:01:01.770,1,0.8995239402728181,962.491287456294,0.0,,1913153.6403472698
2021-02-11 08:01:01.780,1,1.1810459165311271,962.5324519151136,0.0,,1913254.8895413491
2021-02-11 08:01:01.790,1,0.8853189731782143,956.9318790570504,0.0,,1900996.2378060378
2021-02-11 08:01:01.800,1,1.0318925733245286,957.6979580867434,0.0,,1902679.2170256772
2021-02-11 08:01:01.810,1,1.0511573699023111,963.3672396229788,0.0,,1915074.0537232056
2021-02-11 08:01:01.820,1,0.8940185949922483,957.8322129067795,0.0,,1902967.7282652815
2021-02-11 08:01:01.830,1,0.7714455977768392,965.9676229064604,0.0,,1920747.973915001
2021-02-11 08:01:01.840,1,0.8227091679714781,958.55481009209,0.0,,1904541.1249517577
2021-02-11 08:01:01.850,1,1.0720916112463064,952.801916454682,0.0,,1891980.3736680108
2021-02-11 08:01:01.860,1,0.796251923728898,963.167336322612,0.0,,1914623.869085226
2021-02-11 08:01:01.870,1,0.9543032000463292,964.8471325975212,0.0,,1918303.5164689028
2021-02-11 08:01:01.880,1,1.03496270887632,962.4539674286336,0.0,,1913072.0331012171
2021-02-11 08:01:01.890,1,1.0166312511807072,966.2775831855568,0.0,,1921432.8759479763
2021-02-11 08:01:01.900,1,0.775865068400777,965.8642621411556,0.0,,1920517.7553069026
2021-02-11 08:01:01.910,1,1.0454369627135962,965.1600036944468,0.0,,1918996.6924615493
2021-02-11 08:01:01.920,1,0.8390843869378423,958.8216493511328,0.0,,1905125.7031450933
2021-02-11 08:01:01.930,1,0.9458284005677944,970.297456335857,0.0,,1930229.1678755155
2021-02-11 08:01:01.940,1,0.9538038720455628,959.914618886162,0.0,,1907519.4265893172
2021-02-11 08:01:01.950,1,0.98067231705307,959.3417269920744,0.0,,1906272.2853341864
2021-02-11 08:01:01.960,1,0.933121056263846,961.7182509154252,0.0,,1911460.9693900372
2021-02-11 08:01:01.970,1,1.0548750613739162,961.4565676620012,0.0,,1910895.3581104085
2021-02-11 08:01:01.980,1,1.0721345156612674,952.5851324178244,0.0,,1891511.0155158597
2021-02-11 08:01:01.990,1,0.8507703019971556,955.322053839832,0.0,,1897479.4067907275
2021-02-11 08:01:02.000,1,1.0005675216724044,972.187888136244,0.0,,1934367.7019398788
2021-02-11 08:01:02.010,1,0.8731087355668693,966.19877304996,0.0,,1921257.6050881385
2021-02-11 08:01:02.020,1,0.9738810856523766,959.5586364253816,0.0,,1906742.1046928097
2021-02-11 08:01:02.030,1,0.7975978131828302,963.3762283417708,0.0,,1915076.415422394
2021-02-11 08:01:02.040,1,0.9963560033025952,962.7545990340772,0.0,,1913731.4422102515
2021-02-11 08:01:02.050,1,0.8037097670076412,955.5879092953676,0.0,,1898056.6445406629
2021-02-11 08:01:02.060,1,0.7885581537272561,955.6794516574108,0.0,,1898259.2679432984
2021-02-11 08:01:02.070,1,0.9753442444532874,963.4213291310136,0.0,,1915186.9395223889
2021-02-11 08:01:02.080,1,0.7383091547858381,965.4437405268952,0.0,,1919597.150608728
2021-02-11 08:01:02.090,1,0.9471745633236532,958.9694508152166,0.0,,1905450.4546587768
2021-02-11 08:01:02.100,1,0.921188351268325,959.2877533012758,0.0,,1906147.3113661075
2021-02-11 08:01:02.110,1,0.6713390153056695,960.540556236619,0.0,,1908873.8020269952
2021-02-11 08:01:02.120,1,0.9477440713418892,958.913397385572,0.0,,1905330.5926066912
2021-02-11 08:01:02.130,1,0.8337519907454712,963.0431898579076,0.0,,1914351.2692205631
2021-02-11 08:01:02.140,1,0.7893916882632622,964.7950792512848,0.0,,1918180.113678011
2021-02-11 08:01:02.150,1,0.7447789232528952,954.6348500644908,0.0,,1895972.9629656372
2021-02-11 08:01:02.160,1,0.8244132017458228,963.066365902152,0.0,,1914401.185362673
2021-02-11 08:01:02.170,1,0.7586792399998545,958.8870312132927,0.0,,1905262.422418448
2021-02-11 08:01:02.180,1,0.8360422954531371,952.2517386882522,0.0,,1890771.9674829468
2021-02-11 08:01:02.190,1,0.903622260904992,950.4203662132076,0.0,,1886775.4742938995
2021-02-11 08:01:02.200,1,0.6176684002106511,949.1476394875122,0.0,,1883982.6923295944
2021-02-11 08:01:02.210,1,0.8989000677396751,953.0344855777712,0.0,,1892480.1394006226
2021-02-11 08:01:02.220,1,0.8334506253255084,954.6049262061384,0.0,,1895911.3347763862
2021-02-11 08:01:02.230,1,0.8216309171215341,963.99495478912,0.0,,1916436.1399393429
2021-02-11 08:01:02.240,1,0.7327538965664011,956.996261861707,0.0,,1901127.2759481135
2021-02-11 08:01:02.250,1,0.7669693475027938,953.6975196806156,0.0,,1893927.214526812
2021-02-11 08:01:02.260,1,0.8718922565421718,961.0136690220568,0.0,,1909915.6997040766
2021-02-11 08:01:02.270,1,0.7369832193665483,957.3128187480193,0.0,,1901821.4646442467
2021-02-11 08:01:02.280,1,0.7779434595211862,953.4837089498352,0.0,,1893457.406628228
2021-02-11 08:01:02.290,1,0.6195232192083154,950.473671881727,0.0,,1886876.852638769
2021-02-11 08:01:02.300,1,0.7540697797545819,949.6405586837744,0.0,,1885064.3324284856
2021-02-11 08:01:02.310,1,0.7395801374922607,958.8080936715744,0.0,,1905090.558428747
2021-02-11 08:01:02.320,1,0.808827429996964,959.1276400335728,0.0,,1905788.657031766
2021-02-11 08:01:02.330,1,0.7299884015241913,959.2822796931684,0.0,,1906122.4715805536
2021-02-11 08:01:02.340,1,0.8437439208048452,950.0317635723088,0.0,,1885922.7033193633
2021-02-11 08:01:02.350,1,0.7073603206700946,940.0129830741322,0.0,,1864047.557242027
2021-02-11 08:01:02.360,1,0.7134694974760463,951.5267723361908,0.0,,1889182.7706040675
2021-02-11 08:01:02.370,1,0.8328502138602963,951.5813088333708,0.0,,1889310.0205000187
2021-02-11 08:01:02.380,1,0.7740284749617801,949.2378357373116,0.0,,1884186.9939920218
2021-02-11 08:01:02.390,1,0.6478501149951884,950.6059213329372,0.0,,1887166.1538949271
2021-02-11 08:01:02.400,1,0.5768668378576425,949.306379937694,0.0,,1884325.3866181981
2021-02-11 08:01:02.410,1,0.7547814241866261,954.7918909091408,0.0,,1896318.7920521144
2021-02-11 08:01:02.420,1,0.7626937653718789,944.9330233008008,0.0,,1874790.9718404901
2021-02-11 08:01:02.430,1,0.7978578205212906,945.056251249386,0.0,,1875057.0714988085
2021-02-11 08:01:02.440,1,0.7228650623190593,952.7407092480454,0.0,,1891829.864526997
2021-02-11 08:01:02.450,1,0.7276316634174054,945.0817957321548,0.0,,1875109.8034806403
2021-02-11 08:01:02.460,1,0.7928484545085002,943.964725053005,0.0,,1872672.4386320729
2021-02-11 08:01:02.470,1,0.7607415018030498,943.7942217137024,0.0,,1872303.2315705514
2021-02-11 08:01:02.480,1,0.8033981183592422,941.817214402512,0.0,,1867994.8970954446
2021-02-11 08:01:02.490,1,0.8222821308094046,944.2657461586743,0.0,,1873332.80499187
2021-02-11 08:01:02.500,1,0.8130928018130656,951.7715664380704,0.0,,1889724.380887537
2021-02-11 08:01:02.510,1,0.6073159668569394,945.2207764732092,0.0,,1875411.99127875
2021-02-11 08:01:02.520,1,0.7696938600740381,946.6005862941646,0.0,,1878427.4035322086
2021-02-11 08:01:02.530,1,0.8487623215104645,949.5468670599944,0.0,,1884864.7994096288
2021-02-11 08:01:02.540,1,0.8017885733373541,937.117443373322,0.0,,1857742.8572061553
2021-02-11 08:01:02.550,1,0.6967574501934239,946.8217411185605,0.0,,1878908.826200102
2021-02-11 08:01:02.560,1,0.7495744712481115,941.6332669657156,0.0,,1867588.892141124
2021-02-11 08:01:02.570,1,0.6853837852539733,946.2101284848088,0.0,,1877568.4238856023
2021-02-11 08:01:02.580,1,0.7260402173465383,941.4501711866468,0.0,,1867184.9645961134
2021-02-11 08:01:02.590,1,0.7254315783375075,938.808580609294,0.0,,1861428.1567978526
2021-02-11 08:01:02.600,1,0.6200574587527036,944.710195314338,0.0,,1874292.7459962622
2021-02-11 08:01:02.610,1,0.725721229302506,938.0280389760112,0.0,,1859720.0289970099
2021-02-11 08:01:02.620,1,0.6821273025031451,946.4368314912172,0.0,,1878069.5469522758
2021-02-11 08:01:02.630,1,0.8373995861154319,933.3864825242688,0.0,,1849609.856357104
2021-02-11 08:01:02.640,1,0.7338855743408204,940.841293258418,0.0,,1865860.7557285973
2021-02-11 08:01:02.650,1,0.7767073498185356,943.6498136746868,0.0,,1871991.9422388258
2021-02-11 08:01:02.660,1,0.6525565927322451,933.3626952874572,0.0,,1849550.6450308873
2021-02-11 08:01:02.670,1,0.8480021140750483,940.7752284480308,0.0,,1865720.7177398533
2021-02-11 08:01:02.680,1,0.784441086450769,942.462420149366,0.0,,1869402.0825842577
2021-02-11 08:01:02.690,1,0.6461097403952195,940.8732719979196,0.0,,1865923.0796431105
2021-02-11 08:01:02.700,1,0.7674689593732353,937.0236195153244,0.0,,1857534.3152918662
2021-02-11 08:01:02.710,1,0.8176205487689999,936.321960114752,0.0,,1856007.201006016
2021-02-11 08:01:02.720,1,0.6588477911987228,942.0828623009296,0.0,,1868565.2802939278
2021-02-11 08:01:02.730,1,0.8217916640555782,938.1885066142391,0.0,,1860077.1343695032
2021-02-11 08:01:02.740,1,0.7998778934969718,934.2328826349056,0.0,,1851451.565627402
2021-02-11 08:01:02.750,1,0.9307561028993422,938.5030238890016,0.0,,1860765.6091828812
2021-02-11 08:01:02.760,1,0.8139988209815852,940.538294375325,0.0,,1865204.500531541
2021-02-11 08:01:02.770,1,0.9371051190690604,949.8968919849926,0.0,,1885631.382304574
2021-02-11 08:01:02.780,1,0.7549092806680735,937.2491252314272,0.0,,1858026.9178962747
2021-02-11 08:01:02.790,1,0.8951900590482739,939.643221892963,0.0,,1863252.7925948822
2021-02-11 08:01:02.800,1,0.916529431108418,941.0828614438976,0.0,,1866397.3779546022
2021-02-11 08:01:02.810,1,0.7041351815464555,948.5116104877284,0.0,,1882597.2449386218
2021-02-11 08:01:02.820,1,0.9742650429000628,947.1202737187472,0.0,,1879572.8953493093
2021-02-11 08:01:02.830,1,0.7881454136163953,939.2845754668616,0.0,,1862470.0702428673
2021-02-11 08:01:02.840,1,0.7557109522321581,944.9836546162544,0.0,,1874895.7325463844
2021-02-11 08:01:02.850,1,0.9991759378817484,937.802365854956,0.0,,1859244.0058447279
2021-02-11 08:01:02.860,1,0.9318962351901572,938.31891016609,0.0,,1860370.242327842
2021-02-11 08:01:02.870,1,0.9859834499499324,938.88643231633,0.0,,1861605.8733058588
2021-02-11 08:01:02.880,1,0.8533211393256784,938.5720168960246,0.0,,1860913.0625832614
2021-02-11 08:01:02.890,1,0.8438765550409336,938.6308332846558,0.0,,1861040.0728290223
2021-02-11 08:01:02.900,1,0.9748541294513372,936.6612341349036,0.0,,1856753.1407910297
2021-02-11 08:01:02.910,1,0.7864858726457216,943.2235873253612,0.0,,1871060.6152373187
2021-02-11 08:01:02.920,1,0.8735551422348066,950.0045325406252,0.0,,1885865.8482138915
2021-02-11 08:01:02.930,1,0.7824678139662561,944.9614523367952,0.0,,1874849.592947103
2021-02-11 08:01:02.940,1,1.063072704959366,940.0127497715656,0.0,,1864068.6325450733
2021-02-11 08:01:02.950,1,0.7721388410726435,948.8085250675272,0.0,,1883247.1290747414
2021-02-11 08:01:02.960,1,0.9588380494629518,941.2087004186484,0.0,,1866677.5690299743
2021-02-11 08:01:02.970,1,0.9984797549915998,944.3975896336416,0.0,,1873633.2900365489
2021-02-11 08:01:02.980,1,0.9978136125175368,948.9613294143352,0.0,,1883593.7205635074
2021-02-11 08:01:02.990,1,0.8309919357680634,937.4403082939627,0.0,,1858445.9683417908
2021-02-11 08:01:03.000,1,1.0607004521082115,934.5090529853384,0.0,,1852068.57746092
2021-02-11 08:01:03.010,1,1.13674149604317,938.9025440244512,0.0,,1861650.9803141775
2021-02-11 08:01:03.020,1,0.9996827422591148,949.0416317992348,0.0,,1883766.253861541
2021-02-11 08:01:03.030,1,1.0386480560721192,944.5027471069895,0.0,,1873863.6527034587
2021-02-11 08:01:03.040,1,1.019804257888158,938.013080382872,0.0,,1859705.4949166258
2021-02-11 08:01:03.050,1,1.0668827741911266,943.4739412349804,0.0,,1871615.759769734
2021-02-11 08:01:03.060,1,0.9534781728700528,937.2522308901064,0.0,,1858041.8705931297
2021-02-11 08:01:03.070,1,0.8372291781081088,946.9513849227524,0.0,,1879195.8649354826
2021-02-11 08:01:03.080,1,0.84385701604605,938.9509605218326,0.0,,1861739.3204918054
2021-02-11 08:01:03.090,1,1.14994745305181,944.0735787035394,0.0,,1872932.8226932832
2021-02-11 08:01:03.100,1,0.8282208725270263,938.3523596028124,0.0,,1860435.497876595
2021-02-11 08:01:03.110,1,1.030741803420417,947.5987880279775,0.0,,1880622.0545678607
2021-02-11 08:01:03.120,1,0.8136746897669473,938.5633769355888,0.0,,1860891.9885464194
2021-02-11 08:01:03.130,1,0.928157242811396,945.2830911424702,0.0,,1875562.2511100706
2021-02-11 08:01:03.140,1,0.9079971173039147,940.1440059469272,0.0,,1864346.505969324
2021-02-11 08:01:03.150,1,0.8097786366071389,947.4936509473804,0.0,,1880380.968160725
2021-02-11 08:01:03.160,1,0.9809494937579336,942.4746131496069,0.0,,1869438.036616688
2021-02-11 08:01:03.170,1,0.8756634149737851,944.8428395131014,0.0,,1874599.8894499463
2021-02-11 08:01:03.180,1,0.8213368255137713,943.0225557337732,0.0,,1870619.7966119146
2021-02-11 08:01:03.190,1,0.7774110615544546,942.5385366325876,0.0,,1869565.9113163976
2021-02-11 08:01:03.200,1,1.0644597552533568,943.6188931995054,0.0,,1871937.7326622142
2021-02-11 08:01:03.210,1,0.9894525433512504,933.0096825084156,0.0,,1848797.545284351
2021-02-11 08:01:03.220,1,0.8859168280441619,945.7918673916688,0.0,,1876668.0775643652
2021-02-11 08:01:03.230,1,0.8025164264250968,952.9724343233116,0.0,,1892338.7369548334
2021-02-11 08:01:03.240,1,0.8471128695215777,937.5811399292968,0.0,,1858752.8213087043
2021-02-11 08:01:03.250,1,1.0950760248482183,935.674904021526,0.0,,1854610.8195657546
2021-02-11 08:01:03.260,1,0.7261169200089995,943.7061303743544,0.0,,1872110.5480943948
2021-02-11 08:01:03.270,1,0.734634127556418,941.2553276652808,0.0,,1866763.186510979
2021-02-11 08:01:03.280,1,0.7190192193976874,937.6709258240307,0.0,,1858937.8619348605
2021-02-11 08:01:03.290,1,0.7210340201590989,939.8805172174984,0.0,,1863765.6961331381
2021-02-11 08:01:03.300,1,0.7143320338439529,940.664650890928,0.0,,1865472.5828039206
2021-02-11 08:01:03.310,1,0.9886346234119054,941.6526853100384,0.0,,1867642.9703384296
2021-02-11 08:01:03.320,1,0.9741076040393172,941.5246535386924,0.0,,1867363.61025641
2021-02-11 08:01:03.330,1,0.8971067196568364,936.5037486903652,0.0,,1856405.5466033404
2021-02-11 08:01:03.340,1,0.89887761264063,940.1458484518243,0.0,,1864346.5819070705
2021-02-11 08:01:03.350,1,1.0120585599617675,940.7190632655254,0.0,,1865606.7206766184
2021-02-11 08:01:03.360,1,0.8012326048424033,937.3246009264196,0.0,,1858193.0398053823
2021-02-11 08:01:03.370,1,0.8322008072107809,945.5266001500568,0.0,,1876087.4887707788
2021-02-11 08:01:03.380,1,0.9062975932543108,945.2588179785964,0.0,,1875507.536333442
2021-02-11 08:01:03.390,1,0.7897155215152146,940.078745759594,0.0,,1864197.8717167415
2021-02-11 08:01:03.400,1,0.7101706411768134,939.287648723484,0.0,,1862467.3299146432
2021-02-11 08:01:03.410,1,0.7749174391406879,941.7457911210208,0.0,,1867834.643450059
2021-02-11 08:01:03.420,1,0.7740264229466446,932.5910098583688,0.0,,1847871.8994011984
2021-02-11 08:01:03.430,1,0.8947111088264005,935.19523189137,0.0,,1853554.8545373692
2021-02-11 08:01:03.440,1,0.7585161553964999,936.462451116638,0.0,,1856311.4201300025
2021-02-11 08:01:03.450,1,0.7676454837162816,931.4458469693736,0.0,,1845375.5506799628
2021-02-11 08:01:03.460,1,0.7227671910249338,933.1829664897432,0.0,,1849160.1723919543
2021-02-11 08:01:03.470,1,0.8962877346002439,933.2700474743624,0.0,,1849360.1572150176
2021-02-11 08:01:03.480,1,0.9169321575895472,931.0804728008644,0.0,,1844585.2816782265
2021-02-11 08:01:03.490,1,0.8586725147015076,927.5264169037308,0.0,,1836839.41392133
2021-02-11 08:01:03.500,1,0.6685857463902085,930.8285736848676,0.0,,1844024.0533165154
2021-02-11 08:01:03.510,1,0.7934762099263842,940.0675860123578,0.0,,1864174.6486225985
2021-02-11 08:01:03.520,1,0.8367437107126399,936.9680295339724,0.0,,1857414.242945457
2021-02-11 08:01:03.530,1,0.8682578504126314,933.98706032748,0.0,,1850919.8122097787
2021-02-11 08:01:03.540,1,0.6202765378484059,936.8181463979894,0.0,,1857079.3649523049
2021-02-11 08:01:03.550,1,0.6315329175387868,932.8143268163568,0.0,,1848349.5792393484
2021-02-11 08:01:03.560,1,0.7803574090590328,941.1836368518844,0.0,,1866607.5962954212
2021-02-11 08:01:03.570,1,0.8052140363472221,929.1659650025338,0.0,,1840409.279405238
2021-02-11 08:01:03.580,1,0.7502807402696717,931.5537872467528,0.0,,1845608.249508575
2021-02-11 08:01:03.590,1,0.6880449243443104,932.0931720607292,0.0,,1846781.9249079498
2021-02-11 08:01:03.600,1,0.5903429802131361,931.4366614619236,0.0,,1845347.241312006
2021-02-11 08:01:03.610,1,0.7574530133322077,930.6012902588466,0.0,,1843533.3898936817
2021-02-11 08:01:03.620,1,0.7612546002234774,937.1509231146553,0.0,,1857810.3808709453
2021-02-11 08:01:03.630,1,0.7100206911911258,934.3994232130208,0.0,,1851807.5303148346
2021-02-11 08:01:03.640,1,0.6182465085760072,934.2564540957964,0.0,,1851490.8828903788
2021-02-11 08:01:03.650,1,0.8347373611892611,936.318434879806,0.0,,1855996.8191408892
2021-02-11 08:01:03.660,1,0.6203686447877476,937.9245637792056,0.0,,1859496.0687046137
2021-02-11 08:01:03.670,1,0.628694293606678,932.3893489381124,0.0,,1847427.5210904272
2021-02-11 08:01:03.680,1,0.6764893462684385,935.3126984489744,0.0,,1853802.3068908257
2021-02-11 08:01:03.690,1,0.6310918582031357,941.4839099624222,0.0,,1867256.2585273036
2021-02-11 08:01:03.700,1,0.7439401506470908,942.0412022383628,0.0,,1868475.1633755376
2021-02-11 08:01:03.710,1,0.6419901114997282,934.6381160044548,0.0,,1852327.1674379415
2021-02-11 08:01:03.720,1,0.809671775068261,930.9730480536024,0.0,,1844346.997000831
2021-02-11 08:01:03.730,1,0.5851241877379647,934.8449124805784,0.0,,1852774.5282476766
2021-02-11 08:01:03.740,1,0.6163023177596465,933.6652277417792,0.0,,1850200.5407022128
2021-02-11 08:01:03.750,1,0.6354470432482816,939.1433990664384,0.0,,1862152.4390150544
2021-02-11 08:01:03.760,1,0.586704904464306,930.4582736935538,0.0,,1843213.531514
2021-02-11 08:01:03.770,1,0.6169060561808896,928.3640728829904,0.0,,1838651.570538943
2021-02-11 08:01:03.780,1,0.6974403140502187,921.86456706564,0.0,,1824503.836712163
2021-02-11 08:01:03.790,1,0.7053415381435276,940.6403661153064,0.0,,1865421.0747520628
2021-02-11 08:01:03.800,1,0.7465268637848621,939.3814627303084,0.0,,1862677.3384813366
2021-02-11 08:01:03.810,1,0.7291113372071577,935.7010421954388,0.0,,1854649.939547696
2021-02-11 08:01:03.820,1,0.7804022800636052,940.4982722005632,0.0,,1865113.5103485011
2021-02-11 08:01:03.830,1,0.7185782035424546,936.7063455352148,0.0,,1856841.6912782982
2021-02-11 08:01:03.840,1,0.7374663129638214,941.9621586934873,0.0,,1868307.3856236434
2021-02-11 08:01:03.850,1,0.7690141676211514,940.2461769313996,0.0,,1864561.8085527115
2021-02-11 08:01:03.860,1,0.7760775581975001,938.3400977551383,0.0,,1860405.864477928
2021-02-11 08:01:03.870,1,0.6524534076833534,936.734403031228,0.0,,1856898.375726701
2021-02-11 08:01:03.880,1,0.5740054993739517,933.0326318114984,0.0,,1848825.4592227926
2021-02-11 08:01:03.890,1,0.7702618099990612,937.837677129075,0.0,,1859305.0983449784
2021-02-11 08:01:03.900,1,0.5575400587532491,941.2836010935356,0.0,,1866814.7598603074
2021-02-11 08:01:03.910,1,0.6020115684308557,941.6487287114268,0.0,,1867615.238998372
2021-02-11 08:01:03.920,1,0.7649543392752407,948.7258359883854,0.0,,1883068.6796794753
2021-02-11 08:01:03.930,1,0.6857246244657051,942.6744918194124,0.0,,1869858.8740513024
2021-02-11 08:01:03.940,1,0.6077241161385095,932.3299354261364,0.0,,1847291.4639766065
2021-02-11 08:01:03.950,1,0.6057374417952469,942.1946493251646,0.0,,1868803.678577904
2021-02-11 08:01:03.960,1,0.7429381691721861,947.0841564410666,0.0,,1879481.8215479255
2021-02-11 08:01:03.970,1,0.8264797093989953,933.7675286555932,0.0,,1850437.491083976
2021-02-11 08:01:03.980,1,0.6401160113156127,942.188774020076,0.0,,1868789.4374549421
2021-02-11 08:01:03.990,1,0.5804746312685434,943.3228399201084,0.0,,1871267.4656454201
2021-02-11 08:01:04.000,1,0.7159122496807988,935.2844908874888,0.0,,1853742.6767066238
2021-02-11 08:01:04.010,1,0.5712795245444918,944.2356137730596,0.0,,1873256.3669299309
2021-02-11 08:01:04.020,1,0.5659278316255741,947.6204340347508,0.0,,1880642.364250771
2021-02-11 08:01:04.030,1,0.7901093627597957,942.764766212076,0.0,,1870060.0467516633
2021-02-11 08:01:04.040,1,0.822888290548352,948.3089503530516,0.0,,1882161.3110032745
2021-02-11 08:01:04.050,1,0.7048635884818127,944.0475894774604,0.0,,1872856.576646886
2021-02-11 08:01:04.060,1,0.5895001219917135,937.6223404088098,0.0,,1858829.1721902415
2021-02-11 08:01:04.070,1,0.7825559007109756,940.2995182777324,0.0,,1864677.8274821588
2021-02-11 08:01:04.080,1,0.7954589877608771,949.070299535794,0.0,,1883818.4375602836
2021-02-11 08:01:04.090,1,0.7164070637042633,939.4826706071968,0.0,,1862897.3960636703
2021-02-11 08:01:04.100,1,0.6107214804072746,941.3259039429614,0.0,,1866913.276722236
2021-02-11 08:01:04.110,1,0.5935861978961248,944.5878595817816,0.0,,1874024.3654705659
2021-02-11 08:01:04.120,1,0.6568589328146854,948.6023645084426,0.0,,1882793.579561036
2021-02-11 08:01:04.130,1,0.8681463387939972,954.7071179860828,0.0,,1896136.5150530958
2021-02-11 08:01:04.140,1,0.7758380549326912,945.5542433202183,0.0,,1876147.0747620433
2021-02-11 08:01:04.150,1,0.7615253338520953,943.608039403676,0.0,,1871896.9119953695
2021-02-11 08:01:04.160,1,0.7786023896593252,939.8109434108068,0.0,,1863616.8343560451
2021-02-11 08:01:04.170,1,0.7629683361979169,946.8897956528888,0.0,,1879056.364365802
2021-02-11 08:01:04.180,1,0.8322442425224871,942.0864177946572,0.0,,1868579.1351064926
2021-02-11 08:01:04.190,1,0.7289176276640112,942.58369401885,0.0,,1869657.397567397
2021-02-11 08:01:04.200,1,0.8226904704897156,946.1081331974808,0.0,,1877356.8382003428
2021-02-11 08:01:04.210,1,0.5912201230121127,946.007731533331,0.0,,1877125.2842117758
2021-02-11 08:01:04.220,1,0.7972645665922328,937.9520671032072,0.0,,1859561.2395334987
2021-02-11 08:01:04.230,1,0.7640805031089913,939.3522247561926,0.0,,1862612.3883614333
2021-02-11 08:01:04.240,1,0.8584195460543191,945.9361608803104,0.0,,1876983.623072725
2021-02-11 08:01:04.250,1,0.6461824931517239,944.3683005107428,0.0,,1873549.311228779
2021-02-11 08:01:04.260,1,0.6760401627021501,947.4277978470536,0.0,,1880230.110243559
2021-02-11 08:01:04.270,1,0.6683730487991226,939.4315769691452,0.0,,1862783.5007164744
2021-02-11 08:01:04.280,1,0.8156907950618466,949.1578149000436,0.0,,1884012.5713420806
2021-02-11 08:01:04.290,1,0.6354221855348936,946.4824539965672,0.0,,1878163.1779607404
2021-02-11 08:01:04.300,1,0.7189695730303208,939.5948000123012,0.0,,1863139.6911225284
2021-02-11 08:01:04.310,1,0.7893016884182765,955.3640026341936,0.0,,1897568.9412814134
2021-02-11 08:01:04.320,1,0.8425251429285772,945.185708424717,0.0,,1875344.7513618798
2021-02-11 08:01:04.330,1,0.8546883060133571,940.8120573616328,0.0,,1865800.618891268
2021-02-11 08:01:04.340,1,0.7633188067622969,943.1652110740804,0.0,,1870930.9737258002
2021-02-11 08:01:04.350,1,0.7809092501206879,945.979375313002,0.0,,1877075.4311827926
2021-02-11 08:01:04.360,1,0.7097294893984264,943.2887012087842,0.0,,1871196.5452443294
2021-02-11 08:01:04.370,1,0.8520025021231292,942.05413400975,0.0,,1868511.0055077984
2021-02-11 08:01:04.380,1,0.658227161743829,942.4454770817696,0.0,,1869351.5483515547
2021-02-11 08:01:04.390,1,0.5941571915358719,944.4774437210904,0.0,,1873783.9300741006
2021-02-11 08:01:04.400,1,0.7142703563093753,944.7075721548468,0.0,,1874293.592340615
2021-02-11 08:01:04.410,1,0.6928819422719723,936.5278764389044,0.0,,1856446.411468235
2021-02-11 08:01:04.420,1,0.7555392369571943,941.1201664452844,0.0,,1866466.4658683084
2021-02-11 08:01:04.430,1,0.8251313509937551,942.4341640772524,0.0,,1869338.294423591
2021-02-11 08:01:04.440,1,0.852185319675397,935.2795299677726,0.0,,1853737.3453780473
2021-02-11 08:01:04.450,1,0.7040639478990897,935.4186626944444,0.0,,1854031.0113104996
2021-02-11 08:01:04.460,1,0.77094832910837,937.3980288505423,0.0,,1858347.4942521977
2021-02-11 08:01:04.470,1,0.6130089208657319,930.6226732666056,0.0,,1843573.4713544373
2021-02-11 08:01:04.480,1,0.8635515782609154,941.0934595041382,0.0,,1866410.6253217473
2021-02-11 08:01:04.490,1,0.7993684793586776,939.6464801252156,0.0,,1863255.0356938925
2021-02-11 08:01:04.500,1,0.8675677540281793,931.9776665695126,0.0,,1846541.4589025304
2021-02-11 08:01:04.510,1,0.7110104444802194,937.3548787578368,0.0,,1858252.0733068788
2021-02-11 08:01:04.520,1,0.8092293992156776,932.8196426605872,0.0,,1848371.2955317467
2021-02-11 08:01:04.530,1,0.7749127188077556,936.5769940295612,0.0,,1856561.4605149862
2021-02-11 08:01:04.540,1,0.7317760533753153,924.680171343368,0.0,,1830636.5555455114
2021-02-11 08:01:04.550,1,0.8682787885474997,929.1694063156842,0.0,,1840421.6812574174
2021-02-11 08:01:04.560,1,0.8286092128840019,934.6702543494172,0.0,,1852403.2489048778
2021-02-11 08:01:04.570,1,0.5996862330448394,925.9206572346012,0.0,,1833332.0494427378
2021-02-11 08:01:04.580,1,0.8194236697630687,940.6800038672828,0.0,,1865512.6093016274
2021-02-11 08:01:04.590,1,0.5873644123556568,926.4187345913192,0.0,,1834414.093174712
2021-02-11 08:01:04.600,1,0.8051463236926136,927.636840623984,0.0,,1837078.423924841
2021-02-11 08:01:04.610,1,0.7641972074010402,922.1696022185376,0.0,,1825170.6976651298
2021-02-11 08:01:04.620,1,0.6010103035251879,923.2396602573376,0.0,,1827492.1352747842
2021-02-11 08:01:04.630,1,0.6128412312449685,923.557617321235,0.0,,1828187.0120544613
2021-02-11 08:01:04.640,1,0.7284766293836838,924.3779401727112,0.0,,1829978.63651633
2021-02-11 08:01:04.650,1,0.8334102314127045,922.1806590838024,0.0,,1825197.7477068575
2021-02-11 08:01:04.660,1,0.6201546744475822,922.1028785623196,0.0,,1825020.7529200355
2021-02-11 08:01:04.670,1,0.7679301129593967,921.4056022986472,0.0,,1823505.3101169893
2021-02-11 08:01:04.680,1,0.5600493122618085,918.9934812591548,0.0,,1818249.0451519035
2021-02-11 08:01:04.690,1,0.6073295736321029,920.0469806701076,0.0,,1820542.7794057317
2021-02-11 08:01:04.700,1,0.7855093858230019,923.5179014689472,0.0,,1828107.116582545
2021-02-11 08:01:04.710,1,0.7425620940782461,918.0666040510314,0.0,,1816238.8339143114
2021-02-11 08:01:04.720,1,0.6417614395262174,922.7876659729714,0.0,,1826510.3714643547
2021-02-11 08:01:04.730,1,0.6016782698149642,913.722962080156,0.0,,1806780.7738277158
2021-02-11 08:01:04.740,1,0.6939978384948943,917.7900246247284,0.0,,1815633.8928679575
2021-02-11 08:01:04.750,1,0.5707386348049068,915.485566818248,0.0,,1810612.876394157
2021-02-11 08:01:04.760,1,0.6656119566450585,919.8827041529704,0.0,,1820188.2497411442
2021-02-11 08:01:04.770,1,0.5559639413135452,918.0531546326084,0.0,,1816199.112442386
2021-02-11 08:01:04.780,1,0.5551987899446229,914.3299160684576,0.0,,1808104.8633794726
2021-02-11 08:01:04.790,1,0.7047686428477781,912.2773456033216,0.0,,1803646.6935389573
2021-02-11 08:01:04.800,1,0.7053691051343959,920.583635721154,0.0,,1821714.1868193746
2021-02-11 08:01:04.810,1,0.595354761060266,917.938607465814,0.0,,1815954.187774945
2021-02-11 08:01:04.820,1,0.5899977727020127,923.9437710007792,0.0,,1829024.9170336819
2021-02-11 08:01:04.830,1,0.6696093199126137,917.9861644701656,0.0,,1816061.29427532
2021-02-11 08:01:04.840,1,0.6906205085247323,915.5892920353092,0.0,,1810848.0635299338
2021-02-11 08:01:04.850,1,0.6622645802317991,910.8075602692252,0.0,,1800447.2152756655
2021-02-11 08:01:04.860,1,0.7085124172735288,912.05568743535,0.0,,1803162.2738899058
2021-02-11 08:01:04.870,1,0.6704081572109991,921.9517541721748,0.0,,1824687.300841026
2021-02-11 08:01:04.880,1,0.5737634149550155,908.2194336579736,0.0,,1794809.2431889465
2021-02-11 08:01:04.890,1,0.7204302281054064,914.2477085040688,0.0,,1807927.1082319345
2021-02-11 08:01:04.900,1,0.7867169571285749,906.9123765379736,0.0,,1791984.5158137581
2021-02-11 08:01:04.910,1,0.7243658120617764,905.0967296780656,0.0,,1788034.9905045042
2021-02-11 08:01:04.920,1,0.5857274349525005,918.3383367860372,0.0,,1816821.0981587202
2021-02-11 08:01:04.930,1,0.5687731881828271,916.150301630834,0.0,,1812060.3919225521
2021-02-11 08:01:04.940,1,0.5801829942381094,923.9033835244034,0.0,,1828935.6685486431
2021-02-11 08:01:04.950,1,0.6979331805014414,915.3328799110564,0.0,,1810286.632551238
2021-02-11 08:01:04.960,1,0.7732616766807133,915.56843223009,0.0,,1810804.6511001606
2021-02-11 08:01:04.970,1,0.8208344584405394,920.961262090482,0.0,,1822539.3481016362
2021-02-11 08:01:04.980,1,0.7790108860485453,918.8203086454404,0.0,,1817881.6674918162
2021-02-11 08:01:04.990,1,0.785832112766664,916.0729649269432,0.0,,1811903.0018590414
2021-02-11 08:01:05.000,0,0.7069061938088458,914.7643493917044,0.0,,1809053.877465838
2021-02-11 08:01:05.010,0,0.7128436147710181,924.7478666111482,0.0,,1830781.8738061083
2021-02-11 08:01:05.020,0,0.8178339220365085,921.1717362163408,0.0,,1823001.3717757994
2021-02-11 08:01:05.030,0,0.6110959059357667,920.0445483164584,0.0,,1820535.0606270898
2021-02-11 08:01:05.040,0,0.8055255284725303,914.0642403340412,0.0,,1807535.2943209878
2021-02-11 08:01:05.050,0,0.5750613112574446,914.0766293120854,0.0,,1807549.53872641
2021-02-11 08:01:05.060,0,0.7126215885111921,911.601669459572,0.0,,1802172.8680827622
2021-02-11 08:01:05.070,0,0.6837750583612769,918.81708691992,0.0,,1817867.8042350705
2021-02-11 08:01:05.080,0,0.6779718260858755,914.4010562317144,0.0,,1808261.8578351845
2021-02-11 08:01:05.090,0,0.8019421639529398,920.9230097842708,0.0,,1822462.780647268
2021-02-11 08:01:05.100,0,0.571901928472576,903.6983378651606,0.0,,1784987.0212466957
2021-02-11 08:01:05.110,0,0.6944728035433387,885.0315299459804,0.0,,1744477.7058808699
2021-02-11 08:01:05.120,0,0.5541199650622645,862.85922077715,0.0,,1696461.1585690824
2021-02-11 08:01:05.130,0,0.6372006857360242,834.7286679837752,0.0,,1635729.4366596022
2021-02-11 08:01:05.140,0,0.576263400043447,796.0970293667731,0.0,,1552647.332103707
2021-02-11 08:01:05.150,0,0.5958001133355597,755.9144860139102,0.0,,1466666.6327599708
2021-02-11 08:01:05.160,0,0.5988531044951665,722.7232412659282,0.0,,1395988.7142912524
2021-02-11 08:01:05.170,0,0.4638944525415763,679.2007866453746,0.0,,1303795.0253170878
2021-02-11 08:01:05.180,0,0.503611538955251,638.724708096061,0.0,,1218588.9961666646
2021-02-11 08:01:05.190,0,0.4782141247762412,601.6485786418024,0.0,,1141010.8713705156
2021-02-11 08:01:05.200,0,0.3735173103844654,552.1021819576058,0.0,,1038088.0163596586
2021-02-11 08:01:05.210,0,0.4229250310479059,509.6779722176453,0.0,,950692.1463178672
2021-02-11 08:01:05.220,0,0.3657961418022168,466.8432364702812,0.0,,863180.9024453335
2021-02-11 08:01:05.230,0,0.3098886302266025,426.2535901561422,0.0,,780997.0465903387
2021-02-11 08:01:05.240,0,0.335497981491108,388.32390537541465,0.0,,704903.4551574908
2021-02-11 08:01:05.250,0,0.2758575564765387,348.733554526416,0.0,,626268.5208586911
2021-02-11 08:01:05.260,0,0.2739261092995777,314.66687571298274,1.0,,559311.371547805
2021-02-11 08:01:05.270,0,0.214423393823922,279.87479612548725,1.0,,491677.0418384923
2021-02-11 08:01:05.280,0,0.2266577939666075,247.72498229744448,1.0,,429917.725724632
2021-02-11 08:01:05.290,0,0.176822677152321,216.3549418269436,1.0,,370432.42382040696
2021-02-11 08:01:05.300,0,0.1223118169416745,187.526076234574,1.0,,316510.69615976966
2021-02-11 08:01:05.310,0,0.1218125934815711,160.75375416284265,1.0,,267180.27573572047
2021-02-11 08:01:05.320,0,0.1209690167365682,135.68304908023896,1.0,,221724.77071770333
2021-02-11 08:01:05.330,0,0.0693852407637719,111.88509816891634,2.0,,179339.1679417341
2021-02-11 08:01:05.340,0,0.0851118540176616,91.8422182444835,2.0,,144339.2052856662
2021-02-11 08:01:05.350,0,0.0572613841909499,72.23783183381636,2.0,,110838.00978405632
2021-02-11 08:01:05.360,0,0.0518171388417656,55.67932543144188,2.0,,83236.53740244453
2021-02-11 08:01:05.370,0,0.0270491217233913,40.37391355646406,2.0,,58451.413573148166
2021-02-11 08:01:05.380,0,0.020600023770824,26.43178752264615,2.0,,36683.85513309934
2021-02-11 08:01:05.390,0,0.0192543524732282,14.121273365738944,2.0,,18409.33728496477
2021-02-11 08:01:05.400,0,0.0037384221962201,3.2205752156591174,2.0,,3631.4374073303347
2021-02-11 08:01:05.410,0,-0.0074498118071153,0.0,2.0,,12.368280275244308
2021-02-11 08:01:05.420,0,-0.0093403395370888,0.0,2.0,,9.099299354266885
2021-02-11 08:01:05.430,0,-0.0110056770237774,0.0,2.0,,11.608261890665299
2021-02-11 08:01:05.440,0,-0.0236065986593373,0.0,2.0,,8.03072910981729
2021-02-11 08:01:05.450,0,-0.0188965026528843,0.0,2.0,,13.481358053013002
2021-02-11 08:01:05.460,0,-0.0290841580861159,0.0,2.0,,7.401502765379398
2021-02-11 08:01:05.470,0,-0.0332101295190491,0.0,2.0,,8.11238273211408
2021-02-11 08:01:05.480,0,-0.0292971257618532,0.0,2.0,,8.362076183365643
2021-02-11 08:01:05.490,0,-0.0229627850492236,0.0,2.0,,7.116029756734713
2021-02-11 08:01:05.500,0,-0.0262017813480448,0.0,2.0,,8.219199081681321
2021-02-11 08:01:05.510,0,-0.0327773242650822,0.0,2.0,,13.390130960518123
2021-02-11 08:01:05.520,0,-0.0304776761707487,0.0,2.0,,9.22720883811884
2021-02-11 08:01:05.530,0,-0.0314412193251865,0.0,2.0,,9.352817745497635
2021-02-11 08:01:05.540,0,-0.0267707738031651,0.0,2.0,,12.336731937894236
2021-02-11 08:01:05.550,0,-0.024483086855071,0.0,2.0,,8.621186399369734
2021-02-11 08:01:05.560,0,-0.0189323859105412,0.0,2.0,,8.880171585837344
2021-02-11 08:01:05.570,0,-0.0313424788803095,0.0,2.0,,8.162554680455617
2021-02-11 08:01:05.580,0,-0.028162041889457,0.0,2.0,,10.795951586715724
2021-02-11 08:01:05.590,0,-0.0193878170087059,0.0,2.0,,13.777709266681882
2021-02-11 08:01:05.600,0,-0.0284264631593674,0.0,2.0,,16.164575701327824
2021-02-11 08:01:05.610,0,-0.0210115567044037,0.0,2.0,,8.1234970942238
2021-02-11 08:01:05.620,0,-0.0207839265352015,0.0,2.0,,13.322811732156318
2021-02-11 08:01:05.630,0,-0.0163492262812026,0.0,2.0,,6.074923841895033
2021-02-11 08:01:05.640,0,-0.0150306620226389,0.0,2.0,,8.6939032081907
2021-02-11 08:01:05.650,0,-0.0128883830704004,0.0,2.0,,8.812904552525207
2021-02-11 08:01:05.660,0,-0.0150469369871378,0.0,2.0,,9.865884215208057
2021-02-11 08:01:05.670,0,-0.0134179228487542,0.0,2.0,,9.614108447727173
2021-02-11 08:01:05.680,0,-0.0163695019561133,0.0,2.0,,8.689128510767931
2021-02-11 08:01:05.690,0,-0.0067381099798712,0.0,2.0,,9.508882078604948
2021-02-11 08:01:05.700,0,-0.0080136066752881,0.0,2.0,,10.166220579416342
2021-02-11 08:01:05.710,0,-0.0081530566418774,0.0,2.0,,12.200367799382905
2021-02-11 08:01:05.720,0,-0.0082165771318651,0.0,2.0,,8.939379930597209
2021-02-11 08:01:05.730,0,-0.008141960398414,0.0,2.0,,10.543827123174063
2021-02-11 08:01:05.740,0,-0.0030992995179272,0.0,2.0,,10.244277683819043
2021-02-11 08:01:05.750,0,-0.004606301398127,0.0,2.0,,11.377507502006724
2021-02-11 08:01:05.760,0,-0.0066268630558041,0.0,2.0,,10.759013703771913
2021-02-11 08:01:05.770,0,-0.0070095783316391,0.0,2.0,,5.102917830501584
2021-02-11 08:01:05.780,0,-0.001564889763722,0.0,2.0,,7.87773807801014
2021-02-11 08:01:05.790,0,-0.0029877946594091,0.0,2.0,,8.616231177839108
2021-02-11 08:01:05.800,0,-0.0030701132424653,0.0,2.0,,11.856714522983834
2021-02-11 08:01:05.810,0,0.0017690780882029,0.0,2.0,,9.297144738696181
2021-02-11 08:01:05.820,0,-0.0070591545041217,0.0,2.0,,14.329310668951825
2021-02-11 08:01:05.830,0,0.0001995680956824,0.0,2.0,,11.048884922139312
2021-02-11 08:01:05.840,0,-0.0038050680793811,0.1642919697256116,2.0,,147.26240335911854
2021-02-11 08:01:05.850,0,-0.0005335707342684,0.5538244965353649,2.0,,532.420499796366
2021-02-11 08:01:05.860,0,-0.0006144328048534,0.8867195050225459,2.0,,887.7439559432553
2021-02-11 08:01:05.870,0,0.0040924349894902,1.1543909643217056,2.0,,1179.7829339663115
2021-02-11 08:01:05.880,0,0.0044965512706628,1.3920281214362824,2.0,,1448.0564427447507
2021-02-11 08:01:05.890,0,-0.0013907391573152,1.5663370442850046,2.0,,1646.104132418586
2021-02-11 08:01:05.900,0,0.0013315042266354,1.712167175208939,2.0,,1815.395912803055
2021-02-11 08:01:05.910,0,0.0016272707950801,1.8346785498266465,2.0,,1960.0372009268228
2021-02-11 08:01:05.920,0,6.007916543636988e-05,1.9046926095341108,2.0,,2040.3237447415354
2021-02-11 08:01:05.930,0,0.0059923521918628,1.945919104037452,2.0,,2087.60607799191
2021-02-11 08:01:05.940,0,0.0044723691097098,1.9830812505214352,2.0,,2134.309764333253
2021-02-11 08:01:05.950,0,0.0001680601959629,1.9788836985961733,2.0,,2126.9862992085395
2021-02-11 08:01:05.960,0,-0.0047979496372402,1.9404724746753967,2.0,,2088.932718133399
2021-02-11 08:01:05.970,0,0.0015468381340887,1.9321700286785304,2.0,,2073.2160022698095
2021-02-11 08:01:05.980,0,-0.001690743533216,1.8771525657866088,2.0,,2009.759295623522
2021-02-11 08:01:05.990,0,0.0010701412640069,1.804650579525629,2.0,,1924.4584158228165
2021-02-11 08:01:06.000,0,0.0038032234439624,1.7422888126454557,2.0,,1852.407569990247
2021-02-11 08:01:06.010,0,0.0025730450168216,1.6539873126835134,2.0,,1750.1692264048497
2021-02-11 08:01:06.020,0,0.0017385924309402,1.5851654604042806,2.0,,1670.2761199765096
2021-02-11 08:01:06.030,0,0.002103393749397,1.4910778605123758,2.0,,1560.0697707346576
2021-02-11 08:01:06.040,0,0.0006247659863841,1.4038727448462271,2.0,,1461.712476796781
2021-02-11 08:01:06.050,0,-0.0012483285451285,1.3077533853332493,2.0,,1349.938135950114
2021-02-11 08:01:06.060,0,-0.0002183094193172,1.2151821089140311,2.0,,1247.996560779928
2021-02-11 08:01:06.070,0,0.0002441808443826,1.1226587421678509,2.0,,1145.928891076495
2021-02-11 08:01:06.080,0,0.0021322789703594,1.0359988776672602,2.0,,1052.7725563331767
2021-02-11 08:01:06.090,0,0.0025828419011065,0.9346666456745292,2.0,,935.8336048217512
2021-02-11 08:01:06.100,0,0.004264065414977,0.8640610064366631,2.0,,858.835976602167
2021-02-11 08:01:06.110,0,0.0001821381355034,0.7781476319435683,2.0,,770.5984369227865
2021-02-11 08:01:06.120,0,0.0038439888148333,0.7001410460148247,2.0,,686.942648028585
2021-02-11 08:01:06.130,0,0.0002330613600915,0.6258192620359447,2.0,,608.7646113704421
2021-02-11 08:01:06.140,0,-0.0029695289078142,0.5551296613341326,2.0,,534.0494042900782
2021-02-11 08:01:06.150,0,-0.0046733613836902,0.4859471980885562,2.0,,462.7099101867752
2021-02-11 08:01:06.160,0,0.0035232678604846,0.4221608733694362,2.0,,396.63733328620344
2021-02-11 08:01:06.170,0,-0.0041552382303896,0.3624557706593098,2.0,,337.9151346155341
2021-02-11 08:01:06.180,0,-0.0012330471156284,0.3100051958257274,2.0,,285.76046222488833
2021-02-11 08:01:06.190,0,0.0027956874424485,0.2578976561665468,2.0,,235.7315483295933
2021-02-11 08:01:06.200,0,0.0014921974179129,0.2133748625585199,2.0,,193.22560826241332
2021-02-11 08:01:06.210,0,0.0008802446767636,0.1731068004467949,2.0,,155.39753791149252
2021-02-11 08:01:06.220,0,-0.001427813749681,0.1342615667237124,2.0,,121.20269673011208
2021-02-11 08:01:06.230,0,0.0031002931658893,0.1006923027552878,2.0,,90.45171648715505
2021-02-11 08:01:06.240,0,-0.0020667419920153,0.070238035978435,2.0,,64.34336837324722
2021-02-11 08:01:06.250,0,0.0022149066523178,0.0434988596761563,2.0,,42.71614018482495
2021-02-11 08:01:06.260,0,0.0020664616133804,0.0192088940398413,2.0,,23.784107046380235
2021-02-11 08:01:06.270,0,-0.0002206361697232,0.0,2.0,,8.960865981025472
2021-02-11 08:01:06.280,0,0.0019792043355693,0.0,2.0,,9.020067105240038
2021-02-11 08:01:06.290,0,-0.0007513055969714,0.0,2.0,,9.478676290197436
2021-02-11 08:01:06.300,0,-0.0005358815790504,0.0,2.0,,8.082958057916692
2021-02-11 08:01:06.310,0,0.0024920598486543,0.0,2.0,,12.420732884414983
2021-02-11 08:01:06.320,0,-0.0018745191954558,0.0,2.0,,8.427700571823747
2021-02-11 08:01:06.330,0,-0.0052496209164154,0.0,2.0,,5.7748000466961456
2021-02-11 08:01:06.340,0,0.0003167871878918,0.0,2.0,,9.176603734340505
2021-02-11 08:01:06.350,0,-0.0082868183717711,0.0,2.0,,8.48965545998235
2021-02-11 08:01:06.360,0,0.0056941347622432,0.0,2.0,,10.44159844094424
2021-02-11 08:01:06.370,0,-0.0019003986191687,0.0,2.0,,11.341046505347855
2021-02-11 08:01:06.380,0,0.0002908078316346,0.0,2.0,,12.124721562594477
2021-02-11 08:01:06.390,0,-0.0001955589531443,0.0,2.0,,11.048128300656334
2021-02-11 08:01:06.400,0,-0.0021298580613719,0.0,2.0,,9.524679268099202
2021-02-11 08:01:06.410,0,-0.004581747871799,0.0,2.0,,8.453383172681544
2021-02-11 08:01:06.420,0,-0.0016763194585793,0.0,2.0,,11.71928882106514
2021-02-11 08:01:06.430,0,0.0001033845522822,0.0,2.0,,12.897538121272584
2021-02-11 08:01:06.440,0,-0.0015705346899541,0.0,2.0,,10.904851481418993
2021-02-11 08:01:06.450,0,0.0044011871550216,0.0,2.0,,12.225011011859642
2021-02-11 08:01:06.460,0,0.0036577820105875,0.0,2.0,,9.500157871358612
2021-02-11 08:01:06.470,0,0.0043950471682496,0.0,2.0,,8.879025574610026
2021-02-11 08:01:06.480,0,-0.0021932127923511,0.0,2.0,,8.545837401963336
2021-02-11 08:01:06.490,0,-0.0005489450771971,0.0,2.0,,10.189312667539859
2021-02-11 08:01:06.500,0,0.0028627042749525,0.0,2.0,,9.64788375213182
2021-02-11 08:01:06.510,0,0.0007590982348719,0.0,2.0,,10.74238046685841
2021-02-11 08:01:06.520,0,-0.0023584606233906,0.0,2.0,,11.530495889519264
2021-02-11 08:01:06.530,0,-0.0015686594262247,0.0,2.0,,9.40476098587246
2021-02-11 08:01:06.540,0,0.0013851177541468,0.0,2.0,,8.718517646131719
2021-02-11 08:01:06.550,0,0.0020298745966947,0.0,2.0,,11.758087789810004
2021-02-11 08:01:06.560,0,-0.0062444817384482,0.0,2.0,,12.395539165169648
2021-02-11 08:01:06.570,0,0.0009006895486483,0.0,2.0,,7.879478693480713
2021-02-11 08:01:06.580,0,0.0029175416379291,0.0,2.0,,11.278316897006436
2021-02-11 08:01:06.590,0,0.0028930197063607,0.0,2.0,,8.52547808992566
2021-02-11 08:01:06.600,0,0.0004863067923425,0.0,2.0,,14.082480347202711
2021-02-11 08:01:06.610,0,-0.0029539328357365,0.0,2.0,,11.754851358689912
2021-02-11 08:01:06.620,0,0.003048596874712,0.0,2.0,,9.921654579664404
2021-02-11 08:01:06.630,0,-0.0015976439326108,0.0,2.0,,10.077686208631114
2021-02-11 08:01:06.640,0,-0.0031597765531633,0.0,2.0,,10.592970209148802
2021-02-11 08:01:06.650,0,0.0049603398861481,0.0,2.0,,10.198385373764694
2021-02-11 08:01:06.660,0,-0.001381408995552,0.0,2.0,,8.790172730949546
2021-02-11 08:01:06.670,0,0.0024022288312116,0.0,2.0,,11.453136096669688
2021-02-11 08:01:06.680,0,-0.0004451432968073,0.0,2.0,,11.424206101429705
2021-02-11 08:01:06.690,0,0.0015097615915793,0.0,2.0,,11.631066610611084
2021-02-11 08:01:06.700,0,-0.0007648697001676,0.0,2.0,,9.831108372217232
2021-02-11 08:01:06.710,0,0.0025270955877621,0.0007202551965035,2.0,,13.069300157852865
2021-02-11 08:01:06.720,0,-0.002798223429449,0.0014826824294424,2.0,,11.89109774598811
2021-02-11 08:01:06.730,0,0.0017350263459703,0.002136801937593,2.0,,9.779589972148434
2021-02-11 08:01:06.740,0,0.0006382111667833,0.0027040496756808,2.0,,14.475204680726911
2021-02-11 08:01:06.750,0,0.0016071928479427,0.0031244083916304,2.0,,10.336047476279397
2021-02-11 08:01:06.760,0,0.0010188938085387,0.0035162388038524,2.0,,12.41078389658605
2021-02-11 08:01:06.770,0,-0.0023699470527324,0.0038104639983342,2.0,,14.65448323713909
2021-02-11 08:01:06.780,0,-0.0029917750289852,0.0039963957385351,2.0,,13.948679547719228
2021-02-11 08:01:06.790,0,0.0005944880964079,0.0041351252553523,2.0,,16.163215471682406
2021-02-11 08:01:06.800,0,-0.0056771235614753,0.0042372142531688,2.0,,10.222313945173672
2021-02-11 08:01:06.810,0,0.0011737473521163,0.0042690093550413,2.0,,12.117706804096523
2021-02-11 08:01:06.820,0,-0.0004145054765655,0.0042331235961517,2.0,,14.000642605663698
2021-02-11 08:01:06.830,0,-0.0006570046383689,0.0041943909337543,2.0,,10.115557092700195
2021-02-11 08:01:06.840,0,-0.0009721139078491,0.0041060432239925,2.0,,10.718953389786193
2021-02-11 08:01:06.850,0,-0.0035861220072657,0.0039705806998841,2.0,,10.80774116293967
2021-02-11 08:01:06.860,0,0.0020970754849127,0.0038589183451518,2.0,,12.373206702554059
2021-02-11 08:01:06.870,0,0.0019600005444266,0.0036520181189467,2.0,,16.192216743181916
2021-02-11 08:01:06.880,0,0.0060336742351779,0.0035388411659309,2.0,,12.218372864823237
2021-02-11 08:01:06.890,0,0.0025589323380746,0.0033400675068557,2.0,,11.799850119955275
2021-02-11 08:01:06.900,0,-0.0001418858105011,0.0031717675527931,2.0,,13.563169207450088
2021-02-11 08:01:06.910,0,0.0051753202121007,0.0029616419508885,2.0,,13.509186401251162
2021-02-11 08:01:06.920,0,0.0050109598739694,0.0027664606398637,2.0,,10.539719569630734
2021-02-11 08:01:06.930,0,0.0067102252277713,0.0025683621980052,2.0,,15.078621861109879
2021-02-11 08:01:06.940,0,-0.0015336716038875,0.0023743238661471,2.0,,8.939297054062557
2021-02-11 08:01:06.950,0,-0.0038472124725434,0.0021917795394309,2.0,,11.678236640096396
2021-02-11 08:01:06.960,0,-0.0026941776059978,0.0019860082285588,2.0,,9.13216733379473
2021-02-11 08:01:06.970,0,-0.0002666210890901,0.0018069765771381,2.0,,13.993424878837251
2021-02-11 08:01:06.980,0,-0.003812227618144,0.0016174392208378,2.0,,8.952238672156717
2021-02-11 08:01:06.990,0,0.0026587100789982,0.001458088476042,2.0,,9.838114716855143
2021-02-11 08:01:07.000,0,0.001469602431711,0.0012995204972742,2.0,,11.970593802685814
2021-02-11 08:01:07.010,0,0.0028534361811542,0.0011518613481293,2.0,,15.592984009661095
2021-02-11 08:01:07.020,0,0.0012265196698305,0.0010042307687226,2.0,,11.178672998376635
2021-02-11 08:01:07.030,0,4.632058861268208e-05,0.0008690462870943,2.0,,8.250653484588867
2021-02-11 08:01:07.040,0,0.0062008881099131,0.0007477816881068,2.0,,11.081013766601483
2021-02-11 08:01:07.050,0,0.0010225109118846,0.000629276003202,2.0,,9.333282692371428
2021-02-11 08:01:07.060,0,-0.0028661830849488,0.0005303743483183,2.0,,9.63277981858797
2021-02-11 08:01:07.070,0,-0.0004623991906428,0.000430366831715,2.0,,6.822793861068007
2021-02-11 08:01:07.080,0,0.0009916805383881,0.00034178024156,2.0,,10.012940121010908
2021-02-11 08:01:07.090,0,-0.0032941709835909,0.0002628431345295,2.0,,10.953721367463887
2021-02-11 08:01:07.100,0,0.0026834216590378,0.0001908966273764,2.0,,6.3997491231545505
2021-02-11 08:01:07.110,0,-0.0003370182545614,0.0001280247685866,2.0,,9.38720353000307
2021-02-11 08:01:07.120,0,0.0017570676908062,7.091798867540387e-05,2.0,,11.23472193179184
2021-02-11 08:01:07.130,0,-0.0023469136189795,2.126164114882206e-05,2.0,,8.702736722913388
2021-02-11 08:01:07.140,0,0.0043883134104752,0.0,2.0,,9.218612716320292
2021-02-11 08:01:07.150,0,0.0031500355698347,0.0,2.0,,8.907625002598936
2021-02-11 08:01:07.160,0,0.0040321302088371,0.0,2.0,,11.314254031530522
2021-02-11 08:01:07.170,0,-0.003333206114786,0.0,2.0,,13.402904693770484
2021-02-11 08:01:07.180,0,-0.0016568099002487,0.0,2.0,,7.081834422879107
2021-02-11 08:01:07.190,0,-0.0002483981573212,0.0,2.0,,7.094403872227801
2021-02-11 08:01:07.200,0,0.0029093890195244,0.0,2.0,,9.409406051597669
2021-02-11 08:01:07.210,0,-0.0001650051346204,0.0,2.0,,8.164115651652798
2021-02-11 08:01:07.220,0,-0.0002724454984339,0.0,2.0,,7.2886366146487385
2021-02-11 08:01:07.230,0,-0.0014728552598705,0.0,2.0,,9.505810310148998
2021-02-11 08:01:07.240,0,-0.0024958944917073,0.0,1.0,,8.827541297033257
2021-02-11 08:01:07.250,0,-0.0023069259622754,0.0,1.0,,5.150526060801028
2021-02-11 08:01:07.260,0,-0.0014196046666139,0.0,1.0,,10.84825189803522
2021-02-11 08:01:07.270,0,0.0024976357091441,0.0,1.0,,10.733535068554636
2021-02-11 08:01:07.280,0,0.0030530194235355,0.0,1.0,,10.375417720696962
2021-02-11 08:01:07.290,0,0.0002613404379172,0.0,1.0,,11.996138758333487
2021-02-11 08:01:07.300,0,-0.0071512175066189,0.0,1.0,,9.574388782633637
2021-02-11 08:01:07.310,0,-0.0025763975360322,0.0,1.0,,9.63307620682029
2021-02-11 08:01:07.320,0,0.0028714950581055,0.0,1.0,,8.856756470819786
2021-02-11 08:01:07.330,0,0.002711323461196,0.0,1.0,,11.651992441402257
2021-02-11 08:01:07.340,0,0.0004697702047195,0.0,1.0,,6.320788099756796
2021-02-11 08:01:07.350,0,-0.0002222883098885,0.0,1.0,,12.219520742208214
2021-02-11 08:01:07.360,0,0.0037512597815903,0.0,1.0,,10.786494271913597
2021-02-11 08:01:07.370,0,-0.0023966722012075,0.0,1.0,,8.738742868197793
2021-02-11 08:01:07.380,0,0.0003503938865875,0.0,1.0,,10.395376592071718
2021-02-11 08:01:07.390,0,0.0018023252605478,0.0,1.0,,12.22843792547704
2021-02-11 08:01:07.400,0,0.0034048719285858,0.0,1.0,,9.500249556103554
2021-02-11 08:01:07.410,0,-0.0096792346491397,0.0,1.0,,8.488025440552445
2021-02-11 08:01:07.420,0,0.0018634215261067,0.0,1.0,,8.65342588828094
2021-02-11 08:01:07.430,0,-0.0039271147952892,0.0,1.0,,10.161846157865297
2021-02-11 08:01:07.440,0,-0.0004021601694632,0.0,1.0,,9.638448831236769
2021-02-11 08:01:07.450,0,-0.0010395696204958,0.0,1.0,,11.246156518590812
2021-02-11 08:01:07.460,0,-0.0001664704870236,0.0,1.0,,11.661300564261975
2021-02-11 08:01:07.470,0,-0.0055890510763599,0.0,1.0,,10.933027320262735
2021-02-11 08:01:07.480,0,0.0006016128851606,0.0,1.0,,7.3975275019631725
2021-02-11 08:01:07.490,0,-0.004555533399828,0.0,1.0,,9.349838345201423
2021-02-11 08:01:07.500,0,-0.0034465062002801,0.0,1.0,,11.887318346935873
2021-02-11 08:01:07.510,0,-0.0002965075946631,0.0,1.0,,13.633042150677603
2021-02-11 08:01:07.520,0,-0.0008239125921195,0.0,1.0,,9.680242162398365
2021-02-11 08:01:07.530,0,0.001171734737283,0.0,1.0,,11.630574595594382
2021-02-11 08:01:07.540,0,-0.0004821304543731,0.0,1.0,,11.31908623420011
2021-02-11 08:01:07.550,0,-0.0003131108707905,0.0,1.0,,5.947570398920573
2021-02-11 08:01:07.560,0,0.0013949075196163,0.0,1.0,,13.298870619813625
2021-02-11 08:01:07.570,0,-0.0063703289900663,3.807455300486496e-07,1.0,,8.819858513390841
2021-02-11 08:01:07.580,0,-0.0066991737635253,2.1761221283399897e-06,1.0,,8.321951294705332
2021-02-11 08:01:07.590,0,-0.0057511677208378,3.693552622895994e-06,1.0,,5.902122897655432
2021-02-11 08:01:07.600,0,0.0012230213842462,5.025547769834758e-06,1.0,,11.272101540355468
2021-02-11 08:01:07.610,0,0.0005405563462296,6.033575563061576e-06,1.0,,14.024837542064125
2021-02-11 08:01:07.620,0,-0.0051012057170896,6.936100143559424e-06,1.0,,8.659627988746958
2021-02-11 08:01:07.630,0,0.0002901130952218,7.685909354398704e-06,1.0,,9.560791528585638
2021-02-11 08:01:07.640,0,-0.001293342489766,8.210353562390781e-06,1.0,,6.482557863402981
2021-02-11 08:01:07.650,0,0.0046579066807803,8.608716299466518e-06,1.0,,10.68737683266924
2021-02-11 08:01:07.660,0,-0.0095006049853283,8.766679570696511e-06,1.0,,9.820762861514764
2021-02-11 08:01:07.670,0,0.0030045338710798,9.025642340236012e-06,1.0,,11.313305647296787
2021-02-11 08:01:07.680,0,-0.0033109510408734,9.0366639519226e-06,1.0,,7.418278024263458
2021-02-11 08:01:07.690,0,-0.0031922844036658,8.847867273789877e-06,1.0,,14.278958587717256
2021-02-11 08:01:07.700,0,0.0042226658091487,8.815738573128847e-06,1.0,,11.52688050526809
2021-02-11 08:01:07.710,0,0.0036734532846839,8.497454657956249e-06,1.0,,11.332768205509453
2021-02-11 08:01:07.720,0,-0.0033746052078171,8.27428531857704e-06,1.0,,9.880668174604565
2021-02-11 08:01:07.730,0,0.0015429451163254,7.986733916363488e-06,1.0,,13.222195577074519
2021-02-11 08:01:07.740,0,-0.0043786555832439,7.64136960408647e-06,1.0,,5.79878453619711
2021-02-11 08:01:07.750,0,0.0032358082394919,7.314669083473964e-06,1.0,,11.453590720912391
2021-02-11 08:01:07.760,0,0.0040313310724811,6.834067580991686e-06,1.0,,10.15628487476853
2021-02-11 08:01:07.770,0,0.0048441425183257,6.466760389367096e-06,1.0,,8.63771413125504
2021-02-11 08:01:07.780,0,0.0033831874974946,6.035531905763659e-06,1.0,,17.2079498904021
2021-02-11 08:01:07.790,0,-0.0020096758695291,5.7006134921996265e-06,1.0,,10.824439287766925
2021-02-11 08:01:07.800,0,0.0018669633896,5.277594157210456e-06,1.0,,10.034665904847488
2021-02-11 08:01:07.810,0,-0.0079831592400382,4.818487299753589e-06,1.0,,7.864830239505215
2021-02-11 08:01:07.820,0,-0.0033781784471987,4.4018520371902425e-06,1.0,,7.298162693664823
2021-02-11 08:01:07.830,0,0.0026389372646022,4.048353124327871e-06,1.0,,11.484338728366737
2021-02-11 08:01:07.840,0,-0.0039303894473282,3.655516813265708e-06,1.0,,11.144807450050513
2021-02-11 08:01:07.850,0,-0.0084152452029143,3.300052546161225e-06,1.0,,9.478225215092692
2021-02-11 08:01:07.860,0,0.0040734083108141,2.9678833449359643e-06,1.0,,11.065987925454616
2021-02-11 08:01:07.870,0,0.0036387405182411,2.6056480288214647e-06,1.0,,8.726451323888972
2021-02-11 08:01:07.880,0,-0.0039304302808196,2.31943404859254e-06,1.0,,7.698248914638814
2021-02-11 08:01:07.890,0,-0.0039299651303522,2.019641935623267e-06,1.0,,11.905968046501554
2021-02-11 08:01:07.900,0,-0.0060649094661759,1.7359328258015315e-06,1.0,,9.70300897718888
2021-02-11 08:01:07.910,0,0.0012242590089265,1.49314930097214e-06,1.0,,12.253122092924592
2021-02-11 08:01:07.920,0,-0.0072244077491956,1.2608611246974824e-06,1.0,,11.191514640478406
2021-02-11 08:01:07.930,0,-0.0031953926499958,1.0564147080042618e-06,1.0,,9.781861993127032
2021-02-11 08:01:07.940,0,-0.0072174323511916,8.451814024699185e-07,1.0,,9.63763714393757
2021-02-11 08:01:07.950,0,0.0025374475798797,6.749904357790409e-07,1.0,,9.720659398848719
2021-02-11 08:01:07.960,0,-3.431036444676404e-05,5.145476124749455e-07,1.0,,5.682962665820528
2021-02-11 08:01:07.970,0,0.0071747683037738,3.6384518718605844e-07,1.0,,8.40192432641855
2021-02-11 08:01:07.980,0,0.00022294278914,2.362482835335441e-07,1.0,,10.715228109587724
2021-02-11 08:01:07.990,0,0.0025834794367326,1.2062501554411346e-07,1.0,,11.568900424742907
2021-02-11 08:01:08.000,0,0.0004313879082104,2.0172946442498367e-08,1.0,,12.375449692700487
2021-02-11 08:01:08.010,0,-0.0009988877240326,0.0,1.0,,11.050209286239994
2021-02-11 08:01:08.020,0,0.0035307154414092,0.0,1.0,,6.310551120555038
2021-02-11 08:01:08.030,0,-0.0027692338479899,0.0,1.0,,13.4350863342137
2021-02-11 08:01:08.040,0,-0.0019112078452876,0.0,1.0,,11.649763962950464
2021-02-11 08:01:08.050,0,0.0029621743947651,0.0,1.0,,8.979724966620212
2021-02-11 08:01:08.060,0,0.0067068263600077,0.0,1.0,,11.036082709484102
2021-02-11 08:01:08.070,0,-0.0042672770290572,0.0,1.0,,12.67899137321183
2021-02-11 08:01:08.080,0,-0.0029397033649886,0.0,1.0,,11.69537817054145
2021-02-11 08:01:08.090,0,-0.003547490461347,0.0,1.0,,10.987160482836472
2021-02-11 08:01:08.100,0,0.0003486912123191,0.0,1.0,,9.485507188582604
2021-02-11 08:01:08.110,0,0.0001695106001251,0.0,1.0,,6.458646045374809
2021-02-11 08:01:08.120,0,-0.0014391644044517,0.0,1.0,,8.030932022037693
2021-02-11 08:01:08.130,0,-0.0046264988371871,0.0,1.0,,5.559883869000716
2021-02-11 08:01:08.140,0,-0.002885806938189,0.0,1.0,,12.055158524019692
2021-02-11 08:01:08.150,0,-0.0005518037929793,0.0,1.0,,7.766367990099576
2021-02-11 08:01:08.160,0,0.0012161925078898,0.0,1.0,,7.8196002831536155
2021-02-11 08:01:08.170,0,-0.0012294454239144,0.0,1.0,,8.687557796395495
2021-02-11 08:01:08.180,0,0.0025968234629147,0.0,1.0,,9.555429772892559
2021-02-11 08:01:08.190,0,0.0016751429597066,0.0,1.0,,10.43860741838524
2021-02-11 08:01:08.200,0,-0.0006386028551784,0.0,1.0,,8.965301130037549
2021-02-11 08:01:08.210,0,-0.0038894741803317,0.0,1.0,,9.690278946889293
2021-02-11 08:01:08.220,0,-0.0003176573175272,0.0,1.0,,8.793859569669486
2021-02-11 08:01:08.230,0,-0.0002904695987755,0.0,1.0,,8.265937082689131
2021-02-11 08:01:08.240,0,0.0033792713027861,0.0,1.0,,10.865281097842713
2021-02-11 08:01:08.250,0,-0.0029264922996654,0.0,1.0,,11.374650026543758
2021-02-11 08:01:08.260,0,-0.0041909318258049,0.0,1.0,,9.556741348694807
2021-02-11 08:01:08.270,0,-0.0017736378595087,0.0,1.0,,12.819316374232164
2021-02-11 08:01:08.280,0,-0.0010618958060892,0.0,1.0,,8.976612284967928
2021-02-11 08:01:08.290,0,0.0014985817890411,0.0,1.0,,11.014701731695986
2021-02-11 08:01:08.300,0,-9.648480141077365e-05,0.0,1.0,,10.442918939150376
2021-02-11 08:01:08.310,0,-0.0008618262487356,0.0,1.0,,10.169119513266239
2021-02-11 08:01:08.320,0,-0.0029684089924218,0.0,1.0,,11.164990373032627
2021-02-11 08:01:08.330,0,0.0035926419364981,0.0,1.0,,10.387559452847473
2021-02-11 08:01:08.340,0,0.0029559303073162,0.0,1.0,,8.761092018955951
2021-02-11 08:01:08.350,0,0.000131344625234,0.0,1.0,,10.538576949313889
2021-02-11 08:01:08.360,0,0.0006494156333694,0.0,1.0,,10.627378762476546
2021-02-11 08:01:08.370,0,-0.0008992757423858,0.0,1.0,,10.77670296615013
2021-02-11 08:01:08.380,0,-0.0007849922169524,0.0,1.0,,11.444472954147274
2021-02-11 08:01:08.390,0,-0.0018696293517794,0.0,1.0,,10.53202947275891
2021-02-11 08:01:08.400,0,0.0004516525621062,0.0,1.0,,12.270190378547593
2021-02-11 08:01:08.410,0,-0.0001744755365257,0.0,1.0,,10.824118911314564
2021-02-11 08:01:08.420,0,-0.0022332612120572,0.0,1.0,,10.666235362240837
2021-02-11 08:01:08.430,0,0.0047247483364706,0.0,1.0,,7.251463017121085
2021-02-11 08:01:08.440,0,-0.0056334801585522,2.0066322311614608e-09,1.0,,7.950372092096622
2021-02-11 08:01:08.450,0,0.0020578829120424,5.6273110003362104e-09,1.0,,11.933139911884359
2021-02-11 08:01:08.460,0,-0.0006639369240785,8.695382194107503e-09,1.0,,8.099176463526334
2021-02-11 08:01:08.470,0,-0.003994201997753,1.131735709880286e-08,1.0,,11.20875420596174
2021-02-11 08:01:08.480,0,-0.0018493592263936,1.353375632611056e-08,1.0,,8.715618038343113
2021-02-11 08:01:08.490,0,-0.0027199691444388,1.5225901892778694e-08,1.0,,8.202946884663922
2021-02-11 08:01:08.500,0,0.0050006601098013,1.648763415277169e-08,1.0,,8.111955387932781
2021-02-11 08:01:08.510,0,0.0005683430757251,1.7360113557952276e-08,1.0,,10.342229932264107
2021-02-11 08:01:08.520,0,-0.0024531406625445,1.8233572375857065e-08,1.0,,12.241067547280151
2021-02-11 08:01:08.530,0,0.0007055680698663,1.8608907018884452e-08,1.0,,11.587880893841302
2021-02-11 08:01:08.540,0,0.0004283024346571,1.8920581902030413e-08,1.0,,4.82302115838242
2021-02-11 08:01:08.550,0,-0.0021788369312338,1.882565481264989e-08,1.0,,10.772348705338784
2021-02-11 08:01:08.560,0,0.0009101795599055,1.862444945385472e-08,1.0,,9.394485420141372
2021-02-11 08:01:08.570,0,-0.0013300511490504,1.836916934374408e-08,1.0,,8.357408552441333
2021-02-11 08:01:08.580,0,0.0041152697671548,1.7863473161611988e-08,1.0,,10.508210528675585
2021-02-11 08:01:08.590,0,-0.0051705565512483,1.7309681936860604e-08,1.0,,11.43999943548252
2021-02-11 08:01:08.600,0,0.0040799570955113,1.6684000260816432e-08,1.0,,11.676878130357558
2021-02-11 08:01:08.610,0,-0.0012416538575107,1.5883099010541387e-08,1.0,,8.877448214651228
2021-02-11 08:01:08.620,0,-7.244261975504143e-05,1.5031743814596233e-08,1.0,,11.74227053866358
2021-02-11 08:01:08.630,0,-0.0020458026649936,1.4252797205107048e-08,1.0,,7.698978218935563
2021-02-11 08:01:08.640,0,-0.0024926365389916,1.3430632723418158e-08,1.0,,10.769759699467581
2021-02-11 08:01:08.650,0,-0.0003041554643415,1.2606922943218257e-08,1.0,,9.291133616208786
2021-02-11 08:01:08.660,0,0.002213513616721,1.1610790385201467e-08,1.0,,8.776739768729758
2021-02-11 08:01:08.670,0,0.0016103364581071,1.0754107170760477e-08,1.0,,8.500329973139824
2021-02-11 08:01:08.680,0,-0.0046866334548558,9.883858858126824e-09,1.0,,10.242516819886896
2021-02-11 08:01:08.690,0,-0.000554459167089,9.055507016100153e-09,1.0,,13.471097551643691
2021-02-11 08:01:08.700,0,0.0012960733086111,8.235729919093772e-09,1.0,,9.719738613667134
2021-02-11 08:01:08.710,0,-0.0029575528495675,7.471850136651874e-09,1.0,,13.134683528175767
2021-02-11 08:01:08.720,0,-0.0023259118207742,6.677039010873135e-09,1.0,,5.357708868212195
2021-02-11 08:01:08.730,0,-0.0010602409448734,6.0342699534668915e-09,1.0,,10.908534523270616
2021-02-11 08:01:08.740,0,0.0009762893330426,5.332345746232134e-09,1.0,,6.997985436670772
2021-02-11 08:01:08.750,0,0.0002942830812381,4.673599431240768e-09,1.0,,8.633068387387716
2021-02-11 08:01:08.760,0,0.0021471369278448,4.072860135635339e-09,1.0,,8.210211924127293
2021-02-11 08:01:08.770,0,-0.0063658664163902,3.535733438429549e-09,1.0,,9.853581418115539
2021-02-11 08:01:08.780,0,-0.0029006560549997,2.967858409666944e-09,1.0,,11.14279521441636
2021-02-11 08:01:08.790,0,-0.0021838370550298,2.467856811576973e-09,1.0,,10.629087438338553
2021-02-11 08:01:08.800,0,0.0039242575623779,2.050319815365468e-09,1.0,,11.401045468313887
2021-02-11 08:01:08.810,0,0.0042905667332143,1.649240708788664e-09,1.0,,10.931178267043101
2021-02-11 08:01:08.820,0,0.0013237418339337,1.2778915899363504e-09,1.0,,9.655335408197447
2021-02-11 08:01:08.830,0,-0.0036426199924518,9.45808269223807e-10,1.0,,13.130068585590305
2021-02-11 08:01:08.840,0,0.0068000456069207,6.561012010210306e-10,1.0,,11.380733648769343
2021-02-11 08:01:08.850,0,0.0047690223525888,3.9590133022891575e-10,1.0,,13.090540666072446
2021-02-11 08:01:08.860,0,-0.0016070876006276,1.6229964883719294e-10,1.0,,12.21211744541991
2021-02-11 08:01:08.870,0,-0.0028497905157913,0.0,1.0,,4.16750758033587
2021-02-11 08:01:08.880,0,-0.001560734971151,0.0,1.0,,10.772311260768245
2021-02-11 08:01:08.890,0,0.000873104912586,0.0,1.0,,10.052496232429377
2021-02-11 08:01:08.900,0,0.002272777851042,0.0,1.0,,11.660414050380533
2021-02-11 08:01:08.910,0,0.0021057923600506,0.0,1.0,,12.182820840049299
2021-02-11 08:01:08.920,0,0.0027232880418806,0.0,1.0,,8.660469639795796
2021-02-11 08:01:08.930,0,0.0004250874841209,0.0,1.0,,6.903003862972362
2021-02-11 08:01:08.940,0,0.003780767133383,0.0,1.0,,12.188109155035733
2021-02-11 08:01:08.950,0,0.0011083868439419,0.0,1.0,,9.30980450495366
2021-02-11 08:01:08.960,0,-0.0055537349300835,0.0,1.0,,11.912381358801044
2021-02-11 08:01:08.970,0,-0.0024968080781774,0.0,1.0,,7.540307526881835
2021-02-11 08:01:08.980,0,0.0079109053686232,0.0,1.0,,11.734823420599186
2021-02-11 08:01:08.990,0,-0.0005022445302039,0.0,1.0,,9.049294448927938
2021-02-11 08:01:09.000,0,0.0044365057123283,0.0,1.0,,10.530773338323366
2021-02-11 08:01:09.010,0,-0.0003691256818247,0.0,1.0,,7.497006557821083
2021-02-11 08:01:09.020,0,0.0030418374022199,0.0,1.0,,11.506770501405079
2021-02-11 08:01:09.030,0,0.0012437351736561,0.0,1.0,,10.001666310569485
2021-02-11 08:01:09.040,0,0.001337149847601,0.0,1.0,,9.664827241466787
2021-02-11 08:01:09.050,0,-0.0011317734547004,0.0,1.0,,9.019884907502133
2021-02-11 08:01:09.060,0,0.0021388196960647,0.0,1.0,,10.011557966476085
2021-02-11 08:01:09.070,0,-0.0023143798214861,0.0,1.0,,8.69268649399783
2021-02-11 08:01:09.080,0,0.0033558634122856,0.0,1.0,,9.516082985824152
2021-02-11 08:01:09.090,0,-0.0003423262314606,0.0,1.0,,10.437206708392715
2021-02-11 08:01:09.100,0,0.0005552201870799,0.0,1.0,,10.696659366444319
2021-02-11 08:01:09.110,0,0.0004873955310703,0.0,1.0,,7.990408397307656
2021-02-11 08:01:09.120,0,-0.0012766356359863,0.0,1.0,,10.654630498175615
2021-02-11 08:01:09.130,0,0.0027149853118946,0.0,1.0,,11.527314859333774
2021-02-11 08:01:09.140,0,-0.0001597408573495,0.0,1.0,,9.412638748250568
2021-02-11 08:01:09.150,0,-0.0001299630877238,0.0,1.0,,10.38525085942926
2021-02-11 08:01:09.160,0,-0.0056593851379717,0.0,1.0,,10.459720177504044
2021-02-11 08:01:09.170,0,0.0007127380483974,0.0,1.0,,11.956317861197244
2021-02-11 08:01:09.180,0,-0.0021215474887942,0.0,1.0,,12.27555761737822
2021-02-11 08:01:09.190,0,-0.0040764568629034,0.0,1.0,,7.91505719731935
2021-02-11 08:01:09.200,0,-0.0009697761442592,0.0,1.0,,12.283685020859384
2021-02-11 08:01:09.210,0,0.0020685000324205,0.0,1.0,,9.957927188532292
2021-02-11 08:01:09.220,0,0.006794081676731,0.0,1.0,,11.84818703480572
2021-02-11 08:01:09.230,0,-0.0006388709007909,0.0,1.0,,8.17390488206785
2021-02-11 08:01:09.240,0,0.0014473204300095,0.0,1.0,,10.531938064727255
2021-02-11 08:01:09.250,0,-0.002509233085623,0.0,1.0,,7.162010172868625
2021-02-11 08:01:09.260,0,0.0018520912768546,0.0,1.0,,8.769398198959369
2021-02-11 08:01:09.270,0,-0.0003990291130071,0.0,1.0,,9.363542841233464
2021-02-11 08:01:09.280,0,0.0025321924870434,0.0,1.0,,8.309571894427812
2021-02-11 08:01:09.290,0,-0.0028424369015105,0.0,1.0,,10.599871870189268
2021-02-11 08:01:09.300,0,0.0014577720874381,0.0,1.0,,11.18526138237354
2021-02-11 08:01:09.310,0,-0.000135597183504,7.812565137971918e-12,1.0,,10.560328062202004
2021-02-11 08:01:09.320,0,-0.0026900913089526,1.5136676076548515e-11,1.0,,8.889584456847194
2021-02-11 08:01:09.330,0,-0.0019495632642163,2.1411369477368664e-11,1.0,,12.232635694136041
2021-02-11 08:01:09.340,0,-0.0047714419528884,2.6327706966660533e-11,1.0,,11.14956913601057
2021-02-11 08:01:09.350,0,0.002118659881181,3.079620383098645e-11,1.0,,11.685016097657373
2021-02-11 08:01:09.360,0,-0.003463052433765,3.4234064288148006e-11,1.0,,10.296112818704385
2021-02-11 08:01:09.370,0,-0.0017617222976483,3.677444609764008e-11,1.0,,11.140060776062809
2021-02-11 08:01:09.380,0,0.00459890968114,3.8172689857534397e-11,1.0,,11.264800645825979
2021-02-11 08:01:09.390,0,-0.0027395717749401,3.963619581084317e-11,1.0,,9.000998182088281
2021-02-11 08:01:09.400,0,0.0020984578358996,4.0118848922299824e-11,1.0,,8.139201263928863
2021-02-11 08:01:09.410,0,-0.0011837000192188,4.0546334225407035e-11,1.0,,13.072669017914722
2021-02-11 08:01:09.420,0,0.0006937380793577,4.028924373336239e-11,1.0,,8.263584993328143
2021-02-11 08:01:09.430,0,-0.0016641563787212,3.99294926293304e-11,1.0,,9.840487764101088
2021-02-11 08:01:09.440,0,0.0022497362102589,3.8833130630685235e-11,1.0,,5.579975025606942
2021-02-11 08:01:09.450,0,0.0024770347745615,3.8002215992477346e-11,1.0,,8.555717184422203
2021-02-11 08:01:09.460,0,-0.0037367951701298,3.650862172467937e-11,1.0,,10.814072078675338
2021-02-11 08:01:09.470,0,0.0007580319763422,3.475074943835766e-11,1.0,,8.819928071590855
2021-02-11 08:01:09.480,0,-0.0040862401659207,3.3078805798055324e-11,1.0,,9.951432590235065
2021-02-11 08:01:09.490,0,0.0009232009611803,3.114407923006915e-11,1.0,,11.21951610337025
2021-02-11 08:01:09.500,0,0.0059050739192256,2.970469515771137e-11,1.0,,12.60157629322186
2021-02-11 08:01:09.510,0,0.007599219814368,2.788794451012428e-11,1.0,,8.837388372021591
2021-02-11 08:01:09.520,0,0.0007708666251149,2.5949016287546536e-11,1.0,,13.284712829966947
2021-02-11 08:01:09.530,0,-0.0063803082958292,2.399662059791701e-11,1.0,,10.442277213059523
2021-02-11 08:01:09.540,0,-0.00132378567474,2.2127503639766406e-11,1.0,,10.97150144878536
2021-02-11 08:01:09.550,0,0.0031542764964725,2.020864240260545e-11,1.0,,10.537242824584803
2021-02-11 08:01:09.560,0,-0.0025669520948542,1.845416283354809e-11,1.0,,11.045337089737416
2021-02-11 08:01:09.570,0,0.0032339801387888,1.6833602411007428e-11,1.0,,12.10328236250464
2021-02-11 08:01:09.580,0,0.0007876619190044,1.5050917290448547e-11,1.0,,9.347347945503737
2021-02-11 08:01:09.590,0,-0.0014816339544528,1.3538211044306663e-11,1.0,,10.25831385919426
2021-02-11 08:01:09.600,0,-0.0008361268325561,1.1968416459682977e-11,1.0,,10.926506540142185
2021-02-11 08:01:09.610,0,0.0030811391957057,1.0530381531491307e-11,1.0,,9.00641429113412
2021-02-11 08:01:09.620,0,0.0021709113942714,9.202360385433955e-12,1.0,,7.796954091071491
2021-02-11 08:01:09.630,0,0.0012563095354321,8.046443009264128e-12,1.0,,9.774157745879513
2021-02-11 08:01:09.640,0,0.0020354469344992,6.866185587876546e-12,1.0,,10.37963008825993
2021-02-11 08:01:09.650,0,0.0004841919263925,5.7805763741388936e-12,1.0,,8.421761364001807
2021-02-11 08:01:09.660,0,-0.0001902393048531,4.797062434345345e-12,1.0,,7.482796334223728
2021-02-11 08:01:09.670,0,0.0025939794215909,3.897457688888744e-12,1.0,,10.432506311690476
2021-02-11 08:01:09.680,0,-0.0040208163363782,3.1071127470831104e-12,1.0,,8.350314709635224
2021-02-11 08:01:09.690,0,0.0040735409773544,2.3923153391020988e-12,1.0,,11.536958376359209
2021-02-11 08:01:09.700,0,0.0013100393614152,1.7070503609517716e-12,1.0,,12.323624001445832
2021-02-11 08:01:09.710,0,-0.0027206508142935,1.1301599058276448e-12,1.0,,6.415567210373271
2021-02-11 08:01:09.720,0,0.0059265523296554,6.041298174485778e-13,1.0,,6.727436277277698
2021-02-11 08:01:09.730,0,1.202729492093914e-06,1.5065316142630137e-13,1.0,,9.503534199166852
2021-02-11 08:01:09.740,0,0.0006183952419316,0.0,1.0,,7.320918359628961
2021-02-11 08:01:09.750,0,0.0042676013707775,0.0,1.0,,8.168675871678225
2021-02-11 08:01:09.760,0,-0.0039592334522721,0.0,1.0,,11.368868115526926
2021-02-11 08:01:09.770,0,-0.0013317327706381,0.0,1.0,,12.01111001787126
2021-02-11 08:01:09.780,0,0.0038915848472173,0.0,1.0,,9.373117415256687
2021-02-11 08:01:09.790,0,0.0074273268473549,0.0,1.0,,10.136895628674452
2021-02-11 08:01:09.800,0,-0.0014659434125766,0.0,1.0,,9.922777808213032
2021-02-11 08:01:09.810,0,0.0066118881861816,0.0,1.0,,9.064349602206738
2021-02-11 08:01:09.820,0,-0.0016996072899964,0.0,1.0,,10.81869902137794
2021-02-11 08:01:09.830,0,0.001692352262864,0.0,1.0,,10.440528420215129
2021-02-11 08:01:09.840,0,0.0013469209679533,0.0,1.0,,6.529444788665215
2021-02-11 08:01:09.850,0,0.0019076160231028,0.0,1.0,,9.361280974422167
2021-02-11 08:01:09.860,0,0.0011352271352253,0.0,1.0,,11.408016322286635
2021-02-11 08:01:09.870,0,0.0058957678734092,0.0,1.0,,10.875438066772238
2021-02-11 08:01:09.880,0,9.680911254278256e-05,0.0,1.0,,8.426824426952004
2021-02-11 08:01:09.890,0,-0.006127914004468,0.0,1.0,,9.536623062099393
2021-02-11 08:01:09.900,0,-0.002640850038862,0.0,1.0,,11.582964283687632
2021-02-11 08:01:09.910,0,-0.0045560916072967,0.0,1.0,,8.640621989408022
2021-02-11 08:01:09.920,0,-0.0024488140560736,0.0,1.0,,5.3508756674562905
2021-02-11 08:01:09.930,0,-0.0030671904792084,0.0,1.0,,10.476673452417884
2021-02-11 08:01:09.940,0,0.0055029734873147,0.0,1.0,,9.560426572451684
2021-02-11 08:01:09.950,0,0.000974255368467,0.0,1.0,,9.688132232412242
2021-02-11 08:01:09.960,0,0.0030565795018483,0.0,1.0,,7.073449761964278
2021-02-11 08:01:09.970,0,0.0018793480687496,0.0,1.0,,8.749018917797862
2021-02-11 08:01:09.980,0,-5.172261338246656e-05,0.0,1.0,,10.997863658228878
2021-02-11 08:01:09.990,0,0.0052972375711615,0.0,1.0,,10.763470143079456
2021-02-11 08:01:10.000,0,0.0012065817335322,0.0,1.0,,10.10814039224228
2021-02-11 08:01:10.010,0,0.0011685875057597,0.0,1.0,,10.84728577864435
2021-02-11 08:01:10.020,0,-0.0001928924329604,0.0,1.0,,12.000053722408374
2021-02-11 08:01:10.030,0,0.0047438815852725,0.0,1.0,,8.484982784229512
2021-02-11 08:01:10.040,0,-0.000322475990898,0.0,1.0,,12.724862573457807
2021-02-11 08:01:10.050,0,-0.0016929676989434,0.0,1.0,,8.980151516670638
2021-02-11 08:01:10.060,0,0.0021868817679843,0.0,1.0,,5.814467287212056
2021-02-11 08:01:10.070,0,0.0025247968963223,0.0,1.0,,9.718609335454603
2021-02-11 08:01:10.080,0,0.0011532434159052,0.0,1.0,,10.865649257879177
2021-02-11 08:01:10.090,0,-0.0072285089269817,0.0,1.0,,9.317548360154907
2021-02-11 08:01:10.100,0,-4.5754761973453446e-05,0.0,1.0,,8.959335167712116
2021-02-11 08:01:10.110,0,0.0017257345896161,0.0,1.0,,10.085283515366198
2021-02-11 08:01:10.120,0,-0.0022948640081942,0.0,1.0,,9.236057044692647
2021-02-11 08:01:10.130,0,0.0068035902811159,0.0,1.0,,13.697727453995931
2021-02-11 08:01:10.140,0,0.0029755802083759,0.0,1.0,,9.977699724307021
2021-02-11 08:01:10.150,0,-0.0056772426754729,0.0,1.0,,11.739267770737493
2021-02-11 08:01:10.160,0,-0.0045906647855208,0.0,1.0,,13.820339044309005
2021-02-11 08:01:10.170,0,-0.0022925322250465,6.4440129228665705e-15,1.0,,8.61012465313615
2021-02-11 08:01:10.180,0,0.0023411877461605,2.314223270960324e-14,1.0,,10.372177811445964
2021-02-11 08:01:10.190,0,0.0017118457262753,3.739452243504864e-14,1.0,,9.353136477641575
2021-02-11 08:01:10.200,0,-0.001001041331736,4.98087000733104e-14,1.0,,8.981942463524177
2021-02-11 08:01:10.210,0,-0.0005032547713507,5.930296582509581e-14,1.0,,6.964056663127799
2021-02-11 08:01:10.220,0,-0.0058058194710508,6.789963374587214e-14,1.0,,11.383098010804968
2021-02-11 08:01:10.230,0,0.0064925139188537,7.324994020189543e-14,1.0,,8.064149676004806
2021-02-11 08:01:10.240,0,-0.0027214673922692,7.865889453508377e-14,1.0,,8.789265918463467
2021-02-11 08:01:10.250,0,0.0010728169442659,8.207197516065968e-14,1.0,,6.99925112778045
2021-02-11 08:01:10.260,0,-0.0026052798322626,8.545899524624579e-14,1.0,,5.2573164143959
2021-02-11 08:01:10.270,0,0.0062135496876501,8.588111311426611e-14,1.0,,8.971074068844729
2021-02-11 08:01:10.280,0,-0.0027676166105274,8.48065665570558e-14,1.0,,9.395945817118205
2021-02-11 08:01:10.290,0,0.0021213143216415,8.615992913998476e-14,1.0,,8.12428587760522
2021-02-11 08:01:10.300,0,-0.0035845349580109,8.39607898805787e-14,1.0,,10.830968733988167
2021-02-11 08:01:10.310,0,0.0001000854347285,8.221807286852064e-14,1.0,,11.448843563283031
2021-02-11 08:01:10.320,0,-0.006495219813936,7.95165171185548e-14,1.0,,10.581487517870556
2021-02-11 08:01:10.330,0,0.0022571107293675,7.592618022284413e-14,1.0,,5.963217872748743
2021-02-11 08:01:10.340,0,-0.0030755810674665,7.388364167226007e-14,1.0,,8.383376451811829
2021-02-11 08:01:10.350,0,-0.0059110684061191,7.007491447202523e-14,1.0,,8.146780381641591
2021-02-11 08:01:10.360,0,-0.0020031282278776,6.566102927869935e-14,1.0,,12.089838399327274
2021-02-11 08:01:10.370,0,0.0013226460706988,6.147987742639319e-14,1.0,,11.178327588358115
2021-02-11 08:01:10.380,0,-0.0038994117460323,5.739746634943462e-14,1.0,,6.888380530852517
2021-02-11 08:01:10.390,0,-0.0040862832419081,5.368823582341937e-14,1.0,,13.235969309641153
2021-02-11 08:01:10.400,0,0.0015622928269987,4.9642236565545287e-14,1.0,,12.90058194416298
2021-02-11 08:01:10.410,0,0.0027260194358031,4.5995114985901126e-14,1.0,,11.570139482265908
2021-02-11 08:01:10.420,0,0.0013216908934081,4.2119015140113734e-14,1.0,,8.880332462081874
2021-02-11 08:01:10.430,0,-0.0004814738828051,3.841038381317328e-14,1.0,,9.673902044911639
2021-02-11 08:01:10.440,0,-0.0003510648516927,3.4804164291922883e-14,1.0,,4.797878920069264
2021-02-11 08:01:10.450,0,0.0044567121426227,3.135685714117152e-14,1.0,,8.247182966356315
2021-02-11 08:01:10.460,0,-0.0021757265633452,2.7600873904102942e-14,1.0,,9.756000615647006
2021-02-11 08:01:10.470,0,4.2762732751354745e-05,2.47899856384714e-14,1.0,,10.937902427496264
2021-02-11 08:01:10.480,0,0.0031508142555437,2.147047132814328e-14,1.0,,10.541154010143448
2021-02-11 08:01:10.490,0,-0.0029719530445535,1.8956171558511944e-14,1.0,,11.65549437692048
2021-02-11 08:01:10.500,0,0.0024053545121392,1.632665592391435e-14,1.0,,10.03358151335703
2021-02-11 08:01:10.510,0,0.0031072784252643,1.3880665818793421e-14,1.0,,12.118875655527564
2021-02-11 08:01:10.520,0,-0.0005367398083564,1.1665421896261612e-14,1.0,,5.606165883565812
2021-02-11 08:01:10.530,0,0.0024307198643547,9.621091608108058e-15,1.0,,8.227968339832977
2021-02-11 08:01:10.540,0,-0.0022144991662166,7.716513682250709e-15,1.0,,12.594353595751558
2021-02-11 08:01:10.550,0,0.0020294422307153,6.094430428219893e-15,1.0,,8.645859315833649
2021-02-11 08:01:10.560,0,0.0005374988419104,4.5657523261274495e-15,1.0,,10.21354353497403
2021-02-11 08:01:10.570,0,-0.0007876184475767,3.163649595760329e-15,1.0,,13.331938477384595
2021-02-11 08:01:10.580,0,0.0013003229900401,1.977894190812389e-15,1.0,,5.328261916067768
2021-02-11 08:01:10.590,0,-0.0020788912577951,8.821979073355804e-16,1.0,,9.62611598336437
2021-02-11 08:01:10.600,0,-0.0030149238446857,0.0,1.0,,10.397709344590382
2021-02-11 08:01:10.610,0,0.0043602200050704,0.0,1.0,,10.368342349358723
2021-02-11 08:01:10.620,0,0.0016940576058958,0.0,1.0,,12.177048959221322
2021-02-11 08:01:10.630,0,0.0034251532737216,0.0,1.0,,10.090406529905867
2021-02-11 08:01:10.640,0,-0.0038670816570658,0.0,1.0,,7.180208934454171
2021-02-11 08:01:10.650,0,-0.000998894434426,0.0,1.0,,12.196352343879969
2021-02-11 08:01:10.660,0,-0.002430456492333,0.0,1.0,,10.65889885698413
2021-02-11 08:01:10.670,0,-0.0029082568917684,0.0,1.0,,11.608493453446687
2021-02-11 08:01:10.680,0,-0.004869916531228,0.0,1.0,,5.422875446833838
2021-02-11 08:01:10.690,0,-0.0034581977490515,0.0,1.0,,10.19056178451978
2021-02-11 08:01:10.700,0,-0.0040227111075373,0.0,1.0,,6.877682185212429
2021-02-11 08:01:10.710,0,0.0012808227712909,0.0,1.0,,9.328152167802678
2021-02-11 08:01:10.720,0,0.0020215727169364,0.0,1.0,,9.45517680345044
2021-02-11 08:01:10.730,0,-0.0071821755481636,0.0,1.0,,10.145424635834102
2021-02-11 08:01:10.740,0,0.0015713388297752,0.0,1.0,,10.975494298743078
2021-02-11 08:01:10.750,0,0.000160482101117,0.0,1.0,,6.2313275898174965
2021-02-11 08:01:10.760,0,-0.0027107777883601,0.0,1.0,,10.897889123385925
2021-02-11 08:01:10.770,0,-0.0023258066965352,0.0,1.0,,11.919118022327673
2021-02-11 08:01:10.780,0,-0.0053421626216302,0.0,1.0,,8.127697896985675
2021-02-11 08:01:10.790,0,0.0030070845087063,0.0,1.0,,12.685374465737372
2021-02-11 08:01:10.800,0,-6.922640258302764e-05,0.0,1.0,,12.50060505044081
2021-02-11 08:01:10.810,0,-0.0026062507154095,0.0,1.0,,9.763804074593333
2021-02-11 08:01:10.820,0,-0.0025515783982297,0.0,1.0,,10.985193014284006
2021-02-11 08:01:10.830,0,-0.0013085333929692,0.0,1.0,,8.449557283400065
2021-02-11 08:01:10.840,0,-0.0025468160426101,0.0,1.0,,10.116487239496973
2021-02-11 08:01:10.850,0,0.0015920906926876,0.0,1.0,,6.665193233707898
2021-02-11 08:01:10.860,0,0.0019950302530044,0.0,1.0,,11.067332352904955
2021-02-11 08:01:10.870,0,0.0013972228797664,0.0,1.0,,8.031180133354912
2021-02-11 08:01:10.880,0,-0.0017889622195222,0.0,1.0,,7.169657154871442
2021-02-11 08:01:10.890,0,-0.0017623136713888,0.0,1.0,,8.724442251194484
2021-02-11 08:01:10.900,0,0.0015729059761323,0.0,1.0,,10.79464791886757
2021-02-11 08:01:10.910,0,0.0021244142013721,0.0,1.0,,13.120899524579823
2021-02-11 08:01:10.920,0,0.0077291518317711,0.0,1.0,,5.242153132750849
2021-02-11 08:01:10.930,0,0.0061524486338418,0.0,1.0,,10.617215787100708
2021-02-11 08:01:10.940,0,-0.0013911066100672,0.0,1.0,,12.850519530392534
2021-02-11 08:01:10.950,0,0.0071824716218788,0.0,1.0,,7.089922598229757
2021-02-11 08:01:10.960,0,0.0050170418623188,0.0,1.0,,9.279044068748764
2021-02-11 08:01:10.970,0,-0.0040487657388568,0.0,1.0,,10.804375956296624
2021-02-11 08:01:10.980,0,3.164517176864928e-06,0.0,1.0,,15.134064156067513
2021-02-11 08:01:10.990,0,0.0014240232428902,0.0,1.0,,5.7064149914252775
2021-02-11 08:01:11.000,1,-0.002008215245339,0.0,1.0,,8.117038532793298
2021-02-11 08:01:11.010,1,-0.0007913526173842,0.0,1.0,,11.159630035654963
2021-02-11 08:01:11.020,1,-0.0022346505104128,0.0,1.0,,10.376716230103558
2021-02-11 08:01:11.030,1,0.0016103697751458,0.0,1.0,,8.816273956835122
2021-02-11 08:01:11.040,1,0.0087566756330033,2.905027765593406e-17,1.0,,12.500184823801334
2021-02-11 08:01:11.050,1,-0.0019705139577325,6.15480780747783e-17,1.0,,10.988628416912402
2021-02-11 08:01:11.060,1,0.0002771649237014,8.924642558127226e-17,1.0,,7.822923946493649
2021-02-11 08:01:11.070,1,-0.0029356971232241,1.1188589717591975e-16,1.0,,7.2844323935706345
2021-02-11 08:01:11.080,1,0.0040915472523651,1.3146985420870582e-16,1.0,,7.782638604185661
2021-02-11 08:01:11.090,1,0.0024808172914973,3.718111940337971,1.0,,4248.478213809258
2021-02-11 08:01:11.100,1,0.0157764622611224,14.240746231424785,1.0,,18583.458733751817
2021-02-11 08:01:11.110,1,0.0192272916827867,30.469443439143426,1.0,,42892.0091252189
2021-02-11 08:01:11.120,1,0.0414263951281562,51.46740629744247,1.0,,76342.41600093243
2021-02-11 08:01:11.130,1,0.0696239616266887,75.80925513689122,1.0,,116882.92679327891
2021-02-11 08:01:11.140,1,0.0993362356134222,104.8290313930084,0.0,,166946.00139827834
2021-02-11 08:01:11.150,1,0.0927372159142763,137.19024004692608,0.0,,224431.2258832993
2021-02-11 08:01:11.160,1,0.1218871651170485,173.52881712065204,0.0,,290624.09283272666
2021-02-11 08:01:11.170,1,0.1937292628943473,211.0711735770388,0.0,,360493.02207108546
2021-02-11 08:01:11.180,1,0.2527588019979913,252.64777515914813,0.0,,439329.8948970987
2021-02-11 08:01:11.190,1,0.2665093171788043,294.18263275083564,0.0,,519397.2312564704
2021-02-11 08:01:11.200,1,0.2297451693980182,337.3114420089312,0.0,,603738.8439752221
2021-02-11 08:01:11.210,1,0.3628719173850808,379.79651211958014,0.0,,687898.6517837008
2021-02-11 08:01:11.220,1,0.377475788333068,420.9018429004039,0.0,,770221.808208034
2021-02-11 08:01:11.230,1,0.4807991459151711,462.99754035803,0.0,,855372.1658656487
2021-02-11 08:01:11.240,1,0.4105498768118755,501.08570391594566,0.0,,933079.5798685161
2021-02-11 08:01:11.250,1,0.4608831937373049,538.3127467549244,0.0,,1009604.4369829991
2021-02-11 08:01:11.260,1,0.5840821374412306,584.1890655601222,0.0,,1104649.1595176216
2021-02-11 08:01:11.270,1,0.6239288701857729,614.497008404426,0.0,,1167853.4477756575
2021-02-11 08:01:11.280,1,0.6161853950867421,654.9254401258094,0.0,,1252638.8262761168
2021-02-11 08:01:11.290,1,0.7412985186374269,692.2711603216181,0.0,,1331435.8196638813
2021-02-11 08:01:11.300,1,0.6792397232188246,717.6104142547179,0.0,,1385133.0948158198
2021-02-11 08:01:11.310,1,0.7051474081474579,750.2480629645956,0.0,,1454588.100759806
2021-02-11 08:01:11.320,1,0.6232968116052536,782.0104335735408,0.0,,1522454.794314645
2021-02-11 08:01:11.330,1,0.6310671165611451,800.484813834752,0.0,,1562068.6113821494
2021-02-11 08:01:11.340,1,0.7089655049171492,824.4486069408538,0.0,,1613585.8266280636
2021-02-11 08:01:11.350,1,0.8293520750724527,839.4193358545263,0.0,,1645852.7397349258
2021-02-11 08:01:11.360,1,0.8573940555221645,855.9399136251889,0.0,,1681519.6727282016
2021-02-11 08:01:11.370,1,0.93050128043382,882.8050938098642,0.0,,1739664.9976049224
2021-02-11 08:01:11.380,1,1.0050229235817465,896.4081142943097,0.0,,1769177.2839008444
2021-02-11 08:01:11.390,1,0.6973630345269628,915.585386429442,0.0,,1810838.941368928
2021-02-11 08:01:11.400,1,0.7084117424215512,918.5722013960792,0.0,,1817337.215102626
2021-02-11 08:01:11.410,1,1.0471073407639389,935.2314255834268,0.0,,1853639.5387191565
2021-02-11 08:01:11.420,1,0.991876191581914,949.1010056589844,0.0,,1883896.3631058638
2021-02-11 08:01:11.430,1,0.9715622542626292,952.1718328592368,0.0,,1890602.4199273868
2021-02-11 08:01:11.440,1,0.7425343217498456,968.3017081708996,0.0,,1925848.9214229863
2021-02-11 08:01:11.450,1,1.0019756208194075,979.4268596079916,0.0,,1950214.2973577587
2021-02-11 08:01:11.460,1,1.1026118350774383,976.5715154135264,0.0,,1943965.3748219125
2021-02-11 08:01:11.470,1,0.8015872375526114,983.5482204204234,0.0,,1959231.4578031185
2021-02-11 08:01:11.480,1,0.8867855671870025,983.9006302309468,0.0,,1960014.2165107522
2021-02-11 08:01:11.490,1,1.0169540586489327,983.057096615648,0.0,,1958170.8033010727
2021-02-11 08:01:11.500,1,0.8016260525859322,999.1769409023703,0.0,,1993504.3567933762
2021-02-11 08:01:11.510,1,0.8991156941945891,990.3454564110152,0.0,,1974138.9093062573
2021-02-11 08:01:11.520,1,1.1612557955174514,997.1792700315416,0.0,,1989142.5800028725
2021-02-11 08:01:11.530,1,1.0967015934337467,987.0453703835047,0.0,,1966911.4811937145
2021-02-11 08:01:11.540,1,0.9469137990486802,993.3622372162972,0.0,,1980758.07506987
2021-02-11 08:01:11.550,1,0.7984755329360058,987.7041834038316,0.0,,1968342.3109632956
2021-02-11 08:01:11.560,1,1.0749217239516489,999.7854131823568,0.0,,1994854.4921888122
2021-02-11 08:01:11.570,1,0.8756530396212728,997.0487105554952,0.0,,1988836.9038173559
2021-02-11 08:01:11.580,1,0.8390152166266659,988.2285179814804,0.0,,1969490.2623539218
2021-02-11 08:01:11.590,1,0.7875941284081538,989.786795754548,0.0,,1972909.6538957623
2021-02-11 08:01:11.600,1,0.8414172718591113,990.7668719937504,0.0,,1975061.5082445024
2021-02-11 08:01:11.610,1,0.7714087020834575,982.5847803888807,0.0,,1957124.9725571729
2021-02-11 08:01:11.620,1,1.1188226504466052,986.971311382476,0.0,,1966752.8834716552
2021-02-11 08:01:11.630,1,0.8796576182260805,978.0690603504868,0.0,,1947234.8635539575
2021-02-11 08:01:11.640,1,1.024864141890805,980.6991169407256,0.0,,1953003.0747435142
2021-02-11 08:01:11.650,1,0.8601441379890926,984.0978555621814,0.0,,1960441.7792862582
2021-02-11 08:01:11.660,1,0.8851716599502193,975.9988848630144,0.0,,1942701.5478670227
2021-02-11 08:01:11.670,1,0.8120441889556509,968.2276640071342,0.0,,1925690.3638820865
2021-02-11 08:01:11.680,1,0.877513259210304,971.6510046157985,0.0,,1933184.3354262153
2021-02-11 08:01:11.690,1,0.8663459063303356,977.2997349375416,0.0,,1945551.761830632
2021-02-11 08:01:11.700,1,0.8718796358250904,964.165141816986,0.0,,1916809.2406154643
2021-02-11 08:01:11.710,1,1.0080918365298646,967.0203616425226,0.0,,1923059.1761362415
2021-02-11 08:01:11.720,1,0.7194444728682418,971.6103547874576,0.0,,1933090.5576951865
2021-02-11 08:01:11.730,1,0.7752592757626723,976.3674652224984,0.0,,1943505.0021918104
2021-02-11 08:01:11.740,1,1.0446421444923462,974.9749165017198,0.0,,1940466.4177377333
2021-02-11 08:01:11.750,1,0.8302408722392097,970.8172740391544,0.0,,1931357.9778724422
2021-02-11 08:01:11.760,1,0.9724100395626584,962.8897080319553,0.0,,1914022.8813362655
2021-02-11 08:01:11.770,1,0.7723012924961992,966.3868774830044,0.0,,1921661.1086225854
2021-02-11 08:01:11.780,1,0.8486061854450706,966.0647853014186,0.0,,1920960.5269955797
2021-02-11 08:01:11.790,1,0.9285176563163742,966.1715211606412,0.0,,1921200.9552772231
2021-02-11 08:01:11.800,1,0.8576390146967882,968.945308622294,0.0,,1927265.259601577
2021-02-11 08:01:11.810,1,0.847970404136852,964.7849955318112,0.0,,1918159.8140803222
2021-02-11 08:01:11.820,1,0.6614535770805631,952.1093899258384,0.0,,1890450.9313979622
2021-02-11 08:01:11.830,1,0.7973551720464436,959.4295661341235,0.0,,1906451.370414075
2021-02-11 08:01:11.840,1,0.8215530478657236,961.979560772796,0.0,,1912024.2521892348
2021-02-11 08:01:11.850,1,0.8630895268806307,964.4533218311713,0.0,,1917435.4952942443
2021-02-11 08:01:11.860,1,0.8318837183445159,958.8632179219773,0.0,,1905215.6203980146
2021-02-11 08:01:11.870,1,0.8060691642895326,956.0060788536972,0.0,,1898967.9639866105
2021-02-11 08:01:11.880,1,0.8338295272438434,963.8920297314388,0.0,,1916208.276884063
2021-02-11 08:01:11.890,1,0.9212954075563718,957.6942503520984,0.0,,1902665.017195288
2021-02-11 08:01:11.900,1,0.6891332571823101,953.1034563001704,0.0,,1892622.6626011643
2021-02-11 08:01:11.910,1,0.8415016820298516,963.2215482186588,0.0,,1914745.9527513129
2021-02-11 08:01:11.920,1,0.7956791304380024,960.7563175637796,0.0,,1909348.5083412747
2021-02-11 08:01:11.930,1,0.6595997321425484,950.709456063536,0.0,,1887395.9156606046
2021-02-11 08:01:11.940,1,0.8435299268080743,965.5805673308568,0.0,,1919901.0410565888
2021-02-11 08:01:11.950,1,0.8660426836222385,962.6442220752087,0.0,,1913481.8008692046
2021-02-11 08:01:11.960,1,0.8973728702529284,960.4791868472928,0.0,,1908751.3332700382
2021-02-11 08:01:11.970,1,0.8154644584482891,956.5328358265032,0.0,,1900121.4318663173
2021-02-11 08:01:11.980,1,0.8653182134794302,951.827371359828,0.0,,1889844.3348420293
2021-02-11 08:01:11.990,1,0.7630048152209837,960.8172242975296,0.0,,1909483.9709754603
2021-02-11 08:01:12.000,1,0.7570580082772098,953.3195291635832,0.0,,1893099.3391915536
2021-02-11 08:01:12.010,1,0.7903154589376737,954.8557101955138,0.0,,1896459.1613378294
2021-02-11 08:01:12.020,1,0.5997407356625697,954.3699235738784,0.0,,1895385.8222518954
2021-02-11 08:01:12.030,1,0.6726518286144391,949.7691220627596,0.0,,1885343.7535866525
2021-02-11 08:01:12.040,1,0.8360318505180405,953.498775267496,0.0,,1893494.367971972
2021-02-11 08:01:12.050,1,0.6329757942725868,960.6542990515836,0.0,,1909121.8530306693
2021-02-11 08:01:12.060,1,0.7965608846635711,956.5943328004978,0.0,,1900253.7235879323
2021-02-11 08:01:12.070,1,0.6768626287992885,951.8178930127124,0.0,,1889814.7348255236
2021-02-11 08:01:12.080,1,0.6749901933086628,949.9023620464228,0.0,,1885628.410910872
2021-02-11 08:01:12.090,1,0.8192343575398399,955.2426837185444,0.0,,1897301.9907448967
2021-02-11 08:01:12.100,1,0.5815674237071641,951.5713996658696,0.0,,1889270.7636902016
2021-02-11 08:01:12.110,1,0.5749208413538668,964.0773030236292,0.0,,1916601.081451761
2021-02-11 08:01:12.120,1,0.7295659033287619,949.9776548730408,0.0,,1885797.2946204932
2021-02-11 08:01:12.130,1,0.7786620288910937,952.8622070242408,0.0,,1892102.053577637
2021-02-11 08:01:12.140,1,0.7556988457332261,962.8371799009628,0.0,,1913898.642645325
2021-02-11 08:01:12.150,1,0.5954766897448562,953.0141598807708,0.0,,1892427.3008027377
2021-02-11 08:01:12.160,1,0.6391455267495295,951.9662058723952,0.0,,1890142.144437365
2021-02-11 08:01:12.170,1,0.8021565906695517,945.3345141514288,0.0,,1875665.0500773336
2021-02-11 08:01:12.180,1,0.6710774713629281,957.3156800121526,0.0,,1901825.2137794879
2021-02-11 08:01:12.190,1,0.5689967599034806,950.4336594031604,0.0,,1886787.4109952743
2021-02-11 08:01:12.200,1,0.5797996175135229,954.3574297413408,0.0,,1895360.9374865417
2021-02-11 08:01:12.210,1,0.7831378943958798,948.1930101722104,0.0,,1881905.7151945229
2021-02-11 08:01:12.220,1,0.7840175693501733,951.5445985749208,0.0,,1889221.6760676897
2021-02-11 08:01:12.230,1,0.6104721899048001,950.5466189494668,0.0,,1887037.294293008
2021-02-11 08:01:12.240,1,0.6040931635710654,948.5453204796815,0.0,,1882665.3266510945
2021-02-11 08:01:12.250,1,0.5911930100579299,955.5577114964644,0.0,,1897981.5711997265
2021-02-11 08:01:12.260,1,0.5649224685188671,948.8058926328838,0.0,,1883235.6339939632
2021-02-11 08:01:12.270,1,0.7921308237624827,947.6522057729424,0.0,,1880721.0210224679
2021-02-11 08:01:12.280,1,0.5682847849904135,947.878604082519,0.0,,1881208.5719523313
2021-02-11 08:01:12.290,1,0.7770746221280502,950.0911150602204,0.0,,1886047.583912258
2021-02-11 08:01:12.300,1,0.5437860773607934,944.8153944824284,0.0,,1874521.2589962736
2021-02-11 08:01:12.310,1,0.6504965361654829,944.2351199779816,0.0,,1873256.6982242116
2021-02-11 08:01:12.320,1,0.6788632784318629,951.1187253362556,0.0,,1888287.3015915332
2021-02-11 08:01:12.330,1,0.6270006864191492,942.4872528610532,0.0,,1869443.0997681262
2021-02-11 08:01:12.340,1,0.6429949808200544,955.4564702580936,0.0,,1897762.4293090792
2021-02-11 08:01:12.350,1,0.6113700878463094,947.263354781002,0.0,,1879867.3653118035
2021-02-11 08:01:12.360,1,0.6302175205040499,948.1661015284708,0.0,,1881838.9504598945
2021-02-11 08:01:12.370,1,0.6353873203076302,946.8599330448912,0.0,,1878989.3933389091
2021-02-11 08:01:12.380,1,0.6221000871196413,945.9579326650894,0.0,,1877018.0959316501
2021-02-11 08:01:12.390,1,0.8235582823435699,947.1610964064772,0.0,,1879654.5620025892
2021-02-11 08:01:12.400,1,0.5735225030482762,946.4585832658556,0.0,,1878107.3271335734
2021-02-11 08:01:12.410,1,0.7260378377911508,940.9179196720928,0.0,,1866024.2823746505
2021-02-11 08:01:12.420,1,0.7131570879643168,948.1869954088728,0.0,,1881884.9989571464
2021-02-11 08:01:12.430,1,0.5693805902109709,941.5733231858233,0.0,,1867445.2336344407
2021-02-11 08:01:12.440,1,0.6590307747090143,941.9867493046715,0.0,,1868354.5782311317
2021-02-11 08:01:12.450,1,0.8051388860769341,941.6167709449088,0.0,,1867553.5335406754
2021-02-11 08:01:12.460,1,0.6418392991944958,949.9118074326768,0.0,,1885654.491976049
2021-02-11 08:01:12.470,1,0.8119704398591674,939.1615870161144,0.0,,1862196.8158680783
2021-02-11 08:01:12.480,1,0.5752579617558997,944.3692880319002,0.0,,1873547.2416082385
2021-02-11 08:01:12.490,1,0.6971893924382409,945.9531844106951,0.0,,1877013.1695274897
2021-02-11 08:01:12.500,1,0.7416151259341272,942.6277359092444,0.0,,1869758.301788294
2021-02-11 08:01:12.510,1,0.8152368870496046,939.8736772042946,0.0,,1863755.5101330269
2021-02-11 08:01:12.520,1,0.674214402663145,946.455718815654,0.0,,1878109.030646869
2021-02-11 08:01:12.530,1,0.5830973034808528,947.2022288473036,0.0,,1879727.2614322242
2021-02-11 08:01:12.540,1,0.8265452089516249,941.6676906486884,0.0,,1867665.8923397998
2021-02-11 08:01:12.550,1,0.7041866736731891,942.1339922724648,0.0,,1868678.1170412798
2021-02-11 08:01:12.560,1,0.6267508022104507,938.0615763205244,0.0,,1859789.7462803873
2021-02-11 08:01:12.570,1,0.6993499440994861,951.6123906679992,0.0,,1889367.260479108
2021-02-11 08:01:12.580,1,0.6460635380367078,939.9447759898744,0.0,,1863898.8240213797
2021-02-11 08:01:12.590,1,0.7843080046437539,945.3769544749738,0.0,,1875759.365226435
2021-02-11 08:01:12.600,1,0.7647464163632144,949.396526305376,0.0,,1884533.2022922514
2021-02-11 08:01:12.610,1,0.7305494306203879,945.2819392548996,0.0,,1875548.6195108779
2021-02-11 08:01:12.620,1,0.8932305429686662,949.5032078099648,0.0,,1884771.8399191038
2021-02-11 08:01:12.630,1,0.7310528801614924,944.1471956836416,0.0,,1873073.5309695345
2021-02-11 08:01:12.640,1,0.8323299644349673,945.132484197154,0.0,,1875225.7777922687
2021-02-11 08:01:12.650,1,0.7040430617682351,934.640158905648,0.0,,1852337.1904008356
2021-02-11 08:01:12.660,1,0.6658100192499216,945.0543433972076,0.0,,1875050.9752933956
2021-02-11 08:01:12.670,1,0.7247329137925416,945.1281037508764,0.0,,1875210.4988179973
2021-02-11 08:01:12.680,1,0.6398593822737347,951.0749700332112,0.0,,1888188.9569978619
2021-02-11 08:01:12.690,1,0.7098113599465096,946.7312827955996,0.0,,1878711.4993729878
2021-02-11 08:01:12.700,1,0.8750676271427988,948.8458615676298,0.0,,1883335.7138762018
2021-02-11 08:01:12.710,1,0.7942890949223516,939.708793764354,0.0,,1863391.9208990077
2021-02-11 08:01:12.720,1,0.6217858129176619,952.6828605926852,0.0,,1891702.473119251
2021-02-11 08:01:12.730,1,0.7443819367992877,955.3059937797304,0.0,,1897435.521175086
2021-02-11 08:01:12.740,1,0.7528403214598655,944.0827778314864,0.0,,1872933.1862674984
2021-02-11 08:01:12.750,1,0.8548811562327039,945.014414159622,0.0,,1874967.314970213
2021-02-11 08:01:12.760,1,0.7257001215191757,941.4495647753272,0.0,,1867183.7645036266
2021-02-11 08:01:12.770,1,0.8857303171576557,951.409858917988,0.0,,1888933.932213258
2021-02-11 08:01:12.780,1,0.8057080992479129,960.0568725070804,0.0,,1907826.4658065701
2021-02-11 08:01:12.790,1,0.6792553347566297,950.6940163862006,0.0,,1887361.2589515634
2021-02-11 08:01:12.800,1,0.8306514782168348,952.0696827117278,0.0,,1890377.214147262
2021-02-11 08:01:12.810,1,0.8382981889116666,950.210168521594,0.0,,1886309.0949616048
2021-02-11 08:01:12.820,1,0.9241431224658256,947.353953102825,0.0,,1880082.6057674268
2021-02-11 08:01:12.830,1,0.8978312717785267,947.6620225558576,0.0,,1880749.003065204
2021-02-11 08:01:12.840,1,0.7074322412850783,952.370634294134,0.0,,1891023.6761288538
2021-02-11 08:01:12.850,1,0.7187504630434149,943.0219245593856,0.0,,1870613.9104073197
2021-02-11 08:01:12.860,1,0.8430830557983507,947.8000299265572,0.0,,1881053.7602472256
2021-02-11 08:01:12.870,1,0.7378909497868442,960.753143811646,0.0,,1909341.194494033
2021-02-11 08:01:12.880,1,0.7180883533192634,953.4252636962676,0.0,,1893331.037180468
2021-02-11 08:01:12.890,1,0.8174937213966735,941.3798410227392,0.0,,1867038.6433444573
2021-02-11 08:01:12.900,1,0.6230517393787436,941.0316143193328,0.0,,1866270.0526297083
2021-02-11 08:01:12.910,1,0.8999931720115117,945.75221262555,0.0,,1876586.062332001
2021-02-11 08:01:12.920,1,0.8466608420708717,949.617404046845,0.0,,1885022.939984797
2021-02-11 08:01:12.930,1,0.688028789739209,952.984880856162,0.0,,1892362.218639354
2021-02-11 08:01:12.940,1,0.8370255727886855,947.157048115408,0.0,,1879646.0649060952
2021-02-11 08:01:12.950,1,0.6174076644342704,946.8091989439584,0.0,,1878875.2210792936
2021-02-11 08:01:12.960,1,0.648519704762509,942.2561392892784,0.0,,1868943.196209373
2021-02-11 08:01:12.970,1,0.9073467136423432,936.5170920811108,0.0,,1856433.818403649
2021-02-11 08:01:12.980,1,0.6750058481698487,942.1471991455504,0.0,,1868706.1435266926
2021-02-11 08:01:12.990,1,0.8233531440868332,942.1649207116484,0.0,,1868752.408873978
2021-02-11 08:01:13.000,1,0.8627433140341648,945.4665789532376,0.0,,1875960.168287798
2021-02-11 08:01:13.010,1,0.6101084066647421,950.638091396573,0.0,,1887237.3492101564
2021-02-11 08:01:13.020,1,0.7849912432707512,947.539262463894,0.0,,1880480.600952718
2021-02-11 08:01:13.030,1,0.6960416826611604,944.2124409476622,0.0,,1873211.5447895888
2021-02-11 08:01:13.040,1,0.7979988298896671,949.9980960031332,0.0,,1885847.888148638
2021-02-11 08:01:13.050,1,0.8277677744635785,941.1823456233284,0.0,,1866609.2408279148
2021-02-11 08:01:13.060,1,0.8127444283919912,939.953322651408,0.0,,1863923.7210652544
2021-02-11 08:01:13.070,1,0.8817485801848934,943.2561090122372,0.0,,1871133.1648915058
2021-02-11 08:01:13.080,1,0.7488379595156757,937.7951987626202,0.0,,1859216.21028203
2021-02-11 08:01:13.090,1,0.7000917084774817,944.8843383699216,0.0,,1874676.0337584417
2021-02-11 08:01:13.100,1,0.6284018603921934,933.3233753418848,0.0,,1849461.43676298
2021-02-11 08:01:13.110,1,0.6192303568540505,947.5980045038416,0.0,,1880600.7116017616
2021-02-11 08:01:13.120,1,0.6528234845779668,945.0194489361248,0.0,,1874974.385738839
2021-02-11 08:01:13.130,1,0.9009296625836002,943.5534870154931,0.0,,1871783.863583274
2021-02-11 08:01:13.140,1,0.7427685901020274,934.9729356897512,0.0,,1853062.2760631707
2021-02-11 08:01:13.150,1,0.7485824385780697,941.6459272765254,0.0,,1867614.454373129
2021-02-11 08:01:13.160,1,0.7088669814116034,938.9424397996352,0.0,,1861717.5626878538
2021-02-11 08:01:13.170,1,0.7911311028008103,937.6206564107024,0.0,,1858836.3938959306
2021-02-11 08:01:13.180,1,0.7174082008968153,932.1080078732454,0.0,,1846819.1939882205
2021-02-11 08:01:13.190,1,0.7882471063408867,937.6918057151548,0.0,,1858995.4413628136
2021-02-11 08:01:13.200,1,0.6806073959796474,937.6103950418792,0.0,,1858810.0890973837
2021-02-11 08:01:13.210,1,0.6217561217096768,949.2429979393064,0.0,,1884192.229471715
2021-02-11 08:01:13.220,1,0.8900346487870254,946.7954072985724,0.0,,1878860.7427654485
2021-02-11 08:01:13.230,1,0.7931773904453494,936.1346725065208,0.0,,1855591.5767027868
2021-02-11 08:01:13.240,1,0.6302930717469303,944.998000735644,0.0,,1874922.3616505514
2021-02-11 08:01:13.250,1,0.7901602435384422,930.6630237937244,0.0,,1843669.8513447458
2021-02-11 08:01:13.260,1,0.6252217539957906,934.8235954982569,0.0,,1852731.056511548
2021-02-11 08:01:13.270,1,0.6271162679442691,933.5699056846628,0.0,,1850000.4368015763
2021-02-11 08:01:13.280,1,0.7631247403282471,934.5053697599576,0.0,,1852043.94940885
2021-02-11 08:01:13.290,1,0.8934381991240812,938.76984805152,0.0,,1861347.7439116996
2021-02-11 08:01:13.300,1,0.8739377855690624,927.7113185796844,0.0,,1837244.544839563
2021-02-11 08:01:13.310,1,0.6298943360209039,942.4029111830052,0.0,,1869261.72844025
2021-02-11 08:01:13.320,1,0.6898746496983366,933.4791744047308,0.0,,1849801.768609054
2021-02-11 08:01:13.330,1,0.8081225287827294,945.3002021635452,0.0,,1875594.792727832
2021-02-11 08:01:13.340,1,0.8909042181559027,925.7349764893712,0.0,,1832940.9090741586
2021-02-11 08:01:13.350,1,0.7282000488993549,928.3130343781636,0.0,,1838548.0916773933
2021-02-11 08:01:13.360,1,0.667276485323894,930.6783670435228,0.0,,1843696.9232124551
2021-02-11 08:01:13.370,1,0.7998524687364023,931.9725781058188,0.0,,1846527.1862056986
2021-02-11 08:01:13.380,1,0.7909281719213461,929.7783716422284,0.0,,1841742.2254636437
2021-02-11 08:01:13.390,1,0.8577758708313222,935.5735470225384,0.0,,1854376.695865215
2021-02-11 08:01:13.400,1,0.9045335891733252,933.3061105305552,0.0,,1849437.3453184208
2021-02-11 08:01:13.410,1,0.8624498252751995,937.2598983956816,0.0,,1858056.7759367025
2021-02-11 08:01:13.420,1,0.7185910084327091,929.845557530201,0.0,,1841887.8439233932
2021-02-11 08:01:13.430,1,0.6708302395688722,933.5800146616432,0.0,,1850025.3924359712
2021-02-11 08:01:13.440,1,0.8009212279946049,934.0822423816892,0.0,,1851123.41613915
2021-02-11 08:01:13.450,1,0.6894243492574698,932.0229631079144,0.0,,1846627.5896991922
2021-02-11 08:01:13.460,1,0.7259028918918574,926.681465345692,0.0,,1834996.2348779861
2021-02-11 08:01:13.470,1,0.8596789638429458,934.154904696795,0.0,,1851285.2608061926
2021-02-11 08:01:13.480,1,0.8431241790039252,928.951658064402,0.0,,1839945.002593627
2021-02-11 08:01:13.490,1,0.7234160055723632,930.2113750329476,0.0,,1842685.0465446445
2021-02-11 08:01:13.500,1,0.8392597409995501,934.9304994125536,0.0,,1852974.5493520142
2021-02-11 08:01:13.510,1,0.6676918015331139,930.4211972405328,0.0,,1843138.504459546
2021-02-11 08:01:13.520,1,0.71803611440262,931.1100722335736,0.0,,1844641.2773462313
2021-02-11 08:01:13.530,1,0.7692050094181053,935.2124710545456,0.0,,1853588.862043357
2021-02-11 08:01:13.540,1,0.6450226081701698,933.5407017096117,0.0,,1849934.2084574
2021-02-11 08:01:13.550,1,0.6845423809624599,935.8962467548876,0.0,,1855072.616512817
2021-02-11 08:01:13.560,1,0.9329552832934778,937.8315666108836,0.0,,1859302.8803080725
2021-02-11 08:01:13.570,1,0.6741643685712306,929.4052941358592,0.0,,1840926.6995879528
2021-02-11 08:01:13.580,1,0.7027759934187902,938.476117957698,0.0,,1860697.585562791
2021-02-11 08:01:13.590,1,0.8194639048253425,934.899177800788,0.0,,1852906.3221424425
2021-02-11 08:01:13.600,1,0.8151833401785198,931.9391132426398,0.0,,1846452.2938155117
2021-02-11 08:01:13.610,1,0.6758842852592367,922.5551209975011,0.0,,1826001.6095988986
2021-02-11 08:01:13.620,1,0.7543661882796716,933.9763573779976,0.0,,1850893.4715301546
2021-02-11 08:01:13.630,1,0.9449378195053136,932.1470799293718,0.0,,1846916.4568976003
2021-02-11 08:01:13.640,1,0.9216769442178409,932.9274360117008,0.0,,1848616.4595867186
2021-02-11 08:01:13.650,1,0.7800996905017722,935.9478475817708,0.0,,1855193.512247501
2021-02-11 08:01:13.660,1,0.8055445442359602,938.6567129462906,0.0,,1861094.6464187712
2021-02-11 08:01:13.670,1,0.6766325076933131,941.665418737684,0.0,,1867653.4661271775
2021-02-11 08:01:13.680,1,0.6934314907999732,928.6249604839692,0.0,,1839225.789690399
2021-02-11 08:01:13.690,1,0.9726839633316322,935.9685655748456,0.0,,1855247.2382508677
2021-02-11 08:01:13.700,1,0.9167794887554774,940.6634297248012,0.0,,1865482.4339318986
2021-02-11 08:01:13.710,1,0.6852114674665459,934.5311962155574,0.0,,1852092.5725227944
2021-02-11 08:01:13.720,1,0.7166636605392384,952.036615192706,0.0,,1890294.5861907902
2021-02-11 08:01:13.730,1,0.6807532182633056,936.5208187317372,0.0,,1856435.6688073785
2021-02-11 08:01:13.740,1,0.9083266705684592,944.8810991099398,0.0,,1874682.1550316971
2021-02-11 08:01:13.750,1,0.9365203990224223,942.5142078087144,0.0,,1869522.420430205
2021-02-11 08:01:13.760,1,0.8132187473689586,942.2320808948732,0.0,,1868895.584645347
2021-02-11 08:01:13.770,1,0.9082437631717496,943.5694723624252,0.0,,1871818.1926248258
2021-02-11 08:01:13.780,1,0.9965626208745098,938.9822421044624,0.0,,1861813.784539097
2021-02-11 08:01:13.790,1,1.003536785470079,945.2192788445474,0.0,,1875423.4654961445
2021-02-11 08:01:13.800,1,0.764782258952022,937.6240197284476,0.0,,1858843.8281063426
2021-02-11 08:01:13.810,1,0.770376947233538,948.0604147205008,0.0,,1881617.773410912
2021-02-11 08:01:13.820,1,0.7827937104185675,940.825282193186,0.0,,1865825.2990129294
2021-02-11 08:01:13.830,1,0.8492373354501834,940.1915875774775,0.0,,1864447.895035492
2021-02-11 08:01:13.840,1,0.6662507281933829,953.1624252200792,0.0,,1892749.7654667157
2021-02-11 08:01:13.850,1,0.7501386437713708,947.2792662377768,0.0,,1879909.7591236243
2021-02-11 08:01:13.860,1,0.7399430778660553,953.602612139876,0.0,,1893720.0938442806
2021-02-11 08:01:13.870,1,0.7726398112138365,955.8974077679784,0.0,,1898729.185177586
2021-02-11 08:01:13.880,1,0.9799142109225072,945.8021250827244,0.0,,1876695.386448476
2021-02-11 08:01:13.890,1,0.7432500004686935,949.0108998585796,0.0,,1883690.4648484427
2021-02-11 08:01:13.900,1,0.8971000917594737,951.5135779058872,0.0,,1889159.9220073675
2021-02-11 08:01:13.910,1,0.9225627055180324,951.045139735296,0.0,,1888137.7855406622
2021-02-11 08:01:13.920,1,0.9369365258876456,947.8254968689848,0.0,,1881112.21781946
2021-02-11 08:01:13.930,1,0.7588803283616544,962.3987607332472,0.0,,1912941.4538326273
2021-02-11 08:01:13.940,1,0.7030170801256469,950.2913867114428,0.0,,1886485.1713141773
2021-02-11 08:01:13.950,1,0.8145800087532875,955.8239406836988,0.0,,1898576.020412642
2021-02-11 08:01:13.960,1,0.7834649477384852,948.598971284762,0.0,,1882789.8698244956
2021-02-11 08:01:13.970,1,0.9110681969617072,954.3459823255836,0.0,,1895343.7715943286
2021-02-11 08:01:13.980,1,0.9337837244835324,958.1926591050404,0.0,,1903756.9177249894
2021-02-11 08:01:13.990,1,0.7935213613807277,952.2360025015688,0.0,,1890730.0635899752
2021-02-11 08:01:14.000,0,0.7863691787664494,961.3106859702168,0.0,,1910562.702087918
2021-02-11 08:01:14.010,0,0.8127782957411915,953.5956974125016,0.0,,1893705.2595499936
2021-02-11 08:01:14.020,0,0.8088506315190458,964.761564504692,0.0,,1918111.6988753085
2021-02-11 08:01:14.030,0,0.7451624064223753,950.185461272416,0.0,,1886255.8601350859
2021-02-11 08:01:14.040,0,0.7012768948295954,959.4364494822509,0.0,,1906462.8961890696
2021-02-11 08:01:14.050,0,0.8151122159505804,952.780489240234,0.0,,1891922.7998707318
2021-02-11 08:01:14.060,0,0.7196239247210271,958.1740706051036,0.0,,1903704.2031708667
2021-02-11 08:01:14.070,0,0.7970131293109822,960.5978941543074,0.0,,1909007.6696235249
2021-02-11 08:01:14.080,0,0.6341411510757762,958.7086190761892,0.0,,1904867.6975309865
2021-02-11 08:01:14.090,0,0.7917638844513831,958.8453718113764,0.0,,1905170.387202885
2021-02-11 08:01:14.100,0,0.7774730527459064,936.9168307813331,0.0,,1857303.6662543782
2021-02-11 08:01:14.110,0,0.6153350591074833,923.1555562574192,0.0,,1827309.4191672534
2021-02-11 08:01:14.120,0,0.8285112316668414,890.9462505321588,0.0,,1757311.5015611618
2021-02-11 08:01:14.130,0,0.5961576687465805,861.5708813723006,0.0,,1693676.078283306
2021-02-11 08:01:14.140,0,0.5214572546443716,824.4473712947922,0.0,,1613572.553954518
2021-02-11 08:01:14.150,0,0.5166895387184312,791.0132846711971,0.0,,1541744.6591265923
2021-02-11 08:01:14.160,0,0.4831265931176648,745.3093258445998,0.0,,1444043.2970830072
2021-02-11 08:01:14.170,0,0.5747789545970761,699.5053063432672,0.0,,1346732.8880230528
2021-02-11 08:01:14.180,0,0.5102525476424699,658.8688765070142,0.0,,1260930.5825874314
2021-02-11 08:01:14.190,0,0.3706545969563622,613.5582740591414,0.0,,1165874.5291857629
2021-02-11 08:01:14.200,0,0.3812185931175472,566.8013764092871,0.0,,1068528.3127069124
2021-02-11 08:01:14.210,0,0.4282184626921396,524.8599059742412,0.0,,981889.4932695115
2021-02-11 08:01:14.220,0,0.3264946567169024,484.7899097129031,0.0,,899747.3049240767
2021-02-11 08:01:14.230,0,0.3782451113361591,439.6636623706858,0.0,,808065.8392016463
2021-02-11 08:01:14.240,0,0.2488203741653797,397.720092714882,0.0,,723683.0733672957
2021-02-11 08:01:14.250,0,0.2816066993161042,357.5400733866617,0.0,,643683.1096585749
2021-02-11 08:01:14.260,0,0.1983196783744713,321.6210402267717,1.0,,572917.9407381506
2021-02-11 08:01:14.270,0,0.2095050968510502,283.7272175548262,1.0,,499124.14110393514
2021-02-11 08:01:14.280,0,0.1943138464901652,252.1872326473273,1.0,,438447.57592922344
2021-02-11 08:01:14.290,0,0.1381700785643279,219.3239564333956,1.0,,376022.317123709
2021-02-11 08:01:14.300,0,0.1432620973674153,190.84166349191952,1.0,,322672.98675307
2021-02-11 08:01:14.310,0,0.1045543178155969,162.6003810820845,1.0,,270561.1390645698
2021-02-11 08:01:14.320,0,0.1050983902251097,137.66091356369557,1.0,,225276.99716068094
2021-02-11 08:01:14.330,0,0.0715290042114281,115.21154006339606,2.0,,185215.6559089206
2021-02-11 08:01:14.340,0,0.072170431164573,92.375420753949,2.0,,145264.32714064745
2021-02-11 08:01:14.350,0,0.0625381456897162,73.29294313264452,2.0,,112617.22291055004
2021-02-11 08:01:14.360,0,0.0397038184831912,56.37243824243455,2.0,,84380.1171552952
2021-02-11 08:01:14.370,0,0.0226490403684008,40.529051310287386,2.0,,58696.98061510712
2021-02-11 08:01:14.380,0,0.0182447115040887,26.31125782011269,2.0,,36496.63500355373
2021-02-11 08:01:14.390,0,0.0097916230140586,13.949526249377676,2.0,,18166.243712637384
2021-02-11 08:01:14.400,0,0.0002028932035753,3.2582745660819543,2.0,,3681.713273656849
2021-02-11 08:01:14.410,0,-0.004696715289107,0.0,2.0,,8.278101079265166
2021-02-11 08:01:14.420,0,-0.0067927979935466,0.0,2.0,,8.794069757833542
2021-02-11 08:01:14.430,0,-0.0232284554839108,0.0,2.0,,8.485777042181835
2021-02-11 08:01:14.440,0,-0.0184669883966866,0.0,2.0,,11.233251235477152
2021-02-11 08:01:14.450,0,-0.0252083615063541,0.0,2.0,,10.813130187543198
2021-02-11 08:01:14.460,0,-0.0212437274883118,0.0,2.0,,7.7115095267471885
2021-02-11 08:01:14.470,0,-0.022444327557375,0.0,2.0,,10.812906871467149
2021-02-11 08:01:14.480,0,-0.0329419083697637,0.0,2.0,,7.903660730023823
2021-02-11 08:01:14.490,0,-0.0251743420712713,0.0,2.0,,14.001023743307588
2021-02-11 08:01:14.500,0,-0.0335464431953181,0.0,2.0,,8.607162364955308
2021-02-11 08:01:14.510,0,-0.0393515685294887,0.0,2.0,,9.711210963817361
2021-02-11 08:01:14.520,0,-0.0335622421131726,0.0,2.0,,11.184660057871113
2021-02-11 08:01:14.530,0,-0.0284892234142742,0.0,2.0,,8.12784731723998
2021-02-11 08:01:14.540,0,-0.0306933704809201,0.0,2.0,,7.326332244388167
2021-02-11 08:01:14.550,0,-0.0298930563848798,0.0,2.0,,10.038868281652427
2021-02-11 08:01:14.560,0,-0.0286367792084249,0.0,2.0,,5.6659455212484024
2021-02-11 08:01:14.570,0,-0.0319913285311477,0.0,2.0,,7.61955588771538
2021-02-11 08:01:14.580,0,-0.0267853195686833,0.0,2.0,,11.331621381494653
2021-02-11 08:01:14.590,0,-0.0272695537469148,0.0,2.0,,11.993176888987534
2021-02-11 08:01:14.600,0,-0.0164382273150014,0.0,2.0,,9.770712494941929
2021-02-11 08:01:14.610,0,-0.0266207562063698,0.0,2.0,,11.695290320790841
2021-02-11 08:01:14.620,0,-0.0225510441386748,0.0,2.0,,6.7036599538803365
2021-02-11 08:01:14.630,0,-0.0152208704039127,0.0,2.0,,8.838759723515352
2021-02-11 08:01:14.640,0,-0.0146652270474924,0.0,2.0,,12.923898478047475
2021-02-11 08:01:14.650,0,-0.0140785868392917,0.0,2.0,,10.040805500460666
2021-02-11 08:01:14.660,0,-0.017466637052646,0.0,2.0,,11.430874335719386
2021-02-11 08:01:14.670,0,-0.0126365131094806,0.0,2.0,,9.412964070132753
2021-02-11 08:01:14.680,0,-0.0201735205850375,0.0,2.0,,8.435469877129803
2021-02-11 08:01:14.690,0,-0.0152312597440841,0.0,2.0,,9.42285672558398
2021-02-11 08:01:14.700,0,-0.0121921798334942,0.0,2.0,,11.09879259271973
2021-02-11 08:01:14.710,0,-0.0126479749891694,0.0,2.0,,7.492568422121712
2021-02-11 08:01:14.720,0,-0.0092970177261737,0.0,2.0,,7.401799938467892
2021-02-11 08:01:14.730,0,-0.004560137759003,0.0,2.0,,11.480650383017572
2021-02-11 08:01:14.740,0,-0.0007751747322011,0.0,2.0,,11.040267435923434
2021-02-11 08:01:14.750,0,-0.0100842174330642,0.0,2.0,,8.172265153429612
2021-02-11 08:01:14.760,0,-0.0052206941659477,0.0,2.0,,6.476333855034832
2021-02-11 08:01:14.770,0,-0.0088354256666079,0.0,2.0,,7.994808847632251
2021-02-11 08:01:14.780,0,-0.001911561990391,0.0,2.0,,10.923863395507109
2021-02-11 08:01:14.790,0,-0.0033799465190992,0.0,2.0,,13.244966292844676
2021-02-11 08:01:14.800,0,-0.0028327518685767,0.0,2.0,,9.750898825987035
2021-02-11 08:01:14.810,0,-0.0015637662966486,0.0,2.0,,11.13754595982167
2021-02-11 08:01:14.820,0,0.0017330885666915,0.0,2.0,,13.418489935527187
2021-02-11 08:01:14.830,0,-0.0018261920745792,0.0,2.0,,8.427787598029525
2021-02-11 08:01:14.840,0,-0.0056036526388607,0.162811605625436,2.0,,145.29061551329852
2021-02-11 08:01:14.850,0,-0.0009215240278834,0.5439692309530552,2.0,,521.4138477948561
2021-02-11 08:01:14.860,0,0.0017567082489755,0.8772207653854994,2.0,,877.6058451777433
2021-02-11 08:01:14.870,0,0.0071082733059792,1.1471944617659284,2.0,,1172.7570878734884
2021-02-11 08:01:14.880,0,0.0029151050128743,1.3704516184994775,2.0,,1425.258487866397
2021-02-11 08:01:14.890,0,0.00695724646798,1.554913221774559,2.0,,1635.82914253016
2021-02-11 08:01:14.900,0,0.0033179390689236,1.7052659922348623,2.0,,1805.580473317117
2021-02-11 08:01:14.910,0,-0.0007675653873276,1.7981545725352752,2.0,,1913.6551092065451
2021-02-11 08:01:14.920,0,0.0041932471894745,1.8857496913941003,2.0,,2021.4570542210322
2021-02-11 08:01:14.930,0,0.0054304823721171,1.92644771753568,2.0,,2072.3836181712313
2021-02-11 08:01:14.940,0,0.0057420225767493,1.971723414226136,2.0,,2119.00618954056
2021-02-11 08:01:14.950,0,0.0045947319471627,1.9645098164494568,2.0,,2110.5618492161357
2021-02-11 08:01:14.960,0,0.0006885788005947,1.932654159221996,2.0,,2075.1612653830753
2021-02-11 08:01:14.970,0,0.0041513982643547,1.9081382170313348,2.0,,2044.9714676549875
2021-02-11 08:01:14.980,0,0.0006429512464206,1.8759017390796109,2.0,,2004.8430746132556
2021-02-11 08:01:14.990,0,0.0039290162839047,1.8096454809940243,2.0,,1931.8060654858355
2021-02-11 08:01:15.000,0,0.0031009449551302,1.7436113590005855,2.0,,1854.3475264618921
2021-02-11 08:01:15.010,0,0.0048985888856992,1.6655170318681285,2.0,,1764.6421720146836
2021-02-11 08:01:15.020,0,0.0009391537795742,1.5976743833538802,2.0,,1684.1978066259023
2021-02-11 08:01:15.030,0,-0.0014717327667594,1.4997624121244362,2.0,,1571.692531257157
2021-02-11 08:01:15.040,0,0.0004665154361717,1.4039994604982406,2.0,,1463.101456276833
2021-02-11 08:01:15.050,0,0.0008166645283856,1.3101255156801468,2.0,,1358.736779245803
2021-02-11 08:01:15.060,0,0.0046929062693452,1.2259897115403886,2.0,,1259.5480593826012
2021-02-11 08:01:15.070,0,0.0025550172564134,1.1333287584553131,2.0,,1157.4999363487839
2021-02-11 08:01:15.080,0,0.0035698257417517,1.0535167765623792,2.0,,1068.87259148083
2021-02-11 08:01:15.090,0,0.0045145553326383,0.9570324001545858,2.0,,964.6764269446876
2021-02-11 08:01:15.100,0,0.005325262714894,0.8731754435396027,2.0,,871.7905671679947
2021-02-11 08:01:15.110,0,0.0018244743682651,0.7879620708081123,2.0,,779.224985343445
2021-02-11 08:01:15.120,0,-0.0001592933944646,0.7159638152927326,2.0,,699.1052820524418
2021-02-11 08:01:15.130,0,0.0026167617775547,0.6352250775840728,2.0,,617.2678451928342
2021-02-11 08:01:15.140,0,0.0032989252230012,0.5637750808765085,2.0,,543.9261701585632
2021-02-11 08:01:15.150,0,0.0042974972636941,0.4962825934629286,2.0,,473.7519231014712
2021-02-11 08:01:15.160,0,0.0012191320557585,0.4332608823105542,2.0,,410.80374788374104
2021-02-11 08:01:15.170,0,0.0030198820403498,0.3761969590260951,2.0,,353.94411650639
2021-02-11 08:01:15.180,0,-0.0024605344427115,0.3195916409714024,2.0,,293.271074091414
2021-02-11 08:01:15.190,0,-3.192833205062178e-05,0.2666469615995317,2.0,,242.21252381354333
2021-02-11 08:01:15.200,0,0.0043823663667675,0.2209492669883439,2.0,,202.80912119998186
2021-02-11 08:01:15.210,0,-0.0011380137542786,0.1784690229343566,2.0,,159.46233449209174
2021-02-11 08:01:15.220,0,-0.0024220509419481,0.1394557103083449,2.0,,126.22864501434665
2021-02-11 08:01:15.230,0,0.0030496740792241,0.1028248141551353,2.0,,91.80010477154792
2021-02-11 08:01:15.240,0,0.0086490227131914,0.0722285781782944,2.0,,64.90475695828589
2021-02-11 08:01:15.250,0,-0.0014485878764356,0.0445479821592834,2.0,,42.36969451536345
2021-02-11 08:01:15.260,0,0.0014740358738343,0.0198197333888168,2.0,,25.72660123960073
2021-02-11 08:01:15.270,0,-0.0005214648072876,0.0,2.0,,9.760039682309005
2021-02-11 08:01:15.280,0,5.806322540227539e-05,0.0,2.0,,7.788327802190993
2021-02-11 08:01:15.290,0,0.0012360017753806,0.0,2.0,,8.2750838965366
2021-02-11 08:01:15.300,0,-0.0014078912111612,0.0,2.0,,8.932901139832316
2021-02-11 08:01:15.310,0,-0.0029009433498048,0.0,2.0,,12.192734940327473
2021-02-11 08:01:15.320,0,-0.005984719797,0.0,2.0,,9.805642174885708
2021-02-11 08:01:15.330,0,0.002720546230606,0.0,2.0,,9.898037778939605
2021-02-11 08:01:15.340,0,-0.0074690623800033,0.0,2.0,,11.489982880762106
2021-02-11 08:01:15.350,0,-0.0079114611347443,0.0,2.0,,12.234562578050252
2021-02-11 08:01:15.360,0,0.0070443752364745,0.0,2.0,,5.996208648324034
2021-02-11 08:01:15.370,0,-0.0054828532877951,0.0,2.0,,9.123827721253658
2021-02-11 08:01:15.380,0,-0.0007362739796039,0.0,2.0,,9.945620027490024
2021-02-11 08:01:15.390,0,0.0016168044274004,0.0,2.0,,10.084799138870045
2021-02-11 08:01:15.400,0,-0.0088129806615807,0.0,2.0,,10.16058237075219
2021-02-11 08:01:15.410,0,-0.0015612395032274,0.0,2.0,,9.758498803437487
2021-02-11 08:01:15.420,0,0.0040558263796878,0.0,2.0,,12.187917133609737
2021-02-11 08:01:15.430,0,0.0072050967282659,0.0,2.0,,6.261622254957229
2021-02-11 08:01:15.440,0,0.0015238861854507,0.0,2.0,,10.885323302180316
2021-02-11 08:01:15.450,0,0.0055089762570525,0.0,2.0,,13.592744801082045
2021-02-11 08:01:15.460,0,-0.0045719112086431,0.0,2.0,,11.284556728276412
2021-02-11 08:01:15.470,0,-0.0018112040306941,0.0,2.0,,9.053423261949206
2021-02-11 08:01:15.480,0,-0.0054875528691022,0.0,2.0,,13.5665199950962
2021-02-11 08:01:15.490,0,-0.0029778266018052,0.0,2.0,,9.633492947022413
2021-02-11 08:01:15.500,0,-0.0016936841348328,0.0,2.0,,11.78183657875023
2021-02-11 08:01:15.510,0,0.0003203168898683,0.0,2.0,,9.296549585309938
2021-02-11 08:01:15.520,0,-0.0048222839376182,0.0,2.0,,10.018016086123056
2021-02-11 08:01:15.530,0,-0.0027337124267635,0.0,2.0,,10.839745078014065
2021-02-11 08:01:15.540,0,-0.0007021964431705,0.0,2.0,,9.363661961063698
2021-02-11 08:01:15.550,0,0.0017890012893024,0.0,2.0,,8.35225389307568
2021-02-11 08:01:15.560,0,0.0013433434833555,0.0,2.0,,10.92843337977248
2021-02-11 08:01:15.570,0,-0.0001652700190167,0.0,2.0,,8.682030382516178
2021-02-11 08:01:15.580,0,0.0012727539537286,0.0,2.0,,8.818815337456002
2021-02-11 08:01:15.590,0,-0.0040857102995076,0.0,2.0,,9.590809878744567
2021-02-11 08:01:15.600,0,-0.0005401474205731,0.0,2.0,,7.999606360829193
2021-02-11 08:01:15.610,0,0.0048630114955075,0.0,2.0,,10.183900560069242
2021-02-11 08:01:15.620,0,-0.004482400443124,0.0,2.0,,10.606437202453808
2021-02-11 08:01:15.630,0,0.0034803789099431,0.0,2.0,,14.01026976119707
2021-02-11 08:01:15.640,0,-0.0046044025484545,0.0,2.0,,10.249308450437482
2021-02-11 08:01:15.650,0,0.0045177991784324,0.0,2.0,,11.013273630701217
2021-02-11 08:01:15.660,0,0.0044199152729767,0.0,2.0,,8.010330678253313
2021-02-11 08:01:15.670,0,-0.0031609559666847,0.0,2.0,,10.956361447597395
2021-02-11 08:01:15.680,0,-0.0003955254097588,0.0,2.0,,10.015411256695446
2021-02-11 08:01:15.690,0,0.0012350331644026,0.0,2.0,,10.77552795963877
2021-02-11 08:01:15.700,0,-0.0011676625066992,0.0,2.0,,12.740289675784389
2021-02-11 08:01:15.710,0,-0.0056541455930317,0.0007219005333685,2.0,,10.114334221772372
2021-02-11 08:01:15.720,0,-0.0029082847676309,0.0015125968013722,2.0,,10.515409643650154
2021-02-11 08:01:15.730,0,-0.0015402855925959,0.0021734711630864,2.0,,13.564407226996174
2021-02-11 08:01:15.740,0,0.0035616016590664,0.0027254703530697,2.0,,10.782368903966502
2021-02-11 08:01:15.750,0,-8.992159175158523e-05,0.0031725284360364,2.0,,10.974060308770028
2021-02-11 08:01:15.760,0,0.0011964994914439,0.0035098585919336,2.0,,13.132360273333383
2021-02-11 08:01:15.770,0,-0.0010590065103626,0.0038225495300115,2.0,,10.015705049366268
2021-02-11 08:01:15.780,0,0.0037972479565218,0.0039868789949002,2.0,,13.094438106182777
2021-02-11 08:01:15.790,0,-0.0043766542414342,0.0041429500900845,2.0,,11.733847594216797
2021-02-11 08:01:15.800,0,0.004805860982646,0.0042466700789751,2.0,,13.215504186881127
2021-02-11 08:01:15.810,0,-0.0002600347432575,0.0042706021653085,2.0,,12.750586694468222
2021-02-11 08:01:15.820,0,-0.004936948779023,0.0042411661872386,2.0,,10.767669823551158
2021-02-11 08:01:15.830,0,0.0022994427567847,0.0041848342210237,2.0,,12.661120969495697
2021-02-11 08:01:15.840,0,0.0016297282522518,0.0040830112007045,2.0,,13.072971554257723
2021-02-11 08:01:15.850,0,-0.0065871543770277,0.0039792722898659,2.0,,14.465115042633606
2021-02-11 08:01:15.860,0,-0.0048158890768168,0.0038084970161327,2.0,,10.948168944613682
2021-02-11 08:01:15.870,0,-0.0011264909156311,0.0036862602460319,2.0,,12.590743017141367
2021-02-11 08:01:15.880,0,2.726903035258389e-05,0.0035108069050511,2.0,,12.326219230475116
2021-02-11 08:01:15.890,0,0.0020571867386427,0.0033206331264622,2.0,,9.705224660756013
2021-02-11 08:01:15.900,0,-0.0037854417534163,0.0031129069036949,2.0,,12.292423242298383
2021-02-11 08:01:15.910,0,-0.0036505585096224,0.0029217068342417,2.0,,8.85793417123339
2021-02-11 08:01:15.920,0,-0.004110642079616,0.0027357293911159,2.0,,13.636409242429254
2021-02-11 08:01:15.930,0,0.0009838433455427,0.0025092816131919,2.0,,12.656179889075869
2021-02-11 08:01:15.940,0,0.0016267978452033,0.0023321812244654,2.0,,14.89238173703729
2021-02-11 08:01:15.950,0,0.0035651117956421,0.0021422262955284,2.0,,8.507951922839265
2021-02-11 08:01:15.960,0,0.0085225421090873,0.0019422214069495,2.0,,14.496113852471348
2021-02-11 08:01:15.970,0,-0.0053931512356478,0.0017622609669198,2.0,,11.995591660552721
2021-02-11 08:01:15.980,0,-0.0027572061433367,0.0015987148337576,2.0,,9.631864716187998
2021-02-11 08:01:15.990,0,0.0027397829557072,0.0014386775587312,2.0,,9.114113882965139
2021-02-11 08:01:16.000,0,-0.001885526759487,0.0012603975741239,2.0,,12.006215931950086
2021-02-11 08:01:16.010,0,-0.0023252572138916,0.0011239106831265,2.0,,9.689735412644023
2021-02-11 08:01:16.020,0,-0.0044681584826962,0.0009828344652709,2.0,,9.27800532155535
2021-02-11 08:01:16.030,0,-0.000922484655182,0.00085052180406,2.0,,8.647204957198634
2021-02-11 08:01:16.040,0,-0.0033473538302731,0.0007343820536631,2.0,,11.709290180985175
2021-02-11 08:01:16.050,0,-0.0054142859720354,0.0006199682909715,2.0,,8.372026983381224
2021-02-11 08:01:16.060,0,0.0041299521031585,0.0005139918149103,2.0,,11.054800686321194
2021-02-11 08:01:16.070,0,0.0010233472877266,0.0004239939500553,2.0,,9.21824928044154
2021-02-11 08:01:16.080,0,0.000169325105564,0.0003368425256479,2.0,,12.72210121296839
2021-02-11 08:01:16.090,0,-0.0035647939875591,0.0002571196330578,2.0,,8.351065412370414
2021-02-11 08:01:16.100,0,0.0058480966209549,0.0001876001824976,2.0,,9.791530500460457
2021-02-11 08:01:16.110,0,0.004090467416036,0.0001249147820605,2.0,,13.248540360232196
2021-02-11 08:01:16.120,0,-0.0068615535191869,6.889373828903438e-05,2.0,,13.66978584076564
2021-02-11 08:01:16.130,0,0.0039281423077922,2.0916893367102287e-05,2.0,,10.31159529727096
2021-02-11 08:01:16.140,0,0.0044918891317761,0.0,2.0,,9.986993659226444
2021-02-11 08:01:16.150,0,-0.0009697280859998,0.0,2.0,,12.33201863438395
2021-02-11 08:01:16.160,0,-0.0020710853676317,0.0,2.0,,11.158049196003248
2021-02-11 08:01:16.170,0,0.0030921661066762,0.0,2.0,,11.174415013870698
2021-02-11 08:01:16.180,0,0.0011623841274408,0.0,2.0,,9.604808752453698
2021-02-11 08:01:16.190,0,-0.0020928931017975,0.0,2.0,,10.729003118137369
2021-02-11 08:01:16.200,0,-0.0019376152396601,0.0,2.0,,9.243657248203451
2021-02-11 08:01:16.210,0,0.0025016187815548,0.0,2.0,,9.05290236406809
2021-02-11 08:01:16.220,0,0.003061958923026,0.0,2.0,,12.347526390040834
2021-02-11 08:01:16.230,0,-0.0001489202184312,0.0,2.0,,10.604566205187862
2021-02-11 08:01:16.240,0,0.0072388472514591,0.0,1.0,,11.207832614343038
2021-02-11 08:01:16.250,0,0.0004934100828029,0.0,1.0,,10.560227055322938
2021-02-11 08:01:16.260,0,-0.0049934764511115,0.0,1.0,,10.595689715175816
2021-02-11 08:01:16.270,0,-0.0026764070646752,0.0,1.0,,10.00689995236935
2021-02-11 08:01:16.280,0,-0.0024604840621631,0.0,1.0,,10.12282227716344
2021-02-11 08:01:16.290,0,0.0043466024989045,0.0,1.0,,8.121723475531235
2021-02-11 08:01:16.300,0,0.0078197369040655,0.0,1.0,,10.731796615990891
2021-02-11 08:01:16.310,0,-0.0038892068629772,0.0,1.0,,12.654062641975877
2021-02-11 08:01:16.320,0,0.0010631870725587,0.0,1.0,,8.438456870901657
2021-02-11 08:01:16.330,0,0.0025923748126165,0.0,1.0,,13.55161035012753
2021-02-11 08:01:16.340,0,0.0002396142618606,0.0,1.0,,10.531302768683274
2021-02-11 08:01:16.350,0,-0.0031619170879597,0.0,1.0,,13.630140887916049
2021-02-11 08:01:16.360,0,-0.0009293306101169,0.0,1.0,,5.5368225843196015
2021-02-11 08:01:16.370,0,-0.0049251441491288,0.0,1.0,,12.458570408393872
2021-02-11 08:01:16.380,0,-0.0004262612015487,0.0,1.0,,7.822094998390382
2021-02-11 08:01:16.390,0,-0.0044909332537897,0.0,1.0,,7.893189697172092
2021-02-11 08:01:16.400,0,0.0041117211971517,0.0,1.0,,11.515513863566408
2021-02-11 08:01:16.410,0,0.0030132788401159,0.0,1.0,,8.202159335112865
2021-02-11 08:01:16.420,0,0.0054461768990856,0.0,1.0,,5.55997681362786
2021-02-11 08:01:16.430,0,0.0021593484255212,0.0,1.0,,9.154082290968745
2021-02-11 08:01:16.440,0,0.0017027833817543,0.0,1.0,,8.537989255526997
2021-02-11 08:01:16.450,0,0.0017264024257338,0.0,1.0,,9.168160803703806
2021-02-11 08:01:16.460,0,-0.0008040165519369,0.0,1.0,,6.214085543871377
2021-02-11 08:01:16.470,0,-0.0027351088337815,0.0,1.0,,10.448278949886934
2021-02-11 08:01:16.480,0,0.0016238220355427,0.0,1.0,,8.523749565411833
2021-02-11 08:01:16.490,0,0.0010189466702531,0.0,1.0,,9.900111498718749
2021-02-11 08:01:16.500,0,-0.0008193429292348,0.0,1.0,,10.38730335523658
2021-02-11 08:01:16.510,0,0.0009797354079368,0.0,1.0,,9.33189623259837
2021-02-11 08:01:16.520,0,8.349577466878191e-05,0.0,1.0,,11.47651421197
2021-02-11 08:01:16.530,0,0.0018515323315051,0.0,1.0,,9.924827074386819
2021-02-11 08:01:16.540,0,0.0025025036509486,0.0,1.0,,7.535557610385057
2021-02-11 08:01:16.550,0,0.004314245347059,0.0,1.0,,8.32260103991528
2021-02-11 08:01:16.560,0,0.0023343100972378,0.0,1.0,,7.971031047078046
2021-02-11 08:01:16.570,0,-0.0047431890964497,3.821237496287197e-07,1.0,,12.950139937575603
2021-02-11 08:01:16.580,0,0.0022376496798463,2.168492655984325e-06,1.0,,11.6002029182867
2021-02-11 08:01:16.590,0,-0.0063429700692438,3.714162453683782e-06,1.0,,9.736335813514069
2021-02-11 08:01:16.600,0,0.0005755696091575,5.001952962900648e-06,1.0,,8.320411229993327
2021-02-11 08:01:16.610,0,-0.0010584237540409,6.096167493686748e-06,1.0,,13.00310371458999
2021-02-11 08:01:16.620,0,0.0058008083200157,6.950386043747972e-06,1.0,,9.293499392931224
2021-02-11 08:01:16.630,0,-0.0023133167686091,7.670595305415876e-06,1.0,,9.71815985387023
2021-02-11 08:01:16.640,0,0.0019816210638448,8.158004225516244e-06,1.0,,8.219214671774168
2021-02-11 08:01:16.650,0,0.0015092252235858,8.559448786458007e-06,1.0,,7.643952459750327
2021-02-11 08:01:16.660,0,0.0016703078182977,8.805036807102447e-06,1.0,,7.016044449630455
2021-02-11 08:01:16.670,0,0.0051772115074417,8.970628315402874e-06,1.0,,9.655324783855502
2021-02-11 08:01:16.680,0,0.0049343994759478,9.003944068323369e-06,1.0,,11.704661828271536
2021-02-11 08:01:16.690,0,0.0016167038155433,8.952171857855493e-06,1.0,,15.059065811025205
2021-02-11 08:01:16.700,0,0.001344394082862,8.730647591176814e-06,1.0,,10.415537459399848
2021-02-11 08:01:16.710,0,-0.0002505212081186,8.523549458187981e-06,1.0,,11.130537773930381
2021-02-11 08:01:16.720,0,-0.0028164507858334,8.324559106649498e-06,1.0,,11.138395448231877
2021-02-11 08:01:16.730,0,0.0025217485160306,7.960869338552568e-06,1.0,,12.72447059746958
2021-02-11 08:01:16.740,0,-0.0005223389496672,7.676105964519993e-06,1.0,,6.987380351053109
2021-02-11 08:01:16.750,0,-0.0002662350395324,7.23218436903185e-06,1.0,,11.699085119802866
2021-02-11 08:01:16.760,0,-0.0057204929216736,6.921434349886003e-06,1.0,,12.957108783661477
2021-02-11 08:01:16.770,0,-0.0033765695184515,6.450291840148927e-06,1.0,,11.652719610922901
2021-02-11 08:01:16.780,0,-0.0085091815767282,6.0478022884448284e-06,1.0,,13.941142101619565
2021-02-11 08:01:16.790,0,-1.4453991886584649e-05,5.624502302640227e-06,1.0,,10.006736998001575
2021-02-11 08:01:16.800,0,0.0011127740305111,5.252590144197782e-06,1.0,,8.495598325894955
2021-02-11 08:01:16.810,0,-0.0045718980995675,4.828273564574895e-06,1.0,,7.463695182122823
2021-02-11 08:01:16.820,0,0.0055534215777646,4.419361591895319e-06,1.0,,10.921400694596779
2021-02-11 08:01:16.830,0,0.0012487257482802,4.0473628322784505e-06,1.0,,9.897404908360969
2021-02-11 08:01:16.840,0,0.0048718085732552,3.6306653382502776e-06,1.0,,11.786186882623904
2021-02-11 08:01:16.850,0,0.0018034473795477,3.295228821399028e-06,1.0,,9.45147681179672
2021-02-11 08:01:16.860,0,-0.0030839425814764,2.9407777447900243e-06,1.0,,8.91621154925951
2021-02-11 08:01:16.870,0,0.0057254114922104,2.585533567959694e-06,1.0,,11.023161268834151
2021-02-11 08:01:16.880,0,0.0001701483526483,2.2945601033672737e-06,1.0,,8.366325381846327
2021-02-11 08:01:16.890,0,0.0008233519791382,1.9998180005814013e-06,1.0,,10.223815694173593
2021-02-11 08:01:16.900,0,-0.003221308795977,1.7377639223796083e-06,1.0,,9.49094621894616
2021-02-11 08:01:16.910,0,0.0037258866621226,1.4882176550388354e-06,1.0,,9.436188669275387
2021-02-11 08:01:16.920,0,-0.0008900780759692,1.2499941206006744e-06,1.0,,8.614788352708892
2021-02-11 08:01:16.930,0,-9.357398255961084e-06,1.0373721662743002e-06,1.0,,12.816420060605711
2021-02-11 08:01:16.940,0,-0.005542191240549,8.436727153550515e-07,1.0,,11.818572767576027
2021-02-11 08:01:16.950,0,0.0034245706324769,6.63277556080309e-07,1.0,,10.533369441932582
2021-02-11 08:01:16.960,0,0.0005828547027296,5.055014393045626e-07,1.0,,12.61195979531903
2021-02-11 08:01:16.970,0,0.0011100596114731,3.6051433521048493e-07,1.0,,7.36101964749046
2021-02-11 08:01:16.980,0,-0.0020695301720762,2.335541302647833e-07,1.0,,12.331085160689923
2021-02-11 08:01:16.990,0,-0.0012706820735993,1.1949435617144674e-07,1.0,,11.43364628837798
2021-02-11 08:01:17.000,0,-0.000523420570498,1.9486185775970886e-08,1.0,,11.303391670525173
2021-02-11 08:01:17.010,0,-0.000900488560235,0.0,1.0,,8.955953800392216
2021-02-11 08:01:17.020,0,0.0040565362111294,0.0,1.0,,8.11183093842743
2021-02-11 08:01:17.030,0,0.00273633594853,0.0,1.0,,7.380357421577754
2021-02-11 08:01:17.040,0,0.0007974148147227,0.0,1.0,,8.15701458298065
2021-02-11 08:01:17.050,0,-0.0037739530025547,0.0,1.0,,8.751266670682385
2021-02-11 08:01:17.060,0,-0.002826057450251,0.0,1.0,,9.871402923770642
2021-02-11 08:01:17.070,0,-0.0017953686260569,0.0,1.0,,10.756520376004064
2021-02-11 08:01:17.080,0,0.0015364871666957,0.0,1.0,,8.601252204947047
2021-02-11 08:01:17.090,0,0.008529721858565,0.0,1.0,,7.8155616331082225
2021-02-11 08:01:17.100,0,0.0015365155158076,0.0,1.0,,11.709993493693146
2021-02-11 08:01:17.110,0,0.0028082890556191,0.0,1.0,,13.473414140050584
2021-02-11 08:01:17.120,0,-0.000362992680602,0.0,1.0,,7.102070964453196
2021-02-11 08:01:17.130,0,0.0008343628260935,0.0,1.0,,10.496665639801638
2021-02-11 08:01:17.140,0,0.0021003077760563,0.0,1.0,,7.525463263293878
2021-02-11 08:01:17.150,0,-0.0073925040570457,0.0,1.0,,9.887538267822832
2021-02-11 08:01:17.160,0,0.0011942626605943,0.0,1.0,,12.114632886981447
2021-02-11 08:01:17.170,0,0.0024920793859634,0.0,1.0,,10.032742929964147
2021-02-11 08:01:17.180,0,0.0036591093549277,0.0,1.0,,11.3735148829969
2021-02-11 08:01:17.190,0,0.0003464173302609,0.0,1.0,,7.0887929068808155
2021-02-11 08:01:17.200,0,0.0034536378192044,0.0,1.0,,10.192051527867807
2021-02-11 08:01:17.210,0,-0.0006763813243609,0.0,1.0,,12.754853539996356
2021-02-11 08:01:17.220,0,0.0028637708789611,0.0,1.0,,9.947168283484885
2021-02-11 08:01:17.230,0,-0.0042556972134092,0.0,1.0,,10.296913359796243
2021-02-11 08:01:17.240,0,0.0087832518646574,0.0,1.0,,11.15456917755318
2021-02-11 08:01:17.250,0,0.0023202715690424,0.0,1.0,,9.37536895705495
2021-02-11 08:01:17.260,0,-0.0015532163360558,0.0,1.0,,9.9610244329045
2021-02-11 08:01:17.270,0,-0.0010587914115567,0.0,1.0,,11.199912737531008
2021-02-11 08:01:17.280,0,-0.0016795469061371,0.0,1.0,,9.900249300707529
2021-02-11 08:01:17.290,0,-0.0036536388405307,0.0,1.0,,14.29972205852377
2021-02-11 08:01:17.300,0,-0.0009306376372869,0.0,1.0,,10.848316174894485
2021-02-11 08:01:17.310,0,0.0023609886235035,0.0,1.0,,11.952622925324103
2021-02-11 08:01:17.320,0,-0.0062193687796321,0.0,1.0,,7.826172003209331
2021-02-11 08:01:17.330,0,0.0018514380045609,0.0,1.0,,14.79160210052303
2021-02-11 08:01:17.340,0,0.0017327449795602,0.0,1.0,,10.24777334817078
2021-02-11 08:01:17.350,0,0.0005124471271978,0.0,1.0,,12.721626929014805
2021-02-11 08:01:17.360,0,-0.0004152114051583,0.0,1.0,,8.33499352461164
2021-02-11 08:01:17.370,0,-0.0011613026386791,0.0,1.0,,15.008113850811577
2021-02-11 08:01:17.380,0,0.0015030889102002,0.0,1.0,,10.88125572883473
2021-02-11 08:01:17.390,0,0.0025889143633444,0.0,1.0,,8.373228615509259
2021-02-11 08:01:17.400,0,-0.0016479880514342,0.0,1.0,,9.849140315497396
2021-02-11 08:01:17.410,0,0.0018730528422471,0.0,1.0,,7.778601160348021
2021-02-11 08:01:17.420,0,0.002576723121532,0.0,1.0,,10.102514891231154
2021-02-11 08:01:17.430,0,-0.0057868295624935,0.0,1.0,,7.7229858122535315
2021-02-11 08:01:17.440,0,-0.0054326912710476,1.995290149671387e-09,1.0,,9.56800205067786
2021-02-11 08:01:17.450,0,-0.0072421241724472,5.576677431089643e-09,1.0,,6.156971308256843
2021-02-11 08:01:17.460,0,-0.0029686018016812,8.58721419601912e-09,1.0,,11.385088438031842
2021-02-11 08:01:17.470,0,-0.0047684552976798,1.1218393011191771e-08,1.0,,9.819642644960869
2021-02-11 08:01:17.480,0,-0.0027661305421875,1.3387357286154284e-08,1.0,,7.001792584303814
2021-02-11 08:01:17.490,0,0.0042530693566083,1.4901799889002006e-08,1.0,,10.637138749273614
2021-02-11 08:01:17.500,0,-6.983838595476422e-05,1.6475957840917215e-08,1.0,,7.603039536699438
2021-02-11 08:01:17.510,0,0.0031163545274606,1.735541346546784e-08,1.0,,7.779276707792127
2021-02-11 08:01:17.520,0,-0.0043915105866004,1.7936986706028232e-08,1.0,,8.690476561489909
2021-02-11 08:01:17.530,0,0.0026747546370884,1.84398837579454e-08,1.0,,12.487355011145606
2021-02-11 08:01:17.540,0,-0.0006446416442875,1.8644709367891865e-08,1.0,,9.007777684341393
2021-02-11 08:01:17.550,0,-0.0039954439227314,1.861141905577576e-08,1.0,,10.112171286398683
2021-02-11 08:01:17.560,0,0.0008033970550216,1.844622260711405e-08,1.0,,10.264739597398991
2021-02-11 08:01:17.570,0,-0.0025313247185356,1.8319439650122028e-08,1.0,,6.003684503432019
2021-02-11 08:01:17.580,0,0.0011360620520259,1.7627738002529287e-08,1.0,,8.857717448482266
2021-02-11 08:01:17.590,0,0.0033739638871891,1.7091544677550855e-08,1.0,,8.974063247149001
2021-02-11 08:01:17.600,0,0.0023488995592179,1.6386568770149392e-08,1.0,,10.972192380921829
2021-02-11 08:01:17.610,0,0.0034200575847651,1.5727558183197386e-08,1.0,,7.212028498900424
2021-02-11 08:01:17.620,0,0.0011766926735835,1.490506873644617e-08,1.0,,11.0975323322838
2021-02-11 08:01:17.630,0,0.0017320405059725,1.4189509478671149e-08,1.0,,8.213467020594392
2021-02-11 08:01:17.640,0,-0.0023680174881145,1.3203253694030892e-08,1.0,,7.995671601166658
2021-02-11 08:01:17.650,0,-0.003794993469341,1.2389292134131957e-08,1.0,,11.163384268503979
2021-02-11 08:01:17.660,0,0.00237602719495,1.1492117965977842e-08,1.0,,11.621467791223889
2021-02-11 08:01:17.670,0,0.0029386064325962,1.0598894817020464e-08,1.0,,9.809018866459628
2021-02-11 08:01:17.680,0,0.0001850839813462,9.759455235870166e-09,1.0,,8.015286255985263
2021-02-11 08:01:17.690,0,-0.0013161452335914,8.980005759867354e-09,1.0,,8.745694900109418
2021-02-11 08:01:17.700,0,-0.0003673082832871,8.156536509133283e-09,1.0,,10.000817932132733
2021-02-11 08:01:17.710,0,-0.0020429988967538,7.3555606988941915e-09,1.0,,12.002207037463414
2021-02-11 08:01:17.720,0,0.0015369526273655,6.5796875498030794e-09,1.0,,9.63343794227532
2021-02-11 08:01:17.730,0,0.0019616079285967,5.858075561051806e-09,1.0,,7.782172500556999
2021-02-11 08:01:17.740,0,-0.002056473109071,5.282281933554711e-09,1.0,,11.471485579171214
2021-02-11 08:01:17.750,0,-0.002316225916882,4.573601835233607e-09,1.0,,8.718143216513337
2021-02-11 08:01:17.760,0,-0.0032342983423298,3.9481968624530386e-09,1.0,,8.006914199237093
2021-02-11 08:01:17.770,0,-0.001967238969327,3.4585768671232484e-09,1.0,,11.437581740892762
2021-02-11 08:01:17.780,0,0.0020081952246391,2.937815810226829e-09,1.0,,9.351906986344197
2021-02-11 08:01:17.790,0,-0.0008733726753914,2.457628862473834e-09,1.0,,9.640125369928791
2021-02-11 08:01:17.800,0,-0.0056171307700617,2.033861951480764e-09,1.0,,11.428608636316167
2021-02-11 08:01:17.810,0,-3.9343367910725925e-05,1.5994919795205967e-09,1.0,,7.505667394636809
2021-02-11 08:01:17.820,0,-0.0012823363923202,1.258969303143328e-09,1.0,,9.371456465373136
2021-02-11 08:01:17.830,0,0.003563536785526,9.34826797455812e-10,1.0,,7.479979629643317
2021-02-11 08:01:17.840,0,0.0036472089885709,6.442903896930514e-10,1.0,,7.093349373600327
2021-02-11 08:01:17.850,0,-0.0001105334763795,3.870270236169714e-10,1.0,,12.837969447314872
2021-02-11 08:01:17.860,0,-0.0011367136603296,1.5977162607275488e-10,1.0,,9.5701430493777
2021-02-11 08:01:17.870,0,-0.0019581014279015,0.0,1.0,,12.814664371769908
2021-02-11 08:01:17.880,0,-0.0029715745329994,0.0,1.0,,10.603351020992214
2021-02-11 08:01:17.890,0,-0.0026699406181745,0.0,1.0,,6.571199628740637
2021-02-11 08:01:17.900,0,0.0033643726500809,0.0,1.0,,11.649037255446231
2021-02-11 08:01:17.910,0,0.0027093599577894,0.0,1.0,,11.176752936608239
2021-02-11 08:01:17.920,0,-0.0035667402793478,0.0,1.0,,15.41598082288985
2021-02-11 08:01:17.930,0,0.0034904093291103,0.0,1.0,,10.094133356910447
2021-02-11 08:01:17.940,0,0.0025721373936622,0.0,1.0,,14.154987155369712
2021-02-11 08:01:17.950,0,0.0034103759514273,0.0,1.0,,9.624513508288777
2021-02-11 08:01:17.960,0,-0.0048797968240336,0.0,1.0,,10.986903950834225
2021-02-11 08:01:17.970,0,0.0081763735104655,0.0,1.0,,11.825688144623594
2021-02-11 08:01:17.980,0,0.0065747263366794,0.0,1.0,,11.523699771964463
2021-02-11 08:01:17.990,0,0.0029640267147105,0.0,1.0,,9.388082135414775
2021-02-11 08:01:18.000,0,0.0033642872367021,0.0,1.0,,12.366802828171412
2021-02-11 08:01:18.010,0,-0.0017579865372271,0.0,1.0,,10.044874725214685
2021-02-11 08:01:18.020,0,-0.0013561818492231,0.0,1.0,,9.912225614589827
2021-02-11 08:01:18.030,0,0.0018041815888718,0.0,1.0,,10.447909291416742
2021-02-11 08:01:18.040,0,0.0008910580272505,0.0,1.0,,11.853400411269108
2021-02-11 08:01:18.050,0,-0.0016810620099556,0.0,1.0,,9.236815485208343
2021-02-11 08:01:18.060,0,0.0018523440353734,0.0,1.0,,8.159173199268272
2021-02-11 08:01:18.070,0,0.0016250798699869,0.0,1.0,,12.551357707868807
2021-02-11 08:01:18.080,0,-0.0033007700450773,0.0,1.0,,8.102091148481174
2021-02-11 08:01:18.090,0,-0.0001663174226756,0.0,1.0,,10.32935483186668
2021-02-11 08:01:18.100,0,-0.0003995962736039,0.0,1.0,,9.267723097977482
2021-02-11 08:01:18.110,0,0.0031685071422627,0.0,1.0,,10.714563742570167
2021-02-11 08:01:18.120,0,0.0022854084134467,0.0,1.0,,12.617734023277462
2021-02-11 08:01:18.130,0,-0.0025540325102255,0.0,1.0,,11.052742642200261
2021-02-11 08:01:18.140,0,-0.0008532038063893,0.0,1.0,,13.31533976203215
2021-02-11 08:01:18.150,0,-0.0009813347700532,0.0,1.0,,7.8696464077849555
2021-02-11 08:01:18.160,0,-0.0016777923027071,0.0,1.0,,11.66513403468975
2021-02-11 08:01:18.170,0,-0.0043310122489848,0.0,1.0,,9.514327056816771
2021-02-11 08:01:18.180,0,0.0063683361853129,0.0,1.0,,12.86862795048685
2021-02-11 08:01:18.190,0,0.0006856799090484,0.0,1.0,,9.91464305304978
2021-02-11 08:01:18.200,0,-0.0021524873929981,0.0,1.0,,10.863136448487786
2021-02-11 08:01:18.210,0,-0.0076320003921513,0.0,1.0,,9.925487015639314
2021-02-11 08:01:18.220,0,0.0023103780694411,0.0,1.0,,13.256122009696206
2021-02-11 08:01:18.230,0,-0.0002464963756786,0.0,1.0,,8.252480649847989
2021-02-11 08:01:18.240,0,0.0018740348467016,0.0,1.0,,8.819011766849478
2021-02-11 08:01:18.250,0,-0.0031744802706719,0.0,1.0,,8.753973594834555
2021-02-11 08:01:18.260,0,0.0023903312510731,0.0,1.0,,8.916297351788586
2021-02-11 08:01:18.270,0,0.0036326822427819,0.0,1.0,,9.78648967507316
2021-02-11 08:01:18.280,0,0.0002671667319452,0.0,1.0,,10.546587351747892
2021-02-11 08:01:18.290,0,-0.0035121057147464,0.0,1.0,,10.624772377707457
2021-02-11 08:01:18.300,0,0.0025114486198872,0.0,1.0,,8.583740161614893
2021-02-11 08:01:18.310,0,-0.0027566177668345,7.418578286815518e-12,1.0,,6.392038126796026
2021-02-11 08:01:18.320,0,0.0031745761951382,1.4401682599749919e-11,1.0,,11.073135404841231
2021-02-11 08:01:18.330,0,0.0068733771733766,2.004411384273961e-11,1.0,,12.886290519216692
2021-02-11 08:01:18.340,0,-0.0013588897119974,2.476873730549587e-11,1.0,,11.037059234256315
2021-02-11 08:01:18.350,0,0.002880937031025,2.934749716736944e-11,1.0,,10.24265916071356
2021-02-11 08:01:18.360,0,-0.0031517647772673,3.2405538962907016e-11,1.0,,9.832008912587996
2021-02-11 08:01:18.370,0,-0.0028489406536484,3.452776531745918e-11,1.0,,10.098896129101226
2021-02-11 08:01:18.380,0,-0.0020013458342027,3.6489800707879696e-11,1.0,,10.849414882529592
2021-02-11 08:01:18.390,0,-0.0027972639465429,3.7803905965886646e-11,1.0,,9.073825176214342
2021-02-11 08:01:18.400,0,-0.0013391980264324,3.8448495199163485e-11,1.0,,11.368932246289157
2021-02-11 08:01:18.410,0,0.0038426620668584,3.8244774797102676e-11,1.0,,13.541332661260947
2021-02-11 08:01:18.420,0,-0.0088342601972907,3.832456687756846e-11,1.0,,8.641916958218243
2021-02-11 08:01:18.430,0,0.0017039205851606,3.816998784240345e-11,1.0,,9.169891254718642
2021-02-11 08:01:18.440,0,0.0030995411301103,3.7169544185690985e-11,1.0,,9.519206160890915
2021-02-11 08:01:18.450,0,3.589313068028125e-05,3.6057019536578274e-11,1.0,,12.045019210684066
2021-02-11 08:01:18.460,0,0.0034847926494954,3.505269653018655e-11,1.0,,13.62656977387951
2021-02-11 08:01:18.470,0,-0.002977786405525,3.360006688303577e-11,1.0,,9.20407630571685
2021-02-11 08:01:18.480,0,-0.0021378529187067,3.157306503105874e-11,1.0,,12.901628966378151
2021-02-11 08:01:18.490,0,-0.0007735593005976,2.992920437963016e-11,1.0,,10.280846296721041
2021-02-11 08:01:18.500,0,-0.0015559284192669,2.829946752967617e-11,1.0,,10.819577229990553
2021-02-11 08:01:18.510,0,0.0006803592632424,2.650148830489308e-11,1.0,,8.970813002134113
2021-02-11 08:01:18.520,0,0.0036816035203196,2.478250539417205e-11,1.0,,12.211619969138518
2021-02-11 08:01:18.530,0,0.0043825081814428,2.31892705521064e-11,1.0,,6.65259513368379
2021-02-11 08:01:18.540,0,0.0026596123271794,2.1307375254719173e-11,1.0,,10.611479625074352
2021-02-11 08:01:18.550,0,-0.0026327229228561,1.944572052863824e-11,1.0,,11.155117584330231
2021-02-11 08:01:18.560,0,0.0063124308548509,1.781877429636815e-11,1.0,,10.77711657729795
2021-02-11 08:01:18.570,0,0.0001893551245272,1.6357894253766224e-11,1.0,,12.567174285550617
2021-02-11 08:01:18.580,0,-0.0009463692605415,1.458403719806912e-11,1.0,,7.82124892821691
2021-02-11 08:01:18.590,0,0.0010849436683605,1.3065926470093683e-11,1.0,,9.761095025107391
2021-02-11 08:01:18.600,0,0.0006728173284912,1.1714056852817539e-11,1.0,,11.99226068949168
2021-02-11 08:01:18.610,0,0.0069833824174558,1.0240405587600794e-11,1.0,,13.402594547791988
2021-02-11 08:01:18.620,0,-0.0005279191133749,9.004387247667266e-12,1.0,,12.290409100357602
2021-02-11 08:01:18.630,0,0.0006045997268224,7.853353070138209e-12,1.0,,8.426058182322267
2021-02-11 08:01:18.640,0,0.0043197580261787,6.733073767968737e-12,1.0,,9.78412452280865
2021-02-11 08:01:18.650,0,0.0002383232364291,5.634292817125295e-12,1.0,,7.425093716803085
2021-02-11 08:01:18.660,0,-0.0009372443935766,4.679793386004e-12,1.0,,8.501537083849989
2021-02-11 08:01:18.670,0,-0.0057102268199344,3.889998064835885e-12,1.0,,12.934503276513883
2021-02-11 08:01:18.680,0,0.001551948081817,3.0153422709909783e-12,1.0,,10.700090279113144
2021-02-11 08:01:18.690,0,-0.0045111724906478,2.3270534614601664e-12,1.0,,11.405697310831606
2021-02-11 08:01:18.700,0,-0.0055155534552031,1.6986966473635669e-12,1.0,,9.148253118824313
2021-02-11 08:01:18.710,0,0.0001872774335567,1.1038283737140601e-12,1.0,,9.810087626452146
2021-02-11 08:01:18.720,0,0.0028171324934828,6.008051035863838e-13,1.0,,9.190090707172713
2021-02-11 08:01:18.730,0,0.0058596630936142,1.4830830350901712e-13,1.0,,13.705442644585428
2021-02-11 08:01:18.740,0,-0.0059634043238095,0.0,1.0,,10.294187547237053
2021-02-11 08:01:18.750,0,-0.0001081310085504,0.0,1.0,,12.614378127157355
2021-02-11 08:01:18.760,0,-0.0004034916374915,0.0,1.0,,9.764277653668447
2021-02-11 08:01:18.770,0,0.0055710614435654,0.0,1.0,,8.620467915566941
2021-02-11 08:01:18.780,0,-0.0015095535977819,0.0,1.0,,7.267021179339782
2021-02-11 08:01:18.790,0,0.0006166434667042,0.0,1.0,,8.556679983099462
2021-02-11 08:01:18.800,0,0.0066795840464453,0.0,1.0,,11.084796481489589
2021-02-11 08:01:18.810,0,0.0005794939741681,0.0,1.0,,11.994839748306273
2021-02-11 08:01:18.820,0,0.0037002422184006,0.0,1.0,,10.95931077592733
2021-02-11 08:01:18.830,0,0.0007477121502996,0.0,1.0,,9.943233222464414
2021-02-11 08:01:18.840,0,0.0069620282748817,0.0,1.0,,11.855299614117158
2021-02-11 08:01:18.850,0,-0.000765959050714,0.0,1.0,,10.752905762301678
2021-02-11 08:01:18.860,0,0.0020369467015791,0.0,1.0,,9.674223042246963
2021-02-11 08:01:18.870,0,-0.0003003546167256,0.0,1.0,,6.505226906599546
2021-02-11 08:01:18.880,0,-0.0006207397628748,0.0,1.0,,13.077605100008842
2021-02-11 08:01:18.890,0,0.0023711423623141,0.0,1.0,,10.662161843144217
2021-02-11 08:01:18.900,0,0.0048131151187601,0.0,1.0,,11.919661441098828
2021-02-11 08:01:18.910,0,-0.0042217358514986,0.0,1.0,,7.570509441719782
2021-02-11 08:01:18.920,0,-0.0011001915014703,0.0,1.0,,8.798156321549362
2021-02-11 08:01:18.930,0,0.0068381715515836,0.0,1.0,,5.427977242147286
2021-02-11 08:01:18.940,0,-0.0016191078834334,0.0,1.0,,9.525008273546119
2021-02-11 08:01:18.950,0,-0.0039558507244757,0.0,1.0,,9.363242271582452
2021-02-11 08:01:18.960,0,-0.004210823635358,0.0,1.0,,11.469722859445211
2021-02-11 08:01:18.970,0,-0.0049161177239212,0.0,1.0,,9.8769596200671
2021-02-11 08:01:18.980,0,-8.727196220822347e-05,0.0,1.0,,12.167768871788745
2021-02-11 08:01:18.990,0,0.0015121416053544,0.0,1.0,,12.956069854489998
2021-02-11 08:01:19.000,0,-0.0047931062574196,0.0,1.0,,9.678155472059425
2021-02-11 08:01:19.010,0,-0.001526191747513,0.0,1.0,,8.357557653327035
2021-02-11 08:01:19.020,0,0.0067803450657808,0.0,1.0,,11.22138699210998
2021-02-11 08:01:19.030,0,0.0020971698829609,0.0,1.0,,7.423388191704536
2021-02-11 08:01:19.040,0,-0.0028634378114302,0.0,1.0,,9.29941362173706
2021-02-11 08:01:19.050,0,-0.0021631054142411,0.0,1.0,,8.909396027674669
2021-02-11 08:01:19.060,0,0.0020416995806609,0.0,1.0,,7.172985284423375
2021-02-11 08:01:19.070,0,-0.001540985275256,0.0,1.0,,10.736542499545273
2021-02-11 08:01:19.080,0,-0.0029795655612809,0.0,1.0,,7.475614868761953
2021-02-11 08:01:19.090,0,0.0021974567279744,0.0,1.0,,10.844948043817492
2021-02-11 08:01:19.100,0,-0.0047993919457563,0.0,1.0,,10.620301881774317
2021-02-11 08:01:19.110,0,0.0028402970674451,0.0,1.0,,10.513506835835747
2021-02-11 08:01:19.120,0,-0.0019924130018993,0.0,1.0,,9.812171199353564
2021-02-11 08:01:19.130,0,0.0016893341053476,0.0,1.0,,7.136285571441899
2021-02-11 08:01:19.140,0,0.0027913939973396,0.0,1.0,,9.273205711243419
2021-02-11 08:01:19.150,0,-0.0029618802114438,0.0,1.0,,9.28678416166686
2021-02-11 08:01:19.160,0,0.0023926385862529,0.0,1.0,,11.368136152517621
2021-02-11 08:01:19.170,0,-0.0005627772632773,6.325236384300614e-15,1.0,,9.44712757905081
2021-02-11 08:01:19.180,0,0.0096105285906842,2.2837917217657285e-14,1.0,,14.93581488123995
2021-02-11 08:01:19.190,0,0.0043841603563376,3.664545182399238e-14,1.0,,12.971134959294801
2021-02-11 08:01:19.200,0,0.0026189797600412,4.8687189235665304e-14,1.0,,11.104785223713455
2021-02-11 08:01:19.210,0,0.0029039357260972,5.812146021922664e-14,1.0,,7.553584982143021
2021-02-11 08:01:19.220,0,0.0010688723866757,6.563834453497543e-14,1.0,,9.335610642775297
2021-02-11 08:01:19.230,0,-0.0010450616834048,7.193370731610512e-14,1.0,,7.880863106899204
2021-02-11 08:01:19.240,0,9.395246760800632e-05,7.714894293227938e-14,1.0,,9.627841747623151
2021-02-11 08:01:19.250,0,-0.0029917617277084,7.992686434538066e-14,1.0,,9.57288061441479
2021-02-11 08:01:19.260,0,0.0032905507700988,8.244159439479159e-14,1.0,,7.925725490560368
2021-02-11 08:01:19.270,0,-0.0042905657310139,8.367608180277903e-14,1.0,,10.984975816934428
2021-02-11 08:01:19.280,0,-0.0025977978400438,8.278842175871875e-14,1.0,,11.200638515099197
2021-02-11 08:01:19.290,0,0.0015106190392771,8.236038026451908e-14,1.0,,13.32996765177808
2021-02-11 08:01:19.300,0,-0.0020179249034117,8.040794420525908e-14,1.0,,11.271399877855446
2021-02-11 08:01:19.310,0,0.0022410122038333,7.853170839524457e-14,1.0,,11.482996866540452
2021-02-11 08:01:19.320,0,-0.0008398491072786,7.60165332068845e-14,1.0,,10.237778606903076
2021-02-11 08:01:19.330,0,0.0001263096537505,7.286030820847174e-14,1.0,,14.283804305401784
2021-02-11 08:01:19.340,0,-0.0004738015377463,6.918567832916543e-14,1.0,,7.350623113152933
2021-02-11 08:01:19.350,0,0.0016647425869298,6.674352976664141e-14,1.0,,11.059538543303903
2021-02-11 08:01:19.360,0,0.0030113344426563,6.294022186683262e-14,1.0,,12.130466026383854
2021-02-11 08:01:19.370,0,0.0006022462325491,5.927855807204594e-14,1.0,,13.84547042449673
2021-02-11 08:01:19.380,0,0.0024027252132618,5.500193640104437e-14,1.0,,10.761456332372193
2021-02-11 08:01:19.390,0,-0.0017943078957924,5.1003592897572925e-14,1.0,,12.91567157232603
2021-02-11 08:01:19.400,0,0.0025096086144793,4.7680338639891624e-14,1.0,,6.834923328269604
2021-02-11 08:01:19.410,0,0.0017421937691406,4.3746475313012826e-14,1.0,,8.258495508291613
2021-02-11 08:01:19.420,0,0.0062898924742377,4.0242131109420746e-14,1.0,,10.341312500446099
2021-02-11 08:01:19.430,0,0.0012323757630023,3.6077273700243074e-14,1.0,,11.139409275814161
2021-02-11 08:01:19.440,0,0.0029331920073543,3.2814262607939945e-14,1.0,,10.959429599159664
2021-02-11 08:01:19.450,0,-0.0011324727696422,2.954020071183841e-14,1.0,,11.624512664473032
2021-02-11 08:01:19.460,0,0.0003648247376904,2.6315765135555643e-14,1.0,,8.05987042462523
2021-02-11 08:01:19.470,0,0.0013369691556742,2.3301209277772745e-14,1.0,,9.692943650591292
2021-02-11 08:01:19.480,0,0.0002739401937784,2.0327619680856362e-14,1.0,,13.003290822103695
2021-02-11 08:01:19.490,0,-0.0042989406464107,1.7741244213851674e-14,1.0,,10.576698225656841
2021-02-11 08:01:19.500,0,0.0037538960500013,1.5402506892300957e-14,1.0,,9.660640559147799
2021-02-11 08:01:19.510,0,0.0040478457175342,1.3043263574869032e-14,1.0,,6.312982176115261
2021-02-11 08:01:19.520,0,-0.0021023266776842,1.0939863112296508e-14,1.0,,9.802043656892458
2021-02-11 08:01:19.530,0,0.0002144961944487,8.995613035819388e-15,1.0,,10.636984854565217
2021-02-11 08:01:19.540,0,-0.005894751629878,7.294356938274855e-15,1.0,,9.589080005159113
2021-02-11 08:01:19.550,0,0.0001580145405811,5.7388607219562246e-15,1.0,,10.555103604116525
2021-02-11 08:01:19.560,0,0.0011060935541575,4.23756500379726e-15,1.0,,11.308626702163158
2021-02-11 08:01:19.570,0,-0.0003118054882223,2.9772020285378668e-15,1.0,,9.871015650702951
2021-02-11 08:01:19.580,0,0.0008776245367755,1.837437583193124e-15,1.0,,11.034965440637395
2021-02-11 08:01:19.590,0,0.0017162930886366,8.39141368293915e-16,1.0,,8.608237325545012
2021-02-11 08:01:19.600,0,0.0064158095688445,0.0,1.0,,8.876029032784771
2021-02-11 08:01:19.610,0,0.0020945734445937,0.0,1.0,,12.259031679156358
2021-02-11 08:01:19.620,0,2.338071005796713e-05,0.0,1.0,,10.383848412241795
2021-02-11 08:01:19.630,0,-0.0013889571091231,0.0,1.0,,6.336140125955174
2021-02-11 08:01:19.640,0,-0.0005098788788688,0.0,1.0,,11.257772953714666
2021-02-11 08:01:19.650,0,-0.0026330505979256,0.0,1.0,,9.82144168665974
2021-02-11 08:01:19.660,0,0.0041606680376649,0.0,1.0,,10.560305257559733
2021-02-11 08:01:19.670,0,0.0005708496049172,0.0,1.0,,13.949939982255108
2021-02-11 08:01:19.680,0,0.0013499626745591,0.0,1.0,,11.174228824601347
2021-02-11 08:01:19.690,0,0.0047363831575689,0.0,1.0,,6.934239447165112
2021-02-11 08:01:19.700,0,0.0002512690974424,0.0,1.0,,11.675686362327504
2021-02-11 08:01:19.710,0,-0.0033577912484544,0.0,1.0,,12.243964317310384
2021-02-11 08:01:19.720,0,0.0039852167826732,0.0,1.0,,12.266365101074399
2021-02-11 08:01:19.730,0,-0.0014891046648719,0.0,1.0,,9.35679296969151
2021-02-11 08:01:19.740,0,-0.001299857694131,0.0,1.0,,9.656285913455378
2021-02-11 08:01:19.750,0,-0.0014338820457052,0.0,1.0,,9.945235519115155
2021-02-11 08:01:19.760,0,-0.0022234405684221,0.0,1.0,,10.21777692719488
2021-02-11 08:01:19.770,0,0.0057102285545588,0.0,1.0,,11.070064729901397
2021-02-11 08:01:19.780,0,0.0002744136025653,0.0,1.0,,12.41532111920451
2021-02-11 08:01:19.790,0,0.0007600438194596,0.0,1.0,,9.504100601630732
2021-02-11 08:01:19.800,0,0.0047167926860231,0.0,1.0,,7.294135628284913
2021-02-11 08:01:19.810,0,-0.0024585613610847,0.0,1.0,,10.413833813597883
2021-02-11 08:01:19.820,0,-0.0008589010393353,0.0,1.0,,10.471958792652243
2021-02-11 08:01:19.830,0,-2.9725388954689e-06,0.0,1.0,,9.684108411004422
2021-02-11 08:01:19.840,0,-0.0021624906827923,0.0,1.0,,10.44512643263952
2021-02-11 08:01:19.850,0,-0.0007253489934795,0.0,1.0,,13.49606852963965
2021-02-11 08:01:19.860,0,-0.0032964301650376,0.0,1.0,,11.814586406300416
2021-02-11 08:01:19.870,0,-0.0032723405155638,0.0,1.0,,12.787388524001843
2021-02-11 08:01:19.880,0,-0.0016632721255802,0.0,1.0,,9.0891658160775
2021-02-11 08:01:19.890,0,0.0006232540027416,0.0,1.0,,6.418385505943221
2021-02-11 08:01:19.900,0,-0.0006787357961161,0.0,1.0,,10.13873406210214
2021-02-11 08:01:19.910,0,-0.0034572847612434,0.0,1.0,,7.419104004316007
2021-02-11 08:01:19.920,0,0.0032483505822977,0.0,1.0,,10.66216083303389
2021-02-11 08:01:19.930,0,0.0006227061769438,0.0,1.0,,9.681966084293453
2021-02-11 08:01:19.940,0,-0.0033391885220063,0.0,1.0,,8.61827404384184
2021-02-11 08:01:19.950,0,-0.0039343580014588,0.0,1.0,,10.673706500724933
2021-02-11 08:01:19.960,0,-0.0061533549689161,0.0,1.0,,11.881370454494057
2021-02-11 08:01:19.970,0,-0.0010810371164291,0.0,1.0,,9.51134276551321
2021-02-11 08:01:19.980,0,-0.0045020098643987,0.0,1.0,,7.439811436802264
2021-02-11 08:01:19.990,0,-0.0023278368828991,0.0,1.0,,10.120663546530418
2021-02-11 08:01:20.000,0,0.0056293934916734,0.0,1.0,,11.053664089865984
2021-02-11 08:01:20.010,0,0.0006082498741649,0.0,1.0,,12.872111372309387
2021-02-11 08:01:20.020,0,-0.0050976720051754,0.0,1.0,,6.125740414623893
2021-02-11 08:01:20.030,0,0.0048779617831374,0.0,1.0,,9.602667575692369
2021-02-11 08:01:20.040,0,0.0007954209710195,2.824161181423101e-17,1.0,,11.142186667271961
2021-02-11 08:01:20.050,0,-0.0023843906636368,5.998020142467455e-17,1.0,,14.773677856732176
2021-02-11 08:01:20.060,0,-0.0074478061453969,8.698733565238773e-17,1.0,,13.423218581475727
2021-02-11 08:01:20.070,0,-0.0072401836953728,1.091768151799116e-16,1.0,,8.041322707116947
2021-02-11 08:01:20.080,0,0.0026734355903185,1.2992350344072776e-16,1.0,,8.137184550870298
2021-02-11 08:01:20.090,0,-0.0020394425983125,1.4286554442412644e-16,1.0,,7.933107800961798
2021-02-11 08:01:20.100,0,-0.0027029231635282,1.5499395068882596e-16,1.0,,13.994649695187235
2021-02-11 08:01:20.110,0,0.0044023787744229,1.6376498525239596e-16,1.0,,10.438172408320716
2021-02-11 08:01:20.120,0,0.0022952281365752,1.7005960894357278e-16,1.0,,13.253861568447288
2021-02-11 08:01:20.130,0,-0.0046688099595144,1.7205092318501603e-16,1.0,,9.762879724039147
2021-02-11 08:01:20.140,0,-0.0003818577652852,1.7463985267476212e-16,1.0,,10.4933197784068
2021-02-11 08:01:20.150,0,-0.0016745719171836,1.7362454295909015e-16,1.0,,8.700133923850384
2021-02-11 08:01:20.160,0,-0.0051234847945987,1.7093123002105862e-16,1.0,,8.172542743028316
2021-02-11 08:01:20.170,0,-0.0033535021725059,1.67716888658807e-16,1.0,,11.954518096014445
2021-02-11 08:01:20.180,0,0.0027414392804033,1.6398489554846167e-16,1.0,,10.276967685192325
2021-02-11 08:01:20.190,0,-0.0045393782830203,1.5928953327002846e-16,1.0,,11.417998731342689
2021-02-11 08:01:20.200,0,-0.0018165030810194,1.526223724252263e-16,1.0,,11.98331631100147
2021-02-11 08:01:20.210,0,-0.0016674655151101,1.4549150843436282e-16,1.0,,11.097909933649223
2021-02-11 08:01:20.220,0,0.0052597835025239,1.3773433527308223e-16,1.0,,11.948258953875333
2021-02-11 08:01:20.230,0,0.0058402450720829,1.3019110515717652e-16,1.0,,11.06829913107486
2021-02-11 08:01:20.240,0,-0.003524079167134,1.2157082359883228e-16,1.0,,9.142947190720585
2021-02-11 08:01:20.250,0,0.0031131607358316,1.1335937856179114e-16,1.0,,11.723767247331923
2021-02-11 08:01:20.260,0,-0.0033316993823837,1.0579506433953967e-16,1.0,,8.49175739953078
2021-02-11 08:01:20.270,0,-0.0065566357338905,9.811291065805851e-17,1.0,,11.97476372637854
2021-02-11 08:01:20.280,0,-0.0023251707023906,9.042856214525906e-17,1.0,,10.666149012354408
2021-02-11 08:01:20.290,0,-0.0007630708770768,8.303036843715004e-17,1.0,,11.253950167918433
2021-02-11 08:01:20.300,0,0.0031996705734509,7.469508640183453e-17,1.0,,9.085404677896477
2021-02-11 08:01:20.310,0,-0.0011237825618618,6.738769376319814e-17,1.0,,7.95144526397488
2021-02-11 08:01:20.320,0,-0.0015467273716793,6.022565235410682e-17,1.0,,8.05430095962975
2021-02-11 08:01:20.330,0,8.259926464505348e-05,5.414767648962231e-17,1.0,,8.31128302321357
2021-02-11 08:01:20.340,0,0.0009330358469708,4.768103019772334e-17,1.0,,8.42911745272994
2021-02-11 08:01:20.350,0,-0.0022781338359227,4.198499772901675e-17,1.0,,8.494607468220893
2021-02-11 08:01:20.360,0,-1.196702606929733e-07,3.628810370183223e-17,1.0,,9.934855213396867
2021-02-11 08:01:20.370,0,0.0031862025549353,3.118186564998957e-17,1.0,,11.99776317040731
2021-02-11 08:01:20.380,0,0.0043723329832056,2.632329012098577e-17,1.0,,9.949393812551019
2021-02-11 08:01:20.390,0,0.0036625113849629,2.198818426350096e-17,1.0,,8.92335048902179
2021-02-11 08:01:20.400,0,-0.0054333487278582,1.7950855246416433e-17,1.0,,8.983103207516372
2021-02-11 08:01:20.410,0,0.0009627156302379,1.4275017834507153e-17,1.0,,15.784120867567982
2021-02-11 08:01:20.420,0,-0.0023518224020363,1.0944500410960953e-17,1.0,,7.937653994536493
2021-02-11 08:01:20.430,0,-0.001544622281424,8.037411984427629e-18,1.0,,7.2373281138822705
2021-02-11 08:01:20.440,0,-0.0038754452532096,5.362289750874809e-18,1.0,,7.5633677416733
2021-02-11 08:01:20.450,0,0.0051507073066902,3.034266507846835e-18,1.0,,8.217867568705291
2021-02-11 08:01:20.460,0,-0.0001090525351909,9.4537944464539e-19,1.0,,9.255186520920937
2021-02-11 08:01:20.470,0,-0.000984729441019,0.0,1.0,,11.350275157586573
2021-02-11 08:01:20.480,0,0.0001280395296627,0.0,1.0,,13.65824241861771
2021-02-11 08:01:20.490,0,0.0005694638908164,0.0,1.0,,9.644779257545375
2021-02-11 08:01:20.500,0,0.0017313502191851,0.0,1.0,,9.615659220892788
2021-02-11 08:01:20.510,0,0.00129675567632,0.0,1.0,,12.332420711334617
2021-02-11 08:01:20.520,0,0.0006139535292067,0.0,1.0,,11.218092562456231
2021-02-11 08:01:20.530,0,-0.0031753526978065,0.0,1.0,,9.18221509024825
2021-02-11 08:01:20.540,0,-0.005767003638804,0.0,1.0,,13.615376964548974
2021-02-11 08:01:20.550,0,0.0017208326614018,0.0,1.0,,4.635877329485328
2021-02-11 08:01:20.560,0,0.0035780668421301,0.0,1.0,,7.200198205328991
2021-02-11 08:01:20.570,0,0.0031326790728096,0.0,1.0,,9.998397064027765
2021-02-11 08:01:20.580,0,0.0011225246525138,0.0,1.0,,12.063587890379583
2021-02-11 08:01:20.590,0,-0.0010898659810477,0.0,1.0,,7.81718912056282
2021-02-11 08:01:20.600,0,0.0021256919787093,0.0,1.0,,12.744303881366285
2021-02-11 08:01:20.610,0,0.0008747100154122,0.0,1.0,,5.056841638083003
2021-02-11 08:01:20.620,0,0.0032230117766807,0.0,1.0,,10.713993487043975
2021-02-11 08:01:20.630,0,0.0048158378988559,0.0,1.0,,9.54871614877966
2021-02-11 08:01:20.640,0,-0.0021778375911601,0.0,1.0,,11.338152254448964
2021-02-11 08:01:20.650,0,-0.0028243705126179,0.0,1.0,,11.06699578766829
2021-02-11 08:01:20.660,0,0.0069488506237149,0.0,1.0,,9.892292440422795
2021-02-11 08:01:20.670,0,-0.0041243757464626,0.0,1.0,,12.359624997927876
2021-02-11 08:01:20.680,0,0.0006419718336982,0.0,1.0,,10.10004111033835
2021-02-11 08:01:20.690,0,-0.0037736533021586,0.0,1.0,,8.643511393790284
2021-02-11 08:01:20.700,0,-0.0014193644762617,0.0,1.0,,9.098630605168532
2021-02-11 08:01:20.710,0,0.0020994741058155,0.0,1.0,,5.24467140847065
2021-02-11 08:01:20.720,0,0.0033103000207331,0.0,1.0,,10.658759293848748
2021-02-11 08:01:20.730,0,-0.0008017375087609,0.0,1.0,,9.873522271452707
2021-02-11 08:01:20.740,0,-0.005188730475019,0.0,1.0,,10.82186490494934
2021-02-11 08:01:20.750,0,0.0012593705585941,0.0,1.0,,9.282229152587721
2021-02-11 08:01:20.760,0,-0.0014198227408067,0.0,1.0,,10.799692676514892
2021-02-11 08:01:20.770,0,0.002089737015287,0.0,1.0,,9.779138992837712
2021-02-11 08:01:20.780,0,0.0067285905036619,0.0,1.0,,10.014545359232303
2021-02-11 08:01:20.790,0,0.0006520465635265,0.0,1.0,,9.7982487219052
2021-02-11 08:01:20.800,0,0.0010628800352175,0.0,1.0,,10.252597981446804
2021-02-11 08:01:20.810,0,0.0009082514775013,0.0,1.0,,10.281186843443178
2021-02-11 08:01:20.820,0,0.0012131948140282,0.0,1.0,,7.872433933938681
2021-02-11 08:01:20.830,0,-0.0058980286214168,0.0,1.0,,12.6594600332165
2021-02-11 08:01:20.840,0,-0.0008976888180553,0.0,1.0,,8.983832520255671
2021-02-11 08:01:20.850,0,-0.0018578591785358,0.0,1.0,,11.36527863863984
2021-02-11 08:01:20.860,0,0.004749096637236,0.0,1.0,,11.799569490691315
2021-02-11 08:01:20.870,0,0.0002586312837589,0.0,1.0,,11.378372901358885
2021-02-11 08:01:20.880,0,-0.001938133133457,0.0,1.0,,11.381420511022558
2021-02-11 08:01:20.890,0,0.0050795125855982,0.0,1.0,,7.620496519507112
2021-02-11 08:01:20.900,0,-0.0001151165043517,1.654399599546123e-20,1.0,,10.592769810384079
2021-02-11 08:01:20.910,0,0.0026833885874344,8.978714387857563e-20,1.0,,9.305517769127873
2021-02-11 08:01:20.920,0,0.0018025433928726,1.5267613182986086e-19,1.0,,10.71183820550483
2021-02-11 08:01:20.930,0,0.0038649016614304,2.0673734803818287e-19,1.0,,7.82797262344079
2021-02-11 08:01:20.940,0,0.0026241735693066,2.523328412240636e-19,1.0,,11.784785235253192
2021-02-11 08:01:20.950,0,0.0037664980282342,2.8590394529438072e-19,1.0,,7.325405721554338
2021-02-11 08:01:20.960,0,-0.0022705435611435,3.1163085704749293e-19,1.0,,6.884614376346798
2021-02-11 08:01:20.970,0,-0.0045058068133735,3.335965775631944e-19,1.0,,11.421843493367216
2021-02-11 08:01:20.980,0,0.0040085313211642,3.5176586458013e-19,1.0,,10.436089593024828
2021-02-11 08:01:20.990,0,-0.0068404583262406,3.577742955055555e-19,1.0,,6.52431095153537
2021-02-11 08:01:21.000,1,-0.00445501195405,3.677569241371413e-19,1.0,,9.950985410377587
2021-02-11 08:01:21.010,1,-0.0011656252950928,3.6715879599268544e-19,1.0,,8.421848469385525
2021-02-11 08:01:21.020,1,0.0068536309897423,3.6314057859579672e-19,1.0,,10.564691341095862
2021-02-11 08:01:21.030,1,0.0003964466116049,3.5778145756202343e-19,1.0,,11.036328431305522
2021-02-11 08:01:21.040,1,0.0021406228107675,3.492471864428197e-19,1.0,,12.101179565760404
2021-02-11 08:01:21.050,1,0.0016326329625184,3.374772511886926e-19,1.0,,10.966051739587229
2021-02-11 08:01:21.060,1,0.000499352620563,3.2647688828173384e-19,1.0,,7.996854685116576
2021-02-11 08:01:21.070,1,-0.0051737226548864,3.138015337828843e-19,1.0,,14.29276628546423
2021-02-11 08:01:21.080,1,-0.0006584334818271,2.9915934612949023e-19,1.0,,11.229045157170493
2021-02-11 08:01:21.090,1,-0.001366558637849,3.648987627864941,1.0,,4160.770910564192
2021-02-11 08:01:21.100,1,0.0113024943421953,13.973730076101743,1.0,,18202.79633186576
2021-02-11 08:01:21.110,1,0.0153779666879863,29.76715767503942,1.0,,41805.76295391187
2021-02-11 08:01:21.120,1,0.0409044495553879,50.0013804409023,1.0,,73952.495186975
2021-02-11 08:01:21.130,1,0.0667743202389408,75.4074078547808,1.0,,116198.63637867915
2021-02-11 08:01:21.140,1,0.0791612352265007,103.21917855784218,0.0,,164125.93675355043
2021-02-11 08:01:21.150,1,0.0854478743966554,135.10396713973964,0.0,,220678.623731056
2021-02-11 08:01:21.160,1,0.1280304291922818,172.13497133769994,0.0,,288064.22960919834
2021-02-11 08:01:21.170,1,0.1222876982403793,209.8487904040313,0.0,,358193.52570355905
2021-02-11 08:01:21.180,1,0.1630816477478681,252.84738890106743,0.0,,439705.6505848174
2021-02-11 08:01:21.190,1,0.241298022472741,291.69614870522463,0.0,,514570.4937805525
2021-02-11 08:01:21.200,1,0.242161122021452,334.9714491398247,0.0,,599134.7614926711
2021-02-11 08:01:21.210,1,0.2794024426571302,378.6574697035009,0.0,,685626.5051317895
2021-02-11 08:01:21.220,1,0.3024006251573529,420.98750984762086,0.0,,770390.7716571023
2021-02-11 08:01:21.230,1,0.3819581215031201,458.59167441898734,0.0,,846415.7546514587
2021-02-11 08:01:21.240,1,0.3693756669646464,499.804327004202,0.0,,930450.0565259402
2021-02-11 08:01:21.250,1,0.3302127133172423,546.4929505388421,0.0,,1026490.4204626763
2021-02-11 08:01:21.260,1,0.5145456923761048,577.2021906265678,0.0,,1090122.609444436
2021-02-11 08:01:21.270,1,0.5134447962260142,619.8699350712427,0.0,,1179080.9021201055
2021-02-11 08:01:21.280,1,0.5832491728226998,645.9044060840507,0.0,,1233667.286845304
2021-02-11 08:01:21.290,1,0.5476212703448906,682.3911635961211,0.0,,1310539.199919227
2021-02-11 08:01:21.300,1,0.5164251391363718,711.8720034446378,0.0,,1372948.8051579138
2021-02-11 08:01:21.310,1,0.4736898042511752,743.6016632027748,0.0,,1440406.3651963007
2021-02-11 08:01:21.320,1,0.6103466556362206,773.3087803869838,0.0,,1503830.4334110627
2021-02-11 08:01:21.330,1,0.5705822965409368,788.3102133902887,0.0,,1535949.6112563694
2021-02-11 08:01:21.340,1,0.6641664269418264,804.8225904646977,0.0,,1571383.597120531
2021-02-11 08:01:21.350,1,0.5751399180088951,834.4714840541342,0.0,,1635171.119415923
2021-02-11 08:01:21.360,1,0.5693688949280519,851.6527074327948,0.0,,1672238.092425946
2021-02-11 08:01:21.370,1,0.7535054554058044,880.5175579981836,0.0,,1734697.9007692225
2021-02-11 08:01:21.380,1,0.6072181811215186,883.3608181019157,0.0,,1740853.5420943806
2021-02-11 08:01:21.390,1,0.7393348698137397,899.0735209041037,0.0,,1774949.4946407198
2021-02-11 08:01:21.400,1,0.6666415971568624,928.0705387186392,0.0,,1838017.5570119843
2021-02-11 08:01:21.410,1,0.6227184618300177,927.7389799353708,0.0,,1837290.7327758519
2021-02-11 08:01:21.420,1,0.5911862017803869,926.5557838340152,0.0,,1834711.8316828734
2021-02-11 08:01:21.430,1,0.670759456627303,949.1534052331732,0.0,,1883996.4865449874
2021-02-11 08:01:21.440,1,0.7814402814678668,953.8629233391014,0.0,,1894290.2583406908
2021-02-11 08:01:21.450,1,0.7930522005293215,959.1934381652568,0.0,,1905935.2937477804
2021-02-11 08:01:21.460,1,0.8058697695378235,965.3251189012656,0.0,,1919344.691877836
2021-02-11 08:01:21.470,1,0.724702547640199,970.1975123470072,0.0,,1929999.0166453994
2021-02-11 08:01:21.480,1,0.828911399034409,963.8377322183376,0.0,,1916090.497505425
2021-02-11 08:01:21.490,1,0.6416132582179767,979.6913105533482,0.0,,1950774.6143350475
2021-02-11 08:01:21.500,1,0.8174807202237301,969.0803577560708,0.0,,1927555.2835287466
2021-02-11 08:01:21.510,1,0.7617168162919356,989.7057820166368,0.0,,1972729.8921224268
2021-02-11 08:01:21.520,1,0.7644593420797136,980.296613408158,0.0,,1952108.8146424436
2021-02-11 08:01:21.530,1,0.7875815203912013,985.1630614355472,0.0,,1962772.0959495872
2021-02-11 08:01:21.540,1,0.7202553337011616,974.7543595401436,0.0,,1939970.29549929
2021-02-11 08:01:21.550,1,0.8139896107345204,977.4093126805576,0.0,,1945787.9913948127
2021-02-11 08:01:21.560,1,0.829353137160954,974.1410697365249,0.0,,1938631.111208699
2021-02-11 08:01:21.570,1,0.8669471856023478,991.6695928882652,0.0,,1977041.3956299513
2021-02-11 08:01:21.580,1,0.60021575537108,976.0189944466124,0.0,,1942730.153132901
2021-02-11 08:01:21.590,1,0.6159052694650846,980.155501481362,0.0,,1951792.3457232085
2021-02-11 08:01:21.600,1,0.6708880243992782,979.3758731913236,0.0,,1950086.381959013
2021-02-11 08:01:21.610,1,0.7001478227593156,969.005123781758,0.0,,1927389.636437689
2021-02-11 08:01:21.620,1,0.5742304154293331,965.6039410049784,0.0,,1919937.9704908356
2021-02-11 08:01:21.630,1,0.6420990101952887,971.0247716817552,0.0,,1931803.649995365
2021-02-11 08:01:21.640,1,0.6196676081692178,963.520483461354,0.0,,1915383.2715252747
2021-02-11 08:01:21.650,1,0.7495463542341168,972.4902690089062,0.0,,1935015.7292264225
2021-02-11 08:01:21.660,1,0.7197875569065715,958.4162977471956,0.0,,1904233.231180943
2021-02-11 08:01:21.670,1,0.5878261962422087,948.7763515401356,0.0,,1883169.3066015567
2021-02-11 08:01:21.680,1,0.7809836871267634,962.6196405633776,0.0,,1913427.1572325134
2021-02-11 08:01:21.690,1,0.6737942535311257,970.8738516679872,0.0,,1931474.1421737904
2021-02-11 08:01:21.700,1,0.6527213701188602,964.1872410228326,0.0,,1916844.8241743378
2021-02-11 08:01:21.710,1,0.6415442017756893,963.0653784361352,0.0,,1914391.7924770475
2021-02-11 08:01:21.720,1,0.6686849192771596,957.471344105078,0.0,,1902164.8217809948
2021-02-11 08:01:21.730,1,0.8629476886103796,955.560999834998,0.0,,1897998.285651687
2021-02-11 08:01:21.740,1,0.6602020189595521,944.2547014363232,0.0,,1873303.2054229276
2021-02-11 08:01:21.750,1,0.7461006467467394,943.0731154818948,0.0,,1870731.9481421083
2021-02-11 08:01:21.760,1,0.6111513911373131,947.0423103295276,0.0,,1879385.8545022376
2021-02-11 08:01:21.770,1,0.7734685230314216,949.513526975957,0.0,,1884787.2381573047
2021-02-11 08:01:21.780,1,0.7843844652369626,948.4162713934234,0.0,,1882389.8663355084
2021-02-11 08:01:21.790,1,0.7864793857994731,947.9473737970568,0.0,,1881369.311258668
2021-02-11 08:01:21.800,1,0.6124680394940443,935.1295652388402,0.0,,1853396.944617451
2021-02-11 08:01:21.810,1,0.7685180862133011,951.8062642056176,0.0,,1889793.089596563
2021-02-11 08:01:21.820,1,0.7420460652378036,935.5468874054288,0.0,,1854311.8116911703
2021-02-11 08:01:21.830,1,0.8783994116543212,938.5108748631948,0.0,,1860782.5163495452
2021-02-11 08:01:21.840,1,0.7687366942418968,946.87985250535,0.0,,1879037.7934954031
2021-02-11 08:01:21.850,1,0.8289132323761961,947.1184992158998,0.0,,1879560.9714551566
2021-02-11 08:01:21.860,1,0.7764700634489684,943.9554796019888,0.0,,1872656.6227335583
2021-02-11 08:01:21.870,1,0.6835072446791189,941.6120075942044,0.0,,1867537.1873857817
2021-02-11 08:01:21.880,1,0.7018505367952363,936.000806697909,0.0,,1855300.2634775722
2021-02-11 08:01:21.890,1,0.7539946790258438,938.7509311668788,0.0,,1861303.7423550487
2021-02-11 08:01:21.900,1,0.8457606097684433,935.346986875733,0.0,,1853881.1372408199
2021-02-11 08:01:21.910,1,0.7154163248560877,941.3983970742576,0.0,,1867071.9076352955
2021-02-11 08:01:21.920,1,0.6197740563885415,939.250677180824,0.0,,1862383.879565944
2021-02-11 08:01:21.930,1,0.6609985695351881,944.7645558474892,0.0,,1874415.7682081752
2021-02-11 08:01:21.940,1,0.8327717518953076,945.5202570016944,0.0,,1876073.8612354978
2021-02-11 08:01:21.950,1,0.8824488098054911,938.0191407289838,0.0,,1859709.8926716258
2021-02-11 08:01:21.960,1,0.9169491999563156,937.836615762004,0.0,,1859312.23738809
2021-02-11 08:01:21.970,1,0.7854101369273809,929.798292995746,0.0,,1841784.5607721289
2021-02-11 08:01:21.980,1,0.9394460497041308,943.947527339306,0.0,,1872648.6328434525
2021-02-11 08:01:21.990,1,0.6270771109201184,943.9482124498164,0.0,,1872630.985796854
2021-02-11 08:01:22.000,1,0.668893468132338,942.6293608886556,0.0,,1869756.6889188006
2021-02-11 08:01:22.010,1,0.6680163419763636,943.652536516082,0.0,,1871988.2750302067
2021-02-11 08:01:22.020,1,0.8956534479595445,941.842374583783,0.0,,1868054.0666110225
2021-02-11 08:01:22.030,1,0.7603050923155672,939.6189550982888,0.0,,1863196.9490361144
2021-02-11 08:01:22.040,1,0.7369506618054916,939.0248393947932,0.0,,1861898.5556661754
2021-02-11 08:01:22.050,1,0.6620552003382375,938.5720209522456,0.0,,1860901.4243846654
2021-02-11 08:01:22.060,1,0.7069927341629054,939.5204108662948,0.0,,1862977.1393033399
2021-02-11 08:01:22.070,1,0.6448847914936071,940.5306763020802,0.0,,1865176.9020032391
2021-02-11 08:01:22.080,1,0.8252478116051296,937.2061446159393,0.0,,1857939.7008437596
2021-02-11 08:01:22.090,1,0.8538361975671837,937.5279073180076,0.0,,1858640.0739794367
2021-02-11 08:01:22.100,1,0.9106817115029532,944.3155786792566,0.0,,1873448.759689889
2021-02-11 08:01:22.110,1,0.6539614023191581,942.1258875740144,0.0,,1868659.817254072
2021-02-11 08:01:22.120,1,0.7853601748621395,935.8912914165112,0.0,,1855063.0036774168
2021-02-11 08:01:22.130,1,0.8678269561569354,941.4026357939584,0.0,,1867091.2322026463
2021-02-11 08:01:22.140,1,0.9144492478585058,937.9099823684236,0.0,,1859471.469721201
2021-02-11 08:01:22.150,1,0.9254257192800304,940.4771788764384,0.0,,1865073.4356279233
2021-02-11 08:01:22.160,1,0.918958057558768,935.6824905366234,0.0,,1854613.2907425333
2021-02-11 08:01:22.170,1,0.933057519071223,948.3702133611264,0.0,,1882298.4075213165
2021-02-11 08:01:22.180,1,0.7111138083054074,941.7670459681864,0.0,,1867876.1229186396
2021-02-11 08:01:22.190,1,0.9000064481370318,943.0331215860195,0.0,,1870651.484602209
2021-02-11 08:01:22.200,1,0.8203193478795199,945.503475028162,0.0,,1876037.405177817
2021-02-11 08:01:22.210,1,0.6700753795398756,944.6915597940024,0.0,,1874256.9667665963
2021-02-11 08:01:22.220,1,0.941106063465968,935.5368902798016,0.0,,1854302.687078231
2021-02-11 08:01:22.230,1,0.6611117949867278,941.6688801645848,0.0,,1867658.461468635
2021-02-11 08:01:22.240,1,0.7419674487234891,943.059092287677,0.0,,1870699.339370963
2021-02-11 08:01:22.250,1,0.8866680193139832,942.2859296523724,0.0,,1869020.2297435896
2021-02-11 08:01:22.260,1,0.8350727624454252,938.2101666075902,0.0,,1860126.453104718
2021-02-11 08:01:22.270,1,0.6547435393907662,939.289839814676,0.0,,1862472.4326782448
2021-02-11 08:01:22.280,1,0.8130949626912697,940.2063647220792,0.0,,1864473.9044157236
2021-02-11 08:01:22.290,1,0.8183079958470368,952.0314986741928,0.0,,1890292.2019649176
2021-02-11 08:01:22.300,1,0.909265488246751,947.0445177863378,0.0,,1879405.522609023
2021-02-11 08:01:22.310,1,0.8772121915613612,943.7621798796836,0.0,,1872239.6128126965
2021-02-11 08:01:22.320,1,0.6587060901043894,946.6594448813362,0.0,,1878550.2052038542
2021-02-11 08:01:22.330,1,0.8402303296455371,943.425378526288,0.0,,1871503.265285913
2021-02-11 08:01:22.340,1,0.8241855503305805,955.2424914363244,0.0,,1897303.935059849
2021-02-11 08:01:22.350,1,0.918593784468147,945.6110263763304,0.0,,1876273.7360791983
2021-02-11 08:01:22.360,1,0.7277899631169477,944.348861004994,0.0,,1873508.1873172305
2021-02-11 08:01:22.370,1,0.9444317525585484,944.6703609271382,0.0,,1874226.9507941892
2021-02-11 08:01:22.380,1,0.8239015416051053,951.8888817001152,0.0,,1889977.4681365734
2021-02-11 08:01:22.390,1,0.717302337362626,952.860825559977,0.0,,1892093.583291398
2021-02-11 08:01:22.400,1,0.7608257113750563,950.4345836133216,0.0,,1886798.9168054813
2021-02-11 08:01:22.410,1,0.904477052148277,950.9102955724828,0.0,,1887845.0838160794
2021-02-11 08:01:22.420,1,0.7813761414434442,943.152073652238,0.0,,1870903.0770652196
2021-02-11 08:01:22.430,1,0.7260938178231092,945.5545992469754,0.0,,1876141.8603438085
2021-02-11 08:01:22.440,1,0.7683958593316896,948.4237523728152,0.0,,1882406.0416956453
2021-02-11 08:01:22.450,1,0.7417534542017037,955.812599099503,0.0,,1898544.6134235417
2021-02-11 08:01:22.460,1,0.7826444052708642,952.3191643693028,0.0,,1890913.4189214918
2021-02-11 08:01:22.470,1,0.7999488288256398,944.8671066077663,0.0,,1874649.4867257678
2021-02-11 08:01:22.480,1,0.6329211752132821,953.7195972035844,0.0,,1893964.144691974
2021-02-11 08:01:22.490,1,0.7202048003127456,951.880952721258,0.0,,1889954.7559889574
2021-02-11 08:01:22.500,1,0.8457125514601872,959.9842127076032,0.0,,1907668.705289202
2021-02-11 08:01:22.510,1,0.8569403577565623,949.4465620060234,0.0,,1884647.0867061352
2021-02-11 08:01:22.520,1,0.7596123676756502,954.9093647845908,0.0,,1896572.8674373596
2021-02-11 08:01:22.530,1,0.8128258744684919,948.5812177162436,0.0,,1882754.6749130453
2021-02-11 08:01:22.540,1,0.6714493344950749,957.1494191084344,0.0,,1901464.2409332881
2021-02-11 08:01:22.550,1,0.6715258103986078,957.0922422176592,0.0,,1901340.9322136156
2021-02-11 08:01:22.560,1,0.8240114715211593,960.0178245849588,0.0,,1907734.4583472384
2021-02-11 08:01:22.570,1,0.6912499889384166,961.7689879426993,0.0,,1911553.5708074428
2021-02-11 08:01:22.580,1,0.7760144852729151,954.1583929349938,0.0,,1894935.4628751401
2021-02-11 08:01:22.590,1,0.6227792716988889,957.1647793978552,0.0,,1901490.0384995432
2021-02-11 08:01:22.600,1,0.7972819235815211,956.6200098394736,0.0,,1900309.888652167
2021-02-11 08:01:22.610,1,0.7822219574838328,955.2918325120228,0.0,,1897411.1488593612
2021-02-11 08:01:22.620,1,0.7544742471518446,960.434835901286,0.0,,1908641.7875974348
2021-02-11 08:01:22.630,1,0.7228837060654356,952.8513083301888,0.0,,1892074.765947879
2021-02-11 08:01:22.640,1,0.6185062919705171,953.6420806256192,0.0,,1893800.3098947152
2021-02-11 08:01:22.650,1,0.738772936608482,953.2687756619948,0.0,,1892986.8536078802
2021-02-11 08:01:22.660,1,0.6057684029147969,956.8399286634732,0.0,,1900782.122696075
2021-02-11 08:01:22.670,1,0.5434864955964369,951.6089471380824,0.0,,1889350.157686407
2021-02-11 08:01:22.680,1,0.7979210721305173,966.5338748716504,0.0,,1921983.947070154
2021-02-11 08:01:22.690,1,0.6289429917526409,950.7191728835952,0.0,,1887414.5032492343
2021-02-11 08:01:22.700,1,0.7700670370979158,952.5053255542016,0.0,,1891317.545552732
2021-02-11 08:01:22.710,1,0.6337505962563871,950.8301548089628,0.0,,1887658.6808208546
2021-02-11 08:01:22.720,1,0.7956458225771592,955.7539854051906,0.0,,1898419.4382524027
2021-02-11 08:01:22.730,1,0.5904250387477914,950.9541130349212,0.0,,1887923.7299871189
2021-02-11 08:01:22.740,1,0.7795065726288061,959.20452170906,0.0,,1905960.2468072562
2021-02-11 08:01:22.750,1,0.6334964853440701,962.425055466354,0.0,,1912992.237558245
2021-02-11 08:01:22.760,1,0.6168180739808661,950.5172908843768,0.0,,1886975.001738111
2021-02-11 08:01:22.770,1,0.7357584955257541,956.1103587909076,0.0,,1899195.936668573
2021-02-11 08:01:22.780,1,0.7762532562643998,965.5649304850976,0.0,,1919863.618166264
2021-02-11 08:01:22.790,1,0.6691464453473449,965.5499761329517,0.0,,1919832.7112549152
2021-02-11 08:01:22.800,1,0.7387607008182498,956.8108585987231,0.0,,1900723.5877357204
2021-02-11 08:01:22.810,1,0.6960199993363907,952.8585112823788,0.0,,1892087.0224210063
2021-02-11 08:01:22.820,1,0.6874497565439807,960.8299263828532,0.0,,1909507.4893099084
2021-02-11 08:01:22.830,1,0.714744907229347,966.470940618378,0.0,,1921844.0338827837
2021-02-11 08:01:22.840,1,0.6459301900589057,955.8899594732388,0.0,,1898711.9303601866
2021-02-11 08:01:22.850,1,0.7676004509695533,956.5052118515124,0.0,,1900062.6969442335
2021-02-11 08:01:22.860,1,0.5943908039435546,959.689753917555,0.0,,1907008.7522381514
2021-02-11 08:01:22.870,1,0.6064243934763248,952.5761770031947,0.0,,1891467.3041259542
2021-02-11 08:01:22.880,1,0.6228558274811885,953.6749215125722,0.0,,1893870.6658210123
2021-02-11 08:01:22.890,1,0.628893191869312,954.812004784804,0.0,,1896349.8500563465
2021-02-11 08:01:22.900,1,0.6787739130864574,953.2188043030052,0.0,,1892876.4608788202
2021-02-11 08:01:22.910,1,0.7442070094106058,953.7849172996272,0.0,,1894111.822834398
2021-02-11 08:01:22.920,1,0.5151321469819117,944.865784403442,0.0,,1874630.297137092
2021-02-11 08:01:22.930,1,0.6629717789265108,949.796995895192,0.0,,1885400.5594978272
2021-02-11 08:01:22.940,1,0.6217526301049899,967.4955380231104,0.0,,1924079.6288258273
2021-02-11 08:01:22.950,1,0.7419397347618147,950.6719097450454,0.0,,1887321.3854904678
2021-02-11 08:01:22.960,1,0.7599323593695834,953.9363460094884,0.0,,1894446.182856011
2021-02-11 08:01:22.970,1,0.6141417724482691,955.2870809399608,0.0,,1897386.948339286
2021-02-11 08:01:22.980,1,0.5936568416309782,955.1513639268328,0.0,,1897094.445941288
2021-02-11 08:01:22.990,1,0.7802079259932494,947.1115274811356,0.0,,1879540.7917613036
2021-02-11 08:01:23.000,0,0.6387626819044678,958.9486481111284,0.0,,1905395.9953086756
2021-02-11 08:01:23.010,0,0.6756809283019829,945.6735986956172,0.0,,1876399.2558406305
2021-02-11 08:01:23.020,0,0.7916130530519492,945.8636342370633,0.0,,1876822.6044829157
2021-02-11 08:01:23.030,0,0.6540897067143067,947.4832963491792,0.0,,1880347.874188326
2021-02-11 08:01:23.040,0,0.6548580452858914,940.8867300493866,0.0,,1865956.7309560652
2021-02-11 08:01:23.050,0,0.6444556598274911,946.7585078100692,0.0,,1878769.3719585484
2021-02-11 08:01:23.060,0,0.5732115276468289,951.7440749121248,0.0,,1889647.418512442
2021-02-11 08:01:23.070,0,0.7536770900274886,950.1772472915558,0.0,,1886236.8141033363
2021-02-11 08:01:23.080,0,0.7353326126206454,942.1990486367084,0.0,,1868824.1016039273
2021-02-11 08:01:23.090,0,0.7061988186079726,939.635405357677,0.0,,1863229.0249507045
2021-02-11 08:01:23.100,0,0.7433411430147714,915.7856086622044,0.0,,1811273.0380320905
2021-02-11 08:01:23.110,0,0.7989001364724895,910.5140673994596,0.0,,1799814.6723097872
2021-02-11 08:01:23.120,0,0.5546693716272612,880.7794109117121,0.0,,1735253.8723928924
2021-02-11 08:01:23.130,0,0.7459486878691883,845.3643291027452,0.0,,1658673.0434384558
2021-02-11 08:01:23.140,0,0.5085483536198621,810.1220948796471,0.0,,1582762.7150839781
2021-02-11 08:01:23.150,0,0.5489888976773158,770.7995607024327,0.0,,1498466.1111654998
2021-02-11 08:01:23.160,0,0.5280082124665061,734.4436705768753,0.0,,1420904.6729576483
2021-02-11 08:01:23.170,0,0.555132055177306,685.2855259743702,0.0,,1316654.0528428357
2021-02-11 08:01:23.180,0,0.5274308461100373,650.0482132827577,0.0,,1242372.129983135
2021-02-11 08:01:23.190,0,0.5430706191726437,601.315792401693,0.0,,1140323.2077962924
2021-02-11 08:01:23.200,0,0.4173326960265102,562.9896957505698,0.0,,1060629.1144394102
2021-02-11 08:01:23.210,0,0.4833247463537711,514.5624182099624,0.0,,960722.6107759449
2021-02-11 08:01:23.220,0,0.3636239723899546,471.0426855735963,0.0,,871725.8657843405
2021-02-11 08:01:23.230,0,0.3683313094707975,428.586079215136,0.0,,785701.6502984129
2021-02-11 08:01:23.240,0,0.26429473263517,389.8450287420352,0.0,,707936.4939732585
2021-02-11 08:01:23.250,0,0.3013060039944014,351.6992778149344,0.0,,632132.5944803753
2021-02-11 08:01:23.260,0,0.3137173573953966,315.76693966730886,0.0,,561466.9995556565
2021-02-11 08:01:23.270,0,0.2321100839340693,278.9559490308804,1.0,,489900.04450720444
2021-02-11 08:01:23.280,0,0.2311852449470816,247.245598864292,1.0,,429007.7115167626
2021-02-11 08:01:23.290,0,0.1779639219911556,215.5201195203926,1.0,,368858.6572165586
2021-02-11 08:01:23.300,0,0.1473986000303096,185.8532597594603,1.0,,313409.591583937
2021-02-11 08:01:23.310,0,0.1293001702553931,160.86768225907758,1.0,,267387.701474658
2021-02-11 08:01:23.320,0,0.1357936995304093,135.54082889049624,1.0,,221467.70173839625
2021-02-11 08:01:23.330,0,0.0934316214673405,112.12398106772952,1.0,,179763.3613356934
2021-02-11 08:01:23.340,0,0.0704762936210982,91.08114109971814,2.0,,143027.07189455882
2021-02-11 08:01:23.350,0,0.0754275836542603,72.41545037469925,2.0,,111141.24596014577
2021-02-11 08:01:23.360,0,0.0670368904705471,55.03480052962474,2.0,,82186.98513794133
2021-02-11 08:01:23.370,0,0.04184604055716,40.34803799756536,2.0,,58412.65774373141
2021-02-11 08:01:23.380,0,0.0244747382817843,26.166986430191827,2.0,,36276.72958105476
2021-02-11 08:01:23.390,0,0.0134415842691106,14.040193779964376,2.0,,18298.04604358544
2021-02-11 08:01:23.400,0,-3.12367946145543e-05,3.2006219029747727,2.0,,3605.3077099915545
2021-02-11 08:01:23.410,0,-0.0079029909484317,0.0,2.0,,8.883107285306842
2021-02-11 08:01:23.420,0,-0.0071635736004157,0.0,2.0,,10.743608627935874
2021-02-11 08:01:23.430,0,-0.0234380962603598,0.0,2.0,,9.373837290497642
2021-02-11 08:01:23.440,0,-0.0273669774954312,0.0,2.0,,7.426330140589142
2021-02-11 08:01:23.450,0,-0.0354774791995066,0.0,2.0,,9.042618802628358
2021-02-11 08:01:23.460,0,-0.0338698910607318,0.0,2.0,,8.297376474125564
2021-02-11 08:01:23.470,0,-0.0403744533879629,0.0,2.0,,10.8242498113032
2021-02-11 08:01:23.480,0,-0.0363618478871689,0.0,2.0,,10.030837596254136
2021-02-11 08:01:23.490,0,-0.034837895426372,0.0,2.0,,7.137459978138844
2021-02-11 08:01:23.500,0,-0.0452785280371488,0.0,2.0,,9.398864876762506
2021-02-11 08:01:23.510,0,-0.0352825084000472,0.0,2.0,,7.889658157816879
2021-02-11 08:01:23.520,0,-0.0424631259649695,0.0,2.0,,6.469029246679239
2021-02-11 08:01:23.530,0,-0.0403845639813097,0.0,2.0,,9.735792187285666
2021-02-11 08:01:23.540,0,-0.0330504728146019,0.0,2.0,,12.94415226757959
2021-02-11 08:01:23.550,0,-0.0415770690897721,0.0,2.0,,8.640644037945762
2021-02-11 08:01:23.560,0,-0.0361591642654592,0.0,2.0,,9.756062083950631
2021-02-11 08:01:23.570,0,-0.0394286333555041,0.0,2.0,,6.993070892760507
2021-02-11 08:01:23.580,0,-0.0438447485847155,0.0,2.0,,8.852973840838194
2021-02-11 08:01:23.590,0,-0.032120520650324,0.0,2.0,,10.981974513385529
2021-02-11 08:01:23.600,0,-0.0357299947866201,0.0,2.0,,13.5309488283025
2021-02-11 08:01:23.610,0,-0.0293304081578644,0.0,2.0,,12.496474525533015
2021-02-11 08:01:23.620,0,-0.0291172096432437,0.0,2.0,,9.86493978108426
2021-02-11 08:01:23.630,0,-0.0333563979820878,0.0,2.0,,7.73614883916208
2021-02-11 08:01:23.640,0,-0.026035683664021,0.0,2.0,,9.501648989185016
2021-02-11 08:01:23.650,0,-0.0230004867533285,0.0,2.0,,10.535381687391455
2021-02-11 08:01:23.660,0,-0.027594870933874,0.0,2.0,,10.44828198142499
2021-02-11 08:01:23.670,0,-0.017665516962147,0.0,2.0,,9.260275661588341
2021-02-11 08:01:23.680,0,-0.0152435264860317,0.0,2.0,,9.78876824328221
2021-02-11 08:01:23.690,0,-0.0149876645262032,0.0,2.0,,5.6660368149318
2021-02-11 08:01:23.700,0,-0.013033782846168,0.0,2.0,,9.514107668475058
2021-02-11 08:01:23.710,0,-0.0105815324964894,0.0,2.0,,9.9882251804082
2021-02-11 08:01:23.720,0,-0.0022554574901902,0.0,2.0,,13.092774598568763
2021-02-11 08:01:23.730,0,-0.0104013366387312,0.0,2.0,,12.259998337721619
2021-02-11 08:01:23.740,0,-0.0025570022099638,0.0,2.0,,10.750509147074103
2021-02-11 08:01:23.750,0,-0.0047951264352292,0.0,2.0,,12.7609732489274
2021-02-11 08:01:23.760,0,-0.0071612233308004,0.0,2.0,,13.460198792769202
2021-02-11 08:01:23.770,0,0.0003874190391279,0.0,2.0,,12.780410719482855
2021-02-11 08:01:23.780,0,-0.0029876689375129,0.0,2.0,,7.848088197900882
2021-02-11 08:01:23.790,0,0.0004020486435612,0.0,2.0,,7.909054668072074
2021-02-11 08:01:23.800,0,-0.0019887467216116,0.0,2.0,,12.911628220563308
2021-02-11 08:01:23.810,0,-0.0011132669510045,0.0,2.0,,8.685544303704347
2021-02-11 08:01:23.820,0,-0.0016067126990188,0.0,2.0,,14.006459668734301
2021-02-11 08:01:23.830,0,0.0010469360948854,0.0,2.0,,8.026994231616076
2021-02-11 08:01:23.840,0,-0.0017673865772389,0.170340551470104,2.0,,154.48403150977322
2021-02-11 08:01:23.850,0,-0.0023205978513129,0.5735921934283301,2.0,,548.3374675648977
2021-02-11 08:01:23.860,0,-0.0030866351279185,0.9110115035596577,2.0,,914.2601670979269
2021-02-11 08:01:23.870,0,0.0038407265858052,1.2022307099428666,2.0,,1235.4443717325028
2021-02-11 08:01:23.880,0,-0.0015186905303112,1.4312942056308715,2.0,,1491.3863145528549
2021-02-11 08:01:23.890,0,0.0014185466254264,1.630130635216124,2.0,,1722.5963092532563
2021-02-11 08:01:23.900,0,0.0086062922951453,1.7801242350775688,2.0,,1897.0419851234203
2021-02-11 08:01:23.910,0,0.0005316943442654,1.9057914473877744,2.0,,2040.9696968089202
2021-02-11 08:01:23.920,0,0.0007886073728566,1.9783090965989232,2.0,,2127.2324964050363
2021-02-11 08:01:23.930,0,-0.0028826399025274,2.023731288808988,2.0,,2184.081268148898
2021-02-11 08:01:23.940,0,-0.0021491947991336,2.0516178868322275,2.0,,2214.9546206700165
2021-02-11 08:01:23.950,0,0.0025971359600735,2.0521658064292256,2.0,,2218.409020231122
2021-02-11 08:01:23.960,0,0.0044911765837508,2.042759889795577,2.0,,2203.8713951337336
2021-02-11 08:01:23.970,0,0.0068884671435513,2.007919753173739,2.0,,2165.5062900943726
2021-02-11 08:01:23.980,0,0.0018558272592024,1.9454020082582293,2.0,,2089.3800276914435
2021-02-11 08:01:23.990,0,-0.0013048403013849,1.892841451330434,2.0,,2024.3895157499364
2021-02-11 08:01:24.000,0,0.0048789963057475,1.8301408338488176,2.0,,1953.5199130309973
2021-02-11 08:01:24.010,0,0.0001234172972723,1.7484421772977328,2.0,,1865.2349192432246
2021-02-11 08:01:24.020,0,-0.0002058876427593,1.6546863351579932,2.0,,1749.0038048221822
2021-02-11 08:01:24.030,0,0.0002162623655921,1.5655350673749489,2.0,,1645.384351655833
2021-02-11 08:01:24.040,0,-0.0029387548162849,1.4716731652913502,2.0,,1539.2905836842488
2021-02-11 08:01:24.050,0,0.0014970621754516,1.3745166482446234,2.0,,1431.6449533268933
2021-02-11 08:01:24.060,0,-0.0007615866869371,1.27870016671344,2.0,,1318.2349506980781
2021-02-11 08:01:24.070,0,-0.0046189291639704,1.176340006812566,2.0,,1207.4079129501556
2021-02-11 08:01:24.080,0,0.0029421546902152,1.0946812241905743,2.0,,1113.1186793356894
2021-02-11 08:01:24.090,0,0.0005604439342951,0.994584952326094,2.0,,1007.4551018946573
2021-02-11 08:01:24.100,0,0.0017077855816757,0.9044983175268168,2.0,,906.0999035572668
2021-02-11 08:01:24.110,0,0.0029873438791868,0.8228232060803025,2.0,,818.800656455731
2021-02-11 08:01:24.120,0,0.0013401582604997,0.7358577929023384,2.0,,722.4267626218624
2021-02-11 08:01:24.130,0,0.0011581442393563,0.6615475922328725,2.0,,645.1907656523939
2021-02-11 08:01:24.140,0,0.0005341499770667,0.5817169273461228,2.0,,563.5446990455898
2021-02-11 08:01:24.150,0,-0.0053106724092369,0.5101862540381962,2.0,,484.86366381652294
2021-02-11 08:01:24.160,0,0.0044563216171271,0.4411107742683302,2.0,,412.8830620119792
2021-02-11 08:01:24.170,0,-0.0006336077496904,0.3829204322565532,2.0,,356.9900329295358
2021-02-11 08:01:24.180,0,0.003318504826103,0.3270272833369727,2.0,,308.7241956818286
2021-02-11 08:01:24.190,0,-0.0006620621847422,0.2757787499958779,2.0,,254.6876620140785
2021-02-11 08:01:24.200,0,-0.0031509244368261,0.2258922517615195,2.0,,203.15839561118636
2021-02-11 08:01:24.210,0,0.0049643556389894,0.1823242423737033,2.0,,166.23334091888995
2021-02-11 08:01:24.220,0,-0.0025361507986888,0.142567586293879,2.0,,130.26923681788818
2021-02-11 08:01:24.230,0,0.0046151337512981,0.1055069422689737,2.0,,98.6827211042351
2021-02-11 08:01:24.240,0,-0.0007949053218715,0.0736278424796591,2.0,,66.11158270273485
2021-02-11 08:01:24.250,0,0.0022135001044486,0.0451627365221114,2.0,,41.38680808866094
2021-02-11 08:01:24.260,0,-0.0007902970578325,0.0200067216069925,2.0,,23.495733962916276
2021-02-11 08:01:24.270,0,0.0014246161637645,0.0,2.0,,10.043495111762041
2021-02-11 08:01:24.280,0,-0.0032369677809021,0.0,2.0,,13.293395423461586
2021-02-11 08:01:24.290,0,-0.0017301187074462,0.0,2.0,,9.015779666022832
2021-02-11 08:01:24.300,0,0.0035894665240221,0.0,2.0,,7.610752772397979
2021-02-11 08:01:24.310,0,-0.0016903184704428,0.0,2.0,,9.915888223112884
2021-02-11 08:01:24.320,0,-0.0028646045055616,0.0,2.0,,10.892340110515859
2021-02-11 08:01:24.330,0,-0.0031079250918312,0.0,2.0,,10.252987275969609
2021-02-11 08:01:24.340,0,0.0029425055935661,0.0,2.0,,11.238763575972747
2021-02-11 08:01:24.350,0,-0.0046835506709224,0.0,2.0,,10.297184819538831
2021-02-11 08:01:24.360,0,0.0020981367254315,0.0,2.0,,10.591409451108493
2021-02-11 08:01:24.370,0,0.005519261602375,0.0,2.0,,9.312356665336434
2021-02-11 08:01:24.380,0,0.0012784260961171,0.0,2.0,,9.852573273431108
2021-02-11 08:01:24.390,0,-0.0028866753587624,0.0,2.0,,9.710717622666367
2021-02-11 08:01:24.400,0,0.001835448066715,0.0,2.0,,10.167369838696455
2021-02-11 08:01:24.410,0,0.0018719976980706,0.0,2.0,,10.027260695961774
2021-02-11 08:01:24.420,0,0.0034163251634944,0.0,2.0,,11.559779706544127
2021-02-11 08:01:24.430,0,0.0068906961606484,0.0,2.0,,14.190562885749397
2021-02-11 08:01:24.440,0,0.0014337336049486,0.0,2.0,,10.684874009261188
2021-02-11 08:01:24.450,0,-0.0023316346666902,0.0,2.0,,9.644502279018706
2021-02-11 08:01:24.460,0,-0.0012993701065287,0.0,2.0,,8.782705321663673
2021-02-11 08:01:24.470,0,-0.0024224848307142,0.0,2.0,,8.007925217059285
2021-02-11 08:01:24.480,0,0.0037572026178379,0.0,2.0,,12.537387481838605
2021-02-11 08:01:24.490,0,0.0058155987533857,0.0,2.0,,8.033113361732212
2021-02-11 08:01:24.500,0,0.0003812764784989,0.0,2.0,,11.572181719235044
2021-02-11 08:01:24.510,0,0.0023853906584947,0.0,2.0,,11.110492861905096
2021-02-11 08:01:24.520,0,-0.0006196048920217,0.0,2.0,,8.06493868915765
2021-02-11 08:01:24.530,0,-0.0011165584437395,0.0,2.0,,13.13788257815852
2021-02-11 08:01:24.540,0,-0.0034192397316835,0.0,2.0,,10.869465159226996
2021-02-11 08:01:24.550,0,-0.0016380222401807,0.0,2.0,,10.507971401875686
2021-02-11 08:01:24.560,0,-0.0059780151634651,0.0,2.0,,9.10446121759837
2021-02-11 08:01:24.570,0,-0.0018847428849786,0.0,2.0,,15.253079791712102
2021-02-11 08:01:24.580,0,-0.0037943058226245,0.0,2.0,,8.025943903273493
2021-02-11 08:01:24.590,0,0.000589869037676,0.0,2.0,,8.36258338986239
2021-02-11 08:01:24.600,0,-0.0024615570332721,0.0,2.0,,12.15891993521995
2021-02-11 08:01:24.610,0,-0.0023438264432005,0.0,2.0,,9.248853902628408
2021-02-11 08:01:24.620,0,0.0023272157529574,0.0,2.0,,11.335996754235808
2021-02-11 08:01:24.630,0,-0.0018186544432446,0.0,2.0,,9.98140071839791
2021-02-11 08:01:24.640,0,0.0073701857397874,0.0,2.0,,9.158404197680658
2021-02-11 08:01:24.650,0,-0.0023776372691143,0.0,2.0,,6.146872156996705
2021-02-11 08:01:24.660,0,0.0008732560928155,0.0,2.0,,10.621603415538647
2021-02-11 08:01:24.670,0,-0.0007619339010827,0.0,2.0,,9.888025695017026
2021-02-11 08:01:24.680,0,0.0002983714583307,0.0,2.0,,10.310245549864822
2021-02-11 08:01:24.690,0,-0.0030853103503559,0.0,2.0,,12.363822313289466
2021-02-11 08:01:24.700,0,-0.0011502595573017,0.0,2.0,,9.923978430001908
2021-02-11 08:01:24.710,0,0.0001791666749736,0.00071628202285,2.0,,9.96246007654172
2021-02-11 08:01:24.720,0,-0.0018993801759952,0.0014872463720278,2.0,,17.113374802905817
2021-02-11 08:01:24.730,0,0.0001815410670642,0.0021115624652859,2.0,,12.377892089628022
2021-02-11 08:01:24.740,0,0.0032027376708265,0.0026565887677836,2.0,,13.477639175723235
2021-02-11 08:01:24.750,0,-0.0024903970657092,0.003104372787091,2.0,,12.87309006470779
2021-02-11 08:01:24.760,0,0.0020430005170603,0.0034775601339922,2.0,,12.396104309939659
2021-02-11 08:01:24.770,0,-0.0020784271345311,0.0037241217730314,2.0,,14.305862803643073
2021-02-11 08:01:24.780,0,-0.0005228815108351,0.0039860121052859,2.0,,13.493864216033407
2021-02-11 08:01:24.790,0,-0.0008676967542002,0.0041040702418213,2.0,,11.347285472122682
2021-02-11 08:01:24.800,0,-0.0012458874516554,0.0041403391232791,2.0,,11.105381155218872
2021-02-11 08:01:24.810,0,0.0024923132597568,0.0041929332350778,2.0,,12.123465321187988
2021-02-11 08:01:24.820,0,-0.0040315353266285,0.0041983454630111,2.0,,10.80549236741684
2021-02-11 08:01:24.830,0,-0.00297484397454,0.0041240538705032,2.0,,9.241536402003948
2021-02-11 08:01:24.840,0,0.0017181983108284,0.0040076400349518,2.0,,13.500479852237685
2021-02-11 08:01:24.850,0,0.0014026404863637,0.003992044069807,2.0,,12.532149280220592
2021-02-11 08:01:24.860,0,-0.0042134949927033,0.0037933517768008,2.0,,12.516356439309126
2021-02-11 08:01:24.870,0,-0.00198781608666,0.0036453273168243,2.0,,13.048691399656354
2021-02-11 08:01:24.880,0,-0.0001888895725992,0.0034984399025348,2.0,,11.044588745995696
2021-02-11 08:01:24.890,0,-0.0003362454791719,0.0032764170794084,2.0,,13.648504236912938
2021-02-11 08:01:24.900,0,-0.0051556600400395,0.0031182166918901,2.0,,12.546461329598687
2021-02-11 08:01:24.910,0,-0.0077531563917426,0.0029234826099549,2.0,,18.28123522294402
2021-02-11 08:01:24.920,0,-0.0036843124107052,0.0027328470721653,2.0,,13.549298107079965
2021-02-11 08:01:24.930,0,-0.001755101232537,0.0025272693217235,2.0,,10.6696339185957
2021-02-11 08:01:24.940,0,0.0010547043836989,0.0023262442684164,2.0,,12.58387933966337
2021-02-11 08:01:24.950,0,0.0073688835173413,0.0021353691982204,2.0,,12.022165520926885
2021-02-11 08:01:24.960,0,-0.0012865752566383,0.0019507291915877,2.0,,9.35587436699774
2021-02-11 08:01:24.970,0,6.683804685234168e-05,0.0017887231016152,2.0,,8.802627435977413
2021-02-11 08:01:24.980,0,6.197822231335839e-05,0.0016093492011346,2.0,,8.50134405976994
2021-02-11 08:01:24.990,0,0.0004694530757841,0.0014390884593479,2.0,,13.849182013173143
2021-02-11 08:01:25.000,0,0.0034873167684643,0.0012819753168836,2.0,,11.040718255299383
2021-02-11 08:01:25.010,0,0.0022180464942387,0.0011425092191879,2.0,,9.59908173464093
2021-02-11 08:01:25.020,0,-0.0079546967339664,0.0009918207315153,2.0,,6.958212485829339
2021-02-11 08:01:25.030,0,-0.000680515707724,0.0008647465883042,2.0,,12.161080827840317
2021-02-11 08:01:25.040,0,-0.0023918997469814,0.0007473003030023,2.0,,10.20628030481063
2021-02-11 08:01:25.050,0,0.0008489839484383,0.0006265745544854,2.0,,10.180831944876015
2021-02-11 08:01:25.060,0,0.0044014526669838,0.0005233103317498,2.0,,9.488177952092695
2021-02-11 08:01:25.070,0,0.0019310669238869,0.0004255052399974,2.0,,11.078503865013397
2021-02-11 08:01:25.080,0,0.0011905976036324,0.0003396723650475,2.0,,10.029711644456107
2021-02-11 08:01:25.090,0,0.0043917842372901,0.0002612812761302,2.0,,9.563582570696594
2021-02-11 08:01:25.100,0,-0.0027368422518663,0.0001907694577258,2.0,,12.033357401519686
2021-02-11 08:01:25.110,0,-0.0043839895678303,0.0001266542183845,2.0,,10.307183702097985
2021-02-11 08:01:25.120,0,0.0022375745318935,7.151549763270297e-05,2.0,,12.429540813514938
2021-02-11 08:01:25.130,0,-0.0058817674465562,2.133137752840397e-05,2.0,,9.253922683182244
2021-02-11 08:01:25.140,0,-0.0103145592907262,0.0,2.0,,12.599392630576368
2021-02-11 08:01:25.150,0,-0.000120985605064,0.0,2.0,,11.762575298583185
2021-02-11 08:01:25.160,0,-0.0056996502202181,0.0,2.0,,11.711431018489046
2021-02-11 08:01:25.170,0,-0.005836833762788,0.0,2.0,,7.795231667895974
2021-02-11 08:01:25.180,0,-0.000974454982321,0.0,2.0,,12.174288184868178
2021-02-11 08:01:25.190,0,0.0044534124193303,0.0,2.0,,10.014660100614051
2021-02-11 08:01:25.200,0,-0.0042564821585325,0.0,2.0,,13.495249516781792
2021-02-11 08:01:25.210,0,0.0013528547314589,0.0,2.0,,7.703498726911988
2021-02-11 08:01:25.220,0,0.0018504218109424,0.0,2.0,,10.9999885542853
2021-02-11 08:01:25.230,0,0.0023264439809493,0.0,1.0,,13.288295835228308
2021-02-11 08:01:25.240,0,0.0011902298746022,0.0,1.0,,10.860798005079713
2021-02-11 08:01:25.250,0,-0.0009673502848579,0.0,1.0,,8.628945640582565
2021-02-11 08:01:25.260,0,0.0016815335780606,0.0,1.0,,7.05278791566675
2021-02-11 08:01:25.270,0,0.0053930156108865,0.0,1.0,,11.34454419210373
2021-02-11 08:01:25.280,0,0.0064853512544612,0.0,1.0,,12.52016949313163
2021-02-11 08:01:25.290,0,-0.0015672604574687,0.0,1.0,,10.80521598183595
2021-02-11 08:01:25.300,0,0.0020566246999311,0.0,1.0,,9.959531019346057
2021-02-11 08:01:25.310,0,0.0008709338996535,0.0,1.0,,8.406790309140778
2021-02-11 08:01:25.320,0,-0.0032126947070986,0.0,1.0,,9.001520198225613
2021-02-11 08:01:25.330,0,0.0027432600163714,0.0,1.0,,12.532719207094452
2021-02-11 08:01:25.340,0,0.0015491571409542,0.0,1.0,,10.254645067701663
2021-02-11 08:01:25.350,0,0.0012034902557481,0.0,1.0,,9.407272656258591
2021-02-11 08:01:25.360,0,0.0019916995193499,0.0,1.0,,8.393600230787321
2021-02-11 08:01:25.370,0,0.0053751510196058,0.0,1.0,,11.045550159499657
2021-02-11 08:01:25.380,0,-0.0018002916599079,0.0,1.0,,11.801375852907105
2021-02-11 08:01:25.390,0,0.0004827280634039,0.0,1.0,,11.664773696107556
2021-02-11 08:01:25.400,0,0.0021739916383246,0.0,1.0,,10.54948710288564
2021-02-11 08:01:25.410,0,-0.0005698246534803,0.0,1.0,,14.045787144335792
2021-02-11 08:01:25.420,0,-0.0020113032562338,0.0,1.0,,9.383420286758977
2021-02-11 08:01:25.430,0,-0.0007154531122068,0.0,1.0,,13.752527282517976
2021-02-11 08:01:25.440,0,-0.0004806274849201,0.0,1.0,,11.944342369001602
2021-02-11 08:01:25.450,0,0.0063937566699775,0.0,1.0,,10.972977571732443
2021-02-11 08:01:25.460,0,-0.00168034787723,0.0,1.0,,9.248797409522293
2021-02-11 08:01:25.470,0,-0.001263425280639,0.0,1.0,,10.273116292725845
2021-02-11 08:01:25.480,0,0.0080758656250763,0.0,1.0,,10.58321553732859
2021-02-11 08:01:25.490,0,-0.0056068928184974,0.0,1.0,,12.529985030061704
2021-02-11 08:01:25.500,0,0.0045821071585369,0.0,1.0,,14.428144056731988
2021-02-11 08:01:25.510,0,0.0050822732992699,0.0,1.0,,10.038493373197696
2021-02-11 08:01:25.520,0,-0.0002402545712049,0.0,1.0,,14.926601844118645
2021-02-11 08:01:25.530,0,0.0033685645373241,0.0,1.0,,7.98361023971559
2021-02-11 08:01:25.540,0,-0.0010131512331077,0.0,1.0,,11.442739570418858
2021-02-11 08:01:25.550,0,-0.0024163719289699,0.0,1.0,,8.399135766923907
2021-02-11 08:01:25.560,0,0.0015135175586653,0.0,1.0,,11.41190118768524
2021-02-11 08:01:25.570,0,-0.0006707312014249,3.880647522131592e-07,1.0,,7.055329674842108
2021-02-11 08:01:25.580,0,-0.0001870500351853,2.206619934793892e-06,1.0,,9.905601420341625
2021-02-11 08:01:25.590,0,-0.0035491565210472,3.722024525339432e-06,1.0,,10.332649612615558
2021-02-11 08:01:25.600,0,0.0026360447914704,5.023807958238812e-06,1.0,,8.698650191894377
2021-02-11 08:01:25.610,0,0.0014471182509854,6.114798272065171e-06,1.0,,7.266660716183885
2021-02-11 08:01:25.620,0,0.002285578142051,7.017132675058624e-06,1.0,,11.230844575815189
2021-02-11 08:01:25.630,0,0.0021276274198895,7.691110604030842e-06,1.0,,12.365568507299354
2021-02-11 08:01:25.640,0,0.0040129070926219,8.204537173526234e-06,1.0,,11.635462567026762
2021-02-11 08:01:25.650,0,4.180394573540458e-05,8.581367394356877e-06,1.0,,12.193737914228748
2021-02-11 08:01:25.660,0,3.102604900060436e-05,8.819302155106279e-06,1.0,,8.74733737365352
2021-02-11 08:01:25.670,0,0.0003753505373937,8.976416267303454e-06,1.0,,11.02547690516677
2021-02-11 08:01:25.680,0,0.0030759263480257,8.97212316959905e-06,1.0,,7.316600858458749
2021-02-11 08:01:25.690,0,-0.0038652542816126,8.994837856487309e-06,1.0,,10.355846670462503
2021-02-11 08:01:25.700,0,0.0011002270058028,8.74284390095594e-06,1.0,,9.479961386538806
2021-02-11 08:01:25.710,0,-0.0035169484421365,8.62866283947525e-06,1.0,,12.360179008461238
2021-02-11 08:01:25.720,0,0.0033108592059978,8.298002828913304e-06,1.0,,9.20457131496349
2021-02-11 08:01:25.730,0,-0.0023890787023131,7.970274450762931e-06,1.0,,10.770186190898029
2021-02-11 08:01:25.740,0,0.001034222600504,7.645556659405568e-06,1.0,,12.489334482213302
2021-02-11 08:01:25.750,0,-0.0015629670288179,7.250894313225598e-06,1.0,,11.995731110910338
2021-02-11 08:01:25.760,0,0.003185172418211,6.84861869263736e-06,1.0,,5.049639118644905
2021-02-11 08:01:25.770,0,-0.0031911042853157,6.417917489933161e-06,1.0,,7.936486428245557
2021-02-11 08:01:25.780,0,0.0049857064691259,6.059499743873318e-06,1.0,,7.15653990851352
2021-02-11 08:01:25.790,0,-0.0020717449535106,5.607896884551215e-06,1.0,,10.802145661126598
2021-02-11 08:01:25.800,0,0.0052006550297921,5.239134859765809e-06,1.0,,8.470830590242313
2021-02-11 08:01:25.810,0,-0.0020231753362556,4.769285185660495e-06,1.0,,11.326044296149787
2021-02-11 08:01:25.820,0,-0.0015973728308651,4.348631645291473e-06,1.0,,7.974054659774216
2021-02-11 08:01:25.830,0,-0.0037274788582375,4.028709986566135e-06,1.0,,11.974309419515489
2021-02-11 08:01:25.840,0,0.0022924333244491,3.6376770525925225e-06,1.0,,9.108208357602162
2021-02-11 08:01:25.850,0,0.0048945612730543,3.267986096626984e-06,1.0,,10.153464218286018
2021-02-11 08:01:25.860,0,-0.0055740226004268,2.9159023938606994e-06,1.0,,10.051178407045926
2021-02-11 08:01:25.870,0,-0.0027693840685785,2.600680816600673e-06,1.0,,8.466198162199559
2021-02-11 08:01:25.880,0,0.0020795743630174,2.268146399619794e-06,1.0,,9.764247097268052
2021-02-11 08:01:25.890,0,-0.0013742570180549,1.978519997819283e-06,1.0,,10.357925998336277
2021-02-11 08:01:25.900,0,0.0029142819932624,1.7138047962016117e-06,1.0,,11.793074857021656
2021-02-11 08:01:25.910,0,0.0021075883639378,1.4706570732498438e-06,1.0,,9.400863028788757
2021-02-11 08:01:25.920,0,-0.0003380718103007,1.2497341984459786e-06,1.0,,9.108410505530664
2021-02-11 08:01:25.930,0,-0.0054135587370805,1.0296701398923889e-06,1.0,,7.748744192308578
2021-02-11 08:01:25.940,0,-0.0058369809728582,8.364665998166667e-07,1.0,,9.238948281023697
2021-02-11 08:01:25.950,0,-0.0079474218656223,6.586045897452726e-07,1.0,,13.034614873049966
2021-02-11 08:01:25.960,0,-0.0040991957834902,5.019391058238916e-07,1.0,,9.768154533390103
2021-02-11 08:01:25.970,0,0.0026562088756263,3.575232617087894e-07,1.0,,9.974467170859873
2021-02-11 08:01:25.980,0,-0.0024704233376619,2.308092205505061e-07,1.0,,7.696173697799967
2021-02-11 08:01:25.990,0,0.0038821743731766,1.1763550487626073e-07,1.0,,10.332698388457215
2021-02-11 08:01:26.000,0,0.0007387907168352,1.9577445552268155e-08,1.0,,11.210970379742108
2021-02-11 08:01:26.010,0,0.0065444889769371,0.0,1.0,,12.883495766231931
2021-02-11 08:01:26.020,0,0.003132381404361,0.0,1.0,,9.416468172189719
2021-02-11 08:01:26.030,0,-0.0035192903850773,0.0,1.0,,12.454839482778828
2021-02-11 08:01:26.040,0,-0.0013274604999828,0.0,1.0,,16.631548265537575
2021-02-11 08:01:26.050,0,-0.0015069049258178,0.0,1.0,,11.217775342996958
2021-02-11 08:01:26.060,0,0.0025212203478905,0.0,1.0,,9.01696041428474
2021-02-11 08:01:26.070,0,-0.0022028323395305,0.0,1.0,,9.920687541710864
2021-02-11 08:01:26.080,0,-0.0013130694399133,0.0,1.0,,13.71732631071966
2021-02-11 08:01:26.090,0,0.002651532427732,0.0,1.0,,9.158175862877375
2021-02-11 08:01:26.100,0,-0.0010379216974561,0.0,1.0,,8.975172193334151
2021-02-11 08:01:26.110,0,-0.0034642322805339,0.0,1.0,,6.519798985876075
2021-02-11 08:01:26.120,0,-0.0018132855785318,0.0,1.0,,11.97534321409883
2021-02-11 08:01:26.130,0,-0.0016626054373643,0.0,1.0,,6.717729712783453
2021-02-11 08:01:26.140,0,0.0032633008322327,0.0,1.0,,9.525988951734634
2021-02-11 08:01:26.150,0,-0.0007891249636778,0.0,1.0,,12.227452333412794
2021-02-11 08:01:26.160,0,0.001090443127422,0.0,1.0,,9.339605383923303
2021-02-11 08:01:26.170,0,-0.0058261907729391,0.0,1.0,,11.318604521943312
2021-02-11 08:01:26.180,0,-0.0020460941699803,0.0,1.0,,7.398828249486209
2021-02-11 08:01:26.190,0,-0.0016731329804463,0.0,1.0,,9.489400058974587
2021-02-11 08:01:26.200,0,-0.002750773877138,0.0,1.0,,9.147701177685141
2021-02-11 08:01:26.210,0,-0.0033644388308129,0.0,1.0,,4.3375366612508595
2021-02-11 08:01:26.220,0,0.0050814593751983,0.0,1.0,,11.918893278147108
2021-02-11 08:01:26.230,0,0.0013061072636443,0.0,1.0,,7.448389089953203
2021-02-11 08:01:26.240,0,0.0003958731558704,0.0,1.0,,9.426794047394704
2021-02-11 08:01:26.250,0,-0.0012837190396809,0.0,1.0,,10.258272013711926
2021-02-11 08:01:26.260,0,6.463283479525911e-05,0.0,1.0,,14.060851662712315
2021-02-11 08:01:26.270,0,-0.0008976994203493,0.0,1.0,,13.698985907449725
2021-02-11 08:01:26.280,0,0.0019112289774341,0.0,1.0,,10.622560391656327
2021-02-11 08:01:26.290,0,-0.0075774899166433,0.0,1.0,,6.585611306138629
2021-02-11 08:01:26.300,0,0.0036771731453916,0.0,1.0,,8.689649862463332
2021-02-11 08:01:26.310,0,-0.0025059358100586,0.0,1.0,,11.2088039186826
2021-02-11 08:01:26.320,0,-0.0057953958636914,0.0,1.0,,11.034219132143733
2021-02-11 08:01:26.330,0,-0.0014837114531301,0.0,1.0,,8.765801748291
2021-02-11 08:01:26.340,0,0.0004970465907476,0.0,1.0,,5.833710894437817
2021-02-11 08:01:26.350,0,0.0012501907431661,0.0,1.0,,11.110014768369421
2021-02-11 08:01:26.360,0,-0.0011694049492346,0.0,1.0,,13.29287027129254
2021-02-11 08:01:26.370,0,-0.0086275434842148,0.0,1.0,,9.44209115707752
2021-02-11 08:01:26.380,0,-0.0040694112527069,0.0,1.0,,9.175570435805255
2021-02-11 08:01:26.390,0,0.0022650703163513,0.0,1.0,,13.227330859068791
2021-02-11 08:01:26.400,0,0.002306024940464,0.0,1.0,,9.34234767591834
2021-02-11 08:01:26.410,0,0.004662257556225,0.0,1.0,,13.210720500713796
2021-02-11 08:01:26.420,0,0.003442251835439,0.0,1.0,,10.957731416651937
2021-02-11 08:01:26.430,0,-0.0017890622852011,0.0,1.0,,8.90594244926272
2021-02-11 08:01:26.440,0,-0.0017867989175636,1.9806884123653472e-09,1.0,,12.687912573148774
2021-02-11 08:01:26.450,0,-0.0024970659839408,5.4868756216276726e-09,1.0,,9.867488179607143
2021-02-11 08:01:26.460,0,-0.000909732276863,8.530758601773114e-09,1.0,,12.88164648660721
2021-02-11 08:01:26.470,0,-0.0036998233782624,1.1156007150479049e-08,1.0,,8.11107572330467
2021-02-11 08:01:26.480,0,-0.0027157573087691,1.326779022716182e-08,1.0,,12.422035724376236
2021-02-11 08:01:26.490,0,-0.0004545262899982,1.4924289903111036e-08,1.0,,6.529476928074091
2021-02-11 08:01:26.500,0,3.5780721008444016e-05,1.62545288432872e-08,1.0,,11.147237941721642
2021-02-11 08:01:26.510,0,-0.0007198595992045,1.7149863938128294e-08,1.0,,6.959985157455977
2021-02-11 08:01:26.520,0,-0.0017771287808316,1.78683015586761e-08,1.0,,10.590411497355825
2021-02-11 08:01:26.530,0,0.001800319963442,1.836606281690564e-08,1.0,,8.511616373370137
2021-02-11 08:01:26.540,0,-0.0044180816499239,1.8551040359894745e-08,1.0,,8.42516398965358
2021-02-11 08:01:26.550,0,-0.0011883951546015,1.8637954440986885e-08,1.0,,14.239169819215743
2021-02-11 08:01:26.560,0,-0.0016706677812409,1.817642207663192e-08,1.0,,11.60143918071316
2021-02-11 08:01:26.570,0,0.0018434707862,1.7905649479566065e-08,1.0,,12.348820559615671
2021-02-11 08:01:26.580,0,0.0004980797710702,1.7379700460627976e-08,1.0,,11.18687096898381
2021-02-11 08:01:26.590,0,0.0039630398540375,1.6772377199026108e-08,1.0,,9.265122750643563
2021-02-11 08:01:26.600,0,0.0041369288591162,1.6320587332772532e-08,1.0,,10.665760773091288
2021-02-11 08:01:26.610,0,0.00657900851929,1.5603898751042322e-08,1.0,,12.900670122910524
2021-02-11 08:01:26.620,0,-0.0032783751704743,1.4803527173938093e-08,1.0,,8.216143721336351
2021-02-11 08:01:26.630,0,-0.0062865296561933,1.3955211625770517e-08,1.0,,10.590649093489601
2021-02-11 08:01:26.640,0,-0.0007323909753317,1.3015697222168336e-08,1.0,,14.160103513245353
2021-02-11 08:01:26.650,0,0.0012326495559144,1.2188171780560048e-08,1.0,,11.441533360816067
2021-02-11 08:01:26.660,0,0.0034181642543529,1.1311982783944749e-08,1.0,,12.609135418148973
2021-02-11 08:01:26.670,0,-0.0022722513723052,1.0582114343019338e-08,1.0,,6.78091494632578
2021-02-11 08:01:26.680,0,-0.0008017715941092,9.678569244537633e-09,1.0,,10.289067737787919
2021-02-11 08:01:26.690,0,-0.0020223329450535,8.837644102876069e-09,1.0,,11.36443262920419
2021-02-11 08:01:26.700,0,0.0018399308792784,8.01684221472589e-09,1.0,,7.7119823441215445
2021-02-11 08:01:26.710,0,-0.0013597524376539,7.257377428970594e-09,1.0,,11.72139729832472
2021-02-11 08:01:26.720,0,-0.0043930841477431,6.473590176408714e-09,1.0,,8.845700944701148
2021-02-11 08:01:26.730,0,-0.0005179242879717,5.8278559339936165e-09,1.0,,10.2174593176654
2021-02-11 08:01:26.740,0,0.0030927761827731,5.108850373108503e-09,1.0,,9.166265553410522
2021-02-11 08:01:26.750,0,-0.0020549090815781,4.484562080973084e-09,1.0,,4.400753226701251
2021-02-11 08:01:26.760,0,0.000794098161306,3.949551996187266e-09,1.0,,9.690397517916715
2021-02-11 08:01:26.770,0,-0.001886009196976,3.365891746173025e-09,1.0,,11.512689975991497
2021-02-11 08:01:26.780,0,-0.0019433106001506,2.8741595682147104e-09,1.0,,8.483544568677317
2021-02-11 08:01:26.790,0,-0.0037808435343163,2.4167252035752507e-09,1.0,,11.104898906840678
2021-02-11 08:01:26.800,0,-0.0019643780344415,1.980264471718004e-09,1.0,,10.433568701908076
2021-02-11 08:01:26.810,0,-0.0009072870113945,1.587813858099653e-09,1.0,,8.305664865644857
2021-02-11 08:01:26.820,0,0.0022300765325851,1.241411404092207e-09,1.0,,10.644537977097302
2021-02-11 08:01:26.830,0,0.001030133229937,9.163685703411431e-10,1.0,,12.158713381942215
2021-02-11 08:01:26.840,0,0.0010631570218133,6.360115558007322e-10,1.0,,10.00206771529757
2021-02-11 08:01:26.850,0,0.0064032950943149,3.8041418579340457e-10,1.0,,13.843502157359447
2021-02-11 08:01:26.860,0,-0.0025993446838982,1.5579596845224678e-10,1.0,,12.254022416601348
2021-02-11 08:01:26.870,0,-0.0024644880050034,0.0,1.0,,11.440819163153538
2021-02-11 08:01:26.880,0,-0.0009277658115604,0.0,1.0,,10.785480731389882
2021-02-11 08:01:26.890,0,-0.0030152266806895,0.0,1.0,,9.036959666521415
2021-02-11 08:01:26.900,0,-0.0061306963851727,0.0,1.0,,9.496048890855548
2021-02-11 08:01:26.910,0,0.0027506139418901,0.0,1.0,,9.740914220364525
2021-02-11 08:01:26.920,0,-0.0022133659858308,0.0,1.0,,9.966571685210987
2021-02-11 08:01:26.930,0,-0.0057133189700567,0.0,1.0,,9.683335106592494
2021-02-11 08:01:26.940,0,0.0002251943561033,0.0,1.0,,10.852052353524115
2021-02-11 08:01:26.950,0,0.0012476989190582,0.0,1.0,,12.362566961000754
2021-02-11 08:01:26.960,0,-0.0001897578415703,0.0,1.0,,8.771002658056268
2021-02-11 08:01:26.970,0,0.002958314451895,0.0,1.0,,7.144919192990912
2021-02-11 08:01:26.980,0,-0.0019995643321251,0.0,1.0,,9.591470415833589
2021-02-11 08:01:26.990,0,0.0019832656572971,0.0,1.0,,12.356146633150564
2021-02-11 08:01:27.000,0,0.0004788600501822,0.0,1.0,,7.831605334806152
2021-02-11 08:01:27.010,0,0.0007190476052068,0.0,1.0,,7.446780177000463
2021-02-11 08:01:27.020,0,0.0074829107431599,0.0,1.0,,10.129619622503432
2021-02-11 08:01:27.030,0,0.005783384448223,0.0,1.0,,9.309820886715064
2021-02-11 08:01:27.040,0,0.003924431264409,0.0,1.0,,9.261634073242103
2021-02-11 08:01:27.050,0,-0.0016525392052548,0.0,1.0,,8.023415779221825
2021-02-11 08:01:27.060,0,0.0015802587215512,0.0,1.0,,13.018274905933106
2021-02-11 08:01:27.070,0,0.0020325999211974,0.0,1.0,,9.967371456479654
2021-02-11 08:01:27.080,0,0.0022830260224136,0.0,1.0,,8.849539360990669
2021-02-11 08:01:27.090,0,-0.0039924323178343,0.0,1.0,,12.212551987992306
2021-02-11 08:01:27.100,0,0.0003691770150705,0.0,1.0,,10.914127668752654
2021-02-11 08:01:27.110,0,-0.000643687642068,0.0,1.0,,5.495750165017939
2021-02-11 08:01:27.120,0,-0.0009440141429096,0.0,1.0,,9.435280026164149
2021-02-11 08:01:27.130,0,-0.0049553200072364,0.0,1.0,,8.77828243110892
2021-02-11 08:01:27.140,0,0.0025650491961504,0.0,1.0,,8.587644673973774
2021-02-11 08:01:27.150,0,0.0023236491592522,0.0,1.0,,10.875627680372427
2021-02-11 08:01:27.160,0,0.0032517205739348,0.0,1.0,,12.374175387177331
2021-02-11 08:01:27.170,0,5.159262197009046e-05,0.0,1.0,,8.275469539263664
2021-02-11 08:01:27.180,0,-0.0020964800285083,0.0,1.0,,10.341776933845338
2021-02-11 08:01:27.190,0,0.00145001312078,0.0,1.0,,10.156685893894837
2021-02-11 08:01:27.200,0,0.0034362161117346,0.0,1.0,,8.8677714418613
2021-02-11 08:01:27.210,0,-0.0004009585251075,0.0,1.0,,7.977457253376009
2021-02-11 08:01:27.220,0,0.0019705749631035,0.0,1.0,,13.258103135539045
2021-02-11 08:01:27.230,0,0.0044261322725548,0.0,1.0,,9.572117381793355
2021-02-11 08:01:27.240,0,0.0023076717455701,0.0,1.0,,8.791289065090668
2021-02-11 08:01:27.250,0,-0.00412800133703,0.0,1.0,,13.367932825647166
2021-02-11 08:01:27.260,0,0.0009432093235802,0.0,1.0,,9.107354573359432
2021-02-11 08:01:27.270,0,0.001550186376723,0.0,1.0,,10.056628010576452
2021-02-11 08:01:27.280,0,-0.0040482783286642,0.0,1.0,,9.543130725027696
2021-02-11 08:01:27.290,0,-0.0036511130394843,0.0,1.0,,11.417003776460094
2021-02-11 08:01:27.300,0,-0.0052310457155806,0.0,1.0,,8.068278190199376
2021-02-11 08:01:27.310,0,0.0061911574967588,7.456222297228282e-12,1.0,,9.550454030585076
2021-02-11 08:01:27.320,0,0.0007559099637903,1.4453716061081091e-11,1.0,,9.223525641091172
2021-02-11 08:01:27.330,0,0.0001435106877997,2.0421093945587504e-11,1.0,,12.770640050128538
2021-02-11 08:01:27.340,0,0.0007158612935551,2.516486632562589e-11,1.0,,11.204502471365695
2021-02-11 08:01:27.350,0,-0.0043925480083154,2.944944554359669e-11,1.0,,7.044176590868238
2021-02-11 08:01:27.360,0,-0.0026806758918715,3.2665856600479876e-11,1.0,,7.22099061664082
2021-02-11 08:01:27.370,0,-0.0061898345207012,3.505776980023689e-11,1.0,,12.365098632762908
2021-02-11 08:01:27.380,0,0.0004163700388883,3.6939255213973117e-11,1.0,,8.899512300915726
2021-02-11 08:01:27.390,0,0.0030170405234467,3.7982400561355353e-11,1.0,,7.818220184439657
2021-02-11 08:01:27.400,0,0.0047543274098319,3.927296027833749e-11,1.0,,11.755219224694262
2021-02-11 08:01:27.410,0,0.0039906431812599,3.906717652200642e-11,1.0,,9.086117038415225
2021-02-11 08:01:27.420,0,0.002971964360301,3.8820422743908986e-11,1.0,,9.770059366252408
2021-02-11 08:01:27.430,0,-0.0035181150440503,3.847592068496848e-11,1.0,,12.622162493215807
2021-02-11 08:01:27.440,0,0.0019585461554851,3.76679274078284e-11,1.0,,11.558938799777305
2021-02-11 08:01:27.450,0,-0.0024456613757463,3.6453892624534997e-11,1.0,,12.892315036058843
2021-02-11 08:01:27.460,0,0.000286905525603,3.5186664432788616e-11,1.0,,8.466952078436616
2021-02-11 08:01:27.470,0,0.0028022353076781,3.368051562047021e-11,1.0,,8.72988702222562
2021-02-11 08:01:27.480,0,0.002929807482388,3.2072520697842277e-11,1.0,,9.153243128424378
2021-02-11 08:01:27.490,0,-0.0011923557693356,3.061514187963141e-11,1.0,,11.187161529949233
2021-02-11 08:01:27.500,0,0.002137420725875,2.8805428920366644e-11,1.0,,10.999768991868823
2021-02-11 08:01:27.510,0,-0.0008356167462373,2.680731820473048e-11,1.0,,8.445866876438519
2021-02-11 08:01:27.520,0,-0.0025504251396954,2.5282065240775305e-11,1.0,,11.95905590281584
2021-02-11 08:01:27.530,0,-0.0024976369601676,2.3097126967229862e-11,1.0,,10.87614514860026
2021-02-11 08:01:27.540,0,0.0001711109571375,2.1424665782822303e-11,1.0,,10.155052745523776
2021-02-11 08:01:27.550,0,-0.0032602582282472,1.9721948496665093e-11,1.0,,12.21578679742201
2021-02-11 08:01:27.560,0,-0.0019786513234919,1.808642413599334e-11,1.0,,11.847374261484608
2021-02-11 08:01:27.570,0,-0.0004842703487433,1.6174775655397486e-11,1.0,,8.83242730634303
2021-02-11 08:01:27.580,0,-0.0020331701786188,1.4824057847263598e-11,1.0,,9.94646251308176
2021-02-11 08:01:27.590,0,-0.0027493592509254,1.316898000959236e-11,1.0,,10.4511598562192
2021-02-11 08:01:27.600,0,-0.0014303418362352,1.1760353808635802e-11,1.0,,10.017121557023929
2021-02-11 08:01:27.610,0,0.0057725842468304,1.0346762200085832e-11,1.0,,10.182947214618785
2021-02-11 08:01:27.620,0,-0.0031515630186926,9.013209460631695e-12,1.0,,8.654486894682638
2021-02-11 08:01:27.630,0,0.0012704099967963,7.843906795069556e-12,1.0,,9.17548773885394
2021-02-11 08:01:27.640,0,0.0054011729978589,6.813356311438052e-12,1.0,,10.645942538323267
2021-02-11 08:01:27.650,0,0.0033999004110625,5.685008288699588e-12,1.0,,11.326403352536426
2021-02-11 08:01:27.660,0,0.0009486793308589,4.701886198089809e-12,1.0,,10.705320456103252
2021-02-11 08:01:27.670,0,0.0016520371174468,3.8425182458289146e-12,1.0,,10.110697371241297
2021-02-11 08:01:27.680,0,0.0041332638036552,3.0516815471654058e-12,1.0,,9.649280366391844
2021-02-11 08:01:27.690,0,0.0026990905364284,2.3406695536523644e-12,1.0,,8.29721627577663
2021-02-11 08:01:27.700,0,-0.0010677876344084,1.685560520177996e-12,1.0,,11.0752942798693
2021-02-11 08:01:27.710,0,0.002870243641959,1.1121328557415493e-12,1.0,,10.440262995531123
2021-02-11 08:01:27.720,0,-0.0008170262171293,5.920126337556981e-13,1.0,,11.430323907652273
2021-02-11 08:01:27.730,0,-0.0050628175746901,1.4952120769734092e-13,1.0,,9.800308220767885
2021-02-11 08:01:27.740,0,0.0045007163718298,0.0,1.0,,11.549300842075125
2021-02-11 08:01:27.750,0,0.0015885313141206,0.0,1.0,,13.8081673951905
2021-02-11 08:01:27.760,0,-0.0007320839211379,0.0,1.0,,11.435287960026404
2021-02-11 08:01:27.770,0,0.0033466825213536,0.0,1.0,,10.86338596739238
2021-02-11 08:01:27.780,0,0.0042268435689469,0.0,1.0,,7.14231483728909
2021-02-11 08:01:27.790,0,-0.001978111808198,0.0,1.0,,12.227851552999411
2021-02-11 08:01:27.800,0,0.001487009263621,0.0,1.0,,7.168756984284853
2021-02-11 08:01:27.810,0,-0.0025318754318,0.0,1.0,,11.011500721910052
2021-02-11 08:01:27.820,0,0.0022773396964594,0.0,1.0,,11.776623221332308
2021-02-11 08:01:27.830,0,0.0002079967898123,0.0,1.0,,8.96604204266471
2021-02-11 08:01:27.840,0,0.0009545562498024,0.0,1.0,,12.001971933891427
2021-02-11 08:01:27.850,0,-0.0001986878888303,0.0,1.0,,13.765873698783547
2021-02-11 08:01:27.860,0,-0.0005208886991307,0.0,1.0,,9.226273366715157
2021-02-11 08:01:27.870,0,0.0021498669610766,0.0,1.0,,9.475063458966106
2021-02-11 08:01:27.880,0,-0.0032168252745079,0.0,1.0,,9.937663343881235
2021-02-11 08:01:27.890,0,-7.711475485031719e-05,0.0,1.0,,10.133899821754172
2021-02-11 08:01:27.900,0,-0.0013175868405889,0.0,1.0,,8.239084895426773
2021-02-11 08:01:27.910,0,-0.0007331783762222,0.0,1.0,,7.50256259042695
2021-02-11 08:01:27.920,0,-0.0006336228623892,0.0,1.0,,10.380320873530026
2021-02-11 08:01:27.930,0,-0.0041851806136882,0.0,1.0,,6.688424735546963
2021-02-11 08:01:27.940,0,0.0011450108940503,0.0,1.0,,10.334286371842023
2021-02-11 08:01:27.950,0,-0.000278556504437,0.0,1.0,,12.073901611881006
2021-02-11 08:01:27.960,0,0.003112889485572,0.0,1.0,,10.9785580077461
2021-02-11 08:01:27.970,0,-0.0005150073270923,0.0,1.0,,10.269644456209006
2021-02-11 08:01:27.980,0,0.0013603087322289,0.0,1.0,,10.458091099229978
2021-02-11 08:01:27.990,0,0.0002768139197202,0.0,1.0,,9.181257185049267
2021-02-11 08:01:28.000,0,-0.0050571285584168,0.0,1.0,,10.80612803799244
2021-02-11 08:01:28.010,0,-0.0025070730658073,0.0,1.0,,9.943849690705989
2021-02-11 08:01:28.020,0,0.0012250989804966,0.0,1.0,,9.733294080857442
2021-02-11 08:01:28.030,0,0.0016359245946812,0.0,1.0,,11.209958199802198
2021-02-11 08:01:28.040,0,0.0024493626268668,0.0,1.0,,12.652895377951332
2021-02-11 08:01:28.050,0,0.000743371589311,0.0,1.0,,7.546013662742768
2021-02-11 08:01:28.060,0,-0.0018230001413093,0.0,1.0,,9.050074693035953
2021-02-11 08:01:28.070,0,0.0031306073678076,0.0,1.0,,10.686767832656853
2021-02-11 08:01:28.080,0,-0.0005010493241938,0.0,1.0,,8.579488107981923
2021-02-11 08:01:28.090,0,-4.236952791248189e-05,0.0,1.0,,8.240707000785907
2021-02-11 08:01:28.100,0,-0.0016970612542302,0.0,1.0,,4.828137581559155
2021-02-11 08:01:28.110,0,-0.0032837642043703,0.0,1.0,,11.035482796703278
2021-02-11 08:01:28.120,0,0.000478448841359,0.0,1.0,,10.906900518165125
2021-02-11 08:01:28.130,0,0.0027028838999317,0.0,1.0,,10.586046026387203
2021-02-11 08:01:28.140,0,-0.0063361719198793,0.0,1.0,,8.895291928452052
2021-02-11 08:01:28.150,0,0.0020757508948265,0.0,1.0,,10.33204830347162
2021-02-11 08:01:28.160,0,0.0015812451467374,0.0,1.0,,8.74717329501444
2021-02-11 08:01:28.170,0,0.0013243700785228,6.097533526905603e-15,1.0,,8.075319773154867
2021-02-11 08:01:28.180,0,-0.0085119008812454,2.200336410377683e-14,1.0,,9.524792038581236
2021-02-11 08:01:28.190,0,-0.0053483434175282,3.5442221669550524e-14,1.0,,7.835252921730866
2021-02-11 08:01:28.200,0,0.0026895520299959,4.6348246314486196e-14,1.0,,8.55400514793981
2021-02-11 08:01:28.210,0,0.0029935297757928,5.580628566039853e-14,1.0,,10.391663107722911
2021-02-11 08:01:28.220,0,-0.0004697688651447,6.34053684808997e-14,1.0,,7.050848652566016
2021-02-11 08:01:28.230,0,-0.0003545715876452,6.892567623592469e-14,1.0,,4.966308855496077
2021-02-11 08:01:28.240,0,-0.0035467128502721,7.395694115354763e-14,1.0,,11.064319321200424
2021-02-11 08:01:28.250,0,-6.718088964581859e-05,7.687460045112823e-14,1.0,,11.231089747846974
2021-02-11 08:01:28.260,0,0.0043407930935102,7.877657249101307e-14,1.0,,9.656952163280959
2021-02-11 08:01:28.270,0,-0.0017570480935167,8.00016607042257e-14,1.0,,10.261401159724578
2021-02-11 08:01:28.280,0,0.003496916376612,7.953828075103934e-14,1.0,,11.400868598264768
2021-02-11 08:01:28.290,0,0.008624612113177,7.989636549048445e-14,1.0,,10.577273909183122
2021-02-11 08:01:28.300,0,-0.002090172095576,7.782074248253889e-14,1.0,,10.659794798476348
2021-02-11 08:01:28.310,0,0.0014340406673847,7.626350471860271e-14,1.0,,10.311672984805348
2021-02-11 08:01:28.320,0,0.0021151534809673,7.40693752826397e-14,1.0,,10.39890692778366
2021-02-11 08:01:28.330,0,0.0042219500623048,7.051637828493779e-14,1.0,,11.322096609709167
2021-02-11 08:01:28.340,0,0.0004063796304297,6.726662169375703e-14,1.0,,4.572365441459709
2021-02-11 08:01:28.350,0,0.000218757343489,6.403531551245062e-14,1.0,,8.999456151486745
2021-02-11 08:01:28.360,0,0.0018472225228841,6.04667451276921e-14,1.0,,11.582710587616656
2021-02-11 08:01:28.370,0,-0.0031046145089808,5.699725203914483e-14,1.0,,10.763517891600621
2021-02-11 08:01:28.380,0,-0.0015862711884431,5.3870017576670314e-14,1.0,,9.126359186621459
2021-02-11 08:01:28.390,0,-0.0004197219263276,5.0076424393379387e-14,1.0,,8.167822522185451
2021-02-11 08:01:28.400,0,0.0018574620343184,4.6128989258256993e-14,1.0,,9.23821413044677
2021-02-11 08:01:28.410,0,-0.005005710728234,4.247915121609223e-14,1.0,,7.409752628371547
2021-02-11 08:01:28.420,0,-0.0007508778103875,3.8631928119091524e-14,1.0,,10.69576420107216
2021-02-11 08:01:28.430,0,-0.0045490781781431,3.554213053953589e-14,1.0,,7.520798072007928
2021-02-11 08:01:28.440,0,0.0086809647638042,3.1939186533675884e-14,1.0,,11.681270693510454
2021-02-11 08:01:28.450,0,-0.0027692452367479,2.877775339990336e-14,1.0,,11.820756143680368
2021-02-11 08:01:28.460,0,-0.0054184109328258,2.5765459706162443e-14,1.0,,7.307693652723027
2021-02-11 08:01:28.470,0,-0.0027216815595965,2.2731487406053392e-14,1.0,,9.593825552081173
2021-02-11 08:01:28.480,0,-0.001051128899142,1.999471325688733e-14,1.0,,8.458557795927593
2021-02-11 08:01:28.490,0,-0.0025384693753885,1.7604506058612847e-14,1.0,,7.7958533208841025
2021-02-11 08:01:28.500,0,-0.0059439419874945,1.5176281672795916e-14,1.0,,8.563827800898167
2021-02-11 08:01:28.510,0,-0.001903430809695,1.2809160715440075e-14,1.0,,7.591557150461281
2021-02-11 08:01:28.520,0,2.469758763908364e-05,1.0809965948027751e-14,1.0,,8.613527461036895
2021-02-11 08:01:28.530,0,-0.0015566544548237,8.930501560760762e-15,1.0,,10.28804722007921
2021-02-11 08:01:28.540,0,-0.0003910330411619,7.19366920303496e-15,1.0,,9.773135770888906
2021-02-11 08:01:28.550,0,-0.0041952754771716,5.685303959761596e-15,1.0,,14.159103348729442
2021-02-11 08:01:28.560,0,-0.0010513891731338,4.272683156113814e-15,1.0,,13.909346404137302
2021-02-11 08:01:28.570,0,0.0025307356392448,2.9510284130210943e-15,1.0,,12.055171008417291
2021-02-11 08:01:28.580,0,0.001334158198293,1.831592730835836e-15,1.0,,10.56205264590891
2021-02-11 08:01:28.590,0,0.0049556757519164,8.281114525978122e-16,1.0,,14.6839897646975
2021-02-11 08:01:28.600,0,-0.0049597337218559,0.0,1.0,,10.96250308190898
2021-02-11 08:01:28.610,0,0.002734827465312,0.0,1.0,,9.732800160067741
2021-02-11 08:01:28.620,0,0.0025502633347867,0.0,1.0,,8.233923014556462
2021-02-11 08:01:28.630,0,-0.0002023270642886,0.0,1.0,,10.211776860331007
2021-02-11 08:01:28.640,0,-1.660847975830992e-05,0.0,1.0,,9.739978553648296
2021-02-11 08:01:28.650,0,0.0016086451244966,0.0,1.0,,11.032221739846019
2021-02-11 08:01:28.660,0,-0.0019361510898266,0.0,1.0,,6.728539946789654
2021-02-11 08:01:28.670,0,0.0001472357191279,0.0,1.0,,8.781986107390287
2021-02-11 08:01:28.680,0,-5.120005577657517e-05,0.0,1.0,,6.852393652524198
2021-02-11 08:01:28.690,0,-0.0032717919836919,0.0,1.0,,12.3843289972239
2021-02-11 08:01:28.700,0,-0.0046476066964781,0.0,1.0,,9.802708945312295
2021-02-11 08:01:28.710,0,0.0055865309127465,0.0,1.0,,12.72238549889162
2021-02-11 08:01:28.720,0,0.0036511880162509,0.0,1.0,,10.162935770690513
2021-02-11 08:01:28.730,0,0.0020019641594553,0.0,1.0,,9.615466753283524
2021-02-11 08:01:28.740,0,0.0052663388940335,0.0,1.0,,8.215635746630046
2021-02-11 08:01:28.750,0,-0.006266217516236,0.0,1.0,,10.2353838638148
2021-02-11 08:01:28.760,0,0.0009923372760049,0.0,1.0,,11.955393042266047
2021-02-11 08:01:28.770,0,0.0007382978581173,0.0,1.0,,10.969030890719754
2021-02-11 08:01:28.780,0,0.0078044531253245,0.0,1.0,,10.243085401216266
2021-02-11 08:01:28.790,0,0.0022065607646851,0.0,1.0,,8.418068925456573
2021-02-11 08:01:28.800,0,-0.0037024600440928,0.0,1.0,,7.880914599108593
2021-02-11 08:01:28.810,0,-0.0002186148897621,0.0,1.0,,7.164231158803062
2021-02-11 08:01:28.820,0,-0.007110211817157,0.0,1.0,,11.05739316733552
2021-02-11 08:01:28.830,0,-0.0006523249915769,0.0,1.0,,9.95240806385609
2021-02-11 08:01:28.840,0,0.0047811676287418,0.0,1.0,,8.522901433027092
2021-02-11 08:01:28.850,0,-0.0061239766360274,0.0,1.0,,9.800613612668208
2021-02-11 08:01:28.860,0,0.0003238901891489,0.0,1.0,,7.370750227409962
2021-02-11 08:01:28.870,0,0.0048547370648706,0.0,1.0,,10.548376162683684
2021-02-11 08:01:28.880,0,-0.0020111730872343,0.0,1.0,,10.991453035366389
2021-02-11 08:01:28.890,0,-0.0043033737829813,0.0,1.0,,8.349397534528418
2021-02-11 08:01:28.900,0,-0.0055820979527215,0.0,1.0,,8.25951486011557
2021-02-11 08:01:28.910,0,0.0013370986363484,0.0,1.0,,12.563504966322926
2021-02-11 08:01:28.920,0,0.0027574514955883,0.0,1.0,,13.744007798519265
2021-02-11 08:01:28.930,0,-0.0032042768120507,0.0,1.0,,9.760453343932037
2021-02-11 08:01:28.940,0,0.0008902635083458,0.0,1.0,,7.667490688527447
2021-02-11 08:01:28.950,0,0.0040328795247322,0.0,1.0,,10.610299709881792
2021-02-11 08:01:28.960,0,-3.633348576222373e-05,0.0,1.0,,11.900498273935897
2021-02-11 08:01:28.970,0,-0.0003134862350959,0.0,1.0,,10.609445325485586
2021-02-11 08:01:28.980,0,-0.0012745467608999,0.0,1.0,,9.94412868688307
2021-02-11 08:01:28.990,0,-0.0011876778378447,0.0,1.0,,11.224784185503001
2021-02-11 08:01:29.000,0,-0.0033169122599155,0.0,1.0,,5.927054291154327
2021-02-11 08:01:29.010,0,0.0039395835898952,0.0,1.0,,11.454014480903098
2021-02-11 08:01:29.020,0,-0.0003078113223083,0.0,1.0,,8.09140652765748
2021-02-11 08:01:29.030,0,0.0032386704696781,0.0,1.0,,10.863158396967489
2021-02-11 08:01:29.040,0,-0.0002769326237442,2.851651615654909e-17,1.0,,14.072966305017324
2021-02-11 08:01:29.050,0,-0.0030869790501988,6.096235529255374e-17,1.0,,7.902908261927912
2021-02-11 08:01:29.060,0,-0.0017681594344868,8.801187543727493e-17,1.0,,11.18821717858707
2021-02-11 08:01:29.070,0,0.0007108999218663,1.1103342570013434e-16,1.0,,7.896476992397144
2021-02-11 08:01:29.080,0,0.0042621109309019,1.3123445089999243e-16,1.0,,11.105175179534491
2021-02-11 08:01:29.090,0,-0.0031875364954643,1.4516304492999066e-16,1.0,,9.648302280016168
2021-02-11 08:01:29.100,0,-0.0064106154216216,1.5624872692132838e-16,1.0,,9.88299994499307
2021-02-11 08:01:29.110,0,0.0049508379079417,1.6467605706964008e-16,1.0,,7.945508309931311
2021-02-11 08:01:29.120,0,0.0050887778622493,1.7096856588988343e-16,1.0,,8.776616445646589
2021-02-11 08:01:29.130,0,0.002773886236087,1.7404491220647787e-16,1.0,,9.89240556110217
2021-02-11 08:01:29.140,0,0.0032896468367626,1.7461601806001987e-16,1.0,,7.977359238410256
2021-02-11 08:01:29.150,0,0.0031090911087756,1.7542796801628064e-16,1.0,,10.16282584108693
2021-02-11 08:01:29.160,0,0.000789124132731,1.7106853443540624e-16,1.0,,10.564468762071767
2021-02-11 08:01:29.170,0,-0.0012598389852219,1.6877205505936521e-16,1.0,,10.249221148385457
2021-02-11 08:01:29.180,0,0.0079428586693452,1.62574737781418e-16,1.0,,10.740813440889417
2021-02-11 08:01:29.190,0,-0.0034736852949556,1.5711943707079092e-16,1.0,,9.991480146683799
2021-02-11 08:01:29.200,0,-0.0032551740537918,1.5185425079254194e-16,1.0,,9.98586811631744
2021-02-11 08:01:29.210,0,0.0043166541078982,1.4370658039150104e-16,1.0,,11.645030682707947
2021-02-11 08:01:29.220,0,0.0006086974194391,1.376476576096423e-16,1.0,,10.89920329267554
2021-02-11 08:01:29.230,0,-0.0020664774408774,1.294720994013994e-16,1.0,,11.65636667719536
2021-02-11 08:01:29.240,0,0.002028261626257,1.22015414117395e-16,1.0,,9.37375741847857
2021-02-11 08:01:29.250,0,-0.0015854249536783,1.1217896480891284e-16,1.0,,8.847635621137025
2021-02-11 08:01:29.260,0,2.2130193677547432e-05,1.0420664750203282e-16,1.0,,8.199828246572931
2021-02-11 08:01:29.270,0,-0.0044371593139091,9.623210504008834e-17,1.0,,8.955497301955836
2021-02-11 08:01:29.280,0,0.0017879006444097,8.839664956540046e-17,1.0,,10.065639569130973
2021-02-11 08:01:29.290,0,0.0051904606440556,8.112223993627826e-17,1.0,,10.24476884157634
2021-02-11 08:01:29.300,0,0.00595546408184,7.362315155686084e-17,1.0,,11.955643877189626
2021-02-11 08:01:29.310,0,-0.0010907620164618,6.612424807433454e-17,1.0,,10.858092190554636
2021-02-11 08:01:29.320,0,-0.0053765183161193,5.915774920652943e-17,1.0,,7.53082835967407
2021-02-11 08:01:29.330,0,-0.0017015347038928,5.2988333396123257e-17,1.0,,8.128843534883547
2021-02-11 08:01:29.340,0,0.0007524307954942,4.6166246192743136e-17,1.0,,8.109466095616863
2021-02-11 08:01:29.350,0,0.0016828768007746,4.0476686931518425e-17,1.0,,13.557158241871406
2021-02-11 08:01:29.360,0,0.0035344843270086,3.526452539854565e-17,1.0,,12.608158503856853
2021-02-11 08:01:29.370,0,0.0014098397202687,3.034235897377995e-17,1.0,,14.642004698572002
2021-02-11 08:01:29.380,0,0.0043579451994434,2.5793217659435284e-17,1.0,,8.956998038610376
2021-02-11 08:01:29.390,0,0.0037988750302107,2.156270106781851e-17,1.0,,6.781576603132852
2021-02-11 08:01:29.400,0,0.0064660653831277,1.7367832330359553e-17,1.0,,7.033439454721547
2021-02-11 08:01:29.410,0,-0.0015626973885982,1.3821829965085205e-17,1.0,,7.873033958227182
2021-02-11 08:01:29.420,0,-0.001541312464062,1.0677780258388862e-17,1.0,,8.697991061375085
2021-02-11 08:01:29.430,0,0.0047054817332101,7.838919032199747e-18,1.0,,11.950036809897165
2021-02-11 08:01:29.440,0,0.0007272794814891,5.182773920745573e-18,1.0,,8.16110116863046
2021-02-11 08:01:29.450,0,0.0063908318898887,2.912158083706027e-18,1.0,,9.727634758452743
2021-02-11 08:01:29.460,0,-0.0022180891653444,9.245797950071481e-19,1.0,,6.7072318033513145
2021-02-11 08:01:29.470,0,0.0047521241985159,0.0,1.0,,9.584578421140629
2021-02-11 08:01:29.480,0,0.0012371034589425,0.0,1.0,,12.038517804809766
2021-02-11 08:01:29.490,0,-0.0024192490986625,0.0,1.0,,7.647028236654805
2021-02-11 08:01:29.500,0,-0.0032802955854826,0.0,1.0,,10.926642616509895
2021-02-11 08:01:29.510,0,0.0054933479697082,0.0,1.0,,10.086164843025594
2021-02-11 08:01:29.520,0,0.0025187312533979,0.0,1.0,,9.863934370606009
2021-02-11 08:01:29.530,0,-0.0057804194465313,0.0,1.0,,8.254728248326924
2021-02-11 08:01:29.540,0,-0.0037684301297189,0.0,1.0,,10.559490239054714
2021-02-11 08:01:29.550,0,0.0015884615715084,0.0,1.0,,7.038177848474403
2021-02-11 08:01:29.560,0,-0.0012277525865826,0.0,1.0,,10.997032602556168
2021-02-11 08:01:29.570,0,-0.0023910555108147,0.0,1.0,,11.114393194175314
2021-02-11 08:01:29.580,0,0.0043287954649632,0.0,1.0,,7.958682430680406
2021-02-11 08:01:29.590,0,0.0004326369733428,0.0,1.0,,11.341847264687157
2021-02-11 08:01:29.600,0,0.0011030552581347,0.0,1.0,,9.153464742803319
2021-02-11 08:01:29.610,0,-0.0004307686482119,0.0,1.0,,11.032788165743359
2021-02-11 08:01:29.620,0,-0.0002234969443649,0.0,1.0,,12.144810779676137
2021-02-11 08:01:29.630,0,-0.0038525645175383,0.0,1.0,,9.217338801569195
2021-02-11 08:01:29.640,0,-0.0020297324026662,0.0,1.0,,8.68536406415091
2021-02-11 08:01:29.650,0,-0.0012877160804742,0.0,1.0,,9.949949840500066
2021-02-11 08:01:29.660,0,0.0005226701797627,0.0,1.0,,12.548363321919805
2021-02-11 08:01:29.670,0,-0.0042740111375347,0.0,1.0,,9.251934924167912
2021-02-11 08:01:29.680,0,0.0020452177659095,0.0,1.0,,12.702012164287519
2021-02-11 08:01:29.690,0,-0.0017627945121368,0.0,1.0,,8.666692362887975
2021-02-11 08:01:29.700,0,0.0012460363742491,0.0,1.0,,11.487185064894595
2021-02-11 08:01:29.710,0,0.0011479755186547,0.0,1.0,,9.68392988297816
2021-02-11 08:01:29.720,0,-0.0056415618929913,0.0,1.0,,9.387497042825022
2021-02-11 08:01:29.730,0,-0.0025672620953648,0.0,1.0,,10.719106924810982
2021-02-11 08:01:29.740,0,-0.0028482989143822,0.0,1.0,,7.370902545211356
2021-02-11 08:01:29.750,0,-0.0033623536701595,0.0,1.0,,8.423577267478832
2021-02-11 08:01:29.760,0,-0.001478802519299,0.0,1.0,,11.787138765711086
2021-02-11 08:01:29.770,0,0.0001491082456988,0.0,1.0,,12.986681860197764
2021-02-11 08:01:29.780,0,-0.0014533563226524,0.0,1.0,,10.874326573097736
2021-02-11 08:01:29.790,0,-0.0035724444986492,0.0,1.0,,9.431207608762067
2021-02-11 08:01:29.800,0,0.0066500016403837,0.0,1.0,,9.002215135784713
2021-02-11 08:01:29.810,0,-0.009958392020057,0.0,1.0,,14.214450390705204
2021-02-11 08:01:29.820,0,-0.0009412623799068,0.0,1.0,,10.089187625166895
2021-02-11 08:01:29.830,0,0.0024551213778598,0.0,1.0,,8.541539059548306
2021-02-11 08:01:29.840,0,0.0010254571008712,0.0,1.0,,9.23234900082905
2021-02-11 08:01:29.850,0,-0.000403537001199,0.0,1.0,,9.90561580075481
2021-02-11 08:01:29.860,0,0.0045130717919507,0.0,1.0,,8.254841488404132
2021-02-11 08:01:29.870,0,-0.0003173695179508,0.0,1.0,,11.266385907184189
2021-02-11 08:01:29.880,0,0.0004606940067343,0.0,1.0,,13.798333352095256
2021-02-11 08:01:29.890,0,-0.0008592541450316,0.0,1.0,,11.035436814655016
2021-02-11 08:01:29.900,0,0.0016876001367662,1.6201531097227886e-20,1.0,,10.83061262654961
2021-02-11 08:01:29.910,0,0.0031567693106352,8.84717777706522e-20,1.0,,11.24111286965586
2021-02-11 08:01:29.920,0,-0.0086512441947367,1.507596118214264e-19,1.0,,10.730930109450375
2021-02-11 08:01:29.930,0,0.0081499921046704,2.0361786563339469e-19,1.0,,9.238348171602262
2021-02-11 08:01:29.940,0,0.003757817693429,2.457053856289305e-19,1.0,,13.37407838233229
2021-02-11 08:01:29.950,0,-0.0034140044092704,2.830153150618745e-19,1.0,,8.437717351329935
2021-02-11 08:01:29.960,0,0.004402299258088,3.1392958027850144e-19,1.0,,6.272861706351977
2021-02-11 08:01:29.970,0,-0.0050403674531791,3.357489541734916e-19,1.0,,7.060601940586114
2021-02-11 08:01:29.980,0,0.0021684920403791,3.4741697736617827e-19,1.0,,9.206771746698827
2021-02-11 08:01:29.990,0,0.0041735111411765,3.5999859012749494e-19,1.0,,10.013433575370195
2021-02-11 08:01:30.000,0,-0.0037824144346128,3.646839018175724e-19,1.0,,12.630591375191893
2021-02-11 08:01:30.010,0,0.0088148607523868,3.675001827897481e-19,1.0,,9.284475721605242
2021-02-11 08:01:30.020,0,0.0011251918306913,3.636283169051666e-19,1.0,,8.528251002073729
2021-02-11 08:01:30.030,0,-0.0067404150628529,3.570482621063424e-19,1.0,,13.22178101796479
2021-02-11 08:01:30.040,0,-0.0016329248869588,3.5174025400289244e-19,1.0,,13.564486143505576
2021-02-11 08:01:30.050,0,0.0048492284245754,3.3692330083393623e-19,1.0,,12.651081051796783
2021-02-11 08:01:30.060,0,-0.0034713904195621,3.2752723915504864e-19,1.0,,7.170095847453859
2021-02-11 08:01:30.070,0,0.0007154730208102,3.1263503629387823e-19,1.0,,8.902073243812302
2021-02-11 08:01:30.080,0,-0.0013727318434858,2.987570572771786e-19,1.0,,8.177354280795695
2021-02-11 08:01:30.090,0,-0.0019083455029855,2.8159042044552813e-19,1.0,,12.729633969735945
2021-02-11 08:01:30.100,0,-0.0008483224646515,2.653208476278524e-19,1.0,,8.43340785309433
2021-02-11 08:01:30.110,0,-0.0014997839881695,2.469940202477044e-19,1.0,,9.884700351988274
2021-02-11 08:01:30.120,0,0.0023600111070683,2.298574849650055e-19,1.0,,9.986962298309905
2021-02-11 08:01:30.130,0,-0.002633665616752,2.136806766987551e-19,1.0,,9.643343594650595
2021-02-11 08:01:30.140,0,-0.0052530464620932,1.9749581813532933e-19,1.0,,7.4800836941356055
2021-02-11 08:01:30.150,0,0.0022259239703378,1.8086410221284424e-19,1.0,,8.6225497228718
2021-02-11 08:01:30.160,0,-0.0044215050321623,1.6462487459532202e-19,1.0,,11.254703999659737
2021-02-11 08:01:30.170,0,-0.0050410558827376,1.4918917136952482e-19,1.0,,13.20538271427302
2021-02-11 08:01:30.180,0,0.0010899331964674,1.3601504811816087e-19,1.0,,11.254286843234832
2021-02-11 08:01:30.190,0,-0.0052801352132345,1.2092409405658951e-19,1.0,,10.36086256449282
2021-02-11 08:01:30.200,0,-0.0047997824203115,1.0681314496812802e-19,1.0,,9.587447329763677
2021-02-11 08:01:30.210,0,-0.0015168986037188,9.501945677063e-20,1.0,,7.379488037904782
2021-02-11 08:01:30.220,0,-0.002588117827412,8.173576773688281e-20,1.0,,7.874253398828559
2021-02-11 08:01:30.230,0,-0.0051223783486585,7.134822081518502e-20,1.0,,9.772713448089922
2021-02-11 08:01:30.240,0,-0.0002392909527441,6.108383221327747e-20,1.0,,10.998567612626733
2021-02-11 08:01:30.250,0,-0.0019472928245544,5.0973147253910143e-20,1.0,,12.673225357246306
2021-02-11 08:01:30.260,0,0.0018702961253363,4.2526450248930114e-20,1.0,,9.334779677105338
2021-02-11 08:01:30.270,0,-0.0046306388978638,3.469469280818261e-20,1.0,,9.773603868869413
2021-02-11 08:01:30.280,0,0.0016641869041408,2.6964558968319744e-20,1.0,,13.393363323287511
2021-02-11 08:01:30.290,0,0.0024242476448768,2.0419469320853732e-20,1.0,,11.0311329128893
2021-02-11 08:01:30.300,0,0.0004246275213408,1.4549647044435623e-20,1.0,,11.201283831624547
2021-02-11 08:01:30.310,0,0.0040297124434697,9.007132920548907e-21,1.0,,11.581629492866034
2021-02-11 08:01:30.320,0,-0.0028886081163088,4.3842105296470976e-21,1.0,,11.42160375068061
2021-02-11 08:01:30.330,0,-0.0015760671055504,3.1399366289545267e-22,1.0,,7.873984837860233
2021-02-11 08:01:30.340,0,-0.0036147523627762,0.0,1.0,,8.222023255091413
2021-02-11 08:01:30.350,0,-0.0050176342234614,0.0,1.0,,11.850791134649928
2021-02-11 08:01:30.360,0,-0.0025442952827477,0.0,1.0,,10.619471035554291
2021-02-11 08:01:30.370,0,-0.003429676533321,0.0,1.0,,14.990465172951179
2021-02-11 08:01:30.380,0,0.0033783141633927,0.0,1.0,,9.976502516032753
2021-02-11 08:01:30.390,0,0.002281309616167,0.0,1.0,,12.086899844521842
2021-02-11 08:01:30.400,0,0.0036230942219071,0.0,1.0,,9.051217362016805
2021-02-11 08:01:30.410,0,0.0002502174532789,0.0,1.0,,10.882196374949949
2021-02-11 08:01:30.420,0,0.0010180451312772,0.0,1.0,,6.405776201820489
2021-02-11 08:01:30.430,0,0.002687109593229,0.0,1.0,,11.932126373260619
2021-02-11 08:01:30.440,0,0.0022526307655788,0.0,1.0,,14.074787625179994
2021-02-11 08:01:30.450,0,0.0002101283672752,0.0,1.0,,7.758258036718763
2021-02-11 08:01:30.460,0,0.0012309678486738,0.0,1.0,,11.546525847925087
2021-02-11 08:01:30.470,0,-8.367662245787966e-05,0.0,1.0,,6.4184233068890135
2021-02-11 08:01:30.480,0,0.0033153574322161,0.0,1.0,,10.605153523706326
2021-02-11 08:01:30.490,0,-0.0038800322244663,0.0,1.0,,11.465666815902406
2021-02-11 08:01:30.500,0,0.0108882198052505,0.0,1.0,,4.8670133832770155
2021-02-11 08:01:30.510,0,0.0020682774662585,0.0,1.0,,10.007955204646423
2021-02-11 08:01:30.520,0,-0.0050073849988504,0.0,1.0,,12.798961072949647
2021-02-11 08:01:30.530,0,-0.000885815842422,0.0,1.0,,10.29439527836961
2021-02-11 08:01:30.540,0,0.0041846791659422,0.0,1.0,,11.631726029391213
2021-02-11 08:01:30.550,0,0.0025249449947737,0.0,1.0,,9.426833302295767
2021-02-11 08:01:30.560,0,-0.0003285349135388,0.0,1.0,,10.108866970946499
2021-02-11 08:01:30.570,0,-0.0014696440220368,0.0,1.0,,10.818399460227758
2021-02-11 08:01:30.580,0,-0.0057331739593987,0.0,1.0,,8.431057442855119
2021-02-11 08:01:30.590,0,0.0003636882637967,0.0,1.0,,9.010901596546493
2021-02-11 08:01:30.600,0,0.0026946910325903,0.0,1.0,,5.807992419555699
2021-02-11 08:01:30.610,0,-0.0014835827676372,0.0,1.0,,11.155919301365712
2021-02-11 08:01:30.620,0,0.0026136469792167,0.0,1.0,,8.57234504313567
2021-02-11 08:01:30.630,0,0.0006230414145172,0.0,1.0,,11.43780013462674
2021-02-11 08:01:30.640,0,-0.0007459769481647,0.0,1.0,,12.734203227709965
2021-02-11 08:01:30.650,0,-0.0035337254269021,0.0,1.0,,11.45689603231586
2021-02-11 08:01:30.660,0,0.0032828301749129,0.0,1.0,,10.374773723581985
2021-02-11 08:01:30.670,0,0.0081894001964987,0.0,1.0,,5.488269457651385
2021-02-11 08:01:30.680,0,0.0009632020333611,0.0,1.0,,5.602778896334771
2021-02-11 08:01:30.690,0,0.0018694459685561,0.0,1.0,,9.811134368619875
2021-02-11 08:01:30.700,0,-0.0012480689445637,0.0,1.0,,8.051357259286421
2021-02-11 08:01:30.710,0,-0.0015749661887217,0.0,1.0,,10.997852998778061
2021-02-11 08:01:30.720,0,0.0082527135529383,0.0,1.0,,11.446113401085626
2021-02-11 08:01:30.730,0,-0.0026277920145062,0.0,1.0,,10.9943271432319
2021-02-11 08:01:30.740,0,-0.0056189575509169,0.0,1.0,,11.034307165220342
2021-02-11 08:01:30.750,0,-0.0045926094685608,0.0,1.0,,11.07189668539067
2021-02-11 08:01:30.760,0,-0.0002906588900622,0.0,1.0,,9.14549165682216
2021-02-11 08:01:30.770,0,-0.0045965643860536,1.032401848924548e-22,1.0,,10.386183892427475
2021-02-11 08:01:30.780,0,-0.0005914049332513,2.4869342502192632e-22,1.0,,12.886556380403967
2021-02-11 08:01:30.790,0,-0.0024879629562146,3.7612942661578176e-22,1.0,,5.401950798477615
2021-02-11 08:01:30.800,0,0.0024597688973121,4.759757343288085e-22,1.0,,8.638809350640324
2021-02-11 08:01:30.810,0,-0.0010950580068626,5.592713683492943e-22,1.0,,10.837843192659996
2021-02-11 08:01:30.820,0,-0.0032767748738674,6.312619611269402e-22,1.0,,10.950202412440985
2021-02-11 08:01:30.830,0,0.0018606223890353,6.896829150907517e-22,1.0,,9.563928710222212
2021-02-11 08:01:30.840,0,0.0082202741126605,7.251288026655381e-22,1.0,,10.364949054795504
2021-02-11 08:01:30.850,0,-0.0006819392368141,7.538414839657875e-22,1.0,,10.177496336899843
2021-02-11 08:01:30.860,0,0.0012274010503803,7.721284355332542e-22,1.0,,7.452182525535449
2021-02-11 08:01:30.870,0,0.001330666058399,7.8079196021084855e-22,1.0,,9.711085498276317
2021-02-11 08:01:30.880,0,0.0012255932922112,7.75446153814896e-22,1.0,,11.185926643153117
2021-02-11 08:01:30.890,0,-0.0007527603005225,7.604392579805764e-22,1.0,,12.485305658186379
2021-02-11 08:01:30.900,0,-0.0030495615338562,7.571863596983476e-22,1.0,,10.340121361966334
2021-02-11 08:01:30.910,0,0.0017118040526199,7.368715050054812e-22,1.0,,9.109988011702479
2021-02-11 08:01:30.920,0,0.0003802455366061,7.094570313490175e-22,1.0,,12.724900175640197
2021-02-11 08:01:30.930,0,-0.0015583683410154,6.806764610953596e-22,1.0,,13.992978568702982
2021-02-11 08:01:30.940,0,0.0004154372381317,6.464555992961087e-22,1.0,,4.71774452233767
2021-02-11 08:01:30.950,0,0.0012062219071741,6.146368490114823e-22,1.0,,8.996530372915332
2021-02-11 08:01:30.960,0,0.0011673837070129,5.818280534546965e-22,1.0,,8.111961613448056
2021-02-11 08:01:30.970,0,0.0011723228447077,5.447834095969702e-22,1.0,,9.8043559843543
2021-02-11 08:01:30.980,0,-0.0033150407286172,5.074711506467926e-22,1.0,,6.725853763714326
2021-02-11 08:01:30.990,0,-0.0057851514879738,4.6795740553948435e-22,1.0,,7.25201517485784
2021-02-11 08:01:31.000,1,0.0011811754447356,4.373091074360331e-22,1.0,,10.319951925844105
2021-02-11 08:01:31.010,1,0.0001795971277484,3.99798597164416e-22,1.0,,9.037322804238217
2021-02-11 08:01:31.020,1,0.0008754418833563,3.664790812038423e-22,1.0,,9.83328266775886
2021-02-11 08:01:31.030,1,-0.0019819978715618,3.3618286473900795e-22,1.0,,10.434304516239324
2021-02-11 08:01:31.040,1,-0.0059935853946779,3.003109182116996e-22,1.0,,9.279300382907097
2021-02-11 08:01:31.050,1,-0.003576599609023,2.6971286638321387e-22,1.0,,8.830982534753739
2021-02-11 08:01:31.060,1,-0.0001336186530871,2.39026565275231e-22,1.0,,9.694918818761515
2021-02-11 08:01:31.070,1,0.002088720955499,2.138367454689532e-22,1.0,,7.750453726957233
2021-02-11 08:01:31.080,1,-0.0016951077292424,1.8674727676503331e-22,1.0,,13.44445394779514
2021-02-11 08:01:31.090,1,-0.0033296599188527,3.639673671912176,1.0,,4154.08540320664
2021-02-11 08:01:31.100,1,0.0065683806321702,13.878695362605097,1.0,,18064.385281867788
2021-02-11 08:01:31.110,1,0.0128152858432355,29.896313968672573,1.0,,42002.55925717969
2021-02-11 08:01:31.120,1,0.0200815894290147,50.61774903757476,1.0,,74956.14311876778
2021-02-11 08:01:31.130,1,0.0424066788186071,76.09998433531304,0.0,,117372.07089911547
2021-02-11 08:01:31.140,1,0.0569376137183041,104.75563654506658,0.0,,166814.9175557497
2021-02-11 08:01:31.150,1,0.0644413754178045,139.09950412709148,0.0,,227866.63185391083
2021-02-11 08:01:31.160,1,0.0808356514339141,175.22572613192634,0.0,,293751.7423958101
2021-02-11 08:01:31.170,1,0.0990883625020649,212.01783297439445,0.0,,362264.9664275339
2021-02-11 08:01:31.180,1,0.1233808528180151,255.68638779572257,0.0,,445138.3596342611
2021-02-11 08:01:31.190,1,0.1599850910519957,298.02091734883106,0.0,,526851.8928311893
2021-02-11 08:01:31.200,1,0.1423558643665192,341.66565603540363,0.0,,612311.6203446282
2021-02-11 08:01:31.210,1,0.1610821258536949,385.1097721052352,0.0,,698479.4368040266
2021-02-11 08:01:31.220,1,0.2365323982910347,426.1739691443765,0.0,,780833.5550418101
2021-02-11 08:01:31.230,1,0.1895929636583762,465.01518529499145,0.0,,859456.5701544652
2021-02-11 08:01:31.240,1,0.2632239887324784,504.93679483852776,0.0,,940959.015942732
2021-02-11 08:01:31.250,1,0.3141321530322159,548.3080043289187,0.0,,1030242.0828495058
2021-02-11 08:01:31.260,1,0.2477091120910005,585.8187294931732,0.0,,1108021.560269056
2021-02-11 08:01:31.270,1,0.2828339669916671,615.2496969534624,0.0,,1169409.1422099392
2021-02-11 08:01:31.280,1,0.2890571461300751,658.2136885727674,0.0,,1259540.2081793786
2021-02-11 08:01:31.290,1,0.3498898298843736,688.1591367283675,0.0,,1322715.1687488013
2021-02-11 08:01:31.300,1,0.283566013355746,714.8898063171529,0.0,,1379337.9148845412
2021-02-11 08:01:31.310,1,0.3127482936847249,747.66671130033,0.0,,1449065.2280997883
2021-02-11 08:01:31.320,1,0.3503409676866305,770.891266529271,0.0,,1498652.3021143386
2021-02-11 08:01:31.330,1,0.4585844049768563,792.2444330416579,0.0,,1544382.3605550735
2021-02-11 08:01:31.340,1,0.4200895973013953,821.4212311387082,0.0,,1607054.9727580475
2021-02-11 08:01:31.350,1,0.3382022709578671,840.2252001081978,0.0,,1647564.6424833029
2021-02-11 08:01:31.360,1,0.4933760812154181,858.156080178134,0.0,,1686287.7046910692
2021-02-11 08:01:31.370,1,0.4678781786480961,872.597986657491,0.0,,1717528.915927388
2021-02-11 08:01:31.380,1,0.3542902757696194,891.1224961786174,0.0,,1757672.744842204
2021-02-11 08:01:31.390,1,0.3901546684409249,907.8334693940876,0.0,,1793963.0726323456
2021-02-11 08:01:31.400,1,0.382953732688138,923.8965878738546,0.0,,1828910.9122805258
2021-02-11 08:01:31.410,1,0.3613363528407711,928.8289148818492,0.0,,1839652.836278919
2021-02-11 08:01:31.420,1,0.3810291463450297,944.458398706292,0.0,,1873734.6374224604
2021-02-11 08:01:31.430,1,0.4530355511067239,944.2269702619924,0.0,,1873235.328402824
2021-02-11 08:01:31.440,1,0.4534043419389675,944.820422877262,0.0,,1874525.1028972385
2021-02-11 08:01:31.450,1,0.4418356940414729,958.9034765621824,0.0,,1905281.848086347
2021-02-11 08:01:31.460,1,0.540930388033369,956.9227279748084,0.0,,1900957.1961250303
2021-02-11 08:01:31.470,1,0.5543986018263264,966.3290289703352,0.0,,1921525.9676822193
2021-02-11 08:01:31.480,1,0.4619867993013277,977.5463739353764,0.0,,1946068.8972304035
2021-02-11 08:01:31.490,1,0.4382566063994789,971.9925120299182,0.0,,1933910.2977442937
2021-02-11 08:01:31.500,1,0.5490400307767536,972.8610828004796,0.0,,1935818.618018246
2021-02-11 08:01:31.510,1,0.5204824511990446,973.320675337478,0.0,,1936824.3237536135
2021-02-11 08:01:31.520,1,0.5937952089829819,980.803376017742,0.0,,1953212.519754532
2021-02-11 08:01:31.530,1,0.5083929944459367,978.0124237561056,0.0,,1947096.2585960915
2021-02-11 08:01:31.540,1,0.5645641161664993,985.6101842901612,0.0,,1963737.685735342
2021-02-11 08:01:31.550,1,0.5332809081827503,969.8455048945228,0.0,,1929218.7880613182
2021-02-11 08:01:31.560,1,0.484850084320378,968.3296598979056,0.0,,1925899.9844199442
2021-02-11 08:01:31.570,1,0.5402415897614746,966.8627003168416,0.0,,1922693.0557633557
2021-02-11 08:01:31.580,1,0.4502176186305002,969.912915784478,0.0,,1929360.0282219038
2021-02-11 08:01:31.590,1,0.4677584445741997,966.6446618239618,0.0,,1922210.28789515
2021-02-11 08:01:31.600,1,0.6303085044529462,973.3252144203876,0.0,,1936837.614864702
2021-02-11 08:01:31.610,1,0.6415049178506551,973.5032510772576,0.0,,1937228.1982529091
2021-02-11 08:01:31.620,1,0.5822511762139952,964.1391451843008,0.0,,1916734.9807397362
2021-02-11 08:01:31.630,1,0.4800149739964695,951.9519420947516,0.0,,1890094.3771340041
2021-02-11 08:01:31.640,1,0.5170923365018579,960.14373642681,0.0,,1908001.7251125618
2021-02-11 08:01:31.650,1,0.5982918085694829,949.4984434882632,0.0,,1884745.213857888
2021-02-11 08:01:31.660,1,0.5819331583328753,967.0906049724472,0.0,,1923191.263254757
2021-02-11 08:01:31.670,1,0.6677745686843007,947.1689095118336,0.0,,1879663.5534251563
2021-02-11 08:01:31.680,1,0.6873665322957758,947.203636886592,0.0,,1879739.8947617852
2021-02-11 08:01:31.690,1,0.6673415921435671,940.0191799878572,0.0,,1864059.885159593
2021-02-11 08:01:31.700,1,0.5042845878022733,932.8841386648684,0.0,,1848495.1211454463
2021-02-11 08:01:31.710,1,0.7269440721939722,937.4011937249652,0.0,,1858353.116050265
2021-02-11 08:01:31.720,1,0.6607369384614727,939.3580542365744,0.0,,1862621.4907634829
2021-02-11 08:01:31.730,1,0.4988623320987482,935.3726785729704,0.0,,1853918.0692529986
2021-02-11 08:01:31.740,1,0.6706720919523151,928.4824771740628,0.0,,1838913.6349138834
2021-02-11 08:01:31.750,1,0.5751231196105187,927.6401063547492,0.0,,1837075.0711558284
2021-02-11 08:01:31.760,1,0.7166998597214709,930.238038972098,0.0,,1842741.3797191777
2021-02-11 08:01:31.770,1,0.6725487971752251,929.92921319865,0.0,,1842065.1794507136
2021-02-11 08:01:31.780,1,0.7106877265421279,922.6603247840442,0.0,,1826235.9805245225
2021-02-11 08:01:31.790,1,0.6148099969608755,928.4686165498612,0.0,,1838879.373050051
2021-02-11 08:01:31.800,1,0.7083656297692651,935.9186922957186,0.0,,1855122.2324739096
2021-02-11 08:01:31.810,1,0.7537817317784534,929.7582126506009,0.0,,1841695.7153789029
2021-02-11 08:01:31.820,1,0.5552131874467783,923.3244089290994,0.0,,1827672.175899182
2021-02-11 08:01:31.830,1,0.6927418803649913,933.0574755930757,0.0,,1848879.2172331277
2021-02-11 08:01:31.840,1,0.5649721727091885,925.4867870046268,0.0,,1832385.522845997
2021-02-11 08:01:31.850,1,0.7042912580177074,918.6070102478606,0.0,,1817414.1963371
2021-02-11 08:01:31.860,1,0.6282065475444346,917.1196086455884,0.0,,1814173.4208779724
2021-02-11 08:01:31.870,1,0.7731826731149004,921.6474707933628,0.0,,1824034.947988884
2021-02-11 08:01:31.880,1,0.6434151847474167,921.4853017059525,0.0,,1823675.3006815428
2021-02-11 08:01:31.890,1,0.5717997928966075,928.2520218223384,0.0,,1838404.814287057
2021-02-11 08:01:31.900,1,0.6874628019010303,921.5947086214372,0.0,,1823912.3726330632
2021-02-11 08:01:31.910,1,0.5607574069524497,922.0318110242516,0.0,,1824858.5872692787
2021-02-11 08:01:31.920,1,0.6741723875539031,925.6856118681374,0.0,,1832821.823391564
2021-02-11 08:01:31.930,1,0.6361143879169036,921.8248471495124,0.0,,1824414.1152075392
2021-02-11 08:01:31.940,1,0.5924696621982711,920.999579845246,0.0,,1822611.0127687636
2021-02-11 08:01:31.950,1,0.6875136187580905,929.0833303683048,0.0,,1840223.012406873
2021-02-11 08:01:31.960,1,0.6294276251523625,914.127085546988,0.0,,1807664.6017322748
2021-02-11 08:01:31.970,1,0.6741966110132365,922.6750670642546,0.0,,1826266.6104628448
2021-02-11 08:01:31.980,1,0.6436659775980709,918.9027760106555,0.0,,1818054.1467858984
2021-02-11 08:01:31.990,1,0.6067429827386933,923.8293885253984,0.0,,1828777.4580623296
2021-02-11 08:01:32.000,0,0.5656708260534365,931.6709070072112,0.0,,1845855.0376606286
2021-02-11 08:01:32.010,0,0.6625647062192039,924.317124592518,0.0,,1829840.5302893664
2021-02-11 08:01:32.020,0,0.7194944908723204,929.3348436576126,0.0,,1840773.9875507026
2021-02-11 08:01:32.030,0,0.649950416601908,920.8226179679612,0.0,,1822234.451107765
2021-02-11 08:01:32.040,0,0.7898867535609866,928.4966657291536,0.0,,1838947.5975675404
2021-02-11 08:01:32.050,0,0.7930262015484666,920.72828183762,0.0,,1822030.597063501
2021-02-11 08:01:32.060,0,0.5846080356014055,929.1858267582296,0.0,,1840441.6858453408
2021-02-11 08:01:32.070,0,0.6054970333436006,933.6724475476384,0.0,,1850221.147246936
2021-02-11 08:01:32.080,0,0.5667915046317107,917.2682088157452,0.0,,1814490.9966157756
2021-02-11 08:01:32.090,0,0.6541874059290814,926.5165924039444,0.0,,1834631.677119039
2021-02-11 08:01:32.100,0,0.6794347828416001,907.4810354059732,0.0,,1793214.8635875315
2021-02-11 08:01:32.110,0,0.5877361543353119,884.5172739418637,0.0,,1743359.6056323245
2021-02-11 08:01:32.120,0,0.6178730017081968,866.6565294113324,0.0,,1704678.1752333634
2021-02-11 08:01:32.130,0,0.5370771199086444,827.8931671953287,0.0,,1620993.870368906
2021-02-11 08:01:32.140,0,0.6511886408176046,800.670753294097,0.0,,1562469.8582593189
2021-02-11 08:01:32.150,0,0.55331267543448,766.428790216463,0.0,,1489119.9417921233
2021-02-11 08:01:32.160,0,0.4412300501340968,728.5549416096201,0.0,,1408377.6954255244
2021-02-11 08:01:32.170,0,0.3771053837613901,684.9050598175979,0.0,,1315838.3944249656
2021-02-11 08:01:32.180,0,0.3415118693890494,638.3799770377867,0.0,,1217860.2267915432
2021-02-11 08:01:32.190,0,0.3835986513596711,597.4135526914423,0.0,,1132175.3874365522
2021-02-11 08:01:32.200,0,0.3388157957127151,551.4680809504564,0.0,,1036773.2869381902
2021-02-11 08:01:32.210,0,0.3364771092196578,508.865854877226,0.0,,949021.5125477967
2021-02-11 08:01:32.220,0,0.3005907651994098,468.3384229874646,0.0,,866221.555591941
2021-02-11 08:01:32.230,0,0.3165365790823502,428.89916601277673,0.0,,786331.5430119113
2021-02-11 08:01:32.240,0,0.2205696773186609,389.4658413563122,0.0,,707178.9317694855
2021-02-11 08:01:32.250,0,0.2602385228493405,349.34863679386274,0.0,,627482.0094496494
2021-02-11 08:01:32.260,0,0.1762507075004721,314.4081995295632,0.0,,558800.4872769315
2021-02-11 08:01:32.270,0,0.1940525589164763,277.8319736916989,0.0,,487727.77468019596
2021-02-11 08:01:32.280,0,0.1250212644967911,245.93312665987816,0.0,,426494.0955846613
2021-02-11 08:01:32.290,0,0.1090531468947625,215.9847222435348,0.0,,369730.0365218493
2021-02-11 08:01:32.300,0,0.1001485930341741,187.5665840016405,0.0,,316585.91317693575
2021-02-11 08:01:32.310,0,0.0827936820294544,160.6309929195849,0.0,,266953.2310043386
2021-02-11 08:01:32.320,0,0.0759354782149178,134.6020432392419,0.0,,219775.43612797593
2021-02-11 08:01:32.330,0,0.0777542204118997,113.45791275375306,1.0,,182117.65426012082
2021-02-11 08:01:32.340,0,0.0580556381630529,92.23506224992242,1.0,,145018.8401739532
2021-02-11 08:01:32.350,0,0.0436508112311958,72.36081148700083,1.0,,111047.01309123119
2021-02-11 08:01:32.360,0,0.0325064070535569,55.6170053551574,1.0,,83139.47246874761
2021-02-11 08:01:32.370,0,0.0187355847977807,39.86750679853712,1.0,,57642.84873792551
2021-02-11 08:01:32.380,0,0.0173728314823153,26.10347369889162,1.0,,36181.96733563891
2021-02-11 08:01:32.390,0,0.0097907214350716,14.076307736421814,1.0,,18349.519982381014
2021-02-11 08:01:32.400,0,0.0007047224927894,3.3046085098784954,1.0,,3731.984984499121
2021-02-11 08:01:32.410,0,-0.0063688667396702,0.0,1.0,,11.300707584140024
2021-02-11 08:01:32.420,0,-0.0100535499018541,0.0,1.0,,11.43181977768606
2021-02-11 08:01:32.430,0,-0.0091159844885224,0.0,1.0,,9.602927989779552
2021-02-11 08:01:32.440,0,-0.0076098427732039,0.0,1.0,,13.162773351997542
2021-02-11 08:01:32.450,0,-0.019683747036224,0.0,1.0,,9.254503687761186
2021-02-11 08:01:32.460,0,-0.0203488608283862,0.0,1.0,,9.691534450352824
2021-02-11 08:01:32.470,0,-0.019068711532241,0.0,1.0,,14.231682422733286
2021-02-11 08:01:32.480,0,-0.0200124346087226,0.0,1.0,,11.631221787351203
2021-02-11 08:01:32.490,0,-0.0205849471347195,0.0,1.0,,10.299365616756285
2021-02-11 08:01:32.500,0,-0.0211198195444654,0.0,1.0,,8.99671864603309
2021-02-11 08:01:32.510,0,-0.024924945986636,0.0,1.0,,8.677012832098038
2021-02-11 08:01:32.520,0,-0.0157204506844735,0.0,1.0,,12.35430731823434
2021-02-11 08:01:32.530,0,-0.0143346491411861,0.0,1.0,,5.957225493089348
2021-02-11 08:01:32.540,0,-0.0173204153256472,0.0,1.0,,13.710753993863094
2021-02-11 08:01:32.550,0,-0.0125707954888106,0.0,1.0,,9.596459092891905
2021-02-11 08:01:32.560,0,-0.0222546392270197,0.0,1.0,,9.36660038295508
2021-02-11 08:01:32.570,0,-0.0191973804486592,0.0,1.0,,7.034188372493017
2021-02-11 08:01:32.580,0,-0.0176252656034711,0.0,2.0,,7.503745220942699
2021-02-11 08:01:32.590,0,-0.0197550600752362,0.0,2.0,,5.194394651387988
2021-02-11 08:01:32.600,0,-0.0135456596867004,0.0,2.0,,8.15831156271866
2021-02-11 08:01:32.610,0,-0.0145402098798205,0.0,2.0,,9.856541822264683
2021-02-11 08:01:32.620,0,-0.0099159641213317,0.0,2.0,,8.907880002537025
2021-02-11 08:01:32.630,0,-0.0045851827633653,0.0,2.0,,8.512471841690035
2021-02-11 08:01:32.640,0,-0.0121148240924397,0.0,2.0,,9.887238436635347
2021-02-11 08:01:32.650,0,-0.0110291823824236,0.0,2.0,,7.6996428407898705
2021-02-11 08:01:32.660,0,-0.003039947007301,0.0,2.0,,3.972089357751977
2021-02-11 08:01:32.670,0,-0.001401120549904,0.0,2.0,,8.526718290368326
2021-02-11 08:01:32.680,0,-0.0092830993043427,0.0,2.0,,10.006666707009886
2021-02-11 08:01:32.690,0,-0.0088583783453019,0.0,2.0,,7.69059384294961
2021-02-11 08:01:32.700,0,-0.0094725796127096,0.0,2.0,,10.136542147175758
2021-02-11 08:01:32.710,0,-0.0115209768661389,0.0,2.0,,9.537723329828468
2021-02-11 08:01:32.720,0,0.0004558219266964,0.0,2.0,,8.506664173144555
2021-02-11 08:01:32.730,0,-0.0015298824771896,0.0,2.0,,11.824325354798022
2021-02-11 08:01:32.740,0,0.0009381590216504,0.0,2.0,,11.075060053210121
2021-02-11 08:01:32.750,0,0.0017661172724879,0.0,2.0,,10.55528843772763
2021-02-11 08:01:32.760,0,0.0007670321857332,0.0,2.0,,10.275043109968017
2021-02-11 08:01:32.770,0,0.0011075427647978,0.0,2.0,,10.573644629943301
2021-02-11 08:01:32.780,0,-0.0039775011647631,0.0,2.0,,10.038470843876528
2021-02-11 08:01:32.790,0,-0.0001637961976075,0.0,2.0,,6.485168946848013
2021-02-11 08:01:32.800,0,-0.0030556581682027,0.0,2.0,,8.755082575663186
2021-02-11 08:01:32.810,0,0.0021651228638665,0.0,2.0,,11.45588011215905
2021-02-11 08:01:32.820,0,-0.0012651378335491,0.0,2.0,,9.614275478774527
2021-02-11 08:01:32.830,0,-0.0002152900335308,0.0,2.0,,10.320122296751855
2021-02-11 08:01:32.840,0,-0.0019521533783953,0.1597402222595516,2.0,,144.53338377304078
2021-02-11 08:01:32.850,0,-0.0014660753306178,0.5433554374664997,2.0,,523.0867531534643
2021-02-11 08:01:32.860,0,-0.0030459683351138,0.8666542195989011,2.0,,861.988769050932
2021-02-11 08:01:32.870,0,-0.0057136374196983,1.1491280482913129,2.0,,1176.9511168433498
2021-02-11 08:01:32.880,0,-0.0047946823188249,1.3678965599552508,2.0,,1426.484219099824
2021-02-11 08:01:32.890,0,0.0050398516826792,1.5705718937270516,2.0,,1652.2915135412459
2021-02-11 08:01:32.900,0,0.0013253754847515,1.702600360866214,2.0,,1805.3550481686443
2021-02-11 08:01:32.910,0,0.0043594316968481,1.8002327177891533,2.0,,1919.9965911402217
2021-02-11 08:01:32.920,0,0.0019668022858726,1.884412022315049,2.0,,2016.778568226209
2021-02-11 08:01:32.930,0,0.0038680269899035,1.93087502463252,2.0,,2071.9317049151305
2021-02-11 08:01:32.940,0,0.0023959775225632,1.9571536891456625,2.0,,2102.4307442850304
2021-02-11 08:01:32.950,0,0.0042852171960333,1.9541316270881848,2.0,,2101.0219011069125
2021-02-11 08:01:32.960,0,-0.0017779402427259,1.9271411995481016,2.0,,2069.9791971501863
2021-02-11 08:01:32.970,0,-0.0018469847191953,1.9021942757064825,2.0,,2037.4050294814983
2021-02-11 08:01:32.980,0,0.0059740425923278,1.8620240373716928,2.0,,1994.6865403879162
2021-02-11 08:01:32.990,0,-0.0012572479856596,1.7860079771074509,2.0,,1904.5453417298766
2021-02-11 08:01:33.000,0,-0.0044729379237476,1.7118573565125987,2.0,,1816.6819135042604
2021-02-11 08:01:33.010,0,-0.0002075282041586,1.6481685411911322,2.0,,1740.605051014968
2021-02-11 08:01:33.020,0,2.194510464862754e-05,1.5608273885501904,2.0,,1640.9471792221602
2021-02-11 08:01:33.030,0,-0.0015582618842803,1.4828763257144373,2.0,,1546.7876188144585
2021-02-11 08:01:33.040,0,0.0022514322801346,1.3794031699663418,2.0,,1433.129924884063
2021-02-11 08:01:33.050,0,0.0032778140142328,1.3029066896193235,2.0,,1346.4852163863357
2021-02-11 08:01:33.060,0,0.0007645751705175,1.209311705834636,2.0,,1243.356664858604
2021-02-11 08:01:33.070,0,0.0006975911283244,1.1160654754604489,2.0,,1136.8046298778888
2021-02-11 08:01:33.080,0,-0.0008796354097152,1.0322448565183195,2.0,,1045.7096675255718
2021-02-11 08:01:33.090,0,0.0020681217190551,0.9359147525633632,2.0,,938.0791396632902
2021-02-11 08:01:33.100,0,0.0020448047792155,0.8483747009672565,2.0,,844.8217972790144
2021-02-11 08:01:33.110,0,0.0023655437348864,0.7643464060008701,2.0,,754.5762156194144
2021-02-11 08:01:33.120,0,0.0026434156963172,0.6923133263935911,2.0,,677.8272390393056
2021-02-11 08:01:33.130,0,0.0016533463483402,0.6188821903230498,2.0,,596.1170542936019
2021-02-11 08:01:33.140,0,-0.0032196490473972,0.5423121112570329,2.0,,520.0474328387994
2021-02-11 08:01:33.150,0,-0.0050965222933349,0.4796147516111291,2.0,,456.0004622192522
2021-02-11 08:01:33.160,0,-0.0017647682115746,0.4193602386193987,2.0,,394.4932374159938
2021-02-11 08:01:33.170,0,-0.0008004243787882,0.3613519501284191,2.0,,337.24766801060565
2021-02-11 08:01:33.180,0,-0.0039988785385315,0.3080845048079568,2.0,,286.02711749742434
2021-02-11 08:01:33.190,0,-0.0061771276717033,0.258376951326724,2.0,,236.00855301065445
2021-02-11 08:01:33.200,0,-0.0060557196264354,0.2141237604174044,2.0,,192.7997650843945
2021-02-11 08:01:33.210,0,-0.0035798134580765,0.1709698702535929,2.0,,153.23954441972944
2021-02-11 08:01:33.220,0,0.005349300098334,0.1326266992620409,2.0,,118.04594352867555
2021-02-11 08:01:33.230,0,-0.0017617632904448,0.0997951940070271,2.0,,89.98099137469036
2021-02-11 08:01:33.240,0,0.0001086249216599,0.0694214719095804,2.0,,65.25321662657595
2021-02-11 08:01:33.250,0,-0.0036871325095012,0.0427676853548262,2.0,,41.12100043078845
2021-02-11 08:01:33.260,0,-0.0015705520836787,0.0190947227393177,2.0,,22.801221425690017
2021-02-11 08:01:33.270,0,-0.0028513628517998,0.0,2.0,,11.147466196086347
2021-02-11 08:01:33.280,0,-0.0055525338004592,0.0,2.0,,10.697500947752065
2021-02-11 08:01:33.290,0,-0.0017527999152422,0.0,2.0,,13.85214800447022
2021-02-11 08:01:33.300,0,0.0010502784932449,0.0,2.0,,14.607030707573497
2021-02-11 08:01:33.310,0,0.0030058145790796,0.0,2.0,,10.984061641284217
2021-02-11 08:01:33.320,0,0.0024808814486507,0.0,2.0,,9.585834792585944
2021-02-11 08:01:33.330,0,0.0008419385533174,0.0,2.0,,8.02450830422232
2021-02-11 08:01:33.340,0,-0.001788201088112,0.0,2.0,,10.09463163475326
2021-02-11 08:01:33.350,0,-0.0043724709403648,0.0,2.0,,10.984772773580975
2021-02-11 08:01:33.360,0,0.0024623600170121,0.0,2.0,,9.651057913123232
2021-02-11 08