time,ton,thrust,mfr,vl,anomaly_code,uv_360nm
2021-03-06 06:00:00.000,0,0.0010193770652613,0.0,0.0,,10.058689393771408
2021-03-06 06:00:00.010,0,0.0012638680794716,0.0,1.0,,7.91790316707962
2021-03-06 06:00:00.020,0,0.0046695743815742,0.0,1.0,,10.714748186778758
2021-03-06 06:00:00.030,0,-0.0002155902795399,0.0,1.0,,6.211129861416388
2021-03-06 06:00:00.040,0,-0.0011413248436412,0.0,1.0,,10.722534619933402
2021-03-06 06:00:00.050,0,-0.0058805603285353,0.0,1.0,,9.584918733690161
2021-03-06 06:00:00.060,0,-0.0011414553312825,0.0,1.0,,10.024764299646787
2021-03-06 06:00:00.070,0,0.0002650350106141,0.0,1.0,,12.724763948172708
2021-03-06 06:00:00.080,0,0.0009357794266543,0.0,1.0,,10.055333253030767
2021-03-06 06:00:00.090,0,-0.0051507855286066,0.0,1.0,,4.881814232864416
2021-03-06 06:00:00.100,0,-0.0049045990060004,0.0,1.0,,10.977354300743883
2021-03-06 06:00:00.110,0,-0.0031249296315704,0.0,1.0,,7.351979041424937
2021-03-06 06:00:00.120,0,0.0035063057509703,0.0,1.0,,12.920660460774254
2021-03-06 06:00:00.130,0,-0.004040436561661,0.0,1.0,,8.422918374792147
2021-03-06 06:00:00.140,0,0.0020104505716478,0.0,1.0,,9.876299398730925
2021-03-06 06:00:00.150,0,-0.0024304653338775,0.0,0.0,,5.363407272095542
2021-03-06 06:00:00.160,0,-0.0018259227697345,0.0,0.0,,8.983914769247756
2021-03-06 06:00:00.170,0,-0.0031800332250674,0.0,0.0,,12.605260598748133
2021-03-06 06:00:00.180,0,-0.0035986059078391,0.0,0.0,,12.187741292643015
2021-03-06 06:00:00.190,0,-0.0020303356727078,0.0,0.0,,10.733846655619663
2021-03-06 06:00:00.200,0,-0.0017131604482811,0.0,0.0,,9.542765894718034
2021-03-06 06:00:00.210,0,-0.0030135395031336,0.0,0.0,,9.000882558732844
2021-03-06 06:00:00.220,0,0.0013403693810624,0.0,0.0,,8.250954410993124
2021-03-06 06:00:00.230,0,0.0064952341797726,0.0,0.0,,14.04745906869
2021-03-06 06:00:00.240,0,-0.0019328601027424,0.0,0.0,,7.8106263041804755
2021-03-06 06:00:00.250,0,-0.0042060677532564,0.0,0.0,,6.9603390843916895
2021-03-06 06:00:00.260,0,-0.0051199094186675,0.0,0.0,,7.9929795104549575
2021-03-06 06:00:00.270,0,-0.0020238478362216,0.0,0.0,,9.835332854411673
2021-03-06 06:00:00.280,0,0.000131952940775,0.0,0.0,,10.169178821552281
2021-03-06 06:00:00.290,0,-0.0022257367278867,0.0,0.0,,11.382656651593738
2021-03-06 06:00:00.300,0,-0.0069160849229783,0.0,0.0,,9.80656366267554
2021-03-06 06:00:00.310,0,0.0092586652732286,0.0,0.0,,10.605253418830646
2021-03-06 06:00:00.320,0,-0.0017106533807973,0.0,0.0,,11.761087677820262
2021-03-06 06:00:00.330,0,0.0062711335618135,0.0,0.0,,9.236447382266345
2021-03-06 06:00:00.340,0,-0.0037522176394952,0.0,0.0,,10.61615539692357
2021-03-06 06:00:00.350,0,-0.0038629034998035,0.0,0.0,,9.525024489945148
2021-03-06 06:00:00.360,0,-0.0056345706848205,0.0,0.0,,11.130277347548848
2021-03-06 06:00:00.370,0,0.0042311935206156,0.0,0.0,,9.04896168282131
2021-03-06 06:00:00.380,0,0.0056228894539644,0.0,0.0,,6.208400695446537
2021-03-06 06:00:00.390,0,-0.0012866210435352,0.0,0.0,,10.884874747149674
2021-03-06 06:00:00.400,0,-0.0062458806913615,0.0,0.0,,7.23955443092259
2021-03-06 06:00:00.410,0,-0.0011712673904225,0.0,0.0,,10.519524994549506
2021-03-06 06:00:00.420,0,-0.0043263608133861,0.0,0.0,,12.933381153202827
2021-03-06 06:00:00.430,0,-0.0010156455836931,0.0,0.0,,9.973012633731349
2021-03-06 06:00:00.440,0,0.0019234899613986,0.0,0.0,,10.072503811416574
2021-03-06 06:00:00.450,0,-0.0008374771324811,0.0,0.0,,9.589018727658887
2021-03-06 06:00:00.460,0,0.0014562789300773,0.0,0.0,,9.383553821547302
2021-03-06 06:00:00.470,0,0.0007115381100478,0.0,0.0,,8.203396021199257
2021-03-06 06:00:00.480,0,-0.0023492243279115,0.0,0.0,,12.153593843753209
2021-03-06 06:00:00.490,0,0.0020421409398243,0.0,0.0,,11.554399254684125
2021-03-06 06:00:00.500,0,-0.0003263034025469,0.0,0.0,,13.629056573391937
2021-03-06 06:00:00.510,0,-0.0007146264604709,0.0,0.0,,11.582270465832774
2021-03-06 06:00:00.520,0,-0.0001431842185672,0.0,0.0,,7.232127228592766
2021-03-06 06:00:00.530,0,0.0040253477185256,0.0,0.0,,11.653812290874857
2021-03-06 06:00:00.540,0,-0.0073500579281983,0.0,0.0,,11.684355114883449
2021-03-06 06:00:00.550,0,0.0032271319225998,0.0,0.0,,5.373188623840072
2021-03-06 06:00:00.560,0,0.0025118004178362,0.0,0.0,,10.123853788968596
2021-03-06 06:00:00.570,0,0.0016211023805813,0.0,0.0,,8.74700411056119
2021-03-06 06:00:00.580,0,-0.0017765410881501,0.0,0.0,,11.215632835392748
2021-03-06 06:00:00.590,0,0.0027329279015642,0.0,0.0,,8.36978929094078
2021-03-06 06:00:00.600,0,-0.0008510312511073,0.0,0.0,,12.279295146379178
2021-03-06 06:00:00.610,0,-0.0048354842204228,0.0,0.0,,8.312385325247364
2021-03-06 06:00:00.620,0,0.0054586989869665,0.0,0.0,,7.397137928147626
2021-03-06 06:00:00.630,0,-0.0019600879398775,0.0,0.0,,11.382360631599719
2021-03-06 06:00:00.640,0,-0.0036264126907635,0.0,0.0,,10.201167143078973
2021-03-06 06:00:00.650,0,-0.0020817379641616,0.0,0.0,,10.961722557723885
2021-03-06 06:00:00.660,0,-0.0013466130246273,0.0,0.0,,10.37033981030552
2021-03-06 06:00:00.670,0,0.0002134954728553,0.0,0.0,,11.091263131314598
2021-03-06 06:00:00.680,0,-0.0043915867821188,0.0,0.0,,12.055876314412153
2021-03-06 06:00:00.690,0,0.0018815008821264,0.0,0.0,,7.984684790250922
2021-03-06 06:00:00.700,0,0.0037129295735076,0.0,0.0,,9.381782818324073
2021-03-06 06:00:00.710,0,0.0044567930307362,0.0,0.0,,10.279535025551127
2021-03-06 06:00:00.720,0,-0.0024300255756371,0.0,0.0,,11.180620120622613
2021-03-06 06:00:00.730,0,-0.0004118499501448,0.0,0.0,,12.442624183788512
2021-03-06 06:00:00.740,0,-0.0013251270063189,0.0,0.0,,9.949869332453154
2021-03-06 06:00:00.750,0,-0.0028412526967799,0.0,0.0,,10.8116026034712
2021-03-06 06:00:00.760,0,0.0039958021939163,0.0,0.0,,7.286342810256675
2021-03-06 06:00:00.770,0,0.0014557219354994,0.0,0.0,,8.79774726029408
2021-03-06 06:00:00.780,0,0.0015940116475212,0.0,0.0,,11.543204547711422
2021-03-06 06:00:00.790,0,-0.0041333429822182,0.0,0.0,,13.088300111728653
2021-03-06 06:00:00.800,0,0.0005734061036627,0.0,0.0,,12.137236581248656
2021-03-06 06:00:00.810,0,-0.0025233512605836,0.0,0.0,,8.31787672946209
2021-03-06 06:00:00.820,0,0.0060209583041663,0.0,0.0,,12.165675754681597
2021-03-06 06:00:00.830,0,-0.0010773572716787,0.0,0.0,,11.818913840772884
2021-03-06 06:00:00.840,0,-0.0014621943967414,0.0,0.0,,10.612476584786728
2021-03-06 06:00:00.850,0,5.955959991439779e-05,0.0,0.0,,10.523635805770557
2021-03-06 06:00:00.860,0,0.0037497571495585,0.0,0.0,,8.313456396911441
2021-03-06 06:00:00.870,0,-0.0014702917438707,0.0,0.0,,5.574060126454073
2021-03-06 06:00:00.880,0,-0.0016514923236661,0.0,0.0,,8.340816015010898
2021-03-06 06:00:00.890,0,0.0086284433323861,0.0,0.0,,10.56076891013548
2021-03-06 06:00:00.900,0,-0.001238395615839,0.0,0.0,,10.184134714974425
2021-03-06 06:00:00.910,0,-0.0025881685982183,0.0,0.0,,7.211637124427059
2021-03-06 06:00:00.920,0,0.0003097922734689,0.0,0.0,,14.450247765853343
2021-03-06 06:00:00.930,0,-0.0029164555445117,0.0,0.0,,8.427152119512733
2021-03-06 06:00:00.940,0,-0.0068711494967559,0.0,0.0,,11.638484303692206
2021-03-06 06:00:00.950,0,0.0069547600489849,0.0,0.0,,8.902923974938348
2021-03-06 06:00:00.960,0,0.0014709002375353,0.0,0.0,,7.971182355102841
2021-03-06 06:00:00.970,0,-0.0029314934628847,0.0,0.0,,9.96069640998029
2021-03-06 06:00:00.980,0,-0.0031620748206931,0.0,0.0,,12.562456257179658
2021-03-06 06:00:00.990,0,0.0020138732352636,0.0,0.0,,11.52601888281417
2021-03-06 06:00:01.000,1,-0.0014055539599756,0.0,0.0,,9.0071936306818
2021-03-06 06:00:01.010,1,-0.0015645074552177,0.0,0.0,,9.124851986962645
2021-03-06 06:00:01.020,1,0.0045250672441204,0.0,0.0,,11.064078165823283
2021-03-06 06:00:01.030,1,0.0005974015814438,0.0,0.0,,10.252209099067352
2021-03-06 06:00:01.040,1,-0.000218097045654,0.0,0.0,,12.184856356646868
2021-03-06 06:00:01.050,1,-0.0009830012495826,0.0,0.0,,8.973615507355898
2021-03-06 06:00:01.060,1,0.0011210110949822,0.0,0.0,,8.777373445960125
2021-03-06 06:00:01.070,1,-0.0006400084711866,0.0,0.0,,11.40016733874474
2021-03-06 06:00:01.080,1,0.0024529152365388,0.0,0.0,,10.9650531680344
2021-03-06 06:00:01.090,1,0.0080092203243649,6.7518329689763785,0.0,,8178.075867603678
2021-03-06 06:00:01.100,1,0.0205008865730102,25.78191719600657,0.0,,35694.97046428051
2021-03-06 06:00:01.110,1,0.0492392580161289,54.533404026964064,0.0,,81353.07409404544
2021-03-06 06:00:01.120,1,0.0742033102331163,92.06720680579984,0.0,,144729.52583460367
2021-03-06 06:00:01.130,1,0.114869489962644,136.67825624766942,0.0,,223510.0170561542
2021-03-06 06:00:01.140,1,0.1946704877724245,187.8447046721877,0.0,,317107.4257295674
2021-03-06 06:00:01.150,1,0.2653640147955269,239.7278659962017,0.0,,414682.2540815535
2021-03-06 06:00:01.160,1,0.3192812705652485,299.7581202717905,0.0,,530237.5851559204
2021-03-06 06:00:01.170,1,0.4086993796837715,358.30708584461786,0.0,,645210.5924575124
2021-03-06 06:00:01.180,1,0.3636419282544024,417.2989944189079,0.0,,762972.8553318535
2021-03-06 06:00:01.190,1,0.3693137144831873,479.3319575464482,0.0,,888617.5704140862
2021-03-06 06:00:01.200,1,0.4502233875148444,542.1756252723653,0.0,,1017576.7624466695
2021-03-06 06:00:01.210,1,0.5388678436373124,605.2065892413465,0.0,,1148438.9289992545
2021-03-06 06:00:01.220,1,0.5139850615645171,661.9745099821066,0.0,,1267471.1219254017
2021-03-06 06:00:01.230,1,0.7538656131245428,715.3432403415566,0.0,,1380324.0823234178
2021-03-06 06:00:01.240,1,0.8762960614277566,776.6154236855176,0.0,,1510922.1467281382
2021-03-06 06:00:01.250,1,0.8681931024112927,829.3906621090778,0.0,,1624238.7657707518
2021-03-06 06:00:01.260,1,0.9070818515324612,878.9655438171417,0.0,,1731337.717749016
2021-03-06 06:00:01.270,1,1.065359685578914,926.6449853910436,0.0,,1834933.1154496404
2021-03-06 06:00:01.280,1,0.8416754039450172,973.8842256501918,0.0,,1938073.6424330364
2021-03-06 06:00:01.290,1,0.8558564076874452,1020.740608434052,0.0,,2040882.4977466427
2021-03-06 06:00:01.300,1,0.9826278384049536,1062.3518992040283,0.0,,2132591.163489945
2021-03-06 06:00:01.310,1,1.1984500214059663,1092.896449775872,0.0,,2200142.9346109196
2021-03-06 06:00:01.320,1,0.9251938097134088,1134.4366255252314,0.0,,2292286.492659918
2021-03-06 06:00:01.330,1,1.2142911180032308,1175.1878320342294,0.0,,2383037.4975665454
2021-03-06 06:00:01.340,1,1.0553487804125892,1197.7592621573406,0.0,,2433425.1779807652
2021-03-06 06:00:01.350,1,1.0748875787037622,1229.5667004436848,0.0,,2504600.128154147
2021-03-06 06:00:01.360,1,1.1458858603909647,1260.0386237189696,0.0,,2572963.985929217
2021-03-06 06:00:01.370,1,1.1456115426331404,1293.3285604738576,0.0,,2647832.514056796
2021-03-06 06:00:01.380,1,1.3965561449785484,1310.269680877338,0.0,,2686023.5514445375
2021-03-06 06:00:01.390,1,1.2835350533220355,1328.6678881034752,0.0,,2727531.153127392
2021-03-06 06:00:01.400,1,1.1568707118086996,1350.6315497638402,0.0,,2777156.8969233674
2021-03-06 06:00:01.410,1,1.2824703301551856,1355.5354967405576,0.0,,2788261.589816554
2021-03-06 06:00:01.420,1,1.3275840906497034,1386.6754399999645,0.0,,2858801.7240230422
2021-03-06 06:00:01.430,1,1.4120431603272106,1396.6922161231507,0.0,,2881527.574041865
2021-03-06 06:00:01.440,1,1.01789332776823,1411.799630922246,0.0,,2915811.624647123
2021-03-06 06:00:01.450,1,0.98287992548527,1443.4561277750454,0.0,,2987808.1559346123
2021-03-06 06:00:01.460,1,1.3417300740244034,1448.771731628157,0.0,,2999929.8856418896
2021-03-06 06:00:01.470,1,1.2064497609863618,1444.27587889776,0.0,,2989685.785852448
2021-03-06 06:00:01.480,1,1.1272767932901624,1448.2162771393946,0.0,,2998654.2267525923
2021-03-06 06:00:01.490,1,1.0750967040305883,1452.2266446678243,0.0,,3007787.6117733293
2021-03-06 06:00:01.500,1,1.0728788932074191,1466.3285898331574,0.0,,3039927.0994973937
2021-03-06 06:00:01.510,1,1.3993944908327314,1468.1367311318622,0.0,,3044071.6482779924
2021-03-06 06:00:01.520,1,1.1241721737680883,1480.1602132590583,0.0,,3071490.362713811
2021-03-06 06:00:01.530,1,1.0811178507118826,1486.6481480089242,0.0,,3086296.7087705187
2021-03-06 06:00:01.540,1,1.412367668754798,1488.9901687825616,0.0,,3091666.053547198
2021-03-06 06:00:01.550,1,1.1325547865823773,1490.9684266768293,0.0,,3096168.084263203
2021-03-06 06:00:01.560,1,1.2538519320444008,1481.9597966245722,0.0,,3075602.549567525
2021-03-06 06:00:01.570,1,1.1196536965732848,1485.021789924092,0.0,,3082587.4538413566
2021-03-06 06:00:01.580,1,1.3365186991028744,1490.1309930985376,0.0,,3094266.5840233173
2021-03-06 06:00:01.590,1,1.1433488499661904,1499.5963400824148,0.0,,3115885.2695119167
2021-03-06 06:00:01.600,1,1.056232857424061,1489.7892891227525,0.0,,3093469.73452789
2021-03-06 06:00:01.610,1,0.9373826552341086,1509.899156022235,0.0,,3139429.0638184575
2021-03-06 06:00:01.620,1,1.2819537411176969,1514.07000369285,0.0,,3148983.1604739954
2021-03-06 06:00:01.630,1,1.0373455384129329,1492.2172077780142,0.0,,3099016.85497232
2021-03-06 06:00:01.640,1,1.3101271081595731,1498.4670801766545,0.0,,3113311.046211388
2021-03-06 06:00:01.650,1,1.271549900646705,1492.0992940301185,0.0,,3098756.5679316167
2021-03-06 06:00:01.660,1,1.0953939574213816,1506.6977630613446,0.0,,3132112.2683338765
2021-03-06 06:00:01.670,1,1.0890306966438978,1489.8978616681698,0.0,,3093723.036698082
2021-03-06 06:00:01.680,1,0.9300142726108008,1498.7558923074234,0.0,,3113952.8947628685
2021-03-06 06:00:01.690,1,1.1079143217397531,1478.9050473289462,0.0,,3068623.0793052083
2021-03-06 06:00:01.700,1,1.1752606978625082,1514.990826710908,0.0,,3151086.8969873176
2021-03-06 06:00:01.710,1,0.9056826411335356,1486.4917578766297,0.0,,3085936.522504159
2021-03-06 06:00:01.720,1,1.1537174010751443,1501.2083867361755,0.0,,3119568.919319836
2021-03-06 06:00:01.730,1,1.013752031408824,1485.1427050535335,0.0,,3082858.1392260664
2021-03-06 06:00:01.740,1,1.04713861191318,1487.2679243855955,0.0,,3087713.8878982863
2021-03-06 06:00:01.750,1,1.1475560096868058,1486.5263316584055,0.0,,3086025.15069862
2021-03-06 06:00:01.760,1,0.915800124489733,1488.500742634317,0.0,,3090520.215699786
2021-03-06 06:00:01.770,1,0.8938282780355287,1489.7052155414292,0.0,,3093271.3809671756
2021-03-06 06:00:01.780,1,1.0241595758105864,1480.8430913674758,0.0,,3073044.260713795
2021-03-06 06:00:01.790,1,1.2605860685900323,1475.053353669166,0.0,,3059839.3641289654
2021-03-06 06:00:01.800,1,1.1033667638957825,1478.6020260953296,0.0,,3067928.0086586718
2021-03-06 06:00:01.810,1,1.097611009282626,1475.4874768576767,0.0,,3060821.2666743924
2021-03-06 06:00:01.820,1,1.0424642408810414,1482.590201054512,0.0,,3077033.2138116984
2021-03-06 06:00:01.830,1,1.2058049498640528,1480.533150904968,0.0,,3072346.1055127797
2021-03-06 06:00:01.840,1,1.3381142535744126,1476.9612363051724,0.0,,3064198.4053468057
2021-03-06 06:00:01.850,1,1.1484061090830058,1473.2112316311973,0.0,,3055630.712007898
2021-03-06 06:00:01.860,1,1.2969420906771032,1470.5540996557504,0.0,,3049578.955428818
2021-03-06 06:00:01.870,1,1.197523147626957,1465.6945806822805,0.0,,3038489.9577912735
2021-03-06 06:00:01.880,1,1.2939581371706173,1471.0008384515772,0.0,,3050594.2479812284
2021-03-06 06:00:01.890,1,1.1062809271790852,1463.5109368333583,0.0,,3033504.9734185864
2021-03-06 06:00:01.900,1,1.4138665310456942,1471.0227383267718,0.0,,3050654.921473811
2021-03-06 06:00:01.910,1,1.0204337909029324,1470.7706486113166,0.0,,3050058.670968895
2021-03-06 06:00:01.920,1,1.3134656702543774,1457.4739732526818,0.0,,3019754.756165887
2021-03-06 06:00:01.930,1,1.2928779366413148,1459.688169882882,0.0,,3024799.253545083
2021-03-06 06:00:01.940,1,1.4123122886986754,1472.077992868901,0.0,,3053065.2214044966
2021-03-06 06:00:01.950,1,1.1838114604426917,1455.707084205349,0.0,,3015722.4852180565
2021-03-06 06:00:01.960,1,1.352466257171961,1456.7334852638696,0.0,,3018067.21434856
2021-03-06 06:00:01.970,1,1.3637954588275738,1446.6142833507015,0.0,,2995015.0639709667
2021-03-06 06:00:01.980,1,1.1771087755218457,1458.966607507891,0.0,,3023149.979048073
2021-03-06 06:00:01.990,1,1.2698465779314916,1462.2584696200006,0.0,,3030658.589527207
2021-03-06 06:00:02.000,1,1.3656608383102882,1462.7227910342572,0.0,,3031718.9685143265
2021-03-06 06:00:02.010,1,1.3339678716100738,1447.1073239687971,0.0,,2996140.4588690954
2021-03-06 06:00:02.020,1,1.331733248784699,1454.709731307428,0.0,,3013454.1287529874
2021-03-06 06:00:02.030,1,1.5256395715133508,1461.5324995033984,0.0,,3029018.5983260307
2021-03-06 06:00:02.040,1,1.043082063952676,1465.7039834798743,0.0,,3038505.683205114
2021-03-06 06:00:02.050,1,1.134384577825131,1459.2592823859973,0.0,,3023816.9663470555
2021-03-06 06:00:02.060,1,1.3921802302614956,1467.9140015558976,0.0,,3043563.1993318032
2021-03-06 06:00:02.070,1,1.1391751515066522,1467.332432871668,0.0,,3042224.8097748514
2021-03-06 06:00:02.080,1,1.2782528952108323,1458.7407608468163,0.0,,3022640.938129614
2021-03-06 06:00:02.090,1,1.34139562773291,1461.713548307236,0.0,,3029419.288651366
2021-03-06 06:00:02.100,1,1.3122805202402332,1475.474032075089,0.0,,3060801.0547004356
2021-03-06 06:00:02.110,1,1.119218286119637,1474.0067189507342,0.0,,3057444.426085951
2021-03-06 06:00:02.120,1,1.2601037391118577,1463.2898307167734,0.0,,3033013.4188103927
2021-03-06 06:00:02.130,1,1.2445649912506789,1458.397221082498,0.0,,3021858.104318059
2021-03-06 06:00:02.140,1,1.3749159553475332,1454.2812756811727,0.0,,3012484.36902913
2021-03-06 06:00:02.150,1,1.543253658401289,1477.0271445029416,0.0,,3064357.8149320628
2021-03-06 06:00:02.160,1,1.3324229153454894,1464.472892859367,0.0,,3035710.517599696
2021-03-06 06:00:02.170,1,1.1669433033592902,1479.6510092335968,0.0,,3070329.3379149353
2021-03-06 06:00:02.180,1,1.384260250291574,1482.201093871576,0.0,,3076161.9536635587
2021-03-06 06:00:02.190,1,1.1772538555659509,1463.7181338104083,0.0,,3033981.143347747
2021-03-06 06:00:02.200,1,1.6251027038052916,1463.521917565878,0.0,,3033552.62326303
2021-03-06 06:00:02.210,1,1.2789877367982756,1472.7599769742906,0.0,,3054612.013867899
2021-03-06 06:00:02.220,1,1.4857991304555642,1475.6211947053366,0.0,,3061150.1829403215
2021-03-06 06:00:02.230,1,1.431757172658129,1479.7100106334683,0.0,,3070475.806590988
2021-03-06 06:00:02.240,1,1.3453836869966795,1469.4033647588888,0.0,,3046954.4584729862
2021-03-06 06:00:02.250,1,1.2902746133794951,1480.24281205883,0.0,,3071686.166570766
2021-03-06 06:00:02.260,1,1.4042709537157525,1470.5308785640143,0.0,,3049532.1327577536
2021-03-06 06:00:02.270,1,1.547729506963336,1465.1056377992318,0.0,,3037160.6462604194
2021-03-06 06:00:02.280,1,1.665134137190717,1482.3409021086547,0.0,,3076491.6164804143
2021-03-06 06:00:02.290,1,1.72485428618444,1472.6415110301984,0.0,,3054361.147109386
2021-03-06 06:00:02.300,1,1.5810253550192312,1490.8264266196384,0.0,,3095864.7584638144
2021-03-06 06:00:02.310,1,1.6645247082079753,1492.1986154858173,0.0,,3099007.0213621925
2021-03-06 06:00:02.320,1,1.5031683990918443,1496.645888396993,0.0,,3109157.093838673
2021-03-06 06:00:02.330,1,1.4342015365262517,1497.749224345568,0.0,,3111676.901747678
2021-03-06 06:00:02.340,1,1.3712192174888962,1478.3547495578186,0.0,,3067381.3604684174
2021-03-06 06:00:02.350,1,1.530283174619589,1489.3055170712971,0.0,,3092394.3447888596
2021-03-06 06:00:02.360,1,1.631166259877705,1489.165509440812,0.0,,3092077.278562114
2021-03-06 06:00:02.370,1,1.5443807479827254,1484.350201702224,0.0,,3081075.5204741405
2021-03-06 06:00:02.380,1,1.633831508122736,1479.1586032257464,0.0,,3069227.301327175
2021-03-06 06:00:02.390,1,1.6007752325058942,1482.420854738643,0.0,,3076669.854362538
2021-03-06 06:00:02.400,1,1.6378836597562707,1483.7245581880038,0.0,,3079649.4931288776
2021-03-06 06:00:02.410,1,1.4357536406986162,1484.4242087893438,0.0,,3081237.848646592
2021-03-06 06:00:02.420,1,1.5960152569234352,1487.7117857373307,0.0,,3088755.9647038355
2021-03-06 06:00:02.430,1,1.4456151414729788,1483.1864833484751,0.0,,3078415.996305692
2021-03-06 06:00:02.440,1,1.6533663689449312,1477.513212902714,0.0,,3065475.258092944
2021-03-06 06:00:02.450,1,1.2249371093852848,1466.814420063614,0.0,,3041047.721037724
2021-03-06 06:00:02.460,1,1.5170284206714382,1468.1987376495154,0.0,,3044221.1964503634
2021-03-06 06:00:02.470,1,1.5767873089147653,1469.0097449614689,0.0,,3046070.8694451917
2021-03-06 06:00:02.480,1,1.2340459273495317,1467.558462026303,0.0,,3042740.5049327626
2021-03-06 06:00:02.490,1,1.100618650688746,1466.4573448332742,0.0,,3040220.692908881
2021-03-06 06:00:02.500,1,1.218052821485102,1478.8302192076903,0.0,,3068455.3611227665
2021-03-06 06:00:02.510,1,1.1035684269710364,1477.1669772736584,0.0,,3064653.3925967906
2021-03-06 06:00:02.520,1,1.086462726442029,1466.2327725245914,0.0,,3039711.740269186
2021-03-06 06:00:02.530,1,1.299048325904268,1467.4486852151686,0.0,,3042495.2889919346
2021-03-06 06:00:02.540,1,1.088498853964173,1461.0928324328086,0.0,,3027991.4985855212
2021-03-06 06:00:02.550,1,1.3984810203893825,1464.7883752804978,0.0,,3036432.4763247846
2021-03-06 06:00:02.560,1,1.5663916511420606,1456.6006762931263,0.0,,3017781.6420029947
2021-03-06 06:00:02.570,1,1.1221698603404535,1467.6976830427054,0.0,,3043054.4344596164
2021-03-06 06:00:02.580,1,1.5592938060883368,1456.0674715427308,0.0,,3016564.76615374
2021-03-06 06:00:02.590,1,1.3226245281338138,1459.2494696436884,0.0,,3023805.297456855
2021-03-06 06:00:02.600,1,1.3124726377547835,1463.3165003720346,0.0,,3033075.868295834
2021-03-06 06:00:02.610,1,1.3891366769894251,1459.0379681850602,0.0,,3023323.7457557195
2021-03-06 06:00:02.620,1,1.2446100620976497,1451.8140293911586,0.0,,3006853.772707098
2021-03-06 06:00:02.630,1,1.0706327608910684,1455.8359759678656,0.0,,3016010.0737922634
2021-03-06 06:00:02.640,1,1.093834469674703,1435.5894926849578,0.0,,2969908.929257636
2021-03-06 06:00:02.650,1,1.1045764704121288,1449.3850098080547,0.0,,3001314.8689027973
2021-03-06 06:00:02.660,1,1.4172142754868224,1453.6345803040604,0.0,,3011013.3245285084
2021-03-06 06:00:02.670,1,1.4953837399013654,1452.6296826525645,0.0,,3008724.3487050594
2021-03-06 06:00:02.680,1,1.4314541906605598,1432.7717883802975,0.0,,2963514.4585191277
2021-03-06 06:00:02.690,1,1.498308304566485,1443.726536257762,0.0,,2988450.55318894
2021-03-06 06:00:02.700,1,1.1938079224657678,1433.923838915911,0.0,,2966123.1276213783
2021-03-06 06:00:02.710,1,1.1668318004466411,1439.501843063667,0.0,,2978814.945463437
2021-03-06 06:00:02.720,1,1.0509639003428917,1436.910971366705,0.0,,2972911.7602038924
2021-03-06 06:00:02.730,1,1.496103094810784,1434.584692676564,0.0,,2967638.1296345214
2021-03-06 06:00:02.740,1,1.433846889188276,1423.0528438549484,0.0,,2941410.2696928326
2021-03-06 06:00:02.750,1,1.5166347364938662,1429.887881527186,0.0,,2956952.7122555277
2021-03-06 06:00:02.760,1,1.5655686855345363,1439.4535256038678,0.0,,2978719.2310985755
2021-03-06 06:00:02.770,1,1.5732988537076351,1430.590413855214,0.0,,2958552.4348654896
2021-03-06 06:00:02.780,1,1.5939387395395983,1433.7989935258456,0.0,,2965857.619636092
2021-03-06 06:00:02.790,1,1.10925596037576,1437.6668064527755,0.0,,2974636.9749900294
2021-03-06 06:00:02.800,1,1.2228835283549604,1423.313715519888,0.0,,2941990.014792004
2021-03-06 06:00:02.810,1,1.388224655534425,1435.5895283317636,0.0,,2969918.559019796
2021-03-06 06:00:02.820,1,1.179490551722139,1424.8515989673008,0.0,,2945481.652772029
2021-03-06 06:00:02.830,1,1.2792073947492042,1432.7837987920486,0.0,,2963534.1066345023
2021-03-06 06:00:02.840,1,1.5662884116794162,1431.6528221002554,0.0,,2960972.5327915866
2021-03-06 06:00:02.850,1,1.082439887685593,1438.2739626244793,0.0,,2976014.1998134954
2021-03-06 06:00:02.860,1,1.5915609703482378,1437.1760321806369,0.0,,2973540.256142492
2021-03-06 06:00:02.870,1,1.2042469823443558,1432.64888860788,0.0,,2963221.4640674377
2021-03-06 06:00:02.880,1,1.2186481746587323,1438.739533151219,0.0,,2977081.4137235098
2021-03-06 06:00:02.890,1,1.5024939012607026,1447.1822068512286,0.0,,2996317.7195869572
2021-03-06 06:00:02.900,1,1.341161126220794,1429.7518465332853,0.0,,2956633.749156708
2021-03-06 06:00:02.910,1,1.5758921650294773,1432.3966561931247,0.0,,2962667.08721293
2021-03-06 06:00:02.920,1,1.491444544030022,1433.2133257404598,0.0,,2964523.190101605
2021-03-06 06:00:02.930,1,1.248740239359813,1434.6355043986136,0.0,,2967742.4804664464
2021-03-06 06:00:02.940,1,1.3122635296133995,1439.4110274554096,0.0,,2978615.4929987527
2021-03-06 06:00:02.950,1,1.6824403813352282,1442.4340718143176,0.0,,2985512.761234704
2021-03-06 06:00:02.960,1,1.6501307914793069,1449.572187284613,0.0,,3001767.3996555177
2021-03-06 06:00:02.970,1,1.4967283673284464,1447.7519547442084,0.0,,2997617.681955672
2021-03-06 06:00:02.980,1,1.2282999667597938,1450.2639473688644,0.0,,3003322.402588058
2021-03-06 06:00:02.990,1,1.3771436284463991,1447.078385671673,0.0,,2996075.8222471657
2021-03-06 06:00:03.000,1,1.1933594671077472,1453.5474852231762,0.0,,3010804.664411173
2021-03-06 06:00:03.010,1,1.5072202703143385,1452.3212281706344,0.0,,3008024.6774035674
2021-03-06 06:00:03.020,1,1.6116617882137811,1448.0385007340883,0.0,,2998272.5411645384
2021-03-06 06:00:03.030,1,1.4563570090636475,1466.481364363442,0.0,,3040298.2976697166
2021-03-06 06:00:03.040,1,1.5248849265167868,1445.9115356315986,0.0,,2993426.137230588
2021-03-06 06:00:03.050,1,1.6246336651787574,1461.8115287470926,0.0,,3029658.7168831173
2021-03-06 06:00:03.060,1,1.4356592513105502,1448.9990213635283,0.0,,3000453.043164957
2021-03-06 06:00:03.070,1,1.5399466945805609,1469.8021422622312,0.0,,3047877.1354559823
2021-03-06 06:00:03.080,1,1.2981318830817392,1461.4782555580289,0.0,,3028884.0449607805
2021-03-06 06:00:03.090,1,1.4469128783092622,1453.1798496527124,0.0,,3009970.856030998
2021-03-06 06:00:03.100,1,1.4903687668838344,1457.0387138268509,0.0,,3018775.3196808584
2021-03-06 06:00:03.110,1,1.3916263444417063,1454.9675016460196,0.0,,3014049.5642150696
2021-03-06 06:00:03.120,1,1.1892229711543705,1454.2542546228976,0.0,,3012411.287413736
2021-03-06 06:00:03.130,1,1.7030164494783662,1449.1915898822556,0.0,,3000900.9985711207
2021-03-06 06:00:03.140,1,1.5256935972949492,1460.883573453992,0.0,,3027535.4997924315
2021-03-06 06:00:03.150,1,1.7464406602163574,1447.9507439338004,0.0,,2998081.1309039854
2021-03-06 06:00:03.160,1,1.6983020802142288,1461.12035834657,0.0,,3028087.5780156655
2021-03-06 06:00:03.170,1,1.5687609482321665,1457.683653264094,0.0,,3020246.7947848197
2021-03-06 06:00:03.180,1,1.2764222476345857,1451.1056671678125,0.0,,3005241.0669631315
2021-03-06 06:00:03.190,1,1.6785249174842372,1460.251637186199,0.0,,3026105.253132122
2021-03-06 06:00:03.200,1,1.6812246669783415,1462.5474456980105,0.0,,3031335.917249743
2021-03-06 06:00:03.210,1,1.3088445304540044,1447.5618916714004,0.0,,2997172.8898390788
2021-03-06 06:00:03.220,1,1.3929522591934562,1443.7654242139847,0.0,,2988535.171258581
2021-03-06 06:00:03.230,1,1.389858142049419,1439.784296566797,0.0,,2979469.1270210864
2021-03-06 06:00:03.240,1,1.7031190044812516,1455.2577037272488,0.0,,3014726.322168523
2021-03-06 06:00:03.250,1,1.4935332090287383,1467.6294059027389,0.0,,3042917.6602104562
2021-03-06 06:00:03.260,1,1.6073204226681868,1455.7862893667136,0.0,,3015925.7251065536
2021-03-06 06:00:03.270,1,1.5381004676990655,1451.4287167862308,0.0,,3005994.291535695
2021-03-06 06:00:03.280,1,1.2461223188966597,1457.2030180519196,0.0,,3019133.7830381053
2021-03-06 06:00:03.290,1,1.3677618280344273,1436.9107843587478,0.0,,2972923.970041289
2021-03-06 06:00:03.300,1,1.2648301862223088,1450.8562198853174,0.0,,3004671.803812103
2021-03-06 06:00:03.310,1,1.5130884606510633,1448.062366546782,0.0,,2998322.357271848
2021-03-06 06:00:03.320,1,1.5762737716616482,1454.1586551985226,0.0,,3012213.359451326
2021-03-06 06:00:03.330,1,1.5618156546111437,1456.1161362390014,0.0,,3016672.46218526
2021-03-06 06:00:03.340,1,1.2469784465462896,1447.7325715131112,0.0,,2997555.3200632813
2021-03-06 06:00:03.350,1,1.5429102954961815,1438.8182221872955,0.0,,2977280.0530847725
2021-03-06 06:00:03.360,1,1.2018929724799832,1433.3214832056815,0.0,,2964752.8922117683
2021-03-06 06:00:03.370,1,1.5618772435810655,1448.2578005182995,0.0,,2998771.87215158
2021-03-06 06:00:03.380,1,1.1125738944733947,1436.4630044440923,0.0,,2971899.251094159
2021-03-06 06:00:03.390,1,1.5502343942469403,1442.3321255737094,0.0,,2985278.346145051
2021-03-06 06:00:03.400,1,1.5694070816222352,1452.5587591120334,0.0,,3008572.0366130276
2021-03-06 06:00:03.410,1,1.0683595126218417,1464.1226549080511,0.0,,3034899.3310685973
2021-03-06 06:00:03.420,1,1.423553078820945,1449.4453086636877,0.0,,3001468.716537657
2021-03-06 06:00:03.430,1,1.0460191693679448,1440.927921554542,0.0,,2982050.8964283825
2021-03-06 06:00:03.440,1,1.1683400916787394,1433.3633382117466,0.0,,2964845.9080263344
2021-03-06 06:00:03.450,1,1.3526643816905308,1435.8380803217676,0.0,,2970485.5441594725
2021-03-06 06:00:03.460,1,1.00613602880688,1456.062304719954,0.0,,3016522.4701062725
2021-03-06 06:00:03.470,1,1.0470835130718616,1445.6260100046427,0.0,,2992752.253036385
2021-03-06 06:00:03.480,1,1.1904181405675027,1435.6999587443509,0.0,,2970161.5461735995
2021-03-06 06:00:03.490,1,1.031373669160391,1438.93659850597,0.0,,2977518.6103836163
2021-03-06 06:00:03.500,1,1.3465897998173917,1453.4698045921518,0.0,,3010632.177164481
2021-03-06 06:00:03.510,1,1.216576439491197,1441.0845763725968,0.0,,2982420.3541227183
2021-03-06 06:00:03.520,1,1.288017879256825,1444.5213783383315,0.0,,2990247.6243787175
2021-03-06 06:00:03.530,1,1.4073518998042944,1443.159144201655,0.0,,2987150.2161570583
2021-03-06 06:00:03.540,1,1.290627237220259,1455.577598773948,0.0,,3015435.2767200214
2021-03-06 06:00:03.550,1,1.0997711022868486,1437.1122660611206,0.0,,2973372.2991621476
2021-03-06 06:00:03.560,1,1.1517051564363394,1449.3708119578016,0.0,,3001281.3984177974
2021-03-06 06:00:03.570,1,1.3755061774064952,1443.6959207076236,0.0,,2988372.877026159
2021-03-06 06:00:03.580,1,1.3147813594979587,1451.4163134748983,0.0,,3005952.583467502
2021-03-06 06:00:03.590,1,1.073736149252806,1453.7389917603311,0.0,,3011232.0544397146
2021-03-06 06:00:03.600,1,0.9163037460584504,1459.2662005537106,0.0,,3023824.618650004
2021-03-06 06:00:03.610,1,1.340041130575092,1454.5859039757183,0.0,,3013176.110137519
2021-03-06 06:00:03.620,1,0.9541892804908884,1456.4735023166104,0.0,,3017457.514807752
2021-03-06 06:00:03.630,1,1.2292133297735384,1460.7760453221083,0.0,,3027278.4510599645
2021-03-06 06:00:03.640,1,1.3029191645224747,1465.7889731139096,0.0,,3038715.6415104466
2021-03-06 06:00:03.650,1,1.0039557251037972,1456.9947978902396,0.0,,3018651.9181196815
2021-03-06 06:00:03.660,1,0.9808922148012212,1450.9174047530764,0.0,,3004798.8972621798
2021-03-06 06:00:03.670,1,0.8864425129859833,1462.024790062284,0.0,,3030103.261814618
2021-03-06 06:00:03.680,1,1.1301226791392405,1463.9424544883543,0.0,,3034494.4635635964
2021-03-06 06:00:03.690,1,1.0406789665764968,1455.2115734877182,0.0,,3014586.6226014947
2021-03-06 06:00:03.700,1,1.2661163668117046,1455.1151071091915,0.0,,3014376.1863723192
2021-03-06 06:00:03.710,1,0.939736300721646,1459.6911543116846,0.0,,3024787.263843043
2021-03-06 06:00:03.720,1,0.899083330305,1468.82522057115,0.0,,3045613.3930261126
2021-03-06 06:00:03.730,1,1.0660968080743545,1465.3863085179487,0.0,,3037781.6631891597
2021-03-06 06:00:03.740,1,1.0456751719827135,1472.661868769295,0.0,,3054371.6152668013
2021-03-06 06:00:03.750,1,0.8895658784271527,1464.4950505521438,0.0,,3035738.3447242044
2021-03-06 06:00:03.760,1,0.9212128956556068,1465.6148405370477,0.0,,3038296.5434713247
2021-03-06 06:00:03.770,1,1.1091587996922507,1478.027993417821,0.0,,3066622.7585678613
2021-03-06 06:00:03.780,1,1.1291809271662343,1464.3587719288903,0.0,,3035435.18404396
2021-03-06 06:00:03.790,1,1.253000687869964,1472.4397220951812,0.0,,3053877.702622893
2021-03-06 06:00:03.800,1,1.2559138001934815,1464.5299041843264,0.0,,3035841.1093074516
2021-03-06 06:00:03.810,1,1.095010021887433,1472.2049336697007,0.0,,3053331.980188378
2021-03-06 06:00:03.820,1,0.9052521313691204,1471.1106710751835,0.0,,3050827.417411311
2021-03-06 06:00:03.830,1,0.9224348241914068,1458.8307093425844,0.0,,3022826.0103223026
2021-03-06 06:00:03.840,1,0.9157914221159368,1471.942751026141,0.0,,3052725.3292868333
2021-03-06 06:00:03.850,1,1.216557577295547,1472.6764148256811,0.0,,3054415.377865575
2021-03-06 06:00:03.860,1,1.1836245147529645,1477.4569016873654,0.0,,3065325.078739346
2021-03-06 06:00:03.870,1,0.9874174256357028,1480.3573986154045,0.0,,3071929.918262823
2021-03-06 06:00:03.880,1,0.8737005818142521,1471.639435171851,0.0,,3052033.1132469266
2021-03-06 06:00:03.890,1,0.9238095784706366,1474.0366201980082,0.0,,3057509.6445624703
2021-03-06 06:00:03.900,1,1.257929024129395,1472.2157567065058,0.0,,3053366.3464275324
2021-03-06 06:00:03.910,1,1.2112799552456004,1472.4794321429215,0.0,,3053967.6135304724
2021-03-06 06:00:03.920,1,1.22542265791738,1478.5395867573718,0.0,,3067798.8100037323
2021-03-06 06:00:03.930,1,1.1585094036878008,1462.698040143172,0.0,,3031656.6183679476
2021-03-06 06:00:03.940,1,1.2567509759373978,1477.0374482240309,0.0,,3064366.2404892487
2021-03-06 06:00:03.950,1,1.148705789096017,1471.8615471378412,0.0,,3052552.813755815
2021-03-06 06:00:03.960,1,0.945035183967162,1467.9002408569802,0.0,,3043508.478137207
2021-03-06 06:00:03.970,1,1.0790248362710906,1475.836927758278,0.0,,3061620.516933385
2021-03-06 06:00:03.980,1,1.1683004324357362,1465.4129709606043,0.0,,3037846.9688385166
2021-03-06 06:00:03.990,1,1.0424603803742851,1456.4140306588777,0.0,,3017326.6407900797
2021-03-06 06:00:04.000,1,1.3721745379635344,1445.405450343421,0.0,,2992261.936688832
2021-03-06 06:00:04.010,1,1.312515834254676,1468.6103372010916,0.0,,3045147.663729045
2021-03-06 06:00:04.020,1,1.1267652199076377,1465.4214808107013,0.0,,3037865.173763189
2021-03-06 06:00:04.030,1,1.3541990594400375,1448.132009503964,0.0,,2998475.599248619
2021-03-06 06:00:04.040,1,1.3378314744962696,1463.4300402695364,0.0,,3033334.5054510483
2021-03-06 06:00:04.050,1,0.9641899108677776,1448.1417552273538,0.0,,2998471.947464632
2021-03-06 06:00:04.060,1,0.9995683614649508,1469.397578257055,0.0,,3046928.1388527965
2021-03-06 06:00:04.070,1,0.9824039744462868,1450.9840404350484,0.0,,3004952.9595266287
2021-03-06 06:00:04.080,1,0.9643141936889296,1446.7073901852891,0.0,,2995204.5045501376
2021-03-06 06:00:04.090,1,1.0215330617560303,1454.5717178432874,0.0,,3013122.7436849438
2021-03-06 06:00:04.100,1,1.1808840115238015,1460.6590403179807,0.0,,3027005.1246723766
2021-03-06 06:00:04.110,1,1.2979444126959383,1442.243835593756,0.0,,2985058.917520462
2021-03-06 06:00:04.120,1,1.12437007237525,1442.3930514689166,0.0,,2985395.051694857
2021-03-06 06:00:04.130,1,1.4374069071024658,1435.4535661399098,0.0,,2969613.7454728307
2021-03-06 06:00:04.140,1,1.1416938195975062,1437.1410731924875,0.0,,2973442.160670609
2021-03-06 06:00:04.150,1,1.3340202920516506,1433.1614223102172,0.0,,2964395.722216543
2021-03-06 06:00:04.160,1,0.9743040242867732,1424.7913186742417,0.0,,2945338.4106623903
2021-03-06 06:00:04.170,1,1.21108937269413,1423.1277481459658,0.0,,2941569.9889171007
2021-03-06 06:00:04.180,1,1.3191191665500452,1435.131181338422,0.0,,2968875.483347737
2021-03-06 06:00:04.190,1,1.2668582027092827,1421.6253071854385,0.0,,2938150.5061029033
2021-03-06 06:00:04.200,1,1.4595163637038016,1435.031527446023,0.0,,2968654.6019859207
2021-03-06 06:00:04.210,1,1.1266293710381257,1427.807531413864,0.0,,2952206.808769343
2021-03-06 06:00:04.220,1,1.3747029278298923,1446.3377573245346,0.0,,2994389.800747396
2021-03-06 06:00:04.230,1,1.1909641334871686,1416.0261474438223,0.0,,2925421.8041080404
2021-03-06 06:00:04.240,1,1.3104116065775782,1433.6761457735413,0.0,,2965562.6045925654
2021-03-06 06:00:04.250,1,1.4824933712038004,1427.9441286620563,0.0,,2952531.6683972343
2021-03-06 06:00:04.260,1,1.4211780415193718,1429.96365254018,0.0,,2957121.226062251
2021-03-06 06:00:04.270,1,1.3044216483106494,1424.9549277407114,0.0,,2945728.1765037915
2021-03-06 06:00:04.280,1,1.2013404690914644,1422.8529934915084,0.0,,2940942.057295643
2021-03-06 06:00:04.290,1,1.003488450222979,1432.0541103980026,0.0,,2961855.637590333
2021-03-06 06:00:04.300,1,1.462664726910588,1435.5337436455716,0.0,,2969796.7763579683
2021-03-06 06:00:04.310,1,1.376948886590564,1429.8921595939828,0.0,,2956957.92002511
2021-03-06 06:00:04.320,1,1.3149665664249213,1430.9425862324554,0.0,,2959345.302997102
2021-03-06 06:00:04.330,1,1.235334556269864,1431.4976348248383,0.0,,2960601.879637307
2021-03-06 06:00:04.340,1,1.020399663385181,1432.9075626278463,0.0,,2963802.7525895294
2021-03-06 06:00:04.350,1,0.972671986849062,1429.7419755005371,0.0,,2956595.4453564095
2021-03-06 06:00:04.360,1,0.9599088120747432,1422.026396377384,0.0,,2939052.196320352
2021-03-06 06:00:04.370,1,1.342439619077913,1438.5445851616337,0.0,,2976645.7500371854
2021-03-06 06:00:04.380,1,1.0030674404280613,1446.5869613579275,0.0,,2994937.554855001
2021-03-06 06:00:04.390,1,1.0115636046966334,1437.2610981752814,0.0,,2973704.585920616
2021-03-06 06:00:04.400,1,1.1396013601076689,1434.2636147018543,0.0,,2966894.1576461685
2021-03-06 06:00:04.410,1,1.0639214568452426,1442.2039193755054,0.0,,2984958.743081649
2021-03-06 06:00:04.420,1,1.1020526016244994,1433.4388523475436,0.0,,2965012.4606180894
2021-03-06 06:00:04.430,1,1.2375231180195168,1436.804546721811,0.0,,2972675.8772054682
2021-03-06 06:00:04.440,1,1.2204458984000224,1440.6175939173568,0.0,,2981355.099865482
2021-03-06 06:00:04.450,1,1.2066080148775349,1452.6828185562931,0.0,,3008833.7145755063
2021-03-06 06:00:04.460,1,0.9798899000837148,1437.5184169333402,0.0,,2974292.9803597676
2021-03-06 06:00:04.470,1,1.1705149337397731,1444.1245547434278,0.0,,2989336.7416612445
2021-03-06 06:00:04.480,1,1.1901849966190057,1446.0657473567685,0.0,,2993755.6025878186
2021-03-06 06:00:04.490,1,0.9355728750157344,1435.724321380534,0.0,,2970205.5726329926
2021-03-06 06:00:04.500,1,1.3547529145015391,1437.1653228217306,0.0,,2973505.2251179484
2021-03-06 06:00:04.510,1,1.250592109243429,1452.5365558896488,0.0,,3008499.508772372
2021-03-06 06:00:04.520,1,1.1732413183094286,1438.4753448345534,0.0,,2976480.349382051
2021-03-06 06:00:04.530,1,1.0416144894177304,1447.4286204748576,0.0,,2996855.947953661
2021-03-06 06:00:04.540,1,1.2795771561618638,1444.9728023195214,0.0,,2991276.192627923
2021-03-06 06:00:04.550,1,0.8964441998969779,1449.9812340485482,0.0,,3002659.720880813
2021-03-06 06:00:04.560,1,1.2200047814414423,1450.385451582384,0.0,,3003597.823029647
2021-03-06 06:00:04.570,1,0.9488750368489348,1451.3517768546749,0.0,,3005784.241365848
2021-03-06 06:00:04.580,1,0.9490000333809792,1453.4395302854853,0.0,,3010542.7235605484
2021-03-06 06:00:04.590,1,1.2596498999607728,1447.8394840372875,0.0,,2997800.1489960914
2021-03-06 06:00:04.600,1,1.0969358037517734,1436.4540968145886,0.0,,2971871.8153244895
2021-03-06 06:00:04.610,1,0.9191780900003832,1438.1670067685584,0.0,,2975762.060808751
2021-03-06 06:00:04.620,1,0.9229561952448846,1447.989469570272,0.0,,2998125.972180955
2021-03-06 06:00:04.630,1,1.3218919574955643,1439.4800159652448,0.0,,2978770.358775038
2021-03-06 06:00:04.640,1,1.1418684600923923,1441.1517449734506,0.0,,2982566.4286662843
2021-03-06 06:00:04.650,1,1.0248331965424646,1444.6344099368189,0.0,,2990492.543634052
2021-03-06 06:00:04.660,1,1.153533931539757,1439.287560931452,0.0,,2978328.1576174544
2021-03-06 06:00:04.670,1,1.280031981993856,1442.6677223381732,0.0,,2986028.306727466
2021-03-06 06:00:04.680,1,1.0974361548227958,1439.6586399945206,0.0,,2979167.6694814092
2021-03-06 06:00:04.690,1,0.9059707180196496,1451.5373056070969,0.0,,3006206.336806278
2021-03-06 06:00:04.700,1,1.269302087605554,1438.9105208652345,0.0,,2977475.9446762004
2021-03-06 06:00:04.710,1,0.9495162786318908,1444.5028962776528,0.0,,2990190.5108193904
2021-03-06 06:00:04.720,1,1.2505118695006563,1443.6872106697629,0.0,,2988345.9624583144
2021-03-06 06:00:04.730,1,1.099042645390936,1440.929617719922,0.0,,2982063.9927668
2021-03-06 06:00:04.740,1,1.014271226543623,1444.829408155188,0.0,,2990935.6412151484
2021-03-06 06:00:04.750,1,1.1236599516320736,1421.55303460255,0.0,,2937983.34589381
2021-03-06 06:00:04.760,1,1.0204500257748843,1427.0004316142697,0.0,,2950365.520475625
2021-03-06 06:00:04.770,1,1.2722049517509817,1443.8821462878109,0.0,,2988791.193530252
2021-03-06 06:00:04.780,1,1.2624251212084243,1427.5853870040437,0.0,,2951708.660327758
2021-03-06 06:00:04.790,1,1.2102079617446408,1451.1036065012604,0.0,,3005235.0515506365
2021-03-06 06:00:04.800,1,1.2120073155634448,1428.8997676732874,0.0,,2954695.194640122
2021-03-06 06:00:04.810,1,1.4182692409322182,1424.558785036911,0.0,,2944829.9530109637
2021-03-06 06:00:04.820,1,1.0760474272513665,1421.4255041358497,0.0,,2937692.482544393
2021-03-06 06:00:04.830,1,1.4079360960822072,1434.231800773738,0.0,,2966830.4476844016
2021-03-06 06:00:04.840,1,1.3344302171044842,1415.6272626356354,0.0,,2924525.188695695
2021-03-06 06:00:04.850,1,1.3606699617197429,1417.0067311892242,0.0,,2927660.9067764767
2021-03-06 06:00:04.860,1,1.3125967262398306,1426.3400091537396,0.0,,2948877.593422369
2021-03-06 06:00:04.870,1,1.2727487004038762,1440.3150121749618,0.0,,2980669.013911879
2021-03-06 06:00:04.880,1,1.2688547899745464,1438.7240732703738,0.0,,2977051.5948537104
2021-03-06 06:00:04.890,1,1.3347636148392683,1425.9785553440383,0.0,,2948055.1964592654
2021-03-06 06:00:04.900,1,1.310050561456775,1426.3449701094846,0.0,,2948889.835134943
2021-03-06 06:00:04.910,1,1.1720249276838968,1420.9909039015836,0.0,,2936708.919762553
2021-03-06 06:00:04.920,1,1.356470404808498,1424.0673268630042,0.0,,2943710.7796736043
2021-03-06 06:00:04.930,1,1.4321315249194384,1432.5731284040617,0.0,,2963060.4625224243
2021-03-06 06:00:04.940,1,1.085426447015348,1429.3447974511505,0.0,,2955696.401982835
2021-03-06 06:00:04.950,1,1.0707208095175949,1411.9873994441186,0.0,,2916240.7018209975
2021-03-06 06:00:04.960,1,1.4072194106326048,1407.1821466740646,0.0,,2905340.82704705
2021-03-06 06:00:04.970,1,1.2161104726155594,1418.8736198760175,0.0,,2931894.606366842
2021-03-06 06:00:04.980,1,1.5868112718468992,1442.1867692689616,0.0,,2984942.106932564
2021-03-06 06:00:04.990,1,1.180574985639074,1424.6962117460291,0.0,,2945132.159877488
2021-03-06 06:00:05.000,1,1.4553318442382646,1416.8632112425971,0.0,,2927335.707322326
2021-03-06 06:00:05.010,1,1.1944561458419032,1422.4060645979102,0.0,,2939925.843666674
2021-03-06 06:00:05.020,1,1.1164968685178351,1418.2873476301736,0.0,,2930559.0177041884
2021-03-06 06:00:05.030,1,1.5589722902834695,1426.0447820213462,0.0,,2948220.163218999
2021-03-06 06:00:05.040,1,1.3774917985316324,1444.3629781534314,0.0,,2989892.2856447026
2021-03-06 06:00:05.050,1,1.2977077925115263,1429.217230073618,0.0,,2955419.807107361
2021-03-06 06:00:05.060,1,1.2492363700911553,1435.3897420234334,0.0,,2969456.601606936
2021-03-06 06:00:05.070,1,1.3056262586208922,1435.738151580843,0.0,,2970253.632613506
2021-03-06 06:00:05.080,1,1.2069043946242182,1433.952094187615,0.0,,2966187.2165588196
2021-03-06 06:00:05.090,1,1.5394287176788009,1445.501433942104,0.0,,2992490.522385396
2021-03-06 06:00:05.100,1,1.3596628345599413,1448.8743531682676,0.0,,3000165.057609005
2021-03-06 06:00:05.110,1,1.5091493507300022,1442.6389707057126,0.0,,2985970.062311739
2021-03-06 06:00:05.120,1,1.3053568066097874,1445.5982304797917,0.0,,2992700.868052364
2021-03-06 06:00:05.130,1,1.218329028407527,1447.3147284453994,0.0,,2996605.9870790592
2021-03-06 06:00:05.140,1,1.3209423564496163,1437.801293578523,0.0,,2974950.786262015
2021-03-06 06:00:05.150,1,1.4771297688156964,1446.48277788804,0.0,,2994722.503482199
2021-03-06 06:00:05.160,1,1.683075638735713,1447.7523694908612,0.0,,2997627.5135845984
2021-03-06 06:00:05.170,1,1.6646141227525435,1466.3063616033428,0.0,,3039911.363356272
2021-03-06 06:00:05.180,1,1.6948449647185848,1471.8763677587615,0.0,,3052613.820917142
2021-03-06 06:00:05.190,1,1.4270303499985673,1453.9116586715784,0.0,,3011648.273525374
2021-03-06 06:00:05.200,1,1.2372535803959672,1450.6511300676882,0.0,,3004205.0259614303
2021-03-06 06:00:05.210,1,1.3428737698381294,1462.2810543229257,0.0,,3030716.6256500185
2021-03-06 06:00:05.220,1,1.1368270010276258,1464.5044970140418,0.0,,3035770.796904734
2021-03-06 06:00:05.230,1,1.6209029693349142,1470.811005657305,0.0,,3050176.0310015786
2021-03-06 06:00:05.240,1,1.2182576532297609,1460.1686826018692,0.0,,3025890.8747194586
2021-03-06 06:00:05.250,1,1.458380495562625,1466.2286991293663,0.0,,3039721.655246348
2021-03-06 06:00:05.260,1,1.1398015378360111,1471.4688717984347,0.0,,3051656.4778313204
2021-03-06 06:00:05.270,1,1.6551138259065556,1483.7664030752312,0.0,,3079751.308230943
2021-03-06 06:00:05.280,1,1.2310779814384991,1471.404312310716,0.0,,3051515.7702943454
2021-03-06 06:00:05.290,1,1.5891161675458196,1472.742122377672,0.0,,3054586.466129662
2021-03-06 06:00:05.300,1,1.4532417713560115,1471.0753251116946,0.0,,3050776.3200884005
2021-03-06 06:00:05.310,1,1.617975938370488,1470.0665018987304,0.0,,3048481.5537648792
2021-03-06 06:00:05.320,1,1.2766853145261154,1477.3394900960086,0.0,,3065056.570366787
2021-03-06 06:00:05.330,1,1.2990193881186294,1477.3233486803183,0.0,,3065027.2543591885
2021-03-06 06:00:05.340,1,1.6166853999911537,1475.2057583620233,0.0,,3060205.382125019
2021-03-06 06:00:05.350,1,1.217954865659406,1476.3728054742537,0.0,,3062848.0166282966
2021-03-06 06:00:05.360,1,1.1288169190461996,1493.9669966768274,0.0,,3103018.9213895784
2021-03-06 06:00:05.370,1,1.5627566721032962,1477.2948879963346,0.0,,3064973.1235001883
2021-03-06 06:00:05.380,1,1.5294788294333908,1477.5805837731723,0.0,,3065618.707129855
2021-03-06 06:00:05.390,1,1.3484884290868953,1469.9304762836282,0.0,,3048157.6899075876
2021-03-06 06:00:05.400,1,1.2769672937260903,1476.7472238845394,0.0,,3063707.3643754283
2021-03-06 06:00:05.410,1,1.2118533692552471,1477.2045351801644,0.0,,3064749.971187067
2021-03-06 06:00:05.420,1,1.1809807821961245,1479.685664148123,0.0,,3070408.229309477
2021-03-06 06:00:05.430,1,1.4495592889369684,1465.623235289797,0.0,,3038339.8992496035
2021-03-06 06:00:05.440,1,1.0224531446178806,1464.779995291411,0.0,,3036392.533664172
2021-03-06 06:00:05.450,1,1.3293808957125273,1466.3400657971224,0.0,,3039971.5581540796
2021-03-06 06:00:05.460,1,1.2096631099730737,1467.9232006318628,0.0,,3043577.0433783596
2021-03-06 06:00:05.470,1,1.0655196891888212,1461.1769002512033,0.0,,3028184.614027252
2021-03-06 06:00:05.480,1,1.4302071584264295,1456.634422002724,0.0,,3017845.1897149472
2021-03-06 06:00:05.490,1,1.374700702162054,1466.7538839446404,0.0,,3040914.6465937286
2021-03-06 06:00:05.500,1,1.2526154454312577,1460.9744970552076,0.0,,3027727.769067011
2021-03-06 06:00:05.510,1,1.0817161331785172,1469.2529963516877,0.0,,3046599.643509169
2021-03-06 06:00:05.520,1,1.382341906590684,1457.5807384230377,0.0,,3020003.2179172416
2021-03-06 06:00:05.530,1,1.3816379265053271,1471.5887219969643,0.0,,3051942.222864413
2021-03-06 06:00:05.540,1,1.287196234016056,1453.1013419997769,0.0,,3009791.508548799
2021-03-06 06:00:05.550,1,1.3362175762067958,1467.4514156887335,0.0,,3042500.1796731385
2021-03-06 06:00:05.560,1,1.2324908353130584,1456.3708346857195,0.0,,3017234.187336759
2021-03-06 06:00:05.570,1,1.349258391485773,1436.8375761595416,0.0,,2972758.0962353693
2021-03-06 06:00:05.580,1,1.222540629320698,1458.9223427942914,0.0,,3023049.144482736
2021-03-06 06:00:05.590,1,1.0378746871691351,1435.575238105304,0.0,,2969869.971488222
2021-03-06 06:00:05.600,1,0.9993322574535194,1461.936407772644,0.0,,3029914.307468134
2021-03-06 06:00:05.610,1,1.1333735505120222,1454.376765069787,0.0,,3012688.2844188428
2021-03-06 06:00:05.620,1,1.2184402331472282,1448.6915580366012,0.0,,2999741.83906867
2021-03-06 06:00:05.630,1,1.368076739502634,1456.4612103712518,0.0,,3017451.8526358386
2021-03-06 06:00:05.640,1,1.2626431782369447,1449.30043773927,0.0,,3001129.444363332
2021-03-06 06:00:05.650,1,0.9110602261575294,1443.9795628216086,0.0,,2988999.3033488505
2021-03-06 06:00:05.660,1,0.9526141148808164,1443.107572150277,0.0,,2987013.9000983424
2021-03-06 06:00:05.670,1,1.154570472332782,1443.3453955272937,0.0,,2987564.6609448884
2021-03-06 06:00:05.680,1,1.210254582890708,1442.9283137001562,0.0,,2986612.08238847
2021-03-06 06:00:05.690,1,0.9307600046515933,1450.643073640238,0.0,,3004168.1246452555
2021-03-06 06:00:05.700,1,1.0838133507994867,1438.3050838781885,0.0,,2976085.2459649225
2021-03-06 06:00:05.710,1,0.9777643522569962,1447.758046201208,0.0,,2997600.899685805
2021-03-06 06:00:05.720,1,1.2707314500322129,1441.6354412682936,0.0,,2983674.3852195176
2021-03-06 06:00:05.730,1,1.1203642966249854,1449.0495282826455,0.0,,3000553.3386840057
2021-03-06 06:00:05.740,1,1.1022560304819289,1445.102086040618,0.0,,2991561.003304239
2021-03-06 06:00:05.750,1,0.9457391618638508,1447.1627911172927,0.0,,2996243.3009963664
2021-03-06 06:00:05.760,1,1.1908026834757648,1446.6022801776203,0.0,,2994981.975463375
2021-03-06 06:00:05.770,1,1.0628488964347795,1438.491949048773,0.0,,2976507.1535773124
2021-03-06 06:00:05.780,1,1.1021412160082087,1453.84011243137,0.0,,3011460.7191106165
2021-03-06 06:00:05.790,1,1.1141799353189414,1432.7480505198928,0.0,,2963442.0539847543
2021-03-06 06:00:05.800,1,1.06303913063169,1453.130623565419,0.0,,3009845.5583646283
2021-03-06 06:00:05.810,1,1.2879132278747434,1463.7096427511542,0.0,,3033971.7718631206
2021-03-06 06:00:05.820,1,1.3101752629330323,1456.9257427665632,0.0,,3018505.5951610603
2021-03-06 06:00:05.830,1,0.9677202096151556,1463.107099556165,0.0,,3032578.5911453203
2021-03-06 06:00:05.840,1,0.965257457739722,1460.6384045140917,0.0,,3026950.4647890567
2021-03-06 06:00:05.850,1,1.2434066960747776,1449.3719550272956,0.0,,3001290.3314580363
2021-03-06 06:00:05.860,1,1.0950562713436804,1454.4897507403984,0.0,,3012942.9309978033
2021-03-06 06:00:05.870,1,1.274698550842058,1452.9075460468252,0.0,,3009347.503021781
2021-03-06 06:00:05.880,1,1.3369850084142834,1456.279949596684,0.0,,3017036.9400258134
2021-03-06 06:00:05.890,1,1.2029471167914108,1456.0386778499317,0.0,,3016478.698776984
2021-03-06 06:00:05.900,1,0.9933009500418056,1464.1269585941614,0.0,,3034904.508142473
2021-03-06 06:00:05.910,1,1.2956552407176496,1451.5745096059704,0.0,,3006312.634338176
2021-03-06 06:00:05.920,1,1.0811055669874572,1465.632655351188,0.0,,3038341.548805057
2021-03-06 06:00:05.930,1,1.2009025149685388,1458.0442757107776,0.0,,3021049.930616344
2021-03-06 06:00:05.940,1,1.1162645144417844,1462.9875826312186,0.0,,3032312.2757680053
2021-03-06 06:00:05.950,1,1.125025779074586,1454.9400685840396,0.0,,3013971.760061241
2021-03-06 06:00:05.960,1,1.0082183943826897,1472.934793196422,0.0,,3054991.560503926
2021-03-06 06:00:05.970,1,1.3714956639780116,1467.7292693410277,0.0,,3043137.6472936724
2021-03-06 06:00:05.980,1,0.9726302430894044,1449.4042376312802,0.0,,3001350.1233272105
2021-03-06 06:00:05.990,1,1.3188883616656162,1453.9540067664466,0.0,,3011734.041152394
2021-03-06 06:00:06.000,1,1.3582531099516828,1462.9811775556375,0.0,,3032312.958258518
2021-03-06 06:00:06.010,1,1.3629091554750865,1453.444971364114,0.0,,3010574.5294522885
2021-03-06 06:00:06.020,1,1.1181927012122916,1464.432046696316,0.0,,3035604.7051201905
2021-03-06 06:00:06.030,1,1.2262028633726274,1460.25587422726,0.0,,3026090.761169954
2021-03-06 06:00:06.040,1,1.1005135005324462,1444.8818470503827,0.0,,2991058.18477233
2021-03-06 06:00:06.050,1,1.02906515047643,1463.8880298334825,0.0,,3034360.19810219
2021-03-06 06:00:06.060,1,1.4016561704258494,1454.8455160521814,0.0,,3013770.3009859375
2021-03-06 06:00:06.070,1,1.4729235252576018,1461.7684639872955,0.0,,3029547.955617776
2021-03-06 06:00:06.080,1,1.2138108572522537,1457.0019445563696,0.0,,3018674.582644378
2021-03-06 06:00:06.090,1,1.0496279334272982,1475.9622070618914,0.0,,3061903.2041225233
2021-03-06 06:00:06.100,1,1.1651089872605112,1460.3298419953494,0.0,,3026256.3875106177
2021-03-06 06:00:06.110,1,1.280543915324028,1462.9924284487647,0.0,,3032332.086167586
2021-03-06 06:00:06.120,1,1.0361915170611329,1453.12501291884,0.0,,3009837.988272573
2021-03-06 06:00:06.130,1,1.0615014926981892,1458.3866953515148,0.0,,3021819.593262631
2021-03-06 06:00:06.140,1,1.3883962435504702,1460.99022677212,0.0,,3027774.165269039
2021-03-06 06:00:06.150,1,1.00663436756716,1463.4374550984946,0.0,,3033331.5156115154
2021-03-06 06:00:06.160,1,1.1794323969179108,1453.5515613603036,0.0,,3010811.8022159524
2021-03-06 06:00:06.170,1,1.2003400411314775,1456.2937432736692,0.0,,3017060.9441469694
2021-03-06 06:00:06.180,1,1.1137974847292549,1443.840849700955,0.0,,2988689.3753008363
2021-03-06 06:00:06.190,1,1.0986119967648893,1472.0642852216672,0.0,,3053010.75919815
2021-03-06 06:00:06.200,1,1.2130385163401898,1462.3060844661145,0.0,,3030767.0820349953
2021-03-06 06:00:06.210,1,1.0801843142545662,1454.3177166227188,0.0,,3012549.055528835
2021-03-06 06:00:06.220,1,1.017613626658166,1443.8657585021797,0.0,,2988740.597878966
2021-03-06 06:00:06.230,1,1.3232554481369043,1437.789297139083,0.0,,2974926.294711173
2021-03-06 06:00:06.240,1,1.4113728556336826,1452.9703335385134,0.0,,3009496.701077597
2021-03-06 06:00:06.250,1,1.4200024117151349,1447.6178928688244,0.0,,2997305.8635014854
2021-03-06 06:00:06.260,1,1.0205427269796457,1453.4592981008184,0.0,,3010591.757275146
2021-03-06 06:00:06.270,1,1.1092802619727564,1448.0418878093362,0.0,,2998255.8243985097
2021-03-06 06:00:06.280,1,1.1158783206110825,1424.1430458421803,0.0,,2943870.2141766855
2021-03-06 06:00:06.290,1,1.2090819673901765,1438.362150839048,0.0,,2976222.7247011284
2021-03-06 06:00:06.300,1,1.1254294771233786,1436.2486242709228,0.0,,2971407.131645625
2021-03-06 06:00:06.310,1,0.9785165838760244,1440.6027797102508,0.0,,2981313.163509904
2021-03-06 06:00:06.320,1,1.3117159600420771,1441.2642098241656,0.0,,2982833.9598590476
2021-03-06 06:00:06.330,1,1.3423784672353862,1441.0499052539142,0.0,,2982345.975822663
2021-03-06 06:00:06.340,1,1.1083847509513929,1447.267866391929,0.0,,2996494.6579480264
2021-03-06 06:00:06.350,1,1.2501672300568196,1428.8476593487303,0.0,,2954575.8220933066
2021-03-06 06:00:06.360,1,0.9888059621518168,1431.3816091113324,0.0,,2960327.560993992
2021-03-06 06:00:06.370,1,1.0462274930926292,1433.157488051292,0.0,,2964369.007263449
2021-03-06 06:00:06.380,1,1.345663630174888,1432.0255968903812,0.0,,2961808.8565483643
2021-03-06 06:00:06.390,1,0.9652842373375188,1419.7501040795944,0.0,,2933878.552422492
2021-03-06 06:00:06.400,1,1.0865199820977631,1440.424706078309,0.0,,2980909.04874542
2021-03-06 06:00:06.410,1,0.9657654106935122,1430.2029973639037,0.0,,2957645.366596313
2021-03-06 06:00:06.420,1,1.389157001354573,1427.2576990735463,0.0,,2950965.4217271255
2021-03-06 06:00:06.430,1,1.2043570160742878,1437.8268444816144,0.0,,2975005.090460179
2021-03-06 06:00:06.440,1,1.049097694083996,1431.9611781064316,0.0,,2961647.705012504
2021-03-06 06:00:06.450,1,1.040430552296703,1440.5605687354575,0.0,,2981216.585556777
2021-03-06 06:00:06.460,1,1.1175359646268186,1429.8468552987592,0.0,,2956846.43195372
2021-03-06 06:00:06.470,1,1.3084085781438048,1425.177271854487,0.0,,2946228.170185158
2021-03-06 06:00:06.480,1,1.1420431744624693,1427.793206269798,0.0,,2952173.4088822086
2021-03-06 06:00:06.490,1,0.9115707412822904,1428.495413654627,0.0,,2953757.0959971836
2021-03-06 06:00:06.500,1,1.3028045728058535,1443.2108865466482,0.0,,2987263.6635454437
2021-03-06 06:00:06.510,1,1.2750754402341402,1429.9077370113578,0.0,,2956984.505756249
2021-03-06 06:00:06.520,1,1.2513840424362133,1435.6284116183624,0.0,,2970002.393489861
2021-03-06 06:00:06.530,1,1.0473563315984138,1447.0705154855386,0.0,,2996041.010177765
2021-03-06 06:00:06.540,1,0.9689494401301182,1420.64581829106,0.0,,2935912.7641149345
2021-03-06 06:00:06.550,1,1.3383782546806788,1431.3565542720896,0.0,,2960286.481247553
2021-03-06 06:00:06.560,1,1.0754138431030622,1449.610347867796,0.0,,3001829.3108853037
2021-03-06 06:00:06.570,1,1.038255468720001,1437.7799176632382,0.0,,2974888.6068003587
2021-03-06 06:00:06.580,1,1.2411798218899786,1441.733145174063,0.0,,2983896.674057205
2021-03-06 06:00:06.590,1,1.14481130504457,1444.6655904737631,0.0,,2990570.1490108776
2021-03-06 06:00:06.600,1,1.2186682210746156,1460.018550609686,0.0,,3025546.601951936
2021-03-06 06:00:06.610,1,0.9260211462460464,1460.9841155168033,0.0,,3027734.6931473664
2021-03-06 06:00:06.620,1,1.0159263990895695,1450.0845009651568,0.0,,3002900.8697971744
2021-03-06 06:00:06.630,1,1.3112663755165024,1449.6921238573914,0.0,,3002026.413246826
2021-03-06 06:00:06.640,1,1.0185221440783043,1449.8233917688342,0.0,,3002309.9058752176
2021-03-06 06:00:06.650,1,0.8870022728254745,1466.9252656487274,0.0,,3041281.389449773
2021-03-06 06:00:06.660,1,0.967895397279414,1453.61779688889,0.0,,3010951.3877321496
2021-03-06 06:00:06.670,1,1.031520843272067,1455.894015912845,0.0,,3016141.159303618
2021-03-06 06:00:06.680,1,0.9533202909852192,1452.698583320633,0.0,,3008857.2740806383
2021-03-06 06:00:06.690,1,1.0442453868216093,1466.6405728669213,0.0,,3040637.648496964
2021-03-06 06:00:06.700,1,1.179817065235011,1451.3370053664892,0.0,,3005764.616338908
2021-03-06 06:00:06.710,1,1.0427476277312837,1456.5287152197525,0.0,,3017586.1624735924
2021-03-06 06:00:06.720,1,1.3090659542629228,1466.461734531114,0.0,,3040244.6231181826
2021-03-06 06:00:06.730,1,1.128218418577303,1474.9483870942995,0.0,,3059596.816805014
2021-03-06 06:00:06.740,1,1.0554578796211702,1466.756201270356,0.0,,3040903.384448729
2021-03-06 06:00:06.750,1,1.1659106367583372,1472.2135935299484,0.0,,3053356.683198416
2021-03-06 06:00:06.760,1,1.2440787765477703,1470.010033804845,0.0,,3048335.9855827997
2021-03-06 06:00:06.770,1,1.293487863978428,1469.6251417572437,0.0,,3047459.582981192
2021-03-06 06:00:06.780,1,1.0030765365991223,1482.4298417300574,0.0,,3076664.7073022616
2021-03-06 06:00:06.790,1,1.169924623567736,1468.5430239248367,0.0,,3044985.564039813
2021-03-06 06:00:06.800,1,1.320125308138816,1488.4468870305673,0.0,,3090418.019368618
2021-03-06 06:00:06.810,1,1.27064703520479,1466.0277482918475,0.0,,3039253.0657749753
2021-03-06 06:00:06.820,1,1.4441883246010905,1476.7276262022406,0.0,,3063671.713007022
2021-03-06 06:00:06.830,1,1.4291627021037112,1484.545521750117,0.0,,3081512.475262726
2021-03-06 06:00:06.840,1,1.178206782623407,1477.4184388441345,0.0,,3065233.4515392077
2021-03-06 06:00:06.850,1,1.114515026370478,1465.3841281158209,0.0,,3037777.109459295
2021-03-06 06:00:06.860,1,1.170742401504826,1485.5067666713271,0.0,,3083699.5177021446
2021-03-06 06:00:06.870,1,1.3357833138221746,1487.6768471571402,0.0,,3088656.4528641733
2021-03-06 06:00:06.880,1,1.469020592073299,1472.897010880197,0.0,,3054928.945325927
2021-03-06 06:00:06.890,1,1.1200241233319603,1481.7416556810915,0.0,,3075100.5134106777
2021-03-06 06:00:06.900,1,1.5029019694269696,1480.2009355743949,0.0,,3071600.2335778936
2021-03-06 06:00:06.910,1,1.1765876645162898,1475.5006649401928,0.0,,3060859.060882816
2021-03-06 06:00:06.920,1,1.0973303045132836,1467.6250263035818,0.0,,3042888.149432635
2021-03-06 06:00:06.930,1,1.3767341401559687,1483.2025705021294,0.0,,3078447.169650491
2021-03-06 06:00:06.940,1,1.1555320124520891,1487.3221010274924,0.0,,3087841.342239314
2021-03-06 06:00:06.950,1,1.4006132343913809,1481.8234986696673,0.0,,3075301.2729581515
2021-03-06 06:00:06.960,1,1.3788528321579672,1467.4423066941354,0.0,,3042481.5864792303
2021-03-06 06:00:06.970,1,1.511816108259447,1472.5573577859757,0.0,,3054155.711963144
2021-03-06 06:00:06.980,1,1.4928880014427042,1477.0453319570431,0.0,,3064396.3716031276
2021-03-06 06:00:06.990,1,1.5519466711193677,1469.5402742469578,0.0,,3047277.6498809955
2021-03-06 06:00:07.000,1,1.6925942898061708,1481.0768479661242,0.0,,3073611.6125055826
2021-03-06 06:00:07.010,1,1.7123016626005545,1475.5085068881574,0.0,,3060901.7021910953
2021-03-06 06:00:07.020,1,1.673783024119622,1472.7113202883029,0.0,,3054518.6639000843
2021-03-06 06:00:07.030,1,1.1768612437266084,1466.3413212197809,0.0,,3039962.2620402495
2021-03-06 06:00:07.040,1,1.4619066180024909,1464.9667159458254,0.0,,3036845.9750058856
2021-03-06 06:00:07.050,1,1.3187274392106525,1473.3342194752506,0.0,,3055919.880051101
2021-03-06 06:00:07.060,1,1.1974010666017143,1467.9780616797034,0.0,,3043697.5439828755
2021-03-06 06:00:07.070,1,1.3667570673112528,1470.2714112901403,0.0,,3048935.0486076656
2021-03-06 06:00:07.080,1,1.6672131714419238,1472.4179975235668,0.0,,3053847.2790889395
2021-03-06 06:00:07.090,1,1.4858071797487633,1466.795333862261,0.0,,3041013.827662877
2021-03-06 06:00:07.100,1,1.2757798379949623,1472.2928434225266,0.0,,3053542.8415036225
2021-03-06 06:00:07.110,1,1.4125392007679094,1477.6380669029113,0.0,,3065748.449888608
2021-03-06 06:00:07.120,1,1.600379549715396,1469.0981453650436,0.0,,3046271.0699335765
2021-03-06 06:00:07.130,1,1.7147661733058484,1468.167186052132,0.0,,3044156.1569884713
2021-03-06 06:00:07.140,1,1.2741041926285248,1455.068083772758,0.0,,3014269.9291147846
2021-03-06 06:00:07.150,1,1.5210310110602951,1462.397978276102,0.0,,3030991.5642750207
2021-03-06 06:00:07.160,1,1.2405684694762302,1456.553347657347,0.0,,3017654.481702858
2021-03-06 06:00:07.170,1,1.7391053275436672,1470.626587085602,0.0,,3049766.168057827
2021-03-06 06:00:07.180,1,1.760625463415329,1467.9753932692397,0.0,,3043718.096777447
2021-03-06 06:00:07.190,1,1.7615657389914756,1463.8858243907275,0.0,,3034395.385928482
2021-03-06 06:00:07.200,1,1.706022154625534,1461.570281195948,0.0,,3029112.1061028624
2021-03-06 06:00:07.210,1,1.2256765239905354,1461.9920618616163,0.0,,3030047.529975741
2021-03-06 06:00:07.220,1,1.3791976070840182,1442.2702201705404,0.0,,2985128.695553713
2021-03-06 06:00:07.230,1,1.7602469430610652,1456.0841861349768,0.0,,3016607.6408469067
2021-03-06 06:00:07.240,1,1.5888613898447752,1458.3937066261258,0.0,,3021869.372378525
2021-03-06 06:00:07.250,1,1.6501466559154885,1460.837385088945,0.0,,3027435.8668024973
2021-03-06 06:00:07.260,1,1.3265855442809509,1463.8476321008768,0.0,,3034286.141326613
2021-03-06 06:00:07.270,1,1.2364933384543817,1476.0044834533785,0.0,,3062012.2005682765
2021-03-06 06:00:07.280,1,1.353293510351665,1471.766821779854,0.0,,3052347.291448899
2021-03-06 06:00:07.290,1,1.5912978866674854,1465.8279071393329,0.0,,3038812.7699303464
2021-03-06 06:00:07.300,1,1.227008045331837,1467.9337512600011,0.0,,3043598.8157558
2021-03-06 06:00:07.310,1,1.4344491220302251,1481.1324178685968,0.0,,3073724.963900487
2021-03-06 06:00:07.320,1,1.418706701013532,1482.7288142889588,0.0,,3077369.8648045156
2021-03-06 06:00:07.330,1,1.5130869427871605,1481.9368819954364,0.0,,3075562.262498825
2021-03-06 06:00:07.340,1,1.4500921058547185,1470.2063297824552,0.0,,3048792.3126429357
2021-03-06 06:00:07.350,1,1.1931545868422029,1483.6128383935052,0.0,,3079370.778003261
2021-03-06 06:00:07.360,1,1.7622534272003436,1471.6896379474772,0.0,,3052189.859443933
2021-03-06 06:00:07.370,1,1.3778796317918232,1482.9490420134644,0.0,,3077867.065388229
2021-03-06 06:00:07.380,1,1.4147283175039946,1469.0142505589831,0.0,,3046072.366532495
2021-03-06 06:00:07.390,1,1.2450231582029925,1485.183581420881,0.0,,3082966.480727852
2021-03-06 06:00:07.400,1,1.5623108738155511,1478.3803775224158,0.0,,3067449.4448840707
2021-03-06 06:00:07.410,1,1.267764120583711,1475.3582594246625,0.0,,3060539.2247727383
2021-03-06 06:00:07.420,1,1.1615524759644642,1479.650558856645,0.0,,3070327.6011388204
2021-03-06 06:00:07.430,1,1.7302510399860354,1479.0435930759195,0.0,,3068969.1610985096
2021-03-06 06:00:07.440,1,1.6079317228790502,1484.2676789100692,0.0,,3080888.7216900713
2021-03-06 06:00:07.450,1,1.257626933158278,1475.8614503643744,0.0,,3061682.639063959
2021-03-06 06:00:07.460,1,1.4816506037916313,1488.8471626594865,0.0,,3091339.229595293
2021-03-06 06:00:07.470,1,1.2785993458522884,1471.5181401501584,0.0,,3051779.9951012307
2021-03-06 06:00:07.480,1,1.4082984115149086,1484.9047947448437,0.0,,3082337.0537873553
2021-03-06 06:00:07.490,1,1.1375419933121709,1502.413366382037,0.0,,3122323.2298017507
2021-03-06 06:00:07.500,1,1.4136137444720691,1484.2023894583456,0.0,,3080733.369815927
2021-03-06 06:00:07.510,1,1.3519413530342572,1477.3399776027954,0.0,,3065065.0993312816
2021-03-06 06:00:07.520,1,1.6644082983188009,1474.9511891410482,0.0,,3059627.493183042
2021-03-06 06:00:07.530,1,1.5753621624007692,1479.821730150584,0.0,,3070736.0209897268
2021-03-06 06:00:07.540,1,1.5781685027229408,1475.2915983446735,0.0,,3060400.4813543092
2021-03-06 06:00:07.550,1,1.3167630306503448,1483.4223118308716,0.0,,3078947.2575059747
2021-03-06 06:00:07.560,1,1.3168555882401751,1493.0450463583495,0.0,,3100922.467488025
2021-03-06 06:00:07.570,1,1.6098666942181905,1472.6063880996303,0.0,,3054277.047285334
2021-03-06 06:00:07.580,1,1.2825981104421154,1478.392403576935,0.0,,3067461.066333716
2021-03-06 06:00:07.590,1,1.1185788294079686,1476.3235602182342,0.0,,3062734.598795791
2021-03-06 06:00:07.600,1,1.4131095615463192,1472.0578617395668,0.0,,3053015.3601667844
2021-03-06 06:00:07.610,1,1.2022764518285232,1468.6471414118485,0.0,,3045224.105408879
2021-03-06 06:00:07.620,1,1.1906479049483307,1472.2694629427335,0.0,,3053487.411645156
2021-03-06 06:00:07.630,1,1.5018296091926466,1478.9643265651,0.0,,3068781.10386705
2021-03-06 06:00:07.640,1,1.1346993524898392,1466.7163422966669,0.0,,3040816.2751503834
2021-03-06 06:00:07.650,1,1.1486850878858028,1470.868283022939,0.0,,3050287.921689081
2021-03-06 06:00:07.660,1,1.1037827819812132,1477.987226925955,0.0,,3066534.477739246
2021-03-06 06:00:07.670,1,1.4653445077619942,1451.2715728767726,0.0,,3005629.531794608
2021-03-06 06:00:07.680,1,1.2566031827810502,1448.7307804473205,0.0,,2999834.714223987
2021-03-06 06:00:07.690,1,1.5985655739271605,1472.9060266263916,0.0,,3054957.819740775
2021-03-06 06:00:07.700,1,1.23596877887267,1468.0378442683682,0.0,,3043834.3606565692
2021-03-06 06:00:07.710,1,1.4365200948072063,1451.0411993113337,0.0,,3005104.2570199184
2021-03-06 06:00:07.720,1,1.4166185677739194,1454.0897271032477,0.0,,3012049.442166452
2021-03-06 06:00:07.730,1,1.4900840308752494,1458.8962848853962,0.0,,3023009.26836601
2021-03-06 06:00:07.740,1,1.4467887120118572,1452.7560729455304,0.0,,3009009.5971815586
2021-03-06 06:00:07.750,1,1.079878339206268,1451.348239944614,0.0,,3005786.8665421866
2021-03-06 06:00:07.760,1,1.222953268005247,1441.0626963149937,0.0,,2982374.08089152
2021-03-06 06:00:07.770,1,1.5627614730722443,1457.5667194192292,0.0,,3019981.0833414756
2021-03-06 06:00:07.780,1,1.338487192006504,1453.6182214092623,0.0,,3010972.979402882
2021-03-06 06:00:07.790,1,1.493537182440302,1439.7996858290344,0.0,,2979508.0478432532
2021-03-06 06:00:07.800,1,1.2726299100262863,1451.6356096586455,0.0,,3006454.301704111
2021-03-06 06:00:07.810,1,1.6508966761183428,1451.2745197998938,0.0,,3005648.2818742273
2021-03-06 06:00:07.820,1,1.4160768976973592,1439.713331036514,0.0,,2979303.6405180166
2021-03-06 06:00:07.830,1,1.383663600069896,1438.028820620874,0.0,,2975471.216573757
2021-03-06 06:00:07.840,1,1.2386200178349338,1436.4892808831823,0.0,,2971959.335678489
2021-03-06 06:00:07.850,1,1.535007802323066,1442.4895542298675,0.0,,2985635.152016124
2021-03-06 06:00:07.860,1,1.4453197997222391,1436.5513261707583,0.0,,2972113.5260899565
2021-03-06 06:00:07.870,1,1.3829295023070791,1440.5088016844993,0.0,,2981118.321424618
2021-03-06 06:00:07.880,1,1.4027431242582262,1445.2646108250217,0.0,,2991944.420799251
2021-03-06 06:00:07.890,1,1.297767038834113,1426.886054155344,0.0,,2950114.966652042
2021-03-06 06:00:07.900,1,1.1863262754531878,1432.9072623466782,0.0,,2963806.82511408
2021-03-06 06:00:07.910,1,1.5466688105729531,1427.756592688243,0.0,,2952107.7580808615
2021-03-06 06:00:07.920,1,1.6254855175731142,1431.7255556432,0.0,,2961140.3057645056
2021-03-06 06:00:07.930,1,1.4856477824705772,1445.975471661114,0.0,,2993570.7346702297
2021-03-06 06:00:07.940,1,1.1600434490042086,1445.054677571614,0.0,,2991456.8088039313
2021-03-06 06:00:07.950,1,1.6197668374877308,1435.514177162898,0.0,,2969757.786793261
2021-03-06 06:00:07.960,1,1.2348520094336135,1441.199481476159,0.0,,2982678.8178836023
2021-03-06 06:00:07.970,1,1.5254559882304155,1436.7176080910035,0.0,,2972495.295330917
2021-03-06 06:00:07.980,1,1.6623784491936746,1435.196557815882,0.0,,2969038.9393445738
2021-03-06 06:00:07.990,1,1.5872989723459718,1433.2222522793293,0.0,,2964543.4300921727
2021-03-06 06:00:08.000,1,1.2339256176867408,1444.3928533023789,0.0,,2989949.0837434125
2021-03-06 06:00:08.010,1,1.5995926721564049,1452.4111755264444,0.0,,3008232.157732806
2021-03-06 06:00:08.020,1,1.4712145562589911,1431.8844042448673,0.0,,2961496.6797578153
2021-03-06 06:00:08.030,1,1.384114381823081,1443.739534121452,0.0,,2988470.7216241686
2021-03-06 06:00:08.040,1,1.3743377472639535,1452.2197982979071,0.0,,3007784.985157963
2021-03-06 06:00:08.050,1,1.6655853815996364,1428.075710766893,0.0,,2952839.6972864848
2021-03-06 06:00:08.060,1,1.5797698870302763,1437.3216292809366,0.0,,2973873.1490608403
2021-03-06 06:00:08.070,1,1.7500336440613071,1427.6236664182434,0.0,,2951814.5981344534
2021-03-06 06:00:08.080,1,1.7045754187313604,1440.5501228582627,0.0,,2981226.0090668607
2021-03-06 06:00:08.090,1,1.515051738824443,1437.5189758389429,0.0,,2974317.2429264574
2021-03-06 06:00:08.100,1,1.4159714846212754,1444.5942767339136,0.0,,2990420.5207449957
2021-03-06 06:00:08.110,1,1.391529380301998,1441.917185359114,0.0,,2984325.505747081
2021-03-06 06:00:08.120,1,1.6691625552656342,1451.4208309631094,0.0,,3005983.4437348926
2021-03-06 06:00:08.130,1,1.4631222320214,1452.0089699321331,0.0,,3007309.400349598
2021-03-06 06:00:08.140,1,1.595864450341299,1450.7676372539288,0.0,,3004487.7718069996
2021-03-06 06:00:08.150,1,1.201636826334174,1440.06900831336,0.0,,2980107.886275793
2021-03-06 06:00:08.160,1,1.2075139802690238,1455.5798676135123,0.0,,3015434.028840286
2021-03-06 06:00:08.170,1,1.4057799343960036,1461.2231202720518,0.0,,3028303.3397810683
2021-03-06 06:00:08.180,1,1.2192833039482358,1456.678055852151,0.0,,3017938.5257753255
2021-03-06 06:00:08.190,1,1.3545121236370328,1453.6131323043123,0.0,,3010963.4448493
2021-03-06 06:00:08.200,1,1.3551364000570691,1451.0969849748176,0.0,,3005228.7906044573
2021-03-06 06:00:08.210,1,1.5888405719591383,1452.8180227661328,0.0,,3009157.719820494
2021-03-06 06:00:08.220,1,1.3692098677629292,1458.2688348362055,0.0,,3021569.359061679
2021-03-06 06:00:08.230,1,1.1884610377666698,1459.5182231510346,0.0,,3024412.121759444
2021-03-06 06:00:08.240,1,1.3820610902521298,1456.1390825677677,0.0,,3016714.4284695205
2021-03-06 06:00:08.250,1,1.4273333187348831,1464.21417182318,0.0,,3035124.4608949707
2021-03-06 06:00:08.260,1,1.1979948507103777,1466.1196781630872,0.0,,3039456.3350722827
2021-03-06 06:00:08.270,1,1.6558489050936431,1456.455097586041,0.0,,3017454.160179191
2021-03-06 06:00:08.280,1,1.2600838272708537,1468.4538936304334,0.0,,3044787.2434750292
2021-03-06 06:00:08.290,1,1.2087297260118486,1467.058338226515,0.0,,3041603.2264281097
2021-03-06 06:00:08.300,1,1.1355123855146083,1462.2313408941343,0.0,,3030589.3492115485
2021-03-06 06:00:08.310,1,1.0851611730162705,1466.3792581162595,0.0,,3040045.228680549
2021-03-06 06:00:08.320,1,1.3389626615708266,1466.0948209490964,0.0,,3039411.5495778294
2021-03-06 06:00:08.330,1,1.4834572524133636,1460.9958151197122,0.0,,3027792.9174599093
2021-03-06 06:00:08.340,1,1.389036042278231,1457.9586971593806,0.0,,3020862.1516722576
2021-03-06 06:00:08.350,1,1.0740811978809055,1468.6815745714468,0.0,,3045293.034961014
2021-03-06 06:00:08.360,1,1.2335262994844092,1454.6052413428326,0.0,,3013213.308200862
2021-03-06 06:00:08.370,1,1.355669640977945,1457.5403713077594,0.0,,3019911.6590578854
2021-03-06 06:00:08.380,1,1.3767343377277992,1455.164818023998,0.0,,3014494.4091885337
2021-03-06 06:00:08.390,1,1.4202479908681969,1465.4219963496466,0.0,,3037875.573355817
2021-03-06 06:00:08.400,1,1.3331121374766537,1456.2877082999755,0.0,,3017053.3996546827
2021-03-06 06:00:08.410,1,1.1356309353881644,1454.8569130050355,0.0,,3013785.954951296
2021-03-06 06:00:08.420,1,1.4746095568996274,1448.3028190669406,0.0,,2998866.280062513
2021-03-06 06:00:08.430,1,1.2560776993559568,1449.8870132290024,0.0,,3002467.816547222
2021-03-06 06:00:08.440,1,1.062228608338695,1451.91197184367,0.0,,3007069.7586173657
2021-03-06 06:00:08.450,1,1.2922535415730192,1443.6077147332196,0.0,,2988166.0465663564
2021-03-06 06:00:08.460,1,1.0944537187203744,1446.572617670838,0.0,,2994910.7772566183
2021-03-06 06:00:08.470,1,1.0097686410058344,1459.2596069517404,0.0,,3023811.5869081803
2021-03-06 06:00:08.480,1,1.2143987286507116,1453.456485538205,0.0,,3010596.8818817073
2021-03-06 06:00:08.490,1,1.0438694122815055,1441.483358803236,0.0,,2983318.0730004264
2021-03-06 06:00:08.500,1,1.0536658842672624,1445.7085630491752,0.0,,2992940.9293019692
2021-03-06 06:00:08.510,1,1.1123658345837442,1444.4560184105276,0.0,,2990092.8892654674
2021-03-06 06:00:08.520,1,1.1537745727244515,1441.98209104608,0.0,,2984460.1997268796
2021-03-06 06:00:08.530,1,0.9237383644642212,1430.531782693208,0.0,,2958387.0299015883
2021-03-06 06:00:08.540,1,1.2464255346536324,1452.6179484483332,0.0,,3008688.8946595453
2021-03-06 06:00:08.550,1,1.1868748994960971,1453.2618731735156,0.0,,3010152.5122299762
2021-03-06 06:00:08.560,1,1.3038688846336883,1455.0160694599938,0.0,,3014156.2604557974
2021-03-06 06:00:08.570,1,1.2731227489275705,1430.0282464837137,0.0,,2957261.413687225
2021-03-06 06:00:08.580,1,1.1083615200861692,1432.9706595770758,0.0,,2963947.1065065637
2021-03-06 06:00:08.590,1,1.0363230144163351,1433.200113378333,0.0,,2964465.8164217863
2021-03-06 06:00:08.600,1,0.9111925956149776,1446.712676861465,0.0,,2995220.161968036
2021-03-06 06:00:08.610,1,1.2326670889766669,1446.3702530608084,0.0,,2994458.1126471073
2021-03-06 06:00:08.620,1,1.0609591299442171,1437.838190750255,0.0,,2975022.0461283764
2021-03-06 06:00:08.630,1,1.3093359334271937,1430.011073407308,0.0,,2957224.950313626
2021-03-06 06:00:08.640,1,1.0162886755279166,1437.4491573311514,0.0,,2974138.657674967
2021-03-06 06:00:08.650,1,1.205093002837938,1440.2775617130496,0.0,,2980580.4849630888
2021-03-06 06:00:08.660,1,0.9695527446715648,1432.7060355091394,0.0,,2963339.8250576295
2021-03-06 06:00:08.670,1,1.2669893331910076,1442.5580603944195,0.0,,2985775.95310709
2021-03-06 06:00:08.680,1,1.0420079794040775,1442.4091531139975,0.0,,2985426.7665937934
2021-03-06 06:00:08.690,1,1.273578222127354,1441.762873627644,0.0,,2983964.442818709
2021-03-06 06:00:08.700,1,1.1367557270182884,1441.3391084315451,0.0,,2982993.9570055096
2021-03-06 06:00:08.710,1,1.0916156667952472,1437.8466247598417,0.0,,2975041.903942637
2021-03-06 06:00:08.720,1,1.2150705937286603,1438.604734615122,0.0,,2976772.3907238254
2021-03-06 06:00:08.730,1,0.9505812453691234,1451.4005656075574,0.0,,3005899.2714808104
2021-03-06 06:00:08.740,1,1.1606072621515933,1440.876289728306,0.0,,2981941.9102547946
2021-03-06 06:00:08.750,1,1.2135965649525249,1452.1051888946915,0.0,,3007519.1316918763
2021-03-06 06:00:08.760,1,1.3093635976026263,1440.5359590926694,0.0,,2981175.7973228884
2021-03-06 06:00:08.770,1,1.019072992924406,1456.8270210531437,0.0,,3018265.121927045
2021-03-06 06:00:08.780,1,1.1535641985157812,1460.656366645841,0.0,,3027002.3116325485
2021-03-06 06:00:08.790,1,1.1926993025006003,1449.8426986273107,0.0,,3002363.90855916
2021-03-06 06:00:08.800,1,1.3116787448578116,1455.3830020092091,0.0,,3014990.4137727553
2021-03-06 06:00:08.810,1,1.3020981558284312,1457.7495353785032,0.0,,3020386.5013206415
2021-03-06 06:00:08.820,1,1.1040971059175435,1458.006561691824,0.0,,3020958.996295406
2021-03-06 06:00:08.830,1,1.1031802854164077,1475.6471359038983,0.0,,3061188.2620233675
2021-03-06 06:00:08.840,1,1.238376191693649,1452.4694932126397,0.0,,3008345.5059708767
2021-03-06 06:00:08.850,1,1.1531648760779556,1457.577949818357,0.0,,3019981.5523501537
2021-03-06 06:00:08.860,1,1.495070121824031,1461.8141296428842,0.0,,3029657.003736379
2021-03-06 06:00:08.870,1,1.2743967106789125,1468.4452533168226,0.0,,3044763.5035377666
2021-03-06 06:00:08.880,1,1.0851401299377943,1456.270963354812,0.0,,3017002.2750891284
2021-03-06 06:00:08.890,1,1.301523225491264,1466.3228965217909,0.0,,3039923.27102513
2021-03-06 06:00:08.900,1,1.3809645094092091,1465.1021552714835,0.0,,3037152.7730769613
2021-03-06 06:00:08.910,1,1.092688958345737,1469.859916634563,0.0,,3047985.8128896407
2021-03-06 06:00:08.920,1,1.4231186926165331,1468.6174268624177,0.0,,3045166.413078744
2021-03-06 06:00:08.930,1,1.1266294538455144,1465.9394541542288,0.0,,3039048.081020338
2021-03-06 06:00:08.940,1,1.4931357828912248,1463.5122102590506,0.0,,3033525.3560278215
2021-03-06 06:00:08.950,1,1.3795077067837207,1474.5356810476926,0.0,,3058667.1484875917
2021-03-06 06:00:08.960,1,1.0987771320304216,1465.8305186601724,0.0,,3038794.6319688745
2021-03-06 06:00:08.970,1,1.552562463000299,1471.6175234750503,0.0,,3052017.1134927804
2021-03-06 06:00:08.980,1,1.108203817491978,1483.99037660278,0.0,,3080232.7947012354
2021-03-06 06:00:08.990,1,1.2732705506361677,1460.5038148672704,0.0,,3026658.1073352103
2021-03-06 06:00:09.000,1,1.4067323839179475,1461.4929237123504,0.0,,3028921.0064041144
2021-03-06 06:00:09.010,1,1.5833878721156829,1466.5570409098466,0.0,,3040475.483812382
2021-03-06 06:00:09.020,1,1.3394317037233967,1479.3375199006823,0.0,,3069619.847558772
2021-03-06 06:00:09.030,1,1.5958794071029812,1476.5450615483728,0.0,,3063261.1616717167
2021-03-06 06:00:09.040,1,1.5982421655264911,1464.3557252520527,0.0,,3035458.0796283865
2021-03-06 06:00:09.050,1,1.5282334255761747,1471.4123449593549,0.0,,3051545.576802057
2021-03-06 06:00:09.060,1,1.5291407091789615,1463.469179361263,0.0,,3033431.968725895
2021-03-06 06:00:09.070,1,1.3341368759643433,1459.2704703412894,0.0,,3023850.029251561
2021-03-06 06:00:09.080,1,1.300562239164022,1456.8965543277627,0.0,,3018439.284000416
2021-03-06 06:00:09.090,1,1.4135726960865436,1457.3358892395652,0.0,,3019447.7468690295
2021-03-06 06:00:09.100,1,1.6033545853535316,1462.543685053325,0.0,,3031323.8483722135
2021-03-06 06:00:09.110,1,1.1831356784879357,1449.9098073069315,0.0,,3002513.9519104115
2021-03-06 06:00:09.120,1,1.5411274152865766,1458.9325988874,0.0,,3023088.945774545
2021-03-06 06:00:09.130,1,1.4893175302398065,1455.0843525356977,0.0,,3014317.9989118148
2021-03-06 06:00:09.140,1,1.1305461028784254,1453.8936842978574,0.0,,3011588.446974943
2021-03-06 06:00:09.150,1,1.2686204179852687,1443.2406057446976,0.0,,2987333.308960359
2021-03-06 06:00:09.160,1,1.234141176888624,1446.1740173527771,0.0,,2994005.286225356
2021-03-06 06:00:09.170,1,1.695408340977041,1448.8901288080351,0.0,,3000217.4357591043
2021-03-06 06:00:09.180,1,1.4139698842541055,1447.604806988151,0.0,,2997275.911699058
2021-03-06 06:00:09.190,1,1.191340590035301,1439.9913910282032,0.0,,2979930.9375344976
2021-03-06 06:00:09.200,1,1.144136875917908,1436.8896392694635,0.0,,2972864.544302381
2021-03-06 06:00:09.210,1,1.2536987120954486,1436.3328772779928,0.0,,2971605.923580188
2021-03-06 06:00:09.220,1,1.6632816958348615,1440.1430391175318,0.0,,2980299.8753714925
2021-03-06 06:00:09.230,1,1.3385621819029698,1437.5994893024952,0.0,,2974493.0986955804
2021-03-06 06:00:09.240,1,1.4481593386497094,1432.1824972609477,0.0,,2962167.4250820843
2021-03-06 06:00:09.250,1,1.1627917759112456,1432.675223690017,0.0,,2963277.0986945187
2021-03-06 06:00:09.260,1,1.218115067078558,1424.9842984535435,0.0,,2945790.4029054996
2021-03-06 06:00:09.270,1,1.2253924385308888,1428.9690541132052,0.0,,2954851.2035216372
2021-03-06 06:00:09.280,1,1.3916339197458314,1422.815113192447,0.0,,2940865.5988141336
2021-03-06 06:00:09.290,1,1.2798951515499877,1413.6854923697515,0.0,,2920113.244602992
2021-03-06 06:00:09.300,1,1.2019727667741962,1413.5096942519738,0.0,,2919705.5435373457
2021-03-06 06:00:09.310,1,1.2912890178756526,1422.7747305762855,0.0,,2940768.485327392
2021-03-06 06:00:09.320,1,1.5119209785566283,1418.9042221726993,0.0,,2931982.190373231
2021-03-06 06:00:09.330,1,1.4348552112600406,1418.9923057418314,0.0,,2932178.2544846754
2021-03-06 06:00:09.340,1,1.6325409364226384,1421.2772823515295,0.0,,2937377.42551517
2021-03-06 06:00:09.350,1,1.1261393871679652,1417.0983255247093,0.0,,2927857.4854774773
2021-03-06 06:00:09.360,1,1.419599504257384,1415.8535088425183,0.0,,2925040.120300553
2021-03-06 06:00:09.370,1,1.6009577652867133,1418.0463115079403,0.0,,2930033.2297210796
2021-03-06 06:00:09.380,1,1.5571149229196612,1422.20170689543,0.0,,2939473.8968889173
2021-03-06 06:00:09.390,1,1.2641217085680692,1416.0300904544056,0.0,,2925436.2676590746
2021-03-06 06:00:09.400,1,1.322763472918394,1419.181902087107,0.0,,2932600.1587198367
2021-03-06 06:00:09.410,1,1.0952929458420644,1414.3896907117526,0.0,,2921702.8331370032
2021-03-06 06:00:09.420,1,1.0888351944503285,1414.1158400161469,0.0,,2921078.5200239513
2021-03-06 06:00:09.430,1,1.1661353364774207,1418.4395434710004,0.0,,2930906.6776260715
2021-03-06 06:00:09.440,1,1.4613533705676789,1410.8833493684228,0.0,,2913753.0306886877
2021-03-06 06:00:09.450,1,1.0650158963658585,1410.5961534976525,0.0,,2913076.978758495
2021-03-06 06:00:09.460,1,1.1105046627676518,1407.5986769200335,0.0,,2906273.0691262265
2021-03-06 06:00:09.470,1,1.3222670261505611,1407.5816428819846,0.0,,2906243.8692612336
2021-03-06 06:00:09.480,1,1.5399168192209731,1415.8533698150147,0.0,,2925047.557671586
2021-03-06 06:00:09.490,1,1.4348196002225535,1410.6036798287091,0.0,,2913115.422043594
2021-03-06 06:00:09.500,1,1.4768098450861833,1404.5853698972558,0.0,,2899448.794306073
2021-03-06 06:00:09.510,1,1.502232246754608,1410.4086929489215,0.0,,2912679.234940937
2021-03-06 06:00:09.520,1,1.0480056415978125,1407.6091754799031,0.0,,2906293.5000650394
2021-03-06 06:00:09.530,1,1.3650721531196617,1424.8322213896802,0.0,,2945451.9682681053
2021-03-06 06:00:09.540,1,1.4007006631077954,1418.85241406966,0.0,,2931859.2484064116
2021-03-06 06:00:09.550,1,1.0105712959003754,1413.7558328014404,0.0,,2920253.430461196
2021-03-06 06:00:09.560,1,1.0809627276023148,1416.9595755275657,0.0,,2927536.2144947024
2021-03-06 06:00:09.570,1,1.1889062373776456,1411.9407756700275,0.0,,2916140.056458727
2021-03-06 06:00:09.580,1,1.0827722347067663,1426.499654598039,0.0,,2949230.97390616
2021-03-06 06:00:09.590,1,1.349385831666033,1425.924761015109,0.0,,2947930.6336527206
2021-03-06 06:00:09.600,1,1.459265636226451,1426.468022753402,0.0,,2949176.349294613
2021-03-06 06:00:09.610,1,1.2711218569577387,1422.924952778895,0.0,,2941108.428902552
2021-03-06 06:00:09.620,1,1.4357011878567636,1432.0628454252878,0.0,,2961898.5086274156
2021-03-06 06:00:09.630,1,1.0976539292909682,1419.563312774104,0.0,,2933459.038370957
2021-03-06 06:00:09.640,1,1.0627495591631422,1410.227897375228,0.0,,2912242.439139657
2021-03-06 06:00:09.650,1,1.1179888432467628,1416.8288420278586,0.0,,2927246.1873146724
2021-03-06 06:00:09.660,1,1.3332540813765692,1425.606985777521,0.0,,2947211.445749702
2021-03-06 06:00:09.670,1,1.3178721720168791,1429.6690204695135,0.0,,2956447.63028334
2021-03-06 06:00:09.680,1,1.1261264282414418,1411.2726592819931,0.0,,2914621.416063036
2021-03-06 06:00:09.690,1,1.421128676301149,1437.8019865605463,0.0,,2974960.8370421682
2021-03-06 06:00:09.700,1,1.0820115347040251,1430.8074074618205,0.0,,2959028.0315837436
2021-03-06 06:00:09.710,1,1.180817516584741,1434.3891364175922,0.0,,2967180.3040610515
2021-03-06 06:00:09.720,1,1.0399667961386374,1434.1255988214102,0.0,,2966572.730490242
2021-03-06 06:00:09.730,1,1.3435838777733258,1439.2513956846344,0.0,,2978250.593574551
2021-03-06 06:00:09.740,1,1.2140611617390058,1425.741727950606,0.0,,2947511.20304089
2021-03-06 06:00:09.750,1,1.1426764425281002,1423.6845220563464,0.0,,2942827.725227528
2021-03-06 06:00:09.760,1,1.3445849801983496,1424.0128698064716,0.0,,2943583.8684714576
2021-03-06 06:00:09.770,1,1.4362217675369289,1428.7686953468024,0.0,,2954408.19378889
2021-03-06 06:00:09.780,1,1.4681615944233584,1424.611735925377,0.0,,2944953.149411822
2021-03-06 06:00:09.790,1,1.0479323429285334,1432.0520015708444,0.0,,2961857.4370271913
2021-03-06 06:00:09.800,1,1.250850321149143,1414.8871851871031,0.0,,2922836.017622671
2021-03-06 06:00:09.810,1,1.1613085179915092,1431.5177485122986,0.0,,2960645.6466093007
2021-03-06 06:00:09.820,1,1.3539278788655609,1415.8760767907622,0.0,,2925088.5433932967
2021-03-06 06:00:09.830,1,1.0525985681817052,1415.6521569465451,0.0,,2924565.643100689
2021-03-06 06:00:09.840,1,1.5284123776928942,1431.3528341860335,0.0,,2960290.537546842
2021-03-06 06:00:09.850,1,1.5698796206887853,1404.6928552987345,0.0,,2899699.3319086838
2021-03-06 06:00:09.860,1,1.4218995628168791,1420.96314128141,0.0,,2936656.9107414237
2021-03-06 06:00:09.870,1,1.5665703995356337,1417.598033141788,0.0,,2929013.8789763353
2021-03-06 06:00:09.880,1,1.4569137817918378,1406.6698189965002,0.0,,2904181.1027912614
2021-03-06 06:00:09.890,1,1.4599518939744416,1419.049588196299,0.0,,2932307.704576077
2021-03-06 06:00:09.900,1,1.1530952132185486,1411.6770633506228,0.0,,2915541.9457395254
2021-03-06 06:00:09.910,1,1.296212912718063,1406.7787186503235,0.0,,2904424.9523026114
2021-03-06 06:00:09.920,1,1.542735515532195,1410.19638631516,0.0,,2912195.7573915627
2021-03-06 06:00:09.930,1,1.2694757272913155,1417.3149398560372,0.0,,2928355.653660586
2021-03-06 06:00:09.940,1,1.5682026829004398,1407.3478149195694,0.0,,2905727.525086594
2021-03-06 06:00:09.950,1,1.2318099502692303,1407.8909409578057,0.0,,2906944.2721982654
2021-03-06 06:00:09.960,1,1.1240076006860795,1402.6858841358214,0.0,,2895115.384670454
2021-03-06 06:00:09.970,1,1.5828010372048482,1415.9133749521009,0.0,,2925183.9326969753
2021-03-06 06:00:09.980,1,1.5914366839898082,1404.1920490236178,0.0,,2898559.5334490864
2021-03-06 06:00:09.990,1,1.3526574316147948,1402.9748639754016,0.0,,2895783.9739836836
2021-03-06 06:00:10.000,1,1.5640097071652197,1407.7934123615123,0.0,,2906740.0154065783
2021-03-06 06:00:10.010,1,1.1291536713040804,1409.490772028866,0.0,,2910573.7952638883
2021-03-06 06:00:10.020,1,1.4168009888194963,1398.974154759086,0.0,,2886708.6434263773
2021-03-06 06:00:10.030,1,1.3721698104953022,1394.0538575368548,0.0,,2875543.714028345
2021-03-06 06:00:10.040,1,1.2541735564912595,1398.7861347495843,0.0,,2886272.268170966
2021-03-06 06:00:10.050,1,1.3511910348958374,1399.1028236891668,0.0,,2886995.5788705973
2021-03-06 06:00:10.060,1,1.1804833123411775,1397.81534687919,0.0,,2884067.1151429582
2021-03-06 06:00:10.070,1,1.2828070431333018,1404.7466757640484,0.0,,2899809.1542121726
2021-03-06 06:00:10.080,1,1.4670128302134406,1394.4670748905166,0.0,,2876484.0821364713
2021-03-06 06:00:10.090,1,1.2557211870271876,1405.6413871798004,0.0,,2901839.8310444443
2021-03-06 06:00:10.100,1,1.3548175507877749,1392.5714631739334,0.0,,2872174.0539335078
2021-03-06 06:00:10.110,1,1.241882945254126,1401.3228921035422,0.0,,2892032.974555233
2021-03-06 06:00:10.120,1,1.2887432355746953,1399.9791643778185,0.0,,2888984.2155848793
2021-03-06 06:00:10.130,1,1.2859365550809172,1412.3872053878963,0.0,,2917155.809944059
2021-03-06 06:00:10.140,1,1.153246327256504,1403.8609746093246,0.0,,2897791.5755502223
2021-03-06 06:00:10.150,1,1.548964443438705,1399.8313998342055,0.0,,2888658.8172852574
2021-03-06 06:00:10.160,1,1.2306610609141342,1398.7683336790906,0.0,,2886232.0949352444
2021-03-06 06:00:10.170,1,1.4180502371538102,1400.888826970298,0.0,,2891054.2137624095
2021-03-06 06:00:10.180,1,1.2048946301196015,1400.1488033422918,0.0,,2889363.7670566905
2021-03-06 06:00:10.190,1,1.2844708655328578,1409.4933275091314,0.0,,2910586.306727168
2021-03-06 06:00:10.200,1,1.2255548171217752,1416.3019207513678,0.0,,2926048.589563885
2021-03-06 06:00:10.210,1,1.231738309610494,1423.1271139807077,0.0,,2941566.1016207123
2021-03-06 06:00:10.220,1,1.2325420576124408,1415.7475987417276,0.0,,2924793.043273315
2021-03-06 06:00:10.230,1,1.1968129312019868,1406.7073780281617,0.0,,2904250.8570524217
2021-03-06 06:00:10.240,1,1.2354628696792571,1416.8505474268725,0.0,,2927301.8780826144
2021-03-06 06:00:10.250,1,1.3591911843776798,1422.2219083482662,0.0,,2939513.5139635066
2021-03-06 06:00:10.260,1,1.3217352707295056,1429.4717897418368,0.0,,2955995.115782548
2021-03-06 06:00:10.270,1,1.253160555513272,1428.2717358089633,0.0,,2953265.96861409
2021-03-06 06:00:10.280,1,1.094923769595478,1417.4219007063095,0.0,,2928589.956272734
2021-03-06 06:00:10.290,1,1.2775074287319164,1431.1272743732573,0.0,,2959762.0575420237
2021-03-06 06:00:10.300,1,1.2772605536170802,1423.6407315492172,0.0,,2942732.794587601
2021-03-06 06:00:10.310,1,1.1308870915315068,1429.595836841048,0.0,,2956269.6528293025
2021-03-06 06:00:10.320,1,1.0004446058850935,1424.054528497522,0.0,,2943662.4691824284
2021-03-06 06:00:10.330,1,1.1288626494951548,1436.4849416695993,0.0,,2971944.311988552
2021-03-06 06:00:10.340,1,0.992530609751334,1433.6383738721256,0.0,,2965458.7101256633
2021-03-06 06:00:10.350,1,1.3507000548957695,1433.9032697381788,0.0,,2966082.9938133466
2021-03-06 06:00:10.360,1,0.9482026670523808,1434.6700053704474,0.0,,2967809.6820898666
2021-03-06 06:00:10.370,1,1.2359785079572492,1447.0589439064097,0.0,,2996022.909048835
2021-03-06 06:00:10.380,1,1.0597663648650075,1439.1278628960226,0.0,,2977954.446164397
2021-03-06 06:00:10.390,1,0.949497604964816,1430.7285794948882,0.0,,2958837.927769008
2021-03-06 06:00:10.400,1,1.2011370279749418,1427.1840904312696,0.0,,2950789.257757477
2021-03-06 06:00:10.410,1,0.9839429786794062,1441.7412544388994,0.0,,2983902.0706805536
2021-03-06 06:00:10.420,1,1.0162279668179153,1435.2168917978524,0.0,,2969051.2733032913
2021-03-06 06:00:10.430,1,1.1956250268738742,1452.2194876301303,0.0,,3007775.3856033115
2021-03-06 06:00:10.440,1,1.2279778596496569,1449.3709290622955,0.0,,3001289.644542856
2021-03-06 06:00:10.450,1,0.9123732952874074,1436.839897711846,0.0,,2972741.654576837
2021-03-06 06:00:10.460,1,1.130404995283346,1444.2886097426492,0.0,,2989711.3308445546
2021-03-06 06:00:10.470,1,0.814799953311902,1434.4132770814392,0.0,,2967218.815075698
2021-03-06 06:00:10.480,1,1.10149841119307,1438.9696238430142,0.0,,2977600.103383671
2021-03-06 06:00:10.490,1,0.9599398488159816,1435.60052937491,0.0,,2969924.271423502
2021-03-06 06:00:10.500,1,1.1337610903562243,1449.6178483073022,0.0,,3001844.238684627
2021-03-06 06:00:10.510,1,0.9669264324284788,1462.0791394054086,0.0,,3030236.996774511
2021-03-06 06:00:10.520,1,0.9427751839717758,1439.514724802,0.0,,2978835.9824130316
2021-03-06 06:00:10.530,1,1.1414349452379218,1450.3013345386264,0.0,,3003405.8422411117
2021-03-06 06:00:10.540,1,0.7690242076456807,1434.4707218949036,0.0,,2967342.550704519
2021-03-06 06:00:10.550,1,0.9469693514193736,1437.2996934855537,0.0,,2973791.834709824
2021-03-06 06:00:10.560,1,0.9591055397307676,1449.8415620211492,0.0,,3002350.2542417855
2021-03-06 06:00:10.570,1,0.956498684046573,1450.7946098839277,0.0,,3004518.4677524283
2021-03-06 06:00:10.580,1,1.0983074942254871,1443.8478003989194,0.0,,2988703.3901949767
2021-03-06 06:00:10.590,1,1.1100123023342026,1429.8075325590576,0.0,,2956753.4101191335
2021-03-06 06:00:10.600,1,0.8008086916312781,1433.0487813407929,0.0,,2964107.973158184
2021-03-06 06:00:10.610,1,0.947926850951656,1438.9297533858407,0.0,,2977501.7373149195
2021-03-06 06:00:10.620,1,0.8786366775443942,1439.991305146748,0.0,,2979911.618415708
2021-03-06 06:00:10.630,1,0.7620421684743318,1439.7903152105316,0.0,,2979449.795907141
2021-03-06 06:00:10.640,1,0.7640218614883793,1432.286750121113,0.0,,2962372.731331243
2021-03-06 06:00:10.650,1,1.0748993438032537,1425.3026424496984,0.0,,2946507.283561263
2021-03-06 06:00:10.660,1,1.1057212295746308,1433.0927652326209,0.0,,2964227.789862669
2021-03-06 06:00:10.670,1,0.7887470504604028,1432.200520794873,0.0,,2962181.92138001
2021-03-06 06:00:10.680,1,0.8565715087775931,1424.9802224992943,0.0,,2945761.109409534
2021-03-06 06:00:10.690,1,0.8176293988350503,1437.9099481749076,0.0,,2975171.5626322655
2021-03-06 06:00:10.700,1,1.0649771278338531,1415.987241459867,0.0,,2925328.1410121704
2021-03-06 06:00:10.710,1,0.8798022126990309,1433.1003167051765,0.0,,2964231.1806099694
2021-03-06 06:00:10.720,1,0.9318898384339028,1422.8618608051397,0.0,,2940948.5643164515
2021-03-06 06:00:10.730,1,0.9945302782459092,1422.567225079346,0.0,,2940282.3681279714
2021-03-06 06:00:10.740,1,0.9460453672736362,1430.784976696262,0.0,,2958969.4030232364
2021-03-06 06:00:10.750,1,0.9520157379862284,1416.5374272307874,0.0,,2926571.729938717
2021-03-06 06:00:10.760,1,0.9192057921527056,1414.4340401131049,0.0,,2921791.0446524713
2021-03-06 06:00:10.770,1,1.1177238550212156,1416.919464251066,0.0,,2927446.9612925327
2021-03-06 06:00:10.780,1,0.8157741474325699,1418.865233410041,0.0,,2931854.9436107236
2021-03-06 06:00:10.790,1,1.0688060796595047,1427.1516044657208,0.0,,2950709.942623909
2021-03-06 06:00:10.800,1,0.8733758808635675,1413.4202262056083,0.0,,2919484.9889615993
2021-03-06 06:00:10.810,1,0.9172728815437964,1426.1047986184626,0.0,,2948320.149699732
2021-03-06 06:00:10.820,1,0.9428053416014704,1413.672881011947,0.0,,2920061.570179572
2021-03-06 06:00:10.830,1,1.0745879759781622,1403.2019090711694,0.0,,2896287.6824847492
2021-03-06 06:00:10.840,1,0.8687903266718395,1416.0878955469389,0.0,,2925549.832329388
2021-03-06 06:00:10.850,1,1.0041040077836796,1416.1193201236983,0.0,,2925623.000764875
2021-03-06 06:00:10.860,1,1.010039230505604,1400.8617963262675,0.0,,2890973.86026809
2021-03-06 06:00:10.870,1,1.1125176202727467,1400.3777027129404,0.0,,2889880.7505468633
2021-03-06 06:00:10.880,1,0.9877149593580784,1407.0536982221097,0.0,,2905030.4401975875
2021-03-06 06:00:10.890,1,1.0831478311331633,1408.4690890707266,0.0,,2908249.8259515665
2021-03-06 06:00:10.900,1,1.0190672411544128,1413.3280961674668,0.0,,2919285.0836405624
2021-03-06 06:00:10.910,1,1.1629687661397348,1414.0264960688392,0.0,,2920875.518117695
2021-03-06 06:00:10.920,1,0.9281808835329712,1400.8708659724316,0.0,,2890986.0457836804
2021-03-06 06:00:10.930,1,0.9710743971926188,1406.7752896523284,0.0,,2904398.4160937076
2021-03-06 06:00:10.940,1,0.9086899999942788,1429.9110840928868,0.0,,2956981.82663544
2021-03-06 06:00:10.950,1,0.8466343646926517,1414.9124278371564,0.0,,2922875.5881926115
2021-03-06 06:00:10.960,1,0.9588913964499722,1410.115952905812,0.0,,2911983.7556923763
2021-03-06 06:00:10.970,1,0.9835712175636088,1405.5505264111905,0.0,,2901614.702195377
2021-03-06 06:00:10.980,1,0.8405422245904527,1396.9849895744017,0.0,,2882164.7005236577
2021-03-06 06:00:10.990,1,1.249123931961584,1415.5852928540714,0.0,,2924423.6424581977
2021-03-06 06:00:11.000,1,1.1236992118187268,1405.7251663294062,0.0,,2902019.3695277544
2021-03-06 06:00:11.010,1,1.0403055783937192,1419.2864908142597,0.0,,2932825.991096528
2021-03-06 06:00:11.020,1,1.0297945120617562,1423.0336929138589,0.0,,2941344.0123725873
2021-03-06 06:00:11.030,1,0.855260201722787,1397.9047318658413,0.0,,2884250.876173036
2021-03-06 06:00:11.040,1,0.9671119994942844,1411.8432897007324,0.0,,2915904.567651002
2021-03-06 06:00:11.050,1,1.0216835354852434,1415.0426726947785,0.0,,2923180.5750331758
2021-03-06 06:00:11.060,1,0.9519029662108064,1421.555407901755,0.0,,2937978.025637089
2021-03-06 06:00:11.070,1,0.8809296092271222,1415.3345442084976,0.0,,2923837.7249460956
2021-03-06 06:00:11.080,1,0.924924275243596,1432.6792402381743,0.0,,2963274.310923034
2021-03-06 06:00:11.090,1,1.2325458595783778,1419.0191413495131,0.0,,2932228.62196393
2021-03-06 06:00:11.100,1,1.187939783893328,1407.449207095835,0.0,,2905935.37997024
2021-03-06 06:00:11.110,1,0.9339100561740704,1414.137445995311,0.0,,2921115.7669585245
2021-03-06 06:00:11.120,1,0.8987326100558903,1419.6012574262968,0.0,,2933537.071259894
2021-03-06 06:00:11.130,1,1.0986743156452274,1410.504388271094,0.0,,2912874.774175389
2021-03-06 06:00:11.140,1,1.1771690533468375,1434.4702052538971,0.0,,2967363.39667658
2021-03-06 06:00:11.150,1,0.927725734693454,1421.5599993287176,0.0,,2937989.439426881
2021-03-06 06:00:11.160,1,0.9504440886635632,1430.9714649141422,0.0,,2959392.834995434
2021-03-06 06:00:11.170,1,1.2497991601696758,1417.4029724057157,0.0,,2928558.173781715
2021-03-06 06:00:11.180,1,1.0285470433537045,1428.7268217203157,0.0,,2954292.8322057584
2021-03-06 06:00:11.190,1,1.161034380668276,1422.714074411897,0.0,,2940623.8780893683
2021-03-06 06:00:11.200,1,1.208525412498071,1420.336022214503,0.0,,2935220.789308865
2021-03-06 06:00:11.210,1,1.2361256434433807,1425.813948316249,0.0,,2947677.2755180877
2021-03-06 06:00:11.220,1,0.9138720417929314,1429.4346261186936,0.0,,2955895.3907470293
2021-03-06 06:00:11.230,1,1.07555213690546,1423.0072842735992,0.0,,2941288.265786298
2021-03-06 06:00:11.240,1,1.1235314815543611,1426.261096403118,0.0,,2948689.0846161027
2021-03-06 06:00:11.250,1,0.9703601789232408,1430.7205370193246,0.0,,2958822.6393932397
2021-03-06 06:00:11.260,1,1.0599167143248585,1412.7935798556546,0.0,,2918068.8504162556
2021-03-06 06:00:11.270,1,0.8621652022510045,1421.3431012129497,0.0,,2937491.312402322
2021-03-06 06:00:11.280,1,1.2269139837492018,1413.5494839735854,0.0,,2919798.421659252
2021-03-06 06:00:11.290,1,1.0551468625229958,1417.4956903376528,0.0,,2928755.382916603
2021-03-06 06:00:11.300,1,0.9697049052719836,1416.369217379297,0.0,,2926195.3331336984
2021-03-06 06:00:11.310,1,0.9374570476731552,1415.1674131482932,0.0,,2923460.226534413
2021-03-06 06:00:11.320,1,0.9485952091682058,1413.118370746361,0.0,,2918809.07085656
2021-03-06 06:00:11.330,1,1.0472775549914577,1416.3603933001468,0.0,,2926173.670842106
2021-03-06 06:00:11.340,1,0.9827602107449674,1426.3769750874335,0.0,,2948940.3028394897
2021-03-06 06:00:11.350,1,1.0170006441593822,1421.9646713912489,0.0,,2938913.4403703148
2021-03-06 06:00:11.360,1,1.186388027881034,1420.6802634733883,0.0,,2936000.2385150455
2021-03-06 06:00:11.370,1,0.8789665082181287,1409.190869008702,0.0,,2909878.2648369465
2021-03-06 06:00:11.380,1,1.161594292868794,1406.3031125703922,0.0,,2903334.7139795823
2021-03-06 06:00:11.390,1,0.8420194311776329,1411.6308293508637,0.0,,2915421.981625251
2021-03-06 06:00:11.400,1,1.0850192855984016,1403.3327723826562,0.0,,2896587.1884221677
2021-03-06 06:00:11.410,1,0.8617723736669659,1395.64385338105,0.0,,2879120.1327988
2021-03-06 06:00:11.420,1,0.8502125294815494,1418.8551552187437,0.0,,2931831.2618316906
2021-03-06 06:00:11.430,1,1.0206148773278991,1395.9091261152437,0.0,,2879733.4068819694
2021-03-06 06:00:11.440,1,0.986866187165836,1410.89867707318,0.0,,2913765.3562440258
2021-03-06 06:00:11.450,1,0.7852302060884037,1395.481488621503,0.0,,2878749.406796268
2021-03-06 06:00:11.460,1,1.0881940458691193,1389.967447142323,0.0,,2866255.181565927
2021-03-06 06:00:11.470,1,0.8812118394168316,1394.712072412944,0.0,,2877005.291663683
2021-03-06 06:00:11.480,1,1.0814655113603917,1406.2142370857748,0.0,,2903126.6386332987
2021-03-06 06:00:11.490,1,1.0038783969957314,1392.5234926976132,0.0,,2872049.4596323925
2021-03-06 06:00:11.500,1,0.8803319599963145,1395.4069388539044,0.0,,2878584.4440030605
2021-03-06 06:00:11.510,1,0.8820583534064598,1393.6000021070874,0.0,,2874485.780189923
2021-03-06 06:00:11.520,1,0.8424247989797221,1406.9421994171307,0.0,,2904773.1117385007
2021-03-06 06:00:11.530,1,0.7604586204784617,1406.2454253680771,0.0,,2903181.333537886
2021-03-06 06:00:11.540,1,0.9695080217829752,1411.9285969680866,0.0,,2916100.6612700904
2021-03-06 06:00:11.550,1,0.8697338211564911,1390.2091874139694,0.0,,2866792.1025573625
2021-03-06 06:00:11.560,1,0.8890883269439775,1392.2859785423943,0.0,,2871503.946318779
2021-03-06 06:00:11.570,1,1.0303622010059357,1386.6237169974518,0.0,,2858668.0682390863
2021-03-06 06:00:11.580,1,0.7712275272636903,1396.6724844458704,0.0,,2881452.5020095767
2021-03-06 06:00:11.590,1,0.9000474150615883,1381.4985082761114,0.0,,2847042.4172380967
2021-03-06 06:00:11.600,1,0.9534372290536798,1399.5186771690924,0.0,,2887923.372984588
2021-03-06 06:00:11.610,1,1.1323042868393045,1405.138057357683,0.0,,2900686.3830401436
2021-03-06 06:00:11.620,1,1.1025868310125613,1395.3844767889711,0.0,,2878544.793962771
2021-03-06 06:00:11.630,1,0.8839626084812396,1392.8700395413812,0.0,,2872828.538560664
2021-03-06 06:00:11.640,1,1.072386092496031,1398.118162089535,0.0,,2884743.8864583443
2021-03-06 06:00:11.650,1,1.072944259144042,1392.3663253285297,0.0,,2871694.141739723
2021-03-06 06:00:11.660,1,0.9039403297196532,1391.804122544376,0.0,,2870410.9763795272
2021-03-06 06:00:11.670,1,1.1103377844756588,1402.4235939715384,0.0,,2894526.7495351075
2021-03-06 06:00:11.680,1,1.1931874597353351,1405.7412915374446,0.0,,2902061.1863295366
2021-03-06 06:00:11.690,1,1.0013828760792642,1401.0370789991157,0.0,,2891368.5141516896
2021-03-06 06:00:11.700,1,1.1767916470944502,1412.4009966564724,0.0,,2917187.1135225813
2021-03-06 06:00:11.710,1,0.9882232646665884,1418.0342868285693,0.0,,2929975.563013003
2021-03-06 06:00:11.720,1,1.2171880752902042,1409.9310850564373,0.0,,2911579.239704939
2021-03-06 06:00:11.730,1,1.0024482114046926,1412.7978216428196,0.0,,2918079.658443906
2021-03-06 06:00:11.740,1,0.92643771378551,1408.2621157637257,0.0,,2907770.90770146
2021-03-06 06:00:11.750,1,1.062965698644913,1399.1736809406598,0.0,,2887140.775935759
2021-03-06 06:00:11.760,1,0.9129568045013654,1407.4909991242034,0.0,,2906025.1876031393
2021-03-06 06:00:11.770,1,0.9991321140023296,1416.749181855556,0.0,,2927055.158904039
2021-03-06 06:00:11.780,1,0.8571508862116876,1424.8617877318447,0.0,,2945491.3057442815
2021-03-06 06:00:11.790,1,1.0567983284105509,1415.946049721788,0.0,,2925235.4737831648
2021-03-06 06:00:11.800,1,1.1512671506113674,1431.889627358183,0.0,,2961489.8652764433
2021-03-06 06:00:11.810,1,1.0439582541804604,1426.7231671673062,0.0,,2949737.2015707097
2021-03-06 06:00:11.820,1,1.023421575190575,1432.9139016413508,0.0,,2963817.479300461
2021-03-06 06:00:11.830,1,1.1465293741006064,1433.0472425624787,0.0,,2964126.9373245076
2021-03-06 06:00:11.840,1,1.2630886624169202,1421.7401752227966,0.0,,2938414.115720524
2021-03-06 06:00:11.850,1,1.099105102886074,1431.8627688271426,0.0,,2961427.1163990833
2021-03-06 06:00:11.860,1,1.1914746358548085,1424.889356640156,0.0,,2945570.5460164356
2021-03-06 06:00:11.870,1,1.3267669774840698,1427.7928831371066,0.0,,2952176.0596902785
2021-03-06 06:00:11.880,1,1.2571714441441804,1435.3038290660377,0.0,,2969268.177274232
2021-03-06 06:00:11.890,1,1.3281637686765893,1440.0564777441543,0.0,,2980083.4237531885
2021-03-06 06:00:11.900,1,1.0347461113305787,1445.283498022106,0.0,,2991969.8330041184
2021-03-06 06:00:11.910,1,1.3058588080709093,1452.424920226957,0.0,,3008249.5502456985
2021-03-06 06:00:11.920,1,1.0598820071953334,1432.2305475324872,0.0,,2962262.499289073
2021-03-06 06:00:11.930,1,1.1497322694449537,1443.5398967603865,0.0,,2988006.2617246695
2021-03-06 06:00:11.940,1,1.1705471678174837,1440.866765922432,0.0,,2981924.475138141
2021-03-06 06:00:11.950,1,1.0691918781257383,1451.4302229900168,0.0,,3005967.710512124
2021-03-06 06:00:11.960,1,1.0470962231475598,1455.9032031581414,0.0,,3016166.554515899
2021-03-06 06:00:11.970,1,1.3939289540277922,1439.448181098871,0.0,,2978705.2820884394
2021-03-06 06:00:11.980,1,1.3037828889926808,1434.4228122877787,0.0,,2967263.097467921
2021-03-06 06:00:11.990,1,1.2891928169578986,1446.3968221352625,0.0,,2994519.2076942804
2021-03-06 06:00:12.000,1,1.4480102301073403,1433.370873310715,0.0,,2964874.1846506074
2021-03-06 06:00:12.010,1,1.2880807255055746,1446.1762128523576,0.0,,2994017.0973409186
2021-03-06 06:00:12.020,1,1.3462529025036722,1448.22510446712,0.0,,2998687.8409141265
2021-03-06 06:00:12.030,1,1.3546124068299965,1430.1122791667383,0.0,,2957456.9777905117
2021-03-06 06:00:12.040,1,1.1458639052905628,1445.1659217528631,0.0,,2991709.8423555163
2021-03-06 06:00:12.050,1,1.2559221884550062,1457.4789371728784,0.0,,3019763.957956585
2021-03-06 06:00:12.060,1,1.4997439454196713,1444.7499881042468,0.0,,2990780.4523407966
2021-03-06 06:00:12.070,1,1.1415297681305308,1447.2082445793258,0.0,,2996361.3721580845
2021-03-06 06:00:12.080,1,1.1425450841325684,1442.3952506476082,0.0,,2985400.101720533
2021-03-06 06:00:12.090,1,1.449926333932617,1434.9295855603082,0.0,,2968425.8321808553
2021-03-06 06:00:12.100,1,1.1682590391785992,1444.4560442556594,0.0,,2990092.6332277423
2021-03-06 06:00:12.110,1,1.3102349739606036,1433.8339986869855,0.0,,2965923.3299236507
2021-03-06 06:00:12.120,1,1.2883651293047431,1444.6173760831257,0.0,,2990467.7405397124
2021-03-06 06:00:12.130,1,0.9956710483217364,1452.4802216326432,0.0,,3008360.858334188
2021-03-06 06:00:12.140,1,1.369217131989025,1436.3363632206886,0.0,,2971619.3555157376
2021-03-06 06:00:12.150,1,1.300732349781022,1443.9395451481296,0.0,,2988927.103718909
2021-03-06 06:00:12.160,1,1.1401257095547723,1435.4481084192034,0.0,,2969584.925888909
2021-03-06 06:00:12.170,1,1.0535924012785296,1437.3105366632883,0.0,,2973819.3117242875
2021-03-06 06:00:12.180,1,1.2015666056468224,1435.1760425489294,0.0,,2968970.272217445
2021-03-06 06:00:12.190,1,1.3385468082375116,1426.3292655809244,0.0,,2948856.3361296034
2021-03-06 06:00:12.200,1,1.1326909893854693,1430.4744999682712,0.0,,2958272.7830347926
2021-03-06 06:00:12.210,1,1.2353906132636792,1444.946420873946,0.0,,2991211.2469883324
2021-03-06 06:00:12.220,1,1.1697091823325958,1432.4715157479638,0.0,,2962813.9472771375
2021-03-06 06:00:12.230,1,1.3415719213335795,1431.9858598525573,0.0,,2961716.9497907264
2021-03-06 06:00:12.240,1,1.0646545519773631,1432.8538249366677,0.0,,2963681.9574785386
2021-03-06 06:00:12.250,1,1.3309206819506367,1439.790693073844,0.0,,2979480.7294335226
2021-03-06 06:00:12.260,1,1.39888663635182,1434.0071941135905,0.0,,2966320.4044610504
2021-03-06 06:00:12.270,1,1.0057854779061437,1432.3796169126608,0.0,,2962601.280362833
2021-03-06 06:00:12.280,1,1.1409256324623973,1446.7914412525806,0.0,,2995407.8384706248
2021-03-06 06:00:12.290,1,1.0149905162443034,1431.7156866597013,0.0,,2961090.593866799
2021-03-06 06:00:12.300,1,1.113706487943095,1428.121353935237,0.0,,2952919.023052802
2021-03-06 06:00:12.310,1,1.3371366461709735,1434.6675968588888,0.0,,2967822.9433644684
2021-03-06 06:00:12.320,1,0.9842280742596736,1433.861775545099,0.0,,2965970.989336967
2021-03-06 06:00:12.330,1,0.9042165839936486,1439.4288575004791,0.0,,2978633.301346049
2021-03-06 06:00:12.340,1,1.1161397834489144,1438.0326814461275,0.0,,2975465.321544616
2021-03-06 06:00:12.350,1,1.289905093437781,1427.6911466901572,0.0,,2951950.9559126287
2021-03-06 06:00:12.360,1,1.245546536117638,1425.8431294712686,0.0,,2947740.988210328
2021-03-06 06:00:12.370,1,0.9604126602880704,1426.5045965859065,0.0,,2949234.5087167774
2021-03-06 06:00:12.380,1,1.0916491550220109,1438.1253430806748,0.0,,2975677.4937785384
2021-03-06 06:00:12.390,1,1.1042635140005048,1423.8625220751717,0.0,,2943229.586695754
2021-03-06 06:00:12.400,1,1.133254115667174,1426.3287806052524,0.0,,2948842.8368823538
2021-03-06 06:00:12.410,1,0.9527765182886142,1446.9682990686413,0.0,,2995802.2135768333
2021-03-06 06:00:12.420,1,0.9298877754236964,1435.6634825521442,0.0,,2970063.779608792
2021-03-06 06:00:12.430,1,0.9034452740892656,1447.6580718423195,0.0,,2997372.4297467736
2021-03-06 06:00:12.440,1,0.9222444073621596,1433.2870292262066,0.0,,2964655.685607139
2021-03-06 06:00:12.450,1,1.206483397770439,1439.2441394187704,0.0,,2978227.237473842
2021-03-06 06:00:12.460,1,0.8736042234975022,1432.7382360791848,0.0,,2963407.6857607085
2021-03-06 06:00:12.470,1,1.0829940633697583,1437.337904918747,0.0,,2973884.872802291
2021-03-06 06:00:12.480,1,1.1096304350906108,1461.5777683625354,0.0,,3029098.4853480523
2021-03-06 06:00:12.490,1,0.8900476760529011,1447.5689372475204,0.0,,2997168.9062397783
2021-03-06 06:00:12.500,1,1.095430508809472,1444.1778814151207,0.0,,2989455.672161976
2021-03-06 06:00:12.510,1,0.9930937898031604,1447.259838848422,0.0,,2996466.231288257
2021-03-06 06:00:12.520,1,0.9678007551354804,1451.9085305015371,0.0,,3007060.8867227877
2021-03-06 06:00:12.530,1,1.0487606921785246,1447.2946584753963,0.0,,2996551.572027113
2021-03-06 06:00:12.540,1,1.1013929910568134,1438.4312377078284,0.0,,2976374.437695171
2021-03-06 06:00:12.550,1,0.9974329028208871,1451.5129059971127,0.0,,3006157.60679508
2021-03-06 06:00:12.560,1,0.8599412522274408,1462.2728056106598,0.0,,3030670.1205171333
2021-03-06 06:00:12.570,1,0.7732816916774837,1453.2159037702634,0.0,,3010025.423569352
2021-03-06 06:00:12.580,1,0.8083036235787935,1468.4822766290522,0.0,,3044825.9601958515
2021-03-06 06:00:12.590,1,0.8783672221890393,1443.9431323339456,0.0,,2988912.7212362112
2021-03-06 06:00:12.600,1,0.9617743047131152,1455.7456873811966,0.0,,3015801.6536676562
2021-03-06 06:00:12.610,1,0.8883515418881672,1463.8378945077984,0.0,,3034240.9422569075
2021-03-06 06:00:12.620,1,1.122668261953694,1447.7581691768337,0.0,,2997611.7581267087
2021-03-06 06:00:12.630,1,0.7881242400693209,1453.682252447472,0.0,,3011087.1126566376
2021-03-06 06:00:12.640,1,0.7868402554271037,1460.7438138224395,0.0,,3027183.281334439
2021-03-06 06:00:12.650,1,0.8048147281093284,1450.457780217736,0.0,,3003746.031858929
2021-03-06 06:00:12.660,1,0.8053432712253897,1450.256899605634,0.0,,3003285.966867869
2021-03-06 06:00:12.670,1,1.0888830410453698,1455.0685287484805,0.0,,3014263.377132012
2021-03-06 06:00:12.680,1,0.8783098929053904,1445.7113219566274,0.0,,2992938.343115953
2021-03-06 06:00:12.690,1,0.9176226087622752,1451.4419291416086,0.0,,3005990.68303811
2021-03-06 06:00:12.700,1,0.9677024963202108,1441.3044379846124,0.0,,2982907.2259471538
2021-03-06 06:00:12.710,1,0.8678616093767646,1449.3412429017171,0.0,,3001204.127340593
2021-03-06 06:00:12.720,1,0.9835549230050136,1452.9988840208298,0.0,,3009543.3078043354
2021-03-06 06:00:12.730,1,0.7846414559338738,1454.7673454382666,0.0,,3013561.327022267
2021-03-06 06:00:12.740,1,0.9985301507692392,1450.6848471947449,0.0,,3004269.6074365093
2021-03-06 06:00:12.750,1,0.7772776910531116,1438.573922773919,0.0,,2976681.3121959916
2021-03-06 06:00:12.760,1,0.954386223215262,1446.8079932404132,0.0,,2995440.6204426507
2021-03-06 06:00:12.770,1,0.8514048772320569,1446.8084648833185,0.0,,2995434.5589285214
2021-03-06 06:00:12.780,1,1.1350890954494204,1449.5129970371397,0.0,,3001608.2061864333
2021-03-06 06:00:12.790,1,0.8279101874971045,1450.4386983224026,0.0,,3003702.4724027487
2021-03-06 06:00:12.800,1,0.9197595348592984,1449.2957755548764,0.0,,3001104.648597568
2021-03-06 06:00:12.810,1,1.0177087660872548,1428.1561952870209,0.0,,2952990.9447489493
2021-03-06 06:00:12.820,1,0.8710557326380323,1435.398876702554,0.0,,2969458.908734108
2021-03-06 06:00:12.830,1,1.1545890084488064,1431.713595910122,0.0,,2961090.8821881027
2021-03-06 06:00:12.840,1,1.1650066554427922,1430.3861560133091,0.0,,2958065.6586914933
2021-03-06 06:00:12.850,1,0.8438944117808285,1435.7784531242603,0.0,,2970322.5577796265
2021-03-06 06:00:12.860,1,0.9638895934038276,1443.9640769414875,0.0,,2988960.580626258
2021-03-06 06:00:12.870,1,1.0052495594620194,1428.722428353662,0.0,,2954278.2748931297
2021-03-06 06:00:12.880,1,1.216885397419929,1432.0924367808575,0.0,,2961953.2515282095
2021-03-06 06:00:12.890,1,0.9983328528628488,1423.4914526782306,0.0,,2942383.0685937176
2021-03-06 06:00:12.900,1,1.0889262290135742,1421.979483711751,0.0,,2938950.1833608393
2021-03-06 06:00:12.910,1,1.0807760268817836,1416.8664857192996,0.0,,2927328.3718224256
2021-03-06 06:00:12.920,1,1.1556749119752845,1414.1781922702842,0.0,,2921221.5410043024
2021-03-06 06:00:12.930,1,0.8795113804694931,1426.437435315667,0.0,,2949073.193359768
2021-03-06 06:00:12.940,1,0.8573860859879945,1421.8903686554306,0.0,,2938736.7932823636
2021-03-06 06:00:12.950,1,1.0957428079109806,1428.108021793497,0.0,,2952886.496206201
2021-03-06 06:00:12.960,1,1.2695138575870115,1418.6417779071858,0.0,,2931371.002544825
2021-03-06 06:00:12.970,1,1.164272590039968,1424.2842227741417,0.0,,2944194.789847326
2021-03-06 06:00:12.980,1,1.2684305625851615,1421.5567095994586,0.0,,2938001.543267443
2021-03-06 06:00:12.990,1,1.199525080852112,1421.1147959291034,0.0,,2936989.614305464
2021-03-06 06:00:13.000,1,1.2038578789580692,1402.4529402356754,0.0,,2894589.883618306
2021-03-06 06:00:13.010,1,0.9591162189378428,1423.456339655501,0.0,,2942299.417070584
2021-03-06 06:00:13.020,1,0.8810972015102803,1401.1972712430386,0.0,,2891728.317645887
2021-03-06 06:00:13.030,1,1.052920387222005,1408.894914936726,0.0,,2909215.853680002
2021-03-06 06:00:13.040,1,1.1881298297898537,1418.8050540551694,0.0,,2931736.846387416
2021-03-06 06:00:13.050,1,1.264950358890191,1418.3290403657004,0.0,,2930657.273553185
2021-03-06 06:00:13.060,1,0.962912162784488,1410.6348733458133,0.0,,2913160.0014182413
2021-03-06 06:00:13.070,1,1.0173305481003057,1414.7877004081913,0.0,,2922599.5723701254
2021-03-06 06:00:13.080,1,1.114475670916345,1404.6268875348733,0.0,,2899524.998954456
2021-03-06 06:00:13.090,1,1.0584194712027644,1421.1335924700809,0.0,,2937026.119095499
2021-03-06 06:00:13.100,1,1.039639503090506,1417.894275313937,0.0,,2929666.072458659
2021-03-06 06:00:13.110,1,1.003141281514334,1417.1394494828128,0.0,,2927944.556684998
2021-03-06 06:00:13.120,1,0.989132805666514,1415.9277737254642,0.0,,2925185.8425804637
2021-03-06 06:00:13.130,1,1.1188750310185835,1418.8454494566165,0.0,,2931825.749800396
2021-03-06 06:00:13.140,1,0.8908747949125103,1429.228876387679,0.0,,2955427.5347332116
2021-03-06 06:00:13.150,1,1.2624787944267668,1410.806461786981,0.0,,2913567.5431310404
2021-03-06 06:00:13.160,1,1.1133586242868472,1413.948945188967,0.0,,2920700.889669726
2021-03-06 06:00:13.170,1,1.218043283361095,1427.117698119358,0.0,,2950639.708329308
2021-03-06 06:00:13.180,1,1.0862823018243584,1425.2867633787698,0.0,,2946469.728401057
2021-03-06 06:00:13.190,1,1.123310281561576,1408.8194718110046,0.0,,2909047.7998009976
2021-03-06 06:00:13.200,1,0.9498273378791952,1410.686328174223,0.0,,2913276.883758894
2021-03-06 06:00:13.210,1,1.1783319840741524,1422.1580243226208,0.0,,2939360.654128175
2021-03-06 06:00:13.220,1,1.0234744223739465,1426.415924089492,0.0,,2949033.6933367136
2021-03-06 06:00:13.230,1,0.8652594034004124,1429.5237788400852,0.0,,2956093.2068812386
2021-03-06 06:00:13.240,1,1.1136752362921891,1433.795130019529,0.0,,2965824.1219511074
2021-03-06 06:00:13.250,1,1.1390566703572942,1435.03952999481,0.0,,2968656.136232442
2021-03-06 06:00:13.260,1,1.1792452061980083,1440.1749375856866,0.0,,2980349.342991516
2021-03-06 06:00:13.270,1,0.9747572108106602,1435.7603543751547,0.0,,2970287.6279767663
2021-03-06 06:00:13.280,1,0.940612145831778,1436.2885461448095,0.0,,2971491.012357864
2021-03-06 06:00:13.290,1,0.9081732298694184,1437.2120054924549,0.0,,2973591.313829206
2021-03-06 06:00:13.300,1,1.1660780687328702,1419.5119635703995,0.0,,2933343.215227517
2021-03-06 06:00:13.310,1,1.0600918031730853,1453.7806221747112,0.0,,3011324.940860228
2021-03-06 06:00:13.320,1,0.8954011085244318,1449.1939894479929,0.0,,3000869.8054305264
2021-03-06 06:00:13.330,1,1.0165836639354509,1443.2568743520542,0.0,,2987351.265877458
2021-03-06 06:00:13.340,1,0.8911322423941221,1456.3035054565764,0.0,,3017065.4991881303
2021-03-06 06:00:13.350,1,0.9935759429647036,1449.4332028880683,0.0,,3001416.689363181
2021-03-06 06:00:13.360,1,1.0040584584545922,1448.3840763264593,0.0,,2999031.050514422
2021-03-06 06:00:13.370,1,0.8195376771069858,1430.8569295558068,0.0,,2959124.342928765
2021-03-06 06:00:13.380,1,1.0895221980594227,1451.1359001192734,0.0,,3005299.0634176624
2021-03-06 06:00:13.390,1,1.057650040290155,1449.0957413726435,0.0,,3000652.8245517095
2021-03-06 06:00:13.400,1,1.1291800115392872,1443.9207003200818,0.0,,2988872.8956968486
2021-03-06 06:00:13.410,1,0.8892298207003291,1450.4688823210952,0.0,,3003771.471747935
2021-03-06 06:00:13.420,1,0.9222420934834976,1444.486167511984,0.0,,2990150.342911505
2021-03-06 06:00:13.430,1,0.8274602283265531,1450.5812135392068,0.0,,3004026.1824475825
2021-03-06 06:00:13.440,1,0.7777187827184582,1463.6331314907995,0.0,,3033765.7933713268
2021-03-06 06:00:13.450,1,0.939062250826335,1440.5635011100385,0.0,,2981220.609322246
2021-03-06 06:00:13.460,1,0.8243803361138283,1448.2624970798154,0.0,,2998742.112207407
2021-03-06 06:00:13.470,1,0.9609876987256308,1449.761834808615,0.0,,3002169.1565212165
2021-03-06 06:00:13.480,1,0.9428686220710248,1464.160768508449,0.0,,3034982.069632299
2021-03-06 06:00:13.490,1,1.0141348614665329,1453.826987305811,0.0,,3011430.5739351157
2021-03-06 06:00:13.500,1,1.0551058211937614,1451.5607829898056,0.0,,3006272.3347834074
2021-03-06 06:00:13.510,1,0.9113402376110736,1444.1198468652094,0.0,,2989312.929566215
2021-03-06 06:00:13.520,1,0.8537066246905841,1463.3343221921723,0.0,,3033092.1654797047
2021-03-06 06:00:13.530,1,1.135066142235824,1441.0273998895166,0.0,,2982285.149515424
2021-03-06 06:00:13.540,1,1.0143858134336554,1456.6483297122454,0.0,,3017861.143339872
2021-03-06 06:00:13.550,1,0.8562164443005748,1453.5872917524844,0.0,,3010873.009521305
2021-03-06 06:00:13.560,1,1.0704767653619414,1446.768083129089,0.0,,2995352.1544612446
2021-03-06 06:00:13.570,1,0.9270237709484496,1428.0630818168693,0.0,,2952774.7377900104
2021-03-06 06:00:13.580,1,1.0336370068116472,1451.1840916069746,0.0,,3005409.153839094
2021-03-06 06:00:13.590,1,1.0559329461665763,1444.6158319925366,0.0,,2990449.125434738
2021-03-06 06:00:13.600,1,1.0457035365933371,1439.902770709292,0.0,,2979720.0494518303
2021-03-06 06:00:13.610,1,0.8201904348817973,1446.23020766835,0.0,,2994118.173087533
2021-03-06 06:00:13.620,1,0.9046773482515688,1437.1881508889844,0.0,,2973530.874808142
2021-03-06 06:00:13.630,1,1.13175939949121,1430.9967027594046,0.0,,2959460.493221895
2021-03-06 06:00:13.640,1,1.1936733264227168,1449.5796559881726,0.0,,3001761.854265646
2021-03-06 06:00:13.650,1,0.8415414075465043,1435.8595407767316,0.0,,2970507.80916523
2021-03-06 06:00:13.660,1,0.9160355903211408,1450.1381251688226,0.0,,3003015.9564258424
2021-03-06 06:00:13.670,1,0.9054779576840372,1441.2045702936844,0.0,,2982675.0574079426
2021-03-06 06:00:13.680,1,0.9174992811315688,1442.3090826607663,0.0,,2985194.7207925045
2021-03-06 06:00:13.690,1,0.9424600170821568,1442.6283746528036,0.0,,2985920.226647761
2021-03-06 06:00:13.700,1,1.2266285387621985,1449.25621964196,0.0,,3001029.1650520703
2021-03-06 06:00:13.710,1,1.2700253990733217,1431.1756436056553,0.0,,2959873.322331866
2021-03-06 06:00:13.720,1,1.1652543840868146,1445.200320173832,0.0,,2991784.707780936
2021-03-06 06:00:13.730,1,1.0557334759617485,1451.6425877662734,0.0,,3006456.0092226034
2021-03-06 06:00:13.740,1,1.08159809468028,1436.2962591699682,0.0,,2971511.6709873127
2021-03-06 06:00:13.750,1,1.06826898927214,1444.7025202345144,0.0,,2990647.580757874
2021-03-06 06:00:13.760,1,0.9272525823960612,1459.8121030582004,0.0,,3025068.8685384267
2021-03-06 06:00:13.770,1,1.1924410912775976,1437.358516140027,0.0,,2973939.206391049
2021-03-06 06:00:13.780,1,0.9538127719948708,1450.4344843963202,0.0,,3003696.3175367624
2021-03-06 06:00:13.790,1,1.0847913669847769,1430.9576427731877,0.0,,2959364.7404232617
2021-03-06 06:00:13.800,1,1.2516958197226606,1435.9095996501474,0.0,,2970643.189625938
2021-03-06 06:00:13.810,1,1.119303461495845,1428.39319176126,0.0,,2953535.8761668704
2021-03-06 06:00:13.820,1,1.1525490430576029,1438.2154405876452,0.0,,2975884.1652206844
2021-03-06 06:00:13.830,1,1.2322448856258574,1454.5946099983676,0.0,,3013191.452940763
2021-03-06 06:00:13.840,1,1.3899229964993651,1442.3149112294236,0.0,,2985233.1096021845
2021-03-06 06:00:13.850,1,1.1773931579005468,1443.4931427701404,0.0,,2987901.3669820367
2021-03-06 06:00:13.860,1,1.0263905909806652,1452.563548441614,0.0,,3008551.217233794
2021-03-06 06:00:13.870,1,1.4126227173707877,1438.07527799914,0.0,,2975578.9787783064
2021-03-06 06:00:13.880,1,1.4122444187362957,1442.0212982003147,0.0,,2984561.83421822
2021-03-06 06:00:13.890,1,1.329361968584029,1454.5355388660046,0.0,,3013062.809752218
2021-03-06 06:00:13.900,1,1.3901434249458418,1453.4705603432074,0.0,,3010633.823568562
2021-03-06 06:00:13.910,1,1.3580851032083456,1449.2279723402114,0.0,,3000969.5177346044
2021-03-06 06:00:13.920,1,1.0271075248323236,1438.7977004553447,0.0,,2977207.3599073337
2021-03-06 06:00:13.930,1,1.1898635061961682,1447.4384078694557,0.0,,2996883.405565511
2021-03-06 06:00:13.940,1,1.2675017595329754,1457.2764635664114,0.0,,3019302.5034057605
2021-03-06 06:00:13.950,1,1.3714938510292614,1452.2948277081894,0.0,,3007957.862568176
2021-03-06 06:00:13.960,1,1.4210361884633325,1446.276365425016,0.0,,2994253.5282091815
2021-03-06 06:00:13.970,1,1.4476928186874438,1461.699558993316,0.0,,3029396.9730620245
2021-03-06 06:00:13.980,1,1.25932395061132,1453.4729800638702,0.0,,3010638.051283874
2021-03-06 06:00:13.990,1,1.3342645189726103,1459.102479503252,0.0,,3023466.9605771545
2021-03-06 06:00:14.000,1,1.19148195743191,1467.1907514941986,0.0,,3041899.421232156
2021-03-06 06:00:14.010,1,1.603363345400482,1471.8629997784192,0.0,,3052579.521835777
2021-03-06 06:00:14.020,1,1.5394308998763644,1474.240050326857,0.0,,3058002.031754618
2021-03-06 06:00:14.030,1,1.262671589304286,1470.4676057526929,0.0,,3049377.1041007596
2021-03-06 06:00:14.040,1,1.3851363565669197,1460.792837148855,0.0,,3027322.9356581895
2021-03-06 06:00:14.050,1,1.4397535361320286,1469.0767407572437,0.0,,3046217.1941331867
2021-03-06 06:00:14.060,1,1.4534819976305946,1470.6272931306264,0.0,,3049749.0643890733
2021-03-06 06:00:14.070,1,1.2435217206723894,1466.678687895045,0.0,,3040734.570604018
2021-03-06 06:00:14.080,1,1.6473145551748298,1471.6235782803567,0.0,,3052035.080102615
2021-03-06 06:00:14.090,1,1.3958336563453928,1472.585920695011,0.0,,3054221.286448667
2021-03-06 06:00:14.100,1,1.453645448758443,1463.7710155320983,0.0,,3034117.1377368523
2021-03-06 06:00:14.110,1,1.521897940683637,1469.2953154821437,0.0,,3046717.2165830303
2021-03-06 06:00:14.120,1,1.6375985172986864,1467.9479637569427,0.0,,3043649.8484928226
2021-03-06 06:00:14.130,1,1.4132275241621075,1476.189384122233,0.0,,3062443.48866065
2021-03-06 06:00:14.140,1,1.6523154334512762,1469.5563177666666,0.0,,3047319.290385235
2021-03-06 06:00:14.150,1,1.4916453535213845,1469.331596560913,0.0,,3046800.607384374
2021-03-06 06:00:14.160,1,1.3379899791888523,1467.9327039734326,0.0,,3043601.967877991
2021-03-06 06:00:14.170,1,1.165528105371315,1465.969718483975,0.0,,3039115.5437705154
2021-03-06 06:00:14.180,1,1.493858382208895,1471.4409315842363,0.0,,3051614.734021709
2021-03-06 06:00:14.190,1,1.1133032334519932,1461.4209270689803,0.0,,3028746.076462558
2021-03-06 06:00:14.200,1,1.1931672342767423,1464.6882884324789,0.0,,3036196.633750973
2021-03-06 06:00:14.210,1,1.1604513103775045,1459.08097980303,0.0,,3023410.8544831704
2021-03-06 06:00:14.220,1,1.3189926084489498,1465.177032862791,0.0,,3037316.804123465
2021-03-06 06:00:14.230,1,1.5928371112920907,1473.3821419356195,0.0,,3056040.8652594425
2021-03-06 06:00:14.240,1,1.3366981543740644,1469.4025129415088,0.0,,3046955.4847912574
2021-03-06 06:00:14.250,1,1.3354520225241824,1463.390902042603,0.0,,3033240.1167292898
2021-03-06 06:00:14.260,1,1.486341948317568,1461.6727779700882,0.0,,3029335.867553058
2021-03-06 06:00:14.270,1,1.0984083143566463,1449.432278302439,0.0,,3001423.087530906
2021-03-06 06:00:14.280,1,1.1810907507572024,1465.6033368311112,0.0,,3038280.132359362
2021-03-06 06:00:14.290,1,1.1401218489229632,1446.4541750441065,0.0,,2994641.706034224
2021-03-06 06:00:14.300,1,1.3852798375555115,1456.1162257690353,0.0,,3016665.4842425133
2021-03-06 06:00:14.310,1,1.554850857295235,1460.5761646112862,0.0,,3026838.6738735307
2021-03-06 06:00:14.320,1,1.540545331425471,1463.3937953177506,0.0,,3033260.916183527
2021-03-06 06:00:14.330,1,1.3276734940436996,1454.1741963130746,0.0,,3012236.014560919
2021-03-06 06:00:14.340,1,1.486709016130423,1459.8016528485418,0.0,,3025066.727979933
2021-03-06 06:00:14.350,1,1.0705852503543984,1432.031468583007,0.0,,2961806.1108137006
2021-03-06 06:00:14.360,1,1.3457038011339242,1449.2595922156231,0.0,,3001038.76792864
2021-03-06 06:00:14.370,1,1.1952299512961757,1442.8734420627873,0.0,,2986491.8782890425
2021-03-06 06:00:14.380,1,1.3280766289249697,1432.5913611692777,0.0,,2963095.790378406
2021-03-06 06:00:14.390,1,1.0558224176527042,1429.4028332314435,0.0,,2955828.216391089
2021-03-06 06:00:14.400,1,1.1178124438751125,1423.4891586646363,0.0,,2942381.9377577305
2021-03-06 06:00:14.410,1,1.076864281031192,1435.5081290045762,0.0,,2969723.4187483815
2021-03-06 06:00:14.420,1,1.2185111602683938,1437.7239390460666,0.0,,2974771.17248792
2021-03-06 06:00:14.430,1,1.2006338308218154,1430.484308960566,0.0,,2958297.269977481
2021-03-06 06:00:14.440,1,1.283504206613846,1428.4247129243854,0.0,,2953614.8664945154
2021-03-06 06:00:14.450,1,1.1169298920670374,1417.1623630260235,0.0,,2928000.6643838277
2021-03-06 06:00:14.460,1,1.0903650477493003,1407.2135653215323,0.0,,2905395.2937867893
2021-03-06 06:00:14.470,1,1.1962138879101318,1417.7574706279447,0.0,,2929355.7958480953
2021-03-06 06:00:14.480,1,1.3641318430646578,1426.967288538195,0.0,,2950304.8466719636
2021-03-06 06:00:14.490,1,1.4213556912866137,1432.6900757346175,0.0,,2963328.0972695
2021-03-06 06:00:14.500,1,1.165338916289438,1431.8682898880722,0.0,,2961446.4827732127
2021-03-06 06:00:14.510,1,1.318759814737841,1434.997641592632,0.0,,2968571.3125423333
2021-03-06 06:00:14.520,1,1.134895438720742,1417.5458997851624,0.0,,2928873.398430449
2021-03-06 06:00:14.530,1,0.9848819868512604,1424.6257749641968,0.0,,2944962.5073304586
2021-03-06 06:00:14.540,1,1.0601350552193178,1419.5961049122486,0.0,,2933533.411514635
2021-03-06 06:00:14.550,1,1.1769222151967955,1432.5677868490063,0.0,,2963032.98716892
2021-03-06 06:00:14.560,1,1.0184746014617458,1413.2207534411764,0.0,,2919037.351135312
2021-03-06 06:00:14.570,1,1.0454489861179592,1411.9336886779713,0.0,,2916119.25717251
2021-03-06 06:00:14.580,1,1.1502499504471306,1421.2598076286286,0.0,,2937321.654421613
2021-03-06 06:00:14.590,1,0.9822527396927858,1403.7217868119449,0.0,,2897460.6265126085
2021-03-06 06:00:14.600,1,1.017212298243156,1423.9170946837407,0.0,,2943351.2836118015
2021-03-06 06:00:14.610,1,1.1432866886857558,1420.9765442066016,0.0,,2936673.0273119733
2021-03-06 06:00:14.620,1,1.4332532979449728,1411.8496705179489,0.0,,2915950.6738893506
2021-03-06 06:00:14.630,1,1.3596808048163027,1425.1362864004773,0.0,,2946145.932881948
2021-03-06 06:00:14.640,1,1.1899063256115194,1417.3545430368542,0.0,,2928444.239307548
2021-03-06 06:00:14.650,1,1.2431108906316266,1422.5849331306326,0.0,,2940332.7009198284
2021-03-06 06:00:14.660,1,1.2819238013404552,1415.2919046386166,0.0,,2923760.2403365383
2021-03-06 06:00:14.670,1,1.3692107560296978,1422.1559473565128,0.0,,2939366.331175472
2021-03-06 06:00:14.680,1,1.438644626773402,1424.602916023303,0.0,,2944931.6287691672
2021-03-06 06:00:14.690,1,1.0727542047499727,1430.3117229872198,0.0,,2957897.6317779305
2021-03-06 06:00:14.700,1,1.0843621803265813,1422.3542371182473,0.0,,2939800.3148958795
2021-03-06 06:00:14.710,1,1.27767032447468,1440.0567003743508,0.0,,2980083.508691508
2021-03-06 06:00:14.720,1,1.3180458761499612,1433.5111776046435,0.0,,2965188.4573279624
2021-03-06 06:00:14.730,1,1.2733582872143905,1430.3201317364817,0.0,,2957926.455760303
2021-03-06 06:00:14.740,1,1.1159192199273693,1433.8276199188888,0.0,,2965900.205897424
2021-03-06 06:00:14.750,1,1.089823197531098,1430.1701104861145,0.0,,2957576.484489601
2021-03-06 06:00:14.760,1,1.0091483624832622,1433.1507026350296,0.0,,2964353.9522121097
2021-03-06 06:00:14.770,1,1.295213980414888,1427.9686422414416,0.0,,2952575.761276346
2021-03-06 06:00:14.780,1,1.4389472549432694,1429.5807969957225,0.0,,2956253.0887767375
2021-03-06 06:00:14.790,1,1.2706638974209277,1429.7886090092288,0.0,,2956716.626945982
2021-03-06 06:00:14.800,1,1.2539918981836164,1427.6845959403086,0.0,,2951928.8272983497
2021-03-06 06:00:14.810,1,1.449580712562503,1432.4302550613531,0.0,,2962735.9701981745
2021-03-06 06:00:14.820,1,1.1794041868126242,1429.4196471449775,0.0,,2955874.2372481353
2021-03-06 06:00:14.830,1,1.2028444847710658,1434.7107722401886,0.0,,2967914.1024477147
2021-03-06 06:00:14.840,1,1.3172258057181263,1440.24710233569,0.0,,2980518.083355691
2021-03-06 06:00:14.850,1,1.1396331622347038,1430.097273788115,0.0,,2957415.880367482
2021-03-06 06:00:14.860,1,1.4427184294901954,1443.7341425896427,0.0,,2988466.7260307437
2021-03-06 06:00:14.870,1,1.1179229628554992,1448.5550508260908,0.0,,2999426.767569091
2021-03-06 06:00:14.880,1,1.2892835888600225,1432.8844962432956,0.0,,2963759.7200791957
2021-03-06 06:00:14.890,1,1.297697968710002,1435.9281108440343,0.0,,2970687.0841832543
2021-03-06 06:00:14.900,1,1.2768069383335738,1450.4720144494538,0.0,,3003800.996649866
2021-03-06 06:00:14.910,1,1.4359488401496605,1427.090712907808,0.0,,2950588.9058152675
2021-03-06 06:00:14.920,1,1.0722344636000067,1429.2194824358548,0.0,,2955414.345819889
2021-03-06 06:00:14.930,1,1.1759724725244212,1430.7506609076086,0.0,,2958903.1416394394
2021-03-06 06:00:14.940,1,1.1529877059974087,1427.051441150816,0.0,,2950487.9049965255
2021-03-06 06:00:14.950,1,1.5131606316880273,1432.5316349115012,0.0,,2962968.9464775044
2021-03-06 06:00:14.960,1,1.2453167955102844,1430.5923708250723,0.0,,2958542.5711229276
2021-03-06 06:00:14.970,1,1.3241062697281027,1432.0009474886454,0.0,,2961753.2806818252
2021-03-06 06:00:14.980,1,1.1987530066111132,1438.1673870215154,0.0,,2975778.4514407995
2021-03-06 06:00:14.990,1,1.2876474039277874,1431.0562819282566,0.0,,2959603.330841273
2021-03-06 06:00:15.000,1,1.567340878173171,1426.657421573874,0.0,,2949612.7559691044
2021-03-06 06:00:15.010,1,1.5653612304909892,1447.96518420055,0.0,,2998107.067090222
2021-03-06 06:00:15.020,1,1.0427307397197116,1443.0649600645852,0.0,,2986918.0252796877
2021-03-06 06:00:15.030,1,1.511731098929113,1422.2882435585095,0.0,,2939668.7438988737
2021-03-06 06:00:15.040,1,1.1333557354420354,1422.594139243197,0.0,,2940346.4929265818
2021-03-06 06:00:15.050,1,1.3028977564635906,1417.777605353505,0.0,,2929411.207471952
2021-03-06 06:00:15.060,1,1.2160113699550312,1426.1521207142132,0.0,,2948445.2409586743
2021-03-06 06:00:15.070,1,1.3389554822072365,1421.6264184314584,0.0,,2938158.825237588
2021-03-06 06:00:15.080,1,1.0303760329560168,1418.4689265355123,0.0,,2930969.9868555283
2021-03-06 06:00:15.090,1,1.1297093163799647,1423.8023059046989,0.0,,2943094.617247164
2021-03-06 06:00:15.100,1,1.0652262723216792,1429.7924206782943,0.0,,2956720.8591092178
2021-03-06 06:00:15.110,1,1.3027789439838238,1418.441347870119,0.0,,2930916.239431133
2021-03-06 06:00:15.120,1,1.1629014070784365,1421.6513791423995,0.0,,2938208.0530190715
2021-03-06 06:00:15.130,1,1.3065400044806688,1419.8363367847812,0.0,,2934090.385861988
2021-03-06 06:00:15.140,1,1.316595641180753,1410.5678951229456,0.0,,2913028.7898858716
2021-03-06 06:00:15.150,1,1.4403495117174123,1426.4303573751183,0.0,,2949082.9122926155
2021-03-06 06:00:15.160,1,1.2230615559633378,1414.6945472236898,0.0,,2922398.9889250277
2021-03-06 06:00:15.170,1,1.2004462809044447,1425.7777045365756,0.0,,2947592.2773132413
2021-03-06 06:00:15.180,1,1.2816229393258023,1404.7641985269124,0.0,,2899845.1716346187
2021-03-06 06:00:15.190,1,1.043092193895128,1421.5460383938143,0.0,,2937964.3127561137
2021-03-06 06:00:15.200,1,1.213808229304196,1412.827037608537,0.0,,2918157.4830338517
2021-03-06 06:00:15.210,1,1.0145551621599131,1411.585233221761,0.0,,2915323.717636294
2021-03-06 06:00:15.220,1,1.1641998278764862,1419.8246680570346,0.0,,2934053.2558656014
2021-03-06 06:00:15.230,1,1.1656275874517688,1409.3413468900435,0.0,,2910236.690744523
2021-03-06 06:00:15.240,1,1.3403447598980631,1413.3308908847175,0.0,,2919304.023483759
2021-03-06 06:00:15.250,1,1.1222939288651008,1404.1007461482905,0.0,,2898331.497332798
2021-03-06 06:00:15.260,1,1.1890316713528828,1414.7884576439533,0.0,,2922612.7703509876
2021-03-06 06:00:15.270,1,1.2931829427907573,1421.1719834296698,0.0,,2937125.6296760435
2021-03-06 06:00:15.280,1,1.378504332125878,1421.4197974066387,0.0,,2937694.0077607003
2021-03-06 06:00:15.290,1,1.2292779319781373,1421.4748771232694,0.0,,2937811.6926737586
2021-03-06 06:00:15.300,1,0.9904010767223408,1420.1893547950738,0.0,,2934875.491683681
2021-03-06 06:00:15.310,1,0.9531302439235448,1416.9883387879984,0.0,,2927598.8940012753
2021-03-06 06:00:15.320,1,1.2608273304288526,1414.80604030338,0.0,,2922657.300515292
2021-03-06 06:00:15.330,1,1.03521569984896,1426.192783742132,0.0,,2948528.635893156
2021-03-06 06:00:15.340,1,0.8951388638762114,1426.9659550664428,0.0,,2950278.9970831485
2021-03-06 06:00:15.350,1,1.0628293889695657,1419.3261808692364,0.0,,2932918.7555823163
2021-03-06 06:00:15.360,1,1.0369743961363496,1419.9627195882144,0.0,,2934360.2347733057
2021-03-06 06:00:15.370,1,1.1309218106462482,1431.9700690068523,0.0,,2961672.844160355
2021-03-06 06:00:15.380,1,1.1033821617741315,1428.1636358333649,0.0,,2953010.9361961433
2021-03-06 06:00:15.390,1,1.0617052412617454,1423.698893118707,0.0,,2942856.4057993423
2021-03-06 06:00:15.400,1,0.8749910888956933,1425.5482496606137,0.0,,2947050.5842981352
2021-03-06 06:00:15.410,1,0.8997079903076995,1428.9936776356064,0.0,,2954894.6586245755
2021-03-06 06:00:15.420,1,0.8789108007501557,1436.29820891308,0.0,,2971508.5937320143
2021-03-06 06:00:15.430,1,0.984673556857533,1434.28462819863,0.0,,2966931.741931381
2021-03-06 06:00:15.440,1,1.154907787228776,1444.0688903251666,0.0,,2989209.75682374
2021-03-06 06:00:15.450,1,0.9940517355052632,1446.5056084029468,0.0,,2994754.095762953
2021-03-06 06:00:15.460,1,0.9630511608865608,1434.4883227249109,0.0,,2967394.093590666
2021-03-06 06:00:15.470,1,1.013686354712756,1450.8817004275104,0.0,,3004720.9021877805
2021-03-06 06:00:15.480,1,0.9464503532156856,1441.4293366219958,0.0,,2983188.7671601856
2021-03-06 06:00:15.490,1,1.1862363179752315,1443.5217901472065,0.0,,2987967.0984503753
2021-03-06 06:00:15.500,1,0.8098072804937245,1445.6775464569876,0.0,,2992860.884297372
2021-03-06 06:00:15.510,1,1.0076579812942186,1437.0179233593194,0.0,,2973154.6206662683
2021-03-06 06:00:15.520,1,0.9745766846135284,1451.1329980371936,0.0,,3005291.355389859
2021-03-06 06:00:15.530,1,1.0304825625132956,1446.1806461507051,0.0,,2994010.7437836262
2021-03-06 06:00:15.540,1,0.8360831680146754,1459.3104684175537,0.0,,3023915.7115465524
2021-03-06 06:00:15.550,1,0.9748344987687324,1456.188359793499,0.0,,3016809.636811177
2021-03-06 06:00:15.560,1,0.8699102041622412,1459.3889412580047,0.0,,3024096.806833118
2021-03-06 06:00:15.570,1,0.8347527506140746,1445.4029530144787,0.0,,2992232.537600337
2021-03-06 06:00:15.580,1,0.9477676184916378,1454.8700167078607,0.0,,3013805.828608035
2021-03-06 06:00:15.590,1,1.1565390167669751,1460.1889968899882,0.0,,3025934.0767132705
2021-03-06 06:00:15.600,1,1.1796337114012785,1446.253992565168,0.0,,2994190.7541309344
2021-03-06 06:00:15.610,1,1.215885183196023,1461.4929056998956,0.0,,3028911.283248042
2021-03-06 06:00:15.620,1,0.8862663882943244,1458.6380828878546,0.0,,3022388.3633367456
2021-03-06 06:00:15.630,1,0.9488545751102015,1451.7349273328598,0.0,,3006661.189536483
2021-03-06 06:00:15.640,1,0.8510870855996335,1444.4614979802298,0.0,,2990089.383715894
2021-03-06 06:00:15.650,1,0.9993631880966868,1460.824413192484,0.0,,3027378.070937971
2021-03-06 06:00:15.660,1,1.2262716418922153,1451.0305290670176,0.0,,3005066.655501242
2021-03-06 06:00:15.670,1,0.8660636100976131,1468.9379491619104,0.0,,3045870.9106238117
2021-03-06 06:00:15.680,1,1.2006389470770635,1452.4417948147236,0.0,,3008283.817299597
2021-03-06 06:00:15.690,1,1.0996276609212563,1457.3853657827049,0.0,,3019542.7915400253
2021-03-06 06:00:15.700,1,0.96095804497514,1448.0678589574468,0.0,,2998306.9386552973
2021-03-06 06:00:15.710,1,0.9213204892313016,1453.0564486609287,0.0,,3009672.05480304
2021-03-06 06:00:15.720,1,1.045832099127617,1447.4338364471232,0.0,,2996868.3537766156
2021-03-06 06:00:15.730,1,1.0982564216360076,1449.4980589937522,0.0,,3001566.215593113
2021-03-06 06:00:15.740,1,1.0323129043113477,1444.753249061432,0.0,,2990764.9066023184
2021-03-06 06:00:15.750,1,1.2184653366785758,1439.8130917660062,0.0,,2979524.313556596
2021-03-06 06:00:15.760,1,1.002718399555892,1452.711649329327,0.0,,3008885.1988522396
2021-03-06 06:00:15.770,1,1.1469793137383189,1431.747699009761,0.0,,2961165.963110907
2021-03-06 06:00:15.780,1,1.1160756495227726,1444.0487510436526,0.0,,2989165.6271312567
2021-03-06 06:00:15.790,1,1.1727709032748377,1438.282292619287,0.0,,2976038.60096466
2021-03-06 06:00:15.800,1,1.0658530146701328,1430.3762112963218,0.0,,2958042.2328293
2021-03-06 06:00:15.810,1,1.143921785073282,1429.6781332942326,0.0,,2956462.830802481
2021-03-06 06:00:15.820,1,1.1324573750360345,1451.97708412345,0.0,,3007220.370193134
2021-03-06 06:00:15.830,1,1.3274472541578466,1427.8473638184942,0.0,,2952302.681631974
2021-03-06 06:00:15.840,1,1.092161359627148,1429.4000523837203,0.0,,2955823.814455959
2021-03-06 06:00:15.850,1,1.269190115749491,1426.655124986762,0.0,,2949591.810845967
2021-03-06 06:00:15.860,1,1.23668128085715,1437.529962053526,0.0,,2974329.4965020297
2021-03-06 06:00:15.870,1,1.1330201375907514,1434.8563726243467,0.0,,2968240.6190326293
2021-03-06 06:00:15.880,1,1.15874531192687,1426.693067660544,0.0,,2949672.8763085795
2021-03-06 06:00:15.890,1,1.1755082849280578,1426.453792216405,0.0,,2949123.7228378225
2021-03-06 06:00:15.900,1,1.1298182067991156,1421.3699174328644,0.0,,2937565.417363776
2021-03-06 06:00:15.910,1,1.3364704399991214,1426.9467850017404,0.0,,2950256.7627299326
2021-03-06 06:00:15.920,1,1.2348360749831269,1411.659908052822,0.0,,2915500.2925473764
2021-03-06 06:00:15.930,1,1.468590627063725,1418.2515876618256,0.0,,2930491.7368394253
2021-03-06 06:00:15.940,1,1.3662193845341994,1415.927182884745,0.0,,2925207.443359678
2021-03-06 06:00:15.950,1,1.482406722467686,1416.8021246747303,0.0,,2927202.2521679197
2021-03-06 06:00:15.960,1,1.3918709879067663,1418.1988262930884,0.0,,2930370.5708071194
2021-03-06 06:00:15.970,1,1.0320902138854486,1427.5966176772706,0.0,,2951720.8475944665
2021-03-06 06:00:15.980,1,1.0348732809467895,1408.5954284650138,0.0,,2908535.491294818
2021-03-06 06:00:15.990,1,1.4123544168494864,1421.5599036175247,0.0,,2938015.2768126535
2021-03-06 06:00:16.000,1,1.2266806958995802,1417.6652753935364,0.0,,2929149.800107779
2021-03-06 06:00:16.010,1,1.3612789865168349,1416.803482627587,0.0,,2927196.8160767267
2021-03-06 06:00:16.020,1,1.5835123098873487,1426.9926821195163,0.0,,2950375.06554906
2021-03-06 06:00:16.030,1,1.1159872417825292,1405.5267959322234,0.0,,2901571.4080661396
2021-03-06 06:00:16.040,1,1.4482158714950926,1413.0905709986455,0.0,,2918765.0967898
2021-03-06 06:00:16.050,1,1.1464050383321185,1420.8667880790156,0.0,,2936422.2258462273
2021-03-06 06:00:16.060,1,1.2305251173712155,1412.6710788843973,0.0,,2917803.151990008
2021-03-06 06:00:16.070,1,1.1718615844894815,1420.0879397375616,0.0,,2934655.126040515
2021-03-06 06:00:16.080,1,1.5776284772022957,1411.2520376136526,0.0,,2914596.4923870987
2021-03-06 06:00:16.090,1,1.4517259265632911,1426.2900516387772,0.0,,2948770.5524164573
2021-03-06 06:00:16.100,1,1.2563655492929813,1421.042731488055,0.0,,2936830.4347774205
2021-03-06 06:00:16.110,1,1.4318374776348108,1420.1093189023693,0.0,,2934715.5128852143
2021-03-06 06:00:16.120,1,1.2008086227377432,1411.265918248263,0.0,,2914606.937821176
2021-03-06 06:00:16.130,1,1.1110734971834382,1410.5824620600265,0.0,,2913048.2745034522
2021-03-06 06:00:16.140,1,1.5051901020848504,1424.1449090586304,0.0,,2943889.128219873
2021-03-06 06:00:16.150,1,1.449951666490885,1414.7262217082923,0.0,,2922484.926508335
2021-03-06 06:00:16.160,1,1.1763553512523497,1414.4458641533413,0.0,,2921832.325991953
2021-03-06 06:00:16.170,1,1.2557133034746195,1412.9634599935027,0.0,,2918467.3238872914
2021-03-06 06:00:16.180,1,1.5480076930394149,1422.082628242934,0.0,,2939202.8101019585
2021-03-06 06:00:16.190,1,1.0674406380497266,1422.3301280324613,0.0,,2939746.2309238007
2021-03-06 06:00:16.200,1,1.5223108265365874,1423.1529743820886,0.0,,2941635.875392431
2021-03-06 06:00:16.210,1,1.237130611756383,1417.1784976025504,0.0,,2928044.459633565
2021-03-06 06:00:16.220,1,1.3210050611416555,1417.4979901414013,0.0,,2928774.1028783815
2021-03-06 06:00:16.230,1,1.476184771884917,1419.3610057719793,0.0,,2933021.231852101
2021-03-06 06:00:16.240,1,1.0672606034204346,1428.6979556202527,0.0,,2954231.062632479
2021-03-06 06:00:16.250,1,1.1678375118426207,1420.1600745877704,0.0,,2934816.8759694914
2021-03-06 06:00:16.260,1,1.2111007612179052,1425.7536724393212,0.0,,2947538.7149072234
2021-03-06 06:00:16.270,1,1.0886332827442686,1426.8974459039014,0.0,,2950132.5582257137
2021-03-06 06:00:16.280,1,1.1246428728302598,1425.9087073188282,0.0,,2947888.9506476964
2021-03-06 06:00:16.290,1,1.3673392537597502,1433.8364757323448,0.0,,2965928.592676477
2021-03-06 06:00:16.300,1,1.105117737922911,1428.2057384195443,0.0,,2953111.8069105
2021-03-06 06:00:16.310,1,1.1716667277415531,1427.8613962991335,0.0,,2952331.3837366533
2021-03-06 06:00:16.320,1,1.1425166650278211,1426.4225560963614,0.0,,2949055.1749616046
2021-03-06 06:00:16.330,1,1.1814051282790023,1415.4937083215489,0.0,,2924213.218606253
2021-03-06 06:00:16.340,1,1.0110604952559026,1432.3818121355694,0.0,,2962603.169102402
2021-03-06 06:00:16.350,1,1.3092191578468892,1425.7941854408375,0.0,,2947634.4593882104
2021-03-06 06:00:16.360,1,1.3917420721263654,1426.193289480004,0.0,,2948547.610754458
2021-03-06 06:00:16.370,1,1.1002903480008324,1415.6146655357004,0.0,,2924482.6182547156
2021-03-06 06:00:16.380,1,1.0692480540550886,1436.838692979254,0.0,,2972746.5600350085
2021-03-06 06:00:16.390,1,1.126362902081844,1421.193471269673,0.0,,2937166.279829318
2021-03-06 06:00:16.400,1,1.1559073112337293,1419.7194759019628,0.0,,2933810.866530549
2021-03-06 06:00:16.410,1,1.3032789487572227,1415.395301256209,0.0,,2923996.9139949856
2021-03-06 06:00:16.420,1,1.2543877081289403,1424.9042558877552,0.0,,2945607.886709271
2021-03-06 06:00:16.430,1,1.076149077991082,1431.527390046518,0.0,,2960663.1336150756
2021-03-06 06:00:16.440,1,1.2769863425418229,1428.6377352906377,0.0,,2954103.9572097487
2021-03-06 06:00:16.450,1,1.3912272399860417,1413.924201581588,0.0,,2920658.049943098
2021-03-06 06:00:16.460,1,1.2557396694285825,1415.9410976216336,0.0,,2925234.979646546
2021-03-06 06:00:16.470,1,0.930841659210662,1424.0770046737146,0.0,,2943710.3998524174
2021-03-06 06:00:16.480,1,1.1378586050187176,1430.413207052071,0.0,,2958130.066074301
2021-03-06 06:00:16.490,1,1.2710555855934869,1407.4431495777774,0.0,,2905930.955521981
2021-03-06 06:00:16.500,1,1.2509667577057886,1413.2554579209518,0.0,,2919128.897821435
2021-03-06 06:00:16.510,1,1.2050374458708073,1418.570490833231,0.0,,2931203.844156048
2021-03-06 06:00:16.520,1,1.0285753159776556,1390.7693769467794,0.0,,2868071.4267926156
2021-03-06 06:00:16.530,1,1.0062081275915091,1414.918974997796,0.0,,2922894.895934744
2021-03-06 06:00:16.540,1,1.1732596674291238,1398.0373939471865,0.0,,2884571.1074177367
2021-03-06 06:00:16.550,1,1.0628251042424792,1407.9445772300137,0.0,,2907055.4945287085
2021-03-06 06:00:16.560,1,0.98344749735312,1410.3474750920614,0.0,,2912504.3737239027
2021-03-06 06:00:16.570,1,1.2335108714977536,1399.9866306386332,0.0,,2888993.2315955237
2021-03-06 06:00:16.580,1,1.2812919260028313,1396.4270091243884,0.0,,2880918.9050938757
2021-03-06 06:00:16.590,1,1.2019609590350997,1401.9942544911178,0.0,,2893556.947990362
2021-03-06 06:00:16.600,1,1.0819885022984783,1397.4731336319903,0.0,,2883283.762026066
2021-03-06 06:00:16.610,1,1.071785312132849,1400.9214439737489,0.0,,2891109.687032121
2021-03-06 06:00:16.620,1,1.061690214919063,1409.5289062907425,0.0,,2910653.5225211405
2021-03-06 06:00:16.630,1,1.2454880927689522,1405.850705652501,0.0,,2902310.7659806195
2021-03-06 06:00:16.640,1,1.2964984867627114,1390.8622022457275,0.0,,2868293.007821323
2021-03-06 06:00:16.650,1,1.2661214201207631,1402.887820495061,0.0,,2895586.536290513
2021-03-06 06:00:16.660,1,1.1562358493929212,1394.029535306477,0.0,,2875475.036684942
2021-03-06 06:00:16.670,1,1.1929924988476457,1387.6307456217396,0.0,,2860959.2048579245
2021-03-06 06:00:16.680,1,1.3069041396809062,1393.9852384993533,0.0,,2875381.182490953
2021-03-06 06:00:16.690,1,1.019259733086886,1399.052462002041,0.0,,2886867.221491044
2021-03-06 06:00:16.700,1,1.1208811001138324,1387.196545919929,0.0,,2859971.1321171625
2021-03-06 06:00:16.710,1,1.3532308783325495,1403.1741735744656,0.0,,2896239.7643967895
2021-03-06 06:00:16.720,1,1.0008589625350817,1399.743042692838,0.0,,2888434.311451053
2021-03-06 06:00:16.730,1,1.0632462737571695,1403.8968955733358,0.0,,2897864.88692902
2021-03-06 06:00:16.740,1,1.0910028647098076,1393.6686001976475,0.0,,2874652.4396104207
2021-03-06 06:00:16.750,1,1.1403359830114477,1398.3634847591018,0.0,,2885308.4179107915
2021-03-06 06:00:16.760,1,1.3333152990024142,1402.0714639917926,0.0,,2893733.145956184
2021-03-06 06:00:16.770,1,1.326049390632562,1397.9708759652656,0.0,,2884426.506828414
2021-03-06 06:00:16.780,1,1.0478815952691305,1397.6373100259832,0.0,,2883653.180123886
2021-03-06 06:00:16.790,1,1.0292137418439182,1397.0446479772006,0.0,,2882312.8367009736
2021-03-06 06:00:16.800,1,1.15648421542915,1403.6427588253814,0.0,,2897291.4091440635
2021-03-06 06:00:16.810,1,1.2401075928079066,1414.7685594234042,0.0,,2922567.121136967
2021-03-06 06:00:16.820,1,1.3551889525443028,1404.973653933889,0.0,,2900322.6028427104
2021-03-06 06:00:16.830,1,1.2267271058660414,1399.7367356218067,0.0,,2888427.0791678852
2021-03-06 06:00:16.840,1,1.1128984627221747,1411.4012035031108,0.0,,2914911.56178848
2021-03-06 06:00:16.850,1,1.2596538648210551,1427.0166680674663,0.0,,2950416.1205119207
2021-03-06 06:00:16.860,1,1.3507961084512043,1412.9793302022613,0.0,,2918509.2721365876
2021-03-06 06:00:16.870,1,1.118496646112811,1412.630927640848,0.0,,2917704.83944396
2021-03-06 06:00:16.880,1,1.253467617715838,1407.5115386928271,0.0,,2906082.0466299797
2021-03-06 06:00:16.890,1,1.4622589680642126,1425.0179212238104,0.0,,2945878.761043051
2021-03-06 06:00:16.900,1,1.2164502949035003,1419.2576916565183,0.0,,2932772.351101872
2021-03-06 06:00:16.910,1,1.3996724831702472,1437.1973218245996,0.0,,2973583.8199872663
2021-03-06 06:00:16.920,1,1.1065313129920675,1422.8190510380662,0.0,,2940860.433291142
2021-03-06 06:00:16.930,1,1.5441244084592844,1430.2765736860267,0.0,,2957837.975310349
2021-03-06 06:00:16.940,1,1.4493211829052026,1437.9474146416744,0.0,,2975288.9033883982
2021-03-06 06:00:16.950,1,1.283095820807714,1414.6430782816888,0.0,,2922285.8635845413
2021-03-06 06:00:16.960,1,1.0584524034507248,1435.4986665400531,0.0,,2969700.120928262
2021-03-06 06:00:16.970,1,1.4723971858430671,1437.3521885636214,0.0,,2973938.246647985
2021-03-06 06:00:16.980,1,1.2764382676583808,1445.6580617886734,0.0,,2992834.3909423426
2021-03-06 06:00:16.990,1,1.5240572169267317,1430.734714354468,0.0,,2958877.7940193396
2021-03-06 06:00:17.000,1,1.2770272948929244,1430.509722704782,0.0,,2958360.254876367
2021-03-06 06:00:17.010,1,1.3685014587014062,1444.0566051896924,0.0,,2989191.345978913
2021-03-06 06:00:17.020,1,1.2843755101486138,1441.839263178427,0.0,,2984137.8611120568
2021-03-06 06:00:17.030,1,1.0620813897172896,1440.4666940462605,0.0,,2981005.502818528
2021-03-06 06:00:17.040,1,1.2521950682244074,1445.3298046027578,0.0,,2992085.398124612
2021-03-06 06:00:17.050,1,1.229931684587362,1436.29427679812,0.0,,2971520.8387023113
2021-03-06 06:00:17.060,1,1.461823823969609,1438.8032410525266,0.0,,2977238.2554059094
2021-03-06 06:00:17.070,1,1.3334672577854143,1434.3517417447092,0.0,,2967101.954427992
2021-03-06 06:00:17.080,1,1.5205564132473854,1439.2818383685074,0.0,,2978332.2857416207
2021-03-06 06:00:17.090,1,1.286046455663225,1447.5466104515615,0.0,,2997133.5777250533
2021-03-06 06:00:17.100,1,1.4769877073295914,1455.8888817281634,0.0,,3016151.122408933
2021-03-06 06:00:17.110,1,1.458228656030614,1449.3835812709988,0.0,,3001333.0173761146
2021-03-06 06:00:17.120,1,1.2386267780030489,1453.6475756793093,0.0,,3011033.203238765
2021-03-06 06:00:17.130,1,1.3651136557362975,1445.2136746387275,0.0,,2991827.457177553
2021-03-06 06:00:17.140,1,1.3931109985213306,1451.294332646772,0.0,,3005676.8774117343
2021-03-06 06:00:17.150,1,1.1239351251670355,1445.0479477289364,0.0,,2991438.1249727644
2021-03-06 06:00:17.160,1,1.3958776985603454,1436.2303650652234,0.0,,2971377.59895426
2021-03-06 06:00:17.170,1,1.0999740132809563,1444.5519234018325,0.0,,2990307.059359269
2021-03-06 06:00:17.180,1,1.0881740464821363,1441.6485652163503,0.0,,2983696.5428247442
2021-03-06 06:00:17.190,1,1.0172403137126549,1441.665145416224,0.0,,2983732.582385829
2021-03-06 06:00:17.200,1,1.1127049427531035,1444.9841972558715,0.0,,2991291.810206519
2021-03-06 06:00:17.210,1,0.9462421707607416,1448.122020959765,0.0,,2998433.5278439824
2021-03-06 06:00:17.220,1,0.9738002265918762,1445.7910381435895,0.0,,2993121.753918965
2021-03-06 06:00:17.230,1,1.0702747361427676,1443.9981597773044,0.0,,2989047.309952078
2021-03-06 06:00:17.240,1,1.2450375014629698,1442.7397060979574,0.0,,2986188.460034126
2021-03-06 06:00:17.250,1,1.3085947550589436,1448.5250156187046,0.0,,2999368.4229535805
2021-03-06 06:00:17.260,1,1.148934846127352,1439.940326114867,0.0,,2979812.746090799
2021-03-06 06:00:17.270,1,1.0874816107673608,1426.0392743463055,0.0,,2948183.876775816
2021-03-06 06:00:17.280,1,1.0023064354931632,1445.7512661894652,0.0,,2993035.831941374
2021-03-06 06:00:17.290,1,0.8806134424972943,1443.1039119435998,0.0,,2987001.6616080175
2021-03-06 06:00:17.300,1,1.190725861138268,1434.4906550758374,0.0,,2967409.752064652
2021-03-06 06:00:17.310,1,0.8873985206968639,1439.3337436501715,0.0,,2978417.3069078606
2021-03-06 06:00:17.320,1,1.1596611339595198,1444.5473009339769,0.0,,2990301.6281863144
2021-03-06 06:00:17.330,1,0.9638009522466052,1432.5254535066863,0.0,,2962927.246649645
2021-03-06 06:00:17.340,1,1.031831981594452,1459.770435180973,0.0,,3024974.0473987767
2021-03-06 06:00:17.350,1,1.0866865981118463,1430.862020527414,0.0,,2959152.4101708108
2021-03-06 06:00:17.360,1,0.9212915232463926,1433.0301176056598,0.0,,2964071.692111636
2021-03-06 06:00:17.370,1,1.076351967052353,1427.233391456991,0.0,,2950896.4620239907
2021-03-06 06:00:17.380,1,0.9170342175467368,1436.0733758616782,0.0,,2971001.7010280187
2021-03-06 06:00:17.390,1,1.1604624185364305,1434.708779746374,0.0,,2967908.2250917456
2021-03-06 06:00:17.400,1,1.1315449376726454,1430.249083169941,0.0,,2957754.8758500563
2021-03-06 06:00:17.410,1,0.8181727000820919,1430.1411598970694,0.0,,2957497.26281888
2021-03-06 06:00:17.420,1,1.068416285013711,1435.2374229391296,0.0,,2969102.6852623546
2021-03-06 06:00:17.430,1,0.7823407856186343,1428.688214302053,0.0,,2954190.1316608386
2021-03-06 06:00:17.440,1,0.9697557864938354,1420.4657047613848,0.0,,2935502.8856179616
2021-03-06 06:00:17.450,1,1.0574766956529045,1430.827464865282,0.0,,2959074.1227651224
2021-03-06 06:00:17.460,1,1.041678827207383,1431.2679865430296,0.0,,2960068.8361048363
2021-03-06 06:00:17.470,1,0.8353306048892751,1429.6336944508782,0.0,,2956344.4015045236
2021-03-06 06:00:17.480,1,0.8031757106525241,1421.930596030899,0.0,,2938821.6911477563
2021-03-06 06:00:17.490,1,0.7734893369208015,1423.3373187005218,0.0,,2942017.606784659
2021-03-06 06:00:17.500,1,0.9006076373430593,1428.919353783596,0.0,,2954723.9607528374
2021-03-06 06:00:17.510,1,0.7855783193656333,1432.3121043834694,0.0,,2962432.9091030834
2021-03-06 06:00:17.520,1,0.9458647799553718,1442.2408741362506,0.0,,2985041.1535477727
2021-03-06 06:00:17.530,1,0.7908981257094491,1419.7886002954956,0.0,,2933952.2004447104
2021-03-06 06:00:17.540,1,0.7698470959853684,1422.4438122099868,0.0,,2939994.504898048
2021-03-06 06:00:17.550,1,0.8350076275569969,1418.837970226326,0.0,,2931795.360684848
2021-03-06 06:00:17.560,1,0.7192682362447849,1427.961159601853,0.0,,2952534.0758641367
2021-03-06 06:00:17.570,1,0.9437937919003354,1433.044301220929,0.0,,2964105.952425541
2021-03-06 06:00:17.580,1,0.7139332782301221,1424.0720014132469,0.0,,2943690.4065142903
2021-03-06 06:00:17.590,1,0.94864551929198,1440.8608426705648,0.0,,2981899.7091119196
2021-03-06 06:00:17.600,1,0.9481231140701912,1423.5633209425894,0.0,,2942547.9655589387
2021-03-06 06:00:17.610,1,1.0741585850416846,1435.734435192662,0.0,,2970233.825934872
2021-03-06 06:00:17.620,1,0.8989984420939517,1433.5232201536132,0.0,,2965197.3084976883
2021-03-06 06:00:17.630,1,0.8118519962066162,1433.5320561561537,0.0,,2965211.669240931
2021-03-06 06:00:17.640,1,0.9225093804333976,1456.5499848041245,0.0,,3017633.4248110405
2021-03-06 06:00:17.650,1,0.767831893980782,1434.1228969810236,0.0,,2966550.992892877
2021-03-06 06:00:17.660,1,0.7688659813044333,1437.7961381266034,0.0,,2974913.17376279
2021-03-06 06:00:17.670,1,0.9411944729207024,1439.108581243773,0.0,,2977906.31472063
2021-03-06 06:00:17.680,1,1.0620520017537358,1447.7248299230575,0.0,,2997534.943036872
2021-03-06 06:00:17.690,1,0.8878549935035991,1429.1082193356965,0.0,,2955149.7965345643
2021-03-06 06:00:17.700,1,0.7787599550731824,1449.4247070514773,0.0,,3001389.5041626818
2021-03-06 06:00:17.710,1,0.9226340314596384,1444.191190586754,0.0,,2989477.605369744
2021-03-06 06:00:17.720,1,1.0410941542388332,1446.2413074295855,0.0,,2994152.73613737
2021-03-06 06:00:17.730,1,0.8765235408199031,1450.7220411529518,0.0,,3004347.6426484194
2021-03-06 06:00:17.740,1,0.8330327506000129,1457.3837096989332,0.0,,3019523.6450117347
2021-03-06 06:00:17.750,1,0.8743648296556089,1445.894223500353,0.0,,2993354.132440254
2021-03-06 06:00:17.760,1,1.0161940874545736,1445.7037442059927,0.0,,2992928.1303125005
2021-03-06 06:00:17.770,1,0.9750184771500862,1451.9731786111984,0.0,,3007201.8370710537
2021-03-06 06:00:17.780,1,1.150289997770916,1451.4398704845669,0.0,,3005996.051505741
2021-03-06 06:00:17.790,1,0.8217560854282342,1437.9347871979733,0.0,,2975228.984314516
2021-03-06 06:00:17.800,1,1.1089051803033358,1451.1668020470356,0.0,,3005376.728010308
2021-03-06 06:00:17.810,1,0.8879932383861903,1444.3859100414652,0.0,,2989921.7820436284
2021-03-06 06:00:17.820,1,1.2058052173224003,1450.4861685582398,0.0,,3003825.1549552926
2021-03-06 06:00:17.830,1,0.9786319933983296,1437.5600012435243,0.0,,2974384.072073307
2021-03-06 06:00:17.840,1,0.91715336596401,1442.6680519616605,0.0,,2986009.6400796385
2021-03-06 06:00:17.850,1,1.1074833719467965,1440.4692515822005,0.0,,2981010.9666467197
2021-03-06 06:00:17.860,1,0.930090359644928,1441.9411439156604,0.0,,2984355.74571057
2021-03-06 06:00:17.870,1,1.0810146154722429,1449.8800972714014,0.0,,3002439.9913141453
2021-03-06 06:00:17.880,1,1.0597591116431018,1448.9750973056616,0.0,,3000379.2106498335
2021-03-06 06:00:17.890,1,0.9741107572708378,1447.878594246862,0.0,,2997878.630076564
2021-03-06 06:00:17.900,1,1.1051503462525596,1441.9310764667816,0.0,,2984338.0827500117
2021-03-06 06:00:17.910,1,1.1018725237349365,1443.7365400207916,0.0,,2988450.1522145052
2021-03-06 06:00:17.920,1,1.0756180846265888,1441.4875192046952,0.0,,2983332.616528314
2021-03-06 06:00:17.930,1,1.1617906224042724,1445.470795765871,0.0,,2992400.7169593507
2021-03-06 06:00:17.940,1,1.0831406829859584,1433.9834062490052,0.0,,2966251.4306558897
2021-03-06 06:00:17.950,1,1.272811988365238,1439.2618559974662,0.0,,2978274.3711383888
2021-03-06 06:00:17.960,1,1.2028181276962189,1440.4362899484354,0.0,,2980942.60364218
2021-03-06 06:00:17.970,1,1.118332440602304,1433.668775443917,0.0,,2965535.309267219
2021-03-06 06:00:17.980,1,1.1334898245306193,1425.3333739187992,0.0,,2946581.2477004747
2021-03-06 06:00:17.990,1,1.0321370160984449,1431.8152623165977,0.0,,2961313.85329798
2021-03-06 06:00:18.000,1,1.1376479286753234,1432.0708668354391,0.0,,2961905.7373009925
2021-03-06 06:00:18.010,1,1.3219351297786597,1423.6455520338488,0.0,,2942751.0892141243
2021-03-06 06:00:18.020,1,0.9847433761839914,1428.3408780487964,0.0,,2953408.9697374348
2021-03-06 06:00:18.030,1,0.9375052827190178,1416.4104920356583,0.0,,2926285.0017803865
2021-03-06 06:00:18.040,1,1.314188419081045,1424.443492728503,0.0,,2944563.204262233
2021-03-06 06:00:18.050,1,1.3003082080927415,1417.7204225097323,0.0,,2929277.4845267604
2021-03-06 06:00:18.060,1,1.1766801343788975,1417.7660734167498,0.0,,2929376.6546224793
2021-03-06 06:00:18.070,1,1.1385174500215018,1433.9168114311303,0.0,,2966103.1637141164
2021-03-06 06:00:18.080,1,1.1926646552717266,1414.1327100464691,0.0,,2921122.21829114
2021-03-06 06:00:18.090,1,0.9270153372101028,1422.8259866405954,0.0,,2940863.2511054114
2021-03-06 06:00:18.100,1,1.0803106741116193,1426.7126415069242,0.0,,2949713.0964632337
2021-03-06 06:00:18.110,1,1.1867297988769854,1410.4136407350325,0.0,,2912670.6340255146
2021-03-06 06:00:18.120,1,0.9638588123234624,1412.2408971170996,0.0,,2916809.709860758
2021-03-06 06:00:18.130,1,1.1489941177828256,1420.5269356365686,0.0,,2935651.6804254316
2021-03-06 06:00:18.140,1,1.067993209086627,1413.6403446257495,0.0,,2919997.6628886866
2021-03-06 06:00:18.150,1,1.0491251881409762,1407.0086226476435,0.0,,2904930.361700648
2021-03-06 06:00:18.160,1,1.2180696629265144,1416.315633919971,0.0,,2926084.936826296
2021-03-06 06:00:18.170,1,0.9821275612200197,1411.8636235544086,0.0,,2915951.5657672356
2021-03-06 06:00:18.180,1,1.0803228525739246,1404.6463189470428,0.0,,2899569.951601735
2021-03-06 06:00:18.190,1,1.1232653131853347,1404.38481132511,0.0,,2898976.44649812
2021-03-06 06:00:18.200,1,1.1170949248398792,1417.7585851335407,0.0,,2929356.3605014086
2021-03-06 06:00:18.210,1,1.2597598388083364,1414.0793663086026,0.0,,2921001.16819109
2021-03-06 06:00:18.220,1,1.2664117545286182,1406.2939045836408,0.0,,2903318.6374342525
2021-03-06 06:00:18.230,1,1.2009024562031267,1406.362456359335,0.0,,2903471.3607370406
2021-03-06 06:00:18.240,1,1.253366407273124,1411.7360679229212,0.0,,2915678.8863186417
2021-03-06 06:00:18.250,1,1.073542236332282,1408.7293981653577,0.0,,2908839.205357225
2021-03-06 06:00:18.260,1,0.9775488194522752,1414.645205832886,0.0,,2922274.4748981535
2021-03-06 06:00:18.270,1,1.1736489179278091,1415.0404182377183,0.0,,2923181.8012263877
2021-03-06 06:00:18.280,1,1.2063119173184758,1414.1724652166274,0.0,,2921210.508534982
2021-03-06 06:00:18.290,1,1.0213386106302853,1406.2027695652778,0.0,,2903099.320003884
2021-03-06 06:00:18.300,1,1.2162197881591823,1423.0912202296274,0.0,,2941483.4887547214
2021-03-06 06:00:18.310,1,0.9850298079892504,1431.8921683057113,0.0,,2961485.104164879
2021-03-06 06:00:18.320,1,1.061846283453708,1408.9713068764231,0.0,,2909391.472923339
2021-03-06 06:00:18.330,1,0.8377789269650491,1420.1018773273786,0.0,,2934669.9547486803
2021-03-06 06:00:18.340,1,0.8439393003564712,1412.6978640391094,0.0,,2917843.1031416026
2021-03-06 06:00:18.350,1,0.8878780154396699,1433.4928153394058,0.0,,2965125.842837107
2021-03-06 06:00:18.360,1,1.1587630763885497,1429.1136928535086,0.0,,2955175.6311396267
2021-03-06 06:00:18.370,1,1.1019804115105891,1414.853783227441,0.0,,2922749.7092070356
2021-03-06 06:00:18.380,1,0.9577717830554936,1441.6511934855253,0.0,,2983696.1588146095
2021-03-06 06:00:18.390,1,1.200099263013518,1435.9400974488974,0.0,,2970708.469888757
2021-03-06 06:00:18.400,1,1.0449944857132374,1435.3558370793094,0.0,,2969372.69319706
2021-03-06 06:00:18.410,1,1.1996016848198796,1442.9875675385474,0.0,,2986749.978439305
2021-03-06 06:00:18.420,1,0.844518552482159,1427.4165405992972,0.0,,2951297.8786301925
2021-03-06 06:00:18.430,1,0.9367175753395198,1421.1478734047937,0.0,,2937049.6749860784
2021-03-06 06:00:18.440,1,1.1538282890028804,1440.7777696774813,0.0,,2981718.005826159
2021-03-06 06:00:18.450,1,1.161072271241168,1437.803348254725,0.0,,2974947.3680049875
2021-03-06 06:00:18.460,1,1.19775819514551,1447.0747738470734,0.0,,2996058.7270557475
2021-03-06 06:00:18.470,1,1.0368909252575111,1442.8316078882556,0.0,,2986388.0292433756
2021-03-06 06:00:18.480,1,1.1371324997912629,1433.5496410807405,0.0,,2965264.2679765876
2021-03-06 06:00:18.490,1,0.9811639639119066,1456.1242639780007,0.0,,3016663.027185315
2021-03-06 06:00:18.500,1,0.8473792846958871,1452.0103441724575,0.0,,3007286.367512048
2021-03-06 06:00:18.510,1,0.9930148627804872,1441.067725144509,0.0,,2982370.6987008555
2021-03-06 06:00:18.520,1,0.977960392037274,1459.526089997373,0.0,,3024419.165553861
2021-03-06 06:00:18.530,1,0.8490586758513026,1444.3215230059857,0.0,,2989768.8889858355
2021-03-06 06:00:18.540,1,1.153899401597411,1446.593211034958,0.0,,2994956.942017407
2021-03-06 06:00:18.550,1,1.0347230377386167,1442.8970081444854,0.0,,2986537.4556055297
2021-03-06 06:00:18.560,1,0.9923195637064496,1443.3485255735266,0.0,,2987562.079964239
2021-03-06 06:00:18.570,1,1.092795579705417,1440.06868451711,0.0,,2980103.7806674507
2021-03-06 06:00:18.580,1,1.0260036160871926,1455.0173466845831,0.0,,3014141.779777073
2021-03-06 06:00:18.590,1,0.8931832910960802,1448.7759981260642,0.0,,2999915.331448354
2021-03-06 06:00:18.600,1,0.9722387211191786,1448.991784613314,0.0,,3000411.5092439633
2021-03-06 06:00:18.610,1,1.027200414810986,1458.6108091385806,0.0,,3022338.2938884124
2021-03-06 06:00:18.620,1,1.1395041773001031,1460.9617804726215,0.0,,3027701.0868580104
2021-03-06 06:00:18.630,1,0.9863253648459028,1456.4926882432162,0.0,,3017500.162033591
2021-03-06 06:00:18.640,1,0.9903833878333204,1466.2261801645263,0.0,,3039692.8356119255
2021-03-06 06:00:18.650,1,1.0131149515985576,1459.4178248614276,0.0,,3024169.449358628
2021-03-06 06:00:18.660,1,1.088117982325738,1463.3366153603988,0.0,,3033109.3472573925
2021-03-06 06:00:18.670,1,1.2756932526014466,1448.9218723073614,0.0,,3000267.6434418918
2021-03-06 06:00:18.680,1,1.0391389529038149,1450.5557705221695,0.0,,3003979.46508505
2021-03-06 06:00:18.690,1,1.299632838685059,1445.1440917899615,0.0,,2991671.7129324586
2021-03-06 06:00:18.700,1,0.9531604331048404,1440.2998267220944,0.0,,2980619.7469904637
2021-03-06 06:00:18.710,1,1.0848191102636595,1450.3911285545378,0.0,,3003606.130885018
2021-03-06 06:00:18.720,1,1.0265136052768546,1444.1230136883762,0.0,,2989330.4932638914
2021-03-06 06:00:18.730,1,1.0465035727617664,1463.1806771681024,0.0,,3032750.684390391
2021-03-06 06:00:18.740,1,1.1467446363476113,1456.9265244491974,0.0,,3018495.98421183
2021-03-06 06:00:18.750,1,1.0520442703865085,1449.4553212851108,0.0,,3001473.0844984283
2021-03-06 06:00:18.760,1,1.4489376177619342,1444.6388762700512,0.0,,2990527.2996802484
2021-03-06 06:00:18.770,1,1.3186078410376565,1447.4047894803964,0.0,,2996815.2988615455
2021-03-06 06:00:18.780,1,1.0172201481971328,1451.1632648738057,0.0,,3005357.2076733126
2021-03-06 06:00:18.790,1,1.3020750376355057,1452.4524797066986,0.0,,3008315.5760431886
2021-03-06 06:00:18.800,1,1.0709199504086429,1457.2529942000754,0.0,,3019239.021311129
2021-03-06 06:00:18.810,1,1.3263901799113096,1439.9561504429653,0.0,,2979855.9751553265
2021-03-06 06:00:18.820,1,1.0959834823656207,1445.9218722132575,0.0,,2993427.9709508284
2021-03-06 06:00:18.830,1,1.1249730768193578,1457.46496194185,0.0,,3019721.2054140144
2021-03-06 06:00:18.840,1,1.264771541257626,1439.3143985562265,0.0,,2978392.998345237
2021-03-06 06:00:18.850,1,1.0278502565379832,1450.685856040008,0.0,,3004275.3345742943
2021-03-06 06:00:18.860,1,1.4190345960506852,1433.8594461679834,0.0,,2965986.108777776
2021-03-06 06:00:18.870,1,1.4323100544748302,1427.8903946765129,0.0,,2952411.2669555806
2021-03-06 06:00:18.880,1,1.419811356774446,1442.5205957197284,0.0,,2985695.1196317226
2021-03-06 06:00:18.890,1,1.2161890041325072,1441.655607151382,0.0,,2983717.8511431934
2021-03-06 06:00:18.900,1,1.1277215037729929,1444.771376976017,0.0,,2990805.732697804
2021-03-06 06:00:18.910,1,1.308223979142762,1447.8059773811954,0.0,,2997731.400081927
2021-03-06 06:00:18.920,1,1.2429576593367533,1456.2898223538812,0.0,,3017055.0078977724
2021-03-06 06:00:18.930,1,1.1755161754135282,1444.8061043241348,0.0,,2990891.808286524
2021-03-06 06:00:18.940,1,1.5235221081682602,1441.7278711242093,0.0,,2983899.0611194912
2021-03-06 06:00:18.950,1,1.4134635222560268,1447.656828880047,0.0,,2997393.3228562344
2021-03-06 06:00:18.960,1,1.1445568687858712,1437.4987650147302,0.0,,2974255.6567651452
2021-03-06 06:00:18.970,1,1.4567805372224598,1449.730375940267,0.0,,3002120.4945774684
2021-03-06 06:00:18.980,1,1.547633165337371,1445.6777379912064,0.0,,2992894.532292748
2021-03-06 06:00:18.990,1,1.108365733735157,1450.1828012166227,0.0,,3003132.208252953
2021-03-06 06:00:19.000,1,1.2303601832578792,1443.9147287074115,0.0,,2988859.876327423
2021-03-06 06:00:19.010,1,1.5764077660472229,1444.100179565227,0.0,,2989303.00888506
2021-03-06 06:00:19.020,1,1.2115323561265017,1443.6400483237965,0.0,,2988237.308618984
2021-03-06 06:00:19.030,1,1.480681301829312,1454.3931874962198,0.0,,3012742.5873752637
2021-03-06 06:00:19.040,1,1.4743639315770036,1444.5545675121218,0.0,,2990333.764498073
2021-03-06 06:00:19.050,1,1.4461406753868744,1446.7676737287563,0.0,,2995372.275468892
2021-03-06 06:00:19.060,1,1.1789841405609134,1457.0398167663411,0.0,,3018760.3146347776
2021-03-06 06:00:19.070,1,1.3233874444144504,1455.91999885594,0.0,,3016214.667744525
2021-03-06 06:00:19.080,1,1.0987497137953657,1460.4489770872754,0.0,,3026523.353418048
2021-03-06 06:00:19.090,1,1.3688974378425118,1467.0136591009116,0.0,,3041506.9980626614
2021-03-06 06:00:19.100,1,1.3219019758543613,1466.1655849067456,0.0,,3039568.9826322068
2021-03-06 06:00:19.110,1,1.1523502835168116,1455.259227136149,0.0,,3014700.231393749
2021-03-06 06:00:19.120,1,1.4194507453588177,1456.3927119122309,0.0,,3017298.2391342456
2021-03-06 06:00:19.130,1,1.2698904631480443,1454.144795813992,0.0,,3012168.17040103
2021-03-06 06:00:19.140,1,1.173467785538008,1467.1460101726827,0.0,,3041798.5849327403
2021-03-06 06:00:19.150,1,1.4924317146522748,1459.278400566087,0.0,,3023873.545702504
2021-03-06 06:00:19.160,1,1.190515663657154,1460.2096597391758,0.0,,3025986.165570536
2021-03-06 06:00:19.170,1,1.054891634937436,1462.1749408889566,0.0,,3030459.1693402044
2021-03-06 06:00:19.180,1,1.034606166851208,1476.2302141231812,0.0,,3062517.432019586
2021-03-06 06:00:19.190,1,1.3093867867636635,1463.2744998176242,0.0,,3032975.9607667704
2021-03-06 06:00:19.200,1,1.0546171408895773,1475.4108685563504,0.0,,3060647.021855057
2021-03-06 06:00:19.210,1,1.3877768308130152,1481.4772062273855,0.0,,3074506.7065541614
2021-03-06 06:00:19.220,1,1.4018174795387182,1470.713994034377,0.0,,3049948.792436866
2021-03-06 06:00:19.230,1,1.4341548124091823,1472.2878856496052,0.0,,3053541.4487173287
2021-03-06 06:00:19.240,1,1.3896190012989993,1469.9199270635895,0.0,,3048139.159979923
2021-03-06 06:00:19.250,1,0.9815782919905146,1472.6869501317312,0.0,,3054429.038642768
2021-03-06 06:00:19.260,1,1.320634426761394,1473.1174701190107,0.0,,3055427.9265228724
2021-03-06 06:00:19.270,1,1.016604898032777,1470.2850235052083,0.0,,3048949.393586522
2021-03-06 06:00:19.280,1,1.2909536370682078,1482.7716233617211,0.0,,3077454.453693142
2021-03-06 06:00:19.290,1,1.1941879763316556,1469.5940484380758,0.0,,3047382.7187141394
2021-03-06 06:00:19.300,1,1.3269323045916823,1467.9696035447464,0.0,,3043684.284046196
2021-03-06 06:00:19.310,1,1.3157544439277378,1475.2345378107266,0.0,,3060256.6215125294
2021-03-06 06:00:19.320,1,1.0471167728325566,1483.23602190026,0.0,,3078506.1444257214
2021-03-06 06:00:19.330,1,1.3299576945473688,1473.2695589813654,0.0,,3055776.5501468577
2021-03-06 06:00:19.340,1,1.3139015928946949,1472.1656055831604,0.0,,3053255.0280775907
2021-03-06 06:00:19.350,1,0.9752740396906504,1459.5178293641986,0.0,,3024396.15877694
2021-03-06 06:00:19.360,1,0.9966382538634012,1466.1632696522263,0.0,,3039547.46259524
2021-03-06 06:00:19.370,1,1.00027531667585,1474.6818041958525,0.0,,3058981.5571269044
2021-03-06 06:00:19.380,1,0.9052484853850604,1452.9794736127728,0.0,,3009490.833705379
2021-03-06 06:00:19.390,1,0.9690586925321564,1474.014278213343,0.0,,3057456.7512947135
2021-03-06 06:00:19.400,1,1.0553715028012502,1466.8397766155829,0.0,,3041094.936791594
2021-03-06 06:00:19.410,1,1.210571754985498,1465.076907310682,0.0,,3037080.991543493
2021-03-06 06:00:19.420,1,0.8917289334968076,1455.7013276697214,0.0,,3015694.624651674
2021-03-06 06:00:19.430,1,1.1939385502569335,1462.497991324782,0.0,,3031201.6248559537
2021-03-06 06:00:19.440,1,0.8603103619484274,1458.590152932053,0.0,,3022274.2046071864
2021-03-06 06:00:19.450,1,1.2407974177789327,1461.7568112706886,0.0,,3029513.6749984687
2021-03-06 06:00:19.460,1,1.131558527358439,1447.9515984257337,0.0,,2998055.175023282
2021-03-06 06:00:19.470,1,1.0220966828308051,1441.046966630082,0.0,,2982321.011617911
2021-03-06 06:00:19.480,1,1.2601339629519068,1455.109068861584,0.0,,3014363.403219502
2021-03-06 06:00:19.490,1,1.0929990933303948,1451.1270854297863,0.0,,3005280.73910483
2021-03-06 06:00:19.500,1,1.1552503457838403,1448.7194786631924,0.0,,2999801.6367378626
2021-03-06 06:00:19.510,1,1.2390024480654338,1444.7842529473196,0.0,,2990844.330960187
2021-03-06 06:00:19.520,1,0.8963650516457793,1444.888031590834,0.0,,2991062.3078632313
2021-03-06 06:00:19.530,1,1.0751970496156522,1445.5204971486248,0.0,,2992509.7921708566
2021-03-06 06:00:19.540,1,0.9585700838428348,1435.6371414009616,0.0,,2970006.476164293
2021-03-06 06:00:19.550,1,1.1778079862586257,1438.0644573405257,0.0,,2975544.1917963773
2021-03-06 06:00:19.560,1,1.121983514479494,1449.7938589783148,0.0,,3002250.370151114
2021-03-06 06:00:19.570,1,1.1395095893450922,1437.8737359359118,0.0,,2975109.5800108765
2021-03-06 06:00:19.580,1,1.1384851521955073,1444.046071095765,0.0,,2989159.090176977
2021-03-06 06:00:19.590,1,0.844804177810284,1427.35758210595,0.0,,2951166.609221578
2021-03-06 06:00:19.600,1,0.8475663327460135,1444.5571760642658,0.0,,2990304.9008854013
2021-03-06 06:00:19.610,1,1.2742189073933692,1437.7241059224496,0.0,,2974775.3751422055
2021-03-06 06:00:19.620,1,0.9699856113739136,1430.337465810964,0.0,,2957951.0244932733
2021-03-06 06:00:19.630,1,1.0375202988364185,1427.2626716485015,0.0,,2950961.795884225
2021-03-06 06:00:19.640,1,1.1510307378086932,1435.184033551554,0.0,,2968983.5910915458
2021-03-06 06:00:19.650,1,1.0141462866843254,1441.2244321057967,0.0,,2982729.3140405845
2021-03-06 06:00:19.660,1,1.2136607664808774,1430.2474669923936,0.0,,2957761.7743682065
2021-03-06 06:00:19.670,1,1.0823101382324558,1433.4935436479086,0.0,,2965135.6968825012
2021-03-06 06:00:19.680,1,1.101402870355175,1424.6404638125766,0.0,,2945002.49601129
2021-03-06 06:00:19.690,1,1.2156206499873337,1427.1410116978177,0.0,,2950689.7991835945
2021-03-06 06:00:19.700,1,0.9290640198077068,1425.9246258369594,0.0,,2947913.5453157914
2021-03-06 06:00:19.710,1,0.9822993200780252,1429.5769376125954,0.0,,2956221.8768950026
2021-03-06 06:00:19.720,1,1.1193442397657196,1416.8834592191308,0.0,,2927371.381978513
2021-03-06 06:00:19.730,1,0.9992325326690298,1424.3953176795526,0.0,,2944438.7638155846
2021-03-06 06:00:19.740,1,1.0676481453204705,1432.6403507636774,0.0,,2963195.690793931
2021-03-06 06:00:19.750,1,1.2678872700083623,1420.100905007991,0.0,,2934687.8482535207
2021-03-06 06:00:19.760,1,1.0257768501781228,1431.512403766934,0.0,,2960628.740644561
2021-03-06 06:00:19.770,1,1.226382956453829,1425.7388896035493,0.0,,2947506.3952451325
2021-03-06 06:00:19.780,1,1.1044858879098625,1432.2395651908855,0.0,,2962283.499828951
2021-03-06 06:00:19.790,1,1.2551484744738808,1427.3688580958717,0.0,,2951212.44506804
2021-03-06 06:00:19.800,1,0.9954045057604084,1419.7143785031672,0.0,,2933799.170303587
2021-03-06 06:00:19.810,1,0.9702599476340036,1427.5339404108547,0.0,,2951574.023883294
2021-03-06 06:00:19.820,1,1.2714615999900538,1423.0075043024012,0.0,,2941297.8436288186
2021-03-06 06:00:19.830,1,0.9470488844002748,1433.6995703373066,0.0,,2965598.3355100947
2021-03-06 06:00:19.840,1,1.1541924943333386,1434.1859531198074,0.0,,2966719.336793227
2021-03-06 06:00:19.850,1,1.2766837725424824,1435.117140710183,0.0,,2968841.6616683286
2021-03-06 06:00:19.860,1,1.3366946566987512,1443.2998741005365,0.0,,2987467.62038539
2021-03-06 06:00:19.870,1,1.3400389536336548,1433.0230709469336,0.0,,2964079.581124651
2021-03-06 06:00:19.880,1,0.987379984941974,1448.125439734634,0.0,,2998437.3885411187
2021-03-06 06:00:19.890,1,0.998936320807414,1436.8972904899667,0.0,,2972881.6333234175
2021-03-06 06:00:19.900,1,1.2806617593033536,1442.8724075399732,0.0,,2986490.7239969056
2021-03-06 06:00:19.910,1,1.1290935875993162,1441.1521893528934,0.0,,2982568.8383112997
2021-03-06 06:00:19.920,1,1.0316940611856773,1463.4705558963626,0.0,,3033412.5298104766
2021-03-06 06:00:19.930,1,1.1158350182114791,1448.2764569662368,0.0,,2998792.778319164
2021-03-06 06:00:19.940,1,1.0135356565481433,1444.3169737995893,0.0,,2989766.5110612623
2021-03-06 06:00:19.950,1,1.1790313403992274,1443.2261610529083,0.0,,2987294.7802412813
2021-03-06 06:00:19.960,1,1.2080754851438558,1441.3613567873922,0.0,,2983049.5750518464
2021-03-06 06:00:19.970,1,1.3513330647145023,1446.5704764086245,0.0,,2994917.6502012084
2021-03-06 06:00:19.980,1,1.378912515150336,1436.9566035813482,0.0,,2973035.9895678614
2021-03-06 06:00:19.990,1,1.2347755693254128,1458.9587437084845,0.0,,3023136.8648341955
2021-03-06 06:00:20.000,1,1.2961274623862609,1435.5053972851383,0.0,,2969724.364474699
2021-03-06 06:00:20.010,1,1.0967622944044844,1446.8337798536072,0.0,,2995508.249528468
2021-03-06 06:00:20.020,1,1.0519285143338577,1439.5805481534726,0.0,,2978989.619737653
2021-03-06 06:00:20.030,1,1.259295870928733,1461.9126122925622,0.0,,3029867.0621889457
2021-03-06 06:00:20.040,1,1.348099449119632,1451.353270189139,0.0,,3005808.897721675
2021-03-06 06:00:20.050,1,1.1282397790986771,1449.1698655333014,0.0,,3000827.477793206
2021-03-06 06:00:20.060,1,1.161235638812775,1451.0068413300403,0.0,,3005011.808184123
2021-03-06 06:00:20.070,1,1.0005926737957418,1449.3116620712708,0.0,,3001140.5277555436
2021-03-06 06:00:20.080,1,1.3646747663185677,1448.4882603441815,0.0,,2999287.3258667574
2021-03-06 06:00:20.090,1,1.3677928894001634,1452.4881658123638,0.0,,3008399.323545171
2021-03-06 06:00:20.100,1,1.20384592644556,1456.0404967208829,0.0,,3016483.4942244287
2021-03-06 06:00:20.110,1,0.9569398600262378,1450.247461890316,0.0,,3003271.9483353444
2021-03-06 06:00:20.120,1,1.1555435853003235,1435.7006469376404,0.0,,2970161.9278660747
2021-03-06 06:00:20.130,1,1.1203372110081085,1447.6596907691946,0.0,,2997386.6992515298
2021-03-06 06:00:20.140,1,1.0684277468803114,1442.0057783467091,0.0,,2984505.9028186053
2021-03-06 06:00:20.150,1,1.3796729840680235,1448.9614163577887,0.0,,3000362.4957923284
2021-03-06 06:00:20.160,1,1.099930033320507,1446.7536956980316,0.0,,2995321.6100585014
2021-03-06 06:00:20.170,1,1.2143090849419207,1441.6733892378704,0.0,,2983760.180476985
2021-03-06 06:00:20.180,1,1.1288269862391578,1448.6455560683594,0.0,,2999633.414134308
2021-03-06 06:00:20.190,1,1.0137292423132416,1450.6122288463987,0.0,,3004106.2749766693
2021-03-06 06:00:20.200,1,0.957257499393542,1450.4436600647691,0.0,,3003719.26226577
2021-03-06 06:00:20.210,1,1.0274474270629057,1428.8622185907502,0.0,,2954599.066872397
2021-03-06 06:00:20.220,1,0.9955077398772522,1434.0977569043405,0.0,,2966508.0698137525
2021-03-06 06:00:20.230,1,0.9397344421916882,1444.5178262882864,0.0,,2990224.228424589
2021-03-06 06:00:20.240,1,1.0987384878476998,1434.5500602104926,0.0,,2967537.274050365
2021-03-06 06:00:20.250,1,0.9300225285502796,1429.1157076403988,0.0,,2955169.3597621974
2021-03-06 06:00:20.260,1,1.0047915515605288,1435.6460511523237,0.0,,2970029.7385499026
2021-03-06 06:00:20.270,1,1.2859925583992788,1438.1890610903704,0.0,,2975830.101994185
2021-03-06 06:00:20.280,1,1.1271463986191457,1437.7361276664224,0.0,,2974793.58265386
2021-03-06 06:00:20.290,1,1.0683787951443269,1436.8367164091767,0.0,,2972740.6201832783
2021-03-06 06:00:20.300,1,0.9662175591005212,1429.622268701978,0.0,,2956318.9303055257
2021-03-06 06:00:20.310,1,0.9626508943357832,1432.3062454528183,0.0,,2962429.8880282356
2021-03-06 06:00:20.320,1,0.9803683690538229,1440.104641610622,0.0,,2980175.6661017
2021-03-06 06:00:20.330,1,1.0675224980213671,1439.3929114130533,0.0,,2978561.133051014
2021-03-06 06:00:20.340,1,1.1981155344017085,1438.5832373968524,0.0,,2976719.4913101792
2021-03-06 06:00:20.350,1,1.2752463652511363,1444.289119813852,0.0,,2989718.0690613515
2021-03-06 06:00:20.360,1,1.0469187976506238,1429.8823690783456,0.0,,2956923.445617006
2021-03-06 06:00:20.370,1,0.9855113425244736,1425.1701614398612,0.0,,2946196.0614150306
2021-03-06 06:00:20.380,1,1.0987223723251958,1423.1015483699862,0.0,,2941499.5280441064
2021-03-06 06:00:20.390,1,1.105670152085753,1435.4915437826437,0.0,,2969681.037632874
2021-03-06 06:00:20.400,1,1.0157429718065074,1434.11429043662,0.0,,2966542.0526281823
2021-03-06 06:00:20.410,1,0.8961256508398936,1432.194695275068,0.0,,2962173.2821916733
2021-03-06 06:00:20.420,1,1.308364048337488,1422.9798208202378,0.0,,2941235.8329799213
2021-03-06 06:00:20.430,1,0.8734145823831638,1448.857318798203,0.0,,3000099.671219462
2021-03-06 06:00:20.440,1,0.9476151622939608,1443.743640282442,0.0,,2988461.8228629287
2021-03-06 06:00:20.450,1,1.1180653299280676,1438.1294285119131,0.0,,2975688.630041315
2021-03-06 06:00:20.460,1,1.0155474358090144,1437.5127788198388,0.0,,2974284.456518489
2021-03-06 06:00:20.470,1,1.3029694890762766,1443.3769223242136,0.0,,2987640.532711135
2021-03-06 06:00:20.480,1,0.9384264640868896,1436.8569331922336,0.0,,2972785.190964978
2021-03-06 06:00:20.490,1,1.0666859360667542,1437.6217692702787,0.0,,2974531.3568733614
2021-03-06 06:00:20.500,1,1.093718326785303,1446.0706894302414,0.0,,2993764.3495454425
2021-03-06 06:00:20.510,1,0.9764754324816446,1442.0866623716165,0.0,,2984690.9448321126
2021-03-06 06:00:20.520,1,0.9461751907595124,1449.885765278735,0.0,,3002445.3252007724
2021-03-06 06:00:20.530,1,1.2815217670189618,1438.098705656804,0.0,,2975628.539167745
2021-03-06 06:00:20.540,1,1.041792010397466,1441.3995852454846,0.0,,2983127.966037295
2021-03-06 06:00:20.550,1,1.1249382263792709,1441.46245571251,0.0,,2983275.6327953055
2021-03-06 06:00:20.560,1,1.1687998818398335,1435.6633900668844,0.0,,2970078.648861529
2021-03-06 06:00:20.570,1,1.255080902968578,1461.5729059129944,0.0,,3029090.334768059
2021-03-06 06:00:20.580,1,1.2314465543097186,1450.170395077893,0.0,,3003110.6943792077
2021-03-06 06:00:20.590,1,1.2506574771081438,1443.5354175511504,0.0,,2987999.6910968414
2021-03-06 06:00:20.600,1,1.0945029726302191,1454.9754912029416,0.0,,3014051.5467167343
2021-03-06 06:00:20.610,1,0.9915925675626058,1449.0763979308065,0.0,,3000609.260693398
2021-03-06 06:00:20.620,1,1.2684254028072188,1455.0334917216085,0.0,,3014193.973161287
2021-03-06 06:00:20.630,1,1.2150261859746962,1458.9440535780584,0.0,,3023099.75638428
2021-03-06 06:00:20.640,1,1.2979893299181575,1459.7716165806876,0.0,,3024991.314809649
2021-03-06 06:00:20.650,1,1.386626153409764,1467.7332858446937,0.0,,3043148.3139300495
2021-03-06 06:00:20.660,1,1.4278954209598678,1458.817832891094,0.0,,3022821.174322449
2021-03-06 06:00:20.670,1,1.240794231753822,1471.8047470444706,0.0,,3052427.838804134
2021-03-06 06:00:20.680,1,1.311735400608628,1453.6297218036011,0.0,,3010999.4987381063
2021-03-06 06:00:20.690,1,1.378801027224876,1458.8445326867718,0.0,,3022885.1511023236
2021-03-06 06:00:20.700,1,1.3171016956298078,1468.58277937946,0.0,,3045081.331393249
2021-03-06 06:00:20.710,1,1.460338028889423,1462.729998643062,0.0,,3031743.70881586
2021-03-06 06:00:20.720,1,1.249886988067909,1463.4066307051985,0.0,,3033272.9931269675
2021-03-06 06:00:20.730,1,1.3691303553404242,1462.0122160169817,0.0,,3030106.154698502
2021-03-06 06:00:20.740,1,1.2254142190717148,1475.029543364028,0.0,,3059785.599434602
2021-03-06 06:00:20.750,1,1.5742812485562063,1464.9051179166763,0.0,,3036710.2818639292
2021-03-06 06:00:20.760,1,1.2048846128034871,1471.1050742385926,0.0,,3050829.1986248074
2021-03-06 06:00:20.770,1,1.3034037128793623,1456.8447816790783,0.0,,3018324.1227863454
2021-03-06 06:00:20.780,1,1.3101781307611815,1469.6869763122656,0.0,,3047601.6439350406
2021-03-06 06:00:20.790,1,1.349129207818693,1464.18409849288,0.0,,3035055.4062544955
2021-03-06 06:00:20.800,1,1.6201967342449894,1461.7805150942536,0.0,,3029587.4435748095
2021-03-06 06:00:20.810,1,1.4070717849972831,1453.6509614177228,0.0,,3011047.8586891615
2021-03-06 06:00:20.820,1,1.4758747575845574,1474.8091482859866,0.0,,3059295.562405719
2021-03-06 06:00:20.830,1,1.7265277602526667,1466.0957321093476,0.0,,3039430.8728023157
2021-03-06 06:00:20.840,1,1.7169247076319631,1456.7758719650146,0.0,,3018184.6220403905
2021-03-06 06:00:20.850,1,1.2393714141070349,1467.513716097014,0.0,,3042641.620234731
2021-03-06 06:00:20.860,1,1.2457959300030583,1458.4943539624496,0.0,,3022080.322682367
2021-03-06 06:00:20.870,1,1.6362669747360716,1465.62009299521,0.0,,3038340.633706192
2021-03-06 06:00:20.880,1,1.1877015613409492,1450.6214190098883,0.0,,3004132.483036698
2021-03-06 06:00:20.890,1,1.6560765652361202,1460.3613628942203,0.0,,3026354.1024331264
2021-03-06 06:00:20.900,1,1.3589204136373367,1451.6842887232986,0.0,,3006568.2818854423
2021-03-06 06:00:20.910,1,1.406926600417574,1450.1921063032694,0.0,,3003168.1030487474
2021-03-06 06:00:20.920,1,1.5338038708751054,1449.3158357168231,0.0,,3001178.9699109537
2021-03-06 06:00:20.930,1,1.6309674928918885,1458.0874675310386,0.0,,3021173.4155816203
2021-03-06 06:00:20.940,1,1.5289837616042403,1455.1507216707405,0.0,,3014473.708034286
2021-03-06 06:00:20.950,1,1.5363347870187467,1440.3735700408356,0.0,,2980818.657556861
2021-03-06 06:00:20.960,1,1.2907357158450667,1436.0857580914194,0.0,,2971045.155618683
2021-03-06 06:00:20.970,1,1.4860276964971766,1437.5299105595084,0.0,,2974343.285497362
2021-03-06 06:00:20.980,1,1.4460483804518616,1437.0059522186466,0.0,,2973146.886355084
2021-03-06 06:00:20.990,1,1.5887497151162369,1436.3744188620444,0.0,,2971715.7671976755
2021-03-06 06:00:21.000,1,1.2519200756263602,1438.2519844758683,0.0,,2975972.0223178314
2021-03-06 06:00:21.010,1,1.2825537819079782,1437.5087476310737,0.0,,2974283.940831492
2021-03-06 06:00:21.020,1,1.253019332846331,1430.451254131147,0.0,,2958222.092129689
2021-03-06 06:00:21.030,1,1.8021212387836008,1432.679621285882,0.0,,2963318.1051802766
2021-03-06 06:00:21.040,1,1.4468516889329937,1433.208833839964,0.0,,2964507.911970651
2021-03-06 06:00:21.050,1,1.5511224558093786,1430.4970217456198,0.0,,2958346.7973992587
2021-03-06 06:00:21.060,1,1.5652232610497958,1432.8866542808532,0.0,,2963781.590235513
2021-03-06 06:00:21.070,1,1.7149489327490763,1430.406099137622,0.0,,2958146.755903668
2021-03-06 06:00:21.080,1,1.4286735739185434,1432.3437489846983,0.0,,2962539.212018312
2021-03-06 06:00:21.090,1,1.454233311464708,1422.0209696834384,0.0,,2939062.2397079966
2021-03-06 06:00:21.100,1,1.5283317046756164,1417.8366957394308,0.0,,2929554.2178757843
2021-03-06 06:00:21.110,1,1.6929869311670782,1422.4934239921035,0.0,,2940148.190303684
2021-03-06 06:00:21.120,1,1.7894252050365511,1419.5456858184073,0.0,,2933454.0259432625
2021-03-06 06:00:21.130,1,1.237964150404781,1411.4846683269711,0.0,,2915111.6261574547
2021-03-06 06:00:21.140,1,1.2101091677546796,1410.7086948494557,0.0,,2913343.7437345507
2021-03-06 06:00:21.150,1,1.7178258731381884,1433.470358360334,0.0,,2965113.4220931344
2021-03-06 06:00:21.160,1,1.512483713576522,1409.461766997199,0.0,,2910526.6247077184
2021-03-06 06:00:21.170,1,1.5318313480508416,1411.344844844532,0.0,,2914805.453637171
2021-03-06 06:00:21.180,1,1.7465312685274703,1409.055213896152,0.0,,2909610.1314468444
2021-03-06 06:00:21.190,1,1.4175955206733946,1416.065846115249,0.0,,2925523.086557226
2021-03-06 06:00:21.200,1,1.268843074115504,1429.6920312164125,0.0,,2956499.661281097
2021-03-06 06:00:21.210,1,1.5243791775971682,1418.6235797412094,0.0,,2931342.143915718
2021-03-06 06:00:21.220,1,1.2968644920611845,1421.3014783651588,0.0,,2937420.6620462304
2021-03-06 06:00:21.230,1,1.5766711469224068,1426.8616606862086,0.0,,2950076.6300996393
2021-03-06 06:00:21.240,1,1.2743855364386818,1411.1283252663611,0.0,,2914301.2724611843
2021-03-06 06:00:21.250,1,1.4529426810280168,1420.2805951371345,0.0,,2935104.0415138053
2021-03-06 06:00:21.260,1,1.2694775661328446,1425.4179492776657,0.0,,2946777.364976987
2021-03-06 06:00:21.270,1,1.2218288005578577,1412.7966100156734,0.0,,2918086.61869758
2021-03-06 06:00:21.280,1,1.57790421846244,1425.8062999104986,0.0,,2947675.365629185
2021-03-06 06:00:21.290,1,1.2358155826624195,1415.4298689767445,0.0,,2924071.0880362713
2021-03-06 06:00:21.300,1,1.3887313799909164,1416.1502059173956,0.0,,2925714.4633153817
2021-03-06 06:00:21.310,1,1.5941538548985852,1417.921173251228,0.0,,2929751.5075362893
2021-03-06 06:00:21.320,1,1.2003560389673265,1426.7824553469886,0.0,,2949878.069222862
2021-03-06 06:00:21.330,1,1.2780467653497485,1432.1558702456189,0.0,,2962105.2556261495
2021-03-06 06:00:21.340,1,1.0905797376041115,1407.8872245941018,0.0,,2906929.062694981
2021-03-06 06:00:21.350,1,1.4544108939368126,1421.6343363201902,0.0,,2938183.9180069077
2021-03-06 06:00:21.360,1,1.3955828733926208,1428.119063284054,0.0,,2952924.9194307434
2021-03-06 06:00:21.370,1,1.4883372566267448,1405.4358507572877,0.0,,2901382.7148719956
2021-03-06 06:00:21.380,1,1.5296643608263425,1419.6376752898252,0.0,,2933650.8414379633
2021-03-06 06:00:21.390,1,1.4402413655460604,1423.1917304189003,0.0,,2941723.9482757878
2021-03-06 06:00:21.400,1,1.4950343987993275,1419.5291719063212,0.0,,2933403.0626300965
2021-03-06 06:00:21.410,1,1.3348413247273094,1427.880156124848,0.0,,2952380.8885781127
2021-03-06 06:00:21.420,1,1.4303539991151322,1426.296480946591,0.0,,2948785.4172083195
2021-03-06 06:00:21.430,1,1.4897473341311724,1417.2043009980164,0.0,,2928116.194703866
2021-03-06 06:00:21.440,1,1.2288859841542528,1422.9692218879277,0.0,,2941209.4465120607
2021-03-06 06:00:21.450,1,1.5822010202269576,1431.4378005142976,0.0,,2960483.734229375
2021-03-06 06:00:21.460,1,1.4504972433646084,1430.374562607261,0.0,,2958060.089658322
2021-03-06 06:00:21.470,1,1.378480063769454,1434.0967898399258,0.0,,2966523.8162712264
2021-03-06 06:00:21.480,1,1.0584484366343254,1416.4731674431562,0.0,,2926435.1891898583
2021-03-06 06:00:21.490,1,1.082172554066875,1425.5218260158822,0.0,,2947003.223262034
2021-03-06 06:00:21.500,1,1.254012681605777,1411.2137732750705,0.0,,2914489.5195758664
2021-03-06 06:00:21.510,1,1.0569371525538571,1431.0503654806737,0.0,,2959577.5036423863
2021-03-06 06:00:21.520,1,1.0962924716853193,1417.281336677268,0.0,,2928269.833889257
2021-03-06 06:00:21.530,1,1.2557434858539716,1423.2421832853,0.0,,2941829.791945631
2021-03-06 06:00:21.540,1,1.196704522585477,1420.0095151039136,0.0,,2934478.2199581326
2021-03-06 06:00:21.550,1,1.4007228264500646,1413.2351867541854,0.0,,2919090.282843249
2021-03-06 06:00:21.560,1,1.1371888878860257,1429.2099072585322,0.0,,2955392.2045803387
2021-03-06 06:00:21.570,1,1.4005366347208448,1424.7324142217456,0.0,,2945226.5856226585
2021-03-06 06:00:21.580,1,1.5288272645397796,1423.5294892753302,0.0,,2942496.828548143
2021-03-06 06:00:21.590,1,1.204069366513859,1421.556122700636,0.0,,2937994.0796482726
2021-03-06 06:00:21.600,1,1.4161449291280963,1428.5244086053865,0.0,,2953851.749934784
2021-03-06 06:00:21.610,1,1.4682005224417127,1413.011584706582,0.0,,2918585.9508912726
2021-03-06 06:00:21.620,1,1.5339931890360992,1423.5559558115062,0.0,,2942556.767063433
2021-03-06 06:00:21.630,1,1.2258534869856768,1409.8624011042748,0.0,,2911421.3728415924
2021-03-06 06:00:21.640,1,1.5097075356941287,1418.608207159589,0.0,,2931307.7564199036
2021-03-06 06:00:21.650,1,1.1139887543148037,1398.422101535716,0.0,,2885441.1165204975
2021-03-06 06:00:21.660,1,1.6132977328280846,1420.6758464032496,0.0,,2936012.977614788
2021-03-06 06:00:21.670,1,1.387361469126607,1414.9070107420173,0.0,,2922890.1531460313
2021-03-06 06:00:21.680,1,1.2643078005606954,1403.8354413197344,0.0,,2897734.8230078327
2021-03-06 06:00:21.690,1,1.3123489448537449,1408.9467418010834,0.0,,2909342.708430604
2021-03-06 06:00:21.700,1,1.4552316036707669,1385.578389944019,0.0,,2856316.021625194
2021-03-06 06:00:21.710,1,1.4322998756513916,1406.7730197390297,0.0,,2904416.7898281924
2021-03-06 06:00:21.720,1,1.5329017983510558,1412.2931131617895,0.0,,2916954.9675364415
2021-03-06 06:00:21.730,1,1.4669604234945164,1403.428112247991,0.0,,2896820.195490937
2021-03-06 06:00:21.740,1,1.4843870931973115,1410.9041445650882,0.0,,2913802.124850523
2021-03-06 06:00:21.750,1,1.5555300004228778,1396.4579273024804,0.0,,2881005.863743238
2021-03-06 06:00:21.760,1,1.579238155190538,1397.1971903584854,0.0,,2882681.397527384
2021-03-06 06:00:21.770,1,1.5817491974667257,1396.6197962003814,0.0,,2881375.0100329327
2021-03-06 06:00:21.780,1,1.282163843684011,1389.271965957378,0.0,,2864691.5384473824
2021-03-06 06:00:21.790,1,1.6188394189628603,1388.589252665365,0.0,,2863158.101723482
2021-03-06 06:00:21.800,1,1.3890570075574515,1387.8137495501635,0.0,,2861382.3959571263
2021-03-06 06:00:21.810,1,1.2974523209844917,1386.417550008718,0.0,,2858212.7262014598
2021-03-06 06:00:21.820,1,1.3296198726622548,1397.3787376805292,0.0,,2883081.9653618834
2021-03-06 06:00:21.830,1,1.3646364395314958,1394.298776789902,0.0,,2876095.9240406808
2021-03-06 06:00:21.840,1,1.4976753032398549,1389.3106154261816,0.0,,2864783.3199109905
2021-03-06 06:00:21.850,1,1.6568146187843442,1379.9246422717374,0.0,,2843511.9187572184
2021-03-06 06:00:21.860,1,1.5412340403065057,1399.0851072957391,0.0,,2886965.5776167735
2021-03-06 06:00:21.870,1,1.4794850606448893,1405.3467875486162,0.0,,2901178.665983189
2021-03-06 06:00:21.880,1,1.5770382864655046,1389.401132349813,0.0,,2864995.9809337766
2021-03-06 06:00:21.890,1,1.4877811380222588,1396.2905153457705,0.0,,2880621.7598807164
2021-03-06 06:00:21.900,1,1.3466179469674169,1402.6666800794858,0.0,,2895088.9240076137
2021-03-06 06:00:21.910,1,1.2612306275739222,1402.2678571704682,0.0,,2894177.041158492
2021-03-06 06:00:21.920,1,1.1607253971853422,1398.4017862713174,0.0,,2885396.242005259
2021-03-06 06:00:21.930,1,1.3589778870986948,1392.089651314937,0.0,,2871082.4916444137
2021-03-06 06:00:21.940,1,1.6045890501626607,1408.4388953548605,0.0,,2908206.2101429505
2021-03-06 06:00:21.950,1,1.2088006862502505,1400.6871948884454,0.0,,2890585.657938159
2021-03-06 06:00:21.960,1,1.6204799720740033,1398.095385752417,0.0,,2884723.833483148
2021-03-06 06:00:21.970,1,1.3681917016758047,1399.9972329084671,0.0,,2889026.8994206255
2021-03-06 06:00:21.980,1,1.610607737621272,1402.4849279119346,0.0,,2894688.45286718
2021-03-06 06:00:21.990,1,1.5200057590903957,1407.0767248707168,0.0,,2905109.834578721
2021-03-06 06:00:22.000,1,1.6069761434271566,1401.477161078607,0.0,,2892402.6919828653
2021-03-06 06:00:22.010,1,1.1062413973103788,1410.4092117675696,0.0,,2912659.546516436
2021-03-06 06:00:22.020,1,1.6429686784579929,1402.94689829875,0.0,,2895738.643314309
2021-03-06 06:00:22.030,1,1.1409304173583368,1419.1456601948264,0.0,,2932510.16247629
2021-03-06 06:00:22.040,1,1.1156380243018738,1404.1294352667785,0.0,,2898397.066382317
2021-03-06 06:00:22.050,1,1.353327779186655,1409.325209054214,0.0,,2910208.2435613563
2021-03-06 06:00:22.060,1,1.4756136785030514,1419.3592151939636,0.0,,2933013.1842426336
2021-03-06 06:00:22.070,1,1.5198678260252918,1426.4816044821182,0.0,,2949211.5373172183
2021-03-06 06:00:22.080,1,1.363204398413716,1413.0463091362467,0.0,,2918662.3021163647
2021-03-06 06:00:22.090,1,1.5487344367399578,1418.0751851997186,0.0,,2930098.345934205
2021-03-06 06:00:22.100,1,1.4448145694946242,1416.0793243826224,0.0,,2925558.054232685
2021-03-06 06:00:22.110,1,1.3295486687775382,1419.8465082753494,0.0,,2934115.4040290825
2021-03-06 06:00:22.120,1,1.2173234313044157,1421.032930140287,0.0,,2936806.9816120616
2021-03-06 06:00:22.130,1,1.332230900705392,1413.0421041514255,0.0,,2918654.6658103503
2021-03-06 06:00:22.140,1,1.0865156676897738,1429.200640832846,0.0,,2955368.4993633977
2021-03-06 06:00:22.150,1,1.0854561255599957,1436.4176643188564,0.0,,2971788.5184848174
2021-03-06 06:00:22.160,1,1.1492029318229195,1429.719693309535,0.0,,2956554.3945299434
2021-03-06 06:00:22.170,1,1.1040815153647268,1432.8198836046763,0.0,,2963604.950292114
2021-03-06 06:00:22.180,1,1.3281238981228825,1437.1480684273522,0.0,,2973460.991854512
2021-03-06 06:00:22.190,1,1.1623063064375394,1420.7519883567388,0.0,,2936162.5213378626
2021-03-06 06:00:22.200,1,1.0106818205802943,1429.1076642271212,0.0,,2955156.585335834
2021-03-06 06:00:22.210,1,1.026004917803876,1423.6971472390408,0.0,,2942854.54414519
2021-03-06 06:00:22.220,1,0.994159037022505,1423.606507415219,0.0,,2942645.6411870583
2021-03-06 06:00:22.230,1,1.3309744181590273,1430.2256103892166,0.0,,2957713.0561218536
2021-03-06 06:00:22.240,1,1.2657779147120498,1427.802922534813,0.0,,2952201.324689893
2021-03-06 06:00:22.250,1,1.2421869503034788,1447.24533134794,0.0,,2996452.052451926
2021-03-06 06:00:22.260,1,1.2847579197008152,1432.855705417552,0.0,,2963694.2474331097
2021-03-06 06:00:22.270,1,1.1712165118454871,1435.6946385285928,0.0,,2970149.713250975
2021-03-06 06:00:22.280,1,1.3562100699276176,1431.9987115471051,0.0,,2961751.6095751096
2021-03-06 06:00:22.290,1,0.9315703307885792,1420.8966459657404,0.0,,2936481.1936549167
2021-03-06 06:00:22.300,1,0.9770781157116616,1420.6217786770956,0.0,,2935859.265871723
2021-03-06 06:00:22.310,1,1.312136665851272,1425.9521895545672,0.0,,2947991.8695187494
2021-03-06 06:00:22.320,1,1.2995132038951045,1433.3300871305603,0.0,,2964777.869668735
2021-03-06 06:00:22.330,1,1.0546048122684226,1439.110500025987,0.0,,2977915.31484802
2021-03-06 06:00:22.340,1,1.3222414169520305,1437.65077615182,0.0,,2974606.6275232937
2021-03-06 06:00:22.350,1,0.960427357649886,1422.5487748672854,0.0,,2940236.625285052
2021-03-06 06:00:22.360,1,0.9817008120788078,1439.9143587031235,0.0,,2979742.9264447475
2021-03-06 06:00:22.370,1,0.9249227823676222,1427.8206285534802,0.0,,2952226.4631268634
2021-03-06 06:00:22.380,1,1.2358158407144604,1419.9132593785766,0.0,,2934257.1154950196
2021-03-06 06:00:22.390,1,1.0147803545729182,1426.6983888754,0.0,,2949675.606993368
2021-03-06 06:00:22.400,1,0.9253733164813148,1416.1891766550946,0.0,,2925775.7239277894
2021-03-06 06:00:22.410,1,0.8890450223730771,1431.2941393765109,0.0,,2960125.326741505
2021-03-06 06:00:22.420,1,1.276585130272864,1414.1910126075147,0.0,,2921257.8571180636
2021-03-06 06:00:22.430,1,1.1270323636401285,1419.7409020796642,0.0,,2933861.860702662
2021-03-06 06:00:22.440,1,1.320335432430358,1421.6820249667542,0.0,,2938284.2260079845
2021-03-06 06:00:22.450,1,0.9272622789221682,1421.946000627966,0.0,,2938865.6912572687
2021-03-06 06:00:22.460,1,1.2240354850443391,1422.1621295107204,0.0,,2939374.932657507
2021-03-06 06:00:22.470,1,1.2742587064564943,1414.0952326145182,0.0,,2921039.325180928
2021-03-06 06:00:22.480,1,0.9222820287655508,1406.302047443682,0.0,,2903321.750576597
2021-03-06 06:00:22.490,1,0.9245480087992888,1412.1390974658084,0.0,,2916575.452946762
2021-03-06 06:00:22.500,1,1.1017493941697782,1424.3232156841989,0.0,,2944278.918694902
2021-03-06 06:00:22.510,1,1.0288903733151011,1409.6443046580164,0.0,,2910914.319142272
2021-03-06 06:00:22.520,1,0.9135128457365308,1413.947890414359,0.0,,2920686.5661827037
2021-03-06 06:00:22.530,1,1.0538390941379585,1396.3222255495566,0.0,,2880672.087634265
2021-03-06 06:00:22.540,1,1.1200809605213922,1400.3341148229997,0.0,,2889780.7648982937
2021-03-06 06:00:22.550,1,0.94946826688392,1407.637920617496,0.0,,2906358.5040456424
2021-03-06 06:00:22.560,1,1.162059535656662,1420.4671850588684,0.0,,2935515.3667301373
2021-03-06 06:00:22.570,1,1.0653571344143375,1409.1663681544433,0.0,,2909835.0252850293
2021-03-06 06:00:22.580,1,1.1509057276540782,1400.3922238665664,0.0,,2889909.591226489
2021-03-06 06:00:22.590,1,1.0254423497348986,1409.4041314798983,0.0,,2910372.6824996024
2021-03-06 06:00:22.600,1,1.2810860861297229,1412.0737477376276,0.0,,2916449.2613565754
2021-03-06 06:00:22.610,1,1.3498247263208136,1401.9138878549304,0.0,,2893377.8224526793
2021-03-06 06:00:22.620,1,1.0088664332357573,1408.7894546421182,0.0,,2908969.556931794
2021-03-06 06:00:22.630,1,1.0232563511585853,1407.1801255675186,0.0,,2905320.2826349414
2021-03-06 06:00:22.640,1,1.1481550438316503,1406.5290442682635,0.0,,2903848.3265509373
2021-03-06 06:00:22.650,1,1.1316799298712965,1400.4573100059824,0.0,,2890060.89434137
2021-03-06 06:00:22.660,1,1.395480342936399,1415.339223580045,0.0,,2923872.2185187647
2021-03-06 06:00:22.670,1,0.9641074283359852,1397.9996182501984,0.0,,2884474.6218158207
2021-03-06 06:00:22.680,1,1.1135251477397026,1413.8255304494012,0.0,,2920415.642322743
2021-03-06 06:00:22.690,1,1.198648458269524,1405.5246455681977,0.0,,2901566.053341761
2021-03-06 06:00:22.700,1,1.111223785568256,1395.3867869524577,0.0,,2878548.222746386
2021-03-06 06:00:22.710,1,1.4503500802988447,1415.1008710358576,0.0,,2923331.6514496966
2021-03-06 06:00:22.720,1,1.1786172812115414,1400.2107565071262,0.0,,2889501.3179035964
2021-03-06 06:00:22.730,1,1.2603986365197897,1409.1476102395136,0.0,,2909800.2914287224
2021-03-06 06:00:22.740,1,1.096124522176102,1414.6448933901609,0.0,,2922283.890500202
2021-03-06 06:00:22.750,1,1.098932934067072,1413.3886608437483,0.0,,2919424.0313087963
2021-03-06 06:00:22.760,1,1.1086614934977466,1413.3396348583688,0.0,,2919314.201004275
2021-03-06 06:00:22.770,1,1.2179650730886449,1418.0269260168368,0.0,,2929972.8634673413
2021-03-06 06:00:22.780,1,1.42006630960543,1419.387433437082,0.0,,2933074.0600167955
2021-03-06 06:00:22.790,1,1.4004340149937315,1416.4600793596549,0.0,,2926417.324032264
2021-03-06 06:00:22.800,1,1.3262818823789462,1396.537795330763,0.0,,2881173.0707249395
2021-03-06 06:00:22.810,1,1.350356059406392,1415.627860725829,0.0,,2924523.323772655
2021-03-06 06:00:22.820,1,1.1587076427780374,1411.120474858067,0.0,,2914271.1019443227
2021-03-06 06:00:22.830,1,1.6006102559412614,1414.5700931316458,0.0,,2922136.904351266
2021-03-06 06:00:22.840,1,1.4912782544975065,1402.200258787814,0.0,,2894033.924989757
2021-03-06 06:00:22.850,1,1.1717042923070782,1416.5008803287435,0.0,,2926503.0229128962
2021-03-06 06:00:22.860,1,1.2720758782683588,1414.8687431782682,0.0,,2922797.917976802
2021-03-06 06:00:22.870,1,1.1290503144816475,1423.4533993947528,0.0,,2942306.862333883
2021-03-06 06:00:22.880,1,1.2934291245388088,1407.0238605848162,0.0,,2904978.852923844
2021-03-06 06:00:22.890,1,1.3915543315935612,1406.5290702807986,0.0,,2903858.008547996
2021-03-06 06:00:22.900,1,1.1877665304016134,1416.7740474121345,0.0,,2927121.054102854
2021-03-06 06:00:22.910,1,1.6535487357159768,1422.0256536669226,0.0,,2939083.30302187
2021-03-06 06:00:22.920,1,1.4237442842820769,1424.0788662969903,0.0,,2943735.8324942435
2021-03-06 06:00:22.930,1,1.5572729135032388,1428.1647726187414,0.0,,2953039.373171469
2021-03-06 06:00:22.940,1,1.113441098467734,1419.045817852665,0.0,,2932279.008251343
2021-03-06 06:00:22.950,1,1.622888244620859,1427.1900237789507,0.0,,2950825.4436932746
2021-03-06 06:00:22.960,1,1.3857183041626953,1428.7098432701202,0.0,,2954272.482209176
2021-03-06 06:00:22.970,1,1.1297192562027225,1409.537210618224,0.0,,2910677.7682463876
2021-03-06 06:00:22.980,1,1.6269434938898395,1418.156165159588,0.0,,2930284.345020546
2021-03-06 06:00:22.990,1,1.1190255863162022,1400.0542897815913,0.0,,2889144.5319143147
2021-03-06 06:00:23.000,1,1.1063118769155211,1402.9740138701593,0.0,,2895768.285485952
2021-03-06 06:00:23.010,1,1.1783907832061848,1412.67559341018,0.0,,2917811.725903307
2021-03-06 06:00:23.020,1,1.3090119079650484,1424.9429363377133,0.0,,2945700.652614456
2021-03-06 06:00:23.030,1,1.6547224977050756,1393.2661577012277,0.0,,2873768.080190434
2021-03-06 06:00:23.040,1,1.2110446761100209,1410.6426092929228,0.0,,2913192.435228665
2021-03-06 06:00:23.050,1,1.4971106714278732,1400.917198695247,0.0,,2891124.5102673313
2021-03-06 06:00:23.060,1,1.4932225802153996,1398.6339473287576,0.0,,2885937.1545299655
2021-03-06 06:00:23.070,1,1.157701384528458,1417.2778658708469,0.0,,2928265.9699699706
2021-03-06 06:00:23.080,1,1.1603216650970751,1412.0557508463685,0.0,,2916402.0208787024
2021-03-06 06:00:23.090,1,1.174169548277685,1392.3074424000156,0.0,,2871569.9368509413
2021-03-06 06:00:23.100,1,1.0953054707205538,1398.6480744316848,0.0,,2885951.516123946
2021-03-06 06:00:23.110,1,1.5965789920892353,1408.078355050637,0.0,,2907385.6262743897
2021-03-06 06:00:23.120,1,1.202913799736586,1405.89631006707,0.0,,2902415.708066906
2021-03-06 06:00:23.130,1,1.491114751408975,1391.8776031525963,0.0,,2870609.1071344446
2021-03-06 06:00:23.140,1,1.1969437965092546,1396.3786426356226,0.0,,2880807.7906061783
2021-03-06 06:00:23.150,1,1.0887729563885844,1382.5277050698635,0.0,,2849382.233635132
2021-03-06 06:00:23.160,1,1.3996773700270582,1385.2547753808938,0.0,,2855581.5808853502
2021-03-06 06:00:23.170,1,1.49801821816722,1389.6181630370725,0.0,,2865481.0538665093
2021-03-06 06:00:23.180,1,1.0850345448692134,1386.9354048630305,0.0,,2859376.075383663
2021-03-06 06:00:23.190,1,1.1081519346917097,1390.1994916856436,0.0,,2866780.557801639
2021-03-06 06:00:23.200,1,1.1534815303914987,1379.8237660654645,0.0,,2843254.6643865155
2021-03-06 06:00:23.210,1,1.2269336214968725,1382.2718269188358,0.0,,2848809.543830456
2021-03-06 06:00:23.220,1,1.4340996859928348,1388.31190586526,0.0,,2862519.3178713624
2021-03-06 06:00:23.230,1,1.2760417830809678,1376.5909114096514,0.0,,2835939.7190907313
2021-03-06 06:00:23.240,1,1.0569546447479392,1371.211842041012,0.0,,2823738.6214939025
2021-03-06 06:00:23.250,1,1.084612047568407,1367.7114623237617,0.0,,2815810.713538278
2021-03-06 06:00:23.260,1,1.4347476246421031,1375.3206846230682,0.0,,2833065.3452244457
2021-03-06 06:00:23.270,1,1.115932674685996,1378.753841771509,0.0,,2840827.495193611
2021-03-06 06:00:23.280,1,1.359201536504187,1382.3489153230164,0.0,,2848993.2562956996
2021-03-06 06:00:23.290,1,1.243762792833075,1379.7940729657792,0.0,,2843196.415416855
2021-03-06 06:00:23.300,1,1.4912390830924698,1379.3935196607606,0.0,,2842299.5689859446
2021-03-06 06:00:23.310,1,1.0906098005756493,1376.3395464230884,0.0,,2835356.8237934974
2021-03-06 06:00:23.320,1,0.9959013628695308,1370.0519820688949,0.0,,2821108.1609640904
2021-03-06 06:00:23.330,1,1.4327830867897873,1373.9802077677111,0.0,,2830033.941291349
2021-03-06 06:00:23.340,1,1.4679637090205522,1377.7552236525337,0.0,,2838586.9154327125
2021-03-06 06:00:23.350,1,1.2506323805212851,1377.5915779288969,0.0,,2838203.287517337
2021-03-06 06:00:23.360,1,1.3935660968806367,1382.015241365492,0.0,,2848239.320752416
2021-03-06 06:00:23.370,1,1.343537967697877,1370.126968121327,0.0,,2821303.049882277
2021-03-06 06:00:23.380,1,1.1089873073375227,1374.4527668446633,0.0,,2831088.095465471
2021-03-06 06:00:23.390,1,1.3667681734042074,1371.3427566753326,0.0,,2824054.7455378156
2021-03-06 06:00:23.400,1,1.252499217469209,1368.106533205116,0.0,,2816714.814346008
2021-03-06 06:00:23.410,1,1.106329861582264,1386.2348121873777,0.0,,2857790.8259570934
2021-03-06 06:00:23.420,1,1.4429141307814384,1386.182035600209,0.0,,2857690.0481907036
2021-03-06 06:00:23.430,1,1.0719540297982488,1367.363096640497,0.0,,2815025.3291931096
2021-03-06 06:00:23.440,1,1.2949730176851892,1386.9673715974009,0.0,,2859462.150968016
2021-03-06 06:00:23.450,1,1.4083695264503326,1377.6293070590482,0.0,,2838295.815058593
2021-03-06 06:00:23.460,1,1.2952482868985868,1382.2097785874848,0.0,,2848676.108418392
2021-03-06 06:00:23.470,1,0.9654047612773996,1373.7097644549076,0.0,,2829392.9205965716
2021-03-06 06:00:23.480,1,1.3468863657275174,1378.7595023357865,0.0,,2840859.2420002483
2021-03-06 06:00:23.490,1,0.9991103070184169,1390.7768438902533,0.0,,2868083.8460213784
2021-03-06 06:00:23.500,1,1.446625906610613,1381.4610756195957,0.0,,2846984.2394465976
2021-03-06 06:00:23.510,1,0.9779707755632928,1387.1799937812757,0.0,,2859929.8879194628
2021-03-06 06:00:23.520,1,1.0155943026086711,1392.5549953585926,0.0,,2872120.9885145854
2021-03-06 06:00:23.530,1,1.1968092897113851,1389.5991578124533,0.0,,2865426.225553126
2021-03-06 06:00:23.540,1,1.2535692275409915,1395.4903214697038,0.0,,2878793.5902041905
2021-03-06 06:00:23.550,1,1.3762745966942889,1408.569950141013,0.0,,2908490.7015599343
2021-03-06 06:00:23.560,1,1.1622488238388191,1413.9229565179678,0.0,,2920641.6810844857
2021-03-06 06:00:23.570,1,1.4497494259814854,1391.8879418406311,0.0,,2870628.6039145184
2021-03-06 06:00:23.580,1,1.0903385003356063,1394.6870212153754,0.0,,2876965.7974889623
2021-03-06 06:00:23.590,1,1.2361322189038602,1413.1815848762342,0.0,,2918959.796194449
2021-03-06 06:00:23.600,1,1.4245967280223673,1419.2085459343805,0.0,,2932667.300410009
2021-03-06 06:00:23.610,1,1.2087811809639906,1410.9644453963674,0.0,,2913923.0470665577
2021-03-06 06:00:23.620,1,0.9993786865826002,1409.9638496294351,0.0,,2911638.79684688
2021-03-06 06:00:23.630,1,1.371775030209953,1402.9997807842194,0.0,,2895841.6343857036
2021-03-06 06:00:23.640,1,1.4633396865588693,1414.3605943296348,0.0,,2921648.9640454724
2021-03-06 06:00:23.650,1,1.3595246574676292,1421.7177213519012,0.0,,2938369.7962523424
2021-03-06 06:00:23.660,1,1.2514907168817142,1412.5163587610534,0.0,,2917450.605410397
2021-03-06 06:00:23.670,1,1.3723945149538923,1428.4690229230848,0.0,,2953719.594071762
2021-03-06 06:00:23.680,1,1.2937772318435676,1402.2591195530465,0.0,,2894156.7402190366
2021-03-06 06:00:23.690,1,1.1634478028148312,1404.4888102154764,0.0,,2899217.6939323866
2021-03-06 06:00:23.700,1,1.1450011357602532,1412.7427658909387,0.0,,2917961.663670376
2021-03-06 06:00:23.710,1,1.2433687544800431,1420.8295589622064,0.0,,2936346.825688525
2021-03-06 06:00:23.720,1,1.431479448898836,1413.399121537692,0.0,,2919464.3857704755
2021-03-06 06:00:23.730,1,1.5377798357979635,1426.2991226181907,0.0,,2948796.829870572
2021-03-06 06:00:23.740,1,1.3996195123770672,1420.4003600207532,0.0,,2935375.971430895
2021-03-06 06:00:23.750,1,1.4202579171280465,1427.90962410926,0.0,,2952452.7132220105
2021-03-06 06:00:23.760,1,1.0977611149609394,1412.3558691757175,0.0,,2917078.8408533335
2021-03-06 06:00:23.770,1,1.1061507637483197,1423.782672976452,0.0,,2943052.671813254
2021-03-06 06:00:23.780,1,1.5618327391902556,1421.6511145495838,0.0,,2938228.8449356155
2021-03-06 06:00:23.790,1,1.4136881182865473,1414.0059990124807,0.0,,2920846.1862149327
2021-03-06 06:00:23.800,1,1.1561900370747291,1419.4958609138046,0.0,,2933309.4331628215
2021-03-06 06:00:23.810,1,1.262473765534832,1416.3122171143536,0.0,,2926074.661456229
2021-03-06 06:00:23.820,1,1.1922357887228952,1433.8046707274011,0.0,,2965850.2888017334
2021-03-06 06:00:23.830,1,1.4999989754314489,1426.5007910399954,0.0,,2949253.9974901415
2021-03-06 06:00:23.840,1,1.1951198403865448,1407.0475868553858,0.0,,2905028.707253339
2021-03-06 06:00:23.850,1,1.3244397731723483,1411.7419923246878,0.0,,2915697.071806252
2021-03-06 06:00:23.860,1,1.349511353270774,1411.853683986374,0.0,,2915952.419217414
2021-03-06 06:00:23.870,1,1.1163775568193246,1417.1338045778723,0.0,,2927937.199922306
2021-03-06 06:00:23.880,1,1.4488357412226007,1414.6649829955566,0.0,,2922344.8419898464
2021-03-06 06:00:23.890,1,1.1280459083111074,1426.1208813010642,0.0,,2948368.8960604155
2021-03-06 06:00:23.900,1,1.2860293971849168,1404.6483627205805,0.0,,2899582.5914688096
2021-03-06 06:00:23.910,1,1.354253225369798,1419.7193542746145,0.0,,2933821.8846467254
2021-03-06 06:00:23.920,1,1.3128674435206302,1429.9435209365802,0.0,,2957070.363274603
2021-03-06 06:00:23.930,1,1.3844854269653324,1411.7067891792606,0.0,,2915621.1512705623
2021-03-06 06:00:23.940,1,1.0972387737190417,1414.4105774210996,0.0,,2921748.3880810793
2021-03-06 06:00:23.950,1,1.3136799404276875,1410.6666673740908,0.0,,2913255.672732226
2021-03-06 06:00:23.960,1,1.455891885493615,1418.3359848820835,0.0,,2930686.4087814307
2021-03-06 06:00:23.970,1,1.0508591942441836,1406.0335194669508,0.0,,2902715.2499399288
2021-03-06 06:00:23.980,1,1.0743825823606614,1406.6160308028934,0.0,,2904037.530351084
2021-03-06 06:00:23.990,1,1.1578931605625038,1407.3209367434936,0.0,,2905643.889281841
2021-03-06 06:00:24.000,1,1.4332514076523617,1403.5765631037457,0.0,,2897155.583980612
2021-03-06 06:00:24.010,1,1.0662092618165184,1410.7692859127617,0.0,,2913472.400331029
2021-03-06 06:00:24.020,1,1.0758506209295768,1414.3723092447317,0.0,,2921660.6582568716
2021-03-06 06:00:24.030,1,1.0517237805640138,1406.0048378264587,0.0,,2902651.975880372
2021-03-06 06:00:24.040,1,0.985450286634758,1402.0801614812106,0.0,,2893734.8868875937
2021-03-06 06:00:24.050,1,1.3870419158118554,1405.3980880582951,0.0,,2901290.631901439
2021-03-06 06:00:24.060,1,1.2213040214712645,1398.801811043063,0.0,,2886305.1924790917
2021-03-06 06:00:24.070,1,1.2229066807066955,1403.7483971774875,0.0,,2897534.0700050294
2021-03-06 06:00:24.080,1,1.390469247253613,1401.5714858926694,0.0,,2892598.9657380544
2021-03-06 06:00:24.090,1,1.0030450785179714,1397.2970280212412,0.0,,2882881.209111693
2021-03-06 06:00:24.100,1,1.1273081917925056,1424.5835533802094,0.0,,2944872.8013107916
2021-03-06 06:00:24.110,1,1.1341409775918294,1413.944571524849,0.0,,2920690.5908144354
2021-03-06 06:00:24.120,1,0.9493115115391906,1403.3993452393622,0.0,,2896730.3176933047
2021-03-06 06:00:24.130,1,1.1322081359587657,1402.8172769577234,0.0,,2895411.4368382134
2021-03-06 06:00:24.140,1,1.3209763003767394,1407.0496731222115,0.0,,2905038.8532998287
2021-03-06 06:00:24.150,1,0.8742399108124492,1419.4749405464056,0.0,,2933249.358978794
2021-03-06 06:00:24.160,1,0.8987872710234533,1419.6676833438864,0.0,,2933686.6641918835
2021-03-06 06:00:24.170,1,1.2537998248010729,1427.0008269954426,0.0,,2950375.692132388
2021-03-06 06:00:24.180,1,0.9288801667594864,1417.9642975554432,0.0,,2929813.98704054
2021-03-06 06:00:24.190,1,1.0806204641544437,1414.9759545565564,0.0,,2923028.7410988943
2021-03-06 06:00:24.200,1,0.9537901993176968,1426.8629734884362,0.0,,2950047.2045152374
2021-03-06 06:00:24.210,1,1.0753752210985317,1410.4394983904278,0.0,,2912724.2179040066
2021-03-06 06:00:24.220,1,1.0169388868676246,1414.5123643722138,0.0,,2921973.5017125383
2021-03-06 06:00:24.230,1,1.1645546892751646,1418.9897835041254,0.0,,2932158.1908200765
2021-03-06 06:00:24.240,1,1.2007149721361052,1427.5714698537952,0.0,,2951669.6790045314
2021-03-06 06:00:24.250,1,0.9158316552999968,1425.6666651759697,0.0,,2947323.6675096224
2021-03-06 06:00:24.260,1,1.044863411873748,1416.5536928183044,0.0,,2926613.8148021526
2021-03-06 06:00:24.270,1,0.9649390646658206,1416.3453305567748,0.0,,2926143.034660326
2021-03-06 06:00:24.280,1,0.875526769436697,1437.1031517591732,0.0,,2973339.426197533
2021-03-06 06:00:24.290,1,1.0777320103927244,1417.5643467278098,0.0,,2928913.8666296545
2021-03-06 06:00:24.300,1,1.039104554024605,1429.8527647611895,0.0,,2956853.3285326385
2021-03-06 06:00:24.310,1,1.027384683181438,1430.8800489699568,0.0,,2959188.1181246587
2021-03-06 06:00:24.320,1,0.9928698148683844,1418.7038854143248,0.0,,2931500.8732902757
2021-03-06 06:00:24.330,1,1.0330253588975895,1431.4791348356437,0.0,,2960552.9556155456
2021-03-06 06:00:24.340,1,1.0106125429595425,1429.473247885842,0.0,,2955989.6707477784
2021-03-06 06:00:24.350,1,1.0561531709694512,1433.6915042501837,0.0,,2965587.519102879
2021-03-06 06:00:24.360,1,1.0325380651875986,1428.0913424604478,0.0,,2952845.8696398223
2021-03-06 06:00:24.370,1,1.0529443069735436,1447.735527618764,0.0,,2997555.9774440755
2021-03-06 06:00:24.380,1,1.0018880950477298,1437.0499386948763,0.0,,2973222.1468294216
2021-03-06 06:00:24.390,1,0.8351099987058442,1432.4868513746533,0.0,,2962835.723366562
2021-03-06 06:00:24.400,1,0.961594454010912,1441.4257937479251,0.0,,2983185.2283931915
2021-03-06 06:00:24.410,1,0.8973592409102449,1441.9196036155954,0.0,,2984305.470278418
2021-03-06 06:00:24.420,1,0.9819290769319092,1437.357843033149,0.0,,2973925.8084342433
2021-03-06 06:00:24.430,1,0.7625313731204683,1437.9780588080014,0.0,,2975325.467076357
2021-03-06 06:00:24.440,1,0.8680332280193268,1425.1238832229776,0.0,,2946088.4489398766
2021-03-06 06:00:24.450,1,0.7852100014789248,1435.3762255886572,0.0,,2969406.4713182547
2021-03-06 06:00:24.460,1,0.7115122125911603,1439.3918736630942,0.0,,2978540.8263832456
2021-03-06 06:00:24.470,1,0.8667637003806781,1434.7088252117678,0.0,,2967890.9720719596
2021-03-06 06:00:24.480,1,0.9891065985821036,1434.052120480788,0.0,,2966402.453685928
2021-03-06 06:00:24.490,1,0.8612509627297208,1440.1324221426944,0.0,,2980236.8188340375
2021-03-06 06:00:24.500,1,0.9972490354978766,1430.5459064130926,0.0,,2958428.6096743187
2021-03-06 06:00:24.510,1,0.9352133025158954,1426.7859354132827,0.0,,2949873.372197123
2021-03-06 06:00:24.520,1,0.9599599202694216,1421.0195087562836,0.0,,2936762.536787647
2021-03-06 06:00:24.530,1,0.8769957110744249,1433.072594042843,0.0,,2964167.657040392
2021-03-06 06:00:24.540,1,0.9153801921025752,1421.2993724164485,0.0,,2937396.185107276
2021-03-06 06:00:24.550,1,0.8948083930638391,1417.5136383988215,0.0,,2928787.192353605
2021-03-06 06:00:24.560,1,0.99619296513285,1438.0515171185025,0.0,,2975504.275260054
2021-03-06 06:00:24.570,1,1.0611184736943555,1435.2457053032003,0.0,,2969124.7254870804
2021-03-06 06:00:24.580,1,0.95050787284482,1418.6305802959494,0.0,,2931328.149360082
2021-03-06 06:00:24.590,1,0.8095591392167472,1419.7296226728092,0.0,,2933821.4328615125
2021-03-06 06:00:24.600,1,0.9911318856450348,1413.3390552345754,0.0,,2919307.9951786897
2021-03-06 06:00:24.610,1,0.9790241575460552,1427.879502150388,0.0,,2952357.9894579053
2021-03-06 06:00:24.620,1,0.7814522566305167,1427.8845842787243,0.0,,2952360.9477588353
2021-03-06 06:00:24.630,1,0.8683589962139185,1409.3001837617942,0.0,,2910124.722675971
2021-03-06 06:00:24.640,1,0.7642486333278307,1407.0313836528808,0.0,,2904970.7574105794
2021-03-06 06:00:24.650,1,0.8847318165695335,1408.6043121756104,0.0,,2908547.597884746
2021-03-06 06:00:24.660,1,1.074173489163373,1416.6090688591978,0.0,,2926741.6548798946
2021-03-06 06:00:24.670,1,0.9266913363188224,1421.8763206796964,0.0,,2938710.2884245496
2021-03-06 06:00:24.680,1,1.0295642104541334,1418.5829747271737,0.0,,2931225.8605206907
2021-03-06 06:00:24.690,1,1.0968084757631955,1411.664758470857,0.0,,2915510.4992056023
2021-03-06 06:00:24.700,1,1.1049594378277376,1401.3727578866865,0.0,,2892141.2219894193
2021-03-06 06:00:24.710,1,1.1372134657913109,1406.0461188884683,0.0,,2902747.266527187
2021-03-06 06:00:24.720,1,0.9092882940883416,1404.7383010297654,0.0,,2899763.393885624
2021-03-06 06:00:24.730,1,1.1430214970093602,1405.6245726991556,0.0,,2901790.3898328235
2021-03-06 06:00:24.740,1,0.9312872513670574,1388.8682700546372,0.0,,2863754.8032495677
2021-03-06 06:00:24.750,1,1.1434251956898174,1388.1353669951818,0.0,,2862105.3987376792
2021-03-06 06:00:24.760,1,0.8275425157704757,1393.9957108416324,0.0,,2875378.267918186
2021-03-06 06:00:24.770,1,1.161265949927302,1385.1247050632614,0.0,,2855275.638654741
2021-03-06 06:00:24.780,1,0.9258534105538498,1398.421526684247,0.0,,2885428.0370486216
2021-03-06 06:00:24.790,1,0.9923178924863572,1393.400247134053,0.0,,2874042.106626497
2021-03-06 06:00:24.800,1,0.9146706715994224,1399.996258473458,0.0,,2889003.403050322
2021-03-06 06:00:24.810,1,1.2131190270047212,1392.1648053579377,0.0,,2871246.988626424
2021-03-06 06:00:24.820,1,1.054345154402618,1377.842826715675,0.0,,2838765.873853813
2021-03-06 06:00:24.830,1,1.0689776115753438,1393.4612937707293,0.0,,2874181.5084581906
2021-03-06 06:00:24.840,1,1.0553472009659388,1396.0303671197507,0.0,,2880008.2883157055
2021-03-06 06:00:24.850,1,1.1768498835260288,1403.1263746357238,0.0,,2896118.367441288
2021-03-06 06:00:24.860,1,1.1218907132140412,1386.091531043011,0.0,,2857464.8155399375
2021-03-06 06:00:24.870,1,1.0502198495470323,1398.7965149316742,0.0,,2886287.817546135
2021-03-06 06:00:24.880,1,1.2250332119418408,1396.2441733498224,0.0,,2880501.5718311765
2021-03-06 06:00:24.890,1,0.9308865814728206,1411.3960917814504,0.0,,2914889.8657028805
2021-03-06 06:00:24.900,1,1.2119967214354292,1397.846940894049,0.0,,2884140.3740198347
2021-03-06 06:00:24.910,1,0.8750405812566189,1403.0084826773434,0.0,,2895838.9901695396
2021-03-06 06:00:24.920,1,1.1101676313990123,1390.5031385750317,0.0,,2867470.3638878735
2021-03-06 06:00:24.930,1,1.1696683060330952,1393.6867324623936,0.0,,2874700.89915785
2021-03-06 06:00:24.940,1,1.1266627010819783,1389.0915861152853,0.0,,2864269.5215864126
2021-03-06 06:00:24.950,1,0.9802636583939184,1410.3141147264166,0.0,,2912436.701590308
2021-03-06 06:00:24.960,1,0.9721961231939162,1396.0175322110806,0.0,,2879978.9236184233
2021-03-06 06:00:24.970,1,0.9954169333741444,1395.6652096287116,0.0,,2879175.4338760874
2021-03-06 06:00:24.980,1,1.2823733327186693,1405.0545103172285,0.0,,2900501.8435626575
2021-03-06 06:00:24.990,1,1.2744944534233351,1416.2742627533275,0.0,,2925991.963430144
2021-03-06 06:00:25.000,1,1.1856304932650874,1409.0535100041725,0.0,,2909583.2428001342
2021-03-06 06:00:25.010,1,0.9464777125474404,1404.9780359796446,0.0,,2900315.5902507603
2021-03-06 06:00:25.020,1,1.0989876134086063,1415.6542189391484,0.0,,2924573.4094581017
2021-03-06 06:00:25.030,1,0.8972169740775577,1405.0857848077517,0.0,,2900555.1832214063
2021-03-06 06:00:25.040,1,1.105825135727477,1392.572167689546,0.0,,2872165.5768786226
2021-03-06 06:00:25.050,1,1.07478747817434,1406.5438439780316,0.0,,2903878.2863947465
2021-03-06 06:00:25.060,1,1.1504799033901918,1415.8613777682388,0.0,,2925046.084326048
2021-03-06 06:00:25.070,1,1.1103292878397488,1411.506280743213,0.0,,2915152.988036394
2021-03-06 06:00:25.080,1,1.1682124059210577,1424.0358293000338,0.0,,2943629.905536838
2021-03-06 06:00:25.090,1,0.9328351492949752,1422.9826723629794,0.0,,2941222.045520061
2021-03-06 06:00:25.100,1,1.0638216127859268,1408.863641939694,0.0,,2909145.764032565
2021-03-06 06:00:25.110,1,1.2131339019695395,1406.428788239179,0.0,,2903619.4150959193
2021-03-06 06:00:25.120,1,1.21090494208538,1417.4093483603551,0.0,,2928567.503716214
2021-03-06 06:00:25.130,1,0.9372861273363255,1426.8954165292043,0.0,,2950121.6731017292
2021-03-06 06:00:25.140,1,1.1088289664093631,1440.9117744727987,0.0,,2982021.584649715
2021-03-06 06:00:25.150,1,0.9853065722989442,1422.4750401944104,0.0,,2940074.9901850815
2021-03-06 06:00:25.160,1,1.0344269191319702,1428.8034755981507,0.0,,2954463.6579151885
2021-03-06 06:00:25.170,1,0.9695454993899868,1422.7172808848857,0.0,,2940626.0106872725
2021-03-06 06:00:25.180,1,1.0596634238611171,1416.569215794091,0.0,,2926652.0124984886
2021-03-06 06:00:25.190,1,1.1165363233830647,1428.9129697669089,0.0,,2954718.957071916
2021-03-06 06:00:25.200,1,0.9881036993343748,1435.453843515422,0.0,,2969596.192731479
2021-03-06 06:00:25.210,1,0.8969629548753515,1418.2689917885416,0.0,,2930504.854423551
2021-03-06 06:00:25.220,1,0.8024063164767402,1427.0694998479346,0.0,,2950511.390434918
2021-03-06 06:00:25.230,1,0.9445567110060534,1409.4491916626205,0.0,,2910467.7232551533
2021-03-06 06:00:25.240,1,0.9732469962325708,1415.1597655951764,0.0,,2923440.7119929274
2021-03-06 06:00:25.250,1,1.0718700924927131,1440.1756953882882,0.0,,2980342.767080205
2021-03-06 06:00:25.260,1,1.0007497304255035,1428.1183061992367,0.0,,2952901.9901518193
2021-03-06 06:00:25.270,1,0.8658664593664406,1433.167758422165,0.0,,2964382.5662029004
2021-03-06 06:00:25.280,1,0.8977173814561713,1420.9454382708593,0.0,,2936591.7126552523
2021-03-06 06:00:25.290,1,1.1362582761232354,1418.3930918679391,0.0,,2930798.054687153
2021-03-06 06:00:25.300,1,0.8692863016746031,1421.8958103040134,0.0,,2938748.33876268
2021-03-06 06:00:25.310,1,0.8930714063827078,1420.8442575400531,0.0,,2936360.342746062
2021-03-06 06:00:25.320,1,1.1224653827188835,1416.6327297817215,0.0,,2926795.1762360013
2021-03-06 06:00:25.330,1,1.0689064914853958,1432.4320170709889,0.0,,2962721.4910756927
2021-03-06 06:00:25.340,1,0.8529565850389405,1423.336716238249,0.0,,2942023.7889302387
2021-03-06 06:00:25.350,1,0.8150539621115321,1411.6764359308552,0.0,,2915523.516269789
2021-03-06 06:00:25.360,1,1.0059842046146572,1420.1171789531063,0.0,,2934713.3861159813
2021-03-06 06:00:25.370,1,0.9645449923989888,1409.2555332063846,0.0,,2910031.400109507
2021-03-06 06:00:25.380,1,0.8345866779495559,1419.4482870878203,0.0,,2933182.37635623
2021-03-06 06:00:25.390,1,0.7957406548551279,1420.2768353690851,0.0,,2935068.145242084
2021-03-06 06:00:25.400,1,1.0940579483968629,1424.093901110255,0.0,,2943755.833980343
2021-03-06 06:00:25.410,1,0.7970930918763587,1416.10503140052,0.0,,2925584.3294066098
2021-03-06 06:00:25.420,1,0.9186982169526208,1406.8461429136896,0.0,,2904556.0990902875
2021-03-06 06:00:25.430,1,1.0905588528600754,1428.4894175005206,0.0,,2953754.75577516
2021-03-06 06:00:25.440,1,0.9241786364260964,1412.9367710057568,0.0,,2918390.0755543145
2021-03-06 06:00:25.450,1,0.9519681624041596,1417.7458512423816,0.0,,2929317.941084904
2021-03-06 06:00:25.460,1,0.929223821927604,1402.5512176375378,0.0,,2894800.122247731
2021-03-06 06:00:25.470,1,0.8304698157761928,1424.068364791157,0.0,,2943684.139575971
2021-03-06 06:00:25.480,1,0.8616656613661575,1413.488412437039,0.0,,2919639.998730228
2021-03-06 06:00:25.490,1,0.9056603813822026,1423.0050942770306,0.0,,2941270.9555416675
2021-03-06 06:00:25.500,1,0.9577985223160056,1410.5294941185794,0.0,,2912925.3892781124
2021-03-06 06:00:25.510,1,1.213267330608072,1406.4174090152217,0.0,,2903597.8469950357
2021-03-06 06:00:25.520,1,0.9424085111246104,1414.0677256104584,0.0,,2920962.7655704143
2021-03-06 06:00:25.530,1,1.1154497121308768,1419.825013357106,0.0,,2934053.8097138503
2021-03-06 06:00:25.540,1,0.8471644722876956,1416.1474051387231,0.0,,2925680.428518159
2021-03-06 06:00:25.550,1,0.9161476222123692,1418.1286318835098,0.0,,2930186.668679403
2021-03-06 06:00:25.560,1,1.0685202991086913,1415.8744626726832,0.0,,2925075.2545705354
2021-03-06 06:00:25.570,1,1.1033103458999909,1411.5146893315548,0.0,,2915169.2063223943
2021-03-06 06:00:25.580,1,1.2304685650061733,1421.9773959862314,0.0,,2938951.946272202
2021-03-06 06:00:25.590,1,1.1646566699923293,1409.0492819385424,0.0,,2909570.504996479
2021-03-06 06:00:25.600,1,1.2832879836983029,1414.6491046734773,0.0,,2922303.080993939
2021-03-06 06:00:25.610,1,1.1751735952587288,1417.8028975070254,0.0,,2929462.789835432
2021-03-06 06:00:25.620,1,1.2199833593534948,1419.024844148615,0.0,,2932239.9507575384
2021-03-06 06:00:25.630,1,1.0416325041454422,1406.8163673213885,0.0,,2904494.3578151227
2021-03-06 06:00:25.640,1,1.0240465829992578,1412.8017558469378,0.0,,2918086.2595936423
2021-03-06 06:00:25.650,1,1.1792266638662423,1421.5156036278158,0.0,,2937896.8261481603
2021-03-06 06:00:25.660,1,1.276877656077269,1424.4254854152869,0.0,,2944521.9343410637
2021-03-06 06:00:25.670,1,1.1915815031777328,1436.656920883726,0.0,,2972342.672230494
2021-03-06 06:00:25.680,1,0.9957424362454684,1432.8380286509396,0.0,,2963643.6819420075
2021-03-06 06:00:25.690,1,1.24082995334148,1426.6209471716463,0.0,,2949512.7807366424
2021-03-06 06:00:25.700,1,1.092923983651997,1428.0469625589624,0.0,,2952750.681799474
2021-03-06 06:00:25.710,1,1.2951950854240877,1420.2458338523825,0.0,,2935017.466086531
2021-03-06 06:00:25.720,1,1.297095450695041,1428.0510709195871,0.0,,2952764.019069736
2021-03-06 06:00:25.730,1,1.1935191899074913,1431.1030369405291,0.0,,2959704.1965561877
2021-03-06 06:00:25.740,1,1.285134192353489,1449.8763566960135,0.0,,3002443.9811920286
2021-03-06 06:00:25.750,1,1.1649688452067013,1439.2359871390693,0.0,,2978210.4048808166
2021-03-06 06:00:25.760,1,1.3376038314627556,1430.272116970933,0.0,,2957817.869118179
2021-03-06 06:00:25.770,1,1.2533377699312769,1449.3810305195166,0.0,,3001313.5884208553
2021-03-06 06:00:25.780,1,1.0030741595099293,1449.6173754623337,0.0,,3001838.062910292
2021-03-06 06:00:25.790,1,1.1833595286758178,1437.8559492810714,0.0,,2975068.565039128
2021-03-06 06:00:25.800,1,1.4678355679308366,1449.569180740676,0.0,,3001751.8790311115
2021-03-06 06:00:25.810,1,1.2002026496451303,1448.0160294037737,0.0,,2998203.816996678
2021-03-06 06:00:25.820,1,1.3299472751571793,1437.0155222054157,0.0,,2973161.6682102233
2021-03-06 06:00:25.830,1,1.3545282522045934,1461.429008415099,0.0,,3028774.8597407104
2021-03-06 06:00:25.840,1,1.4068126294688144,1457.6073453020588,0.0,,3020066.4607711406
2021-03-06 06:00:25.850,1,1.312477487205301,1438.8617823753016,0.0,,2977364.5713745696
2021-03-06 06:00:25.860,1,1.302488546738503,1430.578292316584,0.0,,2958516.0629717116
2021-03-06 06:00:25.870,1,1.3095408463833302,1446.1403898680912,0.0,,2993937.815977741
2021-03-06 06:00:25.880,1,1.4140818126106145,1443.0601777892628,0.0,,2986926.704199045
2021-03-06 06:00:25.890,1,1.4284762264973734,1437.4120489771087,0.0,,2974072.516085555
2021-03-06 06:00:25.900,1,1.31597479705417,1442.5523510137436,0.0,,2985764.5618416364
2021-03-06 06:00:25.910,1,1.1543548676586013,1449.0560801189426,0.0,,3000571.1541798143
2021-03-06 06:00:25.920,1,1.2503104886408969,1445.7322102755577,0.0,,2993003.895079102
2021-03-06 06:00:25.930,1,1.0356870608549826,1454.0498672551971,0.0,,3011933.725761452
2021-03-06 06:00:25.940,1,1.1358121480071537,1442.388242706873,0.0,,2985384.629583322
2021-03-06 06:00:25.950,1,1.0810925777472509,1436.001438193757,0.0,,2970843.4007765595
2021-03-06 06:00:25.960,1,1.0750653196047877,1448.8113960291196,0.0,,3000009.379802061
2021-03-06 06:00:25.970,1,1.1780756232472227,1437.5054137884931,0.0,,2974271.005554378
2021-03-06 06:00:25.980,1,1.3861141475222702,1456.5096131625726,0.0,,3017563.7507655397
2021-03-06 06:00:25.990,1,1.4331709461919575,1437.0307744975564,0.0,,2973203.0485500023
2021-03-06 06:00:26.000,1,0.976340806035804,1449.8394297612238,0.0,,3002344.6589462035
2021-03-06 06:00:26.010,1,1.3430204656917435,1444.4111629615095,0.0,,2990000.0688257073
2021-03-06 06:00:26.020,1,1.1227225746279363,1445.7737488358252,0.0,,2993093.2780455733
2021-03-06 06:00:26.030,1,1.2788797865300678,1437.0617370600892,0.0,,2973268.341391406
2021-03-06 06:00:26.040,1,1.3979649595442345,1444.7656961186915,0.0,,2990810.587411139
2021-03-06 06:00:26.050,1,1.2739669292295532,1437.8811847653058,0.0,,2975132.816121945
2021-03-06 06:00:26.060,1,1.272752178668194,1435.2733950886582,0.0,,2969198.3684349363
2021-03-06 06:00:26.070,1,1.3943415331247235,1445.0702251784112,0.0,,2991501.294955414
2021-03-06 06:00:26.080,1,0.9337943930567316,1432.3891061852703,0.0,,2962614.490454928
2021-03-06 06:00:26.090,1,1.2227084339637635,1441.4345651383676,0.0,,2983216.1573533765
2021-03-06 06:00:26.100,1,1.1158453743715544,1433.351655032048,0.0,,2964815.65605145
2021-03-06 06:00:26.110,1,0.9506869839770716,1430.1870163135015,0.0,,2957607.606052756
2021-03-06 06:00:26.120,1,0.8908859718127446,1429.318081826855,0.0,,2955624.99018451
2021-03-06 06:00:26.130,1,0.9849100417860096,1428.5021212880167,0.0,,2953776.5931322724
2021-03-06 06:00:26.140,1,0.8852252725802118,1425.0659866727774,0.0,,2945954.932766252
2021-03-06 06:00:26.150,1,1.1711922627048976,1428.762384357987,0.0,,2954379.4896750995
2021-03-06 06:00:26.160,1,0.9472169675445526,1410.227744997659,0.0,,2912235.4143930045
2021-03-06 06:00:26.170,1,0.8612543242856032,1416.9483690449374,0.0,,2927505.8463087254
2021-03-06 06:00:26.180,1,1.2332576610196069,1414.4578259584828,0.0,,2921862.0702950647
2021-03-06 06:00:26.190,1,1.2302935346187696,1415.0462378847603,0.0,,2923198.9133290695
2021-03-06 06:00:26.200,1,1.083582452268559,1422.6442572145816,0.0,,2940458.3083548937
2021-03-06 06:00:26.210,1,1.041613729393304,1409.399335383535,0.0,,2910361.4195304923
2021-03-06 06:00:26.220,1,0.9193162845431958,1417.1729872149883,0.0,,2928018.666812021
2021-03-06 06:00:26.230,1,0.8051814411417952,1425.0224927999825,0.0,,2945853.9658678924
2021-03-06 06:00:26.240,1,1.1585154653365084,1412.730833785257,0.0,,2917934.8904715143
2021-03-06 06:00:26.250,1,0.999123871349378,1420.3823747080469,0.0,,2935315.629392256
2021-03-06 06:00:26.260,1,0.916592572247658,1401.0243394344425,0.0,,2891333.0115214637
2021-03-06 06:00:26.270,1,0.8487340227770307,1407.3362964781838,0.0,,2905665.7214222252
2021-03-06 06:00:26.280,1,1.1285047034928957,1402.9547614836008,0.0,,2895727.5192106054
2021-03-06 06:00:26.290,1,1.1134640388322246,1401.5342547405994,0.0,,2892502.5894350875
2021-03-06 06:00:26.300,1,0.9817387532471272,1394.7516068320988,0.0,,2877101.3448739955
2021-03-06 06:00:26.310,1,0.8372923752921467,1401.6523288334863,0.0,,2892758.955607205
2021-03-06 06:00:26.320,1,0.7687502132353942,1401.942725948119,0.0,,2893415.7313885773
2021-03-06 06:00:26.330,1,1.0939568113969864,1410.442755505626,0.0,,2912730.7678709463
2021-03-06 06:00:26.340,1,1.0334418346494108,1396.3053688913926,0.0,,2880630.37693724
2021-03-06 06:00:26.350,1,1.0868388630132588,1406.0087811002084,0.0,,2902660.629704935
2021-03-06 06:00:26.360,1,0.979597511696101,1402.760877182368,0.0,,2895279.963108828
2021-03-06 06:00:26.370,1,0.7676488218968412,1396.716369985607,0.0,,2881554.0727985585
2021-03-06 06:00:26.380,1,1.0040199599001398,1400.4382530551993,0.0,,2890016.026473027
2021-03-06 06:00:26.390,1,0.8647689456061154,1417.0952683186206,0.0,,2927836.2157261185
2021-03-06 06:00:26.400,1,0.9527095602962052,1402.812744570344,0.0,,2895398.5507342196
2021-03-06 06:00:26.410,1,0.7625726900146159,1397.9283693436828,0.0,,2884300.2304546293
2021-03-06 06:00:26.420,1,0.830422197475695,1417.692343817048,0.0,,2929191.870315778
2021-03-06 06:00:26.430,1,0.8203569821049113,1407.3122988449122,0.0,,2905610.2061672793
2021-03-06 06:00:26.440,1,0.9157147928820965,1419.7566699628476,0.0,,2933891.9406438936
2021-03-06 06:00:26.450,1,1.045039268654912,1419.457382843918,0.0,,2933212.392378521
2021-03-06 06:00:26.460,1,1.0980276259093538,1392.9985597931543,0.0,,2873130.5383069785
2021-03-06 06:00:26.470,1,1.0580382742328391,1425.5709539472068,0.0,,2947112.426445854
2021-03-06 06:00:26.480,1,0.9137384987412428,1407.7852512383804,0.0,,2906687.9430693104
2021-03-06 06:00:26.490,1,0.8714867088095182,1403.679546957595,0.0,,2897363.9061800074
2021-03-06 06:00:26.500,1,0.8885407447912812,1418.576041933808,0.0,,2931201.693114849
2021-03-06 06:00:26.510,1,0.8497632209388594,1406.8516898597638,0.0,,2904562.6294045923
2021-03-06 06:00:26.520,1,1.110096195179684,1417.1290393465592,0.0,,2927923.8800425194
2021-03-06 06:00:26.530,1,0.8199184020728282,1405.6024736239758,0.0,,2901726.982605317
2021-03-06 06:00:26.540,1,0.9023740105757396,1406.948604702147,0.0,,2904785.3591268505
2021-03-06 06:00:26.550,1,0.81424546189153,1418.2143613645956,0.0,,2930377.319267205
2021-03-06 06:00:26.560,1,0.949350809851529,1415.246338071188,0.0,,2923638.338660328
2021-03-06 06:00:26.570,1,0.9185766886544736,1416.4733485289798,0.0,,2926424.561038256
2021-03-06 06:00:26.580,1,0.8322033579646696,1412.6272565130594,0.0,,2917685.555036171
2021-03-06 06:00:26.590,1,0.8278910402805438,1403.2973155748498,0.0,,2896492.4286044836
2021-03-06 06:00:26.600,1,0.8987809761490314,1423.8864738865957,0.0,,2943277.75718968
2021-03-06 06:00:26.610,1,0.9857860767100852,1416.1289390470188,0.0,,2925644.7308920077
2021-03-06 06:00:26.620,1,0.8795225985900558,1415.9215773627616,0.0,,2925174.1501723113
2021-03-06 06:00:26.630,1,0.9311760879646094,1427.3986221853104,0.0,,2951263.316968515
2021-03-06 06:00:26.640,1,0.9790660345036964,1422.2612454942755,0.0,,2939582.3311823728
2021-03-06 06:00:26.650,1,1.0169274902478096,1407.0150885522305,0.0,,2904944.4792622253
2021-03-06 06:00:26.660,1,1.1379781998056575,1413.9049738980884,0.0,,2920603.0780130727
2021-03-06 06:00:26.670,1,0.9124266279123971,1419.3156141739507,0.0,,2932883.9925235743
2021-03-06 06:00:26.680,1,0.822549039295908,1420.5020582261254,0.0,,2935581.067579528
2021-03-06 06:00:26.690,1,1.1602669005528286,1424.717929194837,0.0,,2945182.4189596237
2021-03-06 06:00:26.700,1,0.9477275018444028,1428.444915323461,0.0,,2953643.746179802
2021-03-06 06:00:26.710,1,1.0087207402996623,1411.8015217860916,0.0,,2915815.5686433404
2021-03-06 06:00:26.720,1,1.0438825922085422,1421.16717426811,0.0,,2937103.093158818
2021-03-06 06:00:26.730,1,1.0269744947777633,1416.5229318769009,0.0,,2926548.133616676
2021-03-06 06:00:26.740,1,1.2347734021381471,1411.1104538900802,0.0,,2914258.2939520497
2021-03-06 06:00:26.750,1,1.22781739750941,1418.2543868603625,0.0,,2930489.872819144
2021-03-06 06:00:26.760,1,1.0074839693409074,1406.5438330136335,0.0,,2903873.3191516437
2021-03-06 06:00:26.770,1,1.06900581243842,1403.04344037979,0.0,,2895926.262598381
2021-03-06 06:00:26.780,1,1.1166847130447026,1401.1455966283747,0.0,,2891618.559479634
2021-03-06 06:00:26.790,1,1.2263601913122135,1412.3035699366644,0.0,,2916965.4629910896
2021-03-06 06:00:26.800,1,1.1058400801904644,1411.4911988773083,0.0,,2915114.2854443067
2021-03-06 06:00:26.810,1,1.0795978115721097,1411.0129452754404,0.0,,2914026.3813004754
2021-03-06 06:00:26.820,1,0.9385660465588286,1401.5673744981875,0.0,,2892570.154014591
2021-03-06 06:00:26.830,1,1.0089832738341815,1394.749328708742,0.0,,2877101.2989466554
2021-03-06 06:00:26.840,1,1.186155796831267,1403.7706521517307,0.0,,2897581.293169981
2021-03-06 06:00:26.850,1,1.195039510869269,1388.7458272463634,0.0,,2863489.5661362167
2021-03-06 06:00:26.860,1,1.224966931656521,1391.659783271488,0.0,,2870099.306122791
2021-03-06 06:00:26.870,1,1.2371281384929065,1390.148093753302,0.0,,2866672.2148416718
2021-03-06 06:00:26.880,1,1.035799421846293,1401.9711864967294,0.0,,2893490.827426291
2021-03-06 06:00:26.890,1,1.118824980232168,1380.8964504493708,0.0,,2845689.858773004
2021-03-06 06:00:26.900,1,1.2658868498262483,1396.8119923063248,0.0,,2881794.5572435074
2021-03-06 06:00:26.910,1,0.8825819632225973,1400.2492944883322,0.0,,2889574.9355494627
2021-03-06 06:00:26.920,1,0.9419183637042012,1390.3623640232404,0.0,,2867141.572057349
2021-03-06 06:00:26.930,1,1.0814021909393317,1390.650267144565,0.0,,2867802.1600645357
2021-03-06 06:00:26.940,1,0.8442895873957904,1398.9411160071595,0.0,,2886607.17313063
2021-03-06 06:00:26.950,1,1.2468779394060665,1397.7555863551504,0.0,,2883934.845490171
2021-03-06 06:00:26.960,1,1.1177186803084789,1398.7367353528657,0.0,,2886154.824040697
2021-03-06 06:00:26.970,1,0.8986732665291893,1395.6078123999966,0.0,,2879040.619342216
2021-03-06 06:00:26.980,1,1.0870834446416742,1396.117927762538,0.0,,2880210.669413466
2021-03-06 06:00:26.990,1,1.0159274191555585,1390.0835093517285,0.0,,2866515.0882153306
2021-03-06 06:00:27.000,1,1.2095042605746409,1382.3940169861312,0.0,,2849086.559814004
2021-03-06 06:00:27.010,1,0.9625552895218767,1383.7936909219434,0.0,,2852247.4312223033
2021-03-06 06:00:27.020,1,1.1872446701631725,1391.9983361937946,0.0,,2870866.53350887
2021-03-06 06:00:27.030,1,0.9457054609342986,1381.6059057524317,0.0,,2847289.8901445162
2021-03-06 06:00:27.040,1,0.960399225945884,1388.3178967218637,0.0,,2862505.3918448505
2021-03-06 06:00:27.050,1,0.8904584580126315,1407.4131228702988,0.0,,2905839.192341976
2021-03-06 06:00:27.060,1,1.1100098440270991,1385.9570556023957,0.0,,2857160.755565448
2021-03-06 06:00:27.070,1,0.9543553735077134,1407.7325956980108,0.0,,2906572.277771765
2021-03-06 06:00:27.080,1,0.8695246871519033,1397.9322246961124,0.0,,2884316.3405883466
2021-03-06 06:00:27.090,1,0.8019801598357787,1409.8080475123984,0.0,,2911276.8237162004
2021-03-06 06:00:27.100,1,0.8344345306795986,1393.0524184688195,0.0,,2873241.1607289086
2021-03-06 06:00:27.110,1,0.8945006016329827,1402.9878925980606,0.0,,2895792.9156796345
2021-03-06 06:00:27.120,1,0.8942523219383454,1407.6653625447557,0.0,,2906413.5059170797
2021-03-06 06:00:27.130,1,1.0341836946619267,1392.931674097096,0.0,,2872976.0785636716
2021-03-06 06:00:27.140,1,1.1159855148547355,1389.3492664382818,0.0,,2864850.5663355812
2021-03-06 06:00:27.150,1,1.1229506418762163,1401.6702209856644,0.0,,2892813.877060339
2021-03-06 06:00:27.160,1,0.839331516662967,1400.746555178189,0.0,,2890702.98928282
2021-03-06 06:00:27.170,1,0.8930808080719431,1414.2966180140131,0.0,,2921476.365263365
2021-03-06 06:00:27.180,1,0.7588443687365631,1418.4357030496578,0.0,,2930872.257226096
2021-03-06 06:00:27.190,1,0.981270315130478,1406.9850439839636,0.0,,2904874.080322394
2021-03-06 06:00:27.200,1,1.0821832284787392,1411.4897126785363,0.0,,2915113.5278759603
2021-03-06 06:00:27.210,1,0.8678389550913409,1404.8154625459222,0.0,,2899941.534702945
2021-03-06 06:00:27.220,1,1.0750573548720357,1413.5922462360056,0.0,,2919886.474905963
2021-03-06 06:00:27.230,1,0.9394692593506508,1413.0470329182713,0.0,,2918640.7704606433
2021-03-06 06:00:27.240,1,0.960625970950578,1408.663518360211,0.0,,2908679.594552094
2021-03-06 06:00:27.250,1,0.8653031293454847,1425.0551462129847,0.0,,2945932.342411951
2021-03-06 06:00:27.260,1,1.0243779640986246,1429.594730458968,0.0,,2956264.2879330614
2021-03-06 06:00:27.270,1,1.0952274994160318,1430.8277937289731,0.0,,2959073.8927306724
2021-03-06 06:00:27.280,1,0.9862774608378256,1429.3691263107764,0.0,,2955748.2950060843
2021-03-06 06:00:27.290,1,0.9678343675131312,1434.5889633009815,0.0,,2967624.435370081
2021-03-06 06:00:27.300,1,0.8023285992680713,1425.430668701462,0.0,,2946782.7339922423
2021-03-06 06:00:27.310,1,0.8750322680687191,1440.8348197759417,0.0,,2981834.35478482
2021-03-06 06:00:27.320,1,0.8593476444689071,1422.3311305135446,0.0,,2939735.977031177
2021-03-06 06:00:27.330,1,0.9400338748900204,1419.8038627356782,0.0,,2933995.620903186
2021-03-06 06:00:27.340,1,0.8034064544780416,1427.3172547945635,0.0,,2951072.6667740317
2021-03-06 06:00:27.350,1,0.8477822864464406,1432.7367825203562,0.0,,2963399.783666228
2021-03-06 06:00:27.360,1,0.8518334779067565,1437.6339449398251,0.0,,2974546.2589076306
2021-03-06 06:00:27.370,1,1.0125545061014534,1424.9236278145625,0.0,,2945639.1840361934
2021-03-06 06:00:27.380,1,0.8406361091898185,1438.0365028482522,0.0,,2975462.5054781684
2021-03-06 06:00:27.390,1,0.7791718628171808,1430.5148246200931,0.0,,2958343.788637397
2021-03-06 06:00:27.400,1,0.7809244665538787,1436.9475910186936,0.0,,2972981.2428295612
2021-03-06 06:00:27.410,1,1.1285284100006805,1429.9307179170194,0.0,,2957032.440277968
2021-03-06 06:00:27.420,1,0.99180954591779,1442.3077741909397,0.0,,2985191.4584394065
2021-03-06 06:00:27.430,1,0.7933652941741574,1455.9372777293772,0.0,,3016228.042684302
2021-03-06 06:00:27.440,1,1.0033748642252802,1433.8080647482311,0.0,,2965849.948991866
2021-03-06 06:00:27.450,1,0.9778995497952064,1430.7992084151804,0.0,,2959000.9158574985
2021-03-06 06:00:27.460,1,1.0034755751029398,1433.2352396803574,0.0,,2964544.278761268
2021-03-06 06:00:27.470,1,1.1235974053487834,1418.2601292190127,0.0,,2930499.8590145838
2021-03-06 06:00:27.480,1,1.1072864109560157,1439.1749147530502,0.0,,2978066.348611158
2021-03-06 06:00:27.490,1,0.9080312825761252,1420.7891406919516,0.0,,2936237.158394855
2021-03-06 06:00:27.500,1,1.1725392290178471,1429.4811579896905,0.0,,2956014.665095491
2021-03-06 06:00:27.510,1,1.2128876637848518,1432.5493920967383,0.0,,2962991.824789682
2021-03-06 06:00:27.520,1,1.014449759348052,1434.56953823177,0.0,,2967581.324599126
2021-03-06 06:00:27.530,1,1.0057700870262911,1426.5655543954358,0.0,,2949373.3130890117
2021-03-06 06:00:27.540,1,0.9373787217693036,1431.6572682083292,0.0,,2960953.0262494637
2021-03-06 06:00:27.550,1,0.8431674992311695,1424.3031406155496,0.0,,2944226.0430845288
2021-03-06 06:00:27.560,1,0.9611392880993174,1429.766352202229,0.0,,2956651.302036992
2021-03-06 06:00:27.570,1,0.8756327443032728,1425.080041186929,0.0,,2945992.1650632047
2021-03-06 06:00:27.580,1,1.220042781161313,1427.2163839241696,0.0,,2950863.528736325
2021-03-06 06:00:27.590,1,1.1075449054434598,1425.5760876847637,0.0,,2947131.3918569274
2021-03-06 06:00:27.600,1,0.9548076912035756,1424.499749125983,0.0,,2944676.324000968
2021-03-06 06:00:27.610,1,1.0351017401006126,1414.9724888807878,0.0,,2923021.8706160984
2021-03-06 06:00:27.620,1,1.1922841123175374,1407.1010402494546,0.0,,2905149.2488224832
2021-03-06 06:00:27.630,1,1.1046013070685905,1420.384893826435,0.0,,2935325.639310331
2021-03-06 06:00:27.640,1,1.2152677631383442,1415.1768087624046,0.0,,2923495.5227532843
2021-03-06 06:00:27.650,1,1.3119705717242365,1413.2848679790154,0.0,,2919201.5489772134
2021-03-06 06:00:27.660,1,1.3922635405348025,1417.508321586915,0.0,,2928803.414807654
2021-03-06 06:00:27.670,1,1.2716624203865157,1400.4308292537803,0.0,,2890005.7445869152
2021-03-06 06:00:27.680,1,1.0194835456461884,1419.0633677724445,0.0,,2932317.458494638
2021-03-06 06:00:27.690,1,1.288282325463393,1408.7732754888827,0.0,,2908946.1858797288
2021-03-06 06:00:27.700,1,1.0624187836609391,1402.131946859634,0.0,,2893861.504102393
2021-03-06 06:00:27.710,1,1.3479024294124795,1401.9609591068383,0.0,,2893484.778909552
2021-03-06 06:00:27.720,1,1.4237483148372048,1411.266151646268,0.0,,2914622.543541209
2021-03-06 06:00:27.730,1,1.2917580807483138,1410.9722883177035,0.0,,2913945.9039928652
2021-03-06 06:00:27.740,1,1.1522623401031469,1385.9766055037858,0.0,,2857208.3145701406
2021-03-06 06:00:27.750,1,1.4180623685597895,1408.9805563161826,0.0,,2909427.842285427
2021-03-06 06:00:27.760,1,1.1183619533574798,1413.625523826261,0.0,,2919967.61223649
2021-03-06 06:00:27.770,1,1.114561491669624,1395.4212032451474,0.0,,2878632.0441033253
2021-03-06 06:00:27.780,1,1.4921420878981602,1393.4948055828463,0.0,,2874275.819518591
2021-03-06 06:00:27.790,1,1.2978258682559132,1396.0513978593656,0.0,,2880068.302134941
2021-03-06 06:00:27.800,1,1.314843643092075,1399.8888322331309,0.0,,2888780.0894658365
2021-03-06 06:00:27.810,1,1.5130463125483655,1398.0182356968835,0.0,,2884543.261053231
2021-03-06 06:00:27.820,1,1.1938940847682749,1410.3225749182873,0.0,,2912465.4912728383
2021-03-06 06:00:27.830,1,1.4146787095458893,1404.4868284948666,0.0,,2899219.903530305
2021-03-06 06:00:27.840,1,1.372296667733642,1410.9270234961778,0.0,,2913847.518045832
2021-03-06 06:00:27.850,1,1.3790908771371009,1401.3991932321692,0.0,,2892207.973198805
2021-03-06 06:00:27.860,1,1.378956772020116,1405.1455980057708,0.0,,2900717.8131456217
2021-03-06 06:00:27.870,1,1.1756692819589876,1411.2158430211746,0.0,,2914494.599981803
2021-03-06 06:00:27.880,1,1.3516849806606168,1392.21547750819,0.0,,2871368.4111371404
2021-03-06 06:00:27.890,1,1.1003937039390297,1398.9803961756363,0.0,,2886704.7410174184
2021-03-06 06:00:27.900,1,1.5741955159441618,1415.3960010843082,0.0,,2924010.5720423386
2021-03-06 06:00:27.910,1,1.4851811947747184,1403.2109222225638,0.0,,2896330.1192240044
2021-03-06 06:00:27.920,1,1.2030299667409934,1410.8835157911346,0.0,,2913740.62884188
2021-03-06 06:00:27.930,1,1.2051126238166243,1407.8763829624054,0.0,,2906904.5926109045
2021-03-06 06:00:27.940,1,1.3428829034584506,1416.6001229676187,0.0,,2926735.5115951123
2021-03-06 06:00:27.950,1,1.525432540783655,1397.3769549659264,0.0,,2883089.624861103
2021-03-06 06:00:27.960,1,1.2678183700285504,1404.315506434803,0.0,,2898827.844091885
2021-03-06 06:00:27.970,1,1.2804648682053814,1417.1669087822302,0.0,,2928020.319452921
2021-03-06 06:00:27.980,1,1.0341585107772164,1409.5687064257777,0.0,,2910747.6053640717
2021-03-06 06:00:27.990,1,1.5486060206298504,1402.3221259533225,0.0,,2894315.7891331934
2021-03-06 06:00:28.000,1,1.4375086561063009,1426.2869688314065,0.0,,2948765.4660386434
2021-03-06 06:00:28.010,1,1.2755390438094851,1406.1472014850146,0.0,,2902986.372109921
2021-03-06 06:00:28.020,1,1.291034685932296,1408.2815626100296,0.0,,2907832.9245399274
2021-03-06 06:00:28.030,1,1.3550272494853648,1402.55500208901,0.0,,2894831.3642980014
2021-03-06 06:00:28.040,1,1.1840478610608949,1409.3696064455137,0.0,,2910296.7987816185
2021-03-06 06:00:28.050,1,1.4778204440509777,1412.011857458098,0.0,,2916318.415997929
2021-03-06 06:00:28.060,1,1.2203693800395896,1403.6713902333768,0.0,,2897359.7112006075
2021-03-06 06:00:28.070,1,1.081702098494222,1418.4624989684548,0.0,,2930953.378081977
2021-03-06 06:00:28.080,1,1.2469115658102248,1406.0428151508186,0.0,,2902746.438873568
2021-03-06 06:00:28.090,1,1.3397807692103425,1409.8489393660543,0.0,,2911395.02226364
2021-03-06 06:00:28.100,1,1.0237887171681064,1421.6617043803146,0.0,,2938225.46559311
2021-03-06 06:00:28.110,1,1.3966370937911952,1415.9412037041598,0.0,,2925237.237455916
2021-03-06 06:00:28.120,1,1.4210280825660957,1402.8555328591572,0.0,,2895519.377089748
2021-03-06 06:00:28.130,1,1.2210684368850235,1413.0851870354015,0.0,,2918738.7303436254
2021-03-06 06:00:28.140,1,1.2419010846024767,1409.7351855761656,0.0,,2911127.4090110385
2021-03-06 06:00:28.150,1,1.3582267150137068,1395.8518159697603,0.0,,2879618.592399391
2021-03-06 06:00:28.160,1,1.3624892120464391,1405.541142674486,0.0,,2901615.03283403
2021-03-06 06:00:28.170,1,1.0412396434553406,1409.3920246910916,0.0,,2910344.123502132
2021-03-06 06:00:28.180,1,1.0311738875688532,1411.568583641557,0.0,,2915283.9235573513
2021-03-06 06:00:28.190,1,1.2665192634134987,1402.4684753673034,0.0,,2894633.1403588583
2021-03-06 06:00:28.200,1,1.0131577182328917,1406.0442709991992,0.0,,2902734.397329169
2021-03-06 06:00:28.210,1,1.3115025430467566,1407.6984323424017,0.0,,2906508.4201778816
2021-03-06 06:00:28.220,1,0.9391397797190796,1404.8005750141965,0.0,,2899911.633427734
2021-03-06 06:00:28.230,1,1.2695859149083786,1414.456645010631,0.0,,2921862.337481722
2021-03-06 06:00:28.240,1,1.2787001717576474,1399.0726861134674,0.0,,2886925.139771768
2021-03-06 06:00:28.250,1,1.2670286469728185,1404.337148175803,0.0,,2898875.068260861
2021-03-06 06:00:28.260,1,1.2808586210107846,1392.061284508787,0.0,,2871010.374437755
2021-03-06 06:00:28.270,1,1.177723749218419,1394.5633085511176,0.0,,2876687.1318469374
2021-03-06 06:00:28.280,1,1.1179650309111249,1397.8861934731217,0.0,,2884220.955472367
2021-03-06 06:00:28.290,1,1.1782943742151109,1401.3968760269047,0.0,,2892196.341082575
2021-03-06 06:00:28.300,1,0.9148311350020828,1403.5234841100012,0.0,,2897009.392023537
2021-03-06 06:00:28.310,1,1.1983375004749448,1391.5536810521744,0.0,,2869858.6765405377
2021-03-06 06:00:28.320,1,0.8803139348156471,1387.6658872074577,0.0,,2861024.7761273663
2021-03-06 06:00:28.330,1,1.275375751037213,1390.4871654332703,0.0,,2867443.8984888205
2021-03-06 06:00:28.340,1,0.8482392709890889,1387.2806173558542,0.0,,2860148.8794914614
2021-03-06 06:00:28.350,1,0.9325141884837862,1394.398474267524,0.0,,2876296.9584063697
2021-03-06 06:00:28.360,1,1.0726700362155186,1385.045766005452,0.0,,2855091.872221641
2021-03-06 06:00:28.370,1,1.1343615992690228,1381.5603666413165,0.0,,2847194.51108126
2021-03-06 06:00:28.380,1,1.1707152583097482,1380.955336278614,0.0,,2845824.7841143305
2021-03-06 06:00:28.390,1,1.0030089179459238,1385.9753348857423,0.0,,2857198.4612953207
2021-03-06 06:00:28.400,1,0.952754435773114,1379.5523300623531,0.0,,2842630.278664933
2021-03-06 06:00:28.410,1,1.2088786933893414,1383.5729629559366,0.0,,2851760.5452922364
2021-03-06 06:00:28.420,1,1.2505640262628244,1372.702331690534,0.0,,2827123.0389791257
2021-03-06 06:00:28.430,1,0.9264213316973978,1373.2816228933937,0.0,,2828421.289583631
2021-03-06 06:00:28.440,1,1.048079711855989,1374.6819490813516,0.0,,2831599.4781776336
2021-03-06 06:00:28.450,1,1.2467989150575138,1375.4765955524367,0.0,,2833410.6569423163
2021-03-06 06:00:28.460,1,1.1757934596083328,1379.23749853531,0.0,,2841931.777125427
2021-03-06 06:00:28.470,1,1.006805362937112,1384.1010048831326,0.0,,2852949.778154539
2021-03-06 06:00:28.480,1,0.9426884991314264,1371.8139612442446,0.0,,2825098.416835572
2021-03-06 06:00:28.490,1,0.8495297098617228,1361.9245418144026,0.0,,2802699.664699351
2021-03-06 06:00:28.500,1,0.9556185575656306,1374.674886050541,0.0,,2831581.2250461653
2021-03-06 06:00:28.510,1,1.185114558604352,1384.457474502074,0.0,,2853761.7829626016
2021-03-06 06:00:28.520,1,1.0959005829061057,1372.5188133517297,0.0,,2826702.424187339
2021-03-06 06:00:28.530,1,1.0745893457642022,1396.8874319882473,0.0,,2881954.1904654
2021-03-06 06:00:28.540,1,1.076312717192918,1375.6971542941317,0.0,,2833902.5502720037
2021-03-06 06:00:28.550,1,0.9690425561977716,1380.8753375222525,0.0,,2845630.464071127
2021-03-06 06:00:28.560,1,1.2436212935575193,1366.7802354078349,0.0,,2813709.496691122
2021-03-06 06:00:28.570,1,0.9632963323543088,1380.2069228539488,0.0,,2844117.955168004
2021-03-06 06:00:28.580,1,0.9185245101973774,1360.9600473836983,0.0,,2800523.875425746
2021-03-06 06:00:28.590,1,0.99228555994363,1375.4132597499229,0.0,,2833257.5777051058
2021-03-06 06:00:28.600,1,0.9268205683289058,1398.8316156917606,0.0,,2886358.6783888363
2021-03-06 06:00:28.610,1,0.9314557247405292,1371.1910686267306,0.0,,2823685.1066768607
2021-03-06 06:00:28.620,1,0.9688083807491576,1387.869661101627,0.0,,2861491.5125641967
2021-03-06 06:00:28.630,1,0.9555288471482152,1399.995671598326,0.0,,2889006.9254969163
2021-03-06 06:00:28.640,1,0.9215731368971024,1389.0889939915835,0.0,,2864253.8391804458
2021-03-06 06:00:28.650,1,0.9100572632977042,1391.0337979145231,0.0,,2868667.1876823534
2021-03-06 06:00:28.660,1,1.1473341825097818,1412.4814719656024,0.0,,2917366.9248828213
2021-03-06 06:00:28.670,1,1.2767573460124408,1390.2552118274984,0.0,,2866914.72987579
2021-03-06 06:00:28.680,1,0.9427940139430836,1404.5631776812188,0.0,,2899372.1240627435
2021-03-06 06:00:28.690,1,1.0515988285107782,1397.9760627995404,0.0,,2884422.5150826694
2021-03-06 06:00:28.700,1,1.0462670214957035,1390.6777895669538,0.0,,2867868.4992034803
2021-03-06 06:00:28.710,1,1.2115539312412524,1394.6100046069532,0.0,,2876792.2287027314
2021-03-06 06:00:28.720,1,1.1675334790153855,1389.0519266973786,0.0,,2864181.517436575
2021-03-06 06:00:28.730,1,0.963721175320822,1396.810119596858,0.0,,2881774.7779350476
2021-03-06 06:00:28.740,1,1.2409411339743577,1399.225157271556,0.0,,2887273.7715046806
2021-03-06 06:00:28.750,1,1.364176160631264,1399.6878208968728,0.0,,2888325.999292095
2021-03-06 06:00:28.760,1,1.156910388099586,1419.6005671326386,0.0,,2933546.8852637466
2021-03-06 06:00:28.770,1,1.3541359614152266,1421.759315591269,0.0,,2938463.9518246683
2021-03-06 06:00:28.780,1,1.0077256630299656,1426.7090943970636,0.0,,2949701.0019785347
2021-03-06 06:00:28.790,1,1.3459624928956233,1412.941931946553,0.0,,2918424.6429131483
2021-03-06 06:00:28.800,1,0.9252789116328928,1429.1971831676624,0.0,,2955355.4251911547
2021-03-06 06:00:28.810,1,1.3560299537758265,1416.028654473511,0.0,,2925438.6399832605
2021-03-06 06:00:28.820,1,1.266553471355559,1423.1955925312925,0.0,,2941727.394864986
2021-03-06 06:00:28.830,1,0.9230357076227912,1419.1493046793744,0.0,,2932507.856092153
2021-03-06 06:00:28.840,1,1.2010646311024258,1406.8055016236412,0.0,,2904477.2762134885
2021-03-06 06:00:28.850,1,0.896867679288073,1422.6223286129978,0.0,,2940402.6019278443
2021-03-06 06:00:28.860,1,1.258554204356637,1442.0533705825228,0.0,,2984622.131640955
2021-03-06 06:00:28.870,1,1.2589052327414982,1431.337694304632,0.0,,2960241.446015173
2021-03-06 06:00:28.880,1,1.2121086894153386,1421.3679325079352,0.0,,2937564.595269478
2021-03-06 06:00:28.890,1,1.0524356340114824,1410.8467247463066,0.0,,2913644.870640399
2021-03-06 06:00:28.900,1,1.2759178509072868,1421.4170617696625,0.0,,2937681.9096150976
2021-03-06 06:00:28.910,1,1.017551733682529,1419.327745454628,0.0,,2932916.5197963617
2021-03-06 06:00:28.920,1,0.9168792074822288,1427.0895072585345,0.0,,2950560.100671905
2021-03-06 06:00:28.930,1,1.2280399349797977,1423.3337515032322,0.0,,2942033.9411720894
2021-03-06 06:00:28.940,1,0.9673645804391338,1415.1491650320252,0.0,,2923413.0456946297
2021-03-06 06:00:28.950,1,1.0630384815518417,1427.426744960783,0.0,,2951335.791490563
2021-03-06 06:00:28.960,1,1.1580742384386928,1433.2719465561154,0.0,,2964634.3985064914
2021-03-06 06:00:28.970,1,1.838722004567312,1423.600707910221,0.0,,2942670.2879632083
2021-03-06 06:00:28.980,1,1.201727351166645,1412.7954002138608,0.0,,2918085.559887763
2021-03-06 06:00:28.990,1,0.9360691851770973,1426.960212278432,0.0,,2950268.4733979953
2021-03-06 06:00:29.000,1,0.9564170168417208,1425.2377193142393,0.0,,2946349.6012544697
2021-03-06 06:00:29.010,1,0.9666932757095748,1428.7761008762302,0.0,,2954398.5426704446
2021-03-06 06:00:29.020,1,0.8188917751341239,1418.89907634068,0.0,,2931932.8764069187
2021-03-06 06:00:29.030,1,0.8165001889490539,1426.9197583606906,0.0,,2950168.2690283856
2021-03-06 06:00:29.040,1,1.0867024882864986,1426.2958808952594,0.0,,2948762.520942183
2021-03-06 06:00:29.050,1,1.0198526613933776,1415.6102539549906,0.0,,2924470.6284953053
2021-03-06 06:00:29.060,1,1.0413008193368027,1429.0798298242896,0.0,,2955095.9085991806
2021-03-06 06:00:29.070,1,0.8397441918251686,1420.9954763363962,0.0,,2936698.5613233703
2021-03-06 06:00:29.080,1,1.1387573664188029,1411.3186587595849,0.0,,2914720.7496550856
2021-03-06 06:00:29.090,1,1.00265215413587,1411.5630772178797,0.0,,2915271.0219037873
2021-03-06 06:00:29.100,1,1.0906840269965905,1410.2454619855032,0.0,,2912286.5960536995
2021-03-06 06:00:29.110,1,0.8679605140495741,1399.332196181599,0.0,,2887489.0737166316
2021-03-06 06:00:29.120,1,0.9338962870075947,1409.0110084727191,0.0,,2909471.3452105764
2021-03-06 06:00:29.130,1,0.7435720011745756,1424.1372726179306,0.0,,2943841.3275207365
2021-03-06 06:00:29.140,1,0.955593042054968,1404.7629069828486,0.0,,2899830.7336331387
2021-03-06 06:00:29.150,1,0.9235628957248848,1401.704025533697,0.0,,2892879.3797560493
2021-03-06 06:00:29.160,1,0.8694586423479228,1413.0457739371343,0.0,,2918633.449052606
2021-03-06 06:00:29.170,1,0.902418229369854,1414.575771490919,0.0,,2922113.438330826
2021-03-06 06:00:29.180,1,0.9618499539366064,1408.8556758234945,0.0,,2909121.04648711
2021-03-06 06:00:29.190,1,0.6992281841530058,1414.2550565098763,0.0,,2921374.715153009
2021-03-06 06:00:29.200,1,0.9079736824478508,1420.8497790439658,0.0,,2936375.3438208858
2021-03-06 06:00:29.210,1,0.8763170973742795,1418.2382740840549,0.0,,2930434.398011549
2021-03-06 06:00:29.220,1,1.0055425224038412,1407.3887191715569,0.0,,2905792.5857104408
2021-03-06 06:00:29.230,1,0.924381307215432,1412.8448310017084,0.0,,2918181.2979308716
2021-03-06 06:00:29.240,1,0.6899868812333938,1407.7365213724374,0.0,,2906567.8401166573
2021-03-06 06:00:29.250,1,0.8912808259250606,1415.3418297612411,0.0,,2923858.7528043767
2021-03-06 06:00:29.260,1,0.898793445279473,1423.6833977759647,0.0,,2942817.70913592
2021-03-06 06:00:29.270,1,0.9624941306054714,1415.5325035940411,0.0,,2924293.787257122
2021-03-06 06:00:29.280,1,0.7451121597139496,1427.4751654030224,0.0,,2951426.6849288116
2021-03-06 06:00:29.290,1,0.7821569033216598,1416.0867393998649,0.0,,2925540.391512247
2021-03-06 06:00:29.300,1,0.7597713253636089,1414.206846183346,0.0,,2921265.5400796565
2021-03-06 06:00:29.310,1,0.9404723391527108,1408.5867446358814,0.0,,2908511.4667326063
2021-03-06 06:00:29.320,1,0.7602519796310959,1398.8186747207865,0.0,,2886322.2127210265
2021-03-06 06:00:29.330,1,0.8972454378504692,1438.5661754573275,0.0,,2976668.3057977892
2021-03-06 06:00:29.340,1,0.8703632107113425,1418.5013718189614,0.0,,2931035.264766631
2021-03-06 06:00:29.350,1,0.8826348665031111,1414.6478395769957,0.0,,2922275.072750787
2021-03-06 06:00:29.360,1,0.9190408527196824,1413.0992284609918,0.0,,2918762.5518672206
2021-03-06 06:00:29.370,1,0.8254376532364355,1429.8467051028326,0.0,,2956830.744517267
2021-03-06 06:00:29.380,1,0.8098513159647556,1429.325897514337,0.0,,2955641.6793968393
2021-03-06 06:00:29.390,1,0.6498556932778028,1428.0241316982058,0.0,,2952671.3957240554
2021-03-06 06:00:29.400,1,0.9535956875257872,1430.0112124820816,0.0,,2957208.9600657383
2021-03-06 06:00:29.410,1,0.7912506692224494,1427.14510509782,0.0,,2950679.1940839984
2021-03-06 06:00:29.420,1,0.8748033690955921,1423.0742450562257,0.0,,2941428.6489980593
2021-03-06 06:00:29.430,1,0.9639449910442652,1407.397130885869,0.0,,2905804.701082021
2021-03-06 06:00:29.440,1,0.8779210554179522,1418.8862784318806,0.0,,2931907.818238436
2021-03-06 06:00:29.450,1,0.8096950614896867,1423.3407186863683,0.0,,2942034.512453914
2021-03-06 06:00:29.460,1,0.7670606898140958,1434.573417601316,0.0,,2967576.4399855435
2021-03-06 06:00:29.470,1,0.989396466539714,1435.7462851564908,0.0,,2970259.3839277998
2021-03-06 06:00:29.480,1,0.910189711169325,1443.1773633180164,0.0,,2987172.3440642757
2021-03-06 06:00:29.490,1,0.7803341134348639,1451.4479572899925,0.0,,3005997.291957933
2021-03-06 06:00:29.500,1,0.7569850447962556,1415.1610718235763,0.0,,2923439.6148708584
2021-03-06 06:00:29.510,1,1.0031870135257397,1438.6066357475986,0.0,,2976770.0313643743
2021-03-06 06:00:29.520,1,0.7330444104373283,1438.3625172515992,0.0,,2976196.1691628625
2021-03-06 06:00:29.530,1,0.8877949531593762,1442.3491788234348,0.0,,2985283.0511725876
2021-03-06 06:00:29.540,1,0.6997237735992311,1449.038890615444,0.0,,3000507.491706737
2021-03-06 06:00:29.550,1,0.7814820089090105,1447.618662525453,0.0,,2997274.447208928
2021-03-06 06:00:29.560,1,0.7494510783229554,1428.113840599372,0.0,,2952882.9104040577
2021-03-06 06:00:29.570,1,0.8286984261917756,1452.2116182686286,0.0,,3007742.0665230346
2021-03-06 06:00:29.580,1,0.8374430962669125,1433.73295038981,0.0,,2965672.9022356384
2021-03-06 06:00:29.590,1,1.007468767896578,1429.6529095112562,0.0,,2956395.0480016638
2021-03-06 06:00:29.600,1,0.7386096343133121,1428.7649167207285,0.0,,2954361.483015691
2021-03-06 06:00:29.610,1,0.9481539887718908,1435.2235900223227,0.0,,2969067.796083868
2021-03-06 06:00:29.620,1,1.0307127383914598,1428.8327782329786,0.0,,2954530.633601234
2021-03-06 06:00:29.630,1,0.7733396063211677,1437.7314110432965,0.0,,2974763.32252793
2021-03-06 06:00:29.640,1,0.8241176004506228,1432.296486195061,0.0,,2962400.759805451
2021-03-06 06:00:29.650,1,1.0002916032103584,1443.4136723160298,0.0,,2987711.19216569
2021-03-06 06:00:29.660,1,0.8902546500203,1440.8025983404284,0.0,,2981759.840170696
2021-03-06 06:00:29.670,1,0.9156207185665594,1435.249635596193,0.0,,2969123.5024684933
2021-03-06 06:00:29.680,1,0.841831733019716,1411.1362589592036,0.0,,2914298.444732501
2021-03-06 06:00:29.690,1,1.031843583252514,1433.2168259776593,0.0,,2964505.8355542
2021-03-06 06:00:29.700,1,0.9458575110866996,1424.3427970158014,0.0,,2944316.095284899
2021-03-06 06:00:29.710,1,1.1605124262890996,1425.824971940361,0.0,,2947697.460197463
2021-03-06 06:00:29.720,1,0.935672781328528,1428.5095081304723,0.0,,2953792.6996966978
2021-03-06 06:00:29.730,1,0.8984377446234164,1435.710158504299,0.0,,2970172.1351058963
2021-03-06 06:00:29.740,1,1.1648381742134564,1424.0434163437048,0.0,,2943647.6188710993
2021-03-06 06:00:29.750,1,1.079394906026069,1424.4648532870856,0.0,,2944598.624912536
2021-03-06 06:00:29.760,1,1.18352373475398,1416.5716126594643,0.0,,2926660.25267254
2021-03-06 06:00:29.770,1,1.170101465660122,1419.1856048606326,0.0,,2932602.067852866
2021-03-06 06:00:29.780,1,1.1207460594258087,1415.0137994892254,0.0,,2923117.3194706202
2021-03-06 06:00:29.790,1,0.974230319836725,1421.427916520711,0.0,,2937686.14006611
2021-03-06 06:00:29.800,1,0.886106695729193,1428.9614406174906,0.0,,2954817.3233245406
2021-03-06 06:00:29.810,1,1.1199182554571223,1421.165963760198,0.0,,2937102.822911647
2021-03-06 06:00:29.820,1,1.0291819117717735,1397.6551331208764,0.0,,2883692.372387087
2021-03-06 06:00:29.830,1,1.1786730515237378,1405.9147070605752,0.0,,2902453.403255294
2021-03-06 06:00:29.840,1,1.1859988348103476,1421.2582792031824,0.0,,2937313.862362677
2021-03-06 06:00:29.850,1,0.9558317198122364,1402.8474132386364,0.0,,2895478.465160885
2021-03-06 06:00:29.860,1,0.9596053291798043,1399.092473040889,0.0,,2886952.5914402944
2021-03-06 06:00:29.870,1,1.128047752457064,1392.2580938564276,0.0,,2871452.4295575633
2021-03-06 06:00:29.880,1,0.9184365352664828,1397.3593790305752,0.0,,2883020.469553869
2021-03-06 06:00:29.890,1,0.9736291165599908,1404.196482047632,0.0,,2898543.834809222
2021-03-06 06:00:29.900,1,0.9477045762430848,1404.5768517398794,0.0,,2899405.406485348
2021-03-06 06:00:29.910,1,1.160834240943372,1391.8326879308358,0.0,,2870490.3050801144
2021-03-06 06:00:29.920,1,0.9996459443598744,1399.0998869045286,0.0,,2886972.5521839294
2021-03-06 06:00:29.930,1,1.248780428759014,1406.601596824899,0.0,,2904018.0482026683
2021-03-06 06:00:29.940,1,1.2835961289372575,1403.2760125472962,0.0,,2896467.926942618
2021-03-06 06:00:29.950,1,0.95424276753536,1394.2697801748084,0.0,,2876007.98079893
2021-03-06 06:00:29.960,1,0.9229456924193647,1393.0973144255277,0.0,,2873350.779355897
2021-03-06 06:00:29.970,1,1.033800769328333,1410.5056456375423,0.0,,2912876.5570801925
2021-03-06 06:00:29.980,1,1.0398221357073678,1405.4210181478436,0.0,,2901326.2501267246
2021-03-06 06:00:29.990,1,1.2103669658264908,1396.8322479423275,0.0,,2881832.9602586385
2021-03-06 06:00:30.000,1,0.9959581774156464,1394.1589081689265,0.0,,2875758.624260698
2021-03-06 06:00:30.010,1,1.2076782166630649,1395.0104775885166,0.0,,2877702.3264862923
2021-03-06 06:00:30.020,1,1.1282441582924363,1408.1413582565476,0.0,,2907508.218682252
2021-03-06 06:00:30.030,1,0.8771197608946033,1401.0712632625616,0.0,,2891437.546707118
2021-03-06 06:00:30.040,1,1.197798487530725,1401.8971736450762,0.0,,2893327.801248028
2021-03-06 06:00:30.050,1,0.8118895782960772,1397.8137693789574,0.0,,2884043.399168498
2021-03-06 06:00:30.060,1,0.8490262572121255,1400.436947436531,0.0,,2889999.092554602
2021-03-06 06:00:30.070,1,0.9594067315501498,1380.227626216452,0.0,,2844165.1405678373
2021-03-06 06:00:30.080,1,1.0335047574066163,1395.6673359910128,0.0,,2879185.345610391
2021-03-06 06:00:30.090,1,0.9984693777880176,1412.3720956384482,0.0,,2917114.3067883854
2021-03-06 06:00:30.100,1,1.189285140376028,1414.1494815503415,0.0,,2921160.366457132
2021-03-06 06:00:30.110,1,0.9052488343853442,1418.5962589524177,0.0,,2931254.4657399138
2021-03-06 06:00:30.120,1,0.7910554958661473,1412.922169693364,0.0,,2918349.7722401284
2021-03-06 06:00:30.130,1,1.1651422417745574,1406.064464755032,0.0,,2902789.4855433833
2021-03-06 06:00:30.140,1,1.073803189699223,1410.4012322454944,0.0,,2912633.7742573353
2021-03-06 06:00:30.150,1,0.7913587612013988,1417.3154599762313,0.0,,2928332.8022346995
2021-03-06 06:00:30.160,1,0.8581423522289611,1411.0426039166475,0.0,,2914085.541147306
2021-03-06 06:00:30.170,1,0.7986356155286859,1423.9600685060789,0.0,,2943442.726007715
2021-03-06 06:00:30.180,1,0.8761420280550626,1411.5712753178211,0.0,,2915285.5550840357
2021-03-06 06:00:30.190,1,0.8173002807681792,1409.6550901610208,0.0,,2910926.933906443
2021-03-06 06:00:30.200,1,1.0912586483383826,1415.2319592696488,0.0,,2923611.479823126
2021-03-06 06:00:30.210,1,1.0910688407703355,1425.7270003851693,0.0,,2947470.4636589168
2021-03-06 06:00:30.220,1,0.9511082975075564,1411.5296004814013,0.0,,2915194.643955304
2021-03-06 06:00:30.230,1,0.8915667527814068,1418.9340970150158,0.0,,2932012.644047688
2021-03-06 06:00:30.240,1,1.0499715328641188,1426.5689841192718,0.0,,2949383.5701162247
2021-03-06 06:00:30.250,1,0.9182193917349326,1434.4675433439322,0.0,,2967345.713823368
2021-03-06 06:00:30.260,1,0.9776693948480792,1438.87816240911,0.0,,2977386.3328488315
2021-03-06 06:00:30.270,1,0.8878018366329833,1426.6463797528922,0.0,,2949550.574302431
2021-03-06 06:00:30.280,1,0.9003945753333843,1431.5580848201134,0.0,,2960719.116222585
2021-03-06 06:00:30.290