time,ton,thrust,mfr,vl,anomaly_code,uv_360nm
2021-05-06 18:00:00.000,0,-0.0005431420495578,0.0,0.0,,12.691102565068174
2021-05-06 18:00:00.010,0,0.0002040004307642,0.0,1.0,,9.772359227152576
2021-05-06 18:00:00.020,0,-0.0038477479102465,0.0,1.0,,8.183986668460935
2021-05-06 18:00:00.030,0,-0.0023717294813561,0.0,1.0,,10.77256330817875
2021-05-06 18:00:00.040,0,0.000678255223897,0.0,1.0,,10.77972217860519
2021-05-06 18:00:00.050,0,0.0040167298314544,0.0,1.0,,7.487467788646801
2021-05-06 18:00:00.060,0,0.0010110584783474,0.0,1.0,,11.814445634575407
2021-05-06 18:00:00.070,0,-0.0008872797792027,0.0,1.0,,10.968948043635432
2021-05-06 18:00:00.080,0,0.0038836966928718,0.0,1.0,,13.076405140910007
2021-05-06 18:00:00.090,0,-0.0022418204162787,0.0,1.0,,9.275016857294583
2021-05-06 18:00:00.100,0,0.0002333348007387,0.0,1.0,,9.781549774639931
2021-05-06 18:00:00.110,0,-0.0020052078230079,0.0,1.0,,9.755288917821332
2021-05-06 18:00:00.120,0,-0.0041619464991917,0.0,1.0,,9.027057002929878
2021-05-06 18:00:00.130,0,-0.0019489957856807,0.0,1.0,,11.022741948901247
2021-05-06 18:00:00.140,0,-0.0011307958285197,0.0,1.0,,11.595468612843103
2021-05-06 18:00:00.150,0,0.003630781257131,0.0,1.0,,10.57863924131407
2021-05-06 18:00:00.160,0,0.000573742595059,0.0,0.0,,14.512324889973899
2021-05-06 18:00:00.170,0,-0.0038003736763795,0.0,0.0,,8.187656908400003
2021-05-06 18:00:00.180,0,1.4186306332266115e-05,0.0,0.0,,8.968787702159597
2021-05-06 18:00:00.190,0,-0.0008086531742601,0.0,0.0,,9.018271003224369
2021-05-06 18:00:00.200,0,-0.0023156143905301,0.0,0.0,,9.744707422232361
2021-05-06 18:00:00.210,0,0.0002531071349196,0.0,0.0,,7.740385073515965
2021-05-06 18:00:00.220,0,-0.0041817637823654,0.0,0.0,,13.134451685961794
2021-05-06 18:00:00.230,0,-7.836717045601245e-05,0.0,0.0,,9.287483387036811
2021-05-06 18:00:00.240,0,-0.0064465188106811,0.0,0.0,,10.942184293704646
2021-05-06 18:00:00.250,0,-0.0035113698031748,0.0,0.0,,12.370311688650135
2021-05-06 18:00:00.260,0,0.0031823948114757,0.0,0.0,,9.691935629025119
2021-05-06 18:00:00.270,0,-0.0007457423406813,0.0,0.0,,5.589103202422021
2021-05-06 18:00:00.280,0,0.0023148329560718,0.0,0.0,,14.35059990867132
2021-05-06 18:00:00.290,0,-0.0011331647646392,0.0,0.0,,13.339647255655546
2021-05-06 18:00:00.300,0,0.0015198975158551,0.0,0.0,,8.844587146967626
2021-05-06 18:00:00.310,0,0.002589334659885,0.0,0.0,,11.117199290909204
2021-05-06 18:00:00.320,0,-0.0031445361612399,0.0,0.0,,7.636078654621422
2021-05-06 18:00:00.330,0,-0.0003229161152812,0.0,0.0,,8.397475905664713
2021-05-06 18:00:00.340,0,-0.0046077731718092,0.0,0.0,,9.942528227104331
2021-05-06 18:00:00.350,0,0.0022592294064691,0.0,0.0,,9.97090122556601
2021-05-06 18:00:00.360,0,-0.0008160888091199,0.0,0.0,,12.529704757674986
2021-05-06 18:00:00.370,0,0.00222387310762,0.0,0.0,,10.547180798957912
2021-05-06 18:00:00.380,0,0.000318363158256,0.0,0.0,,9.828947119793218
2021-05-06 18:00:00.390,0,-0.0006781239918655,0.0,0.0,,11.54337449467241
2021-05-06 18:00:00.400,0,-0.0020987751063895,0.0,0.0,,9.913121376741842
2021-05-06 18:00:00.410,0,-0.0029074389159947,0.0,0.0,,14.659674307768269
2021-05-06 18:00:00.420,0,0.0035591579682033,0.0,0.0,,10.768601229762957
2021-05-06 18:00:00.430,0,0.0024657394804238,0.0,0.0,,9.544174537184052
2021-05-06 18:00:00.440,0,-0.0045752824209528,0.0,0.0,,10.989993762881667
2021-05-06 18:00:00.450,0,0.0008084330283104,0.0,0.0,,12.275140231794834
2021-05-06 18:00:00.460,0,-0.0020868019837736,0.0,0.0,,11.11018505772978
2021-05-06 18:00:00.470,0,0.0030003367544678,0.0,0.0,,9.257440972855719
2021-05-06 18:00:00.480,0,-0.0015089698434874,0.0,0.0,,11.258566893135837
2021-05-06 18:00:00.490,0,0.0041679825529614,0.0,0.0,,8.749247978357099
2021-05-06 18:00:00.500,0,0.0008894021153813,0.0,0.0,,9.792377352334686
2021-05-06 18:00:00.510,0,0.0009330730298462,0.0,0.0,,12.03544642065088
2021-05-06 18:00:00.520,0,-0.0026428066240882,0.0,0.0,,9.27721663555216
2021-05-06 18:00:00.530,0,-0.0012598263144495,0.0,0.0,,7.966523741369398
2021-05-06 18:00:00.540,0,0.0003593178522795,0.0,0.0,,12.599633729322946
2021-05-06 18:00:00.550,0,0.0044326865630694,0.0,0.0,,10.28206219440422
2021-05-06 18:00:00.560,0,0.0062194555276671,0.0,0.0,,9.944299641493712
2021-05-06 18:00:00.570,0,-0.003553170848944,0.0,0.0,,11.495588760219906
2021-05-06 18:00:00.580,0,-0.0025292650384176,0.0,0.0,,10.55081066971092
2021-05-06 18:00:00.590,0,-0.0012992601346437,0.0,0.0,,12.880707154763172
2021-05-06 18:00:00.600,0,0.0016861533428495,0.0,0.0,,14.590864287133112
2021-05-06 18:00:00.610,0,0.0020051773967513,0.0,0.0,,11.802557329453732
2021-05-06 18:00:00.620,0,0.0009665784801805,0.0,0.0,,10.552578357781215
2021-05-06 18:00:00.630,0,-0.0032663866750718,0.0,0.0,,15.180775872015023
2021-05-06 18:00:00.640,0,-0.0036405704411483,0.0,0.0,,9.13001114099647
2021-05-06 18:00:00.650,0,-0.0070425024842178,0.0,0.0,,9.703388590417187
2021-05-06 18:00:00.660,0,9.581078258454748e-05,0.0,0.0,,11.842945590442762
2021-05-06 18:00:00.670,0,-0.0013808315461622,0.0,0.0,,10.33122258000632
2021-05-06 18:00:00.680,0,-0.0012320832681673,0.0,0.0,,9.112716053292127
2021-05-06 18:00:00.690,0,-0.0014267528908155,0.0,0.0,,11.838101753822144
2021-05-06 18:00:00.700,0,0.0016569421209996,0.0,0.0,,10.879524759189323
2021-05-06 18:00:00.710,0,-0.003205920444144,0.0,0.0,,10.504491714078778
2021-05-06 18:00:00.720,0,-0.0026498000002729,0.0,0.0,,10.575158512645672
2021-05-06 18:00:00.730,0,-0.0063366966061218,0.0,0.0,,7.076111314153938
2021-05-06 18:00:00.740,0,-0.002313335004032,0.0,0.0,,9.364988518199429
2021-05-06 18:00:00.750,0,-0.0042265102298349,0.0,0.0,,6.4461812493767345
2021-05-06 18:00:00.760,0,-0.0023017612636002,0.0,0.0,,11.17451745586792
2021-05-06 18:00:00.770,0,-0.0012053533434205,0.0,0.0,,11.17967582514728
2021-05-06 18:00:00.780,0,0.0022625484086337,0.0,0.0,,13.6354627209476
2021-05-06 18:00:00.790,0,-5.095853461935943e-05,0.0,0.0,,8.367966620495
2021-05-06 18:00:00.800,0,-0.0007886017886151,0.0,0.0,,11.806983346963133
2021-05-06 18:00:00.810,0,-0.0006942679708004,0.0,0.0,,12.596129111105355
2021-05-06 18:00:00.820,0,-0.004925869745619,0.0,0.0,,9.485688737210356
2021-05-06 18:00:00.830,0,0.0009174582631833,0.0,0.0,,9.466071610815067
2021-05-06 18:00:00.840,0,0.0067346177124241,0.0,0.0,,9.37625066612763
2021-05-06 18:00:00.850,0,0.0041718139257479,0.0,0.0,,13.53916810248481
2021-05-06 18:00:00.860,0,-0.001031176620944,0.0,0.0,,12.189023759851644
2021-05-06 18:00:00.870,0,0.0023075232778666,0.0,0.0,,7.338725097752214
2021-05-06 18:00:00.880,0,-0.0022190882189139,0.0,0.0,,10.042971048982693
2021-05-06 18:00:00.890,0,-0.0056335972428212,0.0,0.0,,9.624505971005512
2021-05-06 18:00:00.900,0,-0.0022915609206793,0.0,0.0,,7.8345674271741315
2021-05-06 18:00:00.910,0,-0.0044624835625698,0.0,0.0,,13.0985272867744
2021-05-06 18:00:00.920,0,0.0012108634895061,0.0,0.0,,7.072416700455316
2021-05-06 18:00:00.930,0,0.0005068313462515,0.0,0.0,,11.104406422657295
2021-05-06 18:00:00.940,0,-0.0051017372037935,0.0,0.0,,12.59596237771797
2021-05-06 18:00:00.950,0,-0.0025629591654167,0.0,0.0,,9.259296830845066
2021-05-06 18:00:00.960,0,-0.0039104552065254,0.0,0.0,,11.43101291910908
2021-05-06 18:00:00.970,0,0.0003658315293588,0.0,0.0,,10.76324222874916
2021-05-06 18:00:00.980,0,0.0002271035681652,0.0,0.0,,12.594728067965299
2021-05-06 18:00:00.990,0,0.0003729462865985,0.0,0.0,,9.435571668866043
2021-05-06 18:00:01.000,1,0.0026427706226323,0.0,0.0,,10.272008731193534
2021-05-06 18:00:01.010,1,5.812360838711204e-05,0.0,0.0,,8.460346660081218
2021-05-06 18:00:01.020,1,0.0003805708853337,0.0,0.0,,9.630932990423204
2021-05-06 18:00:01.030,1,-0.0013317637776188,0.0,0.0,,11.475008410315212
2021-05-06 18:00:01.040,1,-0.0033906434431675,0.0,0.0,,8.169635385747064
2021-05-06 18:00:01.050,0,-0.0001831977889949,0.0,0.0,,6.406684394254983
2021-05-06 18:00:01.060,0,0.0024724344540784,0.0,0.0,,6.958769872614014
2021-05-06 18:00:01.070,0,-3.385247844549841e-05,0.0,0.0,,9.89766294148805
2021-05-06 18:00:01.080,0,-0.000596013279393,0.0,0.0,,12.577539420024511
2021-05-06 18:00:01.090,0,-0.0023161092418207,0.0,0.0,,9.138540434535635
2021-05-06 18:00:01.100,0,0.0024828403800872,0.0,0.0,,4.91580063519879
2021-05-06 18:00:01.110,0,0.0016114763390259,6.836611012726466,0.0,,8293.249123700685
2021-05-06 18:00:01.120,0,0.0220532701169472,26.05245775020784,0.0,,36106.6468828276
2021-05-06 18:00:01.130,0,0.0554798599012637,55.66921466023103,0.0,,83221.38497258804
2021-05-06 18:00:01.140,0,0.1059151531910641,95.15988046396544,0.0,,150085.08862290205
2021-05-06 18:00:01.150,0,0.1429497362263792,141.47442948589216,0.0,,232156.34325127277
2021-05-06 18:00:01.160,0,0.1762329971576397,186.76560777758613,0.0,,315102.19861357263
2021-05-06 18:00:01.170,0,0.2322237206970243,222.7713175131402,0.0,,382532.0258885948
2021-05-06 18:00:01.180,0,0.1918693977264843,254.12427397023944,0.0,,442150.14766331797
2021-05-06 18:00:01.190,0,0.2418013005817183,282.606841534135,0.0,,496957.4767205319
2021-05-06 18:00:01.200,0,0.3185389353064413,298.7960150602429,0.0,,528364.3540175885
2021-05-06 18:00:01.210,0,0.2929808376023091,311.230661677773,0.0,,552598.1205800665
2021-05-06 18:00:01.220,0,0.3388014509288676,323.8165630153399,0.0,,577230.8127408683
2021-05-06 18:00:01.230,0,0.3250322619796129,325.17441371026706,0.0,,579892.1482264753
2021-05-06 18:00:01.240,0,0.297706743272432,326.6667605938836,0.0,,582815.229978872
2021-05-06 18:00:01.250,0,0.2955381696855884,319.43701428561764,0.0,,568643.9062016315
2021-05-06 18:00:01.260,0,0.2820480465155874,316.3037889572681,0.0,,562513.4981940913
2021-05-06 18:00:01.270,0,0.2733288005400852,307.45138541843653,0.0,,545222.4451116807
2021-05-06 18:00:01.280,0,0.2896461697820267,297.89312376935885,0.0,,526604.4712739852
2021-05-06 18:00:01.290,0,0.2981911577313781,283.11175807292176,0.0,,497935.7185684213
2021-05-06 18:00:01.300,0,0.2107579940201416,271.105187905489,0.0,,474754.9940906568
2021-05-06 18:00:01.310,0,0.2160135217053508,257.8979183442269,0.0,,449381.79684718174
2021-05-06 18:00:01.320,0,0.1845996969173753,241.35547733431457,0.0,,417775.33955635433
2021-05-06 18:00:01.330,0,0.2228382170604674,226.46057815881088,0.0,,389508.30064754403
2021-05-06 18:00:01.340,0,0.2198535253369796,210.8874408569324,0.0,,360147.09011388087
2021-05-06 18:00:01.350,0,0.1710624707339859,195.2427656208916,0.0,,330868.50620064477
2021-05-06 18:00:01.360,0,0.1297838439853194,178.562352235429,0.0,,299911.0050885597
2021-05-06 18:00:01.370,0,0.1602159156889231,161.57904149308962,0.0,,268690.2144005422
2021-05-06 18:00:01.380,0,0.1440807077986093,147.98221820654248,0.0,,243927.3295517434
2021-05-06 18:00:01.390,0,0.1242464117077259,131.5475960697089,0.0,,214299.53694399583
2021-05-06 18:00:01.400,0,0.1065166352790837,118.77745390274644,0.0,,191531.36342275018
2021-05-06 18:00:01.410,0,0.0884003802097277,103.66540229632716,0.0,,164904.91099912045
2021-05-06 18:00:01.420,0,0.0939976813158363,91.15394540497728,0.0,,143152.66585223968
2021-05-06 18:00:01.430,0,0.0868668725030072,77.90493479806132,0.0,,120444.64981821655
2021-05-06 18:00:01.440,0,0.0660748048059508,67.22861886570352,0.0,,102416.64823134452
2021-05-06 18:00:01.450,0,0.0555155317134359,55.88817350581454,0.0,,83583.61097006153
2021-05-06 18:00:01.460,0,0.0520249054673086,46.29192247469177,0.0,,67946.61477644954
2021-05-06 18:00:01.470,0,0.0371553312240887,37.14454167762684,1.0,,53330.903657098854
2021-05-06 18:00:01.480,0,0.0259948370011505,29.06931936504529,1.0,,40728.61542439063
2021-05-06 18:00:01.490,0,0.015776438989902,21.30929683218889,1.0,,28945.934784414752
2021-05-06 18:00:01.500,0,0.0237871848741957,14.394519666095038,1.0,,18806.92489800902
2021-05-06 18:00:01.510,0,0.0157113736905951,8.24193836341163,1.0,,10190.056602008197
2021-05-06 18:00:01.520,0,0.0049357240626929,2.7989829241080693,1.0,,3114.20103965088
2021-05-06 18:00:01.530,0,-0.0004430992944728,0.0,1.0,,9.624862224007039
2021-05-06 18:00:01.540,0,-0.0054274973580359,0.0,1.0,,13.88845002043122
2021-05-06 18:00:01.550,0,-0.0154303206192957,0.0,1.0,,8.030940388283767
2021-05-06 18:00:01.560,0,-0.0200018946781487,0.0,1.0,,9.06108050359494
2021-05-06 18:00:01.570,0,-0.0152006164616477,0.0,1.0,,8.671649691476752
2021-05-06 18:00:01.580,0,-0.0179993357359785,0.0,1.0,,11.514863567629666
2021-05-06 18:00:01.590,0,-0.0114024649060814,0.0,1.0,,7.127360243874964
2021-05-06 18:00:01.600,0,-0.0240229392788449,0.0,1.0,,7.5099335526288336
2021-05-06 18:00:01.610,0,-0.0180344823834928,0.0,1.0,,8.989118409560255
2021-05-06 18:00:01.620,0,-0.0247886569003081,0.0,1.0,,10.437534065646341
2021-05-06 18:00:01.630,0,-0.0242270111815995,0.0,1.0,,12.620685190657948
2021-05-06 18:00:01.640,0,-0.0217113912464362,0.0,1.0,,10.02726612166938
2021-05-06 18:00:01.650,0,-0.0197511094708346,0.0,1.0,,10.939970224458465
2021-05-06 18:00:01.660,0,-0.0281442072292987,0.0,1.0,,8.73389970001694
2021-05-06 18:00:01.670,0,-0.0085810028043135,0.0,1.0,,7.374962541412276
2021-05-06 18:00:01.680,0,-0.0176784995701023,0.0,1.0,,6.819894766543499
2021-05-06 18:00:01.690,0,-0.0189183127419312,0.0,1.0,,14.531989543244528
2021-05-06 18:00:01.700,0,-0.0181137435159848,0.0,1.0,,8.613828730179312
2021-05-06 18:00:01.710,0,-0.0202628357862992,0.0,1.0,,6.730498218511811
2021-05-06 18:00:01.720,0,-0.0147320856508048,0.0,1.0,,10.994881233241204
2021-05-06 18:00:01.730,0,-0.0164985301473505,0.0,1.0,,10.047799942462781
2021-05-06 18:00:01.740,0,-0.0117221441413056,0.0,1.0,,11.751365877714905
2021-05-06 18:00:01.750,0,-0.0127495521155132,0.0,1.0,,7.515312538103841
2021-05-06 18:00:01.760,0,-0.0077447023812104,0.0,1.0,,11.96155502377674
2021-05-06 18:00:01.770,0,-0.0125516289383535,0.0,1.0,,12.150978231169734
2021-05-06 18:00:01.780,0,-0.0073578267661136,0.0,1.0,,8.549154304372681
2021-05-06 18:00:01.790,0,-0.0080788641917828,0.0,1.0,,7.060412315753032
2021-05-06 18:00:01.800,0,-0.0089020042496077,0.0,1.0,,12.82676234448629
2021-05-06 18:00:01.810,0,-0.0011209202634602,0.0,1.0,,6.805309177279294
2021-05-06 18:00:01.820,0,-0.0056299911919112,0.0,1.0,,9.019053397333005
2021-05-06 18:00:01.830,0,-0.0063085229030526,0.0,1.0,,9.173075908467373
2021-05-06 18:00:01.840,0,-0.0051974137907275,0.0,1.0,,12.49970217642553
2021-05-06 18:00:01.850,0,0.0008955015628136,0.0,1.0,,11.622076524613384
2021-05-06 18:00:01.860,0,-0.000279797701475,0.0,1.0,,8.758922215137714
2021-05-06 18:00:01.870,0,-0.0064135286440238,0.0,1.0,,9.987259284577142
2021-05-06 18:00:01.880,0,-0.0052200772865184,0.0,1.0,,7.522132070138807
2021-05-06 18:00:01.890,0,-0.0020180256191528,0.0,1.0,,10.475886418755545
2021-05-06 18:00:01.900,0,0.0047782709585014,0.0,1.0,,6.414759968109917
2021-05-06 18:00:01.910,0,0.0029888783179003,0.0,1.0,,12.266809779077871
2021-05-06 18:00:01.920,0,-0.0005216695547078,0.0,1.0,,7.771924651876366
2021-05-06 18:00:01.930,0,-0.0039675498151724,0.1519149950205076,1.0,,136.40190928238314
2021-05-06 18:00:01.940,0,-0.0021858507326732,0.4306674704112869,1.0,,405.83888327830937
2021-05-06 18:00:01.950,0,-0.0010278857906787,0.6766726064707804,1.0,,659.4647353392469
2021-05-06 18:00:01.960,0,-5.772094622234965e-05,0.8748710789093829,1.0,,870.9566297023499
2021-05-06 18:00:01.970,0,0.0017014122953641,1.046596965614172,1.0,,1062.758299324705
2021-05-06 18:00:01.980,0,-0.0015247705687265,1.174883628193307,1.0,,1203.3174735969576
2021-05-06 18:00:01.990,0,0.0028873650545783,1.2876513114453407,1.0,,1329.7772003959662
2021-05-06 18:00:02.000,1,0.0020412572620344,1.3798929108550535,1.0,,1434.4439780369157
2021-05-06 18:00:02.010,1,0.0016411453555594,1.4444164080064923,1.0,,1504.8274125302826
2021-05-06 18:00:02.020,1,0.0017286491073966,1.4712355087443023,1.0,,1538.8841294699218
2021-05-06 18:00:02.030,1,-0.0003109841553236,1.498836168076065,1.0,,1571.2902080504955
2021-05-06 18:00:02.040,1,-0.000304953700255,1.5058595247751718,1.0,,1581.1120373464914
2021-05-06 18:00:02.050,0,0.003911731928684,1.4883781395563631,1.0,,1559.5805103046748
2021-05-06 18:00:02.060,0,0.0049633308357541,1.4530652038916585,1.0,,1517.1752131974574
2021-05-06 18:00:02.070,0,0.0036651620922125,1.4252905855277351,1.0,,1487.2798346348134
2021-05-06 18:00:02.080,0,0.0065168909562756,1.3619698795586952,1.0,,1415.6698954040937
2021-05-06 18:00:02.090,0,0.0115917794560598,1.3288540834144038,1.0,,1375.5145240714653
2021-05-06 18:00:02.100,0,0.0006617398325148,1.250287169103998,1.0,,1286.0586123087376
2021-05-06 18:00:02.110,0,0.0079031018769522,6.600136497288459,1.0,,7983.254613099402
2021-05-06 18:00:02.120,0,0.0153886065702075,21.94904166845141,1.0,,29903.870580600404
2021-05-06 18:00:02.130,0,0.0450984111124499,45.88039300905886,1.0,,67280.16640527509
2021-05-06 18:00:02.140,0,0.0641128686044589,76.37407511846459,1.0,,117840.59262238938
2021-05-06 18:00:02.150,0,0.1110196663621029,113.69049027525774,0.0,,182528.80324505805
2021-05-06 18:00:02.160,0,0.1297674832619774,151.86873825774333,0.0,,250985.96660536417
2021-05-06 18:00:02.170,0,0.1381097073778132,184.85866096576908,0.0,,311562.8287181023
2021-05-06 18:00:02.180,0,0.1742963132511857,212.1462036672308,0.0,,362511.6219576993
2021-05-06 18:00:02.190,0,0.2411468616346991,232.92527756123832,0.0,,401759.12799650314
2021-05-06 18:00:02.200,0,0.2345410423107302,248.2079495167482,0.0,,430842.00984455366
2021-05-06 18:00:02.210,0,0.217964363377609,258.2223279449574,0.0,,450000.1082577913
2021-05-06 18:00:02.220,0,0.1986417967787239,265.88112479784445,0.0,,464703.09900080814
2021-05-06 18:00:02.230,0,0.2830718868101638,269.98279038453154,0.0,,472596.0742727016
2021-05-06 18:00:02.240,0,0.2043345273044949,270.2828571819312,0.0,,473170.5233046221
2021-05-06 18:00:02.250,0,0.2246294933729509,267.9548156168721,0.0,,468691.1500922648
2021-05-06 18:00:02.260,0,0.2688532134342829,263.8615675631057,0.0,,460825.8471153634
2021-05-06 18:00:02.270,0,0.2441971670689861,253.9070858163656,0.0,,441735.8620265586
2021-05-06 18:00:02.280,0,0.2189079481027217,249.09522557745183,0.0,,432539.02213923144
2021-05-06 18:00:02.290,0,0.173666193657396,238.52405343971785,0.0,,412386.4538096737
2021-05-06 18:00:02.300,0,0.2422314366268004,228.2993843364573,0.0,,392989.0885193283
2021-05-06 18:00:02.310,0,0.2352418236249231,215.25991723292069,0.0,,368370.8536386201
2021-05-06 18:00:02.320,0,0.2239901612744545,203.64585870849808,0.0,,346572.42186921625
2021-05-06 18:00:02.330,0,0.1330134809358334,189.0436481388901,0.0,,319328.40404482774
2021-05-06 18:00:02.340,0,0.1945692948701803,177.04367470435292,0.0,,297112.8495250591
2021-05-06 18:00:02.350,0,0.1734503102375952,164.49749434136396,0.0,,274033.69741897413
2021-05-06 18:00:02.360,0,0.1566362947179949,150.29162932263546,0.0,,248119.33818816263
2021-05-06 18:00:02.370,0,0.1229115783324179,136.74604798652356,0.0,,223638.3461125409
2021-05-06 18:00:02.380,0,0.0974979635901813,124.90239551654903,0.0,,202423.76439427974
2021-05-06 18:00:02.390,0,0.0823642592245052,111.81884377042314,0.0,,179226.4442270813
2021-05-06 18:00:02.400,0,0.0951092134536766,99.63882364660572,0.0,,157876.00668294684
2021-05-06 18:00:02.410,0,0.0840325799148085,88.11648270836432,1.0,,137913.02205406234
2021-05-06 18:00:02.420,0,0.064125386669024,77.0385049460451,1.0,,118966.14287821917
2021-05-06 18:00:02.430,0,0.0544865683805339,66.4242063747385,1.0,,101070.58788040486
2021-05-06 18:00:02.440,0,0.0412094869654538,57.21709021702178,1.0,,85769.47686367131
2021-05-06 18:00:02.450,0,0.0462384552431583,47.667532500387686,1.0,,70163.5920250854
2021-05-06 18:00:02.460,0,0.0259228385771397,39.49027536465705,1.0,,57044.48788373086
2021-05-06 18:00:02.470,0,0.028409157761584,31.6013253135762,1.0,,44648.82330512335
2021-05-06 18:00:02.480,0,0.0159910209134372,24.66685272179032,1.0,,33998.43109119517
2021-05-06 18:00:02.490,0,0.0182965555304253,18.07786882013908,1.0,,24153.91019071771
2021-05-06 18:00:02.500,0,0.0127892588949557,12.480068107461214,1.0,,16073.844172372217
2021-05-06 18:00:02.510,0,8.238898156793812e-05,7.259464267584053,1.0,,8863.272385306738
2021-05-06 18:00:02.520,0,-0.0008710216771433,2.6553058494311643,1.0,,2939.5286739937483
2021-05-06 18:00:02.530,0,-0.0016846201094721,0.0,1.0,,10.016148719382416
2021-05-06 18:00:02.540,0,-0.0035974232498326,0.0,1.0,,10.230160394955815
2021-05-06 18:00:02.550,0,-0.0107576069795209,0.0,1.0,,7.966412905889914
2021-05-06 18:00:02.560,0,-0.0122481064732364,0.0,1.0,,12.685494272102524
2021-05-06 18:00:02.570,0,-0.0095499373721497,0.0,1.0,,10.931114841085204
2021-05-06 18:00:02.580,0,-0.0077301102299347,0.0,1.0,,13.428999331478764
2021-05-06 18:00:02.590,0,-0.0108208001449019,0.0,1.0,,7.664599625176648
2021-05-06 18:00:02.600,0,-0.014906046423651,0.0,1.0,,9.563407350798556
2021-05-06 18:00:02.610,0,-0.0177602342341419,0.0,1.0,,10.845707424610474
2021-05-06 18:00:02.620,0,-0.0184175803704424,0.0,1.0,,11.806411550175287
2021-05-06 18:00:02.630,0,-0.0177415578328445,0.0,1.0,,10.087937230304762
2021-05-06 18:00:02.640,0,-0.0148902113229093,0.0,1.0,,11.394830972756186
2021-05-06 18:00:02.650,0,-0.0115489100115339,0.0,1.0,,9.545720413603291
2021-05-06 18:00:02.660,0,-0.0143060345867284,0.0,1.0,,14.155796074772987
2021-05-06 18:00:02.670,0,-0.0193353397277646,0.0,1.0,,11.459113702820845
2021-05-06 18:00:02.680,0,-0.0098590457064037,0.0,1.0,,10.73668756329077
2021-05-06 18:00:02.690,0,-0.0199295299368075,0.0,1.0,,11.593522735033638
2021-05-06 18:00:02.700,0,-0.0125379537861181,0.0,1.0,,8.145465863819105
2021-05-06 18:00:02.710,0,-0.0046749672280274,0.0,1.0,,8.734021950684893
2021-05-06 18:00:02.720,0,-0.0043548032608347,0.0,1.0,,8.433968412691296
2021-05-06 18:00:02.730,0,-0.0108182817714627,0.0,1.0,,10.932444028683669
2021-05-06 18:00:02.740,0,-0.012166265075801,0.0,1.0,,10.395835985328658
2021-05-06 18:00:02.750,0,-0.0056177043942712,0.0,1.0,,9.9253519817373
2021-05-06 18:00:02.760,0,-0.0113210461570206,0.0,1.0,,8.80405410033496
2021-05-06 18:00:02.770,0,-0.0094204335564401,0.0,1.0,,10.413954528041058
2021-05-06 18:00:02.780,0,-0.0118446253641208,0.0,1.0,,11.849706748149346
2021-05-06 18:00:02.790,0,-0.0112772050241626,0.0,1.0,,10.646258756415198
2021-05-06 18:00:02.800,0,-0.0039803930046897,0.0,1.0,,10.596384707011781
2021-05-06 18:00:02.810,0,-0.0044546693094598,0.0,1.0,,11.382729340428716
2021-05-06 18:00:02.820,0,-0.0041022573492259,0.0,1.0,,10.42640775890642
2021-05-06 18:00:02.830,0,-0.0017674166095234,0.0,1.0,,8.567048341219152
2021-05-06 18:00:02.840,0,-0.0028981022410981,0.0,1.0,,9.906961392650091
2021-05-06 18:00:02.850,0,-0.0003202715931256,0.0,1.0,,13.557326904214793
2021-05-06 18:00:02.860,0,-0.0036115145108233,0.0,1.0,,15.886115840367125
2021-05-06 18:00:02.870,0,-0.0068419703771406,0.0,1.0,,7.9723177806969865
2021-05-06 18:00:02.880,0,-0.0020292443378622,0.0,1.0,,8.487602644811162
2021-05-06 18:00:02.890,0,0.000149098846282,0.0,1.0,,11.689503054043401
2021-05-06 18:00:02.900,0,-0.0003664116823084,0.0,1.0,,8.860776885219954
2021-05-06 18:00:02.910,0,0.0005090168862034,0.0,1.0,,6.983030313319514
2021-05-06 18:00:02.920,0,0.0009506696074374,0.0,1.0,,10.894532094443427
2021-05-06 18:00:02.930,0,0.0005387219363453,0.1130804571016897,1.0,,102.32054401694218
2021-05-06 18:00:02.940,0,0.0017390305261826,0.3553642331284941,1.0,,331.15354930332273
2021-05-06 18:00:02.950,0,-0.0047575318635908,0.5658187482279906,1.0,,545.4606087239122
2021-05-06 18:00:02.960,0,0.0061275030672511,0.7405244474666612,1.0,,732.949368230499
2021-05-06 18:00:02.970,0,0.0013764514567195,0.8811969498281073,1.0,,878.920256567879
2021-05-06 18:00:02.980,0,0.004199493483437,0.9955151278642712,1.0,,1006.9019120524118
2021-05-06 18:00:02.990,0,0.0068854305577772,1.0978640379308606,1.0,,1115.0365334453572
2021-05-06 18:00:03.000,1,0.0043775988198906,1.1656974888689136,1.0,,1195.6382176161856
2021-05-06 18:00:03.010,1,-0.0010330096601467,1.2229694201882215,1.0,,1258.959628421371
2021-05-06 18:00:03.020,1,-0.0018448931310716,1.2598528750666682,1.0,,1303.2285808595475
2021-05-06 18:00:03.030,1,0.0028089270705999,1.2839844372728857,1.0,,1327.9410932008145
2021-05-06 18:00:03.040,1,0.0008593982116589,1.2671095637351482,1.0,,1308.1917660708245
2021-05-06 18:00:03.050,0,-0.0021864608445712,1.2643454703113777,1.0,,1301.7151604024966
2021-05-06 18:00:03.060,0,-0.0030619586589515,1.2334773993467931,1.0,,1266.6742278758013
2021-05-06 18:00:03.070,0,0.0025992941250571,1.2003659330471317,1.0,,1234.4483448271951
2021-05-06 18:00:03.080,0,0.0053178707900288,1.1642722538863115,1.0,,1195.407084506169
2021-05-06 18:00:03.090,0,-0.0029237417481796,1.1252949661490037,1.0,,1143.6041937453153
2021-05-06 18:00:03.100,0,-0.0066979369805179,1.060682182644126,1.0,,1074.9476091177958
2021-05-06 18:00:03.110,0,0.0032390101294083,6.562734800462941,1.0,,7929.578615450573
2021-05-06 18:00:03.120,0,0.0116258815953906,21.99767436026928,1.0,,29973.726726390352
2021-05-06 18:00:03.130,0,0.0316352070940552,46.42694469509826,1.0,,68156.38737846678
2021-05-06 18:00:03.140,0,0.0762332992655413,77.53099655508775,1.0,,119801.88351555474
2021-05-06 18:00:03.150,0,0.0923977899531078,115.66452620930932,0.0,,186019.4892748634
2021-05-06 18:00:03.160,0,0.1233692920409368,151.6160466088789,0.0,,250521.55886575475
2021-05-06 18:00:03.170,0,0.1594048647781807,185.0011157098104,0.0,,311828.5511329463
2021-05-06 18:00:03.180,0,0.2128449241464471,208.3704412551885,0.0,,355422.529931217
2021-05-06 18:00:03.190,0,0.1967656495722866,228.8145365233707,0.0,,393958.3220379163
2021-05-06 18:00:03.200,0,0.1937337116189406,245.63176922026489,0.0,,425925.76726800995
2021-05-06 18:00:03.210,0,0.2326927255101533,254.79481381031144,0.0,,443433.00169944845
2021-05-06 18:00:03.220,0,0.2521795690895744,263.6537515037724,0.0,,460423.98853876186
2021-05-06 18:00:03.230,0,0.2411609156815708,266.3186405421218,0.0,,465545.4586203656
2021-05-06 18:00:03.240,0,0.2059282069881454,265.8340880973278,0.0,,464613.4470884311
2021-05-06 18:00:03.250,0,0.2033193465657694,263.3182067109026,0.0,,459779.15146636334
2021-05-06 18:00:03.260,0,0.174964894169361,256.7859187756844,0.0,,447247.2862688102
2021-05-06 18:00:03.270,0,0.186806152427663,254.15142180245903,0.0,,442202.3585317782
2021-05-06 18:00:03.280,0,0.1835777708012392,245.2453969461453,0.0,,425188.118863075
2021-05-06 18:00:03.290,0,0.1665250081445685,233.20183445596592,0.0,,402275.3584122856
2021-05-06 18:00:03.300,0,0.1916287276547589,223.0140094962145,0.0,,382989.34482799034
2021-05-06 18:00:03.310,0,0.1473811356428027,211.24918004759343,0.0,,360821.1244915438
2021-05-06 18:00:03.320,0,0.1427175474918352,198.4289310013584,0.0,,336813.90756252257
2021-05-06 18:00:03.330,0,0.1708593843287139,186.29674074011533,0.0,,314233.3570963988
2021-05-06 18:00:03.340,0,0.1320376481496141,172.15681642726994,0.0,,288098.4376558752
2021-05-06 18:00:03.350,0,0.1236779586299403,158.37232045522396,0.0,,262831.50672639464
2021-05-06 18:00:03.360,0,0.0947335159963136,145.53420676976282,0.0,,239489.16174166874
2021-05-06 18:00:03.370,0,0.0863098082955122,133.28807033806856,0.0,,217418.62267644377
2021-05-06 18:00:03.380,0,0.0803740700332718,120.7921833612263,0.0,,195106.65939342114
2021-05-06 18:00:03.390,0,0.0718866868947174,108.3004446526546,0.0,,173033.0254916941
2021-05-06 18:00:03.400,0,0.0570354544686613,96.21444008415864,1.0,,151916.18772610818
2021-05-06 18:00:03.410,0,0.0710460402760972,84.78555260347642,1.0,,132189.10284453546
2021-05-06 18:00:03.420,0,0.0545584157573903,74.00303185291217,1.0,,113819.4631655162
2021-05-06 18:00:03.430,0,0.0452379276878952,64.4616419529373,1.0,,97791.67762711683
2021-05-06 18:00:03.440,0,0.0478806288093229,54.90139988032711,1.0,,81963.070858453
2021-05-06 18:00:03.450,0,0.0396991129645547,46.04784278853742,1.0,,67545.46325760898
2021-05-06 18:00:03.460,0,0.031067469005046,37.78371152829778,1.0,,54342.479627406814
2021-05-06 18:00:03.470,0,0.025578761066006,30.41471244259424,1.0,,42806.33021896914
2021-05-06 18:00:03.480,0,0.0138729476213599,23.82343723198309,1.0,,32725.12805139748
2021-05-06 18:00:03.490,0,0.0132863892427623,17.48211288828545,1.0,,23284.723193610742
2021-05-06 18:00:03.500,0,0.0108816949923843,11.797682760606484,1.0,,15109.047561011728
2021-05-06 18:00:03.510,0,0.0094954256983075,6.892185751678277,1.0,,8370.941804002881
2021-05-06 18:00:03.520,0,0.003668506520197,2.384652831877466,1.0,,2609.944341481786
2021-05-06 18:00:03.530,0,-0.0062321241768487,0.0,1.0,,7.254067125627752
2021-05-06 18:00:03.540,0,-0.0034747919685252,0.0,1.0,,10.985802267546958
2021-05-06 18:00:03.550,0,-0.0013208097212849,0.0,1.0,,8.482363862440002
2021-05-06 18:00:03.560,0,-0.0054623403965732,0.0,1.0,,8.951688606254683
2021-05-06 18:00:03.570,0,-0.0134234014980513,0.0,1.0,,12.112995545511291
2021-05-06 18:00:03.580,0,-0.0151558527941508,0.0,1.0,,10.678333657557669
2021-05-06 18:00:03.590,0,-0.0079082840062995,0.0,1.0,,7.733502758264139
2021-05-06 18:00:03.600,0,-0.0172458573528491,0.0,1.0,,6.966488481292126
2021-05-06 18:00:03.610,0,-0.0129974534111856,0.0,1.0,,14.31170880809532
2021-05-06 18:00:03.620,0,-0.0138022534677126,0.0,1.0,,10.78825639380203
2021-05-06 18:00:03.630,0,-0.0170663097402728,0.0,1.0,,10.418107163236659
2021-05-06 18:00:03.640,0,-0.0141975598983419,0.0,1.0,,7.9046266433982755
2021-05-06 18:00:03.650,0,-0.0187240085805103,0.0,1.0,,11.57868699523436
2021-05-06 18:00:03.660,0,-0.0057519959998483,0.0,1.0,,10.986677451368493
2021-05-06 18:00:03.670,0,-0.0177881721199583,0.0,1.0,,7.611474447917009
2021-05-06 18:00:03.680,0,-0.0136403105760672,0.0,1.0,,12.610765998141535
2021-05-06 18:00:03.690,0,-0.0141767288799589,0.0,1.0,,9.047891301826924
2021-05-06 18:00:03.700,0,-0.0126852253071368,0.0,1.0,,11.095795555395165
2021-05-06 18:00:03.710,0,-0.0032601697056598,0.0,1.0,,10.78368568530098
2021-05-06 18:00:03.720,0,-0.0210334462110498,0.0,1.0,,13.071232921471266
2021-05-06 18:00:03.730,0,-0.0128096579667689,0.0,1.0,,10.732452029590764
2021-05-06 18:00:03.740,0,-0.0096907999132065,0.0,1.0,,11.477589365184603
2021-05-06 18:00:03.750,0,-0.0109963135331054,0.0,1.0,,6.8989140565787315
2021-05-06 18:00:03.760,0,-0.0064457933485662,0.0,1.0,,10.371967957130412
2021-05-06 18:00:03.770,0,-0.0109794971140464,0.0,1.0,,7.426546830132342
2021-05-06 18:00:03.780,0,-0.0146284105013808,0.0,1.0,,11.288047828207983
2021-05-06 18:00:03.790,0,-0.0107087844596162,0.0,1.0,,5.6993844140267065
2021-05-06 18:00:03.800,0,-0.0033114448257718,0.0,1.0,,7.4874401311959256
2021-05-06 18:00:03.810,0,-0.0072684901788515,0.0,1.0,,11.135249180540097
2021-05-06 18:00:03.820,0,-0.0008108049442414,0.0,1.0,,12.84741575858876
2021-05-06 18:00:03.830,0,-0.0037028710255233,0.0,1.0,,11.225611249017085
2021-05-06 18:00:03.840,0,-0.0030497268934411,0.0,1.0,,10.817055326519633
2021-05-06 18:00:03.850,0,-0.0020427011959057,0.0,1.0,,8.321287853586458
2021-05-06 18:00:03.860,0,0.0013287542735695,0.0,1.0,,9.950222260341466
2021-05-06 18:00:03.870,0,-0.0004259861807098,0.0,1.0,,8.890342399046661
2021-05-06 18:00:03.880,0,-0.0027585282730838,0.0,1.0,,11.169755544743268
2021-05-06 18:00:03.890,0,-0.0008883587020205,0.0,1.0,,9.723598329811423
2021-05-06 18:00:03.900,0,0.0053989249980152,0.0,1.0,,11.256649775514928
2021-05-06 18:00:03.910,0,0.0006431643649016,0.0,1.0,,9.365497897422218
2021-05-06 18:00:03.920,0,0.0050760021828305,0.0,1.0,,8.637891105874429
2021-05-06 18:00:03.930,0,0.0075084072487645,0.1188087895338472,1.0,,112.2777232692168
2021-05-06 18:00:03.940,0,0.0029878800370445,0.3487913607869591,1.0,,322.99660636683285
2021-05-06 18:00:03.950,0,-0.0007917692204311,0.5489520245960872,1.0,,528.7728661286444
2021-05-06 18:00:03.960,0,-2.7040344930075047e-05,0.7079872592420956,1.0,,691.6301657682277
2021-05-06 18:00:03.970,0,-0.0038321556010838,0.8451591908976569,1.0,,840.3000663462371
2021-05-06 18:00:03.980,0,0.0009926391582791,0.9722518750127196,1.0,,976.1349440840631
2021-05-06 18:00:03.990,0,-0.0019211546139521,1.0574227893276178,1.0,,1071.8042991198574
2021-05-06 18:00:04.000,1,0.0008990881959603,1.1178085685919652,1.0,,1140.2684191324886
2021-05-06 18:00:04.010,1,-0.0012121381880095,1.1678766661979567,1.0,,1197.4087155119864
2021-05-06 18:00:04.020,1,0.0038121480100999,1.2015737140205889,1.0,,1233.906914056765
2021-05-06 18:00:04.030,1,0.0018268014284817,1.2145044455012302,1.0,,1247.0196578421032
2021-05-06 18:00:04.040,1,0.0044430300592609,1.2189502348093944,1.0,,1251.9466832240241
2021-05-06 18:00:04.050,0,0.0015996309533672,1.1928961020086308,1.0,,1221.1838020598689
2021-05-06 18:00:04.060,0,-0.0011295774294681,1.1803375773666471,1.0,,1209.2028340735433
2021-05-06 18:00:04.070,0,0.0041001793748802,1.1435014335669298,1.0,,1170.7591477414207
2021-05-06 18:00:04.080,0,0.0005305963800301,1.1003675443464418,1.0,,1124.20748768722
2021-05-06 18:00:04.090,0,0.0059224257296079,1.0525060753362985,1.0,,1071.0639820643137
2021-05-06 18:00:04.100,0,0.0014807696329988,1.01746821469229,1.0,,1028.292380180704
2021-05-06 18:00:04.110,0,0.0072565141288958,6.3948321992266415,1.0,,7709.472216797274
2021-05-06 18:00:04.120,0,0.0241632572875362,21.493740000677075,1.0,,29220.766786947173
2021-05-06 18:00:04.130,0,0.0303045492526911,44.97273191392339,1.0,,65811.6142586693
2021-05-06 18:00:04.140,0,0.0497550450159576,75.68840290174741,1.0,,116674.02014912263
2021-05-06 18:00:04.150,0,0.1058182460303698,112.129783025617,0.0,,179772.3991557552
2021-05-06 18:00:04.160,0,0.1191624825223481,147.92058127335082,0.0,,243813.16958856935
2021-05-06 18:00:04.170,0,0.1676054385196118,177.35279718968465,0.0,,297677.8605269985
2021-05-06 18:00:04.180,0,0.1681279463307047,204.0967338265919,0.0,,347409.45787723514
2021-05-06 18:00:04.190,0,0.1698375015184834,224.90945927934376,0.0,,386572.7636732652
2021-05-06 18:00:04.200,0,0.2210822204650405,236.508114072606,0.0,,408557.3696814578
2021-05-06 18:00:04.210,0,0.1866430102668977,247.2616843095009,0.0,,429034.3361321848
2021-05-06 18:00:04.220,0,0.2472168445387683,253.01237827587448,0.0,,440028.3617007418
2021-05-06 18:00:04.230,0,0.1922869130677978,258.00740796291063,0.0,,449591.4456894551
2021-05-06 18:00:04.240,0,0.2430989665925541,256.961909305716,0.0,,447582.70618089486
2021-05-06 18:00:04.250,0,0.2514038475693411,257.54301418380265,0.0,,448697.74328269204
2021-05-06 18:00:04.260,0,0.2485022729830627,251.23297423596284,0.0,,436624.5283345338
2021-05-06 18:00:04.270,0,0.1741732364812502,243.7968654392824,0.0,,422424.1625854549
2021-05-06 18:00:04.280,0,0.1634247931021055,236.3746696563853,0.0,,408299.93844776496
2021-05-06 18:00:04.290,0,0.2026449439253713,226.0798309112784,0.0,,388786.79447442
2021-05-06 18:00:04.300,0,0.1629166669332313,216.146846770974,0.0,,370035.5067144986
2021-05-06 18:00:04.310,0,0.1646802046640691,204.9378635475861,0.0,,348986.5833253116
2021-05-06 18:00:04.320,0,0.1368227199555698,191.89421034237088,0.0,,324630.9462754759
2021-05-06 18:00:04.330,0,0.1807418963322686,178.76183002716067,0.0,,300284.09260245576
2021-05-06 18:00:04.340,0,0.1397928245159353,166.1162050816933,0.0,,277001.680804254
2021-05-06 18:00:04.350,0,0.1601257740318738,153.22677263529891,0.0,,253453.72006538583
2021-05-06 18:00:04.360,0,0.1504196780296361,141.0061191786785,0.0,,231310.42038524174
2021-05-06 18:00:04.370,0,0.0888313691571928,128.70113432572822,0.0,,209204.46607914756
2021-05-06 18:00:04.380,0,0.0888201448681063,117.38766635247828,0.0,,189069.70232392475
2021-05-06 18:00:04.390,0,0.0958076829908387,104.25207006742228,1.0,,165931.47214412707
2021-05-06 18:00:04.400,0,0.0827441312526972,93.37050897607428,1.0,,146984.14448092223
2021-05-06 18:00:04.410,0,0.075496860150688,81.95563863051512,1.0,,127343.11215772906
2021-05-06 18:00:04.420,0,0.0665036902554773,71.73710799722885,1.0,,109994.04127630223
2021-05-06 18:00:04.430,0,0.0594562590983323,62.18558021280359,1.0,,93997.3772399419
2021-05-06 18:00:04.440,0,0.0457376226450326,53.44686931113037,1.0,,79576.39437218834
2021-05-06 18:00:04.450,0,0.0407413856195916,45.13391463441676,1.0,,66077.36458079754
2021-05-06 18:00:04.460,0,0.0364727637805678,36.82285040187058,1.0,,52820.66801719318
2021-05-06 18:00:04.470,0,0.0296559869400189,29.502236369228807,1.0,,41396.070382381666
2021-05-06 18:00:04.480,0,0.0330488096360598,22.793981599989177,1.0,,31173.491633877165
2021-05-06 18:00:04.490,0,0.0194983787285747,17.003122092972276,1.0,,22587.264230069617
2021-05-06 18:00:04.500,0,0.0093681133237065,11.391289687346294,1.0,,14537.326098255666
2021-05-06 18:00:04.510,0,0.0073397812656189,6.5591307768001785,1.0,,7927.0377666039485
2021-05-06 18:00:04.520,0,0.0023113932280283,2.21347130688912,1.0,,2411.0852405336977
2021-05-06 18:00:04.530,0,-0.003306881769719,0.0,1.0,,6.7131940915296955
2021-05-06 18:00:04.540,0,-0.0022183186200184,0.0,1.0,,11.847154255680891
2021-05-06 18:00:04.550,0,-0.0085621087522978,0.0,1.0,,12.783151805589629
2021-05-06 18:00:04.560,0,-0.0122450055537218,0.0,1.0,,6.592737555446796
2021-05-06 18:00:04.570,0,-0.0117589255296656,0.0,1.0,,11.210778011013275
2021-05-06 18:00:04.580,0,-0.0170047563601086,0.0,1.0,,9.154894729834751
2021-05-06 18:00:04.590,0,-0.0182788902150437,0.0,1.0,,10.519879674705152
2021-05-06 18:00:04.600,0,-0.0178528273157601,0.0,1.0,,11.606611783505763
2021-05-06 18:00:04.610,0,-0.0123204929808009,0.0,1.0,,5.952178647212061
2021-05-06 18:00:04.620,0,-0.0166328638599182,0.0,1.0,,11.914886688284408
2021-05-06 18:00:04.630,0,-0.0258961743793399,0.0,1.0,,8.31582253251786
2021-05-06 18:00:04.640,0,-0.0169660271646269,0.0,1.0,,8.596840619190761
2021-05-06 18:00:04.650,0,-0.0226590954903415,0.0,1.0,,8.333500366587991
2021-05-06 18:00:04.660,0,-0.0199788961409108,0.0,1.0,,9.248915469309372
2021-05-06 18:00:04.670,0,-0.0155365575272176,0.0,1.0,,13.081990201251944
2021-05-06 18:00:04.680,0,-0.0151801758405095,0.0,1.0,,8.475827686107053
2021-05-06 18:00:04.690,0,-0.0138477944652882,0.0,1.0,,8.245730085248686
2021-05-06 18:00:04.700,0,-0.0146392929814448,0.0,1.0,,8.798095751493843
2021-05-06 18:00:04.710,0,-0.0188927557184679,0.0,1.0,,10.363770004663355
2021-05-06 18:00:04.720,0,-0.0100770589151956,0.0,1.0,,7.882612414766237
2021-05-06 18:00:04.730,0,-0.0105302436676334,0.0,1.0,,5.699132569469566
2021-05-06 18:00:04.740,0,-0.0096494773377215,0.0,1.0,,8.798841147298162
2021-05-06 18:00:04.750,0,-0.0179964558956486,0.0,1.0,,12.145658595484214
2021-05-06 18:00:04.760,0,-0.0082974585201038,0.0,1.0,,7.512271684195526
2021-05-06 18:00:04.770,0,-0.006663692241529,0.0,1.0,,11.647367581846868
2021-05-06 18:00:04.780,0,-0.0072886998932509,0.0,1.0,,9.583550523494853
2021-05-06 18:00:04.790,0,-0.0083687237039511,0.0,1.0,,14.677891631280382
2021-05-06 18:00:04.800,0,-0.0056258850945396,0.0,1.0,,8.451538161631108
2021-05-06 18:00:04.810,0,0.0014566048730219,0.0,1.0,,9.757954588955586
2021-05-06 18:00:04.820,0,-0.0042966678184406,0.0,1.0,,13.064670732789157
2021-05-06 18:00:04.830,0,-0.0121810290094817,0.0,1.0,,10.581809126658657
2021-05-06 18:00:04.840,0,0.0026959947519795,0.0,1.0,,9.68424505513013
2021-05-06 18:00:04.850,0,-0.0043094404607816,0.0,1.0,,12.59515597225278
2021-05-06 18:00:04.860,0,-0.006740731905989,0.0,1.0,,9.000226961692478
2021-05-06 18:00:04.870,0,-0.0045979871210495,0.0,1.0,,12.426156832060135
2021-05-06 18:00:04.880,0,-0.0044954551301355,0.0,1.0,,9.525602879214357
2021-05-06 18:00:04.890,0,-0.0020745618419213,0.0,1.0,,8.363527303283721
2021-05-06 18:00:04.900,0,-0.0053044540973522,0.0,1.0,,8.953607968525835
2021-05-06 18:00:04.910,0,-0.0024844565211039,0.0,1.0,,13.933115964420882
2021-05-06 18:00:04.920,0,0.0005473688038552,0.0,1.0,,11.984304315359875
2021-05-06 18:00:04.930,0,-0.004756926242281,0.1247975256875544,1.0,,110.80527009301447
2021-05-06 18:00:04.940,0,0.0044400127893835,0.3525221550990334,1.0,,330.88269049086773
2021-05-06 18:00:04.950,0,-0.0042177070151658,0.5454317995832898,1.0,,525.5234140173058
2021-05-06 18:00:04.960,0,0.0019010113792782,0.712768424316133,1.0,,697.8225484901033
2021-05-06 18:00:04.970,0,0.0038534761893228,0.8420092256699832,1.0,,839.0165321339342
2021-05-06 18:00:04.980,0,-0.0008371513456322,0.960018359265316,1.0,,965.9245975366864
2021-05-06 18:00:04.990,0,0.0041288508607818,1.047571469710261,1.0,,1060.8162611942905
2021-05-06 18:00:05.000,1,0.0040246004460834,1.1267083195601464,1.0,,1148.9928569256533
2021-05-06 18:00:05.010,1,-0.0032262342101181,1.1706865461121438,1.0,,1199.5618190990315
2021-05-06 18:00:05.020,1,-3.78741569718921e-05,1.2053721793099763,1.0,,1235.4600231137483
2021-05-06 18:00:05.030,1,0.0007924452358759,1.208325811912096,1.0,,1239.8201136924051
2021-05-06 18:00:05.040,1,-0.0015537716172092,1.2114116235641292,1.0,,1246.7318924441188
2021-05-06 18:00:05.050,0,-0.0006865749340417,1.2077950110089235,1.0,,1239.3745313846114
2021-05-06 18:00:05.060,0,-0.0045452637427834,1.17871900114285,1.0,,1211.0676900424028
2021-05-06 18:00:05.070,0,0.0005144543178946,1.1502371898054902,1.0,,1177.458533270934
2021-05-06 18:00:05.080,0,0.0060138122098425,1.1090280222967914,1.0,,1128.9065743171116
2021-05-06 18:00:05.090,0,-0.0014426356773666,1.062044560787345,1.0,,1082.2865040514753
2021-05-06 18:00:05.100,0,-0.00035209128229,1.014888098010631,1.0,,1026.7876549472144
2021-05-06 18:00:05.110,0,0.0032811891113545,6.414929056576312,1.0,,7734.301077872295
2021-05-06 18:00:05.120,0,0.0231451516987285,21.85345012548741,1.0,,29763.971651722048
2021-05-06 18:00:05.130,0,0.0385744450230917,45.63531994857304,1.0,,66883.0473542149
2021-05-06 18:00:05.140,0,0.0657347151283256,77.04114777050248,1.0,,118972.27751872996
2021-05-06 18:00:05.150,0,0.1075222474087644,113.23762213344136,1.0,,181729.16395986138
2021-05-06 18:00:05.160,0,0.1490303808647869,150.1596183775305,0.0,,247878.6174236803
2021-05-06 18:00:05.170,0,0.136381636184161,178.4669140398526,0.0,,299733.50253661955
2021-05-06 18:00:05.180,0,0.2177736787601445,207.23433940862412,0.0,,353293.95821883105
2021-05-06 18:00:05.190,0,0.1985057926505415,222.8979994435033,0.0,,382773.4805769702
2021-05-06 18:00:05.200,0,0.2518823880983586,237.0383434287708,0.0,,409568.9508021009
2021-05-06 18:00:05.210,0,0.2300607869035351,250.3028294714153,0.0,,434843.30169864395
2021-05-06 18:00:05.220,0,0.2274456958249463,256.11281358745265,0.0,,445957.992523289
2021-05-06 18:00:05.230,0,0.2306246800272955,259.5327471428135,0.0,,452515.4224501192
2021-05-06 18:00:05.240,0,0.2090901394398652,258.1422178170183,0.0,,449846.47790409334
2021-05-06 18:00:05.250,0,0.2188410023314458,256.15541839819235,0.0,,446043.41255605564
2021-05-06 18:00:05.260,0,0.2720171194328712,254.0335855390005,0.0,,441981.69660340407
2021-05-06 18:00:05.270,0,0.1925591065153686,247.0066883331549,0.0,,428551.72401909437
2021-05-06 18:00:05.280,0,0.2482450876845678,236.24255622938043,0.0,,408053.9135871256
2021-05-06 18:00:05.290,0,0.1963279467213018,228.21646711298,0.0,,392825.8700011668
2021-05-06 18:00:05.300,0,0.2132005766505649,218.75391764713268,0.0,,374951.1087977789
2021-05-06 18:00:05.310,0,0.1649096469571908,207.3046164917487,0.0,,353420.3467923213
2021-05-06 18:00:05.320,0,0.1824799849551262,195.43041181893005,0.0,,331218.365378505
2021-05-06 18:00:05.330,0,0.1873320214725647,181.4206622049248,0.0,,305197.4684673134
2021-05-06 18:00:05.340,0,0.1488029082859565,167.66306967446954,0.0,,279838.01831485715
2021-05-06 18:00:05.350,0,0.1187422180051438,154.9081485279476,0.0,,256512.86704426646
2021-05-06 18:00:05.360,0,0.1186780736871746,141.99872957226611,0.0,,233097.6913524546
2021-05-06 18:00:05.370,0,0.0947585627209221,130.0290386307075,0.0,,211577.73607551877
2021-05-06 18:00:05.380,0,0.0911638555985823,117.58441976059784,0.0,,189415.79900847535
2021-05-06 18:00:05.390,0,0.0987046495055524,105.90298746147964,1.0,,168823.50704392415
2021-05-06 18:00:05.400,0,0.095859074288492,94.834588426405,1.0,,149523.16056934922
2021-05-06 18:00:05.410,0,0.077152211043049,82.94004992749772,1.0,,129031.24605863242
2021-05-06 18:00:05.420,0,0.0613331152275872,72.6416375793213,1.0,,111519.78458231811
2021-05-06 18:00:05.430,0,0.0566753556941185,63.06808631404518,1.0,,95466.24948723245
2021-05-06 18:00:05.440,0,0.039082141904194,53.53711775600562,1.0,,79722.53994063317
2021-05-06 18:00:05.450,0,0.0424223691144748,45.130961418749294,1.0,,66068.40128231488
2021-05-06 18:00:05.460,0,0.0331557663539985,37.20231871575826,1.0,,53422.06094213869
2021-05-06 18:00:05.470,0,0.0339178128717266,29.810768971178017,1.0,,41871.083647501524
2021-05-06 18:00:05.480,0,0.0228463283953966,22.95017563654223,1.0,,31405.040717679352
2021-05-06 18:00:05.490,0,0.0153374048904474,16.865397647701432,1.0,,22384.66394498147
2021-05-06 18:00:05.500,0,0.0065787722511816,11.459171317363534,1.0,,14636.979795254441
2021-05-06 18:00:05.510,0,0.0025914773586084,6.540432023767903,1.0,,7899.888048774523
2021-05-06 18:00:05.520,0,0.0090482596614598,2.1717497885065176,1.0,,2354.593274333563
2021-05-06 18:00:05.530,0,-0.0026544740543783,0.0,1.0,,9.800793225981515
2021-05-06 18:00:05.540,0,-0.0018252308115942,0.0,1.0,,14.121403475835136
2021-05-06 18:00:05.550,0,-0.0049270040710079,0.0,1.0,,10.251155923222647
2021-05-06 18:00:05.560,0,-0.0088471414494778,0.0,1.0,,10.042383945830656
2021-05-06 18:00:05.570,0,-0.0077015662912588,0.0,1.0,,9.295543020675694
2021-05-06 18:00:05.580,0,-0.0095740863150892,0.0,1.0,,12.690085955462969
2021-05-06 18:00:05.590,0,-0.0105275439306532,0.0,1.0,,9.618154276112675
2021-05-06 18:00:05.600,0,-0.0132196279748746,0.0,1.0,,10.705716954843012
2021-05-06 18:00:05.610,0,-0.015524652920156,0.0,1.0,,10.57767556192533
2021-05-06 18:00:05.620,0,-0.0108235769136413,0.0,1.0,,10.563793842333078
2021-05-06 18:00:05.630,0,-0.0133610866194909,0.0,1.0,,11.259561867554657
2021-05-06 18:00:05.640,0,-0.0098726712599472,0.0,1.0,,9.496940277165336
2021-05-06 18:00:05.650,0,-0.0067886767085073,0.0,1.0,,13.207059045043746
2021-05-06 18:00:05.660,0,-0.0140646594373236,0.0,1.0,,11.53874268783593
2021-05-06 18:00:05.670,0,-0.0135986134033841,0.0,1.0,,9.032852194577835
2021-05-06 18:00:05.680,0,-0.0045426506593821,0.0,1.0,,11.143033392024185
2021-05-06 18:00:05.690,0,-0.0094797989832132,0.0,1.0,,9.486206310228397
2021-05-06 18:00:05.700,0,-0.0114032920497779,0.0,1.0,,11.420270049857177
2021-05-06 18:00:05.710,0,-0.0058042797510158,0.0,1.0,,9.087739532851922
2021-05-06 18:00:05.720,0,-0.0135822681482724,0.0,1.0,,9.812576393940876
2021-05-06 18:00:05.730,0,-0.011192828450999,0.0,1.0,,9.337361211768332
2021-05-06 18:00:05.740,0,-0.0063527920029186,0.0,1.0,,10.371068233783772
2021-05-06 18:00:05.750,0,-0.0143372661916296,0.0,1.0,,9.845519650409178
2021-05-06 18:00:05.760,0,-0.0076966776061867,0.0,1.0,,13.31829743699138
2021-05-06 18:00:05.770,0,-0.0129429564167284,0.0,1.0,,9.793429706736758
2021-05-06 18:00:05.780,0,-0.0053438407101263,0.0,1.0,,11.85141222817964
2021-05-06 18:00:05.790,0,-0.0016829208519931,0.0,1.0,,10.660504121706191
2021-05-06 18:00:05.800,0,-0.0089554436216451,0.0,1.0,,10.818076043238205
2021-05-06 18:00:05.810,0,-0.0044546195988899,0.0,1.0,,9.017055767232552
2021-05-06 18:00:05.820,0,-0.0049443011845003,0.0,1.0,,8.563678147333176
2021-05-06 18:00:05.830,0,-0.0034197093258994,0.0,1.0,,8.156744483547657
2021-05-06 18:00:05.840,0,0.0008784462635278,0.0,1.0,,5.9203953233577
2021-05-06 18:00:05.850,0,-0.0046274969583686,0.0,1.0,,9.497726484798587
2021-05-06 18:00:05.860,0,7.548735666073647e-05,0.0,1.0,,9.89522323116911
2021-05-06 18:00:05.870,0,-0.0066527779288511,0.0,1.0,,11.2467224099272
2021-05-06 18:00:05.880,0,0.001281932659522,0.0,1.0,,9.767403304834584
2021-05-06 18:00:05.890,0,-0.0065309333498857,0.0,1.0,,12.639997929707997
2021-05-06 18:00:05.900,0,-0.0037243851698319,0.0,1.0,,9.72384652874356
2021-05-06 18:00:05.910,0,-0.001249315699055,0.0,1.0,,8.79040107936608
2021-05-06 18:00:05.920,0,0.0021762778704465,0.0,1.0,,8.352915536505458
2021-05-06 18:00:05.930,0,0.0040119712975558,0.1261404829379591,1.0,,111.89096200628234
2021-05-06 18:00:05.940,0,-0.0060163356608495,0.3533946603844796,1.0,,328.5222888519295
2021-05-06 18:00:05.950,0,0.001011339672891,0.5456127360609284,1.0,,522.4422580096895
2021-05-06 18:00:05.960,0,0.0040598708961755,0.7054235348669929,1.0,,693.9987922714563
2021-05-06 18:00:05.970,0,0.0040291436711394,0.8466455944763841,1.0,,845.7162465075559
2021-05-06 18:00:05.980,0,0.0010202295400011,0.9538072273009948,1.0,,960.7769056399599
2021-05-06 18:00:05.990,0,-0.0061218046054938,1.0468412718822209,1.0,,1064.8240840117676
2021-05-06 18:00:06.000,1,0.0019289235890704,1.113370352482105,1.0,,1134.3220474755349
2021-05-06 18:00:06.010,1,-0.002487391694081,1.16149957028223,1.0,,1187.410729069868
2021-05-06 18:00:06.020,1,0.0026942574701846,1.2031741969306655,1.0,,1236.6320424600867
2021-05-06 18:00:06.030,1,-0.0014982520056323,1.1995860039811603,1.0,,1231.6901042305137
2021-05-06 18:00:06.040,1,0.0016319075232655,1.1988703980646944,1.0,,1230.5441921193556
2021-05-06 18:00:06.050,0,-0.0014414938146413,1.1765372113827384,1.0,,1205.7983080423994
2021-05-06 18:00:06.060,0,0.0037975145208292,1.1720305961898112,1.0,,1199.4580965300795
2021-05-06 18:00:06.070,0,-0.0010094369153605,1.1336819365880832,1.0,,1159.932809497903
2021-05-06 18:00:06.080,0,0.0032631602473279,1.0960854165709533,1.0,,1116.670395721246
2021-05-06 18:00:06.090,0,-0.0034764758851502,1.0463531552576906,1.0,,1062.1132624294953
2021-05-06 18:00:06.100,0,0.0025601628006278,0.9934667489741048,1.0,,1002.7511517150848
2021-05-06 18:00:06.110,0,0.0007935712356175,6.352280739261426,1.0,,7654.260705003552
2021-05-06 18:00:06.120,0,0.0225408275004417,21.374367434461075,1.0,,29042.39371839217
2021-05-06 18:00:06.130,0,0.0403392945822585,45.23277658247394,1.0,,66229.87848172022
2021-05-06 18:00:06.140,0,0.0716667578229519,76.0559251125283,1.0,,117298.95886581272
2021-05-06 18:00:06.150,0,0.0749195258079448,111.82782584687072,1.0,,179242.63224145083
2021-05-06 18:00:06.160,0,0.1158526609787672,148.7505954050269,0.0,,245321.8482073355
2021-05-06 18:00:06.170,0,0.1322300823146258,177.9606969215805,0.0,,298797.71505818766
2021-05-06 18:00:06.180,0,0.1572996141664308,201.42344199987187,0.0,,342405.0482168937
2021-05-06 18:00:06.190,0,0.1633330146127803,220.6179314619452,0.0,,378460.637901189
2021-05-06 18:00:06.200,0,0.1757533190701264,237.43338636658245,0.0,,410316.19391472865
2021-05-06 18:00:06.210,0,0.1730065270545073,245.26375137787664,0.0,,425224.5616201272
2021-05-06 18:00:06.220,0,0.2163244662727498,249.98423348472505,0.0,,434235.86103483714
2021-05-06 18:00:06.230,0,0.1613011661719317,255.49135171152352,0.0,,444764.8915863561
2021-05-06 18:00:06.240,0,0.2107867307697036,255.2554967810864,0.0,,444315.15865489416
2021-05-06 18:00:06.250,0,0.2034463166235279,251.32956933957283,0.0,,436802.49204840855
2021-05-06 18:00:06.260,0,0.1566248950687276,247.111609169668,0.0,,428747.7801123919
2021-05-06 18:00:06.270,0,0.1996730093572606,243.99991858987545,0.0,,422813.2062081986
2021-05-06 18:00:06.280,0,0.1912651331841962,231.1239015643616,0.0,,398335.2472903818
2021-05-06 18:00:06.290,0,0.1383135820936062,225.38076470169133,0.0,,387457.7058767298
2021-05-06 18:00:06.300,0,0.1578435734105606,212.7251724237901,0.0,,363600.86515231343
2021-05-06 18:00:06.310,0,0.1264431589664803,202.0581809461291,0.0,,343597.2656676708
2021-05-06 18:00:06.320,0,0.1527856764705619,190.862103811614,0.0,,322710.61238223815
2021-05-06 18:00:06.330,0,0.1474720950481725,177.36989098222438,0.0,,297709.90350772016
2021-05-06 18:00:06.340,0,0.0964188350785202,163.49984741792412,0.0,,272202.9147294691
2021-05-06 18:00:06.350,0,0.1228230959494818,152.78199894264512,0.0,,252641.7873253184
2021-05-06 18:00:06.360,0,0.0818643828617205,140.52922475030852,0.0,,230447.85208947785
2021-05-06 18:00:06.370,0,0.0860610200089263,126.5447083302725,0.0,,205350.58631023852
2021-05-06 18:00:06.380,0,0.0805946038921161,114.67435325497486,0.0,,184267.92165358225
2021-05-06 18:00:06.390,0,0.0751816612698575,103.23264206567424,1.0,,164145.11997175025
2021-05-06 18:00:06.400,0,0.0705498128521911,91.80314901239484,1.0,,144273.40956309286
2021-05-06 18:00:06.410,0,0.0521233302271008,80.81418727097443,1.0,,125393.03945215882
2021-05-06 18:00:06.420,0,0.0573644313945213,71.63895267541324,1.0,,109829.03675507693
2021-05-06 18:00:06.430,0,0.0419337242339384,61.72743618913064,1.0,,93237.88091959988
2021-05-06 18:00:06.440,0,0.0403318667706797,52.45285001500503,1.0,,77948.74839514137
2021-05-06 18:00:06.450,0,0.0351374289517381,44.73232489759621,1.0,,65428.62958195393
2021-05-06 18:00:06.460,0,0.0344004098624685,36.307522675251775,1.0,,52010.0485060218
2021-05-06 18:00:06.470,0,0.0197378938250844,29.21235761734008,1.0,,40948.3657155669
2021-05-06 18:00:06.480,0,0.0237832303256164,22.65484551242129,1.0,,30965.027232654316
2021-05-06 18:00:06.490,0,0.0125879746340512,16.631637871751305,1.0,,22041.77542835144
2021-05-06 18:00:06.500,0,0.011123562989937,11.306065566618855,1.0,,14419.275988183372
2021-05-06 18:00:06.510,0,0.0036798777284846,6.390242669961316,1.0,,7706.161431436802
2021-05-06 18:00:06.520,0,0.0056846075129493,2.141865421934384,1.0,,2323.3927706029276
2021-05-06 18:00:06.530,0,-0.0050609752628404,0.0,1.0,,12.37916125033979
2021-05-06 18:00:06.540,0,-0.0029800847506112,0.0,1.0,,9.915221981190074
2021-05-06 18:00:06.550,0,-0.0030325250621037,0.0,1.0,,11.428165625426782
2021-05-06 18:00:06.560,0,-0.0072053454634952,0.0,1.0,,10.625326784395456
2021-05-06 18:00:06.570,0,-0.009192010153073,0.0,1.0,,14.22698246078306
2021-05-06 18:00:06.580,0,-0.0157481455609585,0.0,1.0,,7.6037608481860826
2021-05-06 18:00:06.590,0,-0.0169524002568388,0.0,1.0,,8.904350765190943
2021-05-06 18:00:06.600,0,-0.0166212509337916,0.0,1.0,,10.672377824734399
2021-05-06 18:00:06.610,0,-0.0155158129711796,0.0,1.0,,9.94667394349529
2021-05-06 18:00:06.620,0,-0.0234675061622423,0.0,1.0,,10.535013864049189
2021-05-06 18:00:06.630,0,-0.0070862135455187,0.0,1.0,,14.58109656797949
2021-05-06 18:00:06.640,0,-0.0165492359615009,0.0,1.0,,10.522204984419508
2021-05-06 18:00:06.650,0,-0.007315945466043,0.0,1.0,,9.888490991657639
2021-05-06 18:00:06.660,0,-0.0150752761315034,0.0,1.0,,9.253415563275524
2021-05-06 18:00:06.670,0,-0.018989527813029,0.0,1.0,,9.449935134594247
2021-05-06 18:00:06.680,0,-0.0129330864650741,0.0,1.0,,9.870796493928678
2021-05-06 18:00:06.690,0,-0.0078151448835653,0.0,1.0,,8.24501514227946
2021-05-06 18:00:06.700,0,-0.0165576862977345,0.0,1.0,,12.485403485174048
2021-05-06 18:00:06.710,0,-0.0129718129214605,0.0,1.0,,8.992858613484891
2021-05-06 18:00:06.720,0,-0.0054768426768675,0.0,1.0,,10.713476969518512
2021-05-06 18:00:06.730,0,-0.0110916551860235,0.0,1.0,,8.778566127610826
2021-05-06 18:00:06.740,0,-0.0091435420487755,0.0,1.0,,12.282636334237836
2021-05-06 18:00:06.750,0,-0.0089492776463401,0.0,1.0,,9.283488566452483
2021-05-06 18:00:06.760,0,-0.0117651320088236,0.0,1.0,,9.492978287900197
2021-05-06 18:00:06.770,0,-0.0017792584978544,0.0,1.0,,11.029590601745065
2021-05-06 18:00:06.780,0,-0.0040030015840306,0.0,1.0,,8.815293951459227
2021-05-06 18:00:06.790,0,-0.009573411383277,0.0,1.0,,8.12816652047164
2021-05-06 18:00:06.800,0,-0.0069849592477022,0.0,1.0,,8.755820559327606
2021-05-06 18:00:06.810,0,-0.0106945718592442,0.0,1.0,,12.105628459874058
2021-05-06 18:00:06.820,0,-0.0114553543140389,0.0,1.0,,11.468925026248373
2021-05-06 18:00:06.830,0,-0.0051245547396276,0.0,1.0,,16.36621172743331
2021-05-06 18:00:06.840,0,0.0020964777337324,0.0,1.0,,10.645902394982661
2021-05-06 18:00:06.850,0,-0.0023693554641454,0.0,1.0,,7.293068042398399
2021-05-06 18:00:06.860,0,-0.002078986170404,0.0,1.0,,8.712203179440994
2021-05-06 18:00:06.870,0,-0.0041037440218976,0.0,1.0,,8.16613789032367
2021-05-06 18:00:06.880,0,-0.0044707800525743,0.0,1.0,,11.878556657147902
2021-05-06 18:00:06.890,0,0.0077169504894376,0.0,1.0,,10.606646274793512
2021-05-06 18:00:06.900,0,-0.0066918843103957,0.0,1.0,,8.594434190881888
2021-05-06 18:00:06.910,0,-0.0071276200931712,0.0,1.0,,11.393288947346692
2021-05-06 18:00:06.920,0,0.0032633549590348,0.0,1.0,,13.214237825046386
2021-05-06 18:00:06.930,0,0.002400919526972,0.1267342304520282,1.0,,113.16406567844311
2021-05-06 18:00:06.940,0,-0.0038503012466008,0.3521264668600866,1.0,,327.37070544025363
2021-05-06 18:00:06.950,0,-0.0017620444742325,0.5450780188092946,1.0,,523.1014159061333
2021-05-06 18:00:06.960,0,-0.0019880808364246,0.7088221273235256,1.0,,693.9055984749974
2021-05-06 18:00:06.970,0,-0.0005448300290961,0.8455880345440617,1.0,,841.4955817056704
2021-05-06 18:00:06.980,0,-0.0007480688986827,0.9561442563641128,1.0,,962.4187068784004
2021-05-06 18:00:06.990,0,0.0047951011333885,1.0431761200813032,1.0,,1057.2337128035413
2021-05-06 18:00:07.000,1,0.0009810019796521,1.1053366508866265,1.0,,1125.106793236546
2021-05-06 18:00:07.010,1,0.0013381311059264,1.1588341590139482,1.0,,1186.7055937063576
2021-05-06 18:00:07.020,1,0.0069823476267126,1.1893553087211828,1.0,,1222.3304922249056
2021-05-06 18:00:07.030,1,-0.0007553983351869,1.2089939994039212,1.0,,1243.5646069836064
2021-05-06 18:00:07.040,1,0.0008344681049815,1.1903372756154176,1.0,,1222.85893801401
2021-05-06 18:00:07.050,0,0.0066181451113386,1.184149914847095,1.0,,1215.4405841268697
2021-05-06 18:00:07.060,0,0.0008321923194076,1.1696567858791422,1.0,,1195.2626752121894
2021-05-06 18:00:07.070,0,-0.0039973819764733,1.1317170174304312,1.0,,1155.1901054871391
2021-05-06 18:00:07.080,0,0.0056321723048958,1.0921115507527597,1.0,,1110.4733524616931
2021-05-06 18:00:07.090,0,0.008179114012408,1.050541441253217,1.0,,1062.8477836429274
2021-05-06 18:00:07.100,0,0.0022268100244605,1.0033654818602722,1.0,,1012.6736211264317
2021-05-06 18:00:07.110,0,0.0006345292564066,6.327692849007122,1.0,,7619.260404066218
2021-05-06 18:00:07.120,0,0.0171373902182131,21.54752342938616,1.0,,29300.99787039716
2021-05-06 18:00:07.130,0,0.0320742622720818,45.028576099571225,1.0,,65904.26503507623
2021-05-06 18:00:07.140,0,0.050693049153597,75.57809091988695,1.0,,116486.2253972372
2021-05-06 18:00:07.150,0,0.092520305879915,113.52580924432324,1.0,,182234.56908707172
2021-05-06 18:00:07.160,0,0.1063248315018104,148.08201240078282,0.0,,244105.4552265626
2021-05-06 18:00:07.170,0,0.1428677236454759,181.1707458320432,0.0,,304736.2758213254
2021-05-06 18:00:07.180,0,0.1331537260674198,203.5302660613897,0.0,,346346.30636587006
2021-05-06 18:00:07.190,0,0.1918934436564758,221.1372978107096,0.0,,379443.0979600157
2021-05-06 18:00:07.200,0,0.1797187902900836,237.6545224135732,0.0,,410733.94250862795
2021-05-06 18:00:07.210,0,0.2235622922416257,252.47301416497848,0.0,,438992.8072502147
2021-05-06 18:00:07.220,0,0.2254211782434907,255.7696877850361,0.0,,445301.61931197584
2021-05-06 18:00:07.230,0,0.2601394759062453,259.23336672523465,0.0,,451943.14700929844
2021-05-06 18:00:07.240,0,0.2087364070955718,259.88388229367683,0.0,,453184.34109795524
2021-05-06 18:00:07.250,0,0.2312691817905731,254.5717895980304,0.0,,443010.5834040157
2021-05-06 18:00:07.260,0,0.2454789227313514,250.6593993558833,0.0,,435530.06326597766
2021-05-06 18:00:07.270,0,0.2212419455011576,245.41696857272385,0.0,,425516.6847255361
2021-05-06 18:00:07.280,0,0.2196079062247993,236.48720354852105,0.0,,408521.6676747489
2021-05-06 18:00:07.290,0,0.2410118387912772,226.9022908218536,0.0,,390344.4050795839
2021-05-06 18:00:07.300,0,0.2302757548394353,216.9360649245161,0.0,,371526.0769059357
2021-05-06 18:00:07.310,0,0.1964503121980127,203.4401582381604,0.0,,346183.35386122396
2021-05-06 18:00:07.320,0,0.1611907576057399,192.25755521785825,0.0,,325309.3400258832
2021-05-06 18:00:07.330,0,0.1712766100178536,180.5002624518754,0.0,,303496.78772419284
2021-05-06 18:00:07.340,0,0.1570986652197729,166.36796163175447,0.0,,277463.63842780417
2021-05-06 18:00:07.350,0,0.1421357794385968,153.93431960572912,0.0,,254741.83947508957
2021-05-06 18:00:07.360,0,0.107823060108927,140.86221778765494,0.0,,231049.6052787283
2021-05-06 18:00:07.370,0,0.1351837841939085,129.2047777977059,0.0,,210105.63438942377
2021-05-06 18:00:07.380,0,0.1284052940338908,117.64293233693245,1.0,,189521.80193562486
2021-05-06 18:00:07.390,0,0.0899379103174223,105.93780577028002,1.0,,168888.86065814563
2021-05-06 18:00:07.400,0,0.08946075202288,94.03181001736084,1.0,,148129.89982724673
2021-05-06 18:00:07.410,0,0.0950084671637925,83.46692759340796,1.0,,129932.6082636921
2021-05-06 18:00:07.420,0,0.0773172484107418,72.64884637270507,1.0,,111531.43865679427
2021-05-06 18:00:07.430,0,0.0535699237890233,62.83173597961449,1.0,,95074.3220693861
2021-05-06 18:00:07.440,0,0.0545047960169117,53.533638964623634,1.0,,79718.91370351614
2021-05-06 18:00:07.450,0,0.0436076049327004,45.13193307944018,1.0,,66072.14851615731
2021-05-06 18:00:07.460,0,0.0276234581917765,37.02193122228647,1.0,,53134.62982240955
2021-05-06 18:00:07.470,0,0.0355877765180435,29.46632448719216,1.0,,41342.14794578586
2021-05-06 18:00:07.480,0,0.0189289719955503,23.25963518357204,1.0,,31871.867329095705
2021-05-06 18:00:07.490,0,0.0135180665354561,17.05207005266092,1.0,,22656.961551586326
2021-05-06 18:00:07.500,0,0.0156022848197199,11.436300931806135,1.0,,14604.454523251881
2021-05-06 18:00:07.510,0,0.0077337493220975,6.609891671034802,1.0,,7994.573907128078
2021-05-06 18:00:07.520,0,0.0050327954957549,2.222298392677146,1.0,,2415.734466408635
2021-05-06 18:00:07.530,0,-0.0066769047795306,0.0,1.0,,10.085285343053187
2021-05-06 18:00:07.540,0,-0.0069684245362956,0.0,1.0,,12.003005431331255
2021-05-06 18:00:07.550,0,-0.0014498534512032,0.0,1.0,,7.709470274906338
2021-05-06 18:00:07.560,0,-0.0068716296729524,0.0,1.0,,9.815995809148687
2021-05-06 18:00:07.570,0,-0.0130143079190562,0.0,1.0,,9.72921304992466
2021-05-06 18:00:07.580,0,-0.0122643389038037,0.0,1.0,,7.595129430259672
2021-05-06 18:00:07.590,0,-0.0173067289041456,0.0,1.0,,10.720969778917663
2021-05-06 18:00:07.600,0,-0.0169958571529803,0.0,1.0,,11.549523775573475
2021-05-06 18:00:07.610,0,-0.0233812312030036,0.0,1.0,,10.132923515826242
2021-05-06 18:00:07.620,0,-0.0154881712023197,0.0,1.0,,10.534951221005551
2021-05-06 18:00:07.630,0,-0.0128494308900894,0.0,1.0,,8.424721209963835
2021-05-06 18:00:07.640,0,-0.0159841631344778,0.0,1.0,,9.994647612967384
2021-05-06 18:00:07.650,0,-0.0143900534732039,0.0,1.0,,8.492563332401318
2021-05-06 18:00:07.660,0,-0.0160286705186346,0.0,1.0,,8.549988004436774
2021-05-06 18:00:07.670,0,-0.0135248429984796,0.0,1.0,,10.435311713768481
2021-05-06 18:00:07.680,0,-0.0165219956968849,0.0,1.0,,11.374734825412276
2021-05-06 18:00:07.690,0,-0.0097296877092241,0.0,1.0,,11.242157565920753
2021-05-06 18:00:07.700,0,-0.0160956738146167,0.0,1.0,,11.261576949117522
2021-05-06 18:00:07.710,0,-0.0124718158320589,0.0,1.0,,8.852076938879808
2021-05-06 18:00:07.720,0,-0.0117824191483227,0.0,1.0,,13.175154972371637
2021-05-06 18:00:07.730,0,-0.0178573713276351,0.0,1.0,,8.988307604211917
2021-05-06 18:00:07.740,0,-0.0150493113442193,0.0,1.0,,10.62137537715388
2021-05-06 18:00:07.750,0,-0.0111849995673547,0.0,1.0,,12.708545304708842
2021-05-06 18:00:07.760,0,-0.0094397129022323,0.0,1.0,,9.838973534541427
2021-05-06 18:00:07.770,0,-0.0092080688716527,0.0,1.0,,13.357125191051516
2021-05-06 18:00:07.780,0,-0.0033898634605497,0.0,1.0,,9.717675279690996
2021-05-06 18:00:07.790,0,-0.0086795256958011,0.0,1.0,,9.8868154348544
2021-05-06 18:00:07.800,0,-0.0020673901010527,0.0,1.0,,12.33898440570038
2021-05-06 18:00:07.810,0,-0.0041560328783666,0.0,1.0,,8.610977776302963
2021-05-06 18:00:07.820,0,-0.0033979280294511,0.0,1.0,,9.056804497160938
2021-05-06 18:00:07.830,0,-0.0039144147109651,0.0,1.0,,9.7091973271737
2021-05-06 18:00:07.840,0,-0.0008238063720522,0.0,1.0,,11.585375155181918
2021-05-06 18:00:07.850,0,-0.0030337644741305,0.0,1.0,,10.165384189861125
2021-05-06 18:00:07.860,0,0.005452550422576,0.0,1.0,,9.752339881974715
2021-05-06 18:00:07.870,0,-0.0043577695754906,0.0,1.0,,10.449117081519463
2021-05-06 18:00:07.880,0,-0.0070760807811231,0.0,1.0,,8.96217091492508
2021-05-06 18:00:07.890,0,-0.0026238549828503,0.0,1.0,,9.03987876386843
2021-05-06 18:00:07.900,0,-0.0042493269389647,0.0,1.0,,7.197204240783689
2021-05-06 18:00:07.910,0,0.0038155892740126,0.0,1.0,,11.2969572271118
2021-05-06 18:00:07.920,0,0.000595880103575,0.0,1.0,,10.408833250974595
2021-05-06 18:00:07.930,0,0.0005607315968865,0.1288348725974122,1.0,,112.77216468736988
2021-05-06 18:00:07.940,0,-0.0041910425514064,0.3592288278950165,1.0,,332.6072528391454
2021-05-06 18:00:07.950,0,0.0038636119626633,0.5574490624232039,1.0,,533.8072561992321
2021-05-06 18:00:07.960,0,-0.0053134610548039,0.7203557906431566,1.0,,709.2918333609437
2021-05-06 18:00:07.970,0,0.0017200835813636,0.8610870042020892,1.0,,856.6124872537232
2021-05-06 18:00:07.980,0,-0.0007828945082194,0.9726711502938196,1.0,,981.8090514884268
2021-05-06 18:00:07.990,0,0.0059934137646068,1.0661707059111627,1.0,,1082.7135986397593
2021-05-06 18:00:08.000,1,0.0021635719684659,1.1314196947888178,1.0,,1153.510035633559
2021-05-06 18:00:08.010,1,0.0031640315471625,1.1837522706972377,1.0,,1216.3837090957238
2021-05-06 18:00:08.020,1,-0.0003331865813002,1.210395965700099,1.0,,1243.3204347522212
2021-05-06 18:00:08.030,1,0.0006849798595624,1.2199612932985338,1.0,,1255.0894285959494
2021-05-06 18:00:08.040,1,-0.0020948972517819,1.2217639522143424,1.0,,1253.581596920888
2021-05-06 18:00:08.050,0,0.0061481021099272,1.2082049394025691,1.0,,1243.251764731404
2021-05-06 18:00:08.060,0,0.0016114301347828,1.182280762545687,1.0,,1210.3256477462833
2021-05-06 18:00:08.070,0,0.0002541865845893,1.1573974956897508,1.0,,1183.6184149221638
2021-05-06 18:00:08.080,0,0.0012832363926408,1.1094646336216647,1.0,,1126.2272760856024
2021-05-06 18:00:08.090,0,-0.0017133411206874,1.0620377963173715,1.0,,1077.5942608871514
2021-05-06 18:00:08.100,0,-0.0008858154241448,1.008141466606132,1.0,,1014.7580425281122
2021-05-06 18:00:08.110,0,0.0107742271153796,6.392419081213614,1.0,,7706.451999365617
2021-05-06 18:00:08.120,0,0.0232888745786977,21.67150637872395,1.0,,29487.75473043723
2021-05-06 18:00:08.130,0,0.050631256606249,45.41497617064154,1.0,,66525.22629148929
2021-05-06 18:00:08.140,0,0.0888148447210388,77.1488373829467,1.0,,119155.94955781203
2021-05-06 18:00:08.150,0,0.099228692920979,113.1460768862265,1.0,,181565.46005771335
2021-05-06 18:00:08.160,0,0.1733547161516315,150.95064064091224,0.0,,249315.07817882605
2021-05-06 18:00:08.170,0,0.1826239052980073,180.53143709692944,0.0,,303555.5145226551
2021-05-06 18:00:08.180,0,0.2065813767743081,204.47406542293584,0.0,,348119.84971730784
2021-05-06 18:00:08.190,0,0.1885704797663827,222.87820728956729,0.0,,382730.54150467686
2021-05-06 18:00:08.200,0,0.2314514427193633,240.7441523753892,0.0,,416615.612404622
2021-05-06 18:00:08.210,0,0.2573871181680364,248.338023996603,0.0,,431095.34698216553
2021-05-06 18:00:08.220,0,0.2552329766886755,255.60820006174987,0.0,,444995.16600983974
2021-05-06 18:00:08.230,0,0.3150910811545397,260.8775084112244,0.0,,455095.3232785196
2021-05-06 18:00:08.240,0,0.2758165168531504,260.0739708744095,0.0,,453554.067915941
2021-05-06 18:00:08.250,0,0.2393075636888512,257.543308511237,0.0,,448696.5995907504
2021-05-06 18:00:08.260,0,0.2382230196912403,252.0355556556257,0.0,,438154.27984464983
2021-05-06 18:00:08.270,0,0.2835003236838675,244.61738005357967,0.0,,423997.20904279215
2021-05-06 18:00:08.280,0,0.2766410332489678,236.1056101614284,0.0,,407794.6868867437
2021-05-06 18:00:08.290,0,0.1981792813695916,227.86879975353528,0.0,,392173.2516618022
2021-05-06 18:00:08.300,0,0.2457964993922266,217.397481695698,0.0,,372397.4289610731
2021-05-06 18:00:08.310,0,0.1959468859954677,204.58567157590105,0.0,,348326.6984348792
2021-05-06 18:00:08.320,0,0.2060981043844969,193.46594377369925,0.0,,327565.39638833335
2021-05-06 18:00:08.330,0,0.1877017974466479,180.75303288479512,0.0,,303965.2870296429
2021-05-06 18:00:08.340,0,0.1765567740766757,167.38456631253013,0.0,,279328.93914362305
2021-05-06 18:00:08.350,0,0.1227222262932305,153.54357569996012,0.0,,254031.0497153471
2021-05-06 18:00:08.360,0,0.1155429393417781,143.1070819733529,0.0,,235101.43952319588
2021-05-06 18:00:08.370,0,0.1505986136260416,129.9466110592722,0.0,,211432.02719251986
2021-05-06 18:00:08.380,0,0.1142354131425356,117.42483581453034,1.0,,189131.4936656317
2021-05-06 18:00:08.390,0,0.1019269977029833,104.554744411587,1.0,,166462.4292108507
2021-05-06 18:00:08.400,0,0.095122773203261,92.83996321775128,1.0,,146063.8362824699
2021-05-06 18:00:08.410,0,0.0817788571849062,82.69586528705645,1.0,,128608.17440811142
2021-05-06 18:00:08.420,0,0.0586904506687961,72.79381087715672,1.0,,111779.07764485417
2021-05-06 18:00:08.430,0,0.0528681810392768,62.323257633367135,1.0,,94227.40311558086
2021-05-06 18:00:08.440,0,0.0595435100377107,52.65676473194186,1.0,,78282.75314000352
2021-05-06 18:00:08.450,0,0.0364678701815232,44.69435451089236,1.0,,65365.36637755341
2021-05-06 18:00:08.460,0,0.0343950287066993,36.70323771619384,1.0,,52636.55969041639
2021-05-06 18:00:08.470,0,0.0316756330707011,29.54181947817426,1.0,,41455.89253206299
2021-05-06 18:00:08.480,0,0.0263624464356251,22.8782378137372,1.0,,31298.867613036145
2021-05-06 18:00:08.490,0,0.0178436066418565,16.909706447952736,1.0,,22446.996847413335
2021-05-06 18:00:08.500,0,0.0106762377007608,11.389075195239592,1.0,,14537.831805769245
2021-05-06 18:00:08.510,0,0.0076539174035717,6.543338477720147,1.0,,7906.657758722211
2021-05-06 18:00:08.520,0,0.0082840774912299,2.211552921008435,1.0,,2404.959797836715
2021-05-06 18:00:08.530,0,0.0018573932127604,0.0,1.0,,9.134072146478427
2021-05-06 18:00:08.540,0,-0.0068977636680544,0.0,1.0,,10.696266037456915
2021-05-06 18:00:08.550,0,-0.0137435300301754,0.0,1.0,,12.53806751258581
2021-05-06 18:00:08.560,0,-0.0057040436042341,0.0,1.0,,11.334248805462474
2021-05-06 18:00:08.570,0,-0.0156699625026462,0.0,1.0,,11.761470706256272
2021-05-06 18:00:08.580,0,-0.0109997439363557,0.0,1.0,,12.927899594790151
2021-05-06 18:00:08.590,0,-0.0172277583890172,0.0,1.0,,10.94745775366732
2021-05-06 18:00:08.600,0,-0.008064151318785,0.0,1.0,,9.592611938365424
2021-05-06 18:00:08.610,0,-0.0164232783280541,0.0,1.0,,11.19550831690549
2021-05-06 18:00:08.620,0,-0.0177460328796851,0.0,1.0,,14.337982314542888
2021-05-06 18:00:08.630,0,-0.0115371575056053,0.0,1.0,,9.445714607083529
2021-05-06 18:00:08.640,0,-0.0139046973129493,0.0,1.0,,9.134133483252851
2021-05-06 18:00:08.650,0,-0.0138875713248162,0.0,1.0,,9.180691692614873
2021-05-06 18:00:08.660,0,-0.0166500505508218,0.0,1.0,,9.942829533237171
2021-05-06 18:00:08.670,0,-0.0091397054877358,0.0,1.0,,11.358378715896563
2021-05-06 18:00:08.680,0,-0.0112911973803524,0.0,1.0,,12.727631708435933
2021-05-06 18:00:08.690,0,-0.0112277104324396,0.0,1.0,,8.645720856704855
2021-05-06 18:00:08.700,0,-0.013852221142744,0.0,1.0,,8.407462185217067
2021-05-06 18:00:08.710,0,-0.0117163666123169,0.0,1.0,,11.890149320108188
2021-05-06 18:00:08.720,0,-0.0134669394242743,0.0,1.0,,13.416162349672469
2021-05-06 18:00:08.730,0,-0.0112448294918647,0.0,1.0,,8.032787657416142
2021-05-06 18:00:08.740,0,-0.0116982419423577,0.0,1.0,,4.749429539696058
2021-05-06 18:00:08.750,0,-0.010843183918354,0.0,1.0,,7.003219694239053
2021-05-06 18:00:08.760,0,-0.0043953818159763,0.0,1.0,,9.566451965646793
2021-05-06 18:00:08.770,0,-0.0092272128228106,0.0,1.0,,11.236040615921205
2021-05-06 18:00:08.780,0,-0.0098884484885199,0.0,1.0,,10.26849436330437
2021-05-06 18:00:08.790,0,-0.0069914312323842,0.0,1.0,,9.064389672933208
2021-05-06 18:00:08.800,0,-0.004438539847004,0.0,1.0,,13.55540742848356
2021-05-06 18:00:08.810,0,-0.0029430953859903,0.0,1.0,,9.031017073300672
2021-05-06 18:00:08.820,0,-0.0046898022988151,0.0,1.0,,8.815127676947583
2021-05-06 18:00:08.830,0,-0.0006932718061275,0.0,1.0,,7.53253100365416
2021-05-06 18:00:08.840,0,-0.0057619803219527,0.0,1.0,,9.705483017945626
2021-05-06 18:00:08.850,0,-0.0125206811588238,0.0,1.0,,10.840342188535372
2021-05-06 18:00:08.860,0,-0.001807831987808,0.0,1.0,,11.148022971951958
2021-05-06 18:00:08.870,0,-0.0034111217126679,0.0,1.0,,11.522544622010745
2021-05-06 18:00:08.880,0,-0.0012701157432677,0.0,1.0,,11.004639599048017
2021-05-06 18:00:08.890,0,0.0026262770894174,0.0,1.0,,8.931168339440834
2021-05-06 18:00:08.900,0,-0.0045723156644717,0.0,1.0,,11.730811757180716
2021-05-06 18:00:08.910,0,-0.0031876566348677,0.0,1.0,,11.081639044400118
2021-05-06 18:00:08.920,0,-0.0074725074869365,0.0,1.0,,10.51966844506849
2021-05-06 18:00:08.930,0,-0.0009753111902643,0.1264599588757511,1.0,,112.28969478267088
2021-05-06 18:00:08.940,0,0.0052039234752432,0.3543295974057617,1.0,,332.2148616746454
2021-05-06 18:00:08.950,0,-0.003554349733084,0.544248078601243,1.0,,523.74999606958
2021-05-06 18:00:08.960,0,0.0007375157779979,0.7068997112206078,1.0,,688.2362766173558
2021-05-06 18:00:08.970,0,0.0029204687595576,0.8468226427664136,1.0,,843.457868808625
2021-05-06 18:00:08.980,0,0.0024434245478053,0.9555676480485862,1.0,,963.717873150387
2021-05-06 18:00:08.990,0,0.0008970439874551,1.0396956266367552,1.0,,1054.9452845029884
2021-05-06 18:00:09.000,1,0.0058590196711674,1.1081907550524177,1.0,,1130.4310503772692
2021-05-06 18:00:09.010,1,-0.0025353171405724,1.1614531898861704,1.0,,1186.254616489468
2021-05-06 18:00:09.020,1,0.0005696080631648,1.1930455162690217,1.0,,1222.4061667361652
2021-05-06 18:00:09.030,1,-0.0052205680834798,1.1976120310177616,1.0,,1228.4443591098482
2021-05-06 18:00:09.040,1,-0.0019777174836367,1.1953873094670495,1.0,,1225.14173256554
2021-05-06 18:00:09.050,0,0.0045355742047543,1.1795347989025229,1.0,,1208.9843313619904
2021-05-06 18:00:09.060,0,-0.0006763974764063,1.1700670879501816,1.0,,1201.613710287225
2021-05-06 18:00:09.070,0,-0.0012476828952408,1.1242645872867727,1.0,,1145.771537046275
2021-05-06 18:00:09.080,0,-0.0005308612293964,1.0884657461496356,1.0,,1108.7998620244387
2021-05-06 18:00:09.090,0,0.0033821735963344,1.0425413403674602,1.0,,1056.120206735099
2021-05-06 18:00:09.100,0,-0.0058572455277959,1.0013577752308982,1.0,,1010.473358057078
2021-05-06 18:00:09.110,0,0.0003039185200269,6.337779520500944,1.0,,7633.446026798561
2021-05-06 18:00:09.120,0,0.0150682064540199,21.450573170884027,1.0,,29160.159125974285
2021-05-06 18:00:09.130,0,0.0346152101102563,45.07591613120452,1.0,,65979.18966229359
2021-05-06 18:00:09.140,0,0.0516171191279094,75.40351144420578,1.0,,116191.30157917434
2021-05-06 18:00:09.150,0,0.0789723266841861,112.06366154679712,1.0,,179659.1091288757
2021-05-06 18:00:09.160,0,0.1360898676546406,147.99438970815766,0.0,,243950.96308106405
2021-05-06 18:00:09.170,0,0.1357094455275573,176.94994965231675,0.0,,296936.08546833147
2021-05-06 18:00:09.180,0,0.1345918423517578,202.66146270914825,0.0,,344720.7297888592
2021-05-06 18:00:09.190,0,0.1649283861678589,220.1882796941124,0.0,,377656.98362360947
2021-05-06 18:00:09.200,0,0.1619390953063818,235.2774335239703,0.0,,406215.97888077365
2021-05-06 18:00:09.210,0,0.1691425747905804,245.46701199049423,0.0,,425608.84291947144
2021-05-06 18:00:09.220,0,0.1672937886339641,253.43208718738495,0.0,,440824.4481874745
2021-05-06 18:00:09.230,0,0.1747751261593843,255.3224907451873,0.0,,444444.1820198586
2021-05-06 18:00:09.240,0,0.1917263418155255,255.18753084859264,0.0,,444184.9045180745
2021-05-06 18:00:09.250,0,0.2202299264802647,254.4871757896464,0.0,,442847.8155156277
2021-05-06 18:00:09.260,0,0.1512795589428646,248.71319530033583,0.0,,431803.76174810814
2021-05-06 18:00:09.270,0,0.1910930897501547,243.13723181658168,0.0,,421169.8816034901
2021-05-06 18:00:09.280,0,0.1373213511679885,234.44363070915009,0.0,,404630.8073637982
2021-05-06 18:00:09.290,0,0.1532698709106632,223.02502798554897,0.0,,383010.21830406203
2021-05-06 18:00:09.300,0,0.1284690593562925,211.52565874070564,0.0,,361342.32084595383
2021-05-06 18:00:09.310,0,0.1691720906705374,203.9460344868101,0.0,,347128.0878646167
2021-05-06 18:00:09.320,0,0.1496479566097886,190.64294072309792,0.0,,322306.7742135863
2021-05-06 18:00:09.330,0,0.1192120396901489,178.82135469019445,0.0,,300391.51727849105
2021-05-06 18:00:09.340,0,0.1050844549021737,166.7599920066586,0.0,,278174.77119719755
2021-05-06 18:00:09.350,0,0.0938254143650392,153.74676460399394,0.0,,254396.6507128713
2021-05-06 18:00:09.360,0,0.1156971833519097,140.85733259593528,0.0,,231039.25276061278
2021-05-06 18:00:09.370,0,0.0856679121957885,128.05445822055026,0.0,,208047.4317813796
2021-05-06 18:00:09.380,0,0.1011247275497535,116.28523110528008,1.0,,187116.13404476986
2021-05-06 18:00:09.390,0,0.072101672280269,104.18063885677545,1.0,,165806.41665631064
2021-05-06 18:00:09.400,0,0.0603905602700506,93.65304456046704,1.0,,147472.90409809168
2021-05-06 18:00:09.410,0,0.0726643505701979,82.17559864367661,1.0,,127720.95051937235
2021-05-06 18:00:09.420,0,0.0605331639362635,71.59194527332559,1.0,,109746.47487694664
2021-05-06 18:00:09.430,0,0.0382055470145378,62.07326471912675,1.0,,93812.56096550566
2021-05-06 18:00:09.440,0,0.0307445449438107,53.13273573223736,1.0,,79058.41639579019
2021-05-06 18:00:09.450,0,0.0392149188235143,44.75140121210145,1.0,,65456.68969571242
2021-05-06 18:00:09.460,0,0.0354442764683652,36.89169151574488,1.0,,52928.53661092984
2021-05-06 18:00:09.470,0,0.0308167417686218,29.551473694686408,1.0,,41474.44171458172
2021-05-06 18:00:09.480,0,0.0136899395725865,22.68561041012837,1.0,,31006.190516226816
2021-05-06 18:00:09.490,0,0.0145319485677597,16.902708948229446,1.0,,22438.995722815984
2021-05-06 18:00:09.500,0,0.0022714420437313,11.431818229275745,1.0,,14599.954922080871
2021-05-06 18:00:09.510,0,0.0048503477907302,6.525795437352056,1.0,,7881.094519233665
2021-05-06 18:00:09.520,0,0.0022227328302254,2.1871654134297405,1.0,,2378.7180878731483
2021-05-06 18:00:09.530,0,-0.0025991905637379,0.0,1.0,,7.245774135898412
2021-05-06 18:00:09.540,0,-0.001814021498058,0.0,1.0,,6.650292098828029
2021-05-06 18:00:09.550,0,-0.0085592883784228,0.0,1.0,,8.425911206879288
2021-05-06 18:00:09.560,0,-0.0074286933014118,0.0,1.0,,10.088561378198941
2021-05-06 18:00:09.570,0,-0.0099745640114103,0.0,1.0,,11.484412818346893
2021-05-06 18:00:09.580,0,-0.0072272013074185,0.0,1.0,,9.31597059606994
2021-05-06 18:00:09.590,0,-0.0153643134205024,0.0,1.0,,11.074847960335505
2021-05-06 18:00:09.600,0,-0.0172466134322664,0.0,1.0,,10.203920567503015
2021-05-06 18:00:09.610,0,-0.0142657948192066,0.0,1.0,,13.775348139647917
2021-05-06 18:00:09.620,0,-0.0113239714318738,0.0,1.0,,13.355148006989142
2021-05-06 18:00:09.630,0,-0.0085431279891524,0.0,1.0,,11.324485319335352
2021-05-06 18:00:09.640,0,-0.0134335804774724,0.0,1.0,,10.70560706482871
2021-05-06 18:00:09.650,0,-0.0140989182883112,0.0,1.0,,9.981943322275331
2021-05-06 18:00:09.660,0,-0.017350074340001,0.0,1.0,,11.765926056548915
2021-05-06 18:00:09.670,0,-0.0137078818375693,0.0,1.0,,11.071386708130163
2021-05-06 18:00:09.680,0,-0.0087996902495787,0.0,1.0,,11.042777306479367
2021-05-06 18:00:09.690,0,-0.009032130900838,0.0,1.0,,7.096020909253254
2021-05-06 18:00:09.700,0,-0.0077163992828949,0.0,1.0,,8.692770161651875
2021-05-06 18:00:09.710,0,-0.0051280414743411,0.0,1.0,,11.699264234969608
2021-05-06 18:00:09.720,0,-0.0150468721321944,0.0,1.0,,11.152433074759866
2021-05-06 18:00:09.730,0,-0.0063220003831148,0.0,1.0,,9.481484155306447
2021-05-06 18:00:09.740,0,-0.000849115280281,0.0,1.0,,16.125656346300232
2021-05-06 18:00:09.750,0,-0.0095136229156544,0.0,1.0,,7.879696907461237
2021-05-06 18:00:09.760,0,-0.0109394697523341,0.0,1.0,,8.543190175429315
2021-05-06 18:00:09.770,0,-0.0035969109982957,0.0,1.0,,11.984588857456265
2021-05-06 18:00:09.780,0,-0.0104634609636265,0.0,1.0,,10.193299266805012
2021-05-06 18:00:09.790,0,-0.0009928710373239,0.0,1.0,,9.893252900031309
2021-05-06 18:00:09.800,0,-7.864188945298603e-05,0.0,1.0,,12.476777491808152
2021-05-06 18:00:09.810,0,-0.0064338349485326,0.0,1.0,,9.443779053076142
2021-05-06 18:00:09.820,0,-0.0023272311267208,0.0,1.0,,14.581379863583303
2021-05-06 18:00:09.830,0,0.0024830808481049,0.0,1.0,,8.664771825951826
2021-05-06 18:00:09.840,0,-0.0070439958510923,0.0,1.0,,8.524432084240297
2021-05-06 18:00:09.850,0,-0.0013807607633016,0.0,1.0,,4.9548765902647
2021-05-06 18:00:09.860,0,-0.0060457863257619,0.0,1.0,,9.212229919769602
2021-05-06 18:00:09.870,0,0.0026397359636253,0.0,1.0,,8.670547113719284
2021-05-06 18:00:09.880,0,0.0025763094002837,0.0,1.0,,9.147993001126956
2021-05-06 18:00:09.890,0,0.0025200015481545,0.0,1.0,,9.67780285202409
2021-05-06 18:00:09.900,0,-0.0028615667309566,0.0,1.0,,10.927404555126765
2021-05-06 18:00:09.910,0,-0.0006808434420369,0.0,1.0,,12.700517498035271
2021-05-06 18:00:09.920,0,0.0022138571084014,0.0,1.0,,8.00008018030656
2021-05-06 18:00:09.930,0,-0.0004247875838345,0.1275409792659967,1.0,,117.0175362155018
2021-05-06 18:00:09.940,0,0.0046342018620777,0.3566673266779568,1.0,,330.08710192338395
2021-05-06 18:00:09.950,0,0.0009937553827005,0.5555571415749425,1.0,,536.63107793275
2021-05-06 18:00:09.960,0,-0.0019036178785354,0.7223174602107268,1.0,,709.3858871079507
2021-05-06 18:00:09.970,0,-0.0003571095917911,0.8586554232054945,1.0,,856.0792055984252
2021-05-06 18:00:09.980,0,0.0003024974369686,0.9683647432837952,1.0,,977.6692696948567
2021-05-06 18:00:09.990,0,0.0010210157641967,1.065323164978898,1.0,,1082.7149307725085
2021-05-06 18:00:10.000,1,-0.0027361272218988,1.1227783415649095,1.0,,1146.3818569458513
2021-05-06 18:00:10.010,1,0.0029463420465443,1.172975161382436,1.0,,1202.8819986112946
2021-05-06 18:00:10.020,1,-0.0008798525223816,1.2046235311925184,1.0,,1236.4162719729259
2021-05-06 18:00:10.030,1,0.0032827713624715,1.2173061410208024,1.0,,1248.5909765286951
2021-05-06 18:00:10.040,1,-0.0003313662887406,1.2153440180624122,1.0,,1248.513080345383
2021-05-06 18:00:10.050,0,0.00142925748116,1.1883782080019858,1.0,,1220.4478308085988
2021-05-06 18:00:10.060,0,-0.001959072540814,1.1789963154053986,1.0,,1207.058396953515
2021-05-06 18:00:10.070,0,-0.0025558352378366,1.1374286449051525,1.0,,1159.150441321334
2021-05-06 18:00:10.080,0,-0.0001317068637782,1.1018182399135663,1.0,,1121.3041071570647
2021-05-06 18:00:10.090,0,0.0073881282848836,1.0534352253297474,1.0,,1072.7055701221188
2021-05-06 18:00:10.100,0,-0.0006989934835158,1.0138446814306978,1.0,,1026.2503551275909
2021-05-06 18:00:10.110,0,0.0092617473430705,6.382100536700225,1.0,,7693.88832755682
2021-05-06 18:00:10.120,0,0.0176235384391667,21.60496084003548,1.0,,29388.75562397204
2021-05-06 18:00:10.130,0,0.0272058690264469,45.411998370832464,1.0,,66523.08546888677
2021-05-06 18:00:10.140,0,0.0481751092213451,76.80285628423286,1.0,,118564.39118743117
2021-05-06 18:00:10.150,0,0.0722005147686641,113.56392180192309,1.0,,182303.1613695256
2021-05-06 18:00:10.160,0,0.0800801806955415,148.93051331267642,0.0,,245647.6164432291
2021-05-06 18:00:10.170,0,0.1096286731515926,182.17322682293155,0.0,,306588.4654775404
2021-05-06 18:00:10.180,0,0.1156379909484193,203.9272901958476,0.0,,347091.3703755372
2021-05-06 18:00:10.190,0,0.1344533144403509,223.56243107794864,0.0,,384023.3433771084
2021-05-06 18:00:10.200,0,0.1677459650303679,238.37131014137265,0.0,,412091.8560595354
2021-05-06 18:00:10.210,0,0.1967176946824375,248.14585609791865,0.0,,430719.359408243
2021-05-06 18:00:10.220,0,0.1763919757188024,254.45663122074745,0.0,,442783.374419377
2021-05-06 18:00:10.230,0,0.1778040979139604,259.32142925950507,0.0,,452105.91685587185
2021-05-06 18:00:10.240,0,0.2110998564807805,257.2815607011398,0.0,,448200.4260537544
2021-05-06 18:00:10.250,0,0.152163102704725,253.81425392900985,0.0,,441553.93249018205
2021-05-06 18:00:10.260,0,0.176764280418555,251.34076446203505,0.0,,436823.0529205432
2021-05-06 18:00:10.270,0,0.2031771657616217,245.769418809709,0.0,,426183.7930218588
2021-05-06 18:00:10.280,0,0.1931859084651231,235.1270852208129,0.0,,405934.6423660193
2021-05-06 18:00:10.290,0,0.1837225248986646,226.45049862113385,0.0,,389485.9525691207
2021-05-06 18:00:10.300,0,0.1275701529889948,215.80194608342453,0.0,,369383.2992497678
2021-05-06 18:00:10.310,0,0.1299893098959933,204.50063468582084,0.0,,348164.3815399312
2021-05-06 18:00:10.320,0,0.1494340457854161,191.2709412874332,0.0,,323476.10325192177
2021-05-06 18:00:10.330,0,0.1110345433392177,179.6984246607157,0.0,,302011.99208359234
2021-05-06 18:00:10.340,0,0.1340322510482165,166.43024438025031,0.0,,277577.63188950735
2021-05-06 18:00:10.350,0,0.0940271569853244,154.40075095143018,0.0,,255585.39320132165
2021-05-06 18:00:10.360,0,0.0911314005960681,140.24376429393536,0.0,,229930.72226911742
2021-05-06 18:00:10.370,0,0.0792678120967161,128.95391057710748,0.0,,209660.3190903016
2021-05-06 18:00:10.380,0,0.0992731779711405,116.7408276195328,1.0,,187925.81469503578
2021-05-06 18:00:10.390,0,0.0646248422525982,104.63942311515508,1.0,,166609.62813049305
2021-05-06 18:00:10.400,0,0.0516290159630664,92.63238405722733,1.0,,145712.05212961612
2021-05-06 18:00:10.410,0,0.0661621081405198,81.76954927820545,1.0,,127027.748727882
2021-05-06 18:00:10.420,0,0.0517265491360444,71.72200803476858,1.0,,109967.9864680968
2021-05-06 18:00:10.430,0,0.0479887864442499,61.87127332038349,1.0,,93475.03095539844
2021-05-06 18:00:10.440,0,0.0496767774295647,53.248669384139006,1.0,,79252.54318755685
2021-05-06 18:00:10.450,0,0.0287359933843898,44.69626947691764,1.0,,65365.93060723492
2021-05-06 18:00:10.460,0,0.0244630454926009,36.60482987861081,1.0,,52475.31359027689
2021-05-06 18:00:10.470,0,0.027161705768104,29.746910974827017,1.0,,41772.58898093021
2021-05-06 18:00:10.480,0,0.021125982701885,22.569634828072378,1.0,,30837.54129789387
2021-05-06 18:00:10.490,0,0.0123546893787786,16.615435547308458,1.0,,22019.04125727636
2021-05-06 18:00:10.500,0,0.0067037904694462,11.37451834635174,1.0,,14515.560323993082
2021-05-06 18:00:10.510,0,0.0056897525166238,6.465583173353809,1.0,,7802.4008826209765
2021-05-06 18:00:10.520,0,-0.0004886367134364,2.1702885704961004,1.0,,2353.042146981333
2021-05-06 18:00:10.530,0,-0.0018590968679508,0.0,1.0,,7.365750007100625
2021-05-06 18:00:10.540,0,-0.0012220679109509,0.0,1.0,,10.352690405106753
2021-05-06 18:00:10.550,0,-0.0021182934476526,0.0,1.0,,10.749337882650455
2021-05-06 18:00:10.560,0,-0.011530573180136,0.0,1.0,,11.035113037455776
2021-05-06 18:00:10.570,0,-0.0061470214645532,0.0,1.0,,10.600278434426073
2021-05-06 18:00:10.580,0,-0.0086138434493177,0.0,1.0,,10.966204872731511
2021-05-06 18:00:10.590,0,-0.0091746937855458,0.0,1.0,,7.348779619819627
2021-05-06 18:00:10.600,0,-0.0132602260021475,0.0,1.0,,11.121102295097772
2021-05-06 18:00:10.610,0,-0.0079217833169136,0.0,1.0,,12.96365103784928
2021-05-06 18:00:10.620,0,-0.0127660404504132,0.0,1.0,,9.714881507010855
2021-05-06 18:00:10.630,0,-0.0062914844559871,0.0,1.0,,7.673781137663669
2021-05-06 18:00:10.640,0,-0.0144683471605652,0.0,1.0,,7.004576632099704
2021-05-06 18:00:10.650,0,-0.0121171592611546,0.0,1.0,,10.530215635446442
2021-05-06 18:00:10.660,0,-0.0028354493306787,0.0,1.0,,11.232958792541393
2021-05-06 18:00:10.670,0,-0.0105468412632407,0.0,1.0,,9.721200260873376
2021-05-06 18:00:10.680,0,-0.0149518844463356,0.0,1.0,,11.041502828315085
2021-05-06 18:00:10.690,0,-0.0077775295269178,0.0,1.0,,9.641315774656373
2021-05-06 18:00:10.700,0,-0.010692786665818,0.0,1.0,,7.514784290712839
2021-05-06 18:00:10.710,0,-0.0069351863183999,0.0,1.0,,10.788796003143522
2021-05-06 18:00:10.720,0,-0.0103102074841657,0.0,1.0,,12.982471665787005
2021-05-06 18:00:10.730,0,-0.0063201349318517,0.0,1.0,,8.253200037104921
2021-05-06 18:00:10.740,0,-0.0056640180657976,0.0,1.0,,8.22397412917055
2021-05-06 18:00:10.750,0,-0.0105711043863236,0.0,1.0,,8.82763977996565
2021-05-06 18:00:10.760,0,-0.0090416196258686,0.0,1.0,,10.645629224935439
2021-05-06 18:00:10.770,0,-0.0055009885903189,0.0,1.0,,12.124363320993009
2021-05-06 18:00:10.780,0,-0.0056647000035287,0.0,1.0,,9.35987921449365
2021-05-06 18:00:10.790,0,-0.0074531455914415,0.0,1.0,,8.10432527696792
2021-05-06 18:00:10.800,0,-0.0054641414602861,0.0,1.0,,10.36535975066793
2021-05-06 18:00:10.810,0,-0.0065032957017009,0.0,1.0,,7.614250519533011
2021-05-06 18:00:10.820,0,-0.0025922906310716,0.0,1.0,,14.000189592337485
2021-05-06 18:00:10.830,0,-0.0055594426000348,0.0,1.0,,11.16642015030692
2021-05-06 18:00:10.840,0,0.001359116213725,0.0,1.0,,9.90612730485706
2021-05-06 18:00:10.850,0,-0.0014727529936243,0.0,1.0,,9.22086118422916
2021-05-06 18:00:10.860,0,-0.0046494813841045,0.0,1.0,,13.272056815385755
2021-05-06 18:00:10.870,0,0.0011757016037783,0.0,1.0,,7.046607671795962
2021-05-06 18:00:10.880,0,-0.0072714068688429,0.0,1.0,,11.377193313583694
2021-05-06 18:00:10.890,0,-0.0037519217235976,0.0,1.0,,7.390942962418878
2021-05-06 18:00:10.900,0,-0.0042850651194918,0.0,1.0,,6.891827841584987
2021-05-06 18:00:10.910,0,-0.0023026646659657,0.0,1.0,,11.70644050858874
2021-05-06 18:00:10.920,0,0.005165455936757,0.0,1.0,,10.013233684910942
2021-05-06 18:00:10.930,0,-0.001411051709489,0.1259065606187265,1.0,,111.16557448874453
2021-05-06 18:00:10.940,0,0.0013095046205865,0.3513367480605228,1.0,,329.17497126120736
2021-05-06 18:00:10.950,0,-0.0021963314064073,0.5395706317817879,1.0,,518.3889921472276
2021-05-06 18:00:10.960,0,1.6698909869493003e-06,0.7034748527262173,1.0,,688.5255254138337
2021-05-06 18:00:10.970,0,-0.0016967743475936,0.8357983022048818,1.0,,832.1665890089276
2021-05-06 18:00:10.980,0,0.0018503274761835,0.9424369409641108,1.0,,946.1775182848536
2021-05-06 18:00:10.990,0,0.0004707479058889,1.0254557820981427,1.0,,1038.0667012767647
2021-05-06 18:00:11.000,1,0.0039510106062756,1.0804500629388707,1.0,,1099.8119212215968
2021-05-06 18:00:11.010,1,0.004985013520866,1.141759433078904,1.0,,1166.9761007700274
2021-05-06 18:00:11.020,1,-0.0035406402716778,1.1703602458864164,1.0,,1200.4662644242787
2021-05-06 18:00:11.030,1,0.0036948497866523,1.168275157654386,1.0,,1196.845380797606
2021-05-06 18:00:11.040,1,-0.001701612924415,1.1722449282596346,1.0,,1201.336251659982
2021-05-06 18:00:11.050,0,-0.0028287389803303,1.170926273983761,1.0,,1198.7599316133271
2021-05-06 18:00:11.060,0,-0.0025723734740599,1.1401235449174232,1.0,,1162.5768882321854
2021-05-06 18:00:11.070,0,-0.0015711078215173,1.1007528128357775,1.0,,1124.4797558826856
2021-05-06 18:00:11.080,0,2.1758549932037493e-05,1.0570437927020673,1.0,,1075.5383894301801
2021-05-06 18:00:11.090,0,-0.0037335614310149,1.0286206358283108,1.0,,1040.5928949686677
2021-05-06 18:00:11.100,0,0.0038702443081818,0.9724498347438914,1.0,,981.037575227406
2021-05-06 18:00:11.110,0,0.0044316134175945,6.151684017266997,1.0,,7388.854555425615
2021-05-06 18:00:11.120,0,0.0191808244083097,20.913187554612605,1.0,,28356.430869654156
2021-05-06 18:00:11.130,0,0.0444955050503854,44.01664658047928,1.0,,64277.38998897607
2021-05-06 18:00:11.140,0,0.0593947001454365,74.13335815050473,1.0,,114041.8465135204
2021-05-06 18:00:11.150,0,0.1108146570655702,109.60220488754923,1.0,,175321.36594194648
2021-05-06 18:00:11.160,0,0.1021274726036984,143.57611348682036,0.0,,235948.96453086223
2021-05-06 18:00:11.170,0,0.1472026931330355,173.02993051010552,0.0,,289709.14198724995
2021-05-06 18:00:11.180,0,0.1769569718438391,195.8775089676183,0.0,,332054.56846872024
2021-05-06 18:00:11.190,0,0.1681220483103075,216.6942681174396,0.0,,371067.0950128702
2021-05-06 18:00:11.200,0,0.1588264421693988,229.5179405997412,0.0,,395292.8098684754
2021-05-06 18:00:11.210,0,0.182842460331023,240.8130705313844,0.0,,416741.3530234993
2021-05-06 18:00:11.220,0,0.2237095693353079,247.3917449529057,0.0,,429283.75461326656
2021-05-06 18:00:11.230,0,0.1886630722257705,249.6482198723488,0.0,,433593.01801305515
2021-05-06 18:00:11.240,0,0.2012795571957134,249.54815329284747,0.0,,433400.6337636795
2021-05-06 18:00:11.250,0,0.1619972738303986,248.0710421943936,0.0,,430576.5322710146
2021-05-06 18:00:11.260,0,0.2174026066073726,240.60156958478345,0.0,,416343.7371689418
2021-05-06 18:00:11.270,0,0.2109933257260269,235.30724731380107,0.0,,406277.30694370973
2021-05-06 18:00:11.280,0,0.1840251719779474,226.97694894531224,0.0,,390478.1418576555
2021-05-06 18:00:11.290,0,0.1960734482115276,218.23864259612472,0.0,,373980.8722361821
2021-05-06 18:00:11.300,0,0.1885478320607753,210.5868075952667,0.0,,359580.25125774945
2021-05-06 18:00:11.310,0,0.1527684633161284,196.9502530342625,0.0,,334053.1253605976
2021-05-06 18:00:11.320,0,0.1605820218491321,185.06614898373047,0.0,,311951.56960765267
2021-05-06 18:00:11.330,0,0.1508991911273249,172.83709755339362,0.0,,289352.56479130796
2021-05-06 18:00:11.340,0,0.0963657403240847,163.014140913286,0.0,,271309.3288645862
2021-05-06 18:00:11.350,0,0.1160538101184023,149.5261483704439,0.0,,246725.31075319988
2021-05-06 18:00:11.360,0,0.1205300905994767,136.61234606368257,0.0,,223394.72218321383
2021-05-06 18:00:11.370,0,0.0843174673376906,124.46334160825369,0.0,,201641.0466024328
2021-05-06 18:00:11.380,0,0.0700204281208182,114.2229143339764,1.0,,183465.92292371963
2021-05-06 18:00:11.390,0,0.0630214106657887,101.3080116235624,1.0,,160784.76387698666
2021-05-06 18:00:11.400,0,0.0749117083894321,90.87944909293364,1.0,,142677.50399422078
2021-05-06 18:00:11.410,0,0.0630492807171381,80.14599063084822,1.0,,124258.13850820456
2021-05-06 18:00:11.420,0,0.0449289069699129,70.14373023089321,1.0,,107307.60649100192
2021-05-06 18:00:11.430,0,0.0389921881686483,60.59826836324567,1.0,,91362.70070115832
2021-05-06 18:00:11.440,0,0.0315569384559397,51.40665175552586,1.0,,76242.08850545024
2021-05-06 18:00:11.450,0,0.0271337619138063,43.36114205426915,1.0,,63226.39503548402
2021-05-06 18:00:11.460,0,0.0266070785759356,35.488288710020754,1.0,,50719.88473496683
2021-05-06 18:00:11.470,0,0.0214720714251929,28.45547584476825,1.0,,39786.5196542212
2021-05-06 18:00:11.480,0,0.0149123221822978,22.260222904890004,1.0,,30371.520260543362
2021-05-06 18:00:11.490,0,0.0082599529164199,16.303409008366078,1.0,,21565.270529513662
2021-05-06 18:00:11.500,0,0.0086527785457605,11.0759176196806,1.0,,14096.907943388647
2021-05-06 18:00:11.510,0,0.0076150528346306,6.41259623873833,1.0,,7730.597577023293
2021-05-06 18:00:11.520,0,0.0020287748353536,2.125044020315176,1.0,,2301.1118962175524
2021-05-06 18:00:11.530,0,-0.0039714283446603,0.0,1.0,,8.500582799984612
2021-05-06 18:00:11.540,0,-0.0061599052004034,0.0,1.0,,9.223529767822336
2021-05-06 18:00:11.550,0,-0.0110920938267969,0.0,1.0,,9.646931322930923
2021-05-06 18:00:11.560,0,-0.0063753313302096,0.0,1.0,,8.698188922804484
2021-05-06 18:00:11.570,0,-0.0071609975888543,0.0,1.0,,10.997804215988177
2021-05-06 18:00:11.580,0,-0.0138221932558416,0.0,1.0,,10.903003309016908
2021-05-06 18:00:11.590,0,-0.0108294821977404,0.0,1.0,,11.350064544335249
2021-05-06 18:00:11.600,0,-0.0141389010228334,0.0,1.0,,7.35928876100833
2021-05-06 18:00:11.610,0,-0.0138858333014145,0.0,1.0,,11.349039127903971
2021-05-06 18:00:11.620,0,-0.0070033571063573,0.0,1.0,,11.401040020566999
2021-05-06 18:00:11.630,0,-0.0121713814817585,0.0,1.0,,8.3893571580047
2021-05-06 18:00:11.640,0,-0.0146850078179202,0.0,1.0,,9.499913031524521
2021-05-06 18:00:11.650,0,-0.0122255124506356,0.0,1.0,,12.9019632873623
2021-05-06 18:00:11.660,0,-0.011319446890695,0.0,1.0,,9.66909081902196
2021-05-06 18:00:11.670,0,-0.0110663212234468,0.0,1.0,,11.20991765450201
2021-05-06 18:00:11.680,0,-0.0120041540697989,0.0,1.0,,9.639060243407881
2021-05-06 18:00:11.690,0,-0.0122813192384232,0.0,1.0,,9.172224369400615
2021-05-06 18:00:11.700,0,-0.0091398924062146,0.0,1.0,,6.652520047889848
2021-05-06 18:00:11.710,0,-0.0079213521760052,0.0,1.0,,12.58919962582873
2021-05-06 18:00:11.720,0,-0.0106649029229584,0.0,1.0,,9.882102571333341
2021-05-06 18:00:11.730,0,-0.0064234714684485,0.0,1.0,,11.052209178842963
2021-05-06 18:00:11.740,0,-0.011590898892466,0.0,1.0,,6.812614026030482
2021-05-06 18:00:11.750,0,-0.0106176767039936,0.0,1.0,,9.626319571045247
2021-05-06 18:00:11.760,0,-0.0065483830417632,0.0,1.0,,10.350818289319516
2021-05-06 18:00:11.770,0,-0.0084743646153053,0.0,1.0,,10.840265208584128
2021-05-06 18:00:11.780,0,-0.0070495003672748,0.0,1.0,,10.394781437260148
2021-05-06 18:00:11.790,0,-0.0114084095490207,0.0,1.0,,9.826191014659969
2021-05-06 18:00:11.800,0,-0.0133653383244182,0.0,1.0,,11.490073557155384
2021-05-06 18:00:11.810,0,-0.0028065573432383,0.0,1.0,,5.040748668653332
2021-05-06 18:00:11.820,0,-0.0050271450045793,0.0,1.0,,11.034725078652157
2021-05-06 18:00:11.830,0,-0.0037581801454298,0.0,1.0,,10.42923107911007
2021-05-06 18:00:11.840,0,-0.0007453426204998,0.0,1.0,,8.63347440655918
2021-05-06 18:00:11.850,0,0.0008571080861142,0.0,1.0,,11.581869710258701
2021-05-06 18:00:11.860,0,-0.0024505788287556,0.0,1.0,,10.9555891626767
2021-05-06 18:00:11.870,0,0.0002526925963287,0.0,1.0,,7.895564863197881
2021-05-06 18:00:11.880,0,-0.0069878172656321,0.0,1.0,,11.362282845031972
2021-05-06 18:00:11.890,0,0.0019929364936188,0.0,1.0,,10.350688120535347
2021-05-06 18:00:11.900,0,-0.0004511360910195,0.0,1.0,,10.092682904495733
2021-05-06 18:00:11.910,0,-0.0004883194651702,0.0,1.0,,12.691445511740444
2021-05-06 18:00:11.920,0,-0.0021346705657426,0.0,1.0,,7.747471338341335
2021-05-06 18:00:11.930,0,-0.0001439376315903,0.1239320059347636,1.0,,109.41585907481955
2021-05-06 18:00:11.940,0,-0.0017090359105962,0.3459013060361766,1.0,,320.2182132358539
2021-05-06 18:00:11.950,0,-0.0020864899815708,0.5386722034718386,1.0,,517.7987669001384
2021-05-06 18:00:11.960,0,-0.002459666825789,0.6916659516417407,1.0,,676.2817409451113
2021-05-06 18:00:11.970,0,0.0013658027145338,0.818736034026105,1.0,,813.7806277798562
2021-05-06 18:00:11.980,0,0.0021640842493028,0.9341952685378268,1.0,,938.8410983418605
2021-05-06 18:00:11.990,0,0.0023485430417337,1.0326248605753872,1.0,,1045.5282798007586
2021-05-06 18:00:12.000,1,0.0019484199892476,1.0854388478918957,1.0,,1103.611649224488
2021-05-06 18:00:12.010,1,-0.0028593703856144,1.133393071782327,1.0,,1160.9193779574557
2021-05-06 18:00:12.020,1,0.0010889623844319,1.1653014611793864,1.0,,1196.16942348268
2021-05-06 18:00:12.030,1,-0.0009399125902231,1.161088362790433,1.0,,1192.0202105071664
2021-05-06 18:00:12.040,1,0.0035770171246934,1.1742653037351358,1.0,,1203.7940345946286
2021-05-06 18:00:12.050,0,-0.0033414157215629,1.1585691370391753,1.0,,1184.571823080037
2021-05-06 18:00:12.060,0,-0.0017316296215893,1.1334871440416812,1.0,,1157.0937231039854
2021-05-06 18:00:12.070,0,-0.0057943433477724,1.113140266860278,1.0,,1135.7985410784047
2021-05-06 18:00:12.080,0,-0.0055753085401713,1.0603051762091111,1.0,,1077.4727862327397
2021-05-06 18:00:12.090,0,-0.0034954037938016,1.0222771497688397,1.0,,1029.5807884200444
2021-05-06 18:00:12.100,0,-0.0041862686235532,0.9782067553654372,1.0,,985.5866569447036
2021-05-06 18:00:12.110,0,0.0023741909079757,6.175625582792216,1.0,,7419.587076950409
2021-05-06 18:00:12.120,0,0.0176053396418444,20.93319681022644,1.0,,28384.968236637327
2021-05-06 18:00:12.130,0,0.0358623264086476,43.98337936079168,1.0,,64221.537266406
2021-05-06 18:00:12.140,0,0.0406934945431162,74.27351439255803,1.0,,114278.3425423479
2021-05-06 18:00:12.150,0,0.0953493160284933,109.67523501708644,1.0,,175456.21672373355
2021-05-06 18:00:12.160,0,0.0934942561313265,144.87081331893012,0.0,,238290.3015873011
2021-05-06 18:00:12.170,0,0.12371040365445,173.0347750974138,0.0,,289716.1735243354
2021-05-06 18:00:12.180,0,0.173985564980897,196.2933844669689,0.0,,332826.2504470285
2021-05-06 18:00:12.190,0,0.1420130157853424,216.791243686904,0.0,,371249.1822858168
2021-05-06 18:00:12.200,0,0.1942768254594427,231.4226904097984,0.0,,398904.73913739086
2021-05-06 18:00:12.210,0,0.1438235995251113,240.3484453006664,0.0,,415857.8457723633
2021-05-06 18:00:12.220,0,0.1712885269262687,246.24053461787315,0.0,,427081.56296715786
2021-05-06 18:00:12.230,0,0.1607667787067574,250.3603260575533,0.0,,434950.04120827926
2021-05-06 18:00:12.240,0,0.1620766831677937,249.2719147548454,0.0,,432869.8859452252
2021-05-06 18:00:12.250,0,0.1490043338473441,248.9680795589059,0.0,,432290.9384073051
2021-05-06 18:00:12.260,0,0.2159214807609701,245.42512621120272,0.0,,425536.71552862134
2021-05-06 18:00:12.270,0,0.1998439175952381,237.8316063377235,0.0,,411075.44659445836
2021-05-06 18:00:12.280,0,0.2077650982181666,229.3416387783775,0.0,,394960.1077279851
2021-05-06 18:00:12.290,0,0.1562656703907476,219.10540531838143,0.0,,375612.7473489336
2021-05-06 18:00:12.300,0,0.1427772033818275,207.3514053428535,0.0,,353506.8771222483
2021-05-06 18:00:12.310,0,0.1582340454934141,198.304980988018,0.0,,336581.82027509814
2021-05-06 18:00:12.320,0,0.1329457879473819,186.45841311741185,0.0,,314529.3188738434
2021-05-06 18:00:12.330,0,0.1053388930073341,174.94874484668998,0.0,,293238.5450488285
2021-05-06 18:00:12.340,0,0.1124465387512867,162.19954334321585,0.0,,269819.8063068404
2021-05-06 18:00:12.350,0,0.1399002351357853,150.08442114329097,0.0,,247739.62742924137
2021-05-06 18:00:12.360,0,0.0897701268854199,137.4116265906253,0.0,,224829.11370952873
2021-05-06 18:00:12.370,0,0.0964201698017349,124.9182558729588,0.0,,202454.2486182028
2021-05-06 18:00:12.380,0,0.0820667258578766,114.76367034241586,1.0,,184423.1186364997
2021-05-06 18:00:12.390,0,0.0746439075048956,102.53904982783064,1.0,,162934.72255150712
2021-05-06 18:00:12.400,0,0.0712098334865734,91.40020816152776,1.0,,143576.15992710667
2021-05-06 18:00:12.410,0,0.0779939762635466,81.21427791796386,1.0,,126078.43168440791
2021-05-06 18:00:12.420,0,0.0694695275810836,71.41509074035986,1.0,,109454.50575165612
2021-05-06 18:00:12.430,0,0.0416186210862583,60.452885597591,1.0,,91121.3288116609
2021-05-06 18:00:12.440,0,0.0458874652422738,52.03035586026795,1.0,,77259.55261199675
2021-05-06 18:00:12.450,0,0.0245793670751539,43.65753229465442,1.0,,63696.19269316039
2021-05-06 18:00:12.460,0,0.0340173475872186,36.29793724170804,1.0,,51993.572872923556
2021-05-06 18:00:12.470,0,0.0190945146875722,28.845737426024,1.0,,40377.94488886097
2021-05-06 18:00:12.480,0,0.0232726134996077,22.349416462045887,1.0,,30507.01283375301
2021-05-06 18:00:12.490,0,0.0174017349545278,16.486001949265827,1.0,,21827.370442899548
2021-05-06 18:00:12.500,0,0.0105869921578807,11.217599628111556,1.0,,14293.075584284918
2021-05-06 18:00:12.510,0,0.0044635486428385,6.3712413036554505,1.0,,7676.655817566776
2021-05-06 18:00:12.520,0,0.0038114794137209,2.165285643089168,1.0,,2348.3968278379684
2021-05-06 18:00:12.530,0,0.0004461799339038,0.0,1.0,,10.865013323317827
2021-05-06 18:00:12.540,0,-0.0094402434944493,0.0,1.0,,13.765140807623236
2021-05-06 18:00:12.550,0,-0.0066676088469016,0.0,1.0,,12.932010736363122
2021-05-06 18:00:12.560,0,-0.012759099506393,0.0,1.0,,12.95827455551461
2021-05-06 18:00:12.570,0,-0.0109589711417125,0.0,1.0,,6.296896014029198
2021-05-06 18:00:12.580,0,-0.0180687519196365,0.0,1.0,,11.33244798453715
2021-05-06 18:00:12.590,0,-0.0140989765189142,0.0,1.0,,11.392235149405575
2021-05-06 18:00:12.600,0,-0.0104023591524671,0.0,1.0,,12.658368362905481
2021-05-06 18:00:12.610,0,-0.0131234846739703,0.0,1.0,,13.19243095253903
2021-05-06 18:00:12.620,0,-0.0210058780449026,0.0,1.0,,14.544704654798446
2021-05-06 18:00:12.630,0,-0.0125549416741321,0.0,1.0,,10.281281573062799
2021-05-06 18:00:12.640,0,-0.0066647316736401,0.0,1.0,,10.106106063933897
2021-05-06 18:00:12.650,0,-0.0165860306307261,0.0,1.0,,7.493791662462549
2021-05-06 18:00:12.660,0,-0.0113019105927607,0.0,1.0,,12.298833599428733
2021-05-06 18:00:12.670,0,-0.0120226404502595,0.0,1.0,,6.434123626876237
2021-05-06 18:00:12.680,0,-0.0135178488436626,0.0,1.0,,10.68174055426998
2021-05-06 18:00:12.690,0,-0.0153303237609213,0.0,1.0,,8.559237232557177
2021-05-06 18:00:12.700,0,-0.0106029987951494,0.0,1.0,,8.072619246451737
2021-05-06 18:00:12.710,0,-0.0102678065217025,0.0,1.0,,8.232747406731905
2021-05-06 18:00:12.720,0,-0.0143118723306741,0.0,1.0,,5.900284519667871
2021-05-06 18:00:12.730,0,-0.0075390463366969,0.0,1.0,,11.160732650977742
2021-05-06 18:00:12.740,0,-0.0086177123442746,0.0,1.0,,7.282183206996066
2021-05-06 18:00:12.750,0,-0.0116197039419027,0.0,1.0,,12.697270922938738
2021-05-06 18:00:12.760,0,-0.013986861435735,0.0,1.0,,4.325832290368599
2021-05-06 18:00:12.770,0,-0.0008312358429303,0.0,1.0,,13.079138175215434
2021-05-06 18:00:12.780,0,-0.0057032094036455,0.0,1.0,,11.83919329514554
2021-05-06 18:00:12.790,0,-0.0065825421185199,0.0,1.0,,16.226332554349135
2021-05-06 18:00:12.800,0,-0.00262291274794,0.0,1.0,,9.985089938664178
2021-05-06 18:00:12.810,0,-0.0039990788143327,0.0,1.0,,12.112723493791599
2021-05-06 18:00:12.820,0,-0.0012452553797916,0.0,1.0,,4.20746011402938
2021-05-06 18:00:12.830,0,-0.0035853427730061,0.0,1.0,,10.691986957956805
2021-05-06 18:00:12.840,0,0.0028039223999874,0.0,1.0,,10.250553696156738
2021-05-06 18:00:12.850,0,-0.0098475320573094,0.0,1.0,,7.598534646123676
2021-05-06 18:00:12.860,0,-0.0035588363511852,0.0,1.0,,10.706306252842051
2021-05-06 18:00:12.870,0,-0.0009841010830663,0.0,1.0,,12.695417845430379
2021-05-06 18:00:12.880,0,0.0012465706357362,0.0,1.0,,9.882168025904935
2021-05-06 18:00:12.890,0,-0.0049348373725209,0.0,1.0,,6.830725479344379
2021-05-06 18:00:12.900,0,-0.0002239621030852,0.0,1.0,,11.785527571041321
2021-05-06 18:00:12.910,0,8.473579219967934e-05,0.0,1.0,,11.223580177909868
2021-05-06 18:00:12.920,0,0.0026035479651107,0.0,1.0,,12.300436525564152
2021-05-06 18:00:12.930,0,0.0046477167155022,0.1229443531082212,1.0,,107.75233249845765
2021-05-06 18:00:12.940,0,-0.0024046562887824,0.3428830646363869,1.0,,318.06224779808736
2021-05-06 18:00:12.950,0,0.0026812915331622,0.5316729440595938,1.0,,512.5598035618661
2021-05-06 18:00:12.960,0,0.0049835316330023,0.6961844462002371,1.0,,682.4690499402324
2021-05-06 18:00:12.970,0,0.0047760829953121,0.8271420716970551,1.0,,822.8436622275082
2021-05-06 18:00:12.980,0,0.0019683471518793,0.9288197140616636,1.0,,931.670724173654
2021-05-06 18:00:12.990,0,-0.0026546906543447,1.0155528855727345,1.0,,1028.7214146036154
2021-05-06 18:00:13.000,1,0.002689988088533,1.0874336841460093,1.0,,1112.0738617623103
2021-05-06 18:00:13.010,1,0.0051711109371398,1.1287471573199663,1.0,,1152.1055125858875
2021-05-06 18:00:13.020,1,0.0075359192437796,1.1535983492603643,1.0,,1182.0921324569038
2021-05-06 18:00:13.030,1,0.0012036257209408,1.1528983723985655,1.0,,1178.2810762613358
2021-05-06 18:00:13.040,1,0.0064367683082371,1.165869369074039,1.0,,1192.5278689920187
2021-05-06 18:00:13.050,0,-0.0029161896656948,1.1459762267911038,1.0,,1168.8046224564177
2021-05-06 18:00:13.060,0,0.0024774925663209,1.1130668398777042,1.0,,1137.6651691529778
2021-05-06 18:00:13.070,0,0.0028775197355876,1.0993349078008907,1.0,,1117.6009163474732
2021-05-06 18:00:13.080,0,-0.005027189791592,1.0590730292642228,1.0,,1078.6698672414923
2021-05-06 18:00:13.090,0,0.0010969442788471,1.005421384379072,1.0,,1015.2266811015644
2021-05-06 18:00:13.100,0,1.4604416817666195e-05,0.9588199209522146,1.0,,962.4111827353585
2021-05-06 18:00:13.110,0,0.0029678337739587,6.118090692210725,1.0,,7341.2921503438365
2021-05-06 18:00:13.120,0,0.009664641068626,20.68945028217028,1.0,,28017.574377739547
2021-05-06 18:00:13.130,0,0.0280885729279728,43.91736245814122,1.0,,64123.424109811735
2021-05-06 18:00:13.140,0,0.0636500693805673,73.61158077860587,1.0,,113156.60886508206
2021-05-06 18:00:13.150,0,0.0760568759825663,107.82513904106004,1.0,,172197.56430787878
2021-05-06 18:00:13.160,0,0.0951670573809296,142.64286866469826,0.0,,234261.29329247205
2021-05-06 18:00:13.170,0,0.1329647426002652,172.3646558471507,0.0,,288481.40582566167
2021-05-06 18:00:13.180,0,0.1722583233003618,194.5681865657941,0.0,,329613.97293864656
2021-05-06 18:00:13.190,0,0.1590237163648765,211.9926475647192,0.0,,362225.71941473306
2021-05-06 18:00:13.200,0,0.2065582227675915,227.29524491819808,0.0,,391086.76420703717
2021-05-06 18:00:13.210,0,0.1807399533556084,237.96800522036912,0.0,,411329.9668690055
2021-05-06 18:00:13.220,0,0.1931800052665102,244.70259075002303,0.0,,424154.6931630607
2021-05-06 18:00:13.230,0,0.2369946977551354,246.815147941037,0.0,,428184.52458488726
2021-05-06 18:00:13.240,0,0.1938548311158409,246.5682717572089,0.0,,427710.69325760944
2021-05-06 18:00:13.250,0,0.2384224972238116,244.1782127575728,0.0,,423156.65081224946
2021-05-06 18:00:13.260,0,0.2320738325939102,239.15445874826057,0.0,,413589.6807275423
2021-05-06 18:00:13.270,0,0.1930844972328017,235.59006543775604,0.0,,406812.11373366055
2021-05-06 18:00:13.280,0,0.1746625686057477,223.07261642406985,0.0,,383098.9688956343
2021-05-06 18:00:13.290,0,0.1982608336382551,214.73194247131192,0.0,,367373.69543373166
2021-05-06 18:00:13.300,0,0.1989815937702373,205.1848153529664,0.0,,349445.5950573463
2021-05-06 18:00:13.310,0,0.1782748756411044,195.77677486210757,0.0,,331863.6498448074
2021-05-06 18:00:13.320,0,0.1695410131532904,184.308932596341,0.0,,310547.3473315465
2021-05-06 18:00:13.330,0,0.1244398298483511,170.65496456686668,0.0,,285336.14985200076
2021-05-06 18:00:13.340,0,0.1131377224174162,160.7216148894839,0.0,,267120.0376960198
2021-05-06 18:00:13.350,0,0.1154090058796175,146.85205130541306,0.0,,241875.23516185477
2021-05-06 18:00:13.360,0,0.1050884435682843,135.94450304424078,0.0,,222192.28955136484
2021-05-06 18:00:13.370,0,0.1139772602291077,123.7589323493486,0.0,,200384.5815399
2021-05-06 18:00:13.380,0,0.0794922787067691,111.87284388889732,1.0,,179317.33775237013
2021-05-06 18:00:13.390,0,0.1043057127980759,99.5999293992824,1.0,,157806.41562124915
2021-05-06 18:00:13.400,0,0.0636653515566658,89.19772079850429,1.0,,139779.4293517505
2021-05-06 18:00:13.410,0,0.0692271435626201,79.88327505227424,1.0,,123808.2899862278
2021-05-06 18:00:13.420,0,0.0508702032105216,69.12339482195311,1.0,,105593.20057480474
2021-05-06 18:00:13.430,0,0.0458087343485866,60.2373087965924,1.0,,90761.5255367306
2021-05-06 18:00:13.440,0,0.0444671094524665,51.03582239797012,1.0,,75633.44221964624
2021-05-06 18:00:13.450,0,0.0335776431748098,42.954582662916486,1.0,,62572.152074031124
2021-05-06 18:00:13.460,0,0.0295549000135956,35.172334002900186,1.0,,50225.59182169386
2021-05-06 18:00:13.470,0,0.0215586233204728,28.547619717975305,1.0,,39925.39285833561
2021-05-06 18:00:13.480,0,0.021496796134055,21.98069782502905,1.0,,29951.72602422391
2021-05-06 18:00:13.490,0,0.0145244403110847,16.24607153253201,1.0,,21479.766991159202
2021-05-06 18:00:13.500,0,0.0069131334925082,11.056882256117063,1.0,,14070.798810569202
2021-05-06 18:00:13.510,0,0.0045386518702378,6.308907736843676,1.0,,7593.353377844058
2021-05-06 18:00:13.520,0,-0.0014967518451319,2.1258036131031752,1.0,,2304.3632692405654
2021-05-06 18:00:13.530,0,0.0036274218740244,0.0,1.0,,7.885400116614655
2021-05-06 18:00:13.540,0,-0.0094451018203991,0.0,1.0,,11.609195621587153
2021-05-06 18:00:13.550,0,-0.0034987750999991,0.0,1.0,,6.6335514518456975
2021-05-06 18:00:13.560,0,-0.0105423379801831,0.0,1.0,,11.97748605153418
2021-05-06 18:00:13.570,0,-0.0079510487915649,0.0,1.0,,8.021903962128599
2021-05-06 18:00:13.580,0,-0.008865307006874,0.0,1.0,,9.852025385984547
2021-05-06 18:00:13.590,0,-0.0089029095261449,0.0,1.0,,10.250073086247857
2021-05-06 18:00:13.600,0,-0.0068418425827989,0.0,1.0,,9.466024688976793
2021-05-06 18:00:13.610,0,-0.0092082606273707,0.0,1.0,,10.063267460848454
2021-05-06 18:00:13.620,0,-0.011509100399789,0.0,1.0,,11.535759606245152
2021-05-06 18:00:13.630,0,-0.0119748475431669,0.0,1.0,,9.272659022096416
2021-05-06 18:00:13.640,0,-0.0084111691010012,0.0,1.0,,8.549953104807384
2021-05-06 18:00:13.650,0,-0.0156471081219436,0.0,1.0,,12.085810339530862
2021-05-06 18:00:13.660,0,-0.0165760359699055,0.0,1.0,,10.866544145076316
2021-05-06 18:00:13.670,0,-0.0123018822785227,0.0,1.0,,11.46872282302011
2021-05-06 18:00:13.680,0,-0.0130440385387328,0.0,1.0,,8.361446629975527
2021-05-06 18:00:13.690,0,-0.0048382906414616,0.0,1.0,,11.022696619551624
2021-05-06 18:00:13.700,0,-0.0101472028154491,0.0,1.0,,9.596198788054396
2021-05-06 18:00:13.710,0,-0.0073994638988257,0.0,1.0,,8.535893840011566
2021-05-06 18:00:13.720,0,-0.0096239980000522,0.0,1.0,,4.9290410025127365
2021-05-06 18:00:13.730,0,-0.0082306299491844,0.0,1.0,,10.851354466644226
2021-05-06 18:00:13.740,0,-0.0060173893491518,0.0,1.0,,13.49040848029583
2021-05-06 18:00:13.750,0,-0.0068770100293238,0.0,1.0,,10.723116232859438
2021-05-06 18:00:13.760,0,-0.0043653295781903,0.0,1.0,,10.697559152789326
2021-05-06 18:00:13.770,0,-0.0027601946421478,0.0,1.0,,8.500008301688414
2021-05-06 18:00:13.780,0,-0.0077234989110868,0.0,1.0,,8.456355569549787
2021-05-06 18:00:13.790,0,-0.0022970647385724,0.0,1.0,,9.207322700612254
2021-05-06 18:00:13.800,0,-0.0106910942463784,0.0,1.0,,9.883180591405273
2021-05-06 18:00:13.810,0,-0.0075441867938254,0.0,1.0,,9.990896995101417
2021-05-06 18:00:13.820,0,-0.0047815578167756,0.0,1.0,,8.970777094052648
2021-05-06 18:00:13.830,0,-0.0092310373229158,0.0,1.0,,13.093507062125168
2021-05-06 18:00:13.840,0,-0.0073215772266059,0.0,1.0,,7.645488392590806
2021-05-06 18:00:13.850,0,-0.0044294810844408,0.0,1.0,,12.166737160574181
2021-05-06 18:00:13.860,0,-0.0016171716141298,0.0,1.0,,7.396882974835348
2021-05-06 18:00:13.870,0,-0.0016419063929559,0.0,1.0,,10.740000322976204
2021-05-06 18:00:13.880,0,-3.331694392199897e-05,0.0,1.0,,13.93427256783482
2021-05-06 18:00:13.890,0,0.0053346453930548,0.0,1.0,,7.241198192286013
2021-05-06 18:00:13.900,0,0.0054667708075536,0.0,1.0,,10.56201311583113
2021-05-06 18:00:13.910,0,-0.0059516770387849,0.0,1.0,,9.936578021020843
2021-05-06 18:00:13.920,0,5.202201762452331e-05,0.0,1.0,,10.616008594609026
2021-05-06 18:00:13.930,0,-0.0009679728494009,0.1225371046024382,1.0,,109.4315144655498
2021-05-06 18:00:13.940,0,-0.0017146025214763,0.3385342122003558,1.0,,313.62838619395546
2021-05-06 18:00:13.950,0,-0.0018872162813461,0.5255644089943107,1.0,,500.6111812750229
2021-05-06 18:00:13.960,0,-0.0008594735449664,0.6816071544964439,1.0,,666.2572194322948
2021-05-06 18:00:13.970,0,0.0012042720433828,0.8099276582225539,1.0,,798.5756383080587
2021-05-06 18:00:13.980,0,-0.0012557455327009,0.916485960633952,1.0,,920.8495032458519
2021-05-06 18:00:13.990,0,-0.0016348227839391,1.003348138740502,1.0,,1014.9068295539361
2021-05-06 18:00:14.000,1,0.0082811831114743,1.062519232679778,1.0,,1077.1586288999067
2021-05-06 18:00:14.010,1,0.0041073312274749,1.1176283616104663,1.0,,1142.3021733677392
2021-05-06 18:00:14.020,1,-0.0035738227814277,1.1360472436346436,1.0,,1166.291086660681
2021-05-06 18:00:14.030,1,0.0012181120015528,1.152673728817038,1.0,,1183.910909390005
2021-05-06 18:00:14.040,1,0.0052616484177413,1.1494064883342685,1.0,,1174.806640987498
2021-05-06 18:00:14.050,0,0.0046021898754584,1.1378364547078017,1.0,,1162.2190778582749
2021-05-06 18:00:14.060,0,-0.0007513314531539,1.1084368815797767,1.0,,1127.1157487640494
2021-05-06 18:00:14.070,0,-0.0007362752804824,1.083614798633066,1.0,,1103.9237856036461
2021-05-06 18:00:14.080,0,0.0012693719204073,1.0360753291275575,1.0,,1051.582280017906
2021-05-06 18:00:14.090,0,-0.0056115041101149,1.0129088288154848,1.0,,1022.5864685271546
2021-05-06 18:00:14.100,0,-0.0043642139635207,0.9541117691728748,1.0,,961.6870626847332
2021-05-06 18:00:14.110,0,0.0010092763860565,6.079660018846929,1.0,,7290.656397652451
2021-05-06 18:00:14.120,0,0.0125959870346474,20.513875964829623,1.0,,27760.20249910633
2021-05-06 18:00:14.130,0,0.0422291231166435,43.1215704763488,1.0,,62840.92852141295
2021-05-06 18:00:14.140,0,0.0465852195451305,72.0017312940487,1.0,,110438.80291665063
2021-05-06 18:00:14.150,0,0.1089420169712694,108.18677641845704,1.0,,172834.07348771347
2021-05-06 18:00:14.160,0,0.1060516540495739,142.22059215196458,0.0,,233501.56915374118
2021-05-06 18:00:14.170,0,0.1257415958835911,170.66735347639303,0.0,,285358.1653622372
2021-05-06 18:00:14.180,0,0.1516013154684959,196.11938294930744,0.0,,332503.63538768137
2021-05-06 18:00:14.190,0,0.1563419597962247,212.74842435569505,0.0,,363647.286248555
2021-05-06 18:00:14.200,0,0.2320449875117637,225.6337958581749,0.0,,387945.6201572108
2021-05-06 18:00:14.210,0,0.1801117199290995,237.089398702259,0.0,,409660.71782246983
2021-05-06 18:00:14.220,0,0.2358743309121443,244.38878383421812,0.0,,423550.6609439399
2021-05-06 18:00:14.230,0,0.1819028178535602,247.8518399710757,0.0,,430163.57798101404
2021-05-06 18:00:14.240,0,0.1792823650145339,248.83542311745023,0.0,,432041.0715025779
2021-05-06 18:00:14.250,0,0.2031375797460813,244.01580642774343,0.0,,422842.31511096074
2021-05-06 18:00:14.260,0,0.2359589856565195,240.08506746012367,0.0,,415358.3721559143
2021-05-06 18:00:14.270,0,0.2190984124841136,233.94009335259412,0.0,,403679.4711727361
2021-05-06 18:00:14.280,0,0.2095160394441731,225.094153222843,0.0,,386922.89246917336
2021-05-06 18:00:14.290,0,0.2038553936667398,217.39838640995487,0.0,,372398.4550467506
2021-05-06 18:00:14.300,0,0.1603211872022644,208.16597071674545,0.0,,355038.53657425474
2021-05-06 18:00:14.310,0,0.1792215239737676,194.94276236214603,0.0,,330312.1824267999
2021-05-06 18:00:14.320,0,0.127521176003309,184.5138761247701,0.0,,310926.3514876586
2021-05-06 18:00:14.330,0,0.1685418995023471,172.20580697458865,0.0,,288193.2920124088
2021-05-06 18:00:14.340,0,0.1202921021724528,160.5771744705498,0.0,,266856.8482815661
2021-05-06 18:00:14.350,0,0.1237381980538818,150.1380403650067,0.0,,247834.51057904417
2021-05-06 18:00:14.360,0,0.1152111982701678,137.54484900503286,0.0,,225071.2898466413
2021-05-06 18:00:14.370,0,0.0848042270800995,124.95397080403394,0.0,,202513.82499725785
2021-05-06 18:00:14.380,0,0.1056618320034303,112.29345349768715,1.0,,180063.36674122253
2021-05-06 18:00:14.390,0,0.0856740152928744,101.92202131056833,1.0,,161859.1106941479
2021-05-06 18:00:14.400,0,0.0687083808960932,90.14598282927892,1.0,,141413.0455996334
2021-05-06 18:00:14.410,0,0.059897240975605,80.84985629451809,1.0,,125455.9740915593
2021-05-06 18:00:14.420,0,0.0572690153775344,69.9714470917144,1.0,,107019.6069181091
2021-05-06 18:00:14.430,0,0.0480847974372967,60.54639268317592,1.0,,91275.4090984908
2021-05-06 18:00:14.440,0,0.0485679113367122,51.96213516304528,1.0,,77145.93999253596
2021-05-06 18:00:14.450,0,0.0444204666309478,43.92244281526956,1.0,,64124.58439444598
2021-05-06 18:00:14.460,0,0.0294560934847631,35.92010969953442,1.0,,51400.71405819913
2021-05-06 18:00:14.470,0,0.0182480051855094,28.964364789085888,1.0,,40562.58835675395
2021-05-06 18:00:14.480,0,0.0185642510624943,22.33649525366333,1.0,,30483.632034040143
2021-05-06 18:00:14.490,0,0.0163671643992987,16.50056497778591,1.0,,21848.20876933093
2021-05-06 18:00:14.500,0,0.0124348005685659,11.23713736427157,1.0,,14322.670648078438
2021-05-06 18:00:14.510,0,0.0070377691259053,6.421653949546119,1.0,,7743.048176105777
2021-05-06 18:00:14.520,0,0.002210557291327,2.1739666601322454,1.0,,2357.1454697268146
2021-05-06 18:00:14.530,0,-0.0103005645141752,0.0,1.0,,7.03044682414091
2021-05-06 18:00:14.540,0,-0.0058741635403015,0.0,1.0,,10.982425366350148
2021-05-06 18:00:14.550,0,-0.0058458879970359,0.0,1.0,,9.125335447989174
2021-05-06 18:00:14.560,0,-0.004450166858114,0.0,1.0,,10.344913902053138
2021-05-06 18:00:14.570,0,-0.0111636287111435,0.0,1.0,,7.524409868786463
2021-05-06 18:00:14.580,0,-0.0154292712471433,0.0,1.0,,7.559284154463807
2021-05-06 18:00:14.590,0,-0.0087403028727117,0.0,1.0,,9.71797940358286
2021-05-06 18:00:14.600,0,-0.0101499367252139,0.0,1.0,,11.767158087006754
2021-05-06 18:00:14.610,0,-0.0181517580886439,0.0,1.0,,9.265925707679145
2021-05-06 18:00:14.620,0,-0.0097298756736087,0.0,1.0,,8.751022504414431
2021-05-06 18:00:14.630,0,-0.0213303911256732,0.0,1.0,,9.069928356504665
2021-05-06 18:00:14.640,0,-0.0185435691174966,0.0,1.0,,8.175820395658008
2021-05-06 18:00:14.650,0,-0.0236364121057492,0.0,1.0,,7.921192453485331
2021-05-06 18:00:14.660,0,-0.0152273405585602,0.0,1.0,,10.75097874263924
2021-05-06 18:00:14.670,0,-0.0137246186601922,0.0,1.0,,12.014331897424183
2021-05-06 18:00:14.680,0,-0.0126075211700273,0.0,1.0,,11.56897260332938
2021-05-06 18:00:14.690,0,-0.016276494138209,0.0,1.0,,12.166291195757386
2021-05-06 18:00:14.700,0,-0.0163361506916868,0.0,1.0,,9.427052897655951
2021-05-06 18:00:14.710,0,-0.0143438853909143,0.0,1.0,,13.20729924556307
2021-05-06 18:00:14.720,0,-0.012560590125335,0.0,1.0,,8.567039628729745
2021-05-06 18:00:14.730,0,-0.0138336155973573,0.0,1.0,,12.680896748653506
2021-05-06 18:00:14.740,0,-0.0143646576439145,0.0,1.0,,13.854045433310795
2021-05-06 18:00:14.750,0,-0.0104017863581157,0.0,1.0,,12.387063089171788
2021-05-06 18:00:14.760,0,-0.0042202632661948,0.0,1.0,,5.448783285937529
2021-05-06 18:00:14.770,0,-0.0052139061970562,0.0,1.0,,9.803592529016319
2021-05-06 18:00:14.780,0,-0.003393076115033,0.0,1.0,,10.697256992397088
2021-05-06 18:00:14.790,0,-0.0075799465073576,0.0,1.0,,8.402537107765273
2021-05-06 18:00:14.800,0,-0.001346709299184,0.0,1.0,,8.612372143672886
2021-05-06 18:00:14.810,0,-0.0076207075093285,0.0,1.0,,12.879326637153415
2021-05-06 18:00:14.820,0,-0.0063188120979939,0.0,1.0,,11.40252488284747
2021-05-06 18:00:14.830,0,-0.0031457959048332,0.0,1.0,,12.866382066483508
2021-05-06 18:00:14.840,0,0.0023422687674192,0.0,1.0,,11.334437836308341
2021-05-06 18:00:14.850,0,-0.0036902458634792,0.0,1.0,,11.057265365951029
2021-05-06 18:00:14.860,0,0.0017651415538273,0.0,1.0,,11.697939618626451
2021-05-06 18:00:14.870,0,-0.0066868651658682,0.0,1.0,,10.2545261210656
2021-05-06 18:00:14.880,0,-0.0002877881064502,0.0,1.0,,7.011698723452582
2021-05-06 18:00:14.890,0,0.0036874565673448,0.0,1.0,,10.088409898940034
2021-05-06 18:00:14.900,0,-0.0002927264170915,0.0,1.0,,9.45267487304027
2021-05-06 18:00:14.910,0,0.0010165556588371,0.0,1.0,,7.354631052511577
2021-05-06 18:00:14.920,0,-0.0017584196435279,0.0,1.0,,13.799871282510003
2021-05-06 18:00:14.930,0,0.0079517555032239,0.1256338215297431,1.0,,117.00942289702544
2021-05-06 18:00:14.940,0,-0.0015906240741264,0.3463864844875492,1.0,,319.6932146748909
2021-05-06 18:00:14.950,0,-0.0043140645726947,0.5378929480532695,1.0,,515.1661400600997
2021-05-06 18:00:14.960,0,-0.0002922035374675,0.6978737529248369,1.0,,679.915212663641
2021-05-06 18:00:14.970,0,-0.0008050788924349,0.8297683175113986,1.0,,825.1955262557485
2021-05-06 18:00:14.980,0,0.0088972085066694,0.9448304134475072,1.0,,946.719151640642
2021-05-06 18:00:14.990,0,0.0011178669524016,1.0286941890381434,1.0,,1038.3047550331808
2021-05-06 18:00:15.000,1,0.0062730309808161,1.0946481494728335,1.0,,1112.3713465337903
2021-05-06 18:00:15.010,1,-0.000161636009197,1.1402539983196982,1.0,,1165.3961117913195
2021-05-06 18:00:15.020,1,0.0023754952524997,1.165033311163466,1.0,,1194.0693165702876
2021-05-06 18:00:15.030,1,-0.0004408271982129,1.175009714152796,1.0,,1204.104266128136
2021-05-06 18:00:15.040,1,-0.0005143631762704,1.1728083617973375,1.0,,1203.6684554977965
2021-05-06 18:00:15.050,0,0.0023678225132212,1.1594749790155523,1.0,,1188.0158731957113
2021-05-06 18:00:15.060,0,0.0002968533988872,1.1318870937346586,1.0,,1153.0469497537013
2021-05-06 18:00:15.070,0,-0.0037009984497887,1.1019205195244852,1.0,,1125.175028281202
2021-05-06 18:00:15.080,0,-0.0026688366343402,1.068129140349958,1.0,,1083.2062267701237
2021-05-06 18:00:15.090,0,-0.0014067239553751,1.0163040914121744,1.0,,1028.9647420244185
2021-05-06 18:00:15.100,0,0.0015633089946483,0.9745851089253252,1.0,,981.6294125487793
2021-05-06 18:00:15.110,0,0.0050988809830419,6.21471684858679,1.0,,7471.2536436966475
2021-05-06 18:00:15.120,0,0.0217052183912977,21.03657512440348,1.0,,28536.471346546867
2021-05-06 18:00:15.130,0,0.0390878263100222,44.107264704241885,1.0,,64424.06249951574
2021-05-06 18:00:15.140,0,0.0678232106291742,73.73055146273455,1.0,,113359.72067823574
2021-05-06 18:00:15.150,0,0.1010631089306895,109.6019176619297,1.0,,175320.5023158544
2021-05-06 18:00:15.160,0,0.1595816708689275,144.84763807182065,0.0,,238248.06459039904
2021-05-06 18:00:15.170,0,0.1689126452636124,174.32619865638353,0.0,,292096.85546206177
2021-05-06 18:00:15.180,0,0.1659987745419384,197.9195910775777,0.0,,335859.65040890593
2021-05-06 18:00:15.190,0,0.1814585079705151,217.5603591014787,0.0,,372700.6357867134
2021-05-06 18:00:15.200,0,0.2097625443016102,231.4946360770602,0.0,,399042.62587033963
2021-05-06 18:00:15.210,0,0.2461104586400224,241.04001614567125,0.0,,417178.6887664403
2021-05-06 18:00:15.220,0,0.2417147276010679,246.39410675013409,0.0,,427381.83249159314
2021-05-06 18:00:15.230,0,0.2165895359852278,250.5018265694765,0.0,,435224.6903715412
2021-05-06 18:00:15.240,0,0.2682624863004809,252.8752389163304,0.0,,439764.84249694855
2021-05-06 18:00:15.250,0,0.1993468669506187,247.4257973275528,0.0,,429352.3413544049
2021-05-06 18:00:15.260,0,0.2017878190469566,244.5716773050952,0.0,,423900.71465526737
2021-05-06 18:00:15.270,0,0.2151023576215653,238.4191994562992,0.0,,412188.43445596914
2021-05-06 18:00:15.280,0,0.2629323374191044,229.1239563036445,0.0,,394552.20062536426
2021-05-06 18:00:15.290,0,0.2463357821391102,220.75936387080813,0.0,,378733.95206377964
2021-05-06 18:00:15.300,0,0.1676217986353805,209.27992399673025,0.0,,357126.7693316801
2021-05-06 18:00:15.310,0,0.2352290185739334,201.39994760569093,0.0,,342367.0506977111
2021-05-06 18:00:15.320,0,0.1531690741541684,187.23006480613645,0.0,,315965.15672787145
2021-05-06 18:00:15.330,0,0.1809374444563489,175.95702477826794,0.0,,295103.8680962524
2021-05-06 18:00:15.340,0,0.1491111158589158,163.3659221962329,0.0,,271960.988185878
2021-05-06 18:00:15.350,0,0.1513641810748559,151.0177397082013,0.0,,249436.9398218764
2021-05-06 18:00:15.360,0,0.1597947172915941,139.84796563403302,0.0,,229220.29657774625
2021-05-06 18:00:15.370,0,0.1324492566313233,126.60733630278368,0.0,,205462.09243972477
2021-05-06 18:00:15.380,0,0.1161183180389433,115.20876612444252,1.0,,185213.10812686736
2021-05-06 18:00:15.390,0,0.1230768813752101,102.97960587580924,1.0,,163706.90411686682
2021-05-06 18:00:15.400,0,0.108690912300496,92.49383125351213,1.0,,145469.37152893734
2021-05-06 18:00:15.410,0,0.0898426705006323,81.56287185899195,1.0,,126672.51484779283
2021-05-06 18:00:15.420,0,0.0708314680530446,70.95000044043606,1.0,,108667.5865261827
2021-05-06 18:00:15.430,0,0.0572620103472789,61.585146095928,1.0,,93001.47468760035
2021-05-06 18:00:15.440,0,0.0474507286048618,52.689816989277936,1.0,,78334.65726498544
2021-05-06 18:00:15.450,0,0.0502682150667952,44.054145637997664,1.0,,64337.879026033115
2021-05-06 18:00:15.460,0,0.0467392767800517,36.6914343243539,1.0,,52614.48305874764
2021-05-06 18:00:15.470,0,0.0365282939577788,28.98408481835336,1.0,,40599.126268432075
2021-05-06 18:00:15.480,0,0.0213153170951934,22.5589926804814,1.0,,30818.321395843403
2021-05-06 18:00:15.490,0,0.012765540124146,16.663400162589404,1.0,,22088.86591120073
2021-05-06 18:00:15.500,0,0.0131919128672388,11.313818776113706,1.0,,14431.035162520391
2021-05-06 18:00:15.510,0,0.0042077865125008,6.474320091628027,1.0,,7815.752757777905
2021-05-06 18:00:15.520,0,0.0060580535324797,2.1790762856483967,1.0,,2364.8721813857865
2021-05-06 18:00:15.530,0,-0.0051851171382088,0.0,1.0,,9.685261592033168
2021-05-06 18:00:15.540,0,-0.0061961380079597,0.0,1.0,,9.48275717412418
2021-05-06 18:00:15.550,0,-0.0094471824592306,0.0,1.0,,9.089892648045529
2021-05-06 18:00:15.560,0,-0.0093460293205377,0.0,1.0,,7.522075894998409
2021-05-06 18:00:15.570,0,-0.0104592907043293,0.0,1.0,,12.27218225366618
2021-05-06 18:00:15.580,0,-0.0147466424009814,0.0,1.0,,6.7565498196666365
2021-05-06 18:00:15.590,0,-0.0135194037252182,0.0,1.0,,10.131926698902829
2021-05-06 18:00:15.600,0,-0.0182647125544184,0.0,1.0,,6.54432310588864
2021-05-06 18:00:15.610,0,-0.0192764343442648,0.0,1.0,,12.200436226924094
2021-05-06 18:00:15.620,0,-0.0163340374360822,0.0,1.0,,8.53540336455822
2021-05-06 18:00:15.630,0,-0.019982889544752,0.0,1.0,,8.988151371221708
2021-05-06 18:00:15.640,0,-0.0261559225326994,0.0,1.0,,9.082868338712785
2021-05-06 18:00:15.650,0,-0.0208724900239367,0.0,1.0,,7.449410562049593
2021-05-06 18:00:15.660,0,-0.0141627687014944,0.0,1.0,,6.232227883191686
2021-05-06 18:00:15.670,0,-0.0124285659622744,0.0,1.0,,12.095010038340643
2021-05-06 18:00:15.680,0,-0.0211800082159888,0.0,1.0,,9.94826164228298
2021-05-06 18:00:15.690,0,-0.0167623997368106,0.0,1.0,,6.739343944323861
2021-05-06 18:00:15.700,0,-0.0152536793634484,0.0,1.0,,10.071499164180647
2021-05-06 18:00:15.710,0,-0.0141383519420421,0.0,1.0,,11.32545012476427
2021-05-06 18:00:15.720,0,-0.009088012750958,0.0,1.0,,13.396797382545083
2021-05-06 18:00:15.730,0,-0.0178174963155496,0.0,1.0,,6.832891008683603
2021-05-06 18:00:15.740,0,-0.011240129698677,0.0,1.0,,12.35097162480395
2021-05-06 18:00:15.750,0,-0.0022299742766546,0.0,1.0,,12.367156815855246
2021-05-06 18:00:15.760,0,-0.0083580769115415,0.0,1.0,,11.963172743227947
2021-05-06 18:00:15.770,0,-0.0032324359142775,0.0,1.0,,11.433661489938274
2021-05-06 18:00:15.780,0,-0.0013585405540736,0.0,1.0,,11.046835701786065
2021-05-06 18:00:15.790,0,-0.0053915311551676,0.0,1.0,,10.272914254302755
2021-05-06 18:00:15.800,0,-0.0015906406001926,0.0,1.0,,9.259259280421912
2021-05-06 18:00:15.810,0,-0.0050053317177769,0.0,1.0,,11.473531793431583
2021-05-06 18:00:15.820,0,-0.0045283249164906,0.0,1.0,,10.367285838552526
2021-05-06 18:00:15.830,0,-0.0023828032805611,0.0,1.0,,11.981737074839938
2021-05-06 18:00:15.840,0,-0.003059080791745,0.0,1.0,,10.278837324047899
2021-05-06 18:00:15.850,0,6.501911038224189e-05,0.0,1.0,,9.412671959491364
2021-05-06 18:00:15.860,0,0.0022289647292054,0.0,1.0,,12.545722901110663
2021-05-06 18:00:15.870,0,-0.0018581694868515,0.0,1.0,,11.334892465722426
2021-05-06 18:00:15.880,0,-0.0027510222700228,0.0,1.0,,11.580601098919487
2021-05-06 18:00:15.890,0,-0.0038113728855733,0.0,1.0,,8.812414281011186
2021-05-06 18:00:15.900,0,-0.0030837141444309,0.0,1.0,,10.840829080350659
2021-05-06 18:00:15.910,0,0.0043151286655991,0.0,1.0,,8.030109718656625
2021-05-06 18:00:15.920,0,0.0023380083191118,0.0,1.0,,12.872699714829732
2021-05-06 18:00:15.930,0,0.0005035904785323,0.1232100485656037,1.0,,107.20088963957903
2021-05-06 18:00:15.940,0,0.0025937416868942,0.3417837385431115,1.0,,317.42582075560404
2021-05-06 18:00:15.950,0,-0.0032666994188474,0.5298745116110867,1.0,,508.60050717407927
2021-05-06 18:00:15.960,0,0.003962595865629,0.6847116751524603,1.0,,669.1944281171105
2021-05-06 18:00:15.970,0,0.0046988635075988,0.8264841314411022,1.0,,822.8763927468814
2021-05-06 18:00:15.980,0,-0.0001349169746171,0.9231844244419628,1.0,,923.7001708936616
2021-05-06 18:00:15.990,0,0.0008798321477419,1.0052205215086425,1.0,,1014.0095623982556
2021-05-06 18:00:16.000,1,0.0069584134229511,1.0698992168814525,1.0,,1087.349987394048
2021-05-06 18:00:16.010,1,-0.0011620887515338,1.107394426299854,1.0,,1130.8335900771685
2021-05-06 18:00:16.020,1,0.0067614716432426,1.1500284650830952,1.0,,1179.3475843069048
2021-05-06 18:00:16.030,1,-0.0030954937347246,1.1542933421926411,1.0,,1181.4806470876822
2021-05-06 18:00:16.040,1,0.0012120471816988,1.1568061288782907,1.0,,1185.13154952954
2021-05-06 18:00:16.050,0,-0.0029946542838675,1.145160667357234,1.0,,1168.6719692131153
2021-05-06 18:00:16.060,0,0.0035698097318758,1.1170568605813096,1.0,,1142.3009508688376
2021-05-06 18:00:16.070,0,-0.0015141909609452,1.0898236637207803,1.0,,1112.495805449891
2021-05-06 18:00:16.080,0,0.0012552125146422,1.0451539669308918,1.0,,1059.1835970418667
2021-05-06 18:00:16.090,0,0.0004053536609,1.0084908506779868,1.0,,1021.3092681799355
2021-05-06 18:00:16.100,0,0.0014111890516744,0.9644869746505788,1.0,,973.2239649876522
2021-05-06 18:00:16.110,0,0.0004342742085698,6.101968926897023,1.0,,7321.866381671907
2021-05-06 18:00:16.120,0,0.0217556189195852,20.82716194083108,1.0,,28225.17642566484
2021-05-06 18:00:16.130,0,0.0436028939170582,43.25747272649487,1.0,,63058.96933724854
2021-05-06 18:00:16.140,0,0.0664631656837795,72.89320922762981,1.0,,111944.81642563951
2021-05-06 18:00:16.150,0,0.104113421865185,107.38761226397948,1.0,,171432.8669432042
2021-05-06 18:00:16.160,0,0.1605680391709745,141.64857201790812,0.0,,232471.01180030513
2021-05-06 18:00:16.170,0,0.1916383655144647,170.81667776223605,0.0,,285633.36641180003
2021-05-06 18:00:16.180,0,0.2014076339306551,196.0351826049482,0.0,,332350.75618239644
2021-05-06 18:00:16.190,0,0.2470244591286995,212.0665291095316,0.0,,362365.2762827515
2021-05-06 18:00:16.200,0,0.1834799827488744,227.74358267015987,0.0,,391931.8756275062
2021-05-06 18:00:16.210,0,0.2657507854304585,237.8725155213343,0.0,,411152.16466770356
2021-05-06 18:00:16.220,0,0.2133481149425166,242.2886523764729,0.0,,419550.5160545127
2021-05-06 18:00:16.230,0,0.229326598834836,248.48285081477405,0.0,,431367.2559819004
2021-05-06 18:00:16.240,0,0.2312185354870371,247.16600444812312,0.0,,428855.03185772145
2021-05-06 18:00:16.250,0,0.2038669566827977,244.8769839281292,0.0,,424486.0518004821
2021-05-06 18:00:16.260,0,0.2048900165899016,238.70984269652465,0.0,,412744.2944302409
2021-05-06 18:00:16.270,0,0.1889242867792488,235.56506600015115,0.0,,406762.14735716616
2021-05-06 18:00:16.280,0,0.2069045452129993,228.09624786470408,0.0,,392602.55992378783
2021-05-06 18:00:16.290,0,0.2212342968597248,219.0709943687176,0.0,,375550.6586482103
2021-05-06 18:00:16.300,0,0.1703851332373465,209.2274338796377,0.0,,357030.11925861915
2021-05-06 18:00:16.310,0,0.2094939806904575,197.1683416772431,0.0,,334460.12398902065
2021-05-06 18:00:16.320,0,0.1962466796531054,186.6471685649257,0.0,,314883.55647960684
2021-05-06 18:00:16.330,0,0.1620822487347157,173.30062912080743,0.0,,290205.7277705732
2021-05-06 18:00:16.340,0,0.1575325388421919,161.09160863580342,0.0,,267799.4295226595
2021-05-06 18:00:16.350,0,0.1148030087795099,148.31810068841278,0.0,,244536.3802317856
2021-05-06 18:00:16.360,0,0.1187455517406861,138.1582375048193,0.0,,226174.57729304302
2021-05-06 18:00:16.370,0,0.101194295635727,126.55261847833664,0.0,,205365.20129539314
2021-05-06 18:00:16.380,0,0.1123548178302452,112.12193461204988,1.0,,179762.69264115093
2021-05-06 18:00:16.390,0,0.1067035955729021,102.85400401636498,1.0,,163487.9108232701
2021-05-06 18:00:16.400,0,0.0819402326020802,90.66917936793256,1.0,,142315.98485079632
2021-05-06 18:00:16.410,0,0.0752019476839988,80.55047303264399,1.0,,124949.99011390604
2021-05-06 18:00:16.420,0,0.0597639766541442,70.78818039390204,1.0,,108394.5671311003
2021-05-06 18:00:16.430,0,0.0462980225995141,61.64253352005808,1.0,,93095.40701789084
2021-05-06 18:00:16.440,0,0.050913325766127,52.22862259029114,1.0,,77585.15008005747
2021-05-06 18:00:16.450,0,0.0277942638626199,43.90857819628644,1.0,,64100.989462333135
2021-05-06 18:00:16.460,0,0.0369937004109831,36.36851842791621,1.0,,52108.03648554589
2021-05-06 18:00:16.470,0,0.0188884800273836,28.844842668726287,1.0,,40381.027602577495
2021-05-06 18:00:16.480,0,0.0208225356954096,22.715389294910704,1.0,,31053.352440108494
2021-05-06 18:00:16.490,0,0.0059449456208995,16.643207723185114,1.0,,22056.115894657472
2021-05-06 18:00:16.500,0,0.0067478880046155,11.19546243575006,1.0,,14263.638106847991
2021-05-06 18:00:16.510,0,0.0045007350434836,6.433419479272502,1.0,,7762.498253321933
2021-05-06 18:00:16.520,0,-0.0013229131069817,2.153427301462897,1.0,,2334.104932788194
2021-05-06 18:00:16.530,0,-0.0026868855431736,0.0,1.0,,11.179727412547521
2021-05-06 18:00:16.540,0,-0.0018675507944367,0.0,1.0,,13.652137659660884
2021-05-06 18:00:16.550,0,-0.0026294787071979,0.0,1.0,,15.302284554091514
2021-05-06 18:00:16.560,0,-0.0026412843870624,0.0,1.0,,9.556289489477301
2021-05-06 18:00:16.570,0,-0.0080451492943814,0.0,1.0,,7.465720819055269
2021-05-06 18:00:16.580,0,-0.0079706001844983,0.0,1.0,,9.903487441818292
2021-05-06 18:00:16.590,0,-0.0057568186301171,0.0,1.0,,15.957890013604477
2021-05-06 18:00:16.600,0,-0.012013932372294,0.0,1.0,,9.443623170452822
2021-05-06 18:00:16.610,0,-0.0160844317459159,0.0,1.0,,8.00569490479888
2021-05-06 18:00:16.620,0,-0.0035489551604144,0.0,1.0,,10.1801146254556
2021-05-06 18:00:16.630,0,-0.010517012711743,0.0,1.0,,8.06389458594564
2021-05-06 18:00:16.640,0,-0.0122818146150407,0.0,1.0,,8.578428645426747
2021-05-06 18:00:16.650,0,-0.0117974459899709,0.0,1.0,,9.628369959248612
2021-05-06 18:00:16.660,0,-0.006920875429816,0.0,1.0,,11.577830924263205
2021-05-06 18:00:16.670,0,-0.0181724453818882,0.0,1.0,,13.140059309411981
2021-05-06 18:00:16.680,0,-0.0110984968345957,0.0,1.0,,11.322067925612119
2021-05-06 18:00:16.690,0,-0.012899955677564,0.0,1.0,,7.895104063802709
2021-05-06 18:00:16.700,0,-0.0144073443368656,0.0,1.0,,5.171672355194937
2021-05-06 18:00:16.710,0,-0.0091588980182209,0.0,1.0,,11.229916860417198
2021-05-06 18:00:16.720,0,-0.0084136769740727,0.0,1.0,,11.546608053670804
2021-05-06 18:00:16.730,0,-0.0080969094822989,0.0,1.0,,8.1843130727594
2021-05-06 18:00:16.740,0,-0.0081757008771444,0.0,1.0,,7.930616418011925
2021-05-06 18:00:16.750,0,-0.0063766944973322,0.0,1.0,,11.648055518066414
2021-05-06 18:00:16.760,0,-0.0045111662242395,0.0,1.0,,8.780818820625523
2021-05-06 18:00:16.770,0,-0.014732540708013,0.0,1.0,,7.7318252505609255
2021-05-06 18:00:16.780,0,-0.0094649643783409,0.0,1.0,,14.457750274695943
2021-05-06 18:00:16.790,0,-0.0008372982140441,0.0,1.0,,10.275031140094145
2021-05-06 18:00:16.800,0,-0.0090933468655385,0.0,1.0,,9.45417735715606
2021-05-06 18:00:16.810,0,-0.0002811828371935,0.0,1.0,,8.83479819279427
2021-05-06 18:00:16.820,0,0.0013017707207583,0.0,1.0,,7.760167209701775
2021-05-06 18:00:16.830,0,-0.0081801265988249,0.0,1.0,,11.617243499235574
2021-05-06 18:00:16.840,0,-0.0041810670408396,0.0,1.0,,10.092483974181345
2021-05-06 18:00:16.850,0,0.0010906291434942,0.0,1.0,,7.576400185070073
2021-05-06 18:00:16.860,0,-0.009817235945807,0.0,1.0,,12.645624536681154
2021-05-06 18:00:16.870,0,-0.0020848981409669,0.0,1.0,,9.661193960138828
2021-05-06 18:00:16.880,0,-0.0077711782925722,0.0,1.0,,10.340598820652474
2021-05-06 18:00:16.890,0,-0.0018568002104233,0.0,1.0,,10.331677749489838
2021-05-06 18:00:16.900,0,0.0009521133856874,0.0,1.0,,11.035959942823654
2021-05-06 18:00:16.910,0,0.0087807609838595,0.0,1.0,,10.253107611603106
2021-05-06 18:00:16.920,0,0.0018102178046625,0.0,1.0,,10.77658033523373
2021-05-06 18:00:16.930,0,0.0052825587165301,0.1246354876777626,1.0,,109.22259046924233
2021-05-06 18:00:16.940,0,-0.0035837854620668,0.3459012269775215,1.0,,321.0516897284003
2021-05-06 18:00:16.950,0,0.0009473036885603,0.5362493172105132,1.0,,514.7292009894982
2021-05-06 18:00:16.960,0,-0.0017351031140567,0.6944817475978626,1.0,,679.1794145266091
2021-05-06 18:00:16.970,0,-0.001631632156247,0.8337084813725641,1.0,,830.2695358535261
2021-05-06 18:00:16.980,0,-0.0054919796043648,0.9402999176319322,1.0,,944.8351325286653
2021-05-06 18:00:16.990,0,0.0024471698501324,1.0240399904965634,1.0,,1036.0065119231463
2021-05-06 18:00:17.000,1,-0.0052987959868001,1.0874654708120868,1.0,,1103.97936151815
2021-05-06 18:00:17.010,1,0.0023399692415699,1.137972737771001,1.0,,1159.7120766158373
2021-05-06 18:00:17.020,1,0.0031361841177175,1.159096977999284,1.0,,1187.7050709986559
2021-05-06 18:00:17.030,1,0.0022702613736607,1.17108538912517,1.0,,1199.2466884160203
2021-05-06 18:00:17.040,1,0.0034860028948928,1.1781825197508509,1.0,,1209.4658872247132
2021-05-06 18:00:17.050,0,-0.0005035784065452,1.1587435543813418,1.0,,1187.1362041550753
2021-05-06 18:00:17.060,0,-0.0007881625324985,1.137441168591406,1.0,,1160.6572990353257
2021-05-06 18:00:17.070,0,0.0004327507553519,1.101369942066691,1.0,,1125.2378066866283
2021-05-06 18:00:17.080,0,-0.0009643038677529,1.0726328655118968,1.0,,1089.7434449415898
2021-05-06 18:00:17.090,0,-0.0045889494267855,1.0204805382425728,1.0,,1031.1432614325424
2021-05-06 18:00:17.100,0,-0.0018077220139312,0.9779315580153788,1.0,,987.1655763619772
2021-05-06 18:00:17.110,0,0.004681607426192,6.207683146725232,1.0,,7464.938429297117
2021-05-06 18:00:17.120,0,0.0178303826959433,21.24175899727436,1.0,,28842.536317237358
2021-05-06 18:00:17.130,0,0.0259192533738525,44.18212048846768,1.0,,64542.34989007458
2021-05-06 18:00:17.140,0,0.0557351445219825,74.28967434599538,1.0,,114303.38322891326
2021-05-06 18:00:17.150,0,0.0827107193233203,110.69054818962128,1.0,,177240.30510545883
2021-05-06 18:00:17.160,0,0.0911552266983727,144.9142560902795,0.0,,238366.09150149883
2021-05-06 18:00:17.170,0,0.1147388795845044,175.8234189973732,0.0,,294852.42196126113
2021-05-06 18:00:17.180,0,0.1445751914688047,199.672675181658,0.0,,339134.4044595437
2021-05-06 18:00:17.190,0,0.1864088584087671,218.4747237877328,0.0,,374425.83071178914
2021-05-06 18:00:17.200,0,0.179000067495315,232.8962746983852,0.0,,401697.49962537835
2021-05-06 18:00:17.210,0,0.1452296420151633,241.7887613918821,0.0,,418596.5113366347
2021-05-06 18:00:17.220,0,0.2028718070071536,251.18343187837257,0.0,,436523.414562086
2021-05-06 18:00:17.230,0,0.1418453521957358,251.59553657451,0.0,,437312.0806573253
2021-05-06 18:00:17.240,0,0.1710649751327094,253.4094665046412,0.0,,440778.9398371513
2021-05-06 18:00:17.250,0,0.1368791031786103,250.9497654234054,0.0,,436073.57594169833
2021-05-06 18:00:17.260,0,0.1587084851647047,246.80584388186145,0.0,,428161.62791014696
2021-05-06 18:00:17.270,0,0.1614150183791814,239.0275658016972,0.0,,413341.535642264
2021-05-06 18:00:17.280,0,0.1341096916938014,232.62308326747927,0.0,,401177.97939563775
2021-05-06 18:00:17.290,0,0.1225674905049644,222.2574567824749,0.0,,381553.6043476181
2021-05-06 18:00:17.300,0,0.1675898073258268,211.58647389192828,0.0,,361455.7185003106
2021-05-06 18:00:17.310,0,0.1488660602949963,201.24347826401063,0.0,,342069.08266130387
2021-05-06 18:00:17.320,0,0.1089406493417442,188.85311797476555,0.0,,318977.41099286726
2021-05-06 18:00:17.330,0,0.1275175245416512,178.13084599805055,0.0,,299114.0495291665
2021-05-06 18:00:17.340,0,0.1171780029268798,164.67176351631912,0.0,,274349.8276914947
2021-05-06 18:00:17.350,0,0.1111631660998685,152.61578307622153,0.0,,252340.3165366745
2021-05-06 18:00:17.360,0,0.0838387758251383,141.20756159315883,0.0,,231668.77669501244
2021-05-06 18:00:17.370,0,0.09914826567325,128.6432442757023,0.0,,209098.9804234302
2021-05-06 18:00:17.380,0,0.0912101563353954,115.33747146977778,1.0,,185437.64988449757
2021-05-06 18:00:17.390,0,0.0667386123785806,104.42624711499327,1.0,,166235.15954708293
2021-05-06 18:00:17.400,0,0.0503061771248385,92.83540538276188,1.0,,146054.17835072728
2021-05-06 18:00:17.410,0,0.0558249024381821,81.75082648857084,1.0,,126993.95075889249
2021-05-06 18:00:17.420,0,0.0618990962443192,72.43976733945479,1.0,,111181.46293206584
2021-05-06 18:00:17.430,0,0.0438703671695972,62.35791023351364,1.0,,94283.21298127301
2021-05-06 18:00:17.440,0,0.0427269497508721,53.2550051754216,1.0,,79258.27162244314
2021-05-06 18:00:17.450,0,0.029655794646659,44.51764563339008,1.0,,65081.54312519142
2021-05-06 18:00:17.460,0,0.0263525275148667,37.01242294697153,1.0,,53122.40053676699
2021-05-06 18:00:17.470,0,0.018567378241443,29.423638877945727,1.0,,41276.17504416205
2021-05-06 18:00:17.480,0,0.0151574852538931,22.86249506189167,1.0,,31272.379754157624
2021-05-06 18:00:17.490,0,0.0136551307570339,16.894822209505037,1.0,,22423.68040277077
2021-05-06 18:00:17.500,0,0.0049816199662241,11.401514107549426,1.0,,14550.15243255584
2021-05-06 18:00:17.510,0,0.0027824383839799,6.494344697766402,1.0,,7838.101249286064
2021-05-06 18:00:17.520,0,0.0053957267913797,2.1912945186094848,1.0,,2382.1681258313356
2021-05-06 18:00:17.530,0,0.0013593894274363,0.0,1.0,,7.432837426451936
2021-05-06 18:00:17.540,0,-0.0047635852038545,0.0,1.0,,12.965802106808061
2021-05-06 18:00:17.550,0,-0.0126241349664234,0.0,1.0,,9.991632464419506
2021-05-06 18:00:17.560,0,-0.0092356308569407,0.0,1.0,,11.857138076745706
2021-05-06 18:00:17.570,0,-0.0048808697979146,0.0,1.0,,9.396277682846254
2021-05-06 18:00:17.580,0,-0.011996649169385,0.0,1.0,,10.948638113333345
2021-05-06 18:00:17.590,0,-0.0158530308984674,0.0,1.0,,9.007362231574465
2021-05-06 18:00:17.600,0,-0.0167050167218734,0.0,1.0,,7.753514266153422
2021-05-06 18:00:17.610,0,-0.0115309556877499,0.0,1.0,,11.056628919226544
2021-05-06 18:00:17.620,0,-0.0145498844658398,0.0,1.0,,12.13816797405736
2021-05-06 18:00:17.630,0,-0.015373816437479,0.0,1.0,,6.380305597324049
2021-05-06 18:00:17.640,0,-0.0175828376267238,0.0,1.0,,9.546863907878222
2021-05-06 18:00:17.650,0,-0.0097773081419036,0.0,1.0,,14.511393941194074
2021-05-06 18:00:17.660,0,-0.0107986588912729,0.0,1.0,,10.444294513827941
2021-05-06 18:00:17.670,0,-0.0174284039252537,0.0,1.0,,11.37462487945946
2021-05-06 18:00:17.680,0,-0.0212050152119409,0.0,1.0,,11.44287743064727
2021-05-06 18:00:17.690,0,-0.0054267974393719,0.0,1.0,,11.21776088916154
2021-05-06 18:00:17.700,0,-0.0167664339617576,0.0,1.0,,12.116281377434138
2021-05-06 18:00:17.710,0,-0.0156278675775982,0.0,1.0,,10.290371310130482
2021-05-06 18:00:17.720,0,-0.0112030578021072,0.0,1.0,,7.607181894393631
2021-05-06 18:00:17.730,0,-0.0147942964752633,0.0,1.0,,13.003003996446719
2021-05-06 18:00:17.740,0,-0.0114960369415385,0.0,1.0,,11.21473206489752
2021-05-06 18:00:17.750,0,-0.0060002787844257,0.0,1.0,,8.755895791657887
2021-05-06 18:00:17.760,0,-0.0146277322342704,0.0,1.0,,10.00443677019744
2021-05-06 18:00:17.770,0,-0.0061518808885024,0.0,1.0,,9.781617169737256
2021-05-06 18:00:17.780,0,-0.0057749438090211,0.0,1.0,,11.375570042967205
2021-05-06 18:00:17.790,0,-0.0082433570358056,0.0,1.0,,8.481690598872822
2021-05-06 18:00:17.800,0,-0.0038146602585332,0.0,1.0,,8.334157866033534
2021-05-06 18:00:17.810,0,-0.0086645566054685,0.0,1.0,,10.489989037491732
2021-05-06 18:00:17.820,0,-0.0002259234889606,0.0,1.0,,6.446988178586411
2021-05-06 18:00:17.830,0,-0.0033619882480128,0.0,1.0,,9.133790225066917
2021-05-06 18:00:17.840,0,-0.0006496866733044,0.0,1.0,,7.808929816581694
2021-05-06 18:00:17.850,0,-0.006580886546016,0.0,1.0,,9.81987811582353
2021-05-06 18:00:17.860,0,-0.0007972456029739,0.0,1.0,,8.311113888703215
2021-05-06 18:00:17.870,0,-0.0048177864543691,0.0,1.0,,9.963230131961454
2021-05-06 18:00:17.880,0,-0.0051990554907784,0.0,1.0,,10.947376786893187
2021-05-06 18:00:17.890,0,-0.0029805918464034,0.0,1.0,,11.231599010349088
2021-05-06 18:00:17.900,0,-0.0039908707919379,0.0,1.0,,13.813165460815348
2021-05-06 18:00:17.910,0,0.0022701402607014,0.0,1.0,,10.80692240554164
2021-05-06 18:00:17.920,0,0.0045016309422019,0.0,1.0,,12.331451313690094
2021-05-06 18:00:17.930,0,0.0008190410247382,0.1239794506337562,1.0,,115.32272545132845
2021-05-06 18:00:17.940,0,0.0023115934793203,0.3439012133774331,1.0,,318.4707530757834
2021-05-06 18:00:17.950,0,-0.0036886270083197,0.5318414126981028,1.0,,508.0707001449093
2021-05-06 18:00:17.960,0,0.0041739513244375,0.6894093412954985,1.0,,675.755578130479
2021-05-06 18:00:17.970,0,-0.002119092987421,0.8200537890269166,1.0,,818.5346356939514
2021-05-06 18:00:17.980,0,0.0034206943901402,0.9300063288358492,1.0,,932.3128165841966
2021-05-06 18:00:17.990,0,0.0035314567143199,1.008307160982095,1.0,,1020.6845309021692
2021-05-06 18:00:18.000,1,0.0055357493687259,1.0720224464279258,1.0,,1086.078044357911
2021-05-06 18:00:18.010,1,0.0051992199545436,1.1123367593909397,1.0,,1129.8618122820938
2021-05-06 18:00:18.020,1,0.003047095208567,1.1437283331090005,1.0,,1171.1705154358199
2021-05-06 18:00:18.030,1,-2.238888270018717e-05,1.1599285318489096,1.0,,1186.6612115302596
2021-05-06 18:00:18.040,1,0.0019514137295378,1.155320375614552,1.0,,1180.978475972012
2021-05-06 18:00:18.050,0,-0.0013193663966193,1.1385362617337966,1.0,,1165.446079434044
2021-05-06 18:00:18.060,0,0.0011053612758256,1.119898122344149,1.0,,1143.5072707823492
2021-05-06 18:00:18.070,0,-0.0017707448398451,1.0954738090460283,1.0,,1115.5541496384058
2021-05-06 18:00:18.080,0,5.803573375110849e-05,1.0427034903179937,1.0,,1057.6916002838543
2021-05-06 18:00:18.090,0,0.0051574216081136,1.0044858712997649,1.0,,1015.7098524691836
2021-05-06 18:00:18.100,0,-0.0036501264647171,0.9598663038581552,1.0,,964.6623475216509
2021-05-06 18:00:18.110,0,0.0057817180818368,6.093470901581759,1.0,,7305.483974543504
2021-05-06 18:00:18.120,0,0.0138126103172821,20.650440375368085,1.0,,27960.705552767355
2021-05-06 18:00:18.130,0,0.0334355779287382,43.01021380766012,1.0,,62660.9655179264
2021-05-06 18:00:18.140,0,0.0494532007798702,73.14113582681699,1.0,,112362.72431390813
2021-05-06 18:00:18.150,0,0.0727322782802381,108.80343746884768,1.0,,173916.33960766697
2021-05-06 18:00:18.160,0,0.131650792113285,142.60439459187262,0.0,,234195.0940653526
2021-05-06 18:00:18.170,0,0.1274204505959058,172.1010974134342,0.0,,287997.934523527
2021-05-06 18:00:18.180,0,0.1314754062884499,195.24706238082769,0.0,,330877.1508129278
2021-05-06 18:00:18.190,0,0.1680586593566491,211.0672133523485,0.0,,360483.9017707806
2021-05-06 18:00:18.200,0,0.2073422239796553,227.30072245490047,0.0,,391096.1660418471
2021-05-06 18:00:18.210,0,0.2300779162863498,239.49200985333007,0.0,,414228.74351361085
2021-05-06 18:00:18.220,0,0.233403499974165,243.06832547463333,0.0,,421042.3904218727
2021-05-06 18:00:18.230,0,0.182734958281085,247.60637111254616,0.0,,429693.0329128883
2021-05-06 18:00:18.240,0,0.2311508976366478,245.44440848736355,0.0,,425569.1232315084
2021-05-06 18:00:18.250,0,0.1785688672293589,245.79235587141312,0.0,,426229.3861049984
2021-05-06 18:00:18.260,0,0.2217681461935514,241.0264191258649,0.0,,417152.2766128759
2021-05-06 18:00:18.270,0,0.2219651901431542,234.32295519054625,0.0,,404406.4321110156
2021-05-06 18:00:18.280,0,0.2343970090807902,229.88452020978409,0.0,,395987.15414907737
2021-05-06 18:00:18.290,0,0.1701835634677561,219.3649048818611,0.0,,376101.7308531814
2021-05-06 18:00:18.300,0,0.1995956500731952,208.41966848018524,0.0,,355512.16153800616
2021-05-06 18:00:18.310,0,0.1863424190392853,197.7250141757977,0.0,,335501.92614558863
2021-05-06 18:00:18.320,0,0.1953842998262314,184.8236401825011,0.0,,311504.16402741836
2021-05-06 18:00:18.330,0,0.1738303530187588,172.16582918267449,0.0,,288117.37750620494
2021-05-06 18:00:18.340,0,0.180135557858193,160.69957118844528,0.0,,267082.2476951535
2021-05-06 18:00:18.350,0,0.1460797636693359,150.02667194959287,0.0,,247635.86482825337
2021-05-06 18:00:18.360,0,0.1236939779542772,137.14483935954428,0.0,,224351.61186972976
2021-05-06 18:00:18.370,0,0.1306603444034564,126.28619661962937,0.0,,204890.68886291678
2021-05-06 18:00:18.380,0,0.1145929298587309,113.48994205085586,1.0,,182173.73186584178
2021-05-06 18:00:18.390,0,0.088908722499985,102.36482927181808,1.0,,162632.58981713466
2021-05-06 18:00:18.400,0,0.1020846610396199,91.09205995971386,1.0,,143045.40065562146
2021-05-06 18:00:18.410,0,0.0740837310286375,80.4996532376925,1.0,,124858.0632706905
2021-05-06 18:00:18.420,0,0.0716287941493385,70.47186752996133,1.0,,107864.40860410915
2021-05-06 18:00:18.430,0,0.0704492456532549,61.16913426214914,1.0,,92311.54608288083
2021-05-06 18:00:18.440,0,0.0531434017657358,51.68938531111881,1.0,,76700.52740351709
2021-05-06 18:00:18.450,0,0.0356090646092046,43.75229205097707,1.0,,63851.350694720175
2021-05-06 18:00:18.460,0,0.0262150268889811,35.52424471127336,1.0,,50779.07312890677
2021-05-06 18:00:18.470,0,0.0224392084308052,29.223490141661163,1.0,,40966.606557373976
2021-05-06 18:00:18.480,0,0.0166384308817217,22.246998767254173,1.0,,30346.353283513607
2021-05-06 18:00:18.490,0,0.0098988151445537,16.558481924232794,1.0,,21931.82380757102
2021-05-06 18:00:18.500,0,0.0143153890793543,11.149079946527245,1.0,,14195.766970954706
2021-05-06 18:00:18.510,0,0.0006287268836786,6.351680941247832,1.0,,7648.8615923073485
2021-05-06 18:00:18.520,0,-0.0036628907848307,2.130124916715478,1.0,,2307.0882353737993
2021-05-06 18:00:18.530,0,-0.0032579431533949,0.0,1.0,,14.396491123268268
2021-05-06 18:00:18.540,0,-0.0016896855524716,0.0,1.0,,13.290003532504931
2021-05-06 18:00:18.550,0,-0.00595382721314,0.0,1.0,,11.142565193868561
2021-05-06 18:00:18.560,0,-0.0071390043759955,0.0,1.0,,7.887269752750856
2021-05-06 18:00:18.570,0,-0.0178792742873521,0.0,1.0,,6.29571917135072
2021-05-06 18:00:18.580,0,-0.0131925410352315,0.0,1.0,,10.57202337740239
2021-05-06 18:00:18.590,0,-0.0115897858462889,0.0,1.0,,7.775867564436992
2021-05-06 18:00:18.600,0,-0.0166178815811625,0.0,1.0,,10.080486114220225
2021-05-06 18:00:18.610,0,-0.0092366556211389,0.0,1.0,,10.827208479306972
2021-05-06 18:00:18.620,0,-0.0114259048581367,0.0,1.0,,8.349266927808003
2021-05-06 18:00:18.630,0,-0.0131173409700478,0.0,1.0,,9.129998226823258
2021-05-06 18:00:18.640,0,-0.0152671603759465,0.0,1.0,,9.37509782598268
2021-05-06 18:00:18.650,0,-0.0174164994016094,0.0,1.0,,8.418961849385624
2021-05-06 18:00:18.660,0,-0.0136790865733933,0.0,1.0,,11.404000785919
2021-05-06 18:00:18.670,0,-0.0096026839439701,0.0,1.0,,6.953438878148466
2021-05-06 18:00:18.680,0,-0.0136134410600222,0.0,1.0,,14.943084411092272
2021-05-06 18:00:18.690,0,-0.0119532477227201,0.0,1.0,,16.261988982212706
2021-05-06 18:00:18.700,0,-0.0107989249822373,0.0,1.0,,10.17545697632727
2021-05-06 18:00:18.710,0,-0.0150235678258877,0.0,1.0,,10.899380719953081
2021-05-06 18:00:18.720,0,-0.0093938616710293,0.0,1.0,,10.117583428579783
2021-05-06 18:00:18.730,0,-0.0086244843533976,0.0,1.0,,11.774299016466708
2021-05-06 18:00:18.740,0,-0.0138952565687206,0.0,1.0,,12.049303689386203
2021-05-06 18:00:18.750,0,-0.0085114953123661,0.0,1.0,,8.27392225886009
2021-05-06 18:00:18.760,0,-0.0127155128300428,0.0,1.0,,8.753657149687802
2021-05-06 18:00:18.770,0,-0.0085451202350622,0.0,1.0,,10.124817922673957
2021-05-06 18:00:18.780,0,-0.0098620866863737,0.0,1.0,,12.9401257998765
2021-05-06 18:00:18.790,0,-0.005346781166447,0.0,1.0,,8.066888553443206
2021-05-06 18:00:18.800,0,-0.0034808885931174,0.0,1.0,,6.71977099563508
2021-05-06 18:00:18.810,0,-0.0030074251299904,0.0,1.0,,12.749422916078375
2021-05-06 18:00:18.820,0,-0.0031870269451779,0.0,1.0,,9.612983879871095
2021-05-06 18:00:18.830,0,-0.0117804846673613,0.0,1.0,,11.867387270673888
2021-05-06 18:00:18.840,0,-0.0002097979015732,0.0,1.0,,10.057959405143107
2021-05-06 18:00:18.850,0,-0.002487681251756,0.0,1.0,,8.122741813876369
2021-05-06 18:00:18.860,0,-0.0009660123626484,0.0,1.0,,9.169190246499678
2021-05-06 18:00:18.870,0,0.0019203582519553,0.0,1.0,,7.81503115896895
2021-05-06 18:00:18.880,0,-0.0023210536239983,0.0,1.0,,9.39418658722774
2021-05-06 18:00:18.890,0,-0.0001004337384257,0.0,1.0,,11.751572272113371
2021-05-06 18:00:18.900,0,0.0033450166512402,0.0,1.0,,12.057074238791719
2021-05-06 18:00:18.910,0,0.003391605509481,0.0,1.0,,8.972960699293555
2021-05-06 18:00:18.920,0,0.000523645472509,0.0,1.0,,10.00027164720227
2021-05-06 18:00:18.930,0,-0.0018200793865678,0.121217339533336,1.0,,106.32041218568858
2021-05-06 18:00:18.940,0,0.0029980972995667,0.3376489645704373,1.0,,311.6843626518202
2021-05-06 18:00:18.950,0,0.006541262878587,0.5206580111464756,1.0,,499.77660893330375
2021-05-06 18:00:18.960,0,-0.0051387019732295,0.6777431052753046,1.0,,662.8071352539129
2021-05-06 18:00:18.970,0,-0.002927939902876,0.8098273124475384,1.0,,803.89351934624
2021-05-06 18:00:18.980,0,0.0010496792909639,0.9192046924247655,1.0,,920.0907447221249
2021-05-06 18:00:18.990,0,0.0040532359689919,0.993930230520054,1.0,,1003.0412202813113
2021-05-06 18:00:19.000,1,0.003439493760274,1.056036308315468,1.0,,1073.142834243655
2021-05-06 18:00:19.010,1,0.000430202989356,1.1065899364897518,1.0,,1128.593649502968
2021-05-06 18:00:19.020,1,0.0018947872125309,1.1256264284634687,1.0,,1146.9656268452788
2021-05-06 18:00:19.030,1,0.0111171541829112,1.1554239747595505,1.0,,1183.2366585311047
2021-05-06 18:00:19.040,1,-0.0002162249892689,1.1412712579566544,1.0,,1169.4390540847294
2021-05-06 18:00:19.050,0,-0.0007631875587692,1.1401265872727784,1.0,,1162.7451124761014
2021-05-06 18:00:19.060,0,-0.0014048013024431,1.1178135274406813,1.0,,1138.9998037964504
2021-05-06 18:00:19.070,0,-0.0017744918617522,1.0925050328744177,1.0,,1109.3344274285896
2021-05-06 18:00:19.080,0,-0.0038710035005819,1.0463320448616873,1.0,,1060.6921666998287
2021-05-06 18:00:19.090,0,-0.0013160778571592,1.002952950494212,1.0,,1015.0187894095708
2021-05-06 18:00:19.100,0,0.0006171837543953,0.9598935300437093,1.0,,964.4782431452608
2021-05-06 18:00:19.110,0,0.0056581680318475,6.064806900857931,1.0,,7275.002846606677
2021-05-06 18:00:19.120,0,0.0233522502355346,20.798536019916305,1.0,,28189.198418084055
2021-05-06 18:00:19.130,0,0.0455747833681934,43.23416804700111,1.0,,63019.16276239231
2021-05-06 18:00:19.140,0,0.0627184249572706,72.94221124428603,1.0,,112029.97148755786
2021-05-06 18:00:19.150,0,0.0981704323782233,106.64239282613188,1.0,,170123.43868153277
2021-05-06 18:00:19.160,0,0.1363520345563905,141.19259314077146,0.0,,231643.5425203029
2021-05-06 18:00:19.170,0,0.1967099536560254,172.66416359250496,0.0,,289037.56497860904
2021-05-06 18:00:19.180,0,0.2336774711969306,195.4087052720673,0.0,,331179.7471332052
2021-05-06 18:00:19.190,0,0.1831099868281218,213.7412714775999,0.0,,365510.39907480497
2021-05-06 18:00:19.200,0,0.2689264767572841,228.37220236616352,0.0,,393125.1641013387
2021-05-06 18:00:19.210,0,0.2220108198153921,238.6924959904592,0.0,,412709.79101272515
2021-05-06 18:00:19.220,0,0.2514206877879874,245.77035415982868,0.0,,426192.92634670006
2021-05-06 18:00:19.230,0,0.2476332062687452,245.97749840542005,0.0,,426587.4050928916
2021-05-06 18:00:19.240,0,0.2990214807266216,249.5456073200889,0.0,,433398.4948951187
2021-05-06 18:00:19.250,0,0.2312911643072276,245.77279618700808,0.0,,426196.7456215525
2021-05-06 18:00:19.260,0,0.2931626146170979,239.77285214848868,0.0,,414768.0025031473
2021-05-06 18:00:19.270,0,0.2212506493085997,235.7674707757764,0.0,,407151.8774031562
2021-05-06 18:00:19.280,0,0.1830394510804025,229.13423959819093,0.0,,394564.8282350833
2021-05-06 18:00:19.290,0,0.1761939469137043,219.28544125562112,0.0,,375952.2227604586
2021-05-06 18:00:19.300,0,0.1983345579870442,209.3941390653441,0.0,,357346.6803171234
2021-05-06 18:00:19.310,0,0.1682774750352257,199.1130674150401,0.0,,338091.2447416638
2021-05-06 18:00:19.320,0,0.1599466161550022,187.3299836555149,0.0,,316147.76887158334
2021-05-06 18:00:19.330,0,0.1756737620313512,175.6191020021184,0.0,,294478.09159477794
2021-05-06 18:00:19.340,0,0.1835880029354308,161.63107661231712,0.0,,268790.0919682787
2021-05-06 18:00:19.350,0,0.1578461144102208,152.50267087144212,0.0,,252132.17755169948
2021-05-06 18:00:19.360,0,0.1004009204484481,137.945454012352,0.0,,225793.18101082597
2021-05-06 18:00:19.370,0,0.1010006031247501,126.36426323007048,0.0,,205027.46136381192
2021-05-06 18:00:19.380,0,0.1162019699401619,114.7108261726771,1.0,,184331.6784079337
2021-05-06 18:00:19.390,0,0.0860386011576152,102.71884979281936,1.0,,163248.63950396306
2021-05-06 18:00:19.400,0,0.0769718138512643,91.97567464852872,1.0,,144572.0606078744
2021-05-06 18:00:19.410,0,0.0859574298204281,81.35130105161392,1.0,,126311.54263688436
2021-05-06 18:00:19.420,0,0.0462627545616249,71.50565864380017,1.0,,109601.03459718668
2021-05-06 18:00:19.430,0,0.0636398605352908,61.88878544906985,1.0,,93505.3719362934
2021-05-06 18:00:19.440,0,0.041081170227294,52.61674167128703,1.0,,78214.02573634942
2021-05-06 18:00:19.450,0,0.0385647421827084,44.2056523083304,1.0,,64582.83874907425
2021-05-06 18:00:19.460,0,0.0399549392460416,36.23373419328746,1.0,,51890.46910664258
2021-05-06 18:00:19.470,0,0.0192299418432665,29.33411800723782,1.0,,41138.41978636579
2021-05-06 18:00:19.480,0,0.0212881041574392,22.48136590923334,1.0,,30701.76706517118
2021-05-06 18:00:19.490,0,0.0104694971987306,16.667986876551147,1.0,,22096.76411319298
2021-05-06 18:00:19.500,0,0.0044899270147823,11.245279690060942,1.0,,14332.943840337075
2021-05-06 18:00:19.510,0,0.0109702652207341,6.496573087368388,1.0,,7840.872967604729
2021-05-06 18:00:19.520,0,-0.0010086187268423,2.171521061613852,1.0,,2356.104149969519
2021-05-06 18:00:19.530,0,0.003173749242052,0.0,1.0,,9.641116557009388
2021-05-06 18:00:19.540,0,-0.005318639744232,0.0,1.0,,9.231670755716317
2021-05-06 18:00:19.550,0,-0.0136865516460005,0.0,1.0,,10.672294703613282
2021-05-06 18:00:19.560,0,-0.0109799819804602,0.0,1.0,,9.643307232854838
2021-05-06 18:00:19.570,0,-0.0064389803855207,0.0,1.0,,13.304144992338207
2021-05-06 18:00:19.580,0,-0.0114477069359685,0.0,1.0,,10.303741311065426
2021-05-06 18:00:19.590,0,-0.0095933545508542,0.0,1.0,,6.882121945253761
2021-05-06 18:00:19.600,0,-0.0169344250691234,0.0,1.0,,9.604130880987098
2021-05-06 18:00:19.610,0,-0.0195630069452674,0.0,1.0,,15.870900036885846
2021-05-06 18:00:19.620,0,-0.0157610208270847,0.0,1.0,,10.033298838626344
2021-05-06 18:00:19.630,0,-0.0130001275005741,0.0,1.0,,10.314903876432712
2021-05-06 18:00:19.640,0,-0.0117804229918244,0.0,1.0,,8.200936752347168
2021-05-06 18:00:19.650,0,-0.0137304279027038,0.0,1.0,,9.99735758855927
2021-05-06 18:00:19.660,0,-0.0160341184627061,0.0,1.0,,9.408361760463228
2021-05-06 18:00:19.670,0,-0.0189084758289481,0.0,1.0,,14.335047807490554
2021-05-06 18:00:19.680,0,-0.0080435668614005,0.0,1.0,,12.833290618699255
2021-05-06 18:00:19.690,0,-0.0083556242623148,0.0,1.0,,9.958365445682457
2021-05-06 18:00:19.700,0,-0.0084123433331891,0.0,1.0,,10.44278567325399
2021-05-06 18:00:19.710,0,-0.0095028711977479,0.0,1.0,,11.114161288978291
2021-05-06 18:00:19.720,0,-0.0087358865202802,0.0,1.0,,6.2748827582402615
2021-05-06 18:00:19.730,0,-0.0133300777602099,0.0,1.0,,7.917516586667709
2021-05-06 18:00:19.740,0,-0.010377486483702,0.0,1.0,,8.365252381612704
2021-05-06 18:00:19.750,0,-0.0103980211077607,0.0,1.0,,7.02738305148176
2021-05-06 18:00:19.760,0,-0.0165461992205777,0.0,1.0,,11.378676725480343
2021-05-06 18:00:19.770,0,-0.0075047664449338,0.0,1.0,,9.287596972312326
2021-05-06 18:00:19.780,0,-0.0112550547803389,0.0,1.0,,11.262074890091965
2021-05-06 18:00:19.790,0,-0.0102752055535494,0.0,1.0,,8.017908250817339
2021-05-06 18:00:19.800,0,-0.0051458693599483,0.0,1.0,,8.181109078053053
2021-05-06 18:00:19.810,0,-0.0108321317157479,0.0,1.0,,8.14435829947352
2021-05-06 18:00:19.820,0,-0.0051469080141773,0.0,1.0,,10.56599291394593
2021-05-06 18:00:19.830,0,-0.0046000352302428,0.0,1.0,,10.773384822219583
2021-05-06 18:00:19.840,0,-0.0006175773503375,0.0,1.0,,12.639491382741024
2021-05-06 18:00:19.850,0,-0.0003648074240685,0.0,1.0,,8.618563871655352
2021-05-06 18:00:19.860,0,-0.0096474271194134,0.0,1.0,,7.673443811289342
2021-05-06 18:00:19.870,0,-0.0054144461748907,0.0,1.0,,10.743557960725916
2021-05-06 18:00:19.880,0,-0.0021273122974538,0.0,1.0,,7.500686095052125
2021-05-06 18:00:19.890,0,-3.6761789425441855e-05,0.0,1.0,,9.963058796369955
2021-05-06 18:00:19.900,0,0.0010182508732793,0.0,1.0,,7.663055291405506
2021-05-06 18:00:19.910,0,0.0005476991636038,0.0,1.0,,10.141938014150757
2021-05-06 18:00:19.920,0,0.0014158860446385,0.0,1.0,,8.486621489121003
2021-05-06 18:00:19.930,0,0.0036057061246289,0.1227805655171378,1.0,,109.64791654469285
2021-05-06 18:00:19.940,0,-0.0018142735397925,0.3399858806025876,1.0,,315.7742952061266
2021-05-06 18:00:19.950,0,-0.0034903385929096,0.5271601082111308,1.0,,504.28606884400006
2021-05-06 18:00:19.960,0,-0.0053278741053604,0.685039244616369,1.0,,670.8701437820936
2021-05-06 18:00:19.970,0,0.0025986196495825,0.8145843211323223,1.0,,810.7727707021442
2021-05-06 18:00:19.980,0,-0.0030494429636957,0.9305190112355096,1.0,,932.9173679182429
2021-05-06 18:00:19.990,0,-0.0011017612448414,1.0089095498736211,1.0,,1019.3840024111535
2021-05-06 18:00:20.000,1,-0.0025213600088668,1.0770497005514756,1.0,,1094.8594628151593
2021-05-06 18:00:20.010,1,0.0001127980159772,1.1038419835720985,1.0,,1122.7013805101642
2021-05-06 18:00:20.020,1,0.0022619422538381,1.1395326305842344,1.0,,1165.4246223157386
2021-05-06 18:00:20.030,1,3.707268279671628e-06,1.1492419927627358,1.0,,1175.700191277051
2021-05-06 18:00:20.040,1,0.0042609635775639,1.1526661005525052,1.0,,1180.6651131419117
2021-05-06 18:00:20.050,0,0.0015192020209152,1.1444775032617922,1.0,,1168.4487567598712
2021-05-06 18:00:20.060,0,-0.0009724866441672,1.1177854103188445,1.0,,1137.923307687466
2021-05-06 18:00:20.070,0,-0.0016613167875432,1.0911402767746394,1.0,,1109.8270446987517
2021-05-06 18:00:20.080,0,-0.0004158555166661,1.0613023634766017,1.0,,1079.0735688862082
2021-05-06 18:00:20.090,0,0.0030370122695554,1.005464731883507,1.0,,1014.986473386302
2021-05-06 18:00:20.100,0,-0.0019592532384896,0.960467249216787,1.0,,963.8018849503549
2021-05-06 18:00:20.110,0,0.009705000996015,6.113734004747478,1.0,,7337.404465778454
2021-05-06 18:00:20.120,0,0.0167449930399322,20.67721760458916,1.0,,28004.510983576252
2021-05-06 18:00:20.130,0,0.0419896463602895,43.51249327470693,1.0,,63469.3869597649
2021-05-06 18:00:20.140,0,0.054837716502619,73.53066124806192,1.0,,113020.13110963567
2021-05-06 18:00:20.150,0,0.0822093728894144,107.73290803173676,1.0,,172037.48031379498
2021-05-06 18:00:20.160,0,0.1020607926667714,142.62649182233554,0.0,,234231.51641195547
2021-05-06 18:00:20.170,0,0.1223493791467447,172.75116271162827,0.0,,289192.9626199838
2021-05-06 18:00:20.180,0,0.1885335501905984,195.663914715538,0.0,,331654.8851590407
2021-05-06 18:00:20.190,0,0.2008158538846588,216.49115914274583,0.0,,370690.62553897203
2021-05-06 18:00:20.200,0,0.1583858803461606,229.5138668297704,0.0,,395284.0865036689
2021-05-06 18:00:20.210,0,0.1989514430184347,239.1344518065105,0.0,,413549.3325006517
2021-05-06 18:00:20.220,0,0.1888490876594521,245.7005114899048,0.0,,426052.8060910917
2021-05-06 18:00:20.230,0,0.1665908790889576,247.0298040523924,0.0,,428590.54848677514
2021-05-06 18:00:20.240,0,0.2293390183903975,250.28126677977127,0.0,,434803.2595779452
2021-05-06 18:00:20.250,0,0.1893973051702413,246.93959234600337,0.0,,428418.7604920141
2021-05-06 18:00:20.260,0,0.1688704018936303,244.34531453235024,0.0,,423468.81044151663
2021-05-06 18:00:20.270,0,0.2291733435252547,234.7301938525333,0.0,,405183.01186126156
2021-05-06 18:00:20.280,0,0.165702115809588,230.9298605433764,0.0,,397967.83909925265
2021-05-06 18:00:20.290,0,0.1593589228152851,220.0351893934763,0.0,,377364.13337797817
2021-05-06 18:00:20.300,0,0.169635396303318,209.6910421222537,0.0,,357899.50475942285
2021-05-06 18:00:20.310,0,0.1848837265649734,196.3270473711113,0.0,,332893.1910239225
2021-05-06 18:00:20.320,0,0.1610065156589978,187.10948408016063,0.0,,315738.4112182599
2021-05-06 18:00:20.330,0,0.1602488835712907,176.59126609937832,0.0,,296275.7226568843
2021-05-06 18:00:20.340,0,0.1316198077249055,162.22391388520393,0.0,,269868.05986712966
2021-05-06 18:00:20.350,0,0.1203482103960965,150.17185488932006,0.0,,247899.445647434
2021-05-06 18:00:20.360,0,0.1082836989244895,139.13853103652107,0.0,,227939.93456009426
2021-05-06 18:00:20.370,0,0.1061294780921202,126.1432260013436,0.0,,204636.57566955325
2021-05-06 18:00:20.380,0,0.0864238106743796,114.55111994417412,1.0,,184049.57051496406
2021-05-06 18:00:20.390,0,0.0911000028317776,102.54255960803934,1.0,,162943.21974291684
2021-05-06 18:00:20.400,0,0.1024065979387267,91.85110907195252,1.0,,144358.27474065454
2021-05-06 18:00:20.410,0,0.0672146305070292,80.36509755711383,1.0,,124627.98006445992
2021-05-06 18:00:20.420,0,0.0661818565526833,70.61455239683877,1.0,,108102.81567705939
2021-05-06 18:00:20.430,0,0.0548377544641232,61.29175495549234,1.0,,92511.594663915
2021-05-06 18:00:20.440,0,0.0488829399319532,52.48013292065363,1.0,,77994.99555897365
2021-05-06 18:00:20.450,0,0.0402067139608932,44.16110917386213,1.0,,64510.376037725844
2021-05-06 18:00:20.460,0,0.0430254849027555,36.33085497414824,1.0,,52046.40428902056
2021-05-06 18:00:20.470,0,0.0290596095622967,29.06265242678218,1.0,,40716.893445971305
2021-05-06 18:00:20.480,0,0.016219215153844,22.410593039639863,1.0,,30597.612288540695
2021-05-06 18:00:20.490,0,0.0111322974467023,16.6443333106555,1.0,,22058.116874254552
2021-05-06 18:00:20.500,0,0.0045405373406622,11.179263772896226,1.0,,14244.869628186581
2021-05-06 18:00:20.510,0,0.0102034839008978,6.458607785528495,1.0,,7796.131304743313
2021-05-06 18:00:20.520,0,0.0009053860997242,2.1390873229745,1.0,,2317.910740348764
2021-05-06 18:00:20.530,0,-0.0013569168259571,0.0,1.0,,7.327959333963944
2021-05-06 18:00:20.540,0,-0.0020722300557859,0.0,1.0,,7.954965343299169
2021-05-06 18:00:20.550,0,-0.009335868133988,0.0,1.0,,11.678129517878737
2021-05-06 18:00:20.560,0,-0.0094170509059684,0.0,1.0,,7.101437975154507
2021-05-06 18:00:20.570,0,-0.0026617099095349,0.0,1.0,,10.09554875213207
2021-05-06 18:00:20.580,0,-0.0088996167492121,0.0,1.0,,9.26319704657424
2021-05-06 18:00:20.590,0,-0.009843395589258,0.0,1.0,,12.152013465878465
2021-05-06 18:00:20.600,0,-0.0175647069258117,0.0,1.0,,6.3560035677567726
2021-05-06 18:00:20.610,0,-0.0207696865846224,0.0,1.0,,9.788196477106895
2021-05-06 18:00:20.620,0,-0.0166659957965019,0.0,1.0,,10.702178702173546
2021-05-06 18:00:20.630,0,-0.0192136487442456,0.0,1.0,,12.260914055174862
2021-05-06 18:00:20.640,0,-0.0171969807583986,0.0,1.0,,7.6615023196414365
2021-05-06 18:00:20.650,0,-0.0185387624936477,0.0,1.0,,8.374933764755724
2021-05-06 18:00:20.660,0,-0.0130433267930949,0.0,1.0,,11.152029466592642
2021-05-06 18:00:20.670,0,-0.0159955409003555,0.0,1.0,,6.498161667225201
2021-05-06 18:00:20.680,0,-0.0124812042794737,0.0,1.0,,11.397309979881603
2021-05-06 18:00:20.690,0,-0.0123472784317364,0.0,1.0,,9.493255961198706
2021-05-06 18:00:20.700,0,-0.0112985504707403,0.0,1.0,,9.188720514666645
2021-05-06 18:00:20.710,0,-0.0140950935671106,0.0,1.0,,12.228203921118999
2021-05-06 18:00:20.720,0,-0.0123653333428988,0.0,1.0,,8.10718183360604
2021-05-06 18:00:20.730,0,-0.0085974217475203,0.0,1.0,,11.012999989835578
2021-05-06 18:00:20.740,0,-0.0033430050474363,0.0,1.0,,9.636765826594958
2021-05-06 18:00:20.750,0,-0.0047472862523047,0.0,1.0,,9.74016008565919
2021-05-06 18:00:20.760,0,-0.010635636683277,0.0,1.0,,11.151136962164255
2021-05-06 18:00:20.770,0,-0.0046596879079899,0.0,1.0,,9.375099298554847
2021-05-06 18:00:20.780,0,-0.0090126368930578,0.0,1.0,,7.72637386703674
2021-05-06 18:00:20.790,0,-0.0065595429277009,0.0,1.0,,10.419731609942243
2021-05-06 18:00:20.800,0,-0.0102872862010406,0.0,1.0,,11.758161617446605
2021-05-06 18:00:20.810,0,-0.00106576646101,0.0,1.0,,10.08756040273884
2021-05-06 18:00:20.820,0,-0.0050801783095636,0.0,1.0,,10.85289866725957
2021-05-06 18:00:20.830,0,-0.0047257014027401,0.0,1.0,,12.567719021468806
2021-05-06 18:00:20.840,0,-0.0097315369742629,0.0,1.0,,12.150683504189615
2021-05-06 18:00:20.850,0,-0.0084002111881734,0.0,1.0,,11.381223902689513
2021-05-06 18:00:20.860,0,-0.0008007610631633,0.0,1.0,,8.982344803769731
2021-05-06 18:00:20.870,0,-0.0006857359350719,0.0,1.0,,10.432558167668615
2021-05-06 18:00:20.880,0,-0.0001971615497664,0.0,1.0,,11.336619922293849
2021-05-06 18:00:20.890,0,-0.0079614969006817,0.0,1.0,,9.250192431218561
2021-05-06 18:00:20.900,0,-0.0032080909213369,0.0,1.0,,13.907355284400527
2021-05-06 18:00:20.910,0,0.0002285790948895,0.0,1.0,,7.11324968912059
2021-05-06 18:00:20.920,0,0.002753046230169,0.0,1.0,,11.824920810457197
2021-05-06 18:00:20.930,0,0.0043099887434281,0.1207304321797737,1.0,,107.92914433686077
2021-05-06 18:00:20.940,0,-0.0035044914683719,0.3362744688959175,1.0,,316.13806408083207
2021-05-06 18:00:20.950,0,0.0034204785544776,0.5193159577981357,1.0,,495.20162631035043
2021-05-06 18:00:20.960,0,0.0017770753017665,0.6755516439828408,1.0,,656.6108372828763
2021-05-06 18:00:20.970,0,0.0011478353952403,0.8033336658646213,1.0,,795.2355500598115
2021-05-06 18:00:20.980,0,0.0011279925897877,0.9119231742978152,1.0,,913.2280182243948
2021-05-06 18:00:20.990,0,-0.0015234802495605,0.9974879100235609,1.0,,1004.7465952640633
2021-05-06 18:00:21.000,1,0.0013090724784977,1.0644035525274214,1.0,,1083.6299828308613
2021-05-06 18:00:21.010,1,0.000730480428866,1.0966538403398898,1.0,,1113.2375377513195
2021-05-06 18:00:21.020,1,-0.0031362781904619,1.1437877982764606,1.0,,1169.6209828281724
2021-05-06 18:00:21.030,1,-0.0075939450572518,1.1461050394028276,1.0,,1171.6313015059484
2021-05-06 18:00:21.040,1,0.0005140481762587,1.1411588232170808,1.0,,1166.0239389037733
2021-05-06 18:00:21.050,0,-0.0010719021192413,1.1222451528738082,1.0,,1142.2590892647845
2021-05-06 18:00:21.060,0,0.0049407749848111,1.1081764630118616,1.0,,1128.9892948527263
2021-05-06 18:00:21.070,0,0.0017930911160248,1.0677038541716584,1.0,,1085.2588532329316
2021-05-06 18:00:21.080,0,-0.0003228273765981,1.0393332372132935,1.0,,1054.6025958433925
2021-05-06 18:00:21.090,0,0.0002915766542452,0.9916724806289708,1.0,,999.1768290150476
2021-05-06 18:00:21.100,0,0.0085371876001359,0.9467388822777142,1.0,,953.0102524800908
2021-05-06 18:00:21.110,0,0.001494013733352,6.063459022043643,1.0,,7272.0234667644645
2021-05-06 18:00:21.120,0,0.0146159376077515,20.571150027282656,1.0,,27845.667630978296
2021-05-06 18:00:21.130,0,0.0283768824189513,43.226159802264526,1.0,,63006.10929461158
2021-05-06 18:00:21.140,0,0.0631533206740851,72.79542654352427,1.0,,111780.69610015246
2021-05-06 18:00:21.150,0,0.0745151166852667,108.9723804694214,1.0,,174215.2976537877
2021-05-06 18:00:21.160,0,0.1057630649321883,142.31532672760386,0.0,,233669.8348873229
2021-05-06 18:00:21.170,0,0.1773921806141161,170.80447460679355,0.0,,285615.1383498451
2021-05-06 18:00:21.180,0,0.2031220204017061,193.77783298358148,0.0,,328140.24499026523
2021-05-06 18:00:21.190,0,0.2083355438781649,214.18262657957283,0.0,,366343.7745525912
2021-05-06 18:00:21.200,0,0.2252329420339814,226.18687835405464,0.0,,388991.1773712343
2021-05-06 18:00:21.210,0,0.1735731232476245,238.5090486977861,0.0,,412358.43951876904
2021-05-06 18:00:21.220,0,0.1965606429172946,243.08371792343328,0.0,,421069.00851573935
2021-05-06 18:00:21.230,0,0.2448204771033756,246.0019377431469,0.0,,426631.7307893961
2021-05-06 18:00:21.240,0,0.2307172785828481,250.98837270021733,0.0,,436154.0303705148
2021-05-06 18:00:21.250,0,0.1878243852796057,246.16720353625,0.0,,426945.83219231636
2021-05-06 18:00:21.260,0,0.1853225473392966,242.8995485291513,0.0,,420716.1064053747
2021-05-06 18:00:21.270,0,0.2239599388505234,235.84223892003143,0.0,,407295.207238128
2021-05-06 18:00:21.280,0,0.2239754061911414,227.0365438752056,0.0,,390596.75207350805
2021-05-06 18:00:21.290,0,0.1966274720513304,218.6206062666189,0.0,,374704.13736186654
2021-05-06 18:00:21.300,0,0.1795596074663208,208.6639204147385,0.0,,355971.2892595692
2021-05-06 18:00:21.310,0,0.1931595783368976,199.8742245892442,0.0,,339513.237636016
2021-05-06 18:00:21.320,0,0.1648533752254989,186.56748925315097,0.0,,314736.70419722813
2021-05-06 18:00:21.330,0,0.1843521483924564,175.15284531901608,0.0,,293619.62362256733
2021-05-06 18:00:21.340,0,0.1675452474042498,163.2380252323261,0.0,,271728.1195358594
2021-05-06 18:00:21.350,0,0.1523656676203013,149.9271154632101,0.0,,247460.45518401693
2021-05-06 18:00:21.360,0,0.1479244381204767,138.5726557232734,0.0,,226920.54569279923
2021-05-06 18:00:21.370,0,0.1239478692840212,126.56793652145308,0.0,,205395.63467011906
2021-05-06 18:00:21.380,0,0.1183856205124691,114.91104715185698,1.0,,184688.83094124484
2021-05-06 18:00:21.390,0,0.0982055051853841,103.27944079027692,1.0,,164231.5811798145
2021-05-06 18:00:21.400,0,0.0697186315578654,91.21457702832552,1.0,,143261.4632173086
2021-05-06 18:00:21.410,0,0.0772399713901423,82.24808584760152,1.0,,127844.58899084809
2021-05-06 18:00:21.420,0,0.0581658178432299,71.19252689147801,1.0,,109074.66224597742
2021-05-06 18:00:21.430,0,0.0556040880213839,62.065252544755104,1.0,,93793.52319460874
2021-05-06 18:00:21.440,0,0.0462284152142894,52.58255829420326,1.0,,78164.23410405956
2021-05-06 18:00:21.450,0,0.045938120414178,44.26603649048965,1.0,,64676.45020201092
2021-05-06 18:00:21.460,0,0.0282583519868075,36.42406846741768,1.0,,52193.750506950615
2021-05-06 18:00:21.470,0,0.0180809474555096,29.27991473024498,1.0,,41055.179541236605
2021-05-06 18:00:21.480,0,0.0167246242046077,22.693339618932058,1.0,,31017.76319993708
2021-05-06 18:00:21.490,0,0.0194569232071143,16.726819778612757,1.0,,22179.33191782695
2021-05-06 18:00:21.500,0,0.0099877432903553,11.315652509494036,1.0,,14436.732186877083
2021-05-06 18:00:21.510,0,-0.0019273145048876,6.452164538226807,1.0,,7789.263578475766
2021-05-06 18:00:21.520,0,0.0044463952861749,2.1681582409506714,1.0,,2355.3253257561414
2021-05-06 18:00:21.530,0,0.0019118560405532,0.0,1.0,,10.563395536810807
2021-05-06 18:00:21.540,0,0.0003039341812519,0.0,1.0,,9.694390150715359
2021-05-06 18:00:21.550,0,-0.0030594056950869,0.0,1.0,,10.549817605064407
2021-05-06 18:00:21.560,0,-0.0092410469069855,0.0,1.0,,9.210648217898884
2021-05-06 18:00:21.570,0,-0.0118374151986968,0.0,1.0,,10.646260199591465
2021-05-06 18:00:21.580,0,-0.0121653388361863,0.0,1.0,,10.454781347805197
2021-05-06 18:00:21.590,0,-0.0133317187595382,0.0,1.0,,8.07912316500487
2021-05-06 18:00:21.600,0,-0.0062257582814771,0.0,1.0,,10.243746705743797
2021-05-06 18:00:21.610,0,-0.0115083768278488,0.0,1.0,,11.856493037120119
2021-05-06 18:00:21.620,0,-0.0073954794520287,0.0,1.0,,9.290244540457861
2021-05-06 18:00:21.630,0,-0.0154179522314954,0.0,1.0,,10.434966297925893
2021-05-06 18:00:21.640,0,-0.0133613387041025,0.0,1.0,,13.111234978190005
2021-05-06 18:00:21.650,0,-0.0149484787186754,0.0,1.0,,10.242862627775157
2021-05-06 18:00:21.660,0,-0.0033116847265483,0.0,1.0,,10.19338599850778
2021-05-06 18:00:21.670,0,-0.0110666503292572,0.0,1.0,,9.697341182146266
2021-05-06 18:00:21.680,0,-0.0100597418308656,0.0,1.0,,9.982399108955203
2021-05-06 18:00:21.690,0,-0.0104990591183192,0.0,1.0,,8.33362119381754
2021-05-06 18:00:21.700,0,-0.0161078869430351,0.0,1.0,,10.599542195018765
2021-05-06 18:00:21.710,0,-0.006774391641759,0.0,1.0,,10.172887543547445
2021-05-06 18:00:21.720,0,-0.0081891240020958,0.0,1.0,,13.863596605902794
2021-05-06 18:00:21.730,0,-0.0137522874322659,0.0,1.0,,9.001021682349167
2021-05-06 18:00:21.740,0,-0.0097784553740025,0.0,1.0,,9.490703267706825
2021-05-06 18:00:21.750,0,-0.0104998126622081,0.0,1.0,,13.398722852019695
2021-05-06 18:00:21.760,0,-0.0074126468474952,0.0,1.0,,9.037820860842745
2021-05-06 18:00:21.770,0,-0.0107051385946335,0.0,1.0,,11.234180505360765
2021-05-06 18:00:21.780,0,-0.0039791536427319,0.0,1.0,,10.68024432807259
2021-05-06 18:00:21.790,0,-0.0096896962340702,0.0,1.0,,7.1627619190054155
2021-05-06 18:00:21.800,0,-0.0009794390091303,0.0,1.0,,10.576480930173435
2021-05-06 18:00:21.810,0,0.0006298764269497,0.0,1.0,,8.729631412750273
2021-05-06 18:00:21.820,0,-0.003491301833709,0.0,1.0,,11.17383119801036
2021-05-06 18:00:21.830,0,-0.000539320035264,0.0,1.0,,8.48878099859303
2021-05-06 18:00:21.840,0,-0.0030694307846624,0.0,1.0,,9.259894965321847
2021-05-06 18:00:21.850,0,0.001174570256865,0.0,1.0,,12.861565239250458
2021-05-06 18:00:21.860,0,-0.0014775753631929,0.0,1.0,,9.44328004125769
2021-05-06 18:00:21.870,0,-0.002968208574373,0.0,1.0,,10.391312281304135
2021-05-06 18:00:21.880,0,-0.0006598356302953,0.0,1.0,,11.806661400601651
2021-05-06 18:00:21.890,0,-0.005821729461314,0.0,1.0,,9.810287484197138
2021-05-06 18:00:21.900,0,0.005122516566527,0.0,1.0,,10.633416838608333
2021-05-06 18:00:21.910,0,-0.0062931709877881,0.0,1.0,,9.365455318893986
2021-05-06 18:00:21.920,0,0.0018132715357967,0.0,1.0,,11.880474954595682
2021-05-06 18:00:21.930,0,-0.0052221968454824,0.1244173150925171,1.0,,108.5198136575889
2021-05-06 18:00:21.940,0,0.0013347188121014,0.3437602996290036,1.0,,315.1110603297238
2021-05-06 18:00:21.950,0,0.0038389555529741,0.5341299458561021,1.0,,509.05831453287055
2021-05-06 18:00:21.960,0,0.0018238187937856,0.698002623054113,1.0,,683.0643366573205
2021-05-06 18:00:21.970,0,0.004657273347499,0.8287831865330113,1.0,,822.9968189031888
2021-05-06 18:00:21.980,0,0.0033501267589397,0.9354662869465096,1.0,,939.8620111546345
2021-05-06 18:00:21.990,0,-0.0043225965142599,1.018570285484809,1.0,,1031.818329213649
2021-05-06 18:00:22.000,1,-0.0032423494684324,1.0906352605707794,1.0,,1112.739903820875
2021-05-06 18:00:22.010,1,-0.0027129634692634,1.1241054750894526,1.0,,1145.8300027253958
2021-05-06 18:00:22.020,1,0.0090826913783122,1.160369176553442,1.0,,1188.3623002550407
2021-05-06 18:00:22.030,1,0.0003792542943784,1.162770095219632,1.0,,1189.0371747660404
2021-05-06 18:00:22.040,1,0.0004636637565571,1.1717296203515812,1.0,,1198.5390876567722
2021-05-06 18:00:22.050,0,0.00079631940927,1.1593031914120642,1.0,,1189.296419189805
2021-05-06 18:00:22.060,0,0.0009176398863011,1.1343018030334029,1.0,,1156.379548242882
2021-05-06 18:00:22.070,0,0.0036912572949674,1.1179273346761989,1.0,,1140.3422179481672
2021-05-06 18:00:22.080,0,0.0002257525569723,1.069461715749168,1.0,,1087.5593248490015
2021-05-06 18:00:22.090,0,-0.0001484099232629,1.031586267408032,1.0,,1043.4348644928432
2021-05-06 18:00:22.100,0,0.0009031213594826,0.9816907136181546,1.0,,990.7740812401305
2021-05-06 18:00:22.110,0,0.0052784505487242,6.225788910081673,1.0,,7485.877163851181
2021-05-06 18:00:22.120,0,0.0206617781217015,21.36034806011484,1.0,,29022.55812072922
2021-05-06 18:00:22.130,0,0.0427031475336729,44.96708562557832,1.0,,65805.04194192059
2021-05-06 18:00:22.140,0,0.0816068547943278,74.46847630875159,1.0,,114612.11817901292
2021-05-06 18:00:22.150,0,0.1040576861039959,110.72750747606004,1.0,,177304.0347506822
2021-05-06 18:00:22.160,0,0.1246202566520392,145.63722188963862,0.0,,239677.18913868425
2021-05-06 18:00:22.170,0,0.1844628544060126,176.6020363569986,0.0,,296293.84528651705
2021-05-06 18:00:22.180,0,0.1602879724046748,201.3726556353428,0.0,,342308.7024214113
2021-05-06 18:00:22.190,0,0.1929942385717098,221.19681851633587,0.0,,379555.82797135797
2021-05-06 18:00:22.200,0,0.1813223215809119,235.0310075634605,0.0,,405749.9576003588
2021-05-06 18:00:22.210,0,0.2231076837255267,246.2482752791111,0.0,,427103.56199620455
2021-05-06 18:00:22.220,0,0.2370091690259364,251.0997005437262,0.0,,436367.45077343273
2021-05-06 18:00:22.230,0,0.2271329507697195,255.9827013008533,0.0,,445710.1802938994
2021-05-06 18:00:22.240,0,0.2267344062416398,256.2080387351364,0.0,,446141.8598416927
2021-05-06 18:00:22.250,0,0.22204436311271,252.15747446087505,0.0,,438388.0746425113
2021-05-06 18:00:22.260,0,0.1971086147825446,249.46564103169663,0.0,,433241.52710240113
2021-05-06 18:00:22.270,0,0.2184766706913838,242.8636196460717,0.0,,420649.0779204412
2021-05-06 18:00:22.280,0,0.2055029340955568,236.2879504288828,0.0,,408138.7580326198
2021-05-06 18:00:22.290,0,0.1965343241760688,225.3309025249537,0.0,,387367.0185653605
2021-05-06 18:00:22.300,0,0.1597897575626058,215.61685674894585,0.0,,369037.0244940223
2021-05-06 18:00:22.310,0,0.1428695549409346,204.7683952379816,0.0,,348665.7110060366
2021-05-06 18:00:22.320,0,0.1305033956858964,191.85130951764657,0.0,,324552.4871793402
2021-05-06 18:00:22.330,0,0.165024289015243,180.39308122726413,0.0,,303297.3031218765
2021-05-06 18:00:22.340,0,0.1474587451905336,168.81802024519038,0.0,,281961.12434736924
2021-05-06 18:00:22.350,0,0.1124764898651851,154.54337443083784,0.0,,255847.57560252957
2021-05-06 18:00:22.360,0,0.120136007080842,142.99100780803525,0.0,,234890.88127264738
2021-05-06 18:00:22.370,0,0.0795530356324609,129.41149021236114,0.0,,210475.72792158427
2021-05-06 18:00:22.380,0,0.0810275660900116,118.1081026391242,1.0,,190341.59954169818
2021-05-06 18:00:22.390,0,0.0684583646436325,104.80135036707009,1.0,,166895.61888671262
2021-05-06 18:00:22.400,0,0.0554138803517488,94.77826162455368,1.0,,149422.77347043256
2021-05-06 18:00:22.410,0,0.0744842128064438,83.31631204463794,1.0,,129673.02164752515
2021-05-06 18:00:22.420,0,0.0565998799764473,73.16766536846717,1.0,,112411.20624673892
2021-05-06 18:00:22.430,0,0.0496324195135807,63.29743635836165,1.0,,95844.09995654834
2021-05-06 18:00:22.440,0,0.0385723332271514,54.08094328707645,1.0,,80611.14583363448
2021-05-06 18:00:22.450,0,0.0297511947459396,45.32252623012261,1.0,,66377.62180034662
2021-05-06 18:00:22.460,0,0.0239398982034296,37.29237986857658,1.0,,53569.648936262456
2021-05-06 18:00:22.470,0,0.0191056020725967,29.85723219279157,1.0,,41943.63553524067
2021-05-06 18:00:22.480,0,0.0179775305703843,23.17063774184325,1.0,,31739.33305021315
2021-05-06 18:00:22.490,0,0.012507390172522,17.154729952568463,1.0,,22805.992312584673
2021-05-06 18:00:22.500,0,0.007238545215056,11.60217052352843,1.0,,14837.052259024149
2021-05-06 18:00:22.510,0,0.0033345951153495,6.597506945619818,1.0,,7980.8327823256295
2021-05-06 18:00:22.520,0,0.0015808887337294,2.216981836069185,1.0,,2407.94182281264
2021-05-06 18:00:22.530,0,0.0001950372388366,0.0,1.0,,9.441221722358346
2021-05-06 18:00:22.540,0,-0.0094064771571195,0.0,1.0,,9.544851175818565
2021-05-06 18:00:22.550,0,-0.0034240638462027,0.0,1.0,,8.0030852341242
2021-05-06 18:00:22.560,0,-0.0097308055540178,0.0,1.0,,7.792477446804821
2021-05-06 18:00:22.570,0,-0.0142769339758633,0.0,1.0,,10.733444444116188
2021-05-06 18:00:22.580,0,-0.0122220435180908,0.0,1.0,,8.808067369691827
2021-05-06 18:00:22.590,0,-0.019448041488981,0.0,1.0,,9.834324799708503
2021-05-06 18:00:22.600,0,-0.025840794543718,0.0,1.0,,11.90429879172632
2021-05-06 18:00:22.610,0,-0.0160319340121997,0.0,1.0,,10.199109301722022
2021-05-06 18:00:22.620,0,-0.0100877782928015,0.0,1.0,,7.7631082123990875
2021-05-06 18:00:22.630,0,-0.0118414300233228,0.0,1.0,,9.844531371746076
2021-05-06 18:00:22.640,0,-0.0076530909675026,0.0,1.0,,10.247414549609465
2021-05-06 18:00:22.650,0,-0.0202738060066413,0.0,1.0,,13.731288468441461
2021-05-06 18:00:22.660,0,-0.0092423621485465,0.0,1.0,,7.6643179531747005
2021-05-06 18:00:22.670,0,-0.0207543703573003,0.0,1.0,,11.090395533815425
2021-05-06 18:00:22.680,0,-0.0122012865642164,0.0,1.0,,13.750376183320261
2021-05-06 18:00:22.690,0,-0.0098170850587327,0.0,1.0,,10.820626227894834
2021-05-06 18:00:22.700,0,-0.0138206144767379,0.0,1.0,,6.445668179924908
2021-05-06 18:00:22.710,0,-0.0043307717758337,0.0,1.0,,9.33011277156754
2021-05-06 18:00:22.720,0,-0.0149473590059838,0.0,1.0,,10.519643020719812
2021-05-06 18:00:22.730,0,-0.010067764404694,0.0,1.0,,7.332164402325532
2021-05-06 18:00:22.740,0,-0.0114192092507169,0.0,1.0,,6.557949212424832
2021-05-06 18:00:22.750,0,-0.0086344135474333,0.0,1.0,,9.887676896648182
2021-05-06 18:00:22.760,0,-0.0025403993567207,0.0,1.0,,13.785844937844063
2021-05-06 18:00:22.770,0,-0.0079237604111519,0.0,1.0,,7.563788002352423
2021-05-06 18:00:22.780,0,-0.0085269719020592,0.0,1.0,,12.298820786928928
2021-05-06 18:00:22.790,0,-0.0003011171160689,0.0,1.0,,6.5657099338215446
2021-05-06 18:00:22.800,0,-0.0063781274910065,0.0,1.0,,8.687238710451526
2021-05-06 18:00:22.810,0,-0.0063415392385801,0.0,1.0,,13.256109768574158
2021-05-06 18:00:22.820,0,-0.0032413119542491,0.0,1.0,,11.812608076789235
2021-05-06 18:00:22.830,0,-0.005076090898514,0.0,1.0,,7.012059771949675
2021-05-06 18:00:22.840,0,-0.002833761569347,0.0,1.0,,5.38943646412549
2021-05-06 18:00:22.850,0,0.000464617864821,0.0,1.0,,12.994580884974045
2021-05-06 18:00:22.860,0,-0.0021614702044917,0.0,1.0,,10.25145687586399
2021-05-06 18:00:22.870,0,-0.0056071798499622,0.0,1.0,,13.459054774851385
2021-05-06 18:00:22.880,0,0.004435003616242,0.0,1.0,,12.194509936165586
2021-05-06 18:00:22.890,0,0.0005545462794003,0.0,1.0,,7.946977259763647
2021-05-06 18:00:22.900,0,-0.0020863113234926,0.0,1.0,,7.487545617709365
2021-05-06 18:00:22.910,0,-0.0057705511469577,0.0,1.0,,9.447209836817235
2021-05-06 18:00:22.920,0,-0.003796346011623,0.0,1.0,,10.285570015028496
2021-05-06 18:00:22.930,0,0.0033415491752723,0.1239422999353741,1.0,,112.26224929044255
2021-05-06 18:00:22.940,0,0.0039693657598283,0.3413632020381641,1.0,,314.78175162444626
2021-05-06 18:00:22.950,0,-0.0035148018873267,0.5309095710316164,1.0,,507.42027325004216
2021-05-06 18:00:22.960,0,-0.0005284168526804,0.6918303675441123,1.0,,677.9591032363079
2021-05-06 18:00:22.970,0,-0.0011478476378547,0.8235974809382341,1.0,,818.2672326757648
2021-05-06 18:00:22.980,0,0.0023799299474217,0.9341368356445076,1.0,,938.0677154844965
2021-05-06 18:00:22.990,0,-0.0044899015248878,1.016711886885039,1.0,,1032.0664369857118
2021-05-06 18:00:23.000,1,0.0006240537939123,1.0742383297499365,1.0,,1094.0040966034376
2021-05-06 18:00:23.010,1,0.0028466239892962,1.125670547771427,1.0,,1148.7909468644677
2021-05-06 18:00:23.020,1,0.0059884038158317,1.1542223135638332,1.0,,1179.680144287455
2021-05-06 18:00:23.030,1,0.001805127689513,1.153672628179968,1.0,,1181.4818996205843
2021-05-06 18:00:23.040,1,0.0027152731817566,1.1763011492796258,1.0,,1201.3141485737335
2021-05-06 18:00:23.050,0,0.0031185918150014,1.1558272405352958,1.0,,1182.7142438075527
2021-05-06 18:00:23.060,0,0.0059586168256722,1.1245184776827115,1.0,,1146.389598070995
2021-05-06 18:00:23.070,0,0.000295797572629,1.1032451168364752,1.0,,1127.3817811958954
2021-05-06 18:00:23.080,0,-0.0043388209877835,1.0683015350478833,1.0,,1084.9601809927242
2021-05-06 18:00:23.090,0,-0.0050992032889159,1.021837806543077,1.0,,1031.6739591976989
2021-05-06 18:00:23.100,0,-0.0028319143413734,0.9752576358145706,1.0,,985.5654063265309
2021-05-06 18:00:23.110,0,0.0037192541594953,6.167099004043613,1.0,,7410.393642416205
2021-05-06 18:00:23.120,0,0.0206455531844659,21.14628112910237,1.0,,28702.919133402855
2021-05-06 18:00:23.130,0,0.0308618997036969,44.3971558376416,1.0,,64885.996566680755
2021-05-06 18:00:23.140,0,0.0386114103455869,74.85038462529741,1.0,,115257.24347003394
2021-05-06 18:00:23.150,0,0.0708336372655777,110.2824493564176,1.0,,176523.5021977389
2021-05-06 18:00:23.160,0,0.1143412200154966,146.76236080003244,0.0,,241711.83020257714
2021-05-06 18:00:23.170,0,0.1309307458833356,174.06514552001667,0.0,,291612.94834647776
2021-05-06 18:00:23.180,0,0.1284341888889498,199.6292511214048,0.0,,339055.3827412462
2021-05-06 18:00:23.190,0,0.1556725472861255,219.7858464070364,0.0,,376891.3782789903
2021-05-06 18:00:23.200,0,0.1219999843696786,232.7202469818973,0.0,,401361.3881983536
2021-05-06 18:00:23.210,0,0.1445571789642455,242.9579476508062,0.0,,420829.1335084142
2021-05-06 18:00:23.220,0,0.1602348974805137,249.4610656998316,0.0,,433232.4057837627
2021-05-06 18:00:23.230,0,0.2041292170710407,253.5961329180108,0.0,,441138.3306168303
2021-05-06 18:00:23.240,0,0.1614318791101301,253.63504357349643,0.0,,441212.8791717163
2021-05-06 18:00:23.250,0,0.1672480211847186,252.461203715922,0.0,,438967.59524221794
2021-05-06 18:00:23.260,0,0.1781231980109603,248.5324238130952,0.0,,431457.8072900092
2021-05-06 18:00:23.270,0,0.2021656444065208,238.3725772943111,0.0,,412097.7935358095
2021-05-06 18:00:23.280,0,0.1670208794055749,233.4499681505237,0.0,,402747.405730696
2021-05-06 18:00:23.290,0,0.1834854864705664,223.0246144390156,0.0,,383011.3599165015
2021-05-06 18:00:23.300,0,0.1534023654099046,215.2354722634741,0.0,,368318.48528503854
2021-05-06 18:00:23.310,0,0.1269601853059505,204.96039887299827,0.0,,349027.4529734222
2021-05-06 18:00:23.320,0,0.1550288201390726,190.922086557496,0.0,,322822.3856547315
2021-05-06 18:00:23.330,0,0.145193213746675,179.5103347019474,0.0,,301664.4498187943
2021-05-06 18:00:23.340,0,0.1355715798422254,168.02459697893033,0.0,,280498.26857995504
2021-05-06 18:00:23.350,0,0.1197823391035262,153.1379820398873,0.0,,253292.85955656038
2021-05-06 18:00:23.360,0,0.1199800795974583,140.66651303910527,0.0,,230693.4036695751
2021-05-06 18:00:23.370,0,0.0987055100643526,128.26894463694978,0.0,,208431.4274111501
2021-05-06 18:00:23.380,0,0.0888307892037813,116.38726400302023,1.0,,187297.71022387838
2021-05-06 18:00:23.390,0,0.0882540697157745,105.49048683981444,1.0,,168103.09717841426
2021-05-06 18:00:23.400,0,0.0814867235547274,92.5671402796429,1.0,,145592.95847887165
2021-05-06 18:00:23.410,0,0.0493239659492415,82.26751059291394,1.0,,127875.32948421968
2021-05-06 18:00:23.420,0,0.048046936639414,72.54378886704585,1.0,,111358.15680366276
2021-05-06 18:00:23.430,0,0.0386862318121189,62.76785625743448,1.0,,94967.71381471043
2021-05-06 18:00:23.440,0,0.0362834137143237,53.33762542489943,1.0,,79397.37915255455
2021-05-06 18:00:23.450,0,0.038176868349945,44.91277294650045,1.0,,65720.31516869897
2021-05-06 18:00:23.460,0,0.0258835228986874,37.06091841457608,1.0,,53201.49939088789
2021-05-06 18:00:23.470,0,0.016436521406051,29.565062965511352,1.0,,41491.80762856186
2021-05-06 18:00:23.480,0,0.0149966695321849,23.02916295077685,1.0,,31525.824563191178
2021-05-06 18:00:23.490,0,0.0185188513530344,16.996258238059255,1.0,,22571.624432969526
2021-05-06 18:00:23.500,0,0.0120336142565579,11.43601098298643,1.0,,14601.979285434336
2021-05-06 18:00:23.510,0,0.0067288795853464,6.5222090599068085,1.0,,7876.742494799518
2021-05-06 18:00:23.520,0,0.0035783837248418,2.21979652840644,1.0,,2416.875874370168
2021-05-06 18:00:23.530,0,-0.0030759470595853,0.0,1.0,,10.720476903094497
2021-05-06 18:00:23.540,0,-0.0007440994111994,0.0,1.0,,9.103000661457827
2021-05-06 18:00:23.550,0,-0.0084520334445538,0.0,1.0,,11.19225920132308
2021-05-06 18:00:23.560,0,-0.005190202087833,0.0,1.0,,9.28676124282795
2021-05-06 18:00:23.570,0,-0.0068268014163698,0.0,1.0,,6.579589482156104
2021-05-06 18:00:23.580,0,-0.0063168216238999,0.0,1.0,,8.066257621723791
2021-05-06 18:00:23.590,0,-0.0143229581922875,0.0,1.0,,8.092619286018165
2021-05-06 18:00:23.600,0,-0.0141689416599427,0.0,1.0,,7.168299658304404
2021-05-06 18:00:23.610,0,-0.0172233727658682,0.0,1.0,,6.2123983160156016
2021-05-06 18:00:23.620,0,-0.0128113645954673,0.0,1.0,,10.347303380258753
2021-05-06 18:00:23.630,0,-0.0125441095607038,0.0,1.0,,7.45232649490214
2021-05-06 18:00:23.640,0,-0.0086532686946527,0.0,1.0,,14.151159751955353
2021-05-06 18:00:23.650,0,-0.0131278493763542,0.0,1.0,,10.585551764223661
2021-05-06 18:00:23.660,0,-0.0178063826959718,0.0,1.0,,8.73859651215161
2021-05-06 18:00:23.670,0,-0.009365599915605,0.0,1.0,,9.552025757707154
2021-05-06 18:00:23.680,0,-0.0101496244943506,0.0,1.0,,14.533639242193694
2021-05-06 18:00:23.690,0,-0.0056428745389618,0.0,1.0,,12.552925431429232
2021-05-06 18:00:23.700,0,-0.0092952742713434,0.0,1.0,,8.576989887421474
2021-05-06 18:00:23.710,0,-0.0093200077146852,0.0,1.0,,8.701811202600627
2021-05-06 18:00:23.720,0,-0.0035806333411901,0.0,1.0,,7.306917155476498
2021-05-06 18:00:23.730,0,-0.0128984479995119,0.0,1.0,,9.113170582892847
2021-05-06 18:00:23.740,0,-0.0029411681043956,0.0,1.0,,10.220613634826648
2021-05-06 18:00:23.750,0,-0.0002138874042376,0.0,1.0,,11.516274845234445
2021-05-06 18:00:23.760,0,-0.0112311426283514,0.0,1.0,,10.576905925575021
2021-05-06 18:00:23.770,0,-0.0034333712516463,0.0,1.0,,10.539505218173733
2021-05-06 18:00:23.780,0,-0.0097281934561452,0.0,1.0,,9.708699989263765
2021-05-06 18:00:23.790,0,0.0003244341980924,0.0,1.0,,7.761059477721769
2021-05-06 18:00:23.800,0,-0.000210236390715,0.0,1.0,,9.332756559925953
2021-05-06 18:00:23.810,0,-0.0045550096273745,0.0,1.0,,9.886333812909044
2021-05-06 18:00:23.820,0,0.0001244839376615,0.0,1.0,,12.574447902790478
2021-05-06 18:00:23.830,0,-0.0059940531137675,0.0,1.0,,12.512654632873915
2021-05-06 18:00:23.840,0,-0.0010442591659669,0.0,1.0,,10.210868554136475
2021-05-06 18:00:23.850,0,-0.0012179476640936,0.0,1.0,,6.81597378135754
2021-05-06 18:00:23.860,0,-0.0018570614379542,0.0,1.0,,9.467770435811843
2021-05-06 18:00:23.870,0,-0.0045120728791702,0.0,1.0,,8.476759317570785
2021-05-06 18:00:23.880,0,-0.0042332761613845,0.0,1.0,,11.784405224718375
2021-05-06 18:00:23.890,0,-0.0013353765839117,0.0,1.0,,13.176554726982605
2021-05-06 18:00:23.900,0,-0.0035610678667419,0.0,1.0,,7.508053433660466
2021-05-06 18:00:23.910,0,0.0035374152730705,0.0,1.0,,9.152618448839585
2021-05-06 18:00:23.920,0,0.0016534437329843,0.0,1.0,,9.619004166306485
2021-05-06 18:00:23.930,0,0.0031408726346089,0.1242691293273755,1.0,,109.12491253829259
2021-05-06 18:00:23.940,0,-0.0008623804037524,0.3461254621156198,1.0,,322.177076854761
2021-05-06 18:00:23.950,0,3.855279228418508e-05,0.5372201897695006,1.0,,513.9999480388495
2021-05-06 18:00:23.960,0,-0.0032119979358416,0.7003401740425329,1.0,,682.6797708768993
2021-05-06 18:00:23.970,0,0.0009989389729865,0.830393334156739,1.0,,824.6327814286714
2021-05-06 18:00:23.980,0,0.0002437502422522,0.946459438010686,1.0,,950.4632858251028
2021-05-06 18:00:23.990,0,0.0067031874541815,1.0225238154715943,1.0,,1033.7016835348265
2021-05-06 18:00:24.000,1,-0.0029191347703705,1.1018764912660337,1.0,,1122.3187174731133
2021-05-06 18:00:24.010,1,0.0028562985159047,1.1374920500262231,1.0,,1161.7194865537576
2021-05-06 18:00:24.020,1,0.0010385259094486,1.1690326286142152,1.0,,1199.5602503100483
2021-05-06 18:00:24.030,1,0.0007649291175931,1.1860283297959218,1.0,,1216.6474867495926
2021-05-06 18:00:24.040,1,-0.0026742623437997,1.1840672036591169,1.0,,1214.5009073343838
2021-05-06 18:00:24.050,0,1.731282480045939e-05,1.174597538490021,1.0,,1204.4518786609458
2021-05-06 18:00:24.060,0,-0.0029585827651082,1.153974649318287,1.0,,1182.3295889834092
2021-05-06 18:00:24.070,0,-0.0015049427116392,1.1157751722828433,1.0,,1138.6986929014845
2021-05-06 18:00:24.080,0,0.0037773556679576,1.0817359781731186,1.0,,1098.4672922895882
2021-05-06 18:00:24.090,0,-0.0002036747289352,1.045077709520111,1.0,,1058.1970257880391
2021-05-06 18:00:24.100,0,0.0006223272402896,1.0013895513912572,1.0,,1015.6948275060818
2021-05-06 18:00:24.110,0,-0.0031659069640733,6.347828415947572,1.0,,7644.375907811439
2021-05-06 18:00:24.120,0,0.019925232296682,21.413791199643725,1.0,,29099.612366046254
2021-05-06 18:00:24.130,0,0.0224999085976997,45.11225121995942,1.0,,66039.31431557212
2021-05-06 18:00:24.140,0,0.0530963987862616,76.07503520979992,1.0,,117330.80984152436
2021-05-06 18:00:24.150,0,0.067472412546107,110.8358541253664,1.0,,177491.47777700349
2021-05-06 18:00:24.160,0,0.0996651624906371,148.7543094515488,0.0,,245327.31118765566
2021-05-06 18:00:24.170,0,0.0975705938051521,178.28911079195822,0.0,,299406.3884184051
2021-05-06 18:00:24.180,0,0.1000459417121187,203.90461305233936,0.0,,347048.39787447266
2021-05-06 18:00:24.190,0,0.1345710747906054,223.74016309358345,0.0,,384358.7471755635
2021-05-06 18:00:24.200,0,0.1362251430589762,237.1344513984273,0.0,,409744.22728291823
2021-05-06 18:00:24.210,0,0.1692438602939151,249.59024002364967,0.0,,433477.0157296142
2021-05-06 18:00:24.220,0,0.1279381927673965,253.7326827599672,0.0,,441395.71076311776
2021-05-06 18:00:24.230,0,0.1829518770408519,258.4238262152667,0.0,,450380.8417396932
2021-05-06 18:00:24.240,0,0.1649437721371826,260.19943206039886,0.0,,453787.8501033856
2021-05-06 18:00:24.250,0,0.1632219539088604,257.5369726650632,0.0,,448680.1823207085
2021-05-06 18:00:24.260,0,0.1582088680262232,253.0255596581788,0.0,,440048.2115704787
2021-05-06 18:00:24.270,0,0.1776128803615698,246.2542426962513,0.0,,427109.902300077
2021-05-06 18:00:24.280,0,0.1042055269090521,239.64028499676013,0.0,,414507.3159357618
2021-05-06 18:00:24.290,0,0.1243595124857158,227.5302810046433,0.0,,391526.39968630025
2021-05-06 18:00:24.300,0,0.1136721093078419,219.053806883769,0.0,,375510.60175649234
2021-05-06 18:00:24.310,0,0.1238460089719792,206.59752900212413,0.0,,352090.86417165684
2021-05-06 18:00:24.320,0,0.0881435089379679,195.6202524528377,0.0,,331568.71819152427
2021-05-06 18:00:24.330,0,0.0900329796626981,181.189870003648,0.0,,304769.910468662
2021-05-06 18:00:24.340,0,0.1033948993004714,169.99762277366645,0.0,,284123.94583828835
2021-05-06 18:00:24.350,0,0.100435616079305,156.22450736868294,0.0,,258909.57537696196
2021-05-06 18:00:24.360,0,0.093182530209244,143.9749734453368,0.0,,236669.4885121606
2021-05-06 18:00:24.370,0,0.0560675546199936,130.07905606902725,0.0,,211669.308844677
2021-05-06 18:00:24.380,0,0.0622610716983241,119.07168903738604,1.0,,192053.02798631744
2021-05-06 18:00:24.390,0,0.0634584109205636,107.70445501371468,1.0,,171988.52599189628
2021-05-06 18:00:24.400,0,0.0509623443199444,95.16991614732,1.0,,150097.524478558
2021-05-06 18:00:24.410,0,0.0551603996736837,84.02951832915842,1.0,,130891.14279244182
2021-05-06 18:00:24.420,0,0.0373671002722465,73.71841716763397,1.0,,113340.47338563224
2021-05-06 18:00:24.430,0,0.0312670698898389,63.71996984164182,1.0,,96551.16848158695
2021-05-06 18:00:24.440,0,0.0365312765806062,53.8787960146835,1.0,,80284.44764331076
2021-05-06 18:00:24.450,0,0.0271022458743995,45.60628556145362,1.0,,66836.74998236824
2021-05-06 18:00:24.460,0,0.0204049193038245,37.823297179193865,1.0,,54402.6778878508
2021-05-06 18:00:24.470,0,0.019822995564114,30.44053227973309,1.0,,42846.02375854112
2021-05-06 18:00:24.480,0,0.0118634884375482,23.39943212687104,1.0,,32081.102886411936
2021-05-06 18:00:24.490,0,0.0096321736809449,17.17268422658439,1.0,,22831.57572847344
2021-05-06 18:00:24.500,0,0.0007596036125565,11.76872904201458,1.0,,15070.593366722205
2021-05-06 18:00:24.510,0,0.0040289389711659,6.676331823382152,1.0,,8083.179799564291
2021-05-06 18:00:24.520,0,0.0010354483440721,2.2458512164976416,1.0,,2444.683482052842
2021-05-06 18:00:24.530,0,0.0056855904849318,0.0,1.0,,10.413191657980178
2021-05-06 18:00:24.540,0,-0.0083256873652968,0.0,1.0,,11.518604235604851
2021-05-06 18:00:24.550,0,0.001562208273242,0.0,1.0,,9.445633176549284
2021-05-06 18:00:24.560,0,-0.0086262441690046,0.0,1.0,,8.101936844600955
2021-05-06 18:00:24.570,0,-0.0011008732469638,0.0,1.0,,8.307391447279677
2021-05-06 18:00:24.580,0,-0.0035283449921966,0.0,1.0,,8.341308717454993
2021-05-06 18:00:24.590,0,-0.0065443936736278,0.0,1.0,,9.833296813462939
2021-05-06 18:00:24.600,0,-0.0026699133931306,0.0,1.0,,6.639913481311385
2021-05-06 18:00:24.610,0,-0.0029096530281041,0.0,1.0,,11.526587691377266
2021-05-06 18:00:24.620,0,-0.0047374353007484,0.0,1.0,,6.4632533667030225
2021-05-06 18:00:24.630,0,-0.0136309954926577,0.0,1.0,,11.68777674158384
2021-05-06 18:00:24.640,0,-0.0061983467488242,0.0,1.0,,10.90940735283103
2021-05-06 18:00:24.650,0,-0.0093365656042815,0.0,1.0,,10.867916156968116
2021-05-06 18:00:24.660,0,-0.0089520239566131,0.0,1.0,,5.167737783648086
2021-05-06 18:00:24.670,0,-0.0093210722523085,0.0,1.0,,6.88594622017008
2021-05-06 18:00:24.680,0,-0.0052919220110398,0.0,1.0,,9.531177668429498
2021-05-06 18:00:24.690,0,-0.0056090362849225,0.0,1.0,,7.795893708006956
2021-05-06 18:00:24.700,0,-0.0072207186857543,0.0,1.0,,9.61143693346303
2021-05-06 18:00:24.710,0,-0.0035262184601562,0.0,1.0,,11.747127473473979
2021-05-06 18:00:24.720,0,-0.0052307775161919,0.0,1.0,,7.778055977476047
2021-05-06 18:00:24.730,0,-0.0064598287018129,0.0,1.0,,9.97494575065575
2021-05-06 18:00:24.740,0,-0.0062885748924859,0.0,1.0,,14.964565640682292
2021-05-06 18:00:24.750,0,-0.0071966298037589,0.0,1.0,,10.047156382565333
2021-05-06 18:00:24.760,0,-0.0036837301630566,0.0,1.0,,7.759275633418189
2021-05-06 18:00:24.770,0,-0.0061845804440883,0.0,1.0,,8.341793599298974
2021-05-06 18:00:24.780,0,-0.0067869796677227,0.0,1.0,,9.030444567439343
2021-05-06 18:00:24.790,0,-0.0065278060456199,0.0,1.0,,8.13310238418859
2021-05-06 18:00:24.800,0,0.0017697504417654,0.0,1.0,,10.089975918693
2021-05-06 18:00:24.810,0,-0.0042979272473547,0.0,1.0,,7.084821253203099
2021-05-06 18:00:24.820,0,-0.0014636616321396,0.0,1.0,,8.058860585881
2021-05-06 18:00:24.830,0,-0.007535649488759,0.0,1.0,,9.484803917310192
2021-05-06 18:00:24.840,0,-0.0042403663405216,0.0,1.0,,12.771419083308366
2021-05-06 18:00:24.850,0,0.000193607729326,0.0,1.0,,13.378828665530591
2021-05-06 18:00:24.860,0,-0.0012724192666989,0.0,1.0,,11.026653624882577
2021-05-06 18:00:24.870,0,0.0032507201568459,0.0,1.0,,7.60197184010882
2021-05-06 18:00:24.880,0,0.0024164528170512,0.0,1.0,,12.13104980885679
2021-05-06 18:00:24.890,0,0.0046384257414578,0.0,1.0,,12.034429028038064
2021-05-06 18:00:24.900,0,-0.0029198589107513,0.0,1.0,,8.934636469605362
2021-05-06 18:00:24.910,0,-0.0018046841239841,0.0,1.0,,8.373501604459031
2021-05-06 18:00:24.920,0,-0.0031207644224514,0.0,1.0,,12.698297128841178
2021-05-06 18:00:24.930,0,0.0037012619762607,0.1255475821244938,1.0,,110.93009049188251
2021-05-06 18:00:24.940,0,-0.0042815570881521,0.3472828486897527,1.0,,323.4145822229484
2021-05-06 18:00:24.950,0,0.0039711530325382,0.5424330516737124,1.0,,516.5179880913602
2021-05-06 18:00:24.960,0,0.0031659049882285,0.7029185605185785,1.0,,690.5197308047415
2021-05-06 18:00:24.970,0,-0.0018482778322338,0.8365466666709732,1.0,,835.5618023852561
2021-05-06 18:00:24.980,0,-0.0008690127823953,0.9571244958453348,1.0,,964.1953216851434
2021-05-06 18:00:24.990,0,0.0003782920713142,1.035446193463932,1.0,,1047.8087379058272
2021-05-06 18:00:25.000,1,0.0021760624946447,1.0989773969729364,1.0,,1117.234180866414
2021-05-06 18:00:25.010,1,-0.0046373613201286,1.1356608908517791,1.0,,1158.9282634395033
2021-05-06 18:00:25.020,1,0.0002042023349055,1.1721387567582044,1.0,,1199.893147633611
2021-05-06 18:00:25.030,1,0.0033761555620847,1.1891033573740248,1.0,,1220.5602527569358
2021-05-06 18:00:25.040,1,0.0007511115047253,1.1742412757239238,1.0,,1202.9147783273452
2021-05-06 18:00:25.050,0,-0.0026931395411011,1.1710845135378083,1.0,,1200.2691586137296
2021-05-06 18:00:25.060,0,0.0082114714595155,1.1437501312940976,1.0,,1167.4661029481692
2021-05-06 18:00:25.070,0,0.0016244765496487,1.1194773550664068,1.0,,1143.3191366803119
2021-05-06 18:00:25.080,0,0.0055765952338887,1.0725316982053743,1.0,,1091.252541117309
2021-05-06 18:00:25.090,0,-0.0074994274794243,1.0438631299747534,1.0,,1059.9638604719976
2021-05-06 18:00:25.100,0,-0.0029581122248811,0.9869780592166562,1.0,,995.5490804452309
2021-05-06 18:00:25.110,0,0.0032330477432251,6.210282677248157,1.0,,7463.964934556637
2021-05-06 18:00:25.120,0,0.0084061907432558,21.209378388207792,1.0,,28799.406452371924
2021-05-06 18:00:25.130,0,0.0224870868845396,44.86857957848501,1.0,,65647.17687641148
2021-05-06 18:00:25.140,0,0.0454668560148373,75.00290626660893,1.0,,115509.86588384962
2021-05-06 18:00:25.150,0,0.0547753966700656,111.51760806958816,1.0,,178693.9470372869
2021-05-06 18:00:25.160,0,0.0708385047820882,147.54594242901368,0.0,,243131.6788510063
2021-05-06 18:00:25.170,0,0.0813493996907414,177.51433399956989,0.0,,297972.1576734053
2021-05-06 18:00:25.180,0,0.1369700221068691,200.81682131140423,0.0,,341272.4246325405
2021-05-06 18:00:25.190,0,0.1325021418361129,220.6958991367466,0.0,,378611.18913896556
2021-05-06 18:00:25.200,0,0.1165031083070675,235.9748607221661,0.0,,407536.4003000238
2021-05-06 18:00:25.210,0,0.1653158870917709,245.96080535624347,0.0,,426547.9017273098
2021-05-06 18:00:25.220,0,0.114239307272868,250.48908790853,0.0,,435197.3725864736
2021-05-06 18:00:25.230,0,0.1683464025332994,255.1916564113648,0.0,,444192.2624686537
2021-05-06 18:00:25.240,0,0.1454745789915725,256.3077316312299,0.0,,446328.3777974907
2021-05-06 18:00:25.250,0,0.1280005604516914,254.51461378592228,0.0,,442895.6763709404
2021-05-06 18:00:25.260,0,0.1259065606868889,250.4466178253256,0.0,,435113.82358418027
2021-05-06 18:00:25.270,0,0.1301439860415938,243.3170386517725,0.0,,421509.1224880844
2021-05-06 18:00:25.280,0,0.1345938422601083,235.3914086601256,0.0,,406431.22624640015
2021-05-06 18:00:25.290,0,0.1265619957373218,225.12515298178783,0.0,,386976.4733327767
2021-05-06 18:00:25.300,0,0.1113944409606049,215.46534833585133,0.0,,368753.85203535575
2021-05-06 18:00:25.310,0,0.1303681050732452,202.8793997455104,0.0,,345131.3994026931
2021-05-06 18:00:25.320,0,0.112612364440188,191.1002382815197,0.0,,323154.4368084572
2021-05-06 18:00:25.330,0,0.116825076826276,180.31455644722703,0.0,,303149.79290628363
2021-05-06 18:00:25.340,0,0.093314996551779,167.53189210884423,0.0,,279599.0927797424
2021-05-06 18:00:25.350,0,0.0752853999558872,153.87828259375314,0.0,,254636.82617880966
2021-05-06 18:00:25.360,0,0.0783237010797686,140.76451687407476,0.0,,230869.8642924217
2021-05-06 18:00:25.370,0,0.073603923510836,129.73160180367728,0.0,,211046.99431894868
2021-05-06 18:00:25.380,0,0.0698581657673376,117.40416465147948,1.0,,189096.7489907923
2021-05-06 18:00:25.390,0,0.0651736260393952,104.9770069038947,1.0,,167199.17428174187
2021-05-06 18:00:25.400,0,0.0596802079242252,93.97805840891434,1.0,,148034.73423129736
2021-05-06 18:00:25.410,0,0.0401820983691205,82.00146985355181,1.0,,127421.50984414585
2021-05-06 18:00:25.420,0,0.033796791090119,72.4721042485033,1.0,,111231.00501268113
2021-05-06 18:00:25.430,0,0.0391447092838019,62.46266445544276,1.0,,94459.02759994114
2021-05-06 18:00:25.440,0,0.034835158950481,53.50770507502225,1.0,,79678.59354277812
2021-05-06 18:00:25.450,0,0.0352474542996243,44.16959590994827,1.0,,64526.080412282405
2021-05-06 18:00:25.460,0,0.0277713068203031,36.79173474449716,1.0,,52778.88218632419
2021-05-06 18:00:25.470,0,0.0154757106578257,29.34283023285993,1.0,,41149.40150453582
2021-05-06 18:00:25.480,0,0.0179079590219822,22.8176938928089,1.0,,31205.917094848315
2021-05-06 18:00:25.490,0,0.0143928562512875,16.867564671248065,1.0,,22384.68199995675
2021-05-06 18:00:25.500,0,0.011562400336148,11.410145328552431,1.0,,14568.919270511598
2021-05-06 18:00:25.510,0,0.0021617891775504,6.461195718650191,1.0,,7792.902769807957
2021-05-06 18:00:25.520,0,-0.0023934163645944,2.1925594404683126,1.0,,2382.0200013480917
2021-05-06 18:00:25.530,0,0.0044595042295726,0.0,1.0,,10.891497986210897
2021-05-06 18:00:25.540,0,-0.0044338015773671,0.0,1.0,,8.759066209263718
2021-05-06 18:00:25.550,0,-0.005461804364835,0.0,1.0,,11.311914866241787
2021-05-06 18:00:25.560,0,-0.0032701314718387,0.0,1.0,,3.894651490134451
2021-05-06 18:00:25.570,0,-0.0072398362034727,0.0,1.0,,7.003877406098502
2021-05-06 18:00:25.580,0,-0.0151519043278726,0.0,1.0,,8.712577161752407
2021-05-06 18:00:25.590,0,-0.0124446537143856,0.0,1.0,,11.73207841679897
2021-05-06 18:00:25.600,0,-0.0093836434754149,0.0,1.0,,9.894122440498371
2021-05-06 18:00:25.610,0,-0.0203721997985852,0.0,1.0,,9.609685635845144
2021-05-06 18:00:25.620,0,-0.0149729713470899,0.0,1.0,,8.493413719193535
2021-05-06 18:00:25.630,0,-0.0115826647221771,0.0,1.0,,8.464857412435727
2021-05-06 18:00:25.640,0,-0.016281455931802,0.0,1.0,,10.881881307746058
2021-05-06 18:00:25.650,0,-0.011697843793004,0.0,1.0,,12.176527328742079
2021-05-06 18:00:25.660,0,-0.0111071024698671,0.0,1.0,,8.404967048811566
2021-05-06 18:00:25.670,0,-0.0164234452014984,0.0,1.0,,9.400869957239037
2021-05-06 18:00:25.680,0,-0.0210291062316602,0.0,1.0,,11.925638205093193
2021-05-06 18:00:25.690,0,-0.0086527557939209,0.0,1.0,,9.460848139403632
2021-05-06 18:00:25.700,0,-0.0175088709723992,0.0,1.0,,10.454309877504366
2021-05-06 18:00:25.710,0,-0.010461212378706,0.0,1.0,,9.691437909377468
2021-05-06 18:00:25.720,0,-0.0141245364454868,0.0,1.0,,10.981570861363437
2021-05-06 18:00:25.730,0,-0.0058063811156444,0.0,1.0,,11.975991407726683
2021-05-06 18:00:25.740,0,-0.0040716107700472,0.0,1.0,,8.729884758594988
2021-05-06 18:00:25.750,0,-0.0087317604423964,0.0,1.0,,11.064689979622262
2021-05-06 18:00:25.760,0,-0.0114161659904983,0.0,1.0,,7.625373695877187
2021-05-06 18:00:25.770,0,-0.0035420531733229,0.0,1.0,,9.409902646879171
2021-05-06 18:00:25.780,0,-0.0040419967460803,0.0,1.0,,8.903868323082271
2021-05-06 18:00:25.790,0,-0.010919643688298,0.0,1.0,,7.231614344549774
2021-05-06 18:00:25.800,0,-0.0096645272466511,0.0,1.0,,10.954096853455425
2021-05-06 18:00:25.810,0,-0.0048231795469218,0.0,1.0,,8.681302011052242
2021-05-06 18:00:25.820,0,0.0019320691206363,0.0,1.0,,8.84230327407942
2021-05-06 18:00:25.830,0,0.0004860893326641,0.0,1.0,,7.125941418385342
2021-05-06 18:00:25.840,0,-0.0062891581499843,0.0,1.0,,9.703217901824594
2021-05-06 18:00:25.850,0,-0.0090216898937152,0.0,1.0,,4.9097691705689215
2021-05-06 18:00:25.860,0,0.0020033874030729,0.0,1.0,,11.237690904640447
2021-05-06 18:00:25.870,0,0.0045500686712147,0.0,1.0,,11.293938218633803
2021-05-06 18:00:25.880,0,0.0017738908059857,0.0,1.0,,9.231292035963751
2021-05-06 18:00:25.890,0,0.0018482475002735,0.0,1.0,,11.227366364622796
2021-05-06 18:00:25.900,0,0.0036796420032921,0.0,1.0,,10.254748235290828
2021-05-06 18:00:25.910,0,-0.0016065017638758,0.0,1.0,,13.802306155890834
2021-05-06 18:00:25.920,0,-0.0035246564432767,0.0,1.0,,7.855203419131433
2021-05-06 18:00:25.930,0,-0.0052782050226688,0.123492105147115,1.0,,108.85877352829293
2021-05-06 18:00:25.940,0,-0.0001050300807513,0.3401535374331445,1.0,,314.66476134701156
2021-05-06 18:00:25.950,0,0.0008000244173531,0.5318866967675776,1.0,,511.8426030331773
2021-05-06 18:00:25.960,0,-0.0031670323685895,0.6853820233088932,1.0,,672.3673996429775
2021-05-06 18:00:25.970,0,0.0020141315404167,0.8133056539931367,1.0,,804.9161388235651
2021-05-06 18:00:25.980,0,0.0005566193545416,0.924272045687826,1.0,,926.3516068334856
2021-05-06 18:00:25.990,0,0.002527482215497,1.0144720103921232,1.0,,1027.942720823213
2021-05-06 18:00:26.000,1,-0.001502341805521,1.0717906271782756,1.0,,1091.2190657532458
2021-05-06 18:00:26.010,1,-0.0058613551453181,1.1182369767210092,1.0,,1142.6453005972417
2021-05-06 18:00:26.020,1,0.0033439630270032,1.1482904496065012,1.0,,1175.0317470738544
2021-05-06 18:00:26.030,1,-0.0027482826058997,1.161969287298525,1.0,,1186.365421577707
2021-05-06 18:00:26.040,1,-0.0016067269634277,1.1589119910181245,1.0,,1187.3486061973008
2021-05-06 18:00:26.050,0,0.0004578831262167,1.161473905151184,1.0,,1190.0708057521008
2021-05-06 18:00:26.060,0,-0.0007795032676617,1.1211238372037169,1.0,,1144.100050213537
2021-05-06 18:00:26.070,0,3.547846332351554e-05,1.0919606995715048,1.0,,1111.3279014466082
2021-05-06 18:00:26.080,0,-0.002273460958544,1.0620853115154876,1.0,,1079.535603428109
2021-05-06 18:00:26.090,0,0.0018595481315481,1.0190958021496956,1.0,,1028.3819561122555
2021-05-06 18:00:26.100,0,0.0131540931811173,0.9702903396035192,1.0,,979.1773220825627
2021-05-06 18:00:26.110,0,0.0049690493723529,6.171517224821857,1.0,,7415.824855930025
2021-05-06 18:00:26.120,0,0.0134100359841876,20.97937119069816,1.0,,28452.59814202971
2021-05-06 18:00:26.130,0,0.0168113889547361,44.087902759566695,1.0,,64392.88705928812
2021-05-06 18:00:26.140,0,0.0575754598285894,74.6182186078337,1.0,,114861.01048541737
2021-05-06 18:00:26.150,0,0.0669173850274809,110.19557066757493,1.0,,176365.61835256577
2021-05-06 18:00:26.160,0,0.0927378071422713,145.18464280401008,0.0,,238856.6611569218
2021-05-06 18:00:26.170,0,0.1480292509444433,173.5586062215219,0.0,,290678.790681131
2021-05-06 18:00:26.180,0,0.1256997169178036,199.28454448423852,0.0,,338409.8527193941
2021-05-06 18:00:26.190,0,0.1786303915496543,219.547967779572,0.0,,376447.3639336919
2021-05-06 18:00:26.200,0,0.1926875665715084,234.2807112187504,0.0,,404327.331489734
2021-05-06 18:00:26.210,0,0.1568891885724276,245.59652399862887,0.0,,425858.1348838293
2021-05-06 18:00:26.220,0,0.1717331974287019,251.1715957632642,0.0,,436504.09738633555
2021-05-06 18:00:26.230,0,0.2010383482261212,254.58938716469467,0.0,,443039.54361662833
2021-05-06 18:00:26.240,0,0.2248823817853512,254.1782338686162,0.0,,442256.6619807152
2021-05-06 18:00:26.250,0,0.2389201170972986,252.8220580799708,0.0,,439663.60526152945
2021-05-06 18:00:26.260,0,0.1643306276656931,247.25456671246425,0.0,,429019.8494365261
2021-05-06 18:00:26.270,0,0.2256411871306202,243.76919142694905,0.0,,422371.6963202363
2021-05-06 18:00:26.280,0,0.1733698668028316,234.59435469847315,0.0,,404919.98966113746
2021-05-06 18:00:26.290,0,0.1837895236105272,224.8194044266208,0.0,,386400.43360294454
2021-05-06 18:00:26.300,0,0.1747198681078886,215.2595798837009,0.0,,368364.96144438034
2021-05-06 18:00:26.310,0,0.1933450237728758,203.50244420852223,0.0,,346297.8377627282
2021-05-06 18:00:26.320,0,0.1244479811740772,191.21893388272744,0.0,,323371.2121429612
2021-05-06 18:00:26.330,0,0.1326857560514774,179.57327408110424,0.0,,301778.15279137366
2021-05-06 18:00:26.340,0,0.1540985368911189,165.2832864355011,0.0,,275473.4864235992
2021-05-06 18:00:26.350,0,0.127890975692653,152.532938306078,0.0,,252192.39606446857
2021-05-06 18:00:26.360,0,0.1265241252444648,139.8006859085288,0.0,,229135.14314975144
2021-05-06 18:00:26.370,0,0.1274629641167374,128.2709177119117,0.0,,208436.72220362318
2021-05-06 18:00:26.380,0,0.0851119684999434,116.45558350925472,1.0,,187414.7180410734
2021-05-06 18:00:26.390,0,0.0826677208391814,105.01415921510532,1.0,,167266.2037396767
2021-05-06 18:00:26.400,0,0.0912519453232839,92.90218263392794,1.0,,146177.02961592958
2021-05-06 18:00:26.410,0,0.0787488509151425,82.65251760483257,1.0,,128536.90361752112
2021-05-06 18:00:26.420,0,0.0724437320776778,72.24963522600328,1.0,,110859.82147839136
2021-05-06 18:00:26.430,0,0.050329002207477,62.580288261048345,1.0,,94652.0810786978
2021-05-06 18:00:26.440,0,0.034819211926495,53.44581061137981,1.0,,79571.2286661957
2021-05-06 18:00:26.450,0,0.0359677666821834,44.82394228551099,1.0,,65573.55935675403
2021-05-06 18:00:26.460,0,0.0309022519385822,36.726991574426826,1.0,,52672.36477803254
2021-05-06 18:00:26.470,0,0.0217869662002486,29.545850845856947,1.0,,41466.224879544505
2021-05-06 18:00:26.480,0,0.0219423380954773,22.87257140310683,1.0,,31290.056552766328
2021-05-06 18:00:26.490,0,0.0145035574250922,16.865123162965222,1.0,,22379.965921144245
2021-05-06 18:00:26.500,0,0.0087848550836464,11.447371938499096,1.0,,14619.425796794405
2021-05-06 18:00:26.510,0,0.0060254763936139,6.5282645861677455,1.0,,7886.177141359843
2021-05-06 18:00:26.520,0,-0.0063328537331377,2.193605972266321,1.0,,2382.516637188572
2021-05-06 18:00:26.530,0,-0.0056465075858157,0.0,1.0,,11.008356765660865
2021-05-06 18:00:26.540,0,-0.0067959428443742,0.0,1.0,,7.548505905236014
2021-05-06 18:00:26.550,0,-0.0067318612760394,0.0,1.0,,11.457396084639292
2021-05-06 18:00:26.560,0,-0.0046768466447642,0.0,1.0,,10.86303438142631
2021-05-06 18:00:26.570,0,-0.0112660115292383,0.0,1.0,,12.946411280081604
2021-05-06 18:00:26.580,0,-0.0077181686614488,0.0,1.0,,13.237959649599514
2021-05-06 18:00:26.590,0,-0.0184906357689352,0.0,1.0,,6.954724413900381
2021-05-06 18:00:26.600,0,-0.0142621481872723,0.0,1.0,,10.25308327174917
2021-05-06 18:00:26.610,0,-0.0225197488855512,0.0,1.0,,12.234598524046637
2021-05-06 18:00:26.620,0,-0.005945705947519,0.0,1.0,,10.279685069348474
2021-05-06 18:00:26.630,0,-0.0113867354239406,0.0,1.0,,10.412616254975935
2021-05-06 18:00:26.640,0,-0.0135979126348256,0.0,1.0,,11.709607493824674
2021-05-06 18:00:26.650,0,-0.0105674904206958,0.0,1.0,,12.07663706414938
2021-05-06 18:00:26.660,0,-0.0151802177566311,0.0,1.0,,8.887867250733844
2021-05-06 18:00:26.670,0,-0.0132343762969473,0.0,1.0,,10.857946094264951
2021-05-06 18:00:26.680,0,-0.0124990872541751,0.0,1.0,,8.253130144538506
2021-05-06 18:00:26.690,0,-0.0047355272868804,0.0,1.0,,12.762727112228198
2021-05-06 18:00:26.700,0,-0.0072563532543863,0.0,1.0,,9.215232561333845
2021-05-06 18:00:26.710,0,-0.0102641575373683,0.0,1.0,,14.855965561087235
2021-05-06 18:00:26.720,0,-0.0110614507854816,0.0,1.0,,10.06915322880544
2021-05-06 18:00:26.730,0,-0.0099153155058136,0.0,1.0,,10.157051727686397
2021-05-06 18:00:26.740,0,-0.0042967541620242,0.0,1.0,,6.6160277841355875
2021-05-06 18:00:26.750,0,-0.0026952959457492,0.0,1.0,,8.593024083143677
2021-05-06 18:00:26.760,0,-0.0087853864222314,0.0,1.0,,9.345973460544622
2021-05-06 18:00:26.770,0,-0.0087386336432128,0.0,1.0,,9.033467311617908
2021-05-06 18:00:26.780,0,-0.0058012174428724,0.0,1.0,,11.483580611029582
2021-05-06 18:00:26.790,0,-0.0101473891494987,0.0,1.0,,11.145776283611294
2021-05-06 18:00:26.800,0,-0.0042150592960138,0.0,1.0,,11.882302185547994
2021-05-06 18:00:26.810,0,-0.0091476484322128,0.0,1.0,,11.755491548115195
2021-05-06 18:00:26.820,0,-0.0016937994681888,0.0,1.0,,7.915396234953191
2021-05-06 18:00:26.830,0,-0.0053803539357024,0.0,1.0,,10.880784021487337
2021-05-06 18:00:26.840,0,-0.0019934708228777,0.0,1.0,,6.338036064174087
2021-05-06 18:00:26.850,0,-0.0067911232142334,0.0,1.0,,10.68347597112635
2021-05-06 18:00:26.860,0,-0.0027067129420824,0.0,1.0,,14.176498530121467
2021-05-06 18:00:26.870,0,0.0012102391336185,0.0,1.0,,10.719743806612652
2021-05-06 18:00:26.880,0,-0.0026113454563001,0.0,1.0,,12.854258169780385
2021-05-06 18:00:26.890,0,0.0022569435461742,0.0,1.0,,10.178886163816824
2021-05-06 18:00:26.900,0,-0.0027757068719884,0.0,1.0,,10.160651418854023
2021-05-06 18:00:26.910,0,-0.0010290598819879,0.0,1.0,,10.569952413295827
2021-05-06 18:00:26.920,0,0.0019183944208826,0.0,1.0,,10.667301869698754
2021-05-06 18:00:26.930,0,0.0026558680879862,0.124665783047691,1.0,,115.33189781918989
2021-05-06 18:00:26.940,0,-0.0004512648553163,0.3434247036671458,1.0,,317.3007218886002
2021-05-06 18:00:26.950,0,-0.0010560705851042,0.5337787230923204,1.0,,513.168872171286
2021-05-06 18:00:26.960,0,0.0015705356870795,0.6988320891964545,1.0,,682.4306011094426
2021-05-06 18:00:26.970,0,0.0057746066468263,0.8296707236026513,1.0,,822.5604166296496
2021-05-06 18:00:26.980,0,-0.0002878826686857,0.937716856770208,1.0,,943.5916439865398
2021-05-06 18:00:26.990,0,0.0039500120708163,1.0226101910488992,1.0,,1036.7959831612545
2021-05-06 18:00:27.000,1,0.0041925848928334,1.0932186554344208,1.0,,1110.6465914336388
2021-05-06 18:00:27.010,1,0.0039022896657954,1.131022699355371,1.0,,1152.7741858800616
2021-05-06 18:00:27.020,1,0.0024022075741166,1.1696910295580794,1.0,,1201.8247105112448
2021-05-06 18:00:27.030,1,0.0011440903949964,1.1696183563222444,1.0,,1199.608179354768
2021-05-06 18:00:27.040,1,0.003101162479209,1.1676015053429931,1.0,,1196.658714930946
2021-05-06 18:00:27.050,0,-0.0019002518348033,1.1586224919187456,1.0,,1185.824517969687
2021-05-06 18:00:27.060,0,0.003766897114174,1.1389264320893702,1.0,,1165.2260824760824
2021-05-06 18:00:27.070,0,0.0034909731865308,1.1089683563569788,1.0,,1134.3549865938442
2021-05-06 18:00:27.080,0,0.0100817658956229,1.0691279056375174,1.0,,1086.242271541908
2021-05-06 18:00:27.090,0,0.0038991211111568,1.0368605634500705,1.0,,1047.662446602239
2021-05-06 18:00:27.100,0,-0.0013267530869573,0.9818721994907192,1.0,,995.0650491392166
2021-05-06 18:00:27.110,0,0.0122661183695031,6.1854333725992525,1.0,,7430.932579327197
2021-05-06 18:00:27.120,0,0.0223372929666464,21.197143428368907,1.0,,28775.144292303605
2021-05-06 18:00:27.130,0,0.0335603390145653,44.66116798265671,1.0,,65312.42242473163
2021-05-06 18:00:27.140,0,0.0602093505605246,75.3473652499746,1.0,,116098.60037432659
2021-05-06 18:00:27.150,0,0.0840596939832079,110.93109767333355,1.0,,177663.02414310558
2021-05-06 18:00:27.160,0,0.1207023145274494,147.8687550647573,0.0,,243719.69398728365
2021-05-06 18:00:27.170,0,0.1415138443513477,177.0502821527614,0.0,,297119.7294542343
2021-05-06 18:00:27.180,0,0.1778787516505852,202.4516083606993,0.0,,344330.88935468195
2021-05-06 18:00:27.190,0,0.1724157854733999,221.28039566809343,0.0,,379716.10666331387
2021-05-06 18:00:27.200,0,0.1817147199806234,233.50553959348187,0.0,,402854.28817957477
2021-05-06 18:00:27.210,0,0.1747703546679785,247.32968050500543,0.0,,429162.71360245935
2021-05-06 18:00:27.220,0,0.2088871860098214,250.9413946490684,0.0,,436066.5019587367
2021-05-06 18:00:27.230,0,0.2058657451748003,255.09363644977927,0.0,,444003.56618612946
2021-05-06 18:00:27.240,0,0.1719305859477343,255.7802022092505,0.0,,445320.6736101564
2021-05-06 18:00:27.250,0,0.1836183239662087,253.31827221987544,0.0,,440608.25991760247
2021-05-06 18:00:27.260,0,0.1545533089863729,247.6543197144046,0.0,,429782.06372756383
2021-05-06 18:00:27.270,0,0.1654521836802056,243.11507002346715,0.0,,421125.35729072196
2021-05-06 18:00:27.280,0,0.1647151232363901,234.8161126917437,0.0,,405336.8174048308
2021-05-06 18:00:27.290,0,0.2028219672692297,225.91925508482385,0.0,,388487.5368729656
2021-05-06 18:00:27.300,0,0.1900004294573394,215.5585024053101,0.0,,368929.79255241604
2021-05-06 18:00:27.310,0,0.1590996493951836,202.79430915069145,0.0,,344973.74062993564
2021-05-06 18:00:27.320,0,0.1538511625830085,190.3956682764497,0.0,,321845.3958082628
2021-05-06 18:00:27.330,0,0.1468276832324563,180.06105068033338,0.0,,302681.658279557
2021-05-06 18:00:27.340,0,0.1255188978522733,167.28443159002128,0.0,,279144.91949943
2021-05-06 18:00:27.350,0,0.118263067009355,153.4880098626866,0.0,,253925.8608014141
2021-05-06 18:00:27.360,0,0.0980822336776633,141.1218659614072,0.0,,231516.7540685221
2021-05-06 18:00:27.370,0,0.0675766482448941,128.1920495799221,0.0,,208292.78681439484
2021-05-06 18:00:27.380,0,0.0762470951826463,117.15191426090183,1.0,,188648.73212639673
2021-05-06 18:00:27.390,0,0.0860258258078952,104.64475869429312,1.0,,166616.38277804002
2021-05-06 18:00:27.400,0,0.0722790369489629,92.99224487790352,1.0,,146326.18136673016
2021-05-06 18:00:27.410,0,0.058195876687717,82.3451646226497,1.0,,128011.62282835282
2021-05-06 18:00:27.420,0,0.0431581930839201,71.32317924313449,1.0,,109298.03062583623
2021-05-06 18:00:27.430,0,0.0405080557761791,62.20687143411377,1.0,,94032.7580664897
2021-05-06 18:00:27.440,0,0.0362145752124833,53.123508786979656,1.0,,79041.97296184188
2021-05-06 18:00:27.450,0,0.0241175488291652,44.70203325961428,1.0,,65378.2999716345
2021-05-06 18:00:27.460,0,0.0290457978264072,36.281035241476566,1.0,,51969.294619062726
2021-05-06 18:00:27.470,0,0.0179995544391078,29.35251960719305,1.0,,41166.24864650812
2021-05-06 18:00:27.480,0,0.012397221901308,22.740419637673263,1.0,,31089.77501621799
2021-05-06 18:00:27.490,0,0.0089057520716343,16.63769894998812,1.0,,22051.954439969766
2021-05-06 18:00:27.500,0,0.009314615954787,11.330737960130836,1.0,,14456.474132009134
2021-05-06 18:00:27.510,0,0.0052065600149461,6.430264923412426,1.0,,7757.418252860805
2021-05-06 18:00:27.520,0,0.0018377400503642,2.16607454257185,1.0,,2351.4114542153366
2021-05-06 18:00:27.530,0,0.001141765478197,0.0,1.0,,6.613387503742878
2021-05-06 18:00:27.540,0,-0.0017919740802683,0.0,1.0,,11.358682761311503
2021-05-06 18:00:27.550,0,-0.0076964348146169,0.0,1.0,,10.061657713343145
2021-05-06 18:00:27.560,0,-0.0040416483003562,0.0,1.0,,9.773213011760902
2021-05-06 18:00:27.570,0,-0.0062644012382345,0.0,1.0,,7.461922374276746
2021-05-06 18:00:27.580,0,-0.0049151297835227,0.0,1.0,,9.642231506216627
2021-05-06 18:00:27.590,0,-0.0062310928074756,0.0,1.0,,9.227704023541689
2021-05-06 18:00:27.600,0,-0.0058748993102057,0.0,1.0,,8.941161731433866
2021-05-06 18:00:27.610,0,-0.0124814030548016,0.0,1.0,,9.308696129958395
2021-05-06 18:00:27.620,0,-0.0140419360992365,0.0,1.0,,8.751209642900731
2021-05-06 18:00:27.630,0,-0.0093992756670045,0.0,1.0,,8.548636405859567
2021-05-06 18:00:27.640,0,-0.0169116663057884,0.0,1.0,,9.636167422741906
2021-05-06 18:00:27.650,0,-0.0161208095991615,0.0,1.0,,9.855383017769453
2021-05-06 18:00:27.660,0,-0.0148852464867698,0.0,1.0,,10.716896913542094
2021-05-06 18:00:27.670,0,-0.0049328100180675,0.0,1.0,,13.148435686868686
2021-05-06 18:00:27.680,0,-0.0090931784480063,0.0,1.0,,10.600109452479673
2021-05-06 18:00:27.690,0,-0.0066903951436026,0.0,1.0,,9.842203101929792
2021-05-06 18:00:27.700,0,-0.0086425051543747,0.0,1.0,,11.762683471359829
2021-05-06 18:00:27.710,0,-0.0064528182879526,0.0,1.0,,9.106497909748903
2021-05-06 18:00:27.720,0,-0.012319754808196,0.0,1.0,,10.375623295787829
2021-05-06 18:00:27.730,0,-0.0094887967246835,0.0,1.0,,8.336990482412265
2021-05-06 18:00:27.740,0,-0.0025943324586902,0.0,1.0,,10.685376420946248
2021-05-06 18:00:27.750,0,-0.0177304518508393,0.0,1.0,,9.750170169999071
2021-05-06 18:00:27.760,0,-0.0112526283538937,0.0,1.0,,8.189244344348037
2021-05-06 18:00:27.770,0,-0.0017535427746785,0.0,1.0,,8.724866259419716
2021-05-06 18:00:27.780,0,-0.0031040297012581,0.0,1.0,,12.029671410583516
2021-05-06 18:00:27.790,0,-0.0037506881298073,0.0,1.0,,10.909543910910035
2021-05-06 18:00:27.800,0,-0.0077137100712834,0.0,1.0,,10.093985415606555
2021-05-06 18:00:27.810,0,0.0016717423506586,0.0,1.0,,9.143532507051992
2021-05-06 18:00:27.820,0,-0.0036172034270635,0.0,1.0,,10.339469474554924
2021-05-06 18:00:27.830,0,-0.0023266322938414,0.0,1.0,,8.10055579927517
2021-05-06 18:00:27.840,0,-0.0045860382319859,0.0,1.0,,10.516960978198686
2021-05-06 18:00:27.850,0,-0.0011884995768745,0.0,1.0,,6.970711356834206
2021-05-06 18:00:27.860,0,0.0023988484299812,0.0,1.0,,8.548932740669764
2021-05-06 18:00:27.870,0,-0.0054987402277013,0.0,1.0,,13.38452184108078
2021-05-06 18:00:27.880,0,0.0022150331460251,0.0,1.0,,7.032433389365494
2021-05-06 18:00:27.890,0,-0.0017839833687596,0.0,1.0,,8.468909677734802
2021-05-06 18:00:27.900,0,6.669505452725573e-05,0.0,1.0,,14.528414249825655
2021-05-06 18:00:27.910,0,-0.0024121833988628,0.0,1.0,,9.2632215956743
2021-05-06 18:00:27.920,0,-0.0041949965326283,0.0,1.0,,14.61325515298567
2021-05-06 18:00:27.930,0,0.0046058600255203,0.1209186115702345,1.0,,108.53328219574735
2021-05-06 18:00:27.940,0,-0.0079394902860196,0.3363724028040596,1.0,,309.8132053621843
2021-05-06 18:00:27.950,0,-0.0049242962988356,0.5234858459412299,1.0,,501.21848693780566
2021-05-06 18:00:27.960,0,-0.0042015849765343,0.6797293546796487,1.0,,662.0388329753746
2021-05-06 18:00:27.970,0,0.0037313266958828,0.8180947678240644,1.0,,807.2719556307354
2021-05-06 18:00:27.980,0,0.0012865062973627,0.9197731504196842,1.0,,922.8826165926832
2021-05-06 18:00:27.990,0,0.0019059524057043,1.0044318338351537,1.0,,1012.3637337547483
2021-05-06 18:00:28.000,1,-0.0049385490143834,1.0616478980770048,1.0,,1082.453726835667
2021-05-06 18:00:28.010,1,-0.0036331829936673,1.1128730755598737,1.0,,1135.9953789040298
2021-05-06 18:00:28.020,1,0.0020231481508127,1.1394482934376615,1.0,,1164.1132514220571
2021-05-06 18:00:28.030,1,0.0031943530126046,1.1550971413478972,1.0,,1183.4719492201098
2021-05-06 18:00:28.040,1,-0.0033640635496307,1.1513681518357284,1.0,,1174.759289254044
2021-05-06 18:00:28.050,0,-0.001330745421008,1.1404963729589874,1.0,,1167.0823031939965
2021-05-06 18:00:28.060,0,0.0037617830784764,1.1256417341181082,1.0,,1148.3593210132296
2021-05-06 18:00:28.070,0,0.0026177335045146,1.0990151313767522,1.0,,1121.6496459954358
2021-05-06 18:00:28.080,0,-0.000940136142026,1.0548429658957668,1.0,,1071.3089964959845
2021-05-06 18:00:28.090,0,0.0032225274501546,1.021802661302869,1.0,,1035.5051366580758
2021-05-06 18:00:28.100,0,-0.0001549691266519,0.9673431747538934,1.0,,974.6998019883357
2021-05-06 18:00:28.110,0,0.0062166045848727,6.119469741579992,1.0,,7344.161498320423
2021-05-06 18:00:28.120,0,0.0228727403493486,20.958492651459142,1.0,,28422.43122766174
2021-05-06 18:00:28.130,0,0.0293247237633114,43.98084840355675,1.0,,64221.53972846573
2021-05-06 18:00:28.140,0,0.049469954614502,73.59904107671109,1.0,,113142.10717534098
2021-05-06 18:00:28.150,0,0.0715975155257699,110.28302234619144,1.0,,176519.29201551972
2021-05-06 18:00:28.160,0,0.0739570758761866,144.23932955611332,0.0,,237145.6524878854
2021-05-06 18:00:28.170,0,0.0997503974544289,174.46889487683455,0.0,,292355.269994323
2021-05-06 18:00:28.180,0,0.1122581841386832,196.1550831686024,0.0,,332565.89908300905
2021-05-06 18:00:28.190,0,0.1195409647411102,216.1729786289788,0.0,,370082.77007819235
2021-05-06 18:00:28.200,0,0.1414788550181032,231.96904274662003,0.0,,399938.17641045357
2021-05-06 18:00:28.210,0,0.1602586586048432,242.14408484182465,0.0,,419274.51900438627
2021-05-06 18:00:28.220,0,0.1194719700816747,246.91180289840585,0.0,,428367.85125519003
2021-05-06 18:00:28.230,0,0.1662384948935459,251.86770116235425,0.0,,437836.4023982037
2021-05-06 18:00:28.240,0,0.1485984704160684,251.1788200231604,0.0,,436514.09835061646
2021-05-06 18:00:28.250,0,0.1542464444387575,248.0113186111025,0.0,,430463.3712023089
2021-05-06 18:00:28.260,0,0.1130243677522317,246.99606567220616,0.0,,428526.1623059575
2021-05-06 18:00:28.270,0,0.1666728555829553,239.8244303420808,0.0,,414857.86469325435
2021-05-06 18:00:28.280,0,0.1534442225670533,231.2107674639006,0.0,,398500.63965393836
2021-05-06 18:00:28.290,0,0.1244289426938612,223.11181481964283,0.0,,383171.48020169383
2021-05-06 18:00:28.300,0,0.1228169237175425,210.7796940918992,0.0,,359939.3170412515
2021-05-06 18:00:28.310,0,0.1212184422677156,199.63105689603643,0.0,,339057.48363973165
2021-05-06 18:00:28.320,0,0.1056411809766237,190.6320026274276,0.0,,322280.7104049421
2021-05-06 18:00:28.330,0,0.1207334197203818,175.8819801332906,0.0,,294962.31750403024
2021-05-06 18:00:28.340,0,0.0981500747890569,164.02282792717858,0.0,,273160.93937152525
2021-05-06 18:00:28.350,0,0.0932579945654979,151.77226267008498,0.0,,250804.86496480924
2021-05-06 18:00:28.360,0,0.0765258125366785,139.33332381133363,0.0,,228289.87220045374
2021-05-06 18:00:28.370,0,0.068170644231626,125.74907357236845,0.0,,203930.77096358518
2021-05-06 18:00:28.380,0,0.0777844103861753,114.80144244095229,1.0,,184490.30192710916
2021-05-06 18:00:28.390,0,0.0551363999519346,103.71146379154808,1.0,,164985.5717981215
2021-05-06 18:00:28.400,0,0.0543195026559878,91.74737743650776,1.0,,144171.60155672484
2021-05-06 18:00:28.410,0,0.0446808783246594,81.86791343963972,1.0,,127195.08386940297
2021-05-06 18:00:28.420,0,0.0512062075837823,70.73416823832524,1.0,,108302.49790528762
2021-05-06 18:00:28.430,0,0.0456263364182585,61.9792773693625,1.0,,93656.7565367921
2021-05-06 18:00:28.440,0,0.0377741529405574,52.30680142644057,1.0,,77712.0912135048
2021-05-06 18:00:28.450,0,0.028254445432803,44.00611805033966,1.0,,64259.3823179598
2021-05-06 18:00:28.460,0,0.0307242375468464,36.07085387552896,1.0,,51637.64876356124
2021-05-06 18:00:28.470,0,0.0151020697202517,29.061904066882853,1.0,,40710.520431468016
2021-05-06 18:00:28.480,0,0.0138463887138941,22.657233340372528,1.0,,30966.58092660543
2021-05-06 18:00:28.490,0,0.011332362473729,16.586585757751838,1.0,,21977.951843019142
2021-05-06 18:00:28.500,0,0.0012441892760352,11.241211807850588,1.0,,14328.758490543574
2021-05-06 18:00:28.510,0,0.0053160257849717,6.417021487182202,1.0,,7737.387900243081
2021-05-06 18:00:28.520,0,0.0052116136339637,2.1426331573159567,1.0,,2323.688037605603
2021-05-06 18:00:28.530,0,0.0061964282923109,0.0,1.0,,12.053520614751545
2021-05-06 18:00:28.540,0,-0.0058700167735816,0.0,1.0,,9.105168696091624
2021-05-06 18:00:28.550,0,0.0044615733306156,0.0,1.0,,11.963271366011401
2021-05-06 18:00:28.560,0,-0.0101516970540732,0.0,1.0,,7.013564649832331
2021-05-06 18:00:28.570,0,-0.0067112033145622,0.0,1.0,,6.4489312672313215
2021-05-06 18:00:28.580,0,-0.0171924733165817,0.0,1.0,,10.559075439105579
2021-05-06 18:00:28.590,0,-0.0110034607033948,0.0,1.0,,9.908796989869913
2021-05-06 18:00:28.600,0,-0.0081322079836501,0.0,1.0,,9.969805583174278
2021-05-06 18:00:28.610,0,-0.0109066460752698,0.0,1.0,,8.862927505225729
2021-05-06 18:00:28.620,0,-0.0124849393520418,0.0,1.0,,12.429500715019106
2021-05-06 18:00:28.630,0,-0.0057397441384941,0.0,1.0,,6.745123336607628
2021-05-06 18:00:28.640,0,-0.0111300561141805,0.0,1.0,,12.443540110783049
2021-05-06 18:00:28.650,0,-0.007905629232403,0.0,1.0,,11.251916680250226
2021-05-06 18:00:28.660,0,-0.0050627702370609,0.0,1.0,,8.905044982370125
2021-05-06 18:00:28.670,0,-0.0126387330104799,0.0,1.0,,10.722327018805537
2021-05-06 18:00:28.680,0,-0.0099254347203791,0.0,1.0,,8.704033390915908
2021-05-06 18:00:28.690,0,-0.0090507077568426,0.0,1.0,,9.963991683972585
2021-05-06 18:00:28.700,0,-0.0155624804711601,0.0,1.0,,9.961010384238552
2021-05-06 18:00:28.710,0,-0.0087883225060633,0.0,1.0,,11.152690198939217
2021-05-06 18:00:28.720,0,-0.0068115325608577,0.0,1.0,,11.60335286372797
2021-05-06 18:00:28.730,0,-0.0101261197636981,0.0,1.0,,12.823819129460283
2021-05-06 18:00:28.740,0,-0.0087408423845634,0.0,1.0,,11.925478238800883
2021-05-06 18:00:28.750,0,-0.0060863036766886,0.0,1.0,,10.136702864429454
2021-05-06 18:00:28.760,0,-0.0077654602412896,0.0,1.0,,8.84100559290901
2021-05-06 18:00:28.770,0,-0.00876191376985,0.0,1.0,,8.817026291674964
2021-05-06 18:00:28.780,0,-0.0043007919796541,0.0,1.0,,11.800059404740951
2021-05-06 18:00:28.790,0,-0.0004862731951609,0.0,1.0,,5.879555825595312
2021-05-06 18:00:28.800,0,-0.0054220173089699,0.0,1.0,,12.434740219177618
2021-05-06 18:00:28.810,0,-0.0049134954479344,0.0,1.0,,7.08071154345741
2021-05-06 18:00:28.820,0,-0.0082428878990998,0.0,1.0,,9.963929230120561
2021-05-06 18:00:28.830,0,0.0019633097807681,0.0,1.0,,11.403501382804546
2021-05-06 18:00:28.840,0,-0.0072663015705213,0.0,1.0,,9.404194365412891
2021-05-06 18:00:28.850,0,-1.1918610425366372e-05,0.0,1.0,,10.360321718539048
2021-05-06 18:00:28.860,0,0.0015372830427658,0.0,1.0,,14.637554938277876
2021-05-06 18:00:28.870,0,0.0034686073315216,0.0,1.0,,12.770013491745939
2021-05-06 18:00:28.880,0,-0.0066761833486101,0.0,1.0,,7.29349428902436
2021-05-06 18:00:28.890,0,0.0047402881858582,0.0,1.0,,10.755196752660957
2021-05-06 18:00:28.900,0,-0.0006675669946186,0.0,1.0,,11.637590999518983
2021-05-06 18:00:28.910,0,-0.000338738019126,0.0,1.0,,10.754050826505331
2021-05-06 18:00:28.920,0,-0.0009830118402894,0.0,1.0,,13.01412058851151
2021-05-06 18:00:28.930,0,-0.0027164911700815,0.1241274155926765,1.0,,109.59519534866675
2021-05-06 18:00:28.940,0,0.0024768030988544,0.3421651996319412,1.0,,316.0566668631741
2021-05-06 18:00:28.950,0,0.0006195287066163,0.5319969751753899,1.0,,509.1795503895528
2021-05-06 18:00:28.960,0,-0.0028031456936441,0.6953385174848863,1.0,,681.1949754476208
2021-05-06 18:00:28.970,0,-0.0062513464843101,0.8292940333559845,1.0,,823.5979164432187
2021-05-06 18:00:28.980,0,0.0057657459770969,0.9422835187758224,1.0,,947.0634460984389
2021-05-06 18:00:28.990,0,-0.0005900466727697,1.0224916354511842,1.0,,1033.9783665305868
2021-05-06 18:00:29.000,1,0.0067464789256044,1.0949246858263022,1.0,,1115.3275109165427
2021-05-06 18:00:29.010,1,0.0039281584631505,1.1343900670675806,1.0,,1158.5394022662988
2021-05-06 18:00:29.020,1,-0.0015996936816134,1.1651040813740232,1.0,,1197.1590850967202
2021-05-06 18:00:29.030,1,-2.467232468678592e-05,1.181639820757968,1.0,,1211.4291652607483
2021-05-06 18:00:29.040,1,-0.0031153507131777,1.1807946559807818,1.0,,1209.0886694426547
2021-05-06 18:00:29.050,0,0.0021389153858192,1.178383833150616,1.0,,1211.025202784556
2021-05-06 18:00:29.060,0,0.0035091028836117,1.1478674634895372,1.0,,1176.5133589960888
2021-05-06 18:00:29.070,0,-0.0028035232681009,1.1143914934269985,1.0,,1136.5420686260577
2021-05-06 18:00:29.080,0,-0.0027903173801657,1.0800510340437397,1.0,,1099.41299833202
2021-05-06 18:00:29.090,0,-0.0010359345764279,1.040954418975717,1.0,,1055.8397814297814
2021-05-06 18:00:29.100,0,-0.003086317902986,0.9927881676656304,1.0,,1000.3178885062458
2021-05-06 18:00:29.110,0,0.0062254800827492,6.2846795104540645,1.0,,7565.9925817097355
2021-05-06 18:00:29.120,0,0.0153887388752755,21.37405328398411,1.0,,29044.52094059925
2021-05-06 18:00:29.130,0,0.0277650499737184,44.630954257947714,1.0,,65264.15249216925
2021-05-06 18:00:29.140,0,0.0551037366522712,75.95404938803907,1.0,,117126.25755163823
2021-05-06 18:00:29.150,0,0.0561451066869155,112.78206057140947,1.0,,180921.64959790482
2021-05-06 18:00:29.160,0,0.1047261081329931,148.7869411259587,0.0,,245385.77965998548
2021-05-06 18:00:29.170,0,0.1360480308397453,177.49026624257027,0.0,,297930.1120142276
2021-05-06 18:00:29.180,0,0.165424789803484,204.0540982150435,0.0,,347333.74997998925
2021-05-06 18:00:29.190,0,0.1390653808304066,223.0859895160256,0.0,,383119.5766195653
2021-05-06 18:00:29.200,0,0.1476991092433395,236.4781172558368,0.0,,408497.68301463086
2021-05-06 18:00:29.210,0,0.176050116307342,247.27107165923096,0.0,,429048.6544180428
2021-05-06 18:00:29.220,0,0.1900200497803008,254.4617432732961,0.0,,442796.93422755133
2021-05-06 18:00:29.230,0,0.1642956174470543,258.0142502920166,0.0,,449599.9340092263
2021-05-06 18:00:29.240,0,0.1975303940846548,256.1393359470844,0.0,,446003.1457862359
2021-05-06 18:00:29.250,0,0.1626291715558321,256.80180355811825,0.0,,447275.12650170206
2021-05-06 18:00:29.260,0,0.1699097425558219,251.3681495581037,0.0,,436878.5391258832
2021-05-06 18:00:29.270,0,0.1932608117400488,244.6583674486908,0.0,,424068.054349729
2021-05-06 18:00:29.280,0,0.2051759486216252,238.0520006245093,0.0,,411494.1436190706
2021-05-06 18:00:29.290,0,0.2054786910947559,227.1514124896907,0.0,,390816.5663673285
2021-05-06 18:00:29.300,0,0.1928466043996306,216.8008461058503,0.0,,371268.8900753984
2021-05-06 18:00:29.310,0,0.1777667062940961,206.1813637185621,0.0,,351319.4186271838
2021-05-06 18:00:29.320,0,0.1302186149705661,194.14894679890944,0.0,,328826.1349742555
2021-05-06 18:00:29.330,0,0.124018214292404,180.3619131913993,0.0,,303235.20156866714
2021-05-06 18:00:29.340,0,0.1213997049762665,166.022357758388,0.0,,276824.3441800644
2021-05-06 18:00:29.350,0,0.0972290042622502,156.45778719687294,0.0,,259336.24274037688
2021-05-06 18:00:29.360,0,0.1255233950128285,141.98932125935653,0.0,,233084.14601251713
2021-05-06 18:00:29.370,0,0.0858270640633729,130.57733290406304,0.0,,212558.68494120918
2021-05-06 18:00:29.380,0,0.0744462590913644,117.58030906466686,1.0,,189410.35276929726
2021-05-06 18:00:29.390,0,0.085249462238134,105.64240496806696,1.0,,168366.67112464778
2021-05-06 18:00:29.400,0,0.0867882946436309,94.50833578482111,1.0,,148955.56784994583
2021-05-06 18:00:29.410,0,0.0749905855627503,83.10716621960762,1.0,,129315.4785521565
2021-05-06 18:00:29.420,0,0.0665425079240549,72.80499796438572,1.0,,111797.08556686006
2021-05-06 18:00:29.430,0,0.0542183248907001,62.80946123578576,1.0,,95034.97821405229
2021-05-06 18:00:29.440,0,0.0386276434717451,53.67885535994922,1.0,,79955.59239319732
2021-05-06 18:00:29.450,0,0.0337551693585686,45.11723358758229,1.0,,66048.79590797781
2021-05-06 18:00:29.460,0,0.0216146689766102,36.92553340980609,1.0,,52983.78243244985
2021-05-06 18:00:29.470,0,0.0216681785520236,29.61294017793721,1.0,,41565.33311292007
2021-05-06 18:00:29.480,0,0.0107285947574118,23.02244239256804,1.0,,31516.69798535946
2021-05-06 18:00:29.490,0,0.0118956658682108,16.85683091233399,1.0,,22371.64112688435
2021-05-06 18:00:29.500,0,0.0067239578546659,11.43128949224898,1.0,,14593.038084609987
2021-05-06 18:00:29.510,0,0.0045484007371521,6.492897441416948,1.0,,7840.209065868735
2021-05-06 18:00:29.520,0,0.003899186799271,2.191506932825253,1.0,,2380.718430207818
2021-05-06 18:00:29.530,0,-0.0070494218161519,0.0,1.0,,6.821877933213656
2021-05-06 18:00:29.540,0,-0.0023186686818502,0.0,1.0,,7.425125518623403
2021-05-06 18:00:29.550,0,-0.0047340280320248,0.0,1.0,,7.077451612863426
2021-05-06 18:00:29.560,0,-0.0168456207905276,0.0,1.0,,7.404525638679582
2021-05-06 18:00:29.570,0,-0.0050563971272702,0.0,1.0,,8.620628723905917
2021-05-06 18:00:29.580,0,-0.0083045719444422,0.0,1.0,,11.489881821406597
2021-05-06 18:00:29.590,0,-0.001709744946367,0.0,1.0,,7.150234106610997
2021-05-06 18:00:29.600,0,-0.0088203274169115,0.0,1.0,,9.101205908657748
2021-05-06 18:00:29.610,0,-0.0102682633597273,0.0,1.0,,9.404753791334612
2021-05-06 18:00:29.620,0,-0.0088635306595486,0.0,1.0,,12.146783345654502
2021-05-06 18:00:29.630,0,-0.0146950005578259,0.0,1.0,,9.76558618264989
2021-05-06 18:00:29.640,0,-0.0157433053430296,0.0,1.0,,11.991876521974474
2021-05-06 18:00:29.650,0,-0.0090425775918418,0.0,1.0,,8.38877231731689
2021-05-06 18:00:29.660,0,-0.0119031497502478,0.0,1.0,,11.93046756425031
2021-05-06 18:00:29.670,0,-0.0096698978086031,0.0,1.0,,7.003608578507261
2021-05-06 18:00:29.680,0,-0.0105501759719232,0.0,1.0,,7.702924361828248
2021-05-06 18:00:29.690,0,-0.0132713001268335,0.0,1.0,,11.894721376580948
2021-05-06 18:00:29.700,0,-0.0066599782348492,0.0,1.0,,10.098299820762888
2021-05-06 18:00:29.710,0,-0.0029831367786518,0.0,1.0,,7.433673112115416
2021-05-06 18:00:29.720,0,-0.0083378088521027,0.0,1.0,,8.102320861399077
2021-05-06 18:00:29.730,0,-0.0067793873751795,0.0,1.0,,7.155315460612886
2021-05-06 18:00:29.740,0,-0.0120224630458839,0.0,1.0,,10.734899194419627
2021-05-06 18:00:29.750,0,-0.0071196270743387,0.0,1.0,,11.938059630161508
2021-05-06 18:00:29.760,0,-0.0099372385358879,0.0,1.0,,9.330146486214247
2021-05-06 18:00:29.770,0,-0.0077857316065335,0.0,1.0,,6.840086309666165
2021-05-06 18:00:29.780,0,-0.003793464660615,0.0,1.0,,11.564575387952209
2021-05-06 18:00:29.790,0,-0.0024112557893962,0.0,1.0,,10.947961584896177
2021-05-06 18:00:29.800,0,-0.0053332892564082,0.0,1.0,,10.479082977994873
2021-05-06 18:00:29.810,0,0.0008320455747418,0.0,1.0,,10.672077363648096
2021-05-06 18:00:29.820,0,-0.0008234963042675,0.0,1.0,,11.816358647263138
2021-05-06 18:00:29.830,0,-0.0019018364866784,0.0,1.0,,10.723562056486113
2021-05-06 18:00:29.840,0,-0.0049172215869642,0.0,1.0,,7.032329668694302
2021-05-06 18:00:29.850,0,-0.0004559273081432,0.0,1.0,,9.275308585387052
2021-05-06 18:00:29.860,0,0.0013645968119385,0.0,1.0,,9.581706250181274
2021-05-06 18:00:29.870,0,-0.0021006651921335,0.0,1.0,,10.846276317541108
2021-05-06 18:00:29.880,0,-0.0050720427058937,0.0,1.0,,8.035711986161896
2021-05-06 18:00:29.890,0,-0.0071248833323998,0.0,1.0,,8.95867186156961
2021-05-06 18:00:29.900,0,0.0037142117764338,0.0,1.0,,9.408350605056961
2021-05-06 18:00:29.910,0,0.0027886166771769,0.0,1.0,,10.921473053534571
2021-05-06 18:00:29.920,0,0.0042301720305148,0.0,1.0,,9.398067669364938
2021-05-06 18:00:29.930,0,0.0043254952403675,0.1250991194330029,1.0,,111.93856401920368
2021-05-06 18:00:29.940,0,0.003142944669975,0.3455269548090806,1.0,,317.69095682534885
2021-05-06 18:00:29.950,0,0.0007112492789915,0.533410239329115,1.0,,509.48743235087403
2021-05-06 18:00:29.960,0,0.0012240998923465,0.6874783544219267,1.0,,671.4697750340043
2021-05-06 18:00:29.970,0,0.0024562465502441,0.8333417891266784,1.0,,827.2860261233634
2021-05-06 18:00:29.980,0,-0.0069721422657613,0.9410329728724838,1.0,,945.7007998559333
2021-05-06 18:00:29.990,0,0.0021316358014547,1.0272126549364116,1.0,,1042.519303927493
2021-05-06 18:00:30.000,1,-0.0045451507930799,1.0847834681152195,1.0,,1104.4132844065398
2021-05-06 18:00:30.010,1,0.0021940639549113,1.1313687007202198,1.0,,1157.1505269743536
2021-05-06 18:00:30.020,1,-0.0040596542177983,1.1651365989470766,1.0,,1195.357225300394
2021-05-06 18:00:30.030,1,0.006282216698481,1.1719763494526951,1.0,,1202.719430872698
2021-05-06 18:00:30.040,1,0.0047442015394062,1.18402461266131,1.0,,1216.8919324777955
2021-05-06 18:00:30.050,0,-0.0016221259756552,1.1737541110428469,1.0,,1200.524530154935
2021-05-06 18:00:30.060,0,0.0057404752090552,1.1568787839420345,1.0,,1185.3011161972627
2021-05-06 18:00:30.070,0,-0.0018587451690818,1.1154488813186263,1.0,,1138.3855262357922
2021-05-06 18:00:30.080,0,-0.0022660544828932,1.071377752779999,1.0,,1084.8176864905772
2021-05-06 18:00:30.090,0,-0.0002768880657291,1.038053383438044,1.0,,1051.5095816583885
2021-05-06 18:00:30.100,0,-0.002379979569115,0.9867932737283154,1.0,,993.2069063128531
2021-05-06 18:00:30.110,0,0.0024314562018697,6.271141907768393,1.0,,7543.194497859938
2021-05-06 18:00:30.120,0,0.0157383342286764,21.42480060317713,1.0,,29115.76603606632
2021-05-06 18:00:30.130,0,0.0300099765544866,44.91035456976408,1.0,,65713.35477351368
2021-05-06 18:00:30.140,0,0.0552140956573228,75.31347925002846,1.0,,116038.122434483
2021-05-06 18:00:30.150,0,0.0888040063786733,112.57355262628737,1.0,,180559.78447806352
2021-05-06 18:00:30.160,0,0.1313147772926402,149.0782003343731,0.0,,245915.3918842526
2021-05-06 18:00:30.170,0,0.1407756696068145,178.50231082963825,0.0,,299799.5533136652
2021-05-06 18:00:30.180,0,0.1444776535993417,201.41773993042088,0.0,,342397.22172537557
2021-05-06 18:00:30.190,0,0.1759021736028407,220.22720667225465,0.0,,377727.8003758368
2021-05-06 18:00:30.200,0,0.2065536894195388,235.0544841790962,0.0,,405794.5485510844
2021-05-06 18:00:30.210,0,0.190114907352963,245.61314396438308,0.0,,425889.8503905578
2021-05-06 18:00:30.220,0,0.1832175800932358,252.678251876024,0.0,,439383.0035953371
2021-05-06 18:00:30.230,0,0.2186958429519762,256.16042239400736,0.0,,446050.44255838654
2021-05-06 18:00:30.240,0,0.1919169991092592,256.53817315808914,0.0,,446775.5537640345
2021-05-06 18:00:30.250,0,0.1459281479917139,252.5859260363281,0.0,,439204.192270523
2021-05-06 18:00:30.260,0,0.1876271504952699,248.6981735328109,0.0,,431776.6884853905
2021-05-06 18:00:30.270,0,0.1838028508029267,241.19107512459092,0.0,,417461.0608270028
2021-05-06 18:00:30.280,0,0.1781406613746874,234.04115258428655,0.0,,403872.1483973591
2021-05-06 18:00:30.290,0,0.1660728034490087,223.7896907650128,0.0,,384455.4716996471
2021-05-06 18:00:30.300,0,0.1621457443354939,216.08056929841217,0.0,,369913.4206907029
2021-05-06 18:00:30.310,0,0.1146809883976447,205.0191864772837,0.0,,349135.6176357408
2021-05-06 18:00:30.320,0,0.1021254001428131,191.5502120212593,0.0,,323988.8361905418
2021-05-06 18:00:30.330,0,0.1224087005612501,178.9919210658355,0.0,,300701.88795377
2021-05-06 18:00:30.340,0,0.0958249801316593,165.34874875175328,0.0,,275589.6236735733
2021-05-06 18:00:30.350,0,0.1200193139454594,152.4180422475824,0.0,,251977.19948061384
2021-05-06 18:00:30.360,0,0.099550521979895,140.77897173101837,0.0,,230901.12925666745
2021-05-06 18:00:30.370,0,0.0671757850007558,128.3087888164972,0.0,,208500.80748873315
2021-05-06 18:00:30.380,0,0.0846485006394875,116.85136932935583,1.0,,188114.4605044087
2021-05-06 18:00:30.390,0,0.0742194225545958,104.01300753874662,1.0,,165516.18948074488
2021-05-06 18:00:30.400,0,0.0506717611893716,92.8967865302252,1.0,,146159.4902635272
2021-05-06 18:00:30.410,0,0.0433842527162019,82.01288425540055,1.0,,127441.11743072874
2021-05-06 18:00:30.420,0,0.0506008412758449,71.81168453160791,1.0,,110118.49553446125
2021-05-06 18:00:30.430,0,0.0407548066573983,61.72518646607233,1.0,,93234.54864491177
2021-05-06 18:00:30.440,0,0.0323800050375715,52.65825518998743,1.0,,78282.88641527235
2021-05-06 18:00:30.450,0,0.0345311465556706,44.378358182834965,1.0,,64861.27965684024
2021-05-06 18:00:30.460,0,0.0272281230433869,36.62252897133646,1.0,,52508.75027940483
2021-05-06 18:00:30.470,0,0.0211356759868805,29.409771866752468,1.0,,41250.63732403207
2021-05-06 18:00:30.480,0,0.0144631255939118,22.599652119275927,1.0,,30882.227570600007
2021-05-06 18:00:30.490,0,0.0225565348095821,16.740947879226738,1.0,,22203.212099689546
2021-05-06 18:00:30.500,0,0.0169562907902242,11.305049688395869,1.0,,14421.012782311096
2021-05-06 18:00:30.510,0,-0.0003889748831187,6.456476512738737,1.0,,7787.39203567854
2021-05-06 18:00:30.520,0,-0.0011889284104938,2.165872263842332,1.0,,2350.3970994725178
2021-05-06 18:00:30.530,0,-0.0045354662290309,0.0,1.0,,12.224902765514955
2021-05-06 18:00:30.540,0,-0.0065318638680685,0.0,1.0,,9.122829970079371
2021-05-06 18:00:30.550,0,-0.0036300366732627,0.0,1.0,,9.512683784927818
2021-05-06 18:00:30.560,0,-0.008952695764098,0.0,1.0,,11.54526594119524
2021-05-06 18:00:30.570,0,-0.0150186830707306,0.0,1.0,,9.5233928284155
2021-05-06 18:00:30.580,0,-0.0097097718789711,0.0,1.0,,10.475120316801593
2021-05-06 18:00:30.590,0,-0.0092727364209846,0.0,1.0,,8.855443703606458
2021-05-06 18:00:30.600,0,-0.0090147193939288,0.0,1.0,,14.083162202827435
2021-05-06 18:00:30.610,0,-0.0082779676029407,0.0,1.0,,9.550820669193813
2021-05-06 18:00:30.620,0,-0.0076370254457157,0.0,1.0,,8.872413660813091
2021-05-06 18:00:30.630,0,-0.0094361373290438,0.0,1.0,,13.200405431680153
2021-05-06 18:00:30.640,0,-0.0155695624308221,0.0,1.0,,15.895139456216947
2021-05-06 18:00:30.650,0,-0.0185101121469818,0.0,1.0,,11.619000543448273
2021-05-06 18:00:30.660,0,-0.0083632089928732,0.0,1.0,,11.779076693840418
2021-05-06 18:00:30.670,0,-0.012325151700575,0.0,1.0,,13.166249144663418
2021-05-06 18:00:30.680,0,-0.0102664871135891,0.0,1.0,,13.501904997871918
2021-05-06 18:00:30.690,0,-0.0103399421752286,0.0,1.0,,10.184286114727813
2021-05-06 18:00:30.700,0,-0.0105955345640217,0.0,1.0,,10.704564836510245
2021-05-06 18:00:30.710,0,-0.0090079876297198,0.0,1.0,,10.100581596058515
2021-05-06 18:00:30.720,0,-0.0109017664077221,0.0,1.0,,9.176190040920488
2021-05-06 18:00:30.730,0,-0.0067645836117752,0.0,1.0,,10.140868783711271
2021-05-06 18:00:30.740,0,-0.0065037815500287,0.0,1.0,,12.406770713204406
2021-05-06 18:00:30.750,0,-0.000554781490206,0.0,1.0,,7.187800840544901
2021-05-06 18:00:30.760,0,-0.0083371192232411,0.0,1.0,,6.391575827080747
2021-05-06 18:00:30.770,0,-0.0099571922430748,0.0,1.0,,12.205657333228459
2021-05-06 18:00:30.780,0,-0.0024064197320173,0.0,1.0,,9.536421129107183
2021-05-06 18:00:30.790,0,-0.0078107877175742,0.0,1.0,,11.847595156023404
2021-05-06 18:00:30.800,0,-0.0090964439797172,0.0,1.0,,8.720746393501088
2021-05-06 18:00:30.810,0,-0.0102021951605334,0.0,1.0,,10.837540274968774
2021-05-06 18:00:30.820,0,-0.0053374481877225,0.0,1.0,,10.256467760152638
2021-05-06 18:00:30.830,0,-0.0015786591694985,0.0,1.0,,11.18345734842512
2021-05-06 18:00:30.840,0,-0.001524933504712,0.0,1.0,,7.7612739968120295
2021-05-06 18:00:30.850,0,-0.0041450371859337,0.0,1.0,,10.88767181538186
2021-05-06 18:00:30.860,0,0.0002372034577764,0.0,1.0,,8.299858211600556
2021-05-06 18:00:30.870,0,-0.0033219359166685,0.0,1.0,,10.841431018709063
2021-05-06 18:00:30.880,0,-1.8574281937563512e-06,0.0,1.0,,12.218039153602989
2021-05-06 18:00:30.890,0,-0.0027163474695941,0.0,1.0,,10.138417503761223
2021-05-06 18:00:30.900,0,-0.0052442299864076,0.0,1.0,,13.23998528069934
2021-05-06 18:00:30.910,0,-0.002891289463428,0.0,1.0,,11.043234323327344
2021-05-06 18:00:30.920,0,0.0009581415742642,0.0,1.0,,9.010420381102806
2021-05-06 18:00:30.930,0,-0.0028898772139601,0.1253193343187967,1.0,,109.49632891378967
2021-05-06 18:00:30.940,0,-0.0042319520965018,0.3494938380698639,1.0,,321.73671802893654
2021-05-06 18:00:30.950,0,-0.0016241434130704,0.5352388964484505,1.0,,513.8918041454536
2021-05-06 18:00:30.960,0,-0.0017898472992959,0.703943217303028,1.0,,689.4048259293413
2021-05-06 18:00:30.970,0,-0.0054495416526047,0.8397874883428078,1.0,,834.0354395432449
2021-05-06 18:00:30.980,0,-0.0006625312082466,0.948725468028903,1.0,,951.9720900245254
2021-05-06 18:00:30.990,0,-0.0041819416920785,1.032077496855896,1.0,,1044.1144142939972
2021-05-06 18:00:31.000,0,-0.0026715670771423,1.114191671442758,1.0,,1138.4896378618332
2021-05-06 18:00:31.010,0,-0.0044416524746372,1.15455542092847,1.0,,1183.8986677604637
2021-05-06 18:00:31.020,0,0.0020457126490921,1.1698193469034983,1.0,,1196.2417169585551
2021-05-06 18:00:31.030,0,0.0022849355587811,1.1830194680449604,1.0,,1216.8675939829006
2021-05-06 18:00:31.040,0,0.0045459490902524,1.1850845232800058,1.0,,1213.0713018013682
2021-05-06 18:00:31.050,0,0.0026940280479466,1.1840495598160403,1.0,,1216.1440028812744
2021-05-06 18:00:31.060,0,0.0002926452887641,1.1559968241830227,1.0,,1180.812493831468
2021-05-06 18:00:31.070,0,0.0054870114724719,1.1295307631563367,1.0,,1152.6478079292422
2021-05-06 18:00:31.080,0,0.0021295816428396,1.092588786233352,1.0,,1114.921778653487
2021-05-06 18:00:31.090,0,0.0022537978052437,1.0471169159678309,1.0,,1063.2449691372635
2021-05-06 18:00:31.100,0,0.0052959503556628,0.9994596788892016,1.0,,1011.4965172126972
2021-05-06 18:00:31.110,0,-0.000337062735234,0.9411374467920964,1.0,,943.983340271924
2021-05-06 18:00:31.120,0,-0.0017483715131049,0.8913191681032551,1.0,,889.9920542736432
2021-05-06 18:00:31.130,0,0.0026169192487782,0.8343485707872531,1.0,,829.4877659422663
2021-05-06 18:00:31.140,0,0.0028847713961193,0.7686052685588286,1.0,,759.2948749847656
2021-05-06 18:00:31.150,0,0.0029363855476764,0.7052272280796908,1.0,,690.876616627859
2021-05-06 18:00:31.160,0,0.0016480418000986,0.6562711517480201,1.0,,636.8638822444566
2021-05-06 18:00:31.170,0,0.001679774299959,0.5969796258714388,1.0,,577.6065082430516
2021-05-06 18:00:31.180,0,-0.0070880835032172,0.5415924859021395,1.0,,517.0295360001933
2021-05-06 18:00:31.190,0,-0.0001839366658542,0.4886660105159811,1.0,,464.7002456582883
2021-05-06 18:00:31.200,0,-0.0015074957541375,0.4303021767478192,1.0,,402.2130391684122
2021-05-06 18:00:31.210,0,0.0037398246925267,0.3810254620870878,1.0,,353.24651825463656
2021-05-06 18:00:31.220,0,-0.0041295136214102,0.3353027633467931,1.0,,310.1385012816305
2021-05-06 18:00:31.230,0,-0.0030419042181333,0.2866714347295943,1.0,,260.5846893816053
2021-05-06 18:00:31.240,0,0.0074038026235169,0.2448118539308621,1.0,,223.68998336072016
2021-05-06 18:00:31.250,0,-0.001915879264857,0.2065976614069165,1.0,,185.1003840120004
2021-05-06 18:00:31.260,0,0.0025061768894882,0.1690965140737356,1.0,,155.0760855837544
2021-05-06 18:00:31.270,0,0.0043730237554386,0.1341250151168224,1.0,,117.2276777408581
2021-05-06 18:00:31.280,0,-0.0003404642751698,0.1034808684364515,1.0,,92.72767751373706
2021-05-06 18:00:31.290,0,-0.0026747704925677,0.0756661288471175,1.0,,66.22958007094533
2021-05-06 18:00:31.300,0,-0.0055188899238299,0.0502949767398287,1.0,,45.94578048103099
2021-05-06 18:00:31.310,0,-0.0002932237801274,0.0280203716493898,1.0,,28.34875577634283
2021-05-06 18:00:31.320,0,-0.0039287333849848,0.0077431117068074,1.0,,17.213103652130304
2021-05-06 18:00:31.330,0,-0.0012122883113956,0.0,1.0,,13.200219787576728
2021-05-06 18:00:31.340,0,0.001290223987528,0.0,1.0,,10.098825364330018
2021-05-06 18:00:31.350,0,0.0091824589028646,0.0,1.0,,10.710228252907692
2021-05-06 18:00:31.360,0,-0.0027350045305054,0.0,1.0,,11.11145346835838
2021-05-06 18:00:31.370,0,-0.0052459481383227,0.0,1.0,,9.813328961657588
2021-05-06 18:00:31.380,0,-0.0009058466774377,0.0,1.0,,9.946102333388051
2021-05-06 18:00:31.390,0,-0.0044304212943816,0.0,1.0,,11.359760187544673
2021-05-06 18:00:31.400,0,0.0077432722892286,0.0,1.0,,9.321841115732651
2021-05-06 18:00:31.410,0,0.0019470932281858,0.0,1.0,,7.88371712733475
2021-05-06 18:00:31.420,0,0.0047909611396046,0.0,1.0,,8.275497347813161
2021-05-06 18:00:31.430,0,0.0021745799718227,0.0,1.0,,12.23781277527599
2021-05-06 18:00:31.440,0,0.0012981234725793,0.0,1.0,,8.286620356283958
2021-05-06 18:00:31.450,0,-0.0017682234748908,0.0,1.0,,10.17486127559679
2021-05-06 18:00:31.460,0,-0.0003860877864248,0.0,1.0,,9.30095658172131
2021-05-06 18:00:31.470,0,-0.0019877066025864,0.0,1.0,,11.12080801156081
2021-05-06 18:00:31.480,0,0.0030425116484289,0.0,1.0,,9.660844925120694
2021-05-06 18:00:31.490,0,0.002826612617463,0.0,1.0,,11.415345021375076
2021-05-06 18:00:31.500,0,0.0049949207131489,0.0,1.0,,12.098974357888848
2021-05-06 18:00:31.510,0,-0.002670945287918,0.0,1.0,,14.282782181462554
2021-05-06 18:00:31.520,0,-0.0040338313465728,0.0,1.0,,9.467505753343989
2021-05-06 18:00:31.530,0,-0.0041611016213012,0.0,1.0,,9.379606669821552
2021-05-06 18:00:31.540,0,-3.939022933790085e-05,0.0,1.0,,7.756023169497322
2021-05-06 18:00:31.550,0,-0.0033546536665334,0.0,1.0,,11.629065984755258
2021-05-06 18:00:31.560,0,0.0029596690862157,0.0,1.0,,11.004469162821618
2021-05-06 18:00:31.570,0,-0.0002719872821132,0.0,1.0,,10.829294038350975
2021-05-06 18:00:31.580,0,-0.0054754504855944,0.0,1.0,,11.17898222204087
2021-05-06 18:00:31.590,0,-0.0021359826054237,0.0,1.0,,10.880814126539365
2021-05-06 18:00:31.600,0,0.004253153452463,0.0,1.0,,9.04174504701558
2021-05-06 18:00:31.610,0,0.0012254309683957,0.0,1.0,,12.416630214784757
2021-05-06 18:00:31.620,0,0.0019860779231315,0.0,1.0,,7.544466632738456
2021-05-06 18:00:31.630,0,0.0028871175783168,0.0,1.0,,8.576131723665219
2021-05-06 18:00:31.640,0,0.0074468159211969,0.0,1.0,,8.696793886946956
2021-05-06 18:00:31.650,0,0.0062994407892823,0.0,1.0,,8.656446558001297
2021-05-06 18:00:31.660,0,-0.002348934582395,0.0,1.0,,8.44270357096061
2021-05-06 18:00:31.670,0,0.0045186590811064,0.0,1.0,,10.419348985185547
2021-05-06 18:00:31.680,0,0.0007829250704184,0.0,1.0,,8.363641514754587
2021-05-06 18:00:31.690,0,-0.0010629276205088,0.0,1.0,,10.421557783359274
2021-05-06 18:00:31.700,0,-0.002353945935206,0.0,1.0,,11.5636466405505
2021-05-06 18:00:31.710,0,-0.0012902477578476,0.0,1.0,,8.048440215187645
2021-05-06 18:00:31.720,0,-0.00588300685046,0.0,1.0,,13.677167008553083
2021-05-06 18:00:31.730,0,-0.0017960073127965,0.0007242523013387,1.0,,11.588076374230289
2021-05-06 18:00:31.740,0,0.0016666247192826,0.0017502313379259,1.0,,11.591655396718481
2021-05-06 18:00:31.750,0,0.0017865077371897,0.0026309990002342,1.0,,9.791388733766793
2021-05-06 18:00:31.760,0,0.001064413741453,0.0034012306452027,1.0,,14.231943421629587
2021-05-06 18:00:31.770,0,-0.0002305306368343,0.0039866440367455,1.0,,9.334177119558037
2021-05-06 18:00:31.780,0,0.0005374096651963,0.0044323887283044,1.0,,15.592661748321431
2021-05-06 18:00:31.790,0,-0.0036019190360082,0.0048378167204495,1.0,,12.470945426200434
2021-05-06 18:00:31.800,0,-0.0004340576133763,0.005182673797272,1.0,,10.55892148925475
2021-05-06 18:00:31.810,0,-0.0014034325704728,0.0053222836873363,1.0,,13.947119750713238
2021-05-06 18:00:31.820,0,-0.0033008384086927,0.0054647574085875,1.0,,11.417149231769548
2021-05-06 18:00:31.830,0,0.0018756846917613,0.0055067260088226,1.0,,12.733936985265455
2021-05-06 18:00:31.840,0,0.0014704330337079,0.0055053681517846,1.0,,17.101428717252787
2021-05-06 18:00:31.850,0,-0.0023795927141716,0.0054265182552078,1.0,,17.407744901690208
2021-05-06 18:00:31.860,0,-0.0042938127872006,0.0053225797161033,1.0,,13.05347113851188
2021-05-06 18:00:31.870,0,0.002348885191967,0.0051850984572496,1.0,,12.119218890191194
2021-05-06 18:00:31.880,0,0.001347487355792,0.0050359285727694,1.0,,12.574304645936706
2021-05-06 18:00:31.890,0,0.0017307216782515,0.0048223987788763,1.0,,12.188142290155158
2021-05-06 18:00:31.900,0,-7.374283123429002e-05,0.0046022373081486,1.0,,15.64744132111718
2021-05-06 18:00:31.910,0,0.0013564428273304,0.0043158678005265,1.0,,12.092917738210243
2021-05-06 18:00:31.920,0,-0.0007584887436477,0.0041027134347685,1.0,,14.464669729010069
2021-05-06 18:00:31.930,0,-0.0019671830061176,0.0038170083491123,1.0,,12.850898462015106
2021-05-06 18:00:31.940,0,0.0040716928781267,0.003509679010808,1.0,,10.856715926553933
2021-05-06 18:00:31.950,0,0.0030938350887064,0.0032899646445697,1.0,,13.58690130053571
2021-05-06 18:00:31.960,0,0.0039506059266078,0.0029988146452812,1.0,,13.934868299518715
2021-05-06 18:00:31.970,0,-0.0059003970510848,0.0027166764459364,1.0,,12.08888137343975
2021-05-06 18:00:31.980,0,-0.0024300279926179,0.0024509364497724,1.0,,10.571445108790176
2021-05-06 18:00:31.990,0,0.0001578091038048,0.0022275005773044,1.0,,14.768111102995272
2021-05-06 18:00:32.000,0,0.0045723294839477,0.0019713804829323,1.0,,10.266862475080416
2021-05-06 18:00:32.010,0,-0.0011337828736819,0.0017520121791979,1.0,,9.68335333206928
2021-05-06 18:00:32.020,0,-0.0002557867794765,0.0014962646407564,1.0,,10.54630953552428
2021-05-06 18:00:32.030,0,0.0012447735702084,0.0012970167491357,1.0,,11.154820296516139
2021-05-06 18:00:32.040,0,-0.0047992187136367,0.0011037267232812,1.0,,10.944201893804108
2021-05-06 18:00:32.050,0,0.0083495293179582,0.0009287387148179,1.0,,11.081048343213086
2021-05-06 18:00:32.060,0,-0.0049740820281987,0.0007572154132556,1.0,,9.107378830524276
2021-05-06 18:00:32.070,0,-0.0011771378472742,0.0006021187174921,1.0,,9.107648821079506
2021-05-06 18:00:32.080,0,0.0014861477832975,0.0004637673477454,1.0,,10.346811170273785
2021-05-06 18:00:32.090,0,0.0046801823053062,0.0003320183705457,1.0,,10.826757653607306
2021-05-06 18:00:32.100,0,-0.0033156525817897,0.0002184322246134,1.0,,10.181742497522498
2021-05-06 18:00:32.110,0,-0.0036856196690458,0.0001163378806066,1.0,,7.7925651986610145
2021-05-06 18:00:32.120,0,-0.0005544710844902,2.50874584454916e-05,1.0,,12.510023781545051
2021-05-06 18:00:32.130,0,-0.0015296082180098,0.0,1.0,,9.414845381733736
2021-05-06 18:00:32.140,0,0.0017616648875943,0.0,1.0,,7.251419280807694
2021-05-06 18:00:32.150,0,0.0041408599848003,0.0,1.0,,9.753466246907493
2021-05-06 18:00:32.160,0,-0.0047275729813988,0.0,1.0,,11.743226006662406
2021-05-06 18:00:32.170,0,-0.0015241441617378,0.0,1.0,,8.482915230495188
2021-05-06 18:00:32.180,0,-0.0043165263339647,0.0,1.0,,11.854825690334387
2021-05-06 18:00:32.190,0,-0.003434572620813,0.0,1.0,,11.099340629483237
2021-05-06 18:00:32.200,0,0.003821785156742,0.0,1.0,,10.215935803334744
2021-05-06 18:00:32.210,0,-0.0029048118994255,0.0,1.0,,11.687810217660706
2021-05-06 18:00:32.220,0,-0.0024197023434184,0.0,1.0,,9.955220512453502
2021-05-06 18:00:32.230,0,-0.0035504126870305,0.0,1.0,,11.156259172791671
2021-05-06 18:00:32.240,0,0.0030705624450106,0.0,1.0,,12.257491415331664
2021-05-06 18:00:32.250,0,-0.0054655100238172,0.0,1.0,,7.833595889404354
2021-05-06 18:00:32.260,0,-0.0002941286296205,0.0,1.0,,10.215646108720534
2021-05-06 18:00:32.270,0,0.0001927410927785,0.0,1.0,,10.15102461889455
2021-05-06 18:00:32.280,0,0.0035729315082559,0.0,1.0,,9.939948225047852
2021-05-06 18:00:3