time,ton,thrust,mfr,vl,anomaly_code,uv_360nm
2021-06-25 14:00:00.000,0,0.0023923276668149,0.0,0.0,,10.831352645680997
2021-06-25 14:00:00.010,0,0.0045051762382804,0.0,1.0,,12.154853819389897
2021-06-25 14:00:00.020,0,0.0053248339555333,0.0,1.0,,9.74551944181041
2021-06-25 14:00:00.030,0,0.0011302084460459,0.0,1.0,,9.810464135926246
2021-06-25 14:00:00.040,0,-0.0018706709412664,0.0,1.0,,11.139514035330654
2021-06-25 14:00:00.050,0,0.0042417304153813,0.0,1.0,,9.910945191294235
2021-06-25 14:00:00.060,0,-0.0015780432911394,0.0,1.0,,11.441993955703389
2021-06-25 14:00:00.070,0,-0.0024758153934391,0.0,1.0,,8.9698676294396
2021-06-25 14:00:00.080,0,-0.0011086294420912,0.0,1.0,,8.81491964535557
2021-06-25 14:00:00.090,0,-0.0039853885162988,0.0,1.0,,7.8619963022801205
2021-06-25 14:00:00.100,0,0.0015015948221089,0.0,1.0,,10.197155680060803
2021-06-25 14:00:00.110,0,0.0041101133496151,0.0,1.0,,7.069243514242244
2021-06-25 14:00:00.120,0,-0.0001338185583511,0.0,1.0,,12.500119613988936
2021-06-25 14:00:00.130,0,-0.0043281094440537,0.0,1.0,,7.398031712211535
2021-06-25 14:00:00.140,0,-0.0014785565053976,0.0,1.0,,13.299809518008589
2021-06-25 14:00:00.150,0,-0.0011692517848258,0.0,1.0,,7.998513573439559
2021-06-25 14:00:00.160,0,-0.0022127888998814,0.0,0.0,,7.39627270177696
2021-06-25 14:00:00.170,0,0.0010148936442883,0.0,0.0,,7.126973214541559
2021-06-25 14:00:00.180,0,0.0035813922003485,0.0,0.0,,8.589023411807396
2021-06-25 14:00:00.190,0,0.002540756400916,0.0,0.0,,13.022590961034492
2021-06-25 14:00:00.200,0,0.0013744609935175,0.0,0.0,,12.025658626502615
2021-06-25 14:00:00.210,0,-0.001467019259913,0.0,0.0,,12.907946297982887
2021-06-25 14:00:00.220,0,-0.0037295757393054,0.0,0.0,,11.110177535760533
2021-06-25 14:00:00.230,0,0.000534764841968,0.0,0.0,,12.879991812500267
2021-06-25 14:00:00.240,0,0.0005674726562128,0.0,0.0,,14.94161505009528
2021-06-25 14:00:00.250,0,-0.0053236367127342,0.0,0.0,,7.370634004298944
2021-06-25 14:00:00.260,0,0.0021905472593907,0.0,0.0,,12.272985271198829
2021-06-25 14:00:00.270,0,-0.0008584223365422,0.0,0.0,,9.749216105886731
2021-06-25 14:00:00.280,0,-0.0045936947667551,0.0,0.0,,9.81133330672881
2021-06-25 14:00:00.290,0,0.000820915335308,0.0,0.0,,12.158230853408266
2021-06-25 14:00:00.300,0,0.0024071022492331,0.0,0.0,,12.751422970082555
2021-06-25 14:00:00.310,0,0.0018370586099728,0.0,0.0,,10.896299886640058
2021-06-25 14:00:00.320,0,0.0057737957709813,0.0,0.0,,13.025393586457046
2021-06-25 14:00:00.330,0,0.0015021211074533,0.0,0.0,,6.570693301317908
2021-06-25 14:00:00.340,0,-0.0051399054089799,0.0,0.0,,11.901365369618723
2021-06-25 14:00:00.350,0,-0.0032495012513254,0.0,0.0,,9.577914331227628
2021-06-25 14:00:00.360,0,-0.0061415999774795,0.0,0.0,,4.7185870652527315
2021-06-25 14:00:00.370,0,0.0084619195032998,0.0,0.0,,8.986636633163831
2021-06-25 14:00:00.380,0,0.0027072591938241,0.0,0.0,,9.984329273226075
2021-06-25 14:00:00.390,0,0.0051253949814906,0.0,0.0,,14.282086904870201
2021-06-25 14:00:00.400,0,-0.0023553969376748,0.0,0.0,,11.580811724648607
2021-06-25 14:00:00.410,0,-0.0024523671045304,0.0,0.0,,13.084477710587246
2021-06-25 14:00:00.420,0,0.0034684351614485,0.0,0.0,,8.332288345756972
2021-06-25 14:00:00.430,0,-0.0068273174100692,0.0,0.0,,9.430282483998827
2021-06-25 14:00:00.440,0,-0.0032613554798897,0.0,0.0,,14.32746278030542
2021-06-25 14:00:00.450,0,0.0012764173645548,0.0,0.0,,10.948337982265489
2021-06-25 14:00:00.460,0,0.0004055528684391,0.0,0.0,,4.3535228024709225
2021-06-25 14:00:00.470,0,-0.0057197514928792,0.0,0.0,,8.675861521091115
2021-06-25 14:00:00.480,0,0.0027170106800227,0.0,0.0,,10.819732524005452
2021-06-25 14:00:00.490,0,0.0031420283188057,0.0,0.0,,9.843698098281667
2021-06-25 14:00:00.500,0,-0.0029724014944496,0.0,0.0,,11.881445417219236
2021-06-25 14:00:00.510,0,-0.0026107867639663,0.0,0.0,,7.586852671874926
2021-06-25 14:00:00.520,0,-0.0056880913252008,0.0,0.0,,8.64156729713859
2021-06-25 14:00:00.530,0,0.0020534270846692,0.0,0.0,,10.862247329006152
2021-06-25 14:00:00.540,0,0.0012007979504751,0.0,0.0,,8.293762444897663
2021-06-25 14:00:00.550,0,0.0007367476205593,0.0,0.0,,9.588244476737815
2021-06-25 14:00:00.560,0,-0.0032345816813226,0.0,0.0,,11.161928125832047
2021-06-25 14:00:00.570,0,-0.0043483939872533,0.0,0.0,,9.754582397297414
2021-06-25 14:00:00.580,0,0.0008133315863751,0.0,0.0,,6.739022858529448
2021-06-25 14:00:00.590,0,0.0004466461509411,0.0,0.0,,7.630117056957076
2021-06-25 14:00:00.600,0,0.0011449687669713,0.0,0.0,,9.340865897572618
2021-06-25 14:00:00.610,0,-0.0006374309799922,0.0,0.0,,15.038846577341285
2021-06-25 14:00:00.620,0,0.0008204719346837,0.0,0.0,,12.58658726641715
2021-06-25 14:00:00.630,0,-0.0007394173657798,0.0,0.0,,9.732622144895887
2021-06-25 14:00:00.640,0,-0.0015845658858838,0.0,0.0,,5.778806958294334
2021-06-25 14:00:00.650,0,-0.002175742916152,0.0,0.0,,11.05108981023018
2021-06-25 14:00:00.660,0,0.0019272916688052,0.0,0.0,,6.9472916495863
2021-06-25 14:00:00.670,0,0.0053730744714947,0.0,0.0,,10.13664999131837
2021-06-25 14:00:00.680,0,0.0037277715817075,0.0,0.0,,6.9617268535837225
2021-06-25 14:00:00.690,0,-0.0045150691224835,0.0,0.0,,10.164635558180091
2021-06-25 14:00:00.700,0,-3.164049840267008e-05,0.0,0.0,,9.79011684179529
2021-06-25 14:00:00.710,0,0.0025065737455447,0.0,0.0,,10.55072232014712
2021-06-25 14:00:00.720,0,0.0016254692667652,0.0,0.0,,8.758197939698041
2021-06-25 14:00:00.730,0,-0.0035264759755159,0.0,0.0,,15.644757498189211
2021-06-25 14:00:00.740,0,0.000192267621547,0.0,0.0,,11.705684286679535
2021-06-25 14:00:00.750,0,0.004936992760052,0.0,0.0,,4.921598084878439
2021-06-25 14:00:00.760,0,0.000283533934301,0.0,0.0,,8.358935227451962
2021-06-25 14:00:00.770,0,-0.0040697024904198,0.0,0.0,,8.68135246454788
2021-06-25 14:00:00.780,0,0.0014230703966093,0.0,0.0,,8.420678391355928
2021-06-25 14:00:00.790,0,0.0059944303730712,0.0,0.0,,6.820046916910007
2021-06-25 14:00:00.800,0,0.005687482937052,0.0,0.0,,9.824821147847171
2021-06-25 14:00:00.810,0,0.0033920693379034,0.0,0.0,,10.342808963857056
2021-06-25 14:00:00.820,0,-0.0004006873290186,0.0,0.0,,6.956347908252839
2021-06-25 14:00:00.830,0,-0.0023742955952183,0.0,0.0,,6.257638585752787
2021-06-25 14:00:00.840,0,0.0041651162037867,0.0,0.0,,13.197942786633405
2021-06-25 14:00:00.850,0,-0.0012499701235076,0.0,0.0,,8.238725241069103
2021-06-25 14:00:00.860,0,0.0024480320825003,0.0,0.0,,9.29569034588987
2021-06-25 14:00:00.870,0,0.0022130041961585,0.0,0.0,,9.962567080523726
2021-06-25 14:00:00.880,0,-0.0023515204987826,0.0,0.0,,8.157016680980428
2021-06-25 14:00:00.890,0,0.0025455091238663,0.0,0.0,,8.735119816800292
2021-06-25 14:00:00.900,0,-0.0030443481652506,0.0,0.0,,12.638346983889829
2021-06-25 14:00:00.910,0,0.0010382129239591,0.0,0.0,,7.377481069740503
2021-06-25 14:00:00.920,0,-0.0026576920525233,0.0,0.0,,7.371784142105311
2021-06-25 14:00:00.930,0,0.0068151017180574,0.0,0.0,,10.281220891253739
2021-06-25 14:00:00.940,0,0.0018756523754172,0.0,0.0,,9.952267487419713
2021-06-25 14:00:00.950,0,-0.0036564282110671,0.0,0.0,,9.491672694099769
2021-06-25 14:00:00.960,0,-0.0013325611320505,0.0,0.0,,10.159223332996309
2021-06-25 14:00:00.970,0,0.003630782497353,0.0,0.0,,7.797011277886671
2021-06-25 14:00:00.980,0,0.0007879546267786,0.0,0.0,,12.147372008707435
2021-06-25 14:00:00.990,0,-0.0019772640663631,0.0,0.0,,12.396685886522755
2021-06-25 14:00:01.000,1,0.0031305387561282,0.0,0.0,,10.278493663805374
2021-06-25 14:00:01.010,1,0.0046174481935863,0.0,0.0,,10.04156260744557
2021-06-25 14:00:01.020,1,-0.0019212296772668,0.0,0.0,,11.05240507765426
2021-06-25 14:00:01.030,1,-0.0050136939655741,0.0,0.0,,11.186541593423904
2021-06-25 14:00:01.040,1,0.0052909798986337,0.0,0.0,,10.146664069855609
2021-06-25 14:00:01.050,1,0.0042570727922712,0.0,0.0,,11.49706806910291
2021-06-25 14:00:01.060,1,0.0057858405314411,0.0,0.0,,7.927585204575951
2021-06-25 14:00:01.070,1,-0.0012605787603158,0.0,0.0,,8.075159756242694
2021-06-25 14:00:01.080,1,0.0048791680809971,0.0,0.0,,11.526276357539928
2021-06-25 14:00:01.090,1,-0.0008747838711162,0.0,0.0,,9.363767312751378
2021-06-25 14:00:01.100,1,-0.0002610054329283,0.0,0.0,,12.574766571952178
2021-06-25 14:00:01.110,1,0.005393235149601,3.103044278516877,0.0,,3484.5877319582296
2021-06-25 14:00:01.120,1,0.011594074820514,11.936022556542694,0.0,,15304.006464395328
2021-06-25 14:00:01.130,1,0.0267840436753125,25.186728145202306,0.0,,34788.63280074795
2021-06-25 14:00:01.140,1,0.0350099009796956,42.423657563416135,0.0,,61722.12973067868
2021-06-25 14:00:01.150,1,0.0574235130600873,63.32561672970812,0.0,,95899.00767223412
2021-06-25 14:00:01.160,1,0.0732988360596475,86.15028973482765,0.0,,134533.0010062454
2021-06-25 14:00:01.170,1,0.1160671880600677,111.27204580785568,0.0,,178265.7895461251
2021-06-25 14:00:01.180,1,0.1500244072642639,136.53150320693666,0.0,,223248.1761436523
2021-06-25 14:00:01.190,1,0.1629607405411101,164.6217586780693,0.0,,274258.9127454401
2021-06-25 14:00:01.200,1,0.1803619050156404,194.69010480304283,0.0,,329841.23256329255
2021-06-25 14:00:01.210,1,0.2138729867060469,221.29387255265368,0.0,,379743.4808529376
2021-06-25 14:00:01.220,1,0.2207235863693586,247.8512395136412,0.0,,430161.44155404076
2021-06-25 14:00:01.230,1,0.2271476514474475,273.6848054331411,0.0,,479724.2544733024
2021-06-25 14:00:01.240,1,0.2914891006956596,303.52155500077765,0.0,,537562.3232444322
2021-06-25 14:00:01.250,1,0.2867011077998742,329.86646206298144,0.0,,589102.9075460895
2021-06-25 14:00:01.260,1,0.2900401648619484,352.8758542019412,0.0,,634457.0139695858
2021-06-25 14:00:01.270,1,0.3454681012670488,379.599502711273,0.0,,687500.2438730014
2021-06-25 14:00:01.280,1,0.3489002864758201,405.13932772795454,0.0,,738555.195402693
2021-06-25 14:00:01.290,1,0.4288255603417544,427.357907402988,0.0,,783227.9653486304
2021-06-25 14:00:01.300,1,0.3206910880758367,445.2260278654519,0.0,,819322.3920538843
2021-06-25 14:00:01.310,1,0.5110476061988702,469.8905421203678,0.0,,869385.3330191801
2021-06-25 14:00:01.320,1,0.3903069276534148,489.72545090180665,0.0,,909830.0163612588
2021-06-25 14:00:01.330,1,0.3696446628111961,508.73595135017126,0.0,,948755.5615076426
2021-06-25 14:00:01.340,1,0.4551588558454992,531.2699798979291,0.0,,995087.6198811478
2021-06-25 14:00:01.350,1,0.5264625877025602,543.2571941257112,0.0,,1019812.4577259518
2021-06-25 14:00:01.360,1,0.5757174175873219,557.4221665240182,0.0,,1049102.2803026263
2021-06-25 14:00:01.370,1,0.5011297539557564,571.9903586841467,0.0,,1079302.7986279882
2021-06-25 14:00:01.380,1,0.570196601093617,579.6436498545631,0.0,,1095199.3125732134
2021-06-25 14:00:01.390,1,0.5798517866794943,594.2773210246521,0.0,,1125647.057461878
2021-06-25 14:00:01.400,1,0.4815178322423353,601.8431274763767,0.0,,1141417.2189365134
2021-06-25 14:00:01.410,1,0.5148397305656113,616.4814546504099,0.0,,1171992.1143448635
2021-06-25 14:00:01.420,1,0.5452547829655227,623.9683263540147,0.0,,1187660.291292642
2021-06-25 14:00:01.430,1,0.5312631021394163,628.9957589303365,0.0,,1198192.3548209316
2021-06-25 14:00:01.440,1,0.6662383831506496,638.6586727906582,0.0,,1218457.0961994159
2021-06-25 14:00:01.450,1,0.6456956404241682,643.2607287179856,0.0,,1228119.9434448425
2021-06-25 14:00:01.460,1,0.5785715878502135,645.4663233644022,0.0,,1232751.3848860466
2021-06-25 14:00:01.470,1,0.677708701887229,654.8148522609067,0.0,,1252404.4741445724
2021-06-25 14:00:01.480,1,0.7075047101870067,658.3802505821059,0.0,,1259913.6200944432
2021-06-25 14:00:01.490,1,0.5995136854074237,663.9887408019764,0.0,,1271714.9061577567
2021-06-25 14:00:01.500,1,0.6472936477932735,661.0097973717095,0.0,,1265446.7704695296
2021-06-25 14:00:01.510,1,0.7341132090715274,670.7975220564523,0.0,,1286072.8798531382
2021-06-25 14:00:01.520,1,0.7558068636417716,669.576344721742,0.0,,1283500.0935510206
2021-06-25 14:00:01.530,1,0.7186983715387818,661.7512444808191,0.0,,1267009.904822361
2021-06-25 14:00:01.540,1,0.7090648245914469,671.6354536970067,0.0,,1287838.9661884317
2021-06-25 14:00:01.550,1,0.6230720522905494,675.836533692375,0.0,,1296698.9782048229
2021-06-25 14:00:01.560,1,0.6383828518565541,679.9463041446203,0.0,,1305375.9111927021
2021-06-25 14:00:01.570,1,0.5921519099136817,676.908731617921,0.0,,1298960.2764776838
2021-06-25 14:00:01.580,1,0.5815812596655319,676.3507213241138,0.0,,1297786.9317936313
2021-06-25 14:00:01.590,1,0.6211415072735527,675.1963734456853,0.0,,1295347.657927129
2021-06-25 14:00:01.600,1,0.8266821936621706,673.1444245556718,0.0,,1291028.8341886112
2021-06-25 14:00:01.610,1,0.6110558200101159,677.7428400895798,0.0,,1300724.0933299137
2021-06-25 14:00:01.620,1,0.7591716112285083,675.8929809000651,0.0,,1296829.5466815925
2021-06-25 14:00:01.630,1,0.5590170162515327,671.4292745086265,0.0,,1287399.4527510689
2021-06-25 14:00:01.640,1,2.3817006246036057,673.597063319104,0.0,,1292064.0990411649
2021-06-25 14:00:01.650,1,0.6916789487611418,666.3230415107157,0.0,,1276642.5791776343
2021-06-25 14:00:01.660,1,0.7432586088602416,675.4018136451663,0.0,,1295781.0086108474
2021-06-25 14:00:01.670,1,0.5519679250610638,668.9339671635548,0.0,,1282138.5634421962
2021-06-25 14:00:01.680,1,0.6673619907070109,666.768446308665,0.0,,1277578.4785153742
2021-06-25 14:00:01.690,1,0.5483525853117601,667.040055858302,0.0,,1278144.4853895083
2021-06-25 14:00:01.700,1,0.7579172911472134,665.6127227013839,0.0,,1275144.6046712121
2021-06-25 14:00:01.710,1,0.5441592972105238,670.4212053932031,0.0,,1285275.1253741551
2021-06-25 14:00:01.720,1,0.606978178308929,665.2225164156598,0.0,,1274315.3642741395
2021-06-25 14:00:01.730,1,0.6156847711316573,662.2928556530775,0.0,,1268148.276965904
2021-06-25 14:00:01.740,1,0.7263576601368648,668.5794654771313,0.0,,1281399.5505659094
2021-06-25 14:00:01.750,1,0.6897815396594635,661.3740757398297,0.0,,1266215.0416747371
2021-06-25 14:00:01.760,1,0.6146836790001452,669.9079370212534,0.0,,1284194.5897895917
2021-06-25 14:00:01.770,1,0.5774280603162458,665.5562128797153,0.0,,1275016.5867673422
2021-06-25 14:00:01.780,1,0.6128701431607696,666.0855879228471,0.0,,1276137.331419074
2021-06-25 14:00:01.790,1,0.720095218456624,657.6706536727812,0.0,,1258419.3350464469
2021-06-25 14:00:01.800,1,0.6538923725899067,663.9649440418873,0.0,,1271669.8820327327
2021-06-25 14:00:01.810,1,0.5231330545905177,665.8454517935908,0.0,,1275625.6536984069
2021-06-25 14:00:01.820,1,0.6158525706105966,656.4790144104122,0.0,,1255904.6297593208
2021-06-25 14:00:01.830,1,0.6658607138148618,664.9643771595373,0.0,,1273777.5340321362
2021-06-25 14:00:01.840,1,0.6613071003322029,667.1448124145379,0.0,,1278368.0379334227
2021-06-25 14:00:01.850,1,0.6706182659894334,662.3036005115828,0.0,,1268171.726916503
2021-06-25 14:00:01.860,1,0.4864632431143649,665.9478100488187,0.0,,1275839.6863242087
2021-06-25 14:00:01.870,1,0.5204882656431392,660.753259980512,0.0,,1264899.040296847
2021-06-25 14:00:01.880,1,0.5292043317347414,659.6432274351304,0.0,,1262560.5162848746
2021-06-25 14:00:01.890,1,0.5142474028469437,658.8274629275446,0.0,,1260841.9793881897
2021-06-25 14:00:01.900,1,0.4716287115141228,660.4235505682102,0.0,,1264200.5521209058
2021-06-25 14:00:01.910,1,0.4915828561021435,663.9342954543358,0.0,,1271595.0498309892
2021-06-25 14:00:01.920,1,0.4467606912653548,664.6870256101388,0.0,,1273181.3519151444
2021-06-25 14:00:01.930,1,0.4414219764886106,669.6363300489368,0.0,,1283609.9780898923
2021-06-25 14:00:01.940,1,0.6285437021884713,664.1808565563383,0.0,,1272124.0163807194
2021-06-25 14:00:01.950,1,0.4658042792349024,669.9928133413928,0.0,,1284366.4736311047
2021-06-25 14:00:01.960,1,0.4597302609372161,663.5213022625044,0.0,,1270722.378446559
2021-06-25 14:00:01.970,1,0.5140098185782884,668.1849461417571,0.0,,1280555.3192144176
2021-06-25 14:00:01.980,1,0.5257868181671583,664.9763833226062,0.0,,1273792.5870965132
2021-06-25 14:00:01.990,1,0.4864825465970641,664.8482846663314,0.0,,1273522.7223917446
2021-06-25 14:00:02.000,1,0.5003205448510846,669.5789248554776,0.0,,1283497.0710091402
2021-06-25 14:00:02.010,1,0.5392632049420565,665.9856802976549,0.0,,1275924.8712584272
2021-06-25 14:00:02.020,1,0.596743339296694,666.6810644671732,0.0,,1277390.0549543318
2021-06-25 14:00:02.030,1,0.5008040442560419,670.8260524553095,0.0,,1286126.6934327886
2021-06-25 14:00:02.040,1,0.4276983983855595,669.8856491466247,0.0,,1284132.7213883763
2021-06-25 14:00:02.050,1,0.4902083386257599,671.0717748813441,0.0,,1286638.6354404513
2021-06-25 14:00:02.060,1,0.4975499678586003,672.5525714208185,0.0,,1289768.0866364613
2021-06-25 14:00:02.070,1,0.4931511332403617,670.4553119534586,0.0,,1285342.7334380478
2021-06-25 14:00:02.080,1,0.6274434119034629,676.963249776367,0.0,,1299077.7597056825
2021-06-25 14:00:02.090,1,0.5089267790554989,675.4002996196864,0.0,,1295776.4139665517
2021-06-25 14:00:02.100,1,0.4410892461807069,672.1768580869343,0.0,,1288969.2862857399
2021-06-25 14:00:02.110,1,0.4860019692864517,671.9146457512318,0.0,,1288417.5029992042
2021-06-25 14:00:02.120,1,0.6051596917927502,676.9537685087453,0.0,,1299058.3246671336
2021-06-25 14:00:02.130,1,0.6497091372878204,682.5551668286682,0.0,,1310885.5411299858
2021-06-25 14:00:02.140,1,0.5158265454953858,680.4166939317392,0.0,,1306364.6795041393
2021-06-25 14:00:02.150,1,0.482293612157996,674.5430823342739,0.0,,1293967.8055332548
2021-06-25 14:00:02.160,1,0.5141839992205974,676.1860592714232,0.0,,1297434.048762451
2021-06-25 14:00:02.170,1,0.5680215349157723,673.2122585245419,0.0,,1291154.9688575575
2021-06-25 14:00:02.180,1,0.473420047633933,668.3588268679312,0.0,,1280920.5642829072
2021-06-25 14:00:02.190,1,0.4888607391791588,668.3255553361641,0.0,,1280852.115376885
2021-06-25 14:00:02.200,1,0.5874447234227798,674.0179311784838,0.0,,1292857.2502303687
2021-06-25 14:00:02.210,1,0.618089250905874,672.5736012410655,0.0,,1289816.3594204804
2021-06-25 14:00:02.220,1,0.5099625264529007,671.2464098544373,0.0,,1287015.0523525048
2021-06-25 14:00:02.230,1,0.5129006423219014,667.2331000022482,0.0,,1278548.5176776976
2021-06-25 14:00:02.240,1,0.6238378528681358,667.0731130366694,0.0,,1278218.895280433
2021-06-25 14:00:02.250,1,0.4758748875134338,667.8766479659747,0.0,,1279903.6707287463
2021-06-25 14:00:02.260,1,0.5467827647008817,670.6932725754917,0.0,,1285846.7000551457
2021-06-25 14:00:02.270,1,0.6323669496773717,667.9546613721102,0.0,,1280074.2297659458
2021-06-25 14:00:02.280,1,0.5014510407124279,663.7015962890857,0.0,,1271104.6828488375
2021-06-25 14:00:02.290,1,0.6046882234190363,662.728695284452,0.0,,1269062.2299838015
2021-06-25 14:00:02.300,1,0.6402083820603359,667.8553355612784,0.0,,1279864.242461413
2021-06-25 14:00:02.310,1,0.6564457333640811,662.297391251177,0.0,,1268156.4890368148
2021-06-25 14:00:02.320,1,0.6037301682146133,664.3803103601492,0.0,,1272542.080617792
2021-06-25 14:00:02.330,1,0.4958804474356449,666.0232865709588,0.0,,1276000.2241503322
2021-06-25 14:00:02.340,1,0.5289129079238203,662.0583141247265,0.0,,1267648.7243201793
2021-06-25 14:00:02.350,1,0.6784721275987009,663.2992760123005,0.0,,1270267.2322996717
2021-06-25 14:00:02.360,1,0.6496978526490854,665.1144992156103,0.0,,1274093.356786514
2021-06-25 14:00:02.370,1,0.5912062307707662,660.6264764102559,0.0,,1264635.1033917088
2021-06-25 14:00:02.380,1,0.6329703494683993,658.6930791383087,0.0,,1260566.896278317
2021-06-25 14:00:02.390,1,0.5078235626719066,655.5908251212093,0.0,,1254030.5690883866
2021-06-25 14:00:02.400,1,0.6964192555111145,655.3098783465821,0.0,,1253449.3968993085
2021-06-25 14:00:02.410,1,0.5464277138295135,657.9523675482134,0.0,,1259004.285141669
2021-06-25 14:00:02.420,1,0.6354035434365025,655.8886684625451,0.0,,1254665.604387619
2021-06-25 14:00:02.430,1,0.6615938914751439,655.7786371284734,0.0,,1254432.4918900821
2021-06-25 14:00:02.440,1,0.4837112894517819,654.3613074627617,0.0,,1251446.4544552173
2021-06-25 14:00:02.450,1,0.4938291184419472,659.0616433254464,0.0,,1261333.4473402568
2021-06-25 14:00:02.460,1,0.4779442516528991,657.2821528430886,0.0,,1257587.1833032055
2021-06-25 14:00:02.470,1,0.589688569779949,655.2092635820708,0.0,,1253232.243105668
2021-06-25 14:00:02.480,1,0.4550956667136335,659.0949408265517,0.0,,1261407.0555109093
2021-06-25 14:00:02.490,1,0.6401649237546839,656.1003050635547,0.0,,1255109.784682227
2021-06-25 14:00:02.500,1,0.6563583611850099,654.5206277059042,0.0,,1251786.8745037816
2021-06-25 14:00:02.510,1,0.5107898477497846,657.7970609354383,0.0,,1258677.3286175136
2021-06-25 14:00:02.520,1,0.5039095855503054,655.44908696793,0.0,,1253730.9888987534
2021-06-25 14:00:02.530,1,0.4346421457309933,657.0754894945737,0.0,,1257152.3254398815
2021-06-25 14:00:02.540,1,0.5917991424695329,659.4405785431827,0.0,,1262135.057643739
2021-06-25 14:00:02.550,1,0.5056165257964715,654.0008578950243,0.0,,1250683.5284128708
2021-06-25 14:00:02.560,1,0.4270853548874538,659.4113959089542,0.0,,1262068.1247504635
2021-06-25 14:00:02.570,1,0.4182905369600505,652.2897930721165,0.0,,1247084.6648328456
2021-06-25 14:00:02.580,1,0.6083887017721759,655.2768156901318,0.0,,1253377.1434549515
2021-06-25 14:00:02.590,1,0.5706483746784669,657.7321628397932,0.0,,1258542.024515086
2021-06-25 14:00:02.600,1,0.5518157358036117,656.6172127469214,0.0,,1256193.2679413394
2021-06-25 14:00:02.610,1,0.5518692301734294,655.2298766731943,0.0,,1253274.618274073
2021-06-25 14:00:02.620,1,0.5403351003450841,661.8513090599314,0.0,,1267212.0138128297
2021-06-25 14:00:02.630,1,0.4549569400924962,658.6183098106862,0.0,,1260400.761508875
2021-06-25 14:00:02.640,1,0.4677277624695852,660.6366281759671,0.0,,1264648.4778517112
2021-06-25 14:00:02.650,1,0.5200450071090029,654.4352007690823,0.0,,1251597.2126042696
2021-06-25 14:00:02.660,1,0.4476491630788676,657.5842684930792,0.0,,1258222.4430273161
2021-06-25 14:00:02.670,1,0.4781810838472264,663.3341425898873,0.0,,1270334.2514295985
2021-06-25 14:00:02.680,1,0.4747604077074465,658.327512119702,0.0,,1259792.6428293467
2021-06-25 14:00:02.690,1,0.5498535705620827,656.9544397653184,0.0,,1256903.4304035378
2021-06-25 14:00:02.700,1,0.3874671224679714,661.8907626431521,0.0,,1267288.8437908143
2021-06-25 14:00:02.710,1,0.464210856060357,659.0179920388578,0.0,,1261242.4325459031
2021-06-25 14:00:02.720,1,0.4668991501902991,654.9993820880318,0.0,,1252783.8018115484
2021-06-25 14:00:02.730,1,0.4077759759087538,661.9304032077183,0.0,,1267376.1542113672
2021-06-25 14:00:02.740,1,0.4978317906360879,665.9600748393439,0.0,,1275866.071083956
2021-06-25 14:00:02.750,1,0.5316459469758991,657.843666371866,0.0,,1258775.1380134646
2021-06-25 14:00:02.760,1,0.5043225228192254,668.7624930406953,0.0,,1281773.4858220138
2021-06-25 14:00:02.770,1,0.3845363033943308,655.8280750531748,0.0,,1254522.9198586028
2021-06-25 14:00:02.780,1,0.5090967059653176,656.2692483638947,0.0,,1255460.6640309778
2021-06-25 14:00:02.790,1,0.4998506782150171,662.7189378538908,0.0,,1269036.155069202
2021-06-25 14:00:02.800,1,0.4081793221382996,654.4544426550698,0.0,,1251636.2194381184
2021-06-25 14:00:02.810,1,0.4853306038042198,658.3204089529028,0.0,,1259773.2241633735
2021-06-25 14:00:02.820,1,0.5052367789665431,658.4644134869204,0.0,,1260079.9268285213
2021-06-25 14:00:02.830,1,0.5181406244920655,663.7214337086245,0.0,,1271148.1379971374
2021-06-25 14:00:02.840,1,0.4317435518414795,658.2405032739713,0.0,,1259605.0978490463
2021-06-25 14:00:02.850,1,0.5781295139991315,661.1443839934267,0.0,,1265722.8469128804
2021-06-25 14:00:02.860,1,0.5585429006252239,653.6883257169955,0.0,,1250032.434375284
2021-06-25 14:00:02.870,1,0.5666389059661079,655.3938817598902,0.0,,1253617.0846320714
2021-06-25 14:00:02.880,1,0.5310545761686195,658.6845592104285,0.0,,1260540.2127930054
2021-06-25 14:00:02.890,1,0.4757606060368824,656.6156115895228,0.0,,1256186.760498353
2021-06-25 14:00:02.900,1,0.5036043342723338,653.6265052722982,0.0,,1249896.7636409318
2021-06-25 14:00:02.910,1,0.4073207359994703,662.0122378739617,0.0,,1267544.1487570622
2021-06-25 14:00:02.920,1,0.4093459632309137,659.7680688708188,0.0,,1262818.9218128796
2021-06-25 14:00:02.930,1,0.4462446369800599,654.6874627214628,0.0,,1252123.5444461815
2021-06-25 14:00:02.940,1,0.4417955279785675,656.3162741180716,0.0,,1255552.0896945654
2021-06-25 14:00:02.950,1,0.4947835314748168,651.5445191124604,0.0,,1245518.3988888299
2021-06-25 14:00:02.960,1,0.5521979091003366,657.4363270444851,0.0,,1257916.7857137513
2021-06-25 14:00:02.970,1,0.6208558925084037,653.9565875069277,0.0,,1250602.101723879
2021-06-25 14:00:02.980,1,0.6257137117157163,647.3803708540073,0.0,,1236770.7596488048
2021-06-25 14:00:02.990,1,0.5063882693567545,649.9600839436679,0.0,,1242191.6676879637
2021-06-25 14:00:03.000,1,0.5535218037172912,651.5746892196887,0.0,,1245581.0362835024
2021-06-25 14:00:03.010,1,0.5722503020632969,648.3615517001322,0.0,,1238832.1565174742
2021-06-25 14:00:03.020,1,0.4859455253690363,648.3347303692143,0.0,,1238769.8741856471
2021-06-25 14:00:03.030,1,0.589665076759338,647.587368402309,0.0,,1237203.7374407793
2021-06-25 14:00:03.040,1,0.5868817484463306,644.21689893549,0.0,,1230125.5026743242
2021-06-25 14:00:03.050,1,0.53429238987774,646.190659726171,0.0,,1234268.2037585434
2021-06-25 14:00:03.060,1,0.6161067249386077,649.7976415778834,0.0,,1241853.0169817936
2021-06-25 14:00:03.070,1,0.5984543738622908,647.8996405512132,0.0,,1237861.9018954774
2021-06-25 14:00:03.080,1,0.4939154724751826,651.1530042175451,0.0,,1244696.9786890468
2021-06-25 14:00:03.090,1,0.483266416654514,642.7232711575299,0.0,,1226981.9242454004
2021-06-25 14:00:03.100,1,0.5356819493923668,643.2789332401527,0.0,,1228154.0435187742
2021-06-25 14:00:03.110,1,0.6669524662558199,647.1627144545424,0.0,,1236318.5259565911
2021-06-25 14:00:03.120,1,0.6620872771273651,644.1304263593282,0.0,,1229947.9838386418
2021-06-25 14:00:03.130,1,0.5846048967909919,645.3232411955702,0.0,,1232449.7196736801
2021-06-25 14:00:03.140,1,0.6422784054981535,654.1061877431107,0.0,,1250913.5270309479
2021-06-25 14:00:03.150,1,0.6673633599831099,648.1847037944108,0.0,,1238467.8844440642
2021-06-25 14:00:03.160,1,0.5123078703046088,643.5625897762119,0.0,,1228746.8222641794
2021-06-25 14:00:03.170,1,0.4914323680769792,651.9118157793525,0.0,,1246290.829950366
2021-06-25 14:00:03.180,1,0.6409117246937835,645.8487327659261,0.0,,1233558.7740438592
2021-06-25 14:00:03.190,1,0.5791270748385047,652.5821616701699,0.0,,1247708.569063699
2021-06-25 14:00:03.200,1,0.5203960582759919,647.3497790195262,0.0,,1236705.2372830966
2021-06-25 14:00:03.210,1,0.5763667264231422,648.268979425829,0.0,,1238637.6959746925
2021-06-25 14:00:03.220,1,0.4549300486758498,647.1269199954029,0.0,,1236228.3650287124
2021-06-25 14:00:03.230,1,0.6089745600006246,648.5823548432135,0.0,,1239296.96022041
2021-06-25 14:00:03.240,1,0.4957632170989101,649.7991519811088,0.0,,1241851.0988231306
2021-06-25 14:00:03.250,1,0.5937455957082519,649.7926081761793,0.0,,1241846.2921675772
2021-06-25 14:00:03.260,1,0.5733745155478277,654.9034646514561,0.0,,1252585.558155755
2021-06-25 14:00:03.270,1,0.4464093233625395,655.1533134833297,0.0,,1253110.041375626
2021-06-25 14:00:03.280,1,0.4951282669329301,652.5265355462934,0.0,,1247581.7296771707
2021-06-25 14:00:03.290,1,0.4198679826722171,653.9835533241477,0.0,,1250644.9164448888
2021-06-25 14:00:03.300,1,0.5653181278483923,659.02023555632,0.0,,1261249.598199984
2021-06-25 14:00:03.310,1,0.519640851083675,652.1863358674436,0.0,,1246870.8608804944
2021-06-25 14:00:03.320,1,0.5634914854575093,658.8988387056197,0.0,,1260996.103430042
2021-06-25 14:00:03.330,1,0.5647829324032999,656.6782014840077,0.0,,1256321.9646972304
2021-06-25 14:00:03.340,1,0.5473320300694133,657.0252554060037,0.0,,1257049.8573918808
2021-06-25 14:00:03.350,1,0.5082921668455082,658.678415276994,0.0,,1260528.4813645536
2021-06-25 14:00:03.360,1,0.4206043238918642,655.2424076353941,0.0,,1253291.8162332964
2021-06-25 14:00:03.370,1,0.4395417945034147,661.7964427149266,0.0,,1267096.5339408068
2021-06-25 14:00:03.380,1,0.5714939544284295,660.4670310084446,0.0,,1264298.5560043785
2021-06-25 14:00:03.390,1,0.4485470343779199,660.2326996026552,0.0,,1263797.080573892
2021-06-25 14:00:03.400,1,0.5162145834491957,660.6297532674346,0.0,,1264640.8345373224
2021-06-25 14:00:03.410,1,0.5284756885184659,664.3821937090129,0.0,,1272538.8505544807
2021-06-25 14:00:03.420,1,0.4073423190386454,657.0882183631633,0.0,,1257174.7667341623
2021-06-25 14:00:03.430,1,0.4760000381800784,664.1481778173152,0.0,,1272045.1386303862
2021-06-25 14:00:03.440,1,0.5595624340249653,662.3387579825171,0.0,,1268236.3103190118
2021-06-25 14:00:03.450,1,0.5525271348855074,665.6416049768891,0.0,,1275194.0054850606
2021-06-25 14:00:03.460,1,0.3870076350586189,662.3321954917632,0.0,,1268216.004071051
2021-06-25 14:00:03.470,1,0.4853739661638355,658.1562856044277,0.0,,1259430.7718113796
2021-06-25 14:00:03.480,1,0.5607283057786985,661.6845003415539,0.0,,1266863.1857948126
2021-06-25 14:00:03.490,1,0.3926925794103135,658.6288966281224,0.0,,1260422.6611336856
2021-06-25 14:00:03.500,1,0.4090810340112488,664.4447298672144,0.0,,1272666.4205441838
2021-06-25 14:00:03.510,1,0.4768771346920969,662.2111715584898,0.0,,1267965.0995942848
2021-06-25 14:00:03.520,1,0.4481641430237835,664.9385630776645,0.0,,1273709.8181213422
2021-06-25 14:00:03.530,1,0.4885487689763381,670.5327109575787,0.0,,1285504.2798240064
2021-06-25 14:00:03.540,1,0.5790879655471589,663.5366313181772,0.0,,1270764.1893936617
2021-06-25 14:00:03.550,1,0.5332023309340316,667.3963224949418,0.0,,1278893.4974069998
2021-06-25 14:00:03.560,1,0.4585994612844783,663.7631730726163,0.0,,1271235.9832964798
2021-06-25 14:00:03.570,1,0.539236563189176,659.3490298475788,0.0,,1261943.3686913936
2021-06-25 14:00:03.580,1,0.4107651296761286,667.4156734362566,0.0,,1278925.068308835
2021-06-25 14:00:03.590,1,0.5468242686153971,657.9855038069796,0.0,,1259070.4727586664
2021-06-25 14:00:03.600,1,0.526752664433641,661.3520384421248,0.0,,1266158.6027329215
2021-06-25 14:00:03.610,1,0.5366566996282218,661.8903323672046,0.0,,1267293.2527438158
2021-06-25 14:00:03.620,1,0.5129248992624728,662.3971930431887,0.0,,1268358.7350585714
2021-06-25 14:00:03.630,1,0.4684057648931895,661.1735793939707,0.0,,1265782.6523872716
2021-06-25 14:00:03.640,1,0.4619259479083811,661.1015260916672,0.0,,1265627.370783074
2021-06-25 14:00:03.650,1,0.5309508227187095,664.9929916978592,0.0,,1273829.6304157972
2021-06-25 14:00:03.660,1,0.4936883450250099,664.3878298021599,0.0,,1272554.8309249978
2021-06-25 14:00:03.670,1,0.5684732350749279,650.2319094851723,0.0,,1242761.890195758
2021-06-25 14:00:03.680,1,0.4897535236208001,660.414215017198,0.0,,1264180.7965177505
2021-06-25 14:00:03.690,1,0.4537266825135809,657.836581975445,0.0,,1258754.7467818735
2021-06-25 14:00:03.700,1,0.6373096018767967,652.6238025308157,0.0,,1247795.8689064523
2021-06-25 14:00:03.710,1,0.6551032068169494,655.1274605088657,0.0,,1253060.2048733626
2021-06-25 14:00:03.720,1,0.5261251755109082,659.0796019112521,0.0,,1261376.2626743526
2021-06-25 14:00:03.730,1,0.4689853068245534,657.75109068225,0.0,,1258573.5252484072
2021-06-25 14:00:03.740,1,0.5760556829321396,662.7857011423251,0.0,,1269181.7377186066
2021-06-25 14:00:03.750,1,0.5395980010452068,654.6270055375793,0.0,,1252006.4730232814
2021-06-25 14:00:03.760,1,0.6543914443720015,656.6640948385117,0.0,,1256300.3024428447
2021-06-25 14:00:03.770,1,0.6292438518643805,659.3123773176053,0.0,,1261865.6409002063
2021-06-25 14:00:03.780,1,0.5668051991280304,654.6087134844578,0.0,,1251966.7645457631
2021-06-25 14:00:03.790,1,0.6291927128954635,656.9866997635851,0.0,,1256979.7110169146
2021-06-25 14:00:03.800,1,0.6069074066906079,649.4248137551542,0.0,,1241071.3406239676
2021-06-25 14:00:03.810,1,0.6612013388967863,655.3065077498945,0.0,,1253437.1302199336
2021-06-25 14:00:03.820,1,0.5879630261111954,649.5791944678949,0.0,,1241393.3671706207
2021-06-25 14:00:03.830,1,0.5800408681593454,654.32166277667,0.0,,1251363.312723757
2021-06-25 14:00:03.840,1,0.4730900554998792,659.7948998016927,0.0,,1262875.8878111246
2021-06-25 14:00:03.850,1,0.7012222913096088,651.2087537057707,0.0,,1244828.2390873993
2021-06-25 14:00:03.860,1,0.4951932800560849,656.783086607444,0.0,,1256541.5487043706
2021-06-25 14:00:03.870,1,0.5293978715857381,653.0761850475218,0.0,,1248742.8824610205
2021-06-25 14:00:03.880,1,0.5904060396478132,646.5942929006981,0.0,,1235118.9040197248
2021-06-25 14:00:03.890,1,0.5333421009778474,656.6969841855889,0.0,,1256359.993760884
2021-06-25 14:00:03.900,1,0.495007747456738,657.4347666496433,0.0,,1257908.7463421756
2021-06-25 14:00:03.910,1,0.5312611792231395,658.5816355192758,0.0,,1260329.3946971477
2021-06-25 14:00:03.920,1,0.4750908577888232,657.6963944399663,0.0,,1258461.6798015782
2021-06-25 14:00:03.930,1,0.5178791587245827,661.7576859766796,0.0,,1267017.0141352778
2021-06-25 14:00:03.940,1,0.5991974714395715,664.5108699797396,0.0,,1272818.8094843293
2021-06-25 14:00:03.950,1,0.5779590288086169,661.2632517075043,0.0,,1265976.1186256432
2021-06-25 14:00:03.960,1,0.5267643389522542,654.3497512543133,0.0,,1251420.0134775178
2021-06-25 14:00:03.970,1,0.5798495972655331,663.5305543261662,0.0,,1270751.1878952258
2021-06-25 14:00:03.980,1,0.5646521522598753,662.7801139333811,0.0,,1269170.5805535312
2021-06-25 14:00:03.990,1,0.5655417398488167,658.1014659592158,0.0,,1259321.7024559048
2021-06-25 14:00:04.000,1,0.6444799225214465,656.1470682466976,0.0,,1255206.4831790181
2021-06-25 14:00:04.010,1,0.450929482466034,656.8911399965709,0.0,,1256767.5816629648
2021-06-25 14:00:04.020,1,0.5842745412079805,666.018770613405,0.0,,1275991.6782911678
2021-06-25 14:00:04.030,1,0.5405941542282481,660.2541760647737,0.0,,1263847.5293366944
2021-06-25 14:00:04.040,1,0.6437145964895382,666.0046236727334,0.0,,1275966.5127633018
2021-06-25 14:00:04.050,1,0.490795156809158,659.2396068975711,0.0,,1261714.1336674893
2021-06-25 14:00:04.060,1,0.6235299633539877,663.3264260361776,0.0,,1270321.8125156444
2021-06-25 14:00:04.070,1,0.5254015433112372,662.7940882581422,0.0,,1269198.4846266627
2021-06-25 14:00:04.080,1,0.5688367118685332,665.0630885216506,0.0,,1273979.53418041
2021-06-25 14:00:04.090,1,0.5904799086628261,660.1762209405101,0.0,,1263684.7161243258
2021-06-25 14:00:04.100,1,0.4405125897356503,655.2963183076245,0.0,,1253409.2070625934
2021-06-25 14:00:04.110,1,0.5136752725134132,658.3859841686234,0.0,,1259916.1076247196
2021-06-25 14:00:04.120,1,0.5959188586614729,663.6355673862035,0.0,,1270973.7691168543
2021-06-25 14:00:04.130,1,0.5829017168965612,659.7843468892928,0.0,,1262863.6045055522
2021-06-25 14:00:04.140,1,0.4391003362265408,662.0808812306518,0.0,,1267692.7442862254
2021-06-25 14:00:04.150,1,0.4364613089202623,663.825507197095,0.0,,1271364.4028060832
2021-06-25 14:00:04.160,1,0.4651575454692814,661.9231220272883,0.0,,1267358.8375443902
2021-06-25 14:00:04.170,1,0.4479831778983134,661.7767232730067,0.0,,1267049.2309470836
2021-06-25 14:00:04.180,1,0.5899903131395975,657.3077298011161,0.0,,1257648.955150424
2021-06-25 14:00:04.190,1,0.4899273857956093,663.667385729283,0.0,,1271034.8435005983
2021-06-25 14:00:04.200,1,0.4252057696018579,667.6413378247149,0.0,,1279407.394920332
2021-06-25 14:00:04.210,1,0.4589989993816297,656.671287293138,0.0,,1256304.7229614826
2021-06-25 14:00:04.220,1,0.4650907845232095,662.5378998172929,0.0,,1268651.3142265514
2021-06-25 14:00:04.230,1,0.5117144156501465,654.6825704505629,0.0,,1252122.1243861672
2021-06-25 14:00:04.240,1,0.4669151611715603,653.8987905868403,0.0,,1250469.8494107127
2021-06-25 14:00:04.250,1,0.5687799593824184,653.6166033531506,0.0,,1249884.6223897869
2021-06-25 14:00:04.260,1,0.5980944078032948,653.9705227680605,0.0,,1250625.1938519045
2021-06-25 14:00:04.270,1,0.6320735331571419,651.7881362759955,0.0,,1246038.5406311788
2021-06-25 14:00:04.280,1,0.4828320549348802,651.2509744602316,0.0,,1244903.0128026453
2021-06-25 14:00:04.290,1,0.6106342531398469,652.2530614775325,0.0,,1247014.2273485376
2021-06-25 14:00:04.300,1,0.5864871156239347,655.4893449491126,0.0,,1253820.0679928728
2021-06-25 14:00:04.310,1,0.5515035300801028,648.1817147130972,0.0,,1238452.0705815596
2021-06-25 14:00:04.320,1,0.5996331339913736,642.4820793900202,0.0,,1226479.4522779728
2021-06-25 14:00:04.330,1,0.5893340793722892,648.23768790925,0.0,,1238571.6606606566
2021-06-25 14:00:04.340,1,0.5116871500734709,643.8782115814056,0.0,,1229408.7753165655
2021-06-25 14:00:04.350,1,0.6109844420606887,643.5670627898294,0.0,,1228760.9938643512
2021-06-25 14:00:04.360,1,0.5869766201061266,647.1134743613774,0.0,,1236212.3570930772
2021-06-25 14:00:04.370,1,0.6035339014348504,646.8948972425608,0.0,,1235752.9233508788
2021-06-25 14:00:04.380,1,0.6743236082684289,642.6204213645615,0.0,,1226777.1519073625
2021-06-25 14:00:04.390,1,0.6612102060030272,645.7858352250172,0.0,,1233429.7592040906
2021-06-25 14:00:04.400,1,0.6378285877335376,642.2170731409817,0.0,,1225929.430794616
2021-06-25 14:00:04.410,1,0.5760690224326946,639.3226122509902,0.0,,1219848.0502831491
2021-06-25 14:00:04.420,1,0.5903534976588953,639.5659864729095,0.0,,1220359.2146341698
2021-06-25 14:00:04.430,1,0.5885571249264496,641.5350471420111,0.0,,1224493.9298643323
2021-06-25 14:00:04.440,1,0.7274153162643759,638.3295341603309,0.0,,1217775.231990103
2021-06-25 14:00:04.450,1,0.6974076120685327,643.7325021765996,0.0,,1229113.925571173
2021-06-25 14:00:04.460,1,0.7403267448376868,642.9947149540296,0.0,,1227564.6370772119
2021-06-25 14:00:04.470,1,0.7470479635297623,636.1446106895961,0.0,,1213192.9903507433
2021-06-25 14:00:04.480,1,0.5625300250605202,642.1333983562669,0.0,,1225751.07445588
2021-06-25 14:00:04.490,1,0.7320449571267369,640.4328043834164,0.0,,1222182.809211654
2021-06-25 14:00:04.500,1,0.658541295934937,639.2060180202465,0.0,,1219609.8020173414
2021-06-25 14:00:04.510,1,0.5957207722143447,646.4457355116906,0.0,,1234805.432026764
2021-06-25 14:00:04.520,1,0.7115976274115204,642.2982311493685,0.0,,1226098.9866086564
2021-06-25 14:00:04.530,1,0.6663427201867143,641.0404520142959,0.0,,1223457.5810905122
2021-06-25 14:00:04.540,1,0.5750431076335542,644.0678689050883,0.0,,1229810.540595398
2021-06-25 14:00:04.550,1,0.6963053257113418,638.8283444492175,0.0,,1218818.9488574082
2021-06-25 14:00:04.560,1,0.6522610873831982,641.5182317115367,0.0,,1224461.177135001
2021-06-25 14:00:04.570,1,0.5744053255449498,643.9789858624689,0.0,,1229625.203148843
2021-06-25 14:00:04.580,1,0.5539164205477534,647.0147724493394,0.0,,1236007.336777993
2021-06-25 14:00:04.590,1,0.6001132748049516,641.4936970709773,0.0,,1224409.7641394804
2021-06-25 14:00:04.600,1,0.5531321743767604,649.4668899773128,0.0,,1241156.8129978443
2021-06-25 14:00:04.610,1,0.5963725466470015,650.3295699937528,0.0,,1242968.7847902244
2021-06-25 14:00:04.620,1,0.6312521274808874,642.0683564589306,0.0,,1225620.2207886884
2021-06-25 14:00:04.630,1,0.6882892899926688,644.8213067738982,0.0,,1231402.4336869065
2021-06-25 14:00:04.640,1,0.7375774353333141,644.247516843156,0.0,,1230201.2875036856
2021-06-25 14:00:04.650,1,0.6853468907448301,645.5106027108824,0.0,,1232847.3662313495
2021-06-25 14:00:04.660,1,0.594297365364425,649.5856971561299,0.0,,1241409.191211961
2021-06-25 14:00:04.670,1,0.5190076589178779,647.741714351436,0.0,,1237528.3511269516
2021-06-25 14:00:04.680,1,0.6567519279366778,657.6111758773643,0.0,,1258290.7655147046
2021-06-25 14:00:04.690,1,0.5502600007262534,649.9780304928655,0.0,,1242229.7275770826
2021-06-25 14:00:04.700,1,0.6790408127410327,652.3781120973454,0.0,,1247277.8769529052
2021-06-25 14:00:04.710,1,0.5137349564110466,650.154834863278,0.0,,1242596.8432911066
2021-06-25 14:00:04.720,1,0.6034252474297184,652.6362811548781,0.0,,1247819.6854406754
2021-06-25 14:00:04.730,1,0.5755498923187893,657.224086781121,0.0,,1257472.9514666616
2021-06-25 14:00:04.740,1,0.7002926709955607,647.9945935457918,0.0,,1238070.6273345298
2021-06-25 14:00:04.750,1,0.6163516801931933,650.0893110599342,0.0,,1242465.9705874275
2021-06-25 14:00:04.760,1,0.4993569445758817,649.3007871804591,0.0,,1240806.923031096
2021-06-25 14:00:04.770,1,0.7121467173429434,659.0340441412462,0.0,,1261287.971287094
2021-06-25 14:00:04.780,1,0.5996532501342301,656.5835987817726,0.0,,1256128.0431581007
2021-06-25 14:00:04.790,1,0.6859372996395451,652.6343088933608,0.0,,1247818.4971263728
2021-06-25 14:00:04.800,1,0.5784326070456869,649.2916695008398,0.0,,1240788.6851480072
2021-06-25 14:00:04.810,1,0.6817150202866098,654.9867764331684,0.0,,1252771.4469736328
2021-06-25 14:00:04.820,1,0.5010135491907719,651.2806835795852,0.0,,1244964.01655039
2021-06-25 14:00:04.830,1,0.4838543466136728,655.7130622617115,0.0,,1254290.2850130817
2021-06-25 14:00:04.840,1,0.524522528487726,653.9707066105608,0.0,,1250626.5478554412
2021-06-25 14:00:04.850,1,0.5464771975804747,653.4786037902562,0.0,,1249588.8613286463
2021-06-25 14:00:04.860,1,0.5821368766317796,651.5730629755348,0.0,,1245582.1815982454
2021-06-25 14:00:04.870,1,0.5373555195115187,650.3213276806666,0.0,,1242951.0383088645
2021-06-25 14:00:04.880,1,0.6653476093523305,655.4051762313833,0.0,,1253646.3086169816
2021-06-25 14:00:04.890,1,0.5825935152338618,651.1427827121652,0.0,,1244678.0684666357
2021-06-25 14:00:04.900,1,0.4857858412665425,652.3721549526042,0.0,,1247260.376277934
2021-06-25 14:00:04.910,1,0.6413346783110524,652.4693801734375,0.0,,1247474.2236793058
2021-06-25 14:00:04.920,1,0.5189791444791354,654.106337242631,0.0,,1250909.7339617966
2021-06-25 14:00:04.930,1,0.575922388050595,649.7460538751095,0.0,,1241743.3463511697
2021-06-25 14:00:04.940,1,0.46024404556374,649.0938488751709,0.0,,1240361.2844927092
2021-06-25 14:00:04.950,1,0.4719921507811525,649.3159910786798,0.0,,1240832.9911707803
2021-06-25 14:00:04.960,1,0.5921042711992789,650.2625489271447,0.0,,1242832.409069624
2021-06-25 14:00:04.970,1,0.620929357854528,653.890436503475,0.0,,1250457.021910368
2021-06-25 14:00:04.980,1,0.6485127559297772,648.6957306678906,0.0,,1239537.7467819238
2021-06-25 14:00:04.990,1,0.5317573677026743,648.2598350116334,0.0,,1238615.9174374708
2021-06-25 14:00:05.000,1,0.6409090612172181,648.7685566152769,0.0,,1239691.9916527038
2021-06-25 14:00:05.010,1,0.5454327572387588,653.7180326384847,0.0,,1250095.4886861052
2021-06-25 14:00:05.020,1,0.5250173200396449,643.9901777596683,0.0,,1229647.5767383443
2021-06-25 14:00:05.030,1,0.5671387091439386,647.2275748792281,0.0,,1236449.3390471933
2021-06-25 14:00:05.040,1,0.6211652591479306,646.9084993069116,0.0,,1235781.4295853793
2021-06-25 14:00:05.050,1,0.6289561908723552,648.1398047620556,0.0,,1238369.6345296863
2021-06-25 14:00:05.060,1,0.5459273469242798,644.8070522200811,0.0,,1231361.8430103248
2021-06-25 14:00:05.070,1,0.7086613194972131,648.905652113799,0.0,,1239983.9534965255
2021-06-25 14:00:05.080,1,0.5238364157330003,647.0106517522368,0.0,,1235991.2547216709
2021-06-25 14:00:05.090,1,0.6610692384139193,648.8952829301611,0.0,,1239959.3002103395
2021-06-25 14:00:05.100,1,0.4994950872065457,646.8633191769609,0.0,,1235677.526799146
2021-06-25 14:00:05.110,1,0.6350464070889371,650.9734891164967,0.0,,1244325.8257598458
2021-06-25 14:00:05.120,1,0.5091542846292862,645.5142546637551,0.0,,1232847.1105747763
2021-06-25 14:00:05.130,1,0.7170006556801284,642.9894482100892,0.0,,1227552.3622078302
2021-06-25 14:00:05.140,1,0.7290568066260894,646.3758259269135,0.0,,1234668.8365332007
2021-06-25 14:00:05.150,1,0.6577679482957578,645.7288338328493,0.0,,1233307.7621192264
2021-06-25 14:00:05.160,1,0.696147954938263,651.5984569898443,0.0,,1245643.820704339
2021-06-25 14:00:05.170,1,0.5356207100712228,646.5290299334803,0.0,,1234975.6688313456
2021-06-25 14:00:05.180,1,0.7633325282922273,651.1609427217007,0.0,,1244725.073851435
2021-06-25 14:00:05.190,1,0.7024908296562747,659.1636169902391,0.0,,1261563.4161030892
2021-06-25 14:00:05.200,1,0.7136369982188877,652.9054386260663,0.0,,1248390.6088915984
2021-06-25 14:00:05.210,1,0.6600156337742503,656.8925258016036,0.0,,1256780.7544434192
2021-06-25 14:00:05.220,1,0.694036554604879,653.7259896609173,0.0,,1250115.8040220465
2021-06-25 14:00:05.230,1,0.6520216407236717,655.9921128004138,0.0,,1254884.2981374236
2021-06-25 14:00:05.240,1,0.6346192991362469,655.3169457687733,0.0,,1253460.0246949845
2021-06-25 14:00:05.250,1,0.7203198792315547,656.5099815495569,0.0,,1255976.8184884207
2021-06-25 14:00:05.260,1,0.6137310916550023,659.1096380253379,0.0,,1261439.8096843022
2021-06-25 14:00:05.270,1,0.660193396871231,655.1682772398755,0.0,,1253147.7244408934
2021-06-25 14:00:05.280,1,0.6350763555986185,657.6451160374213,0.0,,1258360.5280517489
2021-06-25 14:00:05.290,1,0.5933309145303025,655.7311306257454,0.0,,1254333.3961257741
2021-06-25 14:00:05.300,1,0.5716809381883072,656.1185964471871,0.0,,1255142.2978430982
2021-06-25 14:00:05.310,1,0.7770186144851358,668.7863493238763,0.0,,1281836.0778840824
2021-06-25 14:00:05.320,1,0.731427402071337,663.1981561928718,0.0,,1270057.045586885
2021-06-25 14:00:05.330,1,0.7834129005661873,659.2930732733095,0.0,,1261836.3329903316
2021-06-25 14:00:05.340,1,0.5674052833604429,662.6096231356262,0.0,,1268809.6599988788
2021-06-25 14:00:05.350,1,0.754133729980513,665.6591178237114,0.0,,1275245.7519516477
2021-06-25 14:00:05.360,1,0.5557785879897029,664.6214508359845,0.0,,1273048.4061277744
2021-06-25 14:00:05.370,1,0.533593690005749,656.4747579655156,0.0,,1255892.5201010338
2021-06-25 14:00:05.380,1,0.7418232389445804,665.027454491042,0.0,,1273914.6238429362
2021-06-25 14:00:05.390,1,0.5421476440575832,670.236279687841,0.0,,1284880.9509217618
2021-06-25 14:00:05.400,1,0.5984250708654978,664.8144959515247,0.0,,1273457.5735474897
2021-06-25 14:00:05.410,1,0.6653603837867641,668.6856370469094,0.0,,1281620.2577024887
2021-06-25 14:00:05.420,1,0.6275700471176954,668.6647434463788,0.0,,1281575.8870744877
2021-06-25 14:00:05.430,1,0.5333678232642743,667.6350148516982,0.0,,1279394.5312246794
2021-06-25 14:00:05.440,1,0.699960779486191,661.0672425172464,0.0,,1265569.1341864336
2021-06-25 14:00:05.450,1,0.6393724674404173,662.6501141224285,0.0,,1268900.2648976033
2021-06-25 14:00:05.460,1,0.6498226359431464,672.6522791534676,0.0,,1289982.4442864677
2021-06-25 14:00:05.470,1,0.5907310135680757,671.5523359723776,0.0,,1287659.919926008
2021-06-25 14:00:05.480,1,0.6841215524028325,661.0416353194341,0.0,,1265515.9131931043
2021-06-25 14:00:05.490,1,0.5070510328392224,668.6003155833911,0.0,,1281428.3071218256
2021-06-25 14:00:05.500,1,0.6995936281989413,664.1143670437575,0.0,,1271987.1914329822
2021-06-25 14:00:05.510,1,0.5462530933619337,668.3721059409506,0.0,,1280953.9572321677
2021-06-25 14:00:05.520,1,0.5152837845879509,665.2078374898335,0.0,,1274281.6870423988
2021-06-25 14:00:05.530,1,0.6160919583904698,662.8690610248462,0.0,,1269354.4004480855
2021-06-25 14:00:05.540,1,0.4643562110169051,665.2670494756213,0.0,,1274401.6788068279
2021-06-25 14:00:05.550,1,0.6033652080869685,662.7323905798179,0.0,,1269070.8453162466
2021-06-25 14:00:05.560,1,0.5031425807908599,668.5052204801111,0.0,,1281232.3115981263
2021-06-25 14:00:05.570,1,0.5827791511438335,659.9862655416516,0.0,,1263284.4546417985
2021-06-25 14:00:05.580,1,0.6346043960458329,658.2049404977244,0.0,,1259538.3812688265
2021-06-25 14:00:05.590,1,0.5887262484412105,658.4684178094752,0.0,,1260089.7742044262
2021-06-25 14:00:05.600,1,0.4945615480974479,660.1073130235412,0.0,,1263535.2949053508
2021-06-25 14:00:05.610,1,0.6117883906055143,662.2214674785719,0.0,,1267996.9877200997
2021-06-25 14:00:05.620,1,0.4500293807668989,650.4409724644294,0.0,,1243197.3112703443
2021-06-25 14:00:05.630,1,0.4446902470620226,661.6728620144111,0.0,,1266831.5259411575
2021-06-25 14:00:05.640,1,0.4634601942548443,658.2314831001936,0.0,,1259589.9825050686
2021-06-25 14:00:05.650,1,0.4935595938142162,662.6324016142687,0.0,,1268851.314732236
2021-06-25 14:00:05.660,1,0.4391605151351408,656.6194689636594,0.0,,1256193.8699104877
2021-06-25 14:00:05.670,1,0.6298115649975959,653.3611339040498,0.0,,1249347.743276143
2021-06-25 14:00:05.680,1,0.6054363933798808,653.3100534412657,0.0,,1249237.3011557725
2021-06-25 14:00:05.690,1,0.6125400500593949,659.0133365773578,0.0,,1261238.9443272394
2021-06-25 14:00:05.700,1,0.5647431498563344,651.1042800724397,0.0,,1244600.5904349
2021-06-25 14:00:05.710,1,0.6113184384251131,649.1012208796544,0.0,,1240393.0430067019
2021-06-25 14:00:05.720,1,0.4423277552237868,655.7954951641267,0.0,,1254458.8843468393
2021-06-25 14:00:05.730,1,0.5871078874515847,653.9625510973251,0.0,,1250609.8561936687
2021-06-25 14:00:05.740,1,0.6211790896584741,656.4811280190409,0.0,,1255911.1244657252
2021-06-25 14:00:05.750,1,0.6345406172124638,654.5104993176492,0.0,,1251763.2275284627
2021-06-25 14:00:05.760,1,0.4891974268850654,650.4864005487253,0.0,,1243295.9668401198
2021-06-25 14:00:05.770,1,0.6079244956814153,650.2798981223002,0.0,,1242866.724813914
2021-06-25 14:00:05.780,1,0.5274168090555714,651.2513905919153,0.0,,1244905.5577247671
2021-06-25 14:00:05.790,1,0.5255135714338032,653.2159443338235,0.0,,1249036.9656446963
2021-06-25 14:00:05.800,1,0.5847084061923417,642.7046340658893,0.0,,1226947.097631023
2021-06-25 14:00:05.810,1,0.6949666070154195,650.0066778365633,0.0,,1242303.310736471
2021-06-25 14:00:05.820,1,0.6397330431236147,649.5836184601858,0.0,,1241402.8495132984
2021-06-25 14:00:05.830,1,0.6245272213136207,659.0574368418819,0.0,,1261335.0181611755
2021-06-25 14:00:05.840,1,0.7032287525689673,655.9312557844406,0.0,,1254757.7281876043
2021-06-25 14:00:05.850,1,0.6783118920384127,651.5542139502637,0.0,,1245547.164542102
2021-06-25 14:00:05.860,1,0.6334034049602639,654.7076264060593,0.0,,1252178.3312525155
2021-06-25 14:00:05.870,1,0.5882914264569741,646.3938994631528,0.0,,1234701.1594908107
2021-06-25 14:00:05.880,1,0.7263286300452335,652.3040774301462,0.0,,1247125.1992906304
2021-06-25 14:00:05.890,1,0.7306519774720854,652.7462550124056,0.0,,1248062.669018432
2021-06-25 14:00:05.900,1,0.5320256989115989,655.8760643389046,0.0,,1254631.359164529
2021-06-25 14:00:05.910,1,0.5682651753494412,644.5677768207253,0.0,,1230856.8245379452
2021-06-25 14:00:05.920,1,0.6661657006489261,649.7708935159168,0.0,,1241799.806545702
2021-06-25 14:00:05.930,1,0.5920308484555064,653.4893650763269,0.0,,1249615.6236760942
2021-06-25 14:00:05.940,1,0.6871310788268005,649.4485271645048,0.0,,1241120.076807157
2021-06-25 14:00:05.950,1,0.6476501284922475,651.6293160627544,0.0,,1245703.9744252565
2021-06-25 14:00:05.960,1,0.7070568581372085,651.3144570055837,0.0,,1245047.772199338
2021-06-25 14:00:05.970,1,0.5103037417037135,656.6897887260708,0.0,,1256341.0712541968
2021-06-25 14:00:05.980,1,0.5615350116910156,656.5177534981493,0.0,,1255982.9115905808
2021-06-25 14:00:05.990,1,0.6222713345844862,653.7847798679114,0.0,,1250239.2952979056
2021-06-25 14:00:06.000,1,0.614003471279455,651.8056172057801,0.0,,1246073.937061716
2021-06-25 14:00:06.010,1,0.6562279820897071,654.319387150925,0.0,,1251364.932144768
2021-06-25 14:00:06.020,1,0.6769394224733228,655.2823840193394,0.0,,1253391.214873002
2021-06-25 14:00:06.030,1,0.5331289136718672,658.0002572608586,0.0,,1259106.6242750036
2021-06-25 14:00:06.040,1,0.5273789114706899,662.1426078910354,0.0,,1267827.2147495563
2021-06-25 14:00:06.050,1,0.6345015737902202,661.6257603861773,0.0,,1266741.6747168158
2021-06-25 14:00:06.060,1,0.6725579852272621,659.703476679607,0.0,,1262692.459868578
2021-06-25 14:00:06.070,1,0.6231971390852507,655.431051183868,0.0,,1253700.0335815889
2021-06-25 14:00:06.080,1,0.7014381907355937,655.5972382132908,0.0,,1254053.6039405295
2021-06-25 14:00:06.090,1,0.5395244358588988,660.1457299046922,0.0,,1263619.5460502226
2021-06-25 14:00:06.100,1,0.6424542364014125,660.714749761549,0.0,,1264820.9620069866
2021-06-25 14:00:06.110,1,0.6907640858355651,652.9013547946963,0.0,,1248381.6439049314
2021-06-25 14:00:06.120,1,0.6509018911304546,653.8847067026114,0.0,,1250444.913589315
2021-06-25 14:00:06.130,1,0.5487642514714389,659.9908536603688,0.0,,1263297.1783664648
2021-06-25 14:00:06.140,1,0.5090445180457973,659.1307500260536,0.0,,1261483.0497501092
2021-06-25 14:00:06.150,1,0.5521589405527134,657.7006398649032,0.0,,1258474.12145851
2021-06-25 14:00:06.160,1,0.5151102229073288,660.9758403937063,0.0,,1265371.3814359738
2021-06-25 14:00:06.170,1,0.6152750066931301,652.8365912796061,0.0,,1248246.2107371944
2021-06-25 14:00:06.180,1,0.6424337268659294,657.6082654171381,0.0,,1258280.1190879303
2021-06-25 14:00:06.190,1,0.4626230670975886,658.1925894337063,0.0,,1259505.4569094751
2021-06-25 14:00:06.200,1,0.6789005224345781,651.9044126744637,0.0,,1246285.434422119
2021-06-25 14:00:06.210,1,0.6564850577880084,660.1304916438512,0.0,,1263593.5950248751
2021-06-25 14:00:06.220,1,0.6201212830226519,650.1484711244085,0.0,,1242592.373089863
2021-06-25 14:00:06.230,1,0.4691135161820727,652.4472631838048,0.0,,1247418.08479107
2021-06-25 14:00:06.240,1,0.471484903444395,646.4864902684723,0.0,,1234883.698488907
2021-06-25 14:00:06.250,1,0.6176933076883555,657.3967143930287,0.0,,1257835.0373526628
2021-06-25 14:00:06.260,1,0.4328056583391564,652.8293469582068,0.0,,1248216.5829252726
2021-06-25 14:00:06.270,1,0.6376511171281991,651.7832341602242,0.0,,1246030.6149848856
2021-06-25 14:00:06.280,1,0.6256652228338393,654.5627000643663,0.0,,1251870.6851013568
2021-06-25 14:00:06.290,1,0.4456421205792855,650.3430178440776,0.0,,1242987.5403124867
2021-06-25 14:00:06.300,1,0.4717534034447915,652.0955488486633,0.0,,1246678.5019490353
2021-06-25 14:00:06.310,1,0.4628593387720919,652.0989004468662,0.0,,1246687.0154883626
2021-06-25 14:00:06.320,1,0.5978865582186552,641.2256419321503,0.0,,1223845.0902649295
2021-06-25 14:00:06.330,1,0.5637260448351783,643.3928333594347,0.0,,1228394.4967786006
2021-06-25 14:00:06.340,1,0.4701043037134045,649.3553677613634,0.0,,1240916.534520333
2021-06-25 14:00:06.350,1,0.5340421527499332,646.3752763663315,0.0,,1234659.8256293617
2021-06-25 14:00:06.360,1,0.6035095203883475,643.4641074314403,0.0,,1228546.5230650387
2021-06-25 14:00:06.370,1,0.5803179071453393,647.0696875214443,0.0,,1236117.9620263153
2021-06-25 14:00:06.380,1,0.4443101352831291,642.2365224316036,0.0,,1225961.3244678003
2021-06-25 14:00:06.390,1,0.4473312119823375,645.0501594103868,0.0,,1231870.3709453
2021-06-25 14:00:06.400,1,0.5750346242300525,640.3321676580492,0.0,,1221968.0466227857
2021-06-25 14:00:06.410,1,0.6074684069537789,637.1997144503036,0.0,,1215397.2088404817
2021-06-25 14:00:06.420,1,0.5267295957132061,652.536737624891,0.0,,1247609.5905130967
2021-06-25 14:00:06.430,1,0.5561493734858135,647.2306128606808,0.0,,1236454.1355585034
2021-06-25 14:00:06.440,1,0.5409311516251383,642.5034823023365,0.0,,1226523.81401003
2021-06-25 14:00:06.450,1,0.4396894911546025,644.0211354354202,0.0,,1229706.549846166
2021-06-25 14:00:06.460,1,0.5959717738936475,647.4059445515222,0.0,,1236827.234623015
2021-06-25 14:00:06.470,1,0.5155818692045829,644.9019410132654,0.0,,1231561.2917950738
2021-06-25 14:00:06.480,1,0.463708342165241,641.6936233529973,0.0,,1224820.2853870871
2021-06-25 14:00:06.490,1,0.5892438380019529,644.5956490398182,0.0,,1230923.8792963643
2021-06-25 14:00:06.500,1,0.6041742514718643,643.544951033022,0.0,,1228713.8629332923
2021-06-25 14:00:06.510,1,0.5873461917771906,649.4800063778066,0.0,,1241181.4531284207
2021-06-25 14:00:06.520,1,0.6194858308710981,644.570235576463,0.0,,1230867.574347043
2021-06-25 14:00:06.530,1,0.5905799640783204,646.5626141301802,0.0,,1235050.0202836473
2021-06-25 14:00:06.540,1,0.6001115589741184,651.9100202335181,0.0,,1246295.6352597591
2021-06-25 14:00:06.550,1,0.6681943388662781,650.8426333608284,0.0,,1244051.942413173
2021-06-25 14:00:06.560,1,0.6255534785936336,651.1046034958417,0.0,,1244601.3926610702
2021-06-25 14:00:06.570,1,0.4976642002317786,657.5840707876646,0.0,,1258228.5135831588
2021-06-25 14:00:06.580,1,0.4957663624906425,650.9716072534982,0.0,,1244314.6291051442
2021-06-25 14:00:06.590,1,0.5559537735784115,652.5591833489016,0.0,,1247657.6167942083
2021-06-25 14:00:06.600,1,0.6068610853136815,651.7498025825928,0.0,,1245956.8893807433
2021-06-25 14:00:06.610,1,0.6210091875318994,655.9177262762944,0.0,,1254723.4441732182
2021-06-25 14:00:06.620,1,0.4755528213704397,651.7649891790021,0.0,,1245984.1835848822
2021-06-25 14:00:06.630,1,0.6617478213858576,658.8283319785045,0.0,,1260850.698108582
2021-06-25 14:00:06.640,1,0.5012063729664069,661.5397136711255,0.0,,1266553.203623775
2021-06-25 14:00:06.650,1,0.7032447414252835,662.3717516668247,0.0,,1268316.1570189684
2021-06-25 14:00:06.660,1,0.6871671648815952,663.8472360134967,0.0,,1271425.6960616491
2021-06-25 14:00:06.670,1,0.6848279800835744,665.654835396951,0.0,,1275233.3222816926
2021-06-25 14:00:06.680,1,0.5121390257256758,663.8635048177024,0.0,,1271450.2064093235
2021-06-25 14:00:06.690,1,0.5426074582592775,659.9266975424373,0.0,,1263160.5074999572
2021-06-25 14:00:06.700,1,0.6580413052203772,661.520127902332,0.0,,1266518.7471673684
2021-06-25 14:00:06.710,1,0.6134181998864019,664.9004150677863,0.0,,1273638.013517548
2021-06-25 14:00:06.720,1,0.7306037826539225,664.9113150138322,0.0,,1273668.3112268457
2021-06-25 14:00:06.730,1,0.5060573844639779,656.8049622622027,0.0,,1256589.342251163
2021-06-25 14:00:06.740,1,0.5912034085505841,669.6638243427751,0.0,,1283676.5017138142
2021-06-25 14:00:06.750,1,0.5928239685563325,666.7040321084438,0.0,,1277440.706847334
2021-06-25 14:00:06.760,1,0.6249978012284068,663.2913187768493,0.0,,1270248.8146856658
2021-06-25 14:00:06.770,1,0.6630070726525132,664.5916337726665,0.0,,1272991.7007452687
2021-06-25 14:00:06.780,1,0.4872707084273288,659.7587327874271,0.0,,1262805.316317936
2021-06-25 14:00:06.790,1,0.5661117173552849,664.8332655898498,0.0,,1273491.8407378106
2021-06-25 14:00:06.800,1,0.6948606982091705,663.2317474259996,0.0,,1270125.033521454
2021-06-25 14:00:06.810,1,0.5074845354881303,666.4349318537355,0.0,,1276866.877178674
2021-06-25 14:00:06.820,1,0.6009711746529243,658.2420244275451,0.0,,1259614.508403359
2021-06-25 14:00:06.830,1,0.4909686734503314,664.9553321638411,0.0,,1273747.7657733657
2021-06-25 14:00:06.840,1,0.484656567197984,670.6098619162766,0.0,,1285667.9059473088
2021-06-25 14:00:06.850,1,0.5604641647006082,661.3904541392561,0.0,,1266243.858410682
2021-06-25 14:00:06.860,1,0.5766025466609715,666.9864833588706,0.0,,1278031.6170315985
2021-06-25 14:00:06.870,1,0.4754708528789664,661.0685703619494,0.0,,1265560.329521634
2021-06-25 14:00:06.880,1,0.6421935993482165,664.1607945264337,0.0,,1272083.4599164457
2021-06-25 14:00:06.890,1,0.6142223329446693,663.3578707614254,0.0,,1270386.8656336486
2021-06-25 14:00:06.900,1,0.4850011775466594,661.1587929270182,0.0,,1265752.0405395287
2021-06-25 14:00:06.910,1,0.6249264781726764,663.856671357104,0.0,,1271440.3928249618
2021-06-25 14:00:06.920,1,0.6466897867084936,672.9737322324232,0.0,,1290662.8317488108
2021-06-25 14:00:06.930,1,0.6520096462840277,658.7522015233708,0.0,,1260695.273365422
2021-06-25 14:00:06.940,1,0.6044967663528046,653.5264579557207,0.0,,1249692.9331535362
2021-06-25 14:00:06.950,1,0.6056350977079862,663.0158615275143,0.0,,1269672.450496209
2021-06-25 14:00:06.960,1,0.4900459670286669,660.2196255841081,0.0,,1263777.0648054837
2021-06-25 14:00:06.970,1,0.5755009158716339,656.8906410073164,0.0,,1256772.785310502
2021-06-25 14:00:06.980,1,0.5382728685191261,666.7283732262433,0.0,,1277488.7956940734
2021-06-25 14:00:06.990,1,0.4789307490827645,659.7872967153327,0.0,,1262862.7825811957
2021-06-25 14:00:07.000,1,0.4332042966987971,660.2174502574827,0.0,,1263766.8282216017
2021-06-25 14:00:07.010,1,0.4544533483804038,652.4982417326065,0.0,,1247523.6704003913
2021-06-25 14:00:07.020,1,0.4463607805062611,658.800534514414,0.0,,1260786.5623630094
2021-06-25 14:00:07.030,1,0.4193129115895105,654.4994175283045,0.0,,1251732.8545498594
2021-06-25 14:00:07.040,1,0.5871570759516063,659.3586596045398,0.0,,1261965.4896044233
2021-06-25 14:00:07.050,1,0.6153015572255258,656.354517428438,0.0,,1255642.0966675326
2021-06-25 14:00:07.060,1,0.5290096226082075,654.5066764110535,0.0,,1251751.010622763
2021-06-25 14:00:07.070,1,0.5991068851498793,659.9414394821036,0.0,,1263194.1437142326
2021-06-25 14:00:07.080,1,0.4542573137322331,658.6663440767563,0.0,,1260500.111243307
2021-06-25 14:00:07.090,1,0.5626650284201749,661.7071974684045,0.0,,1266910.9722649348
2021-06-25 14:00:07.100,1,0.5304968625596564,652.18479244502,0.0,,1246867.8361815172
2021-06-25 14:00:07.110,1,0.501512684031654,657.1567331134978,0.0,,1257325.5922345503
2021-06-25 14:00:07.120,1,0.577154068807339,665.5093494295454,0.0,,1274918.0373770602
2021-06-25 14:00:07.130,1,0.470949834845618,659.2557058565686,0.0,,1261743.1059904196
2021-06-25 14:00:07.140,1,0.4366488420327152,661.7126467574369,0.0,,1266916.7412886163
2021-06-25 14:00:07.150,1,0.5088130712875071,663.5610516427888,0.0,,1270811.4834353721
2021-06-25 14:00:07.160,1,0.5132762285858499,660.6107327190774,0.0,,1264598.7573524648
2021-06-25 14:00:07.170,1,0.5479011065253997,663.6507985675744,0.0,,1271002.2258956607
2021-06-25 14:00:07.180,1,0.5867866407054632,661.7598813597283,0.0,,1267021.968333178
2021-06-25 14:00:07.190,1,0.4851257486340838,663.4165097897288,0.0,,1270503.6676738933
2021-06-25 14:00:07.200,1,0.5008543733296825,665.0473479472853,0.0,,1273946.9745865713
2021-06-25 14:00:07.210,1,0.5101630780118832,660.0038979700981,0.0,,1263320.275155505
2021-06-25 14:00:07.220,1,0.4433540309300838,670.1130315992579,0.0,,1284617.2310170985
2021-06-25 14:00:07.230,1,0.6084218909510578,666.8856917021864,0.0,,1277819.4748017706
2021-06-25 14:00:07.240,1,0.5580913284619103,663.6539560485622,0.0,,1271009.985389457
2021-06-25 14:00:07.250,1,0.5027113141641242,667.3888272932628,0.0,,1278874.4908419077
2021-06-25 14:00:07.260,1,0.4761905963984713,670.1729381530398,0.0,,1284746.6665373452
2021-06-25 14:00:07.270,1,0.5653490975862225,663.576470088454,0.0,,1270843.8313378608
2021-06-25 14:00:07.280,1,0.5161492624508394,664.6560296471355,0.0,,1273118.4320522759
2021-06-25 14:00:07.290,1,0.4643287842168818,669.3000910723056,0.0,,1282903.9841469042
2021-06-25 14:00:07.300,1,0.4800448809956518,670.4237337343983,0.0,,1285275.852590045
2021-06-25 14:00:07.310,1,0.6059829089594808,667.6136208845278,0.0,,1279352.5406462313
2021-06-25 14:00:07.320,1,0.508736874206565,667.2178541943124,0.0,,1278516.6298700403
2021-06-25 14:00:07.330,1,0.6506442701394566,667.2488991489879,0.0,,1278591.590972371
2021-06-25 14:00:07.340,1,0.6857219290118653,669.1695692182229,0.0,,1282639.5002105222
2021-06-25 14:00:07.350,1,0.490312322639195,669.4259175659997,0.0,,1283170.571642331
2021-06-25 14:00:07.360,1,0.4830210143600302,672.5313535174587,0.0,,1289720.123920616
2021-06-25 14:00:07.370,1,0.5933086100946001,670.6922845381622,0.0,,1285846.9899776354
2021-06-25 14:00:07.380,1,0.6143212175349156,671.2359248555788,0.0,,1286995.4692321545
2021-06-25 14:00:07.390,1,0.6063458815830799,672.0629988648815,0.0,,1288737.1975144616
2021-06-25 14:00:07.400,1,0.5084788187389179,671.1839322826075,0.0,,1286884.2943782299
2021-06-25 14:00:07.410,1,0.6943728461791854,665.9124617407325,0.0,,1275776.8347514425
2021-06-25 14:00:07.420,1,0.7308064936745704,664.9428558244491,0.0,,1273731.4982422267
2021-06-25 14:00:07.430,1,0.5333936187740599,666.911052311904,0.0,,1277871.0828538784
2021-06-25 14:00:07.440,1,0.5358838856911904,669.7060609945587,0.0,,1283763.4184469078
2021-06-25 14:00:07.450,1,0.5353411298324134,668.8385203835396,0.0,,1281936.196079152
2021-06-25 14:00:07.460,1,0.5649907128789428,667.5028708487157,0.0,,1279119.9173337887
2021-06-25 14:00:07.470,1,0.5317215571493451,669.2584964282687,0.0,,1282818.99088368
2021-06-25 14:00:07.480,1,0.5828192469692259,666.3535611818762,0.0,,1276696.2280528012
2021-06-25 14:00:07.490,1,0.5025678235766937,664.8156279095708,0.0,,1273452.06499674
2021-06-25 14:00:07.500,1,0.5561803583244135,662.6930051731953,0.0,,1268983.6703831498
2021-06-25 14:00:07.510,1,0.6629044839206688,669.8385167053951,0.0,,1284047.951603978
2021-06-25 14:00:07.520,1,0.7067648005082946,666.7145605912123,0.0,,1277466.988102884
2021-06-25 14:00:07.530,1,0.6861260446189265,669.2499498681786,0.0,,1282808.6435653507
2021-06-25 14:00:07.540,1,0.6198817471470539,661.7860224485877,0.0,,1267081.491629653
2021-06-25 14:00:07.550,1,0.5190819053054316,660.7925706044596,0.0,,1264982.4222290665
2021-06-25 14:00:07.560,1,0.685937300530317,666.359046438011,0.0,,1276717.1901986923
2021-06-25 14:00:07.570,1,0.5525504507059558,662.9907869591377,0.0,,1269614.0447431398
2021-06-25 14:00:07.580,1,0.5560324705136552,662.9620444528264,0.0,,1269551.844142823
2021-06-25 14:00:07.590,1,0.645561449924234,664.4389322253728,0.0,,1272672.0371603686
2021-06-25 14:00:07.600,1,0.5745135484688016,658.6750780821405,0.0,,1260524.9582293793
2021-06-25 14:00:07.610,1,0.4741552880742989,656.5368234885302,0.0,,1256020.717680579
2021-06-25 14:00:07.620,1,0.6585605801638332,656.9867363820299,0.0,,1256975.3826658167
2021-06-25 14:00:07.630,1,0.484046690270955,651.9289006845315,0.0,,1246325.8548299659
2021-06-25 14:00:07.640,1,0.4674165643690811,655.1043116293513,0.0,,1253003.819560299
2021-06-25 14:00:07.650,1,0.4699924313746008,656.8104807339611,0.0,,1256596.269130817
2021-06-25 14:00:07.660,1,0.5306255109058895,654.7400998874098,0.0,,1252243.7914808712
2021-06-25 14:00:07.670,1,0.6637052378019175,651.6837277631698,0.0,,1245817.7403881622
2021-06-25 14:00:07.680,1,0.6162255628605501,653.2762082988967,0.0,,1249166.1588256785
2021-06-25 14:00:07.690,1,0.6315583250060096,649.567019061797,0.0,,1241370.6604664226
2021-06-25 14:00:07.700,1,0.6366382519025579,650.1130508595973,0.0,,1242520.2424799392
2021-06-25 14:00:07.710,1,0.4751879900606683,655.1732124233588,0.0,,1253151.923095971
2021-06-25 14:00:07.720,1,0.4404204578669163,650.5248492701372,0.0,,1243379.3774155213
2021-06-25 14:00:07.730,1,0.6378994020594038,650.3948881294684,0.0,,1243110.049632683
2021-06-25 14:00:07.740,1,0.578396296788687,653.355456166651,0.0,,1249329.865421741
2021-06-25 14:00:07.750,1,0.555181380974819,647.1971506129513,0.0,,1236382.7039416377
2021-06-25 14:00:07.760,1,0.5043117602847669,651.9671782082409,0.0,,1246410.1794884545
2021-06-25 14:00:07.770,1,0.6098433953331898,647.2472164714685,0.0,,1236492.3278582096
2021-06-25 14:00:07.780,1,0.5850272658862198,652.7647012011564,0.0,,1248088.4327133466
2021-06-25 14:00:07.790,1,0.5601159598137269,646.9640936282707,0.0,,1235896.4041179982
2021-06-25 14:00:07.800,1,0.4762320712874061,648.425702254512,0.0,,1238964.4424625826
2021-06-25 14:00:07.810,1,0.6147029454493019,651.8077861700434,0.0,,1246078.6346229068
2021-06-25 14:00:07.820,1,0.5070819120261731,649.9253204469436,0.0,,1242119.2967855288
2021-06-25 14:00:07.830,1,0.4458194766742831,645.6242931407634,0.0,,1233074.4614061785
2021-06-25 14:00:07.840,1,0.5901285564694143,651.6369835687212,0.0,,1245717.2020004774
2021-06-25 14:00:07.850,1,0.517352253442261,645.1249737084992,0.0,,1232029.1244506962
2021-06-25 14:00:07.860,1,0.5629390278327225,648.3298034394692,0.0,,1238764.7442367792
2021-06-25 14:00:07.870,1,0.5050526172915943,649.6898573538492,0.0,,1241621.1012872162
2021-06-25 14:00:07.880,1,0.4143199429827032,653.4113326151719,0.0,,1249442.928934894
2021-06-25 14:00:07.890,1,0.5255858427726496,646.3592957444467,0.0,,1234622.9711664459
2021-06-25 14:00:07.900,1,0.4913597664543295,655.2174161536544,0.0,,1253245.698011393
2021-06-25 14:00:07.910,1,0.5411791085722701,648.9016805985656,0.0,,1239965.3826720149
2021-06-25 14:00:07.920,1,0.5196926176416912,656.3397623848399,0.0,,1255601.7454741227
2021-06-25 14:00:07.930,1,0.4929642281298541,648.1840895102805,0.0,,1238456.1850878587
2021-06-25 14:00:07.940,1,0.5884763000231138,655.2379737398954,0.0,,1253293.600074112
2021-06-25 14:00:07.950,1,0.5917630821176487,657.8364256586915,0.0,,1258762.2429587056
2021-06-25 14:00:07.960,1,0.6185568235920988,654.6622690638062,0.0,,1252083.4862480054
2021-06-25 14:00:07.970,1,0.6097941856677437,652.866933319525,0.0,,1248306.5543672242
2021-06-25 14:00:07.980,1,0.5202486573847447,650.3328074683583,0.0,,1242975.1500199526
2021-06-25 14:00:07.990,1,0.6259008662358209,654.7666253430709,0.0,,1252303.4020097826
2021-06-25 14:00:08.000,1,0.6178331578611403,652.3868930621858,0.0,,1247297.3104357594
2021-06-25 14:00:08.010,1,0.5226742865553438,657.8268161099624,0.0,,1258737.9668488633
2021-06-25 14:00:08.020,1,0.5253232114368966,659.0422151072419,0.0,,1261297.8842349823
2021-06-25 14:00:08.030,1,0.5949768607117317,656.7233352179917,0.0,,1256420.2070430163
2021-06-25 14:00:08.040,1,0.6241955610190496,655.8277054906217,0.0,,1254534.7344093753
2021-06-25 14:00:08.050,1,0.6192113578168238,655.5632992714649,0.0,,1253978.9058788912
2021-06-25 14:00:08.060,1,0.5950962065150279,662.2312368095677,0.0,,1268016.0055440217
2021-06-25 14:00:08.070,1,0.6705837139481134,655.095386713307,0.0,,1252996.7464939968
2021-06-25 14:00:08.080,1,0.4796885275923598,651.6274651786398,0.0,,1245694.9683212922
2021-06-25 14:00:08.090,1,0.6542863138216171,657.6102404157542,0.0,,1258289.0234837218
2021-06-25 14:00:08.100,1,0.6819873202133043,659.2934580809207,0.0,,1261835.831396739
2021-06-25 14:00:08.110,1,0.5549733351464462,653.324962349983,0.0,,1249268.3092741638
2021-06-25 14:00:08.120,1,0.6792225047100455,655.3314492578677,0.0,,1253494.9361079363
2021-06-25 14:00:08.130,1,0.5852530284123335,658.709893200139,0.0,,1260601.4792817193
2021-06-25 14:00:08.140,1,0.5317020067483529,661.676266555691,0.0,,1266845.433335062
2021-06-25 14:00:08.150,1,0.5837759416034113,656.5439660689068,0.0,,1256042.9858896234
2021-06-25 14:00:08.160,1,0.4962499643193341,651.6981868328545,0.0,,1245840.8677124463
2021-06-25 14:00:08.170,1,0.6559028410399785,659.94260841027,0.0,,1263201.7596888074
2021-06-25 14:00:08.180,1,0.602678241037544,658.3828115855988,0.0,,1259911.494200492
2021-06-25 14:00:08.190,1,0.6700116375500555,663.1368731185879,0.0,,1269925.171514612
2021-06-25 14:00:08.200,1,0.566203578857086,655.2150210037447,0.0,,1253243.9754688018
2021-06-25 14:00:08.210,1,0.6970736346355125,655.6439918200382,0.0,,1254151.974669511
2021-06-25 14:00:08.220,1,0.6214922416576069,653.9719681531634,0.0,,1250633.304985409
2021-06-25 14:00:08.230,1,0.6393329561697279,653.330981245237,0.0,,1249285.5755940978
2021-06-25 14:00:08.240,1,0.5721341293261808,656.2617645638387,0.0,,1255449.1596260003
2021-06-25 14:00:08.250,1,0.5432706311530723,649.4911668873648,0.0,,1241206.676009497
2021-06-25 14:00:08.260,1,0.5741057136951222,648.2958712283385,0.0,,1238691.529731814
2021-06-25 14:00:08.270,1,0.583981926008516,653.4030940524851,0.0,,1249431.77190291
2021-06-25 14:00:08.280,1,0.6281919823979497,655.0542598744468,0.0,,1252905.8060972623
2021-06-25 14:00:08.290,1,0.6178538329049977,648.9031056623639,0.0,,1239971.1343201795
2021-06-25 14:00:08.300,1,0.6291200207701434,648.9020949023028,0.0,,1239973.132009911
2021-06-25 14:00:08.310,1,0.6946317811291051,646.6697412689648,0.0,,1235283.8220646533
2021-06-25 14:00:08.320,1,0.5017966483398337,652.4086109563058,0.0,,1247336.623405836
2021-06-25 14:00:08.330,1,0.587448951484671,643.749329299506,0.0,,1229140.1571893257
2021-06-25 14:00:08.340,1,0.5844193844617226,651.0827767176881,0.0,,1244553.3492383254
2021-06-25 14:00:08.350,1,0.5131136546775383,649.692059881883,0.0,,1241625.8386651303
2021-06-25 14:00:08.360,1,0.5961068295618276,650.962451346045,0.0,,1244305.0275489967
2021-06-25 14:00:08.370,1,0.4973044512841321,650.4039126266961,0.0,,1243120.9105813394
2021-06-25 14:00:08.380,1,0.5437963253178965,647.7633026222782,0.0,,1237575.530068191
2021-06-25 14:00:08.390,1,0.4976663954966908,654.2921857639479,0.0,,1251297.4787383133
2021-06-25 14:00:08.400,1,0.6143434606375135,644.234756114291,0.0,,1230165.1463968444
2021-06-25 14:00:08.410,1,0.5626988598887125,649.6194827029002,0.0,,1241477.606358486
2021-06-25 14:00:08.420,1,0.5236100668282221,643.5663073878777,0.0,,1228754.500774792
2021-06-25 14:00:08.430,1,0.6326140701965026,647.0060064548106,0.0,,1235981.364008735
2021-06-25 14:00:08.440,1,0.5643111058731461,648.9691302783692,0.0,,1240109.1436632301
2021-06-25 14:00:08.450,1,0.5739097965046746,648.4325984084878,0.0,,1238979.710276303
2021-06-25 14:00:08.460,1,0.4082178646754531,651.5494601939943,0.0,,1245526.499332392
2021-06-25 14:00:08.470,1,0.4160255013919217,654.0659815006916,0.0,,1250821.371480725
2021-06-25 14:00:08.480,1,0.5220006862183416,655.5443173684188,0.0,,1253935.698197519
2021-06-25 14:00:08.490,1,0.4793624461319755,646.9889911499017,0.0,,1235940.4030363252
2021-06-25 14:00:08.500,1,0.5459351497935158,647.7906572773358,0.0,,1237630.5344595662
2021-06-25 14:00:08.510,1,0.4662892912754372,653.8992837529088,0.0,,1250469.9193973935
2021-06-25 14:00:08.520,1,0.5556005460474732,660.2432223341516,0.0,,1263824.4827801052
2021-06-25 14:00:08.530,1,0.5096369423475536,655.4820441047758,0.0,,1253801.3662663454
2021-06-25 14:00:08.540,1,0.4421215095517375,652.7823521970962,0.0,,1248119.7494807206
2021-06-25 14:00:08.550,1,0.5099409907544034,651.8031213878949,0.0,,1246063.6177512356
2021-06-25 14:00:08.560,1,0.5299221150970118,651.9925723898613,0.0,,1246462.7823253057
2021-06-25 14:00:08.570,1,0.3997475146902677,663.3854721321102,0.0,,1270433.072410879
2021-06-25 14:00:08.580,1,0.4232420789915472,658.3671631167787,0.0,,1259872.9914899326
2021-06-25 14:00:08.590,1,0.4428412104081605,659.6158118865452,0.0,,1262498.8787309956
2021-06-25 14:00:08.600,1,0.472764093353423,659.224173254748,0.0,,1261676.2867632518
2021-06-25 14:00:08.610,1,0.439310039013405,654.8803117940153,0.0,,1252533.3650009627
2021-06-25 14:00:08.620,1,0.5600708114312163,656.3720065933654,0.0,,1255674.4429240027
2021-06-25 14:00:08.630,1,0.4874228636961616,658.1714924794231,0.0,,1259462.4542686038
2021-06-25 14:00:08.640,1,0.4337324398535814,660.6473494221317,0.0,,1264674.573522356
2021-06-25 14:00:08.650,1,0.5058672602720815,662.8799227318648,0.0,,1269374.0442706777
2021-06-25 14:00:08.660,1,0.4962444105315938,661.4634039687212,0.0,,1266392.0859843635
2021-06-25 14:00:08.670,1,0.5065928587043573,666.855621177748,0.0,,1277752.6266812587
2021-06-25 14:00:08.680,1,0.5042517434568924,665.551042517443,0.0,,1275004.9503003715
2021-06-25 14:00:08.690,1,0.4604221920468121,664.6932609598721,0.0,,1273195.6898011474
2021-06-25 14:00:08.700,1,0.4326783105642484,662.8788546043581,0.0,,1269369.2991397239
2021-06-25 14:00:08.710,1,0.5188286774717018,667.078863922756,0.0,,1278219.6067954584
2021-06-25 14:00:08.720,1,0.4102391751015384,666.1728121512886,0.0,,1276307.8500192112
2021-06-25 14:00:08.730,1,0.4402152071835384,666.3173031272936,0.0,,1276615.2086919064
2021-06-25 14:00:08.740,1,0.5654128223423953,669.0107914703242,0.0,,1282299.048481312
2021-06-25 14:00:08.750,1,0.5407338870937007,665.2898868179208,0.0,,1274454.5588878973
2021-06-25 14:00:08.760,1,0.5835154598047285,664.8980936164662,0.0,,1273632.7383980292
2021-06-25 14:00:08.770,1,0.6381415874366488,662.253004071851,0.0,,1268062.2896538815
2021-06-25 14:00:08.780,1,0.5970322607802715,668.5672150603135,0.0,,1281363.1474579459
2021-06-25 14:00:08.790,1,0.4556551960180457,668.9736839013093,0.0,,1282216.6266173501
2021-06-25 14:00:08.800,1,0.5146623003315902,664.7852042261251,0.0,,1273388.8605236572
2021-06-25 14:00:08.810,1,0.4623292866912817,665.7634353185392,0.0,,1275451.853839333
2021-06-25 14:00:08.820,1,0.5813538860412018,660.6566179361142,0.0,,1264700.7646766612
2021-06-25 14:00:08.830,1,0.4548563007613372,660.7010801298843,0.0,,1264783.3643125524
2021-06-25 14:00:08.840,1,0.4781731079375597,666.4673611639747,0.0,,1276933.0544731773
2021-06-25 14:00:08.850,1,0.5055851590865609,667.1135846808386,0.0,,1278298.7674486856
2021-06-25 14:00:08.860,1,0.4583228197701788,659.9212751074759,0.0,,1263144.9994649494
2021-06-25 14:00:08.870,1,0.5461978081669195,654.8334713272807,0.0,,1252438.6910859195
2021-06-25 14:00:08.880,1,0.6700481062489023,663.4230065262662,0.0,,1270529.6702442223
2021-06-25 14:00:08.890,1,0.493426574451257,658.9652404583516,0.0,,1261133.055764049
2021-06-25 14:00:08.900,1,0.6233757859849112,660.9640280576942,0.0,,1265350.8762312343
2021-06-25 14:00:08.910,1,0.566763194357422,659.4459273352608,0.0,,1262144.6932136596
2021-06-25 14:00:08.920,1,0.6008059435613199,657.597213519961,0.0,,1258258.575053865
2021-06-25 14:00:08.930,1,0.5573485476573163,657.7724851968559,0.0,,1258628.501925804
2021-06-25 14:00:08.940,1,0.6054252930148324,659.2533065100534,0.0,,1261742.2608208235
2021-06-25 14:00:08.950,1,0.5650243378145188,654.5062109143762,0.0,,1251755.2369361315
2021-06-25 14:00:08.960,1,0.482061531904533,653.7801848295027,0.0,,1250219.5455870684
2021-06-25 14:00:08.970,1,0.5576770719149386,651.767847711904,0.0,,1245989.9928945848
2021-06-25 14:00:08.980,1,0.5615473588372819,652.8970460410237,0.0,,1248363.9964418837
2021-06-25 14:00:08.990,1,0.4467361867803027,651.1680755487175,0.0,,1244723.607004209
2021-06-25 14:00:09.000,1,0.5474644118258674,652.0015097070991,0.0,,1246484.4610029736
2021-06-25 14:00:09.010,1,0.4920379936108336,652.2585203417495,0.0,,1247020.8776435861
2021-06-25 14:00:09.020,1,0.6172625835853419,655.7340017453922,0.0,,1254340.2020383307
2021-06-25 14:00:09.030,1,0.4271127540837441,646.5502022037522,0.0,,1235018.0736930165
2021-06-25 14:00:09.040,1,0.5214687616318002,651.6357962987187,0.0,,1245716.638576242
2021-06-25 14:00:09.050,1,0.4830682312315829,660.0674725703774,0.0,,1263456.4615607795
2021-06-25 14:00:09.060,1,0.5167304666755171,646.9507779121548,0.0,,1235866.29818694
2021-06-25 14:00:09.070,1,0.4473895308958618,650.1039118526172,0.0,,1242488.9592169686
2021-06-25 14:00:09.080,1,0.427906737984335,650.8683532924689,0.0,,1244095.8199127016
2021-06-25 14:00:09.090,1,0.581872354158448,656.1942958098575,0.0,,1255304.6550838435
2021-06-25 14:00:09.100,1,0.4362842828510307,644.5594351395101,0.0,,1230837.831144735
2021-06-25 14:00:09.110,1,0.5834071187359605,643.9933991302634,0.0,,1229653.6618050719
2021-06-25 14:00:09.120,1,0.4167479212161572,647.7301370285624,0.0,,1237498.3897754594
2021-06-25 14:00:09.130,1,0.5654016920372711,649.5706431950157,0.0,,1241367.6496010406
2021-06-25 14:00:09.140,1,0.4832945585655663,645.9577174432869,0.0,,1233778.0625519524
2021-06-25 14:00:09.150,1,0.4331992439121384,646.1234877196039,0.0,,1234121.4988929483
2021-06-25 14:00:09.160,1,0.5134927831090477,654.9884578398028,0.0,,1252764.2432980908
2021-06-25 14:00:09.170,1,0.4377745288504256,648.1078544676457,0.0,,1238293.7806811861
2021-06-25 14:00:09.180,1,0.5262578328426925,649.0157454973827,0.0,,1240206.0884452758
2021-06-25 14:00:09.190,1,0.399738227181424,646.6564580537555,0.0,,1235240.4397490073
2021-06-25 14:00:09.200,1,0.3804986237600689,647.4790355513052,0.0,,1236966.3222825392
2021-06-25 14:00:09.210,1,0.5107713981689546,651.001505905304,0.0,,1244380.2792678163
2021-06-25 14:00:09.220,1,0.4723581898741486,651.6546103075923,0.0,,1245751.755972148
2021-06-25 14:00:09.230,1,0.4342726716481161,656.6164300983188,0.0,,1256183.2427641863
2021-06-25 14:00:09.240,1,0.4149875421555461,652.7481566896662,0.0,,1248047.4740582213
2021-06-25 14:00:09.250,1,0.3942226682373725,646.4265840582061,0.0,,1234759.2633199117
2021-06-25 14:00:09.260,1,0.3736792442285152,652.1896526737222,0.0,,1246869.7959453345
2021-06-25 14:00:09.270,1,0.479101333952778,645.5514547040731,0.0,,1232923.4659259738
2021-06-25 14:00:09.280,1,0.4838659276032679,653.2824431033257,0.0,,1249172.0559858545
2021-06-25 14:00:09.290,1,0.3824531289986603,653.7300146724805,0.0,,1250109.972350376
2021-06-25 14:00:09.300,1,0.4114660633306932,653.8612934196309,0.0,,1250385.208619337
2021-06-25 14:00:09.310,1,0.4029281162794041,649.7456808464248,0.0,,1241733.886640176
2021-06-25 14:00:09.320,1,0.3754142109384917,654.6987865754697,0.0,,1252149.0618081158
2021-06-25 14:00:09.330,1,0.4354104888453258,652.2298389495062,0.0,,1246954.9131790346
2021-06-25 14:00:09.340,1,0.3701162552272223,648.9233186109008,0.0,,1240003.8310568312
2021-06-25 14:00:09.350,1,0.391478029094322,650.9612506986186,0.0,,1244290.257300373
2021-06-25 14:00:09.360,1,0.4626260896977945,657.0081158331276,0.0,,1257009.0374622538
2021-06-25 14:00:09.370,1,0.442619273930478,652.3997896657685,0.0,,1247315.2168865423
2021-06-25 14:00:09.380,1,0.488579588571326,649.6015566657869,0.0,,1241432.4757174025
2021-06-25 14:00:09.390,1,0.5120818560894088,646.9248495524898,0.0,,1235813.0375242124
2021-06-25 14:00:09.400,1,0.3690854036697571,652.5332697203629,0.0,,1247593.7731808613
2021-06-25 14:00:09.410,1,0.4569125190680449,654.231129057186,0.0,,1251171.3495194565
2021-06-25 14:00:09.420,1,0.4029186388912981,652.0659226930163,0.0,,1246612.1545650237
2021-06-25 14:00:09.430,1,0.4071836284435025,651.5032405788414,0.0,,1245427.3508994547
2021-06-25 14:00:09.440,1,0.387383458359669,652.3871386668932,0.0,,1247287.1232755648
2021-06-25 14:00:09.450,1,0.5246404920582175,651.5291083615016,0.0,,1245490.9794760833
2021-06-25 14:00:09.460,1,0.3998821878819714,649.9768226767522,0.0,,1242217.3278062437
2021-06-25 14:00:09.470,1,0.5412357885829532,652.772585491302,0.0,,1248104.1117674587
2021-06-25 14:00:09.480,1,0.3966282306139594,648.4879669045322,0.0,,1239090.1155829215
2021-06-25 14:00:09.490,1,0.494876663478171,643.3840321535597,0.0,,1228369.5459279814
2021-06-25 14:00:09.500,1,0.4704260227225506,646.4434197731988,0.0,,1234798.1934801496
2021-06-25 14:00:09.510,1,0.3857731639407769,645.5073802488503,0.0,,1232830.0922671636
2021-06-25 14:00:09.520,1,0.4648777168125901,647.1124219512375,0.0,,1236199.3168812813
2021-06-25 14:00:09.530,1,0.5159640949969836,644.7080321318999,0.0,,1231152.138728213
2021-06-25 14:00:09.540,1,0.4501560447130322,646.0084303972243,0.0,,1233880.6858807064
2021-06-25 14:00:09.550,1,0.4477447482304536,647.233112943204,0.0,,1236450.584797278
2021-06-25 14:00:09.560,1,0.500832536921184,641.6728114867477,0.0,,1224777.62879086
2021-06-25 14:00:09.570,1,0.4856078271143494,641.491781397738,0.0,,1224399.569004208
2021-06-25 14:00:09.580,1,0.5782225401033616,642.1604959444271,0.0,,1225808.5194622604
2021-06-25 14:00:09.590,1,0.5561098315602774,646.8698349394142,0.0,,1235694.179356361
2021-06-25 14:00:09.600,1,0.5726555789426279,639.3503345993603,0.0,,1219909.2287389438
2021-06-25 14:00:09.610,1,0.5906376410470049,641.3724402119981,0.0,,1224152.0522433
2021-06-25 14:00:09.620,1,0.4784585295025979,636.7217727413607,0.0,,1214383.3867048954
2021-06-25 14:00:09.630,1,0.586713916032165,641.2448423350774,0.0,,1223883.9283551718
2021-06-25 14:00:09.640,1,0.4158814296693243,635.4069491244019,0.0,,1211624.145189877
2021-06-25 14:00:09.650,1,0.5304207236250426,639.9035339647658,0.0,,1221064.432832953
2021-06-25 14:00:09.660,1,0.4462349974655676,632.4348880589515,0.0,,1205395.7783193893
2021-06-25 14:00:09.670,1,0.4018060483036255,633.0546661272838,0.0,,1206693.0845203665
2021-06-25 14:00:09.680,1,0.4472982145936169,629.8654813879696,0.0,,1200009.9959553285
2021-06-25 14:00:09.690,1,0.395057841580719,634.6228239583043,0.0,,1209977.9660465189
2021-06-25 14:00:09.700,1,0.5368871980241932,638.0454102366906,0.0,,1217168.7738499523
2021-06-25 14:00:09.710,1,0.4174425087364708,629.9681600427332,0.0,,1200222.5234008073
2021-06-25 14:00:09.720,1,0.4379699152827179,634.1064656172825,0.0,,1208900.383635518
2021-06-25 14:00:09.730,1,0.5829272403237707,634.2278475685732,0.0,,1209161.346272373
2021-06-25 14:00:09.740,1,0.5537373848768208,631.7768517396881,0.0,,1204017.9701820854
2021-06-25 14:00:09.750,1,0.4614598033134058,631.7531431641918,0.0,,1203960.6992455542
2021-06-25 14:00:09.760,1,0.4344607806089002,629.760257462647,0.0,,1199786.1698881234
2021-06-25 14:00:09.770,1,0.530615803216028,639.0745055110592,0.0,,1219329.590650424
2021-06-25 14:00:09.780,1,0.479669221487985,632.259086199241,0.0,,1205028.0207546426
2021-06-25 14:00:09.790,1,0.4016044202271227,632.505316567661,0.0,,1205540.0778087443
2021-06-25 14:00:09.800,1,0.4443733107367447,635.8221005810656,0.0,,1212494.347068069
2021-06-25 14:00:09.810,1,0.4953489943008324,632.6850555910528,0.0,,1205920.8917619984
2021-06-25 14:00:09.820,1,0.4135010507496956,633.7592915794339,0.0,,1208169.1467409497
2021-06-25 14:00:09.830,1,0.414664027538536,638.0610988436447,0.0,,1217188.0533499725
2021-06-25 14:00:09.840,1,0.4863367707225076,633.4398307570398,0.0,,1207506.4947030838
2021-06-25 14:00:09.850,1,0.4625489825316365,636.0452783481048,0.0,,1212966.6791273
2021-06-25 14:00:09.860,1,0.3484518076294444,643.1245396107288,0.0,,1227815.8983022242
2021-06-25 14:00:09.870,1,0.3941910146838923,642.116827878522,0.0,,1225710.9850125154
2021-06-25 14:00:09.880,1,0.3387803515409477,639.4468527760473,0.0,,1220099.50428207
2021-06-25 14:00:09.890,1,0.4830232605367136,640.3823383425033,0.0,,1222066.0226453617
2021-06-25 14:00:09.900,1,0.3325216645804212,643.837358391527,0.0,,1229317.238206626
2021-06-25 14:00:09.910,1,0.4702614485932159,641.6508893245074,0.0,,1224729.9894420234
2021-06-25 14:00:09.920,1,0.4706262645602815,642.4642602373573,0.0,,1226437.057919141
2021-06-25 14:00:09.930,1,0.3852524281038927,642.3601151784692,0.0,,1226218.5011385295
2021-06-25 14:00:09.940,1,0.463518564424739,651.5190837081361,0.0,,1245464.4113761038
2021-06-25 14:00:09.950,1,0.3692268339596145,645.035963214007,0.0,,1231831.970357067
2021-06-25 14:00:09.960,1,0.4682817304057056,646.1876734115126,0.0,,1234258.5439543126
2021-06-25 14:00:09.970,1,0.3747273042140431,642.3256746928706,0.0,,1226143.1359067392
2021-06-25 14:00:09.980,1,0.3304354398422739,648.1261472840819,0.0,,1238324.430567034
2021-06-25 14:00:09.990,1,0.3239879799173107,643.9290492941383,0.0,,1229506.462926268
2021-06-25 14:00:10.000,1,0.3691613213192437,648.0880453646615,0.0,,1238243.3082406244
2021-06-25 14:00:10.010,1,0.3395846223718038,643.1584353610973,0.0,,1227890.3968999742
2021-06-25 14:00:10.020,1,0.3593918700075089,645.8835058327895,0.0,,1233613.2086774362
2021-06-25 14:00:10.030,1,0.3362505710584685,649.2146869077291,0.0,,1240614.0693389038
2021-06-25 14:00:10.040,1,0.3131560273677718,641.2282145125096,0.0,,1223837.4571514498
2021-06-25 14:00:10.050,1,0.3911175015693621,650.7455577425566,0.0,,1243832.7946465798
2021-06-25 14:00:10.060,1,0.423804904443286,649.6637502271775,0.0,,1241566.4383641505
2021-06-25 14:00:10.070,1,0.4661718523025546,646.0478188315433,0.0,,1233967.5765985544
2021-06-25 14:00:10.080,1,0.4281400975442267,643.4914771808717,0.0,,1228589.841434708
2021-06-25 14:00:10.090,1,0.3577486925747395,645.7103098130648,0.0,,1233251.3389653517
2021-06-25 14:00:10.100,1,0.3536215698852892,641.8866139058355,0.0,,1225220.2623454952
2021-06-25 14:00:10.110,1,0.337901759713682,647.8611376806317,0.0,,1237767.3033412653
2021-06-25 14:00:10.120,1,0.3600315980406429,645.8488206395077,0.0,,1233541.2352744066
2021-06-25 14:00:10.130,1,0.4745175440977668,646.2263027975114,0.0,,1234340.7410888078
2021-06-25 14:00:10.140,1,0.3479744092704417,644.6499892972065,0.0,,1231022.3812540867
2021-06-25 14:00:10.150,1,0.33313783532646,647.0805256927188,0.0,,1236133.0261152685
2021-06-25 14:00:10.160,1,0.4847082026920652,647.18513950617,0.0,,1236355.3077298633
2021-06-25 14:00:10.170,1,0.3816263104278583,647.8880419436762,0.0,,1237825.2571380325
2021-06-25 14:00:10.180,1,0.3572103510650257,645.5790595037384,0.0,,1232973.9468288014
2021-06-25 14:00:10.190,1,0.4348590693472536,648.6141480248365,0.0,,1239352.4739182973
2021-06-25 14:00:10.200,1,0.4857002291029803,648.1852481460593,0.0,,1238455.138546773
2021-06-25 14:00:10.210,1,0.3855686858454917,647.7918370082521,0.0,,1237625.67247845
2021-06-25 14:00:10.220,1,0.4608888259883672,644.529507471625,0.0,,1230774.1334960004
2021-06-25 14:00:10.230,1,0.4253581873647474,641.5486977081769,0.0,,1224517.4431613877
2021-06-25 14:00:10.240,1,0.4166114714522796,649.5254043383778,0.0,,1241271.1222898671
2021-06-25 14:00:10.250,1,0.3787516468817629,642.2263593884577,0.0,,1225932.812230727
2021-06-25 14:00:10.260,1,0.4111227891975897,639.8572294670363,0.0,,1220961.0878100914
2021-06-25 14:00:10.270,1,0.4736277471258505,641.6955392969645,0.0,,1224823.7857991667
2021-06-25 14:00:10.280,1,0.4202316692732615,640.7842820264501,0.0,,1222911.6721453185
2021-06-25 14:00:10.290,1,0.4537940262634949,642.2657237537702,0.0,,1226021.8761214204
2021-06-25 14:00:10.300,1,0.5386365858630282,645.9380692477473,0.0,,1233738.4940894942
2021-06-25 14:00:10.310,1,0.4109923251756414,636.5917589445273,0.0,,1214108.2862215552
2021-06-25 14:00:10.320,1,0.5845744224952871,640.4582825636568,0.0,,1222230.7013778444
2021-06-25 14:00:10.330,1,0.4030643156857835,639.5522745666589,0.0,,1220323.7302596297
2021-06-25 14:00:10.340,1,0.4155455442567649,636.0854031580608,0.0,,1213050.2809289007
2021-06-25 14:00:10.350,1,0.4874874595727846,644.6758664486135,0.0,,1231082.495020746
2021-06-25 14:00:10.360,1,0.5989188052614466,642.9550057724446,0.0,,1227476.8273208346
2021-06-25 14:00:10.370,1,0.4865322320042387,638.7821281200199,0.0,,1218707.693371054
2021-06-25 14:00:10.380,1,0.5016520948504164,639.0174909800584,0.0,,1219204.9957184829
2021-06-25 14:00:10.390,1,0.5074111690908841,636.7516193028255,0.0,,1214450.9814794895
2021-06-25 14:00:10.400,1,0.4841411128214952,639.3574529198346,0.0,,1219916.4720649526
2021-06-25 14:00:10.410,1,0.5564744983993863,638.9691522110215,0.0,,1219109.220173176
2021-06-25 14:00:10.420,1,0.5492240740625877,634.9813954369707,0.0,,1210736.7637620948
2021-06-25 14:00:10.430,1,0.5296897492154602,643.3409025757028,0.0,,1228278.7666620547
2021-06-25 14:00:10.440,1,0.5703335691501599,642.3954687323238,0.0,,1226299.190181379
2021-06-25 14:00:10.450,1,0.4600128699089061,645.1619275572249,0.0,,1232101.0046754675
2021-06-25 14:00:10.460,1,0.5296008068227407,643.0730374296369,0.0,,1227720.7116107575
2021-06-25 14:00:10.470,1,0.5617035754472666,639.9149026227751,0.0,,1221093.240994651
2021-06-25 14:00:10.480,1,0.4425788112596431,643.4568346435054,0.0,,1228521.1381815427
2021-06-25 14:00:10.490,1,0.548255132512264,640.8759657403527,0.0,,1223107.737098783
2021-06-25 14:00:10.500,1,0.4758163717010504,646.2484899302757,0.0,,1234386.5830813753
2021-06-25 14:00:10.510,1,0.562830197693447,649.4806370761943,0.0,,1241181.1279484993
2021-06-25 14:00:10.520,1,0.410308060000608,642.0606994445254,0.0,,1225585.9938010955
2021-06-25 14:00:10.530,1,0.4061397516503796,642.7055327945509,0.0,,1226943.2888949935
2021-06-25 14:00:10.540,1,0.4415671220867679,645.0038565785409,0.0,,1231769.6276555879
2021-06-25 14:00:10.550,1,0.4203620431645442,651.0839199344797,0.0,,1244548.0345877148
2021-06-25 14:00:10.560,1,0.5316904718019472,649.2934619808435,0.0,,1240793.037566013
2021-06-25 14:00:10.570,1,0.509828081930852,645.652014438209,0.0,,1233137.4754831686
2021-06-25 14:00:10.580,1,0.5575142471467791,645.8689279815662,0.0,,1233594.8239188292
2021-06-25 14:00:10.590,1,0.4560997038327813,650.291043977359,0.0,,1242881.6411813651
2021-06-25 14:00:10.600,1,0.4817395350664884,652.3320268958778,0.0,,1247177.1447689834
2021-06-25 14:00:10.610,1,0.4710282891492967,652.2485737055886,0.0,,1246995.8755796768
2021-06-25 14:00:10.620,1,0.4162874231370896,653.9218686390486,0.0,,1250516.6053462897
2021-06-25 14:00:10.630,1,0.4887780429797533,647.9066218263288,0.0,,1237871.3097604923
2021-06-25 14:00:10.640,1,0.5238386211072931,650.3391546520843,0.0,,1242988.725370385
2021-06-25 14:00:10.650,1,0.5179331377967636,649.6462566494853,0.0,,1241532.8076861862
2021-06-25 14:00:10.660,1,0.4344140369766369,656.6484348555774,0.0,,1256252.200057992
2021-06-25 14:00:10.670,1,0.3566017260544109,658.374188025744,0.0,,1259878.546483946
2021-06-25 14:00:10.680,1,0.5110335814380286,654.9146690285222,0.0,,1252611.0319101752
2021-06-25 14:00:10.690,1,0.5149949871724361,651.7637336010067,0.0,,1245982.4934492314
2021-06-25 14:00:10.700,1,0.3899245813356994,653.9873414971963,0.0,,1250653.994337955
2021-06-25 14:00:10.710,1,0.3589434990941851,650.928091126508,0.0,,1244214.2354508666
2021-06-25 14:00:10.720,1,0.4768413654771001,649.9072436853912,0.0,,1242078.9088128747
2021-06-25 14:00:10.730,1,0.4957851415935641,656.7188428976216,0.0,,1256399.948091728
2021-06-25 14:00:10.740,1,0.3715070808982202,655.1114296860283,0.0,,1253017.2257820878
2021-06-25 14:00:10.750,1,0.5177029480102554,648.1427266667947,0.0,,1238369.224846245
2021-06-25 14:00:10.760,1,0.4927122952380017,646.669230942831,0.0,,1235272.6938982236
2021-06-25 14:00:10.770,1,0.356117125833206,652.1333539745117,0.0,,1246750.9968367221
2021-06-25 14:00:10.780,1,0.4702098796637299,652.127928300239,0.0,,1246742.5101244976
2021-06-25 14:00:10.790,1,0.4480930858461525,641.5853399018016,0.0,,1224591.4738569425
2021-06-25 14:00:10.800,1,0.5254762925268113,646.5623227227553,0.0,,1235051.5385470635
2021-06-25 14:00:10.810,1,0.4278269100856343,646.8468815749608,0.0,,1235643.1656905331
2021-06-25 14:00:10.820,1,0.5083042555820578,645.026480492835,0.0,,1231820.0800558887
2021-06-25 14:00:10.830,1,0.4510053962810103,643.7067987065158,0.0,,1229048.317788057
2021-06-25 14:00:10.840,1,0.533572112694144,649.9960426266173,0.0,,1242264.7532282511
2021-06-25 14:00:10.850,1,0.5522509719127806,640.6178625053589,0.0,,1222571.7119015087
2021-06-25 14:00:10.860,1,0.4314059234313516,646.7019005190858,0.0,,1235344.169114001
2021-06-25 14:00:10.870,1,0.4025301127502871,645.9853665332084,0.0,,1233829.1611980302
2021-06-25 14:00:10.880,1,0.5114833532748679,640.8379438463041,0.0,,1223026.4209705442
2021-06-25 14:00:10.890,1,0.5322255273459008,644.040187004939,0.0,,1229752.9749653034
2021-06-25 14:00:10.900,1,0.5779785950340587,635.4810462509528,0.0,,1211788.7582457128
2021-06-25 14:00:10.910,1,0.4439708313559612,637.9902707886164,0.0,,1217046.0332458022
2021-06-25 14:00:10.920,1,0.5328944555573816,641.9368700202098,0.0,,1225333.8952936896
2021-06-25 14:00:10.930,1,0.5425988464024669,637.1892583973563,0.0,,1215368.2804925728
2021-06-25 14:00:10.940,1,0.5606371066737366,640.0646977691569,0.0,,1221404.587476004
2021-06-25 14:00:10.950,1,0.6138363295641005,637.1447810099718,0.0,,1215277.677843858
2021-06-25 14:00:10.960,1,0.4468691376226169,639.3473439513073,0.0,,1219898.0738221142
2021-06-25 14:00:10.970,1,0.4665148780730745,637.1535946692862,0.0,,1215291.4986847888
2021-06-25 14:00:10.980,1,0.6029466078804688,631.4642340163771,0.0,,1203370.2949422335
2021-06-25 14:00:10.990,1,0.5753118317102641,637.8429334557403,0.0,,1216743.585800796
2021-06-25 14:00:11.000,1,0.6252399887998032,627.7200303310924,0.0,,1195523.020098242
2021-06-25 14:00:11.010,1,0.4433352080613277,636.891505613231,0.0,,1214741.046009842
2021-06-25 14:00:11.020,1,0.6364331141994974,632.4020775606604,0.0,,1205333.2269257405
2021-06-25 14:00:11.030,1,0.6359474161654695,635.2898295158917,0.0,,1211387.9203110992
2021-06-25 14:00:11.040,1,0.5235301885554763,629.2391275730954,0.0,,1198700.4462902348
2021-06-25 14:00:11.050,1,0.4771063534523379,635.2262898645993,0.0,,1211245.348324191
2021-06-25 14:00:11.060,1,0.5473218666790955,634.2468954957068,0.0,,1209198.590559359
2021-06-25 14:00:11.070,1,0.6381883594082494,630.2831336514074,0.0,,1200893.580269134
2021-06-25 14:00:11.080,1,0.6359933782997079,632.4957438678244,0.0,,1205530.2850804173
2021-06-25 14:00:11.090,1,0.5089301247702305,629.3208717522529,0.0,,1198868.3989201807
2021-06-25 14:00:11.100,1,0.6670751858210758,633.6492445986081,0.0,,1207951.5430046974
2021-06-25 14:00:11.110,1,0.6845795771791857,632.8583910756339,0.0,,1206293.2767918678
2021-06-25 14:00:11.120,1,0.6552779556114966,628.9818308763146,0.0,,1198165.643917069
2021-06-25 14:00:11.130,1,0.5991531350170818,629.7887102508228,0.0,,1199852.57693701
2021-06-25 14:00:11.140,1,0.5736525065673657,628.8013711527256,0.0,,1197788.5629390972
2021-06-25 14:00:11.150,1,0.4863651485922577,632.536386443628,0.0,,1205610.6703346856
2021-06-25 14:00:11.160,1,0.5514051794524454,636.4330407779105,0.0,,1213783.7558252146
2021-06-25 14:00:11.170,1,0.5578354809228068,628.3173645423518,0.0,,1196768.3239155477
2021-06-25 14:00:11.180,1,0.5057411158509549,629.7011242722233,0.0,,1199669.428523848
2021-06-25 14:00:11.190,1,0.5143099095372857,636.3380999915228,0.0,,1213584.665110336
2021-06-25 14:00:11.200,1,0.5765677483720312,637.7091148477283,0.0,,1216464.8474767485
2021-06-25 14:00:11.210,1,0.5869525249454802,634.9343922802992,0.0,,1210642.7896527317
2021-06-25 14:00:11.220,1,0.6925602250328627,639.6054504452346,0.0,,1220450.72656242
2021-06-25 14:00:11.230,1,0.5542976094906046,634.761889605523,0.0,,1210277.8167143175
2021-06-25 14:00:11.240,1,0.6225628630524956,639.6937787411711,0.0,,1220629.0776365644
2021-06-25 14:00:11.250,1,0.5122560557766742,634.45452366932,0.0,,1209632.9505112788
2021-06-25 14:00:11.260,1,0.4731780119753845,633.4836098612551,0.0,,1207592.4394203508
2021-06-25 14:00:11.270,1,0.6718309826307327,640.0171103046011,0.0,,1221308.8141552599
2021-06-25 14:00:11.280,1,0.5488615399724953,634.7817184493108,0.0,,1210319.732552143
2021-06-25 14:00:11.290,1,0.5439283865457724,635.3891157458335,0.0,,1211594.379390632
2021-06-25 14:00:11.300,1,0.6393612283323159,638.0725177931188,0.0,,1217230.177130749
2021-06-25 14:00:11.310,1,0.6049205079139706,642.8589453516959,0.0,,1227274.405327531
2021-06-25 14:00:11.320,1,0.5025336277019228,641.3961310563155,0.0,,1224198.337371843
2021-06-25 14:00:11.330,1,0.5625019732208586,641.7698037975472,0.0,,1224983.4628163609
2021-06-25 14:00:11.340,1,0.6098048202034724,644.8148199601762,0.0,,1231381.9945963502
2021-06-25 14:00:11.350,1,0.5118636682857806,639.8905908743967,0.0,,1221036.880485917
2021-06-25 14:00:11.360,1,0.6499028829228178,639.6247030045417,0.0,,1220485.6231916316
2021-06-25 14:00:11.370,1,0.5346691254357782,640.5409719908247,0.0,,1222407.5311009195
2021-06-25 14:00:11.380,1,0.5437246103463629,637.7307736769561,0.0,,1216506.3859255882
2021-06-25 14:00:11.390,1,0.5847415393822578,640.1790847521951,0.0,,1221645.2582467406
2021-06-25 14:00:11.400,1,0.5340266216374229,642.7415824512457,0.0,,1227019.3657326754
2021-06-25 14:00:11.410,1,0.4272967171148351,634.2734180199027,0.0,,1209246.459225303
2021-06-25 14:00:11.420,1,0.6293292016279219,642.5702569673176,0.0,,1226667.908191123
2021-06-25 14:00:11.430,1,0.5992165535620626,646.7539284586883,0.0,,1235455.3417548551
2021-06-25 14:00:11.440,1,0.5763668606533613,635.714694703304,0.0,,1212275.3929803425
2021-06-25 14:00:11.450,1,0.5225944334503123,644.3151934071377,0.0,,1230329.337071735
2021-06-25 14:00:11.460,1,0.6205113769257408,637.0913598021925,0.0,,1215167.9679884624
2021-06-25 14:00:11.470,1,0.4769325547381562,641.9022907470359,0.0,,1225260.3421223408
2021-06-25 14:00:11.480,1,0.5849324242386559,633.7001434371957,0.0,,1208054.5010738405
2021-06-25 14:00:11.490,1,0.5078257617604087,641.5241871278182,0.0,,1224463.476331786
2021-06-25 14:00:11.500,1,0.6033800962866052,638.6419140182071,0.0,,1218417.1678501123
2021-06-25 14:00:11.510,1,0.4995274012973838,640.0143729505718,0.0,,1221293.6736190505
2021-06-25 14:00:11.520,1,0.6267151956685943,636.6231185576187,0.0,,1214186.6914221728
2021-06-25 14:00:11.530,1,0.5701785540019042,635.330548396861,0.0,,1211470.1910708381
2021-06-25 14:00:11.540,1,0.4676492614815489,639.5434571590282,0.0,,1220303.1350212747
2021-06-25 14:00:11.550,1,0.6326167355343865,635.8899808117808,0.0,,1212650.7152202884
2021-06-25 14:00:11.560,1,0.6542175987520519,632.4028784219416,0.0,,1205335.2103006402
2021-06-25 14:00:11.570,1,0.5559988158597493,638.2467448436852,0.0,,1217591.5192916351
2021-06-25 14:00:11.580,1,0.6444398291627771,636.4728816626457,0.0,,1213870.13747806
2021-06-25 14:00:11.590,1,0.4841639403048421,631.3534875036605,0.0,,1203123.9917032786
2021-06-25 14:00:11.600,1,0.6513705252065728,628.5967426505398,0.0,,1197360.7920442782
2021-06-25 14:00:11.610,1,0.6484445270224861,633.0157877969083,0.0,,1206624.0950748988
2021-06-25 14:00:11.620,1,0.6691489585382286,636.5900614151376,0.0,,1214116.7858341301
2021-06-25 14:00:11.630,1,0.5573431164120959,630.8580133344709,0.0,,1202093.2796801727
2021-06-25 14:00:11.640,1,0.4904035427947557,631.303763301102,0.0,,1203027.6890855096
2021-06-25 14:00:11.650,1,0.5461321446285669,631.3237525650251,0.0,,1203068.939310289
2021-06-25 14:00:11.660,1,0.6715439715780195,632.1875597528293,0.0,,1204883.2680278705
2021-06-25 14:00:11.670,1,0.5487628385591429,632.1627181301035,0.0,,1204828.411383684
2021-06-25 14:00:11.680,1,0.6361953976115765,629.0632439843378,0.0,,1198337.2317974113
2021-06-25 14:00:11.690,1,0.5462600570609796,632.3605523713859,0.0,,1205243.1811087024
2021-06-25 14:00:11.700,1,0.5382638859269401,631.4764946145393,0.0,,1203387.8347257369
2021-06-25 14:00:11.710,1,0.7136799766431894,635.2110407063901,0.0,,1211231.2683999469
2021-06-25 14:00:11.720,1,0.7384385663810843,631.1421882676435,0.0,,1202697.9764364697
2021-06-25 14:00:11.730,1,0.5528931418832386,633.1856554610889,0.0,,1206974.0818063857
2021-06-25 14:00:11.740,1,0.5842113908643476,636.5880542595653,0.0,,1214109.8440381954
2021-06-25 14:00:11.750,1,0.5071186813822666,638.1332004908774,0.0,,1217344.4935093438
2021-06-25 14:00:11.760,1,0.5796364188217865,634.1080542245804,0.0,,1208908.810968804
2021-06-25 14:00:11.770,1,0.56269047883403,635.1389780215576,0.0,,1211066.9604589355
2021-06-25 14:00:11.780,1,0.5187603073121807,639.9287246616473,0.0,,1221116.5688982808
2021-06-25 14:00:11.790,1,0.7812266161354259,637.8086276137677,0.0,,1216679.7932084305
2021-06-25 14:00:11.800,1,0.5494860197205846,634.0792195290708,0.0,,1208846.6088889719
2021-06-25 14:00:11.810,1,0.5567577633452621,637.8188895512262,0.0,,1216690.4225996078
2021-06-25 14:00:11.820,1,0.6902923560716833,639.685256038734,0.0,,1220613.7830323474
2021-06-25 14:00:11.830,1,0.6449296764826747,638.2061798124791,0.0,,1217508.1046139298
2021-06-25 14:00:11.840,1,0.7838405568047991,643.3331822748887,0.0,,1228276.6980036732
2021-06-25 14:00:11.850,1,0.6764831548577166,636.3339028375011,0.0,,1213583.400715259
2021-06-25 14:00:11.860,1,0.5308638544498566,631.7604001936809,0.0,,1203985.7340560053
2021-06-25 14:00:11.870,1,0.734279557631682,641.3327473356197,0.0,,1224074.5030096131
2021-06-25 14:00:11.880,1,0.5361562777328879,644.7475545240502,0.0,,1231238.1292417557
2021-06-25 14:00:11.890,1,0.704755489298809,644.6499732011082,0.0,,1231037.6155460102
2021-06-25 14:00:11.900,1,0.7278238110698014,651.4502696811511,0.0,,1245334.2264867683
2021-06-25 14:00:11.910,1,0.6395502934208,646.7848585258731,0.0,,1235521.4023780585
2021-06-25 14:00:11.920,1,0.6955143900791019,648.6320334885362,0.0,,1239406.1885740184
2021-06-25 14:00:11.930,1,0.7629185395658596,654.357360383165,0.0,,1251448.6795550443
2021-06-25 14:00:11.940,1,0.7216552121182473,649.136931634708,0.0,,1240467.0132940847
2021-06-25 14:00:11.950,1,0.6353753172322699,654.0060476416502,0.0,,1250703.966126018
2021-06-25 14:00:11.960,1,0.6726632440192503,651.7162107316155,0.0,,1245887.168675161
2021-06-25 14:00:11.970,1,0.7389030708523938,649.6516169439387,0.0,,1241552.9376857053
2021-06-25 14:00:11.980,1,0.7543807792121588,659.1555335951081,0.0,,1261541.293503542
2021-06-25 14:00:11.990,1,0.6107148362645338,650.5545621201703,0.0,,1243443.4898211956
2021-06-25 14:00:12.000,1,0.6200518537496144,651.491183347891,0.0,,1245414.0985253851
2021-06-25 14:00:12.010,1,0.6383551597688828,652.3308749863719,0.0,,1247178.8960585946
2021-06-25 14:00:12.020,1,0.7055836006579524,653.0989714421032,0.0,,1248801.7366035308
2021-06-25 14:00:12.030,1,0.578528956695308,651.8538375563428,0.0,,1246172.7056068897
2021-06-25 14:00:12.040,1,0.5668170189787316,656.3037384516958,0.0,,1255533.5398580064
2021-06-25 14:00:12.050,1,0.4857089196152749,658.5255268821724,0.0,,1260206.4228695645
2021-06-25 14:00:12.060,1,0.5364759527481657,652.1655066596362,0.0,,1246826.0762772898
2021-06-25 14:00:12.070,1,0.5401151303418031,658.2102758230618,0.0,,1259545.8788564077
2021-06-25 14:00:12.080,1,0.5781763422108767,654.3694720074286,0.0,,1251464.9366215207
2021-06-25 14:00:12.090,1,0.57241845991588,649.2458721582037,0.0,,1240691.4478053998
2021-06-25 14:00:12.100,1,0.6170334410431214,657.1479722289023,0.0,,1257313.39193661
2021-06-25 14:00:12.110,1,0.6637850222154447,655.9942778285082,0.0,,1254886.0511048832
2021-06-25 14:00:12.120,1,0.5775051494560403,656.0326173252863,0.0,,1254963.836964719
2021-06-25 14:00:12.130,1,0.6793089911640311,654.2022904399497,0.0,,1251117.1233039736
2021-06-25 14:00:12.140,1,0.5136394751370198,656.0992665671505,0.0,,1255102.7453199492
2021-06-25 14:00:12.150,1,0.5620793300434854,658.0898332162346,0.0,,1259294.1314315128
2021-06-25 14:00:12.160,1,0.6862480545786309,649.7489648126277,0.0,,1241750.049652558
2021-06-25 14:00:12.170,1,0.651238016552433,653.8209133928282,0.0,,1250316.4262122158
2021-06-25 14:00:12.180,1,0.5867220330118175,651.5498233582931,0.0,,1245535.33548885
2021-06-25 14:00:12.190,1,0.5387494627543115,650.8346135452996,0.0,,1244026.81246904
2021-06-25 14:00:12.200,1,0.4953333664779854,653.133714001081,0.0,,1248861.7840231177
2021-06-25 14:00:12.210,1,0.504965438332633,653.4845861245982,0.0,,1249598.9153382701
2021-06-25 14:00:12.220,1,0.4941274929881676,652.4593381724767,0.0,,1247441.827509178
2021-06-25 14:00:12.230,1,0.6205576070175675,651.0011433847361,0.0,,1244386.6464234877
2021-06-25 14:00:12.240,1,0.6605934851438864,653.2505065805008,0.0,,1249115.8469157428
2021-06-25 14:00:12.250,1,0.5583060620581916,646.1990669444281,0.0,,1234288.839269907
2021-06-25 14:00:12.260,1,0.4585119964287302,647.4509958199816,0.0,,1236912.3679930554
2021-06-25 14:00:12.270,1,0.5457864618708864,647.9285200838757,0.0,,1237925.207555752
2021-06-25 14:00:12.280,1,0.4690320204636752,655.8956268745881,0.0,,1254671.026203869
2021-06-25 14:00:12.290,1,0.5183507894878661,648.5582494185468,0.0,,1239242.4217550394
2021-06-25 14:00:12.300,1,0.4691348079292063,650.9526266391192,0.0,,1244274.7852041372
2021-06-25 14:00:12.310,1,0.4883265585872289,648.8821894076829,0.0,,1239920.228269281
2021-06-25 14:00:12.320,1,0.5689551129598023,648.0355680291228,0.0,,1238148.619908838
2021-06-25 14:00:12.330,1,0.5752839881295149,643.5133898215076,0.0,,1228648.7388504264
2021-06-25 14:00:12.340,1,0.5874978155716252,651.0436213946527,0.0,,1244470.1359541249
2021-06-25 14:00:12.350,1,0.6495817836485447,645.6777682854655,0.0,,1233196.3329718455
2021-06-25 14:00:12.360,1,0.5658600173427476,652.0268799759071,0.0,,1246538.9286929609
2021-06-25 14:00:12.370,1,0.5191500495795179,644.0606308902189,0.0,,1229793.1469131531
2021-06-25 14:00:12.380,1,0.5004382616485862,645.3007641117878,0.0,,1232396.8814673333
2021-06-25 14:00:12.390,1,0.5433232503612495,646.3432719588312,0.0,,1234591.0494399858
2021-06-25 14:00:12.400,1,0.5373607367152502,640.458454650636,0.0,,1222230.721759341
2021-06-25 14:00:12.410,1,0.6780150722828171,647.0155279113006,0.0,,1236007.712895701
2021-06-25 14:00:12.420,1,0.7337845185572455,648.3179216611693,0.0,,1238750.4735096064
2021-06-25 14:00:12.430,1,0.7367796119741058,645.7565456280772,0.0,,1233369.657397702
2021-06-25 14:00:12.440,1,0.5996897709078882,645.1576519047003,0.0,,1232100.0122647195
2021-06-25 14:00:12.450,1,0.5018612274208116,650.1730884016441,0.0,,1242634.0028204797
2021-06-25 14:00:12.460,1,0.7206900915892064,642.0589937270048,0.0,,1225601.713442267
2021-06-25 14:00:12.470,1,0.6035886821398301,648.9769774636104,0.0,,1240131.0304117354
2021-06-25 14:00:12.480,1,0.6778597801224643,648.4466419789503,0.0,,1239017.8260758116
2021-06-25 14:00:12.490,1,0.5042366282177306,651.6019601730337,0.0,,1245639.3981039897
2021-06-25 14:00:12.500,1,0.6406438021864002,654.6099181559825,0.0,,1251967.311885648
2021-06-25 14:00:12.510,1,0.5690243467296529,643.2260107980878,0.0,,1228045.7315318724
2021-06-25 14:00:12.520,1,0.7359954398357463,647.8490470323561,0.0,,1237759.9183448944
2021-06-25 14:00:12.530,1,0.5662161683932404,652.8939910758393,0.0,,1248361.481688388
2021-06-25 14:00:12.540,1,0.772109845077354,652.5993082943949,0.0,,1247751.0559717845
2021-06-25 14:00:12.550,1,0.5426800985199294,647.4362992700721,0.0,,1236887.8908421318
2021-06-25 14:00:12.560,1,0.5253995375045079,646.2614387149462,0.0,,1234417.7245887627
2021-06-25 14:00:12.570,1,0.7726064828458762,652.2900452835468,0.0,,1247100.3162770164
2021-06-25 14:00:12.580,1,0.6004763847377445,652.6653910588228,0.0,,1247882.1182437693
2021-06-25 14:00:12.590,1,0.7247999064540668,651.2859417907993,0.0,,1244984.2253974157
2021-06-25 14:00:12.600,1,0.532829755701789,653.4404948084085,0.0,,1249510.9839246052
2021-06-25 14:00:12.610,1,0.6416888344974956,652.5383025297766,0.0,,1247617.97153967
2021-06-25 14:00:12.620,1,0.5411283892413143,648.3497431616528,0.0,,1238802.3804404612
2021-06-25 14:00:12.630,1,0.5339916547361021,649.8865057402959,0.0,,1242036.3079367504
2021-06-25 14:00:12.640,1,0.6450084250833793,652.5898737173408,0.0,,1247727.3194825717
2021-06-25 14:00:12.650,1,0.7309488431606074,658.6256530381772,0.0,,1260429.1926416543
2021-06-25 14:00:12.660,1,0.5426292535451515,656.1212543022656,0.0,,1255147.921155313
2021-06-25 14:00:12.670,1,0.6713757394849159,656.9731679760944,0.0,,1256950.8853628312
2021-06-25 14:00:12.680,1,0.5737099489276705,654.7437055605144,0.0,,1252248.4535005921
2021-06-25 14:00:12.690,1,0.7076762064978177,657.9741011945373,0.0,,1259063.3886863145
2021-06-25 14:00:12.700,1,0.6167439383507447,660.2525200891439,0.0,,1263850.4297235166
2021-06-25 14:00:12.710,1,0.6277181987727821,656.0781910776216,0.0,,1255062.5166094112
2021-06-25 14:00:12.720,1,0.6814047108659473,651.5473555662028,0.0,,1245533.4948936382
2021-06-25 14:00:12.730,1,0.4907641255083357,649.3012350285628,0.0,,1240801.2559571937
2021-06-25 14:00:12.740,1,0.6786202887638256,657.5381735986113,0.0,,1258136.5952919277
2021-06-25 14:00:12.750,1,0.5075642716816522,653.3398929260259,0.0,,1249295.7351843885
2021-06-25 14:00:12.760,1,0.6828979262315709,653.7624541560663,0.0,,1250195.2609403895
2021-06-25 14:00:12.770,1,0.5809987485759369,651.6927587552708,0.0,,1245839.4294223418
2021-06-25 14:00:12.780,1,0.4808890937052686,647.4439855161137,0.0,,1236897.8748659054
2021-06-25 14:00:12.790,1,0.4668384741956774,652.8033432381238,0.0,,1248166.3218873052
2021-06-25 14:00:12.800,1,0.4452875443038151,651.9171685613649,0.0,,1246299.546469743
2021-06-25 14:00:12.810,1,0.5899756864533054,646.865337698506,0.0,,1235688.5952426244
2021-06-25 14:00:12.820,1,0.5273314042936604,651.0760192065833,0.0,,1244536.6319860404
2021-06-25 14:00:12.830,1,0.5786582291115868,642.9040118769321,0.0,,1227367.184555011
2021-06-25 14:00:12.840,1,0.4839542779538759,648.484744437317,0.0,,1239086.4079972766
2021-06-25 14:00:12.850,1,0.4954498064546697,645.5921695865053,0.0,,1233007.7698358668
2021-06-25 14:00:12.860,1,0.6050064255242975,650.3246623000792,0.0,,1242958.9370768233
2021-06-25 14:00:12.870,1,0.5069437294994948,651.7291596908,0.0,,1245906.6943251807
2021-06-25 14:00:12.880,1,0.5885983578700308,643.2084903840498,0.0,,1228005.9804007849
2021-06-25 14:00:12.890,1,0.5011458698830219,648.8797712456519,0.0,,1239916.6675262577
2021-06-25 14:00:12.900,1,0.5986487254607845,643.4613521063474,0.0,,1228539.9221930294
2021-06-25 14:00:12.910,1,0.4362599530570606,640.7278755729004,0.0,,1222789.5853573119
2021-06-25 14:00:12.920,1,0.5662215006958841,642.6677757419754,0.0,,1226870.860509919
2021-06-25 14:00:12.930,1,0.5909859200339997,642.5945625706862,0.0,,1226721.3285884764
2021-06-25 14:00:12.940,1,0.5682601053283274,640.6588076066837,0.0,,1222652.8196144819
2021-06-25 14:00:12.950,1,0.5220369096074461,637.9905612652898,0.0,,1217048.5022278216
2021-06-25 14:00:12.960,1,0.5616549655914339,635.1857847654902,0.0,,1211165.2493231352
2021-06-25 14:00:12.970,1,0.4617997870622747,642.0809065261371,0.0,,1225630.8954744637
2021-06-25 14:00:12.980,1,0.4574247295746326,637.9075883444108,0.0,,1216870.9875282936
2021-06-25 14:00:12.990,1,0.5773659032507941,638.7040921553554,0.0,,1218550.291959676
2021-06-25 14:00:13.000,1,0.4697416568259363,635.3808911611817,0.0,,1211572.8069900568
2021-06-25 14:00:13.010,1,0.5036674207670768,644.5787826505592,0.0,,1230882.7217236934
2021-06-25 14:00:13.020,1,0.4714384161401249,639.2835601649947,0.0,,1219761.91660301
2021-06-25 14:00:13.030,1,0.4962196299884855,636.4488769060638,0.0,,1213814.8375793495
2021-06-25 14:00:13.040,1,0.513671146026752,630.3888166680723,0.0,,1201111.384112538
2021-06-25 14:00:13.050,1,0.5039946282823075,634.6010155132615,0.0,,1209941.157145556
2021-06-25 14:00:13.060,1,0.5757570581061496,638.2115484611411,0.0,,1217516.2984548272
2021-06-25 14:00:13.070,1,0.6032560841857518,641.3989318429352,0.0,,1224207.6884484026
2021-06-25 14:00:13.080,1,0.4928884329370361,638.0746537067209,0.0,,1217225.114149365
2021-06-25 14:00:13.090,1,0.4661494330014583,644.2832543142977,0.0,,1230258.5301536804
2021-06-25 14:00:13.100,1,0.5846419158284789,636.5842962131208,0.0,,1214102.3055179096
2021-06-25 14:00:13.110,1,0.4967871453947465,639.8218585929571,0.0,,1220894.3639121728
2021-06-25 14:00:13.120,1,0.5079244691986649,636.4962391552631,0.0,,1213913.4627773638
2021-06-25 14:00:13.130,1,0.5709329854901194,641.3395222322782,0.0,,1224081.922191425
2021-06-25 14:00:13.140,1,0.4407013222078075,646.3948856748418,0.0,,1234692.7874572405
2021-06-25 14:00:13.150,1,0.4991428894794519,639.9229558343205,0.0,,1221103.1058934147
2021-06-25 14:00:13.160,1,0.5799928753335278,637.9899316179662,0.0,,1217050.6658551053
2021-06-25 14:00:13.170,1,0.5606197577175349,643.7240324418502,0.0,,1229089.3656596807
2021-06-25 14:00:13.180,1,0.5196756000043791,643.1442801038902,0.0,,1227868.2137017362
2021-06-25 14:00:13.190,1,0.4892805401389655,643.1581821053977,0.0,,1227896.750994971
2021-06-25 14:00:13.200,1,0.4417980152885178,649.653121998663,0.0,,1241539.3626202592
2021-06-25 14:00:13.210,1,0.6210434075031259,649.4936276533967,0.0,,1241210.2769840194
2021-06-25 14:00:13.220,1,0.6636780047119888,647.8798058200289,0.0,,1237822.1703378614
2021-06-25 14:00:13.230,1,0.4819230578285738,650.3438904349791,0.0,,1242994.6215594842
2021-06-25 14:00:13.240,1,0.5807904423508794,652.5349675058773,0.0,,1247604.7077228448
2021-06-25 14:00:13.250,1,0.6398168618483385,649.3122845444673,0.0,,1240834.4349182828
2021-06-25 14:00:13.260,1,0.5774669474857248,647.2176205363811,0.0,,1236430.5593747161
2021-06-25 14:00:13.270,1,0.6271057173117734,651.8235050492602,0.0,,1246112.4560312007
2021-06-25 14:00:13.280,1,0.4758896880688756,647.8063626836015,0.0,,1237663.9878644352
2021-06-25 14:00:13.290,1,0.5088672839047099,654.2658155116328,0.0,,1251242.2737805988
2021-06-25 14:00:13.300,1,0.5175216572746538,654.6230070348394,0.0,,1251998.8092124944
2021-06-25 14:00:13.310,1,0.6483843930294292,651.3301674852187,0.0,,1245079.8591777666
2021-06-25 14:00:13.320,1,0.6491109613891146,653.2864283967971,0.0,,1249191.358090492
2021-06-25 14:00:13.330,1,0.5420076219357463,654.3601064433371,0.0,,1251443.9151034106
2021-06-25 14:00:13.340,1,0.5926082779401697,652.3850766908048,0.0,,1247292.0691324396
2021-06-25 14:00:13.350,1,0.4570013014047377,654.2734437717338,0.0,,1251256.6093378696
2021-06-25 14:00:13.360,1,0.6326721429835473,654.4937678251653,0.0,,1251728.793951001
2021-06-25 14:00:13.370,1,0.5429112314407578,657.6521559199781,0.0,,1258371.80110386
2021-06-25 14:00:13.380,1,0.5191474508196446,660.8741453523014,0.0,,1265151.9832720964
2021-06-25 14:00:13.390,1,0.6031468819179681,652.7926444216978,0.0,,1248146.7950404969
2021-06-25 14:00:13.400,1,0.501031170365255,657.2036175275862,0.0,,1257426.4073567614
2021-06-25 14:00:13.410,1,0.4336136555625432,651.8110162637238,0.0,,1246076.608862542
2021-06-25 14:00:13.420,1,0.5771085262750606,653.4069003791315,0.0,,1249441.5826053668
2021-06-25 14:00:13.430,1,0.5263807696282297,662.2427090172537,0.0,,1268036.3774093585
2021-06-25 14:00:13.440,1,0.4819675176569741,654.8578374155138,0.0,,1252484.277710658
2021-06-25 14:00:13.450,1,0.5468407468857633,656.6639547243535,0.0,,1256292.0394957133
2021-06-25 14:00:13.460,1,0.5804002003319334,656.297857572979,0.0,,1255524.5651119808
2021-06-25 14:00:13.470,1,0.546473382295995,653.9424432847128,0.0,,1250563.756300384
2021-06-25 14:00:13.480,1,0.3851640021779556,655.8685759306325,0.0,,1254609.8451774064
2021-06-25 14:00:13.490,1,0.4156484272969735,657.5620496666678,0.0,,1258174.72520248
2021-06-25 14:00:13.500,1,0.5198334054204868,654.1103984737422,0.0,,1250917.1476651358
2021-06-25 14:00:13.510,1,0.5596050145660563,653.5003509150475,0.0,,1249636.40879674
2021-06-25 14:00:13.520,1,0.4997238636699662,654.4769257776778,0.0,,1251688.1866333182
2021-06-25 14:00:13.530,1,0.5042678804461513,657.5511581917636,0.0,,1258154.6355129287
2021-06-25 14:00:13.540,1,0.4942365163280484,657.1779520963726,0.0,,1257372.60007721
2021-06-25 14:00:13.550,1,0.3866102195774453,655.0356065532526,0.0,,1252855.6647693557
2021-06-25 14:00:13.560,1,0.5327778754526288,647.8222245721678,0.0,,1237696.1671801764
2021-06-25 14:00:13.570,1,0.5024030574715149,648.3797385997552,0.0,,1238864.8260851377
2021-06-25 14:00:13.580,1,0.5016819918161465,647.3805226854985,0.0,,1236770.657207166
2021-06-25 14:00:13.590,1,0.4871466285213852,651.2482730044118,0.0,,1244894.3101145218
2021-06-25 14:00:13.600,1,0.4448037758340314,654.3184052037452,0.0,,1251351.5008947994
2021-06-25 14:00:13.610,1,0.4151295235020392,653.3672002053007,0.0,,1249349.4670431342
2021-06-25 14:00:13.620,1,0.3594967242324104,650.6914182581594,0.0,,1243719.0851116811
2021-06-25 14:00:13.630,1,0.5138456398068697,651.0807737219709,0.0,,1244544.9544755335
2021-06-25 14:00:13.640,1,0.4937974363414553,652.6755600616535,0.0,,1247895.9551235219
2021-06-25 14:00:13.650,1,0.3918085483132749,648.443235133216,0.0,,1238994.9963973083
2021-06-25 14:00:13.660,1,0.4172047134163927,648.686139682732,0.0,,1239504.0802153582
2021-06-25 14:00:13.670,1,0.4617821873396829,651.4065864352845,0.0,,1245226.9841140276
2021-06-25 14:00:13.680,1,0.4739321731624578,652.7275813293157,0.0,,1248005.2267688643
2021-06-25 14:00:13.690,1,0.4384240547345366,656.7009513915143,0.0,,1256366.2750629603
2021-06-25 14:00:13.700,1,0.3817742118976198,652.3363414294615,0.0,,1247177.707246101
2021-06-25 14:00:13.710,1,0.4729584630630249,650.9526107028522,0.0,,1244274.2954124883
2021-06-25 14:00:13.720,1,0.3647347417695106,654.1581950911158,0.0,,1251006.6479378538
2021-06-25 14:00:13.730,1,0.3376589213923915,653.2782923878261,0.0,,1249158.929567704
2021-06-25 14:00:13.740,1,0.4343420833545548,651.0328465193826,0.0,,1244440.0111482013
2021-06-25 14:00:13.750,1,0.3617748107363758,656.7221049704748,0.0,,1256403.4657477268
2021-06-25 14:00:13.760,1,0.4979273868849251,653.2644361039055,0.0,,1249139.5002162606
2021-06-25 14:00:13.770,1,0.4714974893410753,652.7668850418389,0.0,,1248085.0368722884
2021-06-25 14:00:13.780,1,0.4418163313732198,653.5203044231722,0.0,,1249670.4466422738
2021-06-25 14:00:13.790,1,0.3835521482851942,656.8652977186781,0.0,,1256709.4065274002
2021-06-25 14:00:13.800,1,0.5337896023709174,655.3407755524297,0.0,,1253506.4081453888
2021-06-25 14:00:13.810,1,0.5208650556294565,654.8822886963885,0.0,,1252543.188440064
2021-06-25 14:00:13.820,1,0.5227146639084516,660.7693957775127,0.0,,1264931.2985559432
2021-06-25 14:00:13.830,1,0.4769263185610296,661.2037427443079,0.0,,1265846.0547023953
2021-06-25 14:00:13.840,1,0.5490596973961814,655.0903589798032,0.0,,1252982.0300363337
2021-06-25 14:00:13.850,1,0.4306244606063977,658.5782932474175,0.0,,1260316.671627518
2021-06-25 14:00:13.860,1,0.4759999233964923,656.4025172191776,0.0,,1255737.9279652291
2021-06-25 14:00:13.870,1,0.4882332833189335,664.1849930187101,0.0,,1272123.5272413455
2021-06-25 14:00:13.880,1,0.4370830009745793,666.1524438243292,0.0,,1276266.2622331008
2021-06-25 14:00:13.890,1,0.4243312006830422,659.7776403078312,0.0,,1262841.01600674
2021-06-25 14:00:13.900,1,0.4728260491353973,665.4438985668007,0.0,,1274776.665206262
2021-06-25 14:00:13.910,1,0.3967537811427744,664.8672680350202,0.0,,1273557.1032408844
2021-06-25 14:00:13.920,1,0.5015142333757712,661.3695582142955,0.0,,1266195.5700625756
2021-06-25 14:00:13.930,1,0.4370118070719134,667.37930575666,0.0,,1278856.014356583
2021-06-25 14:00:13.940,1,0.5828000485486335,667.6730593432368,0.0,,1279479.5874705415
2021-06-25 14:00:13.950,1,0.5380142934827624,672.8069907243016,0.0,,1290300.3122647202
2021-06-25 14:00:13.960,1,0.5996087385604476,663.8700917839793,0.0,,1271466.2143985822
2021-06-25 14:00:13.970,1,0.5198948026234195,662.4163664315456,0.0,,1268401.602072856
2021-06-25 14:00:13.980,1,0.4088387055266161,669.1340915476991,0.0,,1282551.037640449
2021-06-25 14:00:13.990,1,0.5488421890685253,667.5730740706397,0.0,,1279267.4453203308
2021-06-25 14:00:14.000,1,0.5101274454847881,665.001076279476,0.0,,1273838.2563782472
2021-06-25 14:00:14.010,1,0.6083949593137842,667.192189967072,0.0,,1278467.5590833945
2021-06-25 14:00:14.020,1,0.4966331009286191,667.8102590092891,0.0,,1279763.1997121535
2021-06-25 14:00:14.030,1,0.5647969421438548,666.3472779025377,0.0,,1276683.5469062442
2021-06-25 14:00:14.040,1,0.5012519544560641,669.8263389755394,0.0,,1284016.2064173915
2021-06-25 14:00:14.050,1,0.4237623912305179,669.9698135040917,0.0,,1284315.071338734
2021-06-25 14:00:14.060,1,0.4233928872541725,662.6583405437487,0.0,,1268906.0954890864
2021-06-25 14:00:14.070,1,0.5701845164226714,665.3014756318253,0.0,,1274480.3322293377
2021-06-25 14:00:14.080,1,0.4118853234184169,666.5053098344531,0.0,,1277009.3201812538
2021-06-25 14:00:14.090,1,0.5121627315427408,669.1583820398847,0.0,,1282607.1292454796
2021-06-25 14:00:14.100,1,0.4872478294917433,666.8391748835552,0.0,,1277719.1222439015
2021-06-25 14:00:14.110,1,0.5011260630418695,665.6492702407094,0.0,,1275210.2875518869
2021-06-25 14:00:14.120,1,0.5896412039688022,661.3942384821274,0.0,,1266251.9130860511
2021-06-25 14:00:14.130,1,0.5481291930880471,663.3978278284902,0.0,,1270466.3932976173
2021-06-25 14:00:14.140,1,0.4753726132144929,657.1502328093862,0.0,,1257306.76173908
2021-06-25 14:00:14.150,1,0.5513988414598693,659.0197274683339,0.0,,1261251.1517313926
2021-06-25 14:00:14.160,1,0.5647864837082051,662.5984536815569,0.0,,1268786.8597832562
2021-06-25 14:00:14.170,1,0.4742339348672542,663.8694452333986,0.0,,1271458.3729749036
2021-06-25 14:00:14.180,1,0.5442634077856647,659.4271697712662,0.0,,1262105.885456972
2021-06-25 14:00:14.190,1,0.3866393720301302,659.4340046504749,0.0,,1262114.1464401465
2021-06-25 14:00:14.200,1,0.5158112229801666,660.4443121025947,0.0,,1264247.6496519307
2021-06-25 14:00:14.210,1,0.4384115897408056,656.1846743548448,0.0,,1255274.979818404
2021-06-25 14:00:14.220,1,0.3588092057864542,659.3215126167154,0.0,,1261874.4356349
2021-06-25 14:00:14.230,1,0.4115691769880102,661.4288967959225,0.0,,1266314.7312278042
2021-06-25 14:00:14.240,1,0.5102162277296601,655.7308152512637,0.0,,1254322.6824380588
2021-06-25 14:00:14.250,1,0.5057014022337755,652.0037004687478,0.0,,1246483.4016255382
2021-06-25 14:00:14.260,1,0.502540756099552,647.4918278504152,0.0,,1237002.8893952146
2021-06-25 14:00:14.270,1,0.4850283250826964,655.607906403762,0.0,,1254065.0358977744
2021-06-25 14:00:14.280,1,0.3697304289832823,651.5531032725164,0.0,,1245531.676935521
2021-06-25 14:00:14.290,1,0.4111124365980847,648.7962641887301,0.0,,1239739.2646117918
2021-06-25 14:00:14.300,1,0.343199325713948,645.5447073721349,0.0,,1232904.0339350693
2021-06-25 14:00:14.310,1,0.4189080407392376,653.8187631424155,0.0,,1250298.2234121081
2021-06-25 14:00:14.320,1,0.3702755407190191,646.8238673799268,0.0,,1235589.6056759916
2021-06-25 14:00:14.330,1,0.4806322736578304,652.5352604102089,0.0,,1247604.1910271223
2021-06-25 14:00:14.340,1,0.4467385270415036,650.5315823558183,0.0,,1243386.7707112487
2021-06-25 14:00:14.350,1,0.4664911674145495,648.5981227021434,0.0,,1239324.2472379263
2021-06-25 14:00:14.360,1,0.4317329640056546,648.465834478561,0.0,,1239044.9814232178
2021-06-25 14:00:14.370,1,0.4033786861227482,645.9368815806582,0.0,,1233728.1562191905
2021-06-25 14:00:14.380,1,0.4800646247260803,648.0771995880118,0.0,,1238229.9695018937
2021-06-25 14:00:14.390,1,0.4873636074698729,655.6551929787718,0.0,,1254165.8684992886
2021-06-25 14:00:14.400,1,0.3934316026318211,645.8911686602561,0.0,,1233632.5497273412
2021-06-25 14:00:14.410,1,0.4217653348606004,647.0704474880442,0.0,,1236110.7249833157
2021-06-25 14:00:14.420,1,0.4247667029561255,648.6920491538336,0.0,,1239518.9152641287
2021-06-25 14:00:14.430,1,0.3785606996056513,652.4161132490764,0.0,,1247343.0321657436
2021-06-25 14:00:14.440,1,0.4930941523909427,647.358595399892,0.0,,1236723.652740502
2021-06-25 14:00:14.450,1,0.4697735754126208,645.8029842294003,0.0,,1233450.5914585216
2021-06-25 14:00:14.460,1,0.3799675270437069,646.6757122270866,0.0,,1235278.9964314546
2021-06-25 14:00:14.470,1,0.3571975167573051,649.5257308328305,0.0,,1241269.1739934024
2021-06-25 14:00:14.480,1,0.4046271717366035,653.8093422474439,0.0,,1250280.2193866153
2021-06-25 14:00:14.490,1,0.3550451651671852,651.4594871976402,0.0,,1245336.0413736582
2021-06-25 14:00:14.500,1,0.5003171883970616,653.3153784874311,0.0,,1249243.9102600813
2021-06-25 14:00:14.510,1,0.3597524841608917,654.6203057002002,0.0,,1251984.456143325
2021-06-25 14:00:14.520,1,0.5445837983873794,647.2494127104646,0.0,,1236493.177927376
2021-06-25 14:00:14.530,1,0.5112917202987932,656.0156950236701,0.0,,1254924.2541678308
2021-06-25 14:00:14.540,1,0.3802315310706414,649.7152177656238,0.0,,1241666.491900511
2021-06-25 14:00:14.550,1,0.4484193119779748,647.2834410585974,0.0,,1236560.3761866565
2021-06-25 14:00:14.560,1,0.4141097353799926,653.583160577679,0.0,,1249801.920224005
2021-06-25 14:00:14.570,1,0.4457705154771313,652.3231202061572,0.0,,1247154.4056729402
2021-06-25 14:00:14.580,1,0.5277183715382705,661.0682096466647,0.0,,1265559.9082504404
2021-06-25 14:00:14.590,1,0.5671352110607504,654.5863618061587,0.0,,1251921.0368835956
2021-06-25 14:00:14.600,1,0.5460288747239118,660.5108250867853,0.0,,1264391.2523926275
2021-06-25 14:00:14.610,1,0.5902414278957493,654.7683891722805,0.0,,1252306.0104951016
2021-06-25 14:00:14.620,1,0.4146287272294223,654.9333121657422,0.0,,1252641.9970252635
2021-06-25 14:00:14.630,1,0.4447555168026612,657.1856020662515,0.0,,1257387.0785527236
2021-06-25 14:00:14.640,1,0.525657277394999,656.0097196644045,0.0,,1254911.640449077
2021-06-25 14:00:14.650,1,0.5226974637178213,656.0955108464516,0.0,,1255095.5932985572
2021-06-25 14:00:14.660,1,0.4764019060103199,654.088309686237,0.0,,1250872.015344883
2021-06-25 14:00:14.670,1,0.5831060420863877,658.8053733635006,0.0,,1260801.913059786
2021-06-25 14:00:14.680,1,0.601243470170839,654.2649452600854,0.0,,1251246.8505403518
2021-06-25 14:00:14.690,1,0.6386535148009692,658.1698430008572,0.0,,1259466.2028836042
2021-06-25 14:00:14.700,1,0.4872426789481739,655.287797433719,0.0,,1253395.9984824106
2021-06-25 14:00:14.710,1,0.6006279559311309,652.3540414701142,0.0,,1247228.0478510696
2021-06-25 14:00:14.720,1,0.4829430558598792,658.8874225302093,0.0,,1260965.7477929574
2021-06-25 14:00:14.730,1,0.6516897339298375,654.2267232284937,0.0,,1251169.2897687252
2021-06-25 14:00:14.740,1,0.5240028450216673,655.7553980402837,0.0,,1254375.6737260225
2021-06-25 14:00:14.750,1,0.4849821893057616,650.3831269826776,0.0,,1243076.263182684
2021-06-25 14:00:14.760,1,0.5574039117407288,650.8676387052426,0.0,,1244100.7447701767
2021-06-25 14:00:14.770,1,0.5945284957891067,649.6205246590581,0.0,,1241479.39822384
2021-06-25 14:00:14.780,1,0.4456300716158998,650.9481691088932,0.0,,1244263.9065996674
2021-06-25 14:00:14.790,1,0.4938845661906946,649.6506044755341,0.0,,1241540.7947584095
2021-06-25 14:00:14.800,1,0.6017684044508113,647.4337102267802,0.0,,1236886.2139329237
2021-06-25 14:00:14.810,1,0.4947080588921218,651.5896878380263,0.0,,1245617.1849784546
2021-06-25 14:00:14.820,1,0.4581712146957709,648.4863941379366,0.0,,1239090.1661635444
2021-06-25 14:00:14.830,1,0.6040639673133996,646.7902979714156,0.0,,1235530.8379895557
2021-06-25 14:00:14.840,1,0.6101980887554406,646.278635361938,0.0,,1234459.4837941718
2021-06-25 14:00:14.850,1,0.4948135791053535,644.122989939229,0.0,,1229920.9260024955
2021-06-25 14:00:14.860,1,0.5927946092937679,647.9541691243535,0.0,,1237979.3973232154
2021-06-25 14:00:14.870,1,0.605772347427134,646.614363670865,0.0,,1235163.4048659722
2021-06-25 14:00:14.880,1,0.5186462312804934,647.5059050041377,0.0,,1237031.6610744642
2021-06-25 14:00:14.890,1,0.5245971265690285,646.9170356579517,0.0,,1235797.6962360062
2021-06-25 14:00:14.900,1,0.4790557036413723,646.633508461497,0.0,,1235198.1085705657
2021-06-25 14:00:14.910,1,0.6383109361798004,640.4450940137782,0.0,,1222205.36582913
2021-06-25 14:00:14.920,1,0.6050456099250731,645.1254229284335,0.0,,1232033.225705629
2021-06-25 14:00:14.930,1,0.6359272036016523,644.9700134495591,0.0,,1231709.1885594104
2021-06-25 14:00:14.940,1,0.5024231041908048,637.9271094750071,0.0,,1216914.0535840413
2021-06-25 14:00:14.950,1,0.477045639874875,640.652275649819,0.0,,1222634.8907105215
2021-06-25 14:00:14.960,1,0.6333090786753229,641.4084548861658,0.0,,1224228.8610238577
2021-06-25 14:00:14.970,1,0.4508015514492709,641.9893585089932,0.0,,1225439.2396986673
2021-06-25 14:00:14.980,1,0.5415254664420845,648.4352838357496,0.0,,1238986.9464537925
2021-06-25 14:00:14.990,1,0.4124481715969892,648.9839470911719,0.0,,1240134.0168569868
2021-06-25 14:00:15.000,1,0.4417034349529596,640.6449667672002,0.0,,1222615.7467921807
2021-06-25 14:00:15.010,1,0.4612489969276499,637.4702848255772,0.0,,1215957.346185316
2021-06-25 14:00:15.020,1,0.6048191702020401,644.4253078322325,0.0,,1230562.8201374821
2021-06-25 14:00:15.030,1,0.5753669273817685,645.9736013248214,0.0,,1233813.7165717983
2021-06-25 14:00:15.040,1,0.5810649273070633,649.630696619585,0.0,,1241500.3240843075
2021-06-25 14:00:15.050,1,0.4405468437308061,641.7744611141205,0.0,,1224990.921906758
2021-06-25 14:00:15.060,1,0.5897378258221933,650.499319206089,0.0,,1243325.8880077864
2021-06-25 14:00:15.070,1,0.5053849540251013,649.3280375132466,0.0,,1240858.599683081
2021-06-25 14:00:15.080,1,0.4873109929507987,638.5595348889198,0.0,,1218242.5380248702
2021-06-25 14:00:15.090,1,0.5185507740015053,644.7325892743654,0.0,,1231206.208777911
2021-06-25 14:00:15.100,1,0.4523621440916552,644.2803657164368,0.0,,1230251.1475613886
2021-06-25 14:00:15.110,1,0.4805582399880299,644.3045753620083,0.0,,1230303.157915357
2021-06-25 14:00:15.120,1,0.5994323617361268,651.9719856368182,0.0,,1246422.8289446656
2021-06-25 14:00:15.130,1,0.4764166992242436,646.9561814124162,0.0,,1235873.335280533
2021-06-25 14:00:15.140,1,0.528579967033813,655.5484674318164,0.0,,1253945.7085230248
2021-06-25 14:00:15.150,1,0.4183129500137991,651.5963183137077,0.0,,1245625.1876998518
2021-06-25 14:00:15.160,1,0.520729038948388,654.0254248122737,0.0,,1250739.1509743708
2021-06-25 14:00:15.170,1,0.5813724874722492,651.2723125838154,0.0,,1244954.6237601533
2021-06-25 14:00:15.180,1,0.4325610584488493,657.7661533459577,0.0,,1258605.6870509074
2021-06-25 14:00:15.190,1,0.5419191942923745,653.0451121326696,0.0,,1248679.6326283326
2021-06-25 14:00:15.200,1,0.6320142982929678,653.7256291986838,0.0,,1250114.8399324103
2021-06-25 14:00:15.210,1,0.5271140147937476,655.4595818297122,0.0,,1253753.7098099282
2021-06-25 14:00:15.220,1,0.4472976363505103,659.4691397670892,0.0,,1262191.3377518193
2021-06-25 14:00:15.230,1,0.6230516428482782,651.0040781334508,0.0,,1244386.198426185
2021-06-25 14:00:15.240,1,0.6239657626518128,651.070380016366,0.0,,1244528.9452003872
2021-06-25 14:00:15.250,1,0.4507102137732667,660.4237893743496,0.0,,1264202.3102884972
2021-06-25 14:00:15.260,1,0.5463885762575195,654.8862207356564,0.0,,1252547.5733485967
2021-06-25 14:00:15.270,1,0.6255561075129642,661.7642017299763,0.0,,1267031.4269622453
2021-06-25 14:00:15.280,1,0.5576107777812523,657.5921056947226,0.0,,1258246.2613177423
2021-06-25 14:00:15.290,1,0.5260888175133903,659.5978454891223,0.0,,1262466.8475837628
2021-06-25 14:00:15.300,1,0.5744102749587524,662.4987002769383,0.0,,1268580.6996208306
2021-06-25 14:00:15.310,1,0.582029265635219,660.0769965840223,0.0,,1263478.2204266577
2021-06-25 14:00:15.320,1,0.5127209771402925,657.4168321498953,0.0,,1257873.921599402
2021-06-25 14:00:15.330,1,0.6736060965482422,664.6677972033408,0.0,,1273151.5858135903
2021-06-25 14:00:15.340,1,0.512978533413945,660.0720526219989,0.0,,1263466.405747915
2021-06-25 14:00:15.350,1,0.6269939862814882,661.5345780526743,0.0,,1266550.3219464016
2021-06-25 14:00:15.360,1,0.5478549274906388,662.4894774200301,0.0,,1268555.0655509047
2021-06-25 14:00:15.370,1,0.6918120808701751,664.0940206510686,0.0,,1271944.1207937025
2021-06-25 14:00:15.380,1,0.7079976761596491,660.6820221795726,0.0,,1264755.0904642916
2021-06-25 14:00:15.390,1,0.5632131753103253,658.8773285301486,0.0,,1260948.4458878525
2021-06-25 14:00:15.400,1,0.6927531572065336,661.4551355204475,0.0,,1266380.5921572763
2021-06-25 14:00:15.410,1,0.7233758589736982,660.2748776782738,0.0,,1263903.4734357032
2021-06-25 14:00:15.420,1,0.5135012749725232,665.9935236079748,0.0,,1275939.463420404
2021-06-25 14:00:15.430,1,0.7584652874215332,655.6098830634643,0.0,,1254085.9687085787
2021-06-25 14:00:15.440,1,0.6418329395158058,660.2042242741925,0.0,,1263746.870994673
2021-06-25 14:00:15.450,1,0.5732473056690347,662.167273689979,0.0,,1267879.233096998
2021-06-25 14:00:15.460,1,0.6673205428221582,659.0353471651795,0.0,,1261286.482308425
2021-06-25 14:00:15.470,1,0.6747344237888131,659.61138702452,0.0,,1262503.2219922577
2021-06-25 14:00:15.480,1,0.6561710791221728,659.3691646238808,0.0,,1261989.3202760674
2021-06-25 14:00:15.490,1,0.7650534286294186,659.1835712962287,0.0,,1261605.6296770794
2021-06-25 14:00:15.500,1,0.7653956289691071,657.8308377380786,0.0,,1258759.114982326
2021-06-25 14:00:15.510,1,0.6942144199206949,649.1407368485133,0.0,,1240473.9255115937
2021-06-25 14:00:15.520,1,0.5336288214390202,650.0029618202376,0.0,,1242279.8503598394
2021-06-25 14:00:15.530,1,0.7072963868722125,660.3047723807965,0.0,,1263961.9817923817
2021-06-25 14:00:15.540,1,0.5680396744663395,657.3109076126071,0.0,,1257653.433375237
2021-06-25 14:00:15.550,1,0.5545719609531543,652.4682123984487,0.0,,1247468.8228525035
2021-06-25 14:00:15.560,1,0.7561874049875275,647.4633375000683,0.0,,1236955.3028682463
2021-06-25 14:00:15.570,1,0.5420405318441196,650.7609453985385,0.0,,1243869.6630150264
2021-06-25 14:00:15.580,1,0.6148144966305538,649.3772917911463,0.0,,1240967.052130045
2021-06-25 14:00:15.590,1,0.6622245575897738,656.7334912808623,0.0,,1256444.8991991484
2021-06-25 14:00:15.600,1,0.5261112463383583,652.4679982307597,0.0,,1247461.5186094278
2021-06-25 14:00:15.610,1,0.6099802436743607,650.6282030346172,0.0,,1243595.8789233628
2021-06-25 14:00:15.620,1,0.7030612893581907,652.728597873475,0.0,,1248018.1858905323
2021-06-25 14:00:15.630,1,0.5164018849493826,653.258609346065,0.0,,1249124.5676790169
2021-06-25 14:00:15.640,1,0.6888574073011912,652.8846649554922,0.0,,1248347.4143478204
2021-06-25 14:00:15.650,1,0.501595868738177,652.1098837151071,0.0,,1246706.8512124193
2021-06-25 14:00:15.660,1,0.5238664808648615,659.3599298434042,0.0,,1261962.4503796606
2021-06-25 14:00:15.670,1,0.516846536594493,650.2070631080295,0.0,,1242709.280344074
2021-06-25 14:00:15.680,1,0.560549049183191,646.8594596945518,0.0,,1235675.7601502251
2021-06-25 14:00:15.690,1,0.5571648650322394,650.7056400995044,0.0,,1243758.2194615295
2021-06-25 14:00:15.700,1,0.5988783063757432,655.7696726784984,0.0,,1254410.6241049827
2021-06-25 14:00:15.710,1,0.5794796394439403,647.9504024125307,0.0,,1237967.094367188
2021-06-25 14:00:15.720,1,0.5341200708852665,647.2834095727849,0.0,,1236564.2827313433
2021-06-25 14:00:15.730,1,0.4964559679901891,651.7719273025555,0.0,,1245998.834625222
2021-06-25 14:00:15.740,1,0.6574154890330025,649.1533648930056,0.0,,1240501.0718685163
2021-06-25 14:00:15.750,1,0.5316999253788343,655.8914317174326,0.0,,1254665.2915436632
2021-06-25 14:00:15.760,1,0.6548774776165525,652.5925168659949,0.0,,1247733.1839115657
2021-06-25 14:00:15.770,1,0.5660737002769209,657.3827749805904,0.0,,1257802.4694557232
2021-06-25 14:00:15.780,1,0.5312642514548486,650.0173364445512,0.0,,1242309.7248027916
2021-06-25 14:00:15.790,1,0.5251520985340219,652.1101454765942,0.0,,1246714.0922861667
2021-06-25 14:00:15.800,1,0.4991991380396065,652.8442387913806,0.0,,1248255.104820056
2021-06-25 14:00:15.810,1,0.62912881286748,651.6757444042561,0.0,,1245799.993188404
2021-06-25 14:00:15.820,1,0.6568436780509738,651.9619239625765,0.0,,1246407.9823205075
2021-06-25 14:00:15.830,1,0.6530955896841247,658.0906116491218,0.0,,1259297.7801625512
2021-06-25 14:00:15.840,1,0.5938870628710422,657.2020720395984,0.0,,1257426.3635516174
2021-06-25 14:00:15.850,1,0.5887299542916798,656.3648037013921,0.0,,1255662.334551107
2021-06-25 14:00:15.860,1,0.5265585456864897,650.7052094390956,0.0,,1243755.8987394548
2021-06-25 14:00:15.870,1,0.6880314583529479,662.3289899019304,0.0,,1268221.5569012219
2021-06-25 14:00:15.880,1,0.6439179225880783,651.7847209378233,0.0,,1246031.573087791
2021-06-25 14:00:15.890,1,0.6066066435835683,656.5627990668999,0.0,,1256081.6955045233
2021-06-25 14:00:15.900,1,0.5190265367121033,654.77309125995,0.0,,1252312.7340457519
2021-06-25 14:00:15.910,1,0.5454642755284318,656.2858870384251,0.0,,1255498.9961233186
2021-06-25 14:00:15.920,1,0.5389417836230166,655.7605708370236,0.0,,1254387.8263618436
2021-06-25 14:00:15.930,1,0.5901951362928388,659.9371768675627,0.0,,1263180.1970299862
2021-06-25 14:00:15.940,1,0.6621388106761045,661.1749413237783,0.0,,1265794.6230821556
2021-06-25 14:00:15.950,1,0.666544854917658,655.6468568561459,0.0,,1254156.43979375
2021-06-25 14:00:15.960,1,0.5019588001527154,655.9003173873202,0.0,,1254684.7762634775
2021-06-25 14:00:15.970,1,0.6192301228642337,662.79894086588,0.0,,1269213.8135480164
2021-06-25 14:00:15.980,1,0.7063577686965523,658.8705047568823,0.0,,1260946.1457425917
2021-06-25 14:00:15.990,1,0.7261508182265332,650.5228901411663,0.0,,1243385.9185567477
2021-06-25 14:00:16.000,1,0.5139457236162575,658.4576524758762,0.0,,1260066.4904275974
2021-06-25 14:00:16.010,1,0.6152710514358204,660.6866056806822,0.0,,1264759.5833425913
2021-06-25 14:00:16.020,1,0.6145777995170603,654.6893763336731,0.0,,1252138.4577593883
2021-06-25 14:00:16.030,1,0.6006371908089155,652.5000481668151,0.0,,1247535.9994126088
2021-06-25 14:00:16.040,1,0.6858145566434038,659.7120761451525,0.0,,1262714.3886009804
2021-06-25 14:00:16.050,1,0.6076246909456985,659.3825262324942,0.0,,1262013.7836228006
2021-06-25 14:00:16.060,1,0.638249027370547,649.4635459087294,0.0,,1241153.162535582
2021-06-25 14:00:16.070,1,0.6670490474265194,650.136186043069,0.0,,1242567.5700943312
2021-06-25 14:00:16.080,1,0.7714941070144599,647.139647694373,0.0,,1236276.0878382984
2021-06-25 14:00:16.090,1,0.571280814815973,646.2863183314223,0.0,,1234470.9880892716
2021-06-25 14:00:16.100,1,0.7044071377441885,653.0903345589287,0.0,,1248783.3114326776
2021-06-25 14:00:16.110,1,0.8215704829334105,651.1715347131333,0.0,,1244750.80008296
2021-06-25 14:00:16.120,1,0.6107149943306678,649.1118716259888,0.0,,1240411.9029248217
2021-06-25 14:00:16.130,1,0.6932237422973289,647.5712756478715,0.0,,1237179.2795299103
2021-06-25 14:00:16.140,1,0.7102406228779856,655.453245288582,0.0,,1253749.8867076072
2021-06-25 14:00:16.150,1,0.7363816063645621,648.3223890100896,0.0,,1238757.9688836865
2021-06-25 14:00:16.160,1,0.8273261501182294,648.5872928236417,0.0,,1239317.7678848025
2021-06-25 14:00:16.170,1,0.8323027079529373,646.3391623835907,0.0,,1234592.5814951055
2021-06-25 14:00:16.180,1,0.616793297867825,642.2564043975419,0.0,,1226008.0770069133
2021-06-25 14:00:16.190,1,0.6199628316130277,645.4944911247056,0.0,,1232808.4809352593
2021-06-25 14:00:16.200,1,0.7272160179775944,644.7629598615001,0.0,,1231280.6874788422
2021-06-25 14:00:16.210,1,0.6576978425777217,642.3529394054102,0.0,,1226215.0470471063
2021-06-25 14:00:16.220,1,0.6146656700043154,641.4081845350543,0.0,,1224228.961556302
2021-06-25 14:00:16.230,1,0.7469771107755998,637.7658462887183,0.0,,1216590.344266729
2021-06-25 14:00:16.240,1,0.7621136131409243,638.3734629042283,0.0,,1217869.8386404212
2021-06-25 14:00:16.250,1,0.8044752085462811,641.6009433951741,0.0,,1224643.9880675438
2021-06-25 14:00:16.260,1,0.6102438939666268,637.7003210236501,0.0,,1216444.895926221
2021-06-25 14:00:16.270,1,0.794981639883817,639.6146122131064,0.0,,1220471.7310545568
2021-06-25 14:00:16.280,1,0.8210084659349869,633.0445602409005,0.0,,1206693.3521711472
2021-06-25 14:00:16.290,1,0.8315530298234438,631.4750525343468,0.0,,1203403.4832951599
2021-06-25 14:00:16.300,1,0.7927687847574618,639.1784127678043,0.0,,1219553.1816895742
2021-06-25 14:00:16.310,1,0.8194034187155393,632.3348357760984,0.0,,1205204.318051726
2021-06-25 14:00:16.320,1,0.6066143319965493,633.9479914281552,0.0,,1208572.8365773084
2021-06-25 14:00:16.330,1,0.6960209289275903,638.1069063238573,0.0,,1217303.2560419077
2021-06-25 14:00:16.340,1,0.5496580853943405,629.5863623255481,0.0,,1199426.3873776929
2021-06-25 14:00:16.350,1,0.5812823475518978,636.4796671885131,0.0,,1213879.9942549854
2021-06-25 14:00:16.360,1,0.7422359162525624,633.1552096076716,0.0,,1206918.547861861
2021-06-25 14:00:16.370,1,0.6834206467381756,630.0835942663921,0.0,,1200476.753398067
2021-06-25 14:00:16.380,1,0.7694382167435508,633.2060569620922,0.0,,1207026.5007047881
2021-06-25 14:00:16.390,1,0.6320424157263678,630.7620105877181,0.0,,1201895.3749663492
2021-06-25 14:00:16.400,1,0.7134731389793414,634.7268865409951,0.0,,1210213.6160183742
2021-06-25 14:00:16.410,1,0.5696554862225669,643.6706714278372,0.0,,1228977.1427965208
2021-06-25 14:00:16.420,1,0.5312114407534498,638.9034090166357,0.0,,1218968.7946846352
2021-06-25 14:00:16.430,1,0.7597996663167795,637.0152983813598,0.0,,1215016.2698727862
2021-06-25 14:00:16.440,1,0.520031651588869,635.8301662701274,0.0,,1212518.276778669
2021-06-25 14:00:16.450,1,0.6894496468355226,637.5140949396191,0.0,,1216056.8236412248
2021-06-25 14:00:16.460,1,0.5257432532377319,642.8908897547701,0.0,,1227338.5836473044
2021-06-25 14:00:16.470,1,0.6000500943082706,642.1094644510969,0.0,,1225701.4607353678
2021-06-25 14:00:16.480,1,0.6931984998031828,641.1153555755743,0.0,,1223614.687595041
2021-06-25 14:00:16.490,1,0.7450516762419755,635.3451004363093,0.0,,1211510.72479872
2021-06-25 14:00:16.500,1,0.5208593576357253,638.9171818635473,0.0,,1218994.359933282
2021-06-25 14:00:16.510,1,0.5116522656585523,638.6325805598874,0.0,,1218395.5852956271
2021-06-25 14:00:16.520,1,0.555206774702407,647.9906696776128,0.0,,1238052.0408023847
2021-06-25 14:00:16.530,1,0.4902346707251913,644.2701178916755,0.0,,1230233.8811053087
2021-06-25 14:00:16.540,1,0.560573295315578,644.3439428797343,0.0,,1230390.2589906924
2021-06-25 14:00:16.550,1,0.7212569622455886,641.2372275114278,0.0,,1223873.7272255404
2021-06-25 14:00:16.560,1,0.5085752267110929,641.9907403115689,0.0,,1225446.4157496637
2021-06-25 14:00:16.570,1,0.5801125481922504,647.8363873090755,0.0,,1237730.1753571779
2021-06-25 14:00:16.580,1,0.5071929117037596,648.4914714033871,0.0,,1239102.812953664
2021-06-25 14:00:16.590,1,0.5707405884741793,641.8818570797423,0.0,,1225219.9553956483
2021-06-25 14:00:16.600,1,0.5701106504003121,646.7737797561919,0.0,,1235493.8888241427
2021-06-25 14:00:16.610,1,0.5799817005796736,647.4936607425284,0.0,,1237009.3031321017
2021-06-25 14:00:16.620,1,0.639828531426038,642.5085736652212,0.0,,1226536.4414637717
2021-06-25 14:00:16.630,1,0.680036079887422,646.7680255800775,0.0,,1235490.2555728212
2021-06-25 14:00:16.640,1,0.4955695253447279,645.1809145074667,0.0,,1232147.5361259333
2021-06-25 14:00:16.650,1,0.5333828747792788,648.2415513542823,0.0,,1238576.7670901446
2021-06-25 14:00:16.660,1,0.6188090663900466,644.0699618635336,0.0,,1229813.8743665149
2021-06-25 14:00:16.670,1,0.5940607714095212,649.2258172595107,0.0,,1240648.3017834504
2021-06-25 14:00:16.680,1,0.540443650264529,648.825967493273,0.0,,1239810.143641059
2021-06-25 14:00:16.690,1,0.6266028496456136,639.3469389320268,0.0,,1219902.1582070948
2021-06-25 14:00:16.700,1,0.7287882947036071,647.4617808564286,0.0,,1236949.8285083512
2021-06-25 14:00:16.710,1,0.6581778333547394,645.2229783623409,0.0,,1232241.2975978903
2021-06-25 14:00:16.720,1,0.6495329926845201,641.557816056212,0.0,,1224544.788494662
2021-06-25 14:00:16.730,1,0.6585412685370349,645.9907018979749,0.0,,1233855.558252908
2021-06-25 14:00:16.740,1,0.5145971341768091,646.0826295705592,0.0,,1234040.9266468901
2021-06-25 14:00:16.750,1,0.6672573811605034,646.2975255689697,0.0,,1234495.3921479557
2021-06-25 14:00:16.760,1,0.5650926605447506,648.2904836911106,0.0,,1238683.2797032432
2021-06-25 14:00:16.770,1,0.7476429726272321,650.6784768507009,0.0,,1243709.258045688
2021-06-25 14:00:16.780,1,0.5969561223545695,642.2151306541118,0.0,,1225921.5809852262
2021-06-25 14:00:16.790,1,0.5935818185644771,643.8653307720033,0.0,,1229387.4747650262
2021-06-25 14:00:16.800,1,0.5972353727027496,643.3927375558003,0.0,,1228395.1452113895
2021-06-25 14:00:16.810,1,0.6048914530852753,645.1213183039358,0.0,,1232022.6108723104
2021-06-25 14:00:16.820,1,0.7669320706728087,645.5435462990081,0.0,,1232918.9635663445
2021-06-25 14:00:16.830,1,0.6306535434448618,642.3777685520568,0.0,,1226261.5476996226
2021-06-25 14:00:16.840,1,0.6589027305096256,642.9352237130179,0.0,,1227433.3632815157
2021-06-25 14:00:16.850,1,0.5396985157430878,639.0080020192732,0.0,,1219184.2632886071
2021-06-25 14:00:16.860,1,0.7257386368632466,643.3153266761086,0.0,,1228236.1642097733
2021-06-25 14:00:16.870,1,0.5849888444308998,640.3334924614746,0.0,,1221973.4184859733
2021-06-25 14:00:16.880,1,0.6800842030895983,637.620903055248,0.0,,1216284.3109969576
2021-06-25 14:00:16.890,1,0.6401668705549912,643.9649335129524,0.0,,1229601.4059555945
2021-06-25 14:00:16.900,1,0.7470508434413133,640.6434353013493,0.0,,1222630.607824733
2021-06-25 14:00:16.910,1,0.6432713376438765,640.4666948266779,0.0,,1222257.0969286512
2021-06-25 14:00:16.920,1,0.8052249832197882,642.8002307830848,0.0,,1227158.8131733497
2021-06-25 14:00:16.930,1,0.6294974546679029,639.1491432088911,0.0,,1219489.716141631
2021-06-25 14:00:16.940,1,0.6768011848931765,633.8901964758145,0.0,,1208457.46152629
2021-06-25 14:00:16.950,1,0.7381927979254281,642.8766637994404,0.0,,1227313.9625803723
2021-06-25 14:00:16.960,1,0.5579877927994813,640.3592015454492,0.0,,1222023.4301591504
2021-06-25 14:00:16.970,1,0.6763618912096192,639.5525204328802,0.0,,1220332.2857043443
2021-06-25 14:00:16.980,1,0.5494286372137402,641.1545560304439,0.0,,1223694.1318501253
2021-06-25 14:00:16.990,1,0.6707604277298047,639.4377790678412,0.0,,1220097.1843239944
2021-06-25 14:00:17.000,1,0.5694464525434442,647.9598787844226,0.0,,1237991.2037974477
2021-06-25 14:00:17.010,1,0.7380950619371962,642.5252409709702,0.0,,1226578.6273791296
2021-06-25 14:00:17.020,1,0.6091198121135367,644.4616214423605,0.0,,1230639.7636232718
2021-06-25 14:00:17.030,1,0.7410320603228221,640.3708813657437,0.0,,1222053.4166914283
2021-06-25 14:00:17.040,1,0.6629277690205765,647.9670599670411,0.0,,1238009.1653907527
2021-06-25 14:00:17.050,1,0.7079625009970183,644.8562984509825,0.0,,1231471.6538497997
2021-06-25 14:00:17.060,1,0.7352259489994205,646.4127385732364,0.0,,1234745.5392683435
2021-06-25 14:00:17.070,1,0.6744719565262851,646.1745830737958,0.0,,1234240.9630734604
2021-06-25 14:00:17.080,1,0.6272817364991786,646.4622531825662,0.0,,1234844.0816234923
2021-06-25 14:00:17.090,1,0.760704020417297,646.4545012507785,0.0,,1234833.2299655292
2021-06-25 14:00:17.100,1,0.7112662984803848,644.4906700973834,0.0,,1230705.9140585426
2021-06-25 14:00:17.110,1,0.7439186142563747,644.1406346327202,0.0,,1229970.3488573772
2021-06-25 14:00:17.120,1,0.5530240008153521,644.1736618594052,0.0,,1230032.9810643648
2021-06-25 14:00:17.130,1,0.6761767102168297,645.4171456607072,0.0,,1232648.561438336
2021-06-25 14:00:17.140,1,0.4986436884142204,656.7185532015036,0.0,,1256405.7841725005
2021-06-25 14:00:17.150,1,0.5386724181392439,647.216872304151,0.0,,1236424.0044106832
2021-06-25 14:00:17.160,1,0.4869486697237381,647.7566567916575,0.0,,1237552.239721044
2021-06-25 14:00:17.170,1,0.6632276657673364,647.7618111786484,0.0,,1237574.8012134007
2021-06-25 14:00:17.180,1,0.5215486734913232,651.6817490729617,0.0,,1245809.756588478
2021-06-25 14:00:17.190,1,0.5665969127861252,646.410206119643,0.0,,1234729.938777366
2021-06-25 14:00:17.200,1,0.5945544112607224,655.5246341434737,0.0,,1253892.314654895
2021-06-25 14:00:17.210,1,0.4879567862443127,658.0574694984202,0.0,,1259221.6745582065
2021-06-25 14:00:17.220,1,0.4735020395576743,657.8539255228707,0.0,,1258790.619011763
2021-06-25 14:00:17.230,1,0.5697124452859513,655.5248896297245,0.0,,1253895.9660625313
2021-06-25 14:00:17.240,1,0.5957247593298466,658.2377481879103,0.0,,1259607.2504591946
2021-06-25 14:00:17.250,1,0.5765022442011325,654.8590781611591,0.0,,1252495.0641048201
2021-06-25 14:00:17.260,1,0.6181308536625911,659.5659508204926,0.0,,1262402.3536087868
2021-06-25 14:00:17.270,1,0.6595633679194973,659.0133314391799,0.0,,1261242.0529410283
2021-06-25 14:00:17.280,1,0.5987323507471274,656.0569853035403,0.0,,1255020.0680621031
2021-06-25 14:00:17.290,1,0.4551896458534384,657.9768186559269,0.0,,1259050.5733747103
2021-06-25 14:00:17.300,1,0.4821072938293915,657.8394680418003,0.0,,1258759.4924504978
2021-06-25 14:00:17.310,1,0.6110027035575105,655.8332680308026,0.0,,1254544.5367505145
2021-06-25 14:00:17.320,1,0.5966014231760772,659.7471198047713,0.0,,1262783.4523714732
2021-06-25 14:00:17.330,1,0.5987777870807182,657.9690098671033,0.0,,1259041.4805360404
2021-06-25 14:00:17.340,1,0.5372100793534126,657.2500083396411,0.0,,1257522.4043420993
2021-06-25 14:00:17.350,1,0.4421525093991555,660.607314344787,0.0,,1264587.063573571
2021-06-25 14:00:17.360,1,0.6415755416701642,656.0695867606194,0.0,,1255046.017855965
2021-06-25 14:00:17.370,1,0.5281061045264218,653.4885074311518,0.0,,1249611.6965333268
2021-06-25 14:00:17.380,1,0.6537960871595233,657.4577443349223,0.0,,1257969.8682144016
2021-06-25 14:00:17.390,1,0.502739380264418,655.3498329447171,0.0,,1253524.5517624926
2021-06-25 14:00:17.400,1,0.6461453141869291,658.0235182945493,0.0,,1259158.7780088081
2021-06-25 14:00:17.410,1,0.5395653190426781,655.0662868585922,0.0,,1252927.7278052256
2021-06-25 14:00:17.420,1,0.4553863420965819,660.3817824783157,0.0,,1264113.0552429673
2021-06-25 14:00:17.430,1,0.4972703558152341,654.5504012553996,0.0,,1251843.384776161
2021-06-25 14:00:17.440,1,0.5864113132852213,653.3976400846808,0.0,,1249421.255166592
2021-06-25 14:00:17.450,1,0.685219849740511,655.4027820843809,0.0,,1253643.0112504025
2021-06-25 14:00:17.460,1,0.6545877351832671,651.2716559887979,0.0,,1244953.2081107441
2021-06-25 14:00:17.470,1,0.4721144557247864,654.4841722704474,0.0,,1251702.0624564164
2021-06-25 14:00:17.480,1,0.6960282728115668,648.3692529140208,0.0,,1238854.8392961554
2021-06-25 14:00:17.490,1,0.66256986778036,649.9844574008864,0.0,,1242246.6569137715
2021-06-25 14:00:17.500,1,0.5800991389295587,651.2824064840006,0.0,,1244970.5938067308
2021-06-25 14:00:17.510,1,0.5469943537148927,650.288499465901,0.0,,1242881.5602094592
2021-06-25 14:00:17.520,1,0.7159972693916252,648.5261979820895,0.0,,1239185.8660170925
2021-06-25 14:00:17.530,1,0.6517578168791812,642.228549253977,0.0,,1225953.7329126676
2021-06-25 14:00:17.540,1,0.7274121906265643,643.9437997055197,0.0,,1229558.5437557672
2021-06-25 14:00:17.550,1,0.5201303309356338,644.1773049669979,0.0,,1230037.6046637204
2021-06-25 14:00:17.560,1,0.7043519574315779,644.8874910906537,0.0,,1231537.364658379
2021-06-25 14:00:17.570,1,0.6433439190869551,644.516823456389,0.0,,1230756.1623410606
2021-06-25 14:00:17.580,1,0.6533514565268831,642.7361079391902,0.0,,1227017.6738925932
2021-06-25 14:00:17.590,1,0.4961135845213918,647.5724725798709,0.0,,1237171.218697675
2021-06-25 14:00:17.600,1,0.7388756833970028,636.5287577809992,0.0,,1213998.4975713536
2021-06-25 14:00:17.610,1,0.633352622750157,645.9640835364396,0.0,,1233796.2552581793
2021-06-25 14:00:17.620,1,0.5009861715705345,646.9582199449667,0.0,,1235882.590870095
2021-06-25 14:00:17.630,1,0.5855343538546185,638.2664705057423,0.0,,1217630.0399273317
2021-06-25 14:00:17.640,1,0.7246504616065559,642.5250093502151,0.0,,1226582.3870576608
2021-06-25 14:00:17.650,1,0.5729975706561437,639.0123329256004,0.0,,1219198.119374623
2021-06-25 14:00:17.660,1,0.5844405695414661,646.1189325476962,0.0,,1234118.248018487
2021-06-25 14:00:17.670,1,0.6831740529184116,642.4471563258966,0.0,,1226411.6555621636
2021-06-25 14:00:17.680,1,0.6726048697691626,644.4558864729257,0.0,,1230630.2059631115
2021-06-25 14:00:17.690,1,0.5857647420598875,645.3741645427335,0.0,,1232551.513266271
2021-06-25 14:00:17.700,1,0.5088081108877291,643.6782179449212,0.0,,1228988.9213892978
2021-06-25 14:00:17.710,1,0.5757095322933955,640.3541977248511,0.0,,1222015.3480072515
2021-06-25 14:00:17.720,1,0.5435736883031302,638.8567325322969,0.0,,1218867.1630527305
2021-06-25 14:00:17.730,1,0.5972267268570588,640.8203780345061,0.0,,1222992.0343922558
2021-06-25 14:00:17.740,1,0.4940776043926573,639.5991296220247,0.0,,1220426.3497946882
2021-06-25 14:00:17.750,1,0.7270423279024055,641.6572481089605,0.0,,1224759.8755157173
2021-06-25 14:00:17.760,1,0.5673128074117092,644.1050512810914,0.0,,1229887.4819086725
2021-06-25 14:00:17.770,1,0.6796945287875806,643.1290431612204,0.0,,1227844.7661560841
2021-06-25 14:00:17.780,1,0.5564485505263315,639.3322132378082,0.0,,1219866.170014195
2021-06-25 14:00:17.790,1,0.5513539350926576,641.2313208228604,0.0,,1223854.9774365884
2021-06-25 14:00:17.800,1,0.5092760409817729,646.9300525959527,0.0,,1235821.9212457286
2021-06-25 14:00:17.810,1,0.4922940730548316,642.4379311453722,0.0,,1226384.4870507559
2021-06-25 14:00:17.820,1,0.6207396386211953,645.1729734137245,0.0,,1232135.6703640402
2021-06-25 14:00:17.830,1,0.5624165476239164,646.0821281730267,0.0,,1234038.6032556237
2021-06-25 14:00:17.840,1,0.5798497070965443,641.7765682935377,0.0,,1224999.5356459506
2021-06-25 14:00:17.850,1,0.5605048685366257,645.7647775061437,0.0,,1233374.4597469133
2021-06-25 14:00:17.860,1,0.6354355327948346,648.4635018500675,0.0,,1239051.5388359616
2021-06-25 14:00:17.870,1,0.5406089952780612,647.6068254695077,0.0,,1237243.5364150752
2021-06-25 14:00:17.880,1,0.6141938458220267,649.5209716582922,0.0,,1241269.1898019197
2021-06-25 14:00:17.890,1,0.6146811993755699,644.2377712909861,0.0,,1230170.2490659805
2021-06-25 14:00:17.900,1,0.6195536539784183,648.3370372696942,0.0,,1238786.015311048
2021-06-25 14:00:17.910,1,0.4511631713755683,648.6385751698383,0.0,,1239408.2512251101
2021-06-25 14:00:17.920,1,0.4901146519384477,648.9500381790236,0.0,,1240065.8265493235
2021-06-25 14:00:17.930,1,0.4764879522472183,638.0539026978597,0.0,,1217183.6685095911
2021-06-25 14:00:17.940,1,0.6141201488181792,652.6846891760944,0.0,,1247925.4674191708
2021-06-25 14:00:17.950,1,0.5333239437270713,645.8121111297451,0.0,,1233473.9372260964
2021-06-25 14:00:17.960,1,0.577079213916969,651.4800100994811,0.0,,1245386.8945355294
2021-06-25 14:00:17.970,1,0.5301331165355819,646.7858581971816,0.0,,1235520.5860009089
2021-06-25 14:00:17.980,1,0.560633507355559,642.8778890146108,0.0,,1227312.2945759473
2021-06-25 14:00:17.990,1,0.5538704816196597,651.6843811407667,0.0,,1245815.7854020386
2021-06-25 14:00:18.000,1,0.4650242650771832,652.0846472912405,0.0,,1246653.7127311067
2021-06-25 14:00:18.010,1,0.4385514060835926,647.5362385213467,0.0,,1237091.5536891748
2021-06-25 14:00:18.020,1,0.4770655768901064,653.9549359453857,0.0,,1250589.166943432
2021-06-25 14:00:18.030,1,0.6005210695577935,647.0678758591861,0.0,,1236115.1858454943
2021-06-25 14:00:18.040,1,0.4198224553279887,648.1285983404732,0.0,,1238333.799616083
2021-06-25 14:00:18.050,1,0.4891098927179993,647.4281946726378,0.0,,1236868.955877919
2021-06-25 14:00:18.060,1,0.446071754652857,645.1402286756037,0.0,,1232057.2501482088
2021-06-25 14:00:18.070,1,0.4847761577839067,645.9667036367813,0.0,,1233791.4638365754
2021-06-25 14:00:18.080,1,0.5546331493722171,641.5602516259218,0.0,,1224544.4071320537
2021-06-25 14:00:18.090,1,0.5096185128516719,646.560052630745,0.0,,1235047.7779464794
2021-06-25 14:00:18.100,1,0.6117124726293883,642.9628409316002,0.0,,1227490.6948812727
2021-06-25 14:00:18.110,1,0.5402707663417976,651.4893364726096,0.0,,1245404.0434985505
2021-06-25 14:00:18.120,1,0.4737181908604058,644.6665368053344,0.0,,1231060.2653255295
2021-06-25 14:00:18.130,1,0.5939546244462067,643.660321750184,0.0,,1228954.1558592825
2021-06-25 14:00:18.140,1,0.6037569547390504,640.6516336027647,0.0,,1222639.0644072958
2021-06-25 14:00:18.150,1,0.5474665553842931,641.2158448441671,0.0,,1223824.8686433905
2021-06-25 14:00:18.160,1,0.603251025153028,636.4425030145222,0.0,,1213802.8105116235
2021-06-25 14:00:18.170,1,0.5534952557050181,630.3434800231809,0.0,,1201012.0285702508
2021-06-25 14:00:18.180,1,0.4275717116490314,641.344597717833,0.0,,1224086.7420377382
2021-06-25 14:00:18.190,1,0.471297128747427,638.4135946105246,0.0,,1217932.2154426344
2021-06-25 14:00:18.200,1,0.6173498961818638,644.7983749075286,0.0,,1231347.0230443848
2021-06-25 14:00:18.210,1,0.52153234495254,634.9079596490695,0.0,,1210582.355367741
2021-06-25 14:00:18.220,1,0.5780715708740612,632.5305469230777,0.0,,1205600.277209206
2021-06-25 14:00:18.230,1,0.6008513960549543,634.5445014293108,0.0,,1209824.9508752301
2021-06-25 14:00:18.240,1,0.4881946711069981,636.0078373640011,0.0,,1212886.9920049927
2021-06-25 14:00:18.250,1,0.5697446704206796,636.3688208323689,0.0,,1213647.274142408
2021-06-25 14:00:18.260,1,0.6109270197620379,636.9193776138677,0.0,,1214808.7297704236
2021-06-25 14:00:18.270,1,0.6360060601929028,633.1307349696566,0.0,,1206861.0031493597
2021-06-25 14:00:18.280,1,0.6782880500944876,639.5147444510725,0.0,,1220252.866830516
2021-06-25 14:00:18.290,1,0.6125715944367718,632.5861450650182,0.0,,1205718.708585434
2021-06-25 14:00:18.300,1,0.5837616149768289,629.808518666975,0.0,,1199893.1622658544
2021-06-25 14:00:18.310,1,0.4806202710810182,633.6838246786922,0.0,,1208014.4774936875
2021-06-25 14:00:18.320,1,0.4667879619557489,637.4091493169652,0.0,,1215826.5521920635
2021-06-25 14:00:18.330,1,0.6513660016793218,638.1394112320156,0.0,,1217369.5189532991
2021-06-25 14:00:18.340,1,0.5967173392558774,634.8501387792891,0.0,,1210467.4897685254
2021-06-25 14:00:18.350,1,0.5725571829926928,633.6223197492113,0.0,,1207890.3562796363
2021-06-25 14:00:18.360,1,0.7055133883158095,638.6655304900362,0.0,,1218476.204380457
2021-06-25 14:00:18.370,1,0.6524368071572976,635.3780792128841,0.0,,1211576.0287060789
2021-06-25 14:00:18.380,1,0.6104630349937997,637.4418062017932,0.0,,1215900.7572465525
2021-06-25 14:00:18.390,1,0.6099325429916013,638.2866562383599,0.0,,1217683.0235192021
2021-06-25 14:00:18.400,1,0.5340987177352875,637.0796892005404,0.0,,1215139.9265995899
2021-06-25 14:00:18.410,1,0.6700630306470063,640.8730448438888,0.0,,1223105.8282328416
2021-06-25 14:00:18.420,1,0.7267793096032276,643.0781554503593,0.0,,1227739.496726988
2021-06-25 14:00:18.430,1,0.5405071000437739,642.8258002722102,0.0,,1227202.1118587428
2021-06-25 14:00:18.440,1,0.4975325958515867,650.1671926730783,0.0,,1242624.3883735156
2021-06-25 14:00:18.450,1,0.5574895621349621,649.4496510765248,0.0,,1241118.3585326376
2021-06-25 14:00:18.460,1,0.6094380480922817,649.0275273019699,0.0,,1240233.6928177932
2021-06-25 14:00:18.470,1,0.6168217236668524,649.834421167542,0.0,,1241929.3608399811
2021-06-25 14:00:18.480,1,0.5213644272624264,645.9809120252644,0.0,,1233827.6231140932
2021-06-25 14:00:18.490,1,0.6536257750014232,652.6117128688796,0.0,,1247772.41852453
2021-06-25 14:00:18.500,1,0.567862171458786,652.3789672998853,0.0,,1247279.4062185371
2021-06-25 14:00:18.510,1,0.6442289642532242,650.8253336391191,0.0,,1244018.1232923802
2021-06-25 14:00:18.520,1,0.6086276234107042,652.4566953157479,0.0,,1247441.6549505366
2021-06-25 14:00:18.530,1,0.5299078743652889,652.3612320930605,0.0,,1247240.9612815534
2021-06-25 14:00:18.540,1,0.5848050343818426,649.6588710120609,0.0,,1241554.5574948878
2021-06-25 14:00:18.550,1,0.4628991542470624,650.4816638912995,0.0,,1243282.1682909906
2021-06-25 14:00:18.560,1,0.6464394950226637,648.8614642009746,0.0,,1239886.3058590249
2021-06-25 14:00:18.570,1,0.5370604363781378,654.2537729228661,0.0,,1251216.1405732622
2021-06-25 14:00:18.580,1,0.5715945741481349,652.8737878357997,0.0,,1248321.4295220936
2021-06-25 14:00:18.590,1,0.4983755264233663,651.8414162192837,0.0,,1246143.3381226363
2021-06-25 14:00:18.600,1,0.5025552626719217,660.356740169495,0.0,,1264062.6888488706
2021-06-25 14:00:18.610,1,0.4580334410372014,654.5432571755779,0.0,,1251827.332190378
2021-06-25 14:00:18.620,1,0.4923878737797767,654.5199569803908,0.0,,1251776.6594903271
2021-06-25 14:00:18.630,1,0.4238604941860273,655.466319423892,0.0,,1253766.4036289603
2021-06-25 14:00:18.640,1,0.4912360897625736,661.9905815088657,0.0,,1267500.2708240582
2021-06-25 14:00:18.650,1,0.4552108070657358,656.8701162934486,0.0,,1256721.2921861522
2021-06-25 14:00:18.660,1,0.4725871854377315,658.1545420903094,0.0,,1259424.1651353668
2021-06-25 14:00:18.670,1,0.6013599680237892,656.6592103023228,0.0,,1256284.8911200622
2021-06-25 14:00:18.680,1,0.4450866533344689,656.1263148184422,0.0,,1255157.585274035
2021-06-25 14:00:18.690,1,0.4792914158427446,656.536512486782,0.0,,1256018.8040215408
2021-06-25 14:00:18.700,1,0.6022606661866172,659.3047438233091,0.0,,1261852.6812928503
2021-06-25 14:00:18.710,1,0.4751184126886522,654.7584053062358,0.0,,1252277.4692132978
2021-06-25 14:00:18.720,1,0.4237112486838879,653.8450619722762,0.0,,1250353.901092789
2021-06-25 14:00:18.730,1,0.4449968416318485,654.9010317467972,0.0,,1252576.119389507
2021-06-25 14:00:18.740,1,0.6084579208028171,654.8347373638878,0.0,,1252447.653294933
2021-06-25 14:00:18.750,1,0.5734016448257714,658.5149617486717,0.0,,1260183.2076530985
2021-06-25 14:00:18.760,1,0.5823040091543809,652.3355870377908,0.0,,1247189.559208778
2021-06-25 14:00:18.770,1,0.5473925013126745,648.1531438989913,0.0,,1238389.1566733352
2021-06-25 14:00:18.780,1,0.5384759474551505,662.0435922974323,0.0,,1267614.5062590754
2021-06-25 14:00:18.790,1,0.6000502318480093,652.7014023624241,0.0,,1247957.9572605789
2021-06-25 14:00:18.800,1,0.5082169465949975,653.7059447151278,0.0,,1250065.0041618277
2021-06-25 14:00:18.810,1,0.6127040495958038,655.7668211698956,0.0,,1254406.1463180548
2021-06-25 14:00:18.820,1,0.6210607854942986,650.6325566223562,0.0,,1243606.213024138
2021-06-25 14:00:18.830,1,0.5647591917501917,649.4876925360569,0.0,,1241197.7815074956
2021-06-25 14:00:18.840,1,0.5048501565994254,653.4376913089762,0.0,,1249501.0046309673
2021-06-25 14:00:18.850,1,0.6062010621792777,654.2702232736841,0.0,,1251257.961841017
2021-06-25 14:00:18.860,1,0.5497151922280193,649.9282842140127,0.0,,1242124.5723932413
2021-06-25 14:00:18.870,1,0.5505554781682346,653.0320680684717,0.0,,1248652.30260495
2021-06-25 14:00:18.880,1,0.4372379134905569,645.0307888507026,0.0,,1231828.4771307828
2021-06-25 14:00:18.890,1,0.5202738695037985,649.264280967018,0.0,,1240726.3652208159
2021-06-25 14:00:18.900,1,0.6201952029334861,654.7858438493638,0.0,,1252344.4279443673
2021-06-25 14:00:18.910,1,0.5910713545997981,650.821554664185,0.0,,1244009.6301652496
2021-06-25 14:00:18.920,1,0.4761664840216036,654.0257519313386,0.0,,1250736.9133863582
2021-06-25 14:00:18.930,1,0.508676683690413,652.8998434958402,0.0,,1248370.409190445
2021-06-25 14:00:18.940,1,0.4444787312567157,647.4488615160552,0.0,,1236908.8850933677
2021-06-25 14:00:18.950,1,0.5029912530414979,653.8683201360832,0.0,,1250406.2623132532
2021-06-25 14:00:18.960,1,0.4960058356312491,648.1875656111055,0.0,,1238459.295428429
2021-06-25 14:00:18.970,1,0.6288499876128505,652.5832238856767,0.0,,1247705.3586437749
2021-06-25 14:00:18.980,1,0.5067112226185841,653.4073569087318,0.0,,1249436.5919771844
2021-06-25 14:00:18.990,1,0.5937297585320559,646.0296803878847,0.0,,1233934.7299934654
2021-06-25 14:00:19.000,1,0.6796740808476737,650.34873127275,0.0,,1243015.33528176
2021-06-25 14:00:19.010,1,0.6145703700434161,653.3835453939977,0.0,,1249393.6679277532
2021-06-25 14:00:19.020,1,0.5679343364291171,652.4785828893298,0.0,,1247490.8819505328
2021-06-25 14:00:19.030,1,0.6037238197392234,650.8881960286134,0.0,,1244143.7798783255
2021-06-25 14:00:19.040,1,0.5174684813775089,648.6413469908837,0.0,,1239417.9996434848
2021-06-25 14:00:19.050,1,0.6976371973363921,656.4088749966775,0.0,,1255764.2565116042
2021-06-25 14:00:19.060,1,0.5644915373726056,656.2652346907572,0.0,,1255454.4920281703
2021-06-25 14:00:19.070,1,0.5195477731562732,654.1718126722785,0.0,,1251042.5272009987
2021-06-25 14:00:19.080,1,0.6942436719258391,651.7129888933903,0.0,,1245883.6997595504
2021-06-25 14:00:19.090,1,0.6410644692527506,650.7283270659667,0.0,,1243809.455064088
2021-06-25 14:00:19.100,1,0.5768702960426226,657.9284655552234,0.0,,1258955.3405970323
2021-06-25 14:00:19.110,1,0.4997031220485099,653.9460190291862,0.0,,1250571.1484629842
2021-06-25 14:00:19.120,1,0.5699500233129542,654.1653359958758,0.0,,1251035.994440955
2021-06-25 14:00:19.130,1,0.5874873066347803,660.0189900608731,0.0,,1263357.6274797055
2021-06-25 14:00:19.140,1,0.5330411377735117,661.9032923890685,0.0,,1267321.6941035986
2021-06-25 14:00:19.150,1,0.5650420155608993,658.0381400586177,0.0,,1259184.2665414817
2021-06-25 14:00:19.160,1,0.5574406003085661,658.9075871076641,0.0,,1261012.0145767527
2021-06-25 14:00:19.170,1,0.5427710817865014,659.5588272404257,0.0,,1262382.6292507679
2021-06-25 14:00:19.180,1,0.5802669635927276,659.8004383228158,0.0,,1262894.7586435517
2021-06-25 14:00:19.190,1,0.5793659264493788,655.8450867817893,0.0,,1254567.5164496235
2021-06-25 14:00:19.200,1,0.5734589986280682,659.7291644789121,0.0,,1262743.4440785274
2021-06-25 14:00:19.210,1,0.5297004591156397,658.70178364661,0.0,,1260584.2323977528
2021-06-25 14:00:19.220,1,0.6942614635745525,659.5481469882512,0.0,,1262370.786087889
2021-06-25 14:00:19.230,1,0.6737690127412477,653.5755408169322,0.0,,1249800.7982444789
2021-06-25 14:00:19.240,1,0.5389534440919168,661.2955409320682,0.0,,1266041.1625303724
2021-06-25 14:00:19.250,1,0.5321891169350008,662.601718860064,0.0,,1268792.4942515995
2021-06-25 14:00:19.260,1,0.5260501632548228,662.9359645953119,0.0,,1269494.6663138047
2021-06-25 14:00:19.270,1,0.615461001056414,665.1526717976204,0.0,,1274171.9806894765
2021-06-25 14:00:19.280,1,0.6297948251046797,660.6243688568533,0.0,,1264636.685464496
2021-06-25 14:00:19.290,1,0.5858740148191972,658.8694248333293,0.0,,1260938.1469976169
2021-06-25 14:00:19.300,1,0.650369917114641,659.0701905340262,0.0,,1261362.7387550864
2021-06-25 14:00:19.310,1,0.6597461180276973,665.084590567008,0.0,,1274028.7202965012
2021-06-25 14:00:19.320,1,0.445342992458514,660.6475125422418,0.0,,1264672.925944412
2021-06-25 14:00:19.330,1,0.5587663961218671,659.0909078327821,0.0,,1261398.1737486653
2021-06-25 14:00:19.340,1,0.4860190468299984,660.0324244873798,0.0,,1263376.6191195045
2021-06-25 14:00:19.350,1,0.4861928893641086,656.711125146632,0.0,,1256386.6215100933
2021-06-25 14:00:19.360,1,0.5790753180897329,657.8279720480432,0.0,,1258744.0003089712
2021-06-25 14:00:19.370,1,0.6182057794229869,654.5013670248295,0.0,,1251742.9852528938
2021-06-25 14:00:19.380,1,0.4961227144182802,658.0847487982863,0.0,,1259272.7817452382
2021-06-25 14:00:19.390,1,0.5050837176974875,659.3050950897623,0.0,,1261851.8242752522
2021-06-25 14:00:19.400,1,0.572047200177544,655.7769317399419,0.0,,1254424.7534150174
2021-06-25 14:00:19.410,1,0.5666754566566484,653.979329574863,0.0,,1250643.842413622
2021-06-25 14:00:19.420,1,0.5098585369583469,656.8500101226051,0.0,,1256681.357280333
2021-06-25 14:00:19.430,1,0.4605101180453714,651.3373363444921,0.0,,1245084.679156382
2021-06-25 14:00:19.440,1,0.4190200164987941,649.4046073759467,0.0,,1241015.7060760611
2021-06-25 14:00:19.450,1,0.6011459645477546,653.2250321761866,0.0,,1249056.9498523157
2021-06-25 14:00:19.460,1,0.4144696680762094,650.8290453583203,0.0,,1244014.6975579427
2021-06-25 14:00:19.470,1,0.4491630958764718,650.5341448936598,0.0,,1243391.7694031221
2021-06-25 14:00:19.480,1,0.4498147202347254,648.1992599187591,0.0,,1238483.7237272018
2021-06-25 14:00:19.490,1,0.4325930210462369,647.2536386633985,0.0,,1236496.345821976
2021-06-25 14:00:19.500,1,0.4485567007943246,650.955318775952,0.0,,1244278.8377913907
2021-06-25 14:00:19.510,1,0.4796641475451285,647.5084061068408,0.0,,1237036.7705797257
2021-06-25 14:00:19.520,1,0.4778083368748869,651.9621931645614,0.0,,1246392.770516268
2021-06-25 14:00:19.530,1,0.516499444673358,645.8954604302783,0.0,,1233648.7486363598
2021-06-25 14:00:19.540,1,0.4572926479316558,639.6648832223525,0.0,,1220560.5995592382
2021-06-25 14:00:19.550,1,0.4417013377211232,641.5500103743517,0.0,,1224518.909007647
2021-06-25 14:00:19.560,1,0.5701185981619568,644.9365254985113,0.0,,1231635.9537549599
2021-06-25 14:00:19.570,1,0.4315727843660745,646.3502899158807,0.0,,1234597.3338361909
2021-06-25 14:00:19.580,1,0.4891093171855661,637.1823807645477,0.0,,1215351.5793964337
2021-06-25 14:00:19.590,1,0.5293485320225235,647.1816683756878,0.0,,1236345.7889229888
2021-06-25 14:00:19.600,1,0.621990736787474,647.0910299339538,0.0,,1236166.2415298873
2021-06-25 14:00:19.610,1,0.4508869402606324,652.5390172838687,0.0,,1247612.7778726625
2021-06-25 14:00:19.620,1,0.4850188715264208,642.2369964354424,0.0,,1225964.5380895338
2021-06-25 14:00:19.630,1,0.5222236315794362,642.3263031790492,0.0,,1226151.8122913782
2021-06-25 14:00:19.640,1,0.5257906933480021,639.1846918878098,0.0,,1219556.6035600035
2021-06-25 14:00:19.650,1,0.5048094575709832,637.6996609691032,0.0,,1216440.1468964906
2021-06-25 14:00:19.660,1,0.5644558598912153,643.6438747635141,0.0,,1228922.291882076
2021-06-25 14:00:19.670,1,0.5598698811975911,638.4298545097519,0.0,,1217976.6189729348
2021-06-25 14:00:19.680,1,0.6211692398484179,645.9781210551521,0.0,,1233824.4671728362
2021-06-25 14:00:19.690,1,0.5324329113118134,641.6674233335674,0.0,,1224769.6085859358
2021-06-25 14:00:19.700,1,0.6693873546741923,639.7511506905614,0.0,,1220752.2004990743
2021-06-25 14:00:19.710,1,0.4854596773332181,638.5685289677323,0.0,,1218260.4685458548
2021-06-25 14:00:19.720,1,0.4946121616650442,643.5607729031325,0.0,,1228745.0539713686
2021-06-25 14:00:19.730,1,0.5004853664059286,638.7844014738729,0.0,,1218714.5886230073
2021-06-25 14:00:19.740,1,0.625652754766968,647.1361273344016,0.0,,1236261.3467141648
2021-06-25 14:00:19.750,1,0.6232260253922858,638.5784106131649,0.0,,1218290.2747981478
2021-06-25 14:00:19.760,1,0.5829123276352475,641.0767835307457,0.0,,1223531.0857963138
2021-06-25 14:00:19.770,1,0.5468968356247178,645.8726960245017,0.0,,1233602.7175403696
2021-06-25 14:00:19.780,1,0.7081445462569179,645.0270976553494,0.0,,1231833.4346460237
2021-06-25 14:00:19.790,1,0.5504375585183194,645.2184603757197,0.0,,1232228.7467102862
2021-06-25 14:00:19.800,1,0.6762985412495028,652.8664981028462,0.0,,1248310.141065357
2021-06-25 14:00:19.810,1,0.5983646556582309,648.5553562858962,0.0,,1239241.0742900623
2021-06-25 14:00:19.820,1,0.5217366956357598,646.3917310356031,0.0,,1234691.9098198903
2021-06-25 14:00:19.830,1,0.6941100416038857,644.4430695705946,0.0,,1230604.661077394
2021-06-25 14:00:19.840,1,0.6644617655366417,650.0749448849523,0.0,,1242439.5504241374
2021-06-25 14:00:19.850,1,0.7180877941212341,651.943680924561,0.0,,1246369.9955435793
2021-06-25 14:00:19.860,1,0.7256609395913436,646.7325693380249,0.0,,1235414.0218106678
2021-06-25 14:00:19.870,1,0.4824259216098928,650.3799864304145,0.0,,1243072.8889849654
2021-06-25 14:00:19.880,1,0.5345583376923434,651.8037302326859,0.0,,1246064.8551991084
2021-06-25 14:00:19.890,1,0.6414470183063934,653.7945544649293,0.0,,1250259.6315437113
2021-06-25 14:00:19.900,1,0.5537252803516594,652.2899681611809,0.0,,1247093.191032046
2021-06-25 14:00:19.910,1,0.658104022494691,653.0785833305083,0.0,,1248756.9997050012
2021-06-25 14:00:19.920,1,0.6785791403206469,653.7999292724056,0.0,,1250268.6414479164
2021-06-25 14:00:19.930,1,0.5309803055217515,652.527562132862,0.0,,1247589.9006022124
2021-06-25 14:00:19.940,1,0.5350522562956814,651.533224467482,0.0,,1245494.8708469467
2021-06-25 14:00:19.950,1,0.6563986520509925,650.7972847107208,0.0,,1243957.0030464304
2021-06-25 14:00:19.960,1,0.5311885452616458,649.6611648674302,0.0,,1241564.8436775825
2021-06-25 14:00:19.970,1,0.6076362544658275,652.7784439059866,0.0,,1248123.0334207702
2021-06-25 14:00:19.980,1,0.6200288424032311,653.2738228050797,0.0,,1249164.1046526546
2021-06-25 14:00:19.990,1,0.6439480104180271,653.6510826778759,0.0,,1249956.5358581925
2021-06-25 14:00:20.000,1,0.5232670808092842,656.9129350172441,0.0,,1256816.5947582605
2021-06-25 14:00:20.010,1,0.5161503353013802,650.1530257854379,0.0,,1242596.9009434471
2021-06-25 14:00:20.020,1,0.5260301979066574,647.547456563172,0.0,,1237117.0226589649
2021-06-25 14:00:20.030,1,0.5780656277550348,653.1276728850568,0.0,,1248853.440057239
2021-06-25 14:00:20.040,1,0.5548398775973243,651.878598402603,0.0,,1246225.339091586
2021-06-25 14:00:20.050,1,0.4436581023811688,649.2417260496409,0.0,,1240675.6426429397
2021-06-25 14:00:20.060,1,0.5649437423717595,650.9086095242798,0.0,,1244185.427401265
2021-06-25 14:00:20.070,1,0.4915607879108202,653.3952006801384,0.0,,1249412.4638079694
2021-06-25 14:00:20.080,1,0.4336809167172257,652.3033212750005,0.0,,1247113.559211778
2021-06-25 14:00:20.090,1,0.4194848794963631,646.8941704317033,0.0,,1235737.6175415602
2021-06-25 14:00:20.100,1,0.459029855639914,647.9750488624843,0.0,,1238012.550428275
2021-06-25 14:00:20.110,1,0.525710893402747,654.8707224931197,0.0,,1252515.9120484146
2021-06-25 14:00:20.120,1,0.5452832715387611,650.4170643734686,0.0,,1243148.2626558037
2021-06-25 14:00:20.130,1,0.5062974255329713,646.0459727078636,0.0,,1233961.1925789132
2021-06-25 14:00:20.140,1,0.4938549694925153,642.6103081610253,0.0,,1226748.6133004203
2021-06-25 14:00:20.150,1,0.4544591652478941,648.5929393514493,0.0,,1239313.498942454
2021-06-25 14:00:20.160,1,0.4577099043010089,644.5209987863713,0.0,,1230759.0101020008
2021-06-25 14:00:20.170,1,0.4283236598523732,646.5041785524202,0.0,,1234920.7041886009
2021-06-25 14:00:20.180,1,0.5681884748905047,649.84082453726,0.0,,1241944.1004260313
2021-06-25 14:00:20.190,1,0.519594133725455,644.0155523376193,0.0,,1229699.4265077743
2021-06-25 14:00:20.200,1,0.5206452530555751,640.7930171616695,0.0,,1222933.3154284765
2021-06-25 14:00:20.210,1,0.5711578626136506,646.1104498047513,0.0,,1234104.6430112312
2021-06-25 14:00:20.220,1,0.5270429321066116,647.8605512032212,0.0,,1237774.2484123781
2021-06-25 14:00:20.230,1,0.5664267517327357,643.9875112659522,0.0,,1229642.7486551928
2021-06-25 14:00:20.240,1,0.488505273686144,644.8642615131153,0.0,,1231481.7716738693
2021-06-25 14:00:20.250,1,0.4608996249494666,646.5794417728051,0.0,,1235082.214731468
2021-06-25 14:00:20.260,1,0.5154777081159065,644.9506800877671,0.0,,1231664.4995169335
2021-06-25 14:00:20.270,1,0.4082873637111838,649.2366476891484,0.0,,1240665.6917242573
2021-06-25 14:00:20.280,1,0.4264506632201595,640.9498526614178,0.0,,1223257.8852695054
2021-06-25 14:00:20.290,1,0.4311368208606815,651.5862914483167,0.0,,1245607.2319682876
2021-06-25 14:00:20.300,1,0.5758576185492013,642.7699148933576,0.0,,1227087.9956024238
2021-06-25 14:00:20.310,1,0.4820682372081217,646.6833531151588,0.0,,1235300.7510687788
2021-06-25 14:00:20.320,1,0.4827956927766361,648.8759891249042,0.0,,1239905.828474556
2021-06-25 14:00:20.330,1,0.5241185542464933,644.3089586002994,0.0,,1230314.025231987
2021-06-25 14:00:20.340,1,0.4496650553094661,649.3516200808289,0.0,,1240907.7217960025
2021-06-25 14:00:20.350,1,0.4495331179200021,648.6198957840559,0.0,,1239366.6075226814
2021-06-25 14:00:20.360,1,0.5567876687783256,646.8986006969228,0.0,,1235754.744355107
2021-06-25 14:00:20.370,1,0.5798897753459612,652.9074692621235,0.0,,1248388.6398580142
2021-06-25 14:00:20.380,1,0.4960885370767844,645.0127284881443,0.0,,1231790.7455826232
2021-06-25 14:00:20.390,1,0.4379377397690425,648.8753128257057,0.0,,1239905.6344126966
2021-06-25 14:00:20.400,1,0.5910771725110995,647.5666565198504,0.0,,1237159.6681934218
2021-06-25 14:00:20.410,1,0.5114989984586716,647.8402005556146,0.0,,1237730.978113304
2021-06-25 14:00:20.420,1,0.4883164237247669,650.8728057924131,0.0,,1244104.4792259445
2021-06-25 14:00:20.430,1,0.6390905663689949,656.8381655496092,0.0,,1256663.1295266117
2021-06-25 14:00:20.440,1,0.4778587824274858,659.3787045148657,0.0,,1262002.1542414005
2021-06-25 14:00:20.450,1,0.5539407281502201,654.9014628234677,0.0,,1252582.3531742182
2021-06-25 14:00:20.460,1,0.529564222093038,653.5679288927793,0.0,,1249774.8011951235
2021-06-25 14:00:20.470,1,0.6446165106738982,652.1095469839572,0.0,,1246714.3175178745
2021-06-25 14:00:20.480,1,0.5414976235690682,661.2470902824963,0.0,,1265939.6843953892
2021-06-25 14:00:20.490,1,0.6390612209224895,661.5703106064642,0.0,,1266627.8350858993
2021-06-25 14:00:20.500,1,0.5320058118626854,653.8405581392581,0.0,,1250349.2927787818
2021-06-25 14:00:20.510,1,0.594694268454352,653.6209944397782,0.0,,1249895.3091054657
2021-06-25 14:00:20.520,1,0.665214030992768,660.2998671576621,0.0,,1263948.3347740103
2021-06-25 14:00:20.530,1,0.6022974703850033,662.8480443917367,0.0,,1269312.9965933054
2021-06-25 14:00:20.540,1,0.6536199709673732,661.4923273143576,0.0,,1266461.9343012325
2021-06-25 14:00:20.550,1,0.5429115097375921,662.3331413268825,0.0,,1268226.753299675
2021-06-25 14:00:20.560,1,0.6239346679591209,663.0071556013512,0.0,,1269649.3821053677
2021-06-25 14:00:20.570,1,0.6738516921523516,660.9600818633203,0.0,,1265343.40968768
2021-06-25 14:00:20.580,1,0.523766198667419,661.9212929185494,0.0,,1267362.5503748572
2021-06-25 14:00:20.590,1,0.508814582563876,658.4376931363532,0.0,,1260021.6590987646
2021-06-25 14:00:20.600,1,0.5575085158368982,656.7247737666121,0.0,,1256417.6971482998
2021-06-25 14:00:20.610,1,0.5388447871272573,658.0766363386298,0.0,,1259262.5681109838
2021-06-25 14:00:20.620,1,0.6111961132152318,659.1918879670811,0.0,,1261614.06093075
2021-06-25 14:00:20.630,1,0.5688582991523163,665.6551540323326,0.0,,1275228.4267745856
2021-06-25 14:00:20.640,1,0.4480923905217631,661.8968605717916,0.0,,1267304.2563674774
2021-06-25 14:00:20.650,1,0.5459940925107912,661.852619377128,0.0,,1267212.491798991
2021-06-25 14:00:20.660,1,0.5422364947063668,658.0647130519231,0.0,,1259240.3237487657
2021-06-25 14:00:20.670,1,0.5754265673310761,661.4728797883041,0.0,,1266417.9209211706
2021-06-25 14:00:20.680,1,0.5612354895560768,655.764656946191,0.0,,1254398.8596968153
2021-06-25 14:00:20.690,1,0.4640156160093263,659.7569370544478,0.0,,1262798.60790629
2021-06-25 14:00:20.700,1,0.6258827444251893,660.3683269180873,0.0,,1264088.7481578782
2021-06-25 14:00:20.710,1,0.5769066830257349,662.2077843578581,0.0,,1267964.0607109652
2021-06-25 14:00:20.720,1,0.5160068750816966,662.8130048593284,0.0,,1269234.7039397014
2021-06-25 14:00:20.730,1,0.4260128141840912,657.6415649176922,0.0,,1258344.510134796
2021-06-25 14:00:20.740,1,0.5054696574876653,650.6009265094052,0.0,,1243535.1096714814
2021-06-25 14:00:20.750,1,0.4634008456654979,655.5142490456085,0.0,,1253871.3150907576
2021-06-25 14:00:20.760,1,0.4607173174005972,655.5304302156303,0.0,,1253898.7644205017
2021-06-25 14:00:20.770,1,0.441247956780035,655.0064385433537,0.0,,1252799.94068624
2021-06-25 14:00:20.780,1,0.5306860073568473,656.243088814749,0.0,,1255404.6148862836
2021-06-25 14:00:20.790,1,0.5130319637037848,655.4295752219239,0.0,,1253689.4519111249
2021-06-25 14:00:20.800,1,0.4942498184509599,654.9003257287605,0.0,,1252575.9945814118
2021-06-25 14:00:20.810,1,0.5136771092148462,646.7717884838921,0.0,,1235485.1714177828
2021-06-25 14:00:20.820,1,0.572868801964318,654.7409151751153,0.0,,1252245.5032389415
2021-06-25 14:00:20.830,1,0.4738844488811513,647.3177202338314,0.0,,1236632.676528547
2021-06-25 14:00:20.840,1,0.3909636896678777,649.0375973594232,0.0,,1240247.1890364676
2021-06-25 14:00:20.850,1,0.3992956336366028,642.2883135485853,0.0,,1226064.0447002235
2021-06-25 14:00:20.860,1,0.5335351749942295,650.3750410839822,0.0,,1243067.3051402466
2021-06-25 14:00:20.870,1,0.5542543647647818,650.5240777257776,0.0,,1243377.3718499127
2021-06-25 14:00:20.880,1,0.4093044065075494,653.6624481689005,0.0,,1249967.8711193807
2021-06-25 14:00:20.890,1,0.4088322288465532,648.5777458063528,0.0,,1239273.734169861
2021-06-25 14:00:20.900,1,0.5246015894518076,648.7026770749335,0.0,,1239548.1717043174
2021-06-25 14:00:20.910,1,0.5145680968533377,646.9144280509598,0.0,,1235788.2276202533
2021-06-25 14:00:20.920,1,0.3952799111962499,654.861130965064,0.0,,1252493.5856284294
2021-06-25 14:00:20.930,1,0.4910076485534877,651.2967125445705,0.0,,1244994.758649176
2021-06-25 14:00:20.940,1,0.5082627373790551,649.9315783868224,0.0,,1242129.1357782886
2021-06-25 14:00:20.950,1,0.3750786555121632,648.5319843611603,0.0,,1239178.1698730919
2021-06-25 14:00:20.960,1,0.4335613047349158,642.0797587655892,0.0,,1225627.0756859581
2021-06-25 14:00:20.970,1,0.4333002734750407,639.4309273778309,0.0,,1220068.8568521214
2021-06-25 14:00:20.980,1,0.4385663864358899,645.0873380492029,0.0,,1231943.8756989844
2021-06-25 14:00:20.990,1,0.385785750409474,646.3714069766633,0.0,,1234641.7955758197
2021-06-25 14:00:21.000,1,0.5116915611573927,644.1335482543856,0.0,,1229944.17361102
2021-06-25 14:00:21.010,1,0.4403977973658675,646.4480716211398,0.0,,1234799.977353649
2021-06-25 14:00:21.020,1,0.4564958508099925,649.5382994016222,0.0,,1241300.6905903188
2021-06-25 14:00:21.030,1,0.44020698921622,643.9919552124179,0.0,,1229644.4208477384
2021-06-25 14:00:21.040,1,0.4721238352070211,650.9169520615402,0.0,,1244202.135563457
2021-06-25 14:00:21.050,1,0.3673697003576791,647.3820148891416,0.0,,1236764.1717675934
2021-06-25 14:00:21.060,1,0.4810671693937303,646.5522160265398,0.0,,1235026.6915950703
2021-06-25 14:00:21.070,1,0.4927603540296622,644.6145860410268,0.0,,1230953.2552867662
2021-06-25 14:00:21.080,1,0.4972079148305411,647.2380420957594,0.0,,1236463.9921341294
2021-06-25 14:00:21.090,1,0.3985260144560961,648.758490732843,0.0,,1239660.0870679058
2021-06-25 14:00:21.100,1,0.4101883603418992,643.3315762860152,0.0,,1228259.6150797606
2021-06-25 14:00:21.110,1,0.5445599483919158,651.4184024123484,0.0,,1245256.9643975578
2021-06-25 14:00:21.120,1,0.4280141244036347,648.3238488384901,0.0,,1238745.5253100425
2021-06-25 14:00:21.130,1,0.5120317782764341,646.9898584323612,0.0,,1235947.8111993298
2021-06-25 14:00:21.140,1,0.4261656025710734,645.6761715500451,0.0,,1233178.1133623729
2021-06-25 14:00:21.150,1,0.4749635615288196,648.6936158722623,0.0,,1239521.7791279485
2021-06-25 14:00:21.160,1,0.4339792924467649,651.3329369594328,0.0,,1245072.594551336
2021-06-25 14:00:21.170,1,0.5788967817724351,649.3442674479877,0.0,,1240900.1736544445
2021-06-25 14:00:21.180,1,0.5741881064778046,646.6823106371023,0.0,,1235303.5122401193
2021-06-25 14:00:21.190,1,0.5093999219169151,646.2653344232626,0.0,,1234423.2676339338
2021-06-25 14:00:21.200,1,0.4266428012665453,647.7433340724323,0.0,,1237525.1284232852
2021-06-25 14:00:21.210,1,0.6068249611168275,647.9711981692936,0.0,,1238011.4380345615
2021-06-25 14:00:21.220,1,0.4758368998636536,645.4974445164153,0.0,,1232808.3280003096
2021-06-25 14:00:21.230,1,0.5513187413336395,646.461503415779,0.0,,1234842.8969562375
2021-06-25 14:00:21.240,1,0.6183533970381215,648.6194623771154,0.0,,1239378.0960815402
2021-06-25 14:00:21.250,1,0.6019704453416821,650.3262604433429,0.0,,1242961.3536279923
2021-06-25 14:00:21.260,1,0.4547578747310122,648.4668198660853,0.0,,1239045.549595384
2021-06-25 14:00:21.270,1,0.4766800520757099,644.8782674848923,0.0,,1231506.7257474812
2021-06-25 14:00:21.280,1,0.5876825655405735,653.038840509791,0.0,,1248669.1067215228
2021-06-25 14:00:21.290,1,0.4429426049044316,645.5003486965182,0.0,,1232815.0497334762
2021-06-25 14:00:21.300,1,0.5139279842790901,649.7068895482953,0.0,,1241657.776039439
2021-06-25 14:00:21.310,1,0.5207158459472048,643.58909743261,0.0,,1228800.8944961715
2021-06-25 14:00:21.320,1,0.5277006029546594,643.7856585972321,0.0,,1229218.2723224612
2021-06-25 14:00:21.330,1,0.4413924332082107,648.3471925922844,0.0,,1238797.9831813022
2021-06-25 14:00:21.340,1,0.6283411457778741,647.2232782564828,0.0,,1236439.6176785154
2021-06-25 14:00:21.350,1,0.4472111448583454,644.6689192709904,0.0,,1231068.1728396583
2021-06-25 14:00:21.360,1,0.4321207923871366,647.8957399293971,0.0,,1237847.7653535553
2021-06-25 14:00:21.370,1,0.5846043089753054,639.5374879788174,0.0,,1220302.2315400948
2021-06-25 14:00:21.380,1,0.5892075227077499,640.1377977962858,0.0,,1221558.3321215136
2021-06-25 14:00:21.390,1,0.4978738288700525,642.7468262134122,0.0,,1227037.0031622266
2021-06-25 14:00:21.400,1,0.4983580333483532,639.1959753374782,0.0,,1219580.2730745922
2021-06-25 14:00:21.410,1,0.5630081300722565,636.9643756712455,0.0,,1214900.8533785213
2021-06-25 14:00:21.420,1,0.5084630090222817,644.0891337179789,0.0,,1229848.5126045442
2021-06-25 14:00:21.430,1,0.514481268485562,642.179215275586,0.0,,1225839.1013667546
2021-06-25 14:00:21.440,1,0.4234312534095087,631.6380313438902,0.0,,1203725.6258092995
2021-06-25 14:00:21.450,1,0.5154491896792949,642.3299058581812,0.0,,1226158.5892833453
2021-06-25 14:00:21.460,1,0.4024660704353548,633.3340389111672,0.0,,1207274.5782209071
2021-06-25 14:00:21.470,1,0.5630275090248485,643.3533747325753,0.0,,1228312.3773924662
2021-06-25 14:00:21.480,1,0.4517254067775804,633.9149779175623,0.0,,1208501.224294581
2021-06-25 14:00:21.490,1,0.5463814987444979,636.3280270413154,0.0,,1213563.2090987947
2021-06-25 14:00:21.500,1,0.5619446500237125,633.5377507379043,0.0,,1207711.8234901477
2021-06-25 14:00:21.510,1,0.4359237443205812,633.129894433242,0.0,,1206852.0831077485
2021-06-25 14:00:21.520,1,0.4739778540429931,632.3787651793758,0.0,,1205274.6417930215
2021-06-25 14:00:21.530,1,0.4745931866100891,637.1871922239939,0.0,,1215361.9382057018
2021-06-25 14:00:21.540,1,0.5314878799021303,639.6776556417225,0.0,,1220590.4906755716
2021-06-25 14:00:21.550,1,0.4203438616807316,627.1347100284015,0.0,,1194285.2300101132
2021-06-25 14:00:21.560,1,0.5460172753106713,637.264546485264,0.0,,1215530.041844536
2021-06-25 14:00:21.570,1,0.4372066283331826,631.1910629118997,0.0,,1202784.4264410932
2021-06-25 14:00:21.580,1,0.4848511381014568,629.9085125693887,0.0,,1200099.6649907816
2021-06-25 14:00:21.590,1,0.4152290701977791,625.8404663902165,0.0,,1191576.528067572
2021-06-25 14:00:21.600,1,0.4980017165210875,623.8985600004172,0.0,,1187512.388261241
2021-06-25 14:00:21.610,1,0.46155556063565,631.0487344169749,0.0,,1202487.1631286072
2021-06-25 14:00:21.620,1,0.4006578230630556,628.5176725535599,0.0,,1197178.8378942255
2021-06-25 14:00:21.630,1,0.5004251330699465,628.1770933106961,0.0,,1196475.5854960408
2021-06-25 14:00:21.640,1,0.3935768590055145,628.7545673458077,0.0,,1197679.6961365186
2021-06-25 14:00:21.650,1,0.4828562945539313,631.39277701412,0.0,,1203210.235323301
2021-06-25 14:00:21.660,1,0.4779856615538654,623.724976718407,0.0,,1187149.8308648886
2021-06-25 14:00:21.670,1,0.3695144158292637,634.0647358906061,0.0,,1208808.5105842135
2021-06-25 14:00:21.680,1,0.3750488371287449,636.5608211537118,0.0,,1214044.4171967665
2021-06-25 14:00:21.690,1,0.4150802978985038,633.0721695283994,0.0,,1206730.0247754338
2021-06-25 14:00:21.700,1,0.4120186721359175,636.7249187516546,0.0,,1214386.32262311
2021-06-25 14:00:21.710,1,0.5175897031369932,632.4014254860854,0.0,,1205328.244764245
2021-06-25 14:00:21.720,1,0.5064918738137945,630.9344670240719,0.0,,1202252.7518306058
2021-06-25 14:00:21.730,1,0.4195612884963571,636.7999520187951,0.0,,1214548.4088114332
2021-06-25 14:00:21.740,1,0.422747341145396,632.1761263168572,0.0,,1204848.8629304017
2021-06-25 14:00:21.750,1,0.4716702834532605,637.3342768618247,0.0,,1215669.6345191475
2021-06-25 14:00:21.760,1,0.5240501401054488,636.7394146173768,0.0,,1214426.3725799222
2021-06-25 14:00:21.770,1,0.4305475186959121,639.7638213037371,0.0,,1220770.8852738035
2021-06-25 14:00:21.780,1,0.4818434642950364,637.237161622509,0.0,,1215466.4861327282
2021-06-25 14:00:21.790,1,0.5396818957989414,637.0127352708249,0.0,,1214998.8787129067
2021-06-25 14:00:21.800,1,0.4120898297747976,640.8156884295626,0.0,,1222977.571901816
2021-06-25 14:00:21.810,1,0.4881863205053718,644.8110497275107,0.0,,1231365.0335657366
2021-06-25 14:00:21.820,1,0.4429435150455993,641.1212071954758,0.0,,1223619.201717925
2021-06-25 14:00:21.830,1,0.5272072506932345,639.0189038826263,0.0,,1219207.1555805993
2021-06-25 14:00:21.840,1,0.5251387662827602,638.6922073239859,0.0,,1218522.1524714513
2021-06-25 14:00:21.850,1,0.5296319789407183,643.4926733708597,0.0,,1228601.5742203025
2021-06-25 14:00:21.860,1,0.5521575718105688,642.6649896205219,0.0,,1226863.885945523
2021-06-25 14:00:21.870,1,0.5312897053430383,645.3571198304909,0.0,,1232519.836040125
2021-06-25 14:00:21.880,1,0.4455140052472782,643.8501902741102,0.0,,1229350.6843079883
2021-06-25 14:00:21.890,1,0.6017443122509208,647.2976638838975,0.0,,1236593.6065652855
2021-06-25 14:00:21.900,1,0.6159794270543778,644.1807302647469,0.0,,1230047.7245304747
2021-06-25 14:00:21.910,1,0.5790562052138696,643.8053981782521,0.0,,1229256.366990958
2021-06-25 14:00:21.920,1,0.5038306220871124,648.5593992889762,0.0,,1239248.121868744
2021-06-25 14:00:21.930,1,0.5873369040275819,639.5605242398776,0.0,,1220346.3212229814
2021-06-25 14:00:21.940,1,0.6020010707562455,644.386743392453,0.0,,1230480.6179752361
2021-06-25 14:00:21.950,1,0.5346622106270581,644.1277309686458,0.0,,1229935.3942640102
2021-06-25 14:00:21.960,1,0.5947851821719193,638.5177946096619,0.0,,1218160.507880434
2021-06-25 14:00:21.970,1,0.490409472382724,646.3252831434268,0.0,,1234551.8340144404
2021-06-25 14:00:21.980,1,0.4794913211308472,641.2658477037271,0.0,,1223923.7229886467
2021-06-25 14:00:21.990,1,0.6450127468510573,649.811855671174,0.0,,1241884.7637911835
2021-06-25 14:00:22.000,1,0.6484020143570055,646.2756370897762,0.0,,1234451.4125723962
2021-06-25 14:00:22.010,1,0.4485282239796834,645.0842944579036,0.0,,1231939.1758159369
2021-06-25 14:00:22.020,1,0.4540636623459202,642.7415912171538,0.0,,1227018.4531970338
2021-06-25 14:00:22.030,1,0.4570310256529989,650.996946026289,0.0,,1244365.111031928
2021-06-25 14:00:22.040,1,0.6672974979409527,642.5073711898308,0.0,,1226544.0840529199
2021-06-25 14:00:22.050,1,0.5549322852844675,644.7954774010133,0.0,,1231339.9703718226
2021-06-25 14:00:22.060,1,0.6730723106359945,643.5081108348829,0.0,,1228641.639882364
2021-06-25 14:00:22.070,1,0.4884263690734117,641.4779236145175,0.0,,1224366.3084736622
2021-06-25 14:00:22.080,1,0.5730330747329859,639.4410125829098,0.0,,1220097.5222375374
2021-06-25 14:00:22.090,1,0.5717936951806907,645.0174124711157,0.0,,1231803.098095992
2021-06-25 14:00:22.100,1,0.6396027292837151,641.3164260808077,0.0,,1224039.0898400312
2021-06-25 14:00:22.110,1,0.6195144658336241,638.6553940806224,0.0,,1218451.144910861
2021-06-25 14:00:22.120,1,0.4949972808780415,640.7736663443055,0.0,,1222890.2811287034
2021-06-25 14:00:22.130,1,0.5738516307728484,642.7711718675789,0.0,,1227087.138396078
2021-06-25 14:00:22.140,1,0.641488704093832,632.0484061135256,0.0,,1204592.1018516254
2021-06-25 14:00:22.150,1,0.5922850429325281,639.6661374375262,0.0,,1220571.2821390259
2021-06-25 14:00:22.160,1,0.5991878819046861,640.2104085775185,0.0,,1221713.0190978376
2021-06-25 14:00:22.170,1,0.5060383658227595,633.5234884417061,0.0,,1207678.5529923097
2021-06-25 14:00:22.180,1,0.5912622145031011,638.0249916578804,0.0,,1217124.2852206784
2021-06-25 14:00:22.190,1,0.5603915394782552,640.1674483229997,0.0,,1221621.6587888503
2021-06-25 14:00:22.200,1,0.4970315717282745,636.2184103881516,0.0,,1213328.0490679601
2021-06-25 14:00:22.210,1,0.4326167372978899,638.8689427261106,0.0,,1218890.2702814562
2021-06-25 14:00:22.220,1,0.55636173065014,632.4681152630421,0.0,,1205469.4330550432
2021-06-25 14:00:22.230,1,0.5121343946066605,631.7295375869903,0.0,,1203916.3598145496
2021-06-25 14:00:22.240,1,0.5366191771693138,635.6785642985567,0.0,,1212200.548609954
2021-06-25 14:00:22.250,1,0.5430352787776195,632.5482696948391,0.0,,1205633.4297387525
2021-06-25 14:00:22.260,1,0.4451766794999465,629.6243948927857,0.0,,1199505.4112619187
2021-06-25 14:00:22.270,1,0.5148921398826484,631.4213509863076,0.0,,1203272.1377150011
2021-06-25 14:00:22.280,1,0.5627524492348253,636.2814014304223,0.0,,1213464.3481068865
2021-06-25 14:00:22.290,1,0.4208920885300332,635.8101894898316,0.0,,1212472.2002100677
2021-06-25 14:00:22.300,1,0.5761002741062204,639.2718909941332,0.0,,1219740.4810209647
2021-06-25 14:00:22.310,1,0.5400716933613463,639.8234540919733,0.0,,1220900.5132799165
2021-06-25 14:00:22.320,1,0.5676268943357486,636.4936851089265,0.0,,1213911.003037113
2021-06-25 14:00:22.330,1,0.4679811788455659,636.3285020739195,0.0,,1213560.4175592149
2021-06-25 14:00:22.340,1,0.4970661287425718,635.9441018816079,0.0,,1212753.3274373794
2021-06-25 14:00:22.350,1,0.5824561502653759,641.4846499728053,0.0,,1224386.192524828
2021-06-25 14:00:22.360,1,0.5188295137587914,635.6453455874325,0.0,,1212132.4049036384
2021-06-25 14:00:22.370,1,0.4965546120837558,638.5426159088287,0.0,,1218205.7774981733
2021-06-25 14:00:22.380,1,0.4498339293896078,635.9599387584234,0.0,,1212785.5225006354
2021-06-25 14:00:22.390,1,0.479025171362536,639.6217716602529,0.0,,1220473.0242232254
2021-06-25 14:00:22.400,1,0.5616018154967539,636.1364437437093,0.0,,1213161.362600155
2021-06-25 14:00:22.410,1,0.5620321240638586,643.0281088539252,0.0,,1227628.4866414394
2021-06-25 14:00:22.420,1,0.5217367092964122,647.6179900412543,0.0,,1237269.1135001422
2021-06-25 14:00:22.430,1,0.4225569572663038,644.420534084601,0.0,,1230540.6416372801
2021-06-25 14:00:22.440,1,0.527484166164922,644.8161713486478,0.0,,1231379.8102971883
2021-06-25 14:00:22.450,1,0.4678788624381964,641.0106146761435,0.0,,1223385.8887095815
2021-06-25 14:00:22.460,1,0.4291339137384137,643.3082458755663,0.0,,1228212.4199066162
2021-06-25 14:00:22.470,1,0.5588401134187898,648.0941622789562,0.0,,1238267.440655909
2021-06-25 14:00:22.480,1,0.4321888120326331,644.7945488709971,0.0,,1231331.3097427187
2021-06-25 14:00:22.490,1,0.4916690613656782,638.0172982208279,0.0,,1217102.0588075619
2021-06-25 14:00:22.500,1,0.5050565305074578,644.775005665923,0.0,,1231290.9799992235
2021-06-25 14:00:22.510,1,0.5098657718086126,645.7973561201931,0.0,,1233439.2074010575
2021-06-25 14:00:22.520,1,0.4215075670353372,651.3049483084072,0.0,,1245012.9016152087
2021-06-25 14:00:22.530,1,0.6014268164649236,640.8572987557983,0.0,,1223072.6976329964
2021-06-25 14:00:22.540,1,0.5026056898189866,647.5195759988194,0.0,,1237060.0944651556
2021-06-25 14:00:22.550,1,0.5765426534137172,648.2788513430055,0.0,,1238659.910179612
2021-06-25 14:00:22.560,1,0.5050876462226227,647.3737027843596,0.0,,1236754.2058162007
2021-06-25 14:00:22.570,1,0.5346994589813003,641.3637941539289,0.0,,1224127.6336969717
2021-06-25 14:00:22.580,1,0.4419333427119695,643.8776023278248,0.0,,1229405.1476347805
2021-06-25 14:00:22.590,1,0.5859821969968024,643.2171372091235,0.0,,1228023.9245801808
2021-06-25 14:00:22.600,1,0.5418009954622608,640.2500356732012,0.0,,1221787.7099162242
2021-06-25 14:00:22.610,1,0.6240900318067213,648.3787386552909,0.0,,1238869.4962999308
2021-06-25 14:00:22.620,1,0.5856412395479611,638.0933655436985,0.0,,1217270.6133136179
2021-06-25 14:00:22.630,1,0.6236870408484928,640.7075111456809,0.0,,1222752.0905686668
2021-06-25 14:00:22.640,1,0.4488823492312299,638.7058592729622,0.0,,1218550.4833878113
2021-06-25 14:00:22.650,1,0.5429286299999513,641.0768182301292,0.0,,1223532.2033279608
2021-06-25 14:00:22.660,1,0.4645920275561138,638.0622885134283,0.0,,1217198.0417143716
2021-06-25 14:00:22.670,1,0.5420506752210918,645.3076883595688,0.0,,1232414.339934598
2021-06-25 14:00:22.680,1,0.5818700265720398,642.6532496870527,0.0,,1226841.6941415041
2021-06-25 14:00:22.690,1,0.4595982861147841,643.8039697097042,0.0,,1229253.8785451916
2021-06-25 14:00:22.700,1,0.6025912145536644,638.2363097672942,0.0,,1217570.3657664175
2021-06-25 14:00:22.710,1,0.5321543669110811,640.5667910935455,0.0,,1222457.0520727905
2021-06-25 14:00:22.720,1,0.5446568319525165,638.7959788850867,0.0,,1218746.8430764526
2021-06-25 14:00:22.730,1,0.6971144053447494,634.2164453355991,0.0,,1209143.9186419172
2021-06-25 14:00:22.740,1,0.6962691435905395,633.4086090146652,0.0,,1207444.7708480158
2021-06-25 14:00:22.750,1,0.671966995488428,636.8925678100964,0.0,,1214751.8010491002
2021-06-25 14:00:22.760,1,0.5161595398396556,635.5883754054418,0.0,,1212008.527335243
2021-06-25 14:00:22.770,1,0.5869428923787631,637.7316475012012,0.0,,1216505.229210066
2021-06-25 14:00:22.780,1,0.6730969277650916,630.1162452626859,0.0,,1200545.7740559923
2021-06-25 14:00:22.790,1,0.6136542419234013,632.168033296178,0.0,,1204840.5515606173
2021-06-25 14:00:22.800,1,0.4970023738298705,632.0662902012649,0.0,,1204625.7392139162
2021-06-25 14:00:22.810,1,0.4851138519087898,630.3669979973322,0.0,,1201059.8974386086
2021-06-25 14:00:22.820,1,0.5451366832122597,630.914163370062,0.0,,1202210.770862986
2021-06-25 14:00:22.830,1,0.4794985627183575,626.322710993313,0.0,,1192585.8138298567
2021-06-25 14:00:22.840,1,0.6709959300543744,632.9862269366266,0.0,,1206560.6880017752
2021-06-25 14:00:22.850,1,0.5355942490083409,627.1340352816001,0.0,,1194288.66842442
2021-06-25 14:00:22.860,1,0.5828636954388229,625.7656157496949,0.0,,1191425.2338121634
2021-06-25 14:00:22.870,1,0.47139718867207,621.6957235768216,0.0,,1182900.88993823
2021-06-25 14:00:22.880,1,0.6569568448455689,625.6977670959404,0.0,,1191287.690901621
2021-06-25 14:00:22.890,1,0.4908092594857906,626.7124949157127,0.0,,1193404.2851578884
2021-06-25 14:00:22.900,1,0.674929229290028,628.7746771867908,0.0,,1197737.1291592745
2021-06-25 14:00:22.910,1,0.5584429454911848,618.7547139748273,0.0,,1176749.5627020942
2021-06-25 14:00:22.920,1,0.5370439283721403,621.6797716367395,0.0,,1182869.9452128618
2021-06-25 14:00:22.930,1,0.6411282628863424,625.6179646644542,0.0,,1191122.5080513684
2021-06-25 14:00:22.940,1,0.593566553901016,619.3852085249063,0.0,,1178067.924147844
2021-06-25 14:00:22.950,1,0.4492722865030163,621.4120343397561,0.0,,1182302.8290745304
2021-06-25 14:00:22.960,1,0.5842573852762707,625.8404728242951,0.0,,1191581.5859325663
2021-06-25 14:00:22.970,1,0.5057032713064925,625.0189951384996,0.0,,1189859.3274372562
2021-06-25 14:00:22.980,1,0.5977852328615075,614.8590065347987,0.0,,1168608.1518810058
2021-06-25 14:00:22.990,1,0.56123399311645,625.5264649266629,0.0,,1190926.8027775378
2021-06-25 14:00:23.000,1,0.4701993857839294,623.8578918217438,0.0,,1187429.3176637504
2021-06-25 14:00:23.010,1,0.4337617353898508,620.3418112412683,0.0,,1180066.9927212729
2021-06-25 14:00:23.020,1,0.4521256652102992,628.294126663544,0.0,,1196717.7504989894
2021-06-25 14:00:23.030,1,0.4878482635104806,621.6741687248589,0.0,,1182855.112175184
2021-06-25 14:00:23.040,1,0.4758729703395375,619.7237993656272,0.0,,1178778.957781046
2021-06-25 14:00:23.050,1,0.5704699536111526,620.3782322125003,0.0,,1180148.0209327003
2021-06-25 14:00:23.060,1,0.4485089689867527,626.0553269939847,0.0,,1192028.6573329854
2021-06-25 14:00:23.070,1,0.4968464512707122,618.4124420795365,0.0,,1176036.250855643
2021-06-25 14:00:23.080,1,0.4131571036398953,628.5129691638015,0.0,,1197172.9921175411
2021-06-25 14:00:23.090,1,0.4022496556504198,620.9511939608851,0.0,,1181339.5276576895
2021-06-25 14:00:23.100,1,0.5597848014197625,629.029648856472,0.0,,1198263.5007796602
2021-06-25 14:00:23.110,1,0.4306434531586841,627.8796794255256,0.0,,1195845.7508328033
2021-06-25 14:00:23.120,1,0.4226987985626965,629.1804917490067,0.0,,1198571.3866092537
2021-06-25 14:00:23.130,1,0.3883115468377764,632.234206188439,0.0,,1204966.2867321747
2021-06-25 14:00:23.140,1,0.5006020280984896,628.0472060320183,0.0,,1196198.113983839
2021-06-25 14:00:23.150,1,0.4522785160825532,631.4153684829887,0.0,,1203256.1308973045
2021-06-25 14:00:23.160,1,0.5651929269230003,625.368896292608,0.0,,1190594.1539620168
2021-06-25 14:00:23.170,1,0.5065060462619506,629.6353440868356,0.0,,1199528.128769222
2021-06-25 14:00:23.180,1,0.4202079138601607,629.4390631972603,0.0,,1199113.5910766954
2021-06-25 14:00:23.190,1,0.466178459962948,631.9091733868455,0.0,,1204292.1926669287
2021-06-25 14:00:23.200,1,0.4845865610172564,625.9762101452674,0.0,,1191862.196675317
2021-06-25 14:00:23.210,1,0.4725613367221019,629.9346344385581,0.0,,1200157.4278179992
2021-06-25 14:00:23.220,1,0.5183482241233072,637.4174529123673,0.0,,1215845.579069079
2021-06-25 14:00:23.230,1,0.4874253381774784,629.4028636767448,0.0,,1199042.378579653
2021-06-25 14:00:23.240,1,0.4959288220928309,629.4155833995484,0.0,,1199066.9612426825
2021-06-25 14:00:23.250,1,0.5646331811790248,631.7336322162699,0.0,,1203932.9105088965
2021-06-25 14:00:23.260,1,0.5226764859088783,631.941920308434,0.0,,1204364.3057931492
2021-06-25 14:00:23.270,1,0.4432683532758305,629.9218108554693,0.0,,1200125.6299943384
2021-06-25 14:00:23.280,1,0.4106914790767219,625.4619113863879,0.0,,1190782.6983602806
2021-06-25 14:00:23.290,1,0.4383480242453383,633.1261595243734,0.0,,1206843.8069178662
2021-06-25 14:00:23.300,1,0.5822005068511745,632.5887956823909,0.0,,1205721.9229604057
2021-06-25 14:00:23.310,1,0.5242494028952307,625.0197004685625,0.0,,1189863.596809266
2021-06-25 14:00:23.320,1,0.4356041931535426,630.7886868346308,0.0,,1201942.7155924537
2021-06-25 14:00:23.330,1,0.6023115615809774,637.5627860362605,0.0,,1216156.0586944898
2021-06-25 14:00:23.340,1,0.4666880018397368,631.3558713255553,0.0,,1203134.6196467762
2021-06-25 14:00:23.350,1,0.4829057547634604,626.1751098950897,0.0,,1192276.441416956
2021-06-25 14:00:23.360,1,0.5747364703190024,629.7091726643803,0.0,,1199687.5525171338
2021-06-25 14:00:23.370,1,0.6315371333220116,626.4390241432997,0.0,,1192838.7501429177
2021-06-25 14:00:23.380,1,0.6430179521327456,631.0558997848383,0.0,,1202514.3891969335
2021-06-25 14:00:23.390,1,0.6206781986836117,622.9785381940102,0.0,,1185591.0984292673
2021-06-25 14:00:23.400,1,0.5241581766532524,632.5964876484046,0.0,,1205738.4462423604
2021-06-25 14:00:23.410,1,0.5604549368695292,627.8753629548555,0.0,,1195848.2450562944
2021-06-25 14:00:23.420,1,0.4677622663122303,628.6149747625319,0.0,,1197386.847397293
2021-06-25 14:00:23.430,1,0.4830223900495689,620.9005135757468,0.0,,1181234.9052326588
2021-06-25 14:00:23.440,1,0.5308288363536234,625.853195756524,0.0,,1191603.679973791
2021-06-25 14:00:23.450,1,0.5504114394586099,623.6363519318174,0.0,,1186964.4651455488
2021-06-25 14:00:23.460,1,0.5139263227901627,624.6452008535397,0.0,,1189076.2477528607
2021-06-25 14:00:23.470,1,0.6634272554990972,621.6547496818893,0.0,,1182824.5054776752
2021-06-25 14:00:23.480,1,0.5380588125230019,620.6641474937574,0.0,,1180746.2642311289
2021-06-25 14:00:23.490,1,0.4742937165050963,617.8079218049762,0.0,,1174766.6213005101
2021-06-25 14:00:23.500,1,0.5047758048338977,620.8575928464232,0.0,,1181148.0330343673
2021-06-25 14:00:23.510,1,0.4794070995825845,623.0320890129663,0.0,,1185698.628858072
2021-06-25 14:00:23.520,1,0.4778879909320846,616.4129453166668,0.0,,1171848.9407215856
2021-06-25 14:00:23.530,1,0.4811179707433511,624.8204775633222,0.0,,1189440.86793595
2021-06-25 14:00:23.540,1,0.6614127456466002,620.3367984623401,0.0,,1180066.4705402534
2021-06-25 14:00:23.550,1,0.553675370099712,618.7721509347375,0.0,,1176782.4031862742
2021-06-25 14:00:23.560,1,0.5895690478792786,619.5115741463916,0.0,,1178337.3155422008
2021-06-25 14:00:23.570,1,0.5931597797583973,623.8545566510735,0.0,,1187424.1321691494
2021-06-25 14:00:23.580,1,0.4626169641061517,617.2806348791001,0.0,,1173662.5549652856
2021-06-25 14:00:23.590,1,0.6121524015274823,623.6109775309525,0.0,,1186915.0469325169
2021-06-25 14:00:23.600,1,0.4582668058604129,615.852416686251,0.0,,1170676.3285077335
2021-06-25 14:00:23.610,1,0.4335668029607482,622.8766640571073,0.0,,1185367.6016652193
2021-06-25 14:00:23.620,1,0.4612310402360684,620.4139887891445,0.0,,1180216.749549172
2021-06-25 14:00:23.630,1,0.5657007898375642,618.0299916045892,0.0,,1175235.4559498876
2021-06-25 14:00:23.640,1,0.4930654556450635,622.9269831491066,0.0,,1185479.561278271
2021-06-25 14:00:23.650,1,0.4149599775841843,626.4482308101482,0.0,,1192847.764720856
2021-06-25 14:00:23.660,1,0.4781749648056892,622.3940380390472,0.0,,1184363.5629667398
2021-06-25 14:00:23.670,1,0.5642236295470653,629.7794494784725,0.0,,1199832.5698061239
2021-06-25 14:00:23.680,1,0.5880389378875498,628.5465558921061,0.0,,1197249.7711456663
2021-06-25 14:00:23.690,1,0.4392634815505544,624.3654465302968,0.0,,1188487.9932531489
2021-06-25 14:00:23.700,1,0.4799707607705275,632.4063995162597,0.0,,1205337.163349338
2021-06-25 14:00:23.710,1,0.4436865470002376,630.9239775352818,0.0,,1202227.2595228197
2021-06-25 14:00:23.720,1,0.5169036436058799,632.4039943235528,0.0,,1205332.247405932
2021-06-25 14:00:23.730,1,0.5016173322612402,628.2560432078209,0.0,,1196640.3122943274
2021-06-25 14:00:23.740,1,0.3773985532408485,634.6751648191972,0.0,,1210088.3944016595
2021-06-25 14:00:23.750,1,0.3724634939787376,627.7839034334039,0.0,,1195642.375672418
2021-06-25 14:00:23.760,1,0.4995801178075597,624.3646740702475,0.0,,1188492.352819357
2021-06-25 14:00:23.770,1,0.4175453922108086,632.45296862823,0.0,,1205432.0736880258
2021-06-25 14:00:23.780,1,0.4674288869573025,641.5315018595535,0.0,,1224480.9793924617
2021-06-25 14:00:23.790,1,0.3920881346297974,636.146864500868,0.0,,1213175.6232019544
2021-06-25 14:00:23.800,1,0.5107398041990464,640.0263273136512,0.0,,1221320.217838822
2021-06-25 14:00:23.810,1,0.4769315048888339,638.8264557478384,0.0,,1218802.2872000686
2021-06-25 14:00:23.820,1,0.3814662728429024,644.5294606068418,0.0,,1230770.1118688034
2021-06-25 14:00:23.830,1,0.4179253460295953,640.3847179581297,0.0,,1222071.3693127036
2021-06-25 14:00:23.840,1,0.3574847102690512,639.1904015415579,0.0,,1219557.6595340385
2021-06-25 14:00:23.850,1,0.4523742129328801,645.5551394489394,0.0,,1232928.923640755
2021-06-25 14:00:23.860,1,0.4919869312039513,635.1282757791517,0.0,,1211046.006724645
2021-06-25 14:00:23.870,1,0.3644345222410329,640.8752602730765,0.0,,1223096.4861517483
2021-06-25 14:00:23.880,1,0.3857224930375896,645.0727629929363,0.0,,1231913.4843300628
2021-06-25 14:00:23.890,1,0.3483632478147999,641.6648937111977,0.0,,1224751.0390841074
2021-06-25 14:00:23.900,1,0.485142958125716,643.8405032791171,0.0,,1229324.5638266336
2021-06-25 14:00:23.910,1,0.4409095164452146,643.2605692504341,0.0,,1228106.413139422
2021-06-25 14:00:23.920,1,0.3962928268581988,638.2064181370075,0.0,,1217493.6125783378
2021-06-25 14:00:23.930,1,0.396239176424575,643.8546359594719,0.0,,1229357.5369105062
2021-06-25 14:00:23.940,1,0.3976272105463989,640.5091503379043,0.0,,1222332.6414543302
2021-06-25 14:00:23.950,1,0.4990875706851647,645.9791525203723,0.0,,1233824.1181511888
2021-06-25 14:00:23.960,1,0.4318305816628821,644.3016309770599,0.0,,1230293.81866101
2021-06-25 14:00:23.970,1,0.4538100518040808,639.0686931746203,0.0,,1219310.4898673
2021-06-25 14:00:23.980,1,0.4691423422134487,643.2959515030548,0.0,,1228185.048077705
2021-06-25 14:00:23.990,1,0.4277040595732062,635.7787217998613,0.0,,1212408.4587114418
2021-06-25 14:00:24.000,1,0.4117170886610334,642.2705159907911,0.0,,1226030.6683487229
2021-06-25 14:00:24.010,1,0.4305219938356892,641.6674270577487,0.0,,1224763.9612025444
2021-06-25 14:00:24.020,1,0.4651536932446851,645.9007591660867,0.0,,1233655.5271346476
2021-06-25 14:00:24.030,1,0.5213087084286371,645.4659578420923,0.0,,1232741.5742616737
2021-06-25 14:00:24.040,1,0.3767118937884485,634.2698566312183,0.0,,1209237.6210133329
2021-06-25 14:00:24.050,1,0.3824902965046247,639.1251542028688,0.0,,1219424.8807363634
2021-06-25 14:00:24.060,1,0.5211895321090503,639.8805594287155,0.0,,1221015.7616276538
2021-06-25 14:00:24.070,1,0.3516364750436568,639.134920067762,0.0,,1219440.01510345
2021-06-25 14:00:24.080,1,0.3709794462495634,636.3980079287799,0.0,,1213702.1889562143
2021-06-25 14:00:24.090,1,0.436076969800075,638.2784781321935,0.0,,1217649.26908146
2021-06-25 14:00:24.100,1,0.5070460758542392,629.7944692650818,0.0,,1199858.510337004
2021-06-25 14:00:24.110,1,0.4263363031505307,638.386159416373,0.0,,1217873.0573050093
2021-06-25 14:00:24.120,1,0.4751344916407206,636.1953469658846,0.0,,1213278.3841413737
2021-06-25 14:00:24.130,1,0.5442537251364477,634.5224721005304,0.0,,1209776.7772731672
2021-06-25 14:00:24.140,1,0.4537364345794142,632.8256337372849,0.0,,1206215.799872379
2021-06-25 14:00:24.150,1,0.4649641520697246,632.3307686180448,0.0,,1205176.1044871095
2021-06-25 14:00:24.160,1,0.3986136677189416,626.3278746953407,0.0,,1192594.0688056299
2021-06-25 14:00:24.170,1,0.4403317365503109,632.7549473831695,0.0,,1206067.4474290689
2021-06-25 14:00:24.180,1,0.4688289389071743,628.7435935468974,0.0,,1197658.660416072
2021-06-25 14:00:24.190,1,0.5358574654304157,628.5827231224242,0.0,,1197326.20669986
2021-06-25 14:00:24.200,1,0.5328985301630368,632.9017864403178,0.0,,1206374.9497225368
2021-06-25 14:00:24.210,1,0.5039214592193201,630.7178367527788,0.0,,1201796.243328252
2021-06-25 14:00:24.220,1,0.4439957749523955,629.0700108107493,0.0,,1198343.6495000983
2021-06-25 14:00:24.230,1,0.3828127532808749,630.5040433230042,0.0,,1201339.9919358632
2021-06-25 14:00:24.240,1,0.5343617289944234,632.8994492518309,0.0,,1206371.9952718054
2021-06-25 14:00:24.250,1,0.3969494546705173,628.4503283293459,0.0,,1197042.1507287272
2021-06-25 14:00:24.260,1,0.4803551678744015,633.6078530017962,0.0,,1207855.0693726654
2021-06-25 14:00:24.270,1,0.4898406790940206,629.0947572420454,0.0,,1198393.3023586972
2021-06-25 14:00:24.280,1,0.5235348681877455,629.3674991593634,0.0,,1198971.4350657682
2021-06-25 14:00:24.290,1,0.3750449483101265,629.1889563102434,0.0,,1198586.6832530366
2021-06-25 14:00:24.300,1,0.4302801879788265,628.2579370803742,0.0,,1196636.5304004862
2021-06-25 14:00:24.310,1,0.404701900693737,624.7617407449612,0.0,,1189313.8912449232
2021-06-25 14:00:24.320,1,0.4192700285722522,625.3863789946471,0.0,,1190624.080941587
2021-06-25 14:00:24.330,1,0.4858637842726681,630.0216265004409,0.0,,1200334.2012569818
2021-06-25 14:00:24.340,1,0.4640025523741299,631.3666887985245,0.0,,1203154.8044532603
2021-06-25 14:00:24.350,1,0.3848644864958193,630.4754584661017,0.0,,1201283.822361223
2021-06-25 14:00:24.360,1,0.3970247346771707,631.7037786797976,0.0,,1203854.1672645449
2021-06-25 14:00:24.370,1,0.4748014340886354,634.0657173088102,0.0,,1208813.3929853577
2021-06-25 14:00:24.380,1,0.3632330622374093,634.6630973951666,0.0,,1210060.4983782037
2021-06-25 14:00:24.390,1,0.3647365301704141,632.4429930672112,0.0,,1205410.8564000577
2021-06-25 14:00:24.400,1,0.3264126773674025,637.3919315170565,0.0,,1215785.1180287038
2021-06-25 14:00:24.410,1,0.3498520810663343,637.1574949866151,0.0,,1215291.05865602
2021-06-25 14:00:24.420,1,0.4282907047378543,631.9100015622579,0.0,,1204295.8381621337
2021-06-25 14:00:24.430,1,0.3658727169449073,634.8136118013779,0.0,,1210376.6782235252
2021-06-25 14:00:24.440,1,0.3161591595429082,641.2605944986941,0.0,,1223904.9066349915
2021-06-25 14:00:24.450,1,0.4218606199551042,638.4770400218154,0.0,,1218064.8317647688
2021-06-25 14:00:24.460,1,0.3797761435908813,634.3382991884588,0.0,,1209382.533299634
2021-06-25 14:00:24.470,1,0.332475656955485,640.1915649196405,0.0,,1221662.4683343924
2021-06-25 14:00:24.480,1,0.3032087995096543,632.4356662636696,0.0,,1205391.750702115
2021-06-25 14:00:24.490,1,0.2974824269513394,638.0323195804406,0.0,,1217126.9792078102
2021-06-25 14:00:24.500,1,0.382817354541955,635.0009082907517,0.0,,1210771.2246137694
2021-06-25 14:00:24.510,1,0.2738660934339856,637.5759651312212,0.0,,1216169.808492026
2021-06-25 14:00:24.520,1,0.29396400407169,640.3667136290137,0.0,,1222027.1734513373
2021-06-25 14:00:24.530,1,0.3460777329157981,636.9905470862464,0.0,,1214942.8212171707
2021-06-25 14:00:24.540,1,0.3797671303474421,647.7845225121782,0.0,,1237610.0566787878
2021-06-25 14:00:24.550,1,0.2911713935683794,641.2631965590384,0.0,,1223906.8101398738
2021-06-25 14:00:24.560,1,0.3117259137182925,643.0209439268707,0.0,,1227602.241276776
2021-06-25 14:00:24.570,1,0.3164962806332153,637.3034753110699,0.0,,1215599.7112654862
2021-06-25 14:00:24.580,1,0.2587444759524744,643.0597291505583,0.0,,1227678.1193605333
2021-06-25 14:00:24.590,1,0.2999434565256365,641.0227107335904,0.0,,1223401.1725971818
2021-06-25 14:00:24.600,1,0.2857198672353367,640.7363022636048,0.0,,1222797.8553300502
2021-06-25 14:00:24.610,1,0.3331751860520084,635.444050705083,0.0,,1211701.4617670204
2021-06-25 14:00:24.620,1,0.3495848183756541,635.6122840389288,0.0,,1212047.1370347347
2021-06-25 14:00:24.630,1,0.3600248255214734,637.4575754945622,0.0,,1215922.0807666297
2021-06-25 14:00:24.640,1,0.3010089015141338,635.8380236280999,0.0,,1212520.56343558
2021-06-25 14:00:24.650,1,0.3385985397217755,639.4465258116984,0.0,,1220093.7029230697
2021-06-25 14:00:24.660,1,0.3828599808119442,634.4203174655506,0.0,,1209556.3456922742
2021-06-25 14:00:24.670,1,0.3331455144295199,634.6915466622966,0.0,,1210121.9174205197
2021-06-25 14:00:24.680,1,0.3573808821000399,632.5377968738222,0.0,,1205608.0207127586
2021-06-25 14:00:24.690,1,0.3391755848502589,629.8508810012512,0.0,,1199971.6440965752
2021-06-25 14:00:24.700,1,0.3112495775798868,630.2538488932622,0.0,,1200815.3760706573
2021-06-25 14:00:24.710,1,0.3543728691912641,631.2479309406748,0.0,,1202903.69304079
2021-06-25 14:00:24.720,1,0.3089018177368319,632.2298585901087,0.0,,1204954.8661365153
2021-06-25 14:00:24.730,1,0.4022461074381289,631.3718466739713,0.0,,1203163.732753168
2021-06-25 14:00:24.740,1,0.2872888972825474,630.3771245080194,0.0,,1201075.1308164217
2021-06-25 14:00:24.750,1,0.310173603473722,629.7742766217242,0.0,,1199811.455642733
2021-06-25 14:00:24.760,1,0.2834818618007085,631.2190526470678,0.0,,1202835.2572895647
2021-06-25 14:00:24.770,1,0.4142087893455159,630.419300305904,0.0,,1201168.1850176237
2021-06-25 14:00:24.780,1,0.3774550357852199,631.824945779715,0.0,,1204112.4307260124
2021-06-25 14:00:24.790,1,0.4220776997835516,622.5639177193,0.0,,1184716.4743287608
2021-06-25 14:00:24.800,1,0.296781697448172,631.8843408081093,0.0,,1204235.0525862523
2021-06-25 14:00:24.810,1,0.4098922981128917,632.9439289093317,0.0,,1206458.2131624455
2021-06-25 14:00:24.820,1,0.3451270179112738,624.1925701207815,0.0,,1188121.4313746763
2021-06-25 14:00:24.830,1,0.3068513961617188,623.7081208904508,0.0,,1187103.292806543
2021-06-25 14:00:24.840,1,0.3618547201890357,633.4207325866134,0.0,,1207457.245913445
2021-06-25 14:00:24.850,1,0.4022342102227479,619.103651140607,0.0,,1177470.715907042
2021-06-25 14:00:24.860,1,0.323138958481862,623.4713097401609,0.0,,1186610.58046178
2021-06-25 14:00:24.870,1,0.4205825741416312,623.393847724079,0.0,,1186449.735583808
2021-06-25 14:00:24.880,1,0.3759188959891503,622.3644875194273,0.0,,1184295.9520842596
2021-06-25 14:00:24.890,1,0.4439261112965112,622.2558704108051,0.0,,1184068.9195181215
2021-06-25 14:00:24.900,1,0.4139652214550578,623.016625194114,0.0,,1185663.29012757
2021-06-25 14:00:24.910,1,0.3562601598126146,622.4917524924816,0.0,,1184561.368014703
2021-06-25 14:00:24.920,1,0.4374866980526433,617.9936291875247,0.0,,1175153.0632855014
2021-06-25 14:00:24.930,1,0.3302089034929212,625.8192760704652,0.0,,1191526.4337627003
2021-06-25 14:00:24.940,1,0.4109875497764698,622.9840590793674,0.0,,1185595.5335953936
2021-06-25 14:00:24.950,1,0.4226535640545947,627.2755417661641,0.0,,1194581.7308262254
2021-06-25 14:00:24.960,1,0.3843451180055892,623.062641799455,0.0,,1185759.9625417166
2021-06-25 14:00:24.970,1,0.4042101512076101,630.049993018941,0.0,,1200393.4619905003
2021-06-25 14:00:24.980,1,0.3251364186398268,625.6780551685628,0.0,,1191226.910626278
2021-06-25 14:00:24.990,1,0.4052013473607166,624.7779026295909,0.0,,1189347.4226062607
2021-06-25 14:00:25.000,1,0.3717692883649942,625.214785872323,0.0,,1190261.3328838567
2021-06-25 14:00:25.010,1,0.4001547925606221,625.733652609041,0.0,,1191349.592022771
2021-06-25 14:00:25.020,1,0.331579276717117,632.1008606608888,0.0,,1204688.4044787346
2021-06-25 14:00:25.030,1,0.373733624520967,625.0474891806991,0.0,,1189911.4457491124
2021-06-25 14:00:25.040,1,0.3158249713088616,623.8008280628923,0.0,,1187298.417550725
2021-06-25 14:00:25.050,1,0.3485398984434422,627.6488410542424,0.0,,1195360.4960420644
2021-06-25 14:00:25.060,1,0.3893970530879611,634.8715643751907,0.0,,1210499.3659633053
2021-06-25 14:00:25.070,1,0.3821387942957806,626.0971213671037,0.0,,1192111.6129154526
2021-06-25 14:00:25.080,1,0.4120086076708701,633.5736176689577,0.0,,1207780.652143965
2021-06-25 14:00:25.090,1,0.3683028359489236,640.146523577482,0.0,,1221567.0671262385
2021-06-25 14:00:25.100,1,0.3641196676656903,632.8175100598403,0.0,,1206193.7786752624
2021-06-25 14:00:25.110,1,0.3411176234466137,637.0110846554481,0.0,,1214986.9786801543
2021-06-25 14:00:25.120,1,0.323086513569299,640.3637541927963,0.0,,1222023.790758148
2021-06-25 14:00:25.130,1,0.3554734264857117,636.6592835411406,0.0,,1214248.959130539
2021-06-25 14:00:25.140,1,0.293124089313712,632.8602634347495,0.0,,1206276.636088937
2021-06-25 14:00:25.150,1,0.289222485197161,636.4188907424781,0.0,,1213741.2151189537
2021-06-25 14:00:25.160,1,0.3806239880638894,631.289422028994,0.0,,1202988.6220089851
2021-06-25 14:00:25.170,1,0.3284121592096672,634.2544933244717,0.0,,1209204.6065751712
2021-06-25 14:00:25.180,1,0.3596710447501106,639.8332395066743,0.0,,1220910.5145685344
2021-06-25 14:00:25.190,1,0.298719061275383,639.7138820934342,0.0,,1220657.2921376487
2021-06-25 14:00:25.200,1,0.3468532016339118,642.0628148274236,0.0,,1225589.8718111946
2021-06-25 14:00:25.210,1,0.2606236241159794,641.2877259385208,0.0,,1223957.366681206
2021-06-25 14:00:25.220,1,0.2890431416014247,646.8606145180094,0.0,,1235663.191984304
2021-06-25 14:00:25.230,1,0.3136585297174097,637.38111730958,0.0,,1215758.8981881111
2021-06-25 14:00:25.240,1,0.278400418090762,646.4885632797893,0.0,,1234881.948229022
2021-06-25 14:00:25.250,1,0.2966508648736615,642.5975648305691,0.0,,1226710.366839094
2021-06-25 14:00:25.260,1,0.3242508738545209,643.0623864295833,0.0,,1227688.35923616
2021-06-25 14:00:25.270,1,0.2812437232636854,645.2397307264844,0.0,,1232257.3404475562
2021-06-25 14:00:25.280,1,0.3547425589207902,643.1282079461341,0.0,,1227828.344663313
2021-06-25 14:00:25.290,1,0.3078123265280913,644.8287951904866,0.0,,1231394.3372457195
2021-06-25 14:00:25.300,1,0.3280327828936279,640.860597060497,0.0,,1223063.108487834
2021-06-25 14:00:25.310,1,0.3277789551766455,644.6666125346617,0.0,,1231053.981464762
2021-06-25 14:00:25.320,1,0.3380513461743006,648.0688094598806,0.0,,1238206.2768981082
2021-06-25 14:00:25.330,1,0.2624668373098389,639.4396749202684,0.0,,1220079.8873945456
2021-06-25 14:00:25.340,1,0.3038200090970335,639.1136087444697,0.0,,1219397.1078610152
2021-06-25 14:00:25.350,1,0.3226998848759522,637.5000058700775,0.0,,1216010.8299069977
2021-06-25 14:00:25.360,1,0.2892228739520573,640.0084061211262,0.0,,1221273.1803994607
2021-06-25 14:00:25.370,1,0.3418665407609823,640.4714353142695,0.0,,1222249.9382403449
2021-06-25 14:00:25.380,1,0.365091229109404,640.2474786321587,0.0,,1221780.9875072695
2021-06-25 14:00:25.390,1,0.2686317611909925,642.0311581813048,0.0,,1225518.2522536311
2021-06-25 14:00:25.400,1,0.2741085905322065,641.1818416896688,0.0,,1223735.1596344828
2021-06-25 14:00:25.410,1,0.3208148976501145,643.5455423984612,0.0,,1228706.174870466
2021-06-25 14:00:25.420,1,0.2530090985706564,642.759099799047,0.0,,1227047.3840751795
2021-06-25 14:00:25.430,1,0.2543136262135023,638.3908700626152,0.0,,1217876.9829214362
2021-06-25 14:00:25.440,1,0.3313851302231801,644.0417820185171,0.0,,1229742.4126334053
2021-06-25 14:00:25.450,1,0.3861777433367637,637.0553093153234,0.0,,1215081.1008020586
2021-06-25 14:00:25.460,1,0.2825698207055687,637.0086668613922,0.0,,1214980.5188382806
2021-06-25 14:00:25.470,1,0.3158861959981291,636.5838677780256,0.0,,1214088.5159383428
2021-06-25 14:00:25.480,1,0.4122383596257739,639.0737239324408,0.0,,1219320.2656199401
2021-06-25 14:00:25.490,1,0.3310905295466673,635.9115920135397,0.0,,1212677.4682802346
2021-06-25 14:00:25.500,1,0.3718110695911547,634.7087505834231,0.0,,1210155.7175541501
2021-06-25 14:00:25.510,1,0.3657533615979141,634.3613347175949,0.0,,1209427.9284365193
2021-06-25 14:00:25.520,1,0.3261564598945248,636.529187226816,0.0,,1213975.8041666832
2021-06-25 14:00:25.530,1,0.3646962636824294,639.2957127229982,0.0,,1219782.690109678
2021-06-25 14:00:25.540,1,0.3023743775806,636.0291912840188,0.0,,1212924.5182095445
2021-06-25 14:00:25.550,1,0.3945614492992533,643.516158716046,0.0,,1228643.6228776658
2021-06-25 14:00:25.560,1,0.4421310836417275,640.6572968691436,0.0,,1222639.8317721104
2021-06-25 14:00:25.570,1,0.3834320309246773,635.5496253158177,0.0,,1211923.2152045614
2021-06-25 14:00:25.580,1,0.3995198977330206,637.8514933862049,0.0,,1216753.4868689892
2021-06-25 14:00:25.590,1,0.4107391053329117,642.8679057979206,0.0,,1227282.8566909335
2021-06-25 14:00:25.600,1,0.4289935392756774,641.4284093005455,0.0,,1224264.4192561097
2021-06-25 14:00:25.610,1,0.4567788330117208,640.6284211790743,0.0,,1222582.667751884
2021-06-25 14:00:25.620,1,0.3800024976942139,638.7253136253643,0.0,,1218582.692743409
2021-06-25 14:00:25.630,1,0.3970773127848843,639.7686812170847,0.0,,1220774.317735525
2021-06-25 14:00:25.640,1,0.4427039869917902,639.0842694914206,0.0,,1219338.9040932588
2021-06-25 14:00:25.650,1,0.4687189178624787,643.5988737114461,0.0,,1228821.152590901
2021-06-25 14:00:25.660,1,0.4333053772539015,640.4402061355498,0.0,,1222184.6849814234
2021-06-25 14:00:25.670,1,0.4177643521151327,647.5298559152302,0.0,,1237074.8861610272
2021-06-25 14:00:25.680,1,0.3850686269900322,648.8290794104032,0.0,,1239807.1946252468
2021-06-25 14:00:25.690,1,0.4584485592983702,643.5312827185809,0.0,,1228680.532208205
2021-06-25 14:00:25.700,1,0.4630709368871063,651.7459802509244,0.0,,1245944.3622293489
2021-06-25 14:00:25.710,1,0.4784229587680729,644.7631571624735,0.0,,1231267.8968158662
2021-06-25 14:00:25.720,1,0.519651342217767,647.4572438094513,0.0,,1236926.4767932422
2021-06-25 14:00:25.730,1,0.3768816343500451,652.3244727136816,0.0,,1247155.4900190171
2021-06-25 14:00:25.740,1,0.4537084711478887,644.3203386586138,0.0,,1230334.8464523398
2021-06-25 14:00:25.750,1,0.4277556267161838,650.3057811220398,0.0,,1242912.2459112164
2021-06-25 14:00:25.760,1,0.4315027183011578,651.9147930299001,0.0,,1246291.135234591
2021-06-25 14:00:25.770,1,0.4264079648160779,649.4375929992431,0.0,,1241088.5404465839
2021-06-25 14:00:25.780,1,0.3609319263158202,650.8921716281071,0.0,,1244138.4187460502
2021-06-25 14:00:25.790,1,0.4739296940368744,652.8531615053513,0.0,,1248271.9330241913
2021-06-25 14:00:25.800,1,0.4501041041424137,650.4108336660993,0.0,,1243131.1871952524
2021-06-25 14:00:25.810,1,0.4610161784198441,661.2962395170905,0.0,,1266039.0896873453
2021-06-25 14:00:25.820,1,0.3347186126519996,652.6823463207801,0.0,,1247901.0830042497
2021-06-25 14:00:25.830,1,0.4739819134232809,654.7783974630561,0.0,,1252318.1026257006
2021-06-25 14:00:25.840,1,0.412938487524295,654.6499740497441,0.0,,1252052.9607052123
2021-06-25 14:00:25.850,1,0.4440455370570666,651.5390557765056,0.0,,1245504.9917906995
2021-06-25 14:00:25.860,1,0.4697474958193747,657.6353142709568,0.0,,1258332.5576094578
2021-06-25 14:00:25.870,1,0.4529492423222818,654.9635176913481,0.0,,1252713.4928143946
2021-06-25 14:00:25.880,1,0.3533238303117344,654.5863591932871,0.0,,1251909.9407497344
2021-06-25 14:00:25.890,1,0.4283440892457119,658.0285678498193,0.0,,1259155.3768165063
2021-06-25 14:00:25.900,1,0.3926834686285574,657.959393699483,0.0,,1259011.1303963482
2021-06-25 14:00:25.910,1,0.3399916373156489,650.504857361641,0.0,,1243326.0722822114
2021-06-25 14:00:25.920,1,0.3490579020122587,659.3844293827977,0.0,,1262008.3716306146
2021-06-25 14:00:25.930,1,0.4230969096468989,652.3153179160123,0.0,,1247135.787561361
2021-06-25 14:00:25.940,1,0.3173541685201275,652.6173909892194,0.0,,1247769.042378994
2021-06-25 14:00:25.950,1,0.4323141594254694,651.6946807239115,0.0,,1245832.9260991053
2021-06-25 14:00:25.960,1,0.448472675768879,654.0000565586618,0.0,,1250682.7129731157
2021-06-25 14:00:25.970,1,0.3266273167524384,651.7855073155763,0.0,,1246017.568046823
2021-06-25 14:00:25.980,1,0.4414362028803841,654.422256528491,0.0,,1251564.2494552168
2021-06-25 14:00:25.990,1,0.4319351537285367,647.7555783748634,0.0,,1237551.5235318139
2021-06-25 14:00:26.000,1,0.4245872363321538,650.6714315135055,0.0,,1243677.9313311607
2021-06-25 14:00:26.010,1,0.3866753871703207,646.5144411297404,0.0,,1234942.0502262989
2021-06-25 14:00:26.020,1,0.3040140913142248,654.6291606894018,0.0,,1251998.3088076932
2021-06-25 14:00:26.030,1,0.3329754044373813,651.2921605603859,0.0,,1244980.2033453283
2021-06-25 14:00:26.040,1,0.2948666988108487,648.0636069128137,0.0,,1238189.7857274513
2021-06-25 14:00:26.050,1,0.4352332671881377,647.6129449730217,0.0,,1237251.8404142256
2021-06-25 14:00:26.060,1,0.3996402191856236,641.7679791548024,0.0,,1224973.503868504
2021-06-25 14:00:26.070,1,0.3112016744890757,641.0226147796104,0.0,,1223404.846158594
2021-06-25 14:00:26.080,1,0.4475461321958229,646.4877104715267,0.0,,1234886.2710409218
2021-06-25 14:00:26.090,1,0.3948942967948127,647.3117252366889,0.0,,1236621.4408278898
2021-06-25 14:00:26.100,1,0.4131789271097054,645.2992908899907,0.0,,1232390.145777174
2021-06-25 14:00:26.110,1,0.4032842902172813,647.1697839089626,0.0,,1236317.4340317808
2021-06-25 14:00:26.120,1,0.3324086609804013,643.2954146393624,0.0,,1228178.255793138
2021-06-25 14:00:26.130,1,0.3953796557811398,643.1686528816771,0.0,,1227915.3063049337
2021-06-25 14:00:26.140,1,0.4171644955765755,637.6326633869912,0.0,,1216290.97098391
2021-06-25 14:00:26.150,1,0.455806543048822,641.8237763044742,0.0,,1225094.8959306441
2021-06-25 14:00:26.160,1,0.399600640472303,636.8986545103244,0.0,,1214752.5710155275
2021-06-25 14:00:26.170,1,0.4737548298486125,637.3563271737136,0.0,,1215720.0898638181
2021-06-25 14:00:26.180,1,0.404470320749688,633.4882273353246,0.0,,1207599.3247659707
2021-06-25 14:00:26.190,1,0.3535032187779916,636.777457840626,0.0,,1214495.2721433344
2021-06-25 14:00:26.200,1,0.4135630743334845,643.3777813908333,0.0,,1228350.8892941948
2021-06-25 14:00:26.210,1,0.508407012532693,642.4100206193035,0.0,,1226325.559633127
2021-06-25 14:00:26.220,1,0.364874893856147,641.5433987450551,0.0,,1224497.2181704286
2021-06-25 14:00:26.230,1,0.4490020961423582,635.0376395374608,0.0,,1210853.5009473728
2021-06-25 14:00:26.240,1,0.3593877514655364,637.4326888290559,0.0,,1215874.0633327195
2021-06-25 14:00:26.250,1,0.5292878224765353,636.9947648372255,0.0,,1214961.1951702866
2021-06-25 14:00:26.260,1,0.4714540788990231,638.110505674981,0.0,,1217301.643551356
2021-06-25 14:00:26.270,1,0.4046300708518059,633.6340371095495,0.0,,1207904.9497114625
2021-06-25 14:00:26.280,1,0.408912389835635,641.0511249886133,0.0,,1223465.5714916184
2021-06-25 14:00:26.290,1,0.4970727315815922,634.4834750746958,0.0,,1209694.2684246905
2021-06-25 14:00:26.300,1,0.4200865003636311,639.7001489718174,0.0,,1220633.6925510776
2021-06-25 14:00:26.310,1,0.5006981163807164,637.3903897270133,0.0,,1215790.3425028692
2021-06-25 14:00:26.320,1,0.515046711771402,638.4981923106205,0.0,,1218115.017457558
2021-06-25 14:00:26.330,1,0.437384076038118,638.0463135605341,0.0,,1217162.8090101122
2021-06-25 14:00:26.340,1,0.4274740885831362,639.2512476850869,0.0,,1219691.384403691
2021-06-25 14:00:26.350,1,0.4924072302865311,641.9205593520821,0.0,,1225297.7520624606
2021-06-25 14:00:26.360,1,0.5458753855436682,633.6827044740293,0.0,,1208015.1758842967
2021-06-25 14:00:26.370,1,0.5622917207588131,643.1219602342559,0.0,,1227825.3020661585
2021-06-25 14:00:26.380,1,0.5837935250647686,641.9689563487335,0.0,,1225400.763822324
2021-06-25 14:00:26.390,1,0.4834718959385949,640.5776237794332,0.0,,1222477.0316735338
2021-06-25 14:00:26.400,1,0.529528413566349,646.4311046192597,0.0,,1234769.8734086363
2021-06-25 14:00:26.410,1,0.4512137522954647,640.7332438554727,0.0,,1222802.9153658627
2021-06-25 14:00:26.420,1,0.4951283500312762,637.2568372676583,0.0,,1215513.0692693486
2021-06-25 14:00:26.430,1,0.437455334354177,637.0869369550547,0.0,,1215149.0744392618
2021-06-25 14:00:26.440,1,0.4270077175311241,643.2234745059941,0.0,,1228029.4528062283
2021-06-25 14:00:26.450,1,0.5179932337062825,647.8516213980688,0.0,,1237760.084750359
2021-06-25 14:00:26.460,1,0.5112520354230278,645.1389352389763,0.0,,1232058.1068277422
2021-06-25 14:00:26.470,1,0.5873249607535771,643.8304740463115,0.0,,1229314.3858409137
2021-06-25 14:00:26.480,1,0.4615327781866088,637.9514152470332,0.0,,1216965.5492031334
2021-06-25 14:00:26.490,1,0.6029448886727997,647.0370172498208,0.0,,1236050.850640567
2021-06-25 14:00:26.500,1,0.5890820223040029,640.7364062560915,0.0,,1222818.1619934498
2021-06-25 14:00:26.510,1,0.5134390043581207,651.5984214024547,0.0,,1245636.6330016155
2021-06-25 14:00:26.520,1,0.50830329162645,647.7184912114707,0.0,,1237473.7342956031
2021-06-25 14:00:26.530,1,0.5570700393420753,646.2705086336055,0.0,,1234438.4170838066
2021-06-25 14:00:26.540,1,0.4574557940146728,647.4656060750864,0.0,,1236944.151419664
2021-06-25 14:00:26.550,1,0.5234913412373312,646.1348355058858,0.0,,1234151.8939926703
2021-06-25 14:00:26.560,1,0.5072680908902445,645.0097686991028,0.0,,1231787.4796820865
2021-06-25 14:00:26.570,1,0.591672341817803,643.2539105619919,0.0,,1228105.096489984
2021-06-25 14:00:26.580,1,0.4341542350886294,644.845912448117,0.0,,1231440.5286878585
2021-06-25 14:00:26.590,1,0.5431751988049911,643.3985854175047,0.0,,1228398.9956849015
2021-06-25 14:00:26.600,1,0.5475557660612721,643.2312244176741,0.0,,1228053.034864395
2021-06-25 14:00:26.610,1,0.4663938039934098,643.326393808832,0.0,,1228249.5497332963
2021-06-25 14:00:26.620,1,0.4350496299259791,649.2022075727567,0.0,,1240594.8652247435
2021-06-25 14:00:26.630,1,0.5721237235079608,640.4113675481827,0.0,,1222132.2559006277
2021-06-25 14:00:26.640,1,0.4387320681958596,645.3853806506929,0.0,,1232569.2255821715
2021-06-25 14:00:26.650,1,0.5162772089915728,640.4980381692479,0.0,,1222314.1785833382
2021-06-25 14:00:26.660,1,0.41056783581516,649.375790661904,0.0,,1240958.1470881037
2021-06-25 14:00:26.670,1,0.4636167488668196,646.8291010257732,0.0,,1235608.1171647627
2021-06-25 14:00:26.680,1,0.5114265166262534,646.3602015991924,0.0,,1234621.5214813217
2021-06-25 14:00:26.690,1,0.5323919018897706,640.8731195929985,0.0,,1223100.6978334875
2021-06-25 14:00:26.700,1,0.5708315929331111,641.5553887579907,0.0,,1224537.1186505533
2021-06-25 14:00:26.710,1,0.5713720958452837,643.4824390505983,0.0,,1228578.2171958645
2021-06-25 14:00:26.720,1,0.4214549760930878,634.6296623333179,0.0,,1209994.0484116506
2021-06-25 14:00:26.730,1,0.3813264788988528,633.4990708449183,0.0,,1207622.6487375968
2021-06-25 14:00:26.740,1,0.4033008552488371,645.3272091043577,0.0,,1232446.7763338692
2021-06-25 14:00:26.750,1,0.4384448707472126,643.2939207789065,0.0,,1228181.803557531
2021-06-25 14:00:26.760,1,0.5225948703304275,638.1349070439394,0.0,,1217357.1851975909
2021-06-25 14:00:26.770,1,0.441833539993845,631.7607973006684,0.0,,1203977.802857719
2021-06-25 14:00:26.780,1,0.5497211330053904,638.5680856300855,0.0,,1218265.3128566754
2021-06-25 14:00:26.790,1,0.5447359812016797,634.3479685477344,0.0,,1209411.3052801446
2021-06-25 14:00:26.800,1,0.4853459840319368,636.1297304541332,0.0,,1213143.3246305552
2021-06-25 14:00:26.810,1,0.4060414343575094,638.8593781297349,0.0,,1218869.7451536427
2021-06-25 14:00:26.820,1,0.5121760529585165,634.7547893572582,0.0,,1210258.8283669997
2021-06-25 14:00:26.830,1,0.4983308469945299,643.6653730083616,0.0,,1228962.6266794456
2021-06-25 14:00:26.840,1,0.5269047792136464,639.4606490313671,0.0,,1220132.4457729526
2021-06-25 14:00:26.850,1,0.5862796339333349,636.818839707088,0.0,,1214593.2287421634
2021-06-25 14:00:26.860,1,0.4486188249609039,636.8742312810905,0.0,,1214704.500544657
2021-06-25 14:00:26.870,1,0.5652126965645508,638.1727588797979,0.0,,1217436.6873051561
2021-06-25 14:00:26.880,1,0.4415354331791344,641.7873872036331,0.0,,1225015.652580048
2021-06-25 14:00:26.890,1,0.5796433455353514,634.2287140768011,0.0,,1209163.2302801108
2021-06-25 14:00:26.900,1,0.6012558411762543,634.4342666516774,0.0,,1209594.2798080095
2021-06-25 14:00:26.910,1,0.5453746876298039,640.9478164939658,0.0,,1223257.019901904
2021-06-25 14:00:26.920,1,0.5680096346460858,638.323161677936,0.0,,1217749.6425695752
2021-06-25 14:00:26.930,1,0.5056051225587086,636.951762001886,0.0,,1214870.3012322441
2021-06-25 14:00:26.940,1,0.5013098896888722,635.058199896157,0.0,,1210898.0757315783
2021-06-25 14:00:26.950,1,0.6277896834643593,639.3083782872617,0.0,,1219819.2131749135
2021-06-25 14:00:26.960,1,0.6327453483600383,644.0929167715473,0.0,,1229867.259478676
2021-06-25 14:00:26.970,1,0.4875946706930927,638.943723100254,0.0,,1219047.976482098
2021-06-25 14:00:26.980,1,0.5320651384020378,650.8684470398813,0.0,,1244099.0247573475
2021-06-25 14:00:26.990,1,0.6057623161735513,642.3903649794531,0.0,,1226284.8226112279
2021-06-25 14:00:27.000,1,0.4615734239662174,643.7314402309088,0.0,,1229100.6761452425
2021-06-25 14:00:27.010,1,0.5387215869661128,646.4068519525814,0.0,,1234722.8009743697
2021-06-25 14:00:27.020,1,0.4533599467259208,648.3816429625405,0.0,,1238868.8379413495
2021-06-25 14:00:27.030,1,0.5226008723317144,642.8890794836564,0.0,,1227331.457645106
2021-06-25 14:00:27.040,1,0.5676132755999669,646.3976763529115,0.0,,1234705.1563826227
2021-06-25 14:00:27.050,1,0.4836025846290132,648.5449779335809,0.0,,1239211.3123302695
2021-06-25 14:00:27.060,1,0.6302269308396657,651.0389308758772,0.0,,1244463.9449674436
2021-06-25 14:00:27.070,1,0.520655770350109,647.5795571279872,0.0,,1237187.8012722149
2021-06-25 14:00:27.080,1,0.5932286422196235,646.0548394926926,0.0,,1233983.5855492484
2021-06-25 14:00:27.090,1,0.5126131013896538,651.8923227214505,0.0,,1246251.3736666192
2021-06-25 14:00:27.100,1,0.6333021852493512,649.7545403515908,0.0,,1241764.3967857617
2021-06-25 14:00:27.110,1,0.6810891443116451,648.3115433867753,0.0,,1238732.4787084246
2021-06-25 14:00:27.120,1,0.6176961514772755,651.0732593573183,0.0,,1244533.110391556
2021-06-25 14:00:27.130,1,0.6123393919151329,647.4704668821081,0.0,,1236963.4135701172
2021-06-25 14:00:27.140,1,0.5369162819719476,653.0175660509516,0.0,,1248621.961484478
2021-06-25 14:00:27.150,1,0.6484592599693285,659.1662959687195,0.0,,1261565.4427469207
2021-06-25 14:00:27.160,1,0.7091578486470471,650.3600436153614,0.0,,1243043.0369202045
2021-06-25 14:00:27.170,1,0.5450198111577695,657.162265401557,0.0,,1257336.7474577057
2021-06-25 14:00:27.180,1,0.6911139987313281,660.7741847046034,0.0,,1264949.9168451664
2021-06-25 14:00:27.190,1,0.5826995789717933,658.0298005800722,0.0,,1259167.7231068502
2021-06-25 14:00:27.200,1,0.5666185558398945,659.4984341711997,0.0,,1262255.5551018596
2021-06-25 14:00:27.210,1,0.4891245840822142,653.9824078497221,0.0,,1250646.2075700916
2021-06-25 14:00:27.220,1,0.6400951293730202,661.2940787987374,0.0,,1266047.7256527662
2021-06-25 14:00:27.230,1,0.5196709333163794,661.4243202383357,0.0,,1266313.2715070378
2021-06-25 14:00:27.240,1,0.4996169471355757,658.6099344000728,0.0,,1260386.642485097
2021-06-25 14:00:27.250,1,0.5103120141674095,651.8394191438853,0.0,,1246141.9248926712
2021-06-25 14:00:27.260,1,0.6765231201049181,663.6315335532272,0.0,,1270967.5363062695
2021-06-25 14:00:27.270,1,0.6408884475856758,655.9362858441896,0.0,,1254766.4120163957
2021-06-25 14:00:27.280,1,0.6289270216840496,652.8687365083726,0.0,,1248308.0973265208
2021-06-25 14:00:27.290,1,0.4698536678472601,659.3958624981424,0.0,,1262036.7214409567
2021-06-25 14:00:27.300,1,0.6218291162551898,658.2180847887433,0.0,,1259568.4031245664
2021-06-25 14:00:27.310,1,0.6545841307801238,656.4816217321394,0.0,,1255916.3721457657
2021-06-25 14:00:27.320,1,0.4616351528903348,658.8666672920167,0.0,,1260925.134606076
2021-06-25 14:00:27.330,1,0.6563457089958419,655.7723684605813,0.0,,1254418.8310766425
2021-06-25 14:00:27.340,1,0.6441570550923119,661.8602939604872,0.0,,1267237.810993466
2021-06-25 14:00:27.350,1,0.5767024431183323,653.8739793814616,0.0,,1250424.2371069153
2021-06-25 14:00:27.360,1,0.4666133608420141,658.3529361996673,0.0,,1259842.7000987043
2021-06-25 14:00:27.370,1,0.6000050727862141,651.0228809205494,0.0,,1244430.921427549
2021-06-25 14:00:27.380,1,0.5603754407893089,648.3550113377586,0.0,,1238820.3041040269
2021-06-25 14:00:27.390,1,0.4907590266765195,653.2906162182479,0.0,,1249189.9720912972
2021-06-25 14:00:27.400,1,0.4758184156632702,652.1905687494312,0.0,,1246876.5961479873
2021-06-25 14:00:27.410,1,0.4331797844911473,650.0844834118608,0.0,,1242448.3420065332
2021-06-25 14:00:27.420,1,0.4273210766532664,650.360752128227,0.0,,1243030.921742311
2021-06-25 14:00:27.430,1,0.4643499142954584,651.8301572386214,0.0,,1246121.8194255466
2021-06-25 14:00:27.440,1,0.4722612258244446,649.7794223726298,0.0,,1241808.8134462421
2021-06-25 14:00:27.450,1,0.4370886283485269,650.700470645245,0.0,,1243742.312005148
2021-06-25 14:00:27.460,1,0.4392112014056886,648.7456648580885,0.0,,1239631.1920042464
2021-06-25 14:00:27.470,1,0.4175476342519005,646.4126873685124,0.0,,1234729.9493508928
2021-06-25 14:00:27.480,1,0.4185750935781922,648.2109058733771,0.0,,1238509.284564927
2021-06-25 14:00:27.490,1,0.5261725417647223,643.3938910415387,0.0,,1228392.3049424787
2021-06-25 14:00:27.500,1,0.476814196510417,654.0404430484028,0.0,,1250767.3139203733
2021-06-25 14:00:27.510,1,0.3980964273016322,652.6695562916581,0.0,,1247879.020884147
2021-06-25 14:00:27.520,1,0.515176815784156,648.4552071477679,0.0,,1239024.7080345338
2021-06-25 14:00:27.530,1,0.4066674241934318,650.3849311655939,0.0,,1243076.6438571597
2021-06-25 14:00:27.540,1,0.5505059963458018,647.4898023558437,0.0,,1236999.7028138142
2021-06-25 14:00:27.550,1,0.5165378433392773,646.3186003168895,0.0,,1234538.4754479916
2021-06-25 14:00:27.560,1,0.4976700915117692,643.0198678610902,0.0,,1227607.2296141472
2021-06-25 14:00:27.570,1,0.5396792391311753,646.673510510401,0.0,,1235284.1886024256
2021-06-25 14:00:27.580,1,0.5383177936545708,645.1940319001402,0.0,,1232176.3254047043
2021-06-25 14:00:27.590,1,0.4645406960392039,644.5794920278703,0.0,,1230881.1892132263
2021-06-25 14:00:27.600,1,0.4392085027602491,650.1151195875842,0.0,,1242512.4427957633
2021-06-25 14:00:27.610,1,0.5407261301120303,643.8009970080757,0.0,,1229248.6112582146
2021-06-25 14:00:27.620,1,0.4814944580136063,641.1420304645627,0.0,,1223662.2805332025
2021-06-25 14:00:27.630,1,0.4507255648037837,649.2060886577852,0.0,,1240601.3527749304
2021-06-25 14:00:27.640,1,0.5815049154487375,652.267488697437,0.0,,1247044.0684097074
2021-06-25 14:00:27.650,1,0.5490042063643064,642.3588903720688,0.0,,1226219.61528496
2021-06-25 14:00:27.660,1,0.5083144084507721,647.1454157798088,0.0,,1236274.696796092
2021-06-25 14:00:27.670,1,0.4379367077655547,651.5605174195603,0.0,,1245546.9215198897
2021-06-25 14:00:27.680,1,0.4904930072431632,652.8592895796946,0.0,,1248282.3646751104
2021-06-25 14:00:27.690,1,0.5201133147641402,655.0613501511277,0.0,,1252913.8928059984
2021-06-25 14:00:27.700,1,0.4971978829905046,641.8014886040784,0.0,,1225050.7377516222
2021-06-25 14:00:27.710,1,0.503824275632332,648.4025070862007,0.0,,1238915.2197239932
2021-06-25 14:00:27.720,1,0.4447194206027191,648.539907710281,0.0,,1239200.204377051
2021-06-25 14:00:27.730,1,0.5320240729248549,653.5454589759515,0.0,,1249730.5934433197
2021-06-25 14:00:27.740,1,0.6093687345798611,653.9804306591683,0.0,,1250645.0155708014
2021-06-25 14:00:27.750,1,0.5710880594540341,645.8765208286208,0.0,,1233609.1059831802
2021-06-25 14:00:27.760,1,0.580971643790826,648.6518006393856,0.0,,1239442.641460094
2021-06-25 14:00:27.770,1,0.6616165993555797,650.477686175277,0.0,,1243281.7215171177
2021-06-25 14:00:27.780,1,0.6517269629746647,651.2249841220829,0.0,,1244855.818909523
2021-06-25 14:00:27.790,1,0.5627748973896667,646.7830887522832,0.0,,1235517.1566193383
2021-06-25 14:00:27.800,1,0.5333993570183247,653.7274746028933,0.0,,1250111.8272731483
2021-06-25 14:00:27.810,1,0.6166355398580574,646.1201644981779,0.0,,1234122.4238961067
2021-06-25 14:00:27.820,1,0.5537503794445239,655.5055585751549,0.0,,1253856.3601357287
2021-06-25 14:00:27.830,1,0.5570521689713352,658.1645377627581,0.0,,1259449.2830287865
2021-06-25 14:00:27.840,1,0.673364729947918,651.4027262477127,0.0,,1245229.4155135835
2021-06-25 14:00:27.850,1,0.6239064346747458,654.9164329913492,0.0,,1252620.6049155695
2021-06-25 14:00:27.860,1,0.6180327200556907,646.9849299087972,0.0,,1235941.6849306803
2021-06-25 14:00:27.870,1,0.6452356301762022,650.5879473211145,0.0,,1243516.267341963
2021-06-25 14:00:27.880,1,0.5618194376437932,653.7303707793255,0.0,,1250124.048134165
2021-06-25 14:00:27.890,1,0.5076898167268531,646.4408716208858,0.0,,1234795.2347799477
2021-06-25 14:00:27.900,1,0.6594701782740086,653.8809395844871,0.0,,1250440.230884188
2021-06-25 14:00:27.910,1,0.6123866997706868,649.7090157691232,0.0,,1241667.9797349274
2021-06-25 14:00:27.920,1,0.5439915770112254,657.6581862930033,0.0,,1258382.7425216127
2021-06-25 14:00:27.930,1,0.472106744345423,645.685875520599,0.0,,1233209.1484505394
2021-06-25 14:00:27.940,1,0.4947679434496082,653.8534669889946,0.0,,1250375.2616952949
2021-06-25 14:00:27.950,1,0.6677831603265769,649.1663864903256,0.0,,1240527.8850484313
2021-06-25 14:00:27.960,1,0.6079690217208744,650.4154106418781,0.0,,1243148.6259778533
2021-06-25 14:00:27.970,1,0.4740008743666692,646.3967962005113,0.0,,1234701.4485160217
2021-06-25 14:00:27.980,1,0.5901257002063934,649.8625984577203,0.0,,1241989.4505657614
2021-06-25 14:00:27.990,1,0.5876967832143308,650.2190882688487,0.0,,1242735.9339131024
2021-06-25 14:00:28.000,1,0.4570521878295649,645.6234567569586,0.0,,1233074.075043514
2021-06-25 14:00:28.010,1,0.6086859516772879,644.0613772910098,0.0,,1229800.7353200747
2021-06-25 14:00:28.020,1,0.5820121919089383,639.7286050649874,0.0,,1220699.1580580461
2021-06-25 14:00:28.030,1,0.5045477264895276,645.8729820476848,0.0,,1233599.1978704764
2021-06-25 14:00:28.040,1,0.5457907633375392,642.9082619535566,0.0,,1227374.1567854334
2021-06-25 14:00:28.050,1,0.5955202651002154,639.8280052293934,0.0,,1220911.9780139283
2021-06-25 14:00:28.060,1,0.4496774126752381,641.7873119632717,0.0,,1225015.6965947058
2021-06-25 14:00:28.070,1,0.4797771144327898,639.7444009684622,0.0,,1220732.4335797762
2021-06-25 14:00:28.080,1,0.5285495083212439,638.2283934099239,0.0,,1217546.8301644735
2021-06-25 14:00:28.090,1,0.5331554049074548,647.4805240957385,0.0,,1236978.242308398
2021-06-25 14:00:28.100,1,0.4183200947617597,641.354292531895,0.0,,1224104.9078696864
2021-06-25 14:00:28.110,1,0.3965219797896577,635.5063752403687,0.0,,1211834.4422506941
2021-06-25 14:00:28.120,1,0.3948612781860777,634.3971747064659,0.0,,1209505.2093826707
2021-06-25 14:00:28.130,1,0.5246674624048308,635.6436866692725,0.0,,1212125.6648376777
2021-06-25 14:00:28.140,1,0.3737335751288272,632.5587822099197,0.0,,1205651.432914853
2021-06-25 14:00:28.150,1,0.4734366130815583,640.7892634951637,0.0,,1222924.5678848021
2021-06-25 14:00:28.160,1,0.3904945798190363,629.1678869538505,0.0,,1198543.1352789316
2021-06-25 14:00:28.170,1,0.4878946188507216,627.7671856669582,0.0,,1195611.2297302876
2021-06-25 14:00:28.180,1,0.5080729080769164,631.7804380788648,0.0,,1204023.4440086288
2021-06-25 14:00:28.190,1,0.4506183580068972,637.9971634511513,0.0,,1217058.5772057334
2021-06-25 14:00:28.200,1,0.3930210780915038,630.7942564816645,0.0,,1201953.8441073447
2021-06-25 14:00:28.210,1,0.4250488387157435,631.8841883875675,0.0,,1204237.971560349
2021-06-25 14:00:28.220,1,0.4674734562704823,639.8307955529359,0.0,,1220909.6961717536
2021-06-25 14:00:28.230,1,0.4378678664467979,632.3918356724242,0.0,,1205301.9813833996
2021-06-25 14:00:28.240,1,0.4768789490400236,636.4161239012226,0.0,,1213742.787215268
2021-06-25 14:00:28.250,1,0.4606877080388011,638.4472963601257,0.0,,1218005.3414983081
2021-06-25 14:00:28.260,1,0.4125094952503556,628.0148218569931,0.0,,1196129.620998149
2021-06-25 14:00:28.270,1,0.4905943813407333,633.2063237609427,0.0,,1207013.3920929835
2021-06-25 14:00:28.280,1,0.4660898026763923,633.0963990292988,0.0,,1206782.1803785425
2021-06-25 14:00:28.290,1,0.4839336825921989,631.1907009026893,0.0,,1202785.8528940785
2021-06-25 14:00:28.300,1,0.4579128498388066,639.6959488797513,0.0,,1220628.2681204106
2021-06-25 14:00:28.310,1,0.5005401257655884,634.6504655035677,0.0,,1210040.2213665314
2021-06-25 14:00:28.320,1,0.4448011692353182,643.404892951296,0.0,,1228411.883201597
2021-06-25 14:00:28.330,1,0.4066811412707727,635.1402582974246,0.0,,1211064.532067613
2021-06-25 14:00:28.340,1,0.4933884529478649,640.075278217516,0.0,,1221428.6114516256
2021-06-25 14:00:28.350,1,0.5283909222443777,638.9322557239462,0.0,,1219026.6441104922
2021-06-25 14:00:28.360,1,0.3958331823571012,640.8718691638354,0.0,,1223093.9324799667
2021-06-25 14:00:28.370,1,0.4998922857095567,640.6022688909829,0.0,,1222530.216681205
2021-06-25 14:00:28.380,1,0.4882492791291491,634.7856292668669,0.0,,1210324.6227464941
2021-06-25 14:00:28.390,1,0.4884208583265286,637.8195035482865,0.0,,1216691.1985911336
2021-06-25 14:00:28.400,1,0.4808029141813158,642.1668278744997,0.0,,1225819.1105435814
2021-06-25 14:00:28.410,1,0.5174452269373375,639.0723300754374,0.0,,1219319.7675904664
2021-06-25 14:00:28.420,1,0.3933965214661943,640.4351879873973,0.0,,1222175.3394818164
2021-06-25 14:00:28.430,1,0.5197134535963789,639.7221714595793,0.0,,1220685.14035455
2021-06-25 14:00:28.440,1,0.490601135976685,637.4398695259619,0.0,,1215889.673484728
2021-06-25 14:00:28.450,1,0.5319004618431729,641.0357306353894,0.0,,1223442.792422038
2021-06-25 14:00:28.460,1,0.5464471139961423,640.6882351280071,0.0,,1222715.0019038601
2021-06-25 14:00:28.470,1,0.4964265925684639,641.6914872904304,0.0,,1224816.7381163605
2021-06-25 14:00:28.480,1,0.557018346746931,648.1144747564082,0.0,,1238316.7355460029
2021-06-25 14:00:28.490,1,0.4871753485948968,646.0042195648139,0.0,,1233874.1371416214
2021-06-25 14:00:28.500,1,0.5497268515635709,638.904804334409,0.0,,1218969.5110462978
2021-06-25 14:00:28.510,1,0.5247162413973903,651.1912321004597,0.0,,1244780.9153615078
2021-06-25 14:00:28.520,1,0.5464589848254482,647.2701297396394,0.0,,1236536.2847523843
2021-06-25 14:00:28.530,1,0.4990760278066328,645.3471504851367,0.0,,1232499.2589007518
2021-06-25 14:00:28.540,1,0.4678105681165861,642.9594761777788,0.0,,1227478.231001314
2021-06-25 14:00:28.550,1,0.4802515509340885,648.1301342365274,0.0,,1238344.2348995118
2021-06-25 14:00:28.560,1,0.4328083796834954,643.5880257791238,0.0,,1228792.2616106784
2021-06-25 14:00:28.570,1,0.4246164414978998,643.8030872462074,0.0,,1229249.8903180168
2021-06-25 14:00:28.580,1,0.4051975519454295,649.1007133567367,0.0,,1240380.104909956
2021-06-25 14:00:28.590,1,0.5296517590607953,642.9338023040343,0.0,,1227428.489632248
2021-06-25 14:00:28.600,1,0.592155429263309,650.1696824187522,0.0,,1242633.7620028835
2021-06-25 14:00:28.610,1,0.4712186579031267,639.3066131530285,0.0,,1219813.8379642263
2021-06-25 14:00:28.620,1,0.4680617275530269,648.8032614607936,0.0,,1239758.7257926913
2021-06-25 14:00:28.630,1,0.4243068323672459,643.5547549269361,0.0,,1228725.4033751627
2021-06-25 14:00:28.640,1,0.5738962681997393,647.4918369678925,0.0,,1237004.1312069148
2021-06-25 14:00:28.650,1,0.4683549517712067,642.5146780530313,0.0,,1226546.399254561
2021-06-25 14:00:28.660,1,0.5087171723174932,646.677033227017,0.0,,1235290.3116555845
2021-06-25 14:00:28.670,1,0.5381259287657472,642.0431218306835,0.0,,1225559.2131180873
2021-06-25 14:00:28.680,1,0.4562013053479014,644.2834835515681,0.0,,1230258.9369277451
2021-06-25 14:00:28.690,1,0.5452880521453662,645.3733862344097,0.0,,1232554.1214048343
2021-06-25 14:00:28.700,1,0.3886664174314432,640.1299342932973,0.0,,1221533.1656661117
2021-06-25 14:00:28.710,1,0.4369827189691048,636.2940853747824,0.0,,1213488.710819001
2021-06-25 14:00:28.720,1,0.5340871227084539,646.5341810167624,0.0,,1234992.4720831471
2021-06-25 14:00:28.730,1,0.4498736198763015,641.6756802744136,0.0,,1224782.9307453623
2021-06-25 14:00:28.740,1,0.5212038629181021,649.2367256865821,0.0,,1240670.4279926065
2021-06-25 14:00:28.750,1,0.4095678055683036,641.068427078265,0.0,,1223504.3237401478
2021-06-25 14:00:28.760,1,0.3937735065534679,636.7444047034946,0.0,,1214434.3888425045
2021-06-25 14:00:28.770,1,0.5144659617854753,642.4291667420141,0.0,,1226364.3516534222
2021-06-25 14:00:28.780,1,0.3561893248066174,640.420076381273,0.0,,1222141.332111847
2021-06-25 14:00:28.790,1,0.4770333848065887,641.3636530165654,0.0,,1224127.832184091
2021-06-25 14:00:28.800,1,0.3692403201297474,644.2369535813502,0.0,,1230156.204023627
2021-06-25 14:00:28.810,1,0.4312806299839293,635.3913850950476,0.0,,1211592.291904651
2021-06-25 14:00:28.820,1,0.4047791010690446,640.6673520402447,0.0,,1222662.7998477486
2021-06-25 14:00:28.830,1,0.3973169562432059,637.3604391417998,0.0,,1215722.1976198254
2021-06-25 14:00:28.840,1,0.3932102956096955,643.5482158238659,0.0,,1228709.4767063295
2021-06-25 14:00:28.850,1,0.3246428702175546,635.8190523778485,0.0,,1212484.0214531615
2021-06-25 14:00:28.860,1,0.4779865205718308,637.0358402032982,0.0,,1215045.85714959
2021-06-25 14:00:28.870,1,0.380187496558954,637.7614747482538,0.0,,1216565.4671616033
2021-06-25 14:00:28.880,1,0.3183922146290188,639.8498323336453,0.0,,1220941.6449462485
2021-06-25 14:00:28.890,1,0.3660154919583747,647.3897976675399,0.0,,1236783.3273384483
2021-06-25 14:00:28.900,1,0.426550788622857,642.6859836993364,0.0,,1226902.831763655
2021-06-25 14:00:28.910,1,0.4348665942492464,635.6919413259657,0.0,,1212224.0570305004
2021-06-25 14:00:28.920,1,0.4004447741192293,641.193650955785,0.0,,1223768.4342956503
2021-06-25 14:00:28.930,1,0.3310134446542179,643.2755861631608,0.0,,1228135.6232473871
2021-06-25 14:00:28.940,1,0.4102149326253592,646.0737222974428,0.0,,1234015.9840846073
2021-06-25 14:00:28.950,1,0.2948311271357094,645.3482309016005,0.0,,1232487.7000162925
2021-06-25 14:00:28.960,1,0.2996762292692719,645.9960180555032,0.0,,1233846.9897172842
2021-06-25 14:00:28.970,1,0.3263780269247863,644.2301115491457,0.0,,1230136.3330443047
2021-06-25 14:00:28.980,1,0.4038570168741265,646.9166010534036,0.0,,1235787.919748796
2021-06-25 14:00:28.990,1,0.3207293149396744,652.3203384180529,0.0,,1247143.862589059
2021-06-25 14:00:29.000,1,0.4166278848563183,648.7781848447707,0.0,,1239703.755711893
2021-06-25 14:00:29.010,1,0.4229424672177176,652.1990975935619,0.0,,1246893.1704183563
2021-06-25 14:00:29.020,1,0.3034888435998706,652.7511618992238,0.0,,1248053.5721175529
2021-06-25 14:00:29.030,1,0.4449395116983564,651.1505729079105,0.0,,1244690.186018743
2021-06-25 14:00:29.040,1,0.3523634129843417,643.065329483646,0.0,,1227695.1981189942
2021-06-25 14:00:29.050,1,0.4211330447424798,653.2536281989552,0.0,,1249111.245344712
2021-06-25 14:00:29.060,1,0.3979261597232933,650.4792969425151,0.0,,1243278.3642198963
2021-06-25 14:00:29.070,1,0.3411287651971109,659.2087175308084,0.0,,1261638.0904929384
2021-06-25 14:00:29.080,1,0.4397321617360076,659.6494541589309,0.0,,1262565.7130995444
2021-06-25 14:00:29.090,1,0.4577024660185272,656.5834241840607,0.0,,1256115.7683835365
2021-06-25 14:00:29.100,1,0.4527454948966513,655.6649778581362,0.0,,1254186.1837176958
2021-06-25 14:00:29.110,1,0.3947544327075145,656.254990022697,0.0,,1255423.7980202525
2021-06-25 14:00:29.120,1,0.4535878389847758,659.3664203489874,0.0,,1261972.4624957237
2021-06-25 14:00:29.130,1,0.4649078305862841,650.4134617474676,0.0,,1243137.8299192844
2021-06-25 14:00:29.140,1,0.3418258434173848,660.1734973083958,0.0,,1263665.6259526212
2021-06-25 14:00:29.150,1,0.4636084872713044,656.5608657208207,0.0,,1256072.8216599273
2021-06-25 14:00:29.160,1,0.4819442174079401,656.1781866586634,0.0,,1255265.8252264364
2021-06-25 14:00:29.170,1,0.4932713852355823,652.378891018893,0.0,,1247272.2731564902
2021-06-25 14:00:29.180,1,0.4992505135550542,656.6572621115503,0.0,,1256273.1292975205
2021-06-25 14:00:29.190,1,0.4052011032640715,653.7041260927863,0.0,,1250057.353179647
2021-06-25 14:00:29.200,1,0.4034089466193131,650.5172431299684,0.0,,1243360.7581221005
2021-06-25 14:00:29.210,1,0.4686366987291185,656.3443442415049,0.0,,1255612.6545502986
2021-06-25 14:00:29.220,1,0.3860212054036314,659.8032375705251,0.0,,1262894.0445587896
2021-06-25 14:00:29.230,1,0.529527113013269,649.6826849742283,0.0,,1241609.2648442616
2021-06-25 14:00:29.240,1,0.472617617177752,656.2819227769437,0.0,,1255484.6178017948
2021-06-25 14:00:29.250,1,0.5258547778532221,663.7658023777917,0.0,,1271242.9183173685
2021-06-25 14:00:29.260,1,0.3776159025351896,659.2656650352816,0.0,,1261755.2956290336
2021-06-25 14:00:29.270,1,0.4741874651039344,655.2251970945679,0.0,,1253258.2941159548
2021-06-25 14:00:29.280,1,0.5196369940089914,661.0321833808547,0.0,,1265486.0756465904
2021-06-25 14:00:29.290,1,0.4222322989722324,656.3151693563746,0.0,,1255552.6935357072
2021-06-25 14:00:29.300,1,0.465583467545853,650.0774513763698,0.0,,1242435.0262919534
2021-06-25 14:00:29.310,1,0.4077016070513645,652.1177971034982,0.0,,1246721.8996407934
2021-06-25 14:00:29.320,1,0.4158397273307651,652.0315984784822,0.0,,1246538.0690824185
2021-06-25 14:00:29.330,1,0.4259155706724772,656.8761696699206,0.0,,1256732.9759596966
2021-06-25 14:00:29.340,1,0.3833965519098749,653.1358849632278,0.0,,1248860.6607969268
2021-06-25 14:00:29.350,1,0.5194589693410522,652.6686428385051,0.0,,1247885.3623017773
2021-06-25 14:00:29.360,1,0.3999983308362067,648.0616672762492,0.0,,1238193.701440223
2021-06-25 14:00:29.370,1,0.4855416181888597,654.5182623453172,0.0,,1251774.9548481884
2021-06-25 14:00:29.380,1,0.3777008180963848,649.5148972981152,0.0,,1241245.8272086156
2021-06-25 14:00:29.390,1,0.4288989372123364,644.2255626997116,0.0,,1230135.403670312
2021-06-25 14:00:29.400,1,0.4499562138314069,648.3898706655754,0.0,,1238884.556429972
2021-06-25 14:00:29.410,1,0.3725304089812548,651.2846413166204,0.0,,1244965.9766077918
2021-06-25 14:00:29.420,1,0.4933600115666398,645.4891090111554,0.0,,1232790.9555230695
2021-06-25 14:00:29.430,1,0.4015689328082419,649.4246801611413,0.0,,1241060.8675763796
2021-06-25 14:00:29.440,1,0.4173398340020212,637.7730867274199,0.0,,1216584.6155822524
2021-06-25 14:00:29.450,1,0.4369826850997168,641.4741254317493,0.0,,1224359.7741715792
2021-06-25 14:00:29.460,1,0.435095994510988,643.6709706268061,0.0,,1228969.57680641
2021-06-25 14:00:29.470,1,0.4566901481978864,643.9542421060072,0.0,,1229565.9861235796
2021-06-25 14:00:29.480,1,0.4089292575959541,644.2600129903087,0.0,,1230204.4812552875
2021-06-25 14:00:29.490,1,0.4491774300674997,641.1291820510104,0.0,,1223632.039958234
2021-06-25 14:00:29.500,1,0.4041372368917756,640.965362115105,0.0,,1223287.7604571644
2021-06-25 14:00:29.510,1,0.4844359620832091,636.2352383907213,0.0,,1213366.4932395378
2021-06-25 14:00:29.520,1,0.4205915604292162,636.3389849889754,0.0,,1213580.9426850232
2021-06-25 14:00:29.530,1,0.4867268914166868,634.5066561025646,0.0,,1209742.8447113263
2021-06-25 14:00:29.540,1,0.4309220998194705,644.6466685057595,0.0,,1231019.459591958
2021-06-25 14:00:29.550,1,0.3408503756606059,636.2377911794081,0.0,,1213360.7944924473
2021-06-25 14:00:29.560,1,0.3699903691428058,644.6084594075004,0.0,,1230936.8905886735
2021-06-25 14:00:29.570,1,0.3341796757742425,638.9762362695234,0.0,,1219112.0910214793
2021-06-25 14:00:29.580,1,0.4786945221783911,641.8140763150096,0.0,,1225073.5926783916
2021-06-25 14:00:29.590,1,0.347635182111335,639.5692880907989,0.0,,1220353.0148474807
2021-06-25 14:00:29.600,1,0.3544283252789689,645.3042569400951,0.0,,1232399.8660390375
2021-06-25 14:00:29.610,1,0.379992664819778,633.5094886142314,0.0,,1207645.200691228
2021-06-25 14:00:29.620,1,0.3899237757697993,637.0949376725638,0.0,,1215165.838995507
2021-06-25 14:00:29.630,1,0.3514316486454011,638.9286564951967,0.0,,1219010.7894260457
2021-06-25 14:00:29.640,1,0.4186220785296189,635.6136677790108,0.0,,1212061.217436575
2021-06-25 14:00:29.650,1,0.3482759820001492,645.5293507319599,0.0,,1232870.989883141
2021-06-25 14:00:29.660,1,0.3350361965040458,645.843171235867,0.0,,1233526.4803238332
2021-06-25 14:00:29.670,1,0.4258079774521331,643.6970742471585,0.0,,1229023.1237354914
2021-06-25 14:00:29.680,1,0.39125774003413,644.5705231992754,0.0,,1230856.8082197348
2021-06-25 14:00:29.690,1,0.3127954801151785,645.6118949844154,0.0,,1233042.301851156
2021-06-25 14:00:29.700,1,0.3297041841480466,646.8284552675507,0.0,,1235602.5015693326
2021-06-25 14:00:29.710,1,0.3704644044543929,646.3120640652493,0.0,,1234514.395380892
2021-06-25 14:00:29.720,1,0.3893824231799945,641.5734726334651,0.0,,1224562.5534834452
2021-06-25 14:00:29.730,1,0.4498900442012189,641.5580697921141,0.0,,1224535.0725614855
2021-06-25 14:00:29.740,1,0.3790127540685885,653.5251911108235,0.0,,1249677.8598774697
2021-06-25 14:00:29.750,1,0.3526726631403662,648.7675035786391,0.0,,1239674.8183229752
2021-06-25 14:00:29.760,1,0.324696517612528,646.3439139533198,0.0,,1234577.2828456622
2021-06-25 14:00:29.770,1,0.3645770618096087,648.0841171786286,0.0,,1238237.9715382052
2021-06-25 14:00:29.780,1,0.4292242839605388,645.1765378750641,0.0,,1232134.765331588
2021-06-25 14:00:29.790,1,0.3562363073106618,650.8593465454999,0.0,,1244072.3763886974
2021-06-25 14:00:29.800,1,0.3793765017861745,648.2686051497693,0.0,,1238626.290961704
2021-06-25 14:00:29.810,1,0.365219905722674,648.5991375671348,0.0,,1239322.4168522735
2021-06-25 14:00:29.820,1,0.4564587088576952,646.5537939304188,0.0,,1235028.847436641
2021-06-25 14:00:29.830,1,0.4211514502204971,644.3542733323171,0.0,,1230405.3037990993
2021-06-25 14:00:29.840,1,0.4383367036097776,654.2787485811035,0.0,,1251266.8338440848
2021-06-25 14:00:29.850,1,0.4295279073767559,650.5803103476263,0.0,,1243493.4693734
2021-06-25 14:00:29.860,1,0.3572653246363014,653.5604704656492,0.0,,1249753.3036118115
2021-06-25 14:00:29.870,1,0.4084743148090443,652.0210686935983,0.0,,1246516.4979344043
2021-06-25 14:00:29.880,1,0.4963908649456727,646.7593230529131,0.0,,1235462.2162207894
2021-06-25 14:00:29.890,1,0.3617606681388544,647.1841267789955,0.0,,1236346.9269062902
2021-06-25 14:00:29.900,1,0.4595559703779927,646.6807751563761,0.0,,1235292.8042926597
2021-06-25 14:00:29.910,1,0.4844517219949056,651.2319344736063,0.0,,1244866.725688352
2021-06-25 14:00:29.920,1,0.5134033744531018,645.6498687246452,0.0,,1233131.6261206924
2021-06-25 14:00:29.930,1,0.5316645210878219,646.179746290583,0.0,,1234241.6884112547
2021-06-25 14:00:29.940,1,0.5220526428075961,644.6224363408004,0.0,,1230969.8345062726
2021-06-25 14:00:29.950,1,0.5541414102693414,653.429237763571,0.0,,1249483.43962149
2021-06-25 14:00:29.960,1,0.4070366896206285,645.141510604432,0.0,,1232058.1350595832
2021-06-25 14:00:29.970,1,0.5479884994282378,639.9111583113563,0.0,,1221081.3202546875
2021-06-25 14:00:29.980,1,0.4691409411732522,642.5323126553707,0.0,,1226581.4359661825
2021-06-25 14:00:29.990,1,0.5110565676852075,642.8510588531293,0.0,,1227248.4452730392
2021-06-25 14:00:30.000,1,0.5453347523516394,641.4772730638399,0.0,,1224365.82808947
2021-06-25 14:00:30.010,1,0.4126981997898618,636.777751811287,0.0,,1214504.5802633176
2021-06-25 14:00:30.020,1,0.4872115042399891,643.4911886365344,0.0,,1228597.8906342383
2021-06-25 14:00:30.030,1,0.4613712785515596,637.9126743143955,0.0,,1216883.8617386129
2021-06-25 14:00:30.040,1,0.606204157681594,639.6201969749552,0.0,,1220477.8309494192
2021-06-25 14:00:30.050,1,0.4460968237919662,632.6839631487912,0.0,,1205915.0169030232
2021-06-25 14:00:30.060,1,0.4764365042443705,631.7325660398952,0.0,,1203921.533708164
2021-06-25 14:00:30.070,1,0.616712277758799,636.3850398807126,0.0,,1213689.4026418575
2021-06-25 14:00:30.080,1,0.6011563822970832,637.4003107888836,0.0,,1215815.135560587
2021-06-25 14:00:30.090,1,0.5742287643219341,639.6571125497725,0.0,,1220552.2722157936
2021-06-25 14:00:30.100,1,0.4619349260074251,636.3194452925043,0.0,,1213543.4170034872
2021-06-25 14:00:30.110,1,0.4239025460037669,636.1661184355113,0.0,,1213216.5043347876
2021-06-25 14:00:30.120,1,0.5648583810934655,638.3567649585241,0.0,,1217819.742929168
2021-06-25 14:00:30.130,1,0.5518738331701175,634.811136774091,0.0,,1210380.867973104
2021-06-25 14:00:30.140,1,0.4459581682621523,636.1155177845906,0.0,,1213110.7594422987
2021-06-25 14:00:30.150,1,0.4594144252816305,633.9442817012872,0.0,,1208559.461563921
2021-06-25 14:00:30.160,1,0.5149555739426861,638.035701465423,0.0,,1217144.9279463736
2021-06-25 14:00:30.170,1,0.4641286590314388,637.2758527201485,0.0,,1215547.0429961507
2021-06-25 14:00:30.180,1,0.5871455288186727,641.6935499010984,0.0,,1224828.331405968
2021-06-25 14:00:30.190,1,0.442447088306397,633.298358481924,0.0,,1207205.533856041
2021-06-25 14:00:30.200,1,0.5829659340417778,633.5746642342033,0.0,,1207792.7554672332
2021-06-25 14:00:30.210,1,0.5406367397589238,638.9747310356696,0.0,,1219113.9714269766
2021-06-25 14:00:30.220,1,0.5477943369147534,633.7145038007268,0.0,,1208083.6690401714
2021-06-25 14:00:30.230,1,0.4206016594846151,639.348162452315,0.0,,1219894.1385829037
2021-06-25 14:00:30.240,1,0.5299920075917807,639.1312757031535,0.0,,1219443.8227561933
2021-06-25 14:00:30.250,1,0.5507627111642545,633.5078514724972,0.0,,1207645.7482704266
2021-06-25 14:00:30.260,1,0.4449550714216186,638.7205015203483,0.0,,1218578.5456211753
2021-06-25 14:00:30.270,1,0.5075189245563242,646.9796855542082,0.0,,1235927.0188347825
2021-06-25 14:00:30.280,1,0.4482185275152395,635.0665765252919,0.0,,1210910.1345811884
2021-06-25 14:00:30.290,1,0.4897519083487106,637.4824306596819,0.0,,1215981.4352734287
2021-06-25 14:00:30.300,1,0.5075780511362856,648.0470438940196,0.0,,1238168.417715161
2021-06-25 14:00:30.310,1,0.4471318823596329,643.5579104622614,0.0,,1228736.1651246753
2021-06-25 14:00:30.320,1,0.4879971962664476,641.5051423812306,0.0,,1224423.8876959118
2021-06-25 14:00:30.330,1,0.5464497668471172,642.8632744791593,0.0,,1227281.8620016705
2021-06-25 14:00:30.340,1,0.4973962175142016,645.8932888852663,0.0,,1233645.8852044793
2021-06-25 14:00:30.350,1,0.5238760202425454,649.0150086140243,0.0,,1240201.339212861
2021-06-25 14:00:30.360,1,0.5257028923549707,650.8590691314797,0.0,,1244082.1780801655
2021-06-25 14:00:30.370,1,0.4331331333276571,652.3799846858899,0.0,,1247274.010306716
2021-06-25 14:00:30.380,1,0.5061241309722692,647.8144924035511,0.0,,1237678.6304929056
2021-06-25 14:00:30.390,1,0.4370295940190871,649.1053695837143,0.0,,1240391.7162723728
2021-06-25 14:00:30.400,1,0.5023980681847724,654.0284654306937,0.0,,1250744.1452990223
2021-06-25 14:00:30.410,1,0.5083805670972935,655.3082346160237,0.0,,1253437.1136314545
2021-06-25 14:00:30.420,1,0.5085191586596279,653.6410631274957,0.0,,1249933.478248417
2021-06-25 14:00:30.430,1,0.4635833343702185,656.8690324402844,0.0,,1256717.2989184076
2021-06-25 14:00:30.440,1,0.4431936994786156,649.9328303492215,0.0,,1242130.8069431155
2021-06-25 14:00:30.450,1,0.5289178026499507,656.7149573753094,0.0,,1256396.1719481733
2021-06-25 14:00:30.460,1,0.4599606614917828,655.1383516469367,0.0,,1253077.8713593083
2021-06-25 14:00:30.470,1,0.4916736334845721,658.0208717509953,0.0,,1259147.5207422478
2021-06-25 14:00:30.480,1,0.5325119963577248,658.5565220913918,0.0,,1260273.7153362785
2021-06-25 14:00:30.490,1,0.5058749514379521,661.7151064884508,0.0,,1266920.7627161292
2021-06-25 14:00:30.500,1,0.5248298366902492,659.7148696302053,0.0,,1262711.8877002506
2021-06-25 14:00:30.510,1,0.4860229054598153,659.2494473374283,0.0,,1261730.3944792165
2021-06-25 14:00:30.520,1,0.5157575861425615,654.7491205692468,0.0,,1252263.1754637568
2021-06-25 14:00:30.530,1,0.4755887248493362,657.8409174905664,0.0,,1258766.025473427
2021-06-25 14:00:30.540,1,0.3851482612976596,663.7827978317603,0.0,,1271271.8409594218
2021-06-25 14:00:30.550,1,0.5677886207733477,661.6839101527062,0.0,,1266860.3159752677
2021-06-25 14:00:30.560,1,0.5567445965015171,655.4283145284122,0.0,,1253689.8585235863
2021-06-25 14:00:30.570,1,0.5827063322165116,652.868058678552,0.0,,1248309.7917819892
2021-06-25 14:00:30.580,1,0.5125323903735824,661.0480084220753,0.0,,1265514.1482689723
2021-06-25 14:00:30.590,1,0.4929245647167042,657.8460738507272,0.0,,1258776.0385556696
2021-06-25 14:00:30.600,1,0.5490745882191704,661.1504904995918,0.0,,1265737.4870818593
2021-06-25 14:00:30.610,1,0.4511339103504563,656.9637022113172,0.0,,1256915.589197134
2021-06-25 14:00:30.620,1,0.6072716763766556,652.9778392739613,0.0,,1248539.5811151117
2021-06-25 14:00:30.630,1,0.4438425355058075,658.2682141426483,0.0,,1259659.2506474105
2021-06-25 14:00:30.640,1,0.5014022618727288,658.158387678569,0.0,,1259433.1949561734
2021-06-25 14:00:30.650,1,0.5778064079760015,655.3617952254427,0.0,,1253549.767668271
2021-06-25 14:00:30.660,1,0.6139874366798554,655.0852796585043,0.0,,1252975.2512992327
2021-06-25 14:00:30.670,1,0.6296005825540412,659.4018504162142,0.0,,1262061.6176740963
2021-06-25 14:00:30.680,1,0.4318907197458171,660.6735369187917,0.0,,1264729.0668776259
2021-06-25 14:00:30.690,1,0.5239110520212689,655.7049637610922,0.0,,1254271.4379207888
2021-06-25 14:00:30.700,1,0.6373764681600498,652.0596101999462,0.0,,1246610.2363548998
2021-06-25 14:00:30.710,1,0.5189747936478356,657.786330336567,0.0,,1258654.5072356916
2021-06-25 14:00:30.720,1,0.5098563274227345,658.0050258216291,0.0,,1259109.0473188453
2021-06-25 14:00:30.730,1,0.4603697819313866,653.6958993013938,0.0,,1250043.6727778323
2021-06-25 14:00:30.740,1,0.5634012176922769,656.126281784847,0.0,,1255159.866996094
2021-06-25 14:00:30.750,1,0.5425350025581206,656.0933928354988,0.0,,1255090.7244655169
2021-06-25 14:00:30.760,1,0.4849584121461666,646.4025468779772,0.0,,1234714.2713396943
2021-06-25 14:00:30.770,1,0.4860289208965717,651.8958379008261,0.0,,1246257.5567784754
2021-06-25 14:00:30.780,1,0.6020106869196655,655.7903893124746,0.0,,1254457.9170418582
2021-06-25 14:00:30.790,1,0.4784024791701539,657.2539119216935,0.0,,1257526.6811221887
2021-06-25 14:00:30.800,1,0.692806150984672,654.8742152469101,0.0,,1252532.2024329875
2021-06-25 14:00:30.810,1,0.4629717155580387,657.2355647993891,0.0,,1257493.6514350858
2021-06-25 14:00:30.820,1,0.5547483507709007,656.9647096275311,0.0,,1256925.0334383994
2021-06-25 14:00:30.830,1,0.5938875183915481,652.5958008047386,0.0,,1247738.5653931308
2021-06-25 14:00:30.840,1,0.4962482311537767,650.263478416997,0.0,,1242828.024773402
2021-06-25 14:00:30.850,1,0.5700453504042766,651.1889672136558,0.0,,1244779.0124150084
2021-06-25 14:00:30.860,1,0.7673102305714009,653.4623374638762,0.0,,1249568.816316622
2021-06-25 14:00:30.870,1,0.6191825367473557,658.0845644862765,0.0,,1259280.1876107398
2021-06-25 14:00:30.880,1,0.5501753712722967,655.264944571264,0.0,,1253348.0518557688
2021-06-25 14:00:30.890,1,0.4623740594921885,653.918880048318,0.0,,1250509.1498856524
2021-06-25 14:00:30.900,1,0.5856297122405175,655.5062001601323,0.0,,1253857.9994671247
2021-06-25 14:00:30.910,1,0.4837525568844668,654.6563180694318,0.0,,1252063.8809969262
2021-06-25 14:00:30.920,1,0.4481524252236997,655.4057322055769,0.0,,1253636.26848797
2021-06-25 14:00:30.930,1,0.5643584617681703,650.9981634379699,0.0,,1244375.1479784874
2021-06-25 14:00:30.940,1,0.4899931239463026,653.3781170931472,0.0,,1249377.9905055515
2021-06-25 14:00:30.950,1,0.5471396105491441,653.7800837537038,0.0,,1250220.564364874
2021-06-25 14:00:30.960,1,0.5858456199821074,659.0517140738008,0.0,,1261317.8493851065
2021-06-25 14:00:30.970,1,0.592506586886241,653.5560153758279,0.0,,1249750.2517038349
2021-06-25 14:00:30.980,1,0.6021296255374607,659.1950463889813,0.0,,1261622.7019275366
2021-06-25 14:00:30.990,1,0.6302690821241704,656.857236872756,0.0,,1256701.7222012065
2021-06-25 14:00:31.000,1,0.5441805781306883,658.6578104553156,0.0,,1260485.9108789095
2021-06-25 14:00:31.010,1,0.4157257547756207,656.420624022472,0.0,,1255776.17436105
2021-06-25 14:00:31.020,1,0.5838737825778421,663.580558368654,0.0,,1270856.5136271147
2021-06-25 14:00:31.030,1,0.4884355506810154,659.545563892876,0.0,,1262354.6415581505
2021-06-25 14:00:31.040,1,0.5688621885179403,657.5581248000501,0.0,,1258172.4639744153
2021-06-25 14:00:31.050,1,0.5466258464507868,663.7709663144515,0.0,,1271258.1447075063
2021-06-25 14:00:31.060,1,0.4315620549842506,664.7758110842767,0.0,,1273369.2084157495
2021-06-25 14:00:31.070,1,0.5185039357906803,665.4145719621583,0.0,,1274717.675666387
2021-06-25 14:00:31.080,1,0.4958518195567516,666.1540925641896,0.0,,1276274.979912338
2021-06-25 14:00:31.090,1,0.5916790891230898,665.562259098716,0.0,,1275028.5428576218
2021-06-25 14:00:31.100,1,0.4440739211814595,656.7812670753791,0.0,,1256532.7837437822
2021-06-25 14:00:31.110,1,0.5894969639300529,658.4899987305313,0.0,,1260135.1012074645
2021-06-25 14:00:31.120,1,0.5214261520991273,668.7133489098387,0.0,,1281669.981069294
2021-06-25 14:00:31.130,1,0.5093132036395278,662.7224332552197,0.0,,1269042.9263949087
2021-06-25 14:00:31.140,1,0.5104904353466697,666.682530219442,0.0,,1277387.9657347973
2021-06-25 14:00:31.150,1,0.4109824291234716,663.6139337577891,0.0,,1270917.7463372801
2021-06-25 14:00:31.160,1,0.4038385370692359,667.6698000718081,0.0,,1279463.718148781
2021-06-25 14:00:31.170,1,0.4135231671269677,664.6897094765891,0.0,,1273186.4099165858
2021-06-25 14:00:31.180,1,0.4472817587227364,667.5054448245528,0.0,,1279121.7031947025
2021-06-25 14:00:31.190,1,0.4608572925261874,661.6735923736712,0.0,,1266833.661277812
2021-06-25 14:00:31.200,1,0.4458280545184231,663.9418656724978,0.0,,1271611.5777121088
2021-06-25 14:00:31.210,1,0.4394204269294071,665.2999784700047,0.0,,1274469.5808393713
2021-06-25 14:00:31.220,1,0.4338766430962715,665.8469754588573,0.0,,1275623.2890309596
2021-06-25 14:00:31.230,1,0.5444160908268068,661.8158755143476,0.0,,1267135.9966920954
2021-06-25 14:00:31.240,1,0.5113090441107142,664.5825533120276,0.0,,1272965.6949317001
2021-06-25 14:00:31.250,1,0.4248429129811677,663.2305751238998,0.0,,1270109.1447629686
2021-06-25 14:00:31.260,1,0.5944548198884586,659.2899340294306,0.0,,1261821.9433168713
2021-06-25 14:00:31.270,1,0.4113891807527245,661.7462616691845,0.0,,1266982.7269102458
2021-06-25 14:00:31.280,1,0.5244924046871018,661.2085505330156,0.0,,1265860.4950045987
2021-06-25 14:00:31.290,1,0.5882943838009363,658.922220125621,0.0,,1261046.931686927
2021-06-25 14:00:31.300,1,0.6304460917847259,658.6920593628064,0.0,,1260564.4133862462
2021-06-25 14:00:31.310,1,0.5174616307865919,660.1645755203573,0.0,,1263656.7855679942
2021-06-25 14:00:31.320,1,0.4708110548419111,657.4508950473602,0.0,,1257948.7511760334
2021-06-25 14:00:31.330,1,0.5620782813933356,652.4046096569473,0.0,,1247329.4098392278
2021-06-25 14:00:31.340,1,0.4964763062623216,656.9157693096641,0.0,,1256818.2926304857
2021-06-25 14:00:31.350,1,0.5843921265120529,654.5318771527959,0.0,,1251807.308484844
2021-06-25 14:00:31.360,1,0.6221045706033099,652.8250256902722,0.0,,1248216.7002656558
2021-06-25 14:00:31.370,1,0.4493372067827648,651.3178287878832,0.0,,1245044.8974867198
2021-06-25 14:00:31.380,1,0.5647643039729653,654.1795268187208,0.0,,1251063.1966772461
2021-06-25 14:00:31.390,1,0.4700150344117036,649.4535851944015,0.0,,1241122.7474116466
2021-06-25 14:00:31.400,1,0.5339593088651516,656.5089016708071,0.0,,1255964.0296517627
2021-06-25 14:00:31.410,1,0.468229632189202,655.7949044284677,0.0,,1254458.640353656
2021-06-25 14:00:31.420,1,0.4651090293460451,650.5010644139413,0.0,,1243325.6745831936
2021-06-25 14:00:31.430,1,0.544770148840997,650.9140629212692,0.0,,1244197.0517500995
2021-06-25 14:00:31.440,1,0.660496387347395,657.2491801316778,0.0,,1257531.8138449008
2021-06-25 14:00:31.450,1,0.6493770337038169,649.2193325880185,0.0,,1240635.4612788889
2021-06-25 14:00:31.460,1,0.689733964589426,646.622202606659,0.0,,1235183.950843183
2021-06-25 14:00:31.470,1,0.6898564071241371,646.9435310594204,0.0,,1235860.1203517935
2021-06-25 14:00:31.480,1,0.5374243178932552,648.6307951331074,0.0,,1239396.5862640245
2021-06-25 14:00:31.490,1,0.6203680164952963,645.4666849401668,0.0,,1232752.6335335579
2021-06-25 14:00:31.500,1,0.6942804991260014,643.0433293422603,0.0,,1227669.0811814032
2021-06-25 14:00:31.510,1,0.5579912827453237,649.2057611508028,0.0,,1240605.8567093257
2021-06-25 14:00:31.520,1,0.5806049507534786,647.993228466707,0.0,,1238057.7277167914
2021-06-25 14:00:31.530,1,0.6004459998559373,654.1517041820075,0.0,,1251010.133931455
2021-06-25 14:00:31.540,1,0.6280844554768255,651.991702321624,0.0,,1246466.0459186598
2021-06-25 14:00:31.550,1,0.5603742709991656,645.6356218369194,0.0,,1233105.0541721196
2021-06-25 14:00:31.560,1,0.6297282493114386,641.633989406258,0.0,,1224703.7979912658
2021-06-25 14:00:31.570,1,0.5828183786009374,653.4317618598242,0.0,,1249491.4056384624
2021-06-25 14:00:31.580,1,0.4859480384330963,647.5015848302111,0.0,,1237022.0891053304
2021-06-25 14:00:31.590,1,0.6025632157359487,643.828252036338,0.0,,1229310.198760112
2021-06-25 14:00:31.600,1,0.6586731131927631,646.1750633792867,0.0,,1234242.5371371533
2021-06-25 14:00:31.610,1,0.4749389294595906,643.6242323584987,0.0,,1228874.609169529
2021-06-25 14:00:31.620,1,0.6428961705237755,645.8079871688351,0.0,,1233469.1997869278
2021-06-25 14:00:31.630,1,0.5021909215216037,654.3584009921702,0.0,,1251440.070712473
2021-06-25 14:00:31.640,1,0.6103346939994564,650.2948902679439,0.0,,1242900.1083632081
2021-06-25 14:00:31.650,1,0.5742264231244225,657.6021587110054,0.0,,1258268.917487136
2021-06-25 14:00:31.660,1,0.6108754722490444,650.9962467384111,0.0,,1244375.5766663353
2021-06-25 14:00:31.670,1,0.561009910186964,657.8873166046452,0.0,,1258866.3290101099
2021-06-25 14:00:31.680,1,0.5994368860791938,653.7138168026629,0.0,,1250088.3206938105
2021-06-25 14:00:31.690,1,0.6270469131858157,655.1368350096476,0.0,,1253082.6214479306
2021-06-25 14:00:31.700,1,0.461861588866277,651.061193626132,0.0,,1244499.9677943909
2021-06-25 14:00:31.710,1,0.6196153930641484,654.4470356261605,0.0,,1251630.0762756558
2021-06-25 14:00:31.720,1,0.5641979555918605,655.4861629382876,0.0,,1253814.47435898
2021-06-25 14:00:31.730,1,0.4798652877319247,660.3112340604057,0.0,,1263963.4402610462
2021-06-25 14:00:31.740,1,0.6259581015702559,663.1564005955972,0.0,,1269966.385407158
2021-06-25 14:00:31.750,1,0.5226499229464917,661.6138743975022,0.0,,1266708.8844727778
2021-06-25 14:00:31.760,1,0.4524669966668462,658.1155413112657,0.0,,1259340.2332151388
2021-06-25 14:00:31.770,1,0.5132324760828325,662.8449688336985,0.0,,1269305.0604535749
2021-06-25 14:00:31.780,1,0.4082263461491393,658.8161280750983,0.0,,1260812.6456106962
2021-06-25 14:00:31.790,1,0.5541968746496277,660.7727161252362,0.0,,1264940.0623854878
2021-06-25 14:00:31.800,1,0.4013863590540195,663.6017677907486,0.0,,1270891.8965984818
2021-06-25 14:00:31.810,1,0.4947667188125479,659.3355861061519,0.0,,1261914.7969028763
2021-06-25 14:00:31.820,1,0.5038202807571663,658.3831524633794,0.0,,1259908.3510609018
2021-06-25 14:00:31.830,1,0.4853706146251704,664.8084635796098,0.0,,1273440.156825426
2021-06-25 14:00:31.840,1,0.4365612362648525,671.6252102056037,0.0,,1287805.6531528397
2021-06-25 14:00:31.850,1,0.5592731586773569,660.1384135388947,0.0,,1263608.6495329218
2021-06-25 14:00:31.860,1,0.4379671639805348,656.9833469937481,0.0,,1256954.3929646697
2021-06-25 14:00:31.870,1,0.452283202728129,663.2135614753147,0.0,,1270075.69906986
2021-06-25 14:00:31.880,1,0.5666773892007669,659.6047575362971,0.0,,1262480.8361721686
2021-06-25 14:00:31.890,1,0.5129856683238548,663.8436234323118,0.0,,1271408.683140927
2021-06-25 14:00:31.900,1,0.4942426508051557,662.9454416992861,0.0,,1269513.2615503764
2021-06-25 14:00:31.910,1,0.4323186103461749,660.8758186884533,0.0,,1265149.0012409869
2021-06-25 14:00:31.920,1,0.4362268393605789,656.9636456427273,0.0,,1256918.8262282996
2021-06-25 14:00:31.930,1,0.4148146602783719,665.6728275364603,0.0,,1275254.6854723478
2021-06-25 14:00:31.940,1,0.3833331270324955,661.6967056655492,0.0,,1266873.792104039
2021-06-25 14:00:31.950,1,0.4854508280304573,660.4148785862536,0.0,,1264183.356618451
2021-06-25 14:00:31.960,1,0.4110171587812983,656.9078576535293,0.0,,1256796.1743045927
2021-06-25 14:00:31.970,1,0.4013115832739526,658.9682923414265,0.0,,1261136.0152121228
2021-06-25 14:00:31.980,1,0.4972864300537082,657.1235605758516,0.0,,1257258.6082905917
2021-06-25 14:00:31.990,1,0.5344755684671048,665.7974479961429,0.0,,1275522.8862011991
2021-06-25 14:00:32.000,1,0.4735424028500844,657.2434487600094,0.0,,1257508.973316554
2021-06-25 14:00:32.010,1,0.5259035813953596,662.4531060604096,0.0,,1268477.4260597613
2021-06-25 14:00:32.020,1,0.5320194892502813,662.2781806188269,0.0,,1268110.8410354874
2021-06-25 14:00:32.030,1,0.4776752958681522,656.3539454078783,0.0,,1255637.0698988854
2021-06-25 14:00:32.040,1,0.4536637048661232,660.4549271014041,0.0,,1264266.702692471
2021-06-25 14:00:32.050,1,0.5889321572443899,662.5587137621942,0.0,,1268705.469243437
2021-06-25 14:00:32.060,1,0.5942756204732658,664.3528571114656,0.0,,1272483.6415735937
2021-06-25 14:00:32.070,1,0.5663330613170168,656.7627450591349,0.0,,1256500.4265639335
2021-06-25 14:00:32.080,1,0.4530652918301484,652.5965247736102,0.0,,1247725.971685596
2021-06-25 14:00:32.090,1,0.5775424100813252,663.555329712693,0.0,,1270799.8053831959
2021-06-25 14:00:32.100,1,0.5535301120768064,655.8791378692649,0.0,,1254638.8786568118
2021-06-25 14:00:32.110,1,0.4928294645473165,655.9352664241122,0.0,,1254755.4335936038
2021-06-25 14:00:32.120,1,0.4814235128727144,655.5959598783803,0.0,,1254041.7448176004
2021-06-25 14:00:32.130,1,0.5583773498716573,657.4522840121252,0.0,,1257950.83956825
2021-06-25 14:00:32.140,1,0.5060307286329759,657.4756940539476,0.0,,1257997.0250852203
2021-06-25 14:00:32.150,1,0.6232491316868252,659.0651665636352,0.0,,1261348.4924048788
2021-06-25 14:00:32.160,1,0.5666759405275296,665.4509946718119,0.0,,1274795.201514664
2021-06-25 14:00:32.170,1,0.5690109878869988,656.3660870018523,0.0,,1255664.8183886646
2021-06-25 14:00:32.180,1,0.4901576419851757,658.2773403750967,0.0,,1259684.6652298418
2021-06-25 14:00:32.190,1,0.4547674563352461,658.2710598499051,0.0,,1259668.9063850124
2021-06-25 14:00:32.200,1,0.5661651923101846,658.7903360652056,0.0,,1260766.2343841642
2021-06-25 14:00:32.210,1,0.4872470659843186,661.4876756463626,0.0,,1266440.698047429
2021-06-25 14:00:32.220,1,0.5687113757820896,658.922042240728,0.0,,1261046.255189373
2021-06-25 14:00:32.230,1,0.5062666504610095,657.9015469612928,0.0,,1258893.375646143
2021-06-25 14:00:32.240,1,0.5846111505880225,660.4059843409383,0.0,,1264168.2780556886
2021-06-25 14:00:32.250,1,0.6788150525874653,662.2646083946858,0.0,,1268091.7099483316
2021-06-25 14:00:32.260,1,0.5934164787209986,662.8952503504818,0.0,,1269410.092484374
2021-06-25 14:00:32.270,1,0.6434265821417461,660.5155527085815,0.0,,1264406.3162427861
2021-06-25 14:00:32.280,1,0.5700486241441617,663.8810926191771,0.0,,1271491.1088578147
2021-06-25 14:00:32.290,1,0.5171859108650869,666.9016272802756,0.0,,1277850.0368330395
2021-06-25 14:00:32.300,1,0.5904876620666104,670.296115327806,0.0,,1285008.1115985054
2021-06-25 14:00:32.310,1,0.5261343598186753,666.9350558868208,0.0,,1277924.6709982415
2021-06-25 14:00:32.320,1,0.5910520317491805,666.918912587564,0.0,,1277890.1122543453
2021-06-25 14:00:32.330,1,0.4781096164797443,667.946297362942,0.0,,1280049.2020622531
2021-06-25 14:00:32.340,1,0.5227160555500125,672.0249898822426,0.0,,1288652.9237756291
2021-06-25 14:00:32.350,1,0.6405085730138445,669.8198700679018,0.0,,1284010.4979028346
2021-06-25 14:00:32.360,1,0.4584840291630174,671.3336245047524,0.0,,1287194.0613224858
2021-06-25 14:00:32.370,1,0.6242232788033383,668.0880399928013,0.0,,1280354.8505497915
2021-06-25 14:00:32.380,1,0.604953181359903,673.4500256614289,0.0,,1291662.6160995122
2021-06-25 14:00:32.390,1,0.5959725541055629,672.264997848258,0.0,,1289164.4728951443
2021-06-25 14:00:32.400,1,0.4736689639775051,669.7109723446882,0.0,,1283765.9902042693
2021-06-25 14:00:32.410,1,0.5212945783755213,678.2628402740394,0.0,,1301814.42782555
2021-06-25 14:00:32.420,1,0.580019208724156,676.0964029933092,0.0,,1297246.594552538
2021-06-25 14:00:32.430,1,0.4458903396655853,675.4291216623233,0.0,,1295832.9796596123
2021-06-25 14:00:32.440,1,0.5169859829222966,678.6248888334283,0.0,,1302582.2664321365
2021-06-25 14:00:32.450,1,0.5397659094818903,676.9324371529642,0.0,,1299011.7486128784
2021-06-25 14:00:32.460,1,0.41726943698357,679.7148566333956,0.0,,1304877.10566107
2021-06-25 14:00:32.470,1,0.4098697451903291,674.3849159332716,0.0,,1293626.0863188952
2021-06-25 14:00:32.480,1,0.424023154338454,679.4517054675448,0.0,,1304322.5542992242
2021-06-25 14:00:32.490,1,0.4335346317640224,680.2321453978612,0.0,,1305974.7882155525
2021-06-25 14:00:32.500,1,0.3882999223943983,675.3235194125969,0.0,,1295604.3454149917
2021-06-25 14:00:32.510,1,0.5358651315435354,673.3081938956917,0.0,,1291360.7186027349
2021-06-25 14:00:32.520,1,0.3909546651155752,680.1911425697222,0.0,,1305881.7021109664
2021-06-25 14:00:32.530,1,0.4252568828732146,679.4558553396319,0.0,,1304333.053806073
2021-06-25 14:00:32.540,1,0.4628355142384678,672.0162883769437,0.0,,1288629.3119050486
2021-06-25 14:00:32.550,1,0.4934093589810985,680.6590627652007,0.0,,1306874.5186059834
2021-06-25 14:00:32.560,1,0.4166225094589845,678.4108718076714,0.0,,1302120.5958589134
2021-06-25 14:00:32.570,1,0.4903641409933227,671.2733892988563,0.0,,1287066.0369582095
2021-06-25 14:00:32.580,1,0.3631257665980633,679.1349892105668,0.0,,1303649.309482109
2021-06-25 14:00:32.590,1,0.4409864426643265,673.2215122892164,0.0,,1291173.19244066
2021-06-25 14:00:32.600,1,0.5280165520430596,670.7955597515096,0.0,,1286057.2605653005
2021-06-25 14:00:32.610,1,0.4249344772103673,670.2009970005828,0.0,,1284799.966066374
2021-06-25 14:00:32.620,1,0.4035165733571958,671.7378221507709,0.0,,1288040.9517980977
2021-06-25 14:00:32.630,1,0.3712212288331731,670.7890189443917,0.0,,1286040.4907724913
2021-06-25 14:00:32.640,1,0.484899184854546,675.4378388234312,0.0,,1295849.6754904827
2021-06-25 14:00:32.650,1,0.5554918400800651,669.0399451401868,0.0,,1282358.5403322931
2021-06-25 14:00:32.660,1,0.5430219097757566,674.0439533094077,0.0,,1292913.0454564844
2021-06-25 14:00:32.670,1,0.4907025894527658,671.7675685104844,0.0,,1288108.5652934248
2021-06-25 14:00:32.680,1,0.4152737741887697,673.7566595334058,0.0,,1292298.258027814
2021-06-25 14:00:32.690,1,0.3988923978012923,666.9002598199918,0.0,,1277845.4492155893
2021-06-25 14:00:32.700,1,0.381849211999406,664.3883525610097,0.0,,1272550.3457852644
2021-06-25 14:00:32.710,1,0.5215856896996094,670.0076399490113,0.0,,1284396.5818603684
2021-06-25 14:00:32.720,1,0.4327218895287329,670.6857541960769,0.0,,1285826.842486549
2021-06-25 14:00:32.730,1,0.4124740071894802,664.5582818733855,0.0,,1272907.8984209131
2021-06-25 14:00:32.740,1,0.4099906084248574,666.5572287988692,0.0,,1277116.253861557
2021-06-25 14:00:32.750,1,0.4470307034962265,664.5313109946572,0.0,,1272853.42054577
2021-06-25 14:00:32.760,1,0.4825429733835003,661.3270103868323,0.0,,1266107.6558119764
2021-06-25 14:00:32.770,1,0.5711115880235766,660.1178180253078,0.0,,1263561.9541865455
2021-06-25 14:00:32.780,1,0.4920926132668161,664.2560847101463,0.0,,1272272.758095461
2021-06-25 14:00:32.790,1,0.4399481558759106,659.5934042078045,0.0,,1262447.6261496372
2021-06-25 14:00:32.800,1,0.6051213869681629,660.5141354609882,0.0,,1264397.6253486292
2021-06-25 14:00:32.810,1,0.4552986182976861,667.9573779764469,0.0,,1280070.6661853024
2021-06-25 14:00:32.820,1,0.5102423799469624,657.0627144274172,0.0,,1257127.2955387854
2021-06-25 14:00:32.830,1,0.5001791216462153,659.7296368228583,0.0,,1262745.7653012788
2021-06-25 14:00:32.840,1,0.5909047975977771,657.7554923389088,0.0,,1258590.668521176
2021-06-25 14:00:32.850,1,0.5223118268012336,654.7275472166107,0.0,,1252213.718918202
2021-06-25 14:00:32.860,1,0.4859798052726894,664.8007131985305,0.0,,1273422.305044418
2021-06-25 14:00:32.870,1,0.6159216667375303,658.2760287553573,0.0,,1259686.5792267744
2021-06-25 14:00:32.880,1,0.5588452573343848,657.016472874183,0.0,,1257033.2397347807
2021-06-25 14:00:32.890,1,0.6341466264538604,658.0716695189851,0.0,,1259259.5876571513
2021-06-25 14:00:32.900,1,0.4923185759228567,660.7997618520187,0.0,,1264996.6103895046
2021-06-25 14:00:32.910,1,0.4894138355738547,661.9589421181722,0.0,,1267437.1289284541
2021-06-25 14:00:32.920,1,0.5176290169906488,659.1166535240412,0.0,,1261449.5030480644
2021-06-25 14:00:32.930,1,0.5485139868569471,661.7823221623228,0.0,,1267069.9774237594
2021-06-25 14:00:32.940,1,0.6081130245939976,663.2850153583463,0.0,,1270235.3620039448
2021-06-25 14:00:32.950,1,0.4944161299924731,657.1086455158288,0.0,,1257227.3995775376
2021-06-25 14:00:32.960,1,0.5928422157702549,660.9048809750552,0.0,,1265224.2603730217
2021-06-25 14:00:32.970,1,0.5816259590362864,663.7147486276539,0.0,,1271139.0553670144
2021-06-25 14:00:32.980,1,0.506194442300961,658.6983557923265,0.0,,1260572.0571795122
2021-06-25 14:00:32.990,1,0.598732767882725,667.9682118884002,0.0,,1280101.9959514213
2021-06-25 14:00:33.000,1,0.636942595659829,656.9209423220208,0.0,,1256836.841623647
2021-06-25 14:00:33.010,1,0.4477886619036223,670.4585118067191,0.0,,1285346.2976915117
2021-06-25 14:00:33.020,1,0.6371645262211756,661.4509018982365,0.0,,1266373.6325323568
2021-06-25 14:00:33.030,1,0.6501534984401616,664.5329718043987,0.0,,1272864.8037288897
2021-06-25 14:00:33.040,1,0.6495016239202639,663.8241416393905,0.0,,1271372.4323141628
2021-06-25 14:00:33.050,1,0.4705523080229896,666.9469185119021,0.0,,1277940.753155373
2021-06-25 14:00:33.060,1,0.5289331682426676,667.4553667903198,0.0,,1279019.1751531817
2021-06-25 14:00:33.070,1,0.5628929587080238,668.1213262600472,0.0,,1280422.332629972
2021-06-25 14:00:33.080,1,0.4764746106030288,666.1183564236012,0.0,,1276198.1792181805
2021-06-25 14:00:33.090,1,0.5169356183099416,674.3843941163252,0.0,,1293629.5331958814
2021-06-25 14:00:33.100,1,0.5571474486490443,666.1947365620041,0.0,,1276362.569639473
2021-06-25 14:00:33.110,1,0.5857954631253017,666.1478323504277,0.0,,1276265.113877552
2021-06-25 14:00:33.120,1,0.4207144039818144,665.3864402295902,0.0,,1274650.0617287601
2021-06-25 14:00:33.130,1,0.6057724353662682,664.8084906869008,0.0,,1273443.3497629499
2021-06-25 14:00:33.140,1,0.6113329829299436,673.0210899640799,0.0,,1290758.103913639
2021-06-25 14:00:33.150,1,0.5964988744931444,667.4464782370068,0.0,,1279003.3673772458
2021-06-25 14:00:33.160,1,0.480978422860045,671.7622465886051,0.0,,1288097.9738221723
2021-06-25 14:00:33.170,1,0.5357698643427551,662.0598424008983,0.0,,1267647.4950354456
2021-06-25 14:00:33.180,1,0.4533353768589389,662.6078278507298,0.0,,1268802.6202537497
2021-06-25 14:00:33.190,1,0.5474390712586072,663.8649608534894,0.0,,1271456.8375157143
2021-06-25 14:00:33.200,1,0.4606080820515768,668.8372198824015,0.0,,1281928.6755342884
2021-06-25 14:00:33.210,1,0.4046884688132928,667.4130388376194,0.0,,1278921.9378592453
2021-06-25 14:00:33.220,1,0.5258779246757461,660.2369440603949,0.0,,1263808.8190043054
2021-06-25 14:00:33.230,1,0.3872714078981735,658.3058757885854,0.0,,1259737.6533085073
2021-06-25 14:00:33.240,1,0.5352969704843835,667.5252790838798,0.0,,1279169.3706580224
2021-06-25 14:00:33.250,1,0.5592867797386212,659.8496024519183,0.0,,1262997.1990980972
2021-06-25 14:00:33.260,1,0.4627020451806622,661.4564357799013,0.0,,1266374.922081624
2021-06-25 14:00:33.270,1,0.5343375538132971,659.4423140462458,0.0,,1262137.6509241397
2021-06-25 14:00:33.280,1,0.5388595780777289,660.0165012256646,0.0,,1263347.0724160764
2021-06-25 14:00:33.290,1,0.4665994778853701,659.3154467075435,0.0,,1261872.5685321263
2021-06-25 14:00:33.300,1,0.5319694230149433,660.5675759608398,0.0,,1264511.0468458983
2021-06-25 14:00:33.310,1,0.516563873764869,657.0334416118419,0.0,,1257072.9221863009
2021-06-25 14:00:33.320,1,0.542153087015516,660.9762133433989,0.0,,1265368.4278739197
2021-06-25 14:00:33.330,1,0.4676584777661285,657.1968486953458,0.0,,1257406.9370005203
2021-06-25 14:00:33.340,1,0.3893875810282129,653.5776591967908,0.0,,1249788.3499165967
2021-06-25 14:00:33.350,1,0.3877515192149986,655.5769959091301,0.0,,1253993.9204951017
2021-06-25 14:00:33.360,1,0.4839916975447155,649.5413191325092,0.0,,1241305.842051825
2021-06-25 14:00:33.370,1,0.3962697362082721,655.6708554858478,0.0,,1254189.260004149
2021-06-25 14:00:33.380,1,0.4875967642531132,653.72660141553,0.0,,1250111.3548561605
2021-06-25 14:00:33.390,1,0.5217661722454269,650.7240728514897,0.0,,1243795.3660749737
2021-06-25 14:00:33.400,1,0.4198679777634461,654.2044934176631,0.0,,1251109.1766935887
2021-06-25 14:00:33.410,1,0.4730424696108802,644.7189363713544,0.0,,1231174.7241733137
2021-06-25 14:00:33.420,1,0.4496529737434744,649.6604484219657,0.0,,1241554.5376861463
2021-06-25 14:00:33.430,1,0.4707770757811954,656.3798302634024,0.0,,1255686.554379988
2021-06-25 14:00:33.440,1,0.5751003856060121,646.8134399797129,0.0,,1235577.2968889936
2021-06-25 14:00:33.450,1,0.4441453332469749,650.8377860733932,0.0,,1244030.549585863
2021-06-25 14:00:33.460,1,0.4015035857294224,649.6776210727165,0.0,,1241589.8980849446
2021-06-25 14:00:33.470,1,0.4530277929787864,652.5179834520038,0.0,,1247564.8034412423
2021-06-25 14:00:33.480,1,0.4483711064179408,647.8683777959285,0.0,,1237792.0416727362
2021-06-25 14:00:33.490,1,0.5670762847709973,645.7325542449902,0.0,,1233309.9711843855
2021-06-25 14:00:33.500,1,0.5384384326725038,651.9505998194014,0.0,,1246378.8987318308
2021-06-25 14:00:33.510,1,0.5345889592298514,650.3048684025957,0.0,,1242918.140177531
2021-06-25 14:00:33.520,1,0.4642783791201119,648.2465893173688,0.0,,1238584.8609827103
2021-06-25 14:00:33.530,1,0.4264495899834867,655.0868104093294,0.0,,1252962.9733190795
2021-06-25 14:00:33.540,1,0.5669028404608342,653.4987950193403,0.0,,1249634.229986561
2021-06-25 14:00:33.550,1,0.4708887358187982,655.0817081809167,0.0,,1252956.5376236355
2021-06-25 14:00:33.560,1,0.5214479334632123,653.51535156338,0.0,,1249666.4283597914
2021-06-25 14:00:33.570,1,0.4947966233619297,650.1052466522216,0.0,,1242496.006860128
2021-06-25 14:00:33.580,1,0.5739950573218543,657.8326095800286,0.0,,1258750.9380618683
2021-06-25 14:00:33.590,1,0.528032949241853,657.0604155642621,0.0,,1257128.58715861
2021-06-25 14:00:33.600,1,0.4553791188680465,652.9086231270477,0.0,,1248387.2315101249
2021-06-25 14:00:33.610,1,0.611140833015964,654.3219890285992,0.0,,1251370.3673008024
2021-06-25 14:00:33.620,1,0.6162211038503304,652.8336007311573,0.0,,1248234.407540534
2021-06-25 14:00:33.630,1,0.6594440365094913,661.0341789769543,0.0,,1265497.078952248
2021-06-25 14:00:33.640,1,0.6236513255274688,649.4601650983124,0.0,,1241144.9451920707
2021-06-25 14:00:33.650,1,0.6357129396696256,654.3817520862892,0.0,,1251494.1204626877
2021-06-25 14:00:33.660,1,0.5583117986734356,659.2724441281563,0.0,,1261780.4946616176
2021-06-25 14:00:33.670,1,0.4987144622694898,661.3275119842048,0.0,,1266106.3943386204
2021-06-25 14:00:33.680,1,0.6104107735926153,657.4582533006727,0.0,,1257962.077079116
2021-06-25 14:00:33.690,1,0.6500128972618596,663.3142734156853,0.0,,1270295.6126304455
2021-06-25 14:00:33.700,1,0.5790293417827929,661.6279237720951,0.0,,1266744.5908595738
2021-06-25 14:00:33.710,1,0.5749445113325208,664.0868333938125,0.0,,1271922.7113066139
2021-06-25 14:00:33.720,1,0.4653295629749595,664.0214742198457,0.0,,1271781.07657892
2021-06-25 14:00:33.730,1,0.4956677200094029,669.2970789639796,0.0,,1282899.8342239207
2021-06-25 14:00:33.740,1,0.5817202085095609,667.0276650744578,0.0,,1278119.8254167596
2021-06-25 14:00:33.750,1,0.5301261742819923,664.1290223099612,0.0,,1272011.8294054295
2021-06-25 14:00:33.760,1,0.5532055502443184,661.8036886409609,0.0,,1267110.3605866344
2021-06-25 14:00:33.770,1,0.6275023613261643,667.5419086824088,0.0,,1279207.2941322138
2021-06-25 14:00:33.780,1,0.5325631458496446,662.429119242315,0.0,,1268424.174477683
2021-06-25 14:00:33.790,1,0.486773614873293,665.9821458698418,0.0,,1275912.1948393194
2021-06-25 14:00:33.800,1,0.4987716736888133,668.5549512536661,0.0,,1281334.1988996076
2021-06-25 14:00:33.810,1,0.6056014574988247,668.3102409286968,0.0,,1280822.9346804994
2021-06-25 14:00:33.820,1,0.555327523191227,671.901809687519,0.0,,1288396.2535520901
2021-06-25 14:00:33.830,1,0.5450803046602878,665.3305877958257,0.0,,1274540.9132680574
2021-06-25 14:00:33.840,1,0.5155246688854909,672.0007072600168,0.0,,1288598.7500034568
2021-06-25 14:00:33.850,1,0.4928658557557206,673.072200682287,0.0,,1290863.3250396661
2021-06-25 14:00:33.860,1,0.5748508216200151,661.6107424483811,0.0,,1266705.58031847
2021-06-25 14:00:33.870,1,0.471968616173212,664.9466396387787,0.0,,1273723.682739308
2021-06-25 14:00:33.880,1,0.5487453978969951,660.5615626656062,0.0,,1264495.2188699353
2021-06-25 14:00:33.890,1,0.5246781374897576,670.5798461021434,0.0,,1285609.5941427695
2021-06-25 14:00:33.900,1,0.4676098332626143,666.758797531906,0.0,,1277550.444807585
2021-06-25 14:00:33.910,1,0.5298123089889433,665.8854350763271,0.0,,1275709.798908522
2021-06-25 14:00:33.920,1,0.4159717776476458,664.2884392610256,0.0,,1272338.593203549
2021-06-25 14:00:33.930,1,0.5333267560540608,666.8283595459462,0.0,,1277696.1522787053
2021-06-25 14:00:33.940,1,0.4627326635713552,664.9066401309923,0.0,,1273644.863386611
2021-06-25 14:00:33.950,1,0.5149731571673435,668.4949362192331,0.0,,1281213.3042404684
2021-06-25 14:00:33.960,1,0.4044755051383649,667.9896042216808,0.0,,1280139.6165154637
2021-06-25 14:00:33.970,1,0.4780168843744682,657.8707540272527,0.0,,1258827.9948647954
2021-06-25 14:00:33.980,1,0.4479210922703522,663.8236555172656,0.0,,1271364.083189514
2021-06-25 14:00:33.990,1,0.4865582465875971,660.4723269740899,0.0,,1264301.3494276355
2021-06-25 14:00:34.000,1,0.523928138695976,663.8632808841802,0.0,,1271452.7297625514
2021-06-25 14:00:34.010,1,0.5403743927003858,657.8101662484173,0.0,,1258707.2329460538
2021-06-25 14:00:34.020,1,0.5338155113280751,659.5830878435931,0.0,,1262438.6544427504
2021-06-25 14:00:34.030,1,0.4137521326978126,662.2943358569656,0.0,,1268139.6165507992
2021-06-25 14:00:34.040,1,0.4917411871091156,664.4469260674492,0.0,,1272675.6454068252
2021-06-25 14:00:34.050,1,0.4369175208992572,653.5849596961731,0.0,,1249809.1884559642
2021-06-25 14:00:34.060,1,0.4512502874762831,657.8673321676999,0.0,,1258819.3100231916
2021-06-25 14:00:34.070,1,0.4065711315986432,663.5142132642372,0.0,,1270705.5249867737
2021-06-25 14:00:34.080,1,0.4064172975372243,662.0562770217047,0.0,,1267637.5409735404
2021-06-25 14:00:34.090,1,0.4216994182793366,655.5382753617736,0.0,,1253913.7046577984
2021-06-25 14:00:34.100,1,0.4522893490187698,663.9646854733624,0.0,,1271655.4292371166
2021-06-25 14:00:34.110,1,0.5325790936846044,659.0042070417127,0.0,,1261217.7104150886
2021-06-25 14:00:34.120,1,0.3736337438084141,660.1686077058915,0.0,,1263661.2506964311
2021-06-25 14:00:34.130,1,0.5512244799384415,663.760374873803,0.0,,1271234.016720736
2021-06-25 14:00:34.140,1,0.4131058485764405,657.7106585853663,0.0,,1258485.771896527
2021-06-25 14:00:34.150,1,0.5368837448703955,659.0842706173951,0.0,,1261382.9138340643
2021-06-25 14:00:34.160,1,0.4491057767679485,658.2876247460813,0.0,,1259701.4254637328
2021-06-25 14:00:34.170,1,0.5608852804493916,657.278638607519,0.0,,1257582.8870456396
2021-06-25 14:00:34.180,1,0.5279935571487153,659.8342757692637,0.0,,1262964.0856918734
2021-06-25 14:00:34.190,1,0.5283015011509707,658.7639818362469,0.0,,1260711.3346885908
2021-06-25 14:00:34.200,1,0.5562897193954016,660.0540509649322,0.0,,1263425.8775441363
2021-06-25 14:00:34.210,1,0.5775704155059131,658.5775476278773,0.0,,1260320.5129966326
2021-06-25 14:00:34.220,1,0.504880602520295,661.4350172908722,0.0,,1266333.7760801383
2021-06-25 14:00:34.230,1,0.4470672264025939,664.6611524209752,0.0,,1273125.2026395055
2021-06-25 14:00:34.240,1,0.4585830288262167,662.7994600055479,0.0,,1269206.671782208
2021-06-25 14:00:34.250,1,0.5736499143143282,655.8653333818752,0.0,,1254618.1682395684
2021-06-25 14:00:34.260,1,0.4647294061092929,658.5135982002929,0.0,,1260179.4900248325
2021-06-25 14:00:34.270,1,0.5166324670294586,663.7609749370606,0.0,,1271235.563152878
2021-06-25 14:00:34.280,1,0.461640061926807,658.4432886785621,0.0,,1260030.8958638709
2021-06-25 14:00:34.290,1,0.5922902307062563,660.6432766713377,0.0,,1264669.3781866543
2021-06-25 14:00:34.300,1,0.5169933521041068,665.0781240341485,0.0,,1274008.0685236077
2021-06-25 14:00:34.310,1,0.4817920490922746,661.9786649975302,0.0,,1267474.1696175584
2021-06-25 14:00:34.320,1,0.5283834858081565,664.1556653037236,0.0,,1272061.9524161485
2021-06-25 14:00:34.330,1,0.5596360853521737,660.2972986213377,0.0,,1263942.1897016456
2021-06-25 14:00:34.340,1,0.4565177974110562,668.1791187822938,0.0,,1280537.6640457814
2021-06-25 14:00:34.350,1,0.5561886158630913,663.8326764516628,0.0,,1271387.60526565
2021-06-25 14:00:34.360,1,0.5358833955698786,670.3649198156064,0.0,,1285149.2315142695
2021-06-25 14:00:34.370,1,0.4761036474673768,663.0327767820453,0.0,,1269696.557890013
2021-06-25 14:00:34.380,1,0.4464809829584514,666.2297794866878,0.0,,1276432.8831276188
2021-06-25 14:00:34.390,1,0.5888578124323046,664.4400673155018,0.0,,1272671.9164728199
2021-06-25 14:00:34.400,1,0.5858374932713939,664.5196633007382,0.0,,1272838.3631654778
2021-06-25 14:00:34.410,1,0.4909441163293986,670.3900183104263,0.0,,1285202.755932573
2021-06-25 14:00:34.420,1,0.4969293638941195,670.0951887040269,0.0,,1284577.3062287483
2021-06-25 14:00:34.430,1,0.5546089668648261,668.8896114641019,0.0,,1282044.1220216705
2021-06-25 14:00:34.440,1,0.6031650857205545,661.5806340961758,0.0,,1266644.1613224843
2021-06-25 14:00:34.450,1,0.660960234176598,661.0366934374214,0.0,,1265502.7779454896
2021-06-25 14:00:34.460,1,0.5946793506933192,666.3023471588166,0.0,,1276591.410483815
2021-06-25 14:00:34.470,1,0.4897079174579913,666.7074758641128,0.0,,1277436.932105391
2021-06-25 14:00:34.480,1,0.5980207693780177,664.2570886066097,0.0,,1272283.1723022226
2021-06-25 14:00:34.490,1,0.6210309189185713,666.8248829494881,0.0,,1277697.000967592
2021-06-25 14:00:34.500,1,0.5749200538231971,663.2767863852156,0.0,,1270214.4461805464
2021-06-25 14:00:34.510,1,0.4526138310898361,663.5226257764025,0.0,,1270727.4565820415
2021-06-25 14:00:34.520,1,0.5148669319716584,664.0878645426249,0.0,,1271923.2350261458
2021-06-25 14:00:34.530,1,0.5463240723580792,657.9074995293894,0.0,,1258910.0457648947
2021-06-25 14:00:34.540,1,0.4679989220176532,667.8247108622805,0.0,,1279792.5822230293
2021-06-25 14:00:34.550,1,0.4472979188303386,659.6371231999801,0.0,,1262543.110434075
2021-06-25 14:00:34.560,1,0.4835758909749407,666.7331414872648,0.0,,1277494.465678027
2021-06-25 14:00:34.570,1,0.5678598504923205,660.4379601767703,0.0,,1264239.5952744319
2021-06-25 14:00:34.580,1,0.4247204271384329,665.931254721352,0.0,,1275799.7961969853
2021-06-25 14:00:34.590,1,0.5334268879623582,659.6216252441003,0.0,,1262515.281237366
2021-06-25 14:00:34.600,1,0.4434965965384341,657.7089734952135,0.0,,1258484.349571461
2021-06-25 14:00:34.610,1,0.5618019295919741,651.1074802588148,0.0,,1244603.2555471351
2021-06-25 14:00:34.620,1,0.4786934147511586,659.9972997140293,0.0,,1263304.2249656918
2021-06-25 14:00:34.630,1,0.4410277543887861,658.7623295816455,0.0,,1260702.4348903226
2021-06-25 14:00:34.640,1,0.4414373820583572,653.158054421191,0.0,,1248910.447116617
2021-06-25 14:00:34.650,1,0.4603804522906156,654.2077212004767,0.0,,1251120.6019340458
2021-06-25 14:00:34.660,1,0.3779290257089422,657.4970934201175,0.0,,1258035.8651598585
2021-06-25 14:00:34.670,1,0.4398727491941128,647.3821921332759,0.0,,1236765.9810960263
2021-06-25 14:00:34.680,1,0.4203225985365446,650.9768522200292,0.0,,1244324.392673053
2021-06-25 14:00:34.690,1,0.4414658712991293,649.7073672343054,0.0,,1241653.6382455945
2021-06-25 14:00:34.700,1,0.4076875324749815,644.7698750426357,0.0,,1231278.124737353
2021-06-25 14:00:34.710,1,0.4035055896684889,641.837406785316,0.0,,1225117.1364575424
2021-06-25 14:00:34.720,1,0.4595196895830531,648.1372477700291,0.0,,1238357.8144464737
2021-06-25 14:00:34.730,1,0.4012653116861488,651.2261661005431,0.0,,1244846.7744956305
2021-06-25 14:00:34.740,1,0.4454543331062761,646.3452828723508,0.0,,1234589.5410247864
2021-06-25 14:00:34.750,1,0.4435146270407028,644.7403803648833,0.0,,1231217.084118947
2021-06-25 14:00:34.760,1,0.520423123254221,650.4266839277027,0.0,,1243169.6548373213
2021-06-25 14:00:34.770,1,0.421650508024764,644.2709749920439,0.0,,1230228.404866785
2021-06-25 14:00:34.780,1,0.481884582961033,650.510382327566,0.0,,1243346.5763902196
2021-06-25 14:00:34.790,1,0.3713152417509986,644.1747514658814,0.0,,1230024.4724645105
2021-06-25 14:00:34.800,1,0.4550928246672771,642.7113685436877,0.0,,1226955.7971652893
2021-06-25 14:00:34.810,1,0.3913891893950916,636.9752415814049,0.0,,1214911.2810218227
2021-06-25 14:00:34.820,1,0.3677292878436638,645.1093113506467,0.0,,1231992.1761838833
2021-06-25 14:00:34.830,1,0.4367979596951816,640.5068856217673,0.0,,1222328.6634137353
2021-06-25 14:00:34.840,1,0.4292861200412534,649.4299134121623,0.0,,1241073.2705535218
2021-06-25 14:00:34.850,1,0.4863063184396278,645.5623859634212,0.0,,1232946.4199987685
2021-06-25 14:00:34.860,1,0.3936082561389881,640.7037795396284,0.0,,1222741.241584936
2021-06-25 14:00:34.870,1,0.5049702295165971,643.7203754416244,0.0,,1229078.3860739104
2021-06-25 14:00:34.880,1,0.3927252234596156,640.1282547352197,0.0,,1221527.0138851833
2021-06-25 14:00:34.890,1,0.4760496865894806,642.6780096934599,0.0,,1226889.5669247198
2021-06-25 14:00:34.900,1,0.4240340773023763,641.8120846892583,0.0,,1225066.6308521908
2021-06-25 14:00:34.910,1,0.5066123078127865,643.3496784342284,0.0,,1228300.6304499588
2021-06-25 14:00:34.920,1,0.5119340576601183,648.3657369304183,0.0,,1238837.1807468252
2021-06-25 14:00:34.930,1,0.4548087644792196,642.1700309533499,0.0,,1225819.908978894
2021-06-25 14:00:34.940,1,0.3972002010250802,640.7170936179438,0.0,,1222768.3567292527
2021-06-25 14:00:34.950,1,0.4551991276048127,646.0654862671979,0.0,,1234000.7110701585
2021-06-25 14:00:34.960,1,0.4943213590982301,647.0754084707775,0.0,,1236125.7247938297
2021-06-25 14:00:34.970,1,0.5393783709975447,641.9207358252557,0.0,,1225301.2495837312
2021-06-25 14:00:34.980,1,0.39900787054022,638.3257661934002,0.0,,1217745.089430006
2021-06-25 14:00:34.990,1,0.5042387044076589,646.0392866624201,0.0,,1233950.3368066987
2021-06-25 14:00:35.000,1,0.3827675974451255,651.8624163923057,0.0,,1246184.8461541259
2021-06-25 14:00:35.010,1,0.4874890905547228,649.2148839600595,0.0,,1240621.0810542766
2021-06-25 14:00:35.020,1,0.4061798126022734,649.1654465801214,0.0,,1240515.1923739181
2021-06-25 14:00:35.030,1,0.4089777119448448,645.2762559045714,0.0,,1232344.1403168717
2021-06-25 14:00:35.040,1,0.4416767636526955,650.3855820855607,0.0,,1243083.678973366
2021-06-25 14:00:35.050,1,0.5476516598397724,645.7047442399066,0.0,,1233246.0733885213
2021-06-25 14:00:35.060,1,0.4997184398747852,649.3956476866432,0.0,,1241002.7840909741
2021-06-25 14:00:35.070,1,0.5730008341559437,644.6799883125202,0.0,,1231095.0082713352
2021-06-25 14:00:35.080,1,0.5337878573515908,646.6691157899315,0.0,,1235276.7478462977
2021-06-25 14:00:35.090,1,0.4407619499779708,652.496136950781,0.0,,1247514.990919475
2021-06-25 14:00:35.100,1,0.5338228901086948,649.6607771461316,0.0,,1241558.1329068232
2021-06-25 14:00:35.110,1,0.5048897397361126,648.3014704996764,0.0,,1238704.1658764477
2021-06-25 14:00:35.120,1,0.5397219940584114,657.0379267011057,0.0,,1257077.3984185935
2021-06-25 14:00:35.130,1,0.5303555426286289,647.4186492560258,0.0,,1236848.221609888
2021-06-25 14:00:35.140,1,0.5863770562695063,648.9379427390886,0.0,,1240044.1105869533
2021-06-25 14:00:35.150,1,0.394576793660906,646.0564522233867,0.0,,1233974.658422532
2021-06-25 14:00:35.160,1,0.5848118581167618,646.754761262486,0.0,,1235458.6156972079
2021-06-25 14:00:35.170,1,0.5176588857613805,650.2930682516097,0.0,,1242889.7853252399
2021-06-25 14:00:35.180,1,0.3954130933062969,649.6049878364269,0.0,,1241438.6899514936
2021-06-25 14:00:35.190,1,0.4178329351548281,649.0500942915608,0.0,,1240270.8420598097
2021-06-25 14:00:35.200,1,0.4006693711089255,644.7571950859622,0.0,,1231249.9099926169
2021-06-25 14:00:35.210,1,0.5304361063724382,649.185220260875,0.0,,1240558.475759583
2021-06-25 14:00:35.220,1,0.4550087479605696,646.5849491261147,0.0,,1235092.0887295795
2021-06-25 14:00:35.230,1,0.5489175324840444,642.9240638861103,0.0,,1227408.6395387615
2021-06-25 14:00:35.240,1,0.4351866881844073,644.2684090450867,0.0,,1230227.4167516732
2021-06-25 14:00:35.250,1,0.3700549850129162,648.3707421754723,0.0,,1238838.070634821
2021-06-25 14:00:35.260,1,0.459480082708217,646.8734221184508,0.0,,1235700.703450299
2021-06-25 14:00:35.270,1,0.5212553370866919,650.263137465641,0.0,,1242827.8493696302
2021-06-25 14:00:35.280,1,0.3842596501540268,640.386751157733,0.0,,1222071.2211556556
2021-06-25 14:00:35.290,1,0.534258532107255,651.683752223866,0.0,,1245816.081423203
2021-06-25 14:00:35.300,1,0.5411714270743748,642.5970494038775,0.0,,1226720.6865204833
2021-06-25 14:00:35.310,1,0.5035119045332288,646.9542029934289,0.0,,1235871.0006846762
2021-06-25 14:00:35.320,1,0.4620386662835865,645.7440474364353,0.0,,1233323.4314276958
2021-06-25 14:00:35.330,1,0.3884912941217818,647.2950731382509,0.0,,1236583.2264567588
2021-06-25 14:00:35.340,1,0.5144648387710711,641.9242569686404,0.0,,1225305.2258689606
2021-06-25 14:00:35.350,1,0.4240289963140559,643.1781879985507,0.0,,1227935.3193107494
2021-06-25 14:00:35.360,1,0.3391570296916324,640.9100776036622,0.0,,1223165.5076714205
2021-06-25 14:00:35.370,1,0.4870618990898572,641.1774804443536,0.0,,1223737.091930461
2021-06-25 14:00:35.380,1,0.3872710788740438,640.640383574319,0.0,,1222607.4832318325
2021-06-25 14:00:35.390,1,0.4114366180029763,644.7134484914272,0.0,,1231157.1047663137
2021-06-25 14:00:35.400,1,0.3311114746952501,640.8254963906728,0.0,,1222991.387708916
2021-06-25 14:00:35.410,1,0.317614917253782,647.1807466275759,0.0,,1236340.811767006
2021-06-25 14:00:35.420,1,0.4392098092266486,640.390165992166,0.0,,1222083.6783617358
2021-06-25 14:00:35.430,1,0.4097320738965915,648.1155758649272,0.0,,1238307.2714243836
2021-06-25 14:00:35.440,1,0.3814316261817801,643.5939055464262,0.0,,1228807.661093175
2021-06-25 14:00:35.450,1,0.4152340231429763,642.8992798627737,0.0,,1227349.3897345618
2021-06-25 14:00:35.460,1,0.4275437648043148,640.8273096533464,0.0,,1223002.9115889082
2021-06-25 14:00:35.470,1,0.3943907362015568,643.209319487627,0.0,,1227997.7689682967
2021-06-25 14:00:35.480,1,0.3127733466161522,646.3782909780832,0.0,,1234652.8445293056
2021-06-25 14:00:35.490,1,0.4200609275279327,644.454695614995,0.0,,1230616.0258881352
2021-06-25 14:00:35.500,1,0.3270634501659994,637.6516736386009,0.0,,1216326.7770380257
2021-06-25 14:00:35.510,1,0.4139456645741945,641.8247860456871,0.0,,1225091.4233076426
2021-06-25 14:00:35.520,1,0.3588198816668362,647.7898000285579,0.0,,1237618.4730116946
2021-06-25 14:00:35.530,1,0.3386191517823983,644.0305511361413,0.0,,1229722.97614701
2021-06-25 14:00:35.540,1,0.4083961589054801,643.0399721477876,0.0,,1227642.5239841244
2021-06-25 14:00:35.550,1,0.4105719166818632,641.6498614757061,0.0,,1224726.8455598352
2021-06-25 14:00:35.560,1,0.3166008098511861,648.3622877987066,0.0,,1238821.8570299263
2021-06-25 14:00:35.570,1,0.4227525327677561,643.8977329460928,0.0,,1229443.8039103528
2021-06-25 14:00:35.580,1,0.3058898746804349,644.7474898708224,0.0,,1231228.4536700367
2021-06-25 14:00:35.590,1,0.2992110858095902,646.2822539961554,0.0,,1234448.0303175398
2021-06-25 14:00:35.600,1,0.3935473634400189,650.6153653917328,0.0,,1243562.4413694458
2021-06-25 14:00:35.610,1,0.3762085864040768,652.7506670480709,0.0,,1248053.0794403795
2021-06-25 14:00:35.620,1,0.3264940091879499,647.103399314005,0.0,,1236173.5018227005
2021-06-25 14:00:35.630,1,0.3358910234489403,651.2834419148774,0.0,,1244964.3320424722
2021-06-25 14:00:35.640,1,0.320155228873208,647.6618777596576,0.0,,1237349.0591145917
2021-06-25 14:00:35.650,1,0.4000905491995111,649.8952283243617,0.0,,1242044.398192523
2021-06-25 14:00:35.660,1,0.3332133777441353,650.875486776779,0.0,,1244104.5173263974
2021-06-25 14:00:35.670,1,0.3067279584950582,659.1403168159377,0.0,,1261492.0710896708
2021-06-25 14:00:35.680,1,0.2993455115471403,652.8003836657842,0.0,,1248152.5002149632
2021-06-25 14:00:35.690,1,0.3837228723980617,655.670041041213,0.0,,1254193.7011704918
2021-06-25 14:00:35.700,1,0.3988796064105154,660.92838896568,0.0,,1265260.014686874
2021-06-25 14:00:35.710,1,0.3593899550030622,657.3485071108703,0.0,,1257723.6684249528
2021-06-25 14:00:35.720,1,0.3883557183224883,657.1221389808318,0.0,,1257252.3993042018
2021-06-25 14:00:35.730,1,0.3638199032418963,655.3776138390809,0.0,,1253575.332280352
2021-06-25 14:00:35.740,1,0.3803805979278184,654.0417447130533,0.0,,1250766.2937141059
2021-06-25 14:00:35.750,1,0.3774122147649492,659.7859784349746,0.0,,1262854.524075902
2021-06-25 14:00:35.760,1,0.4035578132977923,657.9003083273151,0.0,,1258884.3627197775
2021-06-25 14:00:35.770,1,0.3421428490534237,659.4438294404623,0.0,,1262131.5673422227
2021-06-25 14:00:35.780,1,0.4234559688290793,660.0809945109422,0.0,,1263479.715465378
2021-06-25 14:00:35.790,1,0.4120489010781957,657.7436294908114,0.0,,1258559.1766095294
2021-06-25 14:00:35.800,1,0.3478028726483053,647.5227522615347,0.0,,1237056.6840586227
2021-06-25 14:00:35.810,1,0.3377580080228083,661.814597077358,0.0,,1267120.0455009656
2021-06-25 14:00:35.820,1,0.4390968513161109,657.4364742443163,0.0,,1257911.0162001436
2021-06-25 14:00:35.830,1,0.4094771407949795,662.6488079033203,0.0,,1268884.9585802676
2021-06-25 14:00:35.840,1,0.3412007320945454,661.5504022987083,0.0,,1266566.9021639756
2021-06-25 14:00:35.850,1,0.4715019025201602,660.350488121886,0.0,,1264045.948014299
2021-06-25 14:00:35.860,1,0.4163403938926874,664.2522309196837,0.0,,1272263.8319670423
2021-06-25 14:00:35.870,1,0.4389387701664335,658.0605413345475,0.0,,1259225.3709932896
2021-06-25 14:00:35.880,1,0.5089872766136564,656.5569790903496,0.0,,1256065.371241644
2021-06-25 14:00:35.890,1,0.4251478410233703,660.4573057117464,0.0,,1264269.9359965676
2021-06-25 14:00:35.900,1,0.3872772097574685,657.8052360261572,0.0,,1258685.337722086
2021-06-25 14:00:35.910,1,0.5016441439311289,657.3376111182873,0.0,,1257704.6571699071
2021-06-25 14:00:35.920,1,0.4693016122537786,655.2942145274328,0.0,,1253404.8447649223
2021-06-25 14:00:35.930,1,0.4613735790653498,657.7998699225773,0.0,,1258679.191088051
2021-06-25 14:00:35.940,1,0.3726788604939609,657.3252390245003,0.0,,1257675.5527452992
2021-06-25 14:00:35.950,1,0.4593682691939652,656.0965569792605,0.0,,1255091.6640679874
2021-06-25 14:00:35.960,1,0.404441636902576,649.8136867865844,0.0,,1241877.7970879693
2021-06-25 14:00:35.970,1,0.4311064365353961,652.8035318962618,0.0,,1248163.1746025376
2021-06-25 14:00:35.980,1,0.4273013879615488,645.5425283951922,0.0,,1232902.5480764217
2021-06-25 14:00:35.990,1,0.4908036147660492,654.7381628805506,0.0,,1252236.7414500634
2021-06-25 14:00:36.000,1,0.4382536890227261,649.6317445586415,0.0,,1241493.3468364677
2021-06-25 14:00:36.010,1,0.4614849544537531,646.4404335341698,0.0,,1234794.7221160883
2021-06-25 14:00:36.020,1,0.4206883794955809,651.1042387594754,0.0,,1244595.8893274227
2021-06-25 14:00:36.030,1,0.3221617387764235,644.8889931587528,0.0,,1231527.223940657
2021-06-25 14:00:36.040,1,0.4474516470775842,645.4827347238245,0.0,,1232775.6655715208
2021-06-25 14:00:36.050,1,0.3413950418587822,650.3150889976882,0.0,,1242924.072075115
2021-06-25 14:00:36.060,1,0.4098092298763551,646.5040506005606,0.0,,1234919.659989947
2021-06-25 14:00:36.070,1,0.3708311886122389,642.49920116073,0.0,,1226501.327874996
2021-06-25 14:00:36.080,1,0.308986447084831,647.8794316362356,0.0,,1237807.0119779026
2021-06-25 14:00:36.090,1,0.3043003104791024,643.1349085519131,0.0,,1227840.7623616727
2021-06-25 14:00:36.100,1,0.4216244449907486,643.0498067723878,0.0,,1227665.8678361776
2021-06-25 14:00:36.110,1,0.3905718822012082,641.900816591852,0.0,,1225249.0653082635
2021-06-25 14:00:36.120,1,0.2840388910277146,643.7937032679181,0.0,,1229223.71296761
2021-06-25 14:00:36.130,1,0.3466962317770921,646.5953998973246,0.0,,1235110.5262381409
2021-06-25 14:00:36.140,1,0.333908964511852,643.3744429650401,0.0,,1228339.3294169276
2021-06-25 14:00:36.150,1,0.4056957202870187,641.914350887615,0.0,,1225280.6398585269
2021-06-25 14:00:36.160,1,0.4099178594469726,642.1815766949733,0.0,,1225844.5914929726
2021-06-25 14:00:36.170,1,0.3831958776712522,649.5065419287704,0.0,,1241230.448673354
2021-06-25 14:00:36.180,1,0.2821212284999759,646.4469934626063,0.0,,1234795.4838829983
2021-06-25 14:00:36.190,1,0.3493456885819455,640.0384023674293,0.0,,1221339.4789839177
2021-06-25 14:00:36.200,1,0.2771319431980864,644.4191000490224,0.0,,1230536.8612431807
2021-06-25 14:00:36.210,1,0.3581333167612999,647.9710426213892,0.0,,1238000.309769823
2021-06-25 14:00:36.220,1,0.287768218219568,638.1178543662301,0.0,,1217306.4101186274
2021-06-25 14:00:36.230,1,0.3057154857367889,639.2676894622709,0.0,,1219722.574174187
2021-06-25 14:00:36.240,1,0.2840284470920021,645.1403575516413,0.0,,1232048.5018822707
2021-06-25 14:00:36.250,1,0.309114144250363,644.1716663298197,0.0,,1230017.6269894554
2021-06-25 14:00:36.260,1,0.2819806414611861,648.4761247562302,0.0,,1239061.6074287822
2021-06-25 14:00:36.270,1,0.2896460986117058,649.8035668435984,0.0,,1241849.1198016987
2021-06-25 14:00:36.280,1,0.3180161663894945,641.2665016318932,0.0,,1223914.762855691
2021-06-25 14:00:36.290,1,0.2765423760922837,648.2882735536994,0.0,,1238665.62569727
2021-06-25 14:00:36.300,1,0.3453833162277859,645.7456481332138,0.0,,1233323.5251705784
2021-06-25 14:00:36.310,1,0.3706132625346259,646.7344640408347,0.0,,1235403.8738468068
2021-06-25 14:00:36.320,1,0.3202554739736233,645.0091218599234,0.0,,1231778.1402442814
2021-06-25 14:00:36.330,1,0.3927917281293737,646.1181311891263,0.0,,1234110.73283318
2021-06-25 14:00:36.340,1,0.2769892316654981,647.0483332751725,0.0,,1236058.4796670196
2021-06-25 14:00:36.350,1,0.3494279029337419,649.1304780555943,0.0,,1240438.1913799935
2021-06-25 14:00:36.360,1,0.2855708550027752,646.8764491685126,0.0,,1235695.370017072
2021-06-25 14:00:36.370,1,0.3388952171204448,652.8219721523047,0.0,,1248199.5614631057
2021-06-25 14:00:36.380,1,0.3285553420148214,651.627784237991,0.0,,1245689.2455897813
2021-06-25 14:00:36.390,1,0.2939643507122689,647.3970683763489,0.0,,1236791.5117901675
2021-06-25 14:00:36.400,1,0.3868340613446649,650.5054444783158,0.0,,1243327.6721349133
2021-06-25 14:00:36.410,1,0.3767542156006801,656.0098851265143,0.0,,1254906.9876733443
2021-06-25 14:00:36.420,1,0.4372841239827141,653.0840738463897,0.0,,1248753.641769556
2021-06-25 14:00:36.430,1,0.4006368533773083,650.7004367659747,0.0,,1243743.7631726093
2021-06-25 14:00:36.440,1,0.4348459045965044,643.1426816245408,0.0,,1227866.4864245637
2021-06-25 14:00:36.450,1,0.4535423089907243,642.2390834625021,0.0,,1225965.130631607
2021-06-25 14:00:36.460,1,0.3654073046770562,649.2972958550035,0.0,,1240787.9943940307
2021-06-25 14:00:36.470,1,0.3531740258502621,655.1717905587058,0.0,,1253144.4411959867
2021-06-25 14:00:36.480,1,0.3784760961115799,650.0816293218636,0.0,,1242438.8519693122
2021-06-25 14:00:36.490,1,0.3286238753405294,648.193988009862,0.0,,1238469.2082886868
2021-06-25 14:00:36.500,1,0.366587104511124,654.3798147337712,0.0,,1251474.6732579588
2021-06-25 14:00:36.510,1,0.3353307806107901,651.2634698712277,0.0,,1244923.2918555369
2021-06-25 14:00:36.520,1,0.3355157281788899,649.8460163818537,0.0,,1241941.215517798
2021-06-25 14:00:36.530,1,0.3914626208482001,649.117828112722,0.0,,1240412.4535715827
2021-06-25 14:00:36.540,1,0.3667656512035421,644.4185687470763,0.0,,1230535.9228878398
2021-06-25 14:00:36.550,1,0.3444840402333459,644.4618932988323,0.0,,1230628.0703064841
2021-06-25 14:00:36.560,1,0.4791754303063664,648.1024447973327,0.0,,1238283.992957819
2021-06-25 14:00:36.570,1,0.4285401515763453,645.2172967473533,0.0,,1232217.47197692
2021-06-25 14:00:36.580,1,0.5031363960400448,640.9790175535485,0.0,,1223324.1905757594
2021-06-25 14:00:36.590,1,0.3625843087132365,641.3290801761644,0.0,,1224049.2599435598
2021-06-25 14:00:36.600,1,0.4100211088574895,646.0045476984054,0.0,,1233870.9765446703
2021-06-25 14:00:36.610,1,0.461602185508349,642.0183018898861,0.0,,1225502.9048287368
2021-06-25 14:00:36.620,1,0.5146945588646079,639.6853499884412,0.0,,1220604.7076039177
2021-06-25 14:00:36.630,1,0.4858783643479613,636.1323279758385,0.0,,1213148.9174471635
2021-06-25 14:00:36.640,1,0.4672814496186047,641.4004720963871,0.0,,1224200.5352702946
2021-06-25 14:00:36.650,1,0.5142044840743945,635.0818340210495,0.0,,1210950.7563243955
2021-06-25 14:00:36.660,1,0.4879884465963585,635.4412197626988,0.0,,1211697.6176579464
2021-06-25 14:00:36.670,1,0.4118573287589579,635.5891197879314,0.0,,1212005.2529458134
2021-06-25 14:00:36.680,1,0.4071307066313109,637.8895861369523,0.0,,1216828.537089071
2021-06-25 14:00:36.690,1,0.4238287298268336,637.5503739199853,0.0,,1216118.595440476
2021-06-25 14:00:36.700,1,0.4009241818950598,637.7079756416023,0.0,,1216447.8297441455
2021-06-25 14:00:36.710,1,0.4534492873624188,634.0237935499279,0.0,,1208722.7859476537
2021-06-25 14:00:36.720,1,0.4312701756671011,633.7352156649288,0.0,,1208120.0979956638
2021-06-25 14:00:36.730,1,0.4350723179932101,632.0686545458677,0.0,,1204626.5057956611
2021-06-25 14:00:36.740,1,0.5015719790707879,632.9156938091835,0.0,,1206403.2195134363
2021-06-25 14:00:36.750,1,0.3833538448137916,634.0099210509604,0.0,,1208692.474220516
2021-06-25 14:00:36.760,1,0.4350121830759263,633.0260464962433,0.0,,1206631.5052748034
2021-06-25 14:00:36.770,1,0.4534926184587233,626.2428887304243,0.0,,1192418.4662222224
2021-06-25 14:00:36.780,1,0.3810771994822537,631.2123461867848,0.0,,1202826.1518586967
2021-06-25 14:00:36.790,1,0.4477284363470556,642.8663925365883,0.0,,1227284.2348066666
2021-06-25 14:00:36.800,1,0.3751754937445212,632.7812029673179,0.0,,1206116.680548064
2021-06-25 14:00:36.810,1,0.4620283920271695,635.8211299571859,0.0,,1212495.054579723
2021-06-25 14:00:36.820,1,0.3628740135786452,636.2062967837363,0.0,,1213298.5487498846
2021-06-25 14:00:36.830,1,0.3564587280993192,632.2630606327938,0.0,,1205028.0795547569
2021-06-25 14:00:36.840,1,0.3621621009217369,636.11525775936,0.0,,1213105.101327544
2021-06-25 14:00:36.850,1,0.4560585158985538,635.944379938392,0.0,,1212753.7589094816
2021-06-25 14:00:36.860,1,0.3364902777934834,638.3931515732594,0.0,,1217884.7426631849
2021-06-25 14:00:36.870,1,0.3166452899870747,639.4332505052411,0.0,,1220069.1180383062
2021-06-25 14:00:36.880,1,0.3745913974506742,637.7830781327159,0.0,,1216606.832922524
2021-06-25 14:00:36.890,1,0.3557536176945747,637.4436956064269,0.0,,1215896.9573770978
2021-06-25 14:00:36.900,1,0.3316847557479888,639.530914113178,0.0,,1220273.7259877482
2021-06-25 14:00:36.910,1,0.4466330642320991,642.8352250611413,0.0,,1227214.7965529277
2021-06-25 14:00:36.920,1,0.3767523906104388,642.7106075753105,0.0,,1226948.9126369802
2021-06-25 14:00:36.930,1,0.4021342611419982,638.3196287050762,0.0,,1217732.4618313338
2021-06-25 14:00:36.940,1,0.3945096549686482,642.0872775721897,0.0,,1225641.8141330504
2021-06-25 14:00:36.950,1,0.3229515681783805,644.8786791862253,0.0,,1231500.0337074685
2021-06-25 14:00:36.960,1,0.4069214768634082,643.4148535794012,0.0,,1228434.6531621001
2021-06-25 14:00:36.970,1,0.401526172834955,641.8304897665378,0.0,,1225106.5493038623
2021-06-25 14:00:36.980,1,0.3314572437849662,646.6775020194506,0.0,,1235282.7658022223
2021-06-25 14:00:36.990,1,0.3241828206343729,651.9642384458845,0.0,,1246392.2407383302
2021-06-25 14:00:37.000,1,0.3658373358345945,646.5640830369251,0.0,,1235045.9661250713
2021-06-25 14:00:37.010,1,0.3436253397570921,648.9467730498242,0.0,,1240053.2738276229
2021-06-25 14:00:37.020,1,0.3246639977505813,648.4017225318012,0.0,,1238904.8163230696
2021-06-25 14:00:37.030,1,0.4146001805297329,658.2355696457665,0.0,,1259592.4189436676
2021-06-25 14:00:37.040,1,0.3226606509141316,640.5012345656144,0.0,,1222311.8668717945
2021-06-25 14:00:37.050,1,0.3084954716590189,646.1266756751768,0.0,,1234120.227163016
2021-06-25 14:00:37.060,1,0.4390906074753667,643.258442178927,0.0,,1228104.6903311948
2021-06-25 14:00:37.070,1,0.4095273067977836,647.5558392860372,0.0,,1237131.9732180252
2021-06-25 14:00:37.080,1,0.3231066307326606,649.7394218233733,0.0,,1241715.8380821573
2021-06-25 14:00:37.090,1,0.3658882218912079,656.0209226504335,0.0,,1254932.3885115695
2021-06-25 14:00:37.100,1,0.4334729206628263,662.4983109661613,0.0,,1268571.38336441
2021-06-25 14:00:37.110,1,0.3808957391325129,649.9760525917152,0.0,,1242217.3362231585
2021-06-25 14:00:37.120,1,0.4350158953051208,654.4621597004083,0.0,,1251652.6808391514
2021-06-25 14:00:37.130,1,0.4742249449774545,645.4344459628815,0.0,,1232674.5582728481
2021-06-25 14:00:37.140,1,0.4995085712967075,654.6589465718437,0.0,,1252070.016643452
2021-06-25 14:00:37.150,1,0.4988533130941179,648.6532224580019,0.0,,1239444.1210602568
2021-06-25 14:00:37.160,1,0.4188552207925746,649.5656223534153,0.0,,1241357.7116616396
2021-06-25 14:00:37.170,1,0.4044500930561821,647.3854101708915,0.0,,1236770.662217321
2021-06-25 14:00:37.180,1,0.48941694558191,648.9438176245661,0.0,,1240050.3018800179
2021-06-25 14:00:37.190,1,0.4103688893614443,652.7159990824288,0.0,,1247979.2028490896
2021-06-25 14:00:37.200,1,0.4333820221832579,650.3451518999439,0.0,,1242993.714311688
2021-06-25 14:00:37.210,1,0.4508753041389179,650.7878185788672,0.0,,1243929.0336316575
2021-06-25 14:00:37.220,1,0.3792092513119005,654.058753594746,0.0,,1250800.999917937
2021-06-25 14:00:37.230,1,0.4436249324475605,650.8684516539615,0.0,,1244097.8752711336
2021-06-25 14:00:37.240,1,0.4712979408035231,647.7015228657667,0.0,,1237440.6997956194
2021-06-25 14:00:37.250,1,0.5084247787015979,646.8382885384086,0.0,,1235630.066350954
2021-06-25 14:00:37.260,1,0.5649551048706208,651.5904447448013,0.0,,1245620.64170946
2021-06-25 14:00:37.270,1,0.5064075535054708,649.1982638288338,0.0,,1240586.167244561
2021-06-25 14:00:37.280,1,0.488701036358604,650.5344628990991,0.0,,1243394.7520770498
2021-06-25 14:00:37.290,1,0.4328195963822668,641.6616465802218,0.0,,1224754.9737952347
2021-06-25 14:00:37.300,1,0.520132423888798,646.8879713115721,0.0,,1235734.3403966771
2021-06-25 14:00:37.310,1,0.3994420738226202,650.005579675219,0.0,,1242278.1985159921
2021-06-25 14:00:37.320,1,0.5205861860158161,652.9296674418563,0.0,,1248434.0791728895
2021-06-25 14:00:37.330,1,0.5881956240885087,649.0842461085344,0.0,,1240353.5408113922
2021-06-25 14:00:37.340,1,0.6085761729726983,647.2272593399141,0.0,,1236447.4625529288
2021-06-25 14:00:37.350,1,0.5467342663074344,646.3855541417868,0.0,,1234679.3876269541
2021-06-25 14:00:37.360,1,0.5730000260110071,648.9664469244,0.0,,1240103.8761961856
2021-06-25 14:00:37.370,1,0.569229034670648,647.0950073866982,0.0,,1236172.593842087
2021-06-25 14:00:37.380,1,0.6025289747895264,643.503634107606,0.0,,1228627.1802381342
2021-06-25 14:00:37.390,1,0.4407103834844567,649.6042482398792,0.0,,1241437.3071201807
2021-06-25 14:00:37.400,1,0.5064073183078537,646.263192047941,0.0,,1234421.766237164
2021-06-25 14:00:37.410,1,0.4495532295684802,645.0087236453828,0.0,,1231780.8653424107
2021-06-25 14:00:37.420,1,0.5860516329026024,642.1270139760618,0.0,,1225732.5914941174
2021-06-25 14:00:37.430,1,0.5723292932419964,645.2594120466467,0.0,,1232316.066821087
2021-06-25 14:00:37.440,1,0.5960828605850211,648.046950763487,0.0,,1238172.1144373317
2021-06-25 14:00:37.450,1,0.4976610657252376,643.0205103020585,0.0,,1227606.3709416816
2021-06-25 14:00:37.460,1,0.4697696591416446,648.1420787699035,0.0,,1238363.1610389622
2021-06-25 14:00:37.470,1,0.4718763899382595,651.1584468123423,0.0,,1244707.7714617702
2021-06-25 14:00:37.480,1,0.5138561511905568,651.435763338361,0.0,,1245291.906216113
2021-06-25 14:00:37.490,1,0.5740535703847109,656.7237079673782,0.0,,1256418.6692979564
2021-06-25 14:00:37.500,1,0.4420804882127311,657.0712013467746,0.0,,1257144.6075258022
2021-06-25 14:00:37.510,1,0.4121025350945368,654.4295536934774,0.0,,1251586.7006602704
2021-06-25 14:00:37.520,1,0.4780124284394004,652.1252371574094,0.0,,1246741.823484269
2021-06-25 14:00:37.530,1,0.3867499360066581,654.1899508119059,0.0,,1251074.6114545506
2021-06-25 14:00:37.540,1,0.4345262790105533,653.9673694119285,0.0,,1250612.9111475274
2021-06-25 14:00:37.550,1,0.4836793968967177,648.1163545865596,0.0,,1238312.8841507342
2021-06-25 14:00:37.560,1,0.510019342548535,648.9068649701012,0.0,,1239976.3790462704
2021-06-25 14:00:37.570,1,0.4559468095469841,658.4483474518632,0.0,,1260041.7285678359
2021-06-25 14:00:37.580,1,0.5438707236134152,658.9804795495048,0.0,,1261167.6333913293
2021-06-25 14:00:37.590,1,0.4023807782630252,659.7588014535028,0.0,,1262798.2508018946
2021-06-25 14:00:37.600,1,0.4456264458573113,659.9837185465502,0.0,,1263273.2451789672
2021-06-25 14:00:37.610,1,0.3647937169414393,657.8353756208703,0.0,,1258745.4833311962
2021-06-25 14:00:37.620,1,0.4684286770998163,656.7598228392196,0.0,,1256489.4128264405
2021-06-25 14:00:37.630,1,0.4034717984136095,660.0679298523443,0.0,,1263448.262001102
2021-06-25 14:00:37.640,1,0.5407812467722368,655.2649556315911,0.0,,1253345.2630994504
2021-06-25 14:00:37.650,1,0.384404255842842,657.831509516643,0.0,,1258737.440600913
2021-06-25 14:00:37.660,1,0.5329643457574552,663.7175649125229,0.0,,1271140.5176443197
2021-06-25 14:00:37.670,1,0.499836254150839,662.016950210797,0.0,,1267562.590083265
2021-06-25 14:00:37.680,1,0.402084854399058,663.9728974596887,0.0,,1271674.9715232204
2021-06-25 14:00:37.690,1,0.3672277896427993,669.0243837063144,0.0,,1282316.1860504993
2021-06-25 14:00:37.700,1,0.4904773619266543,661.9579845856798,0.0,,1267432.546726584
2021-06-25 14:00:37.710,1,0.4586807360887855,663.9995125323339,0.0,,1271733.2642101075
2021-06-25 14:00:37.720,1,0.4190702857169873,665.5182313281325,0.0,,1274931.8731224092
2021-06-25 14:00:37.730,1,0.3737246348037019,658.9784956104858,0.0,,1261155.5784431559
2021-06-25 14:00:37.740,1,0.4615753109183884,660.8467971251192,0.0,,1265091.9305817878
2021-06-25 14:00:37.750,1,0.3664215252202422,666.739222193055,0.0,,1277501.7285508886
2021-06-25 14:00:37.760,1,0.5046492153083323,664.3916572794011,0.0,,1272562.4183545257
2021-06-25 14:00:37.770,1,0.3987759679585363,663.0328421260023,0.0,,1269693.3025866898
2021-06-25 14:00:37.780,1,0.5350470040269205,661.9416899397745,0.0,,1267400.6008092554
2021-06-25 14:00:37.790,1,0.4244821678002661,659.6046942470244,0.0,,1262475.0241099226
2021-06-25 14:00:37.800,1,0.4078371436241399,665.024650996865,0.0,,1273889.1635676583
2021-06-25 14:00:37.810,1,0.4079589747100851,661.9516317698212,0.0,,1267414.2569401711
2021-06-25 14:00:37.820,1,0.474938558960967,665.4870202402135,0.0,,1274866.820696468
2021-06-25 14:00:37.830,1,0.5092149217012336,661.8379512686176,0.0,,1267181.4652716422
2021-06-25 14:00:37.840,1,0.4301272947646009,658.4714640277023,0.0,,1260089.905329952
2021-06-25 14:00:37.850,1,0.4029910246329821,660.9301638174078,0.0,,1265265.3047507335
2021-06-25 14:00:37.860,1,0.4244579688337129,657.483170615665,0.0,,1258008.813765519
2021-06-25 14:00:37.870,1,0.5436056290144505,659.6735697672879,0.0,,1262625.6799530766
2021-06-25 14:00:37.880,1,0.541354582536961,658.873543903872,0.0,,1260941.7404854384
2021-06-25 14:00:37.890,1,0.4890618146926864,660.416903048785,0.0,,1264188.6163897852
2021-06-25 14:00:37.900,1,0.6011787480478535,658.7936569401343,0.0,,1260777.4798629626
2021-06-25 14:00:37.910,1,0.599953614464116,654.4158409862837,0.0,,1251562.7027050387
2021-06-25 14:00:37.920,1,0.4576728235071974,654.8086462888532,0.0,,1252379.099714124
2021-06-25 14:00:37.930,1,0.5118707368006313,656.8722147204547,0.0,,1256726.5563549763
2021-06-25 14:00:37.940,1,0.585926325129611,655.133910599361,0.0,,1253075.9190355067
2021-06-25 14:00:37.950,1,0.4803997289259535,654.4544681221466,0.0,,1251635.523891628
2021-06-25 14:00:37.960,1,0.4574884198603385,655.5386057860206,0.0,,1253922.497843289
2021-06-25 14:00:37.970,1,0.6109807797229699,651.8953993952503,0.0,,1246263.9595949803
2021-06-25 14:00:37.980,1,0.5093716673486629,655.1012855973038,0.0,,1253002.4700373812
2021-06-25 14:00:37.990,1,0.6148212500561613,645.5738839533019,0.0,,1232977.0382308608
2021-06-25 14:00:38.000,1,0.5855167522598638,654.5288931608635,0.0,,1251799.7806402543
2021-06-25 14:00:38.010,1,0.535809839156933,651.4602848799465,0.0,,1245345.7230558735
2021-06-25 14:00:38.020,1,0.6546010459605663,653.0709129449546,0.0,,1248736.2159158338
2021-06-25 14:00:38.030,1,0.6590481427938353,647.7890920416048,0.0,,1237632.627753966
2021-06-25 14:00:38.040,1,0.5263423448987179,646.3402653544571,0.0,,1234583.0034511583
2021-06-25 14:00:38.050,1,0.6441048196379542,645.4656138701008,0.0,,1232748.3016814305
2021-06-25 14:00:38.060,1,0.4994869352885927,646.0478232140206,0.0,,1233967.3161492152
2021-06-25 14:00:38.070,1,0.6810727792075006,645.8382806951786,0.0,,1233535.0211590163
2021-06-25 14:00:38.080,1,0.575646573723724,644.091056715537,0.0,,1229859.5331885586
2021-06-25 14:00:38.090,1,0.6287997221071393,642.560186956593,0.0,,1226648.4060385514
2021-06-25 14:00:38.100,1,0.6128330694755653,644.7030509696721,0.0,,1231148.363529067
2021-06-25 14:00:38.110,1,0.5377670151876622,641.7300977099334,0.0,,1224900.640957379
2021-06-25 14:00:38.120,1,0.5189203269090417,647.242884750004,0.0,,1236478.122189429
2021-06-25 14:00:38.130,1,0.6210178132733414,643.6947947530914,0.0,,1229034.108143079
2021-06-25 14:00:38.140,1,0.470893290017919,642.4689042300414,0.0,,1226445.5063045295
2021-06-25 14:00:38.150,1,0.6505089275450107,641.2157439393422,0.0,,1223825.9129544662
2021-06-25 14:00:38.160,1,0.5561840942148264,640.4096062413587,0.0,,1222131.749673803
2021-06-25 14:00:38.170,1,0.5637904066942511,642.2551257756836,0.0,,1226003.7243408253
2021-06-25 14:00:38.180,1,0.5477080785261714,645.1023825546638,0.0,,1231985.715630451
2021-06-25 14:00:38.190,1,0.5441856200980315,646.836984144235,0.0,,1235629.8083533403
2021-06-25 14:00:38.200,1,0.5870592604673915,639.7051953866559,0.0,,1220652.7170454413
2021-06-25 14:00:38.210,1,0.5430544425464824,644.1586199480153,0.0,,1230000.8123324611
2021-06-25 14:00:38.220,1,0.6279203123990047,651.2156225923054,0.0,,1244833.9480571887
2021-06-25 14:00:38.230,1,0.5444305237576553,643.0824555162602,0.0,,1227741.5707421824
2021-06-25 14:00:38.240,1,0.5999425054066506,646.1218589535223,0.0,,1234123.3223243582
2021-06-25 14:00:38.250,1,0.4316266178968299,653.6800636993237,0.0,,1250008.1513427903
2021-06-25 14:00:38.260,1,0.4209823392650529,645.5422186859566,0.0,,1232901.4520148626
2021-06-25 14:00:38.270,1,0.5949192566999536,643.9629034906925,0.0,,1229589.7796351195
2021-06-25 14:00:38.280,1,0.4539347249972893,649.7310446157534,0.0,,1241704.0063973318
2021-06-25 14:00:38.290,1,0.5840068145226244,644.3384273939492,0.0,,1230379.0069869393
2021-06-25 14:00:38.300,1,0.433495126574364,652.0056888335738,0.0,,1246485.964899858
2021-06-25 14:00:38.310,1,0.5597250047422776,653.1840734152482,0.0,,1248967.2915630827
2021-06-25 14:00:38.320,1,0.4336336623690493,649.6788488237175,0.0,,1241591.8025880805
2021-06-25 14:00:38.330,1,0.446585948382236,659.2979082272627,0.0,,1261831.569544868
2021-06-25 14:00:38.340,1,0.5206880075600788,653.550600931012,0.0,,1249738.5379278685
2021-06-25 14:00:38.350,1,0.4117474483673481,651.9926592964656,0.0,,1246456.0215807415
2021-06-25 14:00:38.360,1,0.5525263300549483,652.6894181020193,0.0,,1247929.6802706667
2021-06-25 14:00:38.370,1,0.4700432884791158,654.0143505826729,0.0,,1250714.1637705076
2021-06-25 14:00:38.380,1,0.3946193712597471,651.5452962199253,0.0,,1245515.8048691752
2021-06-25 14:00:38.390,1,0.479672116312968,655.5037903699392,0.0,,1253845.23762795
2021-06-25 14:00:38.400,1,0.5528516775335414,657.9722740225318,0.0,,1259048.3479994885
2021-06-25 14:00:38.410,1,0.4652509266880723,650.2109677898193,0.0,,1242713.6876675393
2021-06-25 14:00:38.420,1,0.5498031284176133,652.6416237622915,0.0,,1247828.626018383
2021-06-25 14:00:38.430,1,0.4490061208882005,658.0863986247273,0.0,,1259282.3776866917
2021-06-25 14:00:38.440,1,0.4971335688004308,651.5140436292625,0.0,,1245452.4412961772
2021-06-25 14:00:38.450,1,0.5260522276265351,648.3952270588468,0.0,,1238901.3944781388
2021-06-25 14:00:38.460,1,0.4669994122763726,646.6426969508464,0.0,,1235213.2639061958
2021-06-25 14:00:38.470,1,0.4268385525227347,652.1143969213073,0.0,,1246713.6427912435
2021-06-25 14:00:38.480,1,0.4361492961472039,652.4383762141915,0.0,,1247392.5713843415
2021-06-25 14:00:38.490,1,0.526758670076506,650.538172140582,0.0,,1243408.18984736
2021-06-25 14:00:38.500,1,0.4565441353485115,660.4209255477735,0.0,,1264197.4443976071
2021-06-25 14:00:38.510,1,0.5473218499831171,652.6300893002767,0.0,,1247805.9730335558
2021-06-25 14:00:38.520,1,0.4303627524849358,653.5158442227878,0.0,,1249660.6500961755
2021-06-25 14:00:38.530,1,0.4399649914424998,653.71898934196,0.0,,1250091.1650186244
2021-06-25 14:00:38.540,1,0.4120743284348319,653.9095936760879,0.0,,1250488.5606405241
2021-06-25 14:00:38.550,1,0.5273997747773621,652.2585131790929,0.0,,1247020.8495125715
2021-06-25 14:00:38.560,1,0.3951578344502846,645.9020737354682,0.0,,1233656.9929537906
2021-06-25 14:00:38.570,1,0.5610363004280324,650.8880138068388,0.0,,1244139.2774865478
2021-06-25 14:00:38.580,1,0.4159312952321263,649.282096370441,0.0,,1240758.6876489257
2021-06-25 14:00:38.590,1,0.3898851805102262,644.3099102202898,0.0,,1230308.7028623158
2021-06-25 14:00:38.600,1,0.4663188167675384,651.8136429455426,0.0,,1246082.7956138116
2021-06-25 14:00:38.610,1,0.4935403009950418,647.5487695546609,0.0,,1237118.4595313466
2021-06-25 14:00:38.620,1,0.5215340684566305,647.6060937979056,0.0,,1237240.1480182584
2021-06-25 14:00:38.630,1,0.4735173018970355,642.2652395683333,0.0,,1226020.8048270224
2021-06-25 14:00:38.640,1,0.5738174079320547,645.4717137169828,0.0,,1232760.857732637
2021-06-25 14:00:38.650,1,0.530215260098361,648.3042927384073,0.0,,1238703.6060577326
2021-06-25 14:00:38.660,1,0.5396034976581768,646.3207898444854,0.0,,1234544.9958588418
2021-06-25 14:00:38.670,1,0.5828549390031592,645.8320896073892,0.0,,1233515.5561879913
2021-06-25 14:00:38.680,1,0.619006586315036,641.9700473279382,0.0,,1225411.7088376652
2021-06-25 14:00:38.690,1,0.5488030939953811,644.7326289210703,0.0,,1231206.973157571
2021-06-25 14:00:38.700,1,0.4228022621135057,646.9453611233376,0.0,,1235844.4598450589
2021-06-25 14:00:38.710,1,0.6110114882013934,641.5092119378118,0.0,,1224443.5734386477
2021-06-25 14:00:38.720,1,0.5880362077107657,644.4641228801368,0.0,,1230641.1144341927
2021-06-25 14:00:38.730,1,0.4617212315768131,644.7728969349985,0.0,,1231284.628957661
2021-06-25 14:00:38.740,1,0.4539409892495135,644.0238674029114,0.0,,1229714.5977736672
2021-06-25 14:00:38.750,1,0.509878800720897,644.0545204161052,0.0,,1229779.8160315899
2021-06-25 14:00:38.760,1,0.5033269210845142,650.2979415178555,0.0,,1242902.9265006674
2021-06-25 14:00:38.770,1,0.5117032639300049,647.0055491086613,0.0,,1235979.0007518388
2021-06-25 14:00:38.780,1,0.5069878540107937,645.89048929941,0.0,,1233636.8275772075
2021-06-25 14:00:38.790,1,0.4938594535126263,647.8435482400627,0.0,,1237737.855038903
2021-06-25 14:00:38.800,1,0.5417620023860884,647.2855856263138,0.0,,1236569.2016355842
2021-06-25 14:00:38.810,1,0.4700985640413023,642.2391845284623,0.0,,1225964.5980595194
2021-06-25 14:00:38.820,1,0.5574515013492999,646.015415547475,0.0,,1233903.5833275549
2021-06-25 14:00:38.830,1,0.6310318280626752,651.9924192365087,0.0,,1246469.7422050303
2021-06-25 14:00:38.840,1,0.4952781540026667,645.0286854541863,0.0,,1231824.8438972486
2021-06-25 14:00:38.850,1,0.5177568265098037,651.5915026441014,0.0,,1245620.8407475492
2021-06-25 14:00:38.860,1,0.4498692146279762,647.5190882565872,0.0,,1237052.2336528695
2021-06-25 14:00:38.870,1,0.4488044037597034,652.9074563732172,0.0,,1248383.997340118
2021-06-25 14:00:38.880,1,0.5790053354421303,651.1765925736063,0.0,,1244749.3419018136
2021-06-25 14:00:38.890,1,0.4627812261846262,649.3609821250202,0.0,,1240927.2417469593
2021-06-25 14:00:38.900,1,0.4429266856878502,650.2906405266435,0.0,,1242877.8571542378
2021-06-25 14:00:38.910,1,0.5785429034527095,655.5642971985493,0.0,,1253980.581802527
2021-06-25 14:00:38.920,1,0.5432001704943016,654.2281750203331,0.0,,1251167.6689414962
2021-06-25 14:00:38.930,1,0.4056238955741219,651.8147319085027,0.0,,1246081.7083473667
2021-06-25 14:00:38.940,1,0.3918624618560442,649.4948114591169,0.0,,1241206.2099648616
2021-06-25 14:00:38.950,1,0.5051259477771498,663.2305927681068,0.0,,1270112.632215935
2021-06-25 14:00:38.960,1,0.397257465912589,661.5869908911078,0.0,,1266646.2348218663
2021-06-25 14:00:38.970,1,0.4589982116501273,657.9103697666567,0.0,,1258912.463577255
2021-06-25 14:00:38.980,1,0.419601840453062,660.1322077237493,0.0,,1263583.7109668723
2021-06-25 14:00:38.990,1,0.392447371498189,661.6972742404176,0.0,,1266882.9321469483
2021-06-25 14:00:39.000,1,0.3882009989659755,654.9641625848636,0.0,,1252702.2776746345
2021-06-25 14:00:39.010,1,0.3563956722013153,663.096444792577,0.0,,1269826.4363863315
2021-06-25 14:00:39.020,1,0.4927904936845824,662.380120822556,0.0,,1268321.9081247007
2021-06-25 14:00:39.030,1,0.3787096967704543,662.6683889815166,0.0,,1268922.9508658566
2021-06-25 14:00:39.040,1,0.3865885274230215,661.867215132094,0.0,,1267239.4642493748
2021-06-25 14:00:39.050,1,0.4198874412596202,662.2831329527869,0.0,,1268116.4713854278
2021-06-25 14:00:39.060,1,0.4280027175980769,660.8457365599959,0.0,,1265087.9866090035
2021-06-25 14:00:39.070,1,0.4468729880677082,664.0565857035248,0.0,,1271850.3390961871
2021-06-25 14:00:39.080,1,0.3476370432009101,667.4129151761532,0.0,,1278917.507661107
2021-06-25 14:00:39.090,1,0.4884164572698713,663.3923552362892,0.0,,1270454.8127102926
2021-06-25 14:00:39.100,1,0.4040744817058874,663.9133388730776,0.0,,1271548.6196856818
2021-06-25 14:00:39.110,1,0.4751274025229561,656.9039124122703,0.0,,1256794.173697705
2021-06-25 14:00:39.120,1,0.4041539144922506,664.9203433446858,0.0,,1273669.605383383
2021-06-25 14:00:39.130,1,0.3300489888610042,664.8129003759017,0.0,,1273437.0873841755
2021-06-25 14:00:39.140,1,0.3351171160506627,667.7138070646578,0.0,,1279554.6366365554
2021-06-25 14:00:39.150,1,0.4641485319902193,666.4370523577775,0.0,,1276864.3960122024
2021-06-25 14:00:39.160,1,0.3918722850676822,663.8073728623635,0.0,,1271320.3723009822
2021-06-25 14:00:39.170,1,0.3596250685812946,663.2144186588671,0.0,,1270072.482348527
2021-06-25 14:00:39.180,1,0.3805605847693862,663.7371721265447,0.0,,1271173.6485447434
2021-06-25 14:00:39.190,1,0.3437402895352192,664.3782976692387,0.0,,1272522.8229824908
2021-06-25 14:00:39.200,1,0.3457412576980931,660.8354912624262,0.0,,1265061.817874421
2021-06-25 14:00:39.210,1,0.45790563579926,656.9649869398608,0.0,,1256922.8492279833
2021-06-25 14:00:39.220,1,0.3762536697553554,661.8607529737977,0.0,,1267225.7225186198
2021-06-25 14:00:39.230,1,0.4234351139271482,660.0428672488373,0.0,,1263396.2260719745
2021-06-25 14:00:39.240,1,0.4228241711646095,653.0073294744784,0.0,,1248593.7490489183
2021-06-25 14:00:39.250,1,0.3441766376094141,660.4212533900885,0.0,,1264192.0095981252
2021-06-25 14:00:39.260,1,0.4019605819307306,663.9065269252959,0.0,,1271533.1355638632
2021-06-25 14:00:39.270,1,0.3696963415500671,656.7312879025548,0.0,,1256424.0482248974
2021-06-25 14:00:39.280,1,0.3081995519606223,659.9925412608297,0.0,,1263288.2728833107
2021-06-25 14:00:39.290,1,0.3653272796785385,658.5860902945827,0.0,,1260325.2257690793
2021-06-25 14:00:39.300,1,0.4720949738904392,662.0712468022703,0.0,,1267669.4071171272
2021-06-25 14:00:39.310,1,0.4242991267017855,651.812709610423,0.0,,1246078.635163902
2021-06-25 14:00:39.320,1,0.3511659187952112,648.5720471753938,0.0,,1239263.611005086
2021-06-25 14:00:39.330,1,0.4400555133692438,661.8616706473563,0.0,,1267228.7184980665
2021-06-25 14:00:39.340,1,0.4742235129387445,651.8708781046834,0.0,,1246208.4160312242
2021-06-25 14:00:39.350,1,0.4038778113517857,661.4411232402907,0.0,,1266339.7631911505
2021-06-25 14:00:39.360,1,0.3439757152801144,650.8114632135013,0.0,,1243969.9737941872
2021-06-25 14:00:39.370,1,0.3977489159842929,655.3845645746511,0.0,,1253591.044575511
2021-06-25 14:00:39.380,1,0.4438752091776703,654.4924750797627,0.0,,1251717.7865361478
2021-06-25 14:00:39.390,1,0.4490057756950414,649.1710747284652,0.0,,1240530.2952847455
2021-06-25 14:00:39.400,1,0.4308570162182337,656.4654071728028,0.0,,1255866.5075014927
2021-06-25 14:00:39.410,1,0.4323042637298598,651.1650864176562,0.0,,1244717.7805184708
2021-06-25 14:00:39.420,1,0.4867262366959378,650.8040350828774,0.0,,1243961.3880592694
2021-06-25 14:00:39.430,1,0.4196172076058019,651.522143333453,0.0,,1245465.3096577893
2021-06-25 14:00:39.440,1,0.4744400277040623,651.7543479129357,0.0,,1245957.9778514865
2021-06-25 14:00:39.450,1,0.3504668562599546,652.9089859956979,0.0,,1248387.1141808613
2021-06-25 14:00:39.460,1,0.4016364453544979,655.8393950562572,0.0,,1254549.4424408276
2021-06-25 14:00:39.470,1,0.5002962192538292,650.4680975351349,0.0,,1243257.311624484
2021-06-25 14:00:39.480,1,0.5027662263750903,651.9163485179625,0.0,,1246303.190795087
2021-06-25 14:00:39.490,1,0.5286971978044164,655.5186950225949,0.0,,1253880.660747793
2021-06-25 14:00:39.500,1,0.4892675540307482,648.8603873064218,0.0,,1239874.986121988
2021-06-25 14:00:39.510,1,0.3608261922592828,651.5361968124846,0.0,,1245494.415714839
2021-06-25 14:00:39.520,1,0.5206733506164445,651.083331929382,0.0,,1244548.4725924018
2021-06-25 14:00:39.530,1,0.3956036243065472,652.5288637364009,0.0,,1247584.6943385703
2021-06-25 14:00:39.540,1,0.3637351538995878,648.559746551205,0.0,,1239238.7917848835
2021-06-25 14:00:39.550,1,0.4537863053291197,653.2723411734178,0.0,,1249154.0657915212
2021-06-25 14:00:39.560,1,0.4147316118729517,656.6221602331117,0.0,,1256194.760644924
2021-06-25 14:00:39.570,1,0.4682030744258099,651.4942944979084,0.0,,1245411.0277961744
2021-06-25 14:00:39.580,1,0.4731392623641015,655.8941986745386,0.0,,1254671.3776196481
2021-06-25 14:00:39.590,1,0.3654554818525343,660.4550932911143,0.0,,1264265.0665214916
2021-06-25 14:00:39.600,1,0.3922664863823363,658.0451955706841,0.0,,1259193.2514426436
2021-06-25 14:00:39.610,1,0.5101677994535916,657.299630483766,0.0,,1257629.4996882423
2021-06-25 14:00:39.620,1,0.3969471266419218,659.8343667055824,0.0,,1262957.2908567486
2021-06-25 14:00:39.630,1,0.4130700455685471,653.7647645462929,0.0,,1250188.930031824
2021-06-25 14:00:39.640,1,0.3721430784172729,656.2586666507977,0.0,,1255428.6107116146
2021-06-25 14:00:39.650,1,0.3802003284049396,655.6638399873549,0.0,,1254177.616140343
2021-06-25 14:00:39.660,1,0.4634002466126062,657.6528808377716,0.0,,1258369.0192344028
2021-06-25 14:00:39.670,1,0.4080564002944967,659.3912563956876,0.0,,1262023.372503491
2021-06-25 14:00:39.680,1,0.3357498906461843,660.9772670546133,0.0,,1265361.5666493124
2021-06-25 14:00:39.690,1,0.4533707539424616,663.5862972194892,0.0,,1270863.7884646594
2021-06-25 14:00:39.700,1,0.39560532544828,659.4484208653328,0.0,,1262146.0415805725
2021-06-25 14:00:39.710,1,0.4294083293172529,661.4980102436151,0.0,,1266462.4612334792
2021-06-25 14:00:39.720,1,0.3732099774128461,658.732554725339,0.0,,1260637.8390629813
2021-06-25 14:00:39.730,1,0.4002455461636784,657.9732322923736,0.0,,1259038.8330310646
2021-06-25 14:00:39.740,1,0.326818594181814,654.2324892370076,0.0,,1251162.7992533287
2021-06-25 14:00:39.750,1,0.4216219136370658,659.1977531303946,0.0,,1261618.5355651083
2021-06-25 14:00:39.760,1,0.3288814816556502,654.6596515780992,0.0,,1252066.1618026446
2021-06-25 14:00:39.770,1,0.3925327631117694,657.4091645408196,0.0,,1257851.1831194244
2021-06-25 14:00:39.780,1,0.3009444051711614,657.3294901785275,0.0,,1257680.1847010634
2021-06-25 14:00:39.790,1,0.3852594205690737,652.9805209569732,0.0,,1248536.512153328
2021-06-25 14:00:39.800,1,0.2931929107452638,655.8112254356254,0.0,,1254483.2012606915
2021-06-25 14:00:39.810,1,0.2890242527835943,657.1148152664217,0.0,,1257227.8400201546
2021-06-25 14:00:39.820,1,0.3102191258779404,655.5184881808784,0.0,,1253870.748113699
2021-06-25 14:00:39.830,1,0.2896451370773355,659.9566659426338,0.0,,1263207.123810707
2021-06-25 14:00:39.840,1,0.377321015403321,656.9315912589788,0.0,,1256844.5701562208
2021-06-25 14:00:39.850,1,0.3363844459020467,656.1220633304596,0.0,,1255141.7442565886
2021-06-25 14:00:39.860,1,0.2850355868131443,644.3595858420463,0.0,,1230407.4523398597
2021-06-25 14:00:39.870,1,0.254523478742971,649.8249395118678,0.0,,1241893.6961089685
2021-06-25 14:00:39.880,1,0.3713864558128264,652.4695608087293,0.0,,1247460.00287708
2021-06-25 14:00:39.890,1,0.2811753342268868,646.1378732457805,0.0,,1234149.2288852222
2021-06-25 14:00:39.900,1,0.3438711906094334,650.0170320269916,0.0,,1242297.25251439
2021-06-25 14:00:39.910,1,0.3286418778271526,650.1259108791653,0.0,,1242526.5040802092
2021-06-25 14:00:39.920,1,0.3323320190015634,651.63665477152,0.0,,1245704.7482807552
2021-06-25 14:00:39.930,1,0.2951960391314588,642.7656959708941,0.0,,1227061.8310828374
2021-06-25 14:00:39.940,1,0.3159612121000189,642.8893593962886,0.0,,1227321.9377187553
2021-06-25 14:00:39.950,1,0.3250046614957781,644.9516861324241,0.0,,1231649.711562225
2021-06-25 14:00:39.960,1,0.3200194926759327,643.9903600462512,0.0,,1229634.1323434284
2021-06-25 14:00:39.970,1,0.3083807111162465,635.7713604471018,0.0,,1212385.836237055
2021-06-25 14:00:39.980,1,0.3587850797137729,641.2701653803828,0.0,,1223918.1727851066
2021-06-25 14:00:39.990,1,0.2795807073736406,641.6399499386074,0.0,,1224692.8374556466
2021-06-25 14:00:40.000,1,0.3609064044781122,639.4089356034781,0.0,,1220020.0591285664
2021-06-25 14:00:40.010,1,0.3642246272640208,640.2959840679198,0.0,,1221881.3978590867
2021-06-25 14:00:40.020,1,0.367889272207508,639.9843444779825,0.0,,1221226.5932459333
2021-06-25 14:00:40.030,1,0.388440862575642,634.0562189124295,0.0,,1208791.2190852938
2021-06-25 14:00:40.040,1,0.3574464421679778,634.8328523972554,0.0,,1210414.6891614767
2021-06-25 14:00:40.050,1,0.3883601485627008,634.7568844126537,0.0,,1210262.1979878535
2021-06-25 14:00:40.060,1,0.3962925873151139,639.2947394596026,0.0,,1219779.30123074
2021-06-25 14:00:40.070,1,0.3713727074114457,636.2600815946863,0.0,,1213411.515129573
2021-06-25 14:00:40.080,1,0.34940878878937,643.2132809073902,0.0,,1228004.2719031256
2021-06-25 14:00:40.090,1,0.3241370001612257,636.4947272425051,0.0,,1213901.5866488311
2021-06-25 14:00:40.100,1,0.366700932187385,636.2611646923648,0.0,,1213411.3083900933
2021-06-25 14:00:40.110,1,0.3630695608770449,641.8816948154157,0.0,,1225209.7753925156
2021-06-25 14:00:40.120,1,0.3759629712103746,641.7776090102464,0.0,,1224991.6477158247
2021-06-25 14:00:40.130,1,0.3585236074972575,638.6710980603957,0.0,,1218470.688596778
2021-06-25 14:00:40.140,1,0.3168369409001845,636.1959795501817,0.0,,1213272.739399629
2021-06-25 14:00:40.150,1,0.2995955967678384,641.9588278509813,0.0,,1225368.4013367398
2021-06-25 14:00:40.160,1,0.3989327822384341,637.9575916577381,0.0,,1216974.6306523096
2021-06-25 14:00:40.170,1,0.3408786485864809,640.0494569220739,0.0,,1221362.165690067
2021-06-25 14:00:40.180,1,0.3456903059159491,641.3482654423177,0.0,,1224088.2282151468
2021-06-25 14:00:40.190,1,0.4093766238268734,640.8066014209471,0.0,,1222957.004858304
2021-06-25 14:00:40.200,1,0.3525337939818695,646.5885372411283,0.0,,1235094.9122187698
2021-06-25 14:00:40.210,1,0.4436937621729668,643.9192105929376,0.0,,1229495.6223772129
2021-06-25 14:00:40.220,1,0.3027958008872427,638.7543373250453,0.0,,1218639.3396354727
2021-06-25 14:00:40.230,1,0.463555064571452,644.83705748955,0.0,,1231420.9357987673
2021-06-25 14:00:40.240,1,0.3837964102699215,640.2901961767433,0.0,,1221866.593105226
2021-06-25 14:00:40.250,1,0.4470373210808958,645.9872115659191,0.0,,1233837.4915105605
2021-06-25 14:00:40.260,1,0.3263856107622028,646.4854148198652,0.0,,1234875.3890900982
2021-06-25 14:00:40.270,1,0.3807610256287553,649.3051904262584,0.0,,1240808.3135076612
2021-06-25 14:00:40.280,1,0.419536162294124,645.643865479199,0.0,,1233118.9983167022
2021-06-25 14:00:40.290,1,0.4403372479804601,645.8186536965425,0.0,,1233484.5677373589
2021-06-25 14:00:40.300,1,0.4510588690518941,648.052350611797,0.0,,1238178.0329638217
2021-06-25 14:00:40.310,1,0.4600642732150169,651.3019504229454,0.0,,1245010.239274843
2021-06-25 14:00:40.320,1,0.4419092742358073,655.2469890772402,0.0,,1253304.5970286957
2021-06-25 14:00:40.330,1,0.4558370070848134,650.8389050980453,0.0,,1244032.6975420627
2021-06-25 14:00:40.340,1,0.3496205144839026,655.1644888672247,0.0,,1253127.1929604772
2021-06-25 14:00:40.350,1,0.3279111250125864,643.4067565034076,0.0,,1228412.5306212255
2021-06-25 14:00:40.360,1,0.4219897445486013,651.4691803273668,0.0,,1245356.4628370968
2021-06-25 14:00:40.370,1,0.4206589675954907,645.595518814089,0.0,,1233014.5795587893
2021-06-25 14:00:40.380,1,0.4439759646250352,646.9616532747535,0.0,,1235882.224815453
2021-06-25 14:00:40.390,1,0.4429755141216729,649.4457811439142,0.0,,1241101.5702826537
2021-06-25 14:00:40.400,1,0.3666515505473016,654.3465632777022,0.0,,1251404.3796446566
2021-06-25 14:00:40.410,1,0.4293057186691686,652.2736524759139,0.0,,1247049.785347785
2021-06-25 14:00:40.420,1,0.3604447511409351,654.7356911919801,0.0,,1252224.5723694745
2021-06-25 14:00:40.430,1,0.3303224790901396,656.0180081106877,0.0,,1254920.0753426366
2021-06-25 14:00:40.440,1,0.289122475291552,651.8063302776293,0.0,,1246060.5308487404
2021-06-25 14:00:40.450,1,0.2951929976930654,652.7294797022739,0.0,,1247999.2057591183
2021-06-25 14:00:40.460,1,0.349642745117918,653.9735786747167,0.0,,1250620.533172267
2021-06-25 14:00:40.470,1,0.2735312030832064,646.144998672355,0.0,,1234160.2321791328
2021-06-25 14:00:40.480,1,0.3027630640665708,654.3456227563178,0.0,,1251401.5424340281
2021-06-25 14:00:40.490,1,0.3054154736036637,652.0703564226085,0.0,,1246620.1720872398
2021-06-25 14:00:40.500,1,0.3618042203108281,648.0689048414694,0.0,,1238202.541736857
2021-06-25 14:00:40.510,1,0.3127209415424916,653.0437995843616,0.0,,1248662.8035208846
2021-06-25 14:00:40.520,1,0.2669371698815314,647.9530027414552,0.0,,1237954.913640723
2021-06-25 14:00:40.530,1,0.3498391358928831,649.1899614639335,0.0,,1240566.7242045293
2021-06-25 14:00:40.540,1,0.3382462886156981,651.1564393568997,0.0,,1244696.9044278527
2021-06-25 14:00:40.550,1,0.2723006906607165,655.2517310037408,0.0,,1253304.7225444154
2021-06-25 14:00:40.560,1,0.3161617645903343,646.1340764868282,0.0,,1234135.9768168323
2021-06-25 14:00:40.570,1,0.2955543047385965,643.5544740378919,0.0,,1228720.414928447
2021-06-25 14:00:40.580,1,0.2940547210915703,649.2207744461903,0.0,,1240623.4260205922
2021-06-25 14:00:40.590,1,0.3138067432271897,650.4152606736983,0.0,,1243138.9257203215
2021-06-25 14:00:40.600,1,0.2704540567041346,649.1513076322552,0.0,,1240473.5985120512
2021-06-25 14:00:40.610,1,0.3445776828249374,646.116609096171,0.0,,1234104.6569574387
2021-06-25 14:00:40.620,1,0.3563297933742514,644.7409353491771,0.0,,1231215.9596654614
2021-06-25 14:00:40.630,1,0.3358571790069793,647.507369102649,0.0,,1237022.5184831459
2021-06-25 14:00:40.640,1,0.3318724702117157,648.4193965340645,0.0,,1238937.3280561462
2021-06-25 14:00:40.650,1,0.2895838620150336,649.4437313212946,0.0,,1241092.426309878
2021-06-25 14:00:40.660,1,0.2719431351048995,647.1534440693762,0.0,,1236277.025711679
2021-06-25 14:00:40.670,1,0.2639490648397954,640.600786056184,0.0,,1222520.3474430623
2021-06-25 14:00:40.680,1,0.3401218705876322,642.6424715775509,0.0,,1226807.3987328273
2021-06-25 14:00:40.690,1,0.2714271984346819,648.613783632827,0.0,,1239344.821110753
2021-06-25 14:00:40.700,1,0.2756233309981478,641.7015114451976,0.0,,1224825.341108488
2021-06-25 14:00:40.710,1,0.3034142495845993,645.7102942941939,0.0,,1233246.5435181095
2021-06-25 14:00:40.720,1,0.396920986558107,638.8507694862009,0.0,,1218849.114651003
2021-06-25 14:00:40.730,1,0.3437047863815269,645.4385521249428,0.0,,1232679.174782475
2021-06-25 14:00:40.740,1,0.2994600298228564,642.8451233474532,0.0,,1227229.6190579599
2021-06-25 14:00:40.750,1,0.3169381565231556,647.0525185050311,0.0,,1236068.2117522766
2021-06-25 14:00:40.760,1,0.3225022069966911,641.9997806343713,0.0,,1225455.6608618814
2021-06-25 14:00:40.770,1,0.3455514638406596,643.9616288666002,0.0,,1229575.5252078553
2021-06-25 14:00:40.780,1,0.3712304957678836,642.2022159044939,0.0,,1225882.6137041603
2021-06-25 14:00:40.790,1,0.3382820345079871,649.1265132416539,0.0,,1240430.7167091405
2021-06-25 14:00:40.800,1,0.3886923636567406,636.6045222694634,0.0,,1214136.768928355
2021-06-25 14:00:40.810,1,0.389412321466197,649.4900726655612,0.0,,1241191.5692143857
2021-06-25 14:00:40.820,1,0.412993239353291,645.5321954650414,0.0,,1232880.9854333978
2021-06-25 14:00:40.830,1,0.450285436661533,647.7853734530457,0.0,,1237615.0918911872
2021-06-25 14:00:40.840,1,0.4518061730078738,646.7502832751435,0.0,,1235442.2385523887
2021-06-25 14:00:40.850,1,0.3359718300036157,650.466750146236,0.0,,1243249.9434790488
2021-06-25 14:00:40.860,1,0.6322118726123873,644.7695127987117,0.0,,1231287.6350545438
2021-06-25 14:00:40.870,1,0.392534789423974,648.6876638209347,0.0,,1239509.9285795363
2021-06-25 14:00:40.880,1,0.3774589178236229,654.1332088631973,0.0,,1250956.983494219
2021-06-25 14:00:40.890,1,0.4324659071418139,656.5604595907472,0.0,,1256064.8792889717
2021-06-25 14:00:40.900,1,0.4660529924827036,648.9099274267953,0.0,,1239980.7992318622
2021-06-25 14:00:40.910,1,0.344163681743742,653.0897379255672,0.0,,1248761.1899628171
2021-06-25 14:00:40.920,1,0.428260142877122,653.3769005079182,0.0,,1249372.6030894215
2021-06-25 14:00:40.930,1,0.3529255273533218,656.3303363168246,0.0,,1255580.388171682
2021-06-25 14:00:40.940,1,0.4105801735870392,656.6793322691899,0.0,,1256317.2271717817
2021-06-25 14:00:40.950,1,0.4131136585849828,650.7038973642769,0.0,,1243746.898974392
2021-06-25 14:00:40.960,1,0.3524800021512427,657.4694882815758,0.0,,1257975.4606446165
2021-06-25 14:00:40.970,1,0.3882003959553783,652.1353877152125,0.0,,1246757.4756508314
2021-06-25 14:00:40.980,1,0.5049891956150581,658.6533112663518,0.0,,1260477.9430400382
2021-06-25 14:00:40.990,1,0.3979778214441568,655.108920362142,0.0,,1253008.5387872865
2021-06-25 14:00:41.000,1,0.4089716277123076,658.9640001617013,0.0,,1261126.4496661362
2021-06-25 14:00:41.010,1,0.5152428462418924,658.2203390922252,0.0,,1259563.2899334948
2021-06-25 14:00:41.020,1,0.4716426843667059,655.6567333650669,0.0,,1254169.8294659727
2021-06-25 14:00:41.030,1,0.4733367294935472,653.5565741529757,0.0,,1249749.7423840407
2021-06-25 14:00:41.040,1,0.5187004109311252,657.1542363284677,0.0,,1257324.8052861774
2021-06-25 14:00:41.050,1,0.4071377831112271,660.91603441572,0.0,,1265237.4304045297
2021-06-25 14:00:41.060,1,0.4362026700088989,656.3611039290811,0.0,,1255651.311522476
2021-06-25 14:00:41.070,1,0.4874672370810239,659.2263070021868,0.0,,1261681.137729998
2021-06-25 14:00:41.080,1,0.4079642206402547,654.6206244263734,0.0,,1251984.245910767
2021-06-25 14:00:41.090,1,0.519986145803022,661.9099967437727,0.0,,1267332.1683019018
2021-06-25 14:00:41.100,1,0.4438795756231398,660.219982399823,0.0,,1263767.2657816077
2021-06-25 14:00:41.110,1,0.5222058403072758,653.6145417193615,0.0,,1249875.6520630906
2021-06-25 14:00:41.120,1,0.5087796308930452,655.1369292153253,0.0,,1253075.8951660704
2021-06-25 14:00:41.130,1,0.5317450824873361,653.463311265162,0.0,,1249556.732841445
2021-06-25 14:00:41.140,1,0.4508273653124094,659.0544409558845,0.0,,1261312.5836606866
2021-06-25 14:00:41.150,1,0.4377609298379973,652.405784693917,0.0,,1247329.6238044412
2021-06-25 14:00:41.160,1,0.5202673977515748,661.2395901392955,0.0,,1265923.2427270699
2021-06-25 14:00:41.170,1,0.3898566379772905,652.953778191491,0.0,,1248474.9435614296
2021-06-25 14:00:41.180,1,0.3711281487345061,653.3996924839556,0.0,,1249412.7094312708
2021-06-25 14:00:41.190,1,0.3641701050303968,654.1683110593857,0.0,,1251028.3143640815
2021-06-25 14:00:41.200,1,0.4370755754827337,647.3033833425991,0.0,,1236600.6532452242
2021-06-25 14:00:41.210,1,0.4522249901488437,652.3419412198608,0.0,,1247196.6667557969
2021-06-25 14:00:41.220,1,0.3668612874457801,648.8356383131634,0.0,,1239817.0590790475
2021-06-25 14:00:41.230,1,0.4713017991448456,648.0474861407553,0.0,,1238168.1891169338
2021-06-25 14:00:41.240,1,0.4065769495688136,646.6150456042137,0.0,,1235154.059255234
2021-06-25 14:00:41.250,1,0.4706874172953593,651.0201529114871,0.0,,1244416.7843555685
2021-06-25 14:00:41.260,1,0.3642132396849664,649.2866253980633,0.0,,1240767.7104906
2021-06-25 14:00:41.270,1,0.4514482166914432,640.310668512208,0.0,,1221918.1888111054
2021-06-25 14:00:41.280,1,0.3675591893706995,640.3132203844901,0.0,,1221915.974725324
2021-06-25 14:00:41.290,1,0.3559510700002338,645.8228665759159,0.0,,1233488.4886886168
2021-06-25 14:00:41.300,1,0.3204454438931536,641.1820402556663,0.0,,1223738.4452007832
2021-06-25 14:00:41.310,1,0.3488415019550065,643.3614552510078,0.0,,1228317.0075125364
2021-06-25 14:00:41.320,1,0.3561264939097057,645.0587764921158,0.0,,1231881.5195034794
2021-06-25 14:00:41.330,1,0.4147726525997777,641.6801940926257,0.0,,1224787.8232107055
2021-06-25 14:00:41.340,1,0.3569668160465591,645.0681874121507,0.0,,1231896.7665994377
2021-06-25 14:00:41.350,1,0.3288547070379797,637.4420720943742,0.0,,1215888.039652238
2021-06-25 14:00:41.360,1,0.3951726826721699,645.1061444990721,0.0,,1231984.5474736013
2021-06-25 14:00:41.370,1,0.3621958054936542,640.4309949504352,0.0,,1222165.7523352967
2021-06-25 14:00:41.380,1,0.4488516627813261,642.827194424618,0.0,,1227204.7022827612
2021-06-25 14:00:41.390,1,0.3690759611497631,640.8370673917982,0.0,,1223015.836058087
2021-06-25 14:00:41.400,1,0.4083398747330375,640.2656593633402,0.0,,1221817.1323798727
2021-06-25 14:00:41.410,1,0.3868174302158048,641.7741765279856,0.0,,1224986.9928027892
2021-06-25 14:00:41.420,1,0.3921356091670233,640.1563802659274,0.0,,1221588.8652506848
2021-06-25 14:00:41.430,1,0.4725094885414196,641.2767145516589,0.0,,1223944.504342102
2021-06-25 14:00:41.440,1,0.5010016740068473,634.5171581563974,0.0,,1209759.9117710101
2021-06-25 14:00:41.450,1,0.4115367402072321,634.2002479015036,0.0,,1209093.6604456508
2021-06-25 14:00:41.460,1,0.3645601262844544,630.3235431411114,0.0,,1200967.3329054152
2021-06-25 14:00:41.470,1,0.4471732961323789,635.9184404851741,0.0,,1212698.5113530601
2021-06-25 14:00:41.480,1,0.3980917354899591,637.3959356861365,0.0,,1215797.8388309118
2021-06-25 14:00:41.490,1,0.4218147179041546,637.4893221893852,0.0,,1215997.009050531
2021-06-25 14:00:41.500,1,0.4964295354602052,635.0100898488657,0.0,,1210795.2697635442
2021-06-25 14:00:41.510,1,0.4453712689961335,640.9492463421433,0.0,,1223258.9472772095
2021-06-25 14:00:41.520,1,0.5153045597492213,644.8473862059963,0.0,,1231447.7225001212
2021-06-25 14:00:41.530,1,0.415517618466473,640.1020263556447,0.0,,1221476.454393662
2021-06-25 14:00:41.540,1,0.5388413825629443,642.0913481858895,0.0,,1225655.9471596682
2021-06-25 14:00:41.550,1,0.5472809069399481,638.2964971491326,0.0,,1217694.8895865097
2021-06-25 14:00:41.560,1,0.4368172904410475,639.3330569713783,0.0,,1219862.2427281176
2021-06-25 14:00:41.570,1,0.5747234036487856,640.136579009451,0.0,,1221556.0396351072
2021-06-25 14:00:41.580,1,0.4032448382431443,640.7313101067126,0.0,,1222793.3970122368
2021-06-25 14:00:41.590,1,0.5450994401886315,641.7341122259475,0.0,,1224906.588913125
2021-06-25 14:00:41.600,1,0.4139161409977834,637.598378090368,0.0,,1216224.8837653236
2021-06-25 14:00:41.610,1,0.5898912172550194,646.5706690391811,0.0,,1235074.773284894
2021-06-25 14:00:41.620,1,0.5081707815639084,648.5809195218156,0.0,,1239292.0624443805
2021-06-25 14:00:41.630,1,0.5107848340439665,638.9739473634062,0.0,,1219115.154091365
2021-06-25 14:00:41.640,1,0.4493929540009624,644.2978994538639,0.0,,1230289.2056380166
2021-06-25 14:00:41.650,1,0.5905254664345874,646.5683189969133,0.0,,1235069.6213186367
2021-06-25 14:00:41.660,1,0.5235324994969229,642.2801857811241,0.0,,1226057.415320486
2021-06-25 14:00:41.670,1,0.5192205355501017,644.5969376357227,0.0,,1230920.886769758
2021-06-25 14:00:41.680,1,0.4879957399267311,648.8477094453033,0.0,,1239851.7807091512
2021-06-25 14:00:41.690,1,0.523511184136524,642.6170420735295,0.0,,1226760.4417755557
2021-06-25 14:00:41.700,1,0.4655640847443035,645.2556541463514,0.0,,1232299.7620563237
2021-06-25 14:00:41.710,1,0.6484453543313339,644.8356478635574,0.0,,1231427.7137159507
2021-06-25 14:00:41.720,1,0.6000957987032475,643.7704153947856,0.0,,1229187.5753343648
2021-06-25 14:00:41.730,1,0.4598822457849492,644.5993394640668,0.0,,1230923.369191576
2021-06-25 14:00:41.740,1,0.4644385884498911,642.9623893251478,0.0,,1227482.2041214688
2021-06-25 14:00:41.750,1,0.5907779646550883,646.5929575763299,0.0,,1235118.741015297
2021-06-25 14:00:41.760,1,0.6684451193562172,642.2149737701764,0.0,,1225924.713031765
2021-06-25 14:00:41.770,1,0.5649484064930156,648.2394398619341,0.0,,1238575.9155927438
2021-06-25 14:00:41.780,1,0.6678550743314854,645.0931807100147,0.0,,1231970.941996947
2021-06-25 14:00:41.790,1,0.5609057742272286,639.1331569321619,0.0,,1219448.3756548846
2021-06-25 14:00:41.800,1,0.6107659387021608,643.8998624032344,0.0,,1229461.9805168814
2021-06-25 14:00:41.810,1,0.6011612435270066,640.3212987258657,0.0,,1221942.9633816986
2021-06-25 14:00:41.820,1,0.5924789151936398,648.4299564435028,0.0,,1238977.5393725121
2021-06-25 14:00:41.830,1,0.5451996042775153,648.7490670098373,0.0,,1239645.7259594835
2021-06-25 14:00:41.840,1,0.5494319887468014,639.0002082481062,0.0,,1219171.6771638226
2021-06-25 14:00:41.850,1,0.4888915865841225,641.700254029444,0.0,,1224832.6205296433
2021-06-25 14:00:41.860,1,0.5710767375352177,637.8244549789538,0.0,,1216702.0116617682
2021-06-25 14:00:41.870,1,0.4587896026970819,639.9884657798142,0.0,,1221237.5357118475
2021-06-25 14:00:41.880,1,0.5651801681898521,637.3132270515188,0.0,,1215628.5383235505
2021-06-25 14:00:41.890,1,0.5885348996494117,640.8815204851014,0.0,,1223118.7566329674
2021-06-25 14:00:41.900,1,0.4773308552666901,634.9801986136307,0.0,,1210737.3867967937
2021-06-25 14:00:41.910,1,0.5365682274555796,635.817188757552,0.0,,1212494.7151798334
2021-06-25 14:00:41.920,1,0.5691526873158501,638.9368878350507,0.0,,1219035.5986884392
2021-06-25 14:00:41.930,1,0.6106773135781461,634.2749346485588,0.0,,1209259.7533875937
2021-06-25 14:00:41.940,1,0.5362787053134197,632.7193148590891,0.0,,1205990.4676103587
2021-06-25 14:00:41.950,1,0.4954779329287639,635.2976722561214,0.0,,1211403.0577726646
2021-06-25 14:00:41.960,1,0.5536119961379928,638.3407462107592,0.0,,1217787.4031227222
2021-06-25 14:00:41.970,1,0.4724602681673309,636.5383520781303,0.0,,1214002.0182545872
2021-06-25 14:00:41.980,1,0.5931585363046472,633.8109415760517,0.0,,1208285.074422913
2021-06-25 14:00:41.990,1,0.5610327249224238,631.3351626967379,0.0,,1203091.758626732
2021-06-25 14:00:42.000,1,0.4718419833979963,632.142912191218,0.0,,1204782.441416312
2021-06-25 14:00:42.010,1,0.4364531533672424,631.8767754430962,0.0,,1204224.8197319796
2021-06-25 14:00:42.020,1,0.5787645568074327,631.9192315346942,0.0,,1204317.7749627617
2021-06-25 14:00:42.030,1,0.476362953543488,636.3157673937487,0.0,,1213536.997821566
2021-06-25 14:00:42.040,1,0.4745662665951797,630.8948553733424,0.0,,1202166.5562172376
2021-06-25 14:00:42.050,1,0.4895021624935121,628.5396142031735,0.0,,1197232.95205116
2021-06-25 14:00:42.060,1,0.5978252111657061,630.7814231896791,0.0,,1201933.685669705
2021-06-25 14:00:42.070,1,0.5707058172920871,637.5915640015676,0.0,,1216213.4021897383
2021-06-25 14:00:42.080,1,0.436174456877832,635.3340000060683,0.0,,1211472.4437773186
2021-06-25 14:00:42.090,1,0.4747932761126174,634.4951391246502,0.0,,1209711.072331374
2021-06-25 14:00:42.100,1,0.4209901938199622,635.7062831442859,0.0,,1212252.746724341
2021-06-25 14:00:42.110,1,0.4838564901824966,638.0669093888849,0.0,,1217208.1173091407
2021-06-25 14:00:42.120,1,0.448202860998789,637.7406687284935,0.0,,1216523.2931187132
2021-06-25 14:00:42.130,1,0.4532473246846569,636.0435637615506,0.0,,1212961.52249473
2021-06-25 14:00:42.140,1,0.4662213656445886,638.3367451654744,0.0,,1217772.5674012073
2021-06-25 14:00:42.150,1,0.5593991257597994,634.9035482466293,0.0,,1210575.3550087758
2021-06-25 14:00:42.160,1,0.4282728112103765,636.0731985539297,0.0,,1213020.7063654934
2021-06-25 14:00:42.170,1,0.6029379347904371,643.244666631516,0.0,,1228084.189754249
2021-06-25 14:00:42.180,1,0.5301087168049947,641.6413500805961,0.0,,1224717.0655274054
2021-06-25 14:00:42.190,1,0.5345420671434356,642.8643826798485,0.0,,1227280.8124645296
2021-06-25 14:00:42.200,1,0.4431797742567663,638.4168338772706,0.0,,1217941.8840417557
2021-06-25 14:00:42.210,1,0.4433270259898207,644.5895077081133,0.0,,1230900.90174407
2021-06-25 14:00:42.220,1,0.6226857164708881,641.0709388918582,0.0,,1223522.9837288396
2021-06-25 14:00:42.230,1,0.4597633253540971,641.4834401292317,0.0,,1224378.3372879005
2021-06-25 14:00:42.240,1,0.6338154068632134,648.6668741090563,0.0,,1239476.0868016216
2021-06-25 14:00:42.250,1,0.4445430152272546,645.08394305274,0.0,,1231941.12622181
2021-06-25 14:00:42.260,1,0.6387243556017848,643.7613523497693,0.0,,1229171.3784397077
2021-06-25 14:00:42.270,1,0.6610232289056516,647.5289566656069,0.0,,1237090.218618698
2021-06-25 14:00:42.280,1,0.4467170482074834,648.4395147181469,0.0,,1238989.5717576374
2021-06-25 14:00:42.290,1,0.4695051712425002,645.7584069030069,0.0,,1233358.57269444
2021-06-25 14:00:42.300,1,0.6618838669684746,646.8997800516463,0.0,,1235766.1409550996
2021-06-25 14:00:42.310,1,0.6927782159145307,653.0358647180645,0.0,,1248662.627489735
2021-06-25 14:00:42.320,1,0.4754508716502484,651.1736859217642,0.0,,1244740.2960237744
2021-06-25 14:00:42.330,1,0.6101150468840462,649.9590760611394,0.0,,1242194.6576050026
2021-06-25 14:00:42.340,1,0.5388898968738648,646.1586886460517,0.0,,1234203.1487944084
2021-06-25 14:00:42.350,1,0.6084525188034887,649.452025024241,0.0,,1241126.737361942
2021-06-25 14:00:42.360,1,0.6928614058085664,657.7601797079884,0.0,,1258603.3669747834
2021-06-25 14:00:42.370,1,0.4819246013815844,650.218348313249,0.0,,1242730.0088500532
2021-06-25 14:00:42.380,1,0.6166291084548585,648.1277423080245,0.0,,1238341.6639365982
2021-06-25 14:00:42.390,1,0.5011466949380824,652.7813188310038,0.0,,1248123.0740780788
2021-06-25 14:00:42.400,1,0.6160400119836719,646.3838255491387,0.0,,1234681.9251956742
2021-06-25 14:00:42.410,1,0.5764182353924323,652.7483933380415,0.0,,1248056.7735879254
2021-06-25 14:00:42.420,1,0.6675209335924823,647.0273048870624,0.0,,1236033.2990327647
2021-06-25 14:00:42.430,1,0.5821354215632051,651.629956634006,0.0,,1245706.0294637915
2021-06-25 14:00:42.440,1,0.5552618877005564,654.2425475240617,0.0,,1251196.4377134182
2021-06-25 14:00:42.450,1,0.6235988074646305,652.9654349804065,0.0,,1248515.9592032838
2021-06-25 14:00:42.460,1,0.621300971379075,651.3120694272153,0.0,,1245038.9465292124
2021-06-25 14:00:42.470,1,0.7140902508622882,657.2212092645442,0.0,,1257474.580040282
2021-06-25 14:00:42.480,1,0.6951905211937477,656.1536499487388,0.0,,1255224.932394312
2021-06-25 14:00:42.490,1,0.7107412947427916,650.3277459176718,0.0,,1242972.7499038246
2021-06-25 14:00:42.500,1,0.5986549392673534,656.0000950326319,0.0,,1254894.5907445534
2021-06-25 14:00:42.510,1,0.6732009355451958,653.6255413264545,0.0,,1249906.0113710833
2021-06-25 14:00:42.520,1,0.6618795496412402,650.2441554438658,0.0,,1242795.6156220606
2021-06-25 14:00:42.530,1,0.7168455197458115,652.1700111571217,0.0,,1246846.7331115557
2021-06-25 14:00:42.540,1,0.5450954408091618,650.4723752648375,0.0,,1243269.5339075746
2021-06-25 14:00:42.550,1,0.5724969920669418,654.4325326646476,0.0,,1251599.8348826866
2021-06-25 14:00:42.560,1,0.5417107996953238,651.2729763228987,0.0,,1244952.0000830283
2021-06-25 14:00:42.570,1,0.5619609670598648,647.7402162965733,0.0,,1237526.8367557398
2021-06-25 14:00:42.580,1,0.6469877034440662,647.4132799125438,0.0,,1236843.1654253467
2021-06-25 14:00:42.590,1,0.6989275787612204,652.7147633609318,0.0,,1247988.661996816
2021-06-25 14:00:42.600,1,0.5464448602424781,649.7971371067148,0.0,,1241846.145350395
2021-06-25 14:00:42.610,1,0.5405545882592411,645.3072480107901,0.0,,1232410.7936661183
2021-06-25 14:00:42.620,1,0.5460724603211461,644.492278747444,0.0,,1230697.8046595664
2021-06-25 14:00:42.630,1,0.5580221184208156,647.6728437671737,0.0,,1237380.680779697
2021-06-25 14:00:42.640,1,0.5729653503938941,643.8036113777487,0.0,,1229255.0223098642
2021-06-25 14:00:42.650,1,0.5142011833125915,644.8724362436526,0.0,,1231500.8042879303
2021-06-25 14:00:42.660,1,0.5889580801849577,644.2774899526173,0.0,,1230253.3408744207
2021-06-25 14:00:42.670,1,0.4606586950016773,644.9846106070867,0.0,,1231732.5357729816
2021-06-25 14:00:42.680,1,0.5012448133222356,648.6364731251782,0.0,,1239404.9964206435
2021-06-25 14:00:42.690,1,0.6274080659270579,644.2853534670804,0.0,,1230268.27730268
2021-06-25 14:00:42.700,1,0.6510301467526032,647.7339724363743,0.0,,1237515.5634907188
2021-06-25 14:00:42.710,1,0.5324145966302817,645.8296466171565,0.0,,1233511.917812007
2021-06-25 14:00:42.720,1,0.4635333425086535,639.5106515224785,0.0,,1220237.8958248748
2021-06-25 14:00:42.730,1,0.4925861717217971,643.0383642580332,0.0,,1227646.2015695218
2021-06-25 14:00:42.740,1,0.6047768491493851,646.8022238986117,0.0,,1235552.0766130243
2021-06-25 14:00:42.750,1,0.6071106979960775,640.5145812131746,0.0,,1222351.7810883229
2021-06-25 14:00:42.760,1,0.4287740357960051,647.305367983582,0.0,,1236605.935060039
2021-06-25 14:00:42.770,1,0.5776381072890493,644.6100662853248,0.0,,1230953.349795824
2021-06-25 14:00:42.780,1,0.5737517547919867,644.0885610422807,0.0,,1229854.5730200862
2021-06-25 14:00:42.790,1,0.4277281098729934,639.5510050291629,0.0,,1220321.3277191655
2021-06-25 14:00:42.800,1,0.5677310697455554,647.3317109136474,0.0,,1236665.987717799
2021-06-25 14:00:42.810,1,0.5564444150835935,649.5797492874648,0.0,,1241391.814038494
2021-06-25 14:00:42.820,1,0.5368656739739769,643.2373824067805,0.0,,1228062.0634681457
2021-06-25 14:00:42.830,1,0.5556311214827353,652.6735856251222,0.0,,1247896.010686871
2021-06-25 14:00:42.840,1,0.4449346465428958,647.2445735521425,0.0,,1236479.4919207746
2021-06-25 14:00:42.850,1,0.6061611497058595,643.3924123111451,0.0,,1228393.4843779097
2021-06-25 14:00:42.860,1,0.6222742206293027,644.9616229423741,0.0,,1231688.8415926408
2021-06-25 14:00:42.870,1,0.5579403296717584,650.8786425203539,0.0,,1244124.3146807759
2021-06-25 14:00:42.880,1,0.4354317960104827,655.724943127871,0.0,,1254309.0803981903
2021-06-25 14:00:42.890,1,0.5693679113586003,649.7412652988412,0.0,,1241732.7088229859
2021-06-25 14:00:42.900,1,0.6040133756104528,653.285097619863,0.0,,1249187.0263030806
2021-06-25 14:00:42.910,1,0.620404557218363,650.9275636673115,0.0,,1244227.9548784322
2021-06-25 14:00:42.920,1,0.5482436475174637,654.9355387472026,0.0,,1252652.8614155583
2021-06-25 14:00:42.930,1,0.6329183764639972,652.3467718501959,0.0,,1247216.4134482061
2021-06-25 14:00:42.940,1,0.6417787044126336,649.6540842084588,0.0,,1241553.5339515342
2021-06-25 14:00:42.950,1,0.5733269075954549,654.2089123202954,0.0,,1251125.9603317392
2021-06-25 14:00:42.960,1,0.5306752581612936,657.7807173694232,0.0,,1258637.980189263
2021-06-25 14:00:42.970,1,0.6154728127026361,652.780503785209,0.0,,1248126.3831891322
2021-06-25 14:00:42.980,1,0.5777818245163442,657.1513657374711,0.0,,1257319.3917964937
2021-06-25 14:00:42.990,1,0.4421651277825172,651.6962740915773,0.0,,1245836.6760613606
2021-06-25 14:00:43.000,1,0.4885443162856769,659.5460780255851,0.0,,1262353.3017923613
2021-06-25 14:00:43.010,1,0.6618902179950704,655.695182615446,0.0,,1254256.544066902
2021-06-25 14:00:43.020,1,0.6403472527221202,653.1444676379083,0.0,,1248890.8214869546
2021-06-25 14:00:43.030,1,0.5774429999681026,655.9637134373019,0.0,,1254819.502636421
2021-06-25 14:00:43.040,1,0.6288918817671555,658.7735803468821,0.0,,1260732.726423495
2021-06-25 14:00:43.050,1,0.4779502116319588,653.8744835045396,0.0,,1250417.9407513083
2021-06-25 14:00:43.060,1,0.5896767960623476,654.7795147194379,0.0,,1252327.5543349271
2021-06-25 14:00:43.070,1,0.5300734558130534,655.2338154625281,0.0,,1253280.2520332371
2021-06-25 14:00:43.080,1,0.5917263727257998,653.7139303038474,0.0,,1250091.5993789255
2021-06-25 14:00:43.090,1,0.4748364363256404,653.5859867272167,0.0,,1249811.7297917688
2021-06-25 14:00:43.100,1,0.6252989846138768,656.2280169298492,0.0,,1255376.2009760775
2021-06-25 14:00:43.110,1,0.483456613219323,648.0707489914072,0.0,,1238214.1218252974
2021-06-25 14:00:43.120,1,0.6010865803509471,642.8859109674565,0.0,,1227332.6184471613
2021-06-25 14:00:43.130,1,0.6676019746566578,651.9332624055946,0.0,,1246346.7272670625
2021-06-25 14:00:43.140,1,0.639987199836048,653.8860833477338,0.0,,1250452.3629487387
2021-06-25 14:00:43.150,1,0.6636653903828705,659.4515046610176,0.0,,1262164.3639467175
2021-06-25 14:00:43.160,1,0.5256191798031362,648.6481229046681,0.0,,1239433.8038607307
2021-06-25 14:00:43.170,1,0.68796609577227,648.3339073021424,0.0,,1238779.621029213
2021-06-25 14:00:43.180,1,0.5893861812154519,650.3140094069054,0.0,,1242940.4445952536
2021-06-25 14:00:43.190,1,0.5157960111943085,643.1711928624156,0.0,,1227926.2955498504
2021-06-25 14:00:43.200,1,0.6446069729882474,645.3475363330988,0.0,,1232502.9898894904
2021-06-25 14:00:43.210,1,0.5203256225602294,643.3451153584708,0.0,,1228291.822831771
2021-06-25 14:00:43.220,1,0.4911548726206558,642.5143642343047,0.0,,1226547.3933655692
2021-06-25 14:00:43.230,1,0.6674771786071522,640.8542809750313,0.0,,1223065.7512117203
2021-06-25 14:00:43.240,1,0.6309838471328254,642.3103247562526,0.0,,1226122.7384419937
2021-06-25 14:00:43.250,1,0.5336761181793552,637.1083752453591,0.0,,1215202.1229545865
2021-06-25 14:00:43.260,1,0.6747581213975216,640.1824617656038,0.0,,1221655.3058625734
2021-06-25 14:00:43.270,1,0.574565107433084,646.3307425359792,0.0,,1234566.1268376277
2021-06-25 14:00:43.280,1,0.6919447975504481,645.6243988853822,0.0,,1233084.811460687
2021-06-25 14:00:43.290,1,0.5125997344040186,642.2147901784543,0.0,,1225916.5496150884
2021-06-25 14:00:43.300,1,0.5989282200842462,641.7072706396523,0.0,,1224858.0572670924
2021-06-25 14:00:43.310,1,0.5259594314410255,636.8056909138362,0.0,,1214563.223618254
2021-06-25 14:00:43.320,1,0.6551646200819586,636.3670970150081,0.0,,1213651.9760673528
2021-06-25 14:00:43.330,1,0.4991901020131152,646.2397462246348,0.0,,1234369.8648062274
2021-06-25 14:00:43.340,1,0.442625332263069,638.6311030361313,0.0,,1218390.8757185112
2021-06-25 14:00:43.350,1,0.6458563697703373,644.8876646589321,0.0,,1231540.2506091283
2021-06-25 14:00:43.360,1,0.5012946587545781,646.0312619171389,0.0,,1233930.924990617
2021-06-25 14:00:43.370,1,0.6286159596717195,633.0812543629986,0.0,,1206757.7190635307
2021-06-25 14:00:43.380,1,0.6300426238546203,633.8466846291017,0.0,,1208363.1588751015
2021-06-25 14:00:43.390,1,0.6205838486986144,635.9177769681628,0.0,,1212707.5196490006
2021-06-25 14:00:43.400,1,0.5626872547985844,645.8466611608197,0.0,,1233551.4432629896
2021-06-25 14:00:43.410,1,0.4350736508006532,637.3194570190468,0.0,,1215640.7036066842
2021-06-25 14:00:43.420,1,0.6112860526750579,641.4581635103539,0.0,,1224329.941394742
2021-06-25 14:00:43.430,1,0.5099343786388781,633.1016348807531,0.0,,1206794.084041721
2021-06-25 14:00:43.440,1,0.4174926651221439,639.0695593283858,0.0,,1219310.3843352478
2021-06-25 14:00:43.450,1,0.551441015717168,636.230189829866,0.0,,1213359.0355697584
2021-06-25 14:00:43.460,1,0.4324455942340383,640.8792192930779,0.0,,1223110.5610872095
2021-06-25 14:00:43.470,1,0.47320877032988,639.1340326764945,0.0,,1219451.9393496767
2021-06-25 14:00:43.480,1,0.5223881326009097,646.0345491633498,0.0,,1233938.9098241385
2021-06-25 14:00:43.490,1,0.4316192818602036,642.938542209159,0.0,,1227432.8366178896
2021-06-25 14:00:43.500,1,0.5522993953097872,644.2731756404578,0.0,,1230240.287656768
2021-06-25 14:00:43.510,1,0.4184338949629989,641.9755747213637,0.0,,1225407.643343284
2021-06-25 14:00:43.520,1,0.4233723765867198,638.6372117478378,0.0,,1218404.885308541
2021-06-25 14:00:43.530,1,0.4375487854672449,638.803348362722,0.0,,1218749.1198348221
2021-06-25 14:00:43.540,1,0.5209817572934134,641.1825422423161,0.0,,1223748.9001809978
2021-06-25 14:00:43.550,1,0.4590717327140183,648.6483101759122,0.0,,1239428.7093261145
2021-06-25 14:00:43.560,1,0.3978734648808599,642.7600934668842,0.0,,1227052.7960538694
2021-06-25 14:00:43.570,1,0.4407933144403093,643.2138870305596,0.0,,1228014.5011561294
2021-06-25 14:00:43.580,1,0.4314550766668344,648.224287621484,0.0,,1238537.2044169458
2021-06-25 14:00:43.590,1,0.5429862361514494,643.972376051243,0.0,,1229609.2897909258
2021-06-25 14:00:43.600,1,0.5065211272468549,650.1919757576137,0.0,,1242674.7770522572
2021-06-25 14:00:43.610,1,0.5608508418107623,648.3352461365391,0.0,,1238775.894215911
2021-06-25 14:00:43.620,1,0.4404743337343502,651.0149165897311,0.0,,1244402.6257663562
2021-06-25 14:00:43.630,1,0.5280433858009186,646.576551349,0.0,,1235079.0680742876
2021-06-25 14:00:43.640,1,0.55581223185481,649.741987025026,0.0,,1241735.1924041577
2021-06-25 14:00:43.650,1,0.5772256619588839,650.568539549556,0.0,,1243467.7039772687
2021-06-25 14:00:43.660,1,0.485046544537435,653.5692564732157,0.0,,1249777.0626658027
2021-06-25 14:00:43.670,1,0.4270347683149196,650.8207715601153,0.0,,1243995.1025798765
2021-06-25 14:00:43.680,1,0.4228606380547598,653.1248168331708,0.0,,1248842.3690113544
2021-06-25 14:00:43.690,1,0.6012270026713682,655.3673813679449,0.0,,1253562.4014499437
2021-06-25 14:00:43.700,1,0.4696233478086096,660.3860403384641,0.0,,1264124.1634748178
2021-06-25 14:00:43.710,1,0.5283281879324749,651.3925999117939,0.0,,1245200.9322511766
2021-06-25 14:00:43.720,1,0.5552793606046225,650.275008807915,0.0,,1242852.378623359
2021-06-25 14:00:43.730,1,0.5230006715543344,654.7077505437605,0.0,,1252174.0263856167
2021-06-25 14:00:43.740,1,0.560404708363457,658.1746549119897,0.0,,1259471.6721398034
2021-06-25 14:00:43.750,1,0.4494237809026037,651.8839609225088,0.0,,1246230.2820173316
2021-06-25 14:00:43.760,1,0.5608048826201975,658.3076074619316,0.0,,1259751.3012047966
2021-06-25 14:00:43.770,1,0.5876663507216464,650.6831069569454,0.0,,1243710.827061135
2021-06-25 14:00:43.780,1,0.6044870692285549,658.9496121111922,0.0,,1261107.3355769524
2021-06-25 14:00:43.790,1,0.5866600958124425,656.8670058401459,0.0,,1256721.2088952966
2021-06-25 14:00:43.800,1,0.5770255276468711,655.251964569008,0.0,,1253322.498548315
2021-06-25 14:00:43.810,1,0.6530565325579595,654.5797412347922,0.0,,1251909.3645542038
2021-06-25 14:00:43.820,1,0.6100794035234361,648.4011077164139,0.0,,1238918.2004966221
2021-06-25 14:00:43.830,1,0.6603552008363804,653.5497816100251,0.0,,1249745.366139525
2021-06-25 14:00:43.840,1,0.6321073459107993,655.8857139953577,0.0,,1254658.5460636474
2021-06-25 14:00:43.850,1,0.5093542320971435,651.0635839964289,0.0,,1244509.6237310881
2021-06-25 14:00:43.860,1,0.6704994727625065,653.9117935059085,0.0,,1250507.2593570221
2021-06-25 14:00:43.870,1,0.554801151312535,657.8388753386088,0.0,,1258766.62138214
2021-06-25 14:00:43.880,1,0.6686716843179058,648.7628898642516,0.0,,1239679.28539759
2021-06-25 14:00:43.890,1,0.6354651739356344,648.8769877531005,0.0,,1239918.4645707475
2021-06-25 14:00:43.900,1,0.6389562782447753,654.7044060974448,0.0,,1252170.6367346344
2021-06-25 14:00:43.910,1,0.5666818020787382,650.6817050984032,0.0,,1243710.340895465
2021-06-25 14:00:43.920,1,0.6746639128578067,652.7315485122315,0.0,,1248028.174309169
2021-06-25 14:00:43.930,1,0.5980658173362011,649.1143345021736,0.0,,1240415.3398995905
2021-06-25 14:00:43.940,1,0.5306897882468727,650.0263146406603,0.0,,1242328.9406698307
2021-06-25 14:00:43.950,1,0.5212901625759934,649.0194194308921,0.0,,1240214.3267472456
2021-06-25 14:00:43.960,1,0.6347650577037203,653.8326981062146,0.0,,1250339.1546842377
2021-06-25 14:00:43.970,1,0.4528179823368706,647.544101753972,0.0,,1237107.334510902
2021-06-25 14:00:43.980,1,0.5431075663729306,651.5256321980426,0.0,,1245480.41395669
2021-06-25 14:00:43.990,1,0.4609274285697218,644.4237601620888,0.0,,1230554.8131479109
2021-06-25 14:00:44.000,1,0.4948618570599734,647.6743569952338,0.0,,1237384.8469987554
2021-06-25 14:00:44.010,1,0.6403371847242003,649.9727460510171,0.0,,1242223.394819767
2021-06-25 14:00:44.020,1,0.4919224125075147,652.6813885035521,0.0,,1247908.1701117612
2021-06-25 14:00:44.030,1,0.5825400428043218,643.8106225512504,0.0,,1229266.945965461
2021-06-25 14:00:44.040,1,0.4746069290752617,652.9045616569672,0.0,,1248382.8499190456
2021-06-25 14:00:44.050,1,0.4931102546303786,654.2120471822549,0.0,,1251130.1886691311
2021-06-25 14:00:44.060,1,0.4329170629480128,650.8359863285517,0.0,,1244027.9909148961
2021-06-25 14:00:44.070,1,0.6046871800768883,649.8430759856674,0.0,,1241946.3125592228
2021-06-25 14:00:44.080,1,0.4721045700526707,648.2105393406619,0.0,,1238506.3764454373
2021-06-25 14:00:44.090,1,0.4342122660876447,655.9207365749614,0.0,,1254722.2065119299
2021-06-25 14:00:44.100,1,0.4506329646782574,653.3586811002207,0.0,,1249332.560716236
2021-06-25 14:00:44.110,1,0.408514261227024,655.8806300037776,0.0,,1254634.573817166
2021-06-25 14:00:44.120,1,0.4426832931226729,657.3143463692528,0.0,,1257652.7912485397
2021-06-25 14:00:44.130,1,0.5209103851280901,655.8150839915096,0.0,,1254503.9699028675
2021-06-25 14:00:44.140,1,0.5087212954801178,656.2540584028533,0.0,,1255430.207908167
2021-06-25 14:00:44.150,1,0.4129364467725825,657.4842077698087,0.0,,1258013.6668959982
2021-06-25 14:00:44.160,1,0.4649952236869374,654.586945520552,0.0,,1251917.0281048012
2021-06-25 14:00:44.170,1,0.4150908937780765,657.8084430494235,0.0,,1258696.513254954
2021-06-25 14:00:44.180,1,0.5210003972762325,656.7626354468496,0.0,,1256499.5733538778
2021-06-25 14:00:44.190,1,0.4981756718785472,662.8479445256665,0.0,,1269307.9783704649
2021-06-25 14:00:44.200,1,0.4367643617351605,660.3357139672281,0.0,,1264012.023550787
2021-06-25 14:00:44.210,1,0.48631408276291,666.3046399426946,0.0,,1276588.8296602676
2021-06-25 14:00:44.220,1,0.4075725868194857,665.8327433508932,0.0,,1275588.8382725394
2021-06-25 14:00:44.230,1,0.5518884249935421,663.8096479635966,0.0,,1271335.816078028
2021-06-25 14:00:44.240,1,0.5241982480650829,667.5827893515512,0.0,,1279285.2733233485
2021-06-25 14:00:44.250,1,0.4959115823249949,668.7186759193098,0.0,,1281682.3908282507
2021-06-25 14:00:44.260,1,0.5456906524264672,672.9644453260497,0.0,,1290635.8202748217
2021-06-25 14:00:44.270,1,0.5280113182452002,674.3682470247928,0.0,,1293599.7224820973
2021-06-25 14:00:44.280,1,0.519487167606823,665.2033420508502,0.0,,1274272.4878039532
2021-06-25 14:00:44.290,1,0.4010163148738092,669.2306284198401,0.0,,1282750.771963874
2021-06-25 14:00:44.300,1,0.4941593054356512,665.1997346303483,0.0,,1274263.7623314562
2021-06-25 14:00:44.310,1,0.3960260914907568,664.3346228445649,0.0,,1272428.2875401592
2021-06-25 14:00:44.320,1,0.5173306493470466,670.4092359211166,0.0,,1285244.6286777481
2021-06-25 14:00:44.330,1,0.54547065928676,667.3415001047572,0.0,,1278780.1844613727
2021-06-25 14:00:44.340,1,0.4382049740216219,667.8987971882498,0.0,,1279950.3146959525
2021-06-25 14:00:44.350,1,0.5540503607904952,668.0465602767223,0.0,,1280264.489185784
2021-06-25 14:00:44.360,1,0.4564515497561339,671.0312185828011,0.0,,1286552.1425624492
2021-06-25 14:00:44.370,1,0.5345250909311812,671.3441913136942,0.0,,1287219.581276142
2021-06-25 14:00:44.380,1,0.4358952244603908,666.0472464152307,0.0,,1276045.278783234
2021-06-25 14:00:44.390,1,0.5535521497181828,666.188274338886,0.0,,1276346.1297385886
2021-06-25 14:00:44.400,1,0.4243172741239149,665.9926551025915,0.0,,1275933.2981644527
2021-06-25 14:00:44.410,1,0.5029302325778546,664.9829569770271,0.0,,1273803.7597659393
2021-06-25 14:00:44.420,1,0.4839884268580134,669.5569806050553,0.0,,1283445.329128082
2021-06-25 14:00:44.430,1,0.5479464977195375,667.7835882497599,0.0,,1279707.1155798275
2021-06-25 14:00:44.440,1,0.4433771793352693,665.2551206800282,0.0,,1274375.6702647225
2021-06-25 14:00:44.450,1,0.6171767451207432,666.2349461986987,0.0,,1276449.8724666317
2021-06-25 14:00:44.460,1,0.4689532476779188,670.6473687533844,0.0,,1285744.5134008653
2021-06-25 14:00:44.470,1,0.5663440447495917,664.4900657801005,0.0,,1272769.4322949862
2021-06-25 14:00:44.480,1,0.4553098801778205,665.0904893835076,0.0,,1274033.5798673255
2021-06-25 14:00:44.490,1,0.6141436698111344,667.6155943586184,0.0,,1279360.5776273145
2021-06-25 14:00:44.500,1,0.6090984229527863,662.2290564531862,0.0,,1268011.1962781004
2021-06-25 14:00:44.510,1,0.4814891587613404,667.7925423095936,0.0,,1279729.122191817
2021-06-25 14:00:44.520,1,0.5759095591645422,664.2228669389748,0.0,,1272206.372811434
2021-06-25 14:00:44.530,1,0.6077626579884698,660.1459422078548,0.0,,1263626.3316594295
2021-06-25 14:00:44.540,1,0.5877407983790082,661.5708796400206,0.0,,1266623.4824711448
2021-06-25 14:00:44.550,1,0.6348115692556912,654.3458428340911,0.0,,1251419.9025913551
2021-06-25 14:00:44.560,1,0.5928440724474379,662.1318182727464,0.0,,1267803.6972387133
2021-06-25 14:00:44.570,1,0.5681204174651406,664.7678678833242,0.0,,1273357.5007275841
2021-06-25 14:00:44.580,1,0.5411573540581094,655.2188346761992,0.0,,1253247.5429623825
2021-06-25 14:00:44.590,1,0.6609171169811138,661.4257169151526,0.0,,1266323.447829586
2021-06-25 14:00:44.600,1,0.5913670946074686,659.0767097818302,0.0,,1261369.0476671471
2021-06-25 14:00:44.610,1,0.5637297860322159,650.036921784878,0.0,,1242354.1787741494
2021-06-25 14:00:44.620,1,0.5884102286983697,654.8843315583567,0.0,,1252550.4429744864
2021-06-25 14:00:44.630,1,0.6147329844506018,657.3060260379306,0.0,,1257647.1064220413
2021-06-25 14:00:44.640,1,0.5777610719398043,660.0456695054713,0.0,,1263408.7342491655
2021-06-25 14:00:44.650,1,0.5806708980764917,651.2649308494831,0.0,,1244935.14057854
2021-06-25 14:00:44.660,1,0.5677454948823124,655.9738352637368,0.0,,1254841.5638317466
2021-06-25 14:00:44.670,1,0.4746010315586934,656.5338443784202,0.0,,1256010.3314232177
2021-06-25 14:00:44.680,1,0.5228939200200531,657.7660002454122,0.0,,1258613.3607007072
2021-06-25 14:00:44.690,1,0.4641782567367199,650.2774447577724,0.0,,1242855.640330912
2021-06-25 14:00:44.700,1,0.5775049529427334,655.7829125830949,0.0,,1254440.8382736922
2021-06-25 14:00:44.710,1,0.6744890329286786,650.7691408089883,0.0,,1243900.2528848327
2021-06-25 14:00:44.720,1,0.5801551347156658,650.2063744910047,0.0,,1242709.2270824928
2021-06-25 14:00:44.730,1,0.4966765746132477,660.7506987396072,0.0,,1264893.864641729
2021-06-25 14:00:44.740,1,0.4583922270202312,653.3489465412962,0.0,,1249313.2812972171
2021-06-25 14:00:44.750,1,0.5636365451644662,655.3152557811387,0.0,,1253453.1000500135
2021-06-25 14:00:44.760,1,0.4706851896103705,657.0019015259968,0.0,,1256998.9974486073
2021-06-25 14:00:44.770,1,0.5934300711118885,658.1530464353012,0.0,,1259429.174147375
2021-06-25 14:00:44.780,1,0.4718466419964533,654.604257465851,0.0,,1251953.6816234258
2021-06-25 14:00:44.790,1,0.5260407964506317,654.4890632057422,0.0,,1251713.4455524965
2021-06-25 14:00:44.800,1,0.5127161709207465,654.1968826149272,0.0,,1251096.4454185213
2021-06-25 14:00:44.810,1,0.5334290925430615,656.745181754329,0.0,,1256461.6967363567
2021-06-25 14:00:44.820,1,0.5979184073829964,656.5252215308652,0.0,,1256000.6588881714
2021-06-25 14:00:44.830,1,0.5167638911803947,653.7002042641684,0.0,,1250053.4130192848
2021-06-25 14:00:44.840,1,0.6117545656224698,651.7722286738436,0.0,,1246005.4558985715
2021-06-25 14:00:44.850,1,0.6094422823304199,653.9914835187645,0.0,,1250670.0153872718
2021-06-25 14:00:44.860,1,0.5894452827822629,660.7047377015233,0.0,,1264802.1448798915
2021-06-25 14:00:44.870,1,0.4213456394893256,657.0627578842569,0.0,,1257119.7164745447
2021-06-25 14:00:44.880,1,0.5249534749368691,663.5708242824924,0.0,,1270834.015328685
2021-06-25 14:00:44.890,1,0.5236853632277373,657.1333782928198,0.0,,1257279.0834352938
2021-06-25 14:00:44.900,1,0.4190362549210953,659.8769746441683,0.0,,1263048.5353897556
2021-06-25 14:00:44.910,1,0.5603666403217739,655.0812436459056,0.0,,1252962.1412471035
2021-06-25 14:00:44.920,1,0.565359433993837,662.2498205737187,0.0,,1268053.5556303752
2021-06-25 14:00:44.930,1,0.4356157261958132,661.3298739403917,0.0,,1266106.4687360283
2021-06-25 14:00:44.940,1,0.5659939230653942,662.0025022870291,0.0,,1267530.2154290439
2021-06-25 14:00:44.950,1,0.5783969628014586,662.1103785800562,0.0,,1267760.842303965
2021-06-25 14:00:44.960,1,0.5255920187351865,660.1862336758846,0.0,,1263704.6220257676
2021-06-25 14:00:44.970,1,0.5733616496993094,656.2590738372493,0.0,,1255440.1614005119
2021-06-25 14:00:44.980,1,0.4100375727806934,664.3875105195259,0.0,,1272550.915851645
2021-06-25 14:00:44.990,1,0.5062680649912157,661.0442091067629,0.0,,1265509.2745953498
2021-06-25 14:00:45.000,1,0.4160171793603609,656.1417888784547,0.0,,1255186.807241796
2021-06-25 14:00:45.010,1,0.4112563847393369,661.2136937416557,0.0,,1265860.1326794587
2021-06-25 14:00:45.020,1,0.5537632672999689,660.0072509024112,0.0,,1263333.7387661655
2021-06-25 14:00:45.030,1,0.5482376415557253,660.7023364537456,0.0,,1264792.8319619326
2021-06-25 14:00:45.040,1,0.4758527439513683,659.2980044920549,0.0,,1261833.146815529
2021-06-25 14:00:45.050,1,0.4516428158157494,662.8967427694556,0.0,,1269409.488341033
2021-06-25 14:00:45.060,1,0.5664007136540102,661.9252741964301,0.0,,1267369.0495042943
2021-06-25 14:00:45.070,1,0.5006505764114407,656.0232332548562,0.0,,1254940.8087417304
2021-06-25 14:00:45.080,1,0.445588939861182,657.5160009322519,0.0,,1258083.5255126597
2021-06-25 14:00:45.090,1,0.5549545643723729,664.0512345906352,0.0,,1271845.8082677093
2021-06-25 14:00:45.100,1,0.4816366302160815,658.6779746039739,0.0,,1260522.4347104963
2021-06-25 14:00:45.110,1,0.5964765946166569,660.0258974495636,0.0,,1263369.816339193
2021-06-25 14:00:45.120,1,0.5652619089151569,656.1447481039231,0.0,,1255198.349243453
2021-06-25 14:00:45.130,1,0.6288097136750085,654.4081898251495,0.0,,1251547.265467757
2021-06-25 14:00:45.140,1,0.4715481609177521,655.5929486524943,0.0,,1254031.1688631363
2021-06-25 14:00:45.150,1,0.5255733172275328,652.8615594972157,0.0,,1248288.8198705378
2021-06-25 14:00:45.160,1,0.4434697022996657,655.9722888757127,0.0,,1254831.9873033809
2021-06-25 14:00:45.170,1,0.5241933952980422,649.7510569881453,0.0,,1241752.2722739158
2021-06-25 14:00:45.180,1,0.5639587180986693,656.2449683858516,0.0,,1255411.8953245843
2021-06-25 14:00:45.190,1,0.4963160554288176,657.8862803976774,0.0,,1258861.8556587738
2021-06-25 14:00:45.200,1,0.6696421960347204,655.1906590546982,0.0,,1253197.2383421112
2021-06-25 14:00:45.210,1,0.4589910422017385,652.7902559096382,0.0,,1248138.818871342
2021-06-25 14:00:45.220,1,0.5466228966022311,653.3983082460591,0.0,,1249421.4208848965
2021-06-25 14:00:45.230,1,0.4807834358366671,649.7935689624426,0.0,,1241837.8391755053
2021-06-25 14:00:45.240,1,0.5710416963462636,649.230074659665,0.0,,1240657.6698958343
2021-06-25 14:00:45.250,1,0.4907369655100606,654.1603178049593,0.0,,1251021.9453084504
2021-06-25 14:00:45.260,1,0.5712450969320331,653.0949025936294,0.0,,1248784.9229565116
2021-06-25 14:00:45.270,1,0.6982718207670531,649.163739833595,0.0,,1240525.9538648427
2021-06-25 14:00:45.280,1,0.5642799207715693,648.7602828824182,0.0,,1239669.8116004635
2021-06-25 14:00:45.290,1,0.5317319026127505,652.3354135407892,0.0,,1247184.4555034142
2021-06-25 14:00:45.300,1,0.6748296418345174,645.1530416840208,0.0,,1232097.4569089178
2021-06-25 14:00:45.310,1,0.5795983875625098,652.0399913719035,0.0,,1246564.0360728875
2021-06-25 14:00:45.320,1,0.6745798907286449,646.9070377265459,0.0,,1235785.032841826
2021-06-25 14:00:45.330,1,0.5059123871228773,649.9938543267198,0.0,,1242260.2786253213
2021-06-25 14:00:45.340,1,0.7303933883588708,649.6710483966226,0.0,,1241593.5260067268
2021-06-25 14:00:45.350,1,0.601610704855004,646.5760152114867,0.0,,1235079.089598789
2021-06-25 14:00:45.360,1,0.5096721236419841,646.9773064337259,0.0,,1235919.7508565884
2021-06-25 14:00:45.370,1,0.7251001684852796,643.7982545771073,0.0,,1229255.8773943905
2021-06-25 14:00:45.380,1,0.6816084477258633,646.1940418267018,0.0,,1234283.650312609
2021-06-25 14:00:45.390,1,0.5530285638399133,648.0369979132869,0.0,,1238149.7752610617
2021-06-25 14:00:45.400,1,0.5304207114100513,644.298092354819,0.0,,1230291.1518938115
2021-06-25 14:00:45.410,1,0.5444158703770692,651.188752497298,0.0,,1244772.5955567525
2021-06-25 14:00:45.420,1,0.6912530668997929,644.2663481935831,0.0,,1230232.8312723301
2021-06-25 14:00:45.430,1,0.7191012019237539,648.9650394267608,0.0,,1240107.3220322805
2021-06-25 14:00:45.440,1,0.5193931663889861,653.027972761286,0.0,,1248640.0088792897
2021-06-25 14:00:45.450,1,0.5258833017528941,651.3897172885416,0.0,,1245194.7635760184
2021-06-25 14:00:45.460,1,0.6042387645759233,652.0625261420504,0.0,,1246615.001778004
2021-06-25 14:00:45.470,1,0.6360921254166155,649.6441311057824,0.0,,1241532.748626449
2021-06-25 14:00:45.480,1,0.6307476403809321,650.6708402972245,0.0,,1243690.4751369588
2021-06-25 14:00:45.490,1,0.508257387878977,659.4026918654266,0.0,,1262054.2723156172
2021-06-25 14:00:45.500,1,0.5935163101704796,650.5169553557238,0.0,,1243364.1269668886
2021-06-25 14:00:45.510,1,0.6117439329798957,652.5365650785967,0.0,,1247613.6841607506
2021-06-25 14:00:45.520,1,0.6651557196564925,668.1160392981051,0.0,,1280421.7397670152
2021-06-25 14:00:45.530,1,0.6640857123884908,661.1754559995021,0.0,,1265799.6662120218
2021-06-25 14:00:45.540,1,0.5706062211076975,658.0632092346551,0.0,,1259237.064070322
2021-06-25 14:00:45.550,1,0.5956668476453233,660.2737304549355,0.0,,1263893.4847377758
2021-06-25 14:00:45.560,1,0.6349881715444241,660.740948828186,0.0,,1264881.0962871572
2021-06-25 14:00:45.570,1,0.4733288359633873,656.0174116435867,0.0,,1254926.2269726568
2021-06-25 14:00:45.580,1,0.4568626893541338,659.5737699736658,0.0,,1262413.1140570238
2021-06-25 14:00:45.590,1,0.4683492473467655,663.8003968366545,0.0,,1271310.5936721698
2021-06-25 14:00:45.600,1,0.5190656762366874,668.059799415829,0.0,,1280293.9158827963
2021-06-25 14:00:45.610,1,0.4942553831106416,657.8618835768012,0.0,,1258809.7517272918
2021-06-25 14:00:45.620,1,0.4840207572040259,662.1723830066128,0.0,,1267885.0591068233
2021-06-25 14:00:45.630,1,0.4396903738816266,666.8357078863557,0.0,,1277708.8201810198
2021-06-25 14:00:45.640,1,0.5004813738504279,666.0857652095559,0.0,,1276129.713687644
2021-06-25 14:00:45.650,1,0.519961566754127,669.0522594393749,0.0,,1282383.5280982063
2021-06-25 14:00:45.660,1,0.5556515696410834,664.2762697883596,0.0,,1272319.4723509771
2021-06-25 14:00:45.670,1,0.5488950918261916,665.4883039887001,0.0,,1274873.289143076
2021-06-25 14:00:45.680,1,0.5537501285073283,667.8252141631754,0.0,,1279795.3309238628
2021-06-25 14:00:45.690,1,0.4272544895246464,668.7249415421662,0.0,,1281688.692424652
2021-06-25 14:00:45.700,1,0.5440791084712053,665.7136480340822,0.0,,1275347.579682012
2021-06-25 14:00:45.710,1,0.5908728756809938,665.7649648672883,0.0,,1275458.4778569618
2021-06-25 14:00:45.720,1,0.6095918889218801,671.1470310421556,0.0,,1286807.7328115802
2021-06-25 14:00:45.730,1,0.5572397001536818,666.724802886314,0.0,,1277479.0686539265
2021-06-25 14:00:45.740,1,0.4677401637691372,662.335408233385,0.0,,1268225.8432937362
2021-06-25 14:00:45.750,1,0.5808095801933494,664.1107857121461,0.0,,1271970.5785870845
2021-06-25 14:00:45.760,1,0.5365542495292459,663.8889337448345,0.0,,1271501.0471744838
2021-06-25 14:00:45.770,1,0.481733557630544,670.4334370781837,0.0,,1285293.9149683213
2021-06-25 14:00:45.780,1,0.5456001089770499,666.8430148858703,0.0,,1277730.7777817175
2021-06-25 14:00:45.790,1,0.4648572809783414,664.4035312455602,0.0,,1272584.177755588
2021-06-25 14:00:45.800,1,0.6195179883325482,666.0963584032444,0.0,,1276162.2977428732
2021-06-25 14:00:45.810,1,0.4713496777289855,663.560464991968,0.0,,1270804.8090366803
2021-06-25 14:00:45.820,1,0.5945984582711485,660.9834326922141,0.0,,1265385.8515122072
2021-06-25 14:00:45.830,1,0.6198559038168403,664.1589618853303,0.0,,1272077.9655680202
2021-06-25 14:00:45.840,1,0.5062217520927887,665.021144497192,0.0,,1273884.1072828327
2021-06-25 14:00:45.850,1,0.5635359741938412,659.3799490601506,0.0,,1262006.5132325117
2021-06-25 14:00:45.860,1,0.5803267703477887,661.6147329085893,0.0,,1266714.132104262
2021-06-25 14:00:45.870,1,0.5876132703385515,669.0763707900554,0.0,,1282436.2361734172
2021-06-25 14:00:45.880,1,0.482228209422713,667.8373007764047,0.0,,1279820.5158683488
2021-06-25 14:00:45.890,1,0.6264255527885069,664.4499298372923,0.0,,1272690.2172927419
2021-06-25 14:00:45.900,1,0.477532836587773,662.0685216526211,0.0,,1267666.3204546624
2021-06-25 14:00:45.910,1,0.4747889131861827,659.2153749896172,0.0,,1261657.8799410446
2021-06-25 14:00:45.920,1,0.4762126766721481,660.151412034277,0.0,,1263624.4253623823
2021-06-25 14:00:45.930,1,0.5992126689072627,659.3108310861413,0.0,,1261862.3401419362
2021-06-25 14:00:45.940,1,0.6253990813957878,658.8899939443261,0.0,,1260982.582001874
2021-06-25 14:00:45.950,1,0.4660488957751845,657.5399366913532,0.0,,1258127.9854490357
2021-06-25 14:00:45.960,1,0.6456524851316165,651.8732138201888,0.0,,1246213.4388345364
2021-06-25 14:00:45.970,1,0.5937323082627398,658.5477131068524,0.0,,1260257.8510774514
2021-06-25 14:00:45.980,1,0.6685954968133487,662.7954887886368,0.0,,1269206.2293484462
2021-06-25 14:00:45.990,1,0.6197530034672627,656.9906560646219,0.0,,1256980.293484438
2021-06-25 14:00:46.000,1,0.665115916820035,660.3925468510935,0.0,,1264146.359883956
2021-06-25 14:00:46.010,1,0.5944488618100013,658.3020102991177,0.0,,1259744.0288889082
2021-06-25 14:00:46.020,1,0.6878945603688172,659.6192323185642,0.0,,1262520.2429282055
2021-06-25 14:00:46.030,1,0.5793244124481804,650.7497714982626,0.0,,1243849.2977460178
2021-06-25 14:00:46.040,1,0.5398268680423594,660.0306565895477,0.0,,1263379.0090474372
2021-06-25 14:00:46.050,1,0.5152626411301419,660.4771456786734,0.0,,1264313.109311102
2021-06-25 14:00:46.060,1,0.531313700730197,657.97869260564,0.0,,1259057.3268648193
2021-06-25 14:00:46.070,1,0.7418971849857159,655.6026456529413,0.0,,1254069.3625629896
2021-06-25 14:00:46.080,1,0.5993742262656192,661.0251132371973,0.0,,1265474.12810155
2021-06-25 14:00:46.090,1,0.5902716954465553,658.0160910118923,0.0,,1259139.7623866997
2021-06-25 14:00:46.100,1,0.5822032522014629,663.3417356278222,0.0,,1270357.1483286244
2021-06-25 14:00:46.110,1,0.500770571316109,658.3189351497846,0.0,,1259772.7480292679
2021-06-25 14:00:46.120,1,0.672847827660872,661.0762822739715,0.0,,1265585.1592253272
2021-06-25 14:00:46.130,1,0.4948526736562219,662.0730484614444,0.0,,1267675.4471734196
2021-06-25 14:00:46.140,1,0.6936589635622344,661.9741896866966,0.0,,1267478.5258704226
2021-06-25 14:00:46.150,1,0.7059207431347988,659.7296833939345,0.0,,1262751.3395452108
2021-06-25 14:00:46.160,1,0.6771891620316097,664.3462889596493,0.0,,1272471.9830695735
2021-06-25 14:00:46.170,1,0.5410289883657827,662.4951230324566,0.0,,1268566.790634626
2021-06-25 14:00:46.180,1,0.6292155022601946,659.9829940548615,0.0,,1263279.69690746
2021-06-25 14:00:46.190,1,0.6134522887590833,656.9340906602315,0.0,,1256863.3629450742
2021-06-25 14:00:46.200,1,0.4798569677714819,663.3674895200403,0.0,,1270402.1926847035
2021-06-25 14:00:46.210,1,0.5388224015141255,663.8682361984162,0.0,,1271461.9147255705
2021-06-25 14:00:46.220,1,0.5811287610671506,664.9154497596508,0.0,,1273667.4839182242
2021-06-25 14:00:46.230,1,0.6784051860747723,662.873995379374,0.0,,1269371.7341299297
2021-06-25 14:00:46.240,1,0.4784106447247427,665.8641782657787,0.0,,1275661.0930951475
2021-06-25 14:00:46.250,1,0.6556243292404822,670.0893125506369,0.0,,1284574.9719669588
2021-06-25 14:00:46.260,1,0.604441089621125,658.3489043923813,0.0,,1259840.542422179
2021-06-25 14:00:46.270,1,0.5834407718187036,667.8475962340559,0.0,,1279850.0653657154
2021-06-25 14:00:46.280,1,0.5210239975447158,664.5372575182878,0.0,,1272867.4955011809
2021-06-25 14:00:46.290,1,0.6601859870244758,667.6353662669565,0.0,,1279405.1172292426
2021-06-25 14:00:46.300,1,0.6193355953114322,666.1885890048843,0.0,,1276354.2113438975
2021-06-25 14:00:46.310,1,0.5301596668064937,665.6134934232033,0.0,,1275135.1229551174
2021-06-25 14:00:46.320,1,0.4717716597909712,661.8664118612184,0.0,,1267240.5720318952
2021-06-25 14:00:46.330,1,0.6183492885471144,664.6919297780659,0.0,,1273201.7197574922
2021-06-25 14:00:46.340,1,0.5789805133977902,663.6979752309929,0.0,,1271107.6689444068
2021-06-25 14:00:46.350,1,0.5416564544954766,663.0970458013287,0.0,,1269836.85668137
2021-06-25 14:00:46.360,1,0.5580030707093442,668.2487868744688,0.0,,1280689.683653655
2021-06-25 14:00:46.370,1,0.6341077181265987,664.3152240327097,0.0,,1272405.0617545121
2021-06-25 14:00:46.380,1,0.4491791824980775,665.8475769432309,0.0,,1275626.0403236283
2021-06-25 14:00:46.390,1,0.5832207192197149,655.745965903397,0.0,,1254363.8058055926
2021-06-25 14:00:46.400,1,0.6059414772048802,666.1144437639333,0.0,,1276193.7774852782
2021-06-25 14:00:46.410,1,0.4282206547222093,658.6638436566418,0.0,,1260496.6160773232
2021-06-25 14:00:46.420,1,0.551644600878052,660.6910090078721,0.0,,1264767.3146882118
2021-06-25 14:00:46.430,1,0.4730695484080729,656.1752321427342,0.0,,1255259.1158962462
2021-06-25 14:00:46.440,1,0.59921370663274,656.0588130316906,0.0,,1255022.6217596726
2021-06-25 14:00:46.450,1,0.5082656345153757,652.4694904799808,0.0,,1247464.14988803
2021-06-25 14:00:46.460,1,0.4633673650361898,661.6911770482112,0.0,,1266869.590143673
2021-06-25 14:00:46.470,1,0.4419149894642449,655.5039514987619,0.0,,1253844.9522288404
2021-06-25 14:00:46.480,1,0.5662276120966363,654.0639450224394,0.0,,1250823.046745044
2021-06-25 14:00:46.490,1,0.435848397576291,657.4538058421351,0.0,,1257949.1169348375
2021-06-25 14:00:46.500,1,0.5898450564597025,655.6575699279475,0.0,,1254173.7625215233
2021-06-25 14:00:46.510,1,0.4862406722538094,656.1303788545944,0.0,,1255167.279908185
2021-06-25 14:00:46.520,1,0.5754817893485733,655.3388645457677,0.0,,1253507.2450627882
2021-06-25 14:00:46.530,1,0.547477756584722,652.797579147924,0.0,,1248158.8307089084
2021-06-25 14:00:46.540,1,0.558973862285044,650.3111229302212,0.0,,1242929.4369189919
2021-06-25 14:00:46.550,1,0.6192241990199068,651.8917347434233,0.0,,1246256.4715351725
2021-06-25 14:00:46.560,1,0.4668624040859323,648.1054385767765,0.0,,1238287.7815414064
2021-06-25 14:00:46.570,1,0.538337768621206,652.0367207792077,0.0,,1246555.0270655672
2021-06-25 14:00:46.580,1,0.6201353295098697,648.2954271599327,0.0,,1238698.570017739
2021-06-25 14:00:46.590,1,0.5135787296575717,641.5594883750895,0.0,,1224542.658173572
2021-06-25 14:00:46.600,1,0.627646790673146,642.0446673401742,0.0,,1225566.656913098
2021-06-25 14:00:46.610,1,0.5619302614386378,644.5185990364504,0.0,,1230755.8620130832
2021-06-25 14:00:46.620,1,0.5247531117462574,640.7491163994138,0.0,,1222838.849543406
2021-06-25 14:00:46.630,1,0.6259546623589999,641.8654099707401,0.0,,1225191.3575414405
2021-06-25 14:00:46.640,1,0.5432064417997652,636.4355102393944,0.0,,1213789.609471338
2021-06-25 14:00:46.650,1,0.6596658653249683,643.5842407458772,0.0,,1228802.2572596325
2021-06-25 14:00:46.660,1,0.4678219251771459,642.5566898054517,0.0,,1226630.9583340606
2021-06-25 14:00:46.670,1,0.4831331343052915,642.1444694349817,0.0,,1225767.8978014358
2021-06-25 14:00:46.680,1,0.5927119120171788,636.7953827844858,0.0,,1214544.2475953058
2021-06-25 14:00:46.690,1,0.5895924283987117,644.7820733080642,0.0,,1231312.920166792
2021-06-25 14:00:46.700,1,0.5010939055028159,643.1751428855498,0.0,,1227933.6027758373
2021-06-25 14:00:46.710,1,0.647994660154302,642.5120633206475,0.0,,1226549.2543804897
2021-06-25 14:00:46.720,1,0.4796285406108666,641.8709908802716,0.0,,1225193.9526824257
2021-06-25 14:00:46.730,1,0.5973172258149293,647.5938264970457,0.0,,1237219.9167053034
2021-06-25 14:00:46.740,1,0.5320652724608642,641.9129644170145,0.0,,1225282.8128685576
2021-06-25 14:00:46.750,1,0.4735229204891221,641.7839075395966,0.0,,1225012.5886882145
2021-06-25 14:00:46.760,1,0.4963700583167021,634.6766736317536,0.0,,1210095.8203115026
2021-06-25 14:00:46.770,1,0.5203970078036775,645.2500809466408,0.0,,1232292.7826040746
2021-06-25 14:00:46.780,1,0.4920517538683401,640.3770804784214,0.0,,1222058.5751950212
2021-06-25 14:00:46.790,1,0.6660925768828013,638.8718348241404,0.0,,1218905.1116673471
2021-06-25 14:00:46.800,1,0.6104218545871652,634.4710514432401,0.0,,1209674.4069230615
2021-06-25 14:00:46.810,1,0.6087275807875142,644.2127677138602,0.0,,1230116.4995540185
2021-06-25 14:00:46.820,1,0.4955659261633482,650.0199764787384,0.0,,1242316.2522265508
2021-06-25 14:00:46.830,1,0.7072812811595213,646.4778639460212,0.0,,1234880.7623100355
2021-06-25 14:00:46.840,1,0.5272876815998673,644.5975313910848,0.0,,1230922.4708630794
2021-06-25 14:00:46.850,1,0.5821324290504414,646.3433113598936,0.0,,1234593.933803911
2021-06-25 14:00:46.860,1,0.6051841489280138,646.6130673819796,0.0,,1235160.6320228823
2021-06-25 14:00:46.870,1,0.5832772607457528,648.3565936302418,0.0,,1238823.820799127
2021-06-25 14:00:46.880,1,0.6679247685968962,645.4138970338882,0.0,,1232645.6154885064
2021-06-25 14:00:46.890,1,0.6424579238764965,643.7935108307529,0.0,,1229237.1020545184
2021-06-25 14:00:46.900,1,0.6359493873605948,650.9858989909428,0.0,,1244356.8501274586
2021-06-25 14:00:46.910,1,0.6818859640402942,644.3367234942673,0.0,,1230383.243767455
2021-06-25 14:00:46.920,1,0.6848424316751455,648.8479334770052,0.0,,1239859.2276453264
2021-06-25 14:00:46.930,1,0.6499595192061666,646.8140212551713,0.0,,1235581.9825878392
2021-06-25 14:00:46.940,1,0.5735535876577479,646.5800985162425,0.0,,1235086.6879078457
2021-06-25 14:00:46.950,1,0.5082726823177797,647.1380897097491,0.0,,1236260.9120048461
2021-06-25 14:00:46.960,1,0.4682389668136262,650.9927906808306,0.0,,1244357.5363880992
2021-06-25 14:00:46.970,1,0.4694551721536616,649.3613274733793,0.0,,1240929.0865003793
2021-06-25 14:00:46.980,1,0.615658819373433,651.7043894636605,0.0,,1245859.3932540158
2021-06-25 14:00:46.990,1,0.5922233348348541,647.4807087454525,0.0,,1236981.3182933922
2021-06-25 14:00:47.000,1,0.4482519572221706,647.6177211974492,0.0,,1237261.4475178476
2021-06-25 14:00:47.010,1,0.4492613569904717,653.9645049753473,0.0,,1250604.7056976412
2021-06-25 14:00:47.020,1,0.6160277977457591,655.4732727213003,0.0,,1253789.276234771
2021-06-25 14:00:47.030,1,0.6097434939125269,644.1895281677996,0.0,,1230066.0297124789
2021-06-25 14:00:47.040,1,0.537842836761719,649.2365633556461,0.0,,1240670.1037380518
2021-06-25 14:00:47.050,1,0.6354131744768923,653.9613174432807,0.0,,1250610.7398187914
2021-06-25 14:00:47.060,1,0.4527013235717219,646.4991457228705,0.0,,1234911.3791355134
2021-06-25 14:00:47.070,1,0.5623287700197229,651.3357741412833,0.0,,1245083.2720342649
2021-06-25 14:00:47.080,1,0.4309672262867784,653.0167891602753,0.0,,1248609.8555526223
2021-06-25 14:00:47.090,1,0.5587028206066359,649.6203078095713,0.0,,1241479.5908701841
2021-06-25 14:00:47.100,1,0.5104495286531732,649.2173015400723,0.0,,1240629.759135948
2021-06-25 14:00:47.110,1,0.4612544648450018,645.8952851218197,0.0,,1233643.4907871287
2021-06-25 14:00:47.120,1,0.5335291898953383,644.6681668691205,0.0,,1231069.4070564385
2021-06-25 14:00:47.130,1,0.5180702272903598,646.3099396814264,0.0,,1234519.11131086
2021-06-25 14:00:47.140,1,0.5246345564863906,639.4195196575116,0.0,,1220049.6845894416
2021-06-25 14:00:47.150,1,0.4482479203855128,648.8928124256832,0.0,,1239944.3492008762
2021-06-25 14:00:47.160,1,0.4972880449619791,646.7504713882455,0.0,,1235442.9311843468
2021-06-25 14:00:47.170,1,0.4565987770894549,645.8124865190632,0.0,,1233471.3778200462
2021-06-25 14:00:47.180,1,0.4843532641331444,643.4519300919687,0.0,,1228511.2571675433
2021-06-25 14:00:47.190,1,0.4778256702773117,649.3074218744141,0.0,,1240816.1571729055
2021-06-25 14:00:47.200,1,0.4694815458409194,647.0167471506791,0.0,,1236003.1519254362
2021-06-25 14:00:47.210,1,0.423573450530706,642.6573542194502,0.0,,1226844.8431038694
2021-06-25 14:00:47.220,1,0.4151811696718668,642.223321634822,0.0,,1225929.0780174304
2021-06-25 14:00:47.230,1,0.4773381642658765,638.5875388959909,0.0,,1218300.3588192577
2021-06-25 14:00:47.240,1,0.4800281176822834,639.3944851870941,0.0,,1219992.3981390644
2021-06-25 14:00:47.250,1,0.5067755094869847,644.2010948415779,0.0,,1230088.556247349
2021-06-25 14:00:47.260,1,0.4209607481395039,643.9446459118218,0.0,,1229545.8156702772
2021-06-25 14:00:47.270,1,0.398787946154594,633.435615885604,0.0,,1207487.4773403755
2021-06-25 14:00:47.280,1,0.4466338895180793,638.2613270161036,0.0,,1217620.223860409
2021-06-25 14:00:47.290,1,0.5351526645646448,639.8756427822194,0.0,,1221007.1563488825
2021-06-25 14:00:47.300,1,0.5326160294705301,641.2804571994054,0.0,,1223954.2125479942
2021-06-25 14:00:47.310,1,0.5395543316144877,636.9440706119923,0.0,,1214856.3773455785
2021-06-25 14:00:47.320,1,0.4278402757767757,640.8427494995154,0.0,,1223032.2552629695
2021-06-25 14:00:47.330,1,0.5392153839706496,640.8460180794963,0.0,,1223042.9931500407
2021-06-25 14:00:47.340,1,0.555287297841792,637.8850699738423,0.0,,1216831.4135142819
2021-06-25 14:00:47.350,1,0.5358159049957995,644.6081087411413,0.0,,1230947.3308579794
2021-06-25 14:00:47.360,1,0.5877435020705216,644.0782705256103,0.0,,1229830.6769625752
2021-06-25 14:00:47.370,1,0.4714411848371729,642.9694349300119,0.0,,1227498.4059790666
2021-06-25 14:00:47.380,1,0.4468235678579855,642.862222662083,0.0,,1227271.1908087803
2021-06-25 14:00:47.390,1,0.4917964759920177,640.499190452381,0.0,,1222314.7667343025
2021-06-25 14:00:47.400,1,0.6022935171189314,646.2561228396438,0.0,,1234408.3468253743
2021-06-25 14:00:47.410,1,0.6598454278200396,639.4315396205395,0.0,,1220083.3074911486
2021-06-25 14:00:47.420,1,0.638169252423759,647.2584555179783,0.0,,1236517.44631963
2021-06-25 14:00:47.430,1,0.5214425763986007,648.7736898507768,0.0,,1239695.1018261902
2021-06-25 14:00:47.440,1,0.5657718726455229,649.0690636926361,0.0,,1240317.11453932
2021-06-25 14:00:47.450,1,0.4771219621699408,648.5924828036448,0.0,,1239312.9963954063
2021-06-25 14:00:47.460,1,0.4819752237174798,642.4135341072991,0.0,,1226334.3672579327
2021-06-25 14:00:47.470,1,0.474724391208959,648.8279292503678,0.0,,1239807.9367612887
2021-06-25 14:00:47.480,1,0.5683076897295892,649.7361060625825,0.0,,1241722.5219261888
2021-06-25 14:00:47.490,1,0.7040209691034517,653.5598986342521,0.0,,1249767.2681644226
2021-06-25 14:00:47.500,1,0.5670580725268236,648.8665604690026,0.0,,1239893.7168883176
2021-06-25 14:00:47.510,1,0.6535521670784298,644.0653401599127,0.0,,1229807.1392180414
2021-06-25 14:00:47.520,1,0.4998848147929871,653.5236681749935,0.0,,1249681.1000913172
2021-06-25 14:00:47.530,1,0.5863251213973553,649.666279042224,0.0,,1241573.5929649482
2021-06-25 14:00:47.540,1,0.4942451904234697,650.6384339460906,0.0,,1243616.9080768665
2021-06-25 14:00:47.550,1,0.4925423824636358,656.3816320122646,0.0,,1255695.42665396
2021-06-25 14:00:47.560,1,0.6492209553321355,657.8178915437093,0.0,,1258726.4048020777
2021-06-25 14:00:47.570,1,0.5380999377187918,651.0515423468153,0.0,,1244485.1414184717
2021-06-25 14:00:47.580,1,0.6068375753198697,652.7976835430678,0.0,,1248159.47054712
2021-06-25 14:00:47.590,1,0.621231869568588,655.5200676337488,0.0,,1253887.9570217084
2021-06-25 14:00:47.600,1,0.4922040949409212,652.057978875694,0.0,,1246598.571459436
2021-06-25 14:00:47.610,1,0.6590502706440483,650.9826313232683,0.0,,1244348.1992478238
2021-06-25 14:00:47.620,1,0.6069237848181633,655.130497609225,0.0,,1253069.7734835544
2021-06-25 14:00:47.630,1,0.4801822797150671,656.1326815467677,0.0,,1255168.8533851928
2021-06-25 14:00:47.640,1,0.6551001450064335,652.9844667488403,0.0,,1248556.3079771758
2021-06-25 14:00:47.650,1,0.5672638690391125,657.4448007053877,0.0,,1257936.8486797495
2021-06-25 14:00:47.660,1,0.6342212256939751,655.6131365635252,0.0,,1254083.7439875808
2021-06-25 14:00:47.670,1,0.5856454911882105,655.4548246929278,0.0,,1253749.6825749564
2021-06-25 14:00:47.680,1,0.5788389218997892,659.4925086221282,0.0,,1262244.7971985324
2021-06-25 14:00:47.690,1,0.6806106802881601,661.2199983773338,0.0,,1265889.4898627193
2021-06-25 14:00:47.700,1,0.5458523717187608,657.4142591155637,0.0,,1257873.1243241008
2021-06-25 14:00:47.710,1,0.6276707534311032,652.0233996804405,0.0,,1246534.3610632757
2021-06-25 14:00:47.720,1,0.6114541915218442,661.9744945634444,0.0,,1267473.7544118292
2021-06-25 14:00:47.730,1,0.6409606693321727,654.6655855399263,0.0,,1252092.9745222765
2021-06-25 14:00:47.740,1,0.536673748433664,658.271898931243,0.0,,1259675.4458234585
2021-06-25 14:00:47.750,1,0.5060384506003928,657.3070383400836,0.0,,1257643.172307256
2021-06-25 14:00:47.760,1,0.5859085685476159,658.0688490782946,0.0,,1259250.1065156867
2021-06-25 14:00:47.770,1,0.4653964512667499,651.6250495224108,0.0,,1245686.6893439991
2021-06-25 14:00:47.780,1,0.6395217675496938,652.5357271660052,0.0,,1247613.196329366
2021-06-25 14:00:47.790,1,0.5073507538563689,653.317423897895,0.0,,1249248.0618700513
2021-06-25 14:00:47.800,1,0.5482426955124179,650.8364460101999,0.0,,1244038.902744545
2021-06-25 14:00:47.810,1,0.4413140446081491,651.7861714533143,0.0,,1246022.266058375
2021-06-25 14:00:47.820,1,0.4195659000401924,646.9243155085234,0.0,,1235802.6293442321
2021-06-25 14:00:47.830,1,0.562120847373727,652.1451790163567,0.0,,1246784.8011887725
2021-06-25 14:00:47.840,1,0.5987078939758288,654.7839378650043,0.0,,1252337.4494714527
2021-06-25 14:00:47.850,1,0.4651066571089382,649.2608069297621,0.0,,1240716.7284581214
2021-06-25 14:00:47.860,1,0.4545789997827287,643.3819623520643,0.0,,1228365.2865465234
2021-06-25 14:00:47.870,1,0.5985639278741887,647.054518761448,0.0,,1236082.9804712262
2021-06-25 14:00:47.880,1,0.5127036323348161,642.7042784161563,0.0,,1226942.0641211555
2021-06-25 14:00:47.890,1,0.505814631785193,642.8015917825842,0.0,,1227146.4619815706
2021-06-25 14:00:47.900,1,0.4590892632426954,643.4448735233098,0.0,,1228497.8294946922
2021-06-25 14:00:47.910,1,0.5920486620298644,646.245702098447,0.0,,1234388.1406841872
2021-06-25 14:00:47.920,1,0.5122403402134157,643.8712886977697,0.0,,1229395.1480667125
2021-06-25 14:00:47.930,1,0.4503408323142949,641.0086507051312,0.0,,1223378.4883032034
2021-06-25 14:00:47.940,1,0.5953739810687116,639.1790978663962,0.0,,1219547.821232816
2021-06-25 14:00:47.950,1,0.5188364523520669,639.5700022975623,0.0,,1220364.112873711
2021-06-25 14:00:47.960,1,0.6221992001507867,642.7908508660237,0.0,,1227131.4174382344
2021-06-25 14:00:47.970,1,0.5697701866559759,640.0939879970985,0.0,,1221465.7138461897
2021-06-25 14:00:47.980,1,0.5033757717687037,635.9844509356881,0.0,,1212837.541736594
2021-06-25 14:00:47.990,1,0.4395587045004936,637.6063739961727,0.0,,1216241.699760742
2021-06-25 14:00:48.000,1,0.6112612910627934,639.2104184796491,0.0,,1219615.6993727235
2021-06-25 14:00:48.010,1,0.5072337953536029,640.9499005763618,0.0,,1223260.1379379313
2021-06-25 14:00:48.020,1,0.5576890573331411,637.8947822109444,0.0,,1216851.7988883634
2021-06-25 14:00:48.030,1,0.4379110132873587,637.9362292844024,0.0,,1216935.5625059037
2021-06-25 14:00:48.040,1,0.6431526166792779,638.3985490553358,0.0,,1217915.7765700498
2021-06-25 14:00:48.050,1,0.5650680115673961,634.8668332512066,0.0,,1210499.435831654
2021-06-25 14:00:48.060,1,0.5939543224030808,637.6713628400548,0.0,,1216382.7906549643
2021-06-25 14:00:48.070,1,0.5224160471616465,643.7193585404058,0.0,,1229078.526362835
2021-06-25 14:00:48.080,1,0.538473725606795,636.4123298694782,0.0,,1213737.5634647175
2021-06-25 14:00:48.090,1,0.4568172821215668,638.0021566619073,0.0,,1217072.6271839885
2021-06-25 14:00:48.100,1,0.5133902274907729,642.8866966199839,0.0,,1227327.0964691108
2021-06-25 14:00:48.110,1,0.6219646389985841,635.2348900676808,0.0,,1211275.906848906
2021-06-25 14:00:48.120,1,0.6554033543086012,642.6973040512379,0.0,,1226938.421203042
2021-06-25 14:00:48.130,1,0.5478000831321316,637.9892375640966,0.0,,1217050.5670199147
2021-06-25 14:00:48.140,1,0.6664351176446206,636.718922234063,0.0,,1214390.7696916838
2021-06-25 14:00:48.150,1,0.5518267583652555,643.1112558371178,0.0,,1227798.2647609669
2021-06-25 14:00:48.160,1,0.5346647793519472,648.8291564776754,0.0,,1239812.1055169024
2021-06-25 14:00:48.170,1,0.5150698843911433,642.106340468541,0.0,,1225689.2242236948
2021-06-25 14:00:48.180,1,0.5749515656582412,644.9985276952339,0.0,,1231765.7417631731
2021-06-25 14:00:48.190,1,0.5398527764511931,643.868823838269,0.0,,1229395.4454388395
2021-06-25 14:00:48.200,1,0.5658622973131205,642.4116695863413,0.0,,1226331.7946770568
2021-06-25 14:00:48.210,1,0.5509111828335611,647.1147638730647,0.0,,1236209.7371819492
2021-06-25 14:00:48.220,1,0.6051141127063775,641.0317243268797,0.0,,1223439.0474200707
2021-06-25 14:00:48.230,1,0.6738221004374741,648.6574862176931,0.0,,1239456.1679244062
2021-06-25 14:00:48.240,1,0.5308495272287362,638.6224784466214,0.0,,1218376.3657252397
2021-06-25 14:00:48.250,1,0.7299113937158361,644.4794169697387,0.0,,1230684.06665155
2021-06-25 14:00:48.260,1,0.624625368876471,648.0280729565969,0.0,,1238135.6215406032
2021-06-25 14:00:48.270,1,0.5322820642424321,643.6501537192618,0.0,,1228931.7025131613
2021-06-25 14:00:48.280,1,0.5684382955717615,649.0231136596225,0.0,,1240220.5064543702
2021-06-25 14:00:48.290,1,0.632421879685367,643.484464896066,0.0,,1228590.8743141561
2021-06-25 14:00:48.300,1,0.6631281371325564,647.575998632587,0.0,,1237185.8139807964
2021-06-25 14:00:48.310,1,0.6552038938430784,644.5437854616788,0.0,,1230815.7822952908
2021-06-25 14:00:48.320,1,0.7709352262139657,645.1959046141361,0.0,,1232188.4310158314
2021-06-25 14:00:48.330,1,0.5837485933827498,642.7055255856548,0.0,,1226950.9007331445
2021-06-25 14:00:48.340,1,0.7140003138631422,640.3759675259055,0.0,,1222062.9312629516
2021-06-25 14:00:48.350,1,0.5863755952942655,642.028632520707,0.0,,1225527.3935006612
2021-06-25 14:00:48.360,1,0.6361260923846801,648.8147873674876,0.0,,1239786.2103550741
2021-06-25 14:00:48.370,1,0.7045290059973544,644.9822666291134,0.0,,1231737.8082548543
2021-06-25 14:00:48.380,1,0.7344997327570476,642.1037081168621,0.0,,1225695.2275973759
2021-06-25 14:00:48.390,1,0.6266711157232274,639.6932635843604,0.0,,1220630.410786837
2021-06-25 14:00:48.400,1,0.6835531289821546,640.8050129794633,0.0,,1222967.3858886764
2021-06-25 14:00:48.410,1,0.5487492951923352,636.6728959892192,0.0,,1214288.3585692868
2021-06-25 14:00:48.420,1,0.5007240049550901,641.6171034946333,0.0,,1224663.018791137
2021-06-25 14:00:48.430,1,0.5137384165592005,636.3659897597312,0.0,,1213640.8187893936
2021-06-25 14:00:48.440,1,0.667976603196589,638.7893752262639,0.0,,1218733.799118918
2021-06-25 14:00:48.450,1,0.6558511530321878,634.0530971217454,0.0,,1208793.2159128718
2021-06-25 14:00:48.460,1,0.5893336120767283,634.8820924860175,0.0,,1210532.9643742042
2021-06-25 14:00:48.470,1,0.5582174856239515,636.5956622569755,0.0,,1214127.4174279259
2021-06-25 14:00:48.480,1,0.7037706417802596,637.2049424575398,0.0,,1215407.9064489629
2021-06-25 14:00:48.490,1,0.4918924492064438,640.4039515153904,0.0,,1222113.8491469894
2021-06-25 14:00:48.500,1,0.6863966241252739,633.4142868716622,0.0,,1207457.5314234525
2021-06-25 14:00:48.510,1,0.4746373034386857,630.630103731623,0.0,,1201614.170640819
2021-06-25 14:00:48.520,1,0.6378679797229496,634.5764727303873,0.0,,1209895.9719241378
2021-06-25 14:00:48.530,1,0.6842848836476518,630.0169263176098,0.0,,1200335.2166265084
2021-06-25 14:00:48.540,1,0.6269225244456769,630.6685350717904,0.0,,1201701.7190495206
2021-06-25 14:00:48.550,1,0.5037070384005136,639.191247187578,0.0,,1219570.4380185963
2021-06-25 14:00:48.560,1,0.5567723357606004,629.0729425708181,0.0,,1198354.3421864524
2021-06-25 14:00:48.570,1,0.6825090595003903,625.6952260494212,0.0,,1191284.8843708555
2021-06-25 14:00:48.580,1,0.5978372335716217,627.8769521840429,0.0,,1195847.2261832086
2021-06-25 14:00:48.590,1,0.5268817254753579,631.2217226704755,0.0,,1202854.579743663
2021-06-25 14:00:48.600,1,0.5785351028511643,632.8171285474289,0.0,,1206200.874173115
2021-06-25 14:00:48.610,1,0.5176213859038427,630.0075506280083,0.0,,1200307.9805740055
2021-06-25 14:00:48.620,1,0.5603890765000598,629.9240575767428,0.0,,1200136.5022920053
2021-06-25 14:00:48.630,1,0.6110011801586166,634.5808012948845,0.0,,1209903.0019439675
2021-06-25 14:00:48.640,1,0.5354309541033774,628.9449408647589,0.0,,1198082.287060243
2021-06-25 14:00:48.650,1,0.5164949821588944,629.1575835082792,0.0,,1198530.5985832706
2021-06-25 14:00:48.660,1,0.5092629177076711,624.6526288263193,0.0,,1189091.0492932997
2021-06-25 14:00:48.670,1,0.5191456143940267,624.8262807082904,0.0,,1189456.8842665865
2021-06-25 14:00:48.680,1,0.46764332356835,630.3279684678573,0.0,,1200978.3263522165
2021-06-25 14:00:48.690,1,0.4764047116898858,625.0006913117572,0.0,,1189819.9583286815
2021-06-25 14:00:48.700,1,0.5229068650741878,629.6434717597713,0.0,,1199547.8744423343
2021-06-25 14:00:48.710,1,0.6777182708230736,627.929751892045,0.0,,1195965.2168109454
2021-06-25 14:00:48.720,1,0.6151004467447189,632.5909542081986,0.0,,1205732.1730565988
2021-06-25 14:00:48.730,1,0.4828771296748673,628.4307157625734,0.0,,1196998.6173930927
2021-06-25 14:00:48.740,1,0.5157429077945374,633.103544468739,0.0,,1206798.3975072
2021-06-25 14:00:48.750,1,0.6102581192981359,630.5211830957933,0.0,,1201393.68604491
2021-06-25 14:00:48.760,1,0.5642920160061023,627.9155913005684,0.0,,1195929.663848322
2021-06-25 14:00:48.770,1,0.6520930577632141,627.6912155878936,0.0,,1195464.9785656794
2021-06-25 14:00:48.780,1,0.5675651375238886,633.6431071413473,0.0,,1207933.290854035
2021-06-25 14:00:48.790,1,0.5626116233597716,638.9229583631045,0.0,,1219009.6430900083
2021-06-25 14:00:48.800,1,0.569537345139829,630.8158800769729,0.0,,1202005.1954033938
2021-06-25 14:00:48.810,1,0.7165447906039116,635.422571425762,0.0,,1211672.7723252182
2021-06-25 14:00:48.820,1,0.6672561366222354,639.7947346252931,0.0,,1220842.3931856488
2021-06-25 14:00:48.830,1,0.5994822067754116,634.6257294219328,0.0,,1209993.5665745088
2021-06-25 14:00:48.840,1,0.6586877610646928,631.9196365715907,0.0,,1204326.21149762
2021-06-25 14:00:48.850,1,0.6990252565944831,635.1621602884584,0.0,,1211126.129993627
2021-06-25 14:00:48.860,1,0.5462006110209624,636.4939630846973,0.0,,1213912.6077198985
2021-06-25 14:00:48.870,1,0.6738090778092506,639.7583062287788,0.0,,1220770.207544264
2021-06-25 14:00:48.880,1,0.7477433268985366,639.7020677251455,0.0,,1220654.7388892884
2021-06-25 14:00:48.890,1,0.7543374447913572,639.3654183116251,0.0,,1219951.1533982612
2021-06-25 14:00:48.900,1,0.6673879208459589,635.7354519294431,0.0,,1212324.159430552
2021-06-25 14:00:48.910,1,0.5192252868073723,636.4800264320082,0.0,,1213879.9474186508
2021-06-25 14:00:48.920,1,0.5652290295298322,641.8315684996029,0.0,,1225113.3527224157
2021-06-25 14:00:48.930,1,0.6642936404868246,643.979464182643,0.0,,1229628.6848738063
2021-06-25 14:00:48.940,1,0.5660481500090891,644.8843956183339,0.0,,1231526.2616401091
2021-06-25 14:00:48.950,1,0.5511140258548927,649.2533388963583,0.0,,1240707.1150506865
2021-06-25 14:00:48.960,1,0.6837826924801964,647.8466581377207,0.0,,1237754.1325292168
2021-06-25 14:00:48.970,1,0.6183183842667626,642.6935455468449,0.0,,1226925.4004643573
2021-06-25 14:00:48.980,1,0.7417284123831576,649.6869565794804,0.0,,1241623.6355663342
2021-06-25 14:00:48.990,1,0.7832339822093395,646.2560252930728,0.0,,1234415.9300159814
2021-06-25 14:00:49.000,1,0.6220498038815939,647.4825112753358,0.0,,1236986.3892455513
2021-06-25 14:00:49.010,1,0.569208247099692,646.0024281596983,0.0,,1233874.1676705095
2021-06-25 14:00:49.020,1,0.64143177014692,646.3969242365753,0.0,,1234707.5145686879
2021-06-25 14:00:49.030,1,0.5709419970747106,648.3238442002173,0.0,,1238754.4620794966
2021-06-25 14:00:49.040,1,0.6524555132188127,646.6775076523055,0.0,,1235299.6414518834
2021-06-25 14:00:49.050,1,0.7886814956835587,646.7755379087295,0.0,,1235511.288649174
2021-06-25 14:00:49.060,1,0.5472202278857695,643.1135813311736,0.0,,1227804.8427426745
2021-06-25 14:00:49.070,1,0.7265664133485006,645.7174247782788,0.0,,1233288.7625599874
2021-06-25 14:00:49.080,1,0.6081436544505904,644.478514863672,0.0,,1230677.5578525758
2021-06-25 14:00:49.090,1,0.6763096817870689,647.28604911648,0.0,,1236574.6944415234
2021-06-25 14:00:49.100,1,0.6221328464470615,648.199601578131,0.0,,1238494.275400136
2021-06-25 14:00:49.110,1,0.7404220108064129,644.5313893927647,0.0,,1230791.995877873
2021-06-25 14:00:49.120,1,0.7272932301900591,642.050641489316,0.0,,1225583.4832298136
2021-06-25 14:00:49.130,1,0.5785860884560284,642.9825322251852,0.0,,1227531.601270512
2021-06-25 14:00:49.140,1,0.7738213440395629,643.9957684302415,0.0,,1229668.8404552091
2021-06-25 14:00:49.150,1,0.5585299890039374,642.827610793424,0.0,,1227204.7929144655
2021-06-25 14:00:49.160,1,0.7480908189177282,644.1722870753922,0.0,,1230039.2965116978
2021-06-25 14:00:49.170,1,0.5190570507380216,641.2288341545658,0.0,,1223846.5670680397
2021-06-25 14:00:49.180,1,0.5350966149651794,640.3618877366325,0.0,,1222029.9506921042
2021-06-25 14:00:49.190,1,0.6583567430050685,635.0865809959436,0.0,,1210968.4086600405
2021-06-25 14:00:49.200,1,0.6885457503774537,641.6726028358169,0.0,,1224784.7718312365
2021-06-25 14:00:49.210,1,0.7244020709217454,641.0179434054996,0.0,,1223418.0302709697
2021-06-25 14:00:49.220,1,0.5008847018820678,641.435126012154,0.0,,1224279.8142755374
2021-06-25 14:00:49.230,1,0.6022371332402081,638.2233395046525,0.0,,1217543.0269694864
2021-06-25 14:00:49.240,1,0.5056492844267347,643.0301197723535,0.0,,1227627.465578354
2021-06-25 14:00:49.250,1,0.5613864729361866,641.3087225116549,0.0,,1224014.3588694613
2021-06-25 14:00:49.260,1,0.53864582764947,641.199661899033,0.0,,1223786.3362268254
2021-06-25 14:00:49.270,1,0.6758436641708685,637.9583018308226,0.0,,1216989.7011595867
2021-06-25 14:00:49.280,1,0.5499122373236394,639.4156535802383,0.0,,1220041.0168072474
2021-06-25 14:00:49.290,1,0.5177728154785227,638.7512818886918,0.0,,1218646.773866824
2021-06-25 14:00:49.300,1,0.4682134996757109,637.777800570719,0.0,,1216599.1980578722
2021-06-25 14:00:49.310,1,0.5478298714542431,638.4279775858505,0.0,,1217972.1011729266
2021-06-25 14:00:49.320,1,0.4865636751563931,642.1594594045894,0.0,,1225800.2987948204
2021-06-25 14:00:49.330,1,0.6284843617314461,647.4499423887403,0.0,,1236919.8168891047
2021-06-25 14:00:49.340,1,0.6591227804180062,639.3731873809472,0.0,,1219959.154791763
2021-06-25 14:00:49.350,1,0.6603108880269177,642.3505045752048,0.0,,1226209.5754411526
2021-06-25 14:00:49.360,1,0.5988716512657547,644.8803459502708,0.0,,1231520.608881192
2021-06-25 14:00:49.370,1,0.6054637213836689,639.8421211300672,0.0,,1220938.792535838
2021-06-25 14:00:49.380,1,0.5548118513119804,635.9856618751046,0.0,,1212847.2665990826
2021-06-25 14:00:49.390,1,0.6767091385084496,638.5837991255851,0.0,,1218303.688451429
2021-06-25 14:00:49.400,1,0.4539510179356587,646.9472984873192,0.0,,1235853.6485170305
2021-06-25 14:00:49.410,1,0.5609776335570099,637.8960610608972,0.0,,1216857.611075401
2021-06-25 14:00:49.420,1,0.6748589139099582,634.5714023150638,0.0,,1209883.179620029
2021-06-25 14:00:49.430,1,0.6504017237427281,644.9259336478701,0.0,,1231616.7303367625
2021-06-25 14:00:49.440,1,0.6346805275754893,642.6552558447901,0.0,,1226846.5575157364
2021-06-25 14:00:49.450,1,0.5262888458477345,642.8361844217839,0.0,,1227221.8783666927
2021-06-25 14:00:49.460,1,0.4984308198706318,644.4878282581794,0.0,,1230689.15388044
2021-06-25 14:00:49.470,1,0.5774391426383325,646.2959537521676,0.0,,1234490.7260794998
2021-06-25 14:00:49.480,1,0.5728182914924902,647.439705292317,0.0,,1236893.8550162308
2021-06-25 14:00:49.490,1,0.5924988844033234,649.5778260320718,0.0,,1241390.8725537446
2021-06-25 14:00:49.500,1,0.5679363745134258,648.5149443781037,0.0,,1239156.945763568
2021-06-25 14:00:49.510,1,0.461770701366854,649.9926539698489,0.0,,1242254.7608177247
2021-06-25 14:00:49.520,1,0.5983720902991895,650.1208345727132,0.0,,1242529.4789106927
2021-06-25 14:00:49.530,1,0.4870359225092739,654.9687021826193,0.0,,1252724.410097291
2021-06-25 14:00:49.540,1,0.6626753869021974,654.2265267941269,0.0,,1251169.2400295069
2021-06-25 14:00:49.550,1,0.6998392569283023,642.9963010933155,0.0,,1227569.8098717788
2021-06-25 14:00:49.560,1,0.7188352034071169,652.7930977352294,0.0,,1248155.44872632
2021-06-25 14:00:49.570,1,0.6696893831384196,641.8616892181012,0.0,,1225182.0661168406
2021-06-25 14:00:49.580,1,0.4926861666718381,650.536519484401,0.0,,1243399.7839515372
2021-06-25 14:00:49.590,1,0.6489554185812114,645.6204075640846,0.0,,1233077.5020450933
2021-06-25 14:00:49.600,1,0.5322755921404921,649.641574408868,0.0,,1241519.5580586747
2021-06-25 14:00:49.610,1,0.5547422394495013,654.8904100698816,0.0,,1252559.5688052573
2021-06-25 14:00:49.620,1,0.6719024834984328,650.8522533424764,0.0,,1244074.852077472
2021-06-25 14:00:49.630,1,0.7337667281836074,657.4217966965267,0.0,,1257895.9810256846
2021-06-25 14:00:49.640,1,0.6688116055380671,646.8757813052774,0.0,,1235714.3152947912
2021-06-25 14:00:49.650,1,0.581693817297573,646.8721450789461,0.0,,1235705.7432253002
2021-06-25 14:00:49.660,1,0.5512897879305045,658.057554953743,0.0,,1259223.947574677
2021-06-25 14:00:49.670,1,0.5524474580089127,654.0388369360804,0.0,,1250768.353510412
2021-06-25 14:00:49.680,1,0.553549642902903,643.993761585222,0.0,,1229654.5771216368
2021-06-25 14:00:49.690,1,0.6862876531117239,652.891808638435,0.0,,1248363.178184637
2021-06-25 14:00:49.700,1,0.6744070685584764,649.7961134911394,0.0,,1241853.3941302819
2021-06-25 14:00:49.710,1,0.5591709787355573,651.4403275797903,0.0,,1245303.0650721125
2021-06-25 14:00:49.720,1,0.5243547108570359,652.4499366302744,0.0,,1247424.7364054048
2021-06-25 14:00:49.730,1,0.7257585747757161,647.4567597998283,0.0,,1236936.9104360102
2021-06-25 14:00:49.740,1,0.7475797579144781,646.3970520423546,0.0,,1234714.194311364
2021-06-25 14:00:49.750,1,0.7564286005046184,647.7356355400415,0.0,,1237524.8840424945
2021-06-25 14:00:49.760,1,0.5609985054298137,651.9946613904464,0.0,,1246470.5519773043
2021-06-25 14:00:49.770,1,0.6536593019986834,646.5616372715897,0.0,,1235054.577732615
2021-06-25 14:00:49.780,1,0.7173737464017541,643.3750724129948,0.0,,1228364.739267601
2021-06-25 14:00:49.790,1,0.6907487431075939,644.0741413904848,0.0,,1229828.4690034196
2021-06-25 14:00:49.800,1,0.6440094934470499,645.4886945736706,0.0,,1232801.7497627737
2021-06-25 14:00:49.810,1,0.5007123051489152,639.4547933324103,0.0,,1220123.0538008942
2021-06-25 14:00:49.820,1,0.5486745991466996,638.0860332749318,0.0,,1217250.3758121415
2021-06-25 14:00:49.830,1,0.6142114828537464,639.6256997080792,0.0,,1220490.9456948414
2021-06-25 14:00:49.840,1,0.6743488312682562,635.459334369522,0.0,,1211748.76858595
2021-06-25 14:00:49.850,1,0.5401652407009166,644.3951452382752,0.0,,1230499.9590526985
2021-06-25 14:00:49.860,1,0.5301297834574492,632.5016238756825,0.0,,1205536.7970765717
2021-06-25 14:00:49.870,1,0.5861305840991766,639.9832060568001,0.0,,1221235.5552070974
2021-06-25 14:00:49.880,1,0.6438730781149022,636.1004925433997,0.0,,1213089.1596373466
2021-06-25 14:00:49.890,1,0.5581091297401312,640.0935146054721,0.0,,1221466.8877337873
2021-06-25 14:00:49.900,1,0.532115581393309,636.9287240751232,0.0,,1214823.5297638576
2021-06-25 14:00:49.910,1,0.5415246959763823,638.8377487505103,0.0,,1218825.5470712162
2021-06-25 14:00:49.920,1,0.6774942208090283,626.9475172076196,0.0,,1193904.2551979981
2021-06-25 14:00:49.930,1,0.5295858934139823,636.7609425476783,0.0,,1214470.3443746436
2021-06-25 14:00:49.940,1,0.4837357419505275,637.1454633348386,0.0,,1215276.5082199043
2021-06-25 14:00:49.950,1,0.4518821368967056,632.6043998979814,0.0,,1205751.3489448559
2021-06-25 14:00:49.960,1,0.4790743329162498,629.9380722717195,0.0,,1200165.8281216158
2021-06-25 14:00:49.970,1,0.5641216497375702,630.6248450289768,0.0,,1201605.9051709059
2021-06-25 14:00:49.980,1,0.5635005000949622,633.4236646128387,0.0,,1207473.3765413258
2021-06-25 14:00:49.990,1,0.4952971916187429,630.3194227396846,0.0,,1200961.7563925073
2021-06-25 14:00:50.000,1,0.4372593951976727,631.6431638524033,0.0,,1203736.1037839926
2021-06-25 14:00:50.010,1,0.5741895816215628,629.0207070196675,0.0,,1198244.394411237
2021-06-25 14:00:50.020,1,0.5216769537601642,630.4273226940747,0.0,,1201187.1188672367
2021-06-25 14:00:50.030,1,0.4365298323305854,633.5613377601263,0.0,,1207753.613726787
2021-06-25 14:00:50.040,1,0.5862989719935845,632.3550541525652,0.0,,1205230.5053376674
2021-06-25 14:00:50.050,1,0.4598507440883538,623.5635868923295,0.0,,1186807.8639151722
2021-06-25 14:00:50.060,1,0.5343199518087725,631.578276916779,0.0,,1203602.6542275664
2021-06-25 14:00:50.070,1,0.5332796943773697,633.6928094893339,0.0,,1208036.9895927059
2021-06-25 14:00:50.080,1,0.4861832008923905,634.8035172246011,0.0,,1210362.5396479205
2021-06-25 14:00:50.090,1,0.4553135762688295,632.1431780172054,0.0,,1204783.9407108624
2021-06-25 14:00:50.100,1,0.4416775539789876,633.6275935711974,0.0,,1207894.203480152
2021-06-25 14:00:50.110,1,0.4294708740976153,637.1020586897076,0.0,,1215181.4343066223
2021-06-25 14:00:50.120,1,0.4306950742801165,631.5455926576068,0.0,,1203526.6681968211
2021-06-25 14:00:50.130,1,0.4492864879997932,638.9838857782031,0.0,,1219131.965610249
2021-06-25 14:00:50.140,1,0.4768400240192551,635.9260290911118,0.0,,1212715.3629377824
2021-06-25 14:00:50.150,1,0.4203633005928279,636.9197818891862,0.0,,1214798.1938045998
2021-06-25 14:00:50.160,1,0.4303567567737085,636.6783561844168,0.0,,1214290.7769277368
2021-06-25 14:00:50.170,1,0.5748360118403705,633.0183174921196,0.0,,1206624.2988616049
2021-06-25 14:00:50.180,1,0.4232225065959165,633.7539951169088,0.0,,1208158.1403291333
2021-06-25 14:00:50.190,1,0.5024607417318567,638.0368491557632,0.0,,1217147.6688141855
2021-06-25 14:00:50.200,1,0.4135521734719997,638.0991210430898,0.0,,1217272.5274745564
2021-06-25 14:00:50.210,1,0.5452135335359232,640.7031790078931,0.0,,1222745.538623894
2021-06-25 14:00:50.220,1,0.434980830639217,639.8931155549935,0.0,,1221038.2026645895
2021-06-25 14:00:50.230,1,0.5314358413120516,646.3320144700192,0.0,,1234568.4771186588
2021-06-25 14:00:50.240,1,0.5557160143061899,636.8581159314276,0.0,,1214676.2276015931
2021-06-25 14:00:50.250,1,0.4235985788832009,639.0417269341757,0.0,,1219251.0750936104
2021-06-25 14:00:50.260,1,0.5140209495826693,640.2046785986772,0.0,,1221699.4977164313
2021-06-25 14:00:50.270,1,0.5311943564944116,635.0236653877888,0.0,,1210825.5116518503
2021-06-25 14:00:50.280,1,0.5825065711145476,639.1029475182328,0.0,,1219385.4042150788
2021-06-25 14:00:50.290,1,0.5949310154648411,641.3054504558082,0.0,,1224011.7680756596
2021-06-25 14:00:50.300,1,0.60352224915453,640.7212245166357,0.0,,1222785.4603590243
2021-06-25 14:00:50.310,1,0.5060856214637103,639.6613710903077,0.0,,1220555.985881578
2021-06-25 14:00:50.320,1,0.6056464052430299,640.550256239022,0.0,,1222424.52735322
2021-06-25 14:00:50.330,1,0.5376366958824155,643.2469077242473,0.0,,1228087.5393253567
2021-06-25 14:00:50.340,1,0.5537006541173936,636.1429587947987,0.0,,1213172.8764004426
2021-06-25 14:00:50.350,1,0.5399573876942658,642.260912231361,0.0,,1226016.613077769
2021-06-25 14:00:50.360,1,0.4407678608700712,646.0472417682653,0.0,,1233962.1786893688
2021-06-25 14:00:50.370,1,0.4557906306876308,639.5765318179891,0.0,,1220378.2046140328
2021-06-25 14:00:50.380,1,0.5333967829861066,642.8355854170653,0.0,,1227219.1160159332
2021-06-25 14:00:50.390,1,0.4884646349181294,640.3146361936266,0.0,,1221922.064670565
2021-06-25 14:00:50.400,1,0.6372610673538982,641.7292300994784,0.0,,1224902.4340200787
2021-06-25 14:00:50.410,1,0.4379041196509952,643.3629655761728,0.0,,1228325.3253168932
2021-06-25 14:00:50.420,1,0.5984925954291683,641.98795031318,0.0,,1225442.8801392794
2021-06-25 14:00:50.430,1,0.5189310539888422,643.6316639494198,0.0,,1228892.0971545854
2021-06-25 14:00:50.440,1,0.451842281775525,637.8247581876042,0.0,,1216701.2395732063
2021-06-25 14:00:50.450,1,0.4447403846784483,633.3656856393205,0.0,,1207349.8120517673
2021-06-25 14:00:50.460,1,0.4978133964736335,642.2931326232813,0.0,,1226082.727626106
2021-06-25 14:00:50.470,1,0.6405317596343097,637.8504160813387,0.0,,1216765.0405544476
2021-06-25 14:00:50.480,1,0.4263436320366016,636.0935754898347,0.0,,1213063.1695754405
2021-06-25 14:00:50.490,1,0.523964392317293,634.5220294179427,0.0,,1209770.959969956
2021-06-25 14:00:50.500,1,0.4776465831145364,632.632084574645,0.0,,1205809.2738876499
2021-06-25 14:00:50.510,1,0.5004471355190957,634.8333229120217,0.0,,1210427.6594864707
2021-06-25 14:00:50.520,1,0.5052930402088269,635.0102470152093,0.0,,1210793.9446730611
2021-06-25 14:00:50.530,1,0.4644138919085603,632.9587600849227,0.0,,1206489.867214051
2021-06-25 14:00:50.540,1,0.5608642852093197,637.7874714513264,0.0,,1216627.5768257298
2021-06-25 14:00:50.550,1,0.576182643234255,637.5884939042604,0.0,,1216210.9612597022
2021-06-25 14:00:50.560,1,0.5287917927594693,639.3150227098236,0.0,,1219829.3889919156
2021-06-25 14:00:50.570,1,0.5799586829424515,635.2625503402518,0.0,,1211332.4067437926
2021-06-25 14:00:50.580,1,0.4070251224397036,634.5106343606466,0.0,,1209746.6826646605
2021-06-25 14:00:50.590,1,0.5829629993103155,634.9154947513599,0.0,,1210598.7483068607
2021-06-25 14:00:50.600,1,0.5443755646152828,628.2073287889625,0.0,,1196536.6843024597
2021-06-25 14:00:50.610,1,0.533264938665422,642.5852423653515,0.0,,1226697.5156670976
2021-06-25 14:00:50.620,1,0.4223928560953942,633.7719018478372,0.0,,1208192.313839569
2021-06-25 14:00:50.630,1,0.5367283206243879,633.7080647612215,0.0,,1208069.7535237006
2021-06-25 14:00:50.640,1,0.3772555950572056,633.7657167803914,0.0,,1208182.2187957535
2021-06-25 14:00:50.650,1,0.4238151531257439,637.6138469816563,0.0,,1216253.6209851806
2021-06-25 14:00:50.660,1,0.5260742828020802,634.9877356289035,0.0,,1210748.889255833
2021-06-25 14:00:50.670,1,0.3857808307329157,634.0638292371398,0.0,,1208806.793164585
2021-06-25 14:00:50.680,1,0.3867868501746425,641.7861737568387,0.0,,1225007.5545366986
2021-06-25 14:00:50.690,1,0.424980120752008,634.8720895634825,0.0,,1210503.1648524285
2021-06-25 14:00:50.700,1,0.522271676706963,644.1571161607053,0.0,,1230000.6555856962
2021-06-25 14:00:50.710,1,0.438394973315884,635.7210343901124,0.0,,1212282.415536708
2021-06-25 14:00:50.720,1,0.3608176315772529,632.7673991941842,0.0,,1206088.5857522897
2021-06-25 14:00:50.730,1,0.3580178422695335,639.8434795417269,0.0,,1220929.9600559114
2021-06-25 14:00:50.740,1,0.4154983810563993,635.9342356497916,0.0,,1212731.115392306
2021-06-25 14:00:50.750,1,0.4439850339037471,643.5495752217606,0.0,,1228713.9958522217
2021-06-25 14:00:50.760,1,0.4153124227110041,644.4288902695064,0.0,,1230558.9808976313
2021-06-25 14:00:50.770,1,0.3819711478370134,642.408994777581,0.0,,1226320.3170833397
2021-06-25 14:00:50.780,1,0.4828639852051395,638.1359336746159,0.0,,1217352.6702861395
2021-06-25 14:00:50.790,1,0.4681891069251953,648.4740792188865,0.0,,1239060.9712289255
2021-06-25 14:00:50.800,1,0.4329992714106362,641.2505965846942,0.0,,1223889.9200444396
2021-06-25 14:00:50.810,1,0.3894080129262929,651.7159789736144,0.0,,1245870.3722371764
2021-06-25 14:00:50.820,1,0.3271744117007146,644.550138222213,0.0,,1230811.7272882608
2021-06-25 14:00:50.830,1,0.3169338466647337,646.6527227500496,0.0,,1235227.5856289496
2021-06-25 14:00:50.840,1,0.3298897253530367,651.7165586237743,0.0,,1245874.7461374516
2021-06-25 14:00:50.850,1,0.3959788143284043,647.5398496409251,0.0,,1237094.1635296692
2021-06-25 14:00:50.860,1,0.3864032869162052,653.4557755159694,0.0,,1249534.6243791103
2021-06-25 14:00:50.870,1,0.4413660940890765,651.1091675881828,0.0,,1244606.0958516838
2021-06-25 14:00:50.880,1,0.3121092918002668,650.6989980466606,0.0,,1243736.2542093275
2021-06-25 14:00:50.890,1,0.4187223466667265,654.1480897008822,0.0,,1250991.861461024
2021-06-25 14:00:50.900,1,0.3449846547351235,649.3429659628616,0.0,,1240883.4047711072
2021-06-25 14:00:50.910,1,0.4681886139783862,653.270027127166,0.0,,1249144.6532338043
2021-06-25 14:00:50.920,1,0.3281301540673428,653.315567899956,0.0,,1249237.993858911
2021-06-25 14:00:50.930,1,0.3771282156672624,656.3590841073342,0.0,,1255641.6142142268
2021-06-25 14:00:50.940,1,0.357940461117905,654.6847619547224,0.0,,1252119.2565986975
2021-06-25 14:00:50.950,1,0.3907395073535905,657.0981216334467,0.0,,1257197.211756505
2021-06-25 14:00:50.960,1,0.3542677329893469,652.0877114003921,0.0,,1246653.4804643118
2021-06-25 14:00:50.970,1,0.4510696887802565,658.9747144052714,0.0,,1261151.4242768828
2021-06-25 14:00:50.980,1,0.4601815021916261,652.0540163022382,0.0,,1246590.4100184029
2021-06-25 14:00:50.990,1,0.3932976296867668,654.8131420736572,0.0,,1252386.30521489
2021-06-25 14:00:51.000,1,0.4327441124922256,662.4267441992861,0.0,,1268415.903526106
2021-06-25 14:00:51.010,1,0.4744498552855049,655.4637844722553,0.0,,1253765.0604423408
2021-06-25 14:00:51.020,1,0.4992246074787699,652.6394105615237,0.0,,1247823.5340424376
2021-06-25 14:00:51.030,1,0.3928351214635701,654.6789141371631,0.0,,1252106.8976534712
2021-06-25 14:00:51.040,1,0.4143415047776719,652.623453603504,0.0,,1247785.2683507476
2021-06-25 14:00:51.050,1,0.4319500263065688,660.6869738531158,0.0,,1264755.5334820687
2021-06-25 14:00:51.060,1,0.3536444302304434,657.4815011689446,0.0,,1258002.411208881
2021-06-25 14:00:51.070,1,0.439905406563735,653.9393277505999,0.0,,1250552.6065211163
2021-06-25 14:00:51.080,1,0.4342489405253943,657.2583991630273,0.0,,1257541.8573311444
2021-06-25 14:00:51.090,1,0.4223663422712559,653.1546159282583,0.0,,1248901.5340838993
2021-06-25 14:00:51.100,1,0.4159212703182838,654.9716010841347,0.0,,1252725.7000379292
2021-06-25 14:00:51.110,1,0.4578923004015066,647.9126585434635,0.0,,1237885.1541868455
2021-06-25 14:00:51.120,1,0.3753202164420623,654.4756238958983,0.0,,1251681.608177399
2021-06-25 14:00:51.130,1,0.52737684987898,649.6051193347167,0.0,,1241443.8744365713
2021-06-25 14:00:51.140,1,0.4127991236276728,647.5059120132163,0.0,,1237026.8183725625
2021-06-25 14:00:51.150,1,0.4717430908995034,648.2430352379478,0.0,,1238579.8084694075
2021-06-25 14:00:51.160,1,0.4347610996660365,646.5505421689088,0.0,,1235020.7378593248
2021-06-25 14:00:51.170,1,0.5405357820784278,650.6667440883674,0.0,,1243676.4435962476
2021-06-25 14:00:51.180,1,0.4455512511111845,654.2901082561586,0.0,,1251293.4755491265
2021-06-25 14:00:51.190,1,0.3731948824772297,652.2522801206727,0.0,,1247001.666224477
2021-06-25 14:00:51.200,1,0.4534075010172964,648.1390462320957,0.0,,1238363.561092929
2021-06-25 14:00:51.210,1,0.4995226366738693,651.3058661917454,0.0,,1245019.5861523366
2021-06-25 14:00:51.220,1,0.3782289153037006,642.3218736175295,0.0,,1226136.4125107592
2021-06-25 14:00:51.230,1,0.3970074820743365,646.3483533871796,0.0,,1234594.7408377177
2021-06-25 14:00:51.240,1,0.4221568040629317,638.4296829422124,0.0,,1217965.40540981
2021-06-25 14:00:51.250,1,0.4503464731312018,642.7585444342883,0.0,,1227057.250570897
2021-06-25 14:00:51.260,1,0.4250205274425491,644.2545990848621,0.0,,1230196.9402085114
2021-06-25 14:00:51.270,1,0.4448400459695092,638.9848462473817,0.0,,1219133.223141583
2021-06-25 14:00:51.280,1,0.5372847513623384,647.1287203715513,0.0,,1236237.6011457094
2021-06-25 14:00:51.290,1,0.4051451575291164,640.4743050029368,0.0,,1222257.5180325073
2021-06-25 14:00:51.300,1,0.3619467485223454,640.7263850991212,0.0,,1222783.1156923345
2021-06-25 14:00:51.310,1,0.360468979670112,637.8642148404357,0.0,,1216775.9185433914
2021-06-25 14:00:51.320,1,0.5268190590520174,648.1890868298692,0.0,,1238466.587089257
2021-06-25 14:00:51.330,1,0.436173371571452,636.5679000618977,0.0,,1214059.9498357784
2021-06-25 14:00:51.340,1,0.4698617895542675,642.0314677882994,0.0,,1225529.329994491
2021-06-25 14:00:51.350,1,0.3904409072186384,640.6079355487408,0.0,,1222537.0153744672
2021-06-25 14:00:51.360,1,0.4796358607601289,642.2263700794941,0.0,,1225939.7664476405
2021-06-25 14:00:51.370,1,0.3443318362480009,645.3639611799764,0.0,,1232527.9239090835
2021-06-25 14:00:51.380,1,0.4826037854024622,643.1080849712456,0.0,,1227792.3086168983
2021-06-25 14:00:51.390,1,0.4820574989337595,642.5009038504754,0.0,,1226512.988052703
2021-06-25 14:00:51.400,1,0.3676800742588711,643.8356919974324,0.0,,1229314.7715111906
2021-06-25 14:00:51.410,1,0.4683989846864875,640.7073437485758,0.0,,1222751.9324984332
2021-06-25 14:00:51.420,1,0.3464558887921593,641.5995965871516,0.0,,1224614.6898815578
2021-06-25 14:00:51.430,1,0.3904070207303144,647.9245555268024,0.0,,1237905.9064423859
2021-06-25 14:00:51.440,1,0.4734980123058268,647.5177159887629,0.0,,1237050.1732881358
2021-06-25 14:00:51.450,1,0.412464892657058,646.1181654850194,0.0,,1234112.535079098
2021-06-25 14:00:51.460,1,0.3371679438333949,643.2681009078832,0.0,,1228119.8636303027
2021-06-25 14:00:51.470,1,0.3133544520931719,651.797885593845,0.0,,1246044.3391227885
2021-06-25 14:00:51.480,1,0.3599429125163184,648.3751480439269,0.0,,1238850.3311716497
2021-06-25 14:00:51.490,1,0.3743552220573544,650.6832273583394,0.0,,1243701.8225968275
2021-06-25 14:00:51.500,1,0.4274536244751476,648.5367998737229,0.0,,1239192.161219592
2021-06-25 14:00:51.510,1,0.4025275378007638,640.2056995923476,0.0,,1221694.054186092
2021-06-25 14:00:51.520,1,0.3509581899818804,644.2050350748242,0.0,,1230085.8257468971
2021-06-25 14:00:51.530,1,0.3573514646997134,645.3522724471113,0.0,,1232499.8812080957
2021-06-25 14:00:51.540,1,0.4176813617365048,645.5838470022061,0.0,,1232986.3395401384
2021-06-25 14:00:51.550,1,0.4021224495143729,648.5531011301135,0.0,,1239224.5014736066
2021-06-25 14:00:51.560,1,0.3945071414349798,647.5921633489835,0.0,,1237204.7442109878
2021-06-25 14:00:51.570,1,0.3588343508479222,648.1891268042467,0.0,,1238460.3758574738
2021-06-25 14:00:51.580,1,0.3754858726795141,651.8962686572831,0.0,,1246255.122155987
2021-06-25 14:00:51.590,1,0.4172405428581486,642.3928888321901,0.0,,1226287.046723371
2021-06-25 14:00:51.600,1,0.4231008080256674,649.7692287234457,0.0,,1241779.9734513403
2021-06-25 14:00:51.610,1,0.3037273273647929,646.2352918243686,0.0,,1234348.091399396
2021-06-25 14:00:51.620,1,0.4341405552039957,643.6359132747408,0.0,,1228895.4383167664
2021-06-25 14:00:51.630,1,0.3304780243956846,648.0221021024329,0.0,,1238108.6254610296
2021-06-25 14:00:51.640,1,0.4456989359193872,644.3950409749481,0.0,,1230492.5644618387
2021-06-25 14:00:51.650,1,0.3614983455217168,651.7601000360146,0.0,,1245965.7021381815
2021-06-25 14:00:51.660,1,0.4741683009715184,646.8049517664057,0.0,,1235554.619512096
2021-06-25 14:00:51.670,1,0.4512282399755719,649.0403247065552,0.0,,1240254.2249295455
2021-06-25 14:00:51.680,1,0.3428003698674239,648.9215771372848,0.0,,1239999.3159784516
2021-06-25 14:00:51.690,1,0.4516913951512384,642.9722284072571,0.0,,1227501.8199447326
2021-06-25 14:00:51.700,1,0.4037386868448042,648.670213227671,0.0,,1239473.321731793
2021-06-25 14:00:51.710,1,0.4567627108501609,646.7697341443545,0.0,,1235484.905402355
2021-06-25 14:00:51.720,1,0.4361579475880173,640.6054193431822,0.0,,1222535.4210706307
2021-06-25 14:00:51.730,1,0.4017486549510577,646.4356588831953,0.0,,1234775.773533713
2021-06-25 14:00:51.740,1,0.4943746398829822,642.3878161296864,0.0,,1226280.7745413654
2021-06-25 14:00:51.750,1,0.3761295648798812,632.6989065043485,0.0,,1205946.708030024
2021-06-25 14:00:51.760,1,0.4408235073875574,635.0410049129938,0.0,,1210860.7349383833
2021-06-25 14:00:51.770,1,0.4157116100578262,638.7830432025593,0.0,,1218707.8602179708
2021-06-25 14:00:51.780,1,0.3659721557451045,639.4156975270392,0.0,,1220033.8689763367
2021-06-25 14:00:51.790,1,0.4340023758750192,633.3840707987357,0.0,,1207382.2849400037
2021-06-25 14:00:51.800,1,0.461521875916048,637.8454779748099,0.0,,1216744.8349542795
2021-06-25 14:00:51.810,1,0.4429709145934482,633.3980835326871,0.0,,1207411.607695002
2021-06-25 14:00:51.820,1,0.4679062073873027,632.9551793134677,0.0,,1206486.383401209
2021-06-25 14:00:51.830,1,0.421043271555767,630.8411196072848,0.0,,1202053.129436839
2021-06-25 14:00:51.840,1,0.4051733095165619,636.4842172950019,0.0,,1213884.5575931766
2021-06-25 14:00:51.850,1,0.5310721860528022,628.5618677313543,0.0,,1197280.3466159122
2021-06-25 14:00:51.860,1,0.4668084265588084,632.0984562940217,0.0,,1204689.0093139268
2021-06-25 14:00:51.870,1,0.5809088695260883,633.1681383137976,0.0,,1206937.5866425328
2021-06-25 14:00:51.880,1,0.4518698325169855,632.8426157155429,0.0,,1206249.0649032427
2021-06-25 14:00:51.890,1,0.3937374387698122,635.6539535127953,0.0,,1212144.252685859
2021-06-25 14:00:51.900,1,0.4662405129009597,631.5513525767732,0.0,,1203543.0640569835
2021-06-25 14:00:51.910,1,0.4377107698348891,628.5841575452332,0.0,,1197320.3486015426
2021-06-25 14:00:51.920,1,0.5643338526224533,625.7677217631597,0.0,,1191429.90168428
2021-06-25 14:00:51.930,1,0.4900264845174206,630.9630100027413,0.0,,1202307.8031586017
2021-06-25 14:00:51.940,1,0.4963281021832821,625.3830505757147,0.0,,1190621.5340302184
2021-06-25 14:00:51.950,1,0.5401193201744964,628.6532622168437,0.0,,1197472.992960768
2021-06-25 14:00:51.960,1,0.4889785890757763,629.5976587863038,0.0,,1199447.237344646
2021-06-25 14:00:51.970,1,0.4205569772365872,630.1204818150162,0.0,,1200542.546583656
2021-06-25 14:00:51.980,1,0.4595725792145967,628.0535808587,0.0,,1196211.6537783511
2021-06-25 14:00:51.990,1,0.4031222578864018,631.0237966758104,0.0,,1202434.304908627
2021-06-25 14:00:52.000,1,0.496372893700289,632.2402858476595,0.0,,1204992.3752814338
2021-06-25 14:00:52.010,1,0.5825115643590799,632.1705539129366,0.0,,1204843.3267111129
2021-06-25 14:00:52.020,1,0.5968081642053509,628.0961811523638,0.0,,1196307.8976186616
2021-06-25 14:00:52.030,1,0.5944041319579539,634.9747980058632,0.0,,1210730.1207033417
2021-06-25 14:00:52.040,1,0.4944583595109051,635.7195130054382,0.0,,1212285.0180708151
2021-06-25 14:00:52.050,1,0.4358064697181893,633.918678453115,0.0,,1208504.821729648
2021-06-25 14:00:52.060,1,0.4370490653331409,628.9243848689188,0.0,,1198036.9999237857
2021-06-25 14:00:52.070,1,0.5821979771641203,638.4175744395992,0.0,,1217948.212177295
2021-06-25 14:00:52.080,1,0.5119141866769427,635.9437009010626,0.0,,1212754.1837409681
2021-06-25 14:00:52.090,1,0.3913032692982238,635.7214259999918,0.0,,1212277.8859777178
2021-06-25 14:00:52.100,1,0.5668654532825601,634.2891452003306,0.0,,1209288.4996438362
2021-06-25 14:00:52.110,1,0.4514238775639283,634.7204429451352,0.0,,1210184.8304636227
2021-06-25 14:00:52.120,1,0.5661417634113958,634.7983105604136,0.0,,1210356.343030009
2021-06-25 14:00:52.130,1,0.3750721432015355,636.3894192042118,0.0,,1213682.6069950743
2021-06-25 14:00:52.140,1,0.5442461512380479,636.097240340523,0.0,,1213080.410529251
2021-06-25 14:00:52.150,1,0.3664487339416529,633.8302196840087,0.0,,1208317.6821317992
2021-06-25 14:00:52.160,1,0.4106062268518272,632.06774102494,0.0,,1204624.4091764737
2021-06-25 14:00:52.170,1,0.451680686796274,641.7200334156213,0.0,,1224873.1884314506
2021-06-25 14:00:52.180,1,0.4985144132670032,633.9721521803848,0.0,,1208619.3178469446
2021-06-25 14:00:52.190,1,0.5158879658265393,637.6092625009583,0.0,,1216250.7466105993
2021-06-25 14:00:52.200,1,0.538368453486653,637.9449839738007,0.0,,1216955.341835961
2021-06-25 14:00:52.210,1,0.4009189920178702,635.7243456605519,0.0,,1212289.4199841737
2021-06-25 14:00:52.220,1,0.4911699442067032,644.3751976124238,0.0,,1230454.6207541304
2021-06-25 14:00:52.230,1,0.5041989212801387,642.9845947617295,0.0,,1227533.6668244568
2021-06-25 14:00:52.240,1,0.3926045528655436,642.9381881381207,0.0,,1227427.7211276891
2021-06-25 14:00:52.250,1,0.4468714481755419,648.3107969387167,0.0,,1238717.5487217025
2021-06-25 14:00:52.260,1,0.5079741179217971,645.2440582381668,0.0,,1232279.0007008638
2021-06-25 14:00:52.270,1,0.4783873843908192,643.4107820826373,0.0,,1228427.0063082867
2021-06-25 14:00:52.280,1,0.5000849762054302,649.4918869351346,0.0,,1241204.1776217108
2021-06-25 14:00:52.290,1,0.5081085679756053,642.022889522456,0.0,,1225511.6868547148
2021-06-25 14:00:52.300,1,0.4230102743628752,645.5826802041896,0.0,,1232988.0221948912
2021-06-25 14:00:52.310,1,0.3792550399950776,644.1770929207828,0.0,,1230030.6485990114
2021-06-25 14:00:52.320,1,0.3768751097508497,648.879552758501,0.0,,1239912.0091668158
2021-06-25 14:00:52.330,1,0.5075949923352918,644.4508478365167,0.0,,1230616.2858283636
2021-06-25 14:00:52.340,1,0.5123836611071826,643.9305593873997,0.0,,1229518.6128491648
2021-06-25 14:00:52.350,1,0.5605268874964543,642.1982633506154,0.0,,1225883.73584434
2021-06-25 14:00:52.360,1,0.5470330354638689,646.9433588782275,0.0,,1235852.0407235913
2021-06-25 14:00:52.370,1,0.4248979989004602,646.5190221241257,0.0,,1234953.8357742087
2021-06-25 14:00:52.380,1,0.5468329505915421,639.4905705133576,0.0,,1220201.7600432627
2021-06-25 14:00:52.390,1,0.5583775595534057,639.648974501959,0.0,,1220532.3782937033
2021-06-25 14:00:52.400,1,0.4765291439378005,643.7220633089413,0.0,,1229079.4271959763
2021-06-25 14:00:52.410,1,0.5468175490275808,644.3625041669698,0.0,,1230429.9207459746
2021-06-25 14:00:52.420,1,0.5915070245285785,643.4091107602359,0.0,,1228428.9601658327
2021-06-25 14:00:52.430,1,0.4157697753657311,641.5994425328381,0.0,,1224620.6585066924
2021-06-25 14:00:52.440,1,0.4086270649160849,642.3502612907648,0.0,,1226195.9715615392
2021-06-25 14:00:52.450,1,0.4041025171398633,636.9271976392364,0.0,,1214814.0870739543
2021-06-25 14:00:52.460,1,0.4625445917351868,641.8041439628576,0.0,,1225051.8104589006
2021-06-25 14:00:52.470,1,0.6190184627337715,640.6519618634426,0.0,,1222641.2336551938
2021-06-25 14:00:52.480,1,0.525803743331421,641.04926837573,0.0,,1223469.6105585927
2021-06-25 14:00:52.490,1,0.4886460607004346,638.4071440764499,0.0,,1217921.7516057533
2021-06-25 14:00:52.500,1,0.5634595019297137,634.6088417532915,0.0,,1209957.655645746
2021-06-25 14:00:52.510,1,0.6261439688743727,639.4799741803524,0.0,,1220181.436989998
2021-06-25 14:00:52.520,1,0.6285577796875575,636.509791365311,0.0,,1213948.4964266943
2021-06-25 14:00:52.530,1,0.565164798531346,637.3606640989491,0.0,,1215728.5716868462
2021-06-25 14:00:52.540,1,0.6601254910028411,638.7812665247296,0.0,,1218719.1988198098
2021-06-25 14:00:52.550,1,0.4661179372996095,632.1333888104077,0.0,,1204762.8561884367
2021-06-25 14:00:52.560,1,0.4831758849179424,640.8953791548263,0.0,,1223142.434250143
2021-06-25 14:00:52.570,1,0.5191248553659337,632.3984685429567,0.0,,1205320.4965278788
2021-06-25 14:00:52.580,1,0.5632577769404766,632.6395756717118,0.0,,1205830.7073541072
2021-06-25 14:00:52.590,1,0.4779442718357966,632.3179854027295,0.0,,1205148.7258590427
2021-06-25 14:00:52.600,1,0.5785722298002605,630.7733489353765,0.0,,1201917.4644111537
2021-06-25 14:00:52.610,1,0.5661390441766915,631.3467290197343,0.0,,1203119.3218150465
2021-06-25 14:00:52.620,1,0.6857160521300556,634.4175499071024,0.0,,1209563.0565992217
2021-06-25 14:00:52.630,1,0.6672802710016084,641.0638140712813,0.0,,1223507.419978388
2021-06-25 14:00:52.640,1,0.7126537028504538,635.9460784781581,0.0,,1212769.3598662973
2021-06-25 14:00:52.650,1,0.6595122507185361,634.8075265954749,0.0,,1210379.1285029983
2021-06-25 14:00:52.660,1,0.522567026630113,634.3996482910135,0.0,,1209517.8085809203
2021-06-25 14:00:52.670,1,0.635784021089579,640.7230923204497,0.0,,1222791.9698707762
2021-06-25 14:00:52.680,1,0.5959304354378416,637.4878806292998,0.0,,1215999.4547711797
2021-06-25 14:00:52.690,1,0.5236883699896439,638.5116295180982,0.0,,1218142.1976056623
2021-06-25 14:00:52.700,1,0.492279297906214,641.5555570774984,0.0,,1224535.714798261
2021-06-25 14:00:52.710,1,0.6138645865682937,637.4484881005694,0.0,,1215917.3859090514
2021-06-25 14:00:52.720,1,0.4886344741906396,639.4814331763904,0.0,,1220178.197290546
2021-06-25 14:00:52.730,1,0.7175974234086059,643.587717198973,0.0,,1228809.959725024
2021-06-25 14:00:52.740,1,0.6660949635727039,643.8912973294742,0.0,,1229445.957557923
2021-06-25 14:00:52.750,1,0.4804568099002561,644.0792219448559,0.0,,1229833.4800486914
2021-06-25 14:00:52.760,1,0.5683743841748197,642.382634571386,0.0,,1226270.5939104287
2021-06-25 14:00:52.770,1,0.5263566523589558,641.5612107875828,0.0,,1224544.9456037276
2021-06-25 14:00:52.780,1,0.5708417694664824,637.1441363350124,0.0,,1215272.7880483982
2021-06-25 14:00:52.790,1,0.6994670118022511,646.2343424541913,0.0,,1234368.3505141346
2021-06-25 14:00:52.800,1,0.5837387607241142,640.8937428952205,0.0,,1223147.0167260815
2021-06-25 14:00:52.810,1,0.6595994522552875,648.6564108463884,0.0,,1239460.1958085126
2021-06-25 14:00:52.820,1,0.6687811484574505,638.5951526192807,0.0,,1218326.5132250166
2021-06-25 14:00:52.830,1,0.619606972768417,640.0999764943092,0.0,,1221481.4288486047
2021-06-25 14:00:52.840,1,0.5362778516939756,647.9535739287181,0.0,,1237972.8312476743
2021-06-25 14:00:52.850,1,0.5930293437449201,651.8952806921192,0.0,,1246265.5865467188
2021-06-25 14:00:52.860,1,0.4685060220490025,649.1977858206735,0.0,,1240581.4535365968
2021-06-25 14:00:52.870,1,0.6287044019343137,653.6068808986691,0.0,,1249864.8333716858
2021-06-25 14:00:52.880,1,0.509479841465863,646.5103416290361,0.0,,1234940.2251776436
2021-06-25 14:00:52.890,1,0.6699224387435014,643.3655849072971,0.0,,1228341.2477697514
2021-06-25 14:00:52.900,1,0.5528840710503564,645.8430136533511,0.0,,1233543.2000482127
2021-06-25 14:00:52.910,1,0.5628293373280407,647.9165768145972,0.0,,1237898.3191174506
2021-06-25 14:00:52.920,1,0.476896870771001,649.7298657559287,0.0,,1241704.3811589505
2021-06-25 14:00:52.930,1,0.5905318092407951,650.8822897296568,0.0,,1244131.5869350994
2021-06-25 14:00:52.940,1,0.4757946184291496,649.5636932596309,0.0,,1241352.3228858653
2021-06-25 14:00:52.950,1,0.4693939877242877,648.0904012362596,0.0,,1238259.7023021139
2021-06-25 14:00:52.960,1,0.5856413687321079,647.8992470257448,0.0,,1237863.1979615812
2021-06-25 14:00:52.970,1,0.535768850171514,648.3007418303464,0.0,,1238701.1270816776
2021-06-25 14:00:52.980,1,0.6282695755780523,645.1342147335524,0.0,,1232058.1889608386
2021-06-25 14:00:52.990,1,0.6347283047917797,649.5297918050002,0.0,,1241289.5515155108
2021-06-25 14:00:53.000,1,0.6497436561908735,644.6256313564028,0.0,,1230985.7551530884
2021-06-25 14:00:53.010,1,0.5968780136053777,638.6103739001355,0.0,,1218355.321446105
2021-06-25 14:00:53.020,1,0.459505677831208,648.1010080390943,0.0,,1238278.2126822444
2021-06-25 14:00:53.030,1,0.4315574723855583,642.5463622869754,0.0,,1226610.0065103115
2021-06-25 14:00:53.040,1,0.4735938073531759,641.8646581488221,0.0,,1225179.3067796081
2021-06-25 14:00:53.050,1,0.5030030305063142,643.3885655518992,0.0,,1228377.352792993
2021-06-25 14:00:53.060,1,0.5237874768122838,645.6392875012398,0.0,,1233110.8040992676
2021-06-25 14:00:53.070,1,0.5038192804238233,640.4853945386851,0.0,,1222285.8413691185
2021-06-25 14:00:53.080,1,0.4619518969031176,644.100179764238,0.0,,1229874.4308099002
2021-06-25 14:00:53.090,1,0.5983161555796679,646.2731589055412,0.0,,1234442.8997652628
2021-06-25 14:00:53.100,1,0.5514034355896845,638.7560644189465,0.0,,1218655.6666753464
2021-06-25 14:00:53.110,1,0.657422372767652,636.2962345550127,0.0,,1213503.2169397182
2021-06-25 14:00:53.120,1,0.4431936509881138,627.8102751185203,0.0,,1195699.7941828289
2021-06-25 14:00:53.130,1,0.4851545637011358,637.8213660924628,0.0,,1216694.0480461093
2021-06-25 14:00:53.140,1,0.6013116138163603,637.1322178402992,0.0,,1215253.0255207391
2021-06-25 14:00:53.150,1,0.6486752070682825,639.699379728124,0.0,,1220641.446150962
2021-06-25 14:00:53.160,1,0.5005892839441992,626.9002608193734,0.0,,1193799.1141578339
2021-06-25 14:00:53.170,1,0.4902702640974929,630.2605943726827,0.0,,1200834.8728252938
2021-06-25 14:00:53.180,1,0.705420069771942,635.9132947536327,0.0,,1212705.1134599848
2021-06-25 14:00:53.190,1,0.6970173747397687,631.0932644502625,0.0,,1202593.9379199923
2021-06-25 14:00:53.200,1,0.4787770859075749,625.728839837782,0.0,,1191341.5186828093
2021-06-25 14:00:53.210,1,0.5970577281871898,630.3866483457817,0.0,,1201107.6835829788
2021-06-25 14:00:53.220,1,0.7181012890949049,627.7213185020219,0.0,,1195531.0995663933
2021-06-25 14:00:53.230,1,0.7176300577392055,619.8039385561002,0.0,,1178955.0494685965
2021-06-25 14:00:53.240,1,0.5364873687554819,631.9236091176876,0.0,,1204332.2942162005
2021-06-25 14:00:53.250,1,0.5003585874397652,624.5582020511929,0.0,,1188895.0696451298
2021-06-25 14:00:53.260,1,0.5823507461407993,622.5227185376417,0.0,,1184637.2690731336
2021-06-25 14:00:53.270,1,0.5820401940947824,622.7906843539307,0.0,,1185195.5008050294
2021-06-25 14:00:53.280,1,0.6360944704357004,627.6553533807928,0.0,,1195388.6529116374
2021-06-25 14:00:53.290,1,0.5582707375025817,625.0216202392804,0.0,,1189868.5691058782
2021-06-25 14:00:53.300,1,0.5847569406240284,626.5426173126963,0.0,,1193053.6257223438
2021-06-25 14:00:53.310,1,0.7258214043352664,630.9781482711873,0.0,,1202354.4758929065
2021-06-25 14:00:53.320,1,0.7522926503284695,624.8041919328307,0.0,,1189417.2189798988
2021-06-25 14:00:53.330,1,0.6578886662876091,624.9474595626236,0.0,,1189717.401858497
2021-06-25 14:00:53.340,1,0.6240751572453793,626.8096317222413,0.0,,1193614.0155089074
2021-06-25 14:00:53.350,1,0.5977087155592018,621.3295663793955,0.0,,1182139.2558975553
2021-06-25 14:00:53.360,1,0.685985584384783,625.0844533395542,0.0,,1190004.8530298225
2021-06-25 14:00:53.370,1,0.5277176303259021,624.2290207911235,0.0,,1188207.932979894
2021-06-25 14:00:53.380,1,0.7644148100844865,625.8482804377062,0.0,,1191608.82160854
2021-06-25 14:00:53.390,1,0.6254697169544365,629.748789831994,0.0,,1199771.8288441608
2021-06-25 14:00:53.400,1,0.7504784004989972,633.6090722116038,0.0,,1207871.994711182
2021-06-25 14:00:53.410,1,0.6388240289856513,629.2259435927847,0.0,,1198678.9138181938
2021-06-25 14:00:53.420,1,0.7862824827421092,627.1271345043035,0.0,,1194286.9253181692
2021-06-25 14:00:53.430,1,0.6858640036992931,631.1461347737966,0.0,,1202702.7443649143
2021-06-25 14:00:53.440,1,0.6442248506249026,632.399731048508,0.0,,1205330.8249175455
2021-06-25 14:00:53.450,1,0.604665344035513,633.2922926273895,0.0,,1207198.6989994436
2021-06-25 14:00:53.460,1,0.7573175417148865,628.1023274152508,0.0,,1196327.576835494
2021-06-25 14:00:53.470,1,0.6260763777462209,629.9628967818053,0.0,,1200223.4113365968
2021-06-25 14:00:53.480,1,0.5180369050898509,634.8079636632938,0.0,,1210374.9307737614
2021-06-25 14:00:53.490,1,0.7293475596225999,628.8507200408171,0.0,,1197893.262713687
2021-06-25 14:00:53.500,1,0.5336892172779224,631.4532938674893,0.0,,1203342.25661951
2021-06-25 14:00:53.510,1,0.5999236693931488,636.7539733638165,0.0,,1214461.3729164482
2021-06-25 14:00:53.520,1,0.5086440702385348,636.1610270651719,0.0,,1213207.3002082212
2021-06-25 14:00:53.530,1,0.7336907855210089,634.4443589892658,0.0,,1209623.9976176862
2021-06-25 14:00:53.540,1,0.6207755752060593,633.184257338601,0.0,,1206972.1748568115
2021-06-25 14:00:53.550,1,0.5410660481218957,636.3769314433872,0.0,,1213664.9680863917
2021-06-25 14:00:53.560,1,0.6927351833261086,635.825795522823,0.0,,1212520.2392429998
2021-06-25 14:00:53.570,1,0.5490299660070745,631.5350266853766,0.0,,1203511.719087191
2021-06-25 14:00:53.580,1,0.6271730977016671,637.0511220915078,0.0,,1215084.04485531
2021-06-25 14:00:53.590,1,0.6296176703674126,625.4184251522734,0.0,,1190703.2824011953
2021-06-25 14:00:53.600,1,0.5004126767106083,628.5574807316502,0.0,,1197269.5834738195
2021-06-25 14:00:53.610,1,0.6217462375824842,630.5696726642309,0.0,,1201487.781495424
2021-06-25 14:00:53.620,1,0.6877643355984211,626.1476639191619,0.0,,1192232.0412258895
2021-06-25 14:00:53.630,1,0.4686735394167905,634.6132257043813,0.0,,1209964.47142309
2021-06-25 14:00:53.640,1,0.5341194305854283,631.1388764603482,0.0,,1202683.0138540803
2021-06-25 14:00:53.650,1,0.6512464889513833,627.1889552328272,0.0,,1194412.3108527975
2021-06-25 14:00:53.660,1,0.4517551058508341,632.2757291243076,0.0,,1205062.9444921287
2021-06-25 14:00:53.670,1,0.5319454966697089,632.4273270022388,0.0,,1205379.4560087426
2021-06-25 14:00:53.680,1,0.4921220331027254,628.3205520683191,0.0,,1196772.7727161369
2021-06-25 14:00:53.690,1,0.5467024559536788,631.2859505230567,0.0,,1202991.2006806948
2021-06-25 14:00:53.700,1,0.6575491878819735,630.9069165840034,0.0,,1202199.6944092663
2021-06-25 14:00:53.710,1,0.5052370700202481,630.4106106668762,0.0,,1201153.0597443087
2021-06-25 14:00:53.720,1,0.6230236657888718,625.5674630368268,0.0,,1191011.8856615454
2021-06-25 14:00:53.730,1,0.4427556892029362,626.9730380123882,0.0,,1193949.2788586714
2021-06-25 14:00:53.740,1,0.4812765287051083,630.0049778722055,0.0,,1200302.023098452
2021-06-25 14:00:53.750,1,0.5136748086967391,628.5962268031899,0.0,,1197352.544503097
2021-06-25 14:00:53.760,1,0.4806901292586842,627.2469278135443,0.0,,1194525.170943078
2021-06-25 14:00:53.770,1,0.492365067370779,631.8881715087825,0.0,,1204250.3651016045
2021-06-25 14:00:53.780,1,0.4581427127753099,622.4777697985934,0.0,,1184541.4419648345
2021-06-25 14:00:53.790,1,0.4748320186331315,626.0965699315492,0.0,,1192114.4212178993
2021-06-25 14:00:53.800,1,0.5262257317274732,624.4923093931203,0.0,,1188757.742716851
2021-06-25 14:00:53.810,1,0.5291128848623696,625.2032642682208,0.0,,1190248.8246032337
2021-06-25 14:00:53.820,1,0.6543773222450989,616.7924500368897,0.0,,1172651.5476013673
2021-06-25 14:00:53.830,1,0.5607324918235066,626.2465104306466,0.0,,1192435.7860345503
2021-06-25 14:00:53.840,1,0.6492313927270036,625.0844155601028,0.0,,1190003.2582020382
2021-06-25 14:00:53.850,1,0.5163980265413209,619.835678136494,0.0,,1179006.8579574972
2021-06-25 14:00:53.860,1,0.5659945808878342,627.1390359176827,0.0,,1194301.0213319103
2021-06-25 14:00:53.870,1,0.5196715084227385,620.1684828071723,0.0,,1179706.5196412127
2021-06-25 14:00:53.880,1,0.6155216930425954,620.1245603156817,0.0,,1179620.1507519656
2021-06-25 14:00:53.890,1,0.5425803485057533,615.2200790921669,0.0,,1169358.3399239494
2021-06-25 14:00:53.900,1,0.6033520513581676,619.4948687792225,0.0,,1178301.9230097223
2021-06-25 14:00:53.910,1,0.6016805788291729,619.7606401668448,0.0,,1178857.1528863881
2021-06-25 14:00:53.920,1,0.5750432535741961,621.5775126908668,0.0,,1182658.0588322734
2021-06-25 14:00:53.930,1,0.4696856620897618,622.5992238751281,0.0,,1184793.9206067903
2021-06-25 14:00:53.940,1,0.6819989123472372,618.8740504516729,0.0,,1177004.2053343547
2021-06-25 14:00:53.950,1,0.4707793503072927,621.4332436735352,0.0,,1182352.0283579072
2021-06-25 14:00:53.960,1,0.6276630517705429,619.2297540049225,0.0,,1177747.8969695938
2021-06-25 14:00:53.970,1,0.5043342076780708,616.2503650313201,0.0,,1171507.8302930258
2021-06-25 14:00:53.980,1,0.5683135907429566,617.8903880246078,0.0,,1174943.1445035492
2021-06-25 14:00:53.990,1,0.5978436712282497,630.1596981494215,0.0,,1200635.5224452538
2021-06-25 14:00:54.000,1,0.515205251282407,625.3477184843795,0.0,,1190551.7172807083
2021-06-25 14:00:54.010,1,0.5444271169303911,620.4711652178275,0.0,,1180337.8050128408
2021-06-25 14:00:54.020,1,0.6178430556575274,626.8900283385171,0.0,,1193783.3217658726
2021-06-25 14:00:54.030,1,0.6986896056882648,623.9316965586346,0.0,,1187590.9689984366
2021-06-25 14:00:54.040,1,0.7114830149750502,626.185769161479,0.0,,1192311.131211733
2021-06-25 14:00:54.050,1,0.545384613840724,628.7723756162293,0.0,,1197722.550910408
2021-06-25 14:00:54.060,1,0.5501810172605778,626.6714121312506,0.0,,1193324.0810050103
2021-06-25 14:00:54.070,1,0.6171585701021133,626.9447046765257,0.0,,1193897.903471224
2021-06-25 14:00:54.080,1,0.6756847632565729,632.0464800726277,0.0,,1204590.9864154856
2021-06-25 14:00:54.090,1,0.5632106610426202,632.3407193856373,0.0,,1205203.7081424845
2021-06-25 14:00:54.100,1,0.5791011096319457,631.9047064674802,0.0,,1204288.8933584508
2021-06-25 14:00:54.110,1,0.533242992135416,630.7514633177312,0.0,,1201866.6870582318
2021-06-25 14:00:54.120,1,0.6567015782295229,632.7201682228272,0.0,,1206001.2661302872
2021-06-25 14:00:54.130,1,0.7334272854511265,631.1315691320824,0.0,,1202674.6068233482
2021-06-25 14:00:54.140,1,0.7214069791767199,632.5561346395174,0.0,,1205661.858705418
2021-06-25 14:00:54.150,1,0.6690799228655485,633.3066140207424,0.0,,1207235.6414807602
2021-06-25 14:00:54.160,1,0.493310435088435,633.7245191234495,0.0,,1208099.5281496674
2021-06-25 14:00:54.170,1,0.546738492903794,642.5778508565149,0.0,,1226680.2090055274
2021-06-25 14:00:54.180,1,0.6445558947914171,634.9273395857688,0.0,,1210629.2234602964
2021-06-25 14:00:54.190,1,0.6697537919790257,631.2932690667408,0.0,,1203010.1004265146
2021-06-25 14:00:54.200,1,0.7082329922509306,634.8695676751232,0.0,,1210510.4691617028
2021-06-25 14:00:54.210,1,0.5423757288299693,630.6649766640047,0.0,,1201689.4409829413
2021-06-25 14:00:54.220,1,0.4865858731160746,642.7848328875617,0.0,,1227111.3569746683
2021-06-25 14:00:54.230,1,0.5689951719695739,639.9231931878197,0.0,,1221108.922369232
2021-06-25 14:00:54.240,1,0.5226852044293469,638.152946249013,0.0,,1217391.5317471065
2021-06-25 14:00:54.250,1,0.6474054202462445,635.9785392669687,0.0,,1212836.41248837
2021-06-25 14:00:54.260,1,0.6644645960748609,637.4305360599312,0.0,,1215879.6990030932
2021-06-25 14:00:54.270,1,0.5282833999623185,643.4985025429668,0.0,,1228613.7593391512
2021-06-25 14:00:54.280,1,0.4677481872339658,645.2274978098277,0.0,,1232239.3658517883
2021-06-25 14:00:54.290,1,0.6005693735204608,637.0768180272797,0.0,,1215138.3398236365
2021-06-25 14:00:54.300,1,0.5906908352428347,644.3404416289061,0.0,,1230384.6690364517
2021-06-25 14:00:54.310,1,0.5133936892021186,641.8755178723081,0.0,,1225204.6237455052
2021-06-25 14:00:54.320,1,0.5891354129075314,637.6648248265972,0.0,,1216371.1968683626
2021-06-25 14:00:54.330,1,0.5699860419677454,644.723064569998,0.0,,1231187.3623381308
2021-06-25 14:00:54.340,1,0.5081061115926987,637.2498340107717,0.0,,1215495.8974018958
2021-06-25 14:00:54.350,1,0.5797460613291313,638.6818332812685,0.0,,1218502.9581809014
2021-06-25 14:00:54.360,1,0.4448047437401584,642.8914548383642,0.0,,1227337.3923257666
2021-06-25 14:00:54.370,1,0.553420761186688,637.341619477741,0.0,,1215688.1718523812
2021-06-25 14:00:54.380,1,0.5349109696575268,639.2476169464337,0.0,,1219690.4033735103
2021-06-25 14:00:54.390,1,0.429406085069811,637.9273558380913,0.0,,1216913.7980438473
2021-06-25 14:00:54.400,1,0.5478132912995155,643.6829736570465,0.0,,1229001.7648316568
2021-06-25 14:00:54.410,1,0.4103517452410097,640.5547956672159,0.0,,1222426.4441839901
2021-06-25 14:00:54.420,1,0.4872629069815651,638.0464515343922,0.0,,1217166.313940275
2021-06-25 14:00:54.430,1,0.4195588092228109,631.8372020845898,0.0,,1204139.2537980664
2021-06-25 14:00:54.440,1,0.5597174964548896,639.7698011542468,0.0,,1220784.8630898183
2021-06-25 14:00:54.450,1,0.5353626795085484,640.7898692395728,0.0,,1222927.759869134
2021-06-25 14:00:54.460,1,0.3867207368137378,636.5579650621752,0.0,,1214035.459923128
2021-06-25 14:00:54.470,1,0.4446992060198936,634.4758745979223,0.0,,1209670.4227149617
2021-06-25 14:00:54.480,1,0.4589904100216288,634.3618131993709,0.0,,1209434.309977821
2021-06-25 14:00:54.490,1,0.4786452414183468,632.4543468684125,0.0,,1205438.6242269485
2021-06-25 14:00:54.500,1,0.3815151787540579,631.8398191766549,0.0,,1204144.3277705815
2021-06-25 14:00:54.510,1,0.4419997516596972,627.9366533626453,0.0,,1195969.0957970228
2021-06-25 14:00:54.520,1,0.4236598597058982,630.8061373818425,0.0,,1201981.3642187559
2021-06-25 14:00:54.530,1,0.5424143638573236,630.3557778461643,0.0,,1201043.2760849218
2021-06-25 14:00:54.540,1,0.5589303002960735,633.0670798690535,0.0,,1206725.3769353416
2021-06-25 14:00:54.550,1,0.4557782778486993,629.0790188471517,0.0,,1198364.3560141735
2021-06-25 14:00:54.560,1,0.544768704979866,635.5858108547188,0.0,,1212009.2536821202
2021-06-25 14:00:54.570,1,0.4356718365895676,632.6408962878842,0.0,,1205823.0635852127
2021-06-25 14:00:54.580,1,0.4184862825461833,631.7446919956037,0.0,,1203942.9999128857
2021-06-25 14:00:54.590,1,0.5365405965840929,626.9508776610579,0.0,,1193906.389456155
2021-06-25 14:00:54.600,1,0.3930803027024671,628.2019578750861,0.0,,1196521.1817179287
2021-06-25 14:00:54.610,1,0.3916466628278341,628.6824128689324,0.0,,1197527.0515835222
2021-06-25 14:00:54.620,1,0.5644045530710358,634.2600543786746,0.0,,1209224.5135162717
2021-06-25 14:00:54.630,1,0.4227708528130499,631.1722193725095,0.0,,1202746.3009440536
2021-06-25 14:00:54.640,1,0.4670468790073564,631.9212222429646,0.0,,1204315.523711758
2021-06-25 14:00:54.650,1,0.5339274846070905,627.5604385406224,0.0,,1195181.0971620707
2021-06-25 14:00:54.660,1,0.59286744948857,630.6191569288861,0.0,,1201594.3425166432
2021-06-25 14:00:54.670,1,0.5370296735501844,631.8536637009422,0.0,,1204178.6064690223
2021-06-25 14:00:54.680,1,0.4198074091558861,631.1725533277807,0.0,,1202747.006593431
2021-06-25 14:00:54.690,1,0.465200982695472,637.084757617502,0.0,,1215150.147848835
2021-06-25 14:00:54.700,1,0.5043527144999749,634.1574865089414,0.0,,1209012.6128073297
2021-06-25 14:00:54.710,1,0.5517545225253158,632.3012326957297,0.0,,1205117.4625718943
2021-06-25 14:00:54.720,1,0.5905643023124497,634.690513692732,0.0,,1210132.5598688754
2021-06-25 14:00:54.730,1,0.4238996310339196,639.7554226716854,0.0,,1220749.4748457563
2021-06-25 14:00:54.740,1,0.6164310793293266,637.4629043109178,0.0,,1215942.8534980107
2021-06-25 14:00:54.750,1,0.5794621485459307,628.5829834337792,0.0,,1197328.9770506702
2021-06-25 14:00:54.760,1,0.436496785997688,632.4004518171016,0.0,,1205319.9038268856
2021-06-25 14:00:54.770,1,0.4324189488841773,636.6960832263601,0.0,,1214330.9127058445
2021-06-25 14:00:54.780,1,0.5084897069616509,637.5672178778998,0.0,,1216162.3542700077
2021-06-25 14:00:54.790,1,0.4700383289460491,636.5076261195601,0.0,,1213931.7801058234
2021-06-25 14:00:54.800,1,0.4326542125793191,633.2810505668425,0.0,,1207165.3362180346
2021-06-25 14:00:54.810,1,0.6273012431487098,634.0543917210688,0.0,,1208798.4262748538
2021-06-25 14:00:54.820,1,0.4427311710542465,636.2846110580689,0.0,,1213466.0852969352
2021-06-25 14:00:54.830,1,0.5019796874813277,638.8150396257145,0.0,,1218777.7700793196
2021-06-25 14:00:54.840,1,0.6033365043038287,643.7145504593295,0.0,,1229068.7599636547
2021-06-25 14:00:54.850,1,0.502174332313542,640.5226520394568,0.0,,1222361.9540524688
2021-06-25 14:00:54.860,1,0.5741761851656539,636.8088809197177,0.0,,1214570.826378547
2021-06-25 14:00:54.870,1,0.4989535165504001,634.547539929732,0.0,,1209828.013621141
2021-06-25 14:00:54.880,1,0.6019423480313798,643.0483503413825,0.0,,1227671.7955350198
2021-06-25 14:00:54.890,1,0.5989280842863149,634.5275004713843,0.0,,1209791.4574866144
2021-06-25 14:00:54.900,1,0.5288109882781533,643.1842696827156,0.0,,1227954.4153094853
2021-06-25 14:00:54.910,1,0.5967807556564261,640.1932928194713,0.0,,1221677.347961959
2021-06-25 14:00:54.920,1,0.4855657438266403,636.4024195904378,0.0,,1213716.3896776633
2021-06-25 14:00:54.930,1,0.6041671155438403,641.3963421279318,0.0,,1224201.0746390247
2021-06-25 14:00:54.940,1,0.5883231959931307,636.31066188615,0.0,,1213528.6963611648
2021-06-25 14:00:54.950,1,0.4691178310560609,642.4502423752807,0.0,,1226407.2069713238
2021-06-25 14:00:54.960,1,0.4583542427823929,639.164753303456,0.0,,1219507.6640146493
2021-06-25 14:00:54.970,1,0.403227205171735,635.4462858811451,0.0,,1211704.4121885193
2021-06-25 14:00:54.980,1,0.5522587215452481,634.7472387576664,0.0,,1210248.719081481
2021-06-25 14:00:54.990,1,0.4441935584502435,639.248463254607,0.0,,1219689.7932593517
2021-06-25 14:00:55.000,1,0.5630783323601992,636.73819903396,0.0,,1214422.053552931
2021-06-25 14:00:55.010,1,0.5481108311570574,635.8602418308609,0.0,,1212578.9413796978
2021-06-25 14:00:55.020,1,0.4842879995364871,633.0918190288986,0.0,,1206773.8803216082
2021-06-25 14:00:55.030,1,0.4738520705716039,632.7020046581048,0.0,,1205957.4319043618
2021-06-25 14:00:55.040,1,0.5046335351205111,629.8380390566598,0.0,,1199948.6504214122
2021-06-25 14:00:55.050,1,0.4833971428257475,628.6620503938342,0.0,,1197485.1483661893
2021-06-25 14:00:55.060,1,0.3638645330468956,630.3726343590364,0.0,,1201067.2938639696
2021-06-25 14:00:55.070,1,0.4815893904294999,633.4853944972376,0.0,,1207596.8877781678
2021-06-25 14:00:55.080,1,0.4515241919898261,631.7860096012897,0.0,,1204034.1312016957
2021-06-25 14:00:55.090,1,0.5348061494345125,623.6318703417594,0.0,,1186954.3575944526
2021-06-25 14:00:55.100,1,0.5039599332054799,623.4034909068981,0.0,,1186476.0687417837
2021-06-25 14:00:55.110,1,0.4985775535938525,629.0909245848711,0.0,,1198388.787791647
2021-06-25 14:00:55.120,1,0.419404015889823,621.4133661947658,0.0,,1182305.3453479232
2021-06-25 14:00:55.130,1,0.5155407792431496,628.2442552875888,0.0,,1196615.0512289943
2021-06-25 14:00:55.140,1,0.4200343534072704,623.5102615785013,0.0,,1186695.0021647874
2021-06-25 14:00:55.150,1,0.372876696368346,620.7540461143542,0.0,,1180922.4606498447
2021-06-25 14:00:55.160,1,0.351780708451484,623.0357467349387,0.0,,1185698.4397102299
2021-06-25 14:00:55.170,1,0.4518075794776274,623.1666383388383,0.0,,1185976.0326760854
2021-06-25 14:00:55.180,1,0.4228092723203012,615.866260676328,0.0,,1170699.915057953
2021-06-25 14:00:55.190,1,0.4530299934093291,624.7954421680504,0.0,,1189386.4821106517
2021-06-25 14:00:55.200,1,0.323611040976957,627.4577045699898,0.0,,1194955.3018607479
2021-06-25 14:00:55.210,1,0.3869926492259657,628.0238661151533,0.0,,1196146.105407481
2021-06-25 14:00:55.220,1,0.4863014873845222,622.3468229951875,0.0,,1184260.6504848083
2021-06-25 14:00:55.230,1,0.4330322943777061,617.2009857572452,0.0,,1173496.2184425804
2021-06-25 14:00:55.240,1,0.4868476914546257,624.7099279390737,0.0,,1189209.1221386215
2021-06-25 14:00:55.250,1,0.4306148483323001,615.7904535050368,0.0,,1170544.5649860648
2021-06-25 14:00:55.260,1,0.3921833196060882,620.0089644369402,0.0,,1179368.2403913504
2021-06-25 14:00:55.270,1,0.3789380713190178,618.5022761069099,0.0,,1176213.2339085415
2021-06-25 14:00:55.280,1,0.3859071647745224,625.8895957722895,0.0,,1191673.5665233938
2021-06-25 14:00:55.290,1,0.507821505449528,619.8698855623799,0.0,,1179081.8332214607
2021-06-25 14:00:55.300,1,0.4850114843362584,623.097560590002,0.0,,1185833.6699626346
2021-06-25 14:00:55.310,1,0.3489786297768597,622.1380514183179,0.0,,1183818.553509159
2021-06-25 14:00:55.320,1,0.3613118175461854,623.5710526702128,0.0,,1186819.5037215478
2021-06-25 14:00:55.330,1,0.4412470731619987,623.3748587314818,0.0,,1186411.0783153353
2021-06-25 14:00:55.340,1,0.4933621137569963,623.2729371355467,0.0,,1186203.2569723006
2021-06-25 14:00:55.350,1,0.4376790416011005,628.8849490164507,0.0,,1197956.9544902667
2021-06-25 14:00:55.360,1,0.4409600734360329,620.0465538375918,0.0,,1179449.0721340212
2021-06-25 14:00:55.370,1,0.4477911428254113,624.3941973910738,0.0,,1188550.2354761832
2021-06-25 14:00:55.380,1,0.3989630010867302,626.3132154661396,0.0,,1192563.25867793
2021-06-25 14:00:55.390,1,0.5053314368023609,620.6991428431443,0.0,,1180813.7218740964
2021-06-25 14:00:55.400,1,0.5205285796421756,629.1809933183251,0.0,,1198578.0883190515
2021-06-25 14:00:55.410,1,0.4547729125774209,627.1067602618396,0.0,,1194228.5216357817
2021-06-25 14:00:55.420,1,0.4576738855033053,634.0737460768803,0.0,,1208832.6039056056
2021-06-25 14:00:55.430,1,0.5553545825513311,633.7693837715644,0.0,,1208197.9332279724
2021-06-25 14:00:55.440,1,0.4000054795724938,632.8751679053622,0.0,,1206319.349438052
2021-06-25 14:00:55.450,1,0.407719272215287,635.7689992966058,0.0,,1212386.0584333395
2021-06-25 14:00:55.460,1,0.5696909990352673,633.9215791665513,0.0,,1208516.7413420938
2021-06-25 14:00:55.470,1,0.5736673374737539,630.8875634824965,0.0,,1202157.523258641
2021-06-25 14:00:55.480,1,0.4879597345866384,631.5138697727352,0.0,,1203469.4568909772
2021-06-25 14:00:55.490,1,0.4015793076287642,630.4754846771019,0.0,,1201287.6509555217
2021-06-25 14:00:55.500,1,0.5545173273004926,633.3474684553769,0.0,,1207312.0608000222
2021-06-25 14:00:55.510,1,0.608866361561761,632.2613185895079,0.0,,1205036.6064059818
2021-06-25 14:00:55.520,1,0.5534423759650685,636.3839704162018,0.0,,1213676.8829110414
2021-06-25 14:00:55.530,1,0.4727338900955795,639.435755580627,0.0,,1220083.4578320803
2021-06-25 14:00:55.540,1,0.5344229752513576,637.0294426956252,0.0,,1215036.029725259
2021-06-25 14:00:55.550,1,0.6013848030865626,642.3832666941731,0.0,,1226274.2021979066
2021-06-25 14:00:55.560,1,0.5137161902205148,635.0217426856891,0.0,,1210820.3313411213
2021-06-25 14:00:55.570,1,0.5608613461042387,636.4611099021613,0.0,,1213841.6185529132
2021-06-25 14:00:55.580,1,0.4748735731355902,641.2282203905999,0.0,,1223843.414284883
2021-06-25 14:00:55.590,1,0.4442637719922729,635.8192930980771,0.0,,1212490.8746696971
2021-06-25 14:00:55.600,1,0.4529453238581013,642.4558537769055,0.0,,1226420.5768574239
2021-06-25 14:00:55.610,1,0.4350523787623733,632.5401387028318,0.0,,1205614.4117423843
2021-06-25 14:00:55.620,1,0.5497570567646604,643.5976440401117,0.0,,1228822.8176434839
2021-06-25 14:00:55.630,1,0.4348047961529387,639.0900159146253,0.0,,1219354.327609285
2021-06-25 14:00:55.640,1,0.4985665804643402,645.8595840249355,0.0,,1233567.2929286284
2021-06-25 14:00:55.650,1,0.415023072816695,639.4190789547265,0.0,,1220044.9351292735
2021-06-25 14:00:55.660,1,0.4269579301355732,639.0406531467182,0.0,,1219247.4640759823
2021-06-25 14:00:55.670,1,0.4705834842941768,641.329225716833,0.0,,1224057.8666033072
2021-06-25 14:00:55.680,1,0.4531714864232302,643.1592591279974,0.0,,1227894.93995829
2021-06-25 14:00:55.690,1,0.4957076134347664,641.1474635195058,0.0,,1223676.8513425204
2021-06-25 14:00:55.700,1,0.4671721918093203,639.0354907255737,0.0,,1219241.8796806328
2021-06-25 14:00:55.710,1,0.5530440347988655,643.2405271397361,0.0,,1228072.5876301876
2021-06-25 14:00:55.720,1,0.4204654270206423,635.3518124364667,0.0,,1211510.6614472447
2021-06-25 14:00:55.730,1,0.3895262667550492,635.1560773861879,0.0,,1211099.162392726
2021-06-25 14:00:55.740,1,0.5144321893249489,638.2072705201633,0.0,,1217510.5038639982
2021-06-25 14:00:55.750,1,0.4651509209122464,643.0708169976384,0.0,,1227711.1553550183
2021-06-25 14:00:55.760,1,0.3868376495792891,634.0620164071123,0.0,,1208802.2302545765
2021-06-25 14:00:55.770,1,0.3918807342187921,640.576295136886,0.0,,1222471.4726314035
2021-06-25 14:00:55.780,1,0.5328028851041021,637.2732041304038,0.0,,1215546.087742864
2021-06-25 14:00:55.790,1,0.4451024944775432,639.6385889060513,0.0,,1220509.3108696493
2021-06-25 14:00:55.800,1,0.3941108885122072,637.1453755595637,0.0,,1215270.6705725235
2021-06-25 14:00:55.810,1,0.536848292542879,640.3404458159846,0.0,,1221983.6178385855
2021-06-25 14:00:55.820,1,0.457838851863011,637.0716679565596,0.0,,1215121.4240709937
2021-06-25 14:00:55.830,1,0.4998634007234737,634.6172464798698,0.0,,1209973.5699072147
2021-06-25 14:00:55.840,1,0.4561543757940645,634.0463572533208,0.0,,1208771.7776140333
2021-06-25 14:00:55.850,1,0.5042855712576185,636.960294453881,0.0,,1214886.3114973276
2021-06-25 14:00:55.860,1,0.4556529215820911,632.8030964809137,0.0,,1206168.580640683
2021-06-25 14:00:55.870,1,0.485218893894029,639.3995307834833,0.0,,1220001.761287112
2021-06-25 14:00:55.880,1,0.4018569892301672,634.0567774082298,0.0,,1208795.8209876632
2021-06-25 14:00:55.890,1,0.3747896882222902,634.6022572888799,0.0,,1209931.0662863313
2021-06-25 14:00:55.900,1,0.4759005933468337,636.2275214447619,0.0,,1213348.5883545885
2021-06-25 14:00:55.910,1,0.4271139405966365,637.375901700774,0.0,,1215760.5463338634
2021-06-25 14:00:55.920,1,0.4298332165485858,635.6155943118035,0.0,,1212064.0071431906
2021-06-25 14:00:55.930,1,0.4055930900323309,634.8926207793437,0.0,,1210545.8153831868
2021-06-25 14:00:55.940,1,0.3621124140937136,637.6025321107364,0.0,,1216227.7113654974
2021-06-25 14:00:55.950,1,0.405953397525557,639.047768993088,0.0,,1219265.5257911375
2021-06-25 14:00:55.960,1,0.4418971497880026,636.5171582730096,0.0,,1213956.281355735
2021-06-25 14:00:55.970,1,0.3810831879367736,635.1207334019,0.0,,1211023.246122759
2021-06-25 14:00:55.980,1,0.3782641278287442,640.7771829783541,0.0,,1222891.1271745258
2021-06-25 14:00:55.990,1,0.4467024204096892,637.743376657735,0.0,,1216526.0719265377
2021-06-25 14:00:56.000,1,0.494808670965702,648.9146704037436,0.0,,1239989.2522897578
2021-06-25 14:00:56.010,1,0.5197428093777516,646.9977220397963,0.0,,1235966.1994572934
2021-06-25 14:00:56.020,1,0.5302672706168975,637.4139646287123,0.0,,1215838.541632405
2021-06-25 14:00:56.030,1,0.3995057650299519,645.1124476001232,0.0,,1231995.4006318436
2021-06-25 14:00:56.040,1,0.5261496091097038,647.9289140990686,0.0,,1237924.1026281635
2021-06-25 14:00:56.050,1,0.5190680383363041,646.5389654665014,0.0,,1234997.3581694337
2021-06-25 14:00:56.060,1,0.404300838401459,646.3758364080909,0.0,,1234650.880290624
2021-06-25 14:00:56.070,1,0.3799763396454004,641.9003324835891,0.0,,1225251.4489004577
2021-06-25 14:00:56.080,1,0.4178813162125118,643.1428863489252,0.0,,1227861.0002046125
2021-06-25 14:00:56.090,1,0.396633085309159,652.5567354219344,0.0,,1247646.3151617004
2021-06-25 14:00:56.100,1,0.5751196986498457,650.7204958930154,0.0,,1243791.8153272418
2021-06-25 14:00:56.110,1,0.5444042778661172,645.1417247367071,0.0,,1232066.0982189204
2021-06-25 14:00:56.120,1,0.5354263942748204,650.7487211521187,0.0,,1243848.4859506076
2021-06-25 14:00:56.130,1,0.4303918971631628,651.2398870162069,0.0,,1244876.4459660188
2021-06-25 14:00:56.140,1,0.5947889772549957,655.2358893287701,0.0,,1253288.3531572383
2021-06-25 14:00:56.150,1,0.4754636446875149,651.7288506550287,0.0,,1245906.4276307074
2021-06-25 14:00:56.160,1,0.5500388513078467,656.8506484259613,0.0,,1256689.8595152812
2021-06-25 14:00:56.170,1,0.4989139594545562,657.0218209002943,0.0,,1257040.940334085
2021-06-25 14:00:56.180,1,0.5412245219424516,658.3419161598554,0.0,,1259820.1479011707
2021-06-25 14:00:56.190,1,0.6287509528209679,655.9894489088035,0.0,,1254873.5694302386
2021-06-25 14:00:56.200,1,0.4609728203271091,663.4402657949622,0.0,,1270554.0288904256
2021-06-25 14:00:56.210,1,0.6141761812825695,656.2886096403671,0.0,,1255505.637295714
2021-06-25 14:00:56.220,1,0.5637386369567797,654.9084813558429,0.0,,1252603.1155930369
2021-06-25 14:00:56.230,1,0.4468122127807243,651.3172188452926,0.0,,1245037.2939643783
2021-06-25 14:00:56.240,1,0.4692150241932084,657.3810949786298,0.0,,1257800.0477439694
2021-06-25 14:00:56.250,1,0.6179410663891711,654.9940731215582,0.0,,1252779.3465744958
2021-06-25 14:00:56.260,1,0.6597564369779634,660.654450728613,0.0,,1264698.907504272
2021-06-25 14:00:56.270,1,0.5407647069974378,655.3051861461707,0.0,,1253434.3137346932
2021-06-25 14:00:56.280,1,0.4994131326568039,653.5814776142884,0.0,,1249801.8685100253
2021-06-25 14:00:56.290,1,0.682093273560267,650.9887534176868,0.0,,1244361.146475398
2021-06-25 14:00:56.300,1,0.6643354293516031,651.7012617707547,0.0,,1245857.0075325805
2021-06-25 14:00:56.310,1,0.4775229653731855,645.9017887373286,0.0,,1233658.713201274
2021-06-25 14:00:56.320,1,0.4905262693933104,650.5017367032985,0.0,,1243327.6966463188
2021-06-25 14:00:56.330,1,0.4968724874401987,650.5962698774001,0.0,,1243523.799069188
2021-06-25 14:00:56.340,1,0.5956249628662208,652.0560600382835,0.0,,1246598.1919746937
2021-06-25 14:00:56.350,1,0.6554551593011269,657.6311804668376,0.0,,1258334.5377124976
2021-06-25 14:00:56.360,1,0.5361910618694848,646.445591381038,0.0,,1234805.0358359755
2021-06-25 14:00:56.370,1,0.5099506936251369,654.2295137842035,0.0,,1251166.64979481
2021-06-25 14:00:56.380,1,0.6365332295502538,650.0529940954635,0.0,,1242392.5009813078
2021-06-25 14:00:56.390,1,0.5602518982473446,650.8459153425073,0.0,,1244054.7239993569
2021-06-25 14:00:56.400,1,0.6015366684543095,651.01531191137,0.0,,1244408.8109378403
2021-06-25 14:00:56.410,1,0.6302695636172061,650.4036845557323,0.0,,1243124.720587373
2021-06-25 14:00:56.420,1,0.5979817727801426,648.7318048799426,0.0,,1239612.3073413426
2021-06-25 14:00:56.430,1,0.5135620014108316,646.8383860162869,0.0,,1235627.3327734736
2021-06-25 14:00:56.440,1,0.4616957216166886,648.0636898690395,0.0,,1238198.8434177425
2021-06-25 14:00:56.450,1,0.5311878219960843,645.5112196292931,0.0,,1232839.0808038125
2021-06-25 14:00:56.460,1,0.5195977199721606,638.6134510091274,0.0,,1218355.0199890204
2021-06-25 14:00:56.470,1,0.616473924231628,646.4877267758222,0.0,,1234896.7649597705
2021-06-25 14:00:56.480,1,0.6509001907698516,643.9137001563487,0.0,,1229491.3176649632
2021-06-25 14:00:56.490,1,0.5511902777887576,638.3898350625341,0.0,,1217893.0598655331
2021-06-25 14:00:56.500,1,0.5717987255658752,645.9213994050392,0.0,,1233703.3321769056
2021-06-25 14:00:56.510,1,0.4686905485463541,637.464104946179,0.0,,1215944.0734573216
2021-06-25 14:00:56.520,1,0.4928675091255712,648.6701115421007,0.0,,1239478.2109628678
2021-06-25 14:00:56.530,1,0.607590444489407,644.8741922650589,0.0,,1231506.7632703101
2021-06-25 14:00:56.540,1,0.4902231456475843,645.7031004604237,0.0,,1233242.3809809943
2021-06-25 14:00:56.550,1,0.4141795533081676,647.7930201762435,0.0,,1237626.1621768181
2021-06-25 14:00:56.560,1,0.4911834609557204,642.9256642947753,0.0,,1227406.440944963
2021-06-25 14:00:56.570,1,0.5168786399469892,633.9977300517511,0.0,,1208675.847546372
2021-06-25 14:00:56.580,1,0.5352108861257652,636.5716162442694,0.0,,1214077.2975138023
2021-06-25 14:00:56.590,1,0.5461438190831477,636.3513592534449,0.0,,1213613.8965664674
2021-06-25 14:00:56.600,1,0.5921338608021863,638.3453082772759,0.0,,1217802.748141478
2021-06-25 14:00:56.610,1,0.4516969864640812,645.2102263215462,0.0,,1232205.3961640366
2021-06-25 14:00:56.620,1,0.3971373649134121,646.0006746051333,0.0,,1233862.731558955
2021-06-25 14:00:56.630,1,0.5668317551253689,640.6749424665683,0.0,,1222687.5284325066
2021-06-25 14:00:56.640,1,0.5228074403664845,641.1724257247903,0.0,,1223731.2091628807
2021-06-25 14:00:56.650,1,0.5053751065451266,638.0972384902421,0.0,,1217276.3021329367
2021-06-25 14:00:56.660,1,0.5767839284191421,644.9103607635064,0.0,,1231581.8646630899
2021-06-25 14:00:56.670,1,0.5081996439685207,634.8804253746497,0.0,,1210527.3266617733
2021-06-25 14:00:56.680,1,0.4952837382497464,641.0037821503486,0.0,,1223375.698496425
2021-06-25 14:00:56.690,1,0.5257519689244656,641.195784186087,0.0,,1223777.1368912847
2021-06-25 14:00:56.700,1,0.5525123660015907,646.0635526765349,0.0,,1234000.93338093
2021-06-25 14:00:56.710,1,0.5258571907949691,647.9950949006303,0.0,,1238056.6253408256
2021-06-25 14:00:56.720,1,0.4491003684306592,647.4851580723495,0.0,,1236979.7748239483
2021-06-25 14:00:56.730,1,0.4892437370006348,647.2217876876198,0.0,,1236434.1969901805
2021-06-25 14:00:56.740,1,0.4724497589217671,649.8214212218143,0.0,,1241893.0100617555
2021-06-25 14:00:56.750,1,0.4862945909398543,645.2672244020624,0.0,,1232327.1767836506
2021-06-25 14:00:56.760,1,0.5270240724099279,645.2624422264395,0.0,,1232315.507153254
2021-06-25 14:00:56.770,1,0.4617356406810328,647.9893619282348,0.0,,1238047.2264748798
2021-06-25 14:00:56.780,1,0.6422205005320293,647.6961123263861,0.0,,1237430.932057012
2021-06-25 14:00:56.790,1,0.4973273741216264,645.673609602417,0.0,,1233183.6858818075
2021-06-25 14:00:56.800,1,0.6216010400237942,645.642403057491,0.0,,1233123.2067831294
2021-06-25 14:00:56.810,1,0.4649607283543631,648.0896292479632,0.0,,1238257.7370950342
2021-06-25 14:00:56.820,1,0.5266333482295691,646.6548056712602,0.0,,1235242.7759134178
2021-06-25 14:00:56.830,1,0.6623291310125763,645.5332288169158,0.0,,1232895.7350974714
2021-06-25 14:00:56.840,1,0.5011945380278608,652.6655283620081,0.0,,1247877.7755263164
2021-06-25 14:00:56.850,1,0.5401909358081922,651.2799824645024,0.0,,1244968.1567593324
2021-06-25 14:00:56.860,1,0.4764586921513002,655.5658547015588,0.0,,1253978.1433305317
2021-06-25 14:00:56.870,1,0.6796542146990909,650.8413067752825,0.0,,1244048.636783562
2021-06-25 14:00:56.880,1,0.5846240770414745,648.8961481988295,0.0,,1239958.7215728436
2021-06-25 14:00:56.890,1,0.6034992061877643,650.5026525970528,0.0,,1243333.6836182582
2021-06-25 14:00:56.900,1,0.7010577177782124,649.6696723164147,0.0,,1241588.8153361147
2021-06-25 14:00:56.910,1,0.5937870512754081,651.7327872325272,0.0,,1245918.4303432214
2021-06-25 14:00:56.920,1,0.7071362258226058,650.3737289605126,0.0,,1243067.1642845536
2021-06-25 14:00:56.930,1,0.5137181346353161,649.0314036690534,0.0,,1240238.2506644817
2021-06-25 14:00:56.940,1,0.5587503058634706,656.7249802952158,0.0,,1256419.6211946781
2021-06-25 14:00:56.950,1,0.5372437177146762,651.4319307968118,0.0,,1245283.1661576352
2021-06-25 14:00:56.960,1,0.6236143337046651,647.2069666033034,0.0,,1236407.2379147774
2021-06-25 14:00:56.970,1,0.5378681192337559,649.516842588391,0.0,,1241262.1600529845
2021-06-25 14:00:56.980,1,0.6481827308187684,644.7063726707825,0.0,,1231157.650915921
2021-06-25 14:00:56.990,1,0.5335988066893133,651.2591004118807,0.0,,1244924.6555514361
2021-06-25 14:00:57.000,1,0.582272145573188,646.6070729444656,0.0,,1235143.0213998572
2021-06-25 14:00:57.010,1,0.6923891070072979,651.0875213785673,0.0,,1244566.2950884637
2021-06-25 14:00:57.020,1,0.703664442025027,644.9030085408382,0.0,,1231568.7535665268
2021-06-25 14:00:57.030,1,0.5347963947225425,643.3105222839285,0.0,,1228219.968922315
2021-06-25 14:00:57.040,1,0.7477898442670105,637.1636631061817,0.0,,1215326.5261387026
2021-06-25 14:00:57.050,1,0.5544959801309716,646.694812663778,0.0,,1235329.2680298435
2021-06-25 14:00:57.060,1,0.5625555648996398,644.3357980099611,0.0,,1230371.234642413
2021-06-25 14:00:57.070,1,0.6888558157518905,647.6857312753599,0.0,,1237418.4571765768
2021-06-25 14:00:57.080,1,0.5173952554785516,647.5611870611752,0.0,,1237146.4658739497
2021-06-25 14:00:57.090,1,0.729139224530264,649.7395641433473,0.0,,1241736.1260377527
2021-06-25 14:00:57.100,1,0.5187580104805254,641.0953823170113,0.0,,1223569.2761926826
2021-06-25 14:00:57.110,1,0.7471316877628705,641.4806715974153,0.0,,1224389.915117446
2021-06-25 14:00:57.120,1,0.6190287779778485,640.6106097160799,0.0,,1222552.7337188744
2021-06-25 14:00:57.130,1,0.588312795074431,642.8119535539963,0.0,,1227174.3418895628
2021-06-25 14:00:57.140,1,0.6777874046035989,636.8989663708966,0.0,,1214767.9766616868
2021-06-25 14:00:57.150,1,0.6091133410196086,632.3612315438837,0.0,,1205248.2991988452
2021-06-25 14:00:57.160,1,0.7025966191092807,635.4115130405945,0.0,,1211647.485843823
2021-06-25 14:00:57.170,1,0.5886936660403551,638.3354179117086,0.0,,1217774.9527587735
2021-06-25 14:00:57.180,1,0.5492089592282754,638.2507108989589,0.0,,1217596.3663040076
2021-06-25 14:00:57.190,1,0.5158532911641005,636.9571276127017,0.0,,1214882.9932560625
2021-06-25 14:00:57.200,1,0.7295943575317461,638.6011533891427,0.0,,1218336.8575823726
2021-06-25 14:00:57.210,1,0.7132702913732006,647.2129744174936,0.0,,1236424.3201263612
2021-06-25 14:00:57.220,1,0.6489442507232,636.579619288561,0.0,,1214097.142307863
2021-06-25 14:00:57.230,1,0.6096344318997348,650.2094220476491,0.0,,1242717.0471111038
2021-06-25 14:00:57.240,1,0.6215368899422831,645.4884821648695,0.0,,1232795.7981139452
2021-06-25 14:00:57.250,1,0.4787782836816238,635.7436981881475,0.0,,1212335.6615847195
2021-06-25 14:00:57.260,1,0.6657855991069943,644.3516133444923,0.0,,1230413.5485283688
2021-06-25 14:00:57.270,1,0.6115410304569137,641.5636572436268,0.0,,1224556.90931843
2021-06-25 14:00:57.280,1,0.6002628616383425,639.7155058884479,0.0,,1220677.724595607
2021-06-25 14:00:57.290,1,0.4614903865235529,646.1207907311741,0.0,,1234118.4823819946
2021-06-25 14:00:57.300,1,0.6218598448144913,645.0215628848148,0.0,,1231819.8751351906
2021-06-25 14:00:57.310,1,0.5067619604382925,644.5039581884348,0.0,,1230724.424412221
2021-06-25 14:00:57.320,1,0.5345099603541645,643.2253023916152,0.0,,1228040.2955782434
2021-06-25 14:00:57.330,1,0.6129371020531292,651.8158009545299,0.0,,1246096.1602733445
2021-06-25 14:00:57.340,1,0.6613782480226641,650.1310955724638,0.0,,1242555.2365973997
2021-06-25 14:00:57.350,1,0.6487836577028393,645.0763921420835,0.0,,1231935.0798741707
2021-06-25 14:00:57.360,1,0.5961864210557496,647.4838743744045,0.0,,1236989.2818433153
2021-06-25 14:00:57.370,1,0.641025733550576,649.2905872727738,0.0,,1240788.0379242378
2021-06-25 14:00:57.380,1,0.6045714184428506,653.6703213685137,0.0,,1249998.702034752
2021-06-25 14:00:57.390,1,0.6507095259401803,643.1703943569529,0.0,,1227928.7463244484
2021-06-25 14:00:57.400,1,0.6643552316635811,651.8841565922472,0.0,,1246236.7781583609
2021-06-25 14:00:57.410,1,0.5357690606307463,656.9118908420681,0.0,,1256816.0696929016
2021-06-25 14:00:57.420,1,0.6618517539640267,652.3696922474791,0.0,,1247261.24849427
2021-06-25 14:00:57.430,1,0.555274612639746,651.2837443654772,0.0,,1244977.0291197475
2021-06-25 14:00:57.440,1,0.5331326872325333,660.8777385867182,0.0,,1265160.6586838777
2021-06-25 14:00:57.450,1,0.5573538374467844,657.7799846298882,0.0,,1258643.7382602983
2021-06-25 14:00:57.460,1,0.4572917005202174,657.063366880914,0.0,,1257127.4662769015
2021-06-25 14:00:57.470,1,0.5101082016414498,655.5303934134616,0.0,,1253903.787341524
2021-06-25 14:00:57.480,1,0.4994332084366508,653.1147298387838,0.0,,1248822.5915186673
2021-06-25 14:00:57.490,1,0.5454984762963451,664.4536034788895,0.0,,1272692.4464549376
2021-06-25 14:00:57.500,1,0.5822980920327582,656.1140935958872,0.0,,1255140.4239861632
2021-06-25 14:00:57.510,1,0.6837205861340157,664.1628183555099,0.0,,1272087.3053449842
2021-06-25 14:00:57.520,1,0.6337409129694627,663.7587996532068,0.0,,1271234.1932759238
2021-06-25 14:00:57.530,1,0.5639885728897553,666.1662393240354,0.0,,1276302.8652988512
2021-06-25 14:00:57.540,1,0.5887321667990479,659.7834925373531,0.0,,1262861.1726230038
2021-06-25 14:00:57.550,1,0.5502869005211792,664.8494115296427,0.0,,1273527.8663678586
2021-06-25 14:00:57.560,1,0.7161359068128919,656.6917381745109,0.0,,1256361.3426912057
2021-06-25 14:00:57.570,1,0.6946293787676496,666.7166156764084,0.0,,1277467.5393227178
2021-06-25 14:00:57.580,1,0.6058183224765459,662.7352057169041,0.0,,1269072.9711995346
2021-06-25 14:00:57.590,1,0.6899315551900409,664.9232929677778,0.0,,1273691.0494637303
2021-06-25 14:00:57.600,1,0.5626152846464572,661.4742865150215,0.0,,1266420.1077144372
2021-06-25 14:00:57.610,1,0.6933145804611942,662.0376608245643,0.0,,1267613.3071675517
2021-06-25 14:00:57.620,1,0.6834623983799512,664.936844707869,0.0,,1273719.0793712456
2021-06-25 14:00:57.630,1,0.5603185973897982,663.9527906054783,0.0,,1271639.819297033
2021-06-25 14:00:57.640,1,0.5646890089968457,663.3773810880417,0.0,,1270428.8334579745
2021-06-25 14:00:57.650,1,0.5395472069211327,669.4535246173175,0.0,,1283233.363189444
2021-06-25 14:00:57.660,1,0.6594055885778111,663.781092326877,0.0,,1271281.0628531831
2021-06-25 14:00:57.670,1,0.5909736520804048,667.8915540174895,0.0,,1279939.5070841745
2021-06-25 14:00:57.680,1,0.5533211460294389,663.3349110791896,0.0,,1270336.2801809518
2021-06-25 14:00:57.690,1,0.6937278294160137,656.4670101417299,0.0,,1255881.8210815634
2021-06-25 14:00:57.700,1,0.6842508732480276,659.8046219226358,0.0,,1262903.9774791473
2021-06-25 14:00:57.710,1,0.5407670741918871,658.7990369772813,0.0,,1260786.7856355116
2021-06-25 14:00:57.720,1,0.5436847131324312,659.0945633898051,0.0,,1261405.234477392
2021-06-25 14:00:57.730,1,0.6284739626176058,658.4438551523211,0.0,,1260037.4805475331
2021-06-25 14:00:57.740,1,0.5452908103907731,663.7813190999274,0.0,,1271273.5988247057
2021-06-25 14:00:57.750,1,0.7452526133807049,663.6213596033781,0.0,,1270949.9367650836
2021-06-25 14:00:57.760,1,0.6039958451599993,659.8831171190961,0.0,,1263070.2935819596
2021-06-25 14:00:57.770,1,0.7761917718173721,659.9746492704197,0.0,,1263269.3802716567
2021-06-25 14:00:57.780,1,0.7443833457030651,657.0850815478707,0.0,,1257189.6790246402
2021-06-25 14:00:57.790,1,0.6032889987703952,659.6773469459148,0.0,,1262639.8176987998
2021-06-25 14:00:57.800,1,0.7544802179949901,660.2751005771013,0.0,,1263903.5715558007
2021-06-25 14:00:57.810,1,0.7053096678882623,655.0976799620278,0.0,,1253003.814978379
2021-06-25 14:00:57.820,1,0.5961158386619121,662.2022832324775,0.0,,1267951.719104868
2021-06-25 14:00:57.830,1,0.7142438438065117,660.0245695975129,0.0,,1263372.3265108783
2021-06-25 14:00:57.840,1,0.6424688844975184,661.3585857504553,0.0,,1266176.8106060955
2021-06-25 14:00:57.850,1,0.6228432690290198,657.6329700897459,0.0,,1258331.995710189
2021-06-25 14:00:57.860,1,0.7499698265206397,651.1929075946192,0.0,,1244792.361431812
2021-06-25 14:00:57.870,1,0.6591656042011877,657.9013209391553,0.0,,1258902.3647316105
2021-06-25 14:00:57.880,1,0.7608326688675222,654.276001102537,0.0,,1251281.023511732
2021-06-25 14:00:57.890,1,0.7201745450251478,659.2056653775237,0.0,,1261646.5251378724
2021-06-25 14:00:57.900,1,0.5877159813029215,655.9294117102278,0.0,,1254749.9576926462
2021-06-25 14:00:57.910,1,0.6599810945920742,661.5238634596134,0.0,,1266524.2788536986
2021-06-25 14:00:57.920,1,0.606144578092792,648.2402679578472,0.0,,1238578.8630409606
2021-06-25 14:00:57.930,1,0.6842186825397094,653.7633956452373,0.0,,1250193.5632940037
2021-06-25 14:00:57.940,1,0.6030243325178176,657.4570741295855,0.0,,1257965.4221442763
2021-06-25 14:00:57.950,1,0.723716018537597,659.0426814290096,0.0,,1261304.5975620747
2021-06-25 14:00:57.960,1,0.6917701091960405,660.6687102547527,0.0,,1264728.5869606554
2021-06-25 14:00:57.970,1,0.7133188114029264,660.6218176105872,0.0,,1264632.0554897818
2021-06-25 14:00:57.980,1,0.6122742503919033,660.7791392286981,0.0,,1264958.4844032542
2021-06-25 14:00:57.990,1,0.6459725384708168,663.7546801731276,0.0,,1271225.4387330776
2021-06-25 14:00:58.000,1,0.5793855166281321,661.1438690176515,0.0,,1265724.1932913577
2021-06-25 14:00:58.010,1,0.4803851266087574,656.3492447534442,0.0,,1255627.5223984993
2021-06-25 14:00:58.020,1,0.4662701034460036,662.247184326027,0.0,,1268042.7195056195
2021-06-25 14:00:58.030,1,0.5168746456266572,660.6067259718916,0.0,,1264591.2471194519
2021-06-25 14:00:58.040,1,0.6157348036069914,657.6700585897954,0.0,,1258413.818153403
2021-06-25 14:00:58.050,1,0.521109883805832,653.4924201629879,0.0,,1249620.536049384
2021-06-25 14:00:58.060,1,0.4540547513551582,664.7748430300188,0.0,,1273365.4879902864
2021-06-25 14:00:58.070,1,0.4465382438132842,670.0337580458263,0.0,,1284450.6620990208
2021-06-25 14:00:58.080,1,0.6674947058812813,664.395169768129,0.0,,1272576.6056176221
2021-06-25 14:00:58.090,1,0.5063456056990608,658.3747369101571,0.0,,1259891.735437353
2021-06-25 14:00:58.100,1,0.5514857529071133,660.7159991931885,0.0,,1264823.9598096982
2021-06-25 14:00:58.110,1,0.4942243492580309,659.8899346555555,0.0,,1263079.5946719055
2021-06-25 14:00:58.120,1,0.6288120982287108,662.1481791149661,0.0,,1267839.6979338871
2021-06-25 14:00:58.130,1,0.5908489036389046,671.1152900164842,0.0,,1286736.7012877292
2021-06-25 14:00:58.140,1,0.5502007587062031,662.1143282449283,0.0,,1267767.9112823007
2021-06-25 14:00:58.150,1,0.5040399546564351,667.4329358117324,0.0,,1278973.0470821874
2021-06-25 14:00:58.160,1,0.5669583327648506,664.3095358060302,0.0,,1272392.2528993145
2021-06-25 14:00:58.170,1,0.4596141388870137,665.3150970440989,0.0,,1274502.537955365
2021-06-25 14:00:58.180,1,0.6251695023943876,664.9526618472718,0.0,,1273753.0720142156
2021-06-25 14:00:58.190,1,0.6228210811722644,662.9239434821628,0.0,,1269473.2375158197
2021-06-25 14:00:58.200,1,0.6404959558767321,665.0383797737371,0.0,,1273932.0373620247
2021-06-25 14:00:58.210,1,0.5399724807504082,672.3957710009525,0.0,,1289437.034791425
2021-06-25 14:00:58.220,1,0.6461141365009027,664.3028265241047,0.0,,1272380.4238558577
2021-06-25 14:00:58.230,1,0.5001484883566556,665.0635117763687,0.0,,1273975.014614135
2021-06-25 14:00:58.240,1,0.6838771235745403,670.6537860001167,0.0,,1285769.236282471
2021-06-25 14:00:58.250,1,0.6666740598126247,670.4963733000255,0.0,,1285438.0989412884
2021-06-25 14:00:58.260,1,0.5002039748150333,668.1210208615182,0.0,,1280419.0667879032
2021-06-25 14:00:58.270,1,0.4727955458401895,666.5945961651984,0.0,,1277202.241778165
2021-06-25 14:00:58.280,1,0.6879711008516456,662.0103448532064,0.0,,1267555.333657601
2021-06-25 14:00:58.290,1,0.7019578194275734,662.253756084627,0.0,,1268068.0739723982
2021-06-25 14:00:58.300,1,0.4945823825411948,661.3245237958008,0.0,,1266101.182784825
2021-06-25 14:00:58.310,1,0.6103671287969311,660.1555084841517,0.0,,1263647.060336733
2021-06-25 14:00:58.320,1,0.5715977915223239,661.338160599017,0.0,,1266132.454692759
2021-06-25 14:00:58.330,1,0.7004432185185469,658.0551346142855,0.0,,1259225.2914255825
2021-06-25 14:00:58.340,1,0.5231551126671494,661.6760887705627,0.0,,1266843.6400679923
2021-06-25 14:00:58.350,1,0.6734499314036658,654.2275054229257,0.0,,1251169.7330669635
2021-06-25 14:00:58.360,1,0.5392215216648714,654.2521438339775,0.0,,1251217.2847173093
2021-06-25 14:00:58.370,1,0.556209123831958,657.8224226250055,0.0,,1258728.3968767147
2021-06-25 14:00:58.380,1,0.6116576979509316,653.0306050594818,0.0,,1248652.9593872007
2021-06-25 14:00:58.390,1,0.6502192276362757,652.4932716671211,0.0,,1247519.4484083634
2021-06-25 14:00:58.400,1,0.5285133469276961,654.1626991841365,0.0,,1251029.6177967065
2021-06-25 14:00:58.410,1,0.5041891637354263,652.7509743929268,0.0,,1248058.9256488078
2021-06-25 14:00:58.420,1,0.6102602575470469,650.8167404676434,0.0,,1243994.5960761197
2021-06-25 14:00:58.430,1,0.7463331412496916,648.9970278228515,0.0,,1240177.444209835
2021-06-25 14:00:58.440,1,0.6866183956703966,650.2961184116571,0.0,,1242904.0750523978
2021-06-25 14:00:58.450,1,0.6769525143846926,648.783030685983,0.0,,1239723.2746486901
2021-06-25 14:00:58.460,1,0.7015526028468556,649.0207967481283,0.0,,1240222.9672756153
2021-06-25 14:00:58.470,1,0.6388930253091207,646.7511555017522,0.0,,1235450.0752373207
2021-06-25 14:00:58.480,1,0.6615766973586653,647.2650778625967,0.0,,1236532.7051753488
2021-06-25 14:00:58.490,1,0.6446810209122621,644.5978114709226,0.0,,1230928.3014617616
2021-06-25 14:00:58.500,1,0.6048417601448149,643.1833650696409,0.0,,1227956.5521600114
2021-06-25 14:00:58.510,1,0.6028173455875449,644.7491635355949,0.0,,1231245.1775746522
2021-06-25 14:00:58.520,1,0.6414106962922062,645.6488503490302,0.0,,1233137.4966793498
2021-06-25 14:00:58.530,1,0.6254588162797422,640.2304732430503,0.0,,1221754.5594595643
2021-06-25 14:00:58.540,1,0.6231827225613693,643.2047612789543,0.0,,1228001.8739177263
2021-06-25 14:00:58.550,1,0.6198073902638335,645.8172253640151,0.0,,1233491.4940636298
2021-06-25 14:00:58.560,1,0.5596296172975257,640.6915039736308,0.0,,1222721.5289346045
2021-06-25 14:00:58.570,1,0.6037470854683293,638.9975876798219,0.0,,1219165.9865915426
2021-06-25 14:00:58.580,1,0.6108058695417442,637.7598090560991,0.0,,1216570.4056843994
2021-06-25 14:00:58.590,1,0.5320625270897255,639.1555423930747,0.0,,1219498.706237128
2021-06-25 14:00:58.600,1,0.6128782395852094,647.1010905065083,0.0,,1236185.1876657226
2021-06-25 14:00:58.610,1,0.7311441512845503,642.9154644979717,0.0,,1227399.749833904
2021-06-25 14:00:58.620,1,0.6690586462043983,647.5316635924934,0.0,,1237096.8195347702
2021-06-25 14:00:58.630,1,0.5784834060828757,643.301535065155,0.0,,1228203.3530872962
2021-06-25 14:00:58.640,1,0.6563606143999774,643.0934786251407,0.0,,1227767.779069083
2021-06-25 14:00:58.650,1,0.4916648044420387,648.5186772543956,0.0,,1239161.328729331
2021-06-25 14:00:58.660,1,0.6782610310027941,644.3119935567322,0.0,,1230328.9728654725
2021-06-25 14:00:58.670,1,0.5736034446869951,651.8206062537532,0.0,,1246104.4863937043
2021-06-25 14:00:58.680,1,0.6861699239247671,646.3677258075088,0.0,,1234645.7086797806
2021-06-25 14:00:58.690,1,0.69630957352428,651.1869081091575,0.0,,1244780.6389487172
2021-06-25 14:00:58.700,1,0.6699442818909568,647.07408142369,0.0,,1236129.1354458556
2021-06-25 14:00:58.710,1,0.4764156888927121,647.6553846300243,0.0,,1237343.720316695
2021-06-25 14:00:58.720,1,0.5964088488697675,645.5690269491113,0.0,,1232965.2187276038
2021-06-25 14:00:58.730,1,0.5743136357645751,652.185924822242,0.0,,1246876.5509733497
2021-06-25 14:00:58.740,1,0.5435267872204185,654.2322541885137,0.0,,1251177.516883303
2021-06-25 14:00:58.750,1,1.1515772524741112,653.8522479170688,0.0,,1250409.8777325233
2021-06-25 14:00:58.760,1,0.5866089176209055,651.55731334855,0.0,,1245549.3188711947
2021-06-25 14:00:58.770,1,0.6377401385144664,650.2990496590234,0.0,,1242909.2184924714
2021-06-25 14:00:58.780,1,0.5688981758776793,652.5803831470157,0.0,,1247699.1834953392
2021-06-25 14:00:58.790,1,0.4662188895824088,653.3740334921301,0.0,,1249368.8127410286
2021-06-25 14:00:58.800,1,0.4777083129355565,655.3554269425389,0.0,,1253533.6478117625
2021-06-25 14:00:58.810,1,0.5336021262401159,653.5737570079037,0.0,,1249789.6066074104
2021-06-25 14:00:58.820,1,0.4744830254763624,659.439890193359,0.0,,1262128.1927613684
2021-06-25 14:00:58.830,1,0.5445466459017713,655.6973673881649,0.0,,1254255.0013411366
2021-06-25 14:00:58.840,1,0.6460999956967294,654.2631187137782,0.0,,1251245.3058081015
2021-06-25 14:00:58.850,1,0.4282501439013426,654.1125874538305,0.0,,1250919.0011583061
2021-06-25 14:00:58.860,1,0.510254139174941,654.1521691427861,0.0,,1251006.560857717
2021-06-25 14:00:58.870,1,0.4663465047380034,654.0953593444037,0.0,,1250883.6416457721
2021-06-25 14:00:58.880,1,0.5245601619421442,653.924588376286,0.0,,1250520.3875543685
2021-06-25 14:00:58.890,1,0.460236326577877,655.554717944434,0.0,,1253954.1609204402
2021-06-25 14:00:58.900,1,0.6065609221242233,656.3425100349276,0.0,,1255618.251257649
2021-06-25 14:00:58.910,1,0.6272823440993616,652.5131843842718,0.0,,1247564.5541046292
2021-06-25 14:00:58.920,1,0.4452068146372039,658.2248744779149,0.0,,1259573.935007596
2021-06-25 14:00:58.930,1,0.4757851209639157,664.9902441874573,0.0,,1273819.1702047007
2021-06-25 14:00:58.940,1,0.4874471238966008,654.4687495943137,0.0,,1251671.5609929953
2021-06-25 14:00:58.950,1,0.6126178532238996,657.9749271483513,0.0,,1259054.4239209741
2021-06-25 14:00:58.960,1,0.624606255792519,651.2504976357842,0.0,,1244904.6010454213
2021-06-25 14:00:58.970,1,0.6146036250044837,654.4448978746102,0.0,,1251625.325819464
2021-06-25 14:00:58.980,1,0.5105664389541525,651.7451332170876,0.0,,1245941.0799073281
2021-06-25 14:00:58.990,1,0.5731974511818082,653.9135183120801,0.0,,1250507.5531051338
2021-06-25 14:00:59.000,1,0.5930690939639177,653.7970160481411,0.0,,1250258.9337016859
2021-06-25 14:00:59.010,1,0.6129405136200818,650.8338915882292,0.0,,1244031.4890210049
2021-06-25 14:00:59.020,1,0.5525019065039212,659.5523230913623,0.0,,1262370.4387758225
2021-06-25 14:00:59.030,1,0.5771875733564403,651.1937115234564,0.0,,1244785.0152422225
2021-06-25 14:00:59.040,1,0.6119438587262203,654.3178076851665,0.0,,1251359.6307777348
2021-06-25 14:00:59.050,1,0.6795563012190222,650.8953577274261,0.0,,1244165.6403877006
2021-06-25 14:00:59.060,1,0.5276841933269524,651.6961826012433,0.0,,1245840.1710472803
2021-06-25 14:00:59.070,1,0.6144469637909583,647.417306764877,0.0,,1236851.4632220336
2021-06-25 14:00:59.080,1,0.6861721017710766,655.25110983165,0.0,,1253326.308192806
2021-06-25 14:00:59.090,1,0.7424409537212361,645.5368395270332,0.0,,1232905.967428066
2021-06-25 14:00:59.100,1,0.640669587179071,644.1481493952087,0.0,,1229984.5093588296
2021-06-25 14:00:59.110,1,0.6631047833442354,650.8192991536413,0.0,,1243999.8562128088
2021-06-25 14:00:59.120,1,0.6506632905101661,650.0943931502867,0.0,,1242481.6185445066
2021-06-25 14:00:59.130,1,0.6390434076741426,646.5254936950022,0.0,,1234975.057962593
2021-06-25 14:00:59.140,1,0.7303068139895715,646.9649344443852,0.0,,1235902.487666312
2021-06-25 14:00:59.150,1,0.5763288796967718,644.3038514040012,0.0,,1230304.0967725744
2021-06-25 14:00:59.160,1,0.7499023823050958,652.1291275305861,0.0,,1246762.0955345244
2021-06-25 14:00:59.170,1,0.5199474584601831,645.4618413576472,0.0,,1232737.6637117572
2021-06-25 14:00:59.180,1,0.5248581138249777,652.686853431852,0.0,,1247923.0845503162
2021-06-25 14:00:59.190,1,0.6337821909760063,646.1922865816167,0.0,,1234276.0280206222
2021-06-25 14:00:59.200,1,0.7826926854103105,650.2787418707635,0.0,,1242874.6209725305
2021-06-25 14:00:59.210,1,0.7375704806175514,647.7942462827456,0.0,,1237648.2402487062
2021-06-25 14:00:59.220,1,0.6823198004368373,653.4207394293378,0.0,,1249477.4762917387
2021-06-25 14:00:59.230,1,0.7026805707733618,654.1243116306919,0.0,,1250954.1795844056
2021-06-25 14:00:59.240,1,0.6492756319490592,650.8354699878,0.0,,1244034.0015558307
2021-06-25 14:00:59.250,1,0.7307421711554589,649.1413372267554,0.0,,1240477.7441747999
2021-06-25 14:00:59.260,1,0.6340170925061874,650.3578333232139,0.0,,1243032.3766774153
2021-06-25 14:00:59.270,1,0.6773982268921754,648.1231008662724,0.0,,1238334.9671834274
2021-06-25 14:00:59.280,1,0.647847074326217,652.1875686232245,0.0,,1246881.3747108674
2021-06-25 14:00:59.290,1,0.7468012654093552,652.9504459913902,0.0,,1248489.2753595116
2021-06-25 14:00:59.300,1,0.6751439592178843,654.6021163516342,0.0,,1251964.0269939587
2021-06-25 14:00:59.310,1,0.5584269688705727,650.923486029195,0.0,,1244218.3431590274
2021-06-25 14:00:59.320,1,0.7669132360324751,658.2839268013125,0.0,,1259715.3858253066
2021-06-25 14:00:59.330,1,0.7201733278718725,652.120089747508,0.0,,1246741.668716915
2021-06-25 14:00:59.340,1,0.6631676699747001,659.9803000494637,0.0,,1263278.0451989607
2021-06-25 14:00:59.350,1,0.7280574986112346,652.0519010657645,0.0,,1246596.6324461973
2021-06-25 14:00:59.360,1,0.6320724711730308,655.0632840302446,0.0,,1252928.1213646708
2021-06-25 14:00:59.370,1,0.5383697852250718,658.6652618493824,0.0,,1260506.522127984
2021-06-25 14:00:59.380,1,0.6305157312791494,659.8678116306203,0.0,,1263040.9461064006
2021-06-25 14:00:59.390,1,0.496556958399486,659.7995572433236,0.0,,1262889.1641590265
2021-06-25 14:00:59.400,1,0.5465137987000165,658.9265830698447,0.0,,1261051.0778950315
2021-06-25 14:00:59.410,1,0.5091606163717788,659.8082905371102,0.0,,1262908.5373138809
2021-06-25 14:00:59.420,1,0.5319089407011229,662.2717794440978,0.0,,1268098.6646482532
2021-06-25 14:00:59.430,1,0.6235459249016507,662.0032874618656,0.0,,1267534.470764889
2021-06-25 14:00:59.440,1,0.5968077418323269,665.0263967366592,0.0,,1273903.6031901627
2021-06-25 14:00:59.450,1,0.6517224577953943,664.6119887642712,0.0,,1273032.4375022762
2021-06-25 14:00:59.460,1,0.5205062647731118,659.6976840436429,0.0,,1262675.6530204357
2021-06-25 14:00:59.470,1,0.6310345721799627,659.2873964984673,0.0,,1261819.119144914
2021-06-25 14:00:59.480,1,0.6088240853011496,660.9070141184504,0.0,,1265230.6717496372
2021-06-25 14:00:59.490,1,0.4582559078141591,665.2637114523977,0.0,,1274395.3613357157
2021-06-25 14:00:59.500,1,0.6029747662722178,664.8222669090886,0.0,,1273470.9122076682
2021-06-25 14:00:59.510,1,1.8091404395352544,664.530521261363,0.0,,1272919.0267396404
2021-06-25 14:00:59.520,1,0.6448236454024358,671.7242168894012,0.0,,1288025.5406921033
2021-06-25 14:00:59.530,1,0.5286443571616278,668.3937301957044,0.0,,1280996.501108368
2021-06-25 14:00:59.540,1,0.5397733310233422,666.8513611790495,0.0,,1277745.7978156593
2021-06-25 14:00:59.550,1,0.4948750313439193,664.792409400554,0.0,,1273407.729850906
2021-06-25 14:00:59.560,1,0.644230294434568,665.0238941590944,0.0,,1273897.4938456626
2021-06-25 14:00:59.570,1,0.6686864461847225,670.3291279194817,0.0,,1285086.3382489397
2021-06-25 14:00:59.580,1,0.5284446439840782,665.0041016901354,0.0,,1273853.1688758347
2021-06-25 14:00:59.590,1,0.5686798904157881,664.9177679813283,0.0,,1273674.2572484186
2021-06-25 14:00:59.600,1,0.6226112462532901,664.7283764949193,0.0,,1273279.3008125154
2021-06-25 14:00:59.610,1,0.4644943970465721,666.6055333863296,0.0,,1277228.1194292447
2021-06-25 14:00:59.620,1,0.5009919205168587,665.6992522326226,0.0,,1275316.3668792287
2021-06-25 14:00:59.630,1,0.6842112751633448,660.0676191736383,0.0,,1263463.9444880816
2021-06-25 14:00:59.640,1,0.5536034801709027,662.6926999889229,0.0,,1268983.2858219952
2021-06-25 14:00:59.650,1,0.5282095382596964,662.8684303181103,0.0,,1269350.2979207332
2021-06-25 14:00:59.660,1,0.5401224189546339,664.3088620560371,0.0,,1272388.0970919512
2021-06-25 14:00:59.670,1,0.4896053961426644,662.9360233495753,0.0,,1269489.9284693792
2021-06-25 14:00:59.680,1,0.5196476272937425,661.2366795864413,0.0,,1265912.839389464
2021-06-25 14:00:59.690,1,0.5467650951147655,655.7106329741843,0.0,,1254284.705787894
2021-06-25 14:00:59.700,1,0.6527859199234909,661.4205794497506,0.0,,1266309.4805457215
2021-06-25 14:00:59.710,1,0.6482828433911537,658.6551484218293,0.0,,1260487.5005068206
2021-06-25 14:00:59.720,1,0.6852205568152966,661.8628991713354,0.0,,1267244.5787447616
2021-06-25 14:00:59.730,1,0.7222536716434216,655.3020536285969,0.0,,1253436.4673352593
2021-06-25 14:00:59.740,1,0.6910854620769531,652.1460758193027,0.0,,1246794.5427256695
2021-06-25 14:00:59.750,1,0.7023246895017529,653.8953367807951,0.0,,1250475.1437711904
2021-06-25 14:00:59.760,1,0.5126827973994276,649.2798261014433,0.0,,1240760.6015194766
2021-06-25 14:00:59.770,1,0.5884027102787347,652.5122403887398,0.0,,1247557.0263237439
2021-06-25 14:00:59.780,1,0.5610066882135563,654.2666796073718,0.0,,1251247.9477123786
2021-06-25 14:00:59.790,1,0.6445621805644919,655.5949268482586,0.0,,1254046.5557452876
2021-06-25 14:00:59.800,1,0.7260892875834751,654.133826710972,0.0,,1250975.690064561
2021-06-25 14:00:59.810,1,0.7154478678490044,654.3794717858736,0.0,,1251493.0119357142
2021-06-25 14:00:59.820,1,0.5883899813719665,646.2858626288693,0.0,,1234474.3221159773
2021-06-25 14:00:59.830,1,0.7171378335328131,652.173326296068,0.0,,1246854.6310383682
2021-06-25 14:00:59.840,1,0.6908399721196047,648.0976292841833,0.0,,1238283.5765433456
2021-06-25 14:00:59.850,1,0.750489962902019,647.3051870612933,0.0,,1236621.8157898467
2021-06-25 14:00:59.860,1,0.6860966513773112,647.2749002974265,0.0,,1236556.8699569902
2021-06-25 14:00:59.870,1,0.7961083080584632,649.0711723887939,0.0,,1240333.2770292656
2021-06-25 14:00:59.880,1,0.7144962212433092,655.9457054997353,0.0,,1254787.7858076356
2021-06-25 14:00:59.890,1,0.7630941932717678,653.9062354797251,0.0,,1250502.0138181436
2021-06-25 14:00:59.900,1,0.5409521048024226,647.0269843298937,0.0,,1236025.233555789
2021-06-25 14:00:59.910,1,0.683308517125158,646.9865473564088,0.0,,1235948.6133723988
2021-06-25 14:00:59.920,1,0.70151384628174,651.9971230110289,0.0,,1246478.7185703209
2021-06-25 14:00:59.930,1,0.5973029641352161,652.029502485597,0.0,,1246547.0163531525
2021-06-25 14:00:59.940,1,0.6145489388793659,653.209333440475,0.0,,1249028.7932007213
2021-06-25 14:00:59.950,1,0.6570940006005886,647.2198131551339,0.0,,1236438.2437062669
2021-06-25 14:00:59.960,1,0.5880196316037134,650.986727784676,0.0,,1244352.3732928385
2021-06-25 14:00:59.970,1,0.5552929271706796,647.4392763689168,0.0,,1236895.1672219995
2021-06-25 14:00:59.980,1,0.5898006000868653,650.9247185833702,0.0,,1244219.4347627566
2021-06-25 14:00:59.990,1,0.7396972489765258,649.7862130359042,0.0,,1241833.6531244775
2021-06-25 14:01:00.000,1,0.7153765005005721,646.3266706840827,0.0,,1234562.7045171207
2021-06-25 14:01:00.010,1,0.5733079410899959,649.4588380335317,0.0,,1241136.9411685194
2021-06-25 14:01:00.020,1,0.6534367323794728,646.3454194106613,0.0,,1234603.1290370377
2021-06-25 14:01:00.030,1,0.5430425028264277,653.9903102258852,0.0,,1250668.539139788
2021-06-25 14:01:00.040,1,0.664412030977109,654.620800264729,0.0,,1252001.5641042048
2021-06-25 14:01:00.050,1,0.7809095351704666,643.0454553688129,0.0,,1227674.8954806037
2021-06-25 14:01:00.060,1,0.5218743760558426,659.4858609305658,0.0,,1262229.5941083324
2021-06-25 14:01:00.070,1,0.7253892628333175,651.5112639758523,0.0,,1245460.2567739
2021-06-25 14:01:00.080,1,0.6909418300205898,652.0036976761622,0.0,,1246497.3645705655
2021-06-25 14:01:00.090,1,0.6721661328483729,648.1324936040513,0.0,,1238357.4897837692
2021-06-25 14:01:00.100,1,0.5693960143124313,651.4197797688703,0.0,,1245258.0051956286
2021-06-25 14:01:00.110,1,0.7009692123616089,652.047220658983,0.0,,1246585.7238900198
2021-06-25 14:01:00.120,1,0.6002794407963236,653.676676771815,0.0,,1250006.6202135398
2021-06-25 14:01:00.130,1,0.5479200120558033,651.9087091774477,0.0,,1246285.8501738831
2021-06-25 14:01:00.140,1,0.568184932575141,652.8712907896355,0.0,,1248315.247252846
2021-06-25 14:01:00.150,1,0.623407509779671,650.0696039097834,0.0,,1242426.462611279
2021-06-25 14:01:00.160,1,0.723941710647803,651.8844155397817,0.0,,1246245.5206054992
2021-06-25 14:01:00.170,1,0.5864705705884264,646.7304960860475,0.0,,1235401.4710466024
2021-06-25 14:01:00.180,1,0.7030564643350485,651.8285479752708,0.0,,1246124.8944809856
2021-06-25 14:01:00.190,1,0.5082983236582519,656.8919473554365,0.0,,1256768.8406970096
2021-06-25 14:01:00.200,1,0.5123597048430819,648.5959979685972,0.0,,1239318.2515489308
2021-06-25 14:01:00.210,1,0.7165473355473942,654.3460179251639,0.0,,1251424.4023744573
2021-06-25 14:01:00.220,1,0.5914029084100061,657.9667849113985,0.0,,1259034.089075982
2021-06-25 14:01:00.230,1,0.5166322612363557,649.6731260175206,0.0,,1241583.6796451472
2021-06-25 14:01:00.240,1,0.5996937676836591,651.7550177236471,0.0,,1245966.1960893015
2021-06-25 14:01:00.250,1,0.4936506749133097,648.8418921994288,0.0,,1239838.7286281057
2021-06-25 14:01:00.260,1,0.4699066720091484,651.4622419709605,0.0,,1245346.4003917063
2021-06-25 14:01:00.270,1,0.6122499253589622,651.5653321155536,0.0,,1245569.3242119285
2021-06-25 14:01:00.280,1,0.5092711505390809,650.7664328421548,0.0,,1243883.920880693
2021-06-25 14:01:00.290,1,0.5374221828824153,647.7176908062007,0.0,,1237476.0850412992
2021-06-25 14:01:00.300,1,0.6314568804732452,649.9355023247805,0.0,,1242144.5649042318
2021-06-25 14:01:00.310,1,0.6853797899923244,650.3474342272609,0.0,,1243013.9199632127
2021-06-25 14:01:00.320,1,0.6320324694423372,642.0804430592954,0.0,,1225643.9123671122
2021-06-25 14:01:00.330,1,0.586525816649305,650.4540527583916,0.0,,1243232.2128348313
2021-06-25 14:01:00.340,1,0.6100546600066867,647.7220385891385,0.0,,1237492.1670875957
2021-06-25 14:01:00.350,1,0.6598387267551126,646.7241526591032,0.0,,1235396.1542791068
2021-06-25 14:01:00.360,1,0.5597956183174639,646.0535456100055,0.0,,1233978.6562557179
2021-06-25 14:01:00.370,1,0.5207200241413718,645.7481535250147,0.0,,1233337.7087008667
2021-06-25 14:01:00.380,1,0.5309391470281051,639.3840977788627,0.0,,1219973.3354540307
2021-06-25 14:01:00.390,1,0.5678429980286013,638.2644402938491,0.0,,1217627.7235682162
2021-06-25 14:01:00.400,1,0.4767810720572823,640.8197072120438,0.0,,1222986.3582420622
2021-06-25 14:01:00.410,1,0.5343330595041395,636.4034172520718,0.0,,1213716.4702785374
2021-06-25 14:01:00.420,1,0.5662574936707924,641.8136174157311,0.0,,1225079.666819445
2021-06-25 14:01:00.430,1,0.659917961692589,641.8507244228458,0.0,,1225158.1305185468
2021-06-25 14:01:00.440,1,0.6427432706857419,638.1340371476516,0.0,,1217357.6863099886
2021-06-25 14:01:00.450,1,0.6299279893561894,638.7023605060699,0.0,,1218552.6984771672
2021-06-25 14:01:00.460,1,0.7008876313417592,637.1774892121832,0.0,,1215352.6085120197
2021-06-25 14:01:00.470,1,0.6855924677083728,640.0313223898191,0.0,,1221341.3852087935
2021-06-25 14:01:00.480,1,0.493059058772508,636.3968814301243,0.0,,1213709.3408269426
2021-06-25 14:01:00.490,1,0.5480097878549747,643.3979307174545,0.0,,1228403.2733700422
2021-06-25 14:01:00.500,1,0.6979693012660564,642.6837198988159,0.0,,1226909.528499314
2021-06-25 14:01:00.510,1,0.5515790920698534,636.3930893609577,0.0,,1213699.4336941796
2021-06-25 14:01:00.520,1,0.6205164815724522,633.8667562179223,0.0,,1208402.799975615
2021-06-25 14:01:00.530,1,0.6893967286797121,638.9195318496687,0.0,,1219006.3610545564
2021-06-25 14:01:00.540,1,0.5143801744377791,633.4433201124623,0.0,,1207510.2400846682
2021-06-25 14:01:00.550,1,0.563366725403833,641.0765781276424,0.0,,1223523.633436526
2021-06-25 14:01:00.560,1,0.7262947384339945,637.5844723748686,0.0,,1216204.852643716
2021-06-25 14:01:00.570,1,0.7839167495159289,636.9345699559161,0.0,,1214846.008188191
2021-06-25 14:01:00.580,1,0.5361074641025345,639.500678752166,0.0,,1220220.7909059376
2021-06-25 14:01:00.590,1,0.6273191539889221,642.1832548226132,0.0,,1225855.4703110408
2021-06-25 14:01:00.600,1,0.7714042299992458,638.0945678822917,0.0,,1217281.5641644346
2021-06-25 14:01:00.610,1,0.6172881878538179,639.8204364764182,0.0,,1220894.878442255
2021-06-25 14:01:00.620,1,0.6759074026494569,643.0965806082294,0.0,,1227774.1457018973
2021-06-25 14:01:00.630,1,0.7977264491649921,640.4936067904739,0.0,,1222319.406296399
2021-06-25 14:01:00.640,1,0.6378027942327855,642.2291874745573,0.0,,1225955.0817273322
2021-06-25 14:01:00.650,1,0.7850748985456618,648.4159852892577,0.0,,1238956.4478495542
2021-06-25 14:01:00.660,1,0.6870234850604277,646.5251098579399,0.0,,1234980.885118371
2021-06-25 14:01:00.670,1,0.5499570612061149,647.6082435399962,0.0,,1237247.2473760052
2021-06-25 14:01:00.680,1,0.6231863074074413,641.0660536363121,0.0,,1223507.9076213262
2021-06-25 14:01:00.690,1,0.704815911545042,644.9251498717261,0.0,,1231615.7665009964
2021-06-25 14:01:00.700,1,0.6743786945773879,649.4473896909714,0.0,,1241118.9512230374
2021-06-25 14:01:00.710,1,0.6307283458794929,646.7738746515818,0.0,,1235499.293046611
2021-06-25 14:01:00.720,1,0.6667610697706217,652.7599712219471,0.0,,1248088.5858351453
2021-06-25 14:01:00.730,1,0.6924298503540499,652.2751656176408,0.0,,1247068.5639061038
2021-06-25 14:01:00.740,1,0.7148741776000367,646.6520307184786,0.0,,1235247.5624695849
2021-06-25 14:01:00.750,1,0.6225153344824353,656.6010837920245,0.0,,1256162.4214670383
2021-06-25 14:01:00.760,1,0.7389009632682816,656.1337856881054,0.0,,1255184.8365847045
2021-06-25 14:01:00.770,1,0.5193174075518583,647.8927032855706,0.0,,1237846.8865836242
2021-06-25 14:01:00.780,1,0.6874817087764946,655.3910718513966,0.0,,1253621.6925531973
2021-06-25 14:01:00.790,1,0.7481062043532971,650.7269522315124,0.0,,1243811.2671092325
2021-06-25 14:01:00.800,1,0.5386220849517427,656.369760750376,0.0,,1255671.8134125771
2021-06-25 14:01:00.810,1,0.5501740181340337,654.4175074115427,0.0,,1251566.8927243366
2021-06-25 14:01:00.820,1,0.7146707349299006,651.4639794187773,0.0,,1245363.9620168502
2021-06-25 14:01:00.830,1,0.7083999119870461,652.2673039510721,0.0,,1247051.0718664587
2021-06-25 14:01:00.840,1,0.5811649544174916,657.7923094517454,0.0,,1258668.2100448294
2021-06-25 14:01:00.850,1,0.5012873031872643,653.6093119149227,0.0,,1249864.087147633
2021-06-25 14:01:00.860,1,0.5288857225460974,654.8221679017092,0.0,,1252415.9948943348
2021-06-25 14:01:00.870,1,0.5387712597717202,660.2476733893471,0.0,,1263834.2795840534
2021-06-25 14:01:00.880,1,0.6503236275272146,652.384801329545,0.0,,1247290.8865242582
2021-06-25 14:01:00.890,1,0.4825207707589744,657.0046279886959,0.0,,1257002.2269950889
2021-06-25 14:01:00.900,1,0.6563312930837375,654.7729184772393,0.0,,1252321.1809902794
2021-06-25 14:01:00.910,1,0.5567790049232688,654.9557043393038,0.0,,1252700.1537349317
2021-06-25 14:01:00.920,1,0.4663462356083467,655.2923080599929,0.0,,1253402.062306781
2021-06-25 14:01:00.930,1,0.6765602011539023,662.9302734177334,0.0,,1269495.6995291403
2021-06-25 14:01:00.940,1,0.5690896266684061,656.0596295000149,0.0,,1255021.3846005436
2021-06-25 14:01:00.950,1,0.4846989078244749,663.3971442314977,0.0,,1270463.3734845538
2021-06-25 14:01:00.960,1,0.495865617905462,656.8517638947685,0.0,,1256682.7828862886
2021-06-25 14:01:00.970,1,0.5531881727454256,654.5471028697357,0.0,,1251836.327411002
2021-06-25 14:01:00.980,1,0.5980909834710579,652.3137193510119,0.0,,1247142.715203522
2021-06-25 14:01:00.990,1,0.5241446289700442,660.9803522470747,0.0,,1265376.7580993315
2021-06-25 14:01:01.000,1,0.4635636637733075,653.9679067222413,0.0,,1250612.1071625773
2021-06-25 14:01:01.010,1,0.5272022604503462,651.9034926048853,0.0,,1246274.093156384
2021-06-25 14:01:01.020,1,0.4782513523472702,661.1085088450761,0.0,,1265642.951428954
2021-06-25 14:01:01.030,1,0.5392938168525674,655.4840531626651,0.0,,1253806.5795907904
2021-06-25 14:01:01.040,1,0.5574359037584639,644.9661581723459,0.0,,1231699.7007870243
2021-06-25 14:01:01.050,1,0.4586536227376531,651.1825094218949,0.0,,1244758.1452280525
2021-06-25 14:01:01.060,1,0.6418581767622346,658.1379519780651,0.0,,1259400.7131831518
2021-06-25 14:01:01.070,1,0.4761390093495668,652.6291574817194,0.0,,1247800.8297449811
2021-06-25 14:01:01.080,1,0.631232889824909,652.5025858499822,0.0,,1247538.3694325278
2021-06-25 14:01:01.090,1,0.5893889999899032,647.1521880029305,0.0,,1236292.4819489657
2021-06-25 14:01:01.100,1,0.5861381421125381,655.1777014797514,0.0,,1253167.3452731585
2021-06-25 14:01:01.110,1,0.6044660890919186,652.4629641069357,0.0,,1247456.1424821378
2021-06-25 14:01:01.120,1,0.5108101700019209,653.4702937141965,0.0,,1249572.5077928454
2021-06-25 14:01:01.130,1,0.5606847601112755,648.9918616729992,0.0,,1240154.870618162
2021-06-25 14:01:01.140,1,0.5579196533523189,652.4806688519882,0.0,,1247487.5575475167
2021-06-25 14:01:01.150,1,0.4738848995049772,649.9958899014969,0.0,,1242267.2813272392
2021-06-25 14:01:01.160,1,0.6371723056979561,654.3766007479696,0.0,,1251484.5938252367
2021-06-25 14:01:01.170,1,0.6254302078105843,651.3160447151251,0.0,,1245044.822116904
2021-06-25 14:01:01.180,1,0.5890046188378346,647.9755170241673,0.0,,1238018.9042214775
2021-06-25 14:01:01.190,1,0.5110833975681301,651.6096874325533,0.0,,1245658.6925971317
2021-06-25 14:01:01.200,1,0.6320110285238189,647.2820966488167,0.0,,1236567.4712981584
2021-06-25 14:01:01.210,1,0.5630110571062581,650.368541776797,0.0,,1243053.314631783
2021-06-25 14:01:01.220,1,0.5322351623658101,653.1995180188949,0.0,,1249005.0573071921
2021-06-25 14:01:01.230,1,0.5757134067133339,650.8050581743274,0.0,,1243970.7864973985
2021-06-25 14:01:01.240,1,0.696216739371289,656.1142944245142,0.0,,1255143.4557168083
2021-06-25 14:01:01.250,1,0.6695023677794633,649.396116307577,0.0,,1241010.7949697422
2021-06-25 14:01:01.260,1,0.4916193401136742,659.9983688582829,0.0,,1263307.6293966717
2021-06-25 14:01:01.270,1,0.4734974112209512,650.5931929539933,0.0,,1243519.5651378047
2021-06-25 14:01:01.280,1,0.6718376751015434,647.9746773728813,0.0,,1238027.2280693161
2021-06-25 14:01:01.290,1,0.5455910925065215,649.2461065040803,0.0,,1240691.4601411154
2021-06-25 14:01:01.300,1,0.6513285454238295,649.2340251358446,0.0,,1240671.3702700068
2021-06-25 14:01:01.310,1,0.5498798353963353,657.9362329288195,0.0,,1258967.9746842
2021-06-25 14:01:01.320,1,0.5421384832251331,659.3993596013287,0.0,,1262047.992483821
2021-06-25 14:01:01.330,1,0.6806509693048052,659.950764520103,0.0,,1263216.4888779533
2021-06-25 14:01:01.340,1,0.6826484750067535,653.7677202900471,0.0,,1250208.380900849
2021-06-25 14:01:01.350,1,0.5905132868577839,655.6749688499831,0.0,,1254211.875008525
2021-06-25 14:01:01.360,1,0.6553503825515485,658.871559012782,0.0,,1260943.5951213911
2021-06-25 14:01:01.370,1,0.6837397121269135,653.5074055302181,0.0,,1249653.0409287845
2021-06-25 14:01:01.380,1,0.704083431134125,665.2246105887625,0.0,,1274323.9930299053
2021-06-25 14:01:01.390,1,0.5306030360010637,662.3845332854302,0.0,,1268338.7727024395
2021-06-25 14:01:01.400,1,0.520576211923264,664.3106744654527,0.0,,1272390.3318538303
2021-06-25 14:01:01.410,1,0.5025271712013777,662.0091648907726,0.0,,1267542.3173852323
2021-06-25 14:01:01.420,1,0.584327904052968,662.3009772008572,0.0,,1268163.0486634625
2021-06-25 14:01:01.430,1,0.5545551062999733,660.2070565000852,0.0,,1263753.81754702
2021-06-25 14:01:01.440,1,0.6554234722766723,662.6621159359764,0.0,,1268922.1483335407
2021-06-25 14:01:01.450,1,0.5233340746330329,663.1644974821868,0.0,,1269979.3485491732
2021-06-25 14:01:01.460,1,0.5372757869842752,658.4047885536562,0.0,,1259956.3883802185
2021-06-25 14:01:01.470,1,0.5557402781831429,668.2991868919547,0.0,,1280795.5686709704
2021-06-25 14:01:01.480,1,0.6228424912168056,660.5576440542369,0.0,,1264493.898807361
2021-06-25 14:01:01.490,1,0.7011014832601778,662.8838692348488,0.0,,1269395.0079209055
2021-06-25 14:01:01.500,1,0.4683780259553419,658.8081283875498,0.0,,1260796.916917999
2021-06-25 14:01:01.510,1,0.5125196561565144,667.3306590344886,0.0,,1278759.7249480672
2021-06-25 14:01:01.520,1,0.6887408353275372,664.4448454781376,0.0,,1272686.8816646028
2021-06-25 14:01:01.530,1,0.5768824300474066,659.4627817727338,0.0,,1262185.8164804778
2021-06-25 14:01:01.540,1,0.5688023825699698,658.6423292668983,0.0,,1260459.6894188013
2021-06-25 14:01:01.550,1,0.5717797207657509,655.2926664605578,0.0,,1253403.1242219834
2021-06-25 14:01:01.560,1,0.5386804546281315,660.5466981451767,0.0,,1264464.480079517
2021-06-25 14:01:01.570,1,0.5654869017471676,664.1260382067378,0.0,,1272002.9144843207
2021-06-25 14:01:01.580,1,0.4375386579541321,654.3825502793946,0.0,,1251487.2181433504
2021-06-25 14:01:01.590,1,0.5378309543761111,660.5680396620405,0.0,,1264510.6841502793
2021-06-25 14:01:01.600,1,0.4364777286518321,654.4168711353709,0.0,,1251556.529126611
2021-06-25 14:01:01.610,1,0.5942722737440372,655.9667138987924,0.0,,1254826.6365032939
2021-06-25 14:01:01.620,1,0.4548085766664828,660.6274639568991,0.0,,1264630.4646983605
2021-06-25 14:01:01.630,1,0.6221850880614896,657.875795710084,0.0,,1258847.6070336755
2021-06-25 14:01:01.640,1,0.5826335914901134,656.4143374012699,0.0,,1255767.9447796796
2021-06-25 14:01:01.650,1,0.5056909857535654,653.6268490539828,0.0,,1249898.3101281615
2021-06-25 14:01:01.660,1,0.5844956097736759,649.8723030409748,0.0,,1242010.8623886947
2021-06-25 14:01:01.670,1,0.4175276562508943,654.1887464447785,0.0,,1251077.0590645655
2021-06-25 14:01:01.680,1,0.3992622346953393,653.3109037560631,0.0,,1249230.570524634
2021-06-25 14:01:01.690,1,0.4281246683903918,653.9082622824358,0.0,,1250491.3483219806
2021-06-25 14:01:01.700,1,0.4371530284642425,650.3266197272641,0.0,,1242955.0141756674
2021-06-25 14:01:01.710,1,0.4592735960771895,647.1510423186364,0.0,,1236283.0178895912
2021-06-25 14:01:01.720,1,0.4571243419243337,652.4413188605424,0.0,,1247404.5063079596
2021-06-25 14:01:01.730,1,0.5715358107850238,647.0861496476994,0.0,,1236151.4647019047
2021-06-25 14:01:01.740,1,0.5073739431185825,649.9806931076514,0.0,,1242232.5842011736
2021-06-25 14:01:01.750,1,0.4454048023360376,649.427722897798,0.0,,1241069.0012931612
2021-06-25 14:01:01.760,1,0.4781760693926919,645.4682888557761,0.0,,1232744.7045168327
2021-06-25 14:01:01.770,1,0.5170935573951748,648.5717224983891,0.0,,1239271.5386740838
2021-06-25 14:01:01.780,1,0.4438869553568549,646.5489755752837,0.0,,1235016.3059247576
2021-06-25 14:01:01.790,1,0.5079597875829003,643.9404064711803,0.0,,1229536.7953226664
2021-06-25 14:01:01.800,1,0.5039337576442612,641.7614274440367,0.0,,1224960.5997861377
2021-06-25 14:01:01.810,1,0.4694035314435061,645.6417609986993,0.0,,1233113.6700040414
2021-06-25 14:01:01.820,1,0.4139000061563358,651.1984345847069,0.0,,1244789.8192716413
2021-06-25 14:01:01.830,1,0.408825077754207,640.3704263795478,0.0,,1222041.5327703692
2021-06-25 14:01:01.840,1,0.5573856847687372,641.7223763113518,0.0,,1224885.2088296725
2021-06-25 14:01:01.850,1,0.566052539206424,644.3206910670261,0.0,,1230343.7358086363
2021-06-25 14:01:01.860,1,0.4966950781521113,639.8572797539025,0.0,,1220965.938723665
2021-06-25 14:01:01.870,1,0.5636277645347243,640.805056453553,0.0,,1222960.7396237322
2021-06-25 14:01:01.880,1,0.4583210138549629,635.6869284008458,0.0,,1212215.70489292
2021-06-25 14:01:01.890,1,0.4839825053011398,643.8120334909053,0.0,,1229267.8203948366
2021-06-25 14:01:01.900,1,0.4144145723592423,644.3861588457721,0.0,,1230471.8047258838
2021-06-25 14:01:01.910,1,0.5308779630206524,647.2755117723258,0.0,,1236548.0917719763
2021-06-25 14:01:01.920,1,0.4472447577790663,642.9931392951656,0.0,,1227546.7264470966
2021-06-25 14:01:01.930,1,0.5587766662729425,642.4634246070079,0.0,,1226441.4185075741
2021-06-25 14:01:01.940,1,0.4493471695234842,647.2705113782363,0.0,,1236533.1454291118
2021-06-25 14:01:01.950,1,0.5586716349912125,645.4590721138708,0.0,,1232731.4768940744
2021-06-25 14:01:01.960,1,0.4940921674085161,644.7139152930159,0.0,,1231166.1613947279
2021-06-25 14:01:01.970,1,0.6070118765959446,638.009294195033,0.0,,1217095.0586838285
2021-06-25 14:01:01.980,1,0.4368101711087963,647.5999197440141,0.0,,1237225.9976786948
2021-06-25 14:01:01.990,1,0.5591546892540095,645.1736374762359,0.0,,1232132.879042835
2021-06-25 14:01:02.000,1,0.5293889177375031,644.9329266409295,0.0,,1231625.7412948802
2021-06-25 14:01:02.010,1,0.5486902308441833,646.58710741606,0.0,,1235105.3937673275
2021-06-25 14:01:02.020,1,0.5552970930079878,645.2035090087686,0.0,,1232197.7982630457
2021-06-25 14:01:02.030,1,0.4554748239674809,645.162969422583,0.0,,1232104.439187085
2021-06-25 14:01:02.040,1,0.4377622985834451,651.9839609111738,0.0,,1246443.065007264
2021-06-25 14:01:02.050,1,0.5812988225384779,648.5352214716705,0.0,,1239201.6292790978
2021-06-25 14:01:02.060,1,0.5293839552267567,649.2585381218711,0.0,,1240717.7844106953
2021-06-25 14:01:02.070,1,0.4908760880441739,647.0370380349838,0.0,,1236046.7384543894
2021-06-25 14:01:02.080,1,0.563140126781987,651.0384858513164,0.0,,1244458.659133457
2021-06-25 14:01:02.090,1,0.5841261712700924,656.0123181819663,0.0,,1254922.6630786587
2021-06-25 14:01:02.100,1,0.5184289013182228,650.6116435067348,0.0,,1243557.7677019052
2021-06-25 14:01:02.110,1,0.4459002455728781,644.2521096413749,0.0,,1230191.2174579294
2021-06-25 14:01:02.120,1,0.5056272278225136,653.8296065935683,0.0,,1250325.157018152
2021-06-25 14:01:02.130,1,0.46715102641993,647.6233504251861,0.0,,1237276.3372106333
2021-06-25 14:01:02.140,1,0.6079861542782818,653.9715157993921,0.0,,1250632.206053555
2021-06-25 14:01:02.150,1,0.4914455992910946,648.1689242882256,0.0,,1238427.5693256408
2021-06-25 14:01:02.160,1,0.6364951857143945,658.2791504855269,0.0,,1259697.3955021452
2021-06-25 14:01:02.170,1,0.5722007117740207,648.1869549523396,0.0,,1238467.3184077695
2021-06-25 14:01:02.180,1,0.6501516790110715,655.9627718105347,0.0,,1254821.1785167323
2021-06-25 14:01:02.190,1,0.5255654150204481,655.7488306124848,0.0,,1254364.4831133382
2021-06-25 14:01:02.200,1,0.4314905393267143,651.3082060887676,0.0,,1245016.9072030596
2021-06-25 14:01:02.210,1,0.4722098805970994,659.348852541005,0.0,,1261937.545221603
2021-06-25 14:01:02.220,1,0.4662699907420942,658.6156022479727,0.0,,1260398.4420301989
2021-06-25 14:01:02.230,1,0.4907506886115662,654.4493330010806,0.0,,1251629.2002891728
2021-06-25 14:01:02.240,1,0.5818872242850804,661.3966253311404,0.0,,1266254.4258178938
2021-06-25 14:01:02.250,1,0.4634410322396535,654.8839041597897,0.0,,1252541.721154527
2021-06-25 14:01:02.260,1,0.5185635077269194,651.0865334046356,0.0,,1244561.4520295348
2021-06-25 14:01:02.270,1,0.6008129004646632,653.1198292519657,0.0,,1248840.8220663574
2021-06-25 14:01:02.280,1,0.519245275844081,654.2538492644186,0.0,,1251217.083021633
2021-06-25 14:01:02.290,1,0.5348579367939005,651.9414780179081,0.0,,1246353.8270861553
2021-06-25 14:01:02.300,1,0.5229523890919322,651.9626124537052,0.0,,1246397.3108671962
2021-06-25 14:01:02.310,1,0.4127064678434232,649.3963560585933,0.0,,1240999.2343876201
2021-06-25 14:01:02.320,1,0.5322055296130602,648.7327158437228,0.0,,1239609.0940127615
2021-06-25 14:01:02.330,1,0.5471109041728529,657.4325726252814,0.0,,1257909.3426138815
2021-06-25 14:01:02.340,1,0.5648322696369148,652.9448299175127,0.0,,1248470.1111937638
2021-06-25 14:01:02.350,1,0.4252078504502221,652.1849361688547,0.0,,1246865.6277195595
2021-06-25 14:01:02.360,1,0.469005271711771,651.4747631252895,0.0,,1245372.537325183
2021-06-25 14:01:02.370,1,0.3942978873531333,654.3541204495881,0.0,,1251424.652625225
2021-06-25 14:01:02.380,1,0.4913659242277552,645.2469296830291,0.0,,1232284.5909577955
2021-06-25 14:01:02.390,1,0.4044311847879773,650.0034306851633,0.0,,1242278.410501673
2021-06-25 14:01:02.400,1,0.3897049905147137,644.3144877070731,0.0,,1230320.5990184478
2021-06-25 14:01:02.410,1,0.4984592394806809,646.7982653118446,0.0,,1235542.7658459146
2021-06-25 14:01:02.420,1,0.4649190570871983,649.3743856805704,0.0,,1240956.193482367
2021-06-25 14:01:02.430,1,0.5390495792808813,650.1676581811092,0.0,,1242629.3956605135
2021-06-25 14:01:02.440,1,0.3956423142701989,643.7880264459277,0.0,,1229215.0905784126
2021-06-25 14:01:02.450,1,0.4946023967734424,650.650986076447,0.0,,1243642.725845666
2021-06-25 14:01:02.460,1,0.5235135598226714,650.1433514801953,0.0,,1242574.597340943
2021-06-25 14:01:02.470,1,0.5174346217285221,646.6296527390582,0.0,,1235189.6183842812
2021-06-25 14:01:02.480,1,0.3533749544963613,646.5185909251778,0.0,,1234945.2427673144
2021-06-25 14:01:02.490,1,0.4408055874254245,648.9208643927075,0.0,,1240000.3649982447
2021-06-25 14:01:02.500,1,0.4300636831600858,646.9185057732325,0.0,,1235792.5535821796
2021-06-25 14:01:02.510,1,0.4327940733797015,647.8936631885736,0.0,,1237841.6248481728
2021-06-25 14:01:02.520,1,0.3836491606974119,644.3301063392513,0.0,,1230352.6789721136
2021-06-25 14:01:02.530,1,0.4896247834672773,644.5710294854445,0.0,,1230862.3715655738
2021-06-25 14:01:02.540,1,0.5073453497526074,650.6306914534056,0.0,,1243598.5585345286
2021-06-25 14:01:02.550,1,0.4716989692587903,653.9483797239715,0.0,,1250570.1615830984
2021-06-25 14:01:02.560,1,0.3868793982483105,646.7349249238263,0.0,,1235405.5299835557
2021-06-25 14:01:02.570,1,0.3842360810417485,651.3946740723674,0.0,,1245198.3099441645
2021-06-25 14:01:02.580,1,0.4292718180149482,653.6961322707327,0.0,,1250039.2655816507
2021-06-25 14:01:02.590,1,0.4851764535752656,655.4474542458737,0.0,,1253729.4296936044
2021-06-25 14:01:02.600,1,0.5538789394281775,654.7445685002348,0.0,,1252254.8105403157
2021-06-25 14:01:02.610,1,0.5156422223808038,652.3200068539522,0.0,,1247156.3065317266
2021-06-25 14:01:02.620,1,0.4708816095068454,654.5826361533526,0.0,,1251907.7423227173
2021-06-25 14:01:02.630,1,0.4953227195562281,657.8863588933829,0.0,,1258860.0481160972
2021-06-25 14:01:02.640,1,0.5087454367565778,650.8745671114268,0.0,,1244108.9675317137
2021-06-25 14:01:02.650,1,0.5711817521137187,660.0512055418707,0.0,,1263420.518664965
2021-06-25 14:01:02.660,1,0.4753829404739601,658.0131603109066,0.0,,1259127.1140599074
2021-06-25 14:01:02.670,1,0.4242056478916846,656.449794511956,0.0,,1255834.155782685
2021-06-25 14:01:02.680,1,0.566802911837371,662.2057685908001,0.0,,1267959.9757622173
2021-06-25 14:01:02.690,1,0.600532685259379,665.8049700915516,0.0,,1275542.8940339193
2021-06-25 14:01:02.700,1,0.5115786080942235,662.1625640474722,0.0,,1267867.5349184917
2021-06-25 14:01:02.710,1,0.4811073687094411,666.2918308943656,0.0,,1276563.984736946
2021-06-25 14:01:02.720,1,0.5686475040541856,659.4574874319737,0.0,,1262171.4235879073
2021-06-25 14:01:02.730,1,0.4241349030389682,664.5399191259091,0.0,,1272872.7507840241
2021-06-25 14:01:02.740,1,0.5039739018760329,667.4166982930095,0.0,,1278938.9112870356
2021-06-25 14:01:02.750,1,0.5546979209558908,663.8990713821025,0.0,,1271528.7344056938
2021-06-25 14:01:02.760,1,0.6425682174954358,668.1364833240417,0.0,,1280457.9650230887
2021-06-25 14:01:02.770,1,0.4766986089666398,664.8170046665184,0.0,,1273455.1110582063
2021-06-25 14:01:02.780,1,0.5981294610803013,669.9802236104117,0.0,,1284346.06505117
2021-06-25 14:01:02.790,1,0.4781324664936217,667.7506835500229,0.0,,1279636.565350487
2021-06-25 14:01:02.800,1,0.5887168259612956,663.017848540895,0.0,,1269671.770988006
2021-06-25 14:01:02.810,1,0.5374631447465955,668.2883074379026,0.0,,1280774.969088768
2021-06-25 14:01:02.820,1,0.5988806506522177,676.0103976487709,0.0,,1297068.9165866957
2021-06-25 14:01:02.830,1,0.5400467168920016,670.192569946583,0.0,,1284788.8727201866
2021-06-25 14:01:02.840,1,0.4714377242087658,670.7376948531883,0.0,,1285940.0272490697
2021-06-25 14:01:02.850,1,0.5957797970840862,673.0267212744592,0.0,,1290769.7212317104
2021-06-25 14:01:02.860,1,0.4554516760419382,662.4268218473061,0.0,,1268420.6362806244
2021-06-25 14:01:02.870,1,0.6634693466077674,671.8513018060262,0.0,,1288293.781181611
2021-06-25 14:01:02.880,1,0.6678581647829479,670.3067629435867,0.0,,1285039.1193104668
2021-06-25 14:01:02.890,1,0.5161763645084728,674.8016010472247,0.0,,1294511.8894241482
2021-06-25 14:01:02.900,1,0.6314391065389063,673.1099597060883,0.0,,1290946.826363374
2021-06-25 14:01:02.910,1,0.4664528131228821,667.8909327650944,0.0,,1279932.6993466057
2021-06-25 14:01:02.920,1,0.6174157266562093,667.7160631668061,0.0,,1279573.9048256865
2021-06-25 14:01:02.930,1,0.5527390982477168,665.0168004396718,0.0,,1273881.4311303496
2021-06-25 14:01:02.940,1,0.5237955028844553,672.5681506783621,0.0,,1289804.872967737
2021-06-25 14:01:02.950,1,0.5352910534961332,669.9494500041543,0.0,,1284279.0847633306
2021-06-25 14:01:02.960,1,0.6262296516285638,669.4331008619192,0.0,,1283191.3105026449
2021-06-25 14:01:02.970,1,0.5174687474583111,670.7886980385978,0.0,,1286047.167851836
2021-06-25 14:01:02.980,1,0.440136434995786,661.5805748319012,0.0,,1266638.1099735543
2021-06-25 14:01:02.990,1,0.4832129483923177,657.2419043885985,0.0,,1257505.7983677068
2021-06-25 14:01:03.000,1,0.5555425095846119,666.0756891286798,0.0,,1276112.8995324501
2021-06-25 14:01:03.010,1,0.4723375052201578,660.6497231213168,0.0,,1264674.7457663189
2021-06-25 14:01:03.020,1,0.5351526964201102,662.1596240036075,0.0,,1267860.4416621984
2021-06-25 14:01:03.030,1,0.5306795068394231,662.2206512742,0.0,,1267989.4510355652
2021-06-25 14:01:03.040,1,0.5075302911457518,661.2301382859324,0.0,,1265903.562210582
2021-06-25 14:01:03.050,1,0.5967969026524695,662.6348950005538,0.0,,1268863.8902731768
2021-06-25 14:01:03.060,1,0.4225020256443258,660.0754343946676,0.0,,1263466.4323329355
2021-06-25 14:01:03.070,1,0.4702438978239069,661.0400663355829,0.0,,1265501.7781040794
2021-06-25 14:01:03.080,1,0.5172839459612153,660.4686982351999,0.0,,1264298.434657451
2021-06-25 14:01:03.090,1,0.6140539936556895,668.5075327790803,0.0,,1281238.2684803933
2021-06-25 14:01:03.100,1,0.5948132697506763,663.9366159943203,0.0,,1271604.7135015677
2021-06-25 14:01:03.110,1,0.4828863799871405,660.8606137190715,0.0,,1265123.2357413261
2021-06-25 14:01:03.120,1,0.4360150809006465,658.075300241498,0.0,,1259260.7191421166
2021-06-25 14:01:03.130,1,0.416470088644404,655.3454780788107,0.0,,1253508.9898277975
2021-06-25 14:01:03.140,1,0.408185878420986,655.259253439326,0.0,,1253330.4476973845
2021-06-25 14:01:03.150,1,0.5525981284341442,654.3611610626083,0.0,,1251443.9123871522
2021-06-25 14:01:03.160,1,0.5314659900587893,660.9222254854626,0.0,,1265256.8286568865
2021-06-25 14:01:03.170,1,0.5502829827732054,656.0380866756583,0.0,,1254975.5458512828
2021-06-25 14:01:03.180,1,0.4474802114134129,654.1441541630718,0.0,,1250983.471952606
2021-06-25 14:01:03.190,1,0.5502445469895998,656.4697965395596,0.0,,1255885.32662452
2021-06-25 14:01:03.200,1,0.5572303532653805,656.6034454494834,0.0,,1256163.6270247241
2021-06-25 14:01:03.210,1,0.4005099040006956,654.8023634583095,0.0,,1252365.1083517717
2021-06-25 14:01:03.220,1,0.5935162754041347,655.7009173483965,0.0,,1254265.1436426993
2021-06-25 14:01:03.230,1,0.4145768863181174,660.9719125654975,0.0,,1265355.0846841468
2021-06-25 14:01:03.240,1,0.4332125011186027,658.7320614643656,0.0,,1260636.6784594117
2021-06-25 14:01:03.250,1,0.4126083597359959,659.1998313171432,0.0,,1261619.7084163292
2021-06-25 14:01:03.260,1,0.4040469391634941,657.7937542950832,0.0,,1258660.1617047952
2021-06-25 14:01:03.270,1,0.4018743790725111,659.0571939724528,0.0,,1261321.8542380205
2021-06-25 14:01:03.280,1,0.5024184978483028,657.3386278998291,0.0,,1257708.7415057574
2021-06-25 14:01:03.290,1,0.5685752767193595,652.4985065794642,0.0,,1247526.3491108941
2021-06-25 14:01:03.300,1,0.4310227413409208,663.8617603330649,0.0,,1271442.557825034
2021-06-25 14:01:03.310,1,0.5990940052943461,658.7665064776418,0.0,,1260721.8755634045
2021-06-25 14:01:03.320,1,0.4683344306982194,669.0740618838445,0.0,,1282426.01750695
2021-06-25 14:01:03.330,1,0.425548522497544,662.2648145709132,0.0,,1268079.815266396
2021-06-25 14:01:03.340,1,0.5820579161825358,662.1345205359949,0.0,,1267812.062100068
2021-06-25 14:01:03.350,1,0.5178633091653295,657.1868931348424,0.0,,1257389.7895783589
2021-06-25 14:01:03.360,1,0.4760786192944283,663.4050389569312,0.0,,1270480.9734543348
2021-06-25 14:01:03.370,1,0.551187426316431,667.9579152384757,0.0,,1280079.4271748853
2021-06-25 14:01:03.380,1,0.4973430058569121,658.2150590127948,0.0,,1259555.268596641
2021-06-25 14:01:03.390,1,0.4491605539853651,661.5076612132738,0.0,,1266480.2992191399
2021-06-25 14:01:03.400,1,0.4767962705501906,655.5870965336329,0.0,,1254024.41364949
2021-06-25 14:01:03.410,1,0.6663661606424615,664.8192956849517,0.0,,1273470.7224334655
2021-06-25 14:01:03.420,1,0.6633725929023278,662.4553388090621,0.0,,1268492.6571983295
2021-06-25 14:01:03.430,1,0.5628679848302541,661.3376739552864,0.0,,1266128.0059988606
2021-06-25 14:01:03.440,1,0.6881072476946385,666.0933477174888,0.0,,1276156.6529930048
2021-06-25 14:01:03.450,1,0.6693137440824056,660.5359989559216,0.0,,1264449.0378046737
2021-06-25 14:01:03.460,1,0.4708440064120498,661.569344520864,0.0,,1266614.0813772504
2021-06-25 14:01:03.470,1,0.572703081683111,665.3306937167757,0.0,,1274545.5519310313
2021-06-25 14:01:03.480,1,0.5600863615253233,663.4760866235708,0.0,,1270634.986232297
2021-06-25 14:01:03.490,1,0.5123969282653246,666.7794315964253,0.0,,1277593.7278364135
2021-06-25 14:01:03.500,1,0.5776730752286395,665.4914108998983,0.0,,1274884.4004032942
2021-06-25 14:01:03.510,1,0.6847171166573718,662.2408356115938,0.0,,1268039.5837924222
2021-06-25 14:01:03.520,1,0.6933906432703174,663.951013667306,0.0,,1271642.5371889367
2021-06-25 14:01:03.530,1,0.7247578062191992,660.0743529081709,0.0,,1263479.1303585956
2021-06-25 14:01:03.540,1,0.5922509884747101,656.3046823411073,0.0,,1255545.7194722597
2021-06-25 14:01:03.550,1,0.5092417159347236,660.0733104758127,0.0,,1263466.231726356
2021-06-25 14:01:03.560,1,0.7008794629556462,665.1639242293489,0.0,,1274197.778849775
2021-06-25 14:01:03.570,1,0.6036398735526244,657.3172187641114,0.0,,1257668.655169764
2021-06-25 14:01:03.580,1,0.7191421020801584,660.2655452650903,0.0,,1263880.5417420857
2021-06-25 14:01:03.590,1,0.5682883721130992,660.7673714706746,0.0,,1264928.654708251
2021-06-25 14:01:03.600,1,0.5096888463362956,661.6562906763214,0.0,,1266800.9340156573
2021-06-25 14:01:03.610,1,0.716105114716343,662.5484617717276,0.0,,1268687.8738020703
2021-06-25 14:01:03.620,1,0.6348120266080413,664.1356546821581,0.0,,1272025.1532958662
2021-06-25 14:01:03.630,1,0.7352953656141121,655.6770068979674,0.0,,1254226.4365369484
2021-06-25 14:01:03.640,1,0.6750612412024395,654.5650013858551,0.0,,1251881.2765846304
2021-06-25 14:01:03.650,1,0.5368707808607185,657.06804688686,0.0,,1257139.6768191922
2021-06-25 14:01:03.660,1,0.5037922082716503,656.214117042827,0.0,,1255342.0962948955
2021-06-25 14:01:03.670,1,0.5004080930572253,651.9729559840474,0.0,,1246424.1634903552
2021-06-25 14:01:03.680,1,0.5030599430927538,652.3839111808993,0.0,,1247287.6424447629
2021-06-25 14:01:03.690,1,0.6146062504503331,655.1850743939158,0.0,,1253180.9203396107
2021-06-25 14:01:03.700,1,0.6836075761085669,654.830825108101,0.0,,1252443.1169025754
2021-06-25 14:01:03.710,1,0.6504028947397313,650.9412956730055,0.0,,1244259.8958943055
2021-06-25 14:01:03.720,1,0.7155672470171925,645.7966875991925,0.0,,1233450.6260461092
2021-06-25 14:01:03.730,1,0.7071117058666523,653.3594514675108,0.0,,1249346.9784641895
2021-06-25 14:01:03.740,1,0.5929131822109639,643.1206881292628,0.0,,1227825.7685616082
2021-06-25 14:01:03.750,1,0.7199381650011523,651.1648420505094,0.0,,1244736.5448824062
2021-06-25 14:01:03.760,1,0.5044893894075594,648.3445620456158,0.0,,1238791.435542583
2021-06-25 14:01:03.770,1,0.5482521564454371,652.3118318346,0.0,,1247140.599736856
2021-06-25 14:01:03.780,1,0.4968192885980791,653.4042327972478,0.0,,1249429.0669827834
2021-06-25 14:01:03.790,1,0.5426341849865545,647.9801308733441,0.0,,1238031.606089904
2021-06-25 14:01:03.800,1,0.659201401247106,649.1234769901547,0.0,,1240438.118387365
2021-06-25 14:01:03.810,1,0.5703443465063789,647.7319723346935,0.0,,1237510.0366043511
2021-06-25 14:01:03.820,1,0.4901811025930376,645.5859355989115,0.0,,1232994.7789171308
2021-06-25 14:01:03.830,1,0.6198716332347013,649.2647349868096,0.0,,1240731.3405878937
2021-06-25 14:01:03.840,1,0.5277081099977561,648.111734550507,0.0,,1238308.1112997462
2021-06-25 14:01:03.850,1,0.5713547521874144,647.1518515335841,0.0,,1236286.277386996
2021-06-25 14:01:03.860,1,0.5607344258271075,648.4817069348927,0.0,,1239083.9074276898
2021-06-25 14:01:03.870,1,0.4938765145297552,650.7928526331191,0.0,,1243940.0740989975
2021-06-25 14:01:03.880,1,0.6069200547448249,640.2196310149934,0.0,,1221730.6533620886
2021-06-25 14:01:03.890,1,0.6567019123268402,646.496978108432,0.0,,1234919.4032644676
2021-06-25 14:01:03.900,1,0.5446495139748362,648.1822555645782,0.0,,1238451.681505934
2021-06-25 14:01:03.910,1,0.4571897672076868,644.4736358520945,0.0,,1230658.3488165943
2021-06-25 14:01:03.920,1,0.5497772133337716,646.653459777325,0.0,,1235243.583953255
2021-06-25 14:01:03.930,1,0.5988242382029234,649.3693462758843,0.0,,1240952.3978393462
2021-06-25 14:01:03.940,1,0.5337304432786614,655.8592513670781,0.0,,1254596.3482400097
2021-06-25 14:01:03.950,1,0.4695583495646389,654.9155281900559,0.0,,1252610.7326589036
2021-06-25 14:01:03.960,1,0.4897780153932039,649.5635347734495,0.0,,1241351.2450630656
2021-06-25 14:01:03.970,1,0.6425929966894104,657.6102311564943,0.0,,1258285.709936308
2021-06-25 14:01:03.980,1,0.4968027913578901,650.085034756129,0.0,,1242449.8391437726
2021-06-25 14:01:03.990,1,0.5077595840324762,659.9193556088404,0.0,,1263142.0949508573
2021-06-25 14:01:04.000,1,0.5612369286932581,651.5709617445657,0.0,,1245581.3907881638
2021-06-25 14:01:04.010,1,0.5874182579390208,654.3015365619929,0.0,,1251323.4084183213
2021-06-25 14:01:04.020,1,0.6099697803064597,662.0214826445093,0.0,,1267575.2455408713
2021-06-25 14:01:04.030,1,0.4846985027243518,662.0965636917281,0.0,,1267725.6935371335
2021-06-25 14:01:04.040,1,0.5567982920536949,653.2798242581246,0.0,,1249170.7312134204
2021-06-25 14:01:04.050,1,0.6239841661709205,651.4212506496414,0.0,,1245265.7596196174
2021-06-25 14:01:04.060,1,0.5831826924612119,656.6964230861261,0.0,,1256361.3485923512
2021-06-25 14:01:04.070,1,0.4975373113234979,656.3531650519963,0.0,,1255637.0636347616
2021-06-25 14:01:04.080,1,0.6075151142944331,663.5438780518317,0.0,,1270782.604110062
2021-06-25 14:01:04.090,1,0.5601887226697448,659.5987342531453,0.0,,1262468.8863083844
2021-06-25 14:01:04.100,1,0.6331749555291954,663.4511524480276,0.0,,1270587.8269986873
2021-06-25 14:01:04.110,1,0.5334986712207431,663.0960047392497,0.0,,1269833.4355577268
2021-06-25 14:01:04.120,1,0.5699059806853493,669.0461701285498,0.0,,1282374.2973509848
2021-06-25 14:01:04.130,1,0.5386993184169188,666.3575878037153,0.0,,1276705.4895506287
2021-06-25 14:01:04.140,1,0.6130243910883529,665.0984338568153,0.0,,1274055.1622503737
2021-06-25 14:01:04.150,1,0.512219029644219,668.8410138160621,0.0,,1281940.1469679691
2021-06-25 14:01:04.160,1,0.7350450431289844,664.3829300601948,0.0,,1272555.0543872323
2021-06-25 14:01:04.170,1,0.6480835337264051,660.4785570443609,0.0,,1264326.0153642362
2021-06-25 14:01:04.180,1,0.5974729070136278,666.3544324076621,0.0,,1276699.0224935994
2021-06-25 14:01:04.190,1,0.631551409135489,658.0578853594316,0.0,,1259230.7124908913
2021-06-25 14:01:04.200,1,0.5936563156376432,660.4166512327174,0.0,,1264193.6517545045
2021-06-25 14:01:04.210,1,0.5344685456559994,657.7672172243341,0.0,,1258616.0092098166
2021-06-25 14:01:04.220,1,0.635838196099862,665.8776887916902,0.0,,1275700.0477267462
2021-06-25 14:01:04.230,1,0.5210530141910433,659.7988403468693,0.0,,1262886.4461994297
2021-06-25 14:01:04.240,1,0.6541051169216704,663.3205872446337,0.0,,1270315.937471228
2021-06-25 14:01:04.250,1,0.6460171778378082,663.9601161156287,0.0,,1271658.4815585483
2021-06-25 14:01:04.260,1,0.586847505203348,660.6386155438619,0.0,,1264662.101473823
2021-06-25 14:01:04.270,1,0.6280813758212571,665.5527390053103,0.0,,1275013.5132496473
2021-06-25 14:01:04.280,1,0.7863593952468638,657.773929386987,0.0,,1258635.9449565338
2021-06-25 14:01:04.290,1,0.7528826160387547,659.2861231856652,0.0,,1261822.9200396615
2021-06-25 14:01:04.300,1,0.5674297715253643,667.078113222805,0.0,,1278223.9909809744
2021-06-25 14:01:04.310,1,0.7060993369052103,665.545560852683,0.0,,1275002.5691717404
2021-06-25 14:01:04.320,1,0.5482249638631381,665.3849287043537,0.0,,1274655.7990984535
2021-06-25 14:01:04.330,1,0.5503163235607811,659.428725188931,0.0,,1262108.220532958
2021-06-25 14:01:04.340,1,0.6488490790059979,656.9720949483765,0.0,,1256944.2625310142
2021-06-25 14:01:04.350,1,0.5358543297591022,653.0731776268341,0.0,,1248734.2936860074
2021-06-25 14:01:04.360,1,0.7157003686298471,656.8005430707973,0.0,,1256587.6906399648
2021-06-25 14:01:04.370,1,0.6015479403013682,659.001025941109,0.0,,1261218.2222462601
2021-06-25 14:01:04.380,1,0.5709268832286387,661.1702317722302,0.0,,1265776.300002465
2021-06-25 14:01:04.390,1,0.7350891739098995,658.7240239831224,0.0,,1260637.3730695406
2021-06-25 14:01:04.400,1,0.571718805592236,657.9834034393448,0.0,,1259069.9986838386
2021-06-25 14:01:04.410,1,0.7720479458353936,658.1400713327322,0.0,,1259408.3475111031
2021-06-25 14:01:04.420,1,0.6216698116625208,659.3441545748757,0.0,,1261939.0693973445
2021-06-25 14:01:04.430,1,0.7359169139433688,659.136296240254,0.0,,1261504.6164531533
2021-06-25 14:01:04.440,1,0.5170123350738206,657.3937929366346,0.0,,1257826.0943532228
2021-06-25 14:01:04.450,1,0.6237094975968204,654.9792752326732,0.0,,1252749.7763457978
2021-06-25 14:01:04.460,1,0.5530844885098883,661.6504207996635,0.0,,1266787.7040750147
2021-06-25 14:01:04.470,1,0.6409995208647711,663.1710978696514,0.0,,1269995.1041586972
2021-06-25 14:01:04.480,1,0.5814638594524153,643.7898740503992,0.0,,1229230.6256332998
2021-06-25 14:01:04.490,1,0.5640794382871662,657.0589107790894,0.0,,1257126.2042749408
2021-06-25 14:01:04.500,1,0.7102539217804688,659.4957154836937,0.0,,1262261.6869358846
2021-06-25 14:01:04.510,1,0.5705814638352641,658.3283736172206,0.0,,1259798.3409643134
2021-06-25 14:01:04.520,1,0.690075562074693,657.8254342857905,0.0,,1258743.7397943775
2021-06-25 14:01:04.530,1,0.5278099154570045,654.8168992204993,0.0,,1252403.9243534163
2021-06-25 14:01:04.540,1,0.5992480721513991,661.3089904763534,0.0,,1266074.2187392842
2021-06-25 14:01:04.550,1,0.6343565205828608,662.9304025985092,0.0,,1269491.1003678583
2021-06-25 14:01:04.560,1,0.4751143399279717,660.9172485365183,0.0,,1265240.0043333273
2021-06-25 14:01:04.570,1,0.5921748330520782,659.2698021399336,0.0,,1261779.1515952523
2021-06-25 14:01:04.580,1,0.4839690610556584,658.57921981179,0.0,,1260316.1122866215
2021-06-25 14:01:04.590,1,0.6353240724657244,661.7389717042389,0.0,,1266978.2288558437
2021-06-25 14:01:04.600,1,0.6699740336631476,668.6975824286544,0.0,,1281647.423530265
2021-06-25 14:01:04.610,1,0.5996342715996787,661.068251037498,0.0,,1265568.1489622367
2021-06-25 14:01:04.620,1,0.6357383662686049,666.8655877063587,0.0,,1277780.2760564138
2021-06-25 14:01:04.630,1,0.5103113246965437,659.4649923557541,0.0,,1262183.626116468
2021-06-25 14:01:04.640,1,0.4963575373774398,659.2119319313551,0.0,,1261653.7734124
2021-06-25 14:01:04.650,1,0.6248073238760935,666.2693745142562,0.0,,1276521.9016137342
2021-06-25 14:01:04.660,1,0.5373802357084907,661.261451605095,0.0,,1265970.3230562184
2021-06-25 14:01:04.670,1,0.6264806117865006,661.9813168350448,0.0,,1267489.0764902495
2021-06-25 14:01:04.680,1,0.5012638071837453,657.5733154287426,0.0,,1258204.1447145394
2021-06-25 14:01:04.690,1,0.4313968640033072,663.1086142182078,0.0,,1269855.488987802
2021-06-25 14:01:04.700,1,0.5014630908035995,657.2126081110424,0.0,,1257447.5784745675
2021-06-25 14:01:04.710,1,0.4866506445065852,666.2940936511233,0.0,,1276568.4139419862
2021-06-25 14:01:04.720,1,0.5609510664958631,669.8828819518186,0.0,,1284137.100489102
2021-06-25 14:01:04.730,1,0.4803096391594414,669.6270330961396,0.0,,1283595.73945111
2021-06-25 14:01:04.740,1,0.6059772867898672,664.8255972907863,0.0,,1273480.4630515866
2021-06-25 14:01:04.750,1,0.4996657856270431,663.5666308151027,0.0,,1270820.030609536
2021-06-25 14:01:04.760,1,0.5091116277984279,669.2340733773613,0.0,,1282764.4013268396
2021-06-25 14:01:04.770,1,0.4317913411315934,667.336317549471,0.0,,1278761.293642847
2021-06-25 14:01:04.780,1,0.5491312582654665,669.065503952914,0.0,,1282416.4804602966
2021-06-25 14:01:04.790,1,0.6295515091077565,672.3964476242019,0.0,,1289442.0509351813
2021-06-25 14:01:04.800,1,0.5864562458296672,667.199433142775,0.0,,1278482.7524538024
2021-06-25 14:01:04.810,1,0.52962183109141,666.1510234938472,0.0,,1276270.4914286013
2021-06-25 14:01:04.820,1,0.4837484717266195,662.7961585437382,0.0,,1269199.2253441734
2021-06-25 14:01:04.830,1,0.4717676401091799,668.2933816291905,0.0,,1280783.782566693
2021-06-25 14:01:04.840,1,0.5352630125395997,665.6948274396002,0.0,,1275309.6657819555
2021-06-25 14:01:04.850,1,0.5720087155618211,665.3570078436209,0.0,,1274596.438803588
2021-06-25 14:01:04.860,1,0.6641041067946131,661.838458184878,0.0,,1267189.348337439
2021-06-25 14:01:04.870,1,0.63092963234033,662.1003094593827,0.0,,1267740.6095984057
2021-06-25 14:01:04.880,1,0.5591440901602911,665.5936242132237,0.0,,1275099.2179351728
2021-06-25 14:01:04.890,1,0.6713062470877006,667.3595352200198,0.0,,1278822.6181899544
2021-06-25 14:01:04.900,1,0.6763450578450392,664.6758604545653,0.0,,1273166.6859515775
2021-06-25 14:01:04.910,1,0.6327250336912852,661.1416009546092,0.0,,1265721.5230821196
2021-06-25 14:01:04.920,1,0.5091645957444739,666.9329144691785,0.0,,1277915.7676288146
2021-06-25 14:01:04.930,1,0.5204508495758091,660.2532644485611,0.0,,1263842.6062637374
2021-06-25 14:01:04.940,1,0.5953885967484562,659.0046176001623,0.0,,1261222.6620859012
2021-06-25 14:01:04.950,1,0.4914299822610499,660.5915925635056,0.0,,1264557.5329495086
2021-06-25 14:01:04.960,1,0.5927260511096287,658.9455082795896,0.0,,1261092.4918450508
2021-06-25 14:01:04.970,1,0.491897650410851,657.4192546914418,0.0,,1257881.8599934813
2021-06-25 14:01:04.980,1,0.6053798020186553,654.8568888958594,0.0,,1252490.1850468724
2021-06-25 14:01:04.990,1,0.5029747288024027,657.3110808004175,0.0,,1257651.9650478037
2021-06-25 14:01:05.000,1,0.5135132503871719,659.0254025674681,0.0,,1261258.0270277665
2021-06-25 14:01:05.010,1,0.5857908211466188,659.1399762103887,0.0,,1261507.3603250587
2021-06-25 14:01:05.020,1,0.4972015868031464,648.8499426388703,0.0,,1239854.6086712645
2021-06-25 14:01:05.030,1,0.5920311296480363,654.7048869834238,0.0,,1252171.9062675058
2021-06-25 14:01:05.040,1,0.7157791398446711,651.4506971790637,0.0,,1245335.2697084092
2021-06-25 14:01:05.050,1,0.6498912043714177,648.8004859232236,0.0,,1239757.901310222
2021-06-25 14:01:05.060,1,0.5251602429230328,650.8529047296958,0.0,,1244069.700099288
2021-06-25 14:01:05.070,1,0.6895679780212378,649.1801783488884,0.0,,1240559.7732584625
2021-06-25 14:01:05.080,1,0.6739352893243772,655.5991378555028,0.0,,1254057.8110516423
2021-06-25 14:01:05.090,1,0.677046588521989,646.6639462946631,0.0,,1235269.5578895835
2021-06-25 14:01:05.100,1,0.4964576733645129,645.154451114279,0.0,,1232087.7848737005
2021-06-25 14:01:05.110,1,0.5441283738794297,648.4242646802621,0.0,,1238963.8976677465
2021-06-25 14:01:05.120,1,0.6826379076804402,650.9967725657866,0.0,,1244377.206013248
2021-06-25 14:01:05.130,1,0.6791943106812609,645.7221710608698,0.0,,1233291.6061288295
2021-06-25 14:01:05.140,1,0.5695996803980147,645.5959831125897,0.0,,1233024.8078565544
2021-06-25 14:01:05.150,1,0.4550418295330992,647.5751916135972,0.0,,1237176.7826282007
2021-06-25 14:01:05.160,1,0.5788079358462398,647.4405352752,0.0,,1236897.4323324608
2021-06-25 14:01:05.170,1,0.5316936623926469,646.5506796753144,0.0,,1235028.6168208732
2021-06-25 14:01:05.180,1,0.6060350526005621,644.3495069162508,0.0,,1230407.9613594988
2021-06-25 14:01:05.190,1,1.0136799799507916,644.6749259728027,0.0,,1231108.5341472202
2021-06-25 14:01:05.200,1,0.4341649571482501,644.0865509766619,0.0,,1229844.279640483
2021-06-25 14:01:05.210,1,0.5888980247500678,648.9389272668598,0.0,,1240048.7179526554
2021-06-25 14:01:05.220,1,0.6154244273394657,647.8051818286704,0.0,,1237663.8281349072
2021-06-25 14:01:05.230,1,0.5714291269785643,642.1871756056845,0.0,,1225859.5110885825
2021-06-25 14:01:05.240,1,0.5595935218601451,644.9596689469381,0.0,,1231685.2718057344
2021-06-25 14:01:05.250,1,0.4275282130195941,646.3731086321683,0.0,,1234644.9049953185
2021-06-25 14:01:05.260,1,0.4996570396160905,642.8849333149129,0.0,,1227323.3054767365
2021-06-25 14:01:05.270,1,0.5113780240456618,651.5903279124914,0.0,,1245618.1751714032
2021-06-25 14:01:05.280,1,0.5821388531274806,646.9625441490663,0.0,,1235891.6741244015
2021-06-25 14:01:05.290,1,0.3831728098604257,648.272591985673,0.0,,1238637.702396215
2021-06-25 14:01:05.300,1,0.4632828003386106,648.5257627216132,0.0,,1239171.8634066186
2021-06-25 14:01:05.310,1,0.4301202174388671,650.8276090295475,0.0,,1244009.247175278
2021-06-25 14:01:05.320,1,0.5440113243369733,648.3097614097012,0.0,,1238724.4060868847
2021-06-25 14:01:05.330,1,0.5323980323547775,649.6208539074199,0.0,,1241478.575284747
2021-06-25 14:01:05.340,1,0.5181918103410545,644.8176553135518,0.0,,1231383.0530395026
2021-06-25 14:01:05.350,1,0.486986932022466,648.1521783237644,0.0,,1238391.3154873622
2021-06-25 14:01:05.360,1,0.4807891647370441,643.8251875225403,0.0,,1229296.1338646852
2021-06-25 14:01:05.370,1,0.3981066123600017,650.0914597859328,0.0,,1242459.55274332
2021-06-25 14:01:05.380,1,0.3613433978291605,648.7962397833339,0.0,,1239733.6155957486
2021-06-25 14:01:05.390,1,0.4292539874405143,650.8037223906816,0.0,,1243957.0121260164
2021-06-25 14:01:05.400,1,0.347047205121872,647.452757905986,0.0,,1236911.889334754
2021-06-25 14:01:05.410,1,0.487579671034974,650.914802570788,0.0,,1244195.0043373895
2021-06-25 14:01:05.420,1,0.4427540249414401,652.6529530548111,0.0,,1247848.8996613247
2021-06-25 14:01:05.430,1,0.4512701891996357,647.9652493890759,0.0,,1237992.6154545203
2021-06-25 14:01:05.440,1,0.4042197037965988,651.1679402123277,0.0,,1244719.8680851446
2021-06-25 14:01:05.450,1,0.4254044162191694,646.8220466000868,0.0,,1235588.039295148
2021-06-25 14:01:05.460,1,0.3569248824230733,650.400996487699,0.0,,1243108.5789669245
2021-06-25 14:01:05.470,1,0.4139650980461851,651.9220262888177,0.0,,1246307.7469541589
2021-06-25 14:01:05.480,1,0.4832126505504709,651.9200856993409,0.0,,1246307.5719557365
2021-06-25 14:01:05.490,1,0.4329270221445746,647.5973896285548,0.0,,1237218.541256966
2021-06-25 14:01:05.500,1,0.4820316703653166,654.2357629390175,0.0,,1251176.6904428634
2021-06-25 14:01:05.510,1,0.5002685473185199,655.3564789705298,0.0,,1253537.9334899338
2021-06-25 14:01:05.520,1,0.43417704954755,644.370672044509,0.0,,1230440.8321833087
2021-06-25 14:01:05.530,1,0.4529118671761805,647.3904266989182,0.0,,1236787.9030818094
2021-06-25 14:01:05.540,1,0.4858018965086982,650.4907532753714,0.0,,1243306.5096431186
2021-06-25 14:01:05.550,1,0.4053812756938366,648.7112262324341,0.0,,1239558.0147916735
2021-06-25 14:01:05.560,1,0.4095227389086884,649.2468048096302,0.0,,1240681.9051562068
2021-06-25 14:01:05.570,1,0.4403856754083448,647.7287906644679,0.0,,1237496.1430984624
2021-06-25 14:01:05.580,1,0.5225559133125313,640.4868886118612,0.0,,1222288.3628063481
2021-06-25 14:01:05.590,1,0.4765801697938611,650.9541022431424,0.0,,1244278.9559851177
2021-06-25 14:01:05.600,1,0.4816812630712501,649.1585509409789,0.0,,1240503.1488319745
2021-06-25 14:01:05.610,1,0.5003233001506848,647.2804828579441,0.0,,1236556.37172455
2021-06-25 14:01:05.620,1,0.4823171933165963,641.854098944716,0.0,,1225158.0688495678
2021-06-25 14:01:05.630,1,0.4650095504454837,650.6654429742757,0.0,,1243665.5901820017
2021-06-25 14:01:05.640,1,0.5604683618881123,646.4369408259097,0.0,,1234785.83444649
2021-06-25 14:01:05.650,1,0.519253926241637,643.7222536768161,0.0,,1229080.6654507671
2021-06-25 14:01:05.660,1,0.3845609680052664,639.1144509008701,0.0,,1219401.935215033
2021-06-25 14:01:05.670,1,0.4782505673093859,645.5159131910103,0.0,,1232845.7414037394
2021-06-25 14:01:05.680,1,0.3957633756029036,641.8226464007282,0.0,,1225090.5680691903
2021-06-25 14:01:05.690,1,0.5303017335396085,641.3543469953427,0.0,,1224111.0501029294
2021-06-25 14:01:05.700,1,0.5103608894859143,643.0684601113035,0.0,,1227710.8079662998
2021-06-25 14:01:05.710,1,0.5547831860874055,635.6271121266325,0.0,,1212094.0476705655
2021-06-25 14:01:05.720,1,0.5035785105688438,640.5157355980076,0.0,,1222345.9687154028
2021-06-25 14:01:05.730,1,0.4902023088828873,633.8174922647236,0.0,,1208294.126825603
2021-06-25 14:01:05.740,1,0.5615243560564496,634.427286965569,0.0,,1209578.9363165877
2021-06-25 14:01:05.750,1,0.4480942173816322,643.7975023653395,0.0,,1229239.9594406404
2021-06-25 14:01:05.760,1,0.4121471399588962,635.1012796711631,0.0,,1210983.549857227
2021-06-25 14:01:05.770,1,0.5729869456171921,641.0123881680205,0.0,,1223393.937814463
2021-06-25 14:01:05.780,1,0.5321677004185057,636.3516101289413,0.0,,1213611.5963191686
2021-06-25 14:01:05.790,1,0.4987718552482969,640.8597291704377,0.0,,1223071.5123454344
2021-06-25 14:01:05.800,1,0.4527338429328457,635.9350534666336,0.0,,1212734.059153453
2021-06-25 14:01:05.810,1,0.3788262513182854,638.4652934799097,0.0,,1218040.4542011325
2021-06-25 14:01:05.820,1,0.4991873203070128,634.4698316637928,0.0,,1209670.9995700014
2021-06-25 14:01:05.830,1,0.5532509885738534,638.5037414838273,0.0,,1218131.2198597738
2021-06-25 14:01:05.840,1,0.5565859479517947,640.3664240047043,0.0,,1222038.1190473367
2021-06-25 14:01:05.850,1,0.4641923720435745,641.8409837374057,0.0,,1225131.3794149298
2021-06-25 14:01:05.860,1,0.5176868929609935,641.1856668251894,0.0,,1223758.7020798482
2021-06-25 14:01:05.870,1,0.371446520963868,637.7441007846028,0.0,,1216526.8420134706
2021-06-25 14:01:05.880,1,0.4406943528325075,643.0008777616796,0.0,,1227561.2379946592
2021-06-25 14:01:05.890,1,0.4277560581530589,647.4719477822581,0.0,,1236957.8798282587
2021-06-25 14:01:05.900,1,0.4640591971720679,643.0585387519751,0.0,,1227684.8824947218
2021-06-25 14:01:05.910,1,0.4677357482756825,642.5406872491699,0.0,,1226598.6035054913
2021-06-25 14:01:05.920,1,0.3576336424911813,640.0216018647942,0.0,,1221305.974119341
2021-06-25 14:01:05.930,1,0.4543548720112741,650.809708270896,0.0,,1243972.489804105
2021-06-25 14:01:05.940,1,0.3951642565998417,644.7298676420148,0.0,,1231191.9917443458
2021-06-25 14:01:05.950,1,0.3502792806907571,643.2847427704711,0.0,,1228153.1542171089
2021-06-25 14:01:05.960,1,0.4510357704739653,651.4214255065062,0.0,,1245256.684979976
2021-06-25 14:01:05.970,1,0.4471616545701211,647.0589882657392,0.0,,1236089.0518985686
2021-06-25 14:01:05.980,1,0.4161670675929886,652.2981336411823,0.0,,1247099.6127718075
2021-06-25 14:01:05.990,1,0.3260973352411495,648.6693626595933,0.0,,1239468.4386331572
2021-06-25 14:01:06.000,1,0.4287727933934043,640.7002019007149,0.0,,1222727.5704310792
2021-06-25 14:01:06.010,1,0.3693339743863395,648.6760692205876,0.0,,1239482.6384368162
2021-06-25 14:01:06.020,1,0.410331685421692,655.9324136673671,0.0,,1254747.4630758462
2021-06-25 14:01:06.030,1,0.354045140701658,656.6958196365547,0.0,,1256345.875240786
2021-06-25 14:01:06.040,1,0.4238696087420654,653.3506792500183,0.0,,1249314.2863008839
2021-06-25 14:01:06.050,1,0.3853627798406881,653.4907329012782,0.0,,1249607.6715891266
2021-06-25 14:01:06.060,1,0.3631812781617043,655.1779348195081,0.0,,1253155.2882159604
2021-06-25 14:01:06.070,1,0.3751100736331119,650.8322476233362,0.0,,1244013.3781153539
2021-06-25 14:01:06.080,1,0.3070115115981122,661.8573378345346,0.0,,1267212.678590841
2021-06-25 14:01:06.090,1,0.3552804010250025,655.8437248812593,0.0,,1254552.5653791765
2021-06-25 14:01:06.100,1,0.3655078006331114,657.0702094354916,0.0,,1257138.1465937467
2021-06-25 14:01:06.110,1,0.3093938996492809,650.841698027866,0.0,,1244030.9378099795
2021-06-25 14:01:06.120,1,0.3346582188204972,655.2114865924623,0.0,,1253222.7395624453
2021-06-25 14:01:06.130,1,0.323070988922383,658.0707124511893,0.0,,1259241.0733950012
2021-06-25 14:01:06.140,1,0.3651930787807407,660.2054151410198,0.0,,1263740.1039841785
2021-06-25 14:01:06.150,1,0.2799774232219758,656.4895400693191,0.0,,1255910.994292844
2021-06-25 14:01:06.160,1,0.3310066333663089,656.9518995035521,0.0,,1256889.0283029675
2021-06-25 14:01:06.170,1,0.3577464770549018,654.3385125036099,0.0,,1251388.602156844
2021-06-25 14:01:06.180,1,0.2749871990364918,654.4337571723019,0.0,,1251582.2126888854
2021-06-25 14:01:06.190,1,0.2779953502163373,651.250909244049,0.0,,1244888.0122095817
2021-06-25 14:01:06.200,1,0.3554305159113867,652.1995480750456,0.0,,1246889.35410666
2021-06-25 14:01:06.210,1,0.3339881182485175,652.023976964206,0.0,,1246518.6319341913
2021-06-25 14:01:06.220,1,0.3484368749525847,657.0678945692321,0.0,,1257132.8775720554
2021-06-25 14:01:06.230,1,0.3042163267014976,651.6231245149023,0.0,,1245675.9952050748
2021-06-25 14:01:06.240,1,0.3793703079795568,654.8549604485587,0.0,,1252476.8404661685
2021-06-25 14:01:06.250,1,0.3293499968537761,652.0071211369414,0.0,,1246482.1762585575
2021-06-25 14:01:06.260,1,0.2739007319391188,650.2871725150993,0.0,,1242864.3799123787
2021-06-25 14:01:06.270,1,0.348576873761336,652.4894931376257,0.0,,1247496.83165594
2021-06-25 14:01:06.280,1,0.3888205946286472,649.4439629839046,0.0,,1241098.8444039263
2021-06-25 14:01:06.290,1,0.4090355438747931,655.1775777413555,0.0,,1253155.228631043
2021-06-25 14:01:06.300,1,0.3724937674028215,648.5665654393014,0.0,,1239248.5305000967
2021-06-25 14:01:06.310,1,0.3925382351154605,651.8358916119419,0.0,,1246127.2742947512
2021-06-25 14:01:06.320,1,0.3828435473145252,644.4818192786952,0.0,,1230670.5132985115
2021-06-25 14:01:06.330,1,0.4211952157905805,642.9515763916064,0.0,,1227463.7836969183
2021-06-25 14:01:06.340,1,0.3380524297073285,649.8814185906698,0.0,,1242015.2155462017
2021-06-25 14:01:06.350,1,0.3428086919204016,645.095342554372,0.0,,1231958.4916507378
2021-06-25 14:01:06.360,1,0.3593988560435004,646.327591346148,0.0,,1234547.2780843014
2021-06-25 14:01:06.370,1,0.3603003609458065,650.7550057601559,0.0,,1243853.44293543
2021-06-25 14:01:06.380,1,0.3343238668365685,645.3877690088667,0.0,,1232574.3563494235
2021-06-25 14:01:06.390,1,0.3919447246980248,647.8925585636433,0.0,,1237838.8143263548
2021-06-25 14:01:06.400,1,0.323033466628659,649.3329869881093,0.0,,1240860.6603223362
2021-06-25 14:01:06.410,1,0.3820952918408743,643.0887871038296,0.0,,1227745.3796116589
2021-06-25 14:01:06.420,1,0.3683582825000075,646.5120350646472,0.0,,1234936.5687340423
2021-06-25 14:01:06.430,1,0.3786313172716402,641.584437163336,0.0,,1224587.8369297914
2021-06-25 14:01:06.440,1,0.394250865586817,645.9398177147219,0.0,,1233731.3545666873
2021-06-25 14:01:06.450,1,0.435990575174762,643.0592236922987,0.0,,1227684.738024333
2021-06-25 14:01:06.460,1,0.3794939183721987,645.1958296604212,0.0,,1232166.0364152207
2021-06-25 14:01:06.470,1,0.4774139601521458,639.0111913845833,0.0,,1219193.5626521686
2021-06-25 14:01:06.480,1,0.4252106733864524,642.7565079481974,0.0,,1227050.5155020177
2021-06-25 14:01:06.490,1,0.4686630478723201,641.997445511191,0.0,,1225457.3564089616
2021-06-25 14:01:06.500,1,0.3873566616687904,639.0358217642678,0.0,,1219236.5202720843
2021-06-25 14:01:06.510,1,0.4525112789605345,647.6297194224687,0.0,,1237289.1209491747
2021-06-25 14:01:06.520,1,0.4500900611853612,644.2702089588896,0.0,,1230232.7153458626
2021-06-25 14:01:06.530,1,0.3425268578481251,645.9865521980702,0.0,,1233828.7678136982
2021-06-25 14:01:06.540,1,0.4158122006658579,641.4516039642873,0.0,,1224305.2842170245
2021-06-25 14:01:06.550,1,0.3494419889565517,641.7960463492599,0.0,,1225027.9033473379
2021-06-25 14:01:06.560,1,0.4250398304032511,647.8876047975579,0.0,,1237829.7426480781
2021-06-25 14:01:06.570,1,0.36035240747534,640.7874493515006,0.0,,1222909.098626676
2021-06-25 14:01:06.580,1,0.4827668797996722,643.837624846586,0.0,,1229323.491013908
2021-06-25 14:01:06.590,1,0.3234222922416042,642.8181903602889,0.0,,1227172.6083989267
2021-06-25 14:01:06.600,1,0.3911036639259721,650.1770951432443,0.0,,1242641.8264768994
2021-06-25 14:01:06.610,1,0.3341408638628253,646.9930551223295,0.0,,1235945.7068500153
2021-06-25 14:01:06.620,1,0.3912350642000131,641.7167021406049,0.0,,1224866.5088345984
2021-06-25 14:01:06.630,1,0.4128195927614627,646.6630221826001,0.0,,1235256.7869608626
2021-06-25 14:01:06.640,1,0.330694825020029,645.1001684633334,0.0,,1231967.9248751178
2021-06-25 14:01:06.650,1,0.4182205158305238,644.7348252013343,0.0,,1231204.3275350542
2021-06-25 14:01:06.660,1,0.3721324766602086,647.425989141454,0.0,,1236853.9493676198
2021-06-25 14:01:06.670,1,0.3054369515204715,644.2483662900356,0.0,,1230179.6089967666
2021-06-25 14:01:06.680,1,0.3970062775395052,646.3257281785233,0.0,,1234542.657579717
2021-06-25 14:01:06.690,1,0.3599418203949221,648.751115712953,0.0,,1239639.869341594
2021-06-25 14:01:06.700,1,0.3142198668742755,647.4786296055786,0.0,,1236963.5332197088
2021-06-25 14:01:06.710,1,0.4169844715684424,646.4059758042014,0.0,,1234713.566465071
2021-06-25 14:01:06.720,1,0.3239359994539585,650.8939286226757,0.0,,1244142.6572995025
2021-06-25 14:01:06.730,1,0.2830792417935404,658.5324352700985,0.0,,1260204.9939276124
2021-06-25 14:01:06.740,1,0.4001455753402271,657.2235008840435,0.0,,1257461.6513905507
2021-06-25 14:01:06.750,1,0.3577523343873844,646.1190490873256,0.0,,1234108.028704092
2021-06-25 14:01:06.760,1,0.3676001908991367,645.3891509659297,0.0,,1232578.9242327374
2021-06-25 14:01:06.770,1,0.3819347436606533,646.4488090505555,0.0,,1234805.2316926809
2021-06-25 14:01:06.780,1,0.3466885279710588,645.9657675599727,0.0,,1233787.5332112398
2021-06-25 14:01:06.790,1,0.2939766743824589,642.0121682202031,0.0,,1225481.5482107785
2021-06-25 14:01:06.800,1,0.284862675801993,649.6489000318712,0.0,,1241523.3943738525
2021-06-25 14:01:06.810,1,0.359049276724174,649.5824547120293,0.0,,1241388.212023687
2021-06-25 14:01:06.820,1,0.2914621006694411,649.7291278780945,0.0,,1241693.9043416986
2021-06-25 14:01:06.830,1,0.2808318587128725,648.6864542349787,0.0,,1239501.3764818236
2021-06-25 14:01:06.840,1,0.3108647132227214,648.6484180787022,0.0,,1239421.8670481513
2021-06-25 14:01:06.850,1,0.3572052712148326,639.6637210674013,0.0,,1220551.797601024
2021-06-25 14:01:06.860,1,0.3514750789211114,643.3237198836789,0.0,,1228236.0605578097
2021-06-25 14:01:06.870,1,0.2986287050400603,642.0629575436441,0.0,,1225586.7316604767
2021-06-25 14:01:06.880,1,0.3793414458011897,635.6703195204237,0.0,,1212176.152827912
2021-06-25 14:01:06.890,1,0.3102698267857642,641.732215488236,0.0,,1224892.989219302
2021-06-25 14:01:06.900,1,0.3249029797080672,645.4003463556097,0.0,,1232599.9138578572
2021-06-25 14:01:06.910,1,0.3679489871414388,639.9362155519367,0.0,,1221124.8311345025
2021-06-25 14:01:06.920,1,0.2989909711256918,642.7669631981552,0.0,,1227062.3875383676
2021-06-25 14:01:06.930,1,0.3160578987566536,641.955195862848,0.0,,1225362.114226214
2021-06-25 14:01:06.940,1,0.3550891127170784,633.6281922466255,0.0,,1207894.5933917651
2021-06-25 14:01:06.950,1,0.2854194943733159,632.9969060864631,0.0,,1206564.5498995266
2021-06-25 14:01:06.960,1,0.3651661285515152,635.198998798235,0.0,,1211183.5300858947
2021-06-25 14:01:06.970,1,0.4055751255522235,634.0306803477538,0.0,,1208738.638642044
2021-06-25 14:01:06.980,1,0.3640486648966822,635.730710936649,0.0,,1212304.1204616788
2021-06-25 14:01:06.990,1,0.3269492700359169,638.0371301230794,0.0,,1217137.720704966
2021-06-25 14:01:07.000,1,0.2922303642603822,636.7811661473244,0.0,,1214501.1602187175
2021-06-25 14:01:07.010,1,0.4240277580290482,632.9867864538634,0.0,,1206547.8245167767
2021-06-25 14:01:07.020,1,0.4068504762823203,631.7948036503685,0.0,,1204048.703267729
2021-06-25 14:01:07.030,1,0.4001246925888031,633.955838398356,0.0,,1208580.5540322147
2021-06-25 14:01:07.040,1,0.3065162213196915,627.7455976640563,0.0,,1195561.9438479934
2021-06-25 14:01:07.050,1,0.3345174298688838,633.2978814687067,0.0,,1207196.6913678492
2021-06-25 14:01:07.060,1,0.4055512194195961,630.9731315716283,0.0,,1202331.5928358117
2021-06-25 14:01:07.070,1,0.3888079415019888,634.0318848783761,0.0,,1208743.841808514
2021-06-25 14:01:07.080,1,0.4354254992353564,635.0252318025575,0.0,,1210825.6345367306
2021-06-25 14:01:07.090,1,0.4487155837042449,630.7896781484716,0.0,,1201945.8314874663
2021-06-25 14:01:07.100,1,0.3448419743732133,623.6294011506967,0.0,,1186942.2979330693
2021-06-25 14:01:07.110,1,0.3500878851781814,632.4778616055007,0.0,,1205479.6007722279
2021-06-25 14:01:07.120,1,0.4043343337185926,626.9126929941033,0.0,,1193818.3791442548
2021-06-25 14:01:07.130,1,0.3834050416853813,628.2806093001249,0.0,,1196682.7585395656
2021-06-25 14:01:07.140,1,0.409915454295461,626.2467385484535,0.0,,1192423.7579717198
2021-06-25 14:01:07.150,1,0.383173431267655,628.1133400237068,0.0,,1196334.7345640897
2021-06-25 14:01:07.160,1,0.4026498905201398,628.5246319768163,0.0,,1197197.499667907
2021-06-25 14:01:07.170,1,0.3639453785588562,628.0700642226684,0.0,,1196241.537759556
2021-06-25 14:01:07.180,1,0.4538477799818184,630.427733048009,0.0,,1201188.8048931812
2021-06-25 14:01:07.190,1,0.403763325338673,633.8796675270142,0.0,,1208421.1694921588
2021-06-25 14:01:07.200,1,0.5322370267928118,633.317294348663,0.0,,1207251.8706350224
2021-06-25 14:01:07.210,1,0.4461507891111769,630.413055508454,0.0,,1201156.2292469465
2021-06-25 14:01:07.220,1,0.4294613354885879,634.4382190263774,0.0,,1209597.424550783
2021-06-25 14:01:07.230,1,0.5274433227723258,628.3919001802144,0.0,,1196927.4713002988
2021-06-25 14:01:07.240,1,0.5354554195092576,635.9269763947366,0.0,,1212721.751944268
2021-06-25 14:01:07.250,1,0.5505537942667118,632.0606452213252,0.0,,1204616.849677357
2021-06-25 14:01:07.260,1,0.4169353035272294,631.2815506077203,0.0,,1202974.1155582462
2021-06-25 14:01:07.270,1,0.4878289956834127,632.6819383987818,0.0,,1205913.6339810456
2021-06-25 14:01:07.280,1,0.4649971720080481,635.6838646318226,0.0,,1212205.8729605393
2021-06-25 14:01:07.290,1,0.45008104581587,633.578487811747,0.0,,1207791.6429688626
2021-06-25 14:01:07.300,1,0.5029270267046163,638.3466188770906,0.0,,1217796.9729116561
2021-06-25 14:01:07.310,1,0.4431775031495942,637.7689717024309,0.0,,1216585.2572128545
2021-06-25 14:01:07.320,1,0.5258691756566486,635.0482093250654,0.0,,1210874.8642783172
2021-06-25 14:01:07.330,1,0.5301414378510347,640.7575013839939,0.0,,1222856.19789001
2021-06-25 14:01:07.340,1,0.5226349398650846,637.8561707439454,0.0,,1216768.846411203
2021-06-25 14:01:07.350,1,0.3852762769525567,641.8698173067614,0.0,,1225183.6681123984
2021-06-25 14:01:07.360,1,0.3830837455213672,641.8238717666724,0.0,,1225086.352729183
2021-06-25 14:01:07.370,1,0.5041832550849541,639.3897887304106,0.0,,1219983.1566951545
2021-06-25 14:01:07.380,1,0.5018209732680493,640.7752907045859,0.0,,1222891.8954051363
2021-06-25 14:01:07.390,1,0.4630558493967679,638.2341660491336,0.0,,1217560.5585018073
2021-06-25 14:01:07.400,1,0.4860053736369544,643.4710010209806,0.0,,1228553.0653162752
2021-06-25 14:01:07.410,1,0.4455250149097282,644.4730435161356,0.0,,1230654.0922334057
2021-06-25 14:01:07.420,1,0.4356244011885212,641.7657478065943,0.0,,1224970.2031055477
2021-06-25 14:01:07.430,1,0.3804149704656634,646.3669808475272,0.0,,1234629.7657439038
2021-06-25 14:01:07.440,1,0.4726893793863165,644.8158238434593,0.0,,1231380.1598525643
2021-06-25 14:01:07.450,1,0.4675112019559569,640.2974320020076,0.0,,1221888.2400426255
2021-06-25 14:01:07.460,1,0.4162324997702656,646.6797727458827,0.0,,1235292.0536308603
2021-06-25 14:01:07.470,1,0.3761109099833134,639.0408477211903,0.0,,1219249.0691335616
2021-06-25 14:01:07.480,1,0.4136311537378929,644.6477880943337,0.0,,1231020.8885495607
2021-06-25 14:01:07.490,1,0.3871332825739622,651.3788110038056,0.0,,1245169.7125089169
2021-06-25 14:01:07.500,1,0.4654429976992952,639.6862455784565,0.0,,1220605.2874921805
2021-06-25 14:01:07.510,1,0.4072166197894331,637.0455836101634,0.0,,1215057.2444765626
2021-06-25 14:01:07.520,1,0.3868829382686307,643.7622589747011,0.0,,1229164.0305185097
2021-06-25 14:01:07.530,1,0.3896174808773574,647.6591387127048,0.0,,1237346.433351388
2021-06-25 14:01:07.540,1,0.3701919513479172,644.0469379746868,0.0,,1229753.5814283716
2021-06-25 14:01:07.550,1,0.3498910422327178,644.4299947183932,0.0,,1230561.5726698493
2021-06-25 14:01:07.560,1,0.3333589361084794,647.5310406269617,0.0,,1237074.5671293128
2021-06-25 14:01:07.570,1,0.4272706519458686,644.3302403690949,0.0,,1230357.6823309402
2021-06-25 14:01:07.580,1,0.4678480727287722,642.4712627215296,0.0,,1226453.609752352
2021-06-25 14:01:07.590,1,0.445486118762145,643.8990616304916,0.0,,1229451.15435179
2021-06-25 14:01:07.600,1,0.4469296385873235,645.3132689906414,0.0,,1232421.7841105615
2021-06-25 14:01:07.610,1,0.3371707895425151,641.4891198138216,0.0,,1224384.2107519736
2021-06-25 14:01:07.620,1,0.3506420680447209,643.0702947752279,0.0,,1227702.3284085193
2021-06-25 14:01:07.630,1,0.3866004363164004,646.6484414216103,0.0,,1235228.045157826
2021-06-25 14:01:07.640,1,0.4294170136187971,637.0191699019375,0.0,,1215004.5036827284
2021-06-25 14:01:07.650,1,0.4560556879115589,643.3447924879532,0.0,,1228288.1315310977
2021-06-25 14:01:07.660,1,0.4032457346782256,644.2329377812816,0.0,,1230147.6983855905
2021-06-25 14:01:07.670,1,0.3604215263109202,642.0121725227698,0.0,,1225485.2753220876
2021-06-25 14:01:07.680,1,0.4319787265984981,642.2925098515077,0.0,,1226076.16843582
2021-06-25 14:01:07.690,1,0.4830010424997828,637.7860770403987,0.0,,1216617.8057137318
2021-06-25 14:01:07.700,1,0.3572096528064055,638.4559111839143,0.0,,1218020.8303134097
2021-06-25 14:01:07.710,1,0.4802371325353503,637.522515782502,0.0,,1216069.2769516222
2021-06-25 14:01:07.720,1,0.4663359430683758,639.5736401557059,0.0,,1220371.1168977814
2021-06-25 14:01:07.730,1,0.5317110484420139,638.3556697100096,0.0,,1217813.877682217
2021-06-25 14:01:07.740,1,0.410492723328912,638.8806454146668,0.0,,1218908.7980853007
2021-06-25 14:01:07.750,1,0.4821285462454968,638.3767647904473,0.0,,1217854.8774708123
2021-06-25 14:01:07.760,1,0.4101711052191798,640.8459519966982,0.0,,1223038.0677164784
2021-06-25 14:01:07.770,1,0.4697434565190407,632.4557472540025,0.0,,1205440.1246726057
2021-06-25 14:01:07.780,1,0.4015556687765274,644.3276698208252,0.0,,1230349.5934977585
2021-06-25 14:01:07.790,1,0.4395067283836017,642.0629180159565,0.0,,1225596.1737009934
2021-06-25 14:01:07.800,1,0.3971022409670776,642.3766087002706,0.0,,1226251.591522213
2021-06-25 14:01:07.810,1,0.457768915880028,640.8795262860989,0.0,,1223111.599944996
2021-06-25 14:01:07.820,1,0.4060118726650143,642.3990467946082,0.0,,1226295.4888819102
2021-06-25 14:01:07.830,1,0.5786086488859208,638.2259955702935,0.0,,1217548.858976273
2021-06-25 14:01:07.840,1,0.5064389115348432,641.8845603830332,0.0,,1225221.5313303166
2021-06-25 14:01:07.850,1,0.5423015957029433,642.5134393761268,0.0,,1226542.1380684294
2021-06-25 14:01:07.860,1,0.5867473461443542,643.1562365240868,0.0,,1227897.7209542522
2021-06-25 14:01:07.870,1,0.5471194297092443,653.2285115807209,0.0,,1249059.7880337876
2021-06-25 14:01:07.880,1,0.6180077981989045,641.4301481244693,0.0,,1224276.3599047887
2021-06-25 14:01:07.890,1,0.5707027132260104,638.4091191235352,0.0,,1217933.052330929
2021-06-25 14:01:07.900,1,0.438238342340752,648.6875558838027,0.0,,1239513.8033916655
2021-06-25 14:01:07.910,1,0.4736398779084209,647.1525661335265,0.0,,1236288.3484417363
2021-06-25 14:01:07.920,1,0.4347204179158196,644.1773408184005,0.0,,1230036.374854037
2021-06-25 14:01:07.930,1,0.479347490677108,641.8300657447555,0.0,,1225107.8007232053
2021-06-25 14:01:07.940,1,0.5597748643188891,648.0858629823308,0.0,,1238253.6838202786
2021-06-25 14:01:07.950,1,0.6427136175183222,645.6175280039067,0.0,,1233072.8142304386
2021-06-25 14:01:07.960,1,0.5596501344875493,655.6044582585511,0.0,,1254061.8189946073
2021-06-25 14:01:07.970,1,0.5214113529435743,650.074006400051,0.0,,1242428.8107046995
2021-06-25 14:01:07.980,1,0.6232946125283765,653.914282310304,0.0,,1250509.0228485737
2021-06-25 14:01:07.990,1,0.6176264505230555,653.145092536414,0.0,,1248890.292550457
2021-06-25 14:01:08.000,1,0.5648492573550081,651.3588860853779,0.0,,1245128.6004255975
2021-06-25 14:01:08.010,1,0.5090541846799237,653.5113589684146,0.0,,1249655.5021951087
2021-06-25 14:01:08.020,1,0.4926570664398734,649.1777090871237,0.0,,1240542.6303510584
2021-06-25 14:01:08.030,1,0.5265007471972,649.9664467505671,0.0,,1242199.890888006
2021-06-25 14:01:08.040,1,0.5190183103584729,651.6445457987309,0.0,,1245731.2826951935
2021-06-25 14:01:08.050,1,0.6338623176269955,657.2035876274358,0.0,,1257432.8931670769
2021-06-25 14:01:08.060,1,0.5801806434187499,660.5144601118772,0.0,,1264401.997492257
2021-06-25 14:01:08.070,1,0.511067372747533,659.1719933059395,0.0,,1261567.6279606486
2021-06-25 14:01:08.080,1,0.4750839754556629,654.4923825087204,0.0,,1251717.646374736
2021-06-25 14:01:08.090,1,0.5173839479581471,660.6952678565533,0.0,,1264776.9471820088
2021-06-25 14:01:08.100,1,0.5781682635518989,656.4166352883144,0.0,,1255770.2827672425
2021-06-25 14:01:08.110,1,0.4942672579818038,656.4722141326376,0.0,,1255886.4141231803
2021-06-25 14:01:08.120,1,0.5096140096936269,657.5454169985122,0.0,,1258140.84821438
2021-06-25 14:01:08.130,1,0.5900935076147062,652.9446571150897,0.0,,1248468.9723919022
2021-06-25 14:01:08.140,1,0.6116933924295233,661.184445346846,0.0,,1265810.348175962
2021-06-25 14:01:08.150,1,0.5448944531846429,652.4759715688566,0.0,,1247483.2159073413
2021-06-25 14:01:08.160,1,0.4932187332654976,655.5225628741578,0.0,,1253885.2754703683
2021-06-25 14:01:08.170,1,0.4845751704348762,654.4411187069394,0.0,,1251609.870289941
2021-06-25 14:01:08.180,1,0.5037943144372559,652.2220500559416,0.0,,1246946.4610403392
2021-06-25 14:01:08.190,1,0.5884611471524857,656.0316351497397,0.0,,1254962.9215776974
2021-06-25 14:01:08.200,1,0.4637661993518756,650.5006324901998,0.0,,1243322.00156733
2021-06-25 14:01:08.210,1,0.5450499163620109,654.4861299556412,0.0,,1251712.376108089
2021-06-25 14:01:08.220,1,0.4615137385464779,654.4819449035713,0.0,,1251696.8241372004
2021-06-25 14:01:08.230,1,0.416514064770654,654.4109806216297,0.0,,1251545.7963647696
2021-06-25 14:01:08.240,1,0.4340181024682772,654.2037165595675,0.0,,1251106.4647140834
2021-06-25 14:01:08.250,1,0.4923527641752273,649.1331597186519,0.0,,1240450.9494083754
2021-06-25 14:01:08.260,1,0.5521403302977618,647.990525140935,0.0,,1238049.558618475
2021-06-25 14:01:08.270,1,0.5177987113925302,653.8342234683795,0.0,,1250335.1520531035
2021-06-25 14:01:08.280,1,0.5206324247472172,650.1066446976661,0.0,,1242498.607972341
2021-06-25 14:01:08.290,1,0.4931525392100151,650.442093860991,0.0,,1243204.626988245
2021-06-25 14:01:08.300,1,0.462981704193778,647.9330417412,0.0,,1237924.6545172653
2021-06-25 14:01:08.310,1,0.4890077873533151,647.1921517734028,0.0,,1236372.182420768
2021-06-25 14:01:08.320,1,0.4484395132808578,641.2003969810219,0.0,,1223783.5487471274
2021-06-25 14:01:08.330,1,0.4438619766791817,644.8640534350599,0.0,,1231475.5288458357
2021-06-25 14:01:08.340,1,0.4141997095797066,644.7051746077047,0.0,,1231142.4794422672
2021-06-25 14:01:08.350,1,0.4024466027829016,638.7223810101216,0.0,,1218583.693255173
2021-06-25 14:01:08.360,1,0.4238622757010341,643.8650625398445,0.0,,1229381.2631131443
2021-06-25 14:01:08.370,1,0.571005338010621,644.6034792556053,0.0,,1230931.2214170806
2021-06-25 14:01:08.380,1,0.5581388422477539,638.870782855907,0.0,,1218898.8801615066
2021-06-25 14:01:08.390,1,0.500746022099772,644.6879235155545,0.0,,1231108.6470808333
2021-06-25 14:01:08.400,1,0.5755000390101007,640.7396258380331,0.0,,1222822.882387634
2021-06-25 14:01:08.410,1,0.5689619957326963,639.5285693939834,0.0,,1220282.9215511368
2021-06-25 14:01:08.420,1,0.5466917415767478,645.8655090017951,0.0,,1233584.7293015479
2021-06-25 14:01:08.430,1,0.5046538735955304,639.1079106341645,0.0,,1219397.7391049962
2021-06-25 14:01:08.440,1,0.4858576399459552,640.5693091610971,0.0,,1222456.78588125
2021-06-25 14:01:08.450,1,0.5900933572603051,638.8383767751761,0.0,,1218834.4110855453
2021-06-25 14:01:08.460,1,0.4232411488986101,638.583109975941,0.0,,1218285.49163802
2021-06-25 14:01:08.470,1,0.4457656036179283,639.7652395784196,0.0,,1220772.7360799895
2021-06-25 14:01:08.480,1,0.5575785985549474,639.5455730219768,0.0,,1220316.4217682297
2021-06-25 14:01:08.490,1,0.5571825266093763,644.5595218742943,0.0,,1230843.941110674
2021-06-25 14:01:08.500,1,0.5464994161719849,645.2126489003713,0.0,,1232214.7350833716
2021-06-25 14:01:08.510,1,0.5029514235630258,637.9547015066821,0.0,,1216975.464756157
2021-06-25 14:01:08.520,1,0.5165178827030636,644.0969507736879,0.0,,1229866.5757343753
2021-06-25 14:01:08.530,1,0.4596943990721642,640.1836657721043,0.0,,1221650.8995244047
2021-06-25 14:01:08.540,1,0.5567388755331013,635.2127058615991,0.0,,1211225.5046899652
2021-06-25 14:01:08.550,1,0.6092181616967647,645.1787915551797,0.0,,1232144.5606857708
2021-06-25 14:01:08.560,1,0.5584665937879162,640.0507128836879,0.0,,1221374.0824606237
2021-06-25 14:01:08.570,1,0.4849010579690101,643.3718765708937,0.0,,1228345.6972091284
2021-06-25 14:01:08.580,1,0.5996798122141871,641.1921891212257,0.0,,1223774.3620401882
2021-06-25 14:01:08.590,1,0.5114297654392758,641.7981358976127,0.0,,1225041.0529879911
2021-06-25 14:01:08.600,1,0.6447693244314656,642.8980859411564,0.0,,1227359.9621808825
2021-06-25 14:01:08.610,1,0.510853758108196,645.0532738988268,0.0,,1231881.5124269293
2021-06-25 14:01:08.620,1,0.6100004744348398,645.7420657450897,0.0,,1233331.401933478
2021-06-25 14:01:08.630,1,0.6601472599366739,646.5395064282733,0.0,,1235009.3663632132
2021-06-25 14:01:08.640,1,0.5977930838259606,644.9173755205641,0.0,,1231595.363759884
2021-06-25 14:01:08.650,1,0.5607448615860064,642.5249765500274,0.0,,1226569.8634506974
2021-06-25 14:01:08.660,1,0.6941223853733335,652.4833573775636,0.0,,1247503.6894845979
2021-06-25 14:01:08.670,1,0.5769261852721711,647.42932263907,0.0,,1236871.6648375886
2021-06-25 14:01:08.680,1,0.5831613134088717,645.773595399246,0.0,,1233393.3466893157
2021-06-25 14:01:08.690,1,0.6506769957580292,650.4380889480158,0.0,,1243205.2205234957
2021-06-25 14:01:08.700,1,0.6337289069145204,651.7281687394433,0.0,,1245913.535332495
2021-06-25 14:01:08.710,1,0.659093324463384,648.3110072669373,0.0,,1238729.5505053527
2021-06-25 14:01:08.720,1,0.6457953014014808,642.4120215257283,0.0,,1226337.5161425592
2021-06-25 14:01:08.730,1,0.4954109421852828,653.9086015170806,0.0,,1250484.1758809453
2021-06-25 14:01:08.740,1,0.6847765301534801,648.8543471352856,0.0,,1239873.588778451
2021-06-25 14:01:08.750,1,0.5212009479793384,647.453349672868,0.0,,1236923.5154826534
2021-06-25 14:01:08.760,1,0.6478143056452335,652.2066801797032,0.0,,1246918.3103392022
2021-06-25 14:01:08.770,1,0.5991183874835874,653.3100761494948,0.0,,1249236.6040115857
2021-06-25 14:01:08.780,1,0.4956604917577368,644.7604290959991,0.0,,1231260.9053630917
2021-06-25 14:01:08.790,1,0.5595858147957381,648.9127703315943,0.0,,1239991.294943704
2021-06-25 14:01:08.800,1,0.6473982526603387,647.5404905457029,0.0,,1237108.8536561206
2021-06-25 14:01:08.810,1,0.5409045427928078,650.5998128926155,0.0,,1243536.116758707
2021-06-25 14:01:08.820,1,0.5241378164104267,654.1935012662208,0.0,,1251094.0879743828
2021-06-25 14:01:08.830,1,0.645113684177387,649.3927682536871,0.0,,1241002.7707681959
2021-06-25 14:01:08.840,1,0.6018038852885075,651.4126499957715,0.0,,1245247.063435956
2021-06-25 14:01:08.850,1,0.6139321438503158,644.7597128547175,0.0,,1231265.515357682
2021-06-25 14:01:08.860,1,0.5085312272463558,649.5925476596468,0.0,,1241419.8313196623
2021-06-25 14:01:08.870,1,0.4791503694726642,641.2165480066059,0.0,,1223822.2568343848
2021-06-25 14:01:08.880,1,0.5185198442984787,646.0139971122193,0.0,,1233897.4160360512
2021-06-25 14:01:08.890,1,0.4168671599161488,639.783132124732,0.0,,1220807.7893959272
2021-06-25 14:01:08.900,1,0.4347019722686946,649.0667312877513,0.0,,1240308.1875006566
2021-06-25 14:01:08.910,1,0.4663954347746591,640.2156853163567,0.0,,1221715.4239391277
2021-06-25 14:01:08.920,1,0.5990779963821944,641.3816322857748,0.0,,1224171.8261497812
2021-06-25 14:01:08.930,1,0.4351352777895093,646.2129905180191,0.0,,1234310.551203445
2021-06-25 14:01:08.940,1,0.5673771770061039,647.9735801469353,0.0,,1238019.3391762462
2021-06-25 14:01:08.950,1,0.500386713913441,647.1052888714629,0.0,,1236188.9579183292
2021-06-25 14:01:08.960,1,0.5536764323506458,638.7481586562473,0.0,,1218638.2222932563
2021-06-25 14:01:08.970,1,0.5460311723050639,642.4016140771607,0.0,,1226310.4429692563
2021-06-25 14:01:08.980,1,0.5054845703934403,641.1458397382587,0.0,,1223670.6557751144
2021-06-25 14:01:08.990,1,0.3935186385016933,645.0675467408503,0.0,,1231901.9515173626
2021-06-25 14:01:09.000,1,0.5178650825835877,636.0532920029357,0.0,,1212986.4621723571
2021-06-25 14:01:09.010,1,0.4322613538242973,641.7322462065001,0.0,,1224900.050766938
2021-06-25 14:01:09.020,1,0.4272705752601478,640.767984586471,0.0,,1222878.4471199124
2021-06-25 14:01:09.030,1,0.3793302943193955,638.7373497869822,0.0,,1218613.0789464577
2021-06-25 14:01:09.040,1,0.3979329035212625,635.4438856573837,0.0,,1211700.1886336424
2021-06-25 14:01:09.050,1,0.5542322548187371,639.5853852799172,0.0,,1220398.1132026345
2021-06-25 14:01:09.060,1,0.3902732935043399,638.0732545986433,0.0,,1217217.8716380778
2021-06-25 14:01:09.070,1,0.5197867819885511,639.026180760426,0.0,,1219226.4153131978
2021-06-25 14:01:09.080,1,0.4106467820507832,639.2252477433212,0.0,,1219637.0238855013
2021-06-25 14:01:09.090,1,0.5308506298132531,643.9464295943026,0.0,,1229554.2283498948
2021-06-25 14:01:09.100,1,0.4610932361193979,645.3964095757484,0.0,,1232598.1230391527
2021-06-25 14:01:09.110,1,0.4844773265865232,633.038486667269,0.0,,1206661.8095892998
2021-06-25 14:01:09.120,1,0.3804903413913148,639.9102264857521,0.0,,1221069.040347705
2021-06-25 14:01:09.130,1,0.3880711067041566,645.4800034402485,0.0,,1232767.5553602856
2021-06-25 14:01:09.140,1,0.3895653839667699,640.4834003066047,0.0,,1222274.5294383294
2021-06-25 14:01:09.150,1,0.4756959894248928,641.7412640832528,0.0,,1224918.8015102677
2021-06-25 14:01:09.160,1,0.469193448782444,649.6474096637653,0.0,,1241528.9750021913
2021-06-25 14:01:09.170,1,0.5515737321482448,641.8224097475339,0.0,,1225093.271587163
2021-06-25 14:01:09.180,1,0.5690451651096514,637.9716050326053,0.0,,1217011.8403219266
2021-06-25 14:01:09.190,1,0.5414907150518871,647.2078278334036,0.0,,1236405.5477115517
2021-06-25 14:01:09.200,1,0.5482672807619793,643.8289794445567,0.0,,1229309.2868446338
2021-06-25 14:01:09.210,1,0.5853472393224407,656.5507434632374,0.0,,1256054.920497143
2021-06-25 14:01:09.220,1,0.5376463475398838,644.4372057940102,0.0,,1230582.6035994072
2021-06-25 14:01:09.230,1,0.5596860003372517,643.7915917875579,0.0,,1229232.2479035102
2021-06-25 14:01:09.240,1,0.4229525639922726,650.2606042732938,0.0,,1242815.6620110837
2021-06-25 14:01:09.250,1,0.4382559918033759,648.2905547350423,0.0,,1238674.227481078
2021-06-25 14:01:09.260,1,0.4808465465228946,653.8077266379073,0.0,,1250279.3087244136
2021-06-25 14:01:09.270,1,0.4129527443184336,649.8972119546256,0.0,,1242051.8755786305
2021-06-25 14:01:09.280,1,0.5798465114319542,648.2868703738361,0.0,,1238675.7011878393
2021-06-25 14:01:09.290,1,0.6114379113756806,656.9371059255612,0.0,,1256867.0199364924
2021-06-25 14:01:09.300,1,0.5029217488453678,660.9418420413242,0.0,,1265297.08473241
2021-06-25 14:01:09.310,1,0.4608148346993108,656.3036629049792,0.0,,1255528.1585473907
2021-06-25 14:01:09.320,1,0.5963652818866035,660.5409995184298,0.0,,1264454.43541112
2021-06-25 14:01:09.330,1,0.6241976423299586,657.7132795981154,0.0,,1258503.4140481143
2021-06-25 14:01:09.340,1,0.5230210033429833,656.1594870787087,0.0,,1255229.7819077603
2021-06-25 14:01:09.350,1,0.6194444026966666,659.5347121602056,0.0,,1262334.7638898883
2021-06-25 14:01:09.360,1,0.5291788816685202,662.0533145920105,0.0,,1267639.264684752
2021-06-25 14:01:09.370,1,0.6233499639268786,659.9686316358725,0.0,,1263251.5935293073
2021-06-25 14:01:09.380,1,0.5590701748003147,659.4392712261676,0.0,,1262129.1902198247
2021-06-25 14:01:09.390,1,0.4788064984634193,659.2599477064158,0.0,,1261752.3427731446
2021-06-25 14:01:09.400,1,0.6140725699215133,666.9047993892307,0.0,,1277864.0080282094
2021-06-25 14:01:09.410,1,0.5877218638770685,660.7281241995547,0.0,,1264850.0939299923
2021-06-25 14:01:09.420,1,0.6355433370539354,665.4446136681431,0.0,,1274783.9833180918
2021-06-25 14:01:09.430,1,0.6182056966476352,665.9626066238103,0.0,,1275875.4672844165
2021-06-25 14:01:09.440,1,0.4422224185451605,660.370615632449,0.0,,1264090.1711716214
2021-06-25 14:01:09.450,1,0.4675211559613017,658.6380186166114,0.0,,1260442.454087094
2021-06-25 14:01:09.460,1,0.6462183302855193,662.1961429634588,0.0,,1267944.4939778042
2021-06-25 14:01:09.470,1,0.4968719011017796,664.9893709904346,0.0,,1273817.4463792273
2021-06-25 14:01:09.480,1,0.4835995811171882,665.693152998607,0.0,,1275302.6451294608
2021-06-25 14:01:09.490,1,0.5956351772507632,656.9647009801728,0.0,,1256923.7787866758
2021-06-25 14:01:09.500,1,0.549361117697014,669.3565853213017,0.0,,1283025.7828079385
2021-06-25 14:01:09.510,1,0.6044283824120574,660.6758539619727,0.0,,1264739.555548971
2021-06-25 14:01:09.520,1,0.5276834456060194,666.6285363821896,0.0,,1277276.9477013026
2021-06-25 14:01:09.530,1,0.5207335511598622,659.4976735368667,0.0,,1262252.824304818
2021-06-25 14:01:09.540,1,0.4104074124832127,663.5841675578116,0.0,,1270852.9109052548
2021-06-25 14:01:09.550,1,0.419904605624548,667.451793062053,0.0,,1279002.397807689
2021-06-25 14:01:09.560,1,0.5278340548953202,663.849156580262,0.0,,1271418.1119228387
2021-06-25 14:01:09.570,1,0.5207366989224311,660.8933193492777,0.0,,1265194.0640433133
2021-06-25 14:01:09.580,1,0.51776582637426,655.9647153767771,0.0,,1254817.252785588
2021-06-25 14:01:09.590,1,0.480361529522956,664.6520705895069,0.0,,1273109.8822831092
2021-06-25 14:01:09.600,1,0.4475648757174459,663.4985402702098,0.0,,1270677.2816678328
2021-06-25 14:01:09.610,1,0.4131811636296581,655.4430454056446,0.0,,1253711.9536387376
2021-06-25 14:01:09.620,1,0.4911296022831818,660.8956246412466,0.0,,1265195.75508141
2021-06-25 14:01:09.630,1,0.5073385509878109,655.465879519473,0.0,,1253772.7033653136
2021-06-25 14:01:09.640,1,0.3891078149028768,659.0828320275488,0.0,,1261371.1002067623
2021-06-25 14:01:09.650,1,0.4899619177692859,657.1266230219428,0.0,,1257263.069845885
2021-06-25 14:01:09.660,1,0.4693245710994156,664.4176900120026,0.0,,1272610.6067922479
2021-06-25 14:01:09.670,1,0.4581810175066101,660.59241419225,0.0,,1264556.1484415492
2021-06-25 14:01:09.680,1,0.5354522876500775,660.1955708500558,0.0,,1263725.0793757471
2021-06-25 14:01:09.690,1,0.4786578204925763,656.5896564713726,0.0,,1256133.7733765915
2021-06-25 14:01:09.700,1,0.361662921739703,655.1491848762751,0.0,,1253094.755528549
2021-06-25 14:01:09.710,1,0.3545135795714872,653.4854068998085,0.0,,1249593.8823061283
2021-06-25 14:01:09.720,1,0.3599989322198365,655.9571920056618,0.0,,1254796.1186789395
2021-06-25 14:01:09.730,1,0.4481278201689873,653.8882561310321,0.0,,1250448.8187828334
2021-06-25 14:01:09.740,1,0.4205742126628449,655.5505020874663,0.0,,1253941.7280290085
2021-06-25 14:01:09.750,1,0.4811229746155242,653.1991025187357,0.0,,1248998.4817746815
2021-06-25 14:01:09.760,1,0.3854146504707787,657.0231092103186,0.0,,1257033.7156959302
2021-06-25 14:01:09.770,1,0.4126027889841643,660.828673325184,0.0,,1265051.6742496323
2021-06-25 14:01:09.780,1,0.4130283614030471,660.9474229264941,0.0,,1265301.4647178762
2021-06-25 14:01:09.790,1,0.4673919188774593,654.1918152102825,0.0,,1251086.2335916285
2021-06-25 14:01:09.800,1,0.4633795224824524,651.387056556898,0.0,,1245187.4909238915
2021-06-25 14:01:09.810,1,0.4497652487526324,655.071091638202,0.0,,1252935.7076927593
2021-06-25 14:01:09.820,1,0.4368877165834506,654.3638885016543,0.0,,1251444.3198393083
2021-06-25 14:01:09.830,1,0.3757524171154924,658.3797895301577,0.0,,1259897.3255581672
2021-06-25 14:01:09.840,1,0.4874710930976471,653.1003904897333,0.0,,1248791.403027439
2021-06-25 14:01:09.850,1,0.4838966158735516,656.3978015256963,0.0,,1255728.035157081
2021-06-25 14:01:09.860,1,0.3489225138327699,656.0437670351469,0.0,,1254976.0892671314
2021-06-25 14:01:09.870,1,0.392768497925391,657.1014993160637,0.0,,1257205.4735249106
2021-06-25 14:01:09.880,1,0.3739192021808861,649.0246531759285,0.0,,1240214.7556692625
2021-06-25 14:01:09.890,1,0.5100471565604082,661.0957706083611,0.0,,1265619.8928930142
2021-06-25 14:01:09.900,1,0.388715638447161,655.349346450021,0.0,,1253517.2213492445
2021-06-25 14:01:09.910,1,0.4264383721764523,659.0155934922308,0.0,,1261236.5077129232
2021-06-25 14:01:09.920,1,0.5102811997946567,661.3845037309776,0.0,,1266225.455785804
2021-06-25 14:01:09.930,1,0.4605719181927399,663.2103645562332,0.0,,1270070.0224863496
2021-06-25 14:01:09.940,1,0.4994676415362079,659.9865605552973,0.0,,1263281.5667998986
2021-06-25 14:01:09.950,1,0.4365078428209358,660.3069145628781,0.0,,1263955.1261672906
2021-06-25 14:01:09.960,1,0.4318226849500661,667.2027623253284,0.0,,1278477.489431353
2021-06-25 14:01:09.970,1,0.4131573076035552,660.1945751000127,0.0,,1263717.4026190853
2021-06-25 14:01:09.980,1,0.3728354049647311,661.1392818631205,0.0,,1265704.9906670977
2021-06-25 14:01:09.990,1,0.3713781714145491,660.9681381279928,0.0,,1265340.69788224
2021-06-25 14:01:10.000,1,0.4154620610282345,664.8226182518273,0.0,,1273466.9201553308
2021-06-25 14:01:10.010,1,0.3948289504630239,662.6406113435473,0.0,,1268862.7100840516
2021-06-25 14:01:10.020,1,0.5602691745015049,664.7560369175576,0.0,,1273332.0321870344
2021-06-25 14:01:10.030,1,0.5392693424349104,662.0572624768241,0.0,,1267643.2434802495
2021-06-25 14:01:10.040,1,0.3906133217491466,664.0156514462966,0.0,,1271766.7378766318
2021-06-25 14:01:10.050,1,0.5077356621072094,663.0555459014076,0.0,,1269747.4617137695
2021-06-25 14:01:10.060,1,0.44161004377466,666.8299302577318,0.0,,1277698.4482027262
2021-06-25 14:01:10.070,1,0.4691420064453268,671.1065100423757,0.0,,1286714.3071172552
2021-06-25 14:01:10.080,1,0.5560664945022081,663.3470342027944,0.0,,1270360.7248108753
2021-06-25 14:01:10.090,1,0.5840629080450153,668.5690346108099,0.0,,1281371.3898567243
2021-06-25 14:01:10.100,1,0.6007154380550569,668.1900738634376,0.0,,1280571.3581518948
2021-06-25 14:01:10.110,1,0.5470991416279201,664.4244275379488,0.0,,1272636.501609037
2021-06-25 14:01:10.120,1,0.4247175136524244,662.639825576817,0.0,,1268869.9523482914
2021-06-25 14:01:10.130,1,0.5649601837793564,665.0077504682002,0.0,,1273865.1120085637
2021-06-25 14:01:10.140,1,0.4456324601662462,668.9481886158426,0.0,,1282162.7226618738
2021-06-25 14:01:10.150,1,0.4915090202460372,659.7368735420578,0.0,,1262756.772490296
2021-06-25 14:01:10.160,1,0.4410816062000122,666.0219711372198,0.0,,1275995.5787210176
2021-06-25 14:01:10.170,1,0.5117761418396722,662.6476281481299,0.0,,1268888.1773594273
2021-06-25 14:01:10.180,1,0.4824422675107416,660.9974884395066,0.0,,1265409.4768998304
2021-06-25 14:01:10.190,1,0.5782999568240793,653.969816575831,0.0,,1250623.145560856
2021-06-25 14:01:10.200,1,0.5552321433014943,661.3368780152794,0.0,,1266128.6587816125
2021-06-25 14:01:10.210,1,0.5066004752205201,658.4349488634664,0.0,,1260020.694901655
2021-06-25 14:01:10.220,1,0.4160284160464316,660.066621381663,0.0,,1263448.4445763926
2021-06-25 14:01:10.230,1,0.3930407521970113,661.5790728135902,0.0,,1266630.981240293
2021-06-25 14:01:10.240,1,0.4665486001542686,653.85619825125,0.0,,1250380.7445335558
2021-06-25 14:01:10.250,1,0.5695779200311291,656.7881986442526,0.0,,1256554.8787189473
2021-06-25 14:01:10.260,1,0.538718532366097,657.4714100877379,0.0,,1257989.8178021351
2021-06-25 14:01:10.270,1,0.4040823204061848,651.0877958657072,0.0,,1244553.3782796536
2021-06-25 14:01:10.280,1,0.371355347466988,654.073101189252,0.0,,1250833.0762374885
2021-06-25 14:01:10.290,1,0.371348126446988,646.8560273441393,0.0,,1235660.0199049502
2021-06-25 14:01:10.300,1,0.4277570298306758,650.2692885218571,0.0,,1242833.9360795412
2021-06-25 14:01:10.310,1,0.4448256588960897,651.7635605246959,0.0,,1245979.4039646427
2021-06-25 14:01:10.320,1,0.3750124746267617,651.9451794523598,0.0,,1246353.329845681
2021-06-25 14:01:10.330,1,0.3972186176154442,643.4090845241736,0.0,,1228418.0035403878
2021-06-25 14:01:10.340,1,0.4842799406196637,647.9642847489747,0.0,,1237995.1571547277
2021-06-25 14:01:10.350,1,0.3658010855354942,647.4536974070883,0.0,,1236914.1035844914
2021-06-25 14:01:10.360,1,0.3970252184420166,648.0688647895943,0.0,,1238209.7875615878
2021-06-25 14:01:10.370,1,0.3917213196690431,652.4004855137132,0.0,,1247312.4000288977
2021-06-25 14:01:10.380,1,0.5062893036172439,647.9060938013072,0.0,,1237872.9018922667
2021-06-25 14:01:10.390,1,0.3794768631920731,648.8853912257331,0.0,,1239922.3312317426
2021-06-25 14:01:10.400,1,0.3993149036873487,649.9165776235011,0.0,,1242089.793050809
2021-06-25 14:01:10.410,1,0.4562089654129439,644.9350121825818,0.0,,1231626.0885858568
2021-06-25 14:01:10.420,1,0.4662902370606412,652.7584797277892,0.0,,1248070.040718382
2021-06-25 14:01:10.430,1,0.4507249156506886,642.6592107581916,0.0,,1226848.2642647948
2021-06-25 14:01:10.440,1,0.4401245069518962,642.2966861517773,0.0,,1226085.0517268386
2021-06-25 14:01:10.450,1,0.3357015925175489,646.9072695081179,0.0,,1235765.6094240854
2021-06-25 14:01:10.460,1,0.347040810608878,648.0137736661334,0.0,,1238091.0683535782
2021-06-25 14:01:10.470,1,0.4027637515450525,646.3502260446327,0.0,,1234593.633522064
2021-06-25 14:01:10.480,1,0.3248093236050985,648.5172915810323,0.0,,1239150.5339300984
2021-06-25 14:01:10.490,1,0.4713829815866691,642.4952696756189,0.0,,1226504.3682548387
2021-06-25 14:01:10.500,1,0.4200587928089869,640.5850063349246,0.0,,1222489.9025056101
2021-06-25 14:01:10.510,1,0.4127230761008426,644.6580898582656,0.0,,1231041.1593488655
2021-06-25 14:01:10.520,1,0.4527550686988236,645.311968709571,0.0,,1232417.9153758772
2021-06-25 14:01:10.530,1,0.3244504685508346,644.9969468880663,0.0,,1231751.34454956
2021-06-25 14:01:10.540,1,0.4001128268054515,651.3206447291062,0.0,,1245042.1614000534
2021-06-25 14:01:10.550,1,0.3690235661557106,650.657608349523,0.0,,1243645.79237507
2021-06-25 14:01:10.560,1,0.3403847351916805,645.1926659625615,0.0,,1232164.9591140316
2021-06-25 14:01:10.570,1,0.3911504177481061,649.9480537073858,0.0,,1242156.9291288098
2021-06-25 14:01:10.580,1,0.342221198619195,651.6996281986452,0.0,,1245837.9886110064
2021-06-25 14:01:10.590,1,0.4027013461273089,653.3803438258658,0.0,,1249376.6086477197
2021-06-25 14:01:10.600,1,0.4802169922712729,643.3874476766899,0.0,,1228378.777381372
2021-06-25 14:01:10.610,1,0.4453268481087322,653.9138804602318,0.0,,1250498.7120316445
2021-06-25 14:01:10.620,1,0.3951885821644016,652.1876518600368,0.0,,1246863.57535449
2021-06-25 14:01:10.630,1,0.4644340277854074,655.6576836601799,0.0,,1254171.0507440062
2021-06-25 14:01:10.640,1,0.415451892907428,651.7128818901333,0.0,,1245869.781206646
2021-06-25 14:01:10.650,1,0.399135045164679,653.5410348357607,0.0,,1249711.0776312847
2021-06-25 14:01:10.660,1,0.4805676540520099,652.8341715734258,0.0,,1248232.0287613098
2021-06-25 14:01:10.670,1,0.3973117764139968,653.8782350222468,0.0,,1250424.577617792
2021-06-25 14:01:10.680,1,0.4517996163946955,651.5129847580737,0.0,,1245453.268415234
2021-06-25 14:01:10.690,1,0.3966794665679961,654.1953143859946,0.0,,1251091.6414842582
2021-06-25 14:01:10.700,1,0.5260634532320296,656.8268882887138,0.0,,1256633.3855858704
2021-06-25 14:01:10.710,1,0.5190843974441969,660.2062497031221,0.0,,1263748.4269953228
2021-06-25 14:01:10.720,1,0.5357200603930635,653.0500010641803,0.0,,1248685.6038456887
2021-06-25 14:01:10.730,1,0.4933585601581539,660.346726246917,0.0,,1264038.1787431387
2021-06-25 14:01:10.740,1,0.3804203361412152,660.3507374096454,0.0,,1264042.4997150383
2021-06-25 14:01:10.750,1,0.4010557523047092,657.5175884180754,0.0,,1258076.4366691944
2021-06-25 14:01:10.760,1,0.5617129548952166,654.7312598482098,0.0,,1252227.6059673305
2021-06-25 14:01:10.770,1,0.4491055839415528,662.7738067969765,0.0,,1269149.8933657967
2021-06-25 14:01:10.780,1,0.4065239619468013,658.0003899452614,0.0,,1259096.3338027068
2021-06-25 14:01:10.790,1,0.4260527211074842,656.1722571215853,0.0,,1255253.1908203962
2021-06-25 14:01:10.800,1,0.4989939493330333,656.395890854682,0.0,,1255725.6354258386
2021-06-25 14:01:10.810,1,0.5558289944369619,662.9503702997772,0.0,,1269528.1656482657
2021-06-25 14:01:10.820,1,0.5000276869386766,654.1219369993493,0.0,,1250943.410087309
2021-06-25 14:01:10.830,1,0.513574096261083,662.0919829494894,0.0,,1267715.5031235095
2021-06-25 14:01:10.840,1,0.4604881411366167,663.5397072067732,0.0,,1270760.7976509281
2021-06-25 14:01:10.850,1,0.6128280783021368,662.108088549663,0.0,,1267755.299279509
2021-06-25 14:01:10.860,1,0.4966935983136133,656.6184737670667,0.0,,1256195.3690343818
2021-06-25 14:01:10.870,1,0.5447646269115309,656.2835029192262,0.0,,1255492.3737198277
2021-06-25 14:01:10.880,1,0.4737454347379676,653.8682047449232,0.0,,1250404.6033480528
2021-06-25 14:01:10.890,1,0.5307597590497835,658.731481761504,0.0,,1260640.4813792214
2021-06-25 14:01:10.900,1,0.4951996651363185,658.7371422388172,0.0,,1260651.845062952
2021-06-25 14:01:10.910,1,0.4764488617207309,657.7806623812005,0.0,,1258637.479489326
2021-06-25 14:01:10.920,1,0.4248420583696984,657.5973742487907,0.0,,1258246.8016692384
2021-06-25 14:01:10.930,1,0.4459484238118332,654.0805886483997,0.0,,1250850.9138066568
2021-06-25 14:01:10.940,1,0.5190848937681924,652.4189990866944,0.0,,1247358.9762353902
2021-06-25 14:01:10.950,1,0.6035024811040439,656.3281724038471,0.0,,1255588.1827539057
2021-06-25 14:01:10.960,1,0.5580163609228432,654.7692352641212,0.0,,1252305.9557056315
2021-06-25 14:01:10.970,1,0.5327528567765519,656.20334702744,0.0,,1255322.8163104642
2021-06-25 14:01:10.980,1,0.4298030004618279,648.7480948216257,0.0,,1239632.8855300576
2021-06-25 14:01:10.990,1,0.5868147978869455,646.2335908485791,0.0,,1234360.9750531989
2021-06-25 14:01:11.000,1,0.4810755139773791,653.0170109953507,0.0,,1248614.757926208
2021-06-25 14:01:11.010,1,0.4319016643191128,650.2707850392827,0.0,,1242838.2358403762
2021-06-25 14:01:11.020,1,0.4086277532700548,651.9815776702062,0.0,,1246436.861224336
2021-06-25 14:01:11.030,1,0.5063342897664167,653.1726877585153,0.0,,1248945.600957585
2021-06-25 14:01:11.040,1,0.4661215676448782,649.7176611536852,0.0,,1241679.939257113
2021-06-25 14:01:11.050,1,0.3891459174643555,652.7686165313702,0.0,,1248090.3177455533
2021-06-25 14:01:11.060,1,0.4765608117930132,653.2697503306499,0.0,,1249145.0638741776
2021-06-25 14:01:11.070,1,0.3839385396358252,652.3614587490014,0.0,,1247231.8411036176
2021-06-25 14:01:11.080,1,0.4467673154823606,649.8173278603366,0.0,,1241882.9512156653
2021-06-25 14:01:11.090,1,0.5188226945370161,648.9414666685273,0.0,,1240051.6147931544
2021-06-25 14:01:11.100,1,0.4233210872527977,658.4256782642225,0.0,,1259995.961345506
2021-06-25 14:01:11.110,1,0.3694934893477415,649.6512096580321,0.0,,1241533.7745151776
2021-06-25 14:01:11.120,1,0.4555054214480516,653.2236710842724,0.0,,1249052.2920239514
2021-06-25 14:01:11.130,1,0.4417397358896734,653.2704682694584,0.0,,1249147.2363592517
2021-06-25 14:01:11.140,1,0.3571817804799014,656.2943193657674,0.0,,1255503.5798641783
2021-06-25 14:01:11.150,1,0.3907467391327693,652.067496604078,0.0,,1246616.4576189874
2021-06-25 14:01:11.160,1,0.5033067944471262,657.1371146048208,0.0,,1257284.9892628258
2021-06-25 14:01:11.170,1,0.3816361170310257,661.4953950753659,0.0,,1266456.025361838
2021-06-25 14:01:11.180,1,0.4285162511257515,654.4643026348465,0.0,,1251656.6049530958
2021-06-25 14:01:11.190,1,0.4039272036134121,661.1684345158188,0.0,,1265766.1261903949
2021-06-25 14:01:11.200,1,0.3536924876843907,654.5410714519993,0.0,,1251814.672191169
2021-06-25 14:01:11.210,1,0.3618672663943625,659.2707901659865,0.0,,1261771.2834833784
2021-06-25 14:01:11.220,1,0.4254465369297626,655.0095262233654,0.0,,1252802.5579356176
2021-06-25 14:01:11.230,1,0.4308616825234753,653.8134026350672,0.0,,1250290.3414787813
2021-06-25 14:01:11.240,1,0.4592630909058149,666.0918419798539,0.0,,1276140.969073573
2021-06-25 14:01:11.250,1,0.3447650576916143,662.9098617340644,0.0,,1269431.7404528284
2021-06-25 14:01:11.260,1,0.4197886017279348,662.8011646276932,0.0,,1269205.081185452
2021-06-25 14:01:11.270,1,0.4863064110073875,673.0113119685209,0.0,,1290733.9269245914
2021-06-25 14:01:11.280,1,0.360666058545811,666.3112008989748,0.0,,1276599.7131845052
2021-06-25 14:01:11.290,1,0.3964780282623483,661.8556301467936,0.0,,1267214.120589072
2021-06-25 14:01:11.300,1,0.3534697161456112,665.6239903445753,0.0,,1275152.9949333821
2021-06-25 14:01:11.310,1,0.4148593923423952,663.1918213748859,0.0,,1270028.7260813564
2021-06-25 14:01:11.320,1,0.4523992023033995,662.7523474198197,0.0,,1269105.1876150884
2021-06-25 14:01:11.330,1,0.3546128292316379,667.0613957624918,0.0,,1278177.5931807572
2021-06-25 14:01:11.340,1,0.3827940054283901,670.9996045544967,0.0,,1286481.3651137687
2021-06-25 14:01:11.350,1,0.4008744954360561,665.6614502471062,0.0,,1275232.9091405845
2021-06-25 14:01:11.360,1,0.4568278747189352,669.5916187090768,0.0,,1283519.2085498257
2021-06-25 14:01:11.370,1,0.3849437699465756,669.3552657938486,0.0,,1283014.6797189417
2021-06-25 14:01:11.380,1,0.5596806038594254,666.7195465254002,0.0,,1277467.1166249267
2021-06-25 14:01:11.390,1,0.5411836697119285,667.6764821152782,0.0,,1279485.608537847
2021-06-25 14:01:11.400,1,0.5500404287303411,667.5412863737694,0.0,,1279198.703140178
2021-06-25 14:01:11.410,1,0.421901925673461,670.8609814586753,0.0,,1286193.9992849978
2021-06-25 14:01:11.420,1,0.5059897320024296,669.038110008592,0.0,,1282353.122607928
2021-06-25 14:01:11.430,1,0.4201463753697861,664.9396031408583,0.0,,1273710.4064354028
2021-06-25 14:01:11.440,1,0.4602119798191518,671.0348151069372,0.0,,1286560.8746800653
2021-06-25 14:01:11.450,1,0.5074254804139775,662.1172414061323,0.0,,1267770.3470139585
2021-06-25 14:01:11.460,1,0.4195505903917753,666.5389188727581,0.0,,1277080.516880729
2021-06-25 14:01:11.470,1,0.4665526003931713,663.3466839457433,0.0,,1270358.8963235149
2021-06-25 14:01:11.480,1,0.5836383439474155,664.8992317654806,0.0,,1273635.759595971
2021-06-25 14:01:11.490,1,0.5305628227730789,661.7786311000067,0.0,,1267059.5833947074
2021-06-25 14:01:11.500,1,0.5596037760656093,660.6425840282573,0.0,,1264668.203362976
2021-06-25 14:01:11.510,1,0.4473945474404604,668.2773417071986,0.0,,1280745.3044331179
2021-06-25 14:01:11.520,1,0.4275604328389012,663.7392870201269,0.0,,1271181.2329377707
2021-06-25 14:01:11.530,1,0.4797791824651675,667.7130988650595,0.0,,1279561.4861946474
2021-06-25 14:01:11.540,1,0.6056869819430276,663.0874181722422,0.0,,1269816.7785651486
2021-06-25 14:01:11.550,1,0.5157040228204944,667.1832559556427,0.0,,1278442.6430389353
2021-06-25 14:01:11.560,1,0.5194200194710796,658.9598620374608,0.0,,1261124.681230727
2021-06-25 14:01:11.570,1,0.6176218698037448,654.3491854433081,0.0,,1251423.9010391003
2021-06-25 14:01:11.580,1,0.5067501562470985,660.7155423152968,0.0,,1264820.6934175491
2021-06-25 14:01:11.590,1,0.5097603346686203,660.9736729414393,0.0,,1265365.675105859
2021-06-25 14:01:11.600,1,0.6320796525146098,659.3476949104654,0.0,,1261946.4275529047
2021-06-25 14:01:11.610,1,0.4881011567929226,655.0782149866743,0.0,,1252952.5967327708
2021-06-25 14:01:11.620,1,0.6056554553003353,654.7530630137724,0.0,,1252271.1150553494
2021-06-25 14:01:11.630,1,0.6008934288405388,649.3529042235317,0.0,,1240915.0914363086
2021-06-25 14:01:11.640,1,0.6164251996441509,648.7798821613009,0.0,,1239717.7525566588
2021-06-25 14:01:11.650,1,0.5022499275181068,651.6073298107901,0.0,,1245648.7338937244
2021-06-25 14:01:11.660,1,0.5535530585219652,650.8451097749926,0.0,,1244052.0204480754
2021-06-25 14:01:11.670,1,0.4686814764124386,651.1581797135135,0.0,,1244708.4058297828
2021-06-25 14:01:11.680,1,0.6347691131964656,654.0191250770629,0.0,,1250732.8092263767
2021-06-25 14:01:11.690,1,0.5579387904719242,649.1585337434792,0.0,,1240504.516286353
2021-06-25 14:01:11.700,1,0.5982626430107265,654.0881385042704,0.0,,1250876.0271368935
2021-06-25 14:01:11.710,1,0.5902329687803111,650.6348302402267,0.0,,1243614.0913863548
2021-06-25 14:01:11.720,1,0.4811317810443304,652.0705446904423,0.0,,1246624.7945720828
2021-06-25 14:01:11.730,1,0.5822340666236571,650.5473980760192,0.0,,1243431.4784114917
2021-06-25 14:01:11.740,1,0.6109261335186225,648.2182476396885,0.0,,1238532.3355156265
2021-06-25 14:01:11.750,1,0.5757691004355268,645.7645591758533,0.0,,1233373.6646889828
2021-06-25 14:01:11.760,1,0.5559643095759103,650.2791510217095,0.0,,1242861.0804007084
2021-06-25 14:01:11.770,1,0.413918323054206,649.5103003957572,0.0,,1241238.693203262
2021-06-25 14:01:11.780,1,0.4304166876602408,652.0777248956542,0.0,,1246638.3460997962
2021-06-25 14:01:11.790,1,0.5661424006650339,649.4652928747581,0.0,,1241152.4709358697
2021-06-25 14:01:11.800,1,0.580050472419201,648.7854715121794,0.0,,1239721.3213300307
2021-06-25 14:01:11.810,1,0.5739381766414584,646.5994821933627,0.0,,1235129.462673352
2021-06-25 14:01:11.820,1,0.508644111377775,646.988703063096,0.0,,1235944.9830613267
2021-06-25 14:01:11.830,1,0.4570065893449244,650.4071422497727,0.0,,1243126.050437312
2021-06-25 14:01:11.840,1,0.4660443949573969,649.6347923369162,0.0,,1241507.2512735368
2021-06-25 14:01:11.850,1,0.4303457439233025,644.1344595822387,0.0,,1229942.0368815204
2021-06-25 14:01:11.860,1,0.5060465235946741,653.480314643315,0.0,,1249589.5129520085
2021-06-25 14:01:11.870,1,0.4124676495638564,649.9846378656947,0.0,,1242238.4271389013
2021-06-25 14:01:11.880,1,0.4652887843797151,647.8168924521141,0.0,,1237681.5909616156
2021-06-25 14:01:11.890,1,0.3878451178467879,653.2970705802957,0.0,,1249197.8760486029
2021-06-25 14:01:11.900,1,0.3863683823652984,652.3339550599648,0.0,,1247178.096738066
2021-06-25 14:01:11.910,1,0.3964260164295891,652.7973673065583,0.0,,1248150.2418717002
2021-06-25 14:01:11.920,1,0.5372860904310228,653.678537407514,0.0,,1250008.6962306818
2021-06-25 14:01:11.930,1,0.4964208001165867,651.8431851112903,0.0,,1246149.6381472368
2021-06-25 14:01:11.940,1,0.5140121808446668,650.1883785919365,0.0,,1242672.5769651604
2021-06-25 14:01:11.950,1,0.3841053801327129,648.6328765759138,0.0,,1239394.176934948
2021-06-25 14:01:11.960,1,0.3729297261591479,655.0801734539598,0.0,,1252950.5377656044
2021-06-25 14:01:11.970,1,0.4257860906081162,654.1058435516193,0.0,,1250907.491050802
2021-06-25 14:01:11.980,1,0.4829302582010075,654.2789015725182,0.0,,1251270.2870373458
2021-06-25 14:01:11.990,1,0.3891292759211473,649.2009889191711,0.0,,1240587.998706575
2021-06-25 14:01:12.000,1,0.5237816015751751,657.2178294197447,0.0,,1257458.7435389291
2021-06-25 14:01:12.010,1,0.4335583188195937,650.3197265473183,0.0,,1242942.1064875831
2021-06-25 14:01:12.020,1,0.3945011095373248,655.3980980370152,0.0,,1253619.860767506
2021-06-25 14:01:12.030,1,0.4966556215073393,659.1796766909736,0.0,,1261584.8730039552
2021-06-25 14:01:12.040,1,0.4366230279681368,658.7374378278995,0.0,,1260648.9017176176
2021-06-25 14:01:12.050,1,0.505117759443634,659.2390062457258,0.0,,1261706.7950202865
2021-06-25 14:01:12.060,1,0.3822712021952207,645.8470404594394,0.0,,1233539.1647999755
2021-06-25 14:01:12.070,1,0.5414510531389687,654.7925218326609,0.0,,1252351.3658224049
2021-06-25 14:01:12.080,1,0.5242225623882649,651.6338928990192,0.0,,1245706.031389929
2021-06-25 14:01:12.090,1,0.4855714390411759,655.1501521825685,0.0,,1253104.1098377544
2021-06-25 14:01:12.100,1,0.4606719932337152,650.3940968296642,0.0,,1243097.2545512957
2021-06-25 14:01:12.110,1,0.5221712983291196,653.2731237474742,0.0,,1249156.6193863894
2021-06-25 14:01:12.120,1,0.5506116249015501,648.5304826508049,0.0,,1239185.937000173
2021-06-25 14:01:12.130,1,0.5504792128558693,652.2840443302052,0.0,,1247077.8759951724
2021-06-25 14:01:12.140,1,0.4248245910408064,656.0092494786658,0.0,,1254906.6171100866
2021-06-25 14:01:12.150,1,0.5375428629066906,650.4099908175237,0.0,,1243132.2847673018
2021-06-25 14:01:12.160,1,0.4956207356893348,652.5054786062931,0.0,,1247537.8430118083
2021-06-25 14:01:12.170,1,0.5469582249318341,649.248399000434,0.0,,1240694.3748150335
2021-06-25 14:01:12.180,1,0.4489373067469239,644.9784588524632,0.0,,1231717.2179091417
2021-06-25 14:01:12.190,1,0.6225321960551657,654.8158641865167,0.0,,1252408.4488227011
2021-06-25 14:01:12.200,1,0.4477393682300803,643.2595669922632,0.0,,1228107.2642300266
2021-06-25 14:01:12.210,1,0.6381183818994463,644.8344773418966,0.0,,1231425.810037871
2021-06-25 14:01:12.220,1,0.5885855374928771,646.8258533183993,0.0,,1235607.9278938156
2021-06-25 14:01:12.230,1,0.4644085851190364,642.8277499297575,0.0,,1227201.539763223
2021-06-25 14:01:12.240,1,0.5548194638099025,641.0573388030216,0.0,,1223488.7059633422
2021-06-25 14:01:12.250,1,0.5662145185661372,648.0136320440688,0.0,,1238101.32196564
2021-06-25 14:01:12.260,1,0.4740200068910624,647.2999057315836,0.0,,1236598.838990184
2021-06-25 14:01:12.270,1,0.5893322343875215,643.7181497031303,0.0,,1229075.5968514958
2021-06-25 14:01:12.280,1,0.60150433225481,646.6028979895267,0.0,,1235142.0095983925
2021-06-25 14:01:12.290,1,0.4439940164232696,640.2051648243123,0.0,,1221697.2838460193
2021-06-25 14:01:12.300,1,0.5779551540310309,639.403788769133,0.0,,1220019.8433651512
2021-06-25 14:01:12.310,1,0.541421233438906,639.9184791726809,0.0,,1221100.1398899995
2021-06-25 14:01:12.320,1,0.4692449459699095,641.4511530020363,0.0,,1224309.604898004
2021-06-25 14:01:12.330,1,0.5253064682104887,642.9269550843612,0.0,,1227414.3431693222
2021-06-25 14:01:12.340,1,0.4797343523042391,639.4574538580417,0.0,,1220126.5269461272
2021-06-25 14:01:12.350,1,0.5607826460273805,639.1701126332111,0.0,,1219527.170423388
2021-06-25 14:01:12.360,1,0.4414846165585543,641.3271628454722,0.0,,1224047.9391624676
2021-06-25 14:01:12.370,1,0.5856666604952022,645.8222719458657,0.0,,1233498.6690634799
2021-06-25 14:01:12.380,1,0.6205678307031994,637.5171862700164,0.0,,1216058.9943186853
2021-06-25 14:01:12.390,1,0.459988722832434,639.2891506900402,0.0,,1219778.555104462
2021-06-25 14:01:12.400,1,0.4715604199394401,636.6295381440267,0.0,,1214195.3900425627
2021-06-25 14:01:12.410,1,0.5203492495033804,644.858270300544,0.0,,1231467.8098244832
2021-06-25 14:01:12.420,1,0.4375268289734508,638.0014122253452,0.0,,1217072.0062705802
2021-06-25 14:01:12.430,1,0.4316419051475069,643.9838866944198,0.0,,1229627.9529716123
2021-06-25 14:01:12.440,1,0.6263407123193737,633.7947162770932,0.0,,1208254.8101537575
2021-06-25 14:01:12.450,1,0.5655240199145686,637.5716162157893,0.0,,1216176.3776782816
2021-06-25 14:01:12.460,1,0.4415785334530561,634.6651739180196,0.0,,1210067.8980842477
2021-06-25 14:01:12.470,1,0.5400920429881146,639.7522750156484,0.0,,1220745.892021322
2021-06-25 14:01:12.480,1,0.5315896895472211,643.0570812568719,0.0,,1227689.1868199336
2021-06-25 14:01:12.490,1,0.4922248940029189,642.0692339146922,0.0,,1225608.2816844718
2021-06-25 14:01:12.500,1,0.4079939155291863,645.9926768755367,0.0,,1233843.708225393
2021-06-25 14:01:12.510,1,0.5561816406355713,642.3486205826554,0.0,,1226197.9859116543
2021-06-25 14:01:12.520,1,0.439388089616509,642.9091214257253,0.0,,1227372.2835694528
2021-06-25 14:01:12.530,1,0.4948870614529577,647.9128394267532,0.0,,1237887.4265985857
2021-06-25 14:01:12.540,1,0.4185967325992209,644.9323185496921,0.0,,1231621.9737029758
2021-06-25 14:01:12.550,1,0.5265367946836104,640.9617326805359,0.0,,1223285.8848907852
2021-06-25 14:01:12.560,1,0.4144628180612343,651.3560235007441,0.0,,1245115.1873423846
2021-06-25 14:01:12.570,1,0.491106559211992,648.2688579078585,0.0,,1238632.7516535704
2021-06-25 14:01:12.580,1,0.5221404500321762,646.5163854736693,0.0,,1234953.0319317442
2021-06-25 14:01:12.590,1,0.4436436019287574,648.6876905122001,0.0,,1239509.8266475168
2021-06-25 14:01:12.600,1,0.3734829697223508,645.0751346316891,0.0,,1231918.4429996265
2021-06-25 14:01:12.610,1,0.4306806941057299,650.1845030226093,0.0,,1242658.6079312777
2021-06-25 14:01:12.620,1,0.4422385436109621,653.4863374257172,0.0,,1249600.8597426596
2021-06-25 14:01:12.630,1,0.4286988248053883,648.6299334855509,0.0,,1239388.283211214
2021-06-25 14:01:12.640,1,0.3814486364329767,656.2331826729476,0.0,,1255379.1872175669
2021-06-25 14:01:12.650,1,0.4405542595611272,651.2269905212596,0.0,,1244849.3649165116
2021-06-25 14:01:12.660,1,0.4509178233844024,656.5138501954672,0.0,,1255971.093102115
2021-06-25 14:01:12.670,1,0.4429045589183338,648.893652041007,0.0,,1239946.4553864363
2021-06-25 14:01:12.680,1,0.5298331919097595,655.364940039826,0.0,,1253559.100283609
2021-06-25 14:01:12.690,1,0.3595296185584253,653.7298462652766,0.0,,1250107.987947208
2021-06-25 14:01:12.700,1,0.3878207819151703,657.329479448226,0.0,,1257679.3582071154
2021-06-25 14:01:12.710,1,0.4038784392079058,651.963207992401,0.0,,1246393.145438511
2021-06-25 14:01:12.720,1,0.3787065219096498,664.5592506654525,0.0,,1272907.4366567591
2021-06-25 14:01:12.730,1,0.5233102859602718,655.9830718099681,0.0,,1254855.808063558
2021-06-25 14:01:12.740,1,0.3768821472554258,664.0948538275325,0.0,,1271928.8763201283
2021-06-25 14:01:12.750,1,0.4204010196730963,659.3458574913066,0.0,,1261930.0035243218
2021-06-25 14:01:12.760,1,0.3836520293086576,655.40788760585,0.0,,1253639.4321534517
2021-06-25 14:01:12.770,1,0.4279643767674572,654.4757619321168,0.0,,1251683.0647134832
2021-06-25 14:01:12.780,1,0.4754321574746615,661.1361071674452,0.0,,1265701.3217443197
2021-06-25 14:01:12.790,1,0.4841522256218877,661.5041597229697,0.0,,1266476.5400007027
2021-06-25 14:01:12.800,1,0.4619426993290057,652.892715678277,0.0,,1248353.4948275967
2021-06-25 14:01:12.810,1,0.5404817727329146,660.2629910537529,0.0,,1263868.814812935
2021-06-25 14:01:12.820,1,0.4431513908802961,651.7271326126241,0.0,,1245899.8759917514
2021-06-25 14:01:12.830,1,0.4456029318728389,659.1283402628748,0.0,,1261476.8516898726
2021-06-25 14:01:12.840,1,0.4431397724867125,654.6669312229362,0.0,,1252083.8931359376
2021-06-25 14:01:12.850,1,0.4612367407982579,657.0164829063642,0.0,,1257030.2721811084
2021-06-25 14:01:12.860,1,0.4593675203726513,652.5853408181288,0.0,,1247708.824642647
2021-06-25 14:01:12.870,1,0.5549759189299576,657.0374537907155,0.0,,1257078.5448616084
2021-06-25 14:01:12.880,1,0.5371973515708643,653.7288684862259,0.0,,1250116.98564286
2021-06-25 14:01:12.890,1,0.44609385307857,651.6286552064838,0.0,,1245691.119804127
2021-06-25 14:01:12.900,1,0.4721301113658228,647.222763160487,0.0,,1236435.9692229684
2021-06-25 14:01:12.910,1,0.4642607496864146,655.1006890983124,0.0,,1252996.6166392653
2021-06-25 14:01:12.920,1,0.5895784755623622,650.8212367724409,0.0,,1244004.226847925
2021-06-25 14:01:12.930,1,0.4572926722650912,658.0381090640227,0.0,,1259178.2069880248
2021-06-25 14:01:12.940,1,0.4141286019289664,654.3968086181485,0.0,,1251511.3207517453
2021-06-25 14:01:12.950,1,0.4171113767163736,655.12737222277,0.0,,1253052.4867913018
2021-06-25 14:01:12.960,1,0.4714610046981189,649.8723181537953,0.0,,1242002.5638427043
2021-06-25 14:01:12.970,1,0.5265478226847828,651.9234502474383,0.0,,1246321.0737915277
2021-06-25 14:01:12.980,1,0.4793399146918877,649.3992478059703,0.0,,1241009.7178254605
2021-06-25 14:01:12.990,1,0.5870797937139651,651.658573757378,0.0,,1245763.6321851776
2021-06-25 14:01:13.000,1,0.5349526376787378,654.6380860781456,0.0,,1252025.6057403253
2021-06-25 14:01:13.010,1,0.4742675493129515,647.5991713465437,0.0,,1237223.7485782101
2021-06-25 14:01:13.020,1,0.6057088884616311,648.6422481411507,0.0,,1239423.864370692
2021-06-25 14:01:13.030,1,0.5251169849815153,649.0460718413806,0.0,,1240264.9104705772
2021-06-25 14:01:13.040,1,0.5989976098798995,648.4811465511742,0.0,,1239086.7027079046
2021-06-25 14:01:13.050,1,0.5031585683258939,648.9006225104523,0.0,,1239962.2989201334
2021-06-25 14:01:13.060,1,0.5239690286584403,642.717130136168,0.0,,1226971.6636211195
2021-06-25 14:01:13.070,1,0.4696617916660977,648.3037373101595,0.0,,1238706.1212802867
2021-06-25 14:01:13.080,1,0.6414048777719493,645.6885596270217,0.0,,1233221.2637030757
2021-06-25 14:01:13.090,1,0.5666772543738667,651.0093063594952,0.0,,1244398.3840879835
2021-06-25 14:01:13.100,1,0.5877591910164827,651.0928760215282,0.0,,1244575.205838409
2021-06-25 14:01:13.110,1,0.6070302286307876,650.9811734458281,0.0,,1244337.4306196764
2021-06-25 14:01:13.120,1,0.5892293261174871,639.0822155678371,0.0,,1219345.1146027066
2021-06-25 14:01:13.130,1,0.4190506827770194,651.7164934503128,0.0,,1245874.4106728295
2021-06-25 14:01:13.140,1,0.5723941395953704,650.1271266662794,0.0,,1242547.5045823946
2021-06-25 14:01:13.150,1,0.4435928826440284,651.1852554908933,0.0,,1244762.9701121356
2021-06-25 14:01:13.160,1,0.4304608545756051,652.7443730036634,0.0,,1248039.8948276096
2021-06-25 14:01:13.170,1,0.4397127161885934,650.0987020795174,0.0,,1242478.39756836
2021-06-25 14:01:13.180,1,0.4664944485367677,648.5403202183464,0.0,,1239203.5735388363
2021-06-25 14:01:13.190,1,0.4720947286685205,654.1009482625744,0.0,,1250893.6066446714
2021-06-25 14:01:13.200,1,0.4797456343499527,655.0833392963763,0.0,,1252958.728834245
2021-06-25 14:01:13.210,1,0.4382255231298017,655.166398665204,0.0,,1253136.5492217087
2021-06-25 14:01:13.220,1,0.5343190326672634,649.3403974981328,0.0,,1240886.6192860566
2021-06-25 14:01:13.230,1,0.5475011724085046,652.9695839707438,0.0,,1248520.3341961757
2021-06-25 14:01:13.240,1,0.4994430732656897,659.7631258349447,0.0,,1262814.8100137068
2021-06-25 14:01:13.250,1,0.3899568129507642,647.1599448848782,0.0,,1236296.545459592
2021-06-25 14:01:13.260,1,0.4970341036272505,658.1732287869813,0.0,,1259462.6322649752
2021-06-25 14:01:13.270,1,0.3925119387454572,662.048285406824,0.0,,1267618.602411313
2021-06-25 14:01:13.280,1,0.4380623384771183,660.6994419109637,0.0,,1264779.1830781265
2021-06-25 14:01:13.290,1,0.3822471853505249,655.3404670378693,0.0,,1253500.6104207325
2021-06-25 14:01:13.300,1,0.4630514579967217,655.8262026721914,0.0,,1254524.182653809
2021-06-25 14:01:13.310,1,0.5352091143971773,663.3149397692049,0.0,,1270293.0713057113
2021-06-25 14:01:13.320,1,0.4220786613627421,654.2754118237948,0.0,,1251261.1839524119
2021-06-25 14:01:13.330,1,0.3796334694028229,652.6689593135379,0.0,,1247876.2827423317
2021-06-25 14:01:13.340,1,0.5029854482186883,661.7315348478368,0.0,,1266962.0892778249
2021-06-25 14:01:13.350,1,0.3650757196963474,659.6913363638922,0.0,,1262657.4697373286
2021-06-25 14:01:13.360,1,0.5260504739068301,661.937759607218,0.0,,1267387.5945318958
2021-06-25 14:01:13.370,1,0.4326052405690893,660.0486525478342,0.0,,1263412.1119079685
2021-06-25 14:01:13.380,1,0.4115020750065385,659.7433529987294,0.0,,1262764.5392528456
2021-06-25 14:01:13.390,1,0.4942745566182919,656.2024250341723,0.0,,1255313.8100443985
2021-06-25 14:01:13.400,1,0.3960962665225263,656.206382028562,0.0,,1255321.9812608513
2021-06-25 14:01:13.410,1,0.483452790325307,654.2443374698671,0.0,,1251193.8158964668
2021-06-25 14:01:13.420,1,0.4503156144921227,656.7525103885092,0.0,,1256471.254722428
2021-06-25 14:01:13.430,1,0.3638661642226621,654.5064655812786,0.0,,1251742.9270155723
2021-06-25 14:01:13.440,1,0.477582575782329,650.1405693329872,0.0,,1242569.064638951
2021-06-25 14:01:13.450,1,0.4443034977261186,649.4904595816097,0.0,,1241200.8995125645
2021-06-25 14:01:13.460,1,0.4964379835334822,651.2510567634181,0.0,,1244902.2255189212
2021-06-25 14:01:13.470,1,0.4579117202675822,658.0197081426522,0.0,,1259139.035215661
2021-06-25 14:01:13.480,1,0.3495723809057837,655.5019042601298,0.0,,1253836.6255355536
2021-06-25 14:01:13.490,1,0.5053950444059611,653.1779495646517,0.0,,1248953.85231188
2021-06-25 14:01:13.500,1,0.4157959091095359,650.9088846930539,0.0,,1244180.6937999362
2021-06-25 14:01:13.510,1,0.3980860390417836,653.1806920125184,0.0,,1248955.3650298761
2021-06-25 14:01:13.520,1,0.3660952034100047,648.5104774751692,0.0,,1239135.1070260543
2021-06-25 14:01:13.530,1,0.4182076445295776,650.5186818281053,0.0,,1243356.757479344
2021-06-25 14:01:13.540,1,0.435324554938901,649.6745111396062,0.0,,1241585.7173057613
2021-06-25 14:01:13.550,1,0.4858811282678965,652.9562554092141,0.0,,1248489.1893605397
2021-06-25 14:01:13.560,1,0.3683784641382632,644.6703078013468,0.0,,1231062.388554486
2021-06-25 14:01:13.570,1,0.4861932749045076,651.0599850976474,0.0,,1244499.734962037
2021-06-25 14:01:13.580,1,0.4335181981518948,644.2731057454369,0.0,,1230233.86548134
2021-06-25 14:01:13.590,1,0.4037102128289829,649.7770792642922,0.0,,1241800.5725517683
2021-06-25 14:01:13.600,1,0.5130879363929767,650.7827117570622,0.0,,1243919.8009904325
2021-06-25 14:01:13.610,1,0.5278997296951352,642.4504035782095,0.0,,1226414.3478918846
2021-06-25 14:01:13.620,1,0.5164834689804108,644.3992872560583,0.0,,1230507.5105860573
2021-06-25 14:01:13.630,1,0.4052234019165074,640.6543114713072,0.0,,1222635.6832410542
2021-06-25 14:01:13.640,1,0.5357333406390634,642.6319730719076,0.0,,1226794.8360528906
2021-06-25 14:01:13.650,1,0.4893774702245856,643.4947495855201,0.0,,1228601.9404243203
2021-06-25 14:01:13.660,1,0.4664699242101582,641.146617381612,0.0,,1223672.8029578596
2021-06-25 14:01:13.670,1,0.5054895343611294,635.1306027451452,0.0,,1211052.7822038196
2021-06-25 14:01:13.680,1,0.5991746993448142,639.9431420462572,0.0,,1221152.8410159333
2021-06-25 14:01:13.690,1,0.4871722344130062,638.1250885702982,0.0,,1217327.4605813997
2021-06-25 14:01:13.700,1,0.5192698844261938,643.7472197555488,0.0,,1229137.2389461007
2021-06-25 14:01:13.710,1,0.5965747871591706,635.6592429280204,0.0,,1212164.4859701195
2021-06-25 14:01:13.720,1,0.6001191549531891,635.916517069806,0.0,,1212703.7481479752
2021-06-25 14:01:13.730,1,0.5254982910885404,642.1166135410581,0.0,,1225714.8942458192
2021-06-25 14:01:13.740,1,0.5013651747785121,633.179931067517,0.0,,1206958.104466435
2021-06-25 14:01:13.750,1,0.5257619449570589,635.6382464293873,0.0,,1212113.3443967875
2021-06-25 14:01:13.760,1,0.4655125593504551,641.5998417238252,0.0,,1224622.0563948785
2021-06-25 14:01:13.770,1,0.5962959553151987,638.4739914669904,0.0,,1218069.9699902365
2021-06-25 14:01:13.780,1,0.4645104987164472,642.7822268944298,0.0,,1227106.7559153307
2021-06-25 14:01:13.790,1,0.6152285745781637,637.0516409060829,0.0,,1215086.920056313
2021-06-25 14:01:13.800,1,0.6282422165041539,641.4336309534501,0.0,,1224283.4306562685
2021-06-25 14:01:13.810,1,0.4439461191863966,639.3422744407818,0.0,,1219881.2370248528
2021-06-25 14:01:13.820,1,0.4820294219752655,638.5806477723887,0.0,,1218286.3015027745
2021-06-25 14:01:13.830,1,0.4383675714489553,639.8015886596064,0.0,,1220846.0276211812
2021-06-25 14:01:13.840,1,0.4626124002277322,638.041675839075,0.0,,1217152.3762231944
2021-06-25 14:01:13.850,1,0.6306383400309089,642.1086618751115,0.0,,1225700.7736135386
2021-06-25 14:01:13.860,1,0.5175996097419745,643.0690813985917,0.0,,1227711.2319626622
2021-06-25 14:01:13.870,1,0.4714436536997817,640.1478173725477,0.0,,1221575.5771192596
2021-06-25 14:01:13.880,1,0.5202900410411674,644.2380877364814,0.0,,1230170.0261727045
2021-06-25 14:01:13.890,1,0.6471752359507964,640.7208743955118,0.0,,1222785.8476719772
2021-06-25 14:01:13.900,1,0.5163213795569346,648.8167654228088,0.0,,1239784.6858754603
2021-06-25 14:01:13.910,1,0.5343839911772958,643.0605641507997,0.0,,1227694.594410633
2021-06-25 14:01:13.920,1,0.515682856577739,645.2960607154226,0.0,,1232384.8799384176
2021-06-25 14:01:13.930,1,0.5340880636944103,642.6544645249447,0.0,,1226842.7257069906
2021-06-25 14:01:13.940,1,0.5460870750286936,650.130242327135,0.0,,1242546.0394705618
2021-06-25 14:01:13.950,1,0.4927997554079818,648.3057512076217,0.0,,1238715.1510873644
2021-06-25 14:01:13.960,1,0.5394511335532185,651.208462326432,0.0,,1244814.7649290096
2021-06-25 14:01:13.970,1,0.4259831882282842,644.9915123131873,0.0,,1231745.6355207101
2021-06-25 14:01:13.980,1,0.5290674577422888,642.9227286261928,0.0,,1227406.0503157927
2021-06-25 14:01:13.990,1,0.4546270475373847,642.8241509150207,0.0,,1227192.4273471362
2021-06-25 14:01:14.000,1,0.5691898631232521,651.1194647052067,0.0,,1244631.6674800522
2021-06-25 14:01:14.010,1,0.4921043143414709,648.7236938596576,0.0,,1239589.5416857547
2021-06-25 14:01:14.020,1,0.4601275596818296,649.4636532323436,0.0,,1241142.4110903116
2021-06-25 14:01:14.030,1,0.5314745296247751,648.6074183568469,0.0,,1239349.277659861
2021-06-25 14:01:14.040,1,0.5629199434726524,645.3727666938959,0.0,,1232550.3470395932
2021-06-25 14:01:14.050,1,0.4671573151117639,648.1464498296102,0.0,,1238372.673801406
2021-06-25 14:01:14.060,1,0.5593523854514841,647.6482569853588,0.0,,1237331.384621894
2021-06-25 14:01:14.070,1,0.4477576569499567,650.4909245434781,0.0,,1243303.5561753104
2021-06-25 14:01:14.080,1,0.4565204395068779,647.7570006889188,0.0,,1237557.4403267256
2021-06-25 14:01:14.090,1,0.4852874080669929,650.8993451635849,0.0,,1244164.1737598216
2021-06-25 14:01:14.100,1,0.3975891466426888,646.4429903038845,0.0,,1234792.414755091
2021-06-25 14:01:14.110,1,0.3923237964608461,651.7061263061056,0.0,,1245854.0781449515
2021-06-25 14:01:14.120,1,0.4132843842117242,650.5968700053901,0.0,,1243524.6923839378
2021-06-25 14:01:14.130,1,0.5296691659784672,655.1411938231151,0.0,,1253086.7619164088
2021-06-25 14:01:14.140,1,0.5359733713152348,649.5186780474569,0.0,,1241260.8470106805
2021-06-25 14:01:14.150,1,0.5530216998853931,648.6879483100189,0.0,,1239518.3120438603
2021-06-25 14:01:14.160,1,0.4996853368565874,652.0531254428712,0.0,,1246589.7924789875
2021-06-25 14:01:14.170,1,0.4329721159816967,642.7409190275258,0.0,,1227017.3046210452
2021-06-25 14:01:14.180,1,0.503518720866463,645.7236036949139,0.0,,1233286.3234057494
2021-06-25 14:01:14.190,1,0.4322203005226673,646.9900670860062,0.0,,1235944.8839599953
2021-06-25 14:01:14.200,1,0.5292664092382129,645.2520080050327,0.0,,1232300.031651272
2021-06-25 14:01:14.210,1,0.4293797419996949,643.2519265954858,0.0,,1228088.4859554255
2021-06-25 14:01:14.220,1,0.4837974482396152,641.2485132466393,0.0,,1223888.8330622602
2021-06-25 14:01:14.230,1,0.4308563438174785,645.0966150873604,0.0,,1231963.7260623227
2021-06-25 14:01:14.240,1,0.4140885709983315,647.3691532269762,0.0,,1236740.7111557634
2021-06-25 14:01:14.250,1,0.5572857701249065,643.8028163764029,0.0,,1229255.3495450201
2021-06-25 14:01:14.260,1,0.5822318862802346,651.4119627639319,0.0,,1245244.4575594482
2021-06-25 14:01:14.270,1,0.601362958984104,648.0296578200155,0.0,,1238135.7826161764
2021-06-25 14:01:14.280,1,0.4122064661950728,644.395365695974,0.0,,1230497.2055385732
2021-06-25 14:01:14.290,1,0.5536477746600453,642.6210005692058,0.0,,1226774.059259522
2021-06-25 14:01:14.300,1,0.4617490464688178,643.8689697541017,0.0,,1229387.5890202343
2021-06-25 14:01:14.310,1,0.4859507007789282,643.067498694167,0.0,,1227708.0725381381
2021-06-25 14:01:14.320,1,0.4462929650995768,643.908341182109,0.0,,1229469.0516993706
2021-06-25 14:01:14.330,1,0.5680769941776036,645.2123735217592,0.0,,1232213.245175258
2021-06-25 14:01:14.340,1,0.5605298170409473,647.5618012248389,0.0,,1237147.8905020042
2021-06-25 14:01:14.350,1,0.5495543546654877,645.0320369906755,0.0,,1231833.4352938158
2021-06-25 14:01:14.360,1,0.600861591808215,648.2335480409444,0.0,,1238562.970659582
2021-06-25 14:01:14.370,1,0.4821635916951707,649.0634866074777,0.0,,1240302.6873946204
2021-06-25 14:01:14.380,1,0.6487965730937767,640.0744956318642,0.0,,1221430.2109530175
2021-06-25 14:01:14.390,1,0.46260725057384,648.1798505656117,0.0,,1238444.0480551708
2021-06-25 14:01:14.400,1,0.5434192844578591,647.2604138152906,0.0,,1236517.0311966354
2021-06-25 14:01:14.410,1,0.5803475242151722,643.813730763761,0.0,,1229277.6180479068
2021-06-25 14:01:14.420,1,0.494898777480775,644.0024103756289,0.0,,1229670.4863728913
2021-06-25 14:01:14.430,1,0.4584407344385843,650.9704438854378,0.0,,1244311.7803387695
2021-06-25 14:01:14.440,1,0.6335737630246537,645.0473672126099,0.0,,1231872.2753302949
2021-06-25 14:01:14.450,1,0.6138635426494764,644.5514299655962,0.0,,1230827.7675231365
2021-06-25 14:01:14.460,1,0.6076845151064906,648.3300038055568,0.0,,1238767.8772690112
2021-06-25 14:01:14.470,1,0.6470129461843861,646.3328349549404,0.0,,1234571.6213682874
2021-06-25 14:01:14.480,1,0.7007788348897891,655.1273881867313,0.0,,1253065.42313669
2021-06-25 14:01:14.490,1,0.5204043825069103,651.2150137537668,0.0,,1244828.8042735388
2021-06-25 14:01:14.500,1,0.6280498969384073,648.9905072767103,0.0,,1240156.7262098386
2021-06-25 14:01:14.510,1,0.491936163405779,658.920143290366,0.0,,1261037.8149407757
2021-06-25 14:01:14.520,1,0.6341271478707049,657.9677097503825,0.0,,1259043.612565073
2021-06-25 14:01:14.530,1,0.4709375314058511,657.1985033446399,0.0,,1257414.4023239985
2021-06-25 14:01:14.540,1,0.6114560410165614,657.8112880688437,0.0,,1258708.8208748319
2021-06-25 14:01:14.550,1,0.572590794757135,649.9936483301137,0.0,,1242262.5187082237
2021-06-25 14:01:14.560,1,0.6649122572457314,655.0231301681712,0.0,,1252841.9580940916
2021-06-25 14:01:14.570,1,0.5401951357586726,660.2690232775043,0.0,,1263882.857995248
2021-06-25 14:01:14.580,1,0.4929590877332495,656.2215591299275,0.0,,1255358.0531534285
2021-06-25 14:01:14.590,1,0.5508564119522462,658.0029158751713,0.0,,1259107.9978610722
2021-06-25 14:01:14.600,1,0.5362762684715955,659.7671753573547,0.0,,1262823.17328447
2021-06-25 14:01:14.610,1,0.58635051635936,660.4085412937903,0.0,,1264175.9916601866
2021-06-25 14:01:14.620,1,0.5388093596513893,660.5480996488724,0.0,,1264466.7708523853
2021-06-25 14:01:14.630,1,0.5592097966622458,660.694558887435,0.0,,1264776.4783577325
2021-06-25 14:01:14.640,1,0.5186176013960091,663.360835543603,0.0,,1270392.6377695529
2021-06-25 14:01:14.650,1,0.4823495005728908,660.6217797882006,0.0,,1264618.0447644575
2021-06-25 14:01:14.660,1,0.5530055856595238,666.9216336934103,0.0,,1277896.324091971
2021-06-25 14:01:14.670,1,0.631756847718736,663.5758856745559,0.0,,1270850.0188926181
2021-06-25 14:01:14.680,1,0.5480107017283959,664.7722149586119,0.0,,1273368.7128450612
2021-06-25 14:01:14.690,1,0.6810734302198603,664.9502597993541,0.0,,1273747.4972868052
2021-06-25 14:01:14.700,1,0.5197340026164974,663.5679957556907,0.0,,1270826.2029467474
2021-06-25 14:01:14.710,1,0.6542487225934686,665.1403466344262,0.0,,1274148.7362882684
2021-06-25 14:01:14.720,1,0.5890030255923444,663.062559098827,0.0,,1269765.9817045506
2021-06-25 14:01:14.730,1,0.4908037216415259,670.949212567513,0.0,,1286384.3604575705
2021-06-25 14:01:14.740,1,0.5117237633277049,661.1104191029075,0.0,,1265649.2284093609
2021-06-25 14:01:14.750,1,0.4567835693023784,666.7581309260469,0.0,,1277545.5731880662
2021-06-25 14:01:14.760,1,0.6401465309300488,664.2851085864875,0.0,,1272340.3468651415
2021-06-25 14:01:14.770,1,0.5690834732471537,663.6857609461555,0.0,,1271076.8976304177
2021-06-25 14:01:14.780,1,0.5042944308696833,665.1370378221808,0.0,,1274131.0079730353
2021-06-25 14:01:14.790,1,0.5718745751427167,665.7101223798971,0.0,,1275342.0318480113
2021-06-25 14:01:14.800,1,0.6126133559075214,663.0265905668275,0.0,,1269690.190882274
2021-06-25 14:01:14.810,1,0.4399198607396712,659.6100873750912,0.0,,1262491.7372926895
2021-06-25 14:01:14.820,1,0.5441604351679707,665.3990547921676,0.0,,1274681.9940700233
2021-06-25 14:01:14.830,1,0.6126465266018143,661.4593159012254,0.0,,1266393.5024198694
2021-06-25 14:01:14.840,1,0.6003098235313095,662.355651265263,0.0,,1268277.0119962383
2021-06-25 14:01:14.850,1,0.6017585204385519,659.5100949524233,0.0,,1262285.2895444091
2021-06-25 14:01:14.860,1,0.587074265803449,661.0973028206566,0.0,,1265625.5154714528
2021-06-25 14:01:14.870,1,0.5980853245026376,655.7022610313194,0.0,,1254270.2249763515
2021-06-25 14:01:14.880,1,0.4315089906819191,654.5545126388909,0.0,,1251842.4668180414
2021-06-25 14:01:14.890,1,0.5503412526626914,659.2276333337509,0.0,,1261684.3829706707
2021-06-25 14:01:14.900,1,0.5193012266536635,656.6908572848449,0.0,,1256347.7707432788
2021-06-25 14:01:14.910,1,0.5506281581476493,661.3134906376719,0.0,,1266076.47144958
2021-06-25 14:01:14.920,1,0.5105475340702725,656.3548112187124,0.0,,1255638.4349279832
2021-06-25 14:01:14.930,1,0.4915055613957252,655.0491424725317,0.0,,1252893.5654089293
2021-06-25 14:01:14.940,1,0.5690892136763771,657.0073185362597,0.0,,1257013.7410594465
2021-06-25 14:01:14.950,1,0.5479293806371454,657.2235541526641,0.0,,1257469.6234772108
2021-06-25 14:01:14.960,1,0.4795676253200435,653.2167202685717,0.0,,1249035.3080631578
2021-06-25 14:01:14.970,1,0.5460364671925722,658.7393336624202,0.0,,1260658.1372100876
2021-06-25 14:01:14.980,1,0.5501197453966183,653.8747850306446,0.0,,1250424.4129160398
2021-06-25 14:01:14.990,1,0.6022797552881052,653.2386301133635,0.0,,1249086.4520486335
2021-06-25 14:01:15.000,1,0.5129954801040632,654.8822595353354,0.0,,1252541.3422377412
2021-06-25 14:01:15.010,1,0.5481920141481436,647.5908305813309,0.0,,1237208.811086201
2021-06-25 14:01:15.020,1,0.5724122896111209,650.0853084274647,0.0,,1242454.2980193847
2021-06-25 14:01:15.030,1,0.4485698422174548,656.3138361823608,0.0,,1255547.9252798727
2021-06-25 14:01:15.040,1,0.6351903799076192,653.1427022966939,0.0,,1248885.0905907943
2021-06-25 14:01:15.050,1,0.4764370705207156,649.5094956412275,0.0,,1241240.338461884
2021-06-25 14:01:15.060,1,0.5822993269991383,651.2480693236648,0.0,,1244898.172671986
2021-06-25 14:01:15.070,1,0.510046928635255,652.4468310908505,0.0,,1247415.978781138
2021-06-25 14:01:15.080,1,0.5288476362837489,643.8333476517274,0.0,,1229316.738698488
2021-06-25 14:01:15.090,1,0.5024831874736603,646.5728049399555,0.0,,1235070.7686293009
2021-06-25 14:01:15.100,1,0.5096401749173552,650.2439036789258,0.0,,1242785.5923097942
2021-06-25 14:01:15.110,1,0.7044822464379248,654.4739761413459,0.0,,1251690.2935292912
2021-06-25 14:01:15.120,1,0.491176425793514,654.4544565298495,0.0,,1251638.2707882533
2021-06-25 14:01:15.130,1,0.6410262100000044,653.0767219294138,0.0,,1248752.2186975058
2021-06-25 14:01:15.140,1,0.5266584583878159,649.6287374385636,0.0,,1241492.7624302208
2021-06-25 14:01:15.150,1,0.6577643222860824,653.4741654352026,0.0,,1249586.915486262
2021-06-25 14:01:15.160,1,0.6156910719780693,650.3217689166818,0.0,,1242955.5624651536
2021-06-25 14:01:15.170,1,0.5588431417874536,653.4245735696196,0.0,,1249476.2233920335
2021-06-25 14:01:15.180,1,0.5552961918518358,656.9666690473249,0.0,,1256929.1571866197
2021-06-25 14:01:15.190,1,0.7422364647803988,654.6622133813115,0.0,,1252092.1292812226
2021-06-25 14:01:15.200,1,0.6436920557741658,657.7678746548615,0.0,,1258622.5092464502
2021-06-25 14:01:15.210,1,0.5713806975298548,655.1541679508645,0.0,,1253117.5717657185
2021-06-25 14:01:15.220,1,0.5413432388861698,654.8113051330042,0.0,,1252392.8119065955
2021-06-25 14:01:15.230,1,0.5473801799980227,662.0642143164115,0.0,,1267659.401515954
2021-06-25 14:01:15.240,1,0.5481644859994412,654.9183716497613,0.0,,1252622.2785946697
2021-06-25 14:01:15.250,1,0.7013139535661697,659.2842957911688,0.0,,1261814.5525181692
2021-06-25 14:01:15.260,1,0.5997615291067563,659.0636438576602,0.0,,1261344.0133108296
2021-06-25 14:01:15.270,1,0.6890998423458832,659.8521663584586,0.0,,1263011.5725889555
2021-06-25 14:01:15.280,1,0.5241159865408695,652.7316514678589,0.0,,1248018.3124488287
2021-06-25 14:01:15.290,1,0.5052944222668921,660.8455410238436,0.0,,1265089.1998060863
2021-06-25 14:01:15.300,1,0.6237448313673821,653.6423097448801,0.0,,1249935.9741352808
2021-06-25 14:01:15.310,1,0.5338329066491021,655.5412732127724,0.0,,1253931.2071160208
2021-06-25 14:01:15.320,1,0.7413272365844542,657.6339836464399,0.0,,1258340.7021257135
2021-06-25 14:01:15.330,1,0.6744851239110521,655.6865809985577,0.0,,1254240.8336200581
2021-06-25 14:01:15.340,1,0.6990092108113799,656.7531352349569,0.0,,1256484.716948684
2021-06-25 14:01:15.350,1,0.7162562560789001,660.0048274691172,0.0,,1263333.3541702377
2021-06-25 14:01:15.360,1,0.5936454466531642,659.97347919586,0.0,,1263263.7290583055
2021-06-25 14:01:15.370,1,0.5812560972254809,661.7753216883018,0.0,,1267057.8076789905
2021-06-25 14:01:15.380,1,0.7207599562201296,660.4449110730827,0.0,,1264257.5305924353
2021-06-25 14:01:15.390,1,0.6472256598726059,659.5376657632445,0.0,,1262344.9622716275
2021-06-25 14:01:15.400,1,0.5456036993979907,654.8261349360694,0.0,,1252419.7174285306
2021-06-25 14:01:15.410,1,0.5740188859462612,653.5780795421971,0.0,,1249796.2947593923
2021-06-25 14:01:15.420,1,0.6267724832564019,655.626759632845,0.0,,1254114.7895204378
2021-06-25 14:01:15.430,1,0.6393972980635483,652.2997213998963,0.0,,1247115.319757712
2021-06-25 14:01:15.440,1,0.4838164115134652,651.7018541439918,0.0,,1245848.0469768299
2021-06-25 14:01:15.450,1,0.6727853794844249,655.9961464845079,0.0,,1254896.1259777285
2021-06-25 14:01:15.460,1,0.6600683618596758,654.6779271583739,0.0,,1252118.5847961032
2021-06-25 14:01:15.470,1,0.4979059415635586,656.9195542535385,0.0,,1256822.1138156296
2021-06-25 14:01:15.480,1,0.5474472154753726,657.0640339298486,0.0,,1257133.6686793843
2021-06-25 14:01:15.490,1,0.6164461095355992,654.5721577564593,0.0,,1251893.0321521733
2021-06-25 14:01:15.500,1,0.5881629166909357,644.8777877654744,0.0,,1231512.7468049412
2021-06-25 14:01:15.510,1,0.4606853084977104,653.0435454415698,0.0,,1248669.8207495576
2021-06-25 14:01:15.520,1,0.6347479128969701,649.2391326498831,0.0,,1240682.828123882
2021-06-25 14:01:15.530,1,0.5823845766133451,649.3964544440271,0.0,,1241007.1491189473
2021-06-25 14:01:15.540,1,0.5098660446771933,649.112163878909,0.0,,1240406.9608868468
2021-06-25 14:01:15.550,1,0.4639478368168103,645.6139120334548,0.0,,1233055.7326880717
2021-06-25 14:01:15.560,1,0.4288880888097212,646.0959026591099,0.0,,1234064.3641534776
2021-06-25 14:01:15.570,1,0.4568599953895795,648.2906735983718,0.0,,1238674.4438923514
2021-06-25 14:01:15.580,1,0.5161079384397737,650.5955451980052,0.0,,1243526.1325335111
2021-06-25 14:01:15.590,1,0.5836994083084298,643.1837316420847,0.0,,1227953.6666397073
2021-06-25 14:01:15.600,1,0.5930027248580205,645.889138317444,0.0,,1233635.5351151319
2021-06-25 14:01:15.610,1,0.471212570258085,648.3166788982594,0.0,,1238734.58178336
2021-06-25 14:01:15.620,1,0.4410258109876115,641.3242829946553,0.0,,1224043.310043873
2021-06-25 14:01:15.630,1,0.5976571805975818,640.6088002082045,0.0,,1222555.3369863555
2021-06-25 14:01:15.640,1,0.5413680155272547,643.8980674480513,0.0,,1229450.3866870974
2021-06-25 14:01:15.650,1,0.6254026008493249,638.6796423532554,0.0,,1218499.174539705
2021-06-25 14:01:15.660,1,0.6133164866379536,643.4846174748516,0.0,,1228587.7515005956
2021-06-25 14:01:15.670,1,0.4308115097182524,642.3548927622999,0.0,,1226203.9016105006
2021-06-25 14:01:15.680,1,0.5377330302336676,634.7212206670839,0.0,,1210195.1375882656
2021-06-25 14:01:15.690,1,0.5781628173417458,640.5148891970969,0.0,,1222347.3518018988
2021-06-25 14:01:15.700,1,0.5394578868672361,642.0646502725292,0.0,,1225603.1178876762
2021-06-25 14:01:15.710,1,0.4673640743622897,642.6215395191798,0.0,,1226771.3020260818
2021-06-25 14:01:15.720,1,0.5235682216968564,640.6411627823783,0.0,,1222613.341992092
2021-06-25 14:01:15.730,1,0.5911585647159463,642.2099890224151,0.0,,1225913.1521124756
2021-06-25 14:01:15.740,1,0.4678913653098325,640.2229309798556,0.0,,1221732.423634602
2021-06-25 14:01:15.750,1,0.6374242769736532,646.42360606554,0.0,,1234762.2487030309
2021-06-25 14:01:15.760,1,0.4574259435315317,645.1927787667465,0.0,,1232162.4117562787
2021-06-25 14:01:15.770,1,0.6023006753224641,642.9546111735871,0.0,,1227474.9899187458
2021-06-25 14:01:15.780,1,0.6428303796546048,640.583235189421,0.0,,1222497.3018590724
2021-06-25 14:01:15.790,1,0.6326550397362157,644.1604759127405,0.0,,1230009.3199913332
2021-06-25 14:01:15.800,1,0.6564143522100387,647.2331249467774,0.0,,1236464.2393304098
2021-06-25 14:01:15.810,1,0.527963818278944,648.6039695124226,0.0,,1239338.163319177
2021-06-25 14:01:15.820,1,0.4530397405588725,652.3427343705447,0.0,,1247197.5967915587
2021-06-25 14:01:15.830,1,0.5756358801626384,653.2539669468152,0.0,,1249117.221444022
2021-06-25 14:01:15.840,1,0.458404482687736,648.9673904009393,0.0,,1240099.5414350992
2021-06-25 14:01:15.850,1,0.6382192117442643,650.329318629918,0.0,,1242972.941985608
2021-06-25 14:01:15.860,1,0.6883201622592819,653.5579630731321,0.0,,1249767.4562757744
2021-06-25 14:01:15.870,1,0.6647598394346749,652.7716582016736,0.0,,1248106.8149869542
2021-06-25 14:01:15.880,1,0.6665396370364903,658.0094059572842,0.0,,1259130.4896452273
2021-06-25 14:01:15.890,1,0.6386623556667194,652.2312115314969,0.0,,1246969.2186459817
2021-06-25 14:01:15.900,1,0.5490389047465779,660.7596384868975,0.0,,1264913.3430370996
2021-06-25 14:01:15.910,1,0.5821127061685386,653.9270755313563,0.0,,1250534.8341269784
2021-06-25 14:01:15.920,1,0.6030128658205534,658.9860488647349,0.0,,1261181.3639737365
2021-06-25 14:01:15.930,1,0.6270318824596369,659.3810223546805,0.0,,1262015.5990917166
2021-06-25 14:01:15.940,1,0.533162211992284,656.9027964516549,0.0,,1256794.595831902
2021-06-25 14:01:15.950,1,0.6268889295520971,652.3554016263467,0.0,,1247233.512705766
2021-06-25 14:01:15.960,1,0.6756301394712443,661.2452804841814,0.0,,1265941.5445681745
2021-06-25 14:01:15.970,1,0.6917192373694981,659.3234689240605,0.0,,1261897.3792278878
2021-06-25 14:01:15.980,1,0.6799311648663784,658.3257327090558,0.0,,1259792.9167072938
2021-06-25 14:01:15.990,1,0.4960364523091689,665.0546908876456,0.0,,1273956.9438541606
2021-06-25 14:01:16.000,1,0.4913241476121609,659.4652588029495,0.0,,1262189.561029994
2021-06-25 14:01:16.010,1,0.6525105862660817,663.4427279429907,0.0,,1270569.1738473931
2021-06-25 14:01:16.020,1,0.6796752153290891,662.3420161058439,0.0,,1268253.3776009565
2021-06-25 14:01:16.030,1,0.4691989106204188,656.6078906035162,0.0,,1256172.655815484
2021-06-25 14:01:16.040,1,0.5185718831890851,662.846060411063,0.0,,1269306.2161622907
2021-06-25 14:01:16.050,1,0.4632476672451824,664.4128029901253,0.0,,1272602.584272307
2021-06-25 14:01:16.060,1,0.5625271171761806,662.761629132223,0.0,,1269129.1709651104
2021-06-25 14:01:16.070,1,0.5152076605617715,664.566247460701,0.0,,1272928.620329276
2021-06-25 14:01:16.080,1,0.4923872020874688,665.9594723239628,0.0,,1275865.3573397452
2021-06-25 14:01:16.090,1,0.5935325249825348,666.8178483910182,0.0,,1277672.7016433263
2021-06-25 14:01:16.100,1,0.6136283958525397,662.0896241300115,0.0,,1267717.4010814487
2021-06-25 14:01:16.110,1,0.4813828005296421,663.0580688937077,0.0,,1269750.6945742792
2021-06-25 14:01:16.120,1,0.4368363194196868,665.8277990225223,0.0,,1275583.5579067394
2021-06-25 14:01:16.130,1,0.6029989325157044,656.4667949160654,0.0,,1255878.599693082
2021-06-25 14:01:16.140,1,0.5270833226093715,661.5675307144119,0.0,,1266611.6140153033
2021-06-25 14:01:16.150,1,0.6165876458648056,665.1936463166404,0.0,,1274260.152292072
2021-06-25 14:01:16.160,1,0.4094259024083916,659.1538367284243,0.0,,1261529.52495287
2021-06-25 14:01:16.170,1,0.4325986457111561,660.6740767914115,0.0,,1264728.182543117
2021-06-25 14:01:16.180,1,0.4175532596880924,653.1656579080394,0.0,,1248924.5165245286
2021-06-25 14:01:16.190,1,0.408970122630739,662.8118724874462,0.0,,1269230.6480939242
2021-06-25 14:01:16.200,1,0.5252671349791748,660.8943711394253,0.0,,1265192.5096484486
2021-06-25 14:01:16.210,1,0.5000006646633404,664.3679122852172,0.0,,1272512.0750993928
2021-06-25 14:01:16.220,1,0.5048128372682127,662.7021609841884,0.0,,1269003.659870399
2021-06-25 14:01:16.230,1,0.4190048590798862,657.3779183432558,0.0,,1257793.2489610736
2021-06-25 14:01:16.240,1,0.4150866901183924,655.8160173835188,0.0,,1254498.610603949
2021-06-25 14:01:16.250,1,0.3968058561822643,652.8979575246419,0.0,,1248361.297746275
2021-06-25 14:01:16.260,1,0.4991061815689684,660.3921342886307,0.0,,1264138.722143994
2021-06-25 14:01:16.270,1,0.4262154536189965,655.0392238518767,0.0,,1252866.3286003205
2021-06-25 14:01:16.280,1,0.4256171642854015,660.3054871571509,0.0,,1263951.2373923773
2021-06-25 14:01:16.290,1,0.4176727271468602,652.8065162499131,0.0,,1248173.4078650333
2021-06-25 14:01:16.300,1,0.3803370861278077,656.1874452307642,0.0,,1255283.7771934953
2021-06-25 14:01:16.310,1,0.3895298684041547,655.2726989602336,0.0,,1253353.8710947586
2021-06-25 14:01:16.320,1,0.4317316095499933,658.891389954758,0.0,,1260977.1307093832
2021-06-25 14:01:16.330,1,0.4351543528865412,655.4794402355996,0.0,,1253792.8433508594
2021-06-25 14:01:16.340,1,0.4657447896900498,661.6159449636175,0.0,,1266717.0055575322
2021-06-25 14:01:16.350,1,0.4295472581273684,648.6096920461022,0.0,,1239345.949374684
2021-06-25 14:01:16.360,1,0.4708568554140613,656.8153699003797,0.0,,1256606.20034771
2021-06-25 14:01:16.370,1,0.4454387255092745,653.344440086003,0.0,,1249304.054205241
2021-06-25 14:01:16.380,1,0.4133611582815789,654.7815725496309,0.0,,1252326.1405050587
2021-06-25 14:01:16.390,1,0.3954715000888688,659.7617519816027,0.0,,1262804.3465330058
2021-06-25 14:01:16.400,1,0.5098128634105661,664.7388781004174,0.0,,1273292.8843928545
2021-06-25 14:01:16.410,1,0.4420615259943535,650.4623495260107,0.0,,1243241.177160637
2021-06-25 14:01:16.420,1,0.4719519047146636,651.6319122799459,0.0,,1245703.4101505347
2021-06-25 14:01:16.430,1,0.4342517120088155,659.8114104585421,0.0,,1262913.1042488182
2021-06-25 14:01:16.440,1,0.4508641209749219,658.037748960503,0.0,,1259177.935217556
2021-06-25 14:01:16.450,1,0.3600667286264046,655.1771368656002,0.0,,1253150.8242511684
2021-06-25 14:01:16.460,1,0.3936481306172247,653.3725824447059,0.0,,1249360.98017842
2021-06-25 14:01:16.470,1,0.46743766648676,658.186123712636,0.0,,1259492.839417572
2021-06-25 14:01:16.480,1,0.3784770515022526,656.2883846462861,0.0,,1255488.2921106508
2021-06-25 14:01:16.490,1,0.5144795559679177,664.8019569114333,0.0,,1273427.9441645183
2021-06-25 14:01:16.500,1,0.3627887050134082,656.2494676268466,0.0,,1255408.6392205898
2021-06-25 14:01:16.510,1,0.3841359083970271,657.9235759074489,0.0,,1258933.414970889
2021-06-25 14:01:16.520,1,0.4354087283655564,656.5943883327222,0.0,,1256138.6551251032
2021-06-25 14:01:16.530,1,0.4349068409315885,657.3506120599186,0.0,,1257730.7626423554
2021-06-25 14:01:16.540,1,0.5225097575051441,658.6998180134627,0.0,,1260574.0078525818
2021-06-25 14:01:16.550,1,0.399748694783877,657.9586724880986,0.0,,1259009.8196443946
2021-06-25 14:01:16.560,1,0.3762729643956012,661.8636452459473,0.0,,1267229.9168721503
2021-06-25 14:01:16.570,1,0.5538227323769751,666.1459346002401,0.0,,1276262.536508299
2021-06-25 14:01:16.580,1,0.4126059001907601,666.5888166842659,0.0,,1277182.4068951474
2021-06-25 14:01:16.590,1,0.487488575427475,670.1233316130691,0.0,,1284641.6479423225
2021-06-25 14:01:16.600,1,0.5266255360462432,661.6352223284201,0.0,,1266757.1176072068
2021-06-25 14:01:16.610,1,0.5733600112438649,666.5336994182967,0.0,,1277077.1307193
2021-06-25 14:01:16.620,1,0.4142275007739464,659.4722534647702,0.0,,1262195.3441893172
2021-06-25 14:01:16.630,1,0.508801218522708,664.7337588880996,0.0,,1273275.678595122
2021-06-25 14:01:16.640,1,0.5522428559758743,665.5178010027254,0.0,,1274938.3245744326
2021-06-25 14:01:16.650,1,0.549323219387584,671.1500469190325,0.0,,1286809.4360373167
2021-06-25 14:01:16.660,1,0.4516517877387631,660.5523391988145,0.0,,1264467.695558479
2021-06-25 14:01:16.670,1,0.4820960519101629,662.8545746921175,0.0,,1269323.6967665
2021-06-25 14:01:16.680,1,0.4368859019426994,668.8905131177837,0.0,,1282037.9585836646
2021-06-25 14:01:16.690,1,0.4256476738240375,668.4568387084846,0.0,,1281126.72195737
2021-06-25 14:01:16.700,1,0.4656324748483553,673.5673612295535,0.0,,1291904.8868633022
2021-06-25 14:01:16.710,1,0.5153390528698771,662.3026686509453,0.0,,1268159.0342650427
2021-06-25 14:01:16.720,1,0.4201023501034164,663.054268955177,0.0,,1269738.7023734788
2021-06-25 14:01:16.730,1,0.4975534398784613,660.9366168586682,0.0,,1265282.2540922905
2021-06-25 14:01:16.740,1,0.5250299953436327,658.9491562159908,0.0,,1261097.4425684437
2021-06-25 14:01:16.750,1,0.4119650216939237,665.6730244713915,0.0,,1275258.504747174
2021-06-25 14:01:16.760,1,0.5508099484362187,661.4274994669421,0.0,,1266320.7113680704
2021-06-25 14:01:16.770,1,0.430365033493739,661.4185266598909,0.0,,1266295.3335561177
2021-06-25 14:01:16.780,1,0.4050540598092343,665.1977222712995,0.0,,1274256.4383888394
2021-06-25 14:01:16.790,1,0.3944925180361073,653.3074620377027,0.0,,1249221.6686696287
2021-06-25 14:01:16.800,1,0.4306099910983895,658.9135640988945,0.0,,1261018.7433250754
2021-06-25 14:01:16.810,1,0.4925518283293095,650.5269316143127,0.0,,1243383.9079396143
2021-06-25 14:01:16.820,1,0.4344930127880527,657.0016066792077,0.0,,1256994.9712255604
2021-06-25 14:01:16.830,1,0.3813265067564844,654.8683314378331,0.0,,1252506.894981872
2021-06-25 14:01:16.840,1,0.3758685125072813,651.8312351390637,0.0,,1246116.548911154
2021-06-25 14:01:16.850,1,0.3819433711915719,656.0838827192299,0.0,,1255061.6629954868
2021-06-25 14:01:16.860,1,0.3679493967919732,658.1077817380977,0.0,,1259321.8432464313
2021-06-25 14:01:16.870,1,0.4303726751128072,649.6311083947095,0.0,,1241494.6183279417
2021-06-25 14:01:16.880,1,0.4638834124214884,650.3427106403385,0.0,,1242988.2201219331
2021-06-25 14:01:16.890,1,0.3373434581393654,650.8269395844304,0.0,,1244004.6503279947
2021-06-25 14:01:16.900,1,0.3937324210449733,650.8545871538988,0.0,,1244063.2179307092
2021-06-25 14:01:16.910,1,0.4181011159865795,649.443994003929,0.0,,1241097.9998863004
2021-06-25 14:01:16.920,1,0.4285465002335915,647.4466389297735,0.0,,1236899.031532452
2021-06-25 14:01:16.930,1,0.3421768365726966,654.0914883606163,0.0,,1250869.2816791318
2021-06-25 14:01:16.940,1,0.3607229167091795,647.6206441428002,0.0,,1237262.5911431701
2021-06-25 14:01:16.950,1,0.3105994686969457,638.0338759380496,0.0,,1217132.3602995537
2021-06-25 14:01:16.960,1,0.3442141322370077,644.7244030076214,0.0,,1231177.6003100383
2021-06-25 14:01:16.970,1,0.3680393576481967,645.601570653114,0.0,,1233021.1840449837
2021-06-25 14:01:16.980,1,0.4321092987006686,643.1474818123224,0.0,,1227872.2915215304
2021-06-25 14:01:16.990,1,0.3190949978217319,646.6794753157333,0.0,,1235281.3374057831
2021-06-25 14:01:17.000,1,0.3870925805394651,647.3307795815243,0.0,,1236655.3697908095
2021-06-25 14:01:17.010,1,0.3044601880804189,642.743181973031,0.0,,1227016.7706955029
2021-06-25 14:01:17.020,1,0.2973186152238002,644.7507627642094,0.0,,1231230.730892238
2021-06-25 14:01:17.030,1,0.3923213340636093,643.8852461129965,0.0,,1229418.995272251
2021-06-25 14:01:17.040,1,0.2839933239260063,635.1649067873034,0.0,,1211109.6758606522
2021-06-25 14:01:17.050,1,0.4075063194201164,642.0543393372512,0.0,,1225573.9372566608
2021-06-25 14:01:17.060,1,0.3653603272427268,643.4105914415658,0.0,,1228419.3030057668
2021-06-25 14:01:17.070,1,0.3807612375968941,644.3053891319837,0.0,,1230300.9346946452
2021-06-25 14:01:17.080,1,0.3093131395047957,646.0270496659972,0.0,,1233915.673450737
2021-06-25 14:01:17.090,1,0.2738967297308817,640.5799206473246,0.0,,1222471.9158362674
2021-06-25 14:01:17.100,1,0.3747574016392556,643.1930971279571,0.0,,1227962.8031042817
2021-06-25 14:01:17.110,1,0.3718979498498261,642.9251545171029,0.0,,1227397.3392904764
2021-06-25 14:01:17.120,1,0.3879404383632793,644.0121849488444,0.0,,1229685.0589217453
2021-06-25 14:01:17.130,1,0.3874851684084109,642.7960013563795,0.0,,1227134.4816193643
2021-06-25 14:01:17.140,1,0.3968758112449055,637.0949742461237,0.0,,1215166.3324721898
2021-06-25 14:01:17.150,1,0.3422062306834186,645.469157194908,0.0,,1232745.9689330119
2021-06-25 14:01:17.160,1,0.2758588097680209,645.8594507781518,0.0,,1233556.4814131767
2021-06-25 14:01:17.170,1,0.4164407123836894,641.7952479590525,0.0,,1225030.0414992918
2021-06-25 14:01:17.180,1,0.3510224890651867,646.5796589565635,0.0,,1235075.1430962665
2021-06-25 14:01:17.190,1,0.3175185431871316,641.5008171081843,0.0,,1224410.1549267785
2021-06-25 14:01:17.200,1,0.3212688503304934,642.3466422565785,0.0,,1226182.0845516392
2021-06-25 14:01:17.210,1,0.4107549532379415,650.7357082542514,0.0,,1243817.975684974
2021-06-25 14:01:17.220,1,0.2891879680849553,651.8964867204576,0.0,,1246247.9348155423
2021-06-25 14:01:17.230,1,0.4059075082079854,642.6327378844837,0.0,,1226787.1156054835
2021-06-25 14:01:17.240,1,0.3622129445238906,649.3175471207262,0.0,,1240831.7023695456
2021-06-25 14:01:17.250,1,0.428975684808947,648.3689697723588,0.0,,1238841.198715172
2021-06-25 14:01:17.260,1,0.3930593338508446,646.6751844013484,0.0,,1235277.3515708982
2021-06-25 14:01:17.270,1,0.3634964140425502,648.3166851298951,0.0,,1238731.830352641
2021-06-25 14:01:17.280,1,0.3498797658580588,654.2773643264137,0.0,,1251260.610706295
2021-06-25 14:01:17.290,1,0.4141624943407814,653.6310814795086,0.0,,1249904.3329049896
2021-06-25 14:01:17.300,1,0.4479696364122295,646.7929525525623,0.0,,1235530.4341801072
2021-06-25 14:01:17.310,1,0.4783607950474925,651.9070825709935,0.0,,1246281.3483672955
2021-06-25 14:01:17.320,1,0.4800155397123468,657.9399319904995,0.0,,1258974.1542461358
2021-06-25 14:01:17.330,1,0.3270685969713021,652.6986705417166,0.0,,1247937.7344930416
2021-06-25 14:01:17.340,1,0.3412496996076564,658.4751991436224,0.0,,1260094.160420671
2021-06-25 14:01:17.350,1,0.4806410097938504,647.649844894857,0.0,,1237328.993803884
2021-06-25 14:01:17.360,1,0.334495936929008,651.4204373633435,0.0,,1245253.981253568
2021-06-25 14:01:17.370,1,0.4522951673624245,651.7225588374763,0.0,,1245891.3665641707
2021-06-25 14:01:17.380,1,0.4095376380238835,648.7694847601167,0.0,,1239679.5165541782
2021-06-25 14:01:17.390,1,0.3861277875266832,650.5957040342281,0.0,,1243517.6284192489
2021-06-25 14:01:17.400,1,0.3369240364574277,647.9790006126094,0.0,,1238012.8331955015
2021-06-25 14:01:17.410,1,0.4348244466894841,647.7223012593033,0.0,,1237479.7523927458
2021-06-25 14:01:17.420,1,0.4079113499853811,644.6603095426127,0.0,,1231049.359108487
2021-06-25 14:01:17.430,1,0.3536518849370548,644.1714191888054,0.0,,1230015.965640526
2021-06-25 14:01:17.440,1,0.4945819388735683,650.2031315606605,0.0,,1242696.8711525816
2021-06-25 14:01:17.450,1,0.4388772982910233,643.0002603817542,0.0,,1227560.2058679275
2021-06-25 14:01:17.460,1,0.4843357638758819,647.9988923689405,0.0,,1238062.893204193
2021-06-25 14:01:17.470,1,0.3963276599996703,650.7795375416731,0.0,,1243906.0844793033
2021-06-25 14:01:17.480,1,0.3444145356462,645.5725711086146,0.0,,1232959.4519751642
2021-06-25 14:01:17.490,1,0.4722459926280904,643.4277248719699,0.0,,1228459.3849006265
2021-06-25 14:01:17.500,1,0.4186063438878846,642.8060777971084,0.0,,1227152.1215837337
2021-06-25 14:01:17.510,1,0.3471044672189126,641.8146338072116,0.0,,1225069.1327419342
2021-06-25 14:01:17.520,1,0.4288329785157859,643.3787280512144,0.0,,1228355.2287593135
2021-06-25 14:01:17.530,1,0.336817115472341,642.4329693802847,0.0,,1226364.9370514632
2021-06-25 14:01:17.540,1,0.4781853044959683,642.1334260245839,0.0,,1225742.3724685672
2021-06-25 14:01:17.550,1,0.3749597228160331,637.5057950015164,0.0,,1216025.265683795
2021-06-25 14:01:17.560,1,0.4051356402904631,638.2394592391697,0.0,,1217567.5409775656
2021-06-25 14:01:17.570,1,0.3257288067630343,640.2637797208108,0.0,,1221806.3168877591
2021-06-25 14:01:17.580,1,0.4182925363610498,639.3701699391653,0.0,,1219942.3326989925
2021-06-25 14:01:17.590,1,0.3028440483616835,639.8514318452275,0.0,,1220944.2695311713
2021-06-25 14:01:17.600,1,0.4377207114464074,635.6833660117462,0.0,,1212205.0976268195
2021-06-25 14:01:17.610,1,0.3562008764291692,631.9655768055089,0.0,,1204404.0002631433
2021-06-25 14:01:17.620,1,0.3808996973325865,638.4589402944375,0.0,,1218027.4035463475
2021-06-25 14:01:17.630,1,0.4308205034668445,636.2197411188394,0.0,,1213328.558556782
2021-06-25 14:01:17.640,1,0.3848351796377611,641.3486797664224,0.0,,1224093.1298973921
2021-06-25 14:01:17.650,1,0.3895212972475236,641.3751664058123,0.0,,1224148.9463602442
2021-06-25 14:01:17.660,1,0.3168729429863647,640.6097209878266,0.0,,1222535.0474709766
2021-06-25 14:01:17.670,1,0.331959545565917,643.7198677662018,0.0,,1229069.0782381662
2021-06-25 14:01:17.680,1,0.4057686650401499,639.7814578064597,0.0,,1220808.0335829717
2021-06-25 14:01:17.690,1,0.3445677824478062,640.1999883177839,0.0,,1221679.532166007
2021-06-25 14:01:17.700,1,0.3820718705238475,640.0054496091643,0.0,,1221270.381156993
2021-06-25 14:01:17.710,1,0.3274329505761882,639.3184491143728,0.0,,1219827.7248287615
2021-06-25 14:01:17.720,1,0.3096990953811357,640.9191507937189,0.0,,1223189.028905004
2021-06-25 14:01:17.730,1,0.3642527472713455,640.7654229720264,0.0,,1222868.9178953646
2021-06-25 14:01:17.740,1,0.3900505020037846,644.3219606323859,0.0,,1230333.8262600757
2021-06-25 14:01:17.750,1,0.3741518037388481,638.0146465565953,0.0,,1217091.8716661024
2021-06-25 14:01:17.760,1,0.3340808407119663,640.8072948163211,0.0,,1222955.9443400523
2021-06-25 14:01:17.770,1,0.2974010333399062,642.9859309453932,0.0,,1227526.2050522587
2021-06-25 14:01:17.780,1,0.3130477020977267,643.8126868932608,0.0,,1229260.7145194905
2021-06-25 14:01:17.790,1,0.3347688940534228,641.6768558531479,0.0,,1224779.0798195207
2021-06-25 14:01:17.800,1,0.3750234046754611,643.8363785989493,0.0,,1229313.9423062492
2021-06-25 14:01:17.810,1,0.3015413553824723,648.0891218281338,0.0,,1238247.2517041625
2021-06-25 14:01:17.820,1,0.3775604557063082,642.6028150691792,0.0,,1226724.3630163348
2021-06-25 14:01:17.830,1,0.2834823420015327,646.5354649804294,0.0,,1234982.054507339
2021-06-25 14:01:17.840,1,0.3519541771304714,644.9452739723242,0.0,,1231640.9943431015
2021-06-25 14:01:17.850,1,0.3723473213327636,642.6565406106272,0.0,,1226837.0519881065
2021-06-25 14:01:17.860,1,0.3625509043346732,647.9122898439781,0.0,,1237876.3295334815
2021-06-25 14:01:17.870,1,0.2825183113635175,653.2784466467131,0.0,,1249155.0935747202
2021-06-25 14:01:17.880,1,0.384753027380814,649.9094641025789,0.0,,1242076.0229184465
2021-06-25 14:01:17.890,1,0.27017917877739,647.9891258217258,0.0,,1238033.2882397438
2021-06-25 14:01:17.900,1,0.3341610269500525,655.0331365525949,0.0,,1252853.0768771053
2021-06-25 14:01:17.910,1,0.316170036631115,653.0714825056542,0.0,,1248721.8079727916
2021-06-25 14:01:17.920,1,0.3517502552038264,649.2622000114503,0.0,,1240715.6911081208
2021-06-25 14:01:17.930,1,0.3620611093874692,654.7931151974336,0.0,,1252345.5923213558
2021-06-25 14:01:17.940,1,0.3553800567261251,652.4518153064638,0.0,,1247419.9220848733
2021-06-25 14:01:17.950,1,0.3387415881535248,654.2033506860681,0.0,,1251106.1523359865
2021-06-25 14:01:17.960,1,0.3621237565731123,655.9731332595403,0.0,,1254828.3013961308
2021-06-25 14:01:17.970,1,0.3022744904803845,655.2195715713173,0.0,,1253239.9822416536
2021-06-25 14:01:17.980,1,0.4265613721429061,655.5723946569327,0.0,,1253986.996493174
2021-06-25 14:01:17.990,1,0.3081150018862568,653.9706985568345,0.0,,1250613.8082028795
2021-06-25 14:01:18.000,1,0.3193045742626318,656.6651241692985,0.0,,1256280.5594987646
2021-06-25 14:01:18.010,1,0.4384665515965951,658.4813757681455,0.0,,1260111.4716235609
2021-06-25 14:01:18.020,1,0.3793055310417519,655.7524298557994,0.0,,1254364.2973419002
2021-06-25 14:01:18.030,1,0.4492762488042595,656.8740325519523,0.0,,1256731.8946581439
2021-06-25 14:01:18.040,1,0.3983220694082672,654.7344739736923,0.0,,1252224.434931269
2021-06-25 14:01:18.050,1,0.3374343126421733,657.574652147852,0.0,,1258193.4471951136
2021-06-25 14:01:18.060,1,0.4021074969166254,654.3870470442704,0.0,,1251494.5364822978
2021-06-25 14:01:18.070,1,0.5003853565278056,655.6275798036722,0.0,,1254109.1467655776
2021-06-25 14:01:18.080,1,0.3927232981402564,653.2693944510728,0.0,,1249141.5616223917
2021-06-25 14:01:18.090,1,0.4276921032302348,658.464557765215,0.0,,1260076.9861617088
2021-06-25 14:01:18.100,1,0.4055338106424145,653.3373217842391,0.0,,1249285.028068509
2021-06-25 14:01:18.110,1,0.5175597788866264,651.7975234639773,0.0,,1246053.6601336172
2021-06-25 14:01:18.120,1,0.362966869302658,647.6855263611801,0.0,,1237404.0127494088
2021-06-25 14:01:18.130,1,0.4898052656314611,647.4812516421755,0.0,,1236978.3423574474
2021-06-25 14:01:18.140,1,0.4841771074244194,648.5107294276971,0.0,,1239143.466262142
2021-06-25 14:01:18.150,1,0.464656989095864,649.010082648892,0.0,,1240187.8551508607
2021-06-25 14:01:18.160,1,0.4778007043127025,649.9889477992557,0.0,,1242245.5321284095
2021-06-25 14:01:18.170,1,0.3920820496956594,649.4891544487115,0.0,,1241196.4462551915
2021-06-25 14:01:18.180,1,0.5394028472637385,647.3814971084862,0.0,,1236768.934998546
2021-06-25 14:01:18.190,1,0.3745964316683689,645.1092580530121,0.0,,1231988.6444367263
2021-06-25 14:01:18.200,1,0.4261948807420508,646.4179536741196,0.0,,1234744.2015737782
2021-06-25 14:01:18.210,1,0.4520576098638872,643.7398699205678,0.0,,1229117.150190198
2021-06-25 14:01:18.220,1,0.4240847405883999,649.3595237552969,0.0,,1240921.433999562
2021-06-25 14:01:18.230,1,0.4157877671664229,650.7630312509851,0.0,,1243872.8444127273
2021-06-25 14:01:18.240,1,0.3872445102013256,640.8610376249062,0.0,,1223065.519377872
2021-06-25 14:01:18.250,1,0.5338416248742638,639.7258859000542,0.0,,1220693.1217582712
2021-06-25 14:01:18.260,1,0.3836520879141838,649.316006064185,0.0,,1240825.2205616871
2021-06-25 14:01:18.270,1,0.4727828137183983,633.5867586492344,0.0,,1207809.2034971144
2021-06-25 14:01:18.280,1,0.4484203854705613,637.981256132247,0.0,,1217024.3146294388
2021-06-25 14:01:18.290,1,0.4833490147092106,642.4017199549206,0.0,,1226307.8961720613
2021-06-25 14:01:18.300,1,0.5044471150836409,639.023529373344,0.0,,1219215.268927311
2021-06-25 14:01:18.310,1,0.5007668077183028,642.1239613236321,0.0,,1225721.63427392
2021-06-25 14:01:18.320,1,0.4337149987640962,642.065937536053,0.0,,1225602.2744559546
2021-06-25 14:01:18.330,1,0.4726313665666025,640.7627703139683,0.0,,1222864.6731855627
2021-06-25 14:01:18.340,1,0.3923971910474472,640.4270804553951,0.0,,1222160.6631949414
2021-06-25 14:01:18.350,1,0.5049811757527021,638.4359314557164,0.0,,1217985.9149304505
2021-06-25 14:01:18.360,1,0.5015437306322061,644.4882219780221,0.0,,1230689.743728134
2021-06-25 14:01:18.370,1,0.3582461534210652,643.0567888752635,0.0,,1227677.8888586247
2021-06-25 14:01:18.380,1,0.4989147563700319,633.4260665635143,0.0,,1207477.0162613338
2021-06-25 14:01:18.390,1,0.4172097642799382,641.1779137853023,0.0,,1223734.5989759983
2021-06-25 14:01:18.400,1,0.4053207577983116,643.4811170200999,0.0,,1228573.9117469045
2021-06-25 14:01:18.410,1,0.3646230863950009,636.9191473412179,0.0,,1214794.6285525546
2021-06-25 14:01:18.420,1,0.3997013243618621,637.7395989785515,0.0,,1216513.8371764848
2021-06-25 14:01:18.430,1,0.3295750050042433,638.6258801503444,0.0,,1218371.2075751377
2021-06-25 14:01:18.440,1,0.428775992082875,631.6763624003962,0.0,,1203801.5024055005
2021-06-25 14:01:18.450,1,0.3132695413435349,635.6360152597417,0.0,,1212100.07520492
2021-06-25 14:01:18.460,1,0.3227809270999651,638.9055810664619,0.0,,1218958.863925965
2021-06-25 14:01:18.470,1,0.3959967760188385,641.8753345821734,0.0,,1225195.8614592566
2021-06-25 14:01:18.480,1,0.4251461115102896,637.9138119057512,0.0,,1216883.025078929
2021-06-25 14:01:18.490,1,0.3983473929175267,639.8128164289767,0.0,,1220871.4426542462
2021-06-25 14:01:18.500,1,0.3426126671328916,637.3323430913114,0.0,,1215661.089657692
2021-06-25 14:01:18.510,1,0.3810886346638585,645.282657961831,0.0,,1232355.3810921675
2021-06-25 14:01:18.520,1,0.4443585116961026,640.1128932339298,0.0,,1221499.704669971
2021-06-25 14:01:18.530,1,0.3167476313727091,644.4213257924357,0.0,,1230539.4167901648
2021-06-25 14:01:18.540,1,0.452953270702662,642.8440681122621,0.0,,1227235.8574458517
2021-06-25 14:01:18.550,1,0.4622840331186775,641.8292195192729,0.0,,1225103.889031181
2021-06-25 14:01:18.560,1,0.3314821762812384,648.7019142708527,0.0,,1239534.9313375438
2021-06-25 14:01:18.570,1,0.4260008688987242,643.8699438703568,0.0,,1229388.347191972
2021-06-25 14:01:18.580,1,0.3661926357338745,638.4669639796465,0.0,,1218041.7270233864
2021-06-25 14:01:18.590,1,0.47182691635637,647.9124652745405,0.0,,1237882.9677438035
2021-06-25 14:01:18.600,1,0.3910126720404564,644.2613537810464,0.0,,1230210.3402684405
2021-06-25 14:01:18.610,1,0.4962470567306875,640.9608344575064,0.0,,1223283.402199806
2021-06-25 14:01:18.620,1,0.4530055639037671,638.5276090040112,0.0,,1218175.75939205
2021-06-25 14:01:18.630,1,0.3738734684136297,643.6234625281536,0.0,,1228868.1450472989
2021-06-25 14:01:18.640,1,0.4490247027241072,643.457232456837,0.0,,1228523.423444481
2021-06-25 14:01:18.650,1,0.3743240858723748,643.7814036742377,0.0,,1229201.7525235238
2021-06-25 14:01:18.660,1,0.4173778436383822,643.1506570009643,0.0,,1227874.2440337553
2021-06-25 14:01:18.670,1,0.4787993294594379,646.9618679917787,0.0,,1235884.3791587607
2021-06-25 14:01:18.680,1,0.4344427374021227,638.8514813609053,0.0,,1218855.2516024404
2021-06-25 14:01:18.690,1,0.5064255134346107,635.4372097675282,0.0,,1211690.7040296597
2021-06-25 14:01:18.700,1,0.4172822330853672,637.1492692016581,0.0,,1215283.1832127247
2021-06-25 14:01:18.710,1,0.496221407511224,642.3148565749366,0.0,,1226124.9031749715
2021-06-25 14:01:18.720,1,0.454774260519458,638.6400974232204,0.0,,1218411.2812221672
2021-06-25 14:01:18.730,1,0.5191036073102888,638.1739065813304,0.0,,1217433.8773550426
2021-06-25 14:01:18.740,1,0.4626844047716201,638.1178958081538,0.0,,1217313.4828595654
2021-06-25 14:01:18.750,1,0.4414337550440732,634.7890876880018,0.0,,1210333.2974841872
2021-06-25 14:01:18.760,1,0.5666422501345918,634.2925138435153,0.0,,1209296.8476493084
2021-06-25 14:01:18.770,1,0.5179156989083354,636.6786365786727,0.0,,1214295.5904618853
2021-06-25 14:01:18.780,1,0.4685857846780286,637.8579412008619,0.0,,1216771.3063145631
2021-06-25 14:01:18.790,1,0.5426974280592676,633.7477237198566,0.0,,1208152.4558428188
2021-06-25 14:01:18.800,1,0.5331239385224209,634.7336291519142,0.0,,1210218.0210984151
2021-06-25 14:01:18.810,1,0.4456043129947993,628.3782638597694,0.0,,1196896.0101195988
2021-06-25 14:01:18.820,1,0.5592756707248491,633.3989954399641,0.0,,1207420.1738942885
2021-06-25 14:01:18.830,1,0.4249931946001929,630.0126020964417,0.0,,1200318.1829687543
2021-06-25 14:01:18.840,1,0.4718316131050601,630.995536657759,0.0,,1202374.8472154255
2021-06-25 14:01:18.850,1,0.513810027938453,633.6055334977814,0.0,,1207852.39249351
2021-06-25 14:01:18.860,1,0.4726381758909256,626.650031044081,0.0,,1193270.4772366532
2021-06-25 14:01:18.870,1,0.5175406320581839,623.1872974282512,0.0,,1186024.0112132248
2021-06-25 14:01:18.880,1,0.555378930523394,625.7486810480028,0.0,,1191390.8685882082
2021-06-25 14:01:18.890,1,0.6016349562925681,624.4693435184663,0.0,,1188714.4150231967
2021-06-25 14:01:18.900,1,0.4905191041791314,626.8520847327085,0.0,,1193697.0333677458
2021-06-25 14:01:18.910,1,0.4896591705812706,629.3810299706861,0.0,,1198993.599952004
2021-06-25 14:01:18.920,1,0.518978954228338,625.5932539781447,0.0,,1191059.9756496423
2021-06-25 14:01:18.930,1,0.6416022637577339,627.0671641019261,0.0,,1194152.7642788049
2021-06-25 14:01:18.940,1,0.4751733300250246,623.9226038404488,0.0,,1187561.7318069052
2021-06-25 14:01:18.950,1,0.6257289515919278,625.5409052297313,0.0,,1190956.6030621103
2021-06-25 14:01:18.960,1,0.5134582457021306,623.3530032691812,0.0,,1186372.6624227443
2021-06-25 14:01:18.970,1,0.4641369622746943,624.5762772436506,0.0,,1188931.6476799422
2021-06-25 14:01:18.980,1,0.4978015422036967,618.6737655390714,0.0,,1176577.912412557
2021-06-25 14:01:18.990,1,0.5032055203555179,623.2702959569192,0.0,,1186197.4144624965
2021-06-25 14:01:19.000,1,0.5942830688753421,623.9255985640798,0.0,,1187575.6761933884
2021-06-25 14:01:19.010,1,0.4608849143668767,621.4990157186721,0.0,,1182487.4007472727
2021-06-25 14:01:19.020,1,0.5777312081330982,616.9871128065188,0.0,,1173056.6306472486
2021-06-25 14:01:19.030,1,0.5689987683692532,615.8022029388452,0.0,,1170575.8739682205
2021-06-25 14:01:19.040,1,0.4899427600948733,620.2272320853808,0.0,,1179825.735423049
2021-06-25 14:01:19.050,1,0.5643909949056078,618.989575229723,0.0,,1177239.7132625026
2021-06-25 14:01:19.060,1,0.4726895241874146,620.7678496765609,0.0,,1180961.2663694536
2021-06-25 14:01:19.070,1,0.5177082509787326,618.1285466583599,0.0,,1175440.9003001782
2021-06-25 14:01:19.080,1,0.4356975730807473,622.7240121960575,0.0,,1185051.783994072
2021-06-25 14:01:19.090,1,0.4945170671101525,620.4900987545833,0.0,,1180380.440262706
2021-06-25 14:01:19.100,1,0.5309434132254203,621.7010504662118,0.0,,1182911.7236622204
2021-06-25 14:01:19.110,1,0.3966873988343422,623.7418997282382,0.0,,1187177.9977729272
2021-06-25 14:01:19.120,1,0.4710317159311457,627.9315658213667,0.0,,1195959.036394694
2021-06-25 14:01:19.130,1,0.4592207743135033,623.4833103594383,0.0,,1186640.5633718465
2021-06-25 14:01:19.140,1,0.5049930826025527,624.7791920065063,0.0,,1189357.3550465887
2021-06-25 14:01:19.150,1,0.5044743961750913,623.0495633103642,0.0,,1185736.6223794315
2021-06-25 14:01:19.160,1,0.4538146904418522,626.4914113782705,0.0,,1192939.174298932
2021-06-25 14:01:19.170,1,0.5145372145427353,626.1781505845157,0.0,,1192288.63459934
2021-06-25 14:01:19.180,1,0.5259245036196255,630.0879856108703,0.0,,1200478.631127293
2021-06-25 14:01:19.190,1,0.5398548048590424,631.070716718447,0.0,,1202540.4310784682
2021-06-25 14:01:19.200,1,0.4002681390359547,629.8218177346682,0.0,,1199915.4023613343
2021-06-25 14:01:19.210,1,0.4854078413564114,637.532707103005,0.0,,1216084.8813007066
2021-06-25 14:01:19.220,1,0.4388621369612132,629.6061738306685,0.0,,1199467.2988103335
2021-06-25 14:01:19.230,1,0.4812433992250023,635.9044161314938,0.0,,1212670.6316410857
2021-06-25 14:01:19.240,1,0.4165313856628317,629.094618853273,0.0,,1198393.1208702244
2021-06-25 14:01:19.250,1,0.3888333589238738,634.7634601251741,0.0,,1210272.7324630271
2021-06-25 14:01:19.260,1,0.4739880909469503,633.9784958764932,0.0,,1208632.0122736136
2021-06-25 14:01:19.270,1,0.4736301204873159,632.4334033792742,0.0,,1205395.947295316
2021-06-25 14:01:19.280,1,0.4965626744872697,636.805661020613,0.0,,1214560.4321161874
2021-06-25 14:01:19.290,1,0.4918095043046138,630.5435975544283,0.0,,1201435.760486823
2021-06-25 14:01:19.300,1,0.5341712562223091,634.6143406585977,0.0,,1209966.853023248
2021-06-25 14:01:19.310,1,0.4236631895923148,630.8092614239423,0.0,,1201982.9576637933
2021-06-25 14:01:19.320,1,0.4294671788803151,638.4043782733147,0.0,,1217914.042550534
2021-06-25 14:01:19.330,1,0.4799082214742124,636.3475752427352,0.0,,1213600.649212585
2021-06-25 14:01:19.340,1,0.5540146501373608,638.8473758112091,0.0,,1218849.75311734
2021-06-25 14:01:19.350,1,0.4310288807674003,635.8248256035276,0.0,,1212502.2550902036
2021-06-25 14:01:19.360,1,0.5274391168344684,634.5156649910579,0.0,,1209763.0546032437
2021-06-25 14:01:19.370,1,0.5789291637137652,628.6295504122188,0.0,,1197424.7415546149
2021-06-25 14:01:19.380,1,0.4039328939423488,638.2918611407349,0.0,,1217674.7146634916
2021-06-25 14:01:19.390,1,0.4229998715164449,644.4175747753401,0.0,,1230537.4593666524
2021-06-25 14:01:19.400,1,0.5670789144779862,634.8222927150073,0.0,,1210408.1180570382
2021-06-25 14:01:19.410,1,0.5404243116639657,632.8791093099816,0.0,,1206328.9564341358
2021-06-25 14:01:19.420,1,0.4546171864288192,633.3865354713561,0.0,,1207393.6372678357
2021-06-25 14:01:19.430,1,0.5976178516303365,633.1133202301966,0.0,,1206821.7555876893
2021-06-25 14:01:19.440,1,0.4354235769132727,629.7898700731931,0.0,,1199850.4840965508
2021-06-25 14:01:19.450,1,0.5972698929818419,634.6485504409038,0.0,,1210042.2596502001
2021-06-25 14:01:19.460,1,0.4875361445969288,635.2581500261315,0.0,,1211316.9082767235
2021-06-25 14:01:19.470,1,0.4668599832106943,632.7472121201275,0.0,,1206051.937840448
2021-06-25 14:01:19.480,1,0.5606025677872466,641.1757488215835,0.0,,1223734.9442143133
2021-06-25 14:01:19.490,1,0.6399078907108249,632.907325651541,0.0,,1206393.1786983865
2021-06-25 14:01:19.500,1,0.5992042861520875,631.837983218544,0.0,,1204148.0460413229
2021-06-25 14:01:19.510,1,0.5098572154661305,637.7872837413904,0.0,,1216623.1336277374
2021-06-25 14:01:19.520,1,0.4614540981933724,631.5159405628148,0.0,,1203463.139601576
2021-06-25 14:01:19.530,1,0.6146918489059375,628.9529489864507,0.0,,1198107.4102678963
2021-06-25 14:01:19.540,1,0.4626091428054881,626.7016236634039,0.0,,1193381.60437004
2021-06-25 14:01:19.550,1,0.5541216966211671,634.6328958340025,0.0,,1210009.3277286177
2021-06-25 14:01:19.560,1,0.4782200492964862,631.0355959065406,0.0,,1202463.271845949
2021-06-25 14:01:19.570,1,0.5523869617290039,631.6724286937869,0.0,,1203801.5538920662
2021-06-25 14:01:19.580,1,0.6416998701542408,628.7236864246113,0.0,,1197628.4526400524
2021-06-25 14:01:19.590,1,0.6068604889528931,630.2665194167251,0.0,,1200856.3401702873
2021-06-25 14:01:19.600,1,0.6571868237300602,631.7492045016216,0.0,,1203962.7816959783
2021-06-25 14:01:19.610,1,0.6022147945931123,633.9625383150844,0.0,,1208606.383609735
2021-06-25 14:01:19.620,1,0.6771582530336476,629.7443253551356,0.0,,1199765.493825257
2021-06-25 14:01:19.630,1,0.4731874442108528,632.362310954218,0.0,,1205240.6988472147
2021-06-25 14:01:19.640,1,0.5940483100478521,630.4906583457844,0.0,,1201329.532781127
2021-06-25 14:01:19.650,1,0.5381920487131869,630.1644173480303,0.0,,1200637.8296117436
2021-06-25 14:01:19.660,1,0.6468296466218765,629.9856367569728,0.0,,1200273.6283994257
2021-06-25 14:01:19.670,1,0.4589680766331926,627.042289036016,0.0,,1194091.5874025829
2021-06-25 14:01:19.680,1,0.6661903714498456,628.5280615039758,0.0,,1197216.7583368688
2021-06-25 14:01:19.690,1,0.5678095465303502,633.3146678417618,0.0,,1207246.5010072398
2021-06-25 14:01:19.700,1,0.6595073575597882,632.8978146216498,0.0,,1206380.4964758265
2021-06-25 14:01:19.710,1,0.5848708540170425,625.5462507394677,0.0,,1190967.877900756
2021-06-25 14:01:19.720,1,0.5885730221986571,627.6902397961993,0.0,,1195454.3527548686
2021-06-25 14:01:19.730,1,0.6047266237177333,626.7960121001964,0.0,,1193586.4543296266
2021-06-25 14:01:19.740,1,0.6032480660538356,637.3891560969057,0.0,,1215790.6311697178
2021-06-25 14:01:19.750,1,0.4673877726506891,630.9473677763913,0.0,,1202274.5830761536
2021-06-25 14:01:19.760,1,0.4401901763910628,635.3929595877779,0.0,,1211597.9541080475
2021-06-25 14:01:19.770,1,0.4688143190082487,634.9125968238734,0.0,,1210592.1478105558
2021-06-25 14:01:19.780,1,0.5240571071728884,634.3826910163127,0.0,,1209481.8384168812
2021-06-25 14:01:19.790,1,0.5560047469817564,637.2769443188511,0.0,,1215552.538916495
2021-06-25 14:01:19.800,1,0.5259415861759502,639.4443064831712,0.0,,1220101.83761509
2021-06-25 14:01:19.810,1,0.5477098256997177,639.7756840678945,0.0,,1220798.0069190338
2021-06-25 14:01:19.820,1,0.4452099841228409,640.0162320290502,0.0,,1221296.7756590527
2021-06-25 14:01:19.830,1,0.4563164397972575,632.0873615810924,0.0,,1204661.051147878
2021-06-25 14:01:19.840,1,0.4606275841626803,639.2007467873198,0.0,,1219588.0079507583
2021-06-25 14:01:19.850,1,0.4081593694555963,639.4226033383924,0.0,,1220049.570089304
2021-06-25 14:01:19.860,1,0.5403589439819885,633.9096926244948,0.0,,1208489.1399740113
2021-06-25 14:01:19.870,1,0.5172639118584961,644.0447172940044,0.0,,1229754.7441882486
2021-06-25 14:01:19.880,1,0.484189687432205,641.68957636333,0.0,,1224815.457652825
2021-06-25 14:01:19.890,1,0.4978638191626816,640.8280227679239,0.0,,1223007.461283684
2021-06-25 14:01:19.900,1,0.4058457413551479,642.7797655601554,0.0,,1227103.4996959923
2021-06-25 14:01:19.910,1,0.4501905087458815,640.5414788531127,0.0,,1222397.3355062425
2021-06-25 14:01:19.920,1,0.4360703918599117,643.0515804472177,0.0,,1227671.1454815718
2021-06-25 14:01:19.930,1,0.4342826632213861,645.4995849442125,0.0,,1232812.8488474248
2021-06-25 14:01:19.940,1,0.4740194317994551,637.7276196535453,0.0,,1216497.174766773
2021-06-25 14:01:19.950,1,0.5463135312865006,644.3940127115128,0.0,,1230496.1994802763
2021-06-25 14:01:19.960,1,0.4729957037581739,645.6645925620512,0.0,,1233159.13580562
2021-06-25 14:01:19.970,1,0.4825952727644829,639.8995994658492,0.0,,1221057.6076684818
2021-06-25 14:01:19.980,1,0.4392898596288339,638.6678157338595,0.0,,1218465.0980506293
2021-06-25 14:01:19.990,1,0.5088600225785351,641.3120277484082,0.0,,1224020.2368703422
2021-06-25 14:01:20.000,1,0.3946221650672967,637.9769876704365,0.0,,1217012.664385109
2021-06-25 14:01:20.010,1,0.467363311617637,646.7247303156317,0.0,,1235389.6863852155
2021-06-25 14:01:20.020,1,0.4113529568197902,643.0482887300634,0.0,,1227660.3388334766
2021-06-25 14:01:20.030,1,0.5194168276439884,644.4715441241958,0.0,,1230654.4622909646
2021-06-25 14:01:20.040,1,0.4760462767097657,645.0898535400819,0.0,,1231951.4433558523
2021-06-25 14:01:20.050,1,0.3929584063127425,639.4388595733508,0.0,,1220082.600988697
2021-06-25 14:01:20.060,1,0.4372014529548036,642.7866809095599,0.0,,1227110.3492320632
2021-06-25 14:01:20.070,1,0.5006982116098654,641.3430221111987,0.0,,1224083.6172361241
2021-06-25 14:01:20.080,1,0.3911590621771794,641.7167034855885,0.0,,1224861.785428688
2021-06-25 14:01:20.090,1,0.3809531187563492,635.2816097497729,0.0,,1211362.783691055
2021-06-25 14:01:20.100,1,0.5206529802250143,638.7925817723502,0.0,,1218734.244705658
2021-06-25 14:01:20.110,1,0.4882653935591028,635.4417188183112,0.0,,1211700.4457282478
2021-06-25 14:01:20.120,1,0.5491961556325448,638.9393233506677,0.0,,1219045.4472655249
2021-06-25 14:01:20.130,1,0.4335220003030569,637.1629221623223,0.0,,1215308.9088118197
2021-06-25 14:01:20.140,1,0.55129269731587,636.1443708462691,0.0,,1213176.202560279
2021-06-25 14:01:20.150,1,0.4658366159463616,634.1122606865665,0.0,,1208914.2532667655
2021-06-25 14:01:20.160,1,0.4666106580788076,635.3651228707931,0.0,,1211539.9909614173
2021-06-25 14:01:20.170,1,0.4830823239202131,633.4077529397252,0.0,,1207437.6464934864
2021-06-25 14:01:20.180,1,0.4417705515709598,629.18208919517,0.0,,1198578.423893376
2021-06-25 14:01:20.190,1,0.4414237020942549,634.3323078933695,0.0,,1209371.6859116645
2021-06-25 14:01:20.200,1,0.5315226531353435,628.1656357838075,0.0,,1196448.854604719
2021-06-25 14:01:20.210,1,0.4864287048102691,628.0316713530741,0.0,,1196169.7297057537
2021-06-25 14:01:20.220,1,0.4899805738974041,631.3957548072731,0.0,,1203218.003671234
2021-06-25 14:01:20.230,1,0.404311855872581,630.4216757583582,0.0,,1201168.6386584756
2021-06-25 14:01:20.240,1,0.4082662232172826,628.9286713166297,0.0,,1198045.1864700154
2021-06-25 14:01:20.250,1,0.4870572562167301,633.2953543224563,0.0,,1207201.6734494353
2021-06-25 14:01:20.260,1,0.4103028346121917,625.7561076085233,0.0,,1191401.0438840436
2021-06-25 14:01:20.270,1,0.5847608687158772,629.697659680573,0.0,,1199660.7088480277
2021-06-25 14:01:20.280,1,0.5409152809780948,626.1029390664237,0.0,,1192130.2406414787
2021-06-25 14:01:20.290,1,0.4445793473214915,628.0363198469691,0.0,,1196176.562712268
2021-06-25 14:01:20.300,1,0.510585848345951,621.4434882784855,0.0,,1182377.715659049
2021-06-25 14:01:20.310,1,0.5031670996538512,623.9558650071939,0.0,,1187631.3298812031
2021-06-25 14:01:20.320,1,0.4591907260126434,621.325459949516,0.0,,1182124.5454314868
2021-06-25 14:01:20.330,1,0.5497360819629143,628.9230055892402,0.0,,1198036.5630844468
2021-06-25 14:01:20.340,1,0.5659519320464402,622.5741660476939,0.0,,1184743.3789346938
2021-06-25 14:01:20.350,1,0.4902504118279929,631.4159691567589,0.0,,1203258.4549860992
2021-06-25 14:01:20.360,1,0.5469087905646371,616.5672982913206,0.0,,1172178.0734907498
2021-06-25 14:01:20.370,1,0.5579015366785418,622.331080423063,0.0,,1184231.0122116352
2021-06-25 14:01:20.380,1,0.5460282733208982,618.4256868493624,0.0,,1176064.1132496444
2021-06-25 14:01:20.390,1,0.4161575903769949,623.4877017747713,0.0,,1186644.761253029
2021-06-25 14:01:20.400,1,0.5904836910576731,624.6183069823118,0.0,,1189024.795056965
2021-06-25 14:01:20.410,1,0.505725571871543,625.7369868021473,0.0,,1191362.5736433277
2021-06-25 14:01:20.420,1,0.4893370491658402,622.9883723577692,0.0,,1185606.3733338057
2021-06-25 14:01:20.430,1,0.4419024968742888,627.439857749373,0.0,,1194925.2491642884
2021-06-25 14:01:20.440,1,0.4479967755297563,621.2316769361263,0.0,,1181929.968690513
2021-06-25 14:01:20.450,1,0.5447589502643808,631.2027424206249,0.0,,1202812.969241848
2021-06-25 14:01:20.460,1,0.4059173376830854,626.8740623316531,0.0,,1193741.061268325
2021-06-25 14:01:20.470,1,0.5146896100491992,627.3521822833834,0.0,,1194742.7767702253
2021-06-25 14:01:20.480,1,0.5368241383619319,625.3788057260473,0.0,,1190611.1430952821
2021-06-25 14:01:20.490,1,0.5248829024885248,628.5105370196031,0.0,,1197174.4166835558
2021-06-25 14:01:20.500,1,0.5387594240774768,624.385232575497,0.0,,1188534.5676492772
2021-06-25 14:01:20.510,1,0.3830385229423373,630.6529597307165,0.0,,1201654.7202996088
2021-06-25 14:01:20.520,1,0.3715103483418527,629.6343300519549,0.0,,1199520.9302367186
2021-06-25 14:01:20.530,1,0.4094456615487598,628.1354735972976,0.0,,1196379.3416038007
2021-06-25 14:01:20.540,1,0.4420928786089227,634.1206794317295,0.0,,1208928.882331288
2021-06-25 14:01:20.550,1,0.4240113717351764,628.8179607659545,0.0,,1197813.2129782313
2021-06-25 14:01:20.560,1,0.3611239624993821,628.2869368034885,0.0,,1196700.343421906
2021-06-25 14:01:20.570,1,0.5032069331987333,634.141333202836,0.0,,1208976.4005720164
2021-06-25 14:01:20.580,1,0.3976486937921529,629.5086546751986,0.0,,1199259.3486687893
2021-06-25 14:01:20.590,1,0.3666019968447346,634.6020359509081,0.0,,1209934.6328297998
2021-06-25 14:01:20.600,1,0.3303273774871872,628.9111519252423,0.0,,1198004.0730423762
2021-06-25 14:01:20.610,1,0.3550789995624674,631.1734098602458,0.0,,1202745.2929576172
2021-06-25 14:01:20.620,1,0.4629972226794799,630.6406701166159,0.0,,1201635.981459761
2021-06-25 14:01:20.630,1,0.3534805152984201,632.6870079188177,0.0,,1205917.3719254567
2021-06-25 14:01:20.640,1,0.3809897883231707,630.9712294593476,0.0,,1202321.6399474712
2021-06-25 14:01:20.650,1,0.4218596262857866,625.8310352196028,0.0,,1191555.7533975863
2021-06-25 14:01:20.660,1,0.3122191922892343,627.2351376599169,0.0,,1194494.9247043813
2021-06-25 14:01:20.670,1,0.4093832977701299,625.025116785391,0.0,,1189863.0490834536
2021-06-25 14:01:20.680,1,0.427932658722665,628.1804328978199,0.0,,1196476.9830600335
2021-06-25 14:01:20.690,1,0.4301398688360805,635.3082271761959,0.0,,1211417.0379591985
2021-06-25 14:01:20.700,1,0.4064356559234083,628.0577976086996,0.0,,1196221.9169091005
2021-06-25 14:01:20.710,1,0.3907532539995429,637.2632307626236,0.0,,1215514.6844022768
2021-06-25 14:01:20.720,1,0.3067737686345725,632.7265525846277,0.0,,1205995.840996928
2021-06-25 14:01:20.730,1,0.3844765799303893,633.3516896128212,0.0,,1207312.0463014143
2021-06-25 14:01:20.740,1,0.3310945270525429,634.6514340808478,0.0,,1210040.0713760161
2021-06-25 14:01:20.750,1,0.3583521096307507,629.6106644170361,0.0,,1199466.8535684438
2021-06-25 14:01:20.760,1,0.2925363437054093,629.4497255693295,0.0,,1199130.9179013185
2021-06-25 14:01:20.770,1,0.3685535120280919,625.4349371965777,0.0,,1190722.2111466404
2021-06-25 14:01:20.780,1,0.3577542932704418,626.9075501980399,0.0,,1193808.4420238931
2021-06-25 14:01:20.790,1,0.4256462384623394,628.2834537240752,0.0,,1196691.0926919407
2021-06-25 14:01:20.800,1,0.3482289794313432,623.4653396210763,0.0,,1186602.7963637714
2021-06-25 14:01:20.810,1,0.3818512826822963,629.0738955724902,0.0,,1198347.312831317
2021-06-25 14:01:20.820,1,0.3389483877243675,625.6531039283557,0.0,,1191175.7633160506
2021-06-25 14:01:20.830,1,0.3250343629823639,623.3689943328053,0.0,,1186392.3091443707
2021-06-25 14:01:20.840,1,0.3462284901072873,624.4952619621316,0.0,,1188754.2435912346
2021-06-25 14:01:20.850,1,0.3948422934681571,622.6485880533337,0.0,,1184890.7996908927
2021-06-25 14:01:20.860,1,0.4164854731769357,620.0889625616824,0.0,,1179531.6104126936
2021-06-25 14:01:20.870,1,0.3262413853305012,621.0018826120205,0.0,,1181440.7501163187
2021-06-25 14:01:20.880,1,0.4406205428092034,619.585543179421,0.0,,1178484.3938542376
2021-06-25 14:01:20.890,1,0.4336154772899219,629.11080898067,0.0,,1198425.8618857493
2021-06-25 14:01:20.900,1,0.417534922724334,622.3431998812456,0.0,,1184251.8209051068
2021-06-25 14:01:20.910,1,0.4019846896744056,625.4204295377648,0.0,,1190694.8475330244
2021-06-25 14:01:20.920,1,0.4685615869154565,624.3426077674227,0.0,,1188441.8313457812
2021-06-25 14:01:20.930,1,0.4681257653566306,617.1948105867123,0.0,,1173485.2458109462
2021-06-25 14:01:20.940,1,0.436408833921727,621.7597056502299,0.0,,1183034.4341693313
2021-06-25 14:01:20.950,1,0.4318406808829509,625.5471302368028,0.0,,1190961.3197928653
2021-06-25 14:01:20.960,1,0.345425412489406,629.0000672547836,0.0,,1198190.1981512855
2021-06-25 14:01:20.970,1,0.3758753204794822,620.7581102694052,0.0,,1180932.5861439623
2021-06-25 14:01:20.980,1,0.3911282396501351,627.1864693389375,0.0,,1194388.5439235244
2021-06-25 14:01:20.990,1,0.4882787867649203,624.6672449350458,0.0,,1189125.0347839936
2021-06-25 14:01:21.000,1,0.3505990472848415,629.9079600532652,0.0,,1200094.863756619
2021-06-25 14:01:21.010,1,0.3974075755123398,620.9932232196343,0.0,,1181427.0775693478
2021-06-25 14:01:21.020,1,0.4325864798057579,625.9654162681645,0.0,,1191837.1408564819
2021-06-25 14:01:21.030,1,0.4797564269166365,621.5960329486918,0.0,,1182689.5801232103
2021-06-25 14:01:21.040,1,0.4130576874023735,630.7768153214564,0.0,,1201917.4452966426
2021-06-25 14:01:21.050,1,0.3935251986889648,627.4371408651032,0.0,,1194918.9293271082
2021-06-25 14:01:21.060,1,0.3686510541696855,631.3606675517922,0.0,,1203142.2728481907
2021-06-25 14:01:21.070,1,0.4564486886645497,626.5753638181112,0.0,,1193116.1739116407
2021-06-25 14:01:21.080,1,0.3966988900268191,628.9101891658709,0.0,,1198006.5249821865
2021-06-25 14:01:21.090,1,0.4278933785469493,625.0504318418828,0.0,,1189923.31159399
2021-06-25 14:01:21.100,1,0.3559830679763329,636.3881325127918,0.0,,1213678.8760585422
2021-06-25 14:01:21.110,1,0.3290515496147322,635.7108897314936,0.0,,1212255.6913958543
2021-06-25 14:01:21.120,1,0.4766909762857231,630.3074850122521,0.0,,1200937.313551104
2021-06-25 14:01:21.130,1,0.3377926612779464,630.804405706175,0.0,,1201971.463329654
2021-06-25 14:01:21.140,1,0.3689999271275694,635.2953979745657,0.0,,1211388.44568531
2021-06-25 14:01:21.150,1,0.3504443581532584,637.839684115169,0.0,,1216727.6618875794
2021-06-25 14:01:21.160,1,0.3983990906295882,633.4428409728987,0.0,,1207503.555584857
2021-06-25 14:01:21.170,1,0.4144059059229688,638.034117923468,0.0,,1217138.681174403
2021-06-25 14:01:21.180,1,0.39264169287771,638.1791496009616,0.0,,1217437.383815354
2021-06-25 14:01:21.190,1,0.3561616070450961,635.2251516105339,0.0,,1211241.5676211347
2021-06-25 14:01:21.200,1,0.4096202752276338,643.7027284376508,0.0,,1229034.8182035172
2021-06-25 14:01:21.210,1,0.3493423627843597,642.7076029154783,0.0,,1226940.6379125388
2021-06-25 14:01:21.220,1,0.4561280948390542,643.4996855754932,0.0,,1228613.2420901242
2021-06-25 14:01:21.230,1,0.414053349767245,646.7509382554088,0.0,,1235443.4859766462
2021-06-25 14:01:21.240,1,0.4037719528715524,649.9663910014035,0.0,,1242197.530571815
2021-06-25 14:01:21.250,1,0.3073921449397776,646.4247218327367,0.0,,1234749.0192762455
2021-06-25 14:01:21.260,1,0.3291608291904544,644.9975500990918,0.0,,1231752.7877812914
2021-06-25 14:01:21.270,1,0.4202758123275241,646.4152334224761,0.0,,1234738.7587182545
2021-06-25 14:01:21.280,1,0.3072323618453518,648.6049379742168,0.0,,1239332.3172356403
2021-06-25 14:01:21.290,1,0.402749862336146,649.2433745738687,0.0,,1240677.8709520516
2021-06-25 14:01:21.300,1,0.2887673679156683,647.8673813174812,0.0,,1237777.4261261935
2021-06-25 14:01:21.310,1,0.3692543919581331,644.2630825503313,0.0,,1230208.9855351248
2021-06-25 14:01:21.320,1,0.3257002559323742,644.7149717684165,0.0,,1231159.7719060245
2021-06-25 14:01:21.330,1,0.3016293083266651,645.8041533475127,0.0,,1233442.004445495
2021-06-25 14:01:21.340,1,0.2608051545631282,652.9642505811399,0.0,,1248494.2539995094
2021-06-25 14:01:21.350,1,0.3300222210897683,642.0201185530844,0.0,,1225501.5489885132
2021-06-25 14:01:21.360,1,0.3346768227402572,649.0930694365672,0.0,,1240353.602732012
2021-06-25 14:01:21.370,1,0.2767420671315241,643.6206750789407,0.0,,1228856.1965038371
2021-06-25 14:01:21.380,1,0.303942463869945,643.7284029761,0.0,,1229085.8184933765
2021-06-25 14:01:21.390,1,0.3430680719182931,647.9890945385025,0.0,,1238038.652751106
2021-06-25 14:01:21.400,1,0.3188330963215129,647.3510246932598,0.0,,1236696.704925688
2021-06-25 14:01:21.410,1,0.2792410754451518,643.3608649632539,0.0,,1228316.1658845802
2021-06-25 14:01:21.420,1,0.3079866823982269,638.4447174112756,0.0,,1217994.2902090857
2021-06-25 14:01:21.430,1,0.2580097346236784,640.5353108244327,0.0,,1222377.4409320734
2021-06-25 14:01:21.440,1,0.2602841646300706,648.798350623994,0.0,,1239734.539885789
2021-06-25 14:01:21.450,1,0.3455850211274406,643.8893284620186,0.0,,1229424.5315829674
2021-06-25 14:01:21.460,1,0.3384644978387577,646.5954445989317,0.0,,1235110.4786126951
2021-06-25 14:01:21.470,1,0.3235588167899385,646.7924372064998,0.0,,1235523.2700767852
2021-06-25 14:01:21.480,1,0.3225541564177641,645.4240635920414,0.0,,1232648.4582769724
2021-06-25 14:01:21.490,1,0.2800030955407467,646.5850516059368,0.0,,1235082.358689653
2021-06-25 14:01:21.500,1,0.2930527731332713,644.8004242993063,0.0,,1231335.562007559
2021-06-25 14:01:21.510,1,0.3374253618596018,645.4642530918081,0.0,,1232736.6774307585
2021-06-25 14:01:21.520,1,0.3295204235520216,639.735910125103,0.0,,1220705.2417112677
2021-06-25 14:01:21.530,1,0.2825099919714108,635.996292948548,0.0,,1212855.8998770448
2021-06-25 14:01:21.540,1,0.281102199418044,641.9905640070638,0.0,,1225438.0057763238
2021-06-25 14:01:21.550,1,0.3252582834857592,640.1474495810525,0.0,,1221564.0396546666
2021-06-25 14:01:21.560,1,0.3370532989696597,640.5731585077627,0.0,,1222465.7874319444
2021-06-25 14:01:21.570,1,0.3089269045680353,639.8175313757445,0.0,,1220872.5684946156
2021-06-25 14:01:21.580,1,0.2799024779750735,639.3698218348347,0.0,,1219931.5061088318
2021-06-25 14:01:21.590,1,0.3580816126328517,640.1681685043327,0.0,,1221610.495893962
2021-06-25 14:01:21.600,1,0.3212213391334149,639.0437479566308,0.0,,1219250.217011957
2021-06-25 14:01:21.610,1,0.3909551290052662,639.2587585517767,0.0,,1219701.7394416016
2021-06-25 14:01:21.620,1,0.273490960055088,636.8138621188174,0.0,,1214572.4391132817
2021-06-25 14:01:21.630,1,0.3893871023309274,635.9785527025773,0.0,,1212823.0942969187
2021-06-25 14:01:21.640,1,0.3145367160267727,634.5326440693999,0.0,,1209784.216212844
2021-06-25 14:01:21.650,1,0.3235518475404618,640.1774653410488,0.0,,1221632.995314456
2021-06-25 14:01:21.660,1,0.292370036354612,643.167008918686,0.0,,1227902.5920630584
2021-06-25 14:01:21.670,1,0.4027020603284024,638.5667244442839,0.0,,1218249.79391102
2021-06-25 14:01:21.680,1,0.3265570429914779,636.6860130496758,0.0,,1214302.7863227054
2021-06-25 14:01:21.690,1,0.3350556571121333,633.4082265004312,0.0,,1207431.0860211826
2021-06-25 14:01:21.700,1,0.346062945447165,640.3589239023755,0.0,,1222010.5790373227
2021-06-25 14:01:21.710,1,0.4430673267641327,632.1960602143008,0.0,,1204890.55837627
2021-06-25 14:01:21.720,1,0.440673167255343,640.7047759597666,0.0,,1222746.7334935511
2021-06-25 14:01:21.730,1,0.4587883872619493,641.3412317249882,0.0,,1224077.2191195996
2021-06-25 14:01:21.740,1,0.3442809413264877,637.4740838943162,0.0,,1215960.7211090005
2021-06-25 14:01:21.750,1,0.3954642840862005,635.8509689171501,0.0,,1212553.6312967131
2021-06-25 14:01:21.760,1,0.3159206055549033,634.2219738951258,0.0,,1209132.0306047567
2021-06-25 14:01:21.770,1,0.3891411385738501,641.5450120660769,0.0,,1224505.408759148
2021-06-25 14:01:21.780,1,0.3684609106686384,644.7426012631138,0.0,,1231219.5843146786
2021-06-25 14:01:21.790,1,0.4377278971277888,644.6611442718337,0.0,,1231053.8367218724
2021-06-25 14:01:21.800,1,0.4036231886721834,639.0780542953072,0.0,,1219325.535341658
2021-06-25 14:01:21.810,1,0.3174499812642213,642.0854573441252,0.0,,1225632.9820215898
2021-06-25 14:01:21.820,1,0.3443956625061256,644.2334240852532,0.0,,1230147.1509026454
2021-06-25 14:01:21.830,1,0.4663802250961847,640.4535821741051,0.0,,1222217.3122206046
2021-06-25 14:01:21.840,1,0.3484035675744464,642.0841024224344,0.0,,1225634.3650374573
2021-06-25 14:01:21.850,1,0.4245361127419114,644.1153581694715,0.0,,1229903.5935020295
2021-06-25 14:01:21.860,1,0.4026064430500725,648.9751596954086,0.0,,1240113.7105835355
2021-06-25 14:01:21.870,1,0.4430963109248382,645.8237832712205,0.0,,1233492.8149949922
2021-06-25 14:01:21.880,1,0.4285698663287239,644.9759010344426,0.0,,1231711.3821435713
2021-06-25 14:01:21.890,1,0.3134379630472639,653.2589257824053,0.0,,1249113.6037465532
2021-06-25 14:01:21.900,1,0.4217875220356564,643.4917746655491,0.0,,1228592.7310876108
2021-06-25 14:01:21.910,1,0.3055303446602883,652.1050792031708,0.0,,1246691.1022072341
2021-06-25 14:01:21.920,1,0.3088834946081916,648.8133114360559,0.0,,1239767.0766502623
2021-06-25 14:01:21.930,1,0.4315244840005653,647.4434788030561,0.0,,1236896.52208093
2021-06-25 14:01:21.940,1,0.4060263347104323,643.881639794593,0.0,,1229409.850888326
2021-06-25 14:01:21.950,1,0.3240071894684362,651.6483192769298,0.0,,1245729.8925177373
2021-06-25 14:01:21.960,1,0.4144201797431981,652.103854945234,0.0,,1246695.151538657
2021-06-25 14:01:21.970,1,0.4179705454836487,645.1863992747907,0.0,,1232155.2747575857
2021-06-25 14:01:21.980,1,0.3873440345853645,645.5292779860779,0.0,,1232872.4801637996
2021-06-25 14:01:21.990,1,0.3044453234077229,644.5435102418668,0.0,,1230798.0852870352
2021-06-25 14:01:22.000,1,0.3953632108995739,646.8751132946912,0.0,,1235700.2977079535
2021-06-25 14:01:22.010,1,0.3496583286879741,639.716102273969,0.0,,1220659.6844362803
2021-06-25 14:01:22.020,1,0.2824018283960123,644.6810138595341,0.0,,1231086.5447269261
2021-06-25 14:01:22.030,1,0.3733290677880377,644.8420841613225,0.0,,1231425.6792593277
2021-06-25 14:01:22.040,1,0.3261260118999852,643.8291453615433,0.0,,1229295.412278892
2021-06-25 14:01:22.050,1,0.4036444442259877,646.2950922806994,0.0,,1234478.4752801263
2021-06-25 14:01:22.060,1,0.2994096667899325,648.853603316471,0.0,,1239854.9401943327
2021-06-25 14:01:22.070,1,0.3060358609956171,643.4143286176316,0.0,,1228427.517800408
2021-06-25 14:01:22.080,1,0.3161888939039823,642.4671187236196,0.0,,1226437.185229224
2021-06-25 14:01:22.090,1,0.2734861130889864,640.5832965353147,0.0,,1222478.7285112317
2021-06-25 14:01:22.100,1,0.2885551636772299,640.4902893885795,0.0,,1222285.259895569
2021-06-25 14:01:22.110,1,0.274449759600911,641.177533563415,0.0,,1223728.0153517919
2021-06-25 14:01:22.120,1,0.3025962047366868,636.8830077900693,0.0,,1214718.7416259218
2021-06-25 14:01:22.130,1,0.2611991532183019,635.9323514402238,0.0,,1212718.915849374
2021-06-25 14:01:22.140,1,0.2531241278332852,641.0635390537433,0.0,,1223484.7521493086
2021-06-25 14:01:22.150,1,0.3530467046428932,639.4079970111188,0.0,,1220013.4800886398
2021-06-25 14:01:22.160,1,0.3081542813561336,632.7640236656439,0.0,,1206079.2405774358
2021-06-25 14:01:22.170,1,0.3317990337995578,636.0580569869219,0.0,,1212985.904864293
2021-06-25 14:01:22.180,1,0.3655387736060547,634.5242282735658,0.0,,1209770.3730714049
2021-06-25 14:01:22.190,1,0.3490620686754015,634.1868501113553,0.0,,1209060.5878805723
2021-06-25 14:01:22.200,1,0.3084643552415874,624.9479075861693,0.0,,1189701.8581664963
2021-06-25 14:01:22.210,1,0.2653897086034488,629.8981489358655,0.0,,1200069.5573133887
2021-06-25 14:01:22.220,1,0.3703199859475931,632.4631949795988,0.0,,1205446.8246249184
2021-06-25 14:01:22.230,1,0.307169921224233,625.1104563290091,0.0,,1190036.5147610682
2021-06-25 14:01:22.240,1,0.3207423299211666,629.0147591354664,0.0,,1198221.1629933084
2021-06-25 14:01:22.250,1,0.3446941005638622,626.5428526186241,0.0,,1193040.924091397
2021-06-25 14:01:22.260,1,0.3698062779929029,635.1526386999741,0.0,,1211091.9781763237
2021-06-25 14:01:22.270,1,0.3028915049587787,632.0060489479566,0.0,,1204490.7733294584
2021-06-25 14:01:22.280,1,0.3234022575018559,634.1957755464176,0.0,,1209080.2902191582
2021-06-25 14:01:22.290,1,0.3075406723849641,631.1490986317173,0.0,,1202692.7295905042
2021-06-25 14:01:22.300,1,0.3010723897057043,627.0516457872938,0.0,,1194108.0993895428
2021-06-25 14:01:22.310,1,0.4185746961531141,629.5188821533346,0.0,,1199277.9834440488
2021-06-25 14:01:22.320,1,0.427563975326529,625.4537949683165,0.0,,1190766.0100260202
2021-06-25 14:01:22.330,1,0.390553754247523,626.8672620896903,0.0,,1193722.8074019435
2021-06-25 14:01:22.340,1,0.3558390064797043,627.8382669502507,0.0,,1195755.194108637
2021-06-25 14:01:22.350,1,0.3309862804874464,630.3116234914315,0.0,,1200938.4314995545
2021-06-25 14:01:22.360,1,0.3881464329967174,626.6407369429309,0.0,,1193252.3924671125
2021-06-25 14:01:22.370,1,0.352845108536327,629.8069635185099,0.0,,1199880.1947013813
2021-06-25 14:01:22.380,1,0.3313175856975504,632.3902908000331,0.0,,1205294.0881127594
2021-06-25 14:01:22.390,1,0.4444875836958843,627.4420282371848,0.0,,1194931.0884619153
2021-06-25 14:01:22.400,1,0.4744912916755223,634.1894421860767,0.0,,1209076.4431406008
2021-06-25 14:01:22.410,1,0.3411071366052132,635.5000800063008,0.0,,1211816.302910088
2021-06-25 14:01:22.420,1,0.4863270013188734,631.0892078783149,0.0,,1202579.1452911827
2021-06-25 14:01:22.430,1,0.4824631221646973,629.2947491579632,0.0,,1198811.6460418685
2021-06-25 14:01:22.440,1,0.496159015281407,636.8607317092724,0.0,,1214678.4796307315
2021-06-25 14:01:22.450,1,0.4156016177696872,631.8631885697148,0.0,,1204193.7683497865
2021-06-25 14:01:22.460,1,0.4538692777497241,631.949345516988,0.0,,1204377.6474789781
2021-06-25 14:01:22.470,1,0.4034382225387469,639.1254887603985,0.0,,1219428.5750762722
2021-06-25 14:01:22.480,1,0.4269413186583846,635.7858509152584,0.0,,1212423.9867613344
2021-06-25 14:01:22.490,1,0.4890244771511203,637.434926570505,0.0,,1215882.8337318865
2021-06-25 14:01:22.500,1,0.5227797843651406,641.6552114915303,0.0,,1224741.2150769143
2021-06-25 14:01:22.510,1,0.5338264236046413,639.1600203070979,0.0,,1219502.506498542
2021-06-25 14:01:22.520,1,0.4726821933149112,639.0337159704694,0.0,,1219238.1840253014
2021-06-25 14:01:22.530,1,0.3816800396877381,638.0307443957857,0.0,,1217128.1359223886
2021-06-25 14:01:22.540,1,0.5372164459438489,634.6403805037862,0.0,,1210026.5072718025
2021-06-25 14:01:22.550,1,0.5358906192644223,639.4522312618717,0.0,,1220120.513017527
2021-06-25 14:01:22.560,1,0.3963255945347493,638.8726606483796,0.0,,1218894.8285211215
2021-06-25 14:01:22.570,1,0.4283365965950392,641.0495236192238,0.0,,1223465.2115400254
2021-06-25 14:01:22.580,1,0.3706986068988768,644.0701497183547,0.0,,1229808.90174595
2021-06-25 14:01:22.590,1,0.4293544275021829,644.6887523466655,0.0,,1231105.8932721484
2021-06-25 14:01:22.600,1,0.3605800664570401,642.0066473720677,0.0,,1225472.345579467
2021-06-25 14:01:22.610,1,0.46429181093714,643.2115752960293,0.0,,1228005.3537672206
2021-06-25 14:01:22.620,1,0.3667636240651701,645.0648952121869,0.0,,1231896.5990443553
2021-06-25 14:01:22.630,1,0.4734740340409483,642.7042667139673,0.0,,1226943.4244728186
2021-06-25 14:01:22.640,1,0.4612601514031439,646.1512409961601,0.0,,1234184.4230866625
2021-06-25 14:01:22.650,1,0.3547742437276371,646.3757464832063,0.0,,1234650.369599036
2021-06-25 14:01:22.660,1,0.4471701279325801,641.8670900434489,0.0,,1225182.7380866508
2021-06-25 14:01:22.670,1,0.4851354715289091,639.6030480369355,0.0,,1220431.7041250027
2021-06-25 14:01:22.680,1,0.3476286482863045,647.684574725949,0.0,,1237399.5413553184
2021-06-25 14:01:22.690,1,0.4132794251937139,642.157995519561,0.0,,1225790.6721698688
2021-06-25 14:01:22.700,1,0.3906258527779601,642.4962490058392,0.0,,1226502.6144682511
2021-06-25 14:01:22.710,1,0.3943121524526621,647.8539893038637,0.0,,1237760.501978607
2021-06-25 14:01:22.720,1,0.4769246175930437,645.8732476814045,0.0,,1233599.2856987636
2021-06-25 14:01:22.730,1,0.3474984158756149,644.0598427913279,0.0,,1229781.3005939797
2021-06-25 14:01:22.740,1,0.4434622499075084,645.7576164565995,0.0,,1233351.4304401116
2021-06-25 14:01:22.750,1,0.4132689698007228,639.2689936399552,0.0,,1219727.600556725
2021-06-25 14:01:22.760,1,0.3671013953354026,640.2555623768807,0.0,,1221796.2423022003
2021-06-25 14:01:22.770,1,0.337725729231343,648.4680236920328,0.0,,1239046.2798626083
2021-06-25 14:01:22.780,1,0.3626376747868209,643.3851960246952,0.0,,1228366.989380056
2021-06-25 14:01:22.790,1,0.3267033702068039,640.0932328304781,0.0,,1221454.78174864
2021-06-25 14:01:22.800,1,0.4433530810383048,635.2270798155305,0.0,,1211250.9744110683
2021-06-25 14:01:22.810,1,0.3450318489107601,641.2190503498921,0.0,,1223819.9563608603
2021-06-25 14:01:22.820,1,0.3249482908533155,642.6170413046957,0.0,,1226754.229564044
2021-06-25 14:01:22.830,1,0.4379776076209761,642.8134279864735,0.0,,1227170.9204576775
2021-06-25 14:01:22.840,1,0.3730959048292236,639.6973788929632,0.0,,1220625.688328325
2021-06-25 14:01:22.850,1,0.3753488310012722,639.3874452735778,0.0,,1219972.8169270332
2021-06-25 14:01:22.860,1,0.3427866517888374,638.9982406802062,0.0,,1219155.5772615136
2021-06-25 14:01:22.870,1,0.4367529189187363,638.3212090905341,0.0,,1217736.9224740504
2021-06-25 14:01:22.880,1,0.4174333078962161,641.107218928223,0.0,,1223590.501907065
2021-06-25 14:01:22.890,1,0.4224529582909924,638.0081452978072,0.0,,1217083.4708602014
2021-06-25 14:01:22.900,1,0.4217573233352695,642.2111659795733,0.0,,1225903.9810279128
2021-06-25 14:01:22.910,1,0.3200000342547671,640.6828648363088,0.0,,1222691.4501673277
2021-06-25 14:01:22.920,1,0.4036138514154804,642.585193279658,0.0,,1226688.5632214888
2021-06-25 14:01:22.930,1,0.347992304463513,645.8373934759762,0.0,,1233511.1470435658
2021-06-25 14:01:22.940,1,0.4444012063181701,639.0225085861417,0.0,,1219213.8804334078
2021-06-25 14:01:22.950,1,0.3857750661239263,636.9391783446372,0.0,,1214838.2576516636
2021-06-25 14:01:22.960,1,0.3718701368789632,639.9529606872334,0.0,,1221161.5483372712
2021-06-25 14:01:22.970,1,0.3840329249516236,640.2431412380132,0.0,,1221773.7495631294
2021-06-25 14:01:22.980,1,0.4717584367872942,640.4054162892583,0.0,,1222113.022396727
2021-06-25 14:01:22.990,1,0.4477818424164231,640.7506323403303,0.0,,1222834.4529973092
2021-06-25 14:01:23.000,1,0.4679385498152767,639.3135226997049,0.0,,1219822.023488132
2021-06-25 14:01:23.010,1,0.4635864932359539,635.5446096217552,0.0,,1211916.007180363
2021-06-25 14:01:23.020,1,0.3816996370908872,637.4034945413432,0.0,,1215813.4339232221
2021-06-25 14:01:23.030,1,0.4340683514561497,638.7092568287616,0.0,,1218555.0763593058
2021-06-25 14:01:23.040,1,0.4148531892685615,641.0142497882878,0.0,,1223387.7098070309
2021-06-25 14:01:23.050,1,0.4569628542548974,644.4296929594991,0.0,,1230565.4620302012
2021-06-25 14:01:23.060,1,0.3751474076836107,646.1560780000991,0.0,,1234186.8726156917
2021-06-25 14:01:23.070,1,0.3517745835422293,643.3304894915758,0.0,,1228251.167085863
2021-06-25 14:01:23.080,1,0.3909721267797818,648.2229536863844,0.0,,1238532.6873412093
2021-06-25 14:01:23.090,1,0.4110738137603528,650.3411037784776,0.0,,1242986.9388870676
2021-06-25 14:01:23.100,1,0.4836920489399111,648.1816255930999,0.0,,1238453.3840116116
2021-06-25 14:01:23.110,1,0.4095511873421069,647.949306426398,0.0,,1237957.9508809603
2021-06-25 14:01:23.120,1,0.5078207917084994,647.0668922351151,0.0,,1236106.6388542883
2021-06-25 14:01:23.130,1,0.4701349592686767,642.0782286108089,0.0,,1225627.0433618422
2021-06-25 14:01:23.140,1,0.4797140754261628,653.0629239666177,0.0,,1248711.8807483711
2021-06-25 14:01:23.150,1,0.3937582933412524,648.837719281728,0.0,,1239827.404446331
2021-06-25 14:01:23.160,1,0.4920527071671363,648.6575736939276,0.0,,1239452.0816061564
2021-06-25 14:01:23.170,1,0.5859994783898155,650.9548814620346,0.0,,1244284.538515647
2021-06-25 14:01:23.180,1,0.4523576818729056,657.2279235703476,0.0,,1257474.5779516534
2021-06-25 14:01:23.190,1,0.5138715133066741,654.0803637203394,0.0,,1250851.8736402097
2021-06-25 14:01:23.200,1,0.5242824270300805,649.1680725426976,0.0,,1240525.4461594324
2021-06-25 14:01:23.210,1,0.5738790951516106,654.2719502060744,0.0,,1251257.4134850716
2021-06-25 14:01:23.220,1,0.4323213957133401,655.1888470685071,0.0,,1253185.9540231964
2021-06-25 14:01:23.230,1,0.4589516233240938,652.681404830457,0.0,,1247912.8067871667
2021-06-25 14:01:23.240,1,0.6086468961161319,655.9867147163943,0.0,,1254867.3066403128
2021-06-25 14:01:23.250,1,0.585088556513343,651.5387200401552,0.0,,1245510.7823257018
2021-06-25 14:01:23.260,1,0.5451953442981287,652.4787747249106,0.0,,1247484.101648535
2021-06-25 14:01:23.270,1,0.4808485642033252,655.4583080847435,0.0,,1253750.6781036844
2021-06-25 14:01:23.280,1,0.5894798522105803,654.531344665112,0.0,,1251807.9726587462
2021-06-25 14:01:23.290,1,0.5977111495926687,651.3767406995632,0.0,,1245170.3533583875
2021-06-25 14:01:23.300,1,0.6090485142869325,655.3615913225674,0.0,,1253552.9745703442
2021-06-25 14:01:23.310,1,0.5741214446902146,656.141689314558,0.0,,1255196.3050839703
2021-06-25 14:01:23.320,1,0.5354918862273723,658.2300822432852,0.0,,1259586.8224771675
2021-06-25 14:01:23.330,1,0.4241843350885376,655.9637218623571,0.0,,1254813.006728846
2021-06-25 14:01:23.340,1,0.5124798047213398,661.3756934327663,0.0,,1266205.6415128857
2021-06-25 14:01:23.350,1,0.4166743412229498,656.7540382566204,0.0,,1256477.771791265
2021-06-25 14:01:23.360,1,0.4993719656211379,653.3532393451709,0.0,,1249321.4833782408
2021-06-25 14:01:23.370,1,0.4472929612420453,652.1347092581651,0.0,,1246758.175090644
2021-06-25 14:01:23.380,1,0.4146505480508378,655.5966418061997,0.0,,1254035.2620052963
2021-06-25 14:01:23.390,1,0.546334143744479,650.6170489567452,0.0,,1243572.3531143332
2021-06-25 14:01:23.400,1,0.4726100791653167,647.2574386539144,0.0,,1236501.0561383024
2021-06-25 14:01:23.410,1,0.5182406103445311,654.3067745375064,0.0,,1251328.2897100847
2021-06-25 14:01:23.420,1,0.427796970019812,650.4808374143098,0.0,,1243279.470838795
2021-06-25 14:01:23.430,1,0.5472147671036394,652.0551784753877,0.0,,1246595.0118239326
2021-06-25 14:01:23.440,1,0.3831626227557806,647.4182159794324,0.0,,1236837.4536356912
2021-06-25 14:01:23.450,1,0.3958017122703571,649.1338552842652,0.0,,1240446.3754142527
2021-06-25 14:01:23.460,1,0.5276970171599636,645.1993641679547,0.0,,1232182.5747794134
2021-06-25 14:01:23.470,1,0.417460497203093,647.2744181994619,0.0,,1236542.3142517267
2021-06-25 14:01:23.480,1,0.4596802021962637,648.7566599993787,0.0,,1239655.4359760205
2021-06-25 14:01:23.490,1,0.3937150580498255,650.0421390609532,0.0,,1242358.0663947915
2021-06-25 14:01:23.500,1,0.3683295835736295,646.1837236520422,0.0,,1234246.7106460936
2021-06-25 14:01:23.510,1,0.3818426624829689,645.3355100920371,0.0,,1232462.871838621
2021-06-25 14:01:23.520,1,0.4368082332980396,639.2607223503364,0.0,,1219710.3699001626
2021-06-25 14:01:23.530,1,0.3821739834056512,635.6232271378516,0.0,,1212076.1515956605
2021-06-25 14:01:23.540,1,0.5078100019906517,643.9317527329076,0.0,,1229520.6858361957
2021-06-25 14:01:23.550,1,0.4751671812723914,641.3884443420692,0.0,,1224178.2171802653
2021-06-25 14:01:23.560,1,0.3903752676106887,639.5540604858801,0.0,,1220324.472736464
2021-06-25 14:01:23.570,1,0.4436374607337896,645.1929953792406,0.0,,1232170.494237355
2021-06-25 14:01:23.580,1,0.4735728979288264,638.8374136367652,0.0,,1218823.4602690183
2021-06-25 14:01:23.590,1,0.4334311066476127,638.0478704024947,0.0,,1217166.185121134
2021-06-25 14:01:23.600,1,0.3912686199912349,640.475342905734,0.0,,1222261.6564518905
2021-06-25 14:01:23.610,1,0.4238531870816595,631.8997249946848,0.0,,1204273.849761593
2021-06-25 14:01:23.620,1,0.4046802773101772,637.8954958128861,0.0,,1216844.6831043933
2021-06-25 14:01:23.630,1,0.4702818739468555,634.1163220632723,0.0,,1208922.8319674605
2021-06-25 14:01:23.640,1,0.4699831443946459,635.4480729818381,0.0,,1211711.600718794
2021-06-25 14:01:23.650,1,0.4994334581910211,632.2205119495154,0.0,,1204947.2313290983
2021-06-25 14:01:23.660,1,0.3751198258159193,637.4809015584069,0.0,,1215970.8842973274
2021-06-25 14:01:23.670,1,0.4346259161466902,637.6138792507186,0.0,,1216256.1835780938
2021-06-25 14:01:23.680,1,0.4658894326844133,633.9798627852598,0.0,,1208638.493988267
2021-06-25 14:01:23.690,1,0.3910189616323706,635.500109273133,0.0,,1211822.5240974552
2021-06-25 14:01:23.700,1,0.4936442619077498,640.0103647809583,0.0,,1221286.8891841893
2021-06-25 14:01:23.710,1,0.3583673425972186,638.1257923649151,0.0,,1217328.4782821343
2021-06-25 14:01:23.720,1,0.4589490755083971,643.4185528497821,0.0,,1228443.842453259
2021-06-25 14:01:23.730,1,0.4836132910674875,636.8567746558463,0.0,,1214665.3629865139
2021-06-25 14:01:23.740,1,0.4969225546604138,633.1988977541972,0.0,,1206997.2655632303
2021-06-25 14:01:23.750,1,0.5391560747606201,645.2280541083063,0.0,,1232245.472943778
2021-06-25 14:01:23.760,1,0.5030571271687679,642.168278122462,0.0,,1225817.1668039444
2021-06-25 14:01:23.770,1,0.4913333446379774,642.7762844637929,0.0,,1227096.3507407757
2021-06-25 14:01:23.780,1,0.3807955936370467,639.1868278346766,0.0,,1219553.5430333845
2021-06-25 14:01:23.790,1,0.3899661819136409,636.473151556555,0.0,,1213859.9264411407
2021-06-25 14:01:23.800,1,0.3992747646564911,642.540103326831,0.0,,1226597.4203701192
2021-06-25 14:01:23.810,1,0.3998967729359223,642.8112427481486,0.0,,1227162.8267480691
2021-06-25 14:01:23.820,1,0.4459623735647949,638.3913766135663,0.0,,1217887.4633582511
2021-06-25 14:01:23.830,1,0.3984241629028255,645.534494178389,0.0,,1232885.6134739392
2021-06-25 14:01:23.840,1,0.5072525136393362,640.1483121666241,0.0,,1221578.5028164114
2021-06-25 14:01:23.850,1,0.5611867598743578,639.4679396341553,0.0,,1220150.2307210695
2021-06-25 14:01:23.860,1,0.4278261994255108,639.7826217119682,0.0,,1220807.1628564089
2021-06-25 14:01:23.870,1,0.4465596755584415,646.7004570956251,0.0,,1235334.5378835793
2021-06-25 14:01:23.880,1,0.5809653687103565,640.9642831629993,0.0,,1223293.45223374
2021-06-25 14:01:23.890,1,0.4708346169442224,642.7692954269428,0.0,,1227075.8235469481
2021-06-25 14:01:23.900,1,0.5388340599536758,638.303698691583,0.0,,1217709.5468750556
2021-06-25 14:01:23.910,1,0.6098648202232281,640.5870966220933,0.0,,1222500.4926178735
2021-06-25 14:01:23.920,1,0.5712834930859949,644.561578461924,0.0,,1230852.7278422695
2021-06-25 14:01:23.930,1,0.4436261689590847,637.3730296342521,0.0,,1215752.051428287
2021-06-25 14:01:23.940,1,0.6202604268466445,641.8232961001978,0.0,,1225096.6523225938
2021-06-25 14:01:23.950,1,0.5609348875354881,640.406015237855,0.0,,1222122.9834876333
2021-06-25 14:01:23.960,1,0.4534366374401963,647.5371326289418,0.0,,1237095.038079847
2021-06-25 14:01:23.970,1,0.5668607236687312,636.399115370141,0.0,,1213716.231653201
2021-06-25 14:01:23.980,1,0.5853217482577447,646.3401802203421,0.0,,1234584.4855538118
2021-06-25 14:01:23.990,1,0.6029712982253407,638.6473268623834,0.0,,1218433.1033876298
2021-06-25 14:01:24.000,1,0.4677737024867848,646.4460073311883,0.0,,1234803.2408090434
2021-06-25 14:01:24.010,1,0.5367641878740307,644.6331034558153,0.0,,1230997.76545044
2021-06-25 14:01:24.020,1,0.5497710535237776,645.2631399395183,0.0,,1232319.233942055
2021-06-25 14:01:24.030,1,0.6415429510276647,637.5538216407266,0.0,,1216141.2226811284
2021-06-25 14:01:24.040,1,0.5937351811580548,644.0828943321172,0.0,,1229844.5733595013
2021-06-25 14:01:24.050,1,0.4602136137664506,636.1660751750949,0.0,,1213216.2700746446
2021-06-25 14:01:24.060,1,0.560503942457058,638.6668212911762,0.0,,1218472.2812066057
2021-06-25 14:01:24.070,1,0.4553805338867284,633.1967546856655,0.0,,1206992.0777340732
2021-06-25 14:01:24.080,1,0.4755323090336285,641.1231994697637,0.0,,1223626.106153772
2021-06-25 14:01:24.090,1,0.4584419577673861,638.2698376159195,0.0,,1217633.3778617594
2021-06-25 14:01:24.100,1,0.587191688061955,636.6749352792001,0.0,,1214291.7611180043
2021-06-25 14:01:24.110,1,0.5473661992987721,633.4837083796231,0.0,,1207598.978751278
2021-06-25 14:01:24.120,1,0.6123628717759476,638.3028368181334,0.0,,1217709.559393676
2021-06-25 14:01:24.130,1,0.5984159790879934,631.9700882338979,0.0,,1204433.2557574955
2021-06-25 14:01:24.140,1,0.4661041855154038,631.9119306234045,0.0,,1204300.1928688241
2021-06-25 14:01:24.150,1,0.5877802118294089,630.96225740715,0.0,,1202315.3355556892
2021-06-25 14:01:24.160,1,0.4824705283911308,634.8305605050441,0.0,,1210420.2663285239
2021-06-25 14:01:24.170,1,0.4519168328756147,637.2506227708045,0.0,,1215494.248901976
2021-06-25 14:01:24.180,1,0.4757840572891874,629.2455349021265,0.0,,1198711.6357636757
2021-06-25 14:01:24.190,1,0.429020919350816,636.3736723016218,0.0,,1213654.9305517774
2021-06-25 14:01:24.200,1,0.3778224022045369,629.168906403622,0.0,,1198546.6065835396
2021-06-25 14:01:24.210,1,0.4752536870727846,626.4615234576927,0.0,,1192874.9420424951
2021-06-25 14:01:24.220,1,0.5591075113015046,629.5228139160905,0.0,,1199294.5314682843
2021-06-25 14:01:24.230,1,0.53581952309765,628.3449106761095,0.0,,1196824.0726779923
2021-06-25 14:01:24.240,1,0.4977096347805483,629.7355316351608,0.0,,1199735.6300120645
2021-06-25 14:01:24.250,1,0.4452978964553384,631.7137784408548,0.0,,1203882.5954406473
2021-06-25 14:01:24.260,1,0.4745791843783964,626.0322008804369,0.0,,1191977.2098474693
2021-06-25 14:01:24.270,1,0.4539175782995913,622.7550983606295,0.0,,1185117.452278092
2021-06-25 14:01:24.280,1,0.4570375234825332,633.046475149872,0.0,,1206675.3902657337
2021-06-25 14:01:24.290,1,0.4128673864252754,626.5253367012805,0.0,,1193011.8468002768
2021-06-25 14:01:24.300,1,0.4036985922387336,626.8553957060961,0.0,,1193699.8283846064
2021-06-25 14:01:24.310,1,0.4576084429533745,630.1241411639362,0.0,,1200552.5386332627
2021-06-25 14:01:24.320,1,0.3870798484259133,625.83734942454,0.0,,1191568.3830132072
2021-06-25 14:01:24.330,1,0.3627952246477097,634.6994467628621,0.0,,1210139.4206162058
2021-06-25 14:01:24.340,1,0.4872557164515153,630.0963168160656,0.0,,1200492.4858597901
2021-06-25 14:01:24.350,1,0.5130117574032701,628.5565086894641,0.0,,1197268.4654985946
2021-06-25 14:01:24.360,1,0.4306115639502567,630.7375119044394,0.0,,1201833.1778745328
2021-06-25 14:01:24.370,1,0.4458777427016205,639.1268062791995,0.0,,1219429.184732878
2021-06-25 14:01:24.380,1,0.3760221860930149,632.1956462236351,0.0,,1204890.5509072777
2021-06-25 14:01:24.390,1,0.4794780163276828,632.0505787282569,0.0,,1204589.2166516576
2021-06-25 14:01:24.400,1,0.3543458781215839,639.8040882057384,0.0,,1220845.3905863948
2021-06-25 14:01:24.410,1,0.4939586853508008,635.3023356222451,0.0,,1211410.0029658412
2021-06-25 14:01:24.420,1,0.5197767146094997,637.7075500556914,0.0,,1216455.7522163105
2021-06-25 14:01:24.430,1,0.5201828085643555,641.7720830545219,0.0,,1224987.8599559234
2021-06-25 14:01:24.440,1,0.4987745255721447,637.6007620874656,0.0,,1216229.8705504024
2021-06-25 14:01:24.450,1,0.5178575762970621,642.8463828717928,0.0,,1227243.1501449125
2021-06-25 14:01:24.460,1,0.4120450474598117,640.5436997554609,0.0,,1222403.398050853
2021-06-25 14:01:24.470,1,0.3855626450589032,643.0108345325252,0.0,,1227581.9223294158
2021-06-25 14:01:24.480,1,0.5065216761613508,643.1482000469679,0.0,,1227873.765356735
2021-06-25 14:01:24.490,1,0.5323333330104772,646.0936543465932,0.0,,1234063.1052605668
2021-06-25 14:01:24.500,1,0.4022330830110971,637.3191790495617,0.0,,1215635.1754332308
2021-06-25 14:01:24.510,1,0.38296757894104,642.1771311889676,0.0,,1225834.2195950516
2021-06-25 14:01:24.520,1,0.4936748359881962,648.4144150411431,0.0,,1238940.6789751064
2021-06-25 14:01:24.530,1,0.5304210072209072,650.6817133264065,0.0,,1243707.5641650397
2021-06-25 14:01:24.540,1,0.4671339926764173,646.9253876857572,0.0,,1235810.4023078915
2021-06-25 14:01:24.550,1,0.5700349918597509,645.2923573048955,0.0,,1232382.4121063722
2021-06-25 14:01:24.560,1,0.5573453981715086,646.9735883055178,0.0,,1235915.1994818323
2021-06-25 14:01:24.570,1,0.5329651322425479,648.4132325575997,0.0,,1238937.6783215795
2021-06-25 14:01:24.580,1,0.443502568846408,642.660302236318,0.0,,1226849.1547802228
2021-06-25 14:01:24.590,1,0.4985541542927777,651.1302138203251,0.0,,1244649.9135151666
2021-06-25 14:01:24.600,1,0.3988527111777397,653.7945673636561,0.0,,1250248.187189978
2021-06-25 14:01:24.610,1,0.492408115879925,648.1012542773226,0.0,,1238281.7986830182
2021-06-25 14:01:24.620,1,0.5982808301341486,648.6421010943424,0.0,,1239419.5854633637
2021-06-25 14:01:24.630,1,0.4954896779009577,651.1965313431325,0.0,,1244787.7338937835
2021-06-25 14:01:24.640,1,0.4547132063155943,652.415867549469,0.0,,1247353.2773202425
2021-06-25 14:01:24.650,1,0.4437472713680804,646.3426216436601,0.0,,1234585.8958119159
2021-06-25 14:01:24.660,1,0.5736490203788229,647.709508165336,0.0,,1237463.078073952
2021-06-25 14:01:24.670,1,0.4158412011293937,643.5881922004836,0.0,,1228793.9583009898
2021-06-25 14:01:24.680,1,0.5353900707817577,644.4914433697681,0.0,,1230699.1331423777
2021-06-25 14:01:24.690,1,0.5906661209498064,644.7424697151336,0.0,,1231232.1929726605
2021-06-25 14:01:24.700,1,0.5954508672016947,645.3638163290436,0.0,,1232534.4096065236
2021-06-25 14:01:24.710,1,0.4430368653738448,643.7365154966235,0.0,,1229105.2166324162
2021-06-25 14:01:24.720,1,0.4997584389196032,646.2655599642444,0.0,,1234426.669533565
2021-06-25 14:01:24.730,1,0.5081569888244082,649.3048089832589,0.0,,1240809.7841427054
2021-06-25 14:01:24.740,1,0.4835512380698201,645.5474668865887,0.0,,1232918.2352536363
2021-06-25 14:01:24.750,1,0.4782473669962208,646.8636407180479,0.0,,1235679.8118158174
2021-06-25 14:01:24.760,1,0.5365732125953299,643.8162072007051,0.0,,1229279.777449775
2021-06-25 14:01:24.770,1,0.6268482832845513,645.1946439095773,0.0,,1232184.2312782516
2021-06-25 14:01:24.780,1,0.524013877289315,644.154471547712,0.0,,1229988.5427233118
2021-06-25 14:01:24.790,1,0.5695079884563089,647.5736228366591,0.0,,1237180.6403219812
2021-06-25 14:01:24.800,1,0.4496882630158678,645.4386282549391,0.0,,1232685.3882479807
2021-06-25 14:01:24.810,1,0.485248306854777,642.4923795032147,0.0,,1226497.7935805914
2021-06-25 14:01:24.820,1,0.5220937240761873,645.8203777497613,0.0,,1233491.6501713176
2021-06-25 14:01:24.830,1,0.5435072120489248,638.9780918461232,0.0,,1219125.822114427
2021-06-25 14:01:24.840,1,0.4439144757466198,638.3321435845011,0.0,,1217760.149318223
2021-06-25 14:01:24.850,1,0.4910517994522228,639.6888245621905,0.0,,1220612.5585238847
2021-06-25 14:01:24.860,1,0.4700387461534989,640.8908324408121,0.0,,1223136.4510755576
2021-06-25 14:01:24.870,1,0.5311113659449365,639.9606371768182,0.0,,1221184.464226803
2021-06-25 14:01:24.880,1,0.4556401200630413,640.1792176042352,0.0,,1221636.1450254505
2021-06-25 14:01:24.890,1,0.4212384831722059,636.8907777896062,0.0,,1214737.7825908822
2021-06-25 14:01:24.900,1,0.3937812145477362,638.3424941231117,0.0,,1217784.1589791991
2021-06-25 14:01:24.910,1,0.4867723352518743,643.1238070671249,0.0,,1227826.0447020628
2021-06-25 14:01:24.920,1,0.4594998529376262,638.1929321011447,0.0,,1217472.3130609894
2021-06-25 14:01:24.930,1,0.4677050049784222,639.4072707638716,0.0,,1220020.333761304
2021-06-25 14:01:24.940,1,0.4370603495100184,638.1282488119663,0.0,,1217335.3433684662
2021-06-25 14:01:24.950,1,0.4167472248628786,636.2147845197605,0.0,,1213319.3704001347
2021-06-25 14:01:24.960,1,0.495722869106462,638.4681914875329,0.0,,1218053.0856044062
2021-06-25 14:01:24.970,1,0.4769856036562757,641.3578993566308,0.0,,1224120.3568394084
2021-06-25 14:01:24.980,1,0.4682319492506784,645.0927572176059,0.0,,1231957.345590765
2021-06-25 14:01:24.990,1,0.4462671187907289,636.6795686365939,0.0,,1214295.8233193047
2021-06-25 14:01:25.000,1,0.4051899174303304,645.3628530100035,0.0,,1232525.631255675
2021-06-25 14:01:25.010,1,0.5018955070122854,632.8361964719136,0.0,,1206238.5701713653
2021-06-25 14:01:25.020,1,0.3929200408701698,632.9406534457534,0.0,,1206453.8147573904
2021-06-25 14:01:25.030,1,0.5052412313245473,640.6615585379219,0.0,,1222652.5305427609
2021-06-25 14:01:25.040,1,0.4505290175434356,640.3460799280647,0.0,,1221989.3199780777
2021-06-25 14:01:25.050,1,0.3688206873376419,645.1984402447055,0.0,,1232173.554735897
2021-06-25 14:01:25.060,1,0.5061621546650017,640.2964964402443,0.0,,1221889.4256009676
2021-06-25 14:01:25.070,1,0.4204325523128717,643.6865786364108,0.0,,1228999.9738724262
2021-06-25 14:01:25.080,1,0.510764302355886,642.1690266835661,0.0,,1225818.8956248497
2021-06-25 14:01:25.090,1,0.3886660734334191,639.4835296598616,0.0,,1220176.3415336679
2021-06-25 14:01:25.100,1,0.5080919600258614,642.7073991598149,0.0,,1226953.1378176147
2021-06-25 14:01:25.110,1,0.4991087248537429,646.8311226575635,0.0,,1235613.780096452
2021-06-25 14:01:25.120,1,0.4452221138524441,648.1924612039898,0.0,,1238468.1339000757
2021-06-25 14:01:25.130,1,0.3940294971575703,644.5193331075961,0.0,,1230748.8122405598
2021-06-25 14:01:25.140,1,0.3531730666371097,644.5551995164005,0.0,,1230822.9447520117
2021-06-25 14:01:25.150,1,0.3614978981245671,644.925662663113,0.0,,1231601.0084796345
2021-06-25 14:01:25.160,1,0.4653965423421664,645.6637832233757,0.0,,1233158.167200951
2021-06-25 14:01:25.170,1,0.5378818346003298,644.2231843606344,0.0,,1230137.387849259
2021-06-25 14:01:25.180,1,0.416081350882823,648.4306700247523,0.0,,1238968.8493921151
2021-06-25 14:01:25.190,1,0.48284538354017,649.4698704963953,0.0,,1241158.3306050804
2021-06-25 14:01:25.200,1,0.4309762458301716,645.8115597078244,0.0,,1233468.4575032336
2021-06-25 14:01:25.210,1,0.4083566821096119,650.4133986746829,0.0,,1243141.066199237
2021-06-25 14:01:25.220,1,0.5455373779907333,648.20494308257,0.0,,1238501.494658902
2021-06-25 14:01:25.230,1,0.5089738094632495,650.7703992182728,0.0,,1243894.722778603
2021-06-25 14:01:25.240,1,0.5066978258268805,647.5573154155287,0.0,,1237139.6919327162
2021-06-25 14:01:25.250,1,0.5688256203785462,650.4643762793071,0.0,,1243248.8410834528
2021-06-25 14:01:25.260,1,0.5873156746414959,649.71979462896,0.0,,1241688.9971358888
2021-06-25 14:01:25.270,1,0.4762286207941717,645.3073241836223,0.0,,1232412.2076678392
2021-06-25 14:01:25.280,1,0.5691827277478441,643.5501645218394,0.0,,1228722.6435359376
2021-06-25 14:01:25.290,1,0.4600794574487506,646.8784558348017,0.0,,1235712.133204126
2021-06-25 14:01:25.300,1,0.4061954002964549,642.803200901259,0.0,,1227147.0711867118
2021-06-25 14:01:25.310,1,0.4677049190909939,639.3675145098464,0.0,,1219939.6835962257
2021-06-25 14:01:25.320,1,0.6079232281291326,647.9741600742068,0.0,,1238021.6637709958
2021-06-25 14:01:25.330,1,0.4493490420122386,645.0740621921233,0.0,,1231921.8913353486
2021-06-25 14:01:25.340,1,0.4227599437677578,643.2623501542063,0.0,,1228110.11581974
2021-06-25 14:01:25.350,1,0.4488408619971722,649.162824698269,0.0,,1240508.1564341218
2021-06-25 14:01:25.360,1,0.5523892486786766,643.7631104171368,0.0,,1229167.6556337841
2021-06-25 14:01:25.370,1,0.4467396820811725,641.2382546602983,0.0,,1223858.904624908
2021-06-25 14:01:25.380,1,0.5561952469014078,642.845332132473,0.0,,1227241.8917256529
2021-06-25 14:01:25.390,1,0.5128242596756555,637.0883917240835,0.0,,1215155.8846822616
2021-06-25 14:01:25.400,1,0.6405130442364673,641.1670750205911,0.0,,1223723.3531349266
2021-06-25 14:01:25.410,1,0.6161579392032451,640.3969591177422,0.0,,1222106.789110154
2021-06-25 14:01:25.420,1,0.6589107245624172,640.8862159722303,0.0,,1223133.2156118136
2021-06-25 14:01:25.430,1,0.497278002152474,639.8806656299297,0.0,,1221015.0524679134
2021-06-25 14:01:25.440,1,0.5180644309395063,639.4886345991341,0.0,,1220194.7109631163
2021-06-25 14:01:25.450,1,0.6602675091386109,638.3403544363694,0.0,,1217792.1996599226
2021-06-25 14:01:25.460,1,0.5682986641164748,633.3236927761948,0.0,,1207259.0529833941
2021-06-25 14:01:25.470,1,0.5119756415937016,634.4718758891672,0.0,,1209667.984019196
2021-06-25 14:01:25.480,1,0.4400253099519464,626.2111823471614,0.0,,1192349.0576383176
2021-06-25 14:01:25.490,1,0.6172612950835161,633.0202644172804,0.0,,1206631.9944669018
2021-06-25 14:01:25.500,1,0.4647088117897867,632.1983687897851,0.0,,1204900.4100125623
2021-06-25 14:01:25.510,1,0.5432657374620631,630.609981073169,0.0,,1201573.6462164167
2021-06-25 14:01:25.520,1,0.6305960918011813,635.9888340624939,0.0,,1212858.4942726765
2021-06-25 14:01:25.530,1,0.4534556830565162,630.5415067414665,0.0,,1201426.4755754636
2021-06-25 14:01:25.540,1,0.5148225851803471,625.2783111651912,0.0,,1190403.630656634
2021-06-25 14:01:25.550,1,0.6185197428659087,626.1439536313168,0.0,,1192220.5645577228
2021-06-25 14:01:25.560,1,0.5765134145968843,631.3760459633678,0.0,,1203179.9286426764
2021-06-25 14:01:25.570,1,0.5179369189782731,625.1768494721401,0.0,,1190187.0043531077
2021-06-25 14:01:25.580,1,0.5363787865900482,627.5389059282538,0.0,,1195140.581826291
2021-06-25 14:01:25.590,1,0.4298084310653889,628.0658864226415,0.0,,1196239.5191345674
2021-06-25 14:01:25.600,1,0.5901745753576483,631.1970917027495,0.0,,1202805.7709855754
2021-06-25 14:01:25.610,1,0.513616908417349,624.2539135340004,0.0,,1188254.4819165308
2021-06-25 14:01:25.620,1,0.5399288900265068,628.0096516994922,0.0,,1196124.9686257956
2021-06-25 14:01:25.630,1,0.615437394807595,624.5319749970814,0.0,,1188839.9698556904
2021-06-25 14:01:25.640,1,0.6162674167778485,628.2844190598743,0.0,,1196707.5129118145
2021-06-25 14:01:25.650,1,0.4868308787614671,620.1265784666332,0.0,,1179617.2012461645
2021-06-25 14:01:25.660,1,0.4986371720568556,624.3223340260462,0.0,,1188399.3538856169
2021-06-25 14:01:25.670,1,0.5931116074912641,625.6482357794464,0.0,,1191179.028858622
2021-06-25 14:01:25.680,1,0.5230979597935951,630.136244299699,0.0,,1200578.5562781512
2021-06-25 14:01:25.690,1,0.4180647936368167,626.7774749348712,0.0,,1193534.1687182807
2021-06-25 14:01:25.700,1,0.5151151678097643,626.5449899781872,0.0,,1193057.978334532
2021-06-25 14:01:25.710,1,0.4300214045841916,632.6233396247962,0.0,,1205789.4204020235
2021-06-25 14:01:25.720,1,0.43191178598619,627.6902884149805,0.0,,1195449.050528626
2021-06-25 14:01:25.730,1,0.4597555516770476,633.7336345928526,0.0,,1208119.0620569475
2021-06-25 14:01:25.740,1,0.5701967388180765,634.3652890263387,0.0,,1209449.816224888
2021-06-25 14:01:25.750,1,0.3899969873734217,634.3127790023567,0.0,,1209328.0889840776
2021-06-25 14:01:25.760,1,0.5369282994381447,629.0343277686487,0.0,,1198268.6325339917
2021-06-25 14:01:25.770,1,0.3821889542386545,632.8194758079424,0.0,,1206199.320366741
2021-06-25 14:01:25.780,1,0.4649195274070752,635.1381793777617,0.0,,1211058.7311612004
2021-06-25 14:01:25.790,1,0.556493764562452,634.8778364238101,0.0,,1210524.4564271693
2021-06-25 14:01:25.800,1,0.4980944484698569,635.1763188910671,0.0,,1211145.9652898926
2021-06-25 14:01:25.810,1,0.4767242504076761,637.3631741474032,0.0,,1215730.4466775015
2021-06-25 14:01:25.820,1,0.5325936013345349,640.2556688295283,0.0,,1221807.6014124318
2021-06-25 14:01:25.830,1,0.5623154723889181,637.8739609919345,0.0,,1216809.2598834306
2021-06-25 14:01:25.840,1,0.4949300591710182,635.7553161494917,0.0,,1212362.7209485765
2021-06-25 14:01:25.850,1,0.4029333406682224,634.8199339012058,0.0,,1210391.1699192282
2021-06-25 14:01:25.860,1,0.5462962616911767,638.1358658991561,0.0,,1217353.4751316514
2021-06-25 14:01:25.870,1,0.5783628876849712,633.8104840959479,0.0,,1208287.8375066544
2021-06-25 14:01:25.880,1,0.5166163344479654,635.7147980804889,0.0,,1212276.0617485885
2021-06-25 14:01:25.890,1,0.5747139167333742,638.7269000314811,0.0,,1218600.123113669
2021-06-25 14:01:25.900,1,0.5524763401442235,640.8522282546107,0.0,,1223056.8276481545
2021-06-25 14:01:25.910,1,0.5295873139397295,642.6202033730711,0.0,,1226770.6554268165
2021-06-25 14:01:25.920,1,0.4845973828983457,640.6143486281244,0.0,,1222555.4219162627
2021-06-25 14:01:25.930,1,0.6001199818531109,639.8102414325873,0.0,,1220875.6110934136
2021-06-25 14:01:25.940,1,0.5193702778272691,646.2168736302481,0.0,,1234325.1025970546
2021-06-25 14:01:25.950,1,0.5287817158950885,640.3586392106413,0.0,,1222021.316199135
2021-06-25 14:01:25.960,1,0.5675500014624651,643.7709239993053,0.0,,1229186.857088071
2021-06-25 14:01:25.970,1,0.4818947383596259,635.4876026376282,0.0,,1211796.635239469
2021-06-25 14:01:25.980,1,0.5136534906354085,636.0646354530758,0.0,,1213007.2554628209
2021-06-25 14:01:25.990,1,0.4834635238128637,638.6436978653104,0.0,,1218422.6312794993
2021-06-25 14:01:26.000,1,0.42829441756627,645.0394099000133,0.0,,1231845.4836786243
2021-06-25 14:01:26.010,1,0.4559989174039804,636.1567686901271,0.0,,1213202.7350333608
2021-06-25 14:01:26.020,1,0.4720219894239117,639.3253532347459,0.0,,1219849.8905939893
2021-06-25 14:01:26.030,1,0.6228361484699806,638.9343540175274,0.0,,1219034.7340584334
2021-06-25 14:01:26.040,1,0.480233193124267,642.2732247237687,0.0,,1226037.0775831442
2021-06-25 14:01:26.050,1,0.6135448927125189,641.0607977909923,0.0,,1223495.7102141154
2021-06-25 14:01:26.060,1,0.5404446443590933,642.1811273488566,0.0,,1225849.5732447815
2021-06-25 14:01:26.070,1,0.6108419768496784,633.4150206441385,0.0,,1207458.5698759183
2021-06-25 14:01:26.080,1,0.6338574824757446,638.3707612584022,0.0,,1217852.4826986447
2021-06-25 14:01:26.090,1,0.613465989263423,635.6089087490541,0.0,,1212056.4609932804
2021-06-25 14:01:26.100,1,0.4687499497844267,642.3481622358112,0.0,,1226195.326150802
2021-06-25 14:01:26.110,1,0.6806160102433432,635.8181757499516,0.0,,1212500.2052082962
2021-06-25 14:01:26.120,1,0.6893575657792829,639.6798873554527,0.0,,1220605.8794272062
2021-06-25 14:01:26.130,1,0.5978563047248141,639.8563276223273,0.0,,1220968.7545314843
2021-06-25 14:01:26.140,1,0.4635455555585532,639.9243832421075,0.0,,1221105.9101217901
2021-06-25 14:01:26.150,1,0.5034574128616565,639.2266791499385,0.0,,1219645.1724474756
2021-06-25 14:01:26.160,1,0.5852796973377009,634.0943692878698,0.0,,1208875.5789092775
2021-06-25 14:01:26.170,1,0.5600572751981346,634.868185431729,0.0,,1210503.5465965176
2021-06-25 14:01:26.180,1,0.5220800231393012,635.1154475613951,0.0,,1211019.9691293396
2021-06-25 14:01:26.190,1,0.6755337997212092,633.4096517599604,0.0,,1207447.4839398167
2021-06-25 14:01:26.200,1,0.5581003140073255,636.9026073168817,0.0,,1214768.4573012674
2021-06-25 14:01:26.210,1,0.5012578259714175,637.2969887453487,0.0,,1215593.2417869014
2021-06-25 14:01:26.220,1,0.570648851803414,636.216981113065,0.0,,1213331.6354296869
2021-06-25 14:01:26.230,1,0.4865446606679819,630.6577026991371,0.0,,1201670.4836853521
2021-06-25 14:01:26.240,1,0.5867236044445023,638.1431688038183,0.0,,1217373.9194244063
2021-06-25 14:01:26.250,1,0.4663688992418915,634.6366359595113,0.0,,1210013.6808754117
2021-06-25 14:01:26.260,1,0.4886483388642317,635.2806248976566,0.0,,1211365.4069818
2021-06-25 14:01:26.270,1,0.6335947927838417,634.6106859613217,0.0,,1209967.3367480591
2021-06-25 14:01:26.280,1,0.6374478471753136,640.7524632590553,0.0,,1222849.1057883524
2021-06-25 14:01:26.290,1,0.5684559666374649,637.0464028691484,0.0,,1215068.9831539914
2021-06-25 14:01:26.300,1,0.5717415393256119,639.6695218297386,0.0,,1220573.5866943605
2021-06-25 14:01:26.310,1,0.4900997671575263,644.0359478144155,0.0,,1229740.1917764267
2021-06-25 14:01:26.320,1,0.6147045493417289,638.6689958620613,0.0,,1218480.1667940954
2021-06-25 14:01:26.330,1,0.5974925512506511,645.1854206635487,0.0,,1232160.9140336793
2021-06-25 14:01:26.340,1,0.5009623688089849,638.4704454914411,0.0,,1218058.1635388567
2021-06-25 14:01:26.350,1,0.5122167454047171,636.2695354147706,0.0,,1213436.289939043
2021-06-25 14:01:26.360,1,0.529789510824067,639.6058629875421,0.0,,1220437.5149808223
2021-06-25 14:01:26.370,1,0.5120067300956154,635.1705825075995,0.0,,1211133.3635698524
2021-06-25 14:01:26.380,1,0.4553895640757757,640.6536025654417,0.0,,1222635.0957439614
2021-06-25 14:01:26.390,1,0.4535705212355804,644.115472209165,0.0,,1229908.0548524177
2021-06-25 14:01:26.400,1,0.4317729227185345,643.7063221661649,0.0,,1229042.9086246127
2021-06-25 14:01:26.410,1,0.5726965828174584,647.6222992660921,0.0,,1237279.9740040975
2021-06-25 14:01:26.420,1,0.5019821960025003,644.7987128964243,0.0,,1231340.3247729356
2021-06-25 14:01:26.430,1,0.5076981295975223,648.5347858700676,0.0,,1239196.809548548
2021-06-25 14:01:26.440,1,0.4703783772438958,648.8518080708602,0.0,,1239860.1353633022
2021-06-25 14:01:26.450,1,0.5126311997950431,644.1939991964285,0.0,,1230070.9494170742
2021-06-25 14:01:26.460,1,0.5081677619882762,645.9176957501708,0.0,,1233691.2303185486
2021-06-25 14:01:26.470,1,0.5738872297596057,650.8199082617201,0.0,,1244001.3041682236
2021-06-25 14:01:26.480,1,0.5144294229886125,651.2942551050188,0.0,,1244995.7976334929
2021-06-25 14:01:26.490,1,0.4334750104135579,648.8639810361143,0.0,,1239883.5912952807
2021-06-25 14:01:26.500,1,0.4181360714699648,656.8735851487985,0.0,,1256726.6554026327
2021-06-25 14:01:26.510,1,0.4510604603506062,654.794101059201,0.0,,1252351.3154153794
2021-06-25 14:01:26.520,1,0.4047877495686758,655.3115494389375,0.0,,1253436.8072545198
2021-06-25 14:01:26.530,1,0.5756549609333076,658.419579705876,0.0,,1259985.4317002648
2021-06-25 14:01:26.540,1,0.5331392848173006,652.6617539172497,0.0,,1247870.252809178
2021-06-25 14:01:26.550,1,0.5303201467858757,660.0117434529093,0.0,,1263339.5123885197
2021-06-25 14:01:26.560,1,0.4987491402540395,657.8968897193403,0.0,,1258881.855157314
2021-06-25 14:01:26.570,1,0.5898102103663572,656.5864572552986,0.0,,1256132.959811499
2021-06-25 14:01:26.580,1,0.4300716417238923,657.7966666802478,0.0,,1258671.655494942
2021-06-25 14:01:26.590,1,0.5373299234213192,654.3600632431818,0.0,,1251442.1501050952
2021-06-25 14:01:26.600,1,0.6114529606015555,657.1868587623635,0.0,,1257393.336609938
2021-06-25 14:01:26.610,1,0.4765350828234819,657.4729232612374,0.0,,1257990.317239235
2021-06-25 14:01:26.620,1,0.5190483034412071,656.0018753195175,0.0,,1254897.1862282462
2021-06-25 14:01:26.630,1,0.4499066484272241,661.5748272583862,0.0,,1266622.4089263051
2021-06-25 14:01:26.640,1,0.6234726819423997,655.4140841664282,0.0,,1253666.374154116
2021-06-25 14:01:26.650,1,0.4769503640176954,661.0885234569556,0.0,,1265602.3108803902
2021-06-25 14:01:26.660,1,0.4640631243178733,661.024054721889,0.0,,1265467.1271124524
2021-06-25 14:01:26.670,1,0.5140253723966726,656.3854714840903,0.0,,1255701.3365268935
2021-06-25 14:01:26.680,1,0.4394203309296413,655.5082099343034,0.0,,1253856.2270330559
2021-06-25 14:01:26.690,1,0.6020418691031647,650.135535911881,0.0,,1242562.512069249
2021-06-25 14:01:26.700,1,0.573495394033072,656.8290855557752,0.0,,1256642.2013041915
2021-06-25 14:01:26.710,1,0.5054814605263593,654.1754603996029,0.0,,1251052.2082548095
2021-06-25 14:01:26.720,1,0.5093919976513609,655.8890966524689,0.0,,1254656.521381424
2021-06-25 14:01:26.730,1,0.526032495547258,649.6272158451687,0.0,,1241487.4175600035
2021-06-25 14:01:26.740,1,0.564053731387936,657.0904564485469,0.0,,1257187.9308931907
2021-06-25 14:01:26.750,1,0.6778211099749298,652.09500937,0.0,,1246688.2163770467
2021-06-25 14:01:26.760,1,0.5570557396501171,652.4064233541792,0.0,,1247334.996598015
2021-06-25 14:01:26.770,1,0.5379850870388517,645.8353728124947,0.0,,1233520.4497858563
2021-06-25 14:01:26.780,1,0.4549835777691888,652.5980702125831,0.0,,1247737.7537796777
2021-06-25 14:01:26.790,1,0.5731183368924124,643.7166876591435,0.0,,1229076.2782500084
2021-06-25 14:01:26.800,1,0.5739476097103822,641.1671474479361,0.0,,1223719.8990893913
2021-06-25 14:01:26.810,1,0.5982393552154786,646.1421127080014,0.0,,1234169.4876914022
2021-06-25 14:01:26.820,1,0.7022399374017123,642.3770017252648,0.0,,1226263.9704332582
2021-06-25 14:01:26.830,1,0.5307540664384164,638.762211186721,0.0,,1218670.501674648
2021-06-25 14:01:26.840,1,0.546989675467998,645.6161117799072,0.0,,1233059.7435441546
2021-06-25 14:01:26.850,1,0.6457517702235538,640.2060490592777,0.0,,1221708.014584862
2021-06-25 14:01:26.860,1,0.7063309995552717,647.9781139667542,0.0,,1238033.2264475278
2021-06-25 14:01:26.870,1,0.6595229805748597,644.1657743061178,0.0,,1230020.6379763836
2021-06-25 14:01:26.880,1,0.5062990140184815,647.5639912649573,0.0,,1237154.4563931632
2021-06-25 14:01:26.890,1,0.6592318361685239,648.4055582919515,0.0,,1238927.472495984
2021-06-25 14:01:26.900,1,0.6408724506800919,642.6486914888383,0.0,,1226833.073958365
2021-06-25 14:01:26.910,1,0.6717038834656973,642.6364689471368,0.0,,1226811.0715883397
2021-06-25 14:01:26.920,1,0.5016887537804221,644.5525251748363,0.0,,1230826.0253239463
2021-06-25 14:01:26.930,1,0.6907627169891871,643.5618646670117,0.0,,1228753.6321872836
2021-06-25 14:01:26.940,1,0.7030884392058679,644.7283687627598,0.0,,1231203.3400806421
2021-06-25 14:01:26.950,1,0.5466092076649366,637.2668385933962,0.0,,1215533.7911598363
2021-06-25 14:01:26.960,1,0.6828141485475776,643.6761741039736,0.0,,1228994.972764243
2021-06-25 14:01:26.970,1,0.6952673885963782,641.7922923443319,0.0,,1225036.6750284224
2021-06-25 14:01:26.980,1,0.4878678616679024,643.3894914658948,0.0,,1228380.7562026032
2021-06-25 14:01:26.990,1,0.4658491925485333,644.7892977215834,0.0,,1231324.205713091
2021-06-25 14:01:27.000,1,0.532889876058633,645.3306234606763,0.0,,1232461.4300869037
2021-06-25 14:01:27.010,1,0.4768392733024661,642.3359700351174,0.0,,1226172.1768215634
2021-06-25 14:01:27.020,1,0.6416392569540759,644.224688003225,0.0,,1230141.6559746796
2021-06-25 14:01:27.030,1,0.5883056717347982,647.0319325368662,0.0,,1236038.4764950017
2021-06-25 14:01:27.040,1,0.470440299428188,648.2710051175368,0.0,,1238638.643267009
2021-06-25 14:01:27.050,1,0.5450350943058365,644.8136675705467,0.0,,1231374.4486166777
2021-06-25 14:01:27.060,1,0.5887770028161335,651.9833061605548,0.0,,1246446.9603873522
2021-06-25 14:01:27.070,1,0.5698941264145222,650.0664509089472,0.0,,1242417.0949744657
2021-06-25 14:01:27.080,1,0.4847487114113872,647.5422332743336,0.0,,1237106.038726665
2021-06-25 14:01:27.090,1,0.5520636562111632,645.643863336113,0.0,,1233120.6843411494
2021-06-25 14:01:27.100,1,0.6404763307850819,643.4964033487902,0.0,,1228614.650851251
2021-06-25 14:01:27.110,1,0.4551357698290929,652.7020198360764,0.0,,1247952.4570775707
2021-06-25 14:01:27.120,1,0.6419785739832019,649.4774325981673,0.0,,1241180.712873176
2021-06-25 14:01:27.130,1,0.6092187773954438,646.7424225644612,0.0,,1235430.9985303653
2021-06-25 14:01:27.140,1,0.4296421245717717,650.0083326993941,0.0,,1242287.171713505
2021-06-25 14:01:27.150,1,0.4947533296316194,648.8793711325088,0.0,,1239914.9837572342
2021-06-25 14:01:27.160,1,0.4864345164700924,645.5701165302603,0.0,,1232961.820541444
2021-06-25 14:01:27.170,1,0.4965960823407868,647.5560324997506,0.0,,1237137.8744162905
2021-06-25 14:01:27.180,1,0.6151186589509051,651.5213680325154,0.0,,1245475.6204655592
2021-06-25 14:01:27.190,1,0.4315327888848809,654.2528543866356,0.0,,1251211.5876877864
2021-06-25 14:01:27.200,1,0.5183900056961152,647.4987845741188,0.0,,1237015.8822087024
2021-06-25 14:01:27.210,1,0.5790451720278982,656.1947299329306,0.0,,1255307.966334366
2021-06-25 14:01:27.220,1,0.4696421808583176,647.3426148450546,0.0,,1236685.7118896954
2021-06-25 14:01:27.230,1,0.4498603000249713,651.1027708993631,0.0,,1244588.8754778209
2021-06-25 14:01:27.240,1,0.4464001184063809,648.3891681160246,0.0,,1238887.2056736723
2021-06-25 14:01:27.250,1,0.39971897402184,652.2938457107413,0.0,,1247093.0554251412
2021-06-25 14:01:27.260,1,0.4475035334263092,656.1982720583969,0.0,,1255305.9177506405
2021-06-25 14:01:27.270,1,0.5815284392346138,654.3661930725488,0.0,,1251462.2518298642
2021-06-25 14:01:27.280,1,0.5251084100122358,653.9432483919128,0.0,,1250567.1195499708
2021-06-25 14:01:27.290,1,0.5087081257527314,648.2603205436737,0.0,,1238616.8705924805
2021-06-25 14:01:27.300,1,0.5323593026702533,648.6357123891802,0.0,,1239406.3170921393
2021-06-25 14:01:27.310,1,0.4833197197808815,650.8967398777983,0.0,,1244156.0012969584
2021-06-25 14:01:27.320,1,0.3968646942168893,652.1023974673133,0.0,,1246687.9251213237
2021-06-25 14:01:27.330,1,0.4919259616759827,649.4128484094568,0.0,,1241038.4214685732
2021-06-25 14:01:27.340,1,0.4801912856142382,646.8062303824747,0.0,,1235561.2479663456
2021-06-25 14:01:27.350,1,0.4870685525975163,649.7501886491763,0.0,,1241744.574541238
2021-06-25 14:01:27.360,1,0.4361178188729321,642.5423634048892,0.0,,1226601.8512604402
2021-06-25 14:01:27.370,1,0.468068361159839,649.6640827368623,0.0,,1241567.5784202372
2021-06-25 14:01:27.380,1,0.5455368226956633,648.5209968149511,0.0,,1239165.9661989461
2021-06-25 14:01:27.390,1,0.412761208560118,646.1923604324974,0.0,,1234263.6804629783
2021-06-25 14:01:27.400,1,0.4537387537609332,650.1242640909493,0.0,,1242531.542327621
2021-06-25 14:01:27.410,1,0.4091014836568389,646.5811721004565,0.0,,1235082.3244168507
2021-06-25 14:01:27.420,1,0.5609334618000692,646.038808051786,0.0,,1233951.3388441019
2021-06-25 14:01:27.430,1,0.4849736871061165,647.9147691580565,0.0,,1237889.4613307738
2021-06-25 14:01:27.440,1,0.4294097903645721,642.1370341945961,0.0,,1225747.4411011415
2021-06-25 14:01:27.450,1,0.4292597872161183,645.3816723114636,0.0,,1232563.333156092
2021-06-25 14:01:27.460,1,0.4284744376737953,644.5307546155502,0.0,,1230776.7046521937
2021-06-25 14:01:27.470,1,0.5208309854720602,640.4301836109829,0.0,,1222168.4843872492
2021-06-25 14:01:27.480,1,0.4631667791138376,646.994550541101,0.0,,1235953.8044265702
2021-06-25 14:01:27.490,1,0.425787387167222,644.0065314514227,0.0,,1229676.2223124155
2021-06-25 14:01:27.500,1,0.4495922915264875,640.6559627608701,0.0,,1222640.7905373038
2021-06-25 14:01:27.510,1,0.5819004841158351,640.5136844083247,0.0,,1222350.9136276068
2021-06-25 14:01:27.520,1,0.4624836508197509,644.3360072338612,0.0,,1230368.441645112
2021-06-25 14:01:27.530,1,0.5559176533131621,640.347555118501,0.0,,1221996.0738106468
2021-06-25 14:01:27.540,1,0.4651149591614279,642.2078904646091,0.0,,1225900.131175699
2021-06-25 14:01:27.550,1,0.636926401537752,636.4772511347318,0.0,,1213881.1684574217
2021-06-25 14:01:27.560,1,0.6082844114668922,636.1733436854153,0.0,,1213239.1372266617
2021-06-25 14:01:27.570,1,0.661164057099869,637.8304893655729,0.0,,1216719.5724920195
2021-06-25 14:01:27.580,1,0.5796318598134033,644.5098116591519,0.0,,1230737.0084077073
2021-06-25 14:01:27.590,1,0.6652065417253432,642.9603688578333,0.0,,1227490.4860967232
2021-06-25 14:01:27.600,1,0.5695992078265673,637.5218848988593,0.0,,1216067.03494894
2021-06-25 14:01:27.610,1,0.6185631941545199,640.2187129653853,0.0,,1221729.4532625778
2021-06-25 14:01:27.620,1,0.5602592767976652,637.8466397178072,0.0,,1216750.0673249026
2021-06-25 14:01:27.630,1,0.6039797550170141,646.1315445835587,0.0,,1234148.2496085211
2021-06-25 14:01:27.640,1,0.5097325587290947,641.5726165889491,0.0,,1224571.4800719633
2021-06-25 14:01:27.650,1,0.4971352634453119,646.4443911429513,0.0,,1234796.8278820026
2021-06-25 14:01:27.660,1,0.6586619922198567,642.5498828681186,0.0,,1226627.6351971698
2021-06-25 14:01:27.670,1,0.5970532718373355,645.3659522749407,0.0,,1232536.165909465
2021-06-25 14:01:27.680,1,0.4692782436358172,650.4622804948576,0.0,,1243242.44442878
2021-06-25 14:01:27.690,1,0.5622270757242729,649.1772337007642,0.0,,1240545.9082686538
2021-06-25 14:01:27.700,1,0.6175191758930774,643.6469917698422,0.0,,1228929.9998258061
2021-06-25 14:01:27.710,1,0.5872130403959288,647.8902066681914,0.0,,1237843.2344518013
2021-06-25 14:01:27.720,1,0.540214883998256,648.2810997810797,0.0,,1238662.818728212
2021-06-25 14:01:27.730,1,0.4729764511485408,649.8937188778583,0.0,,1242049.8985594222
2021-06-25 14:01:27.740,1,0.4704992027261123,650.4278941291467,0.0,,1243171.4191047468
2021-06-25 14:01:27.750,1,0.4359772530686495,647.8697002344576,0.0,,1237792.5503941693
2021-06-25 14:01:27.760,1,0.4730028388784092,654.0026390602076,0.0,,1250688.656004236
2021-06-25 14:01:27.770,1,0.5125298237791363,653.4315773911554,0.0,,1249487.2929018615
2021-06-25 14:01:27.780,1,0.4636805541471846,655.2192805911578,0.0,,1253247.6121944299
2021-06-25 14:01:27.790,1,0.4316572227463702,654.303635482545,0.0,,1251319.610336311
2021-06-25 14:01:27.800,1,0.4333612731514354,657.3568518742867,0.0,,1257742.2167310861
2021-06-25 14:01:27.810,1,0.4893104345690756,659.2362238611056,0.0,,1261700.6713872082
2021-06-25 14:01:27.820,1,0.4722680081968629,651.7254379451142,0.0,,1245899.9557557406
2021-06-25 14:01:27.830,1,0.5222497979958326,660.4576397381162,0.0,,1264276.965116141
2021-06-25 14:01:27.840,1,0.4327947703599041,662.5621332208115,0.0,,1268703.3154218455
2021-06-25 14:01:27.850,1,0.4974483641138689,665.9292349859444,0.0,,1275801.3903515441
2021-06-25 14:01:27.860,1,0.4077226076518812,660.312047287715,0.0,,1263963.793775553
2021-06-25 14:01:27.870,1,0.5811229946365029,662.4241938265346,0.0,,1268421.2535825463
2021-06-25 14:01:27.880,1,0.5392980366673255,654.9184249583316,0.0,,1252619.7452671072
2021-06-25 14:01:27.890,1,0.50115258391562,661.5715849406039,0.0,,1266615.7512095498
2021-06-25 14:01:27.900,1,0.4076455533571639,657.2597638633632,0.0,,1257539.0713806064
2021-06-25 14:01:27.910,1,0.5276279945932079,660.1310208045591,0.0,,1263587.4792145079
2021-06-25 14:01:27.920,1,0.4210305590429697,656.7963357748142,0.0,,1256564.477102663
2021-06-25 14:01:27.930,1,0.500823505897293,665.0128081030061,0.0,,1273865.6259310497
2021-06-25 14:01:27.940,1,0.4978586410171167,660.0772357012764,0.0,,1263474.0894254192
2021-06-25 14:01:27.950,1,0.3910513349438449,657.9849441923782,0.0,,1259063.9547301992
2021-06-25 14:01:27.960,1,0.4257792042349612,658.3520178612807,0.0,,1259838.944693588
2021-06-25 14:01:27.970,1,0.4382153140338581,663.7978121500207,0.0,,1271307.4351290097
2021-06-25 14:01:27.980,1,0.4317339843817113,657.3210548277715,0.0,,1257667.7580301461
2021-06-25 14:01:27.990,1,0.48216325286236,666.5126830718672,0.0,,1277027.1694699838
2021-06-25 14:01:28.000,1,0.4941480668705951,666.4748497878253,0.0,,1276953.10308096
2021-06-25 14:01:28.010,1,0.3721827254340207,664.7497035643868,0.0,,1273311.07229119
2021-06-25 14:01:28.020,1,0.4249018250502775,666.4462332205785,0.0,,1276887.9924831346
2021-06-25 14:01:28.030,1,0.3739865015444499,660.4432648584393,0.0,,1264236.7264298832
2021-06-25 14:01:28.040,1,0.412558602692364,660.8504033738594,0.0,,1265096.3665939635
2021-06-25 14:01:28.050,1,0.4722159766103241,664.1522032579876,0.0,,1272053.1900036698
2021-06-25 14:01:28.060,1,0.3879221421456034,659.3177572410037,0.0,,1261866.539283408
2021-06-25 14:01:28.070,1,0.4221738144127496,664.826270967017,0.0,,1273473.7757244254
2021-06-25 14:01:28.080,1,0.4448786128316452,658.4699168573504,0.0,,1260087.1650274901
2021-06-25 14:01:28.090,1,0.4484198072377705,661.4383717920273,0.0,,1266335.3964802336
2021-06-25 14:01:28.100,1,0.4567664226715254,662.380367732757,0.0,,1268320.7080669317
2021-06-25 14:01:28.110,1,0.491353298656688,661.2586968846033,0.0,,1265959.8493443928
2021-06-25 14:01:28.120,1,0.4228771693483008,662.2514788206712,0.0,,1268045.4079430595
2021-06-25 14:01:28.130,1,0.5508414876318269,657.5217354460908,0.0,,1258097.3549893578
2021-06-25 14:01:28.140,1,0.3796485959308784,654.5525554523132,0.0,,1251840.0897415145
2021-06-25 14:01:28.150,1,0.4485945188401948,653.9363481427052,0.0,,1250547.9336360248
2021-06-25 14:01:28.160,1,0.4132882762551682,655.4800097463279,0.0,,1253793.7825599273
2021-06-25 14:01:28.170,1,0.5628348020392074,662.5244342381138,0.0,,1268626.1996527882
2021-06-25 14:01:28.180,1,0.5683964455676309,658.625295057679,0.0,,1260421.8245392037
2021-06-25 14:01:28.190,1,0.4879114794771111,663.3323598273332,0.0,,1270332.0877344427
2021-06-25 14:01:28.200,1,0.5812426330631498,657.7131127374578,0.0,,1258500.6146302267
2021-06-25 14:01:28.210,1,0.5502331715711575,651.4688968885099,0.0,,1245364.2716142342
2021-06-25 14:01:28.220,1,0.5760261819113162,657.2836984059912,0.0,,1257599.441319396
2021-06-25 14:01:28.230,1,0.4731023593607096,658.2786508793779,0.0,,1259684.3478947144
2021-06-25 14:01:28.240,1,0.5294455717915592,659.5757228158948,0.0,,1262419.380077238
2021-06-25 14:01:28.250,1,0.582694549146778,656.9683729680171,0.0,,1256933.0013099008
2021-06-25 14:01:28.260,1,0.5749984940863129,653.7622140088313,0.0,,1250189.7781262926
2021-06-25 14:01:28.270,1,0.5349410716834573,658.1215437182773,0.0,,1259355.3691567164
2021-06-25 14:01:28.280,1,0.4513816854617744,662.9238037225783,0.0,,1269467.4144354337
2021-06-25 14:01:28.290,1,0.4753037174028682,661.0169057869024,0.0,,1265448.236494489
2021-06-25 14:01:28.300,1,0.446146300755225,659.6558573705537,0.0,,1262580.98509799
2021-06-25 14:01:28.310,1,0.4737657905127823,661.5334325275669,0.0,,1266540.4245593396
2021-06-25 14:01:28.320,1,0.6249838279423309,660.2612471998813,0.0,,1263867.0383245822
2021-06-25 14:01:28.330,1,0.4839043133881315,662.8172516993702,0.0,,1269246.4906198082
2021-06-25 14:01:28.340,1,0.4943365458318378,660.4081630594297,0.0,,1264169.5255608095
2021-06-25 14:01:28.350,1,0.6098742015664531,663.6820933942086,0.0,,1271069.9802857225
2021-06-25 14:01:28.360,1,0.6207273878083505,662.1179348393775,0.0,,1267778.0256038024
2021-06-25 14:01:28.370,1,0.4308924415302645,665.7302989861878,0.0,,1275377.2299568823
2021-06-25 14:01:28.380,1,0.5991314159679371,659.1322158826426,0.0,,1261490.790956224
2021-06-25 14:01:28.390,1,0.6041586584174128,666.8574339229455,0.0,,1277759.6366927433
2021-06-25 14:01:28.400,1,0.5720348359436405,661.6986041239397,0.0,,1266892.2355208788
2021-06-25 14:01:28.410,1,0.5607950791788386,667.644874726308,0.0,,1279419.862096923
2021-06-25 14:01:28.420,1,0.4615906052705999,659.1014892479872,0.0,,1261414.1730269352
2021-06-25 14:01:28.430,1,0.6119387282425719,673.0859833637128,0.0,,1290893.7504766136
2021-06-25 14:01:28.440,1,0.5599137157723415,665.1412963564204,0.0,,1274144.5680087088
2021-06-25 14:01:28.450,1,0.5660616785206539,666.610605775507,0.0,,1277235.727622445
2021-06-25 14:01:28.460,1,0.4445436834604505,669.2275250868871,0.0,,1282752.4171261613
2021-06-25 14:01:28.470,1,0.5614379855032618,665.9307168680011,0.0,,1275807.626670865
2021-06-25 14:01:28.480,1,0.4890451978444721,665.7779671776218,0.0,,1275481.4223555762
2021-06-25 14:01:28.490,1,0.444514523585773,663.2400859485776,0.0,,1270131.7134845818
2021-06-25 14:01:28.500,1,0.463968828062627,673.7033174717709,0.0,,1292190.7160458248
2021-06-25 14:01:28.510,1,0.4615993537494864,670.6542940811188,0.0,,1285759.313171877
2021-06-25 14:01:28.520,1,0.5360590278999426,670.1197072253804,0.0,,1284637.0382896196
2021-06-25 14:01:28.530,1,0.5411578377080449,668.6517188253889,0.0,,1281539.411499815
2021-06-25 14:01:28.540,1,0.4073245896317192,669.9985848858321,0.0,,1284373.8428955197
2021-06-25 14:01:28.550,1,0.562457641731438,667.5060713485583,0.0,,1279125.5387018744
2021-06-25 14:01:28.560,1,0.4706483404269293,672.6284022077589,0.0,,1289917.9863880784
2021-06-25 14:01:28.570,1,0.4037658792445142,671.6860600055222,0.0,,1287930.958142679
2021-06-25 14:01:28.580,1,0.5392182602865696,670.6138528989587,0.0,,1285682.9496714906
2021-06-25 14:01:28.590,1,0.4864802627548471,669.8861206043174,0.0,,1284138.8309027667
2021-06-25 14:01:28.600,1,0.4555901847483726,677.6980551838673,0.0,,1300623.787069088
2021-06-25 14:01:28.610,1,0.429813206920642,666.2772288488628,0.0,,1276531.7766894207
2021-06-25 14:01:28.620,1,0.5483582075924534,663.0819774153077,0.0,,1269804.6539481145
2021-06-25 14:01:28.630,1,0.4997652214924786,663.1401813725017,0.0,,1269922.245868447
2021-06-25 14:01:28.640,1,0.4624381326844619,664.0428474022519,0.0,,1271827.1192891046
2021-06-25 14:01:28.650,1,0.3632407715114071,665.2633511175176,0.0,,1274393.0158018381
2021-06-25 14:01:28.660,1,0.4378053017710386,664.523308114212,0.0,,1272834.9548604065
2021-06-25 14:01:28.670,1,0.508488006999986,666.5847468230372,0.0,,1277182.632440688
2021-06-25 14:01:28.680,1,0.3685183166822866,666.9732214827843,0.0,,1277993.341815452
2021-06-25 14:01:28.690,1,0.5120063377387903,662.9271940366036,0.0,,1269476.1004381578
2021-06-25 14:01:28.700,1,0.4767429960751063,666.7686512963718,0.0,,1277566.753554636
2021-06-25 14:01:28.710,1,0.5238073617311946,657.8038958846557,0.0,,1258688.0033542903
2021-06-25 14:01:28.720,1,0.3717979945572151,662.7570405962343,0.0,,1269107.1849705654
2021-06-25 14:01:28.730,1,0.4303753129715097,660.4765324673863,0.0,,1264307.9171055856
2021-06-25 14:01:28.740,1,0.5156237676061247,661.8483055907108,0.0,,1267205.1168964263
2021-06-25 14:01:28.750,1,0.3845955018112622,656.3435518949462,0.0,,1255606.2799967732
2021-06-25 14:01:28.760,1,0.4001948905294727,654.6307066051268,0.0,,1252008.2704831043
2021-06-25 14:01:28.770,1,0.5032804099864501,652.5122136905397,0.0,,1247554.8751241425
2021-06-25 14:01:28.780,1,0.3950253994425597,653.1488356901074,0.0,,1248890.8308903875
2021-06-25 14:01:28.790,1,0.4119778451384401,656.547070490224,0.0,,1256040.8010585862
2021-06-25 14:01:28.800,1,0.4121559998667105,658.5083590248157,0.0,,1260166.4071600665
2021-06-25 14:01:28.810,1,0.4254731579560847,655.6704360376519,0.0,,1254197.7415289194
2021-06-25 14:01:28.820,1,0.4187025316723392,653.4082632153562,0.0,,1249433.7439377194
2021-06-25 14:01:28.830,1,0.4627676935473976,652.8946704642358,0.0,,1248352.8212337475
2021-06-25 14:01:28.840,1,0.4755634945696131,656.2994119844839,0.0,,1255523.893711562
2021-06-25 14:01:28.850,1,0.4939489675287784,649.7431660493202,0.0,,1241733.5992165336
2021-06-25 14:01:28.860,1,0.4444526339120372,646.887355588489,0.0,,1235728.0598076666
2021-06-25 14:01:28.870,1,0.4149369836447611,652.8898343271547,0.0,,1248340.8283795337
2021-06-25 14:01:28.880,1,0.4281136845654235,647.8576384865794,0.0,,1237766.1920111168
2021-06-25 14:01:28.890,1,0.4846111541954518,654.5902294743889,0.0,,1251923.5042975764
2021-06-25 14:01:28.900,1,0.4109426272489685,645.8248804220337,0.0,,1233496.8221738099
2021-06-25 14:01:28.910,1,0.5602708973892384,647.2965211374818,0.0,,1236595.439418954
2021-06-25 14:01:28.920,1,0.56432102442671,651.0240622329562,0.0,,1244429.370236463
2021-06-25 14:01:28.930,1,0.5529736969637342,650.7759113091188,0.0,,1243906.8685216026
2021-06-25 14:01:28.940,1,0.5122081574675782,654.7612735517072,0.0,,1252285.8577547055
2021-06-25 14:01:28.950,1,0.5126821799657846,647.7614532952457,0.0,,1237566.3062776492
2021-06-25 14:01:28.960,1,0.4842382649294651,646.6035019403491,0.0,,1235132.2357742544
2021-06-25 14:01:28.970,1,0.5356921786949577,652.3595742340791,0.0,,1247233.0524334568
2021-06-25 14:01:28.980,1,0.6264824133113526,651.7354430954464,0.0,,1245929.3686182995
2021-06-25 14:01:28.990,1,0.5340213198485368,648.9597805484543,0.0,,1240089.4494253865
2021-06-25 14:01:29.000,1,0.5500560430410525,650.0640624409324,0.0,,1242411.5818816961
2021-06-25 14:01:29.010,1,0.4784194407326826,653.7858621843731,0.0,,1250234.3982970626
2021-06-25 14:01:29.020,1,0.6485600011823167,647.9926521670448,0.0,,1238063.6608784224
2021-06-25 14:01:29.030,1,0.5243639588690491,652.1563824935221,0.0,,1246806.2807324994
2021-06-25 14:01:29.040,1,0.5042382699864165,648.3484551713112,0.0,,1238800.2681217047
2021-06-25 14:01:29.050,1,0.5452281299280473,657.4976888085207,0.0,,1258047.0986956018
2021-06-25 14:01:29.060,1,0.4499511179463326,654.0438784997184,0.0,,1250773.8430848017
2021-06-25 14:01:29.070,1,0.5816723831461864,653.7340530508501,0.0,,1250129.0941896483
2021-06-25 14:01:29.080,1,0.4719726164826042,651.0759348216958,0.0,,1244533.903338229
2021-06-25 14:01:29.090,1,0.6518019655353512,654.9910249643544,0.0,,1252778.1466390595
2021-06-25 14:01:29.100,1,0.5912617489883111,658.2941946978461,0.0,,1259726.447298036
2021-06-25 14:01:29.110,1,0.6303694153523175,654.6316804721607,0.0,,1252022.624285495
2021-06-25 14:01:29.120,1,0.66953282068956,660.3342138214334,0.0,,1264023.3497097834
2021-06-25 14:01:29.130,1,0.5088364863317297,661.0484695501326,0.0,,1265523.332557563
2021-06-25 14:01:29.140,1,0.5725834982040678,659.1325866957185,0.0,,1261487.6331627518
2021-06-25 14:01:29.150,1,0.5204101500046476,658.2555698924388,0.0,,1259639.1559389962
2021-06-25 14:01:29.160,1,0.5597606316232939,657.150812612948,0.0,,1257319.95036955
2021-06-25 14:01:29.170,1,0.6462738004395971,659.3638224336378,0.0,,1261981.000462828
2021-06-25 14:01:29.180,1,0.5457188625039621,655.1359811546697,0.0,,1253078.2387081548
2021-06-25 14:01:29.190,1,0.6746898342310256,661.4771143462663,0.0,,1266434.538845552
2021-06-25 14:01:29.200,1,0.5636971487070153,662.499862325017,0.0,,1268575.778909301
2021-06-25 14:01:29.210,1,0.4773381806258815,664.0340228949287,0.0,,1271808.2919278264
2021-06-25 14:01:29.220,1,0.5795061553099448,662.0485364473743,0.0,,1267628.3369438387
2021-06-25 14:01:29.230,1,0.6630784269738362,666.1034257980432,0.0,,1276177.492792355
2021-06-25 14:01:29.240,1,0.5428698352907976,659.4383055908236,0.0,,1262132.6075993953
2021-06-25 14:01:29.250,1,0.4430390399325699,655.2094399323429,0.0,,1253226.4232190922
2021-06-25 14:01:29.260,1,0.617001730527879,664.8356564084128,0.0,,1273498.4907288356
2021-06-25 14:01:29.270,1,0.5151003902931333,661.7452857291391,0.0,,1266988.0122393388
2021-06-25 14:01:29.280,1,0.625488446872504,664.320574715916,0.0,,1272416.3324879657
2021-06-25 14:01:29.290,1,0.4748291694125182,656.2383133038637,0.0,,1255390.598766486
2021-06-25 14:01:29.300,1,0.4842193710832139,657.6529771262519,0.0,,1258366.1049884874
2021-06-25 14:01:29.310,1,0.4485339724844683,662.1810698858185,0.0,,1267901.4555923748
2021-06-25 14:01:29.320,1,0.5571542031252198,661.4123642630855,0.0,,1266287.0124407206
2021-06-25 14:01:29.330,1,0.5035015236277104,658.7866051700747,0.0,,1260757.7076476943
2021-06-25 14:01:29.340,1,0.58415252604563,659.4272067995671,0.0,,1262106.0051542572
2021-06-25 14:01:29.350,1,0.6024828251097537,659.2915521387466,0.0,,1261826.0689926788
2021-06-25 14:01:29.360,1,0.6106957565166454,655.5238440976711,0.0,,1253895.7661132226
2021-06-25 14:01:29.370,1,0.6090330943671858,659.2672491852434,0.0,,1261773.095588091
2021-06-25 14:01:29.380,1,0.4243931128109511,657.2859505338115,0.0,,1257594.6614762489
2021-06-25 14:01:29.390,1,0.4287680201105973,659.9064256422623,0.0,,1263109.8397087592
2021-06-25 14:01:29.400,1,0.4461315687439037,660.0363763787934,0.0,,1263384.3854981167
2021-06-25 14:01:29.410,1,0.6060407645566739,657.0273230230542,0.0,,1257058.4445254933
2021-06-25 14:01:29.420,1,0.4743078351103368,654.8070727016765,0.0,,1252380.2570233198
2021-06-25 14:01:29.430,1,0.4940427996606772,656.4992524598088,0.0,,1255940.471085469
2021-06-25 14:01:29.440,1,0.5562746420704118,657.4366522882788,0.0,,1257918.4365570326
2021-06-25 14:01:29.450,1,0.4223342474802514,651.4415975928274,0.0,,1245298.9605767322
2021-06-25 14:01:29.460,1,0.5309095379931247,654.9538553849147,0.0,,1252692.6913520985
2021-06-25 14:01:29.470,1,0.5987894998160666,655.4995246129528,0.0,,1253844.2461204536
2021-06-25 14:01:29.480,1,0.4360536811750034,655.1077283682589,0.0,,1253007.3412760454
2021-06-25 14:01:29.490,1,0.5641200284926733,648.4275541192122,0.0,,1238969.6807618858
2021-06-25 14:01:29.500,1,0.4399425085362729,656.8729403482068,0.0,,1256725.0902307872
2021-06-25 14:01:29.510,1,0.5263859663853772,659.4770988128232,0.0,,1262210.5236750443
2021-06-25 14:01:29.520,1,0.5360037599530758,648.429858297454,0.0,,1238972.6946640823
2021-06-25 14:01:29.530,1,0.6186170872108737,650.6925668804208,0.0,,1243732.3095643676
2021-06-25 14:01:29.540,1,0.4398560705676471,656.0702608392793,0.0,,1255038.4003380528
2021-06-25 14:01:29.550,1,0.4601478346495857,656.0412991277681,0.0,,1254976.3057689685
2021-06-25 14:01:29.560,1,0.6137580703091078,654.0637013869363,0.0,,1250825.6668125167
2021-06-25 14:01:29.570,1,0.5422862459516363,660.0557178363307,0.0,,1263430.2891708405
2021-06-25 14:01:29.580,1,0.5928167087625571,652.3221363727478,0.0,,1247156.1429177432
2021-06-25 14:01:29.590,1,0.4382810338363425,653.5326924488418,0.0,,1249693.6027396459
2021-06-25 14:01:29.600,1,0.5139485900927417,654.1998737859748,0.0,,1251106.0734425378
2021-06-25 14:01:29.610,1,0.4877634071777819,654.5923543675599,0.0,,1251927.4358966174
2021-06-25 14:01:29.620,1,0.5288469677820532,651.5880805132049,0.0,,1245616.3840922671
2021-06-25 14:01:29.630,1,0.6938102861074843,658.7951310927573,0.0,,1260784.2939939795
2021-06-25 14:01:29.640,1,0.5533056463593484,653.8633314550365,0.0,,1250400.6184895355
2021-06-25 14:01:29.650,1,0.46810851356541,661.2920392767512,0.0,,1266031.583509457
2021-06-25 14:01:29.660,1,0.5881403947393807,658.1254601556827,0.0,,1259367.8171908988
2021-06-25 14:01:29.670,1,0.5421441261028239,657.747078756664,0.0,,1258574.0567572608
2021-06-25 14:01:29.680,1,0.5160570553126037,658.1378067583091,0.0,,1259392.2583629403
2021-06-25 14:01:29.690,1,0.5804282577382203,657.8548368399728,0.0,,1258800.9178241042
2021-06-25 14:01:29.700,1,0.7019760162885941,661.7887419228716,0.0,,1267088.0838193756
2021-06-25 14:01:29.710,1,0.5831554528043759,665.077454624664,0.0,,1274010.487285963
2021-06-25 14:01:29.720,1,0.6632982046435596,659.9578015416641,0.0,,1263231.4092292157
2021-06-25 14:01:29.730,1,0.7205728723355731,664.8594054349894,0.0,,1273553.1642866395
2021-06-25 14:01:29.740,1,0.7613387088970887,662.1876898193734,0.0,,1267932.4315997846
2021-06-25 14:01:29.750,1,0.7424816155085984,668.0710267219555,0.0,,1280326.1218030788
2021-06-25 14:01:29.760,1,0.6832162869080435,666.2526767802722,0.0,,1276491.6530082708
2021-06-25 14:01:29.770,1,0.6712858187064776,666.7558750669958,0.0,,1277553.5610422473
2021-06-25 14:01:29.780,1,0.6418365621614404,667.7363330083647,0.0,,1279613.125572774
2021-06-25 14:01:29.790,1,0.7573404691456551,666.161480603594,0.0,,1276303.28671294
2021-06-25 14:01:29.800,1,0.606199439649161,669.0895763394673,0.0,,1282471.3668054906
2021-06-25 14:01:29.810,1,0.6161094304738494,673.1270236315603,0.0,,1290982.2135572827
2021-06-25 14:01:29.820,1,0.7890363676040306,676.3399825634782,0.0,,1297773.2207863803
2021-06-25 14:01:29.830,1,0.7318958846147271,668.7722309975533,0.0,,1281803.3317132178
2021-06-25 14:01:29.840,1,0.687670921528216,669.0584330161316,0.0,,1282407.701671704
2021-06-25 14:01:29.850,1,0.6524929427304879,670.601837185738,0.0,,1285657.5043013834
2021-06-25 14:01:29.860,1,0.7572840642112504,676.3728764153992,0.0,,1297838.6207363112
2021-06-25 14:01:29.870,1,0.6957350640709627,672.682931509312,0.0,,1290051.0737335244
2021-06-25 14:01:29.880,1,0.5488254197238095,665.5218885804431,0.0,,1274947.1937263391
2021-06-25 14:01:29.890,1,0.6020867350770025,671.087889132191,0.0,,1286684.8268844245
2021-06-25 14:01:29.900,1,0.6020938394450756,670.4989161368239,0.0,,1285439.1758298757
2021-06-25 14:01:29.910,1,0.6746061254940567,667.0892483866556,0.0,,1278254.1027044496
2021-06-25 14:01:29.920,1,0.7048486513063525,672.6479369618296,0.0,,1289975.5324053003
2021-06-25 14:01:29.930,1,0.5757633302153757,673.4736006036768,0.0,,1291708.5589341323
2021-06-25 14:01:29.940,1,0.7055121038806423,667.6210426610047,0.0,,1279373.6422442396
2021-06-25 14:01:29.950,1,0.5956712110486335,672.1802749017695,0.0,,1288986.1061886398
2021-06-25 14:01:29.960,1,0.765602281508948,667.9679646776893,0.0,,1280113.132567456
2021-06-25 14:01:29.970,1,0.7376866014114148,667.2466873359998,0.0,,1278590.53339145
2021-06-25 14:01:29.980,1,0.5346412047345835,672.6973007273747,0.0,,1290072.568657445
2021-06-25 14:01:29.990,1,0.6402183902798735,674.1218999551497,0.0,,1293082.7358707667
2021-06-25 14:01:30.000,1,0.5267232226933449,670.5403593261044,0.0,,1285523.5980483198
2021-06-25 14:01:30.010,1,0.6179115761491056,666.9315255438811,0.0,,1277918.9397673581
2021-06-25 14:01:30.020,1,0.5458898212302306,665.9965536618627,0.0,,1275947.4099551085
2021-06-25 14:01:30.030,1,0.5013962047925415,665.4378405462813,0.0,,1274766.6997344946
2021-06-25 14:01:30.040,1,0.677066508216278,663.3519705000219,0.0,,1270381.3645482059
2021-06-25 14:01:30.050,1,0.7308224307470308,665.5014847704233,0.0,,1274908.675903289
2021-06-25 14:01:30.060,1,0.6877185909265365,668.5813343680194,0.0,,1281399.9331828754
2021-06-25 14:01:30.070,1,0.7169479540338539,666.2747225139474,0.0,,1276541.2957277459
2021-06-25 14:01:30.080,1,0.5637233989495296,662.6040213021529,0.0,,1268798.186871855
2021-06-25 14:01:30.090,1,0.6600597145611639,660.7787604528479,0.0,,1264959.9310787548
2021-06-25 14:01:30.100,1,0.6695810353635434,653.7970774684927,0.0,,1250266.5536145472
2021-06-25 14:01:30.110,1,0.6238879155249065,651.6465284975477,0.0,,1245740.1577228562
2021-06-25 14:01:30.120,1,0.6156614605843375,660.0077457065323,0.0,,1263335.6022620974
2021-06-25 14:01:30.130,1,0.5761504854450292,660.1980861736456,0.0,,1263727.0825077125
2021-06-25 14:01:30.140,1,0.6487101314103745,655.2354166436509,0.0,,1253293.5530276506
2021-06-25 14:01:30.150,1,0.6984754342112955,661.4301122493966,0.0,,1266333.667455777
2021-06-25 14:01:30.160,1,0.6310845465008271,659.4696998176031,0.0,,1262203.3822989701
2021-06-25 14:01:30.170,1,0.5629057572906033,655.6416872197443,0.0,,1254143.204247812
2021-06-25 14:01:30.180,1,0.6798347793789278,658.4771001262649,0.0,,1260116.8237572724
2021-06-25 14:01:30.190,1,0.5441365503996842,655.2866806206074,0.0,,1253392.6243515776
2021-06-25 14:01:30.200,1,0.6355426793504465,655.3385012674397,0.0,,1253504.6173553192
2021-06-25 14:01:30.210,1,0.6402548486061712,654.5242873550866,0.0,,1251794.2099172387
2021-06-25 14:01:30.220,1,0.5442058525433662,655.2116497622425,0.0,,1253233.822448749
2021-06-25 14:01:30.230,1,0.6448650878952975,659.2659543557486,0.0,,1261774.936678315
2021-06-25 14:01:30.240,1,0.477136384775839,654.4750022658153,0.0,,1251681.90119933
2021-06-25 14:01:30.250,1,0.7173756157458506,654.1399809621372,0.0,,1250990.2684705982
2021-06-25 14:01:30.260,1,0.7091566708353014,652.3772126989207,0.0,,1247282.7981622557
2021-06-25 14:01:30.270,1,0.6208636064921975,655.3871581047176,0.0,,1253604.2786631398
2021-06-25 14:01:30.280,1,0.4910852464278789,661.677484026597,0.0,,1266845.2783662179
2021-06-25 14:01:30.290,1,0.7133210492518983,655.4937613716412,0.0,,1253838.623329491
2021-06-25 14:01:30.300,1,0.5195986338764265,651.7028365302044,0.0,,1245850.89373471
2021-06-25 14:01:30.310,1,0.6126354669678432,656.6009796031021,0.0,,1256162.813920352
2021-06-25 14:01:30.320,1,0.6030181720827015,652.4569581377068,0.0,,1247444.9225736116
2021-06-25 14:01:30.330,1,0.6834115826557796,661.179852366408,0.0,,1265803.3351819438
2021-06-25 14:01:30.340,1,0.649480036996755,661.482367971896,0.0,,1266437.397417837
2021-06-25 14:01:30.350,1,0.6077682267401764,656.834525040655,0.0,,1256651.464997393
2021-06-25 14:01:30.360,1,0.588780691159836,662.2838329244328,0.0,,1268126.665496902
2021-06-25 14:01:30.370,1,0.6580538474834595,654.3223835652177,0.0,,1251375.3907801663
2021-06-25 14:01:30.380,1,0.700395687723338,657.8510421602879,0.0,,1258798.2448554812
2021-06-25 14:01:30.390,1,0.6438045419721542,664.1319433174225,0.0,,1272019.0949598013
2021-06-25 14:01:30.400,1,0.5979276032921987,656.7524535368437,0.0,,1256480.440364722
2021-06-25 14:01:30.410,1,0.6677704536445137,656.6229476646465,0.0,,1256210.2019378128
2021-06-25 14:01:30.420,1,0.7088719749351752,656.9990190597313,0.0,,1257001.8630648938
2021-06-25 14:01:30.430,1,0.8059060278973623,656.8227897016992,0.0,,1256639.4954073112
2021-06-25 14:01:30.440,1,0.5475975799765667,656.5012471087948,0.0,,1255947.3633097496
2021-06-25 14:01:30.450,1,0.6990459126421505,659.3142833161901,0.0,,1261875.1174795146
2021-06-25 14:01:30.460,1,0.6635903122711054,665.4222990846133,0.0,,1274737.8629088013
2021-06-25 14:01:30.470,1,0.5743319810862325,655.2105191065276,0.0,,1253233.1621846692
2021-06-25 14:01:30.480,1,0.5990798805818345,658.7786614709663,0.0,,1260746.291039959
2021-06-25 14:01:30.490,1,0.6892547857577155,661.8735351962482,0.0,,1267264.8440770947
2021-06-25 14:01:30.500,1,0.6930656869174466,654.0664516336261,0.0,,1250835.3066489503
2021-06-25 14:01:30.510,1,0.8089472320921166,661.433861738221,0.0,,1266345.3188280086
2021-06-25 14:01:30.520,1,0.7128561354243977,658.0670904932995,0.0,,1259253.3728097847
2021-06-25 14:01:30.530,1,0.5664450338260613,650.3142702670068,0.0,,1242937.993997862
2021-06-25 14:01:30.540,1,0.7487785646415838,657.1496834264166,0.0,,1257324.4252157137
2021-06-25 14:01:30.550,1,0.8206402633775968,657.7200648451956,0.0,,1258528.559433015
2021-06-25 14:01:30.560,1,0.5581985443026841,663.87525806446,0.0,,1271476.4646705408
2021-06-25 14:01:30.570,1,0.8136457899774286,659.4223824316874,0.0,,1262116.511530291
2021-06-25 14:01:30.580,1,0.6724005469522086,664.6211059132728,0.0,,1273053.334709322
2021-06-25 14:01:30.590,1,0.7300441785473889,653.5151394346361,0.0,,1249677.359413511
2021-06-25 14:01:30.600,1,0.8104681172312058,657.0547737433557,0.0,,1257123.264999777
2021-06-25 14:01:30.610,1,0.6548762680347575,654.5807933464949,0.0,,1251913.438405297
2021-06-25 14:01:30.620,1,0.6977877310652478,650.229715113844,0.0,,1242765.9903717248
2021-06-25 14:01:30.630,1,0.7634729230849097,655.3219259108073,0.0,,1253479.091975453
2021-06-25 14:01:30.640,1,0.7133985603752729,652.7278034896291,0.0,,1248017.6112985825
2021-06-25 14:01:30.650,1,0.7793112484241956,646.4870097187927,0.0,,1234903.4874279103
2021-06-25 14:01:30.660,1,0.690119928818198,661.3010772345632,0.0,,1266060.4327156304
2021-06-25 14:01:30.670,1,0.6782092569899407,657.4174017105805,0.0,,1257882.3716572549
2021-06-25 14:01:30.680,1,0.5393733076816353,647.9984719697784,0.0,,1238070.3562967987
2021-06-25 14:01:30.690,1,0.6316004710891189,652.7298104139413,0.0,,1248018.8513437784
2021-06-25 14:01:30.700,1,0.7412898242857516,647.50068983319,0.0,,1237032.9994563102
2021-06-25 14:01:30.710,1,0.7631582108842164,645.4282107107258,0.0,,1232674.0275581295
2021-06-25 14:01:30.720,1,0.5240068233362368,645.9798061129956,0.0,,1233824.3774602143
2021-06-25 14:01:30.730,1,0.7188329102879695,646.6821285558294,0.0,,1235310.1144347487
2021-06-25 14:01:30.740,1,0.7165310687206156,638.3825296011307,0.0,,1217879.0179409587
2021-06-25 14:01:30.750,1,0.6294440609707282,645.5527676644109,0.0,,1232933.0603891937
2021-06-25 14:01:30.760,1,0.5536411355599079,638.3039724455668,0.0,,1217706.535843036
2021-06-25 14:01:30.770,1,0.5434671472305092,653.5051067460595,0.0,,1249649.0865280991
2021-06-25 14:01:30.780,1,0.6294648968752767,641.2529824228424,0.0,,1223904.6188520014
2021-06-25 14:01:30.790,1,0.7459465192632662,640.391477117671,0.0,,1222097.5815144216
2021-06-25 14:01:30.800,1,0.4995877428181186,639.6052186594218,0.0,,1220439.0639699847
2021-06-25 14:01:30.810,1,0.6935907570758063,644.1714336098906,0.0,,1230034.2211102562
2021-06-25 14:01:30.820,1,0.7106996098540026,640.1317532772108,0.0,,1221553.2199202052
2021-06-25 14:01:30.830,1,0.6682140552664646,636.7659563812692,0.0,,1214485.7597961633
2021-06-25 14:01:30.840,1,0.5258350338449604,637.9529026054947,0.0,,1216969.9300746426
2021-06-25 14:01:30.850,1,0.4775414282568894,634.0802132837878,0.0,,1208847.7237182895
2021-06-25 14:01:30.860,1,0.6765395092108024,640.8398357511254,0.0,,1223040.3331456017
2021-06-25 14:01:30.870,1,0.542230857952556,638.9999867745646,0.0,,1219168.2204428653
2021-06-25 14:01:30.880,1,0.5227197056141981,640.9506082042009,0.0,,1223262.6600512606
2021-06-25 14:01:30.890,1,0.5340543355489724,639.9096867455612,0.0,,1221079.372202337
2021-06-25 14:01:30.900,1,0.612021496141088,641.4634617250165,0.0,,1224344.0807439848
2021-06-25 14:01:30.910,1,0.6742336210826785,639.6674849558682,0.0,,1220576.2527555318
2021-06-25 14:01:30.920,1,0.5908775928760381,643.5130251295909,0.0,,1228646.4413445622
2021-06-25 14:01:30.930,1,0.512645650549913,639.0792638189223,0.0,,1219331.471590446
2021-06-25 14:01:30.940,1,0.6221633466789069,640.7126632878321,0.0,,1222768.4112018966
2021-06-25 14:01:30.950,1,0.5221448162421046,640.4822052782592,0.0,,1222284.8151896058
2021-06-25 14:01:30.960,1,0.4915468876108733,639.7745663055712,0.0,,1220794.3471786939
2021-06-25 14:01:30.970,1,0.6481168403841792,636.209203185948,0.0,,1213317.3043615788
2021-06-25 14:01:30.980,1,0.6097831651426786,642.3170512306938,0.0,,1226137.5460979168
2021-06-25 14:01:30.990,1,0.5479326827677475,642.8045453820538,0.0,,1227157.4629490576
2021-06-25 14:01:31.000,1,0.5428357823330446,642.4803499419671,0.0,,1226480.7013241386
2021-06-25 14:01:31.010,1,0.6615515157455842,645.5306168869,0.0,,1232886.8104309628
2021-06-25 14:01:31.020,1,0.5129896070520066,645.9830078712556,0.0,,