time,ton,thrust,mfr,vl,anomaly_code,uv_360nm
2021-07-22 20:00:00.000,0,0.0057221223879904,0.0,0.0,,9.423223906093876
2021-07-22 20:00:00.010,0,-0.0001527672045658,0.0,1.0,,9.937786626470693
2021-07-22 20:00:00.020,0,-0.0062563044814456,0.0,1.0,,9.199251598054701
2021-07-22 20:00:00.030,0,0.0007563911526927,0.0,1.0,,10.459298367617954
2021-07-22 20:00:00.040,0,-0.0025948597572922,0.0,1.0,,11.696225899474461
2021-07-22 20:00:00.050,0,0.0062640035992938,0.0,1.0,,11.434402340119677
2021-07-22 20:00:00.060,0,0.0075237253270189,0.0,1.0,,9.18894784364409
2021-07-22 20:00:00.070,0,0.0053815295208857,0.0,1.0,,9.483059870456566
2021-07-22 20:00:00.080,0,0.0013867864661706,0.0,1.0,,9.610931085971355
2021-07-22 20:00:00.090,0,0.0019611630552067,0.0,1.0,,9.532374071131258
2021-07-22 20:00:00.100,0,0.0014490084808891,0.0,1.0,,15.830146985240944
2021-07-22 20:00:00.110,0,-0.0029484396062498,0.0,1.0,,13.863907156526519
2021-07-22 20:00:00.120,0,-0.0025493243348166,0.0,1.0,,9.525182342041301
2021-07-22 20:00:00.130,0,-0.0019980281292761,0.0,1.0,,11.330224342078358
2021-07-22 20:00:00.140,0,0.0002364817339746,0.0,1.0,,10.88445798158523
2021-07-22 20:00:00.150,0,-0.0035567954732488,0.0,1.0,,11.15799072431043
2021-07-22 20:00:00.160,0,-0.000482880568616,0.0,0.0,,9.30467252068016
2021-07-22 20:00:00.170,0,0.0005637057623654,0.0,0.0,,11.542977410169106
2021-07-22 20:00:00.180,0,0.0041900939357638,0.0,0.0,,4.386978516702265
2021-07-22 20:00:00.190,0,0.0020138788389186,0.0,0.0,,10.459019819804288
2021-07-22 20:00:00.200,0,-0.002101468883431,0.0,0.0,,6.6178726146898565
2021-07-22 20:00:00.210,0,0.0023446201001059,0.0,0.0,,11.368801961832027
2021-07-22 20:00:00.220,0,0.0008208146984053,0.0,0.0,,10.209991841825246
2021-07-22 20:00:00.230,0,-6.386406367357337e-05,0.0,0.0,,8.617209845065695
2021-07-22 20:00:00.240,0,-0.0007107485899068,0.0,0.0,,11.81320066659048
2021-07-22 20:00:00.250,0,-0.0048550109202349,0.0,0.0,,9.779409385323357
2021-07-22 20:00:00.260,0,-0.0021493873910905,0.0,0.0,,5.866687445306565
2021-07-22 20:00:00.270,0,0.0021875773634282,0.0,0.0,,9.874578054184138
2021-07-22 20:00:00.280,0,-0.0012130657154054,0.0,0.0,,10.65153475990639
2021-07-22 20:00:00.290,0,0.0077324980651241,0.0,0.0,,9.69711525589667
2021-07-22 20:00:00.300,0,-0.0012676611654903,0.0,0.0,,14.40453059660446
2021-07-22 20:00:00.310,0,0.0011209514690259,0.0,0.0,,10.567436711934889
2021-07-22 20:00:00.320,0,-0.0011243769463636,0.0,0.0,,12.391213799650039
2021-07-22 20:00:00.330,0,0.0006405344827029,0.0,0.0,,7.133724690523389
2021-07-22 20:00:00.340,0,0.0022262276527016,0.0,0.0,,10.227148905401025
2021-07-22 20:00:00.350,0,-0.003691866502899,0.0,0.0,,7.0893842900450466
2021-07-22 20:00:00.360,0,0.0014153720908727,0.0,0.0,,9.062184178252787
2021-07-22 20:00:00.370,0,0.002943717630607,0.0,0.0,,6.734983854765808
2021-07-22 20:00:00.380,0,-0.0003895946294382,0.0,0.0,,13.283153730309905
2021-07-22 20:00:00.390,0,-0.0028762150407008,0.0,0.0,,7.645002545018876
2021-07-22 20:00:00.400,0,0.0010522939089579,0.0,0.0,,9.174454478081763
2021-07-22 20:00:00.410,0,-0.0017831669346643,0.0,0.0,,9.484872660771606
2021-07-22 20:00:00.420,0,0.0018884291442065,0.0,0.0,,11.40102718997333
2021-07-22 20:00:00.430,0,0.0027871616969325,0.0,0.0,,12.602790264670631
2021-07-22 20:00:00.440,0,0.0010269934361214,0.0,0.0,,9.024861147216471
2021-07-22 20:00:00.450,0,0.0010857087137619,0.0,0.0,,9.41747471965458
2021-07-22 20:00:00.460,0,-0.0010624921352997,0.0,0.0,,7.25638390875533
2021-07-22 20:00:00.470,0,0.0021053984291902,0.0,0.0,,9.887336987296107
2021-07-22 20:00:00.480,0,0.002908955613801,0.0,0.0,,9.294827021520149
2021-07-22 20:00:00.490,0,0.0035196746868833,0.0,0.0,,7.501332587655158
2021-07-22 20:00:00.500,0,-0.0016983721962942,0.0,0.0,,10.687097328360299
2021-07-22 20:00:00.510,0,0.0001156246527749,0.0,0.0,,11.139974846527485
2021-07-22 20:00:00.520,0,-0.0066159995246872,0.0,0.0,,12.04785781132119
2021-07-22 20:00:00.530,0,-0.0034318760717225,0.0,0.0,,12.539096109443413
2021-07-22 20:00:00.540,0,-0.0047612237177488,0.0,0.0,,11.202634507616406
2021-07-22 20:00:00.550,0,-0.0044355924698046,0.0,0.0,,11.724204262097363
2021-07-22 20:00:00.560,0,0.0074714006486636,0.0,0.0,,8.516105337827781
2021-07-22 20:00:00.570,0,-0.0022861883625623,0.0,0.0,,7.3894928426163276
2021-07-22 20:00:00.580,0,0.0030056013530847,0.0,0.0,,11.322289681829883
2021-07-22 20:00:00.590,0,-6.151670645824979e-06,0.0,0.0,,6.5715155903186915
2021-07-22 20:00:00.600,0,0.0070900354628536,0.0,0.0,,7.811501034549843
2021-07-22 20:00:00.610,0,0.000849989564844,0.0,0.0,,9.884134028291342
2021-07-22 20:00:00.620,0,0.0003531644622454,0.0,0.0,,9.467871439650667
2021-07-22 20:00:00.630,0,0.0022421369351467,0.0,0.0,,13.664626201277525
2021-07-22 20:00:00.640,0,-0.0019848173054377,0.0,0.0,,8.088608817047058
2021-07-22 20:00:00.650,0,0.0021650000066258,0.0,0.0,,8.611414149499131
2021-07-22 20:00:00.660,0,-0.0030751559108244,0.0,0.0,,13.0979578477985
2021-07-22 20:00:00.670,0,-0.0013892191940994,0.0,0.0,,11.499619196718418
2021-07-22 20:00:00.680,0,0.0030196847900764,0.0,0.0,,8.77343027070549
2021-07-22 20:00:00.690,0,0.0027425891845058,0.0,0.0,,8.774682032114576
2021-07-22 20:00:00.700,0,0.002563782987829,0.0,0.0,,10.161429916536559
2021-07-22 20:00:00.710,0,0.0025297821526296,0.0,0.0,,9.14132043336538
2021-07-22 20:00:00.720,0,-0.0028930831108369,0.0,0.0,,10.774880692658648
2021-07-22 20:00:00.730,0,0.0027694180880435,0.0,0.0,,10.757266361514866
2021-07-22 20:00:00.740,0,-0.0039057226924812,0.0,0.0,,10.633573580924262
2021-07-22 20:00:00.750,0,0.0039146868587232,0.0,0.0,,9.18680312494387
2021-07-22 20:00:00.760,0,-0.0022083727815971,0.0,0.0,,10.34691039857771
2021-07-22 20:00:00.770,0,-0.0016101473350211,0.0,0.0,,12.933298273420567
2021-07-22 20:00:00.780,0,-0.0013607021753056,0.0,0.0,,6.846475700701067
2021-07-22 20:00:00.790,0,-0.0002921215629383,0.0,0.0,,8.024323059474877
2021-07-22 20:00:00.800,0,-0.0017935537971526,0.0,0.0,,10.199819641479346
2021-07-22 20:00:00.810,0,0.012518816089125,0.0,0.0,,10.633517559607677
2021-07-22 20:00:00.820,0,-0.0013428565764698,0.0,0.0,,6.018982725164532
2021-07-22 20:00:00.830,0,0.0025624969768246,0.0,0.0,,10.782866586631863
2021-07-22 20:00:00.840,0,-0.0018724012380444,0.0,0.0,,10.040466016238216
2021-07-22 20:00:00.850,0,-0.000628777436614,0.0,0.0,,10.539093803240936
2021-07-22 20:00:00.860,0,0.0076361576170612,0.0,0.0,,8.233154639015407
2021-07-22 20:00:00.870,0,-0.0007808278562657,0.0,0.0,,6.808933449543357
2021-07-22 20:00:00.880,0,-0.0004096118528626,0.0,0.0,,9.235244015637692
2021-07-22 20:00:00.890,0,-0.0019129960819307,0.0,0.0,,10.380321295138247
2021-07-22 20:00:00.900,0,0.0030198951914117,0.0,0.0,,12.162956565554122
2021-07-22 20:00:00.910,0,-0.0022653889310121,0.0,0.0,,11.233931116843841
2021-07-22 20:00:00.920,0,-0.0011804529740053,0.0,0.0,,13.485927642069854
2021-07-22 20:00:00.930,0,0.0015968587690094,0.0,0.0,,9.389495693049112
2021-07-22 20:00:00.940,0,-0.0041368237726887,0.0,0.0,,10.0564833808834
2021-07-22 20:00:00.950,0,-0.006448015443705,0.0,0.0,,7.515095653371299
2021-07-22 20:00:00.960,0,-0.0004602753334281,0.0,0.0,,12.809725221418276
2021-07-22 20:00:00.970,0,0.0015302822520411,0.0,0.0,,8.273130523264786
2021-07-22 20:00:00.980,0,-0.010609071263685,0.0,0.0,,11.063077911097723
2021-07-22 20:00:00.990,0,0.0004520837487384,0.0,0.0,,11.271090913525072
2021-07-22 20:00:01.000,1,0.0022559605620611,0.0,0.0,,9.118585083137349
2021-07-22 20:00:01.010,1,0.0016384042276066,0.0,0.0,,7.850326138540112
2021-07-22 20:00:01.020,1,-0.0007361391673124,0.0,0.0,,10.313167663699474
2021-07-22 20:00:01.030,1,0.0029979027356816,0.0,0.0,,10.72250920119693
2021-07-22 20:00:01.040,1,0.0034461013907523,0.0,0.0,,8.768327243886933
2021-07-22 20:00:01.050,1,-0.0011587907421371,0.0,0.0,,10.21676023951293
2021-07-22 20:00:01.060,1,-0.0009172795802317,0.0,0.0,,7.762054046741108
2021-07-22 20:00:01.070,1,0.0055692767489884,0.0,0.0,,7.597456807205294
2021-07-22 20:00:01.080,1,0.0002598222429649,0.0,0.0,,6.493564241210421
2021-07-22 20:00:01.090,1,-0.0015034037934812,0.0,0.0,,12.25254350074524
2021-07-22 20:00:01.100,1,0.0063234271527395,0.0,0.0,,6.607046167618478
2021-07-22 20:00:01.110,1,-0.0012017530189059,0.0,0.0,,7.118104253442807
2021-07-22 20:00:01.120,1,0.004958409725837,2.949081757701457,0.0,,3297.7581033436004
2021-07-22 20:00:01.130,1,0.0153090235902472,11.307636546504776,0.0,,14423.012568533984
2021-07-22 20:00:01.140,1,0.0278566003735303,24.004416728221184,0.0,,32995.82734423602
2021-07-22 20:00:01.150,1,0.0387232691110047,40.50889736783289,0.0,,58668.6248746393
2021-07-22 20:00:01.160,1,0.0563994406951351,60.04892008561318,0.0,,90453.61478467184
2021-07-22 20:00:01.170,1,0.0707680318218855,81.79691995275019,0.0,,127077.29730635496
2021-07-22 20:00:01.180,1,0.1017454509450649,106.11795377560594,0.0,,169204.52029039763
2021-07-22 20:00:01.190,1,0.1381517392802763,131.18608045431765,0.0,,213653.13906855497
2021-07-22 20:00:01.200,1,0.1581733784771532,159.3986064182864,0.0,,264704.5190910541
2021-07-22 20:00:01.210,1,0.1820091805202501,185.1513508666568,0.0,,312107.38861847745
2021-07-22 20:00:01.220,1,0.2437515732858767,213.9372271536704,0.0,,365883.05677699734
2021-07-22 20:00:01.230,1,0.2239242450020208,241.865741111872,0.0,,418750.28611412423
2021-07-22 20:00:01.240,1,0.3073879820954683,269.59479538077613,0.0,,471849.74698206555
2021-07-22 20:00:01.250,1,0.3257388135780977,294.6338356648868,0.0,,520274.72172662616
2021-07-22 20:00:01.260,1,0.3654706934575307,320.99188860692965,0.0,,571690.7239319087
2021-07-22 20:00:01.270,1,0.3981456178153451,345.2437153953872,0.0,,619382.5047589635
2021-07-22 20:00:01.280,1,0.3847397198745311,369.2952457407138,0.0,,667005.8224056235
2021-07-22 20:00:01.290,1,0.3643455804785812,397.5431337523012,0.0,,723333.7837147331
2021-07-22 20:00:01.300,1,0.4090710271752007,421.04609900419024,0.0,,770513.3031856822
2021-07-22 20:00:01.310,1,0.5157214197184709,442.49218570644257,0.0,,813795.3218539045
2021-07-22 20:00:01.320,1,0.4132339701897995,461.15135780175416,0.0,,851613.98903813
2021-07-22 20:00:01.330,1,0.4150322379477779,483.84029934671446,0.0,,897812.2699810786
2021-07-22 20:00:01.340,1,0.5166953405423063,503.9054627019894,0.0,,938857.8534362286
2021-07-22 20:00:01.350,1,0.5933843082138485,523.232606052325,0.0,,978551.2466669688
2021-07-22 20:00:01.360,1,0.5099622938680023,538.9641292430769,0.0,,1010955.5549007269
2021-07-22 20:00:01.370,1,0.4945327453767306,547.468412300467,0.0,,1028513.6105008376
2021-07-22 20:00:01.380,1,0.5830319188703028,563.5752201015744,0.0,,1061848.820214932
2021-07-22 20:00:01.390,1,0.4836960608308042,576.4323285935636,0.0,,1088519.3597018342
2021-07-22 20:00:01.400,1,0.6277255540058256,595.515528564767,0.0,,1128233.3276572826
2021-07-22 20:00:01.410,1,0.6604019014876636,601.6467886663986,0.0,,1141016.39253105
2021-07-22 20:00:01.420,1,0.654842400472516,610.8113602792453,0.0,,1160148.196329943
2021-07-22 20:00:01.430,1,0.5382168408472939,622.9150389128113,0.0,,1185452.611287112
2021-07-22 20:00:01.440,1,0.691808256423098,630.9824903176726,0.0,,1202361.3580040836
2021-07-22 20:00:01.450,1,0.6917741794495094,632.6560997175951,0.0,,1205870.063688096
2021-07-22 20:00:01.460,1,0.5239063188983788,639.3720906495305,0.0,,1219950.0124008283
2021-07-22 20:00:01.470,1,0.6679832725585534,651.5425225348032,0.0,,1245526.6963992862
2021-07-22 20:00:01.480,1,0.7734741487243061,658.8305812475213,0.0,,1260861.440627731
2021-07-22 20:00:01.490,1,0.7040917712401492,659.9953528595067,0.0,,1263312.9126897256
2021-07-22 20:00:01.500,1,0.5724700493578633,660.0009353548722,0.0,,1263317.1780599756
2021-07-22 20:00:01.510,1,0.7531484747018654,665.6493308308412,0.0,,1275220.70829262
2021-07-22 20:00:01.520,1,0.7751846515845128,676.029778927794,0.0,,1297114.3485101121
2021-07-22 20:00:01.530,1,0.5850390326257802,673.8808447282759,0.0,,1292568.3656443125
2021-07-22 20:00:01.540,1,0.7034859390243131,670.5985980709504,0.0,,1285652.1606869255
2021-07-22 20:00:01.550,1,0.6947945722169352,680.8580711131331,0.0,,1307305.3787798157
2021-07-22 20:00:01.560,1,0.7738499231502741,679.7800603643435,0.0,,1305033.9192932118
2021-07-22 20:00:01.570,1,0.7701565425391259,678.4212236096653,0.0,,1302162.168259753
2021-07-22 20:00:01.580,1,0.6806060870964832,687.8779357640366,0.0,,1322141.687589746
2021-07-22 20:00:01.590,1,0.5557967881117469,694.1764880535678,0.0,,1335452.4174030628
2021-07-22 20:00:01.600,1,0.6604694174173135,682.3283097279959,0.0,,1310408.3322165913
2021-07-22 20:00:01.610,1,0.7557344695226119,684.3161139943846,0.0,,1314612.501787871
2021-07-22 20:00:01.620,1,0.7240248151964055,683.1114987742727,0.0,,1312066.1597987653
2021-07-22 20:00:01.630,1,0.5979208131685727,687.8725025162347,0.0,,1322123.6154094976
2021-07-22 20:00:01.640,1,0.5536444648140227,682.414929516514,0.0,,1310584.8280029052
2021-07-22 20:00:01.650,1,0.7055195067606911,680.5446306441087,0.0,,1306646.49792175
2021-07-22 20:00:01.660,1,0.6215630246187402,683.2924556780439,0.0,,1312441.0556728342
2021-07-22 20:00:01.670,1,0.5299315342622496,680.3100216532217,0.0,,1306139.758509014
2021-07-22 20:00:01.680,1,0.5629616326731551,689.2915438932395,0.0,,1325120.2920454012
2021-07-22 20:00:01.690,1,0.6103252582695925,681.2474935432656,0.0,,1308122.6252704405
2021-07-22 20:00:01.700,1,0.7087818049438834,674.4815964942771,0.0,,1293845.1130573538
2021-07-22 20:00:01.710,1,0.5466255712871835,679.7192133591197,0.0,,1304891.6786187426
2021-07-22 20:00:01.720,1,0.6373074533631875,677.5531442317538,0.0,,1300325.0771894497
2021-07-22 20:00:01.730,1,0.4985753904435971,680.6639187661805,0.0,,1306887.0455738155
2021-07-22 20:00:01.740,1,0.6615489976322201,678.4474914747435,0.0,,1302211.713906754
2021-07-22 20:00:01.750,1,0.6284572128186359,679.2269280924828,0.0,,1303861.9961496973
2021-07-22 20:00:01.760,1,0.5699232313852347,676.6940056962519,0.0,,1298508.7569262104
2021-07-22 20:00:01.770,1,0.6740200873252591,677.443752894592,0.0,,1300098.0689942907
2021-07-22 20:00:01.780,1,0.5791625031966064,679.0024681287995,0.0,,1303380.472753862
2021-07-22 20:00:01.790,1,0.5818109121079418,675.9434976541,0.0,,1296924.6484673081
2021-07-22 20:00:01.800,1,0.5929881601288175,673.0357768198504,0.0,,1290786.2778040902
2021-07-22 20:00:01.810,1,0.5760004875100155,667.7333901985284,0.0,,1279606.85553775
2021-07-22 20:00:01.820,1,0.5207448885155312,677.0036167856936,0.0,,1299161.0157442365
2021-07-22 20:00:01.830,1,0.5769824235311269,670.5613345969781,0.0,,1285570.7243209174
2021-07-22 20:00:01.840,1,0.451534668479386,665.4470631812843,0.0,,1274782.0946032132
2021-07-22 20:00:01.850,1,0.6269917905752177,669.5914536006322,0.0,,1283527.3257356668
2021-07-22 20:00:01.860,1,0.6326048963434666,669.1681701165849,0.0,,1282636.8717156134
2021-07-22 20:00:01.870,1,0.5024992320475544,669.3890713691643,0.0,,1283090.9346254768
2021-07-22 20:00:01.880,1,0.5578990334490938,671.333501101191,0.0,,1287198.9460295388
2021-07-22 20:00:01.890,1,0.4908652749333006,665.5246032167419,0.0,,1274947.5809859275
2021-07-22 20:00:01.900,1,0.4916501298835641,667.2188015071957,0.0,,1278522.0989120607
2021-07-22 20:00:01.910,1,0.5414795727637448,667.52012971128,0.0,,1279156.2547315147
2021-07-22 20:00:01.920,1,0.6082413834795184,669.2694733480456,0.0,,1282845.7941235786
2021-07-22 20:00:01.930,1,0.4156962185458074,666.3929004672046,0.0,,1276774.0555279984
2021-07-22 20:00:01.940,1,0.5539308132368946,664.9889693247527,0.0,,1273819.8683563073
2021-07-22 20:00:01.950,1,0.456387156123778,657.783245522707,0.0,,1258642.4058044539
2021-07-22 20:00:01.960,1,0.5216229815946047,664.1467856211241,0.0,,1272048.5116768542
2021-07-22 20:00:01.970,1,0.5056996758069188,661.5070897926674,0.0,,1266484.7061401966
2021-07-22 20:00:01.980,1,0.4310154770645879,663.978291301724,0.0,,1271685.137206643
2021-07-22 20:00:01.990,1,0.4764389332289865,660.2794530884041,0.0,,1263897.5354942346
2021-07-22 20:00:02.000,1,0.5016312663758925,662.2360599442134,0.0,,1268020.712450507
2021-07-22 20:00:02.010,1,0.5815995244125267,656.6262209102663,0.0,,1256212.8996519614
2021-07-22 20:00:02.020,1,0.4169550384012681,666.4860755732745,0.0,,1276968.982349277
2021-07-22 20:00:02.030,1,0.6006114356433145,660.6355809359353,0.0,,1264653.963508752
2021-07-22 20:00:02.040,1,0.4394456205071528,656.4998244175814,0.0,,1255940.0008935968
2021-07-22 20:00:02.050,1,0.4826600801015197,654.3162442743935,0.0,,1251350.6808726892
2021-07-22 20:00:02.060,1,0.4455706224876654,660.9261306559288,0.0,,1265259.1558156528
2021-07-22 20:00:02.070,1,0.515180774387694,659.9438116374815,0.0,,1263192.7029366835
2021-07-22 20:00:02.080,1,0.4992281567403382,656.679278120513,0.0,,1256316.9845396376
2021-07-22 20:00:02.090,1,0.4491610618255254,658.3656338039629,0.0,,1259868.585995758
2021-07-22 20:00:02.100,1,0.4461215985311144,655.0335827289186,0.0,,1252855.4506338304
2021-07-22 20:00:02.110,1,0.5046187499754909,653.7097131208416,0.0,,1250073.2897976828
2021-07-22 20:00:02.120,1,0.4242451766308591,656.2906595339143,0.0,,1255501.4554416786
2021-07-22 20:00:02.130,1,0.5949759048057365,658.7546212071029,0.0,,1260692.7262809654
2021-07-22 20:00:02.140,1,0.4134437656327105,652.6826012421271,0.0,,1247905.1661081729
2021-07-22 20:00:02.150,1,0.5344146527316496,650.7404131563798,0.0,,1243830.1907280714
2021-07-22 20:00:02.160,1,0.4850297768441914,655.5224950395186,0.0,,1253887.4859870002
2021-07-22 20:00:02.170,1,0.5366931510800419,654.2636082804138,0.0,,1251242.6946310862
2021-07-22 20:00:02.180,1,0.6069842272157756,651.3894201237747,0.0,,1245200.1521110234
2021-07-22 20:00:02.190,1,0.4242482299091206,653.466792164582,0.0,,1249555.3555405992
2021-07-22 20:00:02.200,1,0.5273105906835669,657.6153044692359,0.0,,1258290.9647088004
2021-07-22 20:00:02.210,1,0.5696376186843388,652.3959996063753,0.0,,1247316.711331755
2021-07-22 20:00:02.220,1,0.5743400587847954,652.5652183295923,0.0,,1247670.9881795822
2021-07-22 20:00:02.230,1,0.4448693716476434,653.7946582520652,0.0,,1250249.0916469789
2021-07-22 20:00:02.240,1,0.49870377252993,657.1026918146382,0.0,,1257213.4065412139
2021-07-22 20:00:02.250,1,0.4429438947910957,652.9490151486326,0.0,,1248472.438264868
2021-07-22 20:00:02.260,1,0.6073406144884135,653.6358761720951,0.0,,1249919.6269413715
2021-07-22 20:00:02.270,1,0.5267402547781916,657.3404647410101,0.0,,1257715.1573626702
2021-07-22 20:00:02.280,1,0.6195155683066997,652.7086875220189,0.0,,1247976.8489240457
2021-07-22 20:00:02.290,1,0.6102939590758013,655.5913129463946,0.0,,1254038.6802064374
2021-07-22 20:00:02.300,1,0.6261810775458411,648.2227753735973,0.0,,1238542.1596169744
2021-07-22 20:00:02.310,1,0.6344116288798787,653.2138381800179,0.0,,1249037.291922246
2021-07-22 20:00:02.320,1,0.432469414504456,651.8504934311012,0.0,,1246164.898091462
2021-07-22 20:00:02.330,1,0.5955814363822883,658.5146705681119,0.0,,1260190.0272323135
2021-07-22 20:00:02.340,1,0.4516445095394453,646.7257324960832,0.0,,1235391.8705995209
2021-07-22 20:00:02.350,1,0.4527147787550367,654.6339699641684,0.0,,1252014.1679536307
2021-07-22 20:00:02.360,1,0.6441303203729819,655.8962057320666,0.0,,1254684.1608816723
2021-07-22 20:00:02.370,1,0.5397914334610516,660.8452745438117,0.0,,1265092.0606721991
2021-07-22 20:00:02.380,1,0.4959417703457333,649.9636102458778,0.0,,1242193.9816293851
2021-07-22 20:00:02.390,1,0.6234492537262784,654.152191674687,0.0,,1251010.213572325
2021-07-22 20:00:02.400,1,0.6217221862486041,655.3055236546478,0.0,,1253435.4323208616
2021-07-22 20:00:02.410,1,0.4658657339382198,654.5752704173533,0.0,,1251891.797848596
2021-07-22 20:00:02.420,1,0.5933010788552413,649.3678663355712,0.0,,1240949.0731437812
2021-07-22 20:00:02.430,1,0.4489880906753163,660.2111573037821,0.0,,1263750.881425277
2021-07-22 20:00:02.440,1,0.5224803961218321,656.1020557344863,0.0,,1255110.6619424059
2021-07-22 20:00:02.450,1,0.560256131201061,655.5388135303808,0.0,,1253923.818072872
2021-07-22 20:00:02.460,1,0.4599100597555871,657.9747868317967,0.0,,1259045.261652787
2021-07-22 20:00:02.470,1,0.6449816947206429,659.6775788211743,0.0,,1262636.0058208033
2021-07-22 20:00:02.480,1,0.6038878189366215,654.5410460571154,0.0,,1251827.2751228248
2021-07-22 20:00:02.490,1,0.4660149041023861,654.2978331639766,0.0,,1251312.3776512512
2021-07-22 20:00:02.500,1,0.5405540619237856,654.7432798618444,0.0,,1252247.877033634
2021-07-22 20:00:02.510,1,0.482511877669883,656.7673667609546,0.0,,1256507.434822532
2021-07-22 20:00:02.520,1,0.456087503988024,657.991074828567,0.0,,1259080.8110598994
2021-07-22 20:00:02.530,1,0.5060970228174165,659.2890747944283,0.0,,1261814.120196609
2021-07-22 20:00:02.540,1,0.4862649822446475,651.9477888226286,0.0,,1246364.445211885
2021-07-22 20:00:02.550,1,0.6580944897664858,658.7497999295626,0.0,,1260688.5301104093
2021-07-22 20:00:02.560,1,0.5248781720440276,660.2826156216154,0.0,,1263907.7264287097
2021-07-22 20:00:02.570,1,0.6497700783180264,654.715317719244,0.0,,1252200.4671919327
2021-07-22 20:00:02.580,1,0.5903932909499106,655.6771740357252,0.0,,1254216.1879250717
2021-07-22 20:00:02.590,1,0.6099218497308826,658.0083497736396,0.0,,1259125.2378628748
2021-07-22 20:00:02.600,1,0.5717747671984587,663.9686746515769,0.0,,1271674.4119448666
2021-07-22 20:00:02.610,1,0.533004170516397,655.9795244615526,0.0,,1254850.5522753012
2021-07-22 20:00:02.620,1,0.5837831985838601,658.1087381586458,0.0,,1259334.8029344014
2021-07-22 20:00:02.630,1,0.6189164455236426,663.0091518405525,0.0,,1269657.9403489048
2021-07-22 20:00:02.640,1,0.4462016148542324,663.1830538462035,0.0,,1270008.9775956857
2021-07-22 20:00:02.650,1,0.6100082381923194,667.1859018273527,0.0,,1278453.5876478637
2021-07-22 20:00:02.660,1,0.5371579073679014,664.3957345715631,0.0,,1272571.5866966888
2021-07-22 20:00:02.670,1,0.504993365303294,667.0153248647102,0.0,,1278086.6916217834
2021-07-22 20:00:02.680,1,0.5875182586655161,662.0543417130586,0.0,,1267643.5635725008
2021-07-22 20:00:02.690,1,0.6033200347062252,661.5269961528156,0.0,,1266531.7949006287
2021-07-22 20:00:02.700,1,0.4334551857105972,658.8510325899448,0.0,,1260890.8559232715
2021-07-22 20:00:02.710,1,0.5651502407089085,661.3923929680674,0.0,,1266243.808263153
2021-07-22 20:00:02.720,1,0.4573353176500093,664.2352257026815,0.0,,1272227.394813079
2021-07-22 20:00:02.730,1,0.6152273904834239,663.1889762116582,0.0,,1270032.0527523188
2021-07-22 20:00:02.740,1,0.6080462748131201,666.5014398007272,0.0,,1277009.06936626
2021-07-22 20:00:02.750,1,0.4190409387391961,666.7907796478324,0.0,,1277614.0916811177
2021-07-22 20:00:02.760,1,0.5077476081368307,662.3148622437242,0.0,,1268185.3035028772
2021-07-22 20:00:02.770,1,0.536895085646516,662.3987434992182,0.0,,1268365.4403365434
2021-07-22 20:00:02.780,1,0.4804780438340807,665.5924385386908,0.0,,1275087.708405173
2021-07-22 20:00:02.790,1,0.4189366251725701,665.3645058665155,0.0,,1274604.514092133
2021-07-22 20:00:02.800,1,0.5899895115801045,664.3124125587142,0.0,,1272395.7502493684
2021-07-22 20:00:02.810,1,0.5124028197571823,659.8970886952984,0.0,,1263095.8478942865
2021-07-22 20:00:02.820,1,0.4093510070125854,664.6423688642428,0.0,,1273082.080199308
2021-07-22 20:00:02.830,1,0.5222952098668566,660.506141889992,0.0,,1264375.6526415632
2021-07-22 20:00:02.840,1,0.4067706941699113,673.4068238198595,0.0,,1291562.2727639382
2021-07-22 20:00:02.850,1,0.5446109235519342,669.5367768589358,0.0,,1283406.5302827433
2021-07-22 20:00:02.860,1,0.5371635490024375,666.6062018448174,0.0,,1277229.414257635
2021-07-22 20:00:02.870,1,0.4997346638602178,665.5407838060918,0.0,,1274978.536117668
2021-07-22 20:00:02.880,1,0.5256826685907376,672.4165211523198,0.0,,1289481.625948409
2021-07-22 20:00:02.890,1,0.4748235843664452,668.0881680473377,0.0,,1280347.321942547
2021-07-22 20:00:02.900,1,0.5519816680823478,665.2172817579709,0.0,,1274305.3756139067
2021-07-22 20:00:02.910,1,0.5671595336561842,663.3110960670205,0.0,,1270288.6199137722
2021-07-22 20:00:02.920,1,0.4667476420842188,667.3635410730808,0.0,,1278819.532640545
2021-07-22 20:00:02.930,1,0.5424915890514653,662.6288791218096,0.0,,1268850.5100972136
2021-07-22 20:00:02.940,1,0.5164288533554842,665.490849192843,0.0,,1274876.621281277
2021-07-22 20:00:02.950,1,0.4766869063614718,660.922558888209,0.0,,1265251.4689940019
2021-07-22 20:00:02.960,1,0.3830572108998247,668.9339796067799,0.0,,1282132.778390086
2021-07-22 20:00:02.970,1,0.476720441893055,664.1212077841761,0.0,,1271988.4235542833
2021-07-22 20:00:02.980,1,0.415081589340198,661.8931206488945,0.0,,1267296.7119967025
2021-07-22 20:00:02.990,1,0.3848140186041606,667.2706978235982,0.0,,1278624.4304903967
2021-07-22 20:00:03.000,1,0.4782132202041981,664.1280573626248,0.0,,1272005.6387798688
2021-07-22 20:00:03.010,1,0.4847754708654436,667.214063131665,0.0,,1278508.463469451
2021-07-22 20:00:03.020,1,0.5292656042464144,665.4236455261342,0.0,,1274734.4640078472
2021-07-22 20:00:03.030,1,0.4000615695621194,669.1006278986229,0.0,,1282480.9220081132
2021-07-22 20:00:03.040,1,0.5103358003795287,672.3526127681342,0.0,,1289344.8112516557
2021-07-22 20:00:03.050,1,0.4763591186754713,662.2400081025881,0.0,,1268026.0007983793
2021-07-22 20:00:03.060,1,0.4685754995338926,663.1834070618733,0.0,,1270015.3872247976
2021-07-22 20:00:03.070,1,0.5201577649061174,668.1482601573733,0.0,,1280477.2198331903
2021-07-22 20:00:03.080,1,0.4514617299664918,664.7175431720954,0.0,,1273245.9311151416
2021-07-22 20:00:03.090,1,0.4182407905486963,658.7550112080937,0.0,,1260685.4395684265
2021-07-22 20:00:03.100,1,0.5328195417487399,662.6377773075448,0.0,,1268867.4780117278
2021-07-22 20:00:03.110,1,0.5452048343344759,663.0683346233296,0.0,,1269776.9444243356
2021-07-22 20:00:03.120,1,0.4190183478868279,664.5491187721951,0.0,,1272887.4813998772
2021-07-22 20:00:03.130,1,0.5185301521676071,658.4842758369854,0.0,,1260118.4272577527
2021-07-22 20:00:03.140,1,0.5008729725579275,665.6288964935808,0.0,,1275167.7952534833
2021-07-22 20:00:03.150,1,0.4063439341130107,662.8704621312869,0.0,,1269348.8789063727
2021-07-22 20:00:03.160,1,0.4388816578621548,662.9494163149681,0.0,,1269520.2934313596
2021-07-22 20:00:03.170,1,0.4458705281708395,663.4069101189676,0.0,,1270482.0565903445
2021-07-22 20:00:03.180,1,0.5060809936402505,664.4341704004738,0.0,,1272651.831372048
2021-07-22 20:00:03.190,1,0.4747093773847818,661.9412899848428,0.0,,1267398.2721313834
2021-07-22 20:00:03.200,1,0.4149326548625193,660.4926677120623,0.0,,1264347.3654521497
2021-07-22 20:00:03.210,1,0.4478651181186477,657.9043355048977,0.0,,1258896.7319093908
2021-07-22 20:00:03.220,1,0.5436125224425604,665.912485915617,0.0,,1275766.1518698013
2021-07-22 20:00:03.230,1,0.4286819808220239,664.6786836299564,0.0,,1273161.926054303
2021-07-22 20:00:03.240,1,0.4299053681955772,657.5571732875777,0.0,,1258166.9240912797
2021-07-22 20:00:03.250,1,0.4663058234320784,659.3779545131432,0.0,,1262000.2415637868
2021-07-22 20:00:03.260,1,0.4027886815262098,657.428458561206,0.0,,1257893.5626630452
2021-07-22 20:00:03.270,1,0.4902229465052365,654.8787599532127,0.0,,1252530.6564229687
2021-07-22 20:00:03.280,1,0.4091852648877392,658.9665412311002,0.0,,1261127.7193114085
2021-07-22 20:00:03.290,1,0.4148277288735471,659.51145514882,0.0,,1262279.981953583
2021-07-22 20:00:03.300,1,0.4299890065844879,665.6416254365885,0.0,,1275191.4503767784
2021-07-22 20:00:03.310,1,0.4554606023235868,653.9326869924663,0.0,,1250539.4363247005
2021-07-22 20:00:03.320,1,0.503937852568745,658.0376801340647,0.0,,1259180.8804748387
2021-07-22 20:00:03.330,1,0.4888309926465861,657.0513325858058,0.0,,1257101.625486687
2021-07-22 20:00:03.340,1,0.5598074260825815,658.9346870277776,0.0,,1261075.2262400005
2021-07-22 20:00:03.350,1,0.4937929824563992,658.4054100550392,0.0,,1259953.8881175816
2021-07-22 20:00:03.360,1,0.5085255896734358,655.6973433442446,0.0,,1254253.9307872383
2021-07-22 20:00:03.370,1,0.6249237533799039,655.370633893372,0.0,,1253572.1040565537
2021-07-22 20:00:03.380,1,0.6020854660990532,659.0256622180589,0.0,,1261262.7896332173
2021-07-22 20:00:03.390,1,0.4716996316887991,660.1461385876008,0.0,,1263616.7463923045
2021-07-22 20:00:03.400,1,0.5873104463507853,656.0121004310058,0.0,,1254921.0803583274
2021-07-22 20:00:03.410,1,0.4786135841405987,654.3322607012457,0.0,,1251381.0048947323
2021-07-22 20:00:03.420,1,0.5523689725062916,655.7370649096263,0.0,,1254339.723780977
2021-07-22 20:00:03.430,1,0.658207974033936,654.9111640302655,0.0,,1252611.5455045525
2021-07-22 20:00:03.440,1,0.5828026104120004,657.5064396645307,0.0,,1258064.2633679288
2021-07-22 20:00:03.450,1,0.5702988659440495,661.2903558677665,0.0,,1266031.3787499035
2021-07-22 20:00:03.460,1,0.5254192283847593,655.3190775496781,0.0,,1253460.571130722
2021-07-22 20:00:03.470,1,0.6309933476785855,656.1137348213481,0.0,,1255137.0986428454
2021-07-22 20:00:03.480,1,0.6237310509491563,658.6630450691457,0.0,,1260506.7421935336
2021-07-22 20:00:03.490,1,0.6169691044761234,658.7774661710803,0.0,,1260745.4984863158
2021-07-22 20:00:03.500,1,0.6627088029540462,658.7870007287921,0.0,,1260769.2679858843
2021-07-22 20:00:03.510,1,0.6423508128356784,659.0902608176821,0.0,,1261406.6017492195
2021-07-22 20:00:03.520,1,0.5703128532181858,657.2151652084963,0.0,,1257450.8334162438
2021-07-22 20:00:03.530,1,0.4899375188795226,648.4902192500166,0.0,,1239099.8511597922
2021-07-22 20:00:03.540,1,0.6944851661176988,658.3831693856016,0.0,,1259917.456343439
2021-07-22 20:00:03.550,1,0.5730412710570155,655.5725922010383,0.0,,1253999.0042068611
2021-07-22 20:00:03.560,1,0.586946165954342,654.1013065887987,0.0,,1250901.7253312853
2021-07-22 20:00:03.570,1,0.6613213825463915,657.9663383734036,0.0,,1259036.0002516638
2021-07-22 20:00:03.580,1,0.682521880631481,654.8725987247253,0.0,,1252527.0447276777
2021-07-22 20:00:03.590,1,0.6997388464858975,655.6531545650323,0.0,,1254172.2032712565
2021-07-22 20:00:03.600,1,0.5132060725655471,656.6609752660207,0.0,,1256282.9574024105
2021-07-22 20:00:03.610,1,0.5814539200260057,658.9313646773992,0.0,,1261066.9604296957
2021-07-22 20:00:03.620,1,0.6829965915541176,652.2163197213739,0.0,,1246938.02463808
2021-07-22 20:00:03.630,1,0.6854347902653518,655.0693956513712,0.0,,1252945.3375716822
2021-07-22 20:00:03.640,1,0.6828599626707019,651.4047689614463,0.0,,1245239.2126927043
2021-07-22 20:00:03.650,1,0.6165119294591803,652.6310349752619,0.0,,1247811.114818256
2021-07-22 20:00:03.660,1,0.5233151203248246,655.5015642906696,0.0,,1253844.416063122
2021-07-22 20:00:03.670,1,0.511749487148051,654.0304824158326,0.0,,1250751.3383755418
2021-07-22 20:00:03.680,1,0.6477438997927579,652.3800820340036,0.0,,1247284.8162590987
2021-07-22 20:00:03.690,1,0.6468669381433008,652.8221425598102,0.0,,1248212.5673857923
2021-07-22 20:00:03.700,1,0.6467292164926959,656.3179343268263,0.0,,1255567.6777597745
2021-07-22 20:00:03.710,1,0.6339280726664385,650.8733280233563,0.0,,1244113.1595993533
2021-07-22 20:00:03.720,1,0.5967342704833037,655.2722620693137,0.0,,1253364.7947369032
2021-07-22 20:00:03.730,1,0.7627684310462965,658.2632205104842,0.0,,1259669.0176045513
2021-07-22 20:00:03.740,1,0.6380910477678882,647.9824557398414,0.0,,1238039.89836558
2021-07-22 20:00:03.750,1,0.6731310662789217,656.168450012391,0.0,,1255253.2906766038
2021-07-22 20:00:03.760,1,0.6625354687905537,654.3279988427238,0.0,,1251382.7274412597
2021-07-22 20:00:03.770,1,0.6033541934841838,657.4530861784933,0.0,,1257956.4300234485
2021-07-22 20:00:03.780,1,0.6146297614428138,664.0042882743209,0.0,,1271754.6893090908
2021-07-22 20:00:03.790,1,0.7427575468033771,654.3072694108259,0.0,,1251344.3414175457
2021-07-22 20:00:03.800,1,0.6374011648647104,652.720357267467,0.0,,1247998.8036704282
2021-07-22 20:00:03.810,1,0.7185086721206569,650.2644205214407,0.0,,1242841.3188719044
2021-07-22 20:00:03.820,1,0.7176210712643892,650.729797840001,0.0,,1243820.5893147374
2021-07-22 20:00:03.830,1,0.5828737473154362,658.986132944176,0.0,,1261176.3856557298
2021-07-22 20:00:03.840,1,0.5495769989544205,660.7661480583433,0.0,,1264929.0418791387
2021-07-22 20:00:03.850,1,0.6583751551810775,654.655704525364,0.0,,1252073.6795163015
2021-07-22 20:00:03.860,1,0.6096800233176026,651.1444844202595,0.0,,1244684.9269756349
2021-07-22 20:00:03.870,1,0.6116602278410269,657.0554726040523,0.0,,1257117.842845996
2021-07-22 20:00:03.880,1,0.7191055335590666,658.0013798420573,0.0,,1259115.522304877
2021-07-22 20:00:03.890,1,0.6882600440180686,650.9473871053298,0.0,,1244275.4689586572
2021-07-22 20:00:03.900,1,0.5683067567790369,662.3600588106702,0.0,,1268285.2454590672
2021-07-22 20:00:03.910,1,0.5949494650995597,655.1088884670432,0.0,,1253022.3852224292
2021-07-22 20:00:03.920,1,0.6639746422799774,660.042620397558,0.0,,1263409.0300887588
2021-07-22 20:00:03.930,1,0.4952790762588975,658.5956058352402,0.0,,1260352.926983004
2021-07-22 20:00:03.940,1,0.6294419035856684,658.5109830134073,0.0,,1260185.150346958
2021-07-22 20:00:03.950,1,0.6360419877283051,656.0037262390962,0.0,,1254905.7374361483
2021-07-22 20:00:03.960,1,0.5914400312990599,650.4107290194644,0.0,,1243142.6361680327
2021-07-22 20:00:03.970,1,0.6342261598866089,654.8223699045618,0.0,,1252421.8616521477
2021-07-22 20:00:03.980,1,0.5999093474106565,653.9103850042409,0.0,,1250501.6183653625
2021-07-22 20:00:03.990,1,0.5035078275154758,658.1564275141328,0.0,,1259427.4376258834
2021-07-22 20:00:04.000,1,0.5433670217874546,655.1279543995324,0.0,,1253059.9429210923
2021-07-22 20:00:04.010,1,0.6929718406225875,653.9819327058702,0.0,,1250658.5122461151
2021-07-22 20:00:04.020,1,0.5239013231844749,657.6586547504717,0.0,,1258384.2820411818
2021-07-22 20:00:04.030,1,0.7046488888031167,652.6769841091939,0.0,,1247912.1488069557
2021-07-22 20:00:04.040,1,0.5643646390902346,656.8529254938097,0.0,,1256688.5906577343
2021-07-22 20:00:04.050,1,0.4883314978905852,656.1186314376828,0.0,,1255138.3173134075
2021-07-22 20:00:04.060,1,0.7062502625271508,653.1529839833786,0.0,,1248914.5873706252
2021-07-22 20:00:04.070,1,0.5006277464158654,652.6537730315191,0.0,,1247854.7014752927
2021-07-22 20:00:04.080,1,0.5917001328549276,655.8920419271975,0.0,,1254667.9217829134
2021-07-22 20:00:04.090,1,0.5406360984545763,655.226660556306,0.0,,1253263.3871715702
2021-07-22 20:00:04.100,1,0.5989022457331669,653.7992200317613,0.0,,1250265.3013635573
2021-07-22 20:00:04.110,1,0.7159834487284442,653.4501774762751,0.0,,1249539.5509500247
2021-07-22 20:00:04.120,1,0.589827484987964,648.2601553983068,0.0,,1238618.858106062
2021-07-22 20:00:04.130,1,0.6096866038862628,656.54192212643,0.0,,1256038.8749278255
2021-07-22 20:00:04.140,1,0.701467224945277,660.2521180365165,0.0,,1263848.3339858428
2021-07-22 20:00:04.150,1,0.5543041559289852,654.4017304913896,0.0,,1251531.0465771311
2021-07-22 20:00:04.160,1,0.5006581098781485,652.9206092462422,0.0,,1248415.62526011
2021-07-22 20:00:04.170,1,0.7034661517651928,651.4487685949391,0.0,,1245329.9657434418
2021-07-22 20:00:04.180,1,0.5310817754866809,656.8442836435842,0.0,,1256668.8693196701
2021-07-22 20:00:04.190,1,0.4964554906340532,654.6913779386266,0.0,,1252141.180963166
2021-07-22 20:00:04.200,1,0.5703867786240157,655.8171771921975,0.0,,1254513.3391885373
2021-07-22 20:00:04.210,1,0.510026999223248,657.7094198879292,0.0,,1258490.8231929676
2021-07-22 20:00:04.220,1,0.6670702078871212,652.5991465755054,0.0,,1247744.0315109761
2021-07-22 20:00:04.230,1,0.5536874986393907,651.4364745661297,0.0,,1245294.6249184771
2021-07-22 20:00:04.240,1,0.7276677535197364,656.525206907732,0.0,,1256005.9405503825
2021-07-22 20:00:04.250,1,0.5119969068513638,656.723174782744,0.0,,1256410.4380102768
2021-07-22 20:00:04.260,1,0.6902295892471851,655.4899381018803,0.0,,1253831.801432196
2021-07-22 20:00:04.270,1,0.6291411859333064,659.4801492633903,0.0,,1262222.8754964827
2021-07-22 20:00:04.280,1,0.6841310816263201,654.0768065143541,0.0,,1250854.3620128406
2021-07-22 20:00:04.290,1,0.5072440620215732,658.4742158672668,0.0,,1260097.977825403
2021-07-22 20:00:04.300,1,0.5604220024599906,652.2577347468775,0.0,,1247027.670679018
2021-07-22 20:00:04.310,1,0.7136628960185328,650.3087096168084,0.0,,1242932.203713091
2021-07-22 20:00:04.320,1,0.6684290167669057,655.9561459907341,0.0,,1254810.0774157436
2021-07-22 20:00:04.330,1,0.6379481005839506,653.936413282819,0.0,,1250557.1593618905
2021-07-22 20:00:04.340,1,0.6613950225830002,649.0431633621532,0.0,,1240267.9856267928
2021-07-22 20:00:04.350,1,0.6572057926750596,654.7693237127093,0.0,,1252309.0251711553
2021-07-22 20:00:04.360,1,0.5864407950454031,655.1157277156112,0.0,,1253032.7968193109
2021-07-22 20:00:04.370,1,0.5205928720077261,657.9017150247446,0.0,,1258895.4747789544
2021-07-22 20:00:04.380,1,0.6831998143164111,658.3994928984764,0.0,,1259945.375099096
2021-07-22 20:00:04.390,1,0.5719004538169611,658.1527061247975,0.0,,1259420.5732414636
2021-07-22 20:00:04.400,1,0.6014738456843947,658.8431296119561,0.0,,1260884.2508322834
2021-07-22 20:00:04.410,1,0.5971932257705106,648.4619030600672,0.0,,1239041.7569351778
2021-07-22 20:00:04.420,1,0.6460894805748834,659.9132160283234,0.0,,1263135.3642744326
2021-07-22 20:00:04.430,1,0.5398948852622742,652.1444765176882,0.0,,1246781.6667558355
2021-07-22 20:00:04.440,1,0.5394301513466536,653.1724300049632,0.0,,1248945.8572809417
2021-07-22 20:00:04.450,1,0.6684395357030068,657.5370587394519,0.0,,1258132.8693960176
2021-07-22 20:00:04.460,1,0.6703017741063093,649.0843453190466,0.0,,1240355.6494311893
2021-07-22 20:00:04.470,1,0.7046939147711793,653.2026688963898,0.0,,1249012.879833411
2021-07-22 20:00:04.480,1,0.6722648606591495,652.0168090015275,0.0,,1246519.9443953023
2021-07-22 20:00:04.490,1,0.5472681443487977,654.0785700392431,0.0,,1250853.2046478465
2021-07-22 20:00:04.500,1,0.646007444585214,652.1281330249786,0.0,,1246757.1906406297
2021-07-22 20:00:04.510,1,0.5858647429334912,655.0875369919753,0.0,,1252975.2032927885
2021-07-22 20:00:04.520,1,0.6390519533049838,651.6210142734495,0.0,,1245688.5325016377
2021-07-22 20:00:04.530,1,0.6034120634789215,652.0282331170744,0.0,,1246542.7562551287
2021-07-22 20:00:04.540,1,0.6138105682358884,660.2240399367139,0.0,,1263788.5572026386
2021-07-22 20:00:04.550,1,0.7124261959979213,654.6083554910839,0.0,,1251976.8933251868
2021-07-22 20:00:04.560,1,0.6449882265152709,649.8687622592803,0.0,,1242003.2701930907
2021-07-22 20:00:04.570,1,0.5764984715565991,653.7136775997384,0.0,,1250086.5994438962
2021-07-22 20:00:04.580,1,0.6081447392762669,652.3821822398404,0.0,,1247287.7294389752
2021-07-22 20:00:04.590,1,0.5847878568744858,661.3324957081724,0.0,,1266120.8729190433
2021-07-22 20:00:04.600,1,0.6469800867233483,656.6365922093817,0.0,,1256239.6376805075
2021-07-22 20:00:04.610,1,0.7944926466103807,657.7193055315117,0.0,,1258525.171247197
2021-07-22 20:00:04.620,1,0.6567435121483665,657.0852526957693,0.0,,1257185.2936894554
2021-07-22 20:00:04.630,1,0.6892938929931283,654.9065228639454,0.0,,1252600.141487004
2021-07-22 20:00:04.640,1,0.7085331576472643,659.5458076339831,0.0,,1262366.21434741
2021-07-22 20:00:04.650,1,0.667055491960777,654.1091758935871,0.0,,1250921.2812681154
2021-07-22 20:00:04.660,1,0.5791349523274812,657.5087272063503,0.0,,1258066.721249492
2021-07-22 20:00:04.670,1,0.7760231454124271,651.6566604505073,0.0,,1245770.3228866158
2021-07-22 20:00:04.680,1,0.6629099940227146,654.1118009811846,0.0,,1250926.1378755444
2021-07-22 20:00:04.690,1,0.5793923536270877,655.0805391934667,0.0,,1252959.949438134
2021-07-22 20:00:04.700,1,0.6848716989240983,652.3531300989313,0.0,,1247231.3229874035
2021-07-22 20:00:04.710,1,0.6592595760556749,656.8192180990627,0.0,,1256620.7350777492
2021-07-22 20:00:04.720,1,0.7351957237580501,653.6737726051692,0.0,,1250009.3485439997
2021-07-22 20:00:04.730,1,0.8481689968069533,658.7502823277703,0.0,,1260699.2118670102
2021-07-22 20:00:04.740,1,0.7541588063106782,653.0466176602292,0.0,,1248692.8636180595
2021-07-22 20:00:04.750,1,0.5978045530394948,659.5120200581557,0.0,,1262290.220665203
2021-07-22 20:00:04.760,1,0.8060176699279947,651.5790823056203,0.0,,1245608.9502961012
2021-07-22 20:00:04.770,1,0.8007719247938382,656.861803087604,0.0,,1256716.5525020175
2021-07-22 20:00:04.780,1,0.6562106135347627,654.0570058013143,0.0,,1250813.4486161454
2021-07-22 20:00:04.790,1,0.7309542786868709,659.3813161659989,0.0,,1262023.5779508185
2021-07-22 20:00:04.800,1,0.5780873575743551,654.5182917599532,0.0,,1251777.2383590583
2021-07-22 20:00:04.810,1,0.8271758882217846,654.6398636479914,0.0,,1252045.7944960883
2021-07-22 20:00:04.820,1,0.7090663864799559,660.009306707977,0.0,,1263343.3037065924
2021-07-22 20:00:04.830,1,0.7221047754640939,665.7918602708263,0.0,,1275520.7530620652
2021-07-22 20:00:04.840,1,0.6150266184380757,653.8279620061752,0.0,,1250331.4478408943
2021-07-22 20:00:04.850,1,0.6158281755300995,657.4066014468807,0.0,,1257857.7705817788
2021-07-22 20:00:04.860,1,0.8115746849963367,657.7563644404903,0.0,,1258606.3644720733
2021-07-22 20:00:04.870,1,0.774935948761376,660.1435698279442,0.0,,1263625.0554821526
2021-07-22 20:00:04.880,1,0.7870430836725882,656.4973178282513,0.0,,1255951.5388606477
2021-07-22 20:00:04.890,1,0.7534731197992098,656.5436869680427,0.0,,1256046.8445182957
2021-07-22 20:00:04.900,1,0.7861824422198797,657.594866622102,0.0,,1258263.8987927767
2021-07-22 20:00:04.910,1,0.8020941603550097,655.7718988672468,0.0,,1254424.3425009144
2021-07-22 20:00:04.920,1,0.7064860714717857,661.9736636378237,0.0,,1267477.7304283155
2021-07-22 20:00:04.930,1,0.7583529690678933,653.8820833624769,0.0,,1250451.9414642751
2021-07-22 20:00:04.940,1,0.6052932186760017,659.1734524362149,0.0,,1261576.445722478
2021-07-22 20:00:04.950,1,0.7240994631601605,661.3276077778324,0.0,,1266121.283989174
2021-07-22 20:00:04.960,1,0.5745047222949238,656.0730035231733,0.0,,1255053.3137608059
2021-07-22 20:00:04.970,1,0.8065555611492721,658.9760084015041,0.0,,1261169.9294564102
2021-07-22 20:00:04.980,1,0.5778191847935433,658.1375818428331,0.0,,1259392.6752523542
2021-07-22 20:00:04.990,1,0.5618536637037287,656.7121754807354,0.0,,1256394.6979828367
2021-07-22 20:00:05.000,1,0.5506550436703381,651.2324422913745,0.0,,1244867.174630798
2021-07-22 20:00:05.010,1,0.6745597734963055,657.4783274598055,0.0,,1258014.292224555
2021-07-22 20:00:05.020,1,0.653041223575345,651.8730442129063,0.0,,1246219.0479041962
2021-07-22 20:00:05.030,1,0.7353411712095774,659.8385710410806,0.0,,1262981.58042691
2021-07-22 20:00:05.040,1,0.7049295902509314,661.7270564367095,0.0,,1266959.3108640343
2021-07-22 20:00:05.050,1,0.7817959050368054,657.4965745329954,0.0,,1258053.7960923754
2021-07-22 20:00:05.060,1,0.5833452456862932,656.5575777498095,0.0,,1256068.4920307356
2021-07-22 20:00:05.070,1,0.7853852743320195,653.2062423017918,0.0,,1249030.367495881
2021-07-22 20:00:05.080,1,0.6114563355408692,654.2208251623617,0.0,,1251152.437054035
2021-07-22 20:00:05.090,1,0.6753055127882185,657.8656797422292,0.0,,1258827.8215161304
2021-07-22 20:00:05.100,1,0.5955794162233047,661.856425646136,0.0,,1267225.5324525798
2021-07-22 20:00:05.110,1,0.6474825310639007,655.0340766901451,0.0,,1252867.1904223845
2021-07-22 20:00:05.120,1,0.6875627742050362,654.7233308384841,0.0,,1252213.225089284
2021-07-22 20:00:05.130,1,0.6387388734985776,651.5448092057526,0.0,,1245528.1649795629
2021-07-22 20:00:05.140,1,0.5844461879658464,651.7471058229772,0.0,,1245948.6288475783
2021-07-22 20:00:05.150,1,0.735261245565456,656.5325728407947,0.0,,1256026.6763704496
2021-07-22 20:00:05.160,1,0.5308854930925069,651.2402269884583,0.0,,1244882.8619949427
2021-07-22 20:00:05.170,1,0.5531200669453241,656.8353022334633,0.0,,1256648.6471827335
2021-07-22 20:00:05.180,1,0.7500672053313053,656.3676581857121,0.0,,1255678.6362236305
2021-07-22 20:00:05.190,1,0.5823686216187426,654.9505746653797,0.0,,1252689.1595408835
2021-07-22 20:00:05.200,1,0.5611540497601664,655.9372187561711,0.0,,1254763.337210357
2021-07-22 20:00:05.210,1,0.5881890292095681,661.9046964058716,0.0,,1267327.692816184
2021-07-22 20:00:05.220,1,0.6741758663659204,651.4264434474252,0.0,,1245280.3766074418
2021-07-22 20:00:05.230,1,0.4848158480986275,653.1612996455401,0.0,,1248919.2112431119
2021-07-22 20:00:05.240,1,0.5856142261166489,654.3422721093341,0.0,,1251408.4350717661
2021-07-22 20:00:05.250,1,0.5642809081344858,650.9517699757155,0.0,,1244276.31922058
2021-07-22 20:00:05.260,1,0.5650969637197695,649.4790280723129,0.0,,1241178.5360473248
2021-07-22 20:00:05.270,1,0.4876104655092495,653.5264272275027,0.0,,1249690.7104785382
2021-07-22 20:00:05.280,1,0.6727180929061596,651.8689369360571,0.0,,1246210.4731796575
2021-07-22 20:00:05.290,1,0.4928048739185379,653.332526649796,0.0,,1249279.631457478
2021-07-22 20:00:05.300,1,0.6178439771060951,657.5119432058075,0.0,,1258078.8331962822
2021-07-22 20:00:05.310,1,0.6655226260759932,646.9343189839832,0.0,,1235836.528944631
2021-07-22 20:00:05.320,1,0.514296424515567,651.0118529953997,0.0,,1244401.6791873826
2021-07-22 20:00:05.330,1,0.5564445245975219,649.3131598258526,0.0,,1240831.777578017
2021-07-22 20:00:05.340,1,0.6898900578886562,650.8634431325319,0.0,,1244092.0181873601
2021-07-22 20:00:05.350,1,0.5846298531352181,651.7589290274794,0.0,,1245977.6421624906
2021-07-22 20:00:05.360,1,0.58498213222503,654.8036950871827,0.0,,1252381.7390853437
2021-07-22 20:00:05.370,1,0.5390857351802734,651.8002672861053,0.0,,1246061.2129451672
2021-07-22 20:00:05.380,1,0.6717028824322268,658.7577747411262,0.0,,1260705.904723824
2021-07-22 20:00:05.390,1,0.5032738902096467,648.841145714648,0.0,,1239837.8610870664
2021-07-22 20:00:05.400,1,0.6703301762700224,656.9589180825302,0.0,,1256916.886434793
2021-07-22 20:00:05.410,1,0.4972238304449338,646.0827466995987,0.0,,1234043.5602381076
2021-07-22 20:00:05.420,1,0.6725296632124488,650.2550789980437,0.0,,1242817.3777547015
2021-07-22 20:00:05.430,1,0.5842855163285763,650.3406338124843,0.0,,1242994.1548895808
2021-07-22 20:00:05.440,1,0.6530790033632301,646.6379325096303,0.0,,1235214.612122348
2021-07-22 20:00:05.450,1,0.5307771856739939,647.8758771972347,0.0,,1237808.5718106898
2021-07-22 20:00:05.460,1,0.4912957426480044,642.1146136668083,0.0,,1225703.455011082
2021-07-22 20:00:05.470,1,0.5159850436042484,645.7034309373656,0.0,,1233242.470831776
2021-07-22 20:00:05.480,1,0.695654398048439,654.1327173915878,0.0,,1250970.9887936213
2021-07-22 20:00:05.490,1,0.6189844793922669,652.649298817622,0.0,,1247851.659161345
2021-07-22 20:00:05.500,1,0.7117803046294157,651.3612406965241,0.0,,1245144.445334489
2021-07-22 20:00:05.510,1,0.4781090342696279,649.6879988885694,0.0,,1241614.1775493168
2021-07-22 20:00:05.520,1,0.6422994490712188,642.9786618485454,0.0,,1227524.3091575194
2021-07-22 20:00:05.530,1,0.5657190931985467,646.4066543187705,0.0,,1234726.9937792001
2021-07-22 20:00:05.540,1,0.5271333706295095,648.6901060833188,0.0,,1239520.2299873417
2021-07-22 20:00:05.550,1,0.6724199395376059,648.2843317144977,0.0,,1238677.399807013
2021-07-22 20:00:05.560,1,0.7133639850836365,650.4721729552313,0.0,,1243273.5319787173
2021-07-22 20:00:05.570,1,0.6110340120633313,647.6417409382507,0.0,,1237320.9094943292
2021-07-22 20:00:05.580,1,0.537809320001177,645.7192354238938,0.0,,1233275.478395888
2021-07-22 20:00:05.590,1,0.5793408823039876,649.3906008016393,0.0,,1240993.8216125912
2021-07-22 20:00:05.600,1,0.5705252629791638,646.6846025954021,0.0,,1235307.7557723948
2021-07-22 20:00:05.610,1,0.700130978705429,645.3075622380294,0.0,,1232420.0780079914
2021-07-22 20:00:05.620,1,0.6043629621453719,650.6660966182865,0.0,,1243677.6386315695
2021-07-22 20:00:05.630,1,0.6791509083862473,648.4228768232298,0.0,,1238964.7195329731
2021-07-22 20:00:05.640,1,0.5717263821943572,650.96228313926,0.0,,1244298.3904926928
2021-07-22 20:00:05.650,1,0.5266281395325331,647.0037121641207,0.0,,1235975.8126334755
2021-07-22 20:00:05.660,1,0.5640675792413242,652.5896635125076,0.0,,1247722.6766692125
2021-07-22 20:00:05.670,1,0.5339688592932553,647.786666245843,0.0,,1237622.823822433
2021-07-22 20:00:05.680,1,0.7458589821842753,645.9926847975092,0.0,,1233864.789253769
2021-07-22 20:00:05.690,1,0.5957131244464521,644.7459404504004,0.0,,1231237.1253117328
2021-07-22 20:00:05.700,1,0.6501375887563702,647.8276776976312,0.0,,1237712.4076058343
2021-07-22 20:00:05.710,1,0.6135782259936453,652.4519949983571,0.0,,1247432.4654736198
2021-07-22 20:00:05.720,1,0.5924070422249951,649.4331703276164,0.0,,1241084.5954319611
2021-07-22 20:00:05.730,1,0.6114425808328118,647.0799936124438,0.0,,1236143.7091860417
2021-07-22 20:00:05.740,1,0.6321595433170858,647.9035627525927,0.0,,1237871.3860639827
2021-07-22 20:00:05.750,1,0.6343491741639504,654.5653605153417,0.0,,1251878.6796430098
2021-07-22 20:00:05.760,1,0.7314768309248602,649.943084006614,0.0,,1242163.239070653
2021-07-22 20:00:05.770,1,0.5416835800550832,644.7158979619539,0.0,,1231169.708239766
2021-07-22 20:00:05.780,1,0.6326852731477444,652.1352001124162,0.0,,1246769.1449939685
2021-07-22 20:00:05.790,1,0.773279678981587,650.8589098498247,0.0,,1244090.8436549676
2021-07-22 20:00:05.800,1,0.6381610820532516,650.405132403338,0.0,,1243129.50409915
2021-07-22 20:00:05.810,1,0.5749633351423097,654.8050968183701,0.0,,1252384.3417293637
2021-07-22 20:00:05.820,1,0.5663768607602404,647.58818699005,0.0,,1237203.8457271436
2021-07-22 20:00:05.830,1,0.6336937037441666,647.7203935477861,0.0,,1237488.022008618
2021-07-22 20:00:05.840,1,0.6044450040675302,655.686951553026,0.0,,1254239.8672807217
2021-07-22 20:00:05.850,1,0.510683226206473,654.0866510215934,0.0,,1250867.6429602595
2021-07-22 20:00:05.860,1,0.7480823640114409,655.0786860965862,0.0,,1252964.378593142
2021-07-22 20:00:05.870,1,0.6359687957807993,656.3969415466124,0.0,,1255732.3560145595
2021-07-22 20:00:05.880,1,0.7734152918421652,655.2485149013833,0.0,,1253325.3925220557
2021-07-22 20:00:05.890,1,0.652489092437415,656.0455999131655,0.0,,1254994.614442749
2021-07-22 20:00:05.900,1,0.5475572221261281,658.9661042644473,0.0,,1261140.5474958406
2021-07-22 20:00:05.910,1,0.5293444298963975,657.355877766381,0.0,,1257744.3128424396
2021-07-22 20:00:05.920,1,0.6084086704602574,654.5704453256651,0.0,,1251891.7416055081
2021-07-22 20:00:05.930,1,0.5854034891262161,657.7577333463978,0.0,,1258595.232917585
2021-07-22 20:00:05.940,1,0.5404660919326011,659.9322159830399,0.0,,1263166.9138834076
2021-07-22 20:00:05.950,1,0.7419274891579811,659.9485957251952,0.0,,1263215.8380245178
2021-07-22 20:00:05.960,1,0.5173559628561177,656.0649652545112,0.0,,1255032.1508800832
2021-07-22 20:00:05.970,1,0.7053850586630256,656.4626113818993,0.0,,1255877.0131790314
2021-07-22 20:00:05.980,1,0.647012240715374,651.0535733423474,0.0,,1244497.1728640203
2021-07-22 20:00:05.990,1,0.6080232811716563,652.7018774197793,0.0,,1247956.0855850368
2021-07-22 20:00:06.000,1,0.5934748009023209,662.9803301130937,0.0,,1269593.8481636813
2021-07-22 20:00:06.010,1,0.6102189453772137,663.0532840138043,0.0,,1269747.938144366
2021-07-22 20:00:06.020,1,0.6583031076965467,666.4634097614569,0.0,,1276935.3619771332
2021-07-22 20:00:06.030,1,0.5994826381073498,665.4078531387661,0.0,,1274704.5889588036
2021-07-22 20:00:06.040,1,0.6927966025224597,661.2779656870134,0.0,,1266011.5727961534
2021-07-22 20:00:06.050,1,0.6300742857436836,662.8554529085428,0.0,,1269330.356022029
2021-07-22 20:00:06.060,1,0.6904439769063719,661.7698345234695,0.0,,1267049.6707948784
2021-07-22 20:00:06.070,1,0.7081523011512104,664.1600068148241,0.0,,1272084.6006966413
2021-07-22 20:00:06.080,1,0.498452042685627,664.8475299723017,0.0,,1273520.9948465177
2021-07-22 20:00:06.090,1,0.6421455015266786,666.9317369601553,0.0,,1277919.345569832
2021-07-22 20:00:06.100,1,0.5883194324521421,668.8970848735685,0.0,,1282061.8548327864
2021-07-22 20:00:06.110,1,0.5873931510910062,661.8379769196298,0.0,,1267186.6174661121
2021-07-22 20:00:06.120,1,0.5114654841960994,662.0071495014199,0.0,,1267538.5784156932
2021-07-22 20:00:06.130,1,0.6116020032913904,666.6736644341228,0.0,,1277375.1798663905
2021-07-22 20:00:06.140,1,0.4682822433368218,657.9359685565727,0.0,,1258966.1102506116
2021-07-22 20:00:06.150,1,0.4991720338243076,659.1991275776268,0.0,,1261624.599971812
2021-07-22 20:00:06.160,1,0.5079386015328922,668.7820906696069,0.0,,1281814.284796147
2021-07-22 20:00:06.170,1,0.6077557306586956,664.4347450147387,0.0,,1272659.5198812927
2021-07-22 20:00:06.180,1,0.6396361268921343,666.4996286550546,0.0,,1277011.505842732
2021-07-22 20:00:06.190,1,0.6101742386331843,670.4655907880701,0.0,,1285368.2865561314
2021-07-22 20:00:06.200,1,0.6199669222176897,663.8978723908267,0.0,,1271528.1041101876
2021-07-22 20:00:06.210,1,0.5539951212323904,663.7272228620409,0.0,,1271168.148023648
2021-07-22 20:00:06.220,1,0.5946333849870311,670.7528943988922,0.0,,1285977.4589054193
2021-07-22 20:00:06.230,1,0.6018591123743979,665.5747144797599,0.0,,1275057.8809980939
2021-07-22 20:00:06.240,1,0.5848783441036556,671.1246600464139,0.0,,1286756.1130547738
2021-07-22 20:00:06.250,1,0.6635254231219716,660.4107558768036,0.0,,1264182.4637715437
2021-07-22 20:00:06.260,1,0.6312769015240209,665.5655247468053,0.0,,1275038.6691857409
2021-07-22 20:00:06.270,1,0.5773130654354367,668.3001302493575,0.0,,1280801.8673825557
2021-07-22 20:00:06.280,1,0.6425962847910724,667.6063175402536,0.0,,1279344.2860971573
2021-07-22 20:00:06.290,1,0.4534073604241053,668.5840924348851,0.0,,1281395.036112925
2021-07-22 20:00:06.300,1,0.4752858596655841,666.1699400826222,0.0,,1276304.090485237
2021-07-22 20:00:06.310,1,0.5605818421065947,658.8625052261799,0.0,,1260918.431683266
2021-07-22 20:00:06.320,1,0.538745156387284,667.2133431199078,0.0,,1278511.2808500982
2021-07-22 20:00:06.330,1,0.6165800671646875,669.0137912854124,0.0,,1282308.4414959985
2021-07-22 20:00:06.340,1,0.4863456046503268,663.0571867837167,0.0,,1269749.8071274792
2021-07-22 20:00:06.350,1,0.6295366903652657,666.0511111302143,0.0,,1276068.4302989484
2021-07-22 20:00:06.360,1,0.6145971906363429,668.6920106463742,0.0,,1281629.9469846366
2021-07-22 20:00:06.370,1,0.4871074687247939,669.1192445027727,0.0,,1282526.8571971962
2021-07-22 20:00:06.380,1,0.5553022798762023,669.5528028269886,0.0,,1283439.1020849901
2021-07-22 20:00:06.390,1,0.4933705112041747,668.6520752657482,0.0,,1281537.5942444874
2021-07-22 20:00:06.400,1,0.4626738133932868,666.1228613471932,0.0,,1276206.894230096
2021-07-22 20:00:06.410,1,0.4468550839000051,663.2688969120409,0.0,,1270192.6590216397
2021-07-22 20:00:06.420,1,0.5015896794677884,666.538717156259,0.0,,1277086.132226713
2021-07-22 20:00:06.430,1,0.5934405502279216,664.4337477488704,0.0,,1272652.8741055795
2021-07-22 20:00:06.440,1,0.5452112734996614,663.7672093216315,0.0,,1271246.6731997961
2021-07-22 20:00:06.450,1,0.5846945548418118,664.0981549776578,0.0,,1271946.2641671412
2021-07-22 20:00:06.460,1,0.5741102034084801,663.2024409088497,0.0,,1270055.6556097257
2021-07-22 20:00:06.470,1,0.5305941069451761,667.2012677280101,0.0,,1278484.9487784423
2021-07-22 20:00:06.480,1,0.4113108852650732,667.1417522366728,0.0,,1278352.448346946
2021-07-22 20:00:06.490,1,0.5507162925537501,663.9267160992019,0.0,,1271583.482848822
2021-07-22 20:00:06.500,1,0.5258818836093611,662.4128749873046,0.0,,1268394.228731886
2021-07-22 20:00:06.510,1,0.5529413158489748,659.2615336065278,0.0,,1261757.6908593944
2021-07-22 20:00:06.520,1,0.4490227537723325,653.2769492706003,0.0,,1249162.5349578615
2021-07-22 20:00:06.530,1,0.5196717069691692,661.9898325601985,0.0,,1267503.2785287863
2021-07-22 20:00:06.540,1,0.5254602187562286,661.9325024057088,0.0,,1267382.0733700516
2021-07-22 20:00:06.550,1,0.4386804142996582,657.4916587374239,0.0,,1258027.8601797924
2021-07-22 20:00:06.560,1,0.535388207575199,661.4638486218679,0.0,,1266392.2967255546
2021-07-22 20:00:06.570,1,0.5505509350561992,664.4267192015302,0.0,,1272637.9639017754
2021-07-22 20:00:06.580,1,0.571047437926908,655.3587968381048,0.0,,1253548.1596355094
2021-07-22 20:00:06.590,1,0.4174393926157101,657.9141819808283,0.0,,1258914.5760517146
2021-07-22 20:00:06.600,1,0.5797303624456663,665.5351195402126,0.0,,1274972.4157056436
2021-07-22 20:00:06.610,1,0.4401852466342371,658.3678558308809,0.0,,1259874.7736846763
2021-07-22 20:00:06.620,1,0.5643689333529294,652.5479045668568,0.0,,1247631.710253815
2021-07-22 20:00:06.630,1,0.5777854094791297,653.3428503681048,0.0,,1249304.9792416112
2021-07-22 20:00:06.640,1,0.5548661259334164,657.8201482995585,0.0,,1258723.6185759176
2021-07-22 20:00:06.650,1,0.5280217262171218,656.5509878636492,0.0,,1256054.0997526294
2021-07-22 20:00:06.660,1,0.5884100403321479,657.5031387726958,0.0,,1258061.6160300132
2021-07-22 20:00:06.670,1,0.4793977737574005,653.9664362318617,0.0,,1250612.3917765098
2021-07-22 20:00:06.680,1,0.5149378065072109,656.8301651199341,0.0,,1256639.002738815
2021-07-22 20:00:06.690,1,0.557585545793926,651.1381240269612,0.0,,1244668.7122783472
2021-07-22 20:00:06.700,1,0.4499572646716354,653.0164217193302,0.0,,1248614.280105315
2021-07-22 20:00:06.710,1,0.496926836343473,651.719097768167,0.0,,1245891.3764317997
2021-07-22 20:00:06.720,1,0.5905476979273643,648.5635605631062,0.0,,1239257.984713706
2021-07-22 20:00:06.730,1,0.6406952204526821,651.4112343030763,0.0,,1245245.5395577184
2021-07-22 20:00:06.740,1,0.638350063617149,648.4357006703959,0.0,,1238992.7412493916
2021-07-22 20:00:06.750,1,0.4590521551977884,653.5939237573906,0.0,,1249827.7492969153
2021-07-22 20:00:06.760,1,0.6012064089195508,648.0997654929829,0.0,,1238286.536211273
2021-07-22 20:00:06.770,1,0.6051519638876958,652.0557576118683,0.0,,1246600.2500532812
2021-07-22 20:00:06.780,1,0.6390807323658497,654.7144461568787,0.0,,1252193.8821481299
2021-07-22 20:00:06.790,1,0.5081158667472773,650.3535695910705,0.0,,1243017.1019463628
2021-07-22 20:00:06.800,1,0.6907830150639448,651.924840346692,0.0,,1246326.7124132244
2021-07-22 20:00:06.810,1,0.4906463856660758,648.0980392999019,0.0,,1238276.3015989533
2021-07-22 20:00:06.820,1,0.5783505023081575,649.6462518178182,0.0,,1241532.069436297
2021-07-22 20:00:06.830,1,0.6731434658914325,648.8273892309996,0.0,,1239815.6271992319
2021-07-22 20:00:06.840,1,0.6849387282999633,650.4406093941044,0.0,,1243206.9950830454
2021-07-22 20:00:06.850,1,0.5152725084907485,649.6938033479784,0.0,,1241630.6448322749
2021-07-22 20:00:06.860,1,0.4711160294463218,649.6378910933247,0.0,,1241512.3317011811
2021-07-22 20:00:06.870,1,0.5186719756572199,654.7197963501806,0.0,,1252199.4671887166
2021-07-22 20:00:06.880,1,0.6810350471110527,651.8507806026374,0.0,,1246171.9543967878
2021-07-22 20:00:06.890,1,0.7256765997512884,652.1835024004996,0.0,,1246872.8393967464
2021-07-22 20:00:06.900,1,0.5160674040706885,648.3986473730363,0.0,,1238905.5233263986
2021-07-22 20:00:06.910,1,0.6462046150090481,647.1175252286757,0.0,,1236221.2244368417
2021-07-22 20:00:06.920,1,0.6228997870690393,651.7725061892132,0.0,,1246005.2926978783
2021-07-22 20:00:06.930,1,0.4957264032366196,651.4564656722928,0.0,,1245331.7178989127
2021-07-22 20:00:06.940,1,0.5024334300304516,654.2701171207148,0.0,,1251248.7643169877
2021-07-22 20:00:06.950,1,0.5117591455746912,650.2767242185053,0.0,,1242856.8868190479
2021-07-22 20:00:06.960,1,0.6219174442646402,656.687177297246,0.0,,1256343.7361434647
2021-07-22 20:00:06.970,1,0.6351710463313341,653.4757905220695,0.0,,1249591.225844695
2021-07-22 20:00:06.980,1,0.6259514924130622,654.367057753103,0.0,,1251464.8984338676
2021-07-22 20:00:06.990,1,0.7269985381501909,651.4704904052536,0.0,,1245375.4865982342
2021-07-22 20:00:07.000,1,0.6295359775123218,646.8662549062512,0.0,,1235689.8979020228
2021-07-22 20:00:07.010,1,0.5858576466049817,649.314943844919,0.0,,1240835.1084900761
2021-07-22 20:00:07.020,1,0.602790471535651,655.9975618019482,0.0,,1254889.8378787541
2021-07-22 20:00:07.030,1,0.5612094317061951,657.626606451779,0.0,,1258312.5041178055
2021-07-22 20:00:07.040,1,0.7236320054180191,652.6442711561062,0.0,,1247843.6194595941
2021-07-22 20:00:07.050,1,0.7186653147912171,656.5001635311608,0.0,,1255954.8942844893
2021-07-22 20:00:07.060,1,0.680380561389848,649.4981681635712,0.0,,1241229.2351647096
2021-07-22 20:00:07.070,1,0.7316160518401591,652.4273402860729,0.0,,1247386.8921531965
2021-07-22 20:00:07.080,1,0.7234934934497032,653.4168428294213,0.0,,1249468.2122703714
2021-07-22 20:00:07.090,1,0.7143099606384149,660.3230392766272,0.0,,1263997.6514697766
2021-07-22 20:00:07.100,1,0.73908579945125,653.7806365138554,0.0,,1250237.4807461118
2021-07-22 20:00:07.110,1,0.5245416681144833,653.1827335951389,0.0,,1248968.7328907961
2021-07-22 20:00:07.120,1,0.636390977944786,657.0602759808103,0.0,,1257129.440625233
2021-07-22 20:00:07.130,1,0.4988778184679281,655.4007850574591,0.0,,1253632.5376868863
2021-07-22 20:00:07.140,1,0.653310639838158,658.1274590464934,0.0,,1259374.7683390675
2021-07-22 20:00:07.150,1,0.6149443456240582,653.3937026805187,0.0,,1249414.6568374713
2021-07-22 20:00:07.160,1,0.495035422361698,653.8925913996992,0.0,,1250457.0753021734
2021-07-22 20:00:07.170,1,0.5706496213750729,661.2938662876877,0.0,,1266035.888090758
2021-07-22 20:00:07.180,1,0.69714380863417,660.7742233458008,0.0,,1264950.9536579894
2021-07-22 20:00:07.190,1,0.6628017675005331,662.0930417290672,0.0,,1267726.4748871045
2021-07-22 20:00:07.200,1,0.530439419284871,658.8806260313961,0.0,,1260956.0882789704
2021-07-22 20:00:07.210,1,0.7182937934560514,665.166802080401,0.0,,1274204.8073129195
2021-07-22 20:00:07.220,1,0.611459467744192,661.1424444334689,0.0,,1265721.2932646116
2021-07-22 20:00:07.230,1,0.6038068355489826,662.5066647867883,0.0,,1268594.291653598
2021-07-22 20:00:07.240,1,0.5227718428745162,665.5460153084435,0.0,,1274995.7057977088
2021-07-22 20:00:07.250,1,0.6649670310379903,660.8036635980261,0.0,,1265011.9421073168
2021-07-22 20:00:07.260,1,0.5279563116200587,662.6689803246034,0.0,,1268936.0272584434
2021-07-22 20:00:07.270,1,0.5689300922067457,669.9941976441287,0.0,,1284371.8895375105
2021-07-22 20:00:07.280,1,0.5371411422713768,662.0576862930906,0.0,,1267644.811352625
2021-07-22 20:00:07.290,1,0.6084142577706347,664.7538587989859,0.0,,1273329.764393658
2021-07-22 20:00:07.300,1,0.4958047181065392,664.4541197263637,0.0,,1272692.9590318343
2021-07-22 20:00:07.310,1,0.4850189786212481,666.3429887608008,0.0,,1276671.0897042584
2021-07-22 20:00:07.320,1,0.5048472088163287,667.491851511284,0.0,,1279094.5163931919
2021-07-22 20:00:07.330,1,0.5565815342953881,675.2078149795473,0.0,,1295368.95852474
2021-07-22 20:00:07.340,1,0.604528252113495,672.5804022389168,0.0,,1289830.1283232123
2021-07-22 20:00:07.350,1,0.6097698871852173,669.0278574416183,0.0,,1282336.5272308933
2021-07-22 20:00:07.360,1,0.5887328224915169,666.8152783316583,0.0,,1277675.761703247
2021-07-22 20:00:07.370,1,0.5220046473284127,666.6922324750312,0.0,,1277412.3643122795
2021-07-22 20:00:07.380,1,0.4497942218468685,673.1502807937518,0.0,,1291022.1704795004
2021-07-22 20:00:07.390,1,0.6608456915512887,669.4273669360304,0.0,,1283180.767086607
2021-07-22 20:00:07.400,1,0.5659937536191899,674.9240076115058,0.0,,1294770.9731411827
2021-07-22 20:00:07.410,1,0.5706356913767635,668.8991975833969,0.0,,1282060.2929663837
2021-07-22 20:00:07.420,1,0.4945343406161315,675.0632897640472,0.0,,1295058.9629576872
2021-07-22 20:00:07.430,1,0.6103994596295549,670.9403120666927,0.0,,1286371.7350176948
2021-07-22 20:00:07.440,1,0.6416798289928762,676.7615971374224,0.0,,1298658.315062487
2021-07-22 20:00:07.450,1,0.6164659972646995,669.8605888328177,0.0,,1284093.49231567
2021-07-22 20:00:07.460,1,0.4753035585387551,671.813534618045,0.0,,1288202.8933656171
2021-07-22 20:00:07.470,1,0.597817660131488,673.997837327976,0.0,,1292817.2869075623
2021-07-22 20:00:07.480,1,0.5446066457899311,677.5038357841968,0.0,,1300211.8737628364
2021-07-22 20:00:07.490,1,0.4791646722821169,676.6239695643733,0.0,,1298355.539098222
2021-07-22 20:00:07.500,1,0.4457485849832208,678.4687903354218,0.0,,1302244.0537298915
2021-07-22 20:00:07.510,1,0.572077352260781,675.2498604145792,0.0,,1295459.9411287687
2021-07-22 20:00:07.520,1,0.590505772833261,679.0757796372619,0.0,,1303536.2459023332
2021-07-22 20:00:07.530,1,0.5045598659738115,678.561136545371,0.0,,1302445.6281605095
2021-07-22 20:00:07.540,1,0.5712493967274378,672.2084231452453,0.0,,1289040.7143529032
2021-07-22 20:00:07.550,1,0.4751465481601759,685.6418771263608,0.0,,1317400.4827580163
2021-07-22 20:00:07.560,1,0.5410510297922948,677.0861036977632,0.0,,1299336.2248067774
2021-07-22 20:00:07.570,1,0.4296481847800045,676.6672201995542,0.0,,1298443.202130203
2021-07-22 20:00:07.580,1,0.5090465273450959,672.5598050084927,0.0,,1289778.8468585436
2021-07-22 20:00:07.590,1,0.5353133364699764,671.6363655506882,0.0,,1287834.7546884764
2021-07-22 20:00:07.600,1,0.4447448104614583,676.7138534173545,0.0,,1298542.2597879271
2021-07-22 20:00:07.610,1,0.4984163370903618,672.5420718567428,0.0,,1289740.9896682075
2021-07-22 20:00:07.620,1,0.4681634172821092,674.7292353623955,0.0,,1294356.8378631698
2021-07-22 20:00:07.630,1,0.5262516473915679,673.4918420075791,0.0,,1291749.5729519778
2021-07-22 20:00:07.640,1,0.5689978104514963,677.8680790527144,0.0,,1300987.361374125
2021-07-22 20:00:07.650,1,0.5015997492654654,678.8961755520453,0.0,,1303152.913402775
2021-07-22 20:00:07.660,1,0.5095929476892864,678.4563969309577,0.0,,1302224.1085758246
2021-07-22 20:00:07.670,1,0.6350440721521299,672.5669257055308,0.0,,1289799.1610717415
2021-07-22 20:00:07.680,1,0.5620168038266674,674.1742577903348,0.0,,1293192.538898801
2021-07-22 20:00:07.690,1,0.5947122830897605,672.7745192098332,0.0,,1290238.238443433
2021-07-22 20:00:07.700,1,0.5323753385859455,674.7334141626453,0.0,,1294366.7619100562
2021-07-22 20:00:07.710,1,0.4564106136637596,672.8981766326557,0.0,,1290489.0209560888
2021-07-22 20:00:07.720,1,0.5288872754455894,667.0818246778574,0.0,,1278230.3189446793
2021-07-22 20:00:07.730,1,0.5694924480677174,671.5375978951159,0.0,,1287627.6612175386
2021-07-22 20:00:07.740,1,0.5156718789925294,672.6602854670788,0.0,,1289988.0898399577
2021-07-22 20:00:07.750,1,0.4773088458903163,676.1819006669568,0.0,,1297423.023042954
2021-07-22 20:00:07.760,1,0.5944782018521442,668.5140422899043,0.0,,1281257.2027976138
2021-07-22 20:00:07.770,1,0.5726776333597297,665.4230621845602,0.0,,1274734.8791448497
2021-07-22 20:00:07.780,1,0.5675383581785336,673.1455569389727,0.0,,1291020.6563601447
2021-07-22 20:00:07.790,1,0.5251518058712996,665.2011813112097,0.0,,1274266.6521639396
2021-07-22 20:00:07.800,1,0.5180883165537781,671.3148391781579,0.0,,1287155.049177354
2021-07-22 20:00:07.810,1,0.6467542198452875,668.271791438963,0.0,,1280745.0608014662
2021-07-22 20:00:07.820,1,0.5833645550416996,669.5701114332593,0.0,,1283474.6870700568
2021-07-22 20:00:07.830,1,0.6094681876304671,674.8644548011273,0.0,,1294647.433308655
2021-07-22 20:00:07.840,1,0.4800769691297403,669.2178936873094,0.0,,1282732.5654561284
2021-07-22 20:00:07.850,1,0.5671027330856511,665.3120907150237,0.0,,1274502.5908240702
2021-07-22 20:00:07.860,1,0.5282232140208384,669.7434832926792,0.0,,1283839.5248418092
2021-07-22 20:00:07.870,1,0.6001819348634382,661.534153879096,0.0,,1266548.9304185547
2021-07-22 20:00:07.880,1,0.4965313290525347,663.6225972833678,0.0,,1270937.2939366228
2021-07-22 20:00:07.890,1,0.5660961479597998,663.2853648458388,0.0,,1270229.297254964
2021-07-22 20:00:07.900,1,0.5744005887394115,658.1136899175275,0.0,,1259346.8657292267
2021-07-22 20:00:07.910,1,0.4882228419657134,658.0905447631671,0.0,,1259291.8934608873
2021-07-22 20:00:07.920,1,0.6003506729040107,661.0811499507462,0.0,,1265592.1763118203
2021-07-22 20:00:07.930,1,0.5525182609096192,663.1428950691998,0.0,,1269932.2551082952
2021-07-22 20:00:07.940,1,0.604637954150985,660.5854103200264,0.0,,1264547.989327506
2021-07-22 20:00:07.950,1,0.5561515618291684,656.2447810868766,0.0,,1255411.487792094
2021-07-22 20:00:07.960,1,0.7096439620485454,659.8627390957296,0.0,,1263036.6942704031
2021-07-22 20:00:07.970,1,0.6624020457580636,656.6511167950916,0.0,,1256269.371920647
2021-07-22 20:00:07.980,1,0.6641251989495855,663.1174575593608,0.0,,1269883.078495691
2021-07-22 20:00:07.990,1,0.5236756308370013,657.9514199628072,0.0,,1259002.1964732888
2021-07-22 20:00:08.000,1,0.5254747726267976,655.9643665137966,0.0,,1254816.9183631532
2021-07-22 20:00:08.010,1,0.6474017466872356,652.9295910491403,0.0,,1248439.7124529318
2021-07-22 20:00:08.020,1,0.6863737203134788,656.5926567151469,0.0,,1256148.3377959938
2021-07-22 20:00:08.030,1,0.5868275741582448,653.2919572426839,0.0,,1249198.3839271036
2021-07-22 20:00:08.040,1,0.513486345913093,658.0690717219483,0.0,,1259247.2180142887
2021-07-22 20:00:08.050,1,0.5382970928991836,651.3515998303556,0.0,,1245114.9206985277
2021-07-22 20:00:08.060,1,0.6506976573466369,652.9075746731618,0.0,,1248395.1503779506
2021-07-22 20:00:08.070,1,0.5916171350911076,655.4853764488355,0.0,,1253814.5189844598
2021-07-22 20:00:08.080,1,0.746105935711164,655.0920475960812,0.0,,1252992.64732175
2021-07-22 20:00:08.090,1,0.5733186383859779,658.0589188135746,0.0,,1259227.5552532026
2021-07-22 20:00:08.100,1,0.6010728682389226,647.4580108870642,0.0,,1236934.3046919266
2021-07-22 20:00:08.110,1,0.505939993229181,652.5516074088027,0.0,,1247638.0983410866
2021-07-22 20:00:08.120,1,0.6015584152950527,652.7580014177946,0.0,,1248074.5678699263
2021-07-22 20:00:08.130,1,0.6144302477576369,652.1290286586254,0.0,,1246754.491909532
2021-07-22 20:00:08.140,1,0.7359127267454275,647.7944301480509,0.0,,1237645.7742372476
2021-07-22 20:00:08.150,1,0.7382297523274791,652.8798508633057,0.0,,1248339.6955526432
2021-07-22 20:00:08.160,1,0.5288461433206569,645.7719210431085,0.0,,1233385.9233466953
2021-07-22 20:00:08.170,1,0.6823809763787774,650.0885715707387,0.0,,1242466.825586129
2021-07-22 20:00:08.180,1,0.7084727384531191,655.2565795808306,0.0,,1253336.9767234945
2021-07-22 20:00:08.190,1,0.6792518503083336,656.0681899779098,0.0,,1255045.862355211
2021-07-22 20:00:08.200,1,0.5811333237596109,647.1464199269494,0.0,,1236281.507573911
2021-07-22 20:00:08.210,1,0.5032379877400965,653.4454766956394,0.0,,1249517.489878939
2021-07-22 20:00:08.220,1,0.7211360867782551,652.9820681038843,0.0,,1248553.6139703388
2021-07-22 20:00:08.230,1,0.5816353376356596,648.7222722039413,0.0,,1239591.6567513046
2021-07-22 20:00:08.240,1,0.6590352737261356,651.9176037844687,0.0,,1246311.3908649208
2021-07-22 20:00:08.250,1,0.6092606818403014,643.14529068192,0.0,,1227877.120924278
2021-07-22 20:00:08.260,1,0.6676049112779764,654.9788752597658,0.0,,1252754.621520808
2021-07-22 20:00:08.270,1,0.4845351497124583,650.5332229860946,0.0,,1243393.6313302738
2021-07-22 20:00:08.280,1,0.6888580697759087,646.8821006347247,0.0,,1235729.9103317426
2021-07-22 20:00:08.290,1,0.6725582933706695,655.5621251617421,0.0,,1253979.4134054943
2021-07-22 20:00:08.300,1,0.6904935180716704,652.5774841910361,0.0,,1247697.100226123
2021-07-22 20:00:08.310,1,0.6660527307631392,651.5467327081561,0.0,,1245531.4050069223
2021-07-22 20:00:08.320,1,0.6570034098495218,652.3993656300963,0.0,,1247324.5543884316
2021-07-22 20:00:08.330,1,0.5479661885215803,657.2312916807317,0.0,,1257485.9597833124
2021-07-22 20:00:08.340,1,0.5318695517793391,654.5852096896258,0.0,,1251915.170107483
2021-07-22 20:00:08.350,1,0.4914355246304324,656.3057304381348,0.0,,1255535.9817063643
2021-07-22 20:00:08.360,1,0.6375448719479633,652.2814436859247,0.0,,1247080.563939123
2021-07-22 20:00:08.370,1,0.6482690572294529,656.4933210852545,0.0,,1255939.59820514
2021-07-22 20:00:08.380,1,0.5180378837337807,656.098279950221,0.0,,1255100.2296091858
2021-07-22 20:00:08.390,1,0.5117771333497276,651.9021156478215,0.0,,1246270.9169556606
2021-07-22 20:00:08.400,1,0.5384039612815098,651.9512519218911,0.0,,1246378.9769394314
2021-07-22 20:00:08.410,1,0.6541179247336542,661.0338422318914,0.0,,1265497.1187215613
2021-07-22 20:00:08.420,1,0.6721945060778661,661.6220459142253,0.0,,1266732.6437373043
2021-07-22 20:00:08.430,1,0.5075823526439932,659.5654099087536,0.0,,1262395.6170051077
2021-07-22 20:00:08.440,1,0.5953186236927129,659.0841627133104,0.0,,1261386.5884033607
2021-07-22 20:00:08.450,1,0.5195487582578283,653.4994856631655,0.0,,1249629.6399778267
2021-07-22 20:00:08.460,1,0.5757729784527575,656.8566805861574,0.0,,1256699.1060068854
2021-07-22 20:00:08.470,1,0.6352417479084441,656.4500746834302,0.0,,1255845.8348844366
2021-07-22 20:00:08.480,1,0.6223868119920832,660.9452215535746,0.0,,1265305.883485546
2021-07-22 20:00:08.490,1,0.5117505297029373,662.5020295276787,0.0,,1268582.6936049734
2021-07-22 20:00:08.500,1,0.4986157422851371,660.87662719567,0.0,,1265155.8739923313
2021-07-22 20:00:08.510,1,0.5670596820577088,652.6791047681241,0.0,,1247907.9875806768
2021-07-22 20:00:08.520,1,0.4454618858196693,659.8205446595542,0.0,,1262934.2442522377
2021-07-22 20:00:08.530,1,0.577807275717074,662.5507120936497,0.0,,1268684.9958117718
2021-07-22 20:00:08.540,1,0.4549191405595637,662.6899278786642,0.0,,1268971.9576117352
2021-07-22 20:00:08.550,1,0.4868769547320997,664.9750174125883,0.0,,1273789.8586096105
2021-07-22 20:00:08.560,1,0.6150690800323768,663.0445328276254,0.0,,1269730.314583055
2021-07-22 20:00:08.570,1,0.4295317705255257,665.33169578348,0.0,,1274539.1635009067
2021-07-22 20:00:08.580,1,0.5565991048472709,663.6210171015737,0.0,,1270940.4895519523
2021-07-22 20:00:08.590,1,0.5617873709601724,671.9309361954569,0.0,,1288456.3773055512
2021-07-22 20:00:08.600,1,0.5844016074453063,664.8138167363518,0.0,,1273450.8697296616
2021-07-22 20:00:08.610,1,0.5001354427579747,663.2323064986275,0.0,,1270116.0628579298
2021-07-22 20:00:08.620,1,0.4677803460604771,667.1183897686088,0.0,,1278305.9533184206
2021-07-22 20:00:08.630,1,0.4801004827817369,672.5022328609048,0.0,,1289658.336482735
2021-07-22 20:00:08.640,1,0.5597865842912952,676.2594083293802,0.0,,1297592.490056529
2021-07-22 20:00:08.650,1,0.4329140925444992,670.7709136521612,0.0,,1286006.7348307543
2021-07-22 20:00:08.660,1,0.4233400300344929,669.5082420245748,0.0,,1283337.118777433
2021-07-22 20:00:08.670,1,0.4737514438616529,674.9636939030956,0.0,,1294851.8613281455
2021-07-22 20:00:08.680,1,0.5365444676783138,670.8162681963178,0.0,,1286104.5929651058
2021-07-22 20:00:08.690,1,0.5109496563898126,669.6108194551732,0.0,,1283561.0803359058
2021-07-22 20:00:08.700,1,0.501126211468633,666.7360302963588,0.0,,1277500.7714998918
2021-07-22 20:00:08.710,1,0.5592743765516112,677.0227936927954,0.0,,1299201.1007464232
2021-07-22 20:00:08.720,1,0.5013228925417657,669.628413059892,0.0,,1283598.3951526452
2021-07-22 20:00:08.730,1,0.5085695323733243,670.8440391902948,0.0,,1286162.3603838873
2021-07-22 20:00:08.740,1,0.5158417062397739,674.8872193319353,0.0,,1294690.4613130798
2021-07-22 20:00:08.750,1,0.4337174594131011,675.220463179396,0.0,,1295392.9554181718
2021-07-22 20:00:08.760,1,0.4855904813086311,678.0110043756027,0.0,,1301279.4665732144
2021-07-22 20:00:08.770,1,0.4414217622253801,671.6536906018049,0.0,,1287866.6878879068
2021-07-22 20:00:08.780,1,0.3911714219645219,679.1501259634608,0.0,,1303682.5113509258
2021-07-22 20:00:08.790,1,0.5267904605813168,673.1858258184,0.0,,1291102.8707933032
2021-07-22 20:00:08.800,1,0.4065242293534223,678.1003327723851,0.0,,1301467.2636216884
2021-07-22 20:00:08.810,1,0.4898463292761914,675.7272676554468,0.0,,1296460.6245331485
2021-07-22 20:00:08.820,1,0.4763425681184361,680.5563286432916,0.0,,1306658.1832685356
2021-07-22 20:00:08.830,1,0.5824659296752902,678.9378607745736,0.0,,1303248.3485768964
2021-07-22 20:00:08.840,1,0.4394924953236687,678.408092498619,0.0,,1302117.3937203744
2021-07-22 20:00:08.850,1,0.4138434799974834,674.9588756958931,0.0,,1294836.6599234925
2021-07-22 20:00:08.860,1,0.5554914481725662,679.6312912895334,0.0,,1304707.806386712
2021-07-22 20:00:08.870,1,0.4248053609601137,679.3071703569993,0.0,,1304014.3894545576
2021-07-22 20:00:08.880,1,0.5952036354909535,672.7186287236012,0.0,,1290118.7063199838
2021-07-22 20:00:08.890,1,0.5499730792862697,673.3818326747288,0.0,,1291516.7572906986
2021-07-22 20:00:08.900,1,0.4595287418663418,672.3011846634645,0.0,,1289234.3856338442
2021-07-22 20:00:08.910,1,0.4763321031727507,679.9551925365561,0.0,,1305385.336730396
2021-07-22 20:00:08.920,1,0.4959629196395637,670.8922018927126,0.0,,1286263.2065902369
2021-07-22 20:00:08.930,1,0.4562497216390331,672.3956707671845,0.0,,1289432.1060458862
2021-07-22 20:00:08.940,1,0.5174323018462644,677.6565572198066,0.0,,1300536.0577517203
2021-07-22 20:00:08.950,1,0.4846714009387247,677.7325913039665,0.0,,1300697.2655292884
2021-07-22 20:00:08.960,1,0.5342320488504037,673.9942390930466,0.0,,1292805.0791958247
2021-07-22 20:00:08.970,1,0.4577387242322183,672.1559279985532,0.0,,1288927.8917680448
2021-07-22 20:00:08.980,1,0.5344807378976784,670.9674782411128,0.0,,1286425.9722452562
2021-07-22 20:00:08.990,1,0.5047292940132038,672.0760065240722,0.0,,1288761.8359813166
2021-07-22 20:00:09.000,1,0.4529924890490192,662.8100949337892,0.0,,1269224.5725098897
2021-07-22 20:00:09.010,1,0.4733663357390434,674.2820303672794,0.0,,1293408.9862669052
2021-07-22 20:00:09.020,1,0.4640557951126525,677.2471890964867,0.0,,1299672.384564216
2021-07-22 20:00:09.030,1,0.51961723619842,666.2190935074279,0.0,,1276406.9804716217
2021-07-22 20:00:09.040,1,0.5833977749948195,670.9304975954468,0.0,,1286348.1029406108
2021-07-22 20:00:09.050,1,0.5290819189147916,669.2992481203877,0.0,,1282902.8492271232
2021-07-22 20:00:09.060,1,0.5760646850348091,668.4632236392961,0.0,,1281146.0008124118
2021-07-22 20:00:09.070,1,0.5166064465157058,668.7208815703792,0.0,,1281683.5933021642
2021-07-22 20:00:09.080,1,0.5888931592453879,671.3926425807413,0.0,,1287323.1145725243
2021-07-22 20:00:09.090,1,0.6138842017707812,664.0117851025577,0.0,,1271766.6655676016
2021-07-22 20:00:09.100,1,0.4827428753289361,666.1753382369546,0.0,,1276319.1068688727
2021-07-22 20:00:09.110,1,0.6168920436643972,665.0896494630982,0.0,,1274038.4947031958
2021-07-22 20:00:09.120,1,0.5172625980861526,662.6268137664074,0.0,,1268843.297350369
2021-07-22 20:00:09.130,1,0.5185114623779611,663.5713513938814,0.0,,1270833.2076819658
2021-07-22 20:00:09.140,1,0.5724626491071797,665.5899506365996,0.0,,1275088.1977230713
2021-07-22 20:00:09.150,1,0.4793592794911366,669.8096444525446,0.0,,1283980.228707874
2021-07-22 20:00:09.160,1,0.5753047924678899,663.7908135132841,0.0,,1271296.3986843491
2021-07-22 20:00:09.170,1,0.5573396227990829,665.7994077820646,0.0,,1275529.4470490632
2021-07-22 20:00:09.180,1,0.5006256514977092,663.6009407527494,0.0,,1270894.765088048
2021-07-22 20:00:09.190,1,0.5133720523509473,660.3274644657414,0.0,,1264002.824662535
2021-07-22 20:00:09.200,1,0.5168821955062898,660.4875773320638,0.0,,1264334.99007288
2021-07-22 20:00:09.210,1,0.6671469019834179,666.0090639474582,0.0,,1275974.8884803983
2021-07-22 20:00:09.220,1,0.559967192055229,657.2936362724255,0.0,,1257615.3529344155
2021-07-22 20:00:09.230,1,0.6392859488047781,655.3259560924712,0.0,,1253479.6616103444
2021-07-22 20:00:09.240,1,0.5046739236444509,659.4314142013473,0.0,,1262113.766812035
2021-07-22 20:00:09.250,1,0.6575932250412694,660.6581576743066,0.0,,1264705.1437856997
2021-07-22 20:00:09.260,1,0.602548931290812,658.8552382888896,0.0,,1260904.8577253893
2021-07-22 20:00:09.270,1,0.5563368881150107,656.0458200633742,0.0,,1254991.275170262
2021-07-22 20:00:09.280,1,0.580158505411564,649.1054227236873,0.0,,1240393.789013959
2021-07-22 20:00:09.290,1,0.6558978480481271,653.5658758058935,0.0,,1249777.3536185524
2021-07-22 20:00:09.300,1,0.5767225616044677,656.4445650076225,0.0,,1255829.1646510526
2021-07-22 20:00:09.310,1,0.4655025994666766,649.9266784609914,0.0,,1242115.6717908613
2021-07-22 20:00:09.320,1,0.5582885529422531,660.2398452385218,0.0,,1263822.7971598094
2021-07-22 20:00:09.330,1,0.5464040391459735,652.4481255877912,0.0,,1247419.169946702
2021-07-22 20:00:09.340,1,0.6714054714062995,649.4506660221666,0.0,,1241125.7727008048
2021-07-22 20:00:09.350,1,0.4757793584641866,651.2322007083866,0.0,,1244862.1267989597
2021-07-22 20:00:09.360,1,0.6503246932709915,657.1306205760851,0.0,,1257276.9660136949
2021-07-22 20:00:09.370,1,0.5311954197271346,650.1223840936842,0.0,,1242533.2122032193
2021-07-22 20:00:09.380,1,0.6149818029018462,644.917349633545,0.0,,1231596.286861886
2021-07-22 20:00:09.390,1,0.6063522010779155,650.7629897795573,0.0,,1243883.5755591297
2021-07-22 20:00:09.400,1,0.5252193216468175,650.2697674459397,0.0,,1242840.192671894
2021-07-22 20:00:09.410,1,0.6268558325236101,645.8640226460124,0.0,,1233588.3065980214
2021-07-22 20:00:09.420,1,0.6341348025987372,646.3251211313483,0.0,,1234553.8002551163
2021-07-22 20:00:09.430,1,0.6284256309045788,653.736825448381,0.0,,1250136.0139493647
2021-07-22 20:00:09.440,1,0.6751691646246272,647.1699490042912,0.0,,1236331.4749495527
2021-07-22 20:00:09.450,1,0.65913209303432,644.6617903139237,0.0,,1231061.1928453324
2021-07-22 20:00:09.460,1,0.4659309246578179,644.98062211571,0.0,,1231725.3135013874
2021-07-22 20:00:09.470,1,0.5974248538554893,644.0474155882953,0.0,,1229767.7856548247
2021-07-22 20:00:09.480,1,0.6419873948807137,648.0652179387864,0.0,,1238214.5234987156
2021-07-22 20:00:09.490,1,0.602960630930938,653.2533243951392,0.0,,1249119.2864823705
2021-07-22 20:00:09.500,1,0.4383410073361645,648.9503846680318,0.0,,1240063.5483943925
2021-07-22 20:00:09.510,1,0.5402814194509603,645.3425010514356,0.0,,1232483.2956098125
2021-07-22 20:00:09.520,1,0.4632993105262113,642.3896547912467,0.0,,1226280.3801204727
2021-07-22 20:00:09.530,1,0.5448075386825366,647.3605213390744,0.0,,1236727.9847344977
2021-07-22 20:00:09.540,1,0.5843379701900169,647.6617751796142,0.0,,1237362.3497904863
2021-07-22 20:00:09.550,1,0.5392873476294949,651.4725794942977,0.0,,1245370.0801194727
2021-07-22 20:00:09.560,1,0.5796994034635596,643.1508783824682,0.0,,1227882.8676930605
2021-07-22 20:00:09.570,1,0.542161751565003,650.5626471660747,0.0,,1243459.5884491734
2021-07-22 20:00:09.580,1,0.5327245476922131,644.3703378451594,0.0,,1230445.886172405
2021-07-22 20:00:09.590,1,0.575677512133052,645.0071106623135,0.0,,1231786.7113700851
2021-07-22 20:00:09.600,1,0.4672932687968247,647.06657898781,0.0,,1236109.5141980639
2021-07-22 20:00:09.610,1,0.6108368833830788,649.7927155600556,0.0,,1241842.875642022
2021-07-22 20:00:09.620,1,0.6122132579921544,644.160010442578,0.0,,1230003.4028886557
2021-07-22 20:00:09.630,1,0.5761134516115095,646.0837318518404,0.0,,1234049.6586908663
2021-07-22 20:00:09.640,1,0.5423986380698907,647.9803247991812,0.0,,1238028.225724766
2021-07-22 20:00:09.650,1,0.5646451211959292,645.134795715861,0.0,,1232049.0025298258
2021-07-22 20:00:09.660,1,0.5594893485059177,644.781170931352,0.0,,1231309.8633197383
2021-07-22 20:00:09.670,1,0.4305782079713951,647.0403637785681,0.0,,1236052.2972580886
2021-07-22 20:00:09.680,1,0.5347599371403408,652.7501236656935,0.0,,1248058.274901364
2021-07-22 20:00:09.690,1,0.4887601280615398,650.6839033004674,0.0,,1243706.7831807376
2021-07-22 20:00:09.700,1,0.5569534901425699,653.2860608683777,0.0,,1249187.9048452603
2021-07-22 20:00:09.710,1,0.4188437823109143,644.5915912534981,0.0,,1230906.0587342284
2021-07-22 20:00:09.720,1,0.584935514964657,651.2835351778389,0.0,,1244976.4654616844
2021-07-22 20:00:09.730,1,0.4606518430041112,643.362763092252,0.0,,1228325.9518948835
2021-07-22 20:00:09.740,1,0.4577725671923893,649.9019425837412,0.0,,1242062.3069580018
2021-07-22 20:00:09.750,1,0.4437959770658639,645.61254758101,0.0,,1233046.998787186
2021-07-22 20:00:09.760,1,0.4115478262979138,651.2615659892436,0.0,,1244921.7223575474
2021-07-22 20:00:09.770,1,0.4501217884774949,653.1876206344525,0.0,,1248975.012144799
2021-07-22 20:00:09.780,1,0.4759687774053134,647.492049755574,0.0,,1237000.3443284833
2021-07-22 20:00:09.790,1,0.4904714401142107,654.7074080764481,0.0,,1252171.854148787
2021-07-22 20:00:09.800,1,0.5403523711410263,648.1160290608129,0.0,,1238313.6126315189
2021-07-22 20:00:09.810,1,0.545380920336835,647.2539389681461,0.0,,1236501.220716196
2021-07-22 20:00:09.820,1,0.4176847040467453,654.7358780579938,0.0,,1252226.2733070937
2021-07-22 20:00:09.830,1,0.5469806557521284,654.2843181530147,0.0,,1251286.9215976782
2021-07-22 20:00:09.840,1,0.5273333086641506,657.225241110188,0.0,,1257470.8654621763
2021-07-22 20:00:09.850,1,0.4149217111439164,649.6280686235842,0.0,,1241489.7048821559
2021-07-22 20:00:09.860,1,0.4703459412820401,661.1278170083788,0.0,,1265683.1979162432
2021-07-22 20:00:09.870,1,0.4819628535577976,651.3751987154352,0.0,,1245166.561562749
2021-07-22 20:00:09.880,1,0.5260736346818066,657.0141103485797,0.0,,1257027.7991725677
2021-07-22 20:00:09.890,1,0.4022261376465775,658.1175390330177,0.0,,1259345.3371389701
2021-07-22 20:00:09.900,1,0.5326766526422239,656.6068058556236,0.0,,1256171.477400232
2021-07-22 20:00:09.910,1,0.5133705535516073,653.488532497297,0.0,,1249609.3730847095
2021-07-22 20:00:09.920,1,0.4244265388660576,661.425034764185,0.0,,1266310.8669465808
2021-07-22 20:00:09.930,1,0.462047725799305,663.1083137899398,0.0,,1269853.0109920974
2021-07-22 20:00:09.940,1,0.4422399430754937,659.0046959717033,0.0,,1261212.7143084034
2021-07-22 20:00:09.950,1,0.5318278851633723,662.2744061872432,0.0,,1268100.3898273557
2021-07-22 20:00:09.960,1,0.533667560697147,658.8272027851053,0.0,,1260843.6162009684
2021-07-22 20:00:09.970,1,0.4973136941820392,656.8680598453545,0.0,,1256720.6297044968
2021-07-22 20:00:09.980,1,0.5668289731576184,661.7940837499407,0.0,,1267093.6184028436
2021-07-22 20:00:09.990,1,0.583985991802495,655.1613635471438,0.0,,1253131.2246519004
2021-07-22 20:00:10.000,1,0.5318221197370282,662.6193249111237,0.0,,1268831.7917980459
2021-07-22 20:00:10.010,1,0.5366941407382323,658.0137815649939,0.0,,1259131.7641037132
2021-07-22 20:00:10.020,1,0.586708104108736,660.3431441942652,0.0,,1264038.6569539893
2021-07-22 20:00:10.030,1,0.4256792514706464,663.6380873321234,0.0,,1270969.5114234723
2021-07-22 20:00:10.040,1,0.5406362640703655,661.8621545913031,0.0,,1267231.20464148
2021-07-22 20:00:10.050,1,0.5282382113961772,663.2033857838445,0.0,,1270058.985577447
2021-07-22 20:00:10.060,1,0.59716995034761,665.7377491977485,0.0,,1275399.3516753109
2021-07-22 20:00:10.070,1,0.4753846752802508,658.6842508876682,0.0,,1260541.1297052952
2021-07-22 20:00:10.080,1,0.604792583990089,661.4367355164662,0.0,,1266340.9513170624
2021-07-22 20:00:10.090,1,0.5242332052883184,660.7248200096029,0.0,,1264839.3338685853
2021-07-22 20:00:10.100,1,0.4494454895229768,662.9907957495155,0.0,,1269607.0095231016
2021-07-22 20:00:10.110,1,0.5943150857404471,661.6990592154791,0.0,,1266892.158472528
2021-07-22 20:00:10.120,1,0.6127773227957428,657.9288547799434,0.0,,1258956.572072288
2021-07-22 20:00:10.130,1,0.5044205867985209,660.4342131242971,0.0,,1264226.5168279507
2021-07-22 20:00:10.140,1,0.6216693606619618,662.8890409955862,0.0,,1269398.6344377904
2021-07-22 20:00:10.150,1,0.4695465740054241,657.3021245017136,0.0,,1257629.365053437
2021-07-22 20:00:10.160,1,0.4457300192354051,663.7136988503407,0.0,,1271127.9112157451
2021-07-22 20:00:10.170,1,0.4752889454552635,656.9260145608886,0.0,,1256839.9619590037
2021-07-22 20:00:10.180,1,0.4583569028875599,658.7587442749857,0.0,,1260694.1918941282
2021-07-22 20:00:10.190,1,0.4806542847702048,662.6582865726408,0.0,,1268906.344600194
2021-07-22 20:00:10.200,1,0.5997978778752828,660.6525420380432,0.0,,1264689.503076692
2021-07-22 20:00:10.210,1,0.6434770563639031,667.134869350668,0.0,,1278347.7878005393
2021-07-22 20:00:10.220,1,0.4797239903833545,659.2153985270153,0.0,,1261662.2295662796
2021-07-22 20:00:10.230,1,0.5825945869884913,661.2022415978203,0.0,,1265846.9657609188
2021-07-22 20:00:10.240,1,0.6369875465335009,663.7716614914681,0.0,,1271263.4147656327
2021-07-22 20:00:10.250,1,0.6367187972165139,660.5044519754724,0.0,,1264384.176106437
2021-07-22 20:00:10.260,1,0.6730882496716915,666.2399683309435,0.0,,1276462.030736567
2021-07-22 20:00:10.270,1,0.6561117719360957,660.285899537621,0.0,,1263920.7163199927
2021-07-22 20:00:10.280,1,0.5756808673988819,660.0126167125723,0.0,,1263345.9351216806
2021-07-22 20:00:10.290,1,0.5141926131531578,664.5474448903857,0.0,,1272889.031072379
2021-07-22 20:00:10.300,1,0.5828163992138852,656.1785414938881,0.0,,1255271.5653261817
2021-07-22 20:00:10.310,1,0.6463884309315612,655.9269811772648,0.0,,1254748.385119022
2021-07-22 20:00:10.320,1,0.5553228642392746,659.550045188972,0.0,,1262366.9201754446
2021-07-22 20:00:10.330,1,0.5283174945460695,658.4878312475414,0.0,,1260130.4137071157
2021-07-22 20:00:10.340,1,0.6544020989703206,658.4689183540543,0.0,,1260096.4408302715
2021-07-22 20:00:10.350,1,0.5194941617217633,658.2119771230375,0.0,,1259548.5900585982
2021-07-22 20:00:10.360,1,0.6124392597383309,658.7493782692591,0.0,,1260678.6463166005
2021-07-22 20:00:10.370,1,0.6901197738212299,660.6224227413296,0.0,,1264632.7511713852
2021-07-22 20:00:10.380,1,0.5379403102538226,654.3322676122101,0.0,,1251386.5208037032
2021-07-22 20:00:10.390,1,0.5101752189081197,655.7968981981146,0.0,,1254467.381881991
2021-07-22 20:00:10.400,1,0.5002068210369027,651.2742004439043,0.0,,1244949.56913645
2021-07-22 20:00:10.410,1,0.6188181801468493,656.5852841951017,0.0,,1256126.1339214495
2021-07-22 20:00:10.420,1,0.7039712210733039,652.5836623581132,0.0,,1247716.7276718703
2021-07-22 20:00:10.430,1,0.6293294042443941,654.5609320928031,0.0,,1251871.696087571
2021-07-22 20:00:10.440,1,0.5361035795591311,658.4310717266412,0.0,,1260014.030882976
2021-07-22 20:00:10.450,1,0.5952143081009762,652.1699423418141,0.0,,1246837.9397290861
2021-07-22 20:00:10.460,1,0.5922459021963017,648.1759130063896,0.0,,1238439.4590543152
2021-07-22 20:00:10.470,1,0.5588218165032308,649.7111178252987,0.0,,1241666.934810319
2021-07-22 20:00:10.480,1,0.6322779307236388,651.4024679965243,0.0,,1245230.0259924335
2021-07-22 20:00:10.490,1,0.6709978363875886,652.0293311845545,0.0,,1246545.3400440766
2021-07-22 20:00:10.500,1,0.5799053966651341,655.1203338481553,0.0,,1253042.8922555144
2021-07-22 20:00:10.510,1,0.5086352101801263,653.0298903681683,0.0,,1248642.999316839
2021-07-22 20:00:10.520,1,0.5285118212280878,646.9076022973675,0.0,,1235773.991330664
2021-07-22 20:00:10.530,1,0.546767724206926,647.819874722625,0.0,,1237696.6119361133
2021-07-22 20:00:10.540,1,0.6403661887806613,648.6118067557184,0.0,,1239364.3855763315
2021-07-22 20:00:10.550,1,0.6201504896365712,650.327202608857,0.0,,1242968.6826271028
2021-07-22 20:00:10.560,1,0.5576858837898065,644.7243811623651,0.0,,1231190.0886598763
2021-07-22 20:00:10.570,1,0.4959516159037987,646.9442884247122,0.0,,1235851.8204208591
2021-07-22 20:00:10.580,1,0.4799429351220494,647.0508374036241,0.0,,1236074.1116628873
2021-07-22 20:00:10.590,1,0.5443283980297839,650.3389260501631,0.0,,1242986.7176654842
2021-07-22 20:00:10.600,1,0.6105797305905071,642.0908526020401,0.0,,1225662.8108437527
2021-07-22 20:00:10.610,1,0.4603893650014534,642.5451158528808,0.0,,1226609.2631455115
2021-07-22 20:00:10.620,1,0.6155564315386887,646.1750301374742,0.0,,1234238.816665326
2021-07-22 20:00:10.630,1,0.5170417104756261,641.4713989821718,0.0,,1224354.0830049207
2021-07-22 20:00:10.640,1,0.5021995071079759,646.8412069101201,0.0,,1235633.0474582543
2021-07-22 20:00:10.650,1,0.5533021869549462,642.3991346342498,0.0,,1226306.0861679444
2021-07-22 20:00:10.660,1,0.5956589093270035,642.2095992280252,0.0,,1225910.74958913
2021-07-22 20:00:10.670,1,0.4304732673243279,645.4280551125055,0.0,,1232661.1976422037
2021-07-22 20:00:10.680,1,0.4632002139152376,646.7633630702193,0.0,,1235467.859369151
2021-07-22 20:00:10.690,1,0.5162716664686423,640.4294199510629,0.0,,1222169.9539130637
2021-07-22 20:00:10.700,1,0.4969479134952361,634.4039581723684,0.0,,1209523.4114802026
2021-07-22 20:00:10.710,1,0.4985162067309261,638.2455507569939,0.0,,1217586.4281606837
2021-07-22 20:00:10.720,1,0.5801567842807434,641.4253863777806,0.0,,1224264.2335124675
2021-07-22 20:00:10.730,1,0.4772121768021746,638.0642978974663,0.0,,1217201.8319461937
2021-07-22 20:00:10.740,1,0.5836548067208056,642.9125728943636,0.0,,1227387.2786915768
2021-07-22 20:00:10.750,1,0.5358634198494712,639.740149111009,0.0,,1220720.1501870984
2021-07-22 20:00:10.760,1,0.5617881658233688,637.2581560803568,0.0,,1215520.1594426373
2021-07-22 20:00:10.770,1,0.5303853949036927,638.2947995878867,0.0,,1217691.0046911682
2021-07-22 20:00:10.780,1,0.5505815057505291,644.6285336517018,0.0,,1230988.521057003
2021-07-22 20:00:10.790,1,0.472352437145243,639.7152193671002,0.0,,1220671.0671530403
2021-07-22 20:00:10.800,1,0.5817991178640172,642.814445329107,0.0,,1227180.332538529
2021-07-22 20:00:10.810,1,0.4220608849951965,636.184624441661,0.0,,1213257.4906936164
2021-07-22 20:00:10.820,1,0.5206875273923287,639.123576196808,0.0,,1219426.3746858682
2021-07-22 20:00:10.830,1,0.4601061577022953,633.9904686770766,0.0,,1208654.686561856
2021-07-22 20:00:10.840,1,0.4704543765519708,639.2686943454402,0.0,,1219730.686127532
2021-07-22 20:00:10.850,1,0.4034160281745241,637.3469420352632,0.0,,1215690.5100274095
2021-07-22 20:00:10.860,1,0.4958220999597614,638.9597524084056,0.0,,1219083.4342638913
2021-07-22 20:00:10.870,1,0.4170681460554891,638.8091407303773,0.0,,1218759.9972324788
2021-07-22 20:00:10.880,1,0.3943421923147063,639.8928515991704,0.0,,1221037.9010451345
2021-07-22 20:00:10.890,1,0.5754265172293009,641.7411493481018,0.0,,1224926.1505771503
2021-07-22 20:00:10.900,1,0.4891687357285001,637.8968374795236,0.0,,1216850.2318305227
2021-07-22 20:00:10.910,1,0.4947508075169881,640.6774658911515,0.0,,1222689.5342236597
2021-07-22 20:00:10.920,1,0.5465748064865702,638.7582606934518,0.0,,1218660.977619046
2021-07-22 20:00:10.930,1,0.5439900655747207,639.926751826543,0.0,,1221113.932051861
2021-07-22 20:00:10.940,1,0.4576124899780635,639.5383091719866,0.0,,1220293.591154846
2021-07-22 20:00:10.950,1,0.4382059093286471,640.5096452147021,0.0,,1222332.2854583873
2021-07-22 20:00:10.960,1,0.3828054381298073,644.0278049483271,0.0,,1229720.6427812334
2021-07-22 20:00:10.970,1,0.4270597756082544,637.6776482846417,0.0,,1216394.6800793456
2021-07-22 20:00:10.980,1,0.4000036175301676,642.3063411400485,0.0,,1226104.2980291988
2021-07-22 20:00:10.990,1,0.3832335362369746,639.0540314653344,0.0,,1219273.4215520276
2021-07-22 20:00:11.000,1,0.4601256882708287,640.9938137438355,0.0,,1223352.6951408205
2021-07-22 20:00:11.010,1,0.4737097893743303,644.117506302873,0.0,,1229909.8221120022
2021-07-22 20:00:11.020,1,0.4917414038221745,640.0762936539197,0.0,,1221426.5382585495
2021-07-22 20:00:11.030,1,0.5022901219761612,646.7027672490701,0.0,,1235341.319681131
2021-07-22 20:00:11.040,1,0.4481453149169519,643.6293229415122,0.0,,1228882.0999077705
2021-07-22 20:00:11.050,1,0.4390977886015245,649.8493139281119,0.0,,1241954.4256647911
2021-07-22 20:00:11.060,1,0.4053230471505948,637.6600765321333,0.0,,1216349.3699890517
2021-07-22 20:00:11.070,1,0.4296256583718957,643.6839076546471,0.0,,1228995.550070449
2021-07-22 20:00:11.080,1,0.5444582704456528,642.3604270887208,0.0,,1226224.9018462754
2021-07-22 20:00:11.090,1,0.4542738375667563,640.7727302398373,0.0,,1222888.0168477006
2021-07-22 20:00:11.100,1,0.3882746933225835,643.7866445208764,0.0,,1229214.622531616
2021-07-22 20:00:11.110,1,0.4757192874256458,643.8004406225074,0.0,,1229244.5114076498
2021-07-22 20:00:11.120,1,0.4397710395111774,645.2635360537366,0.0,,1232318.2211057115
2021-07-22 20:00:11.130,1,0.5423786031284601,642.8826504802397,0.0,,1227320.4846314357
2021-07-22 20:00:11.140,1,0.4914739258668029,641.9375869518856,0.0,,1225332.7897049102
2021-07-22 20:00:11.150,1,0.5283184671441828,643.6766022922133,0.0,,1228987.1105918484
2021-07-22 20:00:11.160,1,0.4992198221904458,646.7238931025432,0.0,,1235388.5101391906
2021-07-22 20:00:11.170,1,0.5334397827107711,648.7933597941337,0.0,,1239737.8369478232
2021-07-22 20:00:11.180,1,0.5628688789582222,641.6132751379173,0.0,,1224657.2226054017
2021-07-22 20:00:11.190,1,0.5197928311625942,647.2732016923263,0.0,,1236544.653537322
2021-07-22 20:00:11.200,1,0.4082768296139744,650.0809198388478,0.0,,1242442.3164385543
2021-07-22 20:00:11.210,1,0.4688658021394775,647.919160094845,0.0,,1237899.0007407544
2021-07-22 20:00:11.220,1,0.4069894957994709,648.6156508331093,0.0,,1239355.5324237675
2021-07-22 20:00:11.230,1,0.4878629192070604,641.4272205828107,0.0,,1224262.9585632945
2021-07-22 20:00:11.240,1,0.4242933249836454,646.9681235424963,0.0,,1235899.6419241424
2021-07-22 20:00:11.250,1,0.4887210188138357,651.7345482455505,0.0,,1245917.8176906607
2021-07-22 20:00:11.260,1,0.5507003043671961,656.7314180028269,0.0,,1256435.4073733063
2021-07-22 20:00:11.270,1,0.488987558316344,647.8100313101437,0.0,,1237665.0928907918
2021-07-22 20:00:11.280,1,0.4476079239380596,645.5241970335095,0.0,,1232863.2635437464
2021-07-22 20:00:11.290,1,0.5227684044241852,645.858201553602,0.0,,1233570.328274521
2021-07-22 20:00:11.300,1,0.5152354572064104,646.273926306173,0.0,,1234444.7022793584
2021-07-22 20:00:11.310,1,0.4372922463875132,652.2681334518059,0.0,,1247038.2809096582
2021-07-22 20:00:11.320,1,0.4910683402140129,648.2212616247682,0.0,,1238536.6961163387
2021-07-22 20:00:11.330,1,0.445489200101225,654.5041027976412,0.0,,1251736.6572798665
2021-07-22 20:00:11.340,1,0.4299016118223832,641.7552165341582,0.0,,1224946.2706041646
2021-07-22 20:00:11.350,1,0.5178853957205901,649.5282336947266,0.0,,1241280.559967264
2021-07-22 20:00:11.360,1,0.4413634227280705,649.579807832118,0.0,,1241387.7387015212
2021-07-22 20:00:11.370,1,0.4943104155061205,644.8204075477751,0.0,,1231386.9400906803
2021-07-22 20:00:11.380,1,0.4665091314056764,655.9903911200603,0.0,,1254870.0801157127
2021-07-22 20:00:11.390,1,0.5878486024437236,652.7741091806855,0.0,,1248111.9256038028
2021-07-22 20:00:11.400,1,0.505814531137081,654.9528039201141,0.0,,1252686.5102413096
2021-07-22 20:00:11.410,1,0.5580054308340087,650.9409945614045,0.0,,1244254.2494525926
2021-07-22 20:00:11.420,1,0.5343757558144603,648.5457611972469,0.0,,1239218.8868830472
2021-07-22 20:00:11.430,1,0.4317558807335842,646.3074808985994,0.0,,1234508.3988410423
2021-07-22 20:00:11.440,1,0.5564921896727266,648.9199651144571,0.0,,1240005.590476597
2021-07-22 20:00:11.450,1,0.4770407089676106,646.0587700886198,0.0,,1233991.842079417
2021-07-22 20:00:11.460,1,0.4146406504922977,648.8226808651584,0.0,,1239794.5014677495
2021-07-22 20:00:11.470,1,0.6014179945984051,645.8142445251042,0.0,,1233482.302846822
2021-07-22 20:00:11.480,1,0.4661719752913369,649.3356807118063,0.0,,1240871.225083302
2021-07-22 20:00:11.490,1,0.5396945790387043,645.1592426305657,0.0,,1232098.096996033
2021-07-22 20:00:11.500,1,0.6006084935149606,644.7647076717291,0.0,,1231277.5854662426
2021-07-22 20:00:11.510,1,0.4329710657883823,648.4213971238928,0.0,,1238953.148832819
2021-07-22 20:00:11.520,1,0.4272765141855831,648.2249395763471,0.0,,1238536.37977495
2021-07-22 20:00:11.530,1,0.4774220780991741,651.3387552576736,0.0,,1245088.737194229
2021-07-22 20:00:11.540,1,0.4516183248626839,650.0221111283572,0.0,,1242317.6145218613
2021-07-22 20:00:11.550,1,0.4335081458888684,651.8186975284901,0.0,,1246092.4342978294
2021-07-22 20:00:11.560,1,0.4099950770911209,653.1517724273602,0.0,,1248895.4619361989
2021-07-22 20:00:11.570,1,0.5464863671215383,644.9890411183243,0.0,,1231745.541757997
2021-07-22 20:00:11.580,1,0.43845471646863,646.2308055936487,0.0,,1234347.7104990107
2021-07-22 20:00:11.590,1,0.4185373961759063,645.2874201172863,0.0,,1232363.591136826
2021-07-22 20:00:11.600,1,0.4549229675680393,654.1953796650715,0.0,,1251095.609728069
2021-07-22 20:00:11.610,1,0.4750273191658409,646.6540887062346,0.0,,1235240.890269032
2021-07-22 20:00:11.620,1,0.4703679016077119,653.1332777952304,0.0,,1248855.5493204435
2021-07-22 20:00:11.630,1,0.4888419561270038,652.709992673368,0.0,,1247969.8975283764
2021-07-22 20:00:11.640,1,0.4336340920649603,649.4611902998612,0.0,,1241135.7580612674
2021-07-22 20:00:11.650,1,0.5347600823021859,651.5306284233108,0.0,,1245492.9131606508
2021-07-22 20:00:11.660,1,0.5572647430486394,651.4297141786807,0.0,,1245282.7238918755
2021-07-22 20:00:11.670,1,0.5604857693873645,651.5166603178825,0.0,,1245466.120352973
2021-07-22 20:00:11.680,1,0.522642714655448,644.7508381417101,0.0,,1231244.213462044
2021-07-22 20:00:11.690,1,0.4076127447920619,644.4339575486372,0.0,,1230568.4657898694
2021-07-22 20:00:11.700,1,0.5155433787769108,644.9427253325949,0.0,,1231645.8645165383
2021-07-22 20:00:11.710,1,0.4345658598063656,649.0883009855693,0.0,,1240354.8794148592
2021-07-22 20:00:11.720,1,0.5146892345541734,639.5043340263152,0.0,,1220227.7076925926
2021-07-22 20:00:11.730,1,0.518826988069246,640.4022007258079,0.0,,1222111.197218141
2021-07-22 20:00:11.740,1,0.5189877285980974,646.9924344901563,0.0,,1235956.6943659391
2021-07-22 20:00:11.750,1,0.3756365548909721,648.7211489795927,0.0,,1239579.0385016592
2021-07-22 20:00:11.760,1,0.4427315811692149,644.7027614509667,0.0,,1231137.6313067954
2021-07-22 20:00:11.770,1,0.3832809802359453,645.7846357093548,0.0,,1233405.2266966775
2021-07-22 20:00:11.780,1,0.4722823120687928,643.6780241763593,0.0,,1228986.7643439232
2021-07-22 20:00:11.790,1,0.4103476549799503,641.2292245340102,0.0,,1223840.2943848798
2021-07-22 20:00:11.800,1,0.3757517873187267,643.4466500089547,0.0,,1228496.9092847859
2021-07-22 20:00:11.810,1,0.473238827838998,648.810320121878,0.0,,1239768.5274981393
2021-07-22 20:00:11.820,1,0.4311552813982365,647.753210150189,0.0,,1237545.3334696556
2021-07-22 20:00:11.830,1,0.3734578722439235,637.0809789236971,0.0,,1215134.8186227842
2021-07-22 20:00:11.840,1,0.4949431697990485,641.7804085456463,0.0,,1225006.5289854475
2021-07-22 20:00:11.850,1,0.4034644510733421,646.9466193800464,0.0,,1235850.8980484344
2021-07-22 20:00:11.860,1,0.3859416217089281,646.4020532932376,0.0,,1234702.427524115
2021-07-22 20:00:11.870,1,0.3580748453547674,644.7766279377103,0.0,,1231288.7057439904
2021-07-22 20:00:11.880,1,0.3269649333973714,643.5230122042913,0.0,,1228655.7291050404
2021-07-22 20:00:11.890,1,0.3455635061488067,640.2445909721662,0.0,,1221770.2764851856
2021-07-22 20:00:11.900,1,0.4707807826577535,648.4724027943615,0.0,,1239061.4373275738
2021-07-22 20:00:11.910,1,0.4026974485295279,641.0272658479117,0.0,,1223419.356221006
2021-07-22 20:00:11.920,1,0.4424555238695258,644.9360992177992,0.0,,1231630.1819475137
2021-07-22 20:00:11.930,1,0.4438819038442333,638.2720830202646,0.0,,1217639.5767926432
2021-07-22 20:00:11.940,1,0.3976507906418008,638.3568309657617,0.0,,1217812.8434342146
2021-07-22 20:00:11.950,1,0.3488985979775562,643.4758983467362,0.0,,1228559.467613235
2021-07-22 20:00:11.960,1,0.3927250973157944,642.1564743314452,0.0,,1225787.2585259664
2021-07-22 20:00:11.970,1,0.383533243576286,637.2308414188127,0.0,,1215449.4918329779
2021-07-22 20:00:11.980,1,0.2995434936486796,641.2627407216022,0.0,,1223906.667658891
2021-07-22 20:00:11.990,1,0.4026838626715169,636.7666993760166,0.0,,1214474.4836361962
2021-07-22 20:00:12.000,1,0.4336934869316209,636.9891348196358,0.0,,1214945.6150021562
2021-07-22 20:00:12.010,1,0.3236861946771286,634.5786314094976,0.0,,1209882.133928382
2021-07-22 20:00:12.020,1,0.3312286007231915,640.4038336625748,0.0,,1222105.5829417203
2021-07-22 20:00:12.030,1,0.3273874957136928,644.0168932757707,0.0,,1229691.4268090022
2021-07-22 20:00:12.040,1,0.4136843836724894,638.1637484199912,0.0,,1217408.9705130106
2021-07-22 20:00:12.050,1,0.3081125488323953,642.5851603490603,0.0,,1226684.1240749098
2021-07-22 20:00:12.060,1,0.4148211189370255,635.9336999129488,0.0,,1212723.540297419
2021-07-22 20:00:12.070,1,0.3092241543494945,647.6360904772894,0.0,,1237292.6273993538
2021-07-22 20:00:12.080,1,0.4201225024850957,644.0181601368815,0.0,,1229700.8932729398
2021-07-22 20:00:12.090,1,0.4163648921955383,643.7334768453056,0.0,,1229100.0208639433
2021-07-22 20:00:12.100,1,0.3252174916387923,647.7960135225287,0.0,,1237634.382191996
2021-07-22 20:00:12.110,1,0.3640078872023906,641.6087905453708,0.0,,1224636.9767716934
2021-07-22 20:00:12.120,1,0.3463712768720109,647.6287442331362,0.0,,1237280.61227122
2021-07-22 20:00:12.130,1,0.3658297359225813,639.7254288918867,0.0,,1220684.3136525692
2021-07-22 20:00:12.140,1,0.4216256019610488,638.7220334971375,0.0,,1218576.9693311574
2021-07-22 20:00:12.150,1,0.4024079505140644,647.7013677205013,0.0,,1237437.172073315
2021-07-22 20:00:12.160,1,0.2796384343887124,642.8023186431209,0.0,,1227137.3819492988
2021-07-22 20:00:12.170,1,0.3296471480587782,640.3245681681552,0.0,,1221936.033366578
2021-07-22 20:00:12.180,1,0.3025465378172799,643.0360138333798,0.0,,1227631.431426979
2021-07-22 20:00:12.190,1,0.2911571995454833,640.813706281858,0.0,,1222964.7311934999
2021-07-22 20:00:12.200,1,0.3334469284351876,645.1437066518253,0.0,,1232057.0151238258
2021-07-22 20:00:12.210,1,0.309088223890226,642.0400523502655,0.0,,1225542.0267047165
2021-07-22 20:00:12.220,1,0.3070551773697933,642.9940504238917,0.0,,1227541.64631002
2021-07-22 20:00:12.230,1,0.2999249819502315,639.7255453159632,0.0,,1220678.1770979222
2021-07-22 20:00:12.240,1,0.3163389858197907,641.010948519584,0.0,,1223377.979898781
2021-07-22 20:00:12.250,1,0.3131154342167368,645.7224390324862,0.0,,1233277.7027837508
2021-07-22 20:00:12.260,1,0.3946890208721807,642.974657399321,0.0,,1227510.1282770203
2021-07-22 20:00:12.270,1,0.4173967527900224,638.569350189907,0.0,,1218258.4141501146
2021-07-22 20:00:12.280,1,0.4201182784935792,640.4492143974466,0.0,,1222206.4407777616
2021-07-22 20:00:12.290,1,0.3836972982977484,640.4471422442646,0.0,,1222198.5684049048
2021-07-22 20:00:12.300,1,0.4302096879092619,637.9646646778302,0.0,,1216989.4128134788
2021-07-22 20:00:12.310,1,0.344129671137366,643.5120676502582,0.0,,1228635.0971153395
2021-07-22 20:00:12.320,1,0.3471111525098443,642.2338633286157,0.0,,1225947.4312402185
2021-07-22 20:00:12.330,1,0.3048159275899041,647.0605382231557,0.0,,1236086.4190402282
2021-07-22 20:00:12.340,1,0.3613375206452395,644.2772942881967,0.0,,1230244.0818638355
2021-07-22 20:00:12.350,1,0.4121864096416087,642.79634210333,0.0,,1227136.6746032285
2021-07-22 20:00:12.360,1,0.3352755330322496,640.9914356356168,0.0,,1223341.5629504034
2021-07-22 20:00:12.370,1,0.4568647254655559,641.3816998237322,0.0,,1224166.8714211246
2021-07-22 20:00:12.380,1,0.4476404795084809,648.2337865843897,0.0,,1238558.812404146
2021-07-22 20:00:12.390,1,0.4411322967756905,639.6615682030391,0.0,,1220552.019593269
2021-07-22 20:00:12.400,1,0.3744584774848861,640.4779884742733,0.0,,1222265.4446737808
2021-07-22 20:00:12.410,1,0.367149706919043,641.1450871841739,0.0,,1223659.015442089
2021-07-22 20:00:12.420,1,0.3432595039596348,641.0982211745401,0.0,,1223564.020477609
2021-07-22 20:00:12.430,1,0.337098390022763,648.8749948276134,0.0,,1239901.027952504
2021-07-22 20:00:12.440,1,0.3934890145848662,645.1735799761686,0.0,,1232122.4144393278
2021-07-22 20:00:12.450,1,0.4047720953457713,643.5502521880585,0.0,,1228716.4932049552
2021-07-22 20:00:12.460,1,0.4541748714256465,644.1716482057924,0.0,,1230023.5752287314
2021-07-22 20:00:12.470,1,0.4269777137558599,641.9513432233264,0.0,,1225357.4195783697
2021-07-22 20:00:12.480,1,0.393257781236858,642.465689302393,0.0,,1226441.0171963098
2021-07-22 20:00:12.490,1,0.3450415871879279,640.7591709019913,0.0,,1222852.8454190562
2021-07-22 20:00:12.500,1,0.4542708412697375,639.8422575777639,0.0,,1220931.1965220193
2021-07-22 20:00:12.510,1,0.4253871519810868,642.5281245876678,0.0,,1226569.015726543
2021-07-22 20:00:12.520,1,0.4785212029666821,656.8836945463172,0.0,,1256746.4192975014
2021-07-22 20:00:12.530,1,0.3668567637099602,640.8751516618908,0.0,,1223095.9695292132
2021-07-22 20:00:12.540,1,0.3567971291916573,643.8198468294815,0.0,,1229280.1937573152
2021-07-22 20:00:12.550,1,0.3601578741302915,649.4569944109502,0.0,,1241126.7846778848
2021-07-22 20:00:12.560,1,0.4698631925979956,641.9727337068048,0.0,,1225403.8211466325
2021-07-22 20:00:12.570,1,0.3778280593792311,644.0535104457482,0.0,,1229772.8599353149
2021-07-22 20:00:12.580,1,0.3580781516136858,642.6844758989323,0.0,,1226895.0072073617
2021-07-22 20:00:12.590,1,0.4063013665281049,645.0773962643148,0.0,,1231922.4790610517
2021-07-22 20:00:12.600,1,0.4985855151372038,642.8229197174712,0.0,,1227194.4262784806
2021-07-22 20:00:12.610,1,0.3671505326810753,647.8413861764665,0.0,,1237727.5809127733
2021-07-22 20:00:12.620,1,0.3889692347147124,640.7291155437764,0.0,,1222790.0893836399
2021-07-22 20:00:12.630,1,0.4898057060436147,641.3662376927441,0.0,,1224133.3284878682
2021-07-22 20:00:12.640,1,0.3836248026612884,644.8954269161527,0.0,,1231543.618104595
2021-07-22 20:00:12.650,1,0.3473228885448108,646.3284275347305,0.0,,1234548.6009121411
2021-07-22 20:00:12.660,1,0.4095546405494142,642.5361431409036,0.0,,1226586.4131455612
2021-07-22 20:00:12.670,1,0.3595000099655856,647.1344520959798,0.0,,1236241.326903443
2021-07-22 20:00:12.680,1,0.4552869485760114,646.7804607051172,0.0,,1235505.222944898
2021-07-22 20:00:12.690,1,0.3891302405439769,646.2281424167691,0.0,,1234339.7933226877
2021-07-22 20:00:12.700,1,0.4854157146126748,643.8193052761877,0.0,,1229286.6199951235
2021-07-22 20:00:12.710,1,0.471250156494522,644.209109263766,0.0,,1230101.858817401
2021-07-22 20:00:12.720,1,0.4561112668173008,647.9165425340169,0.0,,1237893.0311518128
2021-07-22 20:00:12.730,1,0.4464645101879417,647.7958006308253,0.0,,1237633.2548459733
2021-07-22 20:00:12.740,1,0.4036162719594293,637.0208069122357,0.0,,1215009.665807974
2021-07-22 20:00:12.750,1,0.4620516116249573,651.6923104455811,0.0,,1245829.0281704934
2021-07-22 20:00:12.760,1,0.4219307628331472,650.1438528564554,0.0,,1242573.8634623382
2021-07-22 20:00:12.770,1,0.4404632963819418,642.5336221926437,0.0,,1226581.8843453778
2021-07-22 20:00:12.780,1,0.3454789269006382,644.2421944415394,0.0,,1230167.455909098
2021-07-22 20:00:12.790,1,0.3670531918087626,648.54966685409,0.0,,1239216.9592878858
2021-07-22 20:00:12.800,1,0.4786057493451305,645.0061071874418,0.0,,1231776.338992147
2021-07-22 20:00:12.810,1,0.4413254178182124,642.6229565394981,0.0,,1226767.2641055095
2021-07-22 20:00:12.820,1,0.3578691881276035,647.0530711952953,0.0,,1236076.4920388863
2021-07-22 20:00:12.830,1,0.4513241374662754,645.0452631148944,0.0,,1231852.6463642535
2021-07-22 20:00:12.840,1,0.4498844868871733,642.2468042111763,0.0,,1225982.782158106
2021-07-22 20:00:12.850,1,0.3711195224834677,646.6887799479027,0.0,,1235304.7508474712
2021-07-22 20:00:12.860,1,0.4729237590744735,644.7435912435708,0.0,,1231225.6188379712
2021-07-22 20:00:12.870,1,0.3385445382590133,644.5977880154168,0.0,,1230915.5030596983
2021-07-22 20:00:12.880,1,0.423177131751575,650.0857440908228,0.0,,1242450.0389066597
2021-07-22 20:00:12.890,1,0.373311595046275,643.0179541338856,0.0,,1227592.6855399178
2021-07-22 20:00:12.900,1,0.3366963617390258,646.8676771864673,0.0,,1235679.7385970033
2021-07-22 20:00:12.910,1,0.4358393975665716,640.1018203910631,0.0,,1221475.0730458528
2021-07-22 20:00:12.920,1,0.4161958058055684,648.9345835682027,0.0,,1240028.989787527
2021-07-22 20:00:12.930,1,0.3740540152618936,647.3511073449996,0.0,,1236696.4337321362
2021-07-22 20:00:12.940,1,0.3383760244678844,642.9886451276765,0.0,,1227537.5573969749
2021-07-22 20:00:12.950,1,0.3623409358202109,643.0859556335645,0.0,,1227738.5809946961
2021-07-22 20:00:12.960,1,0.3668767042559742,642.6741733960789,0.0,,1226871.1286536034
2021-07-22 20:00:12.970,1,0.4578942069199607,640.1242773346478,0.0,,1221524.3518138367
2021-07-22 20:00:12.980,1,0.4417978612819366,642.0275036014598,0.0,,1225519.618757936
2021-07-22 20:00:12.990,1,0.3141282966751155,643.2623573315047,0.0,,1228105.2545972436
2021-07-22 20:00:13.000,1,0.3998873380813659,641.8974380643159,0.0,,1225246.2236175544
2021-07-22 20:00:13.010,1,0.3659722409093824,643.1975045912917,0.0,,1227970.9894006809
2021-07-22 20:00:13.020,1,0.3197775610196429,641.0062124998699,0.0,,1223368.4626577464
2021-07-22 20:00:13.030,1,0.3496925213215577,643.1787079134426,0.0,,1227936.1234951052
2021-07-22 20:00:13.040,1,0.332368856334496,646.1082601985768,0.0,,1234085.8960686834
2021-07-22 20:00:13.050,1,0.4371499547161831,641.9226576245285,0.0,,1225300.502012885
2021-07-22 20:00:13.060,1,0.3173104063071112,648.5337950760721,0.0,,1239182.110545531
2021-07-22 20:00:13.070,1,0.3520501595412194,650.1299642066745,0.0,,1242537.6594060778
2021-07-22 20:00:13.080,1,0.4029723661959248,648.8019047140895,0.0,,1239745.019328976
2021-07-22 20:00:13.090,1,0.3721026613239906,647.0332373701573,0.0,,1236035.3206762627
2021-07-22 20:00:13.100,1,0.4395240687024571,642.07510255108,0.0,,1225620.2429139358
2021-07-22 20:00:13.110,1,0.2964366328700584,647.3538903290893,0.0,,1236698.6091231604
2021-07-22 20:00:13.120,1,0.3720012241355156,645.1172571427165,0.0,,1232007.410573884
2021-07-22 20:00:13.130,1,0.4219320066734779,647.2579271054088,0.0,,1236504.4543553737
2021-07-22 20:00:13.140,1,0.2895218206838731,648.5091195356998,0.0,,1239129.9055860308
2021-07-22 20:00:13.150,1,0.4402153922666004,648.2025180125901,0.0,,1238491.548744498
2021-07-22 20:00:13.160,1,0.3752846284451091,645.8165047834046,0.0,,1233479.300813816
2021-07-22 20:00:13.170,1,0.32179083123876,650.3449601289154,0.0,,1242986.6907471954
2021-07-22 20:00:13.180,1,0.3572080911853696,653.6336866066538,0.0,,1249906.8324407125
2021-07-22 20:00:13.190,1,0.2994633705948082,640.3093951885626,0.0,,1221909.611009872
2021-07-22 20:00:13.200,1,0.4216423530371965,647.6951266255007,0.0,,1237426.0431457784
2021-07-22 20:00:13.210,1,0.3942821940161034,646.3578736797705,0.0,,1234613.6873834874
2021-07-22 20:00:13.220,1,0.4119150037783777,646.8224761674825,0.0,,1235591.9118144207
2021-07-22 20:00:13.230,1,0.4135821462961739,650.7754597690553,0.0,,1243897.631358761
2021-07-22 20:00:13.240,1,0.3268904778310699,648.1402015347209,0.0,,1238355.5599214982
2021-07-22 20:00:13.250,1,0.3884286378993022,650.6472885115272,0.0,,1243626.428069921
2021-07-22 20:00:13.260,1,0.3853563313812114,653.9727537339476,0.0,,1250619.4117888906
2021-07-22 20:00:13.270,1,0.3092023119251278,653.7384823828958,0.0,,1250125.8378015645
2021-07-22 20:00:13.280,1,0.3222367960464355,647.3632834779635,0.0,,1236723.3293259088
2021-07-22 20:00:13.290,1,0.4134137673688595,647.4239158740326,0.0,,1236858.0966037558
2021-07-22 20:00:13.300,1,0.4344144457364416,647.4533354914323,0.0,,1236914.9233379047
2021-07-22 20:00:13.310,1,0.4669134667437362,651.400882644002,0.0,,1245218.1076944952
2021-07-22 20:00:13.320,1,0.3407827417326086,650.3929588139523,0.0,,1243088.8977953228
2021-07-22 20:00:13.330,1,0.3635945425992027,648.018472962634,0.0,,1238099.7767865865
2021-07-22 20:00:13.340,1,0.3514502400555454,651.964706599355,0.0,,1246392.935587043
2021-07-22 20:00:13.350,1,0.4720314673718178,646.032291421792,0.0,,1233933.803652518
2021-07-22 20:00:13.360,1,0.4263903681374913,655.5347128869198,0.0,,1253906.8968790756
2021-07-22 20:00:13.370,1,0.3590401300871216,649.4571418652079,0.0,,1241124.6185815067
2021-07-22 20:00:13.380,1,0.3536010163020484,655.1016360350992,0.0,,1252993.3342998542
2021-07-22 20:00:13.390,1,0.3751709468633414,653.5205141436933,0.0,,1249670.1935622985
2021-07-22 20:00:13.400,1,0.4078469920928733,654.3345502806845,0.0,,1251378.8714398106
2021-07-22 20:00:13.410,1,0.3509543504161047,651.8301762071983,0.0,,1246109.4770140809
2021-07-22 20:00:13.420,1,0.420137678029627,647.9684032465796,0.0,,1238000.670136404
2021-07-22 20:00:13.430,1,0.428560062682692,651.1402726765004,0.0,,1244666.6635401507
2021-07-22 20:00:13.440,1,0.4854988416195456,654.2112077565832,0.0,,1251127.0336371202
2021-07-22 20:00:13.450,1,0.3822510309475919,652.4467610956073,0.0,,1247411.1596616667
2021-07-22 20:00:13.460,1,0.5235233165194573,656.5372736048656,0.0,,1256020.8220360903
2021-07-22 20:00:13.470,1,0.4887668616199524,652.223945513039,0.0,,1246947.0988719726
2021-07-22 20:00:13.480,1,0.5162886332853751,655.6844117942559,0.0,,1254225.8734768757
2021-07-22 20:00:13.490,1,0.5381979966798346,656.0019879571329,0.0,,1254898.4184132756
2021-07-22 20:00:13.500,1,0.4431237368782686,654.2618943095229,0.0,,1251228.800338606
2021-07-22 20:00:13.510,1,0.4361350773218614,648.7549324640979,0.0,,1239652.4493690499
2021-07-22 20:00:13.520,1,0.5552606238177027,657.3140975630799,0.0,,1257661.332367761
2021-07-22 20:00:13.530,1,0.4111646291102552,655.008657021959,0.0,,1252804.8190919075
2021-07-22 20:00:13.540,1,0.4806296935888512,649.3102879735394,0.0,,1240823.5298338523
2021-07-22 20:00:13.550,1,0.4933561686507708,651.3691955746276,0.0,,1245154.6047236254
2021-07-22 20:00:13.560,1,0.4889473233978408,653.9670431707561,0.0,,1250614.6626981047
2021-07-22 20:00:13.570,1,0.4513091389990861,654.920921609955,0.0,,1252615.0522259686
2021-07-22 20:00:13.580,1,0.5642190405699722,649.4331748384395,0.0,,1241082.9038191338
2021-07-22 20:00:13.590,1,0.5482203393654159,657.950068368639,0.0,,1258997.4665026432
2021-07-22 20:00:13.600,1,0.4820739866036456,649.3887802977381,0.0,,1240986.2589932696
2021-07-22 20:00:13.610,1,0.5345401253911616,655.9674375969245,0.0,,1254824.4801315102
2021-07-22 20:00:13.620,1,0.6001790098243268,652.125000646125,0.0,,1246745.7557592408
2021-07-22 20:00:13.630,1,0.4681203302619779,657.8758685520968,0.0,,1258838.751289863
2021-07-22 20:00:13.640,1,0.4610351479961773,652.7455254981312,0.0,,1248043.7880927143
2021-07-22 20:00:13.650,1,0.4647184262971183,648.7512556955285,0.0,,1239644.2221520254
2021-07-22 20:00:13.660,1,0.5377512956577282,648.2463556023391,0.0,,1238587.768753293
2021-07-22 20:00:13.670,1,0.5560102378267325,655.0392597198512,0.0,,1252869.9935340632
2021-07-22 20:00:13.680,1,0.6235375509573396,650.9544088266146,0.0,,1244285.918359791
2021-07-22 20:00:13.690,1,0.5439303615832872,648.4284281572768,0.0,,1238970.7359483233
2021-07-22 20:00:13.700,1,0.4811110927468276,653.4323392305632,0.0,,1249490.2604159885
2021-07-22 20:00:13.710,1,0.481144954936953,647.2882667629333,0.0,,1236569.394697825
2021-07-22 20:00:13.720,1,0.5835872139258014,651.915158514629,0.0,,1246304.1270243363
2021-07-22 20:00:13.730,1,0.4650403682719949,646.198326878993,0.0,,1234281.7974049777
2021-07-22 20:00:13.740,1,0.5782193667304424,656.6519565105958,0.0,,1256270.4446556754
2021-07-22 20:00:13.750,1,0.5738211388307544,655.0137054457184,0.0,,1252815.1281181579
2021-07-22 20:00:13.760,1,0.4645723628932517,650.9656488189466,0.0,,1244297.781157859
2021-07-22 20:00:13.770,1,0.5275885836286445,658.1197643102722,0.0,,1259352.4651498313
2021-07-22 20:00:13.780,1,0.4695834187011724,654.9086288776227,0.0,,1252593.0682235784
2021-07-22 20:00:13.790,1,0.5012551904954432,647.8430962632051,0.0,,1237738.6270983538
2021-07-22 20:00:13.800,1,0.4534579769088893,649.0589507635651,0.0,,1240293.9660857818
2021-07-22 20:00:13.810,1,0.5390946735281985,647.8676665697571,0.0,,1237793.9552826346
2021-07-22 20:00:13.820,1,0.5812448969740612,651.7573206083406,0.0,,1245972.669670015
2021-07-22 20:00:13.830,1,0.6375227966197615,650.8739808899443,0.0,,1244114.1732673557
2021-07-22 20:00:13.840,1,0.4641459442758671,647.9421822757369,0.0,,1237945.1325897037
2021-07-22 20:00:13.850,1,0.4709502797901641,654.5778527100694,0.0,,1251896.3850434897
2021-07-22 20:00:13.860,1,0.5520184490884331,648.1598596984195,0.0,,1238407.157455597
2021-07-22 20:00:13.870,1,0.574904038674682,645.0756061649631,0.0,,1231928.6620261553
2021-07-22 20:00:13.880,1,0.4440526263657338,648.3720767100515,0.0,,1238846.3894310622
2021-07-22 20:00:13.890,1,0.6003295597488049,651.4198386813669,0.0,,1245261.6270881211
2021-07-22 20:00:13.900,1,0.5044367553952168,646.7285595868374,0.0,,1235399.8454025912
2021-07-22 20:00:13.910,1,0.6202424411057775,642.4497418824184,0.0,,1226416.2384549943
2021-07-22 20:00:13.920,1,0.4553711897904093,650.5332252128992,0.0,,1243393.824367384
2021-07-22 20:00:13.930,1,0.5126210860847539,644.6899475198508,0.0,,1231116.909538571
2021-07-22 20:00:13.940,1,0.6201800324544212,645.5145469765791,0.0,,1232850.435650771
2021-07-22 20:00:13.950,1,0.5990847792762818,644.5535372646308,0.0,,1230832.0414354287
2021-07-22 20:00:13.960,1,0.4960946789164844,649.0634783286025,0.0,,1240304.490267308
2021-07-22 20:00:13.970,1,0.6049930215120882,646.002934979041,0.0,,1233872.6067960046
2021-07-22 20:00:13.980,1,0.5781623386771053,648.0799658975241,0.0,,1238238.946386916
2021-07-22 20:00:13.990,1,0.5471211452621417,642.9047884106385,0.0,,1227366.9095807935
2021-07-22 20:00:14.000,1,0.4789513498161334,639.8521409453657,0.0,,1220950.752165099
2021-07-22 20:00:14.010,1,0.5859184042660477,641.3736485294876,0.0,,1224156.6193417402
2021-07-22 20:00:14.020,1,0.6094284388845563,644.5748932545747,0.0,,1230877.1754518456
2021-07-22 20:00:14.030,1,0.6055295701746303,648.4942325293523,0.0,,1239115.1337588034
2021-07-22 20:00:14.040,1,0.4709361329834892,644.3130094817303,0.0,,1230327.3878407124
2021-07-22 20:00:14.050,1,0.4252861184659255,638.7683761181434,0.0,,1218679.7976095986
2021-07-22 20:00:14.060,1,0.4975528348795252,647.9206586781023,0.0,,1237898.3495339057
2021-07-22 20:00:14.070,1,0.5980605562674925,648.4949666775766,0.0,,1239116.6382343136
2021-07-22 20:00:14.080,1,0.4751944472664291,641.9230834082126,0.0,,1225302.6499327465
2021-07-22 20:00:14.090,1,0.4921472292116643,644.5783610484823,0.0,,1230878.3939795825
2021-07-22 20:00:14.100,1,0.4149191850733518,644.585121825083,0.0,,1230887.6617250117
2021-07-22 20:00:14.110,1,0.4655021441308367,643.44064297168,0.0,,1228489.6493380584
2021-07-22 20:00:14.120,1,0.5100324214154919,640.4105583248871,0.0,,1222127.7891765009
2021-07-22 20:00:14.130,1,0.5286547804620072,639.5750027896123,0.0,,1220380.7121916697
2021-07-22 20:00:14.140,1,0.4912221504153267,643.9613429199018,0.0,,1229584.3598433593
2021-07-22 20:00:14.150,1,0.5808874080845037,649.286941540522,0.0,,1240775.831434952
2021-07-22 20:00:14.160,1,0.4913827858782145,647.6783522596172,0.0,,1237392.8994756602
2021-07-22 20:00:14.170,1,0.4349092040696737,643.1792526480369,0.0,,1227940.3850620228
2021-07-22 20:00:14.180,1,0.3918726184123508,641.1320774149895,0.0,,1223635.6678300356
2021-07-22 20:00:14.190,1,0.4703767396495993,648.4783432380792,0.0,,1239069.542294155
2021-07-22 20:00:14.200,1,0.5456727727084669,644.8423397422354,0.0,,1231436.1392400835
2021-07-22 20:00:14.210,1,0.4875057702589206,643.6430148289306,0.0,,1228914.2013992427
2021-07-22 20:00:14.220,1,0.5432623449537292,645.9580480491758,0.0,,1233778.8638296695
2021-07-22 20:00:14.230,1,0.4357327285365601,642.5931217102487,0.0,,1226709.6353180418
2021-07-22 20:00:14.240,1,0.3981384613639045,647.6827854134415,0.0,,1237397.4895063231
2021-07-22 20:00:14.250,1,0.4552235805886557,644.2669856827158,0.0,,1230224.116596427
2021-07-22 20:00:14.260,1,0.5040571927718202,650.2093611616169,0.0,,1242711.2111550374
2021-07-22 20:00:14.270,1,0.5040835450058477,653.5701234978842,0.0,,1249781.6493774904
2021-07-22 20:00:14.280,1,0.5295011841338096,645.8336260615637,0.0,,1233517.3698199159
2021-07-22 20:00:14.290,1,0.4100522747234743,648.5307804029803,0.0,,1239179.8438811728
2021-07-22 20:00:14.300,1,0.5551492643968289,640.3638605207325,0.0,,1222036.7603878682
2021-07-22 20:00:14.310,1,0.5002652424217414,641.171232891813,0.0,,1223723.648874773
2021-07-22 20:00:14.320,1,0.3946080282727765,652.5906243471044,0.0,,1247716.8603991782
2021-07-22 20:00:14.330,1,0.4732734741916485,653.2814063817661,0.0,,1249169.016613345
2021-07-22 20:00:14.340,1,0.4657653224719743,648.15453771708,0.0,,1238389.1439169494
2021-07-22 20:00:14.350,1,0.4102744860787837,652.0494202077031,0.0,,1246573.744980816
2021-07-22 20:00:14.360,1,0.4259578774857998,646.4903640724217,0.0,,1234893.7900758306
2021-07-22 20:00:14.370,1,0.5144009708611667,646.6604564480277,0.0,,1235256.2179849623
2021-07-22 20:00:14.380,1,0.3983797005195897,654.5586741275703,0.0,,1251852.2934547928
2021-07-22 20:00:14.390,1,0.5389393892483532,653.1951720331188,0.0,,1248994.0459117838
2021-07-22 20:00:14.400,1,0.4243859970416672,650.898643822345,0.0,,1244158.9581699492
2021-07-22 20:00:14.410,1,0.3759986855335646,654.1087284970591,0.0,,1250907.408141094
2021-07-22 20:00:14.420,1,0.4869827938740597,647.9937556339635,0.0,,1238054.5874431496
2021-07-22 20:00:14.430,1,0.4940184315607455,648.4373627254662,0.0,,1238986.511823891
2021-07-22 20:00:14.440,1,0.5331926133529,653.6971412000944,0.0,,1250050.9628189746
2021-07-22 20:00:14.450,1,0.4650017091353438,652.0236357500661,0.0,,1246529.912710184
2021-07-22 20:00:14.460,1,0.4976561942095088,662.4691651929893,0.0,,1268510.4045874714
2021-07-22 20:00:14.470,1,0.4834843160418219,656.557606013439,0.0,,1256064.0742697825
2021-07-22 20:00:14.480,1,0.3836205115473255,655.2728996881398,0.0,,1253352.9880009517
2021-07-22 20:00:14.490,1,0.4413022462311647,652.1826559204609,0.0,,1246858.4107603556
2021-07-22 20:00:14.500,1,0.5003418558273445,653.3117879265449,0.0,,1249234.5591574819
2021-07-22 20:00:14.510,1,0.5015302382694775,653.4923067769422,0.0,,1249616.4229554897
2021-07-22 20:00:14.520,1,0.573480176506827,648.3925527689624,0.0,,1238892.072313903
2021-07-22 20:00:14.530,1,0.5573017038962623,655.778960350798,0.0,,1254429.0223645351
2021-07-22 20:00:14.540,1,0.440915397845443,655.585419987602,0.0,,1254015.6011939459
2021-07-22 20:00:14.550,1,0.5792743857265357,656.2967722257151,0.0,,1255520.034106687
2021-07-22 20:00:14.560,1,0.5826919175263511,655.2970733097641,0.0,,1253417.8849812949
2021-07-22 20:00:14.570,1,0.5139443380607851,655.4846377006812,0.0,,1253806.2794232112
2021-07-22 20:00:14.580,1,0.5067733835308467,654.4861123685246,0.0,,1251710.2093143235
2021-07-22 20:00:14.590,1,0.5154372462868299,664.9144594699732,0.0,,1273662.0419597186
2021-07-22 20:00:14.600,1,0.4003961363465746,660.8923016439951,0.0,,1265185.160542269
2021-07-22 20:00:14.610,1,0.5859133615353164,660.0559036377349,0.0,,1263433.13840724
2021-07-22 20:00:14.620,1,0.4725385177644081,656.2235280175435,0.0,,1255358.9134952654
2021-07-22 20:00:14.630,1,0.5575345417246491,662.1080313921274,0.0,,1267752.190748043
2021-07-22 20:00:14.640,1,0.4065693239499714,657.460623224711,0.0,,1257962.4572338376
2021-07-22 20:00:14.650,1,0.5458433016826104,662.5416462354333,0.0,,1268662.7888020345
2021-07-22 20:00:14.660,1,0.4176057563435216,663.0747662730382,0.0,,1269781.8979871362
2021-07-22 20:00:14.670,1,0.5517423573751313,658.9968154030007,0.0,,1261203.9262828145
2021-07-22 20:00:14.680,1,0.5877491704402827,662.8406409223917,0.0,,1269296.234678859
2021-07-22 20:00:14.690,1,0.4265917627096784,661.4988120148075,0.0,,1266466.158507212
2021-07-22 20:00:14.700,1,0.4668195834994124,666.0692371051051,0.0,,1276094.3544003158
2021-07-22 20:00:14.710,1,0.4321644292851739,664.282102483859,0.0,,1272326.6144775858
2021-07-22 20:00:14.720,1,0.5128108828733442,661.1989438364542,0.0,,1265835.6809327316
2021-07-22 20:00:14.730,1,0.5536213173250728,658.5398868390267,0.0,,1260239.6250533117
2021-07-22 20:00:14.740,1,0.5979758240054202,659.9240683572086,0.0,,1263157.488540196
2021-07-22 20:00:14.750,1,0.5979096696879309,665.0569477313686,0.0,,1273968.5807146674
2021-07-22 20:00:14.760,1,0.4397837981293303,661.8601760978248,0.0,,1267229.0962705817
2021-07-22 20:00:14.770,1,0.5861637569520712,672.1638862996026,0.0,,1288945.6747874147
2021-07-22 20:00:14.780,1,0.4928001609279321,665.6541466526653,0.0,,1275219.1223483975
2021-07-22 20:00:14.790,1,0.5163288918176173,662.3059433112616,0.0,,1268168.434908146
2021-07-22 20:00:14.800,1,0.4645911959795379,658.5462975294257,0.0,,1260249.4327571788
2021-07-22 20:00:14.810,1,0.5038097549105589,659.2245876901053,0.0,,1261680.571727012
2021-07-22 20:00:14.820,1,0.6337019925642027,667.3803393738073,0.0,,1278864.5384181524
2021-07-22 20:00:14.830,1,0.5822188143022855,665.5654101538086,0.0,,1275037.360640277
2021-07-22 20:00:14.840,1,0.6258857545186055,660.1553480435502,0.0,,1263646.0780047635
2021-07-22 20:00:14.850,1,0.5002433805187783,662.3447544155656,0.0,,1268247.81068606
2021-07-22 20:00:14.860,1,0.4676614423988219,671.7376940135473,0.0,,1288047.1398466537
2021-07-22 20:00:14.870,1,0.4734489442303127,660.3348942255888,0.0,,1264012.5082718057
2021-07-22 20:00:14.880,1,0.5041379994444194,661.4708401977692,0.0,,1266408.6375940635
2021-07-22 20:00:14.890,1,0.4720481873493656,660.7485011005052,0.0,,1264884.5000304605
2021-07-22 20:00:14.900,1,0.5001670618753621,662.7764230770836,0.0,,1269159.3033585025
2021-07-22 20:00:14.910,1,0.6129049750233474,657.2876134063376,0.0,,1257606.7855873853
2021-07-22 20:00:14.920,1,0.4901699067837345,662.0658309817987,0.0,,1267661.6121287816
2021-07-22 20:00:14.930,1,0.5631544582660464,663.1755479792079,0.0,,1270002.0326188004
2021-07-22 20:00:14.940,1,0.6013150553278016,654.2477213467597,0.0,,1251207.5339396987
2021-07-22 20:00:14.950,1,0.5130794830518148,660.5134740625448,0.0,,1264392.879830918
2021-07-22 20:00:14.960,1,0.5690081448364215,666.9778671461031,0.0,,1278015.401629461
2021-07-22 20:00:14.970,1,0.4291094482326428,663.6792766908375,0.0,,1271058.5358293087
2021-07-22 20:00:14.980,1,0.4803506440747771,660.7941252746367,0.0,,1264980.475752842
2021-07-22 20:00:14.990,1,0.5787778735916418,658.8945892571179,0.0,,1260989.2748089018
2021-07-22 20:00:15.000,1,0.5333186652068834,658.6608643940785,0.0,,1260497.1743490878
2021-07-22 20:00:15.010,1,0.5120121407313455,663.1882183310453,0.0,,1270023.8028475961
2021-07-22 20:00:15.020,1,0.55662375439808,659.9658293620496,0.0,,1263243.914528904
2021-07-22 20:00:15.030,1,0.5369541681154532,655.9033753564216,0.0,,1254691.1275525615
2021-07-22 20:00:15.040,1,0.3998645368639428,659.0061350259061,0.0,,1261213.697331122
2021-07-22 20:00:15.050,1,0.4815969493082286,657.8889548896386,0.0,,1258869.185125738
2021-07-22 20:00:15.060,1,0.483819361932254,658.518665273079,0.0,,1260192.3920776164
2021-07-22 20:00:15.070,1,0.5554883371971181,652.0329322049192,0.0,,1246550.9687176177
2021-07-22 20:00:15.080,1,0.5021544939121133,654.0531137307038,0.0,,1250797.3959449953
2021-07-22 20:00:15.090,1,0.3914613328591908,659.3586435959494,0.0,,1261954.904334757
2021-07-22 20:00:15.100,1,0.5382627666415025,652.1886012969263,0.0,,1246875.2006828093
2021-07-22 20:00:15.110,1,0.4098282782374482,653.33841499545,0.0,,1249288.825822196
2021-07-22 20:00:15.120,1,0.4367350736697542,650.2734371158092,0.0,,1242840.0462302673
2021-07-22 20:00:15.130,1,0.4642250475125101,650.1541411501737,0.0,,1242596.4324524938
2021-07-22 20:00:15.140,1,0.4738508190895634,652.5273241449847,0.0,,1247586.4962640803
2021-07-22 20:00:15.150,1,0.4453819352365079,652.3853584771973,0.0,,1247285.8867021482
2021-07-22 20:00:15.160,1,0.4807171845631392,651.6047984177887,0.0,,1245646.8740356849
2021-07-22 20:00:15.170,1,0.4293206141090608,652.6582237860963,0.0,,1247856.8059534503
2021-07-22 20:00:15.180,1,0.3608702901275276,653.0557293330837,0.0,,1248688.4830652396
2021-07-22 20:00:15.190,1,0.4842010032789302,654.0664669976221,0.0,,1250822.163211541
2021-07-22 20:00:15.200,1,0.411409565446436,651.2790080869962,0.0,,1244959.5447003413
2021-07-22 20:00:15.210,1,0.4845945738840339,654.1564875624307,0.0,,1251011.615072314
2021-07-22 20:00:15.220,1,0.3668211749485632,648.8288456719862,0.0,,1239803.7044453782
2021-07-22 20:00:15.230,1,0.3871162954694068,647.396550190605,0.0,,1236793.2290249057
2021-07-22 20:00:15.240,1,0.3959643575093151,646.1433315147665,0.0,,1234160.9046407004
2021-07-22 20:00:15.250,1,0.327789517172682,649.0340212671707,0.0,,1240230.6040610783
2021-07-22 20:00:15.260,1,0.3359648769618082,644.8023089442493,0.0,,1231343.9019006274
2021-07-22 20:00:15.270,1,0.3623717442016853,643.3533385344232,0.0,,1228305.8856954852
2021-07-22 20:00:15.280,1,0.4070578611980639,645.6393578696212,0.0,,1233102.4823208863
2021-07-22 20:00:15.290,1,0.3753200627516957,647.1534879509901,0.0,,1236283.3674614574
2021-07-22 20:00:15.300,1,0.3567948571951418,652.2014273408954,0.0,,1246891.8659632797
2021-07-22 20:00:15.310,1,0.3260792753440423,645.6163429088475,0.0,,1233051.496376962
2021-07-22 20:00:15.320,1,0.3879940539429105,648.0752842185452,0.0,,1238220.0908257859
2021-07-22 20:00:15.330,1,0.334810897964844,645.5528267223826,0.0,,1232918.275505005
2021-07-22 20:00:15.340,1,0.4185675380710164,640.0372218895634,0.0,,1221342.1955389548
2021-07-22 20:00:15.350,1,0.3860930174820251,642.5722131983526,0.0,,1226656.9886709123
2021-07-22 20:00:15.360,1,0.4207486946507263,641.6739382285724,0.0,,1224774.065337447
2021-07-22 20:00:15.370,1,0.3874242349669719,642.3350039233734,0.0,,1226162.0253472698
2021-07-22 20:00:15.380,1,0.3693408417774437,641.9271702856029,0.0,,1225306.583184553
2021-07-22 20:00:15.390,1,0.4105123042378127,640.8818983068128,0.0,,1223111.3736606885
2021-07-22 20:00:15.400,1,0.3590705941780489,643.266872046374,0.0,,1228115.894175835
2021-07-22 20:00:15.410,1,0.3117593803879651,638.5833412100412,0.0,,1218285.0416048053
2021-07-22 20:00:15.420,1,0.3380450762011917,637.2982121230224,0.0,,1215588.8554362378
2021-07-22 20:00:15.430,1,0.3086725689411193,637.6658265854337,0.0,,1216357.5316646239
2021-07-22 20:00:15.440,1,0.3886853206806893,645.5455592897166,0.0,,1232906.9588753309
2021-07-22 20:00:15.450,1,0.2930173084121007,644.2244631696458,0.0,,1230126.4887892548
2021-07-22 20:00:15.460,1,0.2726322310861707,645.0630698951572,0.0,,1231891.4138289664
2021-07-22 20:00:15.470,1,0.3838855833389342,639.3047385383471,0.0,,1219798.0394478545
2021-07-22 20:00:15.480,1,0.3056153499160533,642.66478543363,0.0,,1226850.133897738
2021-07-22 20:00:15.490,1,0.2883156613139119,639.8534563069979,0.0,,1220949.612463995
2021-07-22 20:00:15.500,1,0.4067409613862798,641.7687942644168,0.0,,1224974.0348231164
2021-07-22 20:00:15.510,1,0.3282140215047977,635.4808764991208,0.0,,1211775.2713451714
2021-07-22 20:00:15.520,1,0.3473400324480278,637.1712798159397,0.0,,1215321.883659951
2021-07-22 20:00:15.530,1,0.3669277945341478,646.4967816253452,0.0,,1234903.5796413776
2021-07-22 20:00:15.540,1,0.2998270900620604,645.5388279609525,0.0,,1232886.5399319644
2021-07-22 20:00:15.550,1,0.3426192018640464,638.2035220512338,0.0,,1217490.1584566946
2021-07-22 20:00:15.560,1,0.3799743702622335,642.4639692625535,0.0,,1226434.5323354478
2021-07-22 20:00:15.570,1,0.2882809782375538,643.3210220790545,0.0,,1228224.4815193606
2021-07-22 20:00:15.580,1,0.3288241356744977,646.4539818460571,0.0,,1234811.693193626
2021-07-22 20:00:15.590,1,0.3325308760897059,647.918730242917,0.0,,1237893.1944393949
2021-07-22 20:00:15.600,1,0.2725653306164144,644.9978548923901,0.0,,1231749.8798056818
2021-07-22 20:00:15.610,1,0.3394323862723249,641.871739461221,0.0,,1225190.5448629858
2021-07-22 20:00:15.620,1,0.3100056437591038,647.6592316970152,0.0,,1237342.8860455267
2021-07-22 20:00:15.630,1,0.3651679795257746,647.087282919111,0.0,,1236143.2044129805
2021-07-22 20:00:15.640,1,0.3276978433018769,647.4704999698961,0.0,,1236945.8491606363
2021-07-22 20:00:15.650,1,0.3260019650655818,652.2699911626844,0.0,,1247036.4267414818
2021-07-22 20:00:15.660,1,0.3272109771212833,642.0471881446425,0.0,,1225557.3498690603
2021-07-22 20:00:15.670,1,0.2788632042342715,644.0447026464983,0.0,,1229751.5539054961
2021-07-22 20:00:15.680,1,0.40968005657735,647.7845454886667,0.0,,1237609.6971981346
2021-07-22 20:00:15.690,1,0.3309954680746995,649.7132702173049,0.0,,1241663.6170713298
2021-07-22 20:00:15.700,1,0.3422190359335813,650.6368543032784,0.0,,1243602.7130039772
2021-07-22 20:00:15.710,1,0.3382077786154702,650.5813371176837,0.0,,1243485.6561783673
2021-07-22 20:00:15.720,1,0.3878991400765169,649.6690672046727,0.0,,1241571.7907159773
2021-07-22 20:00:15.730,1,0.2981204733747939,649.8185355495909,0.0,,1241877.3604258231
2021-07-22 20:00:15.740,1,0.3451415471240698,646.8433813527682,0.0,,1235633.4271405612
2021-07-22 20:00:15.750,1,0.3856639036706216,650.1359060427152,0.0,,1242558.570595116
2021-07-22 20:00:15.760,1,0.3321924940094785,654.2684096655428,0.0,,1251240.5001650865
2021-07-22 20:00:15.770,1,0.4090635261188233,651.9648476805597,0.0,,1246398.1670440126
2021-07-22 20:00:15.780,1,0.3295422977663846,657.9639889513252,0.0,,1259015.995914389
2021-07-22 20:00:15.790,1,0.3451532195443423,655.7026973955287,0.0,,1254257.071599988
2021-07-22 20:00:15.800,1,0.3246767668277585,655.0855794713311,0.0,,1252961.8211270105
2021-07-22 20:00:15.810,1,0.3463170069057666,650.5864775821615,0.0,,1243500.8537562285
2021-07-22 20:00:15.820,1,0.4107918787612575,655.6227049994665,0.0,,1254093.4105502241
2021-07-22 20:00:15.830,1,0.4476565726426287,650.2228788874255,0.0,,1242737.1349898847
2021-07-22 20:00:15.840,1,0.381154126226328,656.0813517359968,0.0,,1255061.4451322383
2021-07-22 20:00:15.850,1,0.3499711957477163,659.3609739585793,0.0,,1261958.3702847199
2021-07-22 20:00:15.860,1,0.3200054895894212,649.1760402522102,0.0,,1240533.8332984496
2021-07-22 20:00:15.870,1,0.3850456595922829,656.9610999889397,0.0,,1256907.9122804503
2021-07-22 20:00:15.880,1,0.3937753128359261,661.4971037441156,0.0,,1266461.9564241671
2021-07-22 20:00:15.890,1,0.3807351414792201,653.6365548355892,0.0,,1249913.8536004506
2021-07-22 20:00:15.900,1,0.3682819204492866,655.6690130584602,0.0,,1254191.1590889483
2021-07-22 20:00:15.910,1,0.4650054819411879,661.1474883292162,0.0,,1265729.4610050311
2021-07-22 20:00:15.920,1,0.40071214808035,660.5820196840266,0.0,,1264531.1261055523
2021-07-22 20:00:15.930,1,0.3839700982429209,659.3338821182791,0.0,,1261900.6857651605
2021-07-22 20:00:15.940,1,0.4417663562341379,657.7879881584183,0.0,,1258648.5027753343
2021-07-22 20:00:15.950,1,0.4558521286575501,662.3723845844116,0.0,,1268308.783469097
2021-07-22 20:00:15.960,1,0.3950999913133308,660.7670945002181,0.0,,1264922.4594665908
2021-07-22 20:00:15.970,1,0.4442849311749084,650.8649488330643,0.0,,1244085.1942555346
2021-07-22 20:00:15.980,1,0.4603632089535325,658.742740013092,0.0,,1260662.177339552
2021-07-22 20:00:15.990,1,0.4578535166850521,663.8257936319725,0.0,,1271367.217133067
2021-07-22 20:00:16.000,1,0.4501088763071023,659.2795133780651,0.0,,1261791.120235122
2021-07-22 20:00:16.010,1,0.3275662268582771,668.3427824442659,0.0,,1280879.9621608602
2021-07-22 20:00:16.020,1,0.338810600653484,666.1672958110663,0.0,,1276297.2593850314
2021-07-22 20:00:16.030,1,0.3985470447125507,659.8018662918682,0.0,,1262887.316723383
2021-07-22 20:00:16.040,1,0.4186426119026542,661.4952999442935,0.0,,1266456.3413343185
2021-07-22 20:00:16.050,1,0.3976884225334083,658.8138421175345,0.0,,1260807.6072215538
2021-07-22 20:00:16.060,1,0.4062392225934322,663.4461556039824,0.0,,1270565.3792237975
2021-07-22 20:00:16.070,1,0.4552792302948653,662.5188462857109,0.0,,1268613.3449454745
2021-07-22 20:00:16.080,1,0.3956731817101733,659.0828936827878,0.0,,1261377.6593387006
2021-07-22 20:00:16.090,1,0.4298520400731286,668.4030384497437,0.0,,1281014.8715767304
2021-07-22 20:00:16.100,1,0.4083488748043642,666.4720685660036,0.0,,1276943.0693442351
2021-07-22 20:00:16.110,1,0.4262120455308685,663.0834774293293,0.0,,1269801.5814374764
2021-07-22 20:00:16.120,1,0.3184219205934165,664.4581587909291,0.0,,1272691.616722455
2021-07-22 20:00:16.130,1,0.4411636145039556,664.7794110579541,0.0,,1273376.8370802915
2021-07-22 20:00:16.140,1,0.3878998198689273,664.2281566294895,0.0,,1272210.9298266834
2021-07-22 20:00:16.150,1,0.4404870074799203,663.3958520874532,0.0,,1270461.4342088378
2021-07-22 20:00:16.160,1,0.4381217405898868,663.8020040050685,0.0,,1271317.370451854
2021-07-22 20:00:16.170,1,0.3235182733674347,663.3887003445515,0.0,,1270438.3860585124
2021-07-22 20:00:16.180,1,0.4002915236532351,668.2414864317523,0.0,,1280670.4956091982
2021-07-22 20:00:16.190,1,0.4129586715198476,661.4724455933572,0.0,,1266411.5167714634
2021-07-22 20:00:16.200,1,0.3799357787521622,662.891433010972,0.0,,1269392.8343599865
2021-07-22 20:00:16.210,1,0.3299340042328589,666.4854733881592,0.0,,1276966.307245331
2021-07-22 20:00:16.220,1,0.3091716957514057,661.8893426827445,0.0,,1267279.7838475762
2021-07-22 20:00:16.230,1,0.3874022658891455,661.7831819198233,0.0,,1267058.5745164915
2021-07-22 20:00:16.240,1,0.3719469426321234,658.3061087352778,0.0,,1259738.9608397868
2021-07-22 20:00:16.250,1,0.3093286576034571,659.0074487818317,0.0,,1261208.2233199754
2021-07-22 20:00:16.260,1,0.35061815685275,654.2506137453618,0.0,,1251204.108692072
2021-07-22 20:00:16.270,1,0.2934054864433707,659.1364741516627,0.0,,1261481.0836105817
2021-07-22 20:00:16.280,1,0.3195333964141082,659.4268891953068,0.0,,1262093.9106500691
2021-07-22 20:00:16.290,1,0.3092478263038347,653.2926956143396,0.0,,1249185.063463148
2021-07-22 20:00:16.300,1,0.3941763500494169,662.2944448241899,0.0,,1268139.593032624
2021-07-22 20:00:16.310,1,0.3199094921752717,660.4897570711271,0.0,,1264333.8189383834
2021-07-22 20:00:16.320,1,0.2971598215586582,653.7458113769012,0.0,,1250138.754063172
2021-07-22 20:00:16.330,1,0.3310149314997838,658.0763415213836,0.0,,1259249.3502472322
2021-07-22 20:00:16.340,1,0.3509126433200358,657.5592312820273,0.0,,1258164.6563225824
2021-07-22 20:00:16.350,1,0.3089208664824235,654.8047117010838,0.0,,1252369.1896544057
2021-07-22 20:00:16.360,1,0.3049999290823629,652.1221355310158,0.0,,1246723.1308482331
2021-07-22 20:00:16.370,1,0.3105870559842538,649.4308548357462,0.0,,1241069.1940251316
2021-07-22 20:00:16.380,1,0.3319818444747908,650.1833593905552,0.0,,1242650.7535479127
2021-07-22 20:00:16.390,1,0.3323315626219627,655.5640502221174,0.0,,1253967.8331478182
2021-07-22 20:00:16.400,1,0.2621408819358491,654.6489086049253,0.0,,1252033.5930301726
2021-07-22 20:00:16.410,1,0.3660260516902899,647.3357572353839,0.0,,1236669.6551494682
2021-07-22 20:00:16.420,1,0.3044746957511843,651.7777708976655,0.0,,1245999.0863592445
2021-07-22 20:00:16.430,1,0.3027126451258114,649.746382042617,0.0,,1241729.6464542947
2021-07-22 20:00:16.440,1,0.2426199752256749,640.9149350025959,0.0,,1223175.4004100414
2021-07-22 20:00:16.450,1,0.3358617810895734,653.1869830099383,0.0,,1248968.2414138734
2021-07-22 20:00:16.460,1,0.3718643041940378,645.0598980891218,0.0,,1231885.3905307022
2021-07-22 20:00:16.470,1,0.319801019702649,647.5854165080815,0.0,,1237192.2892730737
2021-07-22 20:00:16.480,1,0.2859816951760723,651.1815742061638,0.0,,1244747.9896850446
2021-07-22 20:00:16.490,1,0.3213137202958701,643.591297089563,0.0,,1228798.0899194689
2021-07-22 20:00:16.500,1,0.3225877589110659,643.3497249570797,0.0,,1228291.506457426
2021-07-22 20:00:16.510,1,0.3230389057199164,643.1534717303432,0.0,,1227879.336565949
2021-07-22 20:00:16.520,1,0.2654495728031477,640.8008836070586,0.0,,1222936.951474695
2021-07-22 20:00:16.530,1,0.2786569194316937,644.5012262442293,0.0,,1230708.3576663753
2021-07-22 20:00:16.540,1,0.3555398561437979,642.9875251229347,0.0,,1227530.309331905
2021-07-22 20:00:16.550,1,0.2794107325970877,641.7312503237398,0.0,,1224890.6180462325
2021-07-22 20:00:16.560,1,0.3546238604672402,639.7080398302334,0.0,,1220650.2269890867
2021-07-22 20:00:16.570,1,0.2834676931374523,638.7224457535913,0.0,,1218570.7759591895
2021-07-22 20:00:16.580,1,0.3587461654316762,636.7712216772264,0.0,,1214484.445403327
2021-07-22 20:00:16.590,1,0.3530955322787145,644.0447495134514,0.0,,1229752.248030079
2021-07-22 20:00:16.600,1,0.3060668007212016,636.3224035583082,0.0,,1213538.916378921
2021-07-22 20:00:16.610,1,0.2968647583545885,641.7266554749483,0.0,,1224881.6906578108
2021-07-22 20:00:16.620,1,0.3772625246401211,640.7924634136089,0.0,,1222923.8930630262
2021-07-22 20:00:16.630,1,0.2906743446862319,634.7961423939679,0.0,,1210339.0552534857
2021-07-22 20:00:16.640,1,0.3456006288111944,633.3549562394605,0.0,,1207318.2059638023
2021-07-22 20:00:16.650,1,0.3502191723727768,637.2971068594543,0.0,,1215583.026117316
2021-07-22 20:00:16.660,1,0.2698698442170352,633.2938258553881,0.0,,1207186.6509337176
2021-07-22 20:00:16.670,1,0.3381750811468422,635.2501233322588,0.0,,1211289.165180925
2021-07-22 20:00:16.680,1,0.2617936003049573,641.0366235387173,0.0,,1223431.3158805107
2021-07-22 20:00:16.690,1,0.3256494170073012,635.9385865866235,0.0,,1212735.3666098062
2021-07-22 20:00:16.700,1,0.3069910313796001,635.612742064847,0.0,,1212049.9613645882
2021-07-22 20:00:16.710,1,0.4028114041763804,634.9418301117612,0.0,,1210651.043630697
2021-07-22 20:00:16.720,1,0.3816930277307253,639.5656457514325,0.0,,1220351.1415770925
2021-07-22 20:00:16.730,1,0.3383598606814453,631.9338828012231,0.0,,1204334.540713903
2021-07-22 20:00:16.740,1,0.3088274002147884,644.6897417576353,0.0,,1231104.2979054614
2021-07-22 20:00:16.750,1,0.3767278402197189,639.9594981166211,0.0,,1221178.1934748604
2021-07-22 20:00:16.760,1,0.398787110255725,640.9438284484105,0.0,,1223241.6739489622
2021-07-22 20:00:16.770,1,0.3104398295835767,638.2254668498821,0.0,,1217529.684899925
2021-07-22 20:00:16.780,1,0.4061428150465162,635.8495871595318,0.0,,1212552.186986614
2021-07-22 20:00:16.790,1,0.4151662637481272,637.587443708356,0.0,,1216200.997969241
2021-07-22 20:00:16.800,1,0.3052656986397922,635.1768023055344,0.0,,1211136.0622807215
2021-07-22 20:00:16.810,1,0.3891025058121469,635.124490817647,0.0,,1211031.4602672125
2021-07-22 20:00:16.820,1,0.3681747201915694,635.5722335412113,0.0,,1211971.858405449
2021-07-22 20:00:16.830,1,0.4621333620848584,638.1948130550562,0.0,,1217473.1889507165
2021-07-22 20:00:16.840,1,0.3104545768922143,636.1888905508061,0.0,,1213256.5652446963
2021-07-22 20:00:16.850,1,0.3766206744760345,640.9475323441752,0.0,,1223251.8182130638
2021-07-22 20:00:16.860,1,0.4780916343326473,638.0914231995357,0.0,,1217260.1767247035
2021-07-22 20:00:16.870,1,0.4463634199487377,641.8389771012457,0.0,,1225123.6343289004
2021-07-22 20:00:16.880,1,0.3441011027810365,640.623243432053,0.0,,1222565.7567189592
2021-07-22 20:00:16.890,1,0.4767206718048921,641.7660535377498,0.0,,1224972.0567855318
2021-07-22 20:00:16.900,1,0.3929376484994998,637.3073710660692,0.0,,1215609.0250769188
2021-07-22 20:00:16.910,1,0.4991245477794964,635.6939305682738,0.0,,1212228.7245872477
2021-07-22 20:00:16.920,1,0.3480291314997691,639.4503850567344,0.0,,1220104.4670330114
2021-07-22 20:00:16.930,1,0.4074880093069543,634.3811515181089,0.0,,1209470.3263756172
2021-07-22 20:00:16.940,1,0.3558224752441014,644.6962533832129,0.0,,1231121.6221879388
2021-07-22 20:00:16.950,1,0.3595824057837521,636.0840231985433,0.0,,1213040.5592178877
2021-07-22 20:00:16.960,1,0.5076285349237594,640.0592545084761,0.0,,1221391.514507366
2021-07-22 20:00:16.970,1,0.5365402847991064,643.8963720407163,0.0,,1229450.1395762814
2021-07-22 20:00:16.980,1,0.4192325696843053,645.2865891968678,0.0,,1232367.1631996285
2021-07-22 20:00:16.990,1,0.5284538918477353,643.6211886607609,0.0,,1228870.0734093369
2021-07-22 20:00:17.000,1,0.4886033904943762,637.5549569494772,0.0,,1216133.532240126
2021-07-22 20:00:17.010,1,0.5270947198601708,640.6299058688553,0.0,,1222588.708283775
2021-07-22 20:00:17.020,1,0.3750414505316209,641.7435549318301,0.0,,1224921.5439733935
2021-07-22 20:00:17.030,1,0.4352933992978733,646.8179513877833,0.0,,1235580.1069020138
2021-07-22 20:00:17.040,1,0.3808940104141399,643.6284527318053,0.0,,1228872.2444597376
2021-07-22 20:00:17.050,1,0.5326213070134994,647.2625618957962,0.0,,1236521.1715829384
2021-07-22 20:00:17.060,1,0.5300949782744109,644.5509566906687,0.0,,1230824.3403861814
2021-07-22 20:00:17.070,1,0.4292622938376629,650.2663836719205,0.0,,1242829.306224267
2021-07-22 20:00:17.080,1,0.4218718312284351,646.3768000973591,0.0,,1234655.379063664
2021-07-22 20:00:17.090,1,0.3879731319385235,648.9931758849094,0.0,,1240147.4560349397
2021-07-22 20:00:17.100,1,0.5104764794919946,643.3061875522842,0.0,,1228210.788162607
2021-07-22 20:00:17.110,1,0.4106706740530021,644.6751793143967,0.0,,1231076.5378378278
2021-07-22 20:00:17.120,1,0.48423614355495,650.9136456107458,0.0,,1244192.1165917502
2021-07-22 20:00:17.130,1,0.6043440833245507,642.5154501053569,0.0,,1226556.8619551226
2021-07-22 20:00:17.140,1,0.5392740719655983,648.5483234794864,0.0,,1239226.090716121
2021-07-22 20:00:17.150,1,0.4795764749373313,648.8327427903891,0.0,,1239815.2752121445
2021-07-22 20:00:17.160,1,0.4154759320472758,653.499681968423,0.0,,1249625.4933234707
2021-07-22 20:00:17.170,1,0.4599625889884363,648.3761608734097,0.0,,1238857.9002148923
2021-07-22 20:00:17.180,1,0.4631457711109557,655.4882293881325,0.0,,1253813.0639905448
2021-07-22 20:00:17.190,1,0.5641082285238145,651.854175177614,0.0,,1246174.859385572
2021-07-22 20:00:17.200,1,0.5943167704283661,655.6303904966702,0.0,,1254123.6076618186
2021-07-22 20:00:17.210,1,0.5168993157524221,655.917133156122,0.0,,1254713.9161534815
2021-07-22 20:00:17.220,1,0.5481302268917799,650.1203666618293,0.0,,1242531.3993669394
2021-07-22 20:00:17.230,1,0.4790264870372901,655.8394898808804,0.0,,1254555.6897057027
2021-07-22 20:00:17.240,1,0.4143511194389765,651.9811418780661,0.0,,1246434.3530903505
2021-07-22 20:00:17.250,1,0.5250720990411242,652.3450273545516,0.0,,1247202.6062794745
2021-07-22 20:00:17.260,1,0.563363957616497,652.843369293769,0.0,,1248256.2212403468
2021-07-22 20:00:17.270,1,0.4274924830913763,659.3142255526536,0.0,,1261864.4720428744
2021-07-22 20:00:17.280,1,0.4942470198074866,655.7273827959364,0.0,,1254319.968834734
2021-07-22 20:00:17.290,1,0.4473910153283945,655.1286640783671,0.0,,1253057.196084237
2021-07-22 20:00:17.300,1,0.4649749146995875,651.1233775779867,0.0,,1244632.4096143157
2021-07-22 20:00:17.310,1,0.5942747034674808,657.380678414043,0.0,,1257801.6738224782
2021-07-22 20:00:17.320,1,0.4441206751443108,658.6215152982037,0.0,,1260405.2678394746
2021-07-22 20:00:17.330,1,0.4706645616858976,657.3685664259779,0.0,,1257770.778069686
2021-07-22 20:00:17.340,1,0.6111671392555484,658.3794963139932,0.0,,1259904.3863824515
2021-07-22 20:00:17.350,1,0.5649953260029402,653.1793524009731,0.0,,1248962.3791756972
2021-07-22 20:00:17.360,1,0.5302625645355422,656.6756975213732,0.0,,1256316.632577039
2021-07-22 20:00:17.370,1,0.5061792409403969,656.5171131088016,0.0,,1255981.3565921595
2021-07-22 20:00:17.380,1,0.5846064173970961,658.782802217326,0.0,,1260752.4658107574
2021-07-22 20:00:17.390,1,0.4810078987533359,659.5198361617453,0.0,,1262301.6259654062
2021-07-22 20:00:17.400,1,0.4876309555385843,662.1358781786363,0.0,,1267804.1873189316
2021-07-22 20:00:17.410,1,0.5224360877531808,660.0885908786472,0.0,,1263498.0575730691
2021-07-22 20:00:17.420,1,0.4196455520954729,649.5097486289485,0.0,,1241236.107437315
2021-07-22 20:00:17.430,1,0.5613985142435272,659.542760182357,0.0,,1262349.9112452532
2021-07-22 20:00:17.440,1,0.5817256695981273,646.2114619556949,0.0,,1234314.5954746385
2021-07-22 20:00:17.450,1,0.4151679461458394,653.4209005629573,0.0,,1249461.1316373292
2021-07-22 20:00:17.460,1,0.569806548528765,654.5962372599643,0.0,,1251942.10787354
2021-07-22 20:00:17.470,1,0.459888592545995,657.1511692780135,0.0,,1257311.3944004348
2021-07-22 20:00:17.480,1,0.5663743289802868,654.1627455024509,0.0,,1251028.8775684028
2021-07-22 20:00:17.490,1,0.5330638901628716,654.247342842757,0.0,,1251202.1689797628
2021-07-22 20:00:17.500,1,0.5591831421201435,654.789370940974,0.0,,1252346.5148190982
2021-07-22 20:00:17.510,1,0.3941459769222148,652.5430948571542,0.0,,1247614.2118321813
2021-07-22 20:00:17.520,1,0.5963959526938296,658.2673114735849,0.0,,1259669.626595247
2021-07-22 20:00:17.530,1,0.5681920746148429,652.1884440592689,0.0,,1246877.0185310445
2021-07-22 20:00:17.540,1,0.5196475748610772,651.7823958477774,0.0,,1246023.6095619425
2021-07-22 20:00:17.550,1,0.4316104560352454,644.0170528036216,0.0,,1229696.1438396962
2021-07-22 20:00:17.560,1,0.4965379877914039,655.1024461434438,0.0,,1253005.9191780612
2021-07-22 20:00:17.570,1,0.5595348865834872,650.688855203648,0.0,,1243729.1925400984
2021-07-22 20:00:17.580,1,0.5400387186698222,655.7408938522146,0.0,,1254349.4563590281
2021-07-22 20:00:17.590,1,0.4651420147045547,653.5750457651392,0.0,,1249787.480008661
2021-07-22 20:00:17.600,1,0.5732033322897213,651.5517493920971,0.0,,1245539.4472062648
2021-07-22 20:00:17.610,1,0.5103079999275105,651.2589147246863,0.0,,1244919.5874879295
2021-07-22 20:00:17.620,1,0.4206042794742808,650.07702260432,0.0,,1242429.8527593038
2021-07-22 20:00:17.630,1,0.472021867519387,653.0038084625406,0.0,,1248592.8700368851
2021-07-22 20:00:17.640,1,0.3991662128017024,646.8326964646221,0.0,,1235608.095712479
2021-07-22 20:00:17.650,1,0.5699623514561277,644.2023614108837,0.0,,1230091.5066949145
2021-07-22 20:00:17.660,1,0.4848538508077886,652.7420649881293,0.0,,1248038.3820088403
2021-07-22 20:00:17.670,1,0.4640963893900185,646.5175275986537,0.0,,1234950.2481411078
2021-07-22 20:00:17.680,1,0.4594396185010349,645.114058926446,0.0,,1232004.2098434248
2021-07-22 20:00:17.690,1,0.4382510203812176,645.0176408606545,0.0,,1231798.4667197745
2021-07-22 20:00:17.700,1,0.4656939050244095,650.186925439551,0.0,,1242669.1229603682
2021-07-22 20:00:17.710,1,0.4713668809162695,650.0329154432733,0.0,,1242343.4079557164
2021-07-22 20:00:17.720,1,0.4255468253913891,643.4872116170145,0.0,,1228585.614691705
2021-07-22 20:00:17.730,1,0.5372590890198451,650.4237869894073,0.0,,1243171.378736165
2021-07-22 20:00:17.740,1,0.4045055380342629,646.0336970932883,0.0,,1233932.6153067304
2021-07-22 20:00:17.750,1,0.4505437568411565,640.0293929779799,0.0,,1221327.2035106637
2021-07-22 20:00:17.760,1,0.4514250863126119,645.0175914248267,0.0,,1231799.685510551
2021-07-22 20:00:17.770,1,0.423782518914706,648.6988279229579,0.0,,1239534.526739963
2021-07-22 20:00:17.780,1,0.5738014145836198,634.2376886989507,0.0,,1209179.9793488195
2021-07-22 20:00:17.790,1,0.4503439087731358,636.8688628888805,0.0,,1214694.1262224955
2021-07-22 20:00:17.800,1,0.4928071396540645,643.8357247493327,0.0,,1229316.6740993396
2021-07-22 20:00:17.810,1,0.4797575312892612,632.5874194411061,0.0,,1205714.5681259378
2021-07-22 20:00:17.820,1,0.5146854455810008,642.0958226877538,0.0,,1225667.4188218983
2021-07-22 20:00:17.830,1,0.4264801042774159,634.8707607907897,0.0,,1210499.3307581062
2021-07-22 20:00:17.840,1,0.5634332501379927,639.8005386963422,0.0,,1220847.3198801528
2021-07-22 20:00:17.850,1,0.5752663570212952,637.0080766448287,0.0,,1214992.5266456793
2021-07-22 20:00:17.860,1,0.5457155811938906,634.5620097081021,0.0,,1209855.6470440824
2021-07-22 20:00:17.870,1,0.4574861500698644,632.2867214427706,0.0,,1205085.6108819959
2021-07-22 20:00:17.880,1,0.5813144340750411,637.6677863971419,0.0,,1216376.1898667095
2021-07-22 20:00:17.890,1,0.4214853169018401,639.1363319165829,0.0,,1219451.6021262961
2021-07-22 20:00:17.900,1,0.4633194725530423,634.4073877238961,0.0,,1209531.1691597002
2021-07-22 20:00:17.910,1,0.4543649053174437,636.8284612038933,0.0,,1214610.695705074
2021-07-22 20:00:17.920,1,0.5357210994696943,638.3984004165789,0.0,,1217907.3614127855
2021-07-22 20:00:17.930,1,0.442731079193469,628.7654060719967,0.0,,1197702.8061495833
2021-07-22 20:00:17.940,1,0.4463838617966311,635.7148224054049,0.0,,1212272.5104711938
2021-07-22 20:00:17.950,1,0.4900782987916104,632.908274457472,0.0,,1206387.4920354765
2021-07-22 20:00:17.960,1,0.4993190945678545,629.8764838603654,0.0,,1200037.840131609
2021-07-22 20:00:17.970,1,0.4644513865751221,628.9908734312468,0.0,,1198177.5146283857
2021-07-22 20:00:17.980,1,0.5023630569629459,634.4830092700416,0.0,,1209689.7396438338
2021-07-22 20:00:17.990,1,0.5085012143223409,635.1105872372535,0.0,,1211007.8526864932
2021-07-22 20:00:18.000,1,0.47889916070741,633.7011219891972,0.0,,1208050.2420106078
2021-07-22 20:00:18.010,1,0.4663766054229902,627.3684101272478,0.0,,1194780.0514088138
2021-07-22 20:00:18.020,1,0.5187227963790535,629.2239289254552,0.0,,1198666.3252160945
2021-07-22 20:00:18.030,1,0.6049697493729225,626.335568181469,0.0,,1192621.76021738
2021-07-22 20:00:18.040,1,0.515038745744772,626.1714530144982,0.0,,1192272.485269234
2021-07-22 20:00:18.050,1,0.6025034572971367,634.9653456144165,0.0,,1210707.6299855167
2021-07-22 20:00:18.060,1,0.5221817904885917,629.0789737552185,0.0,,1198366.038108452
2021-07-22 20:00:18.070,1,0.6298738383273939,634.5716552064192,0.0,,1209885.0995522814
2021-07-22 20:00:18.080,1,0.6038161658324889,639.1867967792563,0.0,,1219564.839120139
2021-07-22 20:00:18.090,1,0.5414403795380337,634.5854290196879,0.0,,1209906.9215530287
2021-07-22 20:00:18.100,1,0.5684845587364785,632.3933855538006,0.0,,1205312.3513835268
2021-07-22 20:00:18.110,1,0.519884747234151,628.9890777276253,0.0,,1198177.1248261281
2021-07-22 20:00:18.120,1,0.7053432368328041,627.7080048852632,0.0,,1195499.5720450454
2021-07-22 20:00:18.130,1,0.6252932583436195,627.3352955388333,0.0,,1194715.0997329801
2021-07-22 20:00:18.140,1,0.678932186092079,633.1186570457809,0.0,,1206839.2208991144
2021-07-22 20:00:18.150,1,0.7087343946009956,628.5513734936595,0.0,,1197271.8689630828
2021-07-22 20:00:18.160,1,0.5244345534836823,633.6106571076399,0.0,,1207863.710757679
2021-07-22 20:00:18.170,1,0.4912809444604855,629.2201399101821,0.0,,1198657.171614409
2021-07-22 20:00:18.180,1,0.5602297755970291,634.0156256854134,0.0,,1208716.0142634683
2021-07-22 20:00:18.190,1,0.6054225010921461,628.0798711258378,0.0,,1196273.9934939444
2021-07-22 20:00:18.200,1,0.6605735649272639,636.1422835654648,0.0,,1213179.860795581
2021-07-22 20:00:18.210,1,0.7195367676095193,640.0018813866692,0.0,,1221281.9152933827
2021-07-22 20:00:18.220,1,0.7391234109050214,642.5463654061081,0.0,,1226625.0034602957
2021-07-22 20:00:18.230,1,0.6551018577212521,633.4183180029831,0.0,,1207460.4333954204
2021-07-22 20:00:18.240,1,0.6584127927739294,638.9185524386147,0.0,,1218999.8380819305
2021-07-22 20:00:18.250,1,0.6639328240384896,633.9627506553621,0.0,,1208607.1490409453
2021-07-22 20:00:18.260,1,0.7274705594544456,635.8466843986398,0.0,,1212562.3172710936
2021-07-22 20:00:18.270,1,0.7324075699710659,637.9785234451953,0.0,,1217038.9525121213
2021-07-22 20:00:18.280,1,0.6143314710886999,633.5563105252537,0.0,,1207753.0173469086
2021-07-22 20:00:18.290,1,0.557053500836384,638.5848102778252,0.0,,1218300.5401139897
2021-07-22 20:00:18.300,1,0.5798119869959132,633.2341755301072,0.0,,1207074.8190639783
2021-07-22 20:00:18.310,1,0.5954159408526649,639.5226334308524,0.0,,1220265.9775411715
2021-07-22 20:00:18.320,1,0.5924672862925912,635.8159278208568,0.0,,1212490.3304753238
2021-07-22 20:00:18.330,1,0.502293315841698,647.3912750248643,0.0,,1236786.2501981575
2021-07-22 20:00:18.340,1,0.7247087543459072,639.346181780145,0.0,,1219906.9082901338
2021-07-22 20:00:18.350,1,0.6426386593220228,648.2212641907796,0.0,,1238541.4301259401
2021-07-22 20:00:18.360,1,0.5117229294323546,643.0116612239899,0.0,,1227590.3281295465
2021-07-22 20:00:18.370,1,0.5354674130184988,644.7242594135172,0.0,,1231190.0826323088
2021-07-22 20:00:18.380,1,0.7023892618288311,643.9937870233524,0.0,,1229662.534575952
2021-07-22 20:00:18.390,1,0.677379470625551,646.6077811250525,0.0,,1235154.5127138717
2021-07-22 20:00:18.400,1,0.5138497905790097,646.4499338460731,0.0,,1234811.5013345366
2021-07-22 20:00:18.410,1,0.5531373866766246,649.4446518442417,0.0,,1241106.5165258842
2021-07-22 20:00:18.420,1,0.6912815011425864,643.2970699812208,0.0,,1228203.294896094
2021-07-22 20:00:18.430,1,0.4983348153561192,641.6523904330203,0.0,,1224732.5573839445
2021-07-22 20:00:18.440,1,0.5750153789130681,647.2919547406976,0.0,,1236583.7243774512
2021-07-22 20:00:18.450,1,0.4741859414306378,643.517175424123,0.0,,1228651.2807581367
2021-07-22 20:00:18.460,1,0.6325184602035695,646.1085190966621,0.0,,1234101.4390617777
2021-07-22 20:00:18.470,1,0.5174188580868803,651.3631148155982,0.0,,1245138.480039643
2021-07-22 20:00:18.480,1,0.6595449033440061,646.4088439272601,0.0,,1234731.5608149937
2021-07-22 20:00:18.490,1,0.6434126808478692,641.6163289098278,0.0,,1224664.2372537807
2021-07-22 20:00:18.500,1,0.592442463575625,652.6358559456357,0.0,,1247817.045978888
2021-07-22 20:00:18.510,1,0.506093817874482,645.984737761989,0.0,,1233835.045719388
2021-07-22 20:00:18.520,1,0.5227105306486604,643.5064632010312,0.0,,1228627.228561297
2021-07-22 20:00:18.530,1,0.4616464072418932,651.2744165000611,0.0,,1244946.768934724
2021-07-22 20:00:18.540,1,0.5235325572085814,653.857930641189,0.0,,1250385.8440669335
2021-07-22 20:00:18.550,1,0.6008263141209634,655.1814517354733,0.0,,1253170.4558884855
2021-07-22 20:00:18.560,1,0.5827891771510401,656.5949544445629,0.0,,1256151.6870066186
2021-07-22 20:00:18.570,1,0.6201973244485262,652.6634748258689,0.0,,1247879.0122196847
2021-07-22 20:00:18.580,1,0.5198512630719191,644.8559084456549,0.0,,1231459.355214107
2021-07-22 20:00:18.590,1,0.5870493223972472,652.8911007173872,0.0,,1248357.263628929
2021-07-22 20:00:18.600,1,0.4288194921698519,655.2754762960593,0.0,,1253362.4780729255
2021-07-22 20:00:18.610,1,0.440078858442026,658.0510605442912,0.0,,1259208.9324377135
2021-07-22 20:00:18.620,1,0.5143543415235032,647.345282424621,0.0,,1236691.6993175687
2021-07-22 20:00:18.630,1,0.573422854178941,655.4268375506749,0.0,,1253688.1648530383
2021-07-22 20:00:18.640,1,0.5963542028275262,648.8399143275897,0.0,,1239836.5070194409
2021-07-22 20:00:18.650,1,0.554481995016542,651.9571180055606,0.0,,1246389.9902503646
2021-07-22 20:00:18.660,1,0.4145489355475094,652.9174724354359,0.0,,1248404.1164975218
2021-07-22 20:00:18.670,1,0.497422563269421,656.4019348449111,0.0,,1255740.1643751645
2021-07-22 20:00:18.680,1,0.431011936590448,648.8173773677129,0.0,,1239780.5932267033
2021-07-22 20:00:18.690,1,0.5746420766197322,653.7072621312977,0.0,,1250072.27568904
2021-07-22 20:00:18.700,1,0.4562079207463478,658.907105402399,0.0,,1261009.8407229
2021-07-22 20:00:18.710,1,0.4073143938129263,647.8899834906861,0.0,,1237829.7300058
2021-07-22 20:00:18.720,1,0.4191407671364603,656.0013590488221,0.0,,1254893.956735227
2021-07-22 20:00:18.730,1,0.5733336470742499,651.6135325029122,0.0,,1245667.189088172
2021-07-22 20:00:18.740,1,0.4142331011059504,652.3054966119264,0.0,,1247119.22863282
2021-07-22 20:00:18.750,1,0.5694672834561404,656.6295329545252,0.0,,1256221.4054110467
2021-07-22 20:00:18.760,1,0.4982311533593044,657.6255213417668,0.0,,1258313.7446594655
2021-07-22 20:00:18.770,1,0.5243301825674479,653.2940886254388,0.0,,1249200.1883994404
2021-07-22 20:00:18.780,1,0.4914554204223076,652.770028018193,0.0,,1248100.3116425383
2021-07-22 20:00:18.790,1,0.4442194017588841,652.7621811384556,0.0,,1248075.6970155211
2021-07-22 20:00:18.800,1,0.3839164554330504,651.8589749184956,0.0,,1246171.6722671292
2021-07-22 20:00:18.810,1,0.3966756091952621,648.7867949043873,0.0,,1239719.7801038467
2021-07-22 20:00:18.820,1,0.3699383674888394,653.9909953868096,0.0,,1250664.0648503166
2021-07-22 20:00:18.830,1,0.3816115577004563,647.8890347014312,0.0,,1237828.1685788715
2021-07-22 20:00:18.840,1,0.5138416199173068,656.9485013811693,0.0,,1256886.451575671
2021-07-22 20:00:18.850,1,0.4038899892174514,649.8451904106482,0.0,,1241942.8182236198
2021-07-22 20:00:18.860,1,0.5291814252897159,647.377146553045,0.0,,1236760.8358341288
2021-07-22 20:00:18.870,1,0.5451101926545039,653.3975836056152,0.0,,1249418.5708900488
2021-07-22 20:00:18.880,1,0.5081039369228378,652.8896242315969,0.0,,1248349.6229870645
2021-07-22 20:00:18.890,1,0.4534961066804359,652.100642083196,0.0,,1246688.6384958443
2021-07-22 20:00:18.900,1,0.418104866467736,655.7805812388217,0.0,,1254425.7791744322
2021-07-22 20:00:18.910,1,0.5181540806673662,652.125640621465,0.0,,1246742.5365488895
2021-07-22 20:00:18.920,1,0.501501749629071,651.2218357708183,0.0,,1244842.9892536884
2021-07-22 20:00:18.930,1,0.4357977718188148,645.3586146355501,0.0,,1232517.7171462814
2021-07-22 20:00:18.940,1,0.3974767971625033,647.954763946915,0.0,,1237968.0361561782
2021-07-22 20:00:18.950,1,0.4086458668777057,646.5170033395052,0.0,,1234946.8839989838
2021-07-22 20:00:18.960,1,0.4682871868478211,648.3050960855312,0.0,,1238705.7511535482
2021-07-22 20:00:18.970,1,0.5087113488019253,652.7824652683781,0.0,,1248123.3978650393
2021-07-22 20:00:18.980,1,0.4579556091494457,647.2875056102765,0.0,,1236569.9035894882
2021-07-22 20:00:18.990,1,0.3864714529474642,655.158707128891,0.0,,1253113.5659407114
2021-07-22 20:00:19.000,1,0.5004779976320455,645.5070882011003,0.0,,1232829.7026190653
2021-07-22 20:00:19.010,1,0.4063739985649644,645.9355668745857,0.0,,1233727.682964755
2021-07-22 20:00:19.020,1,0.5180025070960704,651.2431316711666,0.0,,1244886.7758264842
2021-07-22 20:00:19.030,1,0.4867970853213211,645.1559775344916,0.0,,1232091.3746843222
2021-07-22 20:00:19.040,1,0.5109378816008047,646.440196072519,0.0,,1234792.2671112614
2021-07-22 20:00:19.050,1,0.4652063447346783,645.3572246122833,0.0,,1232512.9164314338
2021-07-22 20:00:19.060,1,0.5479836421048732,643.6139721548777,0.0,,1228859.0663007025
2021-07-22 20:00:19.070,1,0.4595520499195425,647.6440079773951,0.0,,1237320.0976390496
2021-07-22 20:00:19.080,1,0.5618495500115954,643.4404837598968,0.0,,1228496.1735841774
2021-07-22 20:00:19.090,1,0.4289239254591787,644.0325438802141,0.0,,1229727.0278088371
2021-07-22 20:00:19.100,1,0.4699843420800104,642.0429876807572,0.0,,1225552.9666760128
2021-07-22 20:00:19.110,1,0.3930442363964465,643.1391736707523,0.0,,1227851.9068210605
2021-07-22 20:00:19.120,1,0.4958997672715395,640.9045983726862,0.0,,1223161.3979019944
2021-07-22 20:00:19.130,1,0.4295169690000431,640.1195718528364,0.0,,1221516.9650473895
2021-07-22 20:00:19.140,1,0.4245211438778166,643.3850593714398,0.0,,1228370.522115762
2021-07-22 20:00:19.150,1,0.5685855660985848,647.8012668298068,0.0,,1237652.1998946425
2021-07-22 20:00:19.160,1,0.4352471271777262,641.5729212221821,0.0,,1224563.4764664161
2021-07-22 20:00:19.170,1,0.5533426957344535,641.6786083643417,0.0,,1224792.9521081503
2021-07-22 20:00:19.180,1,0.4113783438473146,645.889672713389,0.0,,1233633.5185247762
2021-07-22 20:00:19.190,1,0.5340444560501304,641.6284727481465,0.0,,1224683.4438591737
2021-07-22 20:00:19.200,1,0.5361678459407432,643.5703241416377,0.0,,1228765.3711598834
2021-07-22 20:00:19.210,1,0.4473746426884285,644.3969052343971,0.0,,1230493.7838158829
2021-07-22 20:00:19.220,1,0.4034969091339553,640.2525868260767,0.0,,1221793.5471164286
2021-07-22 20:00:19.230,1,0.4792432200415134,641.0220418693217,0.0,,1223411.2945056353
2021-07-22 20:00:19.240,1,0.4995772505744303,641.8489624232272,0.0,,1225145.7166374072
2021-07-22 20:00:19.250,1,0.4484124132952728,637.0295971795069,0.0,,1215031.3794312964
2021-07-22 20:00:19.260,1,0.4649198723480176,645.002725346363,0.0,,1231764.430205167
2021-07-22 20:00:19.270,1,0.4535441766422793,640.7198927364564,0.0,,1222775.896298021
2021-07-22 20:00:19.280,1,0.4522765666092762,637.0290580203597,0.0,,1215030.8904456485
2021-07-22 20:00:19.290,1,0.587584080002181,633.238303999406,0.0,,1207085.2218492525
2021-07-22 20:00:19.300,1,0.5881100184967042,635.4738826718617,0.0,,1211770.273210941
2021-07-22 20:00:19.310,1,0.4918422643359634,635.2433720242469,0.0,,1211282.496092006
2021-07-22 20:00:19.320,1,0.5227680648428188,644.1044836559378,0.0,,1229886.3989890055
2021-07-22 20:00:19.330,1,0.5856481578580406,636.9231959259536,0.0,,1214810.3235389055
2021-07-22 20:00:19.340,1,0.5575601155474339,639.3785608721221,0.0,,1219967.3057698782
2021-07-22 20:00:19.350,1,0.4255581409522986,640.8197933091548,0.0,,1222983.192286927
2021-07-22 20:00:19.360,1,0.4769366067422116,644.5919748459156,0.0,,1230904.6859091762
2021-07-22 20:00:19.370,1,0.5115410440018479,641.6934129466803,0.0,,1224824.8761911318
2021-07-22 20:00:19.380,1,0.5449297240080048,637.7490083871589,0.0,,1216542.7164522691
2021-07-22 20:00:19.390,1,0.4582368911630418,640.4028217552833,0.0,,1222107.8953368273
2021-07-22 20:00:19.400,1,0.4621210763997093,635.8523141388002,0.0,,1212562.27253182
2021-07-22 20:00:19.410,1,0.4281773562966862,639.449830398809,0.0,,1220109.8315030823
2021-07-22 20:00:19.420,1,0.5883808420294921,638.1459836538501,0.0,,1217378.8780101168
2021-07-22 20:00:19.430,1,0.4926196833094876,638.2117479158406,0.0,,1217513.5980417773
2021-07-22 20:00:19.440,1,0.4524385742322413,635.7194642981331,0.0,,1212281.9868766447
2021-07-22 20:00:19.450,1,0.5422181274964207,638.8129106472823,0.0,,1218773.8072372382
2021-07-22 20:00:19.460,1,0.4434385718717256,642.3531180754247,0.0,,1226200.999281569
2021-07-22 20:00:19.470,1,0.581208114564943,648.1707536442723,0.0,,1238429.7323212943
2021-07-22 20:00:19.480,1,0.482202424921565,639.949069235633,0.0,,1221159.1429771848
2021-07-22 20:00:19.490,1,0.5246528093246984,639.2113145572897,0.0,,1219611.6906467776
2021-07-22 20:00:19.500,1,0.4092429034406406,645.0577650567358,0.0,,1231881.917305049
2021-07-22 20:00:19.510,1,0.5062928164472307,643.3579460453707,0.0,,1228321.6744117697
2021-07-22 20:00:19.520,1,0.3876781746876002,645.2290426885512,0.0,,1232240.0640105023
2021-07-22 20:00:19.530,1,0.5124671866343656,640.8671627839858,0.0,,1223085.8088530768
2021-07-22 20:00:19.540,1,0.4636439082544649,643.0927788358869,0.0,,1227756.7708563586
2021-07-22 20:00:19.550,1,0.3863086113447213,642.2064221408076,0.0,,1225890.2824740156
2021-07-22 20:00:19.560,1,0.4041830356248737,642.8229674844741,0.0,,1227187.2979840166
2021-07-22 20:00:19.570,1,0.5071591778961018,643.0194592791178,0.0,,1227607.3324181938
2021-07-22 20:00:19.580,1,0.3836351743841458,644.1315808950194,0.0,,1229938.5247493212
2021-07-22 20:00:19.590,1,0.4766033414203265,641.2285515823363,0.0,,1223843.7333557855
2021-07-22 20:00:19.600,1,0.4220817511754226,643.5427270617566,0.0,,1228702.0448484393
2021-07-22 20:00:19.610,1,0.5352582770892054,648.5676330501142,0.0,,1239264.370761113
2021-07-22 20:00:19.620,1,0.4705657069301569,647.0826559557538,0.0,,1236137.6178484103
2021-07-22 20:00:19.630,1,0.3930729202736186,647.9072851096516,0.0,,1237863.985610593
2021-07-22 20:00:19.640,1,0.4981731570521838,644.2908858225459,0.0,,1230276.8421729272
2021-07-22 20:00:19.650,1,0.4614713883626765,645.9086039135734,0.0,,1233672.3569843073
2021-07-22 20:00:19.660,1,0.5130683697611103,651.5310090386472,0.0,,1245496.3850481624
2021-07-22 20:00:19.670,1,0.4846849368413976,648.3700828292356,0.0,,1238847.535071277
2021-07-22 20:00:19.680,1,0.4413010176180075,649.7051252006119,0.0,,1241649.9098024662
2021-07-22 20:00:19.690,1,0.3953366415036481,648.109922927836,0.0,,1238295.4795455136
2021-07-22 20:00:19.700,1,0.4421672515499528,653.7941426322056,0.0,,1250250.4660800924
2021-07-22 20:00:19.710,1,0.3894693214231576,646.6246371796502,0.0,,1235173.3222915197
2021-07-22 20:00:19.720,1,0.4332544753305383,650.4034439880104,0.0,,1243116.650786045
2021-07-22 20:00:19.730,1,0.4449835400896182,650.4162503114379,0.0,,1243144.4547285947
2021-07-22 20:00:19.740,1,0.3471367864425471,642.1826186565818,0.0,,1225839.5771205497
2021-07-22 20:00:19.750,1,0.4602507890310546,648.2099863313944,0.0,,1238508.3479368542
2021-07-22 20:00:19.760,1,0.3548947230086912,656.1058556404921,0.0,,1255106.0731185442
2021-07-22 20:00:19.770,1,0.4194495568317007,652.6569436042812,0.0,,1247854.639503707
2021-07-22 20:00:19.780,1,0.3248467973780566,648.3879083523755,0.0,,1238878.1000126898
2021-07-22 20:00:19.790,1,0.3797059650710597,658.7545111641,0.0,,1260681.7602878115
2021-07-22 20:00:19.800,1,0.4493479373717411,647.3852648544284,0.0,,1236774.2909373364
2021-07-22 20:00:19.810,1,0.3748211866309873,650.5757628246376,0.0,,1243474.2203374282
2021-07-22 20:00:19.820,1,0.3474283726091838,647.0827057367466,0.0,,1236134.9901418388
2021-07-22 20:00:19.830,1,0.4012369660450672,656.1516754799776,0.0,,1255204.9136114616
2021-07-22 20:00:19.840,1,0.414513001953211,661.3518264844298,0.0,,1266151.5876109437
2021-07-22 20:00:19.850,1,0.4287773259804084,652.0014748570608,0.0,,1246475.335683752
2021-07-22 20:00:19.860,1,0.3753056297984876,650.6287358032033,0.0,,1243587.3295246586
2021-07-22 20:00:19.870,1,0.4256437248658549,650.0987944487596,0.0,,1242476.585369212
2021-07-22 20:00:19.880,1,0.3582709611504503,657.5693758458027,0.0,,1258182.715951859
2021-07-22 20:00:19.890,1,0.3648151603258661,653.5996038727823,0.0,,1249834.7902016062
2021-07-22 20:00:19.900,1,0.4105554664128383,646.0181025658554,0.0,,1233903.7197267106
2021-07-22 20:00:19.910,1,0.3118410937888188,659.107012865875,0.0,,1261422.995883768
2021-07-22 20:00:19.920,1,0.3555079277270338,659.7816817580381,0.0,,1262845.2441888147
2021-07-22 20:00:19.930,1,0.3948502922352012,647.902783344885,0.0,,1237856.0576973017
2021-07-22 20:00:19.940,1,0.3683119420666466,659.5575495737057,0.0,,1262370.1598123875
2021-07-22 20:00:19.950,1,0.3397102436173664,654.8242002127373,0.0,,1252409.7289858437
2021-07-22 20:00:19.960,1,0.385721554575497,652.7376522395111,0.0,,1248024.0310171905
2021-07-22 20:00:19.970,1,0.3740643936722687,660.2688325827486,0.0,,1263869.5097333167
2021-07-22 20:00:19.980,1,0.3411323579933027,651.6070943553805,0.0,,1245645.7322622242
2021-07-22 20:00:19.990,1,0.3747902231265506,654.4560424458032,0.0,,1251639.139842581
2021-07-22 20:00:20.000,0,0.4309433711004478,657.1531562130799,0.0,,1257315.7986219912
2021-07-22 20:00:20.010,0,0.3952652098152781,656.098726208291,0.0,,1255095.3993704934
2021-07-22 20:00:20.020,0,0.4076944603359357,660.3514626128339,0.0,,1264045.480222
2021-07-22 20:00:20.030,0,0.4394527800513111,661.8816649625822,0.0,,1267271.9364475906
2021-07-22 20:00:20.040,0,0.3609638568589487,656.5042620620761,0.0,,1255944.6331538812
2021-07-22 20:00:20.050,0,0.3949166423433029,659.3949185736983,0.0,,1262031.292604259
2021-07-22 20:00:20.060,0,0.3709120586467004,658.3514610089247,0.0,,1259834.5771685399
2021-07-22 20:00:20.070,0,0.3558783886267623,654.8882141502438,0.0,,1252545.5003270283
2021-07-22 20:00:20.080,0,0.4135660112579983,663.0491449563691,0.0,,1269731.4028509057
2021-07-22 20:00:20.090,0,0.3222684353093294,657.8528304351793,0.0,,1258780.8975301106
2021-07-22 20:00:20.100,0,0.4613732994903126,655.4554638435502,0.0,,1253745.7306977683
2021-07-22 20:00:20.110,0,0.3596286839691846,654.5354517695044,0.0,,1251802.4591595326
2021-07-22 20:00:20.120,0,0.4198612667169306,656.8717356085838,0.0,,1256720.1464182031
2021-07-22 20:00:20.130,0,0.4668481381213665,646.3170937392704,0.0,,1234534.3958743522
2021-07-22 20:00:20.140,0,0.3391885621855762,630.58533245796,0.0,,1201512.2397151673
2021-07-22 20:00:20.150,0,0.3351220691825043,611.788046353569,0.0,,1162171.883979615
2021-07-22 20:00:20.160,0,0.3348365640498857,591.2549125319803,0.0,,1119340.5427140435
2021-07-22 20:00:20.170,0,0.4198747394507672,572.911070814194,0.0,,1081207.143962529
2021-07-22 20:00:20.180,0,0.3280546659491648,549.1680983617513,0.0,,1032016.6089897876
2021-07-22 20:00:20.190,0,0.4023530150936767,526.4712509922233,0.0,,985200.5937901639
2021-07-22 20:00:20.200,0,0.3795036333823661,498.7319782081093,0.0,,928257.6639860419
2021-07-22 20:00:20.210,0,0.3204398091703047,468.85850366686407,0.0,,867278.009061465
2021-07-22 20:00:20.220,0,0.2997089709451764,436.0356253151599,0.0,,800735.0064915008
2021-07-22 20:00:20.230,0,0.3127121997587866,415.049260512147,0.0,,758441.4562116025
2021-07-22 20:00:20.240,0,0.2988842319260263,385.8902527819537,0.0,,700043.5505946715
2021-07-22 20:00:20.250,0,0.2602231737736004,360.1886766862607,0.0,,648929.958928231
2021-07-22 20:00:20.260,0,0.1885940804614335,332.8077335819807,0.0,,594879.1164225214
2021-07-22 20:00:20.270,0,0.1913780873601926,308.2688775936511,0.0,,546812.4361694668
2021-07-22 20:00:20.280,0,0.2116250020703586,282.5124943321848,1.0,,496776.8516290392
2021-07-22 20:00:20.290,0,0.2026610319427769,259.3304871120883,1.0,,452123.80441248015
2021-07-22 20:00:20.300,0,0.1662386429834437,237.81769799935668,1.0,,411041.97760904557
2021-07-22 20:00:20.310,0,0.1807871577921134,216.1752006767162,1.0,,370094.45738098025
2021-07-22 20:00:20.320,0,0.114218508374939,195.74443352195632,1.0,,331803.69459557836
2021-07-22 20:00:20.330,0,0.1094268201303818,174.4030283932077,1.0,,292233.3220122306
2021-07-22 20:00:20.340,0,0.0950050930399696,159.12844976570048,1.0,,264210.6542441269
2021-07-22 20:00:20.350,0,0.105746083941186,140.88445286112773,1.0,,231088.4235014836
2021-07-22 20:00:20.360,0,0.079960106501885,125.21051650419147,1.0,,202968.39405691478
2021-07-22 20:00:20.370,0,0.0897599071867191,110.809718939606,1.0,,177448.39607881967
2021-07-22 20:00:20.380,0,0.082064060773248,97.198178650768,1.0,,153627.10218171103
2021-07-22 20:00:20.390,0,0.0657311972902023,85.5174658726297,2.0,,133442.66577722246
2021-07-22 20:00:20.400,0,0.0549604726430308,72.70020949265273,2.0,,111620.9613824772
2021-07-22 20:00:20.410,0,0.0502794011510932,62.89129856117621,2.0,,95172.39407870997
2021-07-22 20:00:20.420,0,0.0348179174410892,53.042326739811934,2.0,,78909.11431214128
2021-07-22 20:00:20.430,0,0.0369888108104651,44.62487376954552,2.0,,65255.83430023829
2021-07-22 20:00:20.440,0,0.0265274972970135,37.046762155600746,2.0,,53174.8077665564
2021-07-22 20:00:20.450,0,0.0262472440850752,29.50317521928061,2.0,,41396.249128780226
2021-07-22 20:00:20.460,0,0.0195610955702655,23.295017446695446,2.0,,31922.321793604784
2021-07-22 20:00:20.470,0,-0.0015394506462572,17.60205561459729,2.0,,23462.305459022155
2021-07-22 20:00:20.480,0,0.0074092098389588,12.610761065182045,2.0,,16261.027388489469
2021-07-22 20:00:20.490,0,0.0060052083626107,8.286195355139753,2.0,,10247.01826446488
2021-07-22 20:00:20.500,0,0.0019737871282535,4.38375965143289,2.0,,5095.121824153352
2021-07-22 20:00:20.510,0,0.0012161215476436,1.0427870848658365,2.0,,1056.2458266363233
2021-07-22 20:00:20.520,0,0.0080453048985429,0.0,2.0,,9.384936625742727
2021-07-22 20:00:20.530,0,-0.0003439560543161,0.0,2.0,,11.295543745515833
2021-07-22 20:00:20.540,0,-0.0051106152905254,0.0,2.0,,9.46301987260246
2021-07-22 20:00:20.550,0,-0.0071626116074243,0.0,2.0,,9.895043585020526
2021-07-22 20:00:20.560,0,-0.0078642446070811,0.0,2.0,,9.205665174964492
2021-07-22 20:00:20.570,0,-0.0086881534105011,0.0,2.0,,11.325456404489756
2021-07-22 20:00:20.580,0,-0.0072409073501556,0.0,2.0,,7.205008261822286
2021-07-22 20:00:20.590,0,-0.0088403818489319,0.0,2.0,,7.593907670026305
2021-07-22 20:00:20.600,0,-0.0120454418184478,0.0,2.0,,9.745444669707792
2021-07-22 20:00:20.610,0,-0.0091799490127143,0.0,2.0,,10.364030950206333
2021-07-22 20:00:20.620,0,-0.0096132591636027,0.0,2.0,,12.019599564443233
2021-07-22 20:00:20.630,0,-0.0072269916527239,0.0,2.0,,10.999076245243039
2021-07-22 20:00:20.640,0,-0.0099687933904257,0.0,2.0,,10.26755690631787
2021-07-22 20:00:20.650,0,-0.0067620886184919,0.0,2.0,,10.053164246929752
2021-07-22 20:00:20.660,0,-0.0108454461167627,0.0,2.0,,13.254754943515177
2021-07-22 20:00:20.670,0,-0.0081567183206984,0.0,2.0,,7.847671695223193
2021-07-22 20:00:20.680,0,-0.0082407801223493,0.0,2.0,,11.107281049102898
2021-07-22 20:00:20.690,0,-0.0035287037359682,0.0,2.0,,10.176728376839801
2021-07-22 20:00:20.700,0,-0.0091008244995151,0.0,2.0,,9.177821461640292
2021-07-22 20:00:20.710,0,-0.006987987751358,0.0,2.0,,10.684414100914148
2021-07-22 20:00:20.720,0,-0.0092648404348718,0.0,2.0,,11.746178041781368
2021-07-22 20:00:20.730,0,-0.0060436573594533,0.0,2.0,,7.63462499206678
2021-07-22 20:00:20.740,0,-0.0050697705531345,0.0,2.0,,8.702351406203585
2021-07-22 20:00:20.750,0,-0.0092830552528883,0.0,2.0,,7.460858126348196
2021-07-22 20:00:20.760,0,7.13041484239731e-05,0.0,2.0,,11.111518949203742
2021-07-22 20:00:20.770,0,-0.006486367432172,0.0,2.0,,8.1875127309924
2021-07-22 20:00:20.780,0,-0.0043831293531976,0.0,2.0,,14.14495408459458
2021-07-22 20:00:20.790,0,-0.0105432350925736,0.0,2.0,,7.567834349241673
2021-07-22 20:00:20.800,0,-0.0048214822389435,0.0,2.0,,10.462106599345644
2021-07-22 20:00:20.810,0,-0.0049141219451411,0.0,2.0,,8.595215765014963
2021-07-22 20:00:20.820,0,-0.0063851340787261,0.0,2.0,,9.348775645934953
2021-07-22 20:00:20.830,0,-0.0002346855695302,0.0,2.0,,6.490248540321744
2021-07-22 20:00:20.840,0,-0.0034065647213112,0.0,2.0,,9.551581254234868
2021-07-22 20:00:20.850,0,0.0021354261230854,0.0,2.0,,11.105881691478967
2021-07-22 20:00:20.860,0,-0.0010614736123259,0.0,2.0,,9.960890126968454
2021-07-22 20:00:20.870,0,-0.0059124829312453,0.0,2.0,,6.807027019773329
2021-07-22 20:00:20.880,0,-0.0005642807866756,0.0,2.0,,8.947498706736164
2021-07-22 20:00:20.890,0,-0.0017639137893689,0.0,2.0,,10.382444599648123
2021-07-22 20:00:20.900,0,-0.0047917690375414,0.0,2.0,,12.600125836240379
2021-07-22 20:00:20.910,0,0.0032614748404116,0.0,2.0,,7.537862644551968
2021-07-22 20:00:20.920,0,-0.0025965354359878,0.0,2.0,,9.73517902831439
2021-07-22 20:00:20.930,0,-0.0027331187634848,0.0,2.0,,7.364923408956878
2021-07-22 20:00:20.940,0,0.0007719407583003,0.0,2.0,,12.103212542910498
2021-07-22 20:00:20.950,0,-0.0014530074663216,0.0,2.0,,12.090346427085471
2021-07-22 20:00:20.960,0,0.0021403430532316,0.0,2.0,,11.499856928051768
2021-07-22 20:00:20.970,0,-0.0024870295203798,0.0,2.0,,9.096376010859592
2021-07-22 20:00:20.980,0,-0.0056595527049689,0.0,2.0,,9.968815199660721
2021-07-22 20:00:20.990,0,0.001730064388284,0.0,2.0,,7.077668962087711
2021-07-22 20:00:21.000,1,-0.002888452883243,0.0,2.0,,10.352057523256102
2021-07-22 20:00:21.010,1,-0.0023458137883262,0.0,2.0,,8.411168527229707
2021-07-22 20:00:21.020,1,0.002444246673143,0.0,2.0,,13.563435013503998
2021-07-22 20:00:21.030,1,-0.0018071253203607,0.0143791482227231,2.0,,22.450502040205944
2021-07-22 20:00:21.040,1,0.0027601658145736,0.0667981323748534,2.0,,60.99234718111936
2021-07-22 20:00:21.050,1,-0.0015826014948156,0.1114673076615225,2.0,,96.16249916097958
2021-07-22 20:00:21.060,1,-0.0001483117069344,0.1487602708610379,2.0,,135.79749897037763
2021-07-22 20:00:21.070,1,-0.0016115858060962,0.1808183358568085,2.0,,162.54757112215344
2021-07-22 20:00:21.080,1,0.0020322973706771,0.2062905506749097,2.0,,186.54889797746046
2021-07-22 20:00:21.090,1,0.0052318193024901,0.2251369353738216,2.0,,205.3991228221022
2021-07-22 20:00:21.100,1,0.0010308743172468,0.2395374053184308,2.0,,220.241986392838
2021-07-22 20:00:21.110,1,-0.0043453508870649,0.2486145064396923,2.0,,223.3896739201728
2021-07-22 20:00:21.120,1,0.0001105093691741,1.7457581728579996,2.0,,1854.5289120924822
2021-07-22 20:00:21.130,1,0.0008857538949575,5.916943253114615,2.0,,7077.845956156448
2021-07-22 20:00:21.140,1,0.0064815492522813,12.409390120341143,2.0,,15970.25368721096
2021-07-22 20:00:21.150,1,0.01504645069798,20.681993704138872,2.0,,28008.832603044662
2021-07-22 20:00:21.160,1,0.0115522756829313,30.747833483366453,2.0,,43320.54032997072
2021-07-22 20:00:21.170,1,0.0213272032473251,41.39793571306412,2.0,,60083.6540242865
2021-07-22 20:00:21.180,1,0.036629040788649,53.72702073388536,2.0,,80035.84385505806
2021-07-22 20:00:21.190,1,0.0591601614315441,66.61205587610897,2.0,,101382.33494062434
2021-07-22 20:00:21.200,1,0.0647168853407878,79.95492544869899,2.0,,123929.25797286817
2021-07-22 20:00:21.210,1,0.0850096537301437,93.79570351058165,1.0,,147722.50109635442
2021-07-22 20:00:21.220,1,0.0798272923050562,110.36941475733734,1.0,,176669.69266886756
2021-07-22 20:00:21.230,1,0.0888977751413594,126.46644332439764,1.0,,205211.8970216358
2021-07-22 20:00:21.240,1,0.1010369282858078,145.29735606716628,1.0,,239059.1239618565
2021-07-22 20:00:21.250,1,0.1457953345453867,164.17687944107195,1.0,,273445.45313508733
2021-07-22 20:00:21.260,1,0.1799308783452037,184.0765973284581,1.0,,310115.41566416266
2021-07-22 20:00:21.270,1,0.1348411162236174,203.97211296749904,1.0,,347172.6209729669
2021-07-22 20:00:21.280,1,0.161153147998958,223.93610188061243,1.0,,384729.686915484
2021-07-22 20:00:21.290,1,0.1920655811055748,244.7940561698452,1.0,,424323.79495624895
2021-07-22 20:00:21.300,1,0.2236840340288112,263.4725767147695,1.0,,460076.4497855736
2021-07-22 20:00:21.310,1,0.2780777371933406,283.5800576374037,0.0,,498843.1885274232
2021-07-22 20:00:21.320,1,0.219209393251321,301.7170706807652,0.0,,534044.0943452037
2021-07-22 20:00:21.330,1,0.3246751550443619,322.07585374373053,0.0,,573817.157518037
2021-07-22 20:00:21.340,1,0.2546017605821165,345.07535587466384,0.0,,619046.6274135755
2021-07-22 20:00:21.350,1,0.2861830283144956,360.1052332301812,0.0,,648762.6511760685
2021-07-22 20:00:21.360,1,0.3403932968611146,382.6316289651363,0.0,,693543.3538641884
2021-07-22 20:00:21.370,1,0.3663564909741298,399.9532655363186,0.0,,728162.8802226551
2021-07-22 20:00:21.380,1,0.359058042782276,417.072300804189,0.0,,762516.3299625778
2021-07-22 20:00:21.390,1,0.3138791762099224,437.9915111587232,0.0,,804688.0682246196
2021-07-22 20:00:21.400,1,0.4049715807461608,448.4761678473775,0.0,,825904.3775146491
2021-07-22 20:00:21.410,1,0.4377276074390169,472.5482696350531,0.0,,874796.5567131464
2021-07-22 20:00:21.420,1,0.4667484881879087,488.2922750086817,0.0,,906907.573931896
2021-07-22 20:00:21.430,1,0.519031926210242,502.35261565940806,0.0,,935678.3354911837
2021-07-22 20:00:21.440,1,0.384190932649378,517.9897794839961,0.0,,967754.6911242638
2021-07-22 20:00:21.450,1,0.5230316767419625,534.3596598828634,0.0,,1001459.697636429
2021-07-22 20:00:21.460,1,0.4433982734141694,547.3417806853594,0.0,,1028244.8715137932
2021-07-22 20:00:21.470,1,0.5972740230086371,560.038915618669,0.0,,1054526.5402959199
2021-07-22 20:00:21.480,1,0.5553389911712462,566.3634143282037,0.0,,1067627.7797405878
2021-07-22 20:00:21.490,1,0.5022980652205,582.4331023154513,0.0,,1100992.8197555218
2021-07-22 20:00:21.500,1,0.4850284259282724,588.6405036290465,0.0,,1113903.4505517322
2021-07-22 20:00:21.510,1,0.6034697926701023,598.4803124629512,0.0,,1134411.6979496197
2021-07-22 20:00:21.520,1,0.6726260093467231,603.2043987525459,0.0,,1144268.0753107592
2021-07-22 20:00:21.530,1,0.5463520467110665,616.0214754489956,0.0,,1171036.2089067304
2021-07-22 20:00:21.540,1,0.5714507652608676,620.669773093417,0.0,,1180757.368294808
2021-07-22 20:00:21.550,1,0.6945272303997234,626.4597769713156,0.0,,1192887.4034670747
2021-07-22 20:00:21.560,1,0.5390074775466449,630.1858771650383,0.0,,1200680.184409203
2021-07-22 20:00:21.570,1,0.7233978975706626,635.2181047844239,0.0,,1211240.5234714656
2021-07-22 20:00:21.580,1,0.6361900612893111,641.1644643994614,0.0,,1223718.52057608
2021-07-22 20:00:21.590,1,0.5259162602688349,645.4609647267818,0.0,,1232735.0172246099
2021-07-22 20:00:21.600,1,0.7380092546908512,651.5157869416591,0.0,,1245473.964248038
2021-07-22 20:00:21.610,1,0.5420260888952307,655.1040131786817,0.0,,1253010.9842851474
2021-07-22 20:00:21.620,1,0.5501463522715965,659.9058597860237,0.0,,1263119.7388087553
2021-07-22 20:00:21.630,1,0.6374275548264706,656.8525894204743,0.0,,1256691.9470076407
2021-07-22 20:00:21.640,1,0.6060627444234798,662.6848540289734,0.0,,1268968.4308593355
2021-07-22 20:00:21.650,1,0.7531500649203353,663.6921941188704,0.0,,1271099.6184654818
2021-07-22 20:00:21.660,1,0.6361713346303237,660.9633516975274,0.0,,1265349.3302747244
2021-07-22 20:00:21.670,1,0.7700462148159681,664.5727133987363,0.0,,1272955.7336658086
2021-07-22 20:00:21.680,1,0.5366774818285887,665.3849509829865,0.0,,1274652.886128246
2021-07-22 20:00:21.690,1,0.5876653797473432,672.6539401881951,0.0,,1289986.3711843733
2021-07-22 20:00:21.700,1,0.5217686122658702,670.6459636750627,0.0,,1285743.9661429252
2021-07-22 20:00:21.710,1,0.5663637843898073,664.7808326162512,0.0,,1273379.3666884324
2021-07-22 20:00:21.720,1,0.6748692014484176,673.0197842597747,0.0,,1290760.278479674
2021-07-22 20:00:21.730,1,0.5902003530559283,667.6494540773886,0.0,,1279430.1460476662
2021-07-22 20:00:21.740,1,0.7524119467478481,674.1784794749764,0.0,,1293205.1531730322
2021-07-22 20:00:21.750,1,0.5242809052249136,669.3867963841311,0.0,,1283088.6197626707
2021-07-22 20:00:21.760,1,0.7575666287087973,668.1512947648667,0.0,,1280499.161453583
2021-07-22 20:00:21.770,1,0.6535315716221389,667.233406137364,0.0,,1278557.3630092933
2021-07-22 20:00:21.780,1,0.6552642192712315,671.4240833600587,0.0,,1287397.0520706177
2021-07-22 20:00:21.790,1,0.6268143169783732,664.8287242179506,0.0,,1273484.8924373018
2021-07-22 20:00:21.800,1,0.652876145287154,673.2706645168397,0.0,,1291287.543935287
2021-07-22 20:00:21.810,1,0.6925579794559429,669.5163063623892,0.0,,1283370.6108562823
2021-07-22 20:00:21.820,1,0.5945546044991707,666.5493905586983,0.0,,1277111.740718194
2021-07-22 20:00:21.830,1,0.6542528683624597,668.0744316970048,0.0,,1280329.6223847056
2021-07-22 20:00:21.840,1,0.6963458080203394,666.057109478103,0.0,,1276074.4289501407
2021-07-22 20:00:21.850,1,0.7196747116070306,670.7378918282832,0.0,,1285948.7284515891
2021-07-22 20:00:21.860,1,0.7132407516745379,672.1712723236262,0.0,,1288972.347996915
2021-07-22 20:00:21.870,1,0.6837313895486631,666.7758031078963,0.0,,1277594.557933393
2021-07-22 20:00:21.880,1,0.5085495350057262,671.3120166261672,0.0,,1287152.6970408477
2021-07-22 20:00:21.890,1,0.5282764511831545,670.069545074299,0.0,,1284527.3950513396
2021-07-22 20:00:21.900,1,0.6692330921384062,662.9613547207564,0.0,,1269559.3238419187
2021-07-22 20:00:21.910,1,0.6533219292722687,669.0959588430187,0.0,,1282486.5067653775
2021-07-22 20:00:21.920,1,0.5242793918510289,662.5589829652628,0.0,,1268697.8415433369
2021-07-22 20:00:21.930,1,0.5505131393428117,660.4156576891312,0.0,,1264190.6919079393
2021-07-22 20:00:21.940,1,0.4880161331596289,664.3071595230639,0.0,,1272384.0879245177
2021-07-22 20:00:21.950,1,0.5394008123874504,671.7603024532202,0.0,,1288097.527510416
2021-07-22 20:00:21.960,1,0.6641026833586232,666.3476262411942,0.0,,1276690.4163963427
2021-07-22 20:00:21.970,1,0.5816039967950588,665.0089021881397,0.0,,1273865.3145331827
2021-07-22 20:00:21.980,1,0.4746858031211939,666.2964070471251,0.0,,1276570.6747507472
2021-07-22 20:00:21.990,1,0.4797867969009304,665.6717595144238,0.0,,1275258.1298879955
2021-07-22 20:00:22.000,1,0.6289088377020441,661.1233626689484,0.0,,1265684.3758693603
2021-07-22 20:00:22.010,1,0.6126895818214807,670.9616918525476,0.0,,1286416.1763814064
2021-07-22 20:00:22.020,1,0.4989576930215939,661.4654902855051,0.0,,1266396.5838568565
2021-07-22 20:00:22.030,1,0.5644408459999368,664.3151346623032,0.0,,1272403.0760093904
2021-07-22 20:00:22.040,1,0.6158946433933071,657.75573513365,0.0,,1258593.292114702
2021-07-22 20:00:22.050,1,0.5778946694170802,662.7023132070467,0.0,,1269006.7532535584
2021-07-22 20:00:22.060,1,0.6568120267049574,669.6395252466863,0.0,,1283627.2156772488
2021-07-22 20:00:22.070,1,0.4570391726128444,660.0964828158004,0.0,,1263512.3276589918
2021-07-22 20:00:22.080,1,0.454310549244698,662.0699532405388,0.0,,1267670.2950244315
2021-07-22 20:00:22.090,1,0.5610751585745352,658.6940372373111,0.0,,1260561.1902024355
2021-07-22 20:00:22.100,1,0.5278500973640329,664.3864235568633,0.0,,1272551.1354697873
2021-07-22 20:00:22.110,1,0.6571279957046862,662.0200464170102,0.0,,1267569.4996076245
2021-07-22 20:00:22.120,1,0.4779369717323239,660.376046238561,0.0,,1264099.1786773317
2021-07-22 20:00:22.130,1,0.5290186656320015,668.3766619975582,0.0,,1280960.3087856814
2021-07-22 20:00:22.140,1,0.5316994588318348,666.1351165614016,0.0,,1276237.9031883557
2021-07-22 20:00:22.150,1,0.6256525663857265,667.2681363747554,0.0,,1278627.7545658601
2021-07-22 20:00:22.160,1,0.6139996156457368,661.5018503887998,0.0,,1266481.3998461124
2021-07-22 20:00:22.170,1,0.4849632873248499,665.860950139812,0.0,,1275658.3927252481
2021-07-22 20:00:22.180,1,0.6420988315982413,658.2979752902341,0.0,,1259732.6000999499
2021-07-22 20:00:22.190,1,0.5491571439586512,656.5098809770774,0.0,,1255967.319576049
2021-07-22 20:00:22.200,1,0.6166034806027332,658.5617507923712,0.0,,1260288.2387735925
2021-07-22 20:00:22.210,1,0.4650136955823435,660.7693938160144,0.0,,1264931.4957023107
2021-07-22 20:00:22.220,1,0.4822487669439855,659.4678396291308,0.0,,1262190.6082622416
2021-07-22 20:00:22.230,1,0.4935039272416179,657.9728014690172,0.0,,1259043.7245000177
2021-07-22 20:00:22.240,1,0.5492898358054105,660.9313663791222,0.0,,1265275.59124019
2021-07-22 20:00:22.250,1,0.6410333086191662,660.6182691478896,0.0,,1264621.0585202463
2021-07-22 20:00:22.260,1,0.5174800378157349,662.0872504304399,0.0,,1267709.666894654
2021-07-22 20:00:22.270,1,0.576319159088813,657.1160416744817,0.0,,1257241.1076042808
2021-07-22 20:00:22.280,1,0.5484300138244408,653.0033927807301,0.0,,1248587.3553174555
2021-07-22 20:00:22.290,1,0.5072479359589053,659.7653331265761,0.0,,1262819.5562985486
2021-07-22 20:00:22.300,1,0.4763848486400229,659.4690242833907,0.0,,1262190.852863682
2021-07-22 20:00:22.310,1,0.610124122618761,662.2772133021688,0.0,,1268108.645354914
2021-07-22 20:00:22.320,1,0.5433317868230555,662.3771576631068,0.0,,1268321.752467721
2021-07-22 20:00:22.330,1,0.6256212897382727,655.8774247147668,0.0,,1254640.9784210378
2021-07-22 20:00:22.340,1,0.4805595375462286,654.6644287412815,0.0,,1252079.7442223064
2021-07-22 20:00:22.350,1,0.4459551768973815,659.6626394934806,0.0,,1262600.7165479308
2021-07-22 20:00:22.360,1,0.6333792872011379,660.1793502951431,0.0,,1263694.0360356988
2021-07-22 20:00:22.370,1,0.5260339805819267,658.930282276575,0.0,,1261057.4715072738
2021-07-22 20:00:22.380,1,0.5247646362227982,652.8185882836515,0.0,,1248202.6013809803
2021-07-22 20:00:22.390,1,0.4917765385723716,654.0930475415144,0.0,,1250881.4178266763
2021-07-22 20:00:22.400,1,0.49192236552023,655.8289499168817,0.0,,1254530.190856861
2021-07-22 20:00:22.410,1,0.6020350643983257,652.4187297912948,0.0,,1247362.3956575166
2021-07-22 20:00:22.420,1,0.5225728822003183,650.4275303881404,0.0,,1243172.675258824
2021-07-22 20:00:22.430,1,0.5046667560766149,653.2106547664499,0.0,,1249023.7264241148
2021-07-22 20:00:22.440,1,0.4648429213050195,655.3994570753646,0.0,,1253625.063428639
2021-07-22 20:00:22.450,1,0.453192275034291,652.8232063283317,0.0,,1248205.3292304801
2021-07-22 20:00:22.460,1,0.5583336549897399,652.9906242699748,0.0,,1248563.462687706
2021-07-22 20:00:22.470,1,0.6058256300959154,654.2790733341345,0.0,,1251275.6423505326
2021-07-22 20:00:22.480,1,0.6787241240582761,654.7993009697755,0.0,,1252374.6240926394
2021-07-22 20:00:22.490,1,0.5932729766544824,647.3267530515825,0.0,,1236656.5336281545
2021-07-22 20:00:22.500,1,0.5188562972470436,644.9026728459372,0.0,,1231565.6471530918
2021-07-22 20:00:22.510,1,0.564173158458948,649.3903861909042,0.0,,1240995.2299976798
2021-07-22 20:00:22.520,1,0.4792193479034674,653.5161662642113,0.0,,1249668.471816705
2021-07-22 20:00:22.530,1,0.6808631523834113,653.2088269245485,0.0,,1249024.5461525877
2021-07-22 20:00:22.540,1,0.5588558061436446,648.3160650574741,0.0,,1238738.3705205221
2021-07-22 20:00:22.550,1,0.6621454345135122,652.0204251497457,0.0,,1246527.3852811449
2021-07-22 20:00:22.560,1,0.5565322354449713,646.8356841878517,0.0,,1235623.4591154319
2021-07-22 20:00:22.570,1,0.6545056685562244,649.9014094296666,0.0,,1242074.2186685603
2021-07-22 20:00:22.580,1,0.6658500890863284,650.7895076446463,0.0,,1243939.350472886
2021-07-22 20:00:22.590,1,0.5156149904457771,651.1643255154212,0.0,,1244720.2529052848
2021-07-22 20:00:22.600,1,0.6965094970572441,647.1677303730249,0.0,,1236330.1911584889
2021-07-22 20:00:22.610,1,0.641375386801111,647.3709813629416,0.0,,1236755.1996053013
2021-07-22 20:00:22.620,1,0.6731647105023734,649.7247324855588,0.0,,1241703.6127666938
2021-07-22 20:00:22.630,1,0.5837978125046573,645.7124537104065,0.0,,1233263.2270264511
2021-07-22 20:00:22.640,1,0.6883844350913352,648.6278126179233,0.0,,1239397.2975642115
2021-07-22 20:00:22.650,1,0.6273759314593088,647.3423487008065,0.0,,1236692.2867394486
2021-07-22 20:00:22.660,1,0.6761981260080032,653.3868878392043,0.0,,1249405.0002779614
2021-07-22 20:00:22.670,1,0.5784086827789342,648.9854843012016,0.0,,1240146.3636655665
2021-07-22 20:00:22.680,1,0.5514930309077231,644.7803819880013,0.0,,1231301.899470063
2021-07-22 20:00:22.690,1,0.6984441108583089,651.2626713417037,0.0,,1244936.5885126132
2021-07-22 20:00:22.700,1,0.5176977873589439,641.7577143141604,0.0,,1224960.7395774978
2021-07-22 20:00:22.710,1,0.4873692864488799,651.3818885007325,0.0,,1245179.038312664
2021-07-22 20:00:22.720,1,0.7160795613548718,644.1366490206867,0.0,,1229961.3980496654
2021-07-22 20:00:22.730,1,0.5023157165766096,646.2880445595098,0.0,,1234472.1807277077
2021-07-22 20:00:22.740,1,0.7280040340672566,647.8667294011907,0.0,,1237801.4176175646
2021-07-22 20:00:22.750,1,0.6991911354103526,648.7653336530359,0.0,,1239688.1079376254
2021-07-22 20:00:22.760,1,0.5831235881487178,649.8921098401927,0.0,,1242048.0095563233
2021-07-22 20:00:22.770,1,0.6642878677715897,648.9192699159902,0.0,,1240007.1599445206
2021-07-22 20:00:22.780,1,0.4940187900317374,644.1428555500783,0.0,,1229963.2325122908
2021-07-22 20:00:22.790,1,0.636270779154748,645.3992899136675,0.0,,1232613.0025930805
2021-07-22 20:00:22.800,1,0.635157452990376,649.4912984360237,0.0,,1241211.4327376925
2021-07-22 20:00:22.810,1,0.6514539876684863,640.7160596601116,0.0,,1222779.7637912568
2021-07-22 20:00:22.820,1,0.5574247382242238,647.3639536177919,0.0,,1236736.1399503096
2021-07-22 20:00:22.830,1,0.6784362119574061,648.2977372192641,0.0,,1238702.5336928263
2021-07-22 20:00:22.840,1,0.6380364734198142,648.6124262038408,0.0,,1239359.4938731529
2021-07-22 20:00:22.850,1,0.5754755865839244,648.8105024838608,0.0,,1239775.368960638
2021-07-22 20:00:22.860,1,0.6218388601035778,651.6594902356261,0.0,,1245769.011310369
2021-07-22 20:00:22.870,1,0.6989219175887317,651.0326063380743,0.0,,1244454.3340115547
2021-07-22 20:00:22.880,1,0.6357105614422668,652.5033619534051,0.0,,1247544.0250317287
2021-07-22 20:00:22.890,1,0.4932340574835053,655.5157962901889,0.0,,1253872.775222192
2021-07-22 20:00:22.900,1,0.5575484636693571,651.7294512767103,0.0,,1245913.01205649
2021-07-22 20:00:22.910,1,0.6803906542473963,648.1308375111282,0.0,,1238352.1327562763
2021-07-22 20:00:22.920,1,0.6839780686033619,656.7277483313704,0.0,,1256429.978944448
2021-07-22 20:00:22.930,1,0.5207335804677978,649.6609355407676,0.0,,1241561.7970501394
2021-07-22 20:00:22.940,1,0.4938421695606585,652.9267892017724,0.0,,1248426.5338273896
2021-07-22 20:00:22.950,1,0.5309931798970047,648.2625134815098,0.0,,1238620.7572923806
2021-07-22 20:00:22.960,1,0.4597877387185598,652.5571794684344,0.0,,1247645.96366131
2021-07-22 20:00:22.970,1,0.4481862758949412,650.734826278141,0.0,,1243820.0778939151
2021-07-22 20:00:22.980,1,0.6164874415742533,651.5544351839991,0.0,,1245545.508593503
2021-07-22 20:00:22.990,1,0.5272363782433439,653.0152477886979,0.0,,1248618.7323367249
2021-07-22 20:00:23.000,1,0.4522233090245522,655.3875472545355,0.0,,1253603.3957410017
2021-07-22 20:00:23.010,1,0.6007105332743837,651.1784627301566,0.0,,1244755.2393795007
2021-07-22 20:00:23.020,1,0.6545844797026721,652.2121608078652,0.0,,1246930.978906597
2021-07-22 20:00:23.030,1,0.4350733491058245,650.8976463684365,0.0,,1244154.9024167461
2021-07-22 20:00:23.040,1,0.5991856818690061,652.1909602496979,0.0,,1246885.9421045934
2021-07-22 20:00:23.050,1,0.4628064269821878,656.011142539876,0.0,,1254912.4641753729
2021-07-22 20:00:23.060,1,0.6456443488942056,659.6236510397732,0.0,,1262526.3942299755
2021-07-22 20:00:23.070,1,0.4355426362384124,655.0563504296795,0.0,,1252906.2295122347
2021-07-22 20:00:23.080,1,0.5546525804083167,654.2292704386214,0.0,,1251170.5464550364
2021-07-22 20:00:23.090,1,0.5591894325393361,660.648016407785,0.0,,1264678.2199374144
2021-07-22 20:00:23.100,1,0.5293708446608884,660.4309403576394,0.0,,1264220.4697150446
2021-07-22 20:00:23.110,1,0.4990402232067835,651.3333692887165,0.0,,1245077.2933073
2021-07-22 20:00:23.120,1,0.5612661503485383,658.6780664492103,0.0,,1260533.206517233
2021-07-22 20:00:23.130,1,0.4376369296023134,661.4661957324364,0.0,,1266394.5506815454
2021-07-22 20:00:23.140,1,0.5405131435044271,661.7443195697067,0.0,,1266985.2010648649
2021-07-22 20:00:23.150,1,0.574925821483187,656.3208921399289,0.0,,1255567.9748287424
2021-07-22 20:00:23.160,1,0.5402194071662039,661.9942301315025,0.0,,1267514.6220965458
2021-07-22 20:00:23.170,1,0.4316430876047424,662.5164226414199,0.0,,1268604.9180292215
2021-07-22 20:00:23.180,1,0.4007892865190287,662.0107731295493,0.0,,1267539.9986086078
2021-07-22 20:00:23.190,1,0.5573722312900549,660.9777136852963,0.0,,1265373.745774136
2021-07-22 20:00:23.200,1,0.5130221667448962,662.6100104256074,0.0,,1268805.9765729052
2021-07-22 20:00:23.210,1,0.4862777892285932,660.8679283408827,0.0,,1265136.9313156009
2021-07-22 20:00:23.220,1,0.4093753050998738,656.4021443107088,0.0,,1255730.199022257
2021-07-22 20:00:23.230,1,0.5592029814402804,655.2794130588751,0.0,,1253381.2404006917
2021-07-22 20:00:23.240,1,0.5661988152119444,659.3227572060813,0.0,,1261891.6411420018
2021-07-22 20:00:23.250,1,0.4893992463966702,659.9079549536502,0.0,,1263120.590891792
2021-07-22 20:00:23.260,1,0.4460958495569896,665.7399603019772,0.0,,1275396.8745123756
2021-07-22 20:00:23.270,1,0.5749488974226459,669.7472863921299,0.0,,1283851.6321778528
2021-07-22 20:00:23.280,1,0.4508037135987595,658.1878564980177,0.0,,1259497.4075145537
2021-07-22 20:00:23.290,1,0.3904826524935866,660.280654092941,0.0,,1263895.5518467184
2021-07-22 20:00:23.300,1,0.5613183951033845,657.8903163679156,0.0,,1258873.0983844497
2021-07-22 20:00:23.310,1,0.5583154726271959,658.6207208008059,0.0,,1260412.1059850059
2021-07-22 20:00:23.320,1,0.5643260444990511,656.9226439618061,0.0,,1256837.810844568
2021-07-22 20:00:23.330,1,0.454134480599094,660.8319067062791,0.0,,1265060.7844831701
2021-07-22 20:00:23.340,1,0.5055938482421681,655.305611332839,0.0,,1253431.738933912
2021-07-22 20:00:23.350,1,0.4303972887741251,663.5071148183532,0.0,,1270693.982222129
2021-07-22 20:00:23.360,1,0.5561857630915017,660.6747762979662,0.0,,1264735.1434913066
2021-07-22 20:00:23.370,1,0.5121115710936744,661.4383518087623,0.0,,1266342.4346834116
2021-07-22 20:00:23.380,1,0.3927021264950404,662.4297034362972,0.0,,1268420.4651140166
2021-07-22 20:00:23.390,1,0.399206680476785,661.9697193672947,0.0,,1267455.3655733033
2021-07-22 20:00:23.400,1,0.4297138885429764,657.0428997976882,0.0,,1257082.6467553603
2021-07-22 20:00:23.410,1,0.4512409232061671,655.9223057895806,0.0,,1254725.830504061
2021-07-22 20:00:23.420,1,0.5169009029739778,658.0379564402476,0.0,,1259182.1531532803
2021-07-22 20:00:23.430,1,0.4144329100357963,656.3282216293354,0.0,,1255580.3420837556
2021-07-22 20:00:23.440,1,0.4169709624185495,661.2877527026583,0.0,,1266019.75296009
2021-07-22 20:00:23.450,1,0.5785312932387752,662.3970861011887,0.0,,1268362.9459842641
2021-07-22 20:00:23.460,1,0.5339375134295786,652.3403019080806,0.0,,1247194.0222600435
2021-07-22 20:00:23.470,1,0.4652678093257524,663.5892682490157,0.0,,1270866.2770596936
2021-07-22 20:00:23.480,1,0.4054922804516117,661.0724441609193,0.0,,1265564.4264963272
2021-07-22 20:00:23.490,1,0.5317845187919648,659.9561076806383,0.0,,1263218.9771001623
2021-07-22 20:00:23.500,1,0.5440924288164589,658.850805593394,0.0,,1260895.7366751896
2021-07-22 20:00:23.510,1,0.4810114137413842,652.2571235506099,0.0,,1247020.3152093212
2021-07-22 20:00:23.520,1,0.3994197726540196,652.5804537257483,0.0,,1247693.0639073646
2021-07-22 20:00:23.530,1,0.4320993592614961,652.4933196994083,0.0,,1247512.8190071597
2021-07-22 20:00:23.540,1,0.5448947960022686,656.4854117600495,0.0,,1255912.345801866
2021-07-22 20:00:23.550,1,0.5694877602544799,658.7872423899912,0.0,,1260760.54385409
2021-07-22 20:00:23.560,1,0.5532035766567331,656.1193900851167,0.0,,1255148.4191680348
2021-07-22 20:00:23.570,1,0.4081277152539205,659.8342458714826,0.0,,1262960.988177517
2021-07-22 20:00:23.580,1,0.6018016698789571,659.7822082607894,0.0,,1262859.2445147652
2021-07-22 20:00:23.590,1,0.4240791962433983,652.6357794713517,0.0,,1247809.841587546
2021-07-22 20:00:23.600,1,0.4166931400587575,656.3644763817608,0.0,,1255655.0790031077
2021-07-22 20:00:23.610,1,0.5461592180077783,657.9782196990552,0.0,,1259056.8980044052
2021-07-22 20:00:23.620,1,0.541424695824856,645.6395573791242,0.0,,1233112.623977365
2021-07-22 20:00:23.630,1,0.5113717840885894,653.9065741271971,0.0,,1250491.9291771487
2021-07-22 20:00:23.640,1,0.5743315251082372,652.2585389584202,0.0,,1247026.3383931217
2021-07-22 20:00:23.650,1,0.4931569227105269,653.7515110540385,0.0,,1250162.3882900798
2021-07-22 20:00:23.660,1,0.574787413902055,655.8458043449597,0.0,,1254571.844619292
2021-07-22 20:00:23.670,1,0.564552827781432,642.9357800543015,0.0,,1227430.1976760926
2021-07-22 20:00:23.680,1,0.4475977274485271,650.2907399350954,0.0,,1242877.0319835863
2021-07-22 20:00:23.690,1,0.4813215259890456,649.4593212324401,0.0,,1241135.0132144233
2021-07-22 20:00:23.700,1,0.5566633765881,645.2605263656843,0.0,,1232313.5795583676
2021-07-22 20:00:23.710,1,0.5754263663868265,646.6274333891726,0.0,,1235189.2296661509
2021-07-22 20:00:23.720,1,0.5556959265018186,645.6208146490651,0.0,,1233069.7656729354
2021-07-22 20:00:23.730,1,0.4919049796978317,642.5180618021162,0.0,,1226551.6808589066
2021-07-22 20:00:23.740,1,0.4436392405778747,642.3409837690672,0.0,,1226178.1204393138
2021-07-22 20:00:23.750,1,0.4566174422493003,646.7912449230882,0.0,,1235524.0994514865
2021-07-22 20:00:23.760,1,0.5963475999495894,636.1127268237063,0.0,,1213114.7619596657
2021-07-22 20:00:23.770,1,0.523902489251736,644.8195972687405,0.0,,1231388.8665208619
2021-07-22 20:00:23.780,1,0.57663641907011,642.8411809382798,0.0,,1227232.9828806005
2021-07-22 20:00:23.790,1,0.6395559954409027,649.1554760778869,0.0,,1240503.918726743
2021-07-22 20:00:23.800,1,0.5479271094860924,639.7764200060092,0.0,,1220799.3713179112
2021-07-22 20:00:23.810,1,0.6130242995238125,640.1395877473358,0.0,,1221568.6283770956
2021-07-22 20:00:23.820,1,0.4711257847188762,635.4803562182198,0.0,,1211784.2105189413
2021-07-22 20:00:23.830,1,0.4786170980359599,634.6211509926851,0.0,,1209977.6127614174
2021-07-22 20:00:23.840,1,0.6745804687257284,640.0766185711515,0.0,,1221437.6340873304
2021-07-22 20:00:23.850,1,0.6000095649402652,639.2616659853625,0.0,,1219720.71283949
2021-07-22 20:00:23.860,1,0.5217914353114936,635.7188975355481,0.0,,1212283.7340226416
2021-07-22 20:00:23.870,1,0.4639541247718641,638.7921521465233,0.0,,1218727.3692885055
2021-07-22 20:00:23.880,1,0.5405006966378103,635.2180824888767,0.0,,1211234.5703897565
2021-07-22 20:00:23.890,1,0.5218484278014828,636.1518785529952,0.0,,1213191.68243502
2021-07-22 20:00:23.900,1,0.6894350720110881,636.5217153462611,0.0,,1213978.5282012895
2021-07-22 20:00:23.910,1,0.6891139056275779,635.5486040395575,0.0,,1211934.1295575933
2021-07-22 20:00:23.920,1,0.6737555909404171,638.8245337548299,0.0,,1218806.3383993895
2021-07-22 20:00:23.930,1,0.6400094337328903,640.6213634946938,0.0,,1222575.6672950154
2021-07-22 20:00:23.940,1,0.5002917301305045,634.3109868037418,0.0,,1209330.5701142543
2021-07-22 20:00:23.950,1,0.5699163671909472,633.978286098438,0.0,,1208635.9294686045
2021-07-22 20:00:23.960,1,0.6259069908127558,638.4012546332826,0.0,,1217915.256354709
2021-07-22 20:00:23.970,1,0.6437608867471757,631.6405407557621,0.0,,1203737.9298874962
2021-07-22 20:00:23.980,1,0.6983558563368301,635.1900900913766,0.0,,1211182.014176929
2021-07-22 20:00:23.990,1,0.5872066761864229,636.3567800100733,0.0,,1213624.8879123724
2021-07-22 20:00:24.000,1,0.6719055980085183,635.5772017145761,0.0,,1211996.7401408341
2021-07-22 20:00:24.010,1,0.5350571229368192,636.2707715707395,0.0,,1213441.6590842358
2021-07-22 20:00:24.020,1,0.6630707887580807,637.9097900989165,0.0,,1216889.8505858134
2021-07-22 20:00:24.030,1,0.4639538261338659,642.7177420777869,0.0,,1226967.8499307567
2021-07-22 20:00:24.040,1,0.6944248350814934,638.9310791152677,0.0,,1219032.8251353996
2021-07-22 20:00:24.050,1,0.4775503177224133,627.1013077431318,0.0,,1194219.4364856677
2021-07-22 20:00:24.060,1,0.4993302429725825,636.984283545394,0.0,,1214937.827334716
2021-07-22 20:00:24.070,1,0.5486782374192305,638.2164132642264,0.0,,1217528.8519887947
2021-07-22 20:00:24.080,1,0.6541052406235787,635.7467891387332,0.0,,1212350.7108810658
2021-07-22 20:00:24.090,1,0.5410201735311352,633.7487194861702,0.0,,1208153.2582302555
2021-07-22 20:00:24.100,1,0.5214531032634644,636.6785508200821,0.0,,1214293.9161360331
2021-07-22 20:00:24.110,1,0.5181119236407681,631.4740626893316,0.0,,1203382.3842543638
2021-07-22 20:00:24.120,1,0.5172099393836302,636.5677964838633,0.0,,1214061.3663196932
2021-07-22 20:00:24.130,1,0.5031815239470651,641.9282395847764,0.0,,1225315.9768401869
2021-07-22 20:00:24.140,1,0.6311797188050953,637.6318969188246,0.0,,1216303.2631983294
2021-07-22 20:00:24.150,1,0.5031401513968481,635.7462841411627,0.0,,1212336.5975432473
2021-07-22 20:00:24.160,1,0.5298644173654309,640.5029314963407,0.0,,1222323.4167829165
2021-07-22 20:00:24.170,1,0.4585182329374593,639.0746881481579,0.0,,1219322.5444353872
2021-07-22 20:00:24.180,1,0.5605002181148979,638.1975713132165,0.0,,1217490.0099713132
2021-07-22 20:00:24.190,1,0.489581602689121,640.9325933300645,0.0,,1223225.7061791099
2021-07-22 20:00:24.200,1,0.5373373655847407,639.921196103321,0.0,,1221103.9022933275
2021-07-22 20:00:24.210,1,0.529403314369411,641.0974105827469,0.0,,1223572.8394018987
2021-07-22 20:00:24.220,1,0.4391078483090407,637.6375555230858,0.0,,1216310.8995112986
2021-07-22 20:00:24.230,1,0.4770117330930518,639.6214622113803,0.0,,1220470.638066541
2021-07-22 20:00:24.240,1,0.4556280384536631,648.7070771682613,0.0,,1239553.72248127
2021-07-22 20:00:24.250,1,0.4215860445420855,638.3966075831693,0.0,,1217900.3360925792
2021-07-22 20:00:24.260,1,0.6004528481600248,643.8894072953932,0.0,,1229439.8604706884
2021-07-22 20:00:24.270,1,0.4228673956881161,640.4718539093374,0.0,,1222252.7639676097
2021-07-22 20:00:24.280,1,0.4577635107457359,644.3446032108944,0.0,,1230386.0132901848
2021-07-22 20:00:24.290,1,0.4413719106001614,644.6573258976447,0.0,,1231043.053056025
2021-07-22 20:00:24.300,1,0.5946956337782014,640.6965895824519,0.0,,1222734.3849473454
2021-07-22 20:00:24.310,1,0.5107697769534336,645.1436045482056,0.0,,1232067.2150992071
2021-07-22 20:00:24.320,1,0.4450421690304443,647.0210870060985,0.0,,1236011.3865095754
2021-07-22 20:00:24.330,1,0.5978430413256144,644.4113386257321,0.0,,1230535.172993454
2021-07-22 20:00:24.340,1,0.4238640839848528,645.3551367730356,0.0,,1232509.6249577284
2021-07-22 20:00:24.350,1,0.5889582333453323,642.6267497108091,0.0,,1226784.6357411735
2021-07-22 20:00:24.360,1,0.5698356865483362,644.8197050431285,0.0,,1231389.1396443292
2021-07-22 20:00:24.370,1,0.5156444421324355,644.4590683243147,0.0,,1230630.2112051384
2021-07-22 20:00:24.380,1,0.4027409859151653,640.7996278690433,0.0,,1222943.9537047
2021-07-22 20:00:24.390,1,0.5116967976591839,644.5891406600258,0.0,,1230904.1134452287
2021-07-22 20:00:24.400,1,0.5288782570672964,652.4187223020882,0.0,,1247361.7062700763
2021-07-22 20:00:24.410,1,0.5459247079911037,646.475030031958,0.0,,1234867.0237675295
2021-07-22 20:00:24.420,1,0.4565820192687687,651.208801706239,0.0,,1244811.4467412338
2021-07-22 20:00:24.430,1,0.5047321065976623,654.4993162358821,0.0,,1251731.3942496597
2021-07-22 20:00:24.440,1,0.5673489501603334,648.8734069404421,0.0,,1239905.100213596
2021-07-22 20:00:24.450,1,0.5672889399820107,649.8391689248932,0.0,,1241941.998175457
2021-07-22 20:00:24.460,1,0.4311119884886477,647.3045076355122,0.0,,1236605.22246962
2021-07-22 20:00:24.470,1,0.5996152532790021,650.7971192438104,0.0,,1243951.9588822469
2021-07-22 20:00:24.480,1,0.4443161108258702,657.6168734169979,0.0,,1258289.3195005439
2021-07-22 20:00:24.490,1,0.4115107374467325,651.0224394038974,0.0,,1244417.8098796692
2021-07-22 20:00:24.500,1,0.4498571861895348,652.3965554664728,0.0,,1247312.4057619611
2021-07-22 20:00:24.510,1,0.4125702518174146,654.6044144595809,0.0,,1251951.2040760578
2021-07-22 20:00:24.520,1,0.4267392735892477,655.273200563532,0.0,,1253358.862459297
2021-07-22 20:00:24.530,1,0.4262746249760824,651.0028499285094,0.0,,1244376.166614605
2021-07-22 20:00:24.540,1,0.6053364642100963,658.1843261923673,0.0,,1259494.7325614286
2021-07-22 20:00:24.550,1,0.5867120947643278,658.2502176249892,0.0,,1259632.2949445
2021-07-22 20:00:24.560,1,0.4568482760648526,655.5997237117124,0.0,,1254044.901216323
2021-07-22 20:00:24.570,1,0.5369717904791466,656.0744447636338,0.0,,1255052.3275555111
2021-07-22 20:00:24.580,1,0.4290775043135826,653.6728881116443,0.0,,1249991.0703258272
2021-07-22 20:00:24.590,1,0.5325105564933628,656.0763103698048,0.0,,1255053.4208948037
2021-07-22 20:00:24.600,1,0.5314655311228892,654.0167076829792,0.0,,1250724.9651659932
2021-07-22 20:00:24.610,1,0.4772223377607376,648.1989851270229,0.0,,1238488.3062150017
2021-07-22 20:00:24.620,1,0.4266805445228702,661.0293535575754,0.0,,1265475.1484716937
2021-07-22 20:00:24.630,1,0.5596795784212479,655.4407686596168,0.0,,1253717.4755099423
2021-07-22 20:00:24.640,1,0.5422372740703636,659.4622252376414,0.0,,1262179.437186701
2021-07-22 20:00:24.650,1,0.5983342297950437,657.6797103032908,0.0,,1258430.4613711068
2021-07-22 20:00:24.660,1,0.4555022672676952,653.6432627461772,0.0,,1249931.7817832616
2021-07-22 20:00:24.670,1,0.5184334865083431,656.640194544382,0.0,,1256240.8246115055
2021-07-22 20:00:24.680,1,0.448683960064197,656.3680106321984,0.0,,1255664.0460839113
2021-07-22 20:00:24.690,1,0.6266840431125058,653.2995219846542,0.0,,1249216.7435082796
2021-07-22 20:00:24.700,1,0.6069066655828252,658.1740910953483,0.0,,1259474.251855103
2021-07-22 20:00:24.710,1,0.6017014976375268,655.4028731072214,0.0,,1253642.3344680837
2021-07-22 20:00:24.720,1,0.616433787087576,655.4573930349935,0.0,,1253757.6295652913
2021-07-22 20:00:24.730,1,0.4704264732029162,650.8884306602557,0.0,,1244137.937919812
2021-07-22 20:00:24.740,1,0.6342434818508396,653.2721947296336,0.0,,1249159.4615323977
2021-07-22 20:00:24.750,1,0.4899299065907861,656.2585605050177,0.0,,1255437.3954169913
2021-07-22 20:00:24.760,1,0.5522561995291428,648.0338812802788,0.0,,1238141.6423610232
2021-07-22 20:00:24.770,1,0.5058974891406177,653.0799801220235,0.0,,1248750.1206241883
2021-07-22 20:00:24.780,1,0.5653309895054702,653.3402671088847,0.0,,1249300.297037455
2021-07-22 20:00:24.790,1,0.5204465765054727,648.9868090437768,0.0,,1240145.9524305586
2021-07-22 20:00:24.800,1,0.5437515916928802,655.0376944070953,0.0,,1252870.4553501226
2021-07-22 20:00:24.810,1,0.5083466356576368,657.3636240590968,0.0,,1257763.5670065128
2021-07-22 20:00:24.820,1,0.5984571075091073,655.9997852360618,0.0,,1254896.5224301303
2021-07-22 20:00:24.830,1,0.6254234579086427,654.7518620394585,0.0,,1252273.715522568
2021-07-22 20:00:24.840,1,0.6522443631383323,651.9871317980433,0.0,,1246459.5076597715
2021-07-22 20:00:24.850,1,0.4803179130971556,650.1987579972122,0.0,,1242690.1472144523
2021-07-22 20:00:24.860,1,0.4640498939063026,652.0543462609659,0.0,,1246588.2751581168
2021-07-22 20:00:24.870,1,0.523113703889276,655.201832320668,0.0,,1253214.8136281911
2021-07-22 20:00:24.880,1,0.6205023108872941,646.3407764541997,0.0,,1234590.7520848063
2021-07-22 20:00:24.890,1,0.5837943985494174,648.2540628934997,0.0,,1238609.064596374
2021-07-22 20:00:24.900,1,0.5977261195964899,646.4570299373382,0.0,,1234833.9171082599
2021-07-22 20:00:24.910,1,0.5967169091122021,651.1094331790407,0.0,,1244609.2400654077
2021-07-22 20:00:24.920,1,0.6971304086719472,651.2296201172811,0.0,,1244867.004910621
2021-07-22 20:00:24.930,1,0.6171799633187139,648.564733120871,0.0,,1239262.9781066943
2021-07-22 20:00:24.940,1,0.5453823623588516,644.2244472597351,0.0,,1230136.7703198076
2021-07-22 20:00:24.950,1,0.6985250188690851,640.9451189095,0.0,,1223259.2078600237
2021-07-22 20:00:24.960,1,0.641119903337357,648.883483894964,0.0,,1239933.0733931134
2021-07-22 20:00:24.970,1,0.5033531915076744,638.5514801265354,0.0,,1218227.0899743114
2021-07-22 20:00:24.980,1,0.5786828990720049,645.2871812355529,0.0,,1232373.5086640157
2021-07-22 20:00:24.990,1,0.6950362958024193,642.1176676422164,0.0,,1225721.5914893595
2021-07-22 20:00:25.000,1,0.7047265934946919,637.4441394228597,0.0,,1215912.326815367
2021-07-22 20:00:25.010,1,0.6531050405941323,641.5371758003316,0.0,,1224500.2628370307
2021-07-22 20:00:25.020,1,0.6828377284474739,645.5504926963288,0.0,,1232932.089722462
2021-07-22 20:00:25.030,1,0.6548488737000118,643.5988539917117,0.0,,1228829.4463750678
2021-07-22 20:00:25.040,1,0.4972646747240001,637.1356992773499,0.0,,1215254.9333938924
2021-07-22 20:00:25.050,1,0.6822308535712751,636.7577683576461,0.0,,1214473.7937186237
2021-07-22 20:00:25.060,1,0.644674722428025,631.8214355088892,0.0,,1204117.749462075
2021-07-22 20:00:25.070,1,0.4883744684472216,635.4958544050576,0.0,,1211813.485388263
2021-07-22 20:00:25.080,1,0.594725948560366,640.6243986233343,0.0,,1222583.9005654594
2021-07-22 20:00:25.090,1,0.7023061494392745,639.193424953585,0.0,,1219582.8293688225
2021-07-22 20:00:25.100,1,0.7138790026830804,628.3082261451464,0.0,,1196758.7337051812
2021-07-22 20:00:25.110,1,0.5468673039973401,635.8278488343883,0.0,,1212513.1148474615
2021-07-22 20:00:25.120,1,0.4841920670836621,633.4891865572229,0.0,,1207607.6278437232
2021-07-22 20:00:25.130,1,0.6095917753461969,634.3269660509752,0.0,,1209367.949198811
2021-07-22 20:00:25.140,1,0.7046436219138719,634.2978057882698,0.0,,1209314.067088323
2021-07-22 20:00:25.150,1,0.5315598016942573,633.7084912348506,0.0,,1208067.589035667
2021-07-22 20:00:25.160,1,0.6125005716040043,633.6976529522558,0.0,,1208051.478896116
2021-07-22 20:00:25.170,1,0.5418573692029525,630.5652441948831,0.0,,1201479.5338724433
2021-07-22 20:00:25.180,1,0.6486829121211397,634.4089288202689,0.0,,1209546.477455388
2021-07-22 20:00:25.190,1,0.6066477783970025,628.6223120017926,0.0,,1197410.0975164678
2021-07-22 20:00:25.200,1,0.4673499793632677,637.8434053996925,0.0,,1216736.4980548199
2021-07-22 20:00:25.210,1,0.5114341925984148,636.4571132748522,0.0,,1213832.6106544768
2021-07-22 20:00:25.220,1,0.5030395072718707,625.4800805820419,0.0,,1190825.3518579297
2021-07-22 20:00:25.230,1,0.5569544260206474,633.4473069381103,0.0,,1207522.2152503398
2021-07-22 20:00:25.240,1,0.4500393178427184,626.957119015335,0.0,,1193913.707959759
2021-07-22 20:00:25.250,1,0.5833515845602983,629.5798152379039,0.0,,1199416.0446508273
2021-07-22 20:00:25.260,1,0.6416187108404685,631.4336829930986,0.0,,1203302.575767969
2021-07-22 20:00:25.270,1,0.5029689214737635,632.1969389220089,0.0,,1204901.0755612243
2021-07-22 20:00:25.280,1,0.6272343083836969,626.7981884784765,0.0,,1193586.80221163
2021-07-22 20:00:25.290,1,0.5341856237807616,626.4010643521217,0.0,,1192756.695256143
2021-07-22 20:00:25.300,1,0.5104462520647256,625.8424245958572,0.0,,1191583.8644090714
2021-07-22 20:00:25.310,1,0.5979792229733101,630.8018253439726,0.0,,1201979.7297572442
2021-07-22 20:00:25.320,1,0.5204762199131511,630.0755442335186,0.0,,1200456.223285845
2021-07-22 20:00:25.330,1,0.4873402809855636,624.4905720278822,0.0,,1188749.899807329
2021-07-22 20:00:25.340,1,0.4748530196900913,628.1134589885575,0.0,,1196335.0813603944
2021-07-22 20:00:25.350,1,0.4662825690224659,634.7746726522338,0.0,,1210302.543963666
2021-07-22 20:00:25.360,1,0.6298272917321246,629.6930714532377,0.0,,1199657.7538196165
2021-07-22 20:00:25.370,1,0.4227858182305069,625.4972972841622,0.0,,1190860.4903042654
2021-07-22 20:00:25.380,1,0.554921791471627,631.3385084085014,0.0,,1203102.4664046878
2021-07-22 20:00:25.390,1,0.5028464340165671,632.9098641930452,0.0,,1206392.549262305
2021-07-22 20:00:25.400,1,0.5060811123003227,635.732114549452,0.0,,1212311.0125747374
2021-07-22 20:00:25.410,1,0.4773192909996425,631.1357823810945,0.0,,1202672.6222636427
2021-07-22 20:00:25.420,1,0.4279196140510084,629.4666258195573,0.0,,1199170.4970833147
2021-07-22 20:00:25.430,1,0.5390862728241833,631.0277558327457,0.0,,1202445.5084577287
2021-07-22 20:00:25.440,1,0.5338517703354325,633.3064605296503,0.0,,1207224.593043219
2021-07-22 20:00:25.450,1,0.5157734197355626,627.8561298295409,0.0,,1195800.3639839368
2021-07-22 20:00:25.460,1,0.4477320426310546,632.0170388691698,0.0,,1204519.6300411061
2021-07-22 20:00:25.470,1,0.505088055417606,624.3722398149806,0.0,,1188500.0733727347
2021-07-22 20:00:25.480,1,0.4952300539757976,634.9387855087202,0.0,,1210646.0420709515
2021-07-22 20:00:25.490,1,0.5742280074502386,638.0911330226288,0.0,,1217264.9792882302
2021-07-22 20:00:25.500,1,0.5574361874092294,633.4016150505378,0.0,,1207421.1525719108
2021-07-22 20:00:25.510,1,0.5587888448161253,634.5681520434356,0.0,,1209872.2201666443
2021-07-22 20:00:25.520,1,0.5499805480437906,636.5550971955267,0.0,,1214042.4039729626
2021-07-22 20:00:25.530,1,0.4886996098515405,632.7842672864979,0.0,,1206127.893634046
2021-07-22 20:00:25.540,1,0.557526685063314,632.7655002628409,0.0,,1206092.8564360442
2021-07-22 20:00:25.550,1,0.5161661556845928,631.0467028768064,0.0,,1202486.1838381465
2021-07-22 20:00:25.560,1,0.4725120131423501,635.3467002636814,0.0,,1211501.6952601438
2021-07-22 20:00:25.570,1,0.4022061538635478,638.210099174068,0.0,,1217504.1426142745
2021-07-22 20:00:25.580,1,0.5534063702074286,640.0804885484573,0.0,,1221440.3728140013
2021-07-22 20:00:25.590,1,0.5168787922052734,634.697440809024,0.0,,1210141.080528935
2021-07-22 20:00:25.600,1,0.5725760709413299,638.2771321602875,0.0,,1217652.8643565932
2021-07-22 20:00:25.610,1,0.4297318366472489,635.2699508664734,0.0,,1211337.9290310398
2021-07-22 20:00:25.620,1,0.4979920095288784,641.178270730125,0.0,,1223739.1238380328
2021-07-22 20:00:25.630,1,0.4136243864113609,638.7607081001818,0.0,,1218661.564406818
2021-07-22 20:00:25.640,1,0.4676122473123862,644.5685517195061,0.0,,1230857.9895304407
2021-07-22 20:00:25.650,1,0.3968914997152301,644.6283359303387,0.0,,1230975.9014031815
2021-07-22 20:00:25.660,1,0.42807509263861,645.7498914062402,0.0,,1233335.123032109
2021-07-22 20:00:25.670,1,0.4024151343986077,645.7493819378296,0.0,,1233337.7904802528
2021-07-22 20:00:25.680,1,0.4441982828875038,642.6800945389632,0.0,,1226892.2107184594
2021-07-22 20:00:25.690,1,0.509428433874673,646.3148713139058,0.0,,1234528.284387442
2021-07-22 20:00:25.700,1,0.4261244460634798,642.1583980568591,0.0,,1225791.8707319566
2021-07-22 20:00:25.710,1,0.5701446302052248,641.8065236424358,0.0,,1225061.742607429
2021-07-22 20:00:25.720,1,0.4851453076795744,649.5047923588755,0.0,,1241229.3714179671
2021-07-22 20:00:25.730,1,0.4074451233180489,655.6194713713594,0.0,,1254088.1496674488
2021-07-22 20:00:25.740,1,0.533595915277961,646.0200606417618,0.0,,1233909.8928751783
2021-07-22 20:00:25.750,1,0.4910986129595107,649.8413190374125,0.0,,1241936.312177434
2021-07-22 20:00:25.760,1,0.5623984075792184,653.0927213952473,0.0,,1248781.2091151176
2021-07-22 20:00:25.770,1,0.5367102923853309,647.7325528845007,0.0,,1237505.339638928
2021-07-22 20:00:25.780,1,0.5360007731683021,657.6653668436103,0.0,,1258397.5840287372
2021-07-22 20:00:25.790,1,0.4587380457702417,652.7574151404623,0.0,,1248065.5820663823
2021-07-22 20:00:25.800,1,0.595269722603658,646.0497486799445,0.0,,1233972.8658724301
2021-07-22 20:00:25.810,1,0.5021073592609083,655.5694096448557,0.0,,1253987.1698843513
2021-07-22 20:00:25.820,1,0.6230363229231365,655.8773811713265,0.0,,1254634.7014550143
2021-07-22 20:00:25.830,1,0.6273420705100791,654.2342885646677,0.0,,1251184.0138823949
2021-07-22 20:00:25.840,1,0.6020383421509404,650.5191355993868,0.0,,1243367.711602121
2021-07-22 20:00:25.850,1,0.5562135492181514,651.420299101905,0.0,,1245257.4117155755
2021-07-22 20:00:25.860,1,0.5814162864594806,655.2461451738867,0.0,,1253309.2152234532
2021-07-22 20:00:25.870,1,0.4853859970621968,660.5405938959345,0.0,,1264446.9096538876
2021-07-22 20:00:25.880,1,0.5440829855841274,655.445656842149,0.0,,1253726.1513329584
2021-07-22 20:00:25.890,1,0.5307667629047376,657.6653624954478,0.0,,1258401.125972167
2021-07-22 20:00:25.900,1,0.4484884495094621,658.5668567170611,0.0,,1260293.3074777815
2021-07-22 20:00:25.910,1,0.5164052473289225,649.427614664747,0.0,,1241067.5484849259
2021-07-22 20:00:25.920,1,0.5219270648454138,656.7910698255915,0.0,,1256559.4722000912
2021-07-22 20:00:25.930,1,0.5158339291536547,652.502748238727,0.0,,1247536.0808232296
2021-07-22 20:00:25.940,1,0.5739885057910964,650.726265486454,0.0,,1243801.4582060196
2021-07-22 20:00:25.950,1,0.5630225593695819,658.1422212272182,0.0,,1259403.5246845584
2021-07-22 20:00:25.960,1,0.4725984059358327,655.2030449341187,0.0,,1253214.1223704752
2021-07-22 20:00:25.970,1,0.6148725546517971,656.6764148823622,0.0,,1256317.3572668964
2021-07-22 20:00:25.980,1,0.516074205581827,645.8506061846123,0.0,,1233553.7961586756
2021-07-22 20:00:25.990,1,0.5627233870894303,655.4309381269662,0.0,,1253697.1231742348
2021-07-22 20:00:26.000,1,0.6586890579494707,652.8712698321048,0.0,,1248317.4902555349
2021-07-22 20:00:26.010,1,0.5362020494073664,652.2569698501262,0.0,,1247021.0086656597
2021-07-22 20:00:26.020,1,0.6635079150123218,651.8803028892105,0.0,,1246234.9091754612
2021-07-22 20:00:26.030,1,0.6575055182742444,652.0261103949776,0.0,,1246539.6048266941
2021-07-22 20:00:26.040,1,0.4763208672447134,654.4341485554862,0.0,,1251595.6407463488
2021-07-22 20:00:26.050,1,0.6718289056212793,652.4550360021303,0.0,,1247442.5538144973
2021-07-22 20:00:26.060,1,0.5066099752249482,656.4616001579969,0.0,,1255858.2286201986
2021-07-22 20:00:26.070,1,0.5383565136393258,656.4712183458989,0.0,,1255887.8054498169
2021-07-22 20:00:26.080,1,0.6866267975106346,657.9853203339555,0.0,,1259080.0631327936
2021-07-22 20:00:26.090,1,0.5647137830597215,647.9549808524229,0.0,,1237977.0276201072
2021-07-22 20:00:26.100,1,0.6478727950868641,653.7565166602442,0.0,,1250182.0495113235
2021-07-22 20:00:26.110,1,0.485346256665409,651.3188328707497,0.0,,1245043.4445387009
2021-07-22 20:00:26.120,1,0.656302689630333,647.8519813696755,0.0,,1237762.6546425016
2021-07-22 20:00:26.130,1,0.5842522589534798,652.102413302737,0.0,,1246700.1133260357
2021-07-22 20:00:26.140,1,0.6439539465515633,652.9882546227843,0.0,,1248566.7501965612
2021-07-22 20:00:26.150,1,0.6769087644547169,650.2522995344966,0.0,,1242814.883567208
2021-07-22 20:00:26.160,1,0.6169079300689034,646.6390174961292,0.0,,1235216.6139490663
2021-07-22 20:00:26.170,1,0.6591753687138541,650.8855925429085,0.0,,1244145.8675252413
2021-07-22 20:00:26.180,1,0.5823846693772562,644.5322477481664,0.0,,1230788.2085401614
2021-07-22 20:00:26.190,1,0.6882327204978997,649.1184734107062,0.0,,1240429.019646813
2021-07-22 20:00:26.200,1,0.6265780424645787,649.7069780616919,0.0,,1241663.9914199887
2021-07-22 20:00:26.210,1,0.4647763680646625,645.6515225109896,0.0,,1233131.6967964452
2021-07-22 20:00:26.220,1,0.5681088480618167,647.7934672300506,0.0,,1237639.9002517748
2021-07-22 20:00:26.230,1,0.5206115212192758,644.7027410345829,0.0,,1231141.6705392688
2021-07-22 20:00:26.240,1,0.4973079598673607,639.1756036343544,0.0,,1219536.2992579257
2021-07-22 20:00:26.250,1,0.5637645301779965,640.9763398024568,0.0,,1223316.0179743588
2021-07-22 20:00:26.260,1,0.6438103083132111,646.3204129970655,0.0,,1234548.6282099255
2021-07-22 20:00:26.270,1,0.5623256382261009,649.7188555768201,0.0,,1241679.9047152153
2021-07-22 20:00:26.280,1,0.6068898654444599,645.0403197053232,0.0,,1231855.0485604755
2021-07-22 20:00:26.290,1,0.5566252160815269,641.6754291976201,0.0,,1224783.8630949503
2021-07-22 20:00:26.300,1,0.535713945059553,642.12867434181,0.0,,1225735.8482759108
2021-07-22 20:00:26.310,1,0.4867234586912302,641.7282637985612,0.0,,1224893.7660601644
2021-07-22 20:00:26.320,1,0.4489197987509272,650.7591093394481,0.0,,1243863.0406075637
2021-07-22 20:00:26.330,1,0.5599961654770862,647.9025970407689,0.0,,1237867.5765568954
2021-07-22 20:00:26.340,1,0.6080594423485602,639.9382039797235,0.0,,1221139.6392769245
2021-07-22 20:00:26.350,1,0.5921204638980779,634.5678019728077,0.0,,1209870.2980850576
2021-07-22 20:00:26.360,1,0.5183269720148223,638.8628242235424,0.0,,1218881.2228768715
2021-07-22 20:00:26.370,1,0.4870510347105714,642.6633370674708,0.0,,1226857.0212899512
2021-07-22 20:00:26.380,1,0.4545022516102864,638.5936001521839,0.0,,1218312.0810982804
2021-07-22 20:00:26.390,1,0.6309449096434151,641.4584750313472,0.0,,1224334.0485308776
2021-07-22 20:00:26.400,1,0.4979023063057432,636.8219323229807,0.0,,1214597.0794631
2021-07-22 20:00:26.410,1,0.4676605835469794,636.4225318972401,0.0,,1213758.3562097694
2021-07-22 20:00:26.420,1,0.5331856080863394,636.4256324358478,0.0,,1213768.777563307
2021-07-22 20:00:26.430,1,0.6003608496763481,642.1656977267501,0.0,,1225814.7733134425
2021-07-22 20:00:26.440,1,0.5658505886230003,632.8984743492675,0.0,,1206369.7458235181
2021-07-22 20:00:26.450,1,0.5799892226088899,637.3299471287862,0.0,,1215666.3060306406
2021-07-22 20:00:26.460,1,0.5708597372974246,635.6286670912359,0.0,,1212098.1348508722
2021-07-22 20:00:26.470,1,0.4244063567254182,630.3067239877346,0.0,,1200927.227837026
2021-07-22 20:00:26.480,1,0.4753715647793591,638.8823836137108,0.0,,1218920.0331171975
2021-07-22 20:00:26.490,1,0.4244993943565799,636.8073810044598,0.0,,1214562.9300167514
2021-07-22 20:00:26.500,1,0.5549225848100093,637.9386164722778,0.0,,1216941.483892613
2021-07-22 20:00:26.510,1,0.5461027548164471,630.35570650073,0.0,,1201040.0149574045
2021-07-22 20:00:26.520,1,0.495215922425019,635.4638852770639,0.0,,1211748.2286120406
2021-07-22 20:00:26.530,1,0.4963414977028625,634.4523060382272,0.0,,1209625.9091526044
2021-07-22 20:00:26.540,1,0.5957104312512312,626.4992579845107,0.0,,1192965.0244480565
2021-07-22 20:00:26.550,1,0.5102715876671244,638.1708691996613,0.0,,1217429.8720895103
2021-07-22 20:00:26.560,1,0.5038115685170186,634.790948285519,0.0,,1210340.1600549486
2021-07-22 20:00:26.570,1,0.4374952530887533,640.1121852860392,0.0,,1221497.9497368243
2021-07-22 20:00:26.580,1,0.5740524337120693,633.6226233923544,0.0,,1207891.3801222756
2021-07-22 20:00:26.590,1,0.5336463698880003,630.3668612006222,0.0,,1201061.7094216319
2021-07-22 20:00:26.600,1,0.5309804521604882,635.0705756202146,0.0,,1210926.8043321255
2021-07-22 20:00:26.610,1,0.48503286982611,633.7341153994048,0.0,,1208117.9372826444
2021-07-22 20:00:26.620,1,0.4717702010203889,633.431049673192,0.0,,1207482.9269592245
2021-07-22 20:00:26.630,1,0.4253200937959389,633.2917327710015,0.0,,1207186.7625040794
2021-07-22 20:00:26.640,1,0.5308272415799871,638.9055469446103,0.0,,1218969.9890122106
2021-07-22 20:00:26.650,1,0.5560499501572616,638.299510557361,0.0,,1217695.4369854203
2021-07-22 20:00:26.660,1,0.4878992109568471,633.9161841073911,0.0,,1208503.6935224163
2021-07-22 20:00:26.670,1,0.5634387765873634,638.626994173894,0.0,,1218389.5623492948
2021-07-22 20:00:26.680,1,0.5432972135147879,630.4545476903353,0.0,,1201248.4689139298
2021-07-22 20:00:26.690,1,0.3923340774774564,632.5595127388996,0.0,,1205654.762946105
2021-07-22 20:00:26.700,1,0.5176671740047896,634.4483230213062,0.0,,1209619.9280965806
2021-07-22 20:00:26.710,1,0.5486201708607096,635.5564066759823,0.0,,1211944.5727322234
2021-07-22 20:00:26.720,1,0.4457212586828242,637.583919416684,0.0,,1216193.3249855312
2021-07-22 20:00:26.730,1,0.5676055554775522,635.6263155987729,0.0,,1212091.89269446
2021-07-22 20:00:26.740,1,0.47145268497825,632.3969293512729,0.0,,1205318.7005729359
2021-07-22 20:00:26.750,1,0.5665902906881812,641.993791254821,0.0,,1225455.2476552587
2021-07-22 20:00:26.760,1,0.597235368323009,641.6264325297742,0.0,,1224685.1397261645
2021-07-22 20:00:26.770,1,0.4059724919207592,634.0633620815125,0.0,,1208805.5414273415
2021-07-22 20:00:26.780,1,0.4701486998980882,635.2130877707569,0.0,,1211221.0938086193
2021-07-22 20:00:26.790,1,0.4315899750888892,636.8408571198407,0.0,,1214636.084966871
2021-07-22 20:00:26.800,1,0.4248758694829822,645.6354135864963,0.0,,1233094.8931060666
2021-07-22 20:00:26.810,1,0.4791622968881572,637.5189775508774,0.0,,1216060.9082343546
2021-07-22 20:00:26.820,1,0.4042090854142585,637.7622946520478,0.0,,1216567.3966076134
2021-07-22 20:00:26.830,1,0.5825060118737186,637.5662938668422,0.0,,1216163.6898243732
2021-07-22 20:00:26.840,1,0.491660770411581,640.3704630955932,0.0,,1222042.3860230106
2021-07-22 20:00:26.850,1,0.5414515875373904,639.0189866007288,0.0,,1219207.3384445305
2021-07-22 20:00:26.860,1,0.4458518048660916,640.6087640406894,0.0,,1222539.864380865
2021-07-22 20:00:26.870,1,0.5636006345551086,639.9994603330638,0.0,,1221267.3145620513
2021-07-22 20:00:26.880,1,0.539284994274401,640.6786129062981,0.0,,1222691.9828616378
2021-07-22 20:00:26.890,1,0.5181537115925572,645.371206431828,0.0,,1232546.135784627
2021-07-22 20:00:26.900,1,0.6308055903000486,643.6848903138023,0.0,,1229008.5788365449
2021-07-22 20:00:26.910,1,0.4847527100889462,643.6971439982681,0.0,,1229027.409090771
2021-07-22 20:00:26.920,1,0.5482742959119206,639.9460998307902,0.0,,1221153.1211592865
2021-07-22 20:00:26.930,1,0.4618224711486579,642.5731468963978,0.0,,1226671.2277115232
2021-07-22 20:00:26.940,1,0.4740984373585352,642.2965767857909,0.0,,1226084.6583412038
2021-07-22 20:00:26.950,1,0.5612382168690394,646.4646364944889,0.0,,1234846.1230952637
2021-07-22 20:00:26.960,1,0.5197762292675083,644.8641034008538,0.0,,1231476.9862045445
2021-07-22 20:00:26.970,1,0.4670596437319142,646.2587452391118,0.0,,1234412.762100226
2021-07-22 20:00:26.980,1,0.6061585860419004,646.1619307858858,0.0,,1234213.712833555
2021-07-22 20:00:26.990,1,0.4665066009650033,648.3134685087452,0.0,,1238724.4082738403
2021-07-22 20:00:27.000,1,0.4596414695184005,648.2978437933441,0.0,,1238695.5136037527
2021-07-22 20:00:27.010,1,0.6137969000023852,648.1081959366428,0.0,,1238300.5085269853
2021-07-22 20:00:27.020,1,0.5519054087560556,649.8253813561265,0.0,,1241908.6462926005
2021-07-22 20:00:27.030,1,0.6810965688801401,651.4684648545133,0.0,,1245369.9346138586
2021-07-22 20:00:27.040,1,0.4790033066144461,650.9416266629569,0.0,,1244251.608876893
2021-07-22 20:00:27.050,1,0.5266859170841557,649.5906801905892,0.0,,1241413.0880769554
2021-07-22 20:00:27.060,1,0.5705613092578696,649.6130223719384,0.0,,1241461.8998309236
2021-07-22 20:00:27.070,1,0.6937296991321166,650.555403277956,0.0,,1243450.6339245168
2021-07-22 20:00:27.080,1,0.4847456972502149,657.6553578019148,0.0,,1258371.4927502156
2021-07-22 20:00:27.090,1,0.4887109823194329,646.4702989735248,0.0,,1234854.9013125105
2021-07-22 20:00:27.100,1,0.6924992374681862,653.9916748559388,0.0,,1250673.2664094756
2021-07-22 20:00:27.110,1,0.5002289289800584,652.9270414464218,0.0,,1248430.295615211
2021-07-22 20:00:27.120,1,0.5948199131710935,657.6718984163373,0.0,,1258415.0235694842
2021-07-22 20:00:27.130,1,0.6506255736850598,656.5014077760271,0.0,,1255957.7892693724
2021-07-22 20:00:27.140,1,0.5658499066859972,651.0777668506063,0.0,,1244541.8319650015
2021-07-22 20:00:27.150,1,0.5244158222469039,654.9016790650228,0.0,,1252585.5835131896
2021-07-22 20:00:27.160,1,0.5724172623024439,658.0503130676411,0.0,,1259213.8186187372
2021-07-22 20:00:27.170,1,0.5598672520117703,656.9950984134246,0.0,,1256991.2785238374
2021-07-22 20:00:27.180,1,0.7013873646493967,655.3513049940221,0.0,,1253536.071325534
2021-07-22 20:00:27.190,1,0.5499578957458116,656.2997641503117,0.0,,1255524.18322958
2021-07-22 20:00:27.200,1,0.6592646218262288,654.094400625738,0.0,,1250889.550683529
2021-07-22 20:00:27.210,1,0.5953208875207596,656.0550977480085,0.0,,1255017.072275589
2021-07-22 20:00:27.220,1,0.4962821295956007,658.9059160986682,0.0,,1261005.747516902
2021-07-22 20:00:27.230,1,0.7115113757029731,657.8043171129306,0.0,,1258697.4510020702
2021-07-22 20:00:27.240,1,0.645915378506598,653.6726633294968,0.0,,1250000.6390234064
2021-07-22 20:00:27.250,1,0.5568340582772416,662.7423910290532,0.0,,1269087.0045284308
2021-07-22 20:00:27.260,1,0.6534285399296279,654.611452004658,0.0,,1251975.0888575646
2021-07-22 20:00:27.270,1,0.6031289277547012,657.3010784328341,0.0,,1257632.6717977393
2021-07-22 20:00:27.280,1,0.4975615319427566,654.8420654526142,0.0,,1252453.9648945578
2021-07-22 20:00:27.290,1,0.6356232045114448,661.110803847778,0.0,,1265656.1222504834
2021-07-22 20:00:27.300,1,0.6350899557764189,657.6435835724695,0.0,,1258360.40003299
2021-07-22 20:00:27.310,1,0.6656206867338954,655.8608580467716,0.0,,1254610.9677227489
2021-07-22 20:00:27.320,1,0.5588339025053416,657.805134668844,0.0,,1258695.3445789425
2021-07-22 20:00:27.330,1,0.7236286526442816,661.1811507208425,0.0,,1265806.9354149422
2021-07-22 20:00:27.340,1,0.5059013749789217,663.4954758205674,0.0,,1270667.687398703
2021-07-22 20:00:27.350,1,0.5901638356371053,653.2184413913892,0.0,,1249043.9144876206
2021-07-22 20:00:27.360,1,0.6585991694287789,655.0598802818423,0.0,,1252920.2056557194
2021-07-22 20:00:27.370,1,0.6296632130537161,650.0670804795408,0.0,,1242418.483923839
2021-07-22 20:00:27.380,1,0.7250431006138466,652.8993379700852,0.0,,1248380.7168522696
2021-07-22 20:00:27.390,1,0.6525142810072347,658.2846811693247,0.0,,1259711.1089201858
2021-07-22 20:00:27.400,1,0.6630096141708147,654.3434716659882,0.0,,1251416.1247803671
2021-07-22 20:00:27.410,1,0.4937584611563573,657.5486064172694,0.0,,1258151.3903609677
2021-07-22 20:00:27.420,1,0.5852747099785974,656.638818327516,0.0,,1256241.3141467753
2021-07-22 20:00:27.430,1,0.5206401211432959,654.4285523262872,0.0,,1251587.658003297
2021-07-22 20:00:27.440,1,0.6231217810300087,650.8903171215156,0.0,,1244150.3396410423
2021-07-22 20:00:27.450,1,0.5546884795796623,654.6886084356248,0.0,,1252135.3603098616
2021-07-22 20:00:27.460,1,0.5559373134773048,654.7336897727091,0.0,,1252233.017028876
2021-07-22 20:00:27.470,1,0.7213500339393595,649.0789052854624,0.0,,1240347.9709558715
2021-07-22 20:00:27.480,1,0.6785606679249837,652.3956326079051,0.0,,1247318.9218941347
2021-07-22 20:00:27.490,1,0.5161243798226205,651.9193901652058,0.0,,1246309.0654052612
2021-07-22 20:00:27.500,1,0.5717650360490345,647.7775796982935,0.0,,1237607.6202224223
2021-07-22 20:00:27.510,1,0.5014325758415724,651.6178923977874,0.0,,1245670.6389720964
2021-07-22 20:00:27.520,1,0.6226427694883929,656.853001548256,0.0,,1256693.6128146767
2021-07-22 20:00:27.530,1,0.6835178011027391,651.9228871607811,0.0,,1246325.2241188956
2021-07-22 20:00:27.540,1,0.4846729075804139,652.6338795730989,0.0,,1247808.9382957234
2021-07-22 20:00:27.550,1,0.5642472229679503,649.1331870496417,0.0,,1240451.2732004328
2021-07-22 20:00:27.560,1,0.6091530715284944,647.1049125260391,0.0,,1236193.976818202
2021-07-22 20:00:27.570,1,0.6117843163719039,648.4362839303739,0.0,,1238988.505781835
2021-07-22 20:00:27.580,1,0.6221647464814781,648.3776244651012,0.0,,1238867.5734081368
2021-07-22 20:00:27.590,1,0.5391644558860129,644.7630317519441,0.0,,1231266.676782573
2021-07-22 20:00:27.600,1,0.4815831030057727,647.0107406978483,0.0,,1235992.9126428538
2021-07-22 20:00:27.610,1,0.5142372755983007,644.997880109592,0.0,,1231760.1922938065
2021-07-22 20:00:27.620,1,0.5574715657114511,643.449730882585,0.0,,1228512.005371119
2021-07-22 20:00:27.630,1,0.5429313742250828,647.1797354808442,0.0,,1236346.4670606523
2021-07-22 20:00:27.640,1,0.6563947718145211,643.3504010139691,0.0,,1228308.6329592604
2021-07-22 20:00:27.650,1,0.6476909347454297,643.9601264685641,0.0,,1229586.9458593617
2021-07-22 20:00:27.660,1,0.617466706794814,646.8814987687837,0.0,,1235723.368504042
2021-07-22 20:00:27.670,1,0.6080717756873392,649.1351076418174,0.0,,1240461.7438808705
2021-07-22 20:00:27.680,1,0.4990700099965819,646.3285574930337,0.0,,1234554.448534485
2021-07-22 20:00:27.690,1,0.4614820062445032,645.0987886949098,0.0,,1231973.5710633546
2021-07-22 20:00:27.700,1,0.5388819354862905,643.1463294475526,0.0,,1227874.3789592898
2021-07-22 20:00:27.710,1,0.5307433407427059,646.1471369245535,0.0,,1234176.062995607
2021-07-22 20:00:27.720,1,0.4525571191942104,645.1033323242123,0.0,,1231982.8852784536
2021-07-22 20:00:27.730,1,0.586712471879966,641.6327158589643,0.0,,1224694.1916722122
2021-07-22 20:00:27.740,1,0.5276808278383629,644.2080781381059,0.0,,1230099.7490432197
2021-07-22 20:00:27.750,1,0.6367335171157708,652.3392175344075,0.0,,1247194.8654515683
2021-07-22 20:00:27.760,1,0.467546531261055,646.4544705782532,0.0,,1234822.9726951746
2021-07-22 20:00:27.770,1,0.5575050309108435,639.1570551276836,0.0,,1219500.1046709986
2021-07-22 20:00:27.780,1,0.5850018764130991,640.7596545021546,0.0,,1222866.747962811
2021-07-22 20:00:27.790,1,0.4704283003461043,647.1576583943686,0.0,,1236294.9038123863
2021-07-22 20:00:27.800,1,0.5226699349631252,641.1950577992319,0.0,,1223774.990697417
2021-07-22 20:00:27.810,1,0.5532797389164635,641.5269455937453,0.0,,1224473.7250956635
2021-07-22 20:00:27.820,1,0.4611054775713387,643.9349009334209,0.0,,1229530.7139533472
2021-07-22 20:00:27.830,1,0.5011707947717601,643.4370485311572,0.0,,1228481.6734264048
2021-07-22 20:00:27.840,1,0.4677533481245619,644.6040300000482,0.0,,1230935.1105692182
2021-07-22 20:00:27.850,1,0.567163638808336,646.7450435014182,0.0,,1235437.5277074184
2021-07-22 20:00:27.860,1,0.4236436935861913,646.2728414428711,0.0,,1234437.8238389273
2021-07-22 20:00:27.870,1,0.4910924838823389,643.7662979693949,0.0,,1229174.6941362887
2021-07-22 20:00:27.880,1,0.4282182928003176,638.5690263390871,0.0,,1218259.04972406
2021-07-22 20:00:27.890,1,0.5091302520197751,644.4857992674098,0.0,,1230685.8583839012
2021-07-22 20:00:27.900,1,0.6160921596056899,640.0970775149963,0.0,,1221477.1115862792
2021-07-22 20:00:27.910,1,0.4507758490355776,637.3871711578895,0.0,,1215779.1248007452
2021-07-22 20:00:27.920,1,0.6109896506805118,640.5573210114474,0.0,,1222442.153936101
2021-07-22 20:00:27.930,1,0.4802127501185607,643.2780118625479,0.0,,1228145.3729346055
2021-07-22 20:00:27.940,1,0.4518246754053712,639.7941189890104,0.0,,1220832.998563387
2021-07-22 20:00:27.950,1,0.4284738985231958,644.5729305609996,0.0,,1230865.990334936
2021-07-22 20:00:27.960,1,0.6435625152631911,642.3201478279939,0.0,,1226141.3281690953
2021-07-22 20:00:27.970,1,0.4687451045301355,638.3176611471138,0.0,,1217732.9613595165
2021-07-22 20:00:27.980,1,0.59017621203238,643.4708851402138,0.0,,1228558.2927346653
2021-07-22 20:00:27.990,1,0.6245241852786813,631.0856964679194,0.0,,1202574.6691376648
2021-07-22 20:00:28.000,1,0.5521022352276852,642.2702937152939,0.0,,1226036.0224933655
2021-07-22 20:00:28.010,1,0.4604879215673924,638.690311584488,0.0,,1218513.721647543
2021-07-22 20:00:28.020,1,0.5650754677430271,642.7973485708239,0.0,,1227142.1196321654
2021-07-22 20:00:28.030,1,0.6413179364232414,640.8796367470352,0.0,,1223122.8236993765
2021-07-22 20:00:28.040,1,0.556407574183371,641.1282123344008,0.0,,1223640.004304497
2021-07-22 20:00:28.050,1,0.5058578948913349,646.4092644446622,0.0,,1234725.8637210026
2021-07-22 20:00:28.060,1,0.5044115895003636,645.1096316738906,0.0,,1231994.8626604374
2021-07-22 20:00:28.070,1,0.504778570386458,639.817088647602,0.0,,1220882.9103340784
2021-07-22 20:00:28.080,1,0.4494610876499778,637.9487005622688,0.0,,1216959.7797177362
2021-07-22 20:00:28.090,1,0.6230520546179249,639.5985157857493,0.0,,1220432.4079155116
2021-07-22 20:00:28.100,1,0.5300789726604385,646.6784607808222,0.0,,1235289.7646723145
2021-07-22 20:00:28.110,1,0.5225867722834538,644.1543118368973,0.0,,1229992.1080029064
2021-07-22 20:00:28.120,1,0.6769035153544212,643.587253376833,0.0,,1228808.1770122298
2021-07-22 20:00:28.130,1,0.5832996401371285,645.7178893970693,0.0,,1233278.3092818742
2021-07-22 20:00:28.140,1,0.6664505160460312,643.9554170116892,0.0,,1229577.764399078
2021-07-22 20:00:28.150,1,0.6548143989391348,648.7154343144018,0.0,,1239581.5831363427
2021-07-22 20:00:28.160,1,0.6729207788431221,647.6026158863974,0.0,,1237241.619337872
2021-07-22 20:00:28.170,1,0.6256315850638542,652.3751101477284,0.0,,1247274.785019295
2021-07-22 20:00:28.180,1,0.5161943788530792,643.3290516825261,0.0,,1228256.9363731763
2021-07-22 20:00:28.190,1,0.5935159518788238,648.2314979692728,0.0,,1238562.3826778538
2021-07-22 20:00:28.200,1,0.6676561664280598,648.087537503322,0.0,,1238260.4842647365
2021-07-22 20:00:28.210,1,0.6632213032090499,647.6499072884558,0.0,,1237342.6310396001
2021-07-22 20:00:28.220,1,0.6616353059569198,648.7289899186043,0.0,,1239612.0192914074
2021-07-22 20:00:28.230,1,0.6548739604033508,642.9655339759157,0.0,,1227497.1581065997
2021-07-22 20:00:28.240,1,0.5668196348249953,651.3738154064275,0.0,,1245161.2303900036
2021-07-22 20:00:28.250,1,0.4793555438432695,642.5874224372402,0.0,,1226695.9798290671
2021-07-22 20:00:28.260,1,0.6199391547993359,647.7397276333627,0.0,,1237525.497519148
2021-07-22 20:00:28.270,1,0.5383614689780918,648.4464148061371,0.0,,1239008.1223927864
2021-07-22 20:00:28.280,1,0.5974870659479263,643.919337448525,0.0,,1229499.2377431623
2021-07-22 20:00:28.290,1,0.4910039372233239,652.2219467458654,0.0,,1246943.3158152823
2021-07-22 20:00:28.300,1,0.6793921565412349,651.3804565918472,0.0,,1245187.2224750975
2021-07-22 20:00:28.310,1,0.6794846246330337,648.4689414492111,0.0,,1239063.9276071182
2021-07-22 20:00:28.320,1,0.5759664306717776,647.1436358791104,0.0,,1236274.1294914593
2021-07-22 20:00:28.330,1,0.5196896954508824,647.8672022408547,0.0,,1237789.912892951
2021-07-22 20:00:28.340,1,0.6156262698251403,648.8824348089724,0.0,,1239926.3043450874
2021-07-22 20:00:28.350,1,0.5619657352186491,644.5846738554867,0.0,,1230895.577340893
2021-07-22 20:00:28.360,1,0.6067510706778403,649.9929746609902,0.0,,1242262.9612464523
2021-07-22 20:00:28.370,1,0.5884723838704266,646.8072315189842,0.0,,1235565.0245510219
2021-07-22 20:00:28.380,1,0.6623157729008776,649.444165395903,0.0,,1241112.9281491297
2021-07-22 20:00:28.390,1,0.5816549185011775,652.4686516899583,0.0,,1247466.5894331774
2021-07-22 20:00:28.400,1,0.5861862579204605,647.1843539657298,0.0,,1236357.7016066452
2021-07-22 20:00:28.410,1,0.6862685491340147,646.7637224863967,0.0,,1235479.829321791
2021-07-22 20:00:28.420,1,0.6536589157551103,648.7575548527573,0.0,,1239669.5396245818
2021-07-22 20:00:28.430,1,0.497023087896936,641.0766948842522,0.0,,1223525.4369721257
2021-07-22 20:00:28.440,1,0.4752664714452952,643.4188003837987,0.0,,1228443.3461693956
2021-07-22 20:00:28.450,1,0.6426172785001726,644.9454561869692,0.0,,1231658.673504266
2021-07-22 20:00:28.460,1,0.6551358537372634,653.4065553939135,0.0,,1249444.6783723247
2021-07-22 20:00:28.470,1,0.6477016872503769,658.9155223480158,0.0,,1261033.477245773
2021-07-22 20:00:28.480,1,0.6200483843811442,648.8197243744457,0.0,,1239798.405721963
2021-07-22 20:00:28.490,1,0.5760921707038663,656.1599146958067,0.0,,1255234.0405334705
2021-07-22 20:00:28.500,1,0.6796151326712879,649.6698217889476,0.0,,1241584.5961765188
2021-07-22 20:00:28.510,1,0.6386425352972936,648.1114774676772,0.0,,1238307.9491946707
2021-07-22 20:00:28.520,1,0.5426265791583303,650.4591019887937,0.0,,1243235.883927504
2021-07-22 20:00:28.530,1,0.6079690329475725,651.9185888959893,0.0,,1246311.4952853199
2021-07-22 20:00:28.540,1,0.6572688905468265,649.1737616858893,0.0,,1240545.7166400668
2021-07-22 20:00:28.550,1,0.4475517160831549,653.3429575597734,0.0,,1249299.8376585897
2021-07-22 20:00:28.560,1,0.6210135811045469,651.1825423886852,0.0,,1244763.5845605396
2021-07-22 20:00:28.570,1,0.5932600896845839,652.3999505348793,0.0,,1247324.6007727126
2021-07-22 20:00:28.580,1,0.6607116195602118,652.4890369193688,0.0,,1247516.4895045257
2021-07-22 20:00:28.590,1,0.6131367461861802,645.4154594180496,0.0,,1232641.687249586
2021-07-22 20:00:28.600,1,0.5598560322109412,648.2549544171354,0.0,,1238605.7002764037
2021-07-22 20:00:28.610,1,0.6022300421886191,651.4960297179306,0.0,,1245424.4905982744
2021-07-22 20:00:28.620,1,0.5574889975787688,654.1407827788065,0.0,,1250980.891366253
2021-07-22 20:00:28.630,1,0.4889437205874601,649.0159246736108,0.0,,1240206.6116820737
2021-07-22 20:00:28.640,1,0.6105284675032049,642.2524152394578,0.0,,1226002.4602786626
2021-07-22 20:00:28.650,1,0.4752866675744239,653.5273552078013,0.0,,1249687.253288353
2021-07-22 20:00:28.660,1,0.5730706398956614,649.1401828770553,0.0,,1240466.9674769484
2021-07-22 20:00:28.670,1,0.5933205746396873,649.0640261128141,0.0,,1240310.8708767362
2021-07-22 20:00:28.680,1,0.4336116228618027,649.5361198481412,0.0,,1241296.2549769725
2021-07-22 20:00:28.690,1,0.4149445135519552,655.5320585096242,0.0,,1253904.3751329593
2021-07-22 20:00:28.700,1,0.4420614303559723,649.7833554211297,0.0,,1241815.1390332754
2021-07-22 20:00:28.710,1,0.4922907774065245,649.2122563496949,0.0,,1240616.1578185093
2021-07-22 20:00:28.720,1,0.5891086040491779,655.6091815052373,0.0,,1254072.425180428
2021-07-22 20:00:28.730,1,0.4924737594822329,648.4497119928297,0.0,,1239015.1431871604
2021-07-22 20:00:28.740,1,0.3921030224153564,643.9422703095912,0.0,,1229537.719243135
2021-07-22 20:00:28.750,1,0.4910195827883643,650.2305810816723,0.0,,1242757.3182069978
2021-07-22 20:00:28.760,1,0.4220228012683112,648.5336596597965,0.0,,1239187.242015475
2021-07-22 20:00:28.770,1,0.4292343265205877,645.227690057805,0.0,,1232240.9548866914
2021-07-22 20:00:28.780,1,0.3850947738374805,648.4447615442323,0.0,,1238996.1895647335
2021-07-22 20:00:28.790,1,0.4123209684660482,645.9753760194841,0.0,,1233811.0476789111
2021-07-22 20:00:28.800,1,0.5535983509898355,648.0739427287336,0.0,,1238227.3005967862
2021-07-22 20:00:28.810,1,0.4474819372468549,643.4762142513957,0.0,,1228564.7736742792
2021-07-22 20:00:28.820,1,0.4767851694944059,647.3930045584675,0.0,,1236793.0736559248
2021-07-22 20:00:28.830,1,0.4988535293911578,647.3213104705692,0.0,,1236639.828188418
2021-07-22 20:00:28.840,1,0.3614819043875948,647.6374757155912,0.0,,1237303.119763069
2021-07-22 20:00:28.850,1,0.4097074919684541,647.7002813625958,0.0,,1237436.115929091
2021-07-22 20:00:28.860,1,0.518489126822709,648.4401175161255,0.0,,1238993.3812965297
2021-07-22 20:00:28.870,1,0.4120211799347258,644.256756543792,0.0,,1230201.3771636845
2021-07-22 20:00:28.880,1,0.4258145101097035,648.6224491354927,0.0,,1239372.015740966
2021-07-22 20:00:28.890,1,0.4775112636551643,648.6024226440912,0.0,,1239335.3907372353
2021-07-22 20:00:28.900,1,0.4496254707359374,647.0423491941159,0.0,,1236052.1579617378
2021-07-22 20:00:28.910,1,0.4460233052866112,652.0170479979338,0.0,,1246510.955987867
2021-07-22 20:00:28.920,1,0.4639441811065823,646.3605642180152,0.0,,1234619.6321977957
2021-07-22 20:00:28.930,1,0.4114548594943514,646.0247443869514,0.0,,1233911.665201673
2021-07-22 20:00:28.940,1,0.4629545110698554,647.9689722036974,0.0,,1238002.834512288
2021-07-22 20:00:28.950,1,0.4399450829675189,645.5513470548017,0.0,,1232920.8738781116
2021-07-22 20:00:28.960,1,0.4056257012798354,641.4780284097874,0.0,,1224364.0716166822
2021-07-22 20:00:28.970,1,0.4909947810695591,642.0059377499895,0.0,,1225478.1419077518
2021-07-22 20:00:28.980,1,0.4927658750311289,643.2774032563477,0.0,,1228146.0094357505
2021-07-22 20:00:28.990,1,0.3437777079782275,647.0983286085791,0.0,,1236168.60874801
2021-07-22 20:00:29.000,0,0.3756306082613609,645.2273550911302,0.0,,1232237.1868712527
2021-07-22 20:00:29.010,0,0.3850431008733159,648.8217188645643,0.0,,1239790.0942734624
2021-07-22 20:00:29.020,0,0.3804649513530477,644.4544317755123,0.0,,1230615.2952254051
2021-07-22 20:00:29.030,0,0.4344422229875809,644.9162735795869,0.0,,1231584.3713713023
2021-07-22 20:00:29.040,0,0.4521112116671166,647.5489131086707,0.0,,1237119.1011095725
2021-07-22 20:00:29.050,0,0.4524735928047216,648.6248933728037,0.0,,1239378.0409524743
2021-07-22 20:00:29.060,0,0.3630268121386792,643.4290924179935,0.0,,1228462.0561468531
2021-07-22 20:00:29.070,0,0.3744621123165903,639.4499093204755,0.0,,1220106.1586522162
2021-07-22 20:00:29.080,0,0.4163219327195712,639.9748844229057,0.0,,1221206.520168138
2021-07-22 20:00:29.090,0,0.4391839295642845,645.332107383927,0.0,,1232458.0243435882
2021-07-22 20:00:29.100,0,0.3925646614197901,649.0893452161388,0.0,,1240351.6748204974
2021-07-22 20:00:29.110,0,0.3825164208757803,642.6663636915653,0.0,,1226856.528067872
2021-07-22 20:00:29.120,0,0.387160528918633,641.547993869785,0.0,,1224508.724700178
2021-07-22 20:00:29.130,0,0.3763941241618467,630.7483407778531,0.0,,1201853.9577073543
2021-07-22 20:00:29.140,0,0.3699625196178491,623.0646214553561,0.0,,1185761.55077772
2021-07-22 20:00:29.150,0,0.4134206920158985,600.9548713324182,0.0,,1139564.9729448385
2021-07-22 20:00:29.160,0,0.3893578150898034,585.0058458387116,0.0,,1106339.7956459369
2021-07-22 20:00:29.170,0,0.4019725932410399,564.1851226181428,0.0,,1063108.2862174227
2021-07-22 20:00:29.180,0,0.3910642340001601,538.7335685065964,0.0,,1010469.8029502468
2021-07-22 20:00:29.190,0,0.4164104983238065,511.28611037327937,0.0,,953989.3537361729
2021-07-22 20:00:29.200,0,0.3791197555576236,487.2868390172529,0.0,,904850.5519971796
2021-07-22 20:00:29.210,0,0.3226034907192043,461.6266431901699,0.0,,852576.4028871192
2021-07-22 20:00:29.220,0,0.3455886612050489,430.4236059445356,0.0,,789406.4274086673
2021-07-22 20:00:29.230,0,0.33742469050229,406.9329018465188,0.0,,742148.1126922355
2021-07-22 20:00:29.240,0,0.2769987512825451,381.31365518156326,0.0,,690913.6904601473
2021-07-22 20:00:29.250,0,0.2690524598271334,355.760400737167,0.0,,640160.8157161933
2021-07-22 20:00:29.260,0,0.225285784130083,327.76410558651884,0.0,,584967.6282634125
2021-07-22 20:00:29.270,0,0.2356986851698016,304.358577468652,0.0,,539188.9056991643
2021-07-22 20:00:29.280,0,0.165260205387059,280.1885090323405,1.0,,492281.75641482533
2021-07-22 20:00:29.290,0,0.1573290774463586,256.2036802643148,1.0,,446129.7036934428
2021-07-22 20:00:29.300,0,0.1943805594028367,231.3394422331224,1.0,,398746.26801373996
2021-07-22 20:00:29.310,0,0.1709311033467156,211.57865601559925,1.0,,361444.6404897238
2021-07-22 20:00:29.320,0,0.1155068740907966,192.45451417247705,1.0,,325672.9793410815
2021-07-22 20:00:29.330,0,0.1132562622555447,173.313451517335,1.0,,290228.28685099457
2021-07-22 20:00:29.340,0,0.1145590256730911,156.65740079646113,1.0,,259698.37673550844
2021-07-22 20:00:29.350,0,0.0831483977369881,138.53656630389742,1.0,,226855.00870039925
2021-07-22 20:00:29.360,0,0.0865992325498648,121.84816307915766,1.0,,196984.3242531291
2021-07-22 20:00:29.370,0,0.0943920563228736,108.94569563583732,1.0,,174164.65023180394
2021-07-22 20:00:29.380,0,0.0830384813267903,95.20505555614622,1.0,,150162.73237920718
2021-07-22 20:00:29.390,0,0.0729280100901677,82.75318887046436,2.0,,128705.94748906714
2021-07-22 20:00:29.400,0,0.0473941067150799,72.3655545647041,2.0,,111053.36365373676
2021-07-22 20:00:29.410,0,0.0544539892388037,61.85430424897678,2.0,,93444.3163067438
2021-07-22 20:00:29.420,0,0.0402362640026402,52.00933757566286,2.0,,77226.57274606264
2021-07-22 20:00:29.430,0,0.0270120895402841,43.75384470296647,2.0,,63855.827156173815
2021-07-22 20:00:29.440,0,0.0267683243704942,36.18219931423353,2.0,,51814.908309091945
2021-07-22 20:00:29.450,0,0.0250443859425566,29.21714329874495,2.0,,40956.89514466589
2021-07-22 20:00:29.460,0,0.0089563870966,22.97699027300999,2.0,,31447.130863643008
2021-07-22 20:00:29.470,0,0.0092360945430256,17.379374761952068,2.0,,23133.29060802331
2021-07-22 20:00:29.480,0,0.0119467416186532,12.535960818940936,2.0,,16152.053217402301
2021-07-22 20:00:29.490,0,0.0139575638538441,8.043677087173705,2.0,,9919.359733709212
2021-07-22 20:00:29.500,0,0.0067122722758468,4.297114231124604,2.0,,4984.096464576073
2021-07-22 20:00:29.510,0,0.0053891826232132,1.0270009317417326,2.0,,1039.8876048081468
2021-07-22 20:00:29.520,0,0.0008272534718207,0.0,2.0,,10.338728229628405
2021-07-22 20:00:29.530,0,-0.0019628538893018,0.0,2.0,,8.956425861297994
2021-07-22 20:00:29.540,0,-0.0058847870736217,0.0,2.0,,8.172548119607903
2021-07-22 20:00:29.550,0,-0.0061603584981248,0.0,2.0,,10.46507380128472
2021-07-22 20:00:29.560,0,-0.0055273398296745,0.0,2.0,,7.890960718898065
2021-07-22 20:00:29.570,0,-0.009591537462318,0.0,2.0,,10.6619252734123
2021-07-22 20:00:29.580,0,-0.0070936046173185,0.0,2.0,,8.395036011403297
2021-07-22 20:00:29.590,0,-0.0040058512919096,0.0,2.0,,9.685544451638545
2021-07-22 20:00:29.600,0,-0.0133766738586058,0.0,2.0,,10.448460789191499
2021-07-22 20:00:29.610,0,-0.013229817197373,0.0,2.0,,12.17123095751133
2021-07-22 20:00:29.620,0,-0.0093887334042834,0.0,2.0,,11.53255274835679
2021-07-22 20:00:29.630,0,-0.0106518758246324,0.0,2.0,,8.153632618226608
2021-07-22 20:00:29.640,0,-0.0075272326019048,0.0,2.0,,14.945091976755702
2021-07-22 20:00:29.650,0,-0.0105194444295713,0.0,2.0,,9.119797732881164
2021-07-22 20:00:29.660,0,-0.0101962882618559,0.0,2.0,,7.965387379835928
2021-07-22 20:00:29.670,0,-0.0111014548150998,0.0,2.0,,8.277287027611468
2021-07-22 20:00:29.680,0,-0.0088455087868522,0.0,2.0,,10.842673341659541
2021-07-22 20:00:29.690,0,-0.0062425004747726,0.0,2.0,,8.484562998213987
2021-07-22 20:00:29.700,0,-0.0080388447417389,0.0,2.0,,12.720925952963169
2021-07-22 20:00:29.710,0,-0.0116325760160709,0.0,2.0,,7.232696596921745
2021-07-22 20:00:29.720,0,-0.004269889760637,0.0,2.0,,9.805077174764364
2021-07-22 20:00:29.730,0,-0.0061850151056903,0.0,2.0,,10.609487969021423
2021-07-22 20:00:29.740,0,-0.0043650550191398,0.0,2.0,,11.338118670793879
2021-07-22 20:00:29.750,0,-0.0084815550112372,0.0,2.0,,10.203605365904664
2021-07-22 20:00:29.760,0,-0.0085983870676495,0.0,2.0,,10.99912928832592
2021-07-22 20:00:29.770,0,-0.0057276821630546,0.0,2.0,,11.956154449949997
2021-07-22 20:00:29.780,0,-0.0012751768136644,0.0,2.0,,11.220746663382991
2021-07-22 20:00:29.790,0,-0.0138758110952464,0.0,2.0,,11.794108571896944
2021-07-22 20:00:29.800,0,-0.0087584931684616,0.0,2.0,,10.602156888988361
2021-07-22 20:00:29.810,0,-0.0043336377222123,0.0,2.0,,11.740625321049732
2021-07-22 20:00:29.820,0,-0.006791479787683,0.0,2.0,,6.92497215762149
2021-07-22 20:00:29.830,0,-0.0063841260441459,0.0,2.0,,8.904301958830711
2021-07-22 20:00:29.840,0,0.0008508493396207,0.0,2.0,,10.193569958143396
2021-07-22 20:00:29.850,0,0.0019806281780247,0.0,2.0,,9.705417218134603
2021-07-22 20:00:29.860,0,-0.0009827840563967,0.0,2.0,,11.92764949038527
2021-07-22 20:00:29.870,0,-0.0034712462874723,0.0,2.0,,5.464157743098375
2021-07-22 20:00:29.880,0,0.000792027496478,0.0,2.0,,9.055435045375221
2021-07-22 20:00:29.890,0,0.0009731103906556,0.0,2.0,,11.147917895519225
2021-07-22 20:00:29.900,0,-0.0001810200194172,0.0,2.0,,7.810046079255457
2021-07-22 20:00:29.910,0,-0.0011929970807303,0.0,2.0,,10.21105006504024
2021-07-22 20:00:29.920,0,0.0010215055454026,0.0,2.0,,11.254594855518326
2021-07-22 20:00:29.930,0,-0.0080075211935664,0.0,2.0,,8.484730155690183
2021-07-22 20:00:29.940,0,-0.0001161335428873,0.0,2.0,,10.901842918622775
2021-07-22 20:00:29.950,0,0.0021681863355003,0.0,2.0,,8.46649318497131
2021-07-22 20:00:29.960,0,0.0003262828345477,0.0,2.0,,8.311117235271922
2021-07-22 20:00:29.970,0,0.0040175348190625,0.0,2.0,,8.197201906120487
2021-07-22 20:00:29.980,0,0.0004656191516888,0.0,2.0,,9.92785912113737
2021-07-22 20:00:29.990,0,-0.0020111009596047,0.0,2.0,,9.782012930221784
2021-07-22 20:00:30.000,0,-0.0003835452381836,0.0,2.0,,9.489142389048734
2021-07-22 20:00:30.010,0,-0.005188378111222,0.0,2.0,,9.304007525801792
2021-07-22 20:00:30.020,0,-0.0012317484204873,0.0,2.0,,9.381964494881624
2021-07-22 20:00:30.030,0,0.0015684225058866,0.0139698382333651,2.0,,17.29899098939232
2021-07-22 20:00:30.040,0,-0.0011433117812597,0.0653079545209909,2.0,,60.00837699684226
2021-07-22 20:00:30.050,0,0.0027707472324597,0.1095086006559488,2.0,,98.54037681567928
2021-07-22 20:00:30.060,0,-0.0051095738593575,0.1437564284634207,2.0,,130.53867096148295
2021-07-22 20:00:30.070,0,0.0065722677023224,0.1740389498980039,2.0,,154.48500330503782
2021-07-22 20:00:30.080,0,-0.0009091696276838,0.1980938576315338,2.0,,179.46558229133763
2021-07-22 20:00:30.090,0,0.0015600173173639,0.2161785134539777,2.0,,198.06368762026597
2021-07-22 20:00:30.100,0,-0.0005761433717319,0.2288195859413085,2.0,,206.16685935717007
2021-07-22 20:00:30.110,0,0.0056429802759923,0.2415746979978151,2.0,,219.51472216040187
2021-07-22 20:00:30.120,0,-0.0018642847127945,0.2460444423370753,2.0,,227.62330562403307
2021-07-22 20:00:30.130,0,-0.0035304744111248,0.2522294738458556,2.0,,232.21686624344187
2021-07-22 20:00:30.140,0,-0.0022917800654733,0.2514703320657847,2.0,,230.81869181123264
2021-07-22 20:00:30.150,0,0.0038957517388822,0.2510825719269565,2.0,,227.76139509512396
2021-07-22 20:00:30.160,0,-0.0015336114654804,0.2465774885975561,2.0,,225.5099559332382
2021-07-22 20:00:30.170,0,-0.0050977822299578,0.2427956345738967,2.0,,218.6294240211482
2021-07-22 20:00:30.180,0,-0.0017562695075292,0.2352906212208376,2.0,,216.26803676461915
2021-07-22 20:00:30.190,0,-0.0037152573891127,0.2267064351702203,2.0,,205.4616254397349
2021-07-22 20:00:30.200,0,-0.0011755866630398,0.2197403357416291,2.0,,200.9901807044671
2021-07-22 20:00:30.210,0,-0.0010279839663141,0.2090182363910074,2.0,,192.25335083818425
2021-07-22 20:00:30.220,0,0.0043806389510766,0.2006276134491563,2.0,,181.06097981350968
2021-07-22 20:00:30.230,0,0.0032135883420701,0.1903060575710323,2.0,,172.5273019356336
2021-07-22 20:00:30.240,0,0.0001484821835622,0.1799659200483061,2.0,,162.28649729988595
2021-07-22 20:00:30.250,0,0.0005693214389141,0.1669735057598234,2.0,,150.56630408850103
2021-07-22 20:00:30.260,0,0.0050160105100269,0.1593037827121485,2.0,,140.57372476896916
2021-07-22 20:00:30.270,0,-0.0062745966155696,0.1466158286892084,2.0,,130.00325922694776
2021-07-22 20:00:30.280,0,0.0065087789815429,0.1368001009582655,2.0,,119.61837359337521
2021-07-22 20:00:30.290,0,0.0094342142728103,0.1268919526526872,2.0,,111.27081203670248
2021-07-22 20:00:30.300,0,0.0006540173040537,0.1176084842506166,2.0,,105.50769523646801
2021-07-22 20:00:30.310,0,0.0045118629297366,0.1085895505800577,2.0,,97.97140731677028
2021-07-22 20:00:30.320,0,-0.0017969920385487,0.0990159209501804,2.0,,88.91639126703174
2021-07-22 20:00:30.330,0,-0.0021810948266988,0.0902056630667735,2.0,,79.0099637037838
2021-07-22 20:00:30.340,0,-0.0028659752110835,0.0812462553102109,2.0,,71.73114746168119
2021-07-22 20:00:30.350,0,-0.0017128051912711,0.0742879756643909,2.0,,66.57169406893398
2021-07-22 20:00:30.360,0,-0.0023004884909489,0.0672169012952882,2.0,,63.41884008142427
2021-07-22 20:00:30.370,0,0.0035175756226259,0.0595717022305191,2.0,,53.5294149870825
2021-07-22 20:00:30.380,0,-0.0045255673884318,0.0537551337917753,2.0,,45.71811274714388
2021-07-22 20:00:30.390,0,-0.00109518640774,0.0476235041371093,2.0,,44.535862497954305
2021-07-22 20:00:30.400,0,-0.0030999436433011,0.0420154875185358,2.0,,41.036950780599824
2021-07-22 20:00:30.410,0,-0.0004511819350771,0.0366886442051408,2.0,,36.84503871025975
2021-07-22 20:00:30.420,0,0.0023309762883582,0.0320088835537262,2.0,,34.601373760992736
2021-07-22 20:00:30.430,0,0.0008100545716727,0.0278309652191804,2.0,,26.876530142316497
2021-07-22 20:00:30.440,0,0.0017608047510202,0.0235902399071739,2.0,,23.879028663440856
2021-07-22 20:00:30.450,0,-0.0024162014643079,0.0200089070164963,2.0,,23.082328020136956
2021-07-22 20:00:30.460,0,0.0020913677294462,0.0167206460705186,2.0,,21.163710343561544
2021-07-22 20:00:30.470,0,-0.0034291678605333,0.0137101001208772,2.0,,19.62112231542672
2021-07-22 20:00:30.480,0,0.0037922160643241,0.0110712731285753,2.0,,18.394179838655333
2021-07-22 20:00:30.490,0,-0.0063481918710581,0.0086169787545574,2.0,,14.7602744661706
2021-07-22 20:00:30.500,0,-0.0031340792590749,0.0065134351711498,2.0,,18.025602809079064
2021-07-22 20:00:30.510,0,-0.0032571760909475,0.0045709148639008,2.0,,12.15719885858553
2021-07-22 20:00:30.520,0,-0.0023681738356112,0.0028981753213433,2.0,,11.176124143710373
2021-07-22 20:00:30.530,0,-0.004277510148833,0.0014376614346013,2.0,,9.558541063672951
2021-07-22 20:00:30.540,0,-0.002805893274907,0.0001822419270497,2.0,,8.347599358570953
2021-07-22 20:00:30.550,0,-0.0024885579993342,0.0,2.0,,12.831949271434098
2021-07-22 20:00:30.560,0,-0.0073350340748679,0.0,2.0,,11.705984496581102
2021-07-22 20:00:30.570,0,0.0027623173001202,0.0,2.0,,12.390249608328638
2021-07-22 20:00:30.580,0,0.0003025933043692,0.0,2.0,,10.505008721738932
2021-07-22 20:00:30.590,0,-0.0058357070715314,0.0,2.0,,12.182565025595505
2021-07-22 20:00:30.600,0,0.0010825458543978,0.0,2.0,,11.035310059091923
2021-07-22 20:00:30.610,0,-0.0015685488830098,0.0,2.0,,11.80236482310814
2021-07-22 20:00:30.620,0,0