time,ton,thrust,mfr,vl,anomaly_code
2021-03-17 20:00:00.000,0,-0.0023346780943781,0.0,0.0,
2021-03-17 20:00:00.010,0,0.0029577882599102,0.0,1.0,
2021-03-17 20:00:00.020,0,0.0058552063086424,0.0,1.0,
2021-03-17 20:00:00.030,0,0.0070097457016209,0.0,1.0,
2021-03-17 20:00:00.040,0,-0.0055035532968847,0.0,1.0,
2021-03-17 20:00:00.050,0,0.0002936153468719,0.0,1.0,
2021-03-17 20:00:00.060,0,-0.0023086232865306,0.0,1.0,
2021-03-17 20:00:00.070,0,-0.0023682673897162,0.0,1.0,
2021-03-17 20:00:00.080,0,0.0016340808789054,0.0,1.0,
2021-03-17 20:00:00.090,0,0.0007259571855095,0.0,1.0,
2021-03-17 20:00:00.100,0,0.0001975391925619,0.0,1.0,
2021-03-17 20:00:00.110,0,-0.0027467902624992,0.0,1.0,
2021-03-17 20:00:00.120,0,0.0021907759779265,0.0,1.0,
2021-03-17 20:00:00.130,0,0.0009235165111328,0.0,1.0,
2021-03-17 20:00:00.140,0,0.0030651591637305,0.0,1.0,
2021-03-17 20:00:00.150,0,-0.0038335106771752,0.0,1.0,
2021-03-17 20:00:00.160,0,-0.0076097409305166,0.0,1.0,
2021-03-17 20:00:00.170,0,0.0006300049945742,0.0,0.0,
2021-03-17 20:00:00.180,0,0.0090397644329187,0.0,0.0,
2021-03-17 20:00:00.190,0,0.0030457454075404,0.0,0.0,
2021-03-17 20:00:00.200,0,-0.0006420053135185,0.0,0.0,
2021-03-17 20:00:00.210,0,0.001593302362853,0.0,0.0,
2021-03-17 20:00:00.220,0,-0.0014957187416509,0.0,0.0,
2021-03-17 20:00:00.230,0,0.0032640235034467,0.0,0.0,
2021-03-17 20:00:00.240,0,0.0010057456544705,0.0,0.0,
2021-03-17 20:00:00.250,0,-0.0018741419379527,0.0,0.0,
2021-03-17 20:00:00.260,0,0.0014056971429476,0.0,0.0,
2021-03-17 20:00:00.270,0,-0.0017914125209974,0.0,0.0,
2021-03-17 20:00:00.280,0,-0.0039812495200758,0.0,0.0,
2021-03-17 20:00:00.290,0,0.0002988253645266,0.0,0.0,
2021-03-17 20:00:00.300,0,0.0026290562253844,0.0,0.0,
2021-03-17 20:00:00.310,0,0.0032297518742879,0.0,0.0,
2021-03-17 20:00:00.320,0,0.0008234590865889999,0.0,0.0,
2021-03-17 20:00:00.330,0,-0.000390950553581,0.0,0.0,
2021-03-17 20:00:00.340,0,0.0032915834292072,0.0,0.0,
2021-03-17 20:00:00.350,0,0.0040427170511651,0.0,0.0,
2021-03-17 20:00:00.360,0,0.0028054648774262,0.0,0.0,
2021-03-17 20:00:00.370,0,-0.0079485553668214,0.0,0.0,
2021-03-17 20:00:00.380,0,0.0037332620983574,0.0,0.0,
2021-03-17 20:00:00.390,0,0.0003560080086414,0.0,0.0,
2021-03-17 20:00:00.400,0,0.0024415603893017,0.0,0.0,
2021-03-17 20:00:00.410,0,-0.0041818869154941,0.0,0.0,
2021-03-17 20:00:00.420,0,0.0020666964279542,0.0,0.0,
2021-03-17 20:00:00.430,0,-0.0015291667400881,0.0,0.0,
2021-03-17 20:00:00.440,0,-0.0047265023800536,0.0,0.0,
2021-03-17 20:00:00.450,0,0.0024226011080803,0.0,0.0,
2021-03-17 20:00:00.460,0,0.002337239665443,0.0,0.0,
2021-03-17 20:00:00.470,0,-0.0036521758051233,0.0,0.0,
2021-03-17 20:00:00.480,0,0.0059141204831769,0.0,0.0,
2021-03-17 20:00:00.490,0,0.0032707840587633,0.0,0.0,
2021-03-17 20:00:00.500,0,0.0028786870629195,0.0,0.0,
2021-03-17 20:00:00.510,0,0.0045335545514229,0.0,0.0,
2021-03-17 20:00:00.520,0,-0.0049453551702523,0.0,0.0,
2021-03-17 20:00:00.530,0,0.0033880267793273,0.0,0.0,
2021-03-17 20:00:00.540,0,-0.0025119674775847,0.0,0.0,
2021-03-17 20:00:00.550,0,-0.0044120253269577,0.0,0.0,
2021-03-17 20:00:00.560,0,-0.0057307944382133,0.0,0.0,
2021-03-17 20:00:00.570,0,0.0024201923398333,0.0,0.0,
2021-03-17 20:00:00.580,0,2.417050089023455e-05,0.0,0.0,
2021-03-17 20:00:00.590,0,0.0010692631185197,0.0,0.0,
2021-03-17 20:00:00.600,0,0.0014212317591627,0.0,0.0,
2021-03-17 20:00:00.610,0,-0.0015439653908672,0.0,0.0,
2021-03-17 20:00:00.620,0,0.0027283114183895,0.0,0.0,
2021-03-17 20:00:00.630,0,-0.0057735439964076,0.0,0.0,
2021-03-17 20:00:00.640,0,-0.0043540856208125,0.0,0.0,
2021-03-17 20:00:00.650,0,-0.0049767104478507,0.0,0.0,
2021-03-17 20:00:00.660,0,-0.0027407996525686,0.0,0.0,
2021-03-17 20:00:00.670,0,-0.0028638995173453,0.0,0.0,
2021-03-17 20:00:00.680,0,-0.0014418950029791,0.0,0.0,
2021-03-17 20:00:00.690,0,0.0001056154480953,0.0,0.0,
2021-03-17 20:00:00.700,0,0.0001976530536975,0.0,0.0,
2021-03-17 20:00:00.710,0,-0.0046966785474051,0.0,0.0,
2021-03-17 20:00:00.720,0,-0.0087955760165731,0.0,0.0,
2021-03-17 20:00:00.730,0,0.0005291957618762,0.0,0.0,
2021-03-17 20:00:00.740,0,0.0021151564493199,0.0,0.0,
2021-03-17 20:00:00.750,0,0.0038619256516223,0.0,0.0,
2021-03-17 20:00:00.760,0,0.0033919458034607,0.0,0.0,
2021-03-17 20:00:00.770,0,0.0048630837456113,0.0,0.0,
2021-03-17 20:00:00.780,0,0.0016626210539873,0.0,0.0,
2021-03-17 20:00:00.790,0,-0.0023636919318067,0.0,0.0,
2021-03-17 20:00:00.800,0,0.0055712200056074,0.0,0.0,
2021-03-17 20:00:00.810,0,-0.0008297762349135,0.0,0.0,
2021-03-17 20:00:00.820,0,-0.0039357100747103,0.0,0.0,
2021-03-17 20:00:00.830,0,-0.0011013728266681,0.0,0.0,
2021-03-17 20:00:00.840,0,-0.0037552874015423,0.0,0.0,
2021-03-17 20:00:00.850,0,0.0055547734544325,0.0,0.0,
2021-03-17 20:00:00.860,0,0.0033371053580853,0.0,0.0,
2021-03-17 20:00:00.870,0,-0.0003131066114912,0.0,0.0,
2021-03-17 20:00:00.880,0,-0.0030928969365376,0.0,0.0,
2021-03-17 20:00:00.890,0,-0.0021706310076505,0.0,0.0,
2021-03-17 20:00:00.900,0,-0.0016384893307279,0.0,0.0,
2021-03-17 20:00:00.910,0,-0.0029562642728474,0.0,0.0,
2021-03-17 20:00:00.920,0,-0.0073002946955612,0.0,0.0,
2021-03-17 20:00:00.930,0,-0.0025490311785762,0.0,0.0,
2021-03-17 20:00:00.940,0,-0.002520889954149,0.0,0.0,
2021-03-17 20:00:00.950,0,0.0010104376049096,0.0,0.0,
2021-03-17 20:00:00.960,0,0.0033893182857613,0.0,0.0,
2021-03-17 20:00:00.970,0,-0.0045960802988919,0.0,0.0,
2021-03-17 20:00:00.980,0,-0.008743059349761998,0.0,0.0,
2021-03-17 20:00:00.990,0,0.0059445532444395,0.0,0.0,
2021-03-17 20:00:01.000,1,0.0065705816940959,0.0,0.0,
2021-03-17 20:00:01.010,1,-0.0004534037997481,0.0,0.0,
2021-03-17 20:00:01.020,1,0.0020025152649122,0.0,0.0,
2021-03-17 20:00:01.030,1,0.002388276146113,0.0,0.0,
2021-03-17 20:00:01.040,1,-0.0025205803867775,0.0,0.0,
2021-03-17 20:00:01.050,1,0.0011005213553047,0.0,0.0,
2021-03-17 20:00:01.060,1,-0.0034057271159572,0.0,0.0,
2021-03-17 20:00:01.070,1,-0.0002607377774688,0.0,0.0,
2021-03-17 20:00:01.080,1,-0.0025602539603699,0.0,0.0,
2021-03-17 20:00:01.090,1,-0.003812139441763,0.0,0.0,
2021-03-17 20:00:01.100,1,0.0021322863919528,0.0,0.0,
2021-03-17 20:00:01.110,1,0.0024190909340395,0.0,0.0,
2021-03-17 20:00:01.120,1,0.0081948040290675,6.749637207209883,0.0,
2021-03-17 20:00:01.130,1,0.0379471385139993,25.778863912389003,0.0,
2021-03-17 20:00:01.140,1,0.0603335779486662,55.369918883316714,0.0,
2021-03-17 20:00:01.150,1,0.1121287027138122,91.71247983538895,0.0,
2021-03-17 20:00:01.160,1,0.1405123554249096,136.23813043452859,0.0,
2021-03-17 20:00:01.170,1,0.1746019103944405,185.8843754532846,0.0,
2021-03-17 20:00:01.180,1,0.2528115992579863,239.79703580477988,0.0,
2021-03-17 20:00:01.190,1,0.2565453752896171,297.3447373927635,0.0,
2021-03-17 20:00:01.200,1,0.4092999839824143,354.9655940535649,0.0,
2021-03-17 20:00:01.210,1,0.4423298976728186,414.78359266048506,0.0,
2021-03-17 20:00:01.220,1,0.4976008886837657,478.4038655095887,0.0,
2021-03-17 20:00:01.230,1,0.6484383747008147,533.3291117232495,0.0,
2021-03-17 20:00:01.240,1,0.6467983668848241,595.3575710179754,0.0,
2021-03-17 20:00:01.250,1,0.6400296214985821,657.2102708324059,0.0,
2021-03-17 20:00:01.260,1,0.6092324800230002,710.142566768169,0.0,
2021-03-17 20:00:01.270,1,0.8648063628622874,766.5301585831883,0.0,
2021-03-17 20:00:01.280,1,0.6895470767673914,814.9303740341217,0.0,
2021-03-17 20:00:01.290,1,0.9939826738380008,864.4677526583936,0.0,
2021-03-17 20:00:01.300,1,1.0012560925338554,915.5976683466852,0.0,
2021-03-17 20:00:01.310,1,1.037475493068238,957.2285743586333,0.0,
2021-03-17 20:00:01.320,1,0.9092752612660968,1002.3522018922624,0.0,
2021-03-17 20:00:01.330,1,0.903692551542664,1039.3388349281006,0.0,
2021-03-17 20:00:01.340,1,1.0205848361408236,1071.9195688422567,0.0,
2021-03-17 20:00:01.350,1,1.0953587326704228,1113.4739807817086,0.0,
2021-03-17 20:00:01.360,1,1.182173972170074,1141.4138221965047,0.0,
2021-03-17 20:00:01.370,1,1.0951082741659055,1174.4366147390754,0.0,
2021-03-17 20:00:01.380,1,1.2214019553518192,1194.9186287193738,0.0,
2021-03-17 20:00:01.390,1,0.9882215550507284,1217.5308480416825,0.0,
2021-03-17 20:00:01.400,1,1.2809337483165235,1239.0019233992152,0.0,
2021-03-17 20:00:01.410,1,1.1707481472644896,1268.9423686940152,0.0,
2021-03-17 20:00:01.420,1,1.1350039922705704,1281.3242057737045,0.0,
2021-03-17 20:00:01.430,1,1.0039159007025396,1299.6075720088272,0.0,
2021-03-17 20:00:01.440,1,1.0840232659813207,1320.9648482086575,0.0,
2021-03-17 20:00:01.450,1,1.1732338377931335,1346.2004885133624,0.0,
2021-03-17 20:00:01.460,1,1.093400109665122,1330.5385697943218,0.0,
2021-03-17 20:00:01.470,1,1.4343612704452895,1351.7934322285764,0.0,
2021-03-17 20:00:01.480,1,1.3849297607313502,1365.103265377953,0.0,
2021-03-17 20:00:01.490,1,1.0958035727518771,1358.4768403519015,0.0,
2021-03-17 20:00:01.500,1,1.4577995317599035,1376.4134912607556,0.0,
2021-03-17 20:00:01.510,1,1.4662526554431332,1374.8858968633715,0.0,
2021-03-17 20:00:01.520,1,1.2307167320828067,1371.992036078942,0.0,
2021-03-17 20:00:01.530,1,1.4426115254935985,1381.6254311823805,0.0,
2021-03-17 20:00:01.540,1,1.302303444830306,1382.1538707634063,0.0,
2021-03-17 20:00:01.550,1,1.007198672509502,1390.8724266187369,0.0,
2021-03-17 20:00:01.560,1,1.2755647565160224,1387.9722581282188,0.0,
2021-03-17 20:00:01.570,1,1.4619639216793503,1394.813637318485,0.0,
2021-03-17 20:00:01.580,1,1.2724129977084977,1399.0369246753635,0.0,
2021-03-17 20:00:01.590,1,1.1691967509563843,1400.993283197641,0.0,
2021-03-17 20:00:01.600,1,0.9958792314214806,1386.5711695526716,0.0,
2021-03-17 20:00:01.610,1,1.1153024041161204,1392.1364994503085,0.0,
2021-03-17 20:00:01.620,1,1.239568342479463,1382.558290767525,0.0,
2021-03-17 20:00:01.630,1,1.2843245475500311,1385.5825573277018,0.0,
2021-03-17 20:00:01.640,1,1.3548221664778357,1375.1120279964316,0.0,
2021-03-17 20:00:01.650,1,1.1524063978620505,1390.7108776017953,0.0,
2021-03-17 20:00:01.660,1,1.3635912497822813,1384.288949324957,0.0,
2021-03-17 20:00:01.670,1,1.017677911605212,1385.5239317560283,0.0,
2021-03-17 20:00:01.680,1,1.3220676729054193,1384.6571084523166,0.0,
2021-03-17 20:00:01.690,1,1.3197790467239592,1392.509030015492,0.0,
2021-03-17 20:00:01.700,1,1.2611009283512662,1381.6011221985682,0.0,
2021-03-17 20:00:01.710,1,1.097695200646983,1393.5585564112466,0.0,
2021-03-17 20:00:01.720,1,1.0635380649832848,1381.308905542207,0.0,
2021-03-17 20:00:01.730,1,1.1843002961311249,1362.1518811350566,0.0,
2021-03-17 20:00:01.740,1,0.9264781680110552,1380.280679525515,0.0,
2021-03-17 20:00:01.750,1,0.9508850625809416,1382.8221268571945,0.0,
2021-03-17 20:00:01.760,1,1.0152201996482042,1383.9206587134533,0.0,
2021-03-17 20:00:01.770,1,0.9631568788219008,1385.819875715191,0.0,
2021-03-17 20:00:01.780,1,1.2673855565835093,1377.2001869352634,0.0,
2021-03-17 20:00:01.790,1,1.0434331628353792,1381.5645136147346,0.0,
2021-03-17 20:00:01.800,1,1.2558334977452643,1364.827675940756,0.0,
2021-03-17 20:00:01.810,1,1.0608290497070152,1357.061018653119,0.0,
2021-03-17 20:00:01.820,1,1.2209743838789984,1369.4148131668558,0.0,
2021-03-17 20:00:01.830,1,1.2722890830351066,1387.638790976824,0.0,
2021-03-17 20:00:01.840,1,0.8900512010898944,1378.566624627966,0.0,
2021-03-17 20:00:01.850,1,1.0662250303004943,1383.9707123695562,0.0,
2021-03-17 20:00:01.860,1,1.1571400538126533,1379.1781529774505,0.0,
2021-03-17 20:00:01.870,1,0.917506785820678,1386.9134847642804,0.0,
2021-03-17 20:00:01.880,1,1.168142175030168,1380.3584640274269,0.0,
2021-03-17 20:00:01.890,1,0.8913814908051071,1365.7139673355598,0.0,
2021-03-17 20:00:01.900,1,0.9173062810631658,1392.1373516869744,0.0,
2021-03-17 20:00:01.910,1,0.9181740484472876,1381.7365664352205,0.0,
2021-03-17 20:00:01.920,1,0.9234722698073496,1379.6681375880567,0.0,
2021-03-17 20:00:01.930,1,0.9007154586542102,1383.6742494410767,0.0,
2021-03-17 20:00:01.940,1,1.0049062863868397,1382.994062655713,0.0,
2021-03-17 20:00:01.950,1,0.9419064548377918,1387.366687880557,0.0,
2021-03-17 20:00:01.960,1,1.251395165956002,1393.1803054499546,0.0,
2021-03-17 20:00:01.970,1,0.9338730928485,1376.591959175458,0.0,
2021-03-17 20:00:01.980,1,1.1945308841251692,1388.4114633374002,0.0,
2021-03-17 20:00:01.990,1,1.2231879367529348,1395.4578297370658,0.0,
2021-03-17 20:00:02.000,1,1.3828311036029584,1384.3374538145474,0.0,
2021-03-17 20:00:02.010,1,1.0372858461689691,1391.1367487140121,0.0,
2021-03-17 20:00:02.020,1,1.0964316086997092,1393.9355862850946,0.0,
2021-03-17 20:00:02.030,1,1.1232117753092306,1395.9656638585345,0.0,
2021-03-17 20:00:02.040,1,1.0267763286262042,1405.1974967604965,0.0,
2021-03-17 20:00:02.050,1,1.4049190374789065,1398.6549056613876,0.0,
2021-03-17 20:00:02.060,1,1.2442851904041667,1398.893299984632,0.0,
2021-03-17 20:00:02.070,1,1.3832307504878938,1390.683451382739,0.0,
2021-03-17 20:00:02.080,1,0.9897813850769938,1391.632812770513,0.0,
2021-03-17 20:00:02.090,1,1.4553172282660216,1402.383594896066,0.0,
2021-03-17 20:00:02.100,1,1.4171319056108167,1404.4767230042205,0.0,
2021-03-17 20:00:02.110,1,1.0285317341802578,1408.2295472736387,0.0,
2021-03-17 20:00:02.120,1,1.2672165540293217,1402.161815392507,0.0,
2021-03-17 20:00:02.130,1,1.0016421015824268,1400.902129614271,0.0,
2021-03-17 20:00:02.140,1,1.2470223786647383,1396.0399214168106,0.0,
2021-03-17 20:00:02.150,1,1.1693913984522977,1402.9784317092215,0.0,
2021-03-17 20:00:02.160,1,1.4053392586934588,1408.2080793396426,0.0,
2021-03-17 20:00:02.170,1,1.423834519753851,1412.2557889052707,0.0,
2021-03-17 20:00:02.180,1,1.3893458196307908,1401.4824972659094,0.0,
2021-03-17 20:00:02.190,1,1.0794047306258838,1411.8150023567819,0.0,
2021-03-17 20:00:02.200,1,1.167787896867321,1401.54085226083,0.0,
2021-03-17 20:00:02.210,1,1.2117996173750176,1404.073837647199,0.0,
2021-03-17 20:00:02.220,1,1.5088030180134453,1404.4686258895724,0.0,
2021-03-17 20:00:02.230,1,1.3793284263113603,1403.646406482697,0.0,
2021-03-17 20:00:02.240,1,1.3040541786280635,1402.6364451265567,0.0,
2021-03-17 20:00:02.250,1,1.43937068910732,1401.9510575009958,0.0,
2021-03-17 20:00:02.260,1,1.3588530775625862,1401.2978854064984,0.0,
2021-03-17 20:00:02.270,1,1.4583512838820512,1402.2381331982583,0.0,
2021-03-17 20:00:02.280,1,1.215953460480386,1406.0286891982348,0.0,
2021-03-17 20:00:02.290,1,1.0009305068709191,1409.9566349891265,0.0,
2021-03-17 20:00:02.300,1,1.3151749038602671,1393.1323401529276,0.0,
2021-03-17 20:00:02.310,1,1.3406380609545498,1406.4559660477332,0.0,
2021-03-17 20:00:02.320,1,1.4251104865785196,1395.6111309842531,0.0,
2021-03-17 20:00:02.330,1,1.0592719676937603,1410.5289642910627,0.0,
2021-03-17 20:00:02.340,1,1.1051817219291589,1413.8267402602273,0.0,
2021-03-17 20:00:02.350,1,1.1543636321070334,1399.7313682379342,0.0,
2021-03-17 20:00:02.360,1,1.4030120215298156,1406.4980350981855,0.0,
2021-03-17 20:00:02.370,1,1.1947095823052936,1395.2593981056866,0.0,
2021-03-17 20:00:02.380,1,1.0206472985829207,1398.5760670203422,0.0,
2021-03-17 20:00:02.390,1,1.22195924545552,1402.1100810747753,0.0,
2021-03-17 20:00:02.400,1,1.0379810278014208,1396.7544131996865,0.0,
2021-03-17 20:00:02.410,1,1.4224020743259351,1391.2170293953272,0.0,
2021-03-17 20:00:02.420,1,1.330176406961148,1396.8682425055326,0.0,
2021-03-17 20:00:02.430,1,1.08078691011833,1397.1331570214263,0.0,
2021-03-17 20:00:02.440,1,1.255298119423074,1401.995907444266,0.0,
2021-03-17 20:00:02.450,1,1.2731022755649328,1393.3706574604432,0.0,
2021-03-17 20:00:02.460,1,0.9619598484400488,1394.9848990283201,0.0,
2021-03-17 20:00:02.470,1,1.2279172312493989,1382.6182733337341,0.0,
2021-03-17 20:00:02.480,1,1.3271202030781246,1401.6547190128674,0.0,
2021-03-17 20:00:02.490,1,1.05342333502357,1388.130086885637,0.0,
2021-03-17 20:00:02.500,1,1.3819563106857835,1383.3995086997595,0.0,
2021-03-17 20:00:02.510,1,1.0460310757374354,1386.7046930855554,0.0,
2021-03-17 20:00:02.520,1,1.0875371309017057,1386.3001330849756,0.0,
2021-03-17 20:00:02.530,1,1.312458691821235,1397.6848670788904,0.0,
2021-03-17 20:00:02.540,1,1.2162991841801212,1390.1103943956848,0.0,
2021-03-17 20:00:02.550,1,1.0230720431355915,1381.9291300751654,0.0,
2021-03-17 20:00:02.560,1,1.3498581993669585,1376.4166235613807,0.0,
2021-03-17 20:00:02.570,1,0.9969047711775874,1394.0867687653213,0.0,
2021-03-17 20:00:02.580,1,1.1856206898115165,1381.1292140528494,0.0,
2021-03-17 20:00:02.590,1,1.3352533963485982,1381.1721704520153,0.0,
2021-03-17 20:00:02.600,1,0.9909515590488566,1387.0213810615946,0.0,
2021-03-17 20:00:02.610,1,0.8964808476661335,1391.7910276251637,0.0,
2021-03-17 20:00:02.620,1,1.2815465738725926,1382.7654251117776,0.0,
2021-03-17 20:00:02.630,1,1.1661987091651955,1393.5507391682165,0.0,
2021-03-17 20:00:02.640,1,1.0362445366603772,1370.9858766951202,0.0,
2021-03-17 20:00:02.650,1,1.1037601211587609,1389.2994904758286,0.0,
2021-03-17 20:00:02.660,1,0.9284393293225948,1391.6134790298572,0.0,
2021-03-17 20:00:02.670,1,0.9958150933921448,1379.3342102867819,0.0,
2021-03-17 20:00:02.680,1,1.2655959666675396,1371.3864679138926,0.0,
2021-03-17 20:00:02.690,1,0.9870968232222368,1380.5266781956,0.0,
2021-03-17 20:00:02.700,1,0.9182213897994818,1385.9790795473639,0.0,
2021-03-17 20:00:02.710,1,1.1282811073454613,1380.0259240622281,0.0,
2021-03-17 20:00:02.720,1,1.1025831909530197,1379.8985253813992,0.0,
2021-03-17 20:00:02.730,1,1.0145574483895388,1375.2693456971094,0.0,
2021-03-17 20:00:02.740,1,0.9934138900500538,1369.8223796434531,0.0,
2021-03-17 20:00:02.750,1,1.236049281137548,1369.0501435693047,0.0,
2021-03-17 20:00:02.760,1,1.0571828171279851,1377.4977290316033,0.0,
2021-03-17 20:00:02.770,1,0.8794327736178135,1375.585518549889,0.0,
2021-03-17 20:00:02.780,1,0.9755246301655804,1386.2017775415409,0.0,
2021-03-17 20:00:02.790,1,1.1650368441829273,1389.3246261421111,0.0,
2021-03-17 20:00:02.800,1,0.92971411637308,1371.1878570915974,0.0,
2021-03-17 20:00:02.810,1,1.0960039884288717,1381.4011981705235,0.0,
2021-03-17 20:00:02.820,1,1.0240221218584928,1372.238411242423,0.0,
2021-03-17 20:00:02.830,1,1.1771670587715108,1372.029499208185,0.0,
2021-03-17 20:00:02.840,1,1.2038610464442303,1390.8006060223956,0.0,
2021-03-17 20:00:02.850,1,1.1162776380064632,1384.3580158906861,0.0,
2021-03-17 20:00:02.860,1,1.0763399836620875,1387.5618617930484,0.0,
2021-03-17 20:00:02.870,1,1.0349163303403568,1390.91510576113,0.0,
2021-03-17 20:00:02.880,1,1.228872173754736,1385.0092029178545,0.0,
2021-03-17 20:00:02.890,1,1.0820837735264723,1385.7821982058442,0.0,
2021-03-17 20:00:02.900,1,1.1845956559593314,1383.3769091797699,0.0,
2021-03-17 20:00:02.910,1,0.9987675220901244,1385.800185095467,0.0,
2021-03-17 20:00:02.920,1,1.1003962462741037,1391.4559350065567,0.0,
2021-03-17 20:00:02.930,1,1.1915934136217357,1383.7405629043487,0.0,
2021-03-17 20:00:02.940,1,0.95236445575969,1394.7380101999634,0.0,
2021-03-17 20:00:02.950,1,1.3753103261925952,1389.7255051100585,0.0,
2021-03-17 20:00:02.960,1,1.377356403328168,1380.0866257871023,0.0,
2021-03-17 20:00:02.970,1,1.308347589654926,1393.877237269534,0.0,
2021-03-17 20:00:02.980,1,1.408229150533146,1386.842672472971,0.0,
2021-03-17 20:00:02.990,1,0.944752475488892,1390.711878710217,0.0,
2021-03-17 20:00:03.000,1,1.19977692739242,1382.8618212082943,0.0,
2021-03-17 20:00:03.010,1,1.4136032119338442,1384.352485424484,0.0,
2021-03-17 20:00:03.020,1,1.0977750223675573,1397.6290130684922,0.0,
2021-03-17 20:00:03.030,1,1.091755742069975,1390.9678897157826,0.0,
2021-03-17 20:00:03.040,1,1.2443384005195517,1384.5272295152176,0.0,
2021-03-17 20:00:03.050,1,0.9809930737140412,1392.0450325458407,0.0,
2021-03-17 20:00:03.060,1,1.4206013192380402,1385.7860771820758,0.0,
2021-03-17 20:00:03.070,1,1.2512904665007545,1385.2511124686457,0.0,
2021-03-17 20:00:03.080,1,1.2913031477306038,1390.5425258189796,0.0,
2021-03-17 20:00:03.090,1,1.1081345303382355,1378.51669291707,0.0,
2021-03-17 20:00:03.100,1,1.1304933182744312,1394.708416664018,0.0,
2021-03-17 20:00:03.110,1,1.1452936376166194,1391.7560683242102,0.0,
2021-03-17 20:00:03.120,1,1.2425068185213393,1379.1473654267165,0.0,
2021-03-17 20:00:03.130,1,1.4035283066093165,1385.0904519053238,0.0,
2021-03-17 20:00:03.140,1,1.0353566104711174,1378.599844552554,0.0,
2021-03-17 20:00:03.150,1,1.039774500706543,1373.4361883982806,0.0,
2021-03-17 20:00:03.160,1,1.2262148525086425,1385.9027559996475,0.0,
2021-03-17 20:00:03.170,1,1.2431234198039958,1372.7034206510045,0.0,
2021-03-17 20:00:03.180,1,1.3116803064736289,1385.4289408526174,0.0,
2021-03-17 20:00:03.190,1,1.433804346794502,1381.637569193713,0.0,
2021-03-17 20:00:03.200,1,1.27018526056396,1382.740547556183,0.0,
2021-03-17 20:00:03.210,1,1.340657884800759,1393.65374326105,0.0,
2021-03-17 20:00:03.220,1,1.3121746848298763,1386.8680887329422,0.0,
2021-03-17 20:00:03.230,1,1.4909848017697336,1370.1910281037574,0.0,
2021-03-17 20:00:03.240,1,1.4662747494159154,1378.996900279997,0.0,
2021-03-17 20:00:03.250,1,1.4385440116809871,1382.1530583216102,0.0,
2021-03-17 20:00:03.260,1,1.3915978504014872,1385.933286342529,0.0,
2021-03-17 20:00:03.270,1,1.4290695089357792,1384.5812166815576,0.0,
2021-03-17 20:00:03.280,1,1.5879410202729063,1381.7955088490369,0.0,
2021-03-17 20:00:03.290,1,1.2263745542635864,1376.3068021135916,0.0,
2021-03-17 20:00:03.300,1,1.298118274876175,1370.170559047838,0.0,
2021-03-17 20:00:03.310,1,1.1760614860739584,1369.7144916570974,0.0,
2021-03-17 20:00:03.320,1,1.2642049973898108,1370.7319863250025,0.0,
2021-03-17 20:00:03.330,1,1.1734176945769403,1371.4640579448733,0.0,
2021-03-17 20:00:03.340,1,1.1960676872036455,1360.8526965547587,0.0,
2021-03-17 20:00:03.350,1,1.3605103251845323,1361.0812694153924,0.0,
2021-03-17 20:00:03.360,1,1.4546254628603488,1372.3152877416112,0.0,
2021-03-17 20:00:03.370,1,1.3540751751342917,1358.0759287328474,0.0,
2021-03-17 20:00:03.380,1,1.1229995073963766,1368.5890267767754,0.0,
2021-03-17 20:00:03.390,1,1.3088466536526069,1364.822749473634,0.0,
2021-03-17 20:00:03.400,1,1.5508976035340682,1363.0102598534736,0.0,
2021-03-17 20:00:03.410,1,1.101507989023395,1360.4680580148795,0.0,
2021-03-17 20:00:03.420,1,1.4375987292816197,1344.4775191873746,0.0,
2021-03-17 20:00:03.430,1,1.1798770990209944,1357.3928052990727,0.0,
2021-03-17 20:00:03.440,1,1.5387084662629942,1357.8901196659951,0.0,
2021-03-17 20:00:03.450,1,1.2222690970375545,1353.6241134331497,0.0,
2021-03-17 20:00:03.460,1,1.4949944536725033,1355.2166203860302,0.0,
2021-03-17 20:00:03.470,1,1.3773183823101047,1357.4768524286626,0.0,
2021-03-17 20:00:03.480,1,1.256037692205137,1346.8507049505001,0.0,
2021-03-17 20:00:03.490,1,1.281415462441318,1355.4966630667184,0.0,
2021-03-17 20:00:03.500,1,1.014487022467996,1347.7703996687856,0.0,
2021-03-17 20:00:03.510,1,1.4119457487397764,1333.66868910953,0.0,
2021-03-17 20:00:03.520,1,0.9923022984834808,1355.7082484922591,0.0,
2021-03-17 20:00:03.530,1,1.4581986353290428,1346.8106709531994,0.0,
2021-03-17 20:00:03.540,1,1.3988949218210145,1345.6155588495426,0.0,
2021-03-17 20:00:03.550,1,1.1827403712230615,1350.0625655791832,0.0,
2021-03-17 20:00:03.560,1,1.0950168463713288,1349.0630832829509,0.0,
2021-03-17 20:00:03.570,1,1.0643085441094966,1355.6159862734469,0.0,
2021-03-17 20:00:03.580,1,1.4045324017506675,1346.1389825357498,0.0,
2021-03-17 20:00:03.590,1,1.0861997974971669,1349.1177260704585,0.0,
2021-03-17 20:00:03.600,1,1.2270216682389483,1353.1201685138722,0.0,
2021-03-17 20:00:03.610,1,1.2293709091097555,1352.3207087739825,0.0,
2021-03-17 20:00:03.620,1,1.1305180089671143,1362.2223023023325,0.0,
2021-03-17 20:00:03.630,1,1.0231929563210558,1344.7765171094886,0.0,
2021-03-17 20:00:03.640,1,1.3884619350480902,1345.5281214779202,0.0,
2021-03-17 20:00:03.650,1,1.2271712716878582,1364.7504091768542,0.0,
2021-03-17 20:00:03.660,1,1.064752606972235,1359.260033263553,0.0,
2021-03-17 20:00:03.670,1,1.196544107984228,1343.416721034165,0.0,
2021-03-17 20:00:03.680,1,1.158338025442306,1352.726887873063,0.0,
2021-03-17 20:00:03.690,1,1.2212748668333302,1356.9525419454644,0.0,
2021-03-17 20:00:03.700,1,1.3334964187058431,1348.0614740562344,0.0,
2021-03-17 20:00:03.710,1,0.979655367480201,1346.9555982180184,0.0,
2021-03-17 20:00:03.720,1,0.973141945534202,1362.6130354019265,0.0,
2021-03-17 20:00:03.730,1,0.9932798481947648,1349.009958546102,0.0,
2021-03-17 20:00:03.740,1,1.225086004700041,1354.1137369301775,0.0,
2021-03-17 20:00:03.750,1,1.0253950757179873,1364.7518938260698,0.0,
2021-03-17 20:00:03.760,1,0.9200011275510876,1362.906718453894,0.0,
2021-03-17 20:00:03.770,1,0.9447657947417398,1365.5457769848315,0.0,
2021-03-17 20:00:03.780,1,1.2789972836383685,1356.0726940844736,0.0,
2021-03-17 20:00:03.790,1,0.9975990104087368,1354.7026209103674,0.0,
2021-03-17 20:00:03.800,1,1.2516986694106138,1348.6581799542994,0.0,
2021-03-17 20:00:03.810,1,1.1945397155389623,1351.7140595351013,0.0,
2021-03-17 20:00:03.820,1,0.916362041372155,1357.3561259006026,0.0,
2021-03-17 20:00:03.830,1,1.0823149571114163,1357.4242383452506,0.0,
2021-03-17 20:00:03.840,1,0.9727434524987544,1357.4289002827854,0.0,
2021-03-17 20:00:03.850,1,1.1869546863683134,1360.1068161774642,0.0,
2021-03-17 20:00:03.860,1,0.9661310161607004,1368.9544123371336,0.0,
2021-03-17 20:00:03.870,1,1.0122997257571509,1355.6377563437607,0.0,
2021-03-17 20:00:03.880,1,0.9629413588501772,1357.234309515352,0.0,
2021-03-17 20:00:03.890,1,1.0293200178044846,1371.3044028855209,0.0,
2021-03-17 20:00:03.900,1,1.1416872035125802,1371.9311016675967,0.0,
2021-03-17 20:00:03.910,1,1.291230043087845,1365.991516964136,0.0,
2021-03-17 20:00:03.920,1,0.9645082795336316,1365.2165459161645,0.0,
2021-03-17 20:00:03.930,1,1.1404971063832563,1366.1223644340755,0.0,
2021-03-17 20:00:03.940,1,0.939091856492932,1385.3243797623716,0.0,
2021-03-17 20:00:03.950,1,1.2659925607986244,1378.0830517991851,0.0,
2021-03-17 20:00:03.960,1,0.9333288944386698,1378.0791764390615,0.0,
2021-03-17 20:00:03.970,1,1.373169201623344,1378.0192142360345,0.0,
2021-03-17 20:00:03.980,1,1.2443870651202908,1385.3404894102441,0.0,
2021-03-17 20:00:03.990,1,1.2754094180107092,1386.2438573554905,0.0,
2021-03-17 20:00:04.000,1,1.3242323974163004,1365.215510908556,0.0,
2021-03-17 20:00:04.010,1,1.206114957174894,1383.7408468882986,0.0,
2021-03-17 20:00:04.020,1,1.2024702828344709,1382.3766629836944,0.0,
2021-03-17 20:00:04.030,1,1.3778352422791018,1387.989246362552,0.0,
2021-03-17 20:00:04.040,1,1.3140481853886292,1386.9878903856506,0.0,
2021-03-17 20:00:04.050,1,1.0340344267272514,1387.5270029278533,0.0,
2021-03-17 20:00:04.060,1,1.2727514027116806,1376.2828720599286,0.0,
2021-03-17 20:00:04.070,1,1.0874631607087628,1383.841917696037,0.0,
2021-03-17 20:00:04.080,1,1.4083433786917907,1384.9579937563133,0.0,
2021-03-17 20:00:04.090,1,1.1495109319526848,1397.2688242511927,0.0,
2021-03-17 20:00:04.100,1,1.1558669685211085,1377.7211041880043,0.0,
2021-03-17 20:00:04.110,1,0.9924689816888111,1387.2578437920745,0.0,
2021-03-17 20:00:04.120,1,1.350015022605491,1392.6237867587176,0.0,
2021-03-17 20:00:04.130,1,1.2101932914777094,1384.3906467791492,0.0,
2021-03-17 20:00:04.140,1,1.403487204820543,1382.6622017075567,0.0,
2021-03-17 20:00:04.150,1,1.4338396070809558,1387.9681788867053,0.0,
2021-03-17 20:00:04.160,1,1.1931309786156177,1385.7695666942457,0.0,
2021-03-17 20:00:04.170,1,1.01365772019752,1384.4952970220593,0.0,
2021-03-17 20:00:04.180,1,1.199777522551518,1404.3848380870375,0.0,
2021-03-17 20:00:04.190,1,1.3948398008389218,1392.2641299147585,0.0,
2021-03-17 20:00:04.200,1,1.3072092478221706,1388.4042729702032,0.0,
2021-03-17 20:00:04.210,1,1.1041339757030622,1388.8461898496905,0.0,
2021-03-17 20:00:04.220,1,1.3675598619072504,1390.1396389354175,0.0,
2021-03-17 20:00:04.230,1,1.2091479661948838,1379.5649113567829,0.0,
2021-03-17 20:00:04.240,1,1.2145747714816637,1380.2685785278275,0.0,
2021-03-17 20:00:04.250,1,1.0410214348045663,1391.481635637594,0.0,
2021-03-17 20:00:04.260,1,1.1384200707581775,1379.0429820515378,0.0,
2021-03-17 20:00:04.270,1,1.2007225337503036,1393.3690987452924,0.0,
2021-03-17 20:00:04.280,1,1.2269049006886124,1376.4882485300825,0.0,
2021-03-17 20:00:04.290,1,1.376725278371398,1371.8874720317713,0.0,
2021-03-17 20:00:04.300,1,1.2072148365796351,1382.3802785688877,0.0,
2021-03-17 20:00:04.310,1,1.2286381263289383,1403.9028863080027,0.0,
2021-03-17 20:00:04.320,1,1.3998955140683629,1386.49790182858,0.0,
2021-03-17 20:00:04.330,1,1.021074309591299,1383.4160505248044,0.0,
2021-03-17 20:00:04.340,1,1.3807159502594497,1380.5254710487452,0.0,
2021-03-17 20:00:04.350,1,1.0719664443898629,1385.7822828263354,0.0,
2021-03-17 20:00:04.360,1,1.3959718844827564,1372.1880148742462,0.0,
2021-03-17 20:00:04.370,1,1.2906751665464888,1380.2172037771,0.0,
2021-03-17 20:00:04.380,1,1.2741287325476602,1381.041630737482,0.0,
2021-03-17 20:00:04.390,1,1.06910221394981,1384.1195544215234,0.0,
2021-03-17 20:00:04.400,1,1.2633326700589873,1384.040761247437,0.0,
2021-03-17 20:00:04.410,1,1.0615710451483076,1373.0244221845235,0.0,
2021-03-17 20:00:04.420,1,1.278745693663642,1369.7024370097947,0.0,
2021-03-17 20:00:04.430,1,0.9764623666820892,1389.5875692619086,0.0,
2021-03-17 20:00:04.440,1,1.0659535052007425,1378.052683598701,0.0,
2021-03-17 20:00:04.450,1,1.1006140194296563,1368.4681831608832,0.0,
2021-03-17 20:00:04.460,1,0.963851846912812,1377.349439082727,0.0,
2021-03-17 20:00:04.470,1,0.9860870138697704,1366.8549562725148,0.0,
2021-03-17 20:00:04.480,1,1.1237942653594972,1377.1723204848224,0.0,
2021-03-17 20:00:04.490,1,1.254466667749963,1379.0111913492294,0.0,
2021-03-17 20:00:04.500,1,1.3255005612965416,1360.928841606242,0.0,
2021-03-17 20:00:04.510,1,1.2896955398095211,1362.4997931084813,0.0,
2021-03-17 20:00:04.520,1,1.0316201975878905,1383.9973489119666,0.0,
2021-03-17 20:00:04.530,1,0.8651676653821962,1363.8882843361944,0.0,
2021-03-17 20:00:04.540,1,0.9930752359900968,1375.1190729234186,0.0,
2021-03-17 20:00:04.550,1,1.2448647060595066,1374.9965538589518,0.0,
2021-03-17 20:00:04.560,1,1.1999918227947657,1374.9833519991794,0.0,
2021-03-17 20:00:04.570,1,0.846179251418293,1392.5225552060035,0.0,
2021-03-17 20:00:04.580,1,0.8655200895556326,1364.9196800284951,0.0,
2021-03-17 20:00:04.590,1,1.0033332283735346,1366.1266679232315,0.0,
2021-03-17 20:00:04.600,1,1.0076902943949553,1359.5268020888454,0.0,
2021-03-17 20:00:04.610,1,1.042884368709769,1365.0511670598046,0.0,
2021-03-17 20:00:04.620,1,1.0292345028988292,1367.3585770853615,0.0,
2021-03-17 20:00:04.630,1,0.8808075174007656,1359.786807502208,0.0,
2021-03-17 20:00:04.640,1,1.015089676260771,1363.8119723599882,0.0,
2021-03-17 20:00:04.650,1,0.890317137579712,1374.089642051225,0.0,
2021-03-17 20:00:04.660,1,0.9976732917166388,1370.9606687411929,0.0,
2021-03-17 20:00:04.670,1,1.0946128294666144,1375.7056843614514,0.0,
2021-03-17 20:00:04.680,1,1.1300345431809926,1361.124082585266,0.0,
2021-03-17 20:00:04.690,1,1.1336177328906656,1370.276801371276,0.0,
2021-03-17 20:00:04.700,1,1.0209549529030286,1375.2365592138299,0.0,
2021-03-17 20:00:04.710,1,0.7806544964223737,1377.3782137102673,0.0,
2021-03-17 20:00:04.720,1,1.0910188495891415,1371.3950306703575,0.0,
2021-03-17 20:00:04.730,1,0.7564303614280042,1383.4714060984695,0.0,
2021-03-17 20:00:04.740,1,1.1134270054350122,1381.1885208076615,0.0,
2021-03-17 20:00:04.750,1,0.9390407366912914,1374.8306442980256,0.0,
2021-03-17 20:00:04.760,1,0.9115155011476712,1383.9611241265604,0.0,
2021-03-17 20:00:04.770,1,1.0914140977232198,1375.725840017101,0.0,
2021-03-17 20:00:04.780,1,1.0746203070675782,1388.1042142179865,0.0,
2021-03-17 20:00:04.790,1,1.0919073516364497,1383.2168639151864,0.0,
2021-03-17 20:00:04.800,1,0.7673165160291338,1374.8351817077453,0.0,
2021-03-17 20:00:04.810,1,0.7335833452528024,1376.6421796903655,0.0,
2021-03-17 20:00:04.820,1,1.0955328299992844,1398.3944883269946,0.0,
2021-03-17 20:00:04.830,1,1.070198428882838,1388.6759534606977,0.0,
2021-03-17 20:00:04.840,1,0.8923996152913165,1388.489491735956,0.0,
2021-03-17 20:00:04.850,1,0.8636575247740138,1388.345665151674,0.0,
2021-03-17 20:00:04.860,1,0.7768827132545023,1377.0824510399334,0.0,
2021-03-17 20:00:04.870,1,1.1055707094281677,1388.0274158059476,0.0,
2021-03-17 20:00:04.880,1,0.8757783450666637,1388.3508576474273,0.0,
2021-03-17 20:00:04.890,1,0.977501256977274,1381.0643925158083,0.0,
2021-03-17 20:00:04.900,1,0.8537455877639055,1378.950033292777,0.0,
2021-03-17 20:00:04.910,1,0.9398463476972242,1379.7903826510017,0.0,
2021-03-17 20:00:04.920,1,0.8160228984956853,1395.8594718647726,0.0,
2021-03-17 20:00:04.930,1,0.7704423328120813,1388.9876008261353,0.0,
2021-03-17 20:00:04.940,1,1.135446872729569,1384.2808612810059,0.0,
2021-03-17 20:00:04.950,1,0.8309410973927607,1380.4221254515942,0.0,
2021-03-17 20:00:04.960,1,1.0214391727805203,1387.024569828583,0.0,
2021-03-17 20:00:04.970,1,0.9193108118609652,1394.8080118597222,0.0,
2021-03-17 20:00:04.980,1,0.9251607152104316,1389.9127493950366,0.0,
2021-03-17 20:00:04.990,1,0.7926499524527678,1389.2347011749848,0.0,
2021-03-17 20:00:05.000,1,1.115540229518248,1379.5244552755653,0.0,
2021-03-17 20:00:05.010,1,1.188835660037412,1387.1097098990253,0.0,
2021-03-17 20:00:05.020,1,1.1648795266946914,1384.8892912496544,0.0,
2021-03-17 20:00:05.030,1,1.1447575477416794,1384.1643378342983,0.0,
2021-03-17 20:00:05.040,1,0.9367442530298578,1385.8527781923574,0.0,
2021-03-17 20:00:05.050,1,0.9442928394032656,1384.1973529735221,0.0,
2021-03-17 20:00:05.060,1,1.0659468605027853,1379.6288585767913,0.0,
2021-03-17 20:00:05.070,1,1.2201275306145043,1388.6376847182864,0.0,
2021-03-17 20:00:05.080,1,0.8971766486447474,1380.0186999830296,0.0,
2021-03-17 20:00:05.090,1,0.9293051643832794,1382.4368674434354,0.0,
2021-03-17 20:00:05.100,1,1.2221656317256746,1375.334260826752,0.0,
2021-03-17 20:00:05.110,1,0.8507630437586237,1387.0965736246924,0.0,
2021-03-17 20:00:05.120,1,1.218389527486294,1371.8307710170309,0.0,
2021-03-17 20:00:05.130,1,1.1109814763367114,1380.310006310908,0.0,
2021-03-17 20:00:05.140,1,0.8847718258610304,1387.4952731813473,0.0,
2021-03-17 20:00:05.150,1,1.2888907831702563,1377.2172635903785,0.0,
2021-03-17 20:00:05.160,1,1.001675383111421,1379.6423229835,0.0,
2021-03-17 20:00:05.170,1,1.0867661940711697,1376.4253595545608,0.0,
2021-03-17 20:00:05.180,1,1.0323138564725558,1370.6496142297235,0.0,
2021-03-17 20:00:05.190,1,1.1695087925617291,1386.0337289150766,0.0,
2021-03-17 20:00:05.200,1,0.8916593986681222,1376.0569743469198,0.0,
2021-03-17 20:00:05.210,1,1.1741759313859803,1360.2206665841632,0.0,
2021-03-17 20:00:05.220,1,1.3141376755823226,1370.0398826242329,0.0,
2021-03-17 20:00:05.230,1,0.9369069612814244,1372.3013833556545,0.0,
2021-03-17 20:00:05.240,1,0.9942983289745392,1364.333298033344,0.0,
2021-03-17 20:00:05.250,1,1.120821504875875,1362.348345044837,0.0,
2021-03-17 20:00:05.260,1,0.9132797978162572,1368.1938273836465,0.0,
2021-03-17 20:00:05.270,1,0.8846653581387971,1367.5194041509876,0.0,
2021-03-17 20:00:05.280,1,0.9264993150077162,1369.2383002737806,0.0,
2021-03-17 20:00:05.290,1,0.9374963046466938,1368.9324873197784,0.0,
2021-03-17 20:00:05.300,1,1.2864482934304935,1365.137396300025,0.0,
2021-03-17 20:00:05.310,1,1.0336688776147345,1363.1151823055372,0.0,
2021-03-17 20:00:05.320,1,1.2201340485823648,1376.7216315044745,0.0,
2021-03-17 20:00:05.330,1,1.2966059233866616,1350.4032208827302,0.0,
2021-03-17 20:00:05.340,1,1.2336778904541257,1376.0154901054416,0.0,
2021-03-17 20:00:05.350,1,1.1438045390100489,1355.3346731414285,0.0,
2021-03-17 20:00:05.360,1,0.9959465531336484,1365.6089725048676,0.0,
2021-03-17 20:00:05.370,1,0.9579572729663732,1348.4806551696952,0.0,
2021-03-17 20:00:05.380,1,0.8957739269038768,1353.7132210267614,0.0,
2021-03-17 20:00:05.390,1,1.1433725455633903,1343.17526823194,0.0,
2021-03-17 20:00:05.400,1,1.2500444438007747,1338.409102822415,0.0,
2021-03-17 20:00:05.410,1,1.199429512248538,1354.1155659873298,0.0,
2021-03-17 20:00:05.420,1,0.8706635209188667,1350.4299503602197,0.0,
2021-03-17 20:00:05.430,1,0.966740552114257,1361.3041096151946,0.0,
2021-03-17 20:00:05.440,1,1.0929406503223964,1356.7162819290238,0.0,
2021-03-17 20:00:05.450,1,1.2504995947768311,1342.8361282983165,0.0,
2021-03-17 20:00:05.460,1,1.2936335832707824,1336.6136121669604,0.0,
2021-03-17 20:00:05.470,1,1.0702225172516568,1348.0293829009147,0.0,
2021-03-17 20:00:05.480,1,1.021396538059416,1366.7505503323746,0.0,
2021-03-17 20:00:05.490,1,1.26696974066389,1342.2266417031035,0.0,
2021-03-17 20:00:05.500,1,1.266480256402362,1355.1359030746726,0.0,
2021-03-17 20:00:05.510,1,1.204936915447309,1354.7575193785585,0.0,
2021-03-17 20:00:05.520,1,1.1014768531428876,1348.8812280295665,0.0,
2021-03-17 20:00:05.530,1,0.8939895801356383,1355.4250992253644,0.0,
2021-03-17 20:00:05.540,1,0.8531706601124008,1338.7895470681979,0.0,
2021-03-17 20:00:05.550,1,0.837970655981526,1350.2586407291794,0.0,
2021-03-17 20:00:05.560,1,1.1149618236852052,1354.109680603414,0.0,
2021-03-17 20:00:05.570,1,0.9938334871911082,1349.30670954923,0.0,
2021-03-17 20:00:05.580,1,1.1836055996262005,1349.3547429337739,0.0,
2021-03-17 20:00:05.590,1,0.8956814173320855,1343.351345662822,0.0,
2021-03-17 20:00:05.600,1,0.8387999891821879,1363.5085607691474,0.0,
2021-03-17 20:00:05.610,1,1.0376180417982404,1356.9231575741155,0.0,
2021-03-17 20:00:05.620,1,1.1057649427943264,1351.8804161963526,0.0,
2021-03-17 20:00:05.630,1,0.7993959294868016,1345.5344238883258,0.0,
2021-03-17 20:00:05.640,1,1.0708435036799924,1349.2517805050481,0.0,
2021-03-17 20:00:05.650,1,0.8025645843386761,1366.4780951959567,0.0,
2021-03-17 20:00:05.660,1,1.0658170839947958,1347.6827305366694,0.0,
2021-03-17 20:00:05.670,1,1.1687910285556362,1357.321094745971,0.0,
2021-03-17 20:00:05.680,1,1.0607981296445967,1363.851318711119,0.0,
2021-03-17 20:00:05.690,1,0.8806257113741197,1348.3815316130238,0.0,
2021-03-17 20:00:05.700,1,0.8823289938111526,1372.408693180983,0.0,
2021-03-17 20:00:05.710,1,0.841004527357671,1368.1564419697445,0.0,
2021-03-17 20:00:05.720,1,1.1787785147446892,1357.9793185180658,0.0,
2021-03-17 20:00:05.730,1,0.7935754261911778,1367.953157532034,0.0,
2021-03-17 20:00:05.740,1,1.0466135030448536,1368.8991635633474,0.0,
2021-03-17 20:00:05.750,1,1.1199888448700823,1371.1719141998008,0.0,
2021-03-17 20:00:05.760,1,1.1422955031134048,1366.1295695995266,0.0,
2021-03-17 20:00:05.770,1,1.1398301813862506,1374.1472022635264,0.0,
2021-03-17 20:00:05.780,1,1.0970837210106834,1380.8006550635791,0.0,
2021-03-17 20:00:05.790,1,1.0057611509748878,1373.4288720743175,0.0,
2021-03-17 20:00:05.800,1,0.8352483883096445,1373.9596574476284,0.0,
2021-03-17 20:00:05.810,1,0.9989172459902708,1376.33050816604,0.0,
2021-03-17 20:00:05.820,1,1.014399838633055,1374.0774989286826,0.0,
2021-03-17 20:00:05.830,1,0.9221182607908776,1382.8646575953285,0.0,
2021-03-17 20:00:05.840,1,0.8801890046076211,1379.8957440385987,0.0,
2021-03-17 20:00:05.850,1,1.1471663123012126,1384.1385052950104,0.0,
2021-03-17 20:00:05.860,1,0.9870915912677296,1391.0434018798676,0.0,
2021-03-17 20:00:05.870,1,0.9108435035654452,1378.6439853832699,0.0,
2021-03-17 20:00:05.880,1,1.2246888944405665,1389.1326430687982,0.0,
2021-03-17 20:00:05.890,1,1.127250259272731,1401.8518526853507,0.0,
2021-03-17 20:00:05.900,1,1.1382186664250853,1398.597284695407,0.0,
2021-03-17 20:00:05.910,1,1.1482907286023132,1382.8549681505176,0.0,
2021-03-17 20:00:05.920,1,1.0869372644217907,1387.6833252311542,0.0,
2021-03-17 20:00:05.930,1,1.1824174708273612,1390.890932199368,0.0,
2021-03-17 20:00:05.940,1,1.1884502650230555,1387.4748379085893,0.0,
2021-03-17 20:00:05.950,1,0.8936196266104989,1392.8383280164471,0.0,
2021-03-17 20:00:05.960,1,1.3224610109762382,1406.0757402625006,0.0,
2021-03-17 20:00:05.970,1,1.1827251559554002,1391.198498320524,0.0,
2021-03-17 20:00:05.980,1,1.0167907389189594,1396.8158809729798,0.0,
2021-03-17 20:00:05.990,1,1.332430862300524,1398.805700211451,0.0,
2021-03-17 20:00:06.000,1,1.0581335753724848,1402.1723716792237,0.0,
2021-03-17 20:00:06.010,1,1.034205385113154,1407.071474426176,0.0,
2021-03-17 20:00:06.020,1,1.259816038160487,1395.9655967964625,0.0,
2021-03-17 20:00:06.030,1,1.3273676609104013,1402.6951928768303,0.0,
2021-03-17 20:00:06.040,1,1.4015978562332618,1408.468939051716,0.0,
2021-03-17 20:00:06.050,1,1.3049207356897945,1408.0320191332612,0.0,
2021-03-17 20:00:06.060,1,1.162082643497431,1403.3492041638428,0.0,
2021-03-17 20:00:06.070,1,1.2142587127066131,1395.2757588150632,0.0,
2021-03-17 20:00:06.080,1,1.326332302371637,1402.9938635688172,0.0,
2021-03-17 20:00:06.090,1,1.3303575600600115,1411.6904632939802,0.0,
2021-03-17 20:00:06.100,1,1.3319797302679388,1401.9884067797666,0.0,
2021-03-17 20:00:06.110,1,1.1632023159741474,1395.8089322830215,0.0,
2021-03-17 20:00:06.120,1,1.3455694874778823,1403.625319031948,0.0,
2021-03-17 20:00:06.130,1,1.39080422188586,1401.7110966244593,0.0,
2021-03-17 20:00:06.140,1,1.032816198840642,1401.0386303054745,0.0,
2021-03-17 20:00:06.150,1,1.1442285699366574,1401.2635446114364,0.0,
2021-03-17 20:00:06.160,1,1.224301555391036,1399.9290606422219,0.0,
2021-03-17 20:00:06.170,1,1.0367855891588456,1398.805780575347,0.0,
2021-03-17 20:00:06.180,1,1.1475695800811927,1399.9451273962768,0.0,
2021-03-17 20:00:06.190,1,1.3122162014851595,1396.8519355846374,0.0,
2021-03-17 20:00:06.200,1,1.5206269568645114,1392.2546129486789,0.0,
2021-03-17 20:00:06.210,1,1.169427643459345,1406.9175834262858,0.0,
2021-03-17 20:00:06.220,1,1.1974630737514311,1387.37649186069,0.0,
2021-03-17 20:00:06.230,1,1.1009575963029885,1409.9016799847861,0.0,
2021-03-17 20:00:06.240,1,1.1730136970119975,1392.474752048565,0.0,
2021-03-17 20:00:06.250,1,1.291332142340857,1400.1860088521269,0.0,
2021-03-17 20:00:06.260,1,1.4586024208626422,1396.4385974326178,0.0,
2021-03-17 20:00:06.270,1,1.3124238429541508,1400.9156379516314,0.0,
2021-03-17 20:00:06.280,1,1.0793418445176703,1389.0676546134725,0.0,
2021-03-17 20:00:06.290,1,1.2566746647375282,1395.3639312405962,0.0,
2021-03-17 20:00:06.300,1,1.4924012741270591,1390.1054219320886,0.0,
2021-03-17 20:00:06.310,1,1.5304380185679691,1401.1968461454542,0.0,
2021-03-17 20:00:06.320,1,1.344667315645903,1398.7497226200526,0.0,
2021-03-17 20:00:06.330,1,1.1957277397745212,1394.487628976517,0.0,
2021-03-17 20:00:06.340,1,1.3032436597634331,1399.5728030117739,0.0,
2021-03-17 20:00:06.350,1,1.5301416590784385,1378.2664344123684,0.0,
2021-03-17 20:00:06.360,1,1.1144945539392228,1403.1252559133814,0.0,
2021-03-17 20:00:06.370,1,1.3545007684383177,1384.6227496598713,0.0,
2021-03-17 20:00:06.380,1,1.4221467593307109,1414.7851070970996,0.0,
2021-03-17 20:00:06.390,1,1.6036430880739896,1392.669771098114,0.0,
2021-03-17 20:00:06.400,1,1.2624680828678652,1376.2431111451667,0.0,
2021-03-17 20:00:06.410,1,1.2481755982875542,1398.0730143306355,0.0,
2021-03-17 20:00:06.420,1,1.1058625562968856,1382.875196364502,0.0,
2021-03-17 20:00:06.430,1,1.2509268151526851,1401.338219807245,0.0,
2021-03-17 20:00:06.440,1,1.0645470103974055,1388.9018527875382,0.0,
2021-03-17 20:00:06.450,1,1.398955582667462,1388.6121411061413,0.0,
2021-03-17 20:00:06.460,1,1.1526053003038266,1391.6108913482851,0.0,
2021-03-17 20:00:06.470,1,1.347694198485636,1390.5646512603325,0.0,
2021-03-17 20:00:06.480,1,1.4043029316867282,1383.1380019117307,0.0,
2021-03-17 20:00:06.490,1,1.217062469029743,1394.1499545387921,0.0,
2021-03-17 20:00:06.500,1,1.077645674794673,1393.912553163925,0.0,
2021-03-17 20:00:06.510,1,1.1767763482354203,1395.2302383480148,0.0,
2021-03-17 20:00:06.520,1,1.1448595793724643,1384.7038810159331,0.0,
2021-03-17 20:00:06.530,1,1.2798770624435385,1392.5082583756725,0.0,
2021-03-17 20:00:06.540,1,1.0413118872120977,1382.0746528047907,0.0,
2021-03-17 20:00:06.550,1,1.106012072210694,1397.1240027029237,0.0,
2021-03-17 20:00:06.560,1,1.2012499293826877,1390.0549034964483,0.0,
2021-03-17 20:00:06.570,1,1.0677932995242208,1381.5767985307468,0.0,
2021-03-17 20:00:06.580,1,1.4859623248089566,1382.7655579194186,0.0,
2021-03-17 20:00:06.590,1,1.3204643316446725,1379.8825547816186,0.0,
2021-03-17 20:00:06.600,1,1.5138350896973174,1389.5020326524357,0.0,
2021-03-17 20:00:06.610,1,1.3411723353264815,1397.36931611714,0.0,
2021-03-17 20:00:06.620,1,1.3912116402495305,1403.1711058104822,0.0,
2021-03-17 20:00:06.630,1,1.3398812212970423,1406.1121233319052,0.0,
2021-03-17 20:00:06.640,1,1.3718883253147205,1394.108323782238,0.0,
2021-03-17 20:00:06.650,1,1.3847292164864025,1408.309484945725,0.0,
2021-03-17 20:00:06.660,1,1.3468283302170576,1415.264526427161,0.0,
2021-03-17 20:00:06.670,1,1.0023448447230237,1392.6094751806838,0.0,
2021-03-17 20:00:06.680,1,1.4510870395836406,1395.677971889117,0.0,
2021-03-17 20:00:06.690,1,1.20306162923133,1399.655428328584,0.0,
2021-03-17 20:00:06.700,1,1.2381149282170154,1399.0154109731745,0.0,
2021-03-17 20:00:06.710,1,1.355060389633421,1395.6671515743374,0.0,
2021-03-17 20:00:06.720,1,1.2367475978625162,1396.0019990312708,0.0,
2021-03-17 20:00:06.730,1,1.3698742735860368,1393.9999873502484,0.0,
2021-03-17 20:00:06.740,1,1.199464811856028,1409.0974729437808,0.0,
2021-03-17 20:00:06.750,1,1.3888333024297963,1406.7261120387925,0.0,
2021-03-17 20:00:06.760,1,1.1196423465643417,1399.7354969705602,0.0,
2021-03-17 20:00:06.770,1,1.045015567005518,1409.1013413048224,0.0,
2021-03-17 20:00:06.780,1,1.075389301747198,1390.5893822584635,0.0,
2021-03-17 20:00:06.790,1,1.073228085175936,1404.737741471352,0.0,
2021-03-17 20:00:06.800,1,1.0290607093206765,1412.7139123649274,0.0,
2021-03-17 20:00:06.810,1,1.4268679014410492,1403.134384662406,0.0,
2021-03-17 20:00:06.820,1,1.3035684412526072,1406.3166910124246,0.0,
2021-03-17 20:00:06.830,1,1.4030375654032616,1425.4302595890476,0.0,
2021-03-17 20:00:06.840,1,1.02564113604338,1402.5601392983428,0.0,
2021-03-17 20:00:06.850,1,1.0703302366656848,1402.1193678854654,0.0,
2021-03-17 20:00:06.860,1,1.2544337144089703,1394.5130860094464,0.0,
2021-03-17 20:00:06.870,1,1.36706980309088,1413.2596655129455,0.0,
2021-03-17 20:00:06.880,1,1.1606185610682165,1410.6647468906397,0.0,
2021-03-17 20:00:06.890,1,0.993448974299498,1425.0329861732807,0.0,
2021-03-17 20:00:06.900,1,1.2875864672376274,1415.9326079292798,0.0,
2021-03-17 20:00:06.910,1,1.2576273755320384,1419.6581355923458,0.0,
2021-03-17 20:00:06.920,1,1.2760109968472486,1417.467084308772,0.0,
2021-03-17 20:00:06.930,1,1.2071500798887351,1412.9988958445422,0.0,
2021-03-17 20:00:06.940,1,1.4409623526745468,1406.9273146246132,0.0,
2021-03-17 20:00:06.950,1,1.1823630528238054,1420.5200242037445,0.0,
2021-03-17 20:00:06.960,1,1.3199544818061577,1414.9518907040845,0.0,
2021-03-17 20:00:06.970,1,1.131335252685646,1405.9024361302902,0.0,
2021-03-17 20:00:06.980,1,1.2117843083278692,1406.8758773778586,0.0,
2021-03-17 20:00:06.990,1,1.2801820526631864,1409.0969143309715,0.0,
2021-03-17 20:00:07.000,1,1.2389127521693335,1413.8779326909244,0.0,
2021-03-17 20:00:07.010,1,1.0985784588328238,1405.6570702937304,0.0,
2021-03-17 20:00:07.020,1,1.3155744386941246,1410.683714103909,0.0,
2021-03-17 20:00:07.030,1,1.2776508662190391,1412.38265252259,0.0,
2021-03-17 20:00:07.040,1,1.3085003089503249,1405.1116136731546,0.0,
2021-03-17 20:00:07.050,1,1.15336307237034,1412.217123951439,0.0,
2021-03-17 20:00:07.060,1,1.5036801098207484,1414.434391110324,0.0,
2021-03-17 20:00:07.070,1,1.5559156290718132,1398.6807140938733,0.0,
2021-03-17 20:00:07.080,1,1.5226260915376353,1398.77789334639,0.0,
2021-03-17 20:00:07.090,1,1.5704863982349064,1396.88738989312,0.0,
2021-03-17 20:00:07.100,1,1.2412644856744597,1392.2214754737224,0.0,
2021-03-17 20:00:07.110,1,1.5499352714888872,1408.1806364509757,0.0,
2021-03-17 20:00:07.120,1,1.1932183873229154,1399.2330701399976,0.0,
2021-03-17 20:00:07.130,1,1.4513789362473477,1387.3313608229364,0.0,
2021-03-17 20:00:07.140,1,1.367626007771099,1402.2256741080325,0.0,
2021-03-17 20:00:07.150,1,1.0676441957965468,1396.4104269332086,0.0,
2021-03-17 20:00:07.160,1,1.492850283137344,1394.633018764638,0.0,
2021-03-17 20:00:07.170,1,1.4738737806712254,1398.7091752831686,0.0,
2021-03-17 20:00:07.180,1,1.1689464682942217,1389.8226723281327,0.0,
2021-03-17 20:00:07.190,1,1.396737617926005,1382.3780346307572,0.0,
2021-03-17 20:00:07.200,1,1.3917090312537692,1397.8035237756305,0.0,
2021-03-17 20:00:07.210,1,1.2548390029075285,1393.098292239284,0.0,
2021-03-17 20:00:07.220,1,1.3034237672449671,1392.837077041181,0.0,
2021-03-17 20:00:07.230,1,1.451038701958479,1391.485431338051,0.0,
2021-03-17 20:00:07.240,1,1.4277598239710687,1385.3284994095327,0.0,
2021-03-17 20:00:07.250,1,1.0895660189372087,1385.4288238777926,0.0,
2021-03-17 20:00:07.260,1,1.3702391476803506,1375.6512827963754,0.0,
2021-03-17 20:00:07.270,1,1.2479048833155604,1365.6700070845634,0.0,
2021-03-17 20:00:07.280,1,1.2702216833050273,1374.805033613844,0.0,
2021-03-17 20:00:07.290,1,1.5794925021797293,1371.2613266185715,0.0,
2021-03-17 20:00:07.300,1,1.4949983280142691,1374.1342112762338,0.0,
2021-03-17 20:00:07.310,1,1.1275262694687014,1378.7222152742386,0.0,
2021-03-17 20:00:07.320,1,1.2525885015310338,1378.9673150793521,0.0,
2021-03-17 20:00:07.330,1,1.5124354933197692,1388.0981567458518,0.0,
2021-03-17 20:00:07.340,1,1.387286452321275,1381.6653878311233,0.0,
2021-03-17 20:00:07.350,1,1.3797874563033037,1380.2799609419085,0.0,
2021-03-17 20:00:07.360,1,1.5694805739511617,1371.958007204461,0.0,
2021-03-17 20:00:07.370,1,1.2519275325787576,1370.271549703353,0.0,
2021-03-17 20:00:07.380,1,1.2476648315558905,1365.853124289711,0.0,
2021-03-17 20:00:07.390,1,1.4192538173701832,1375.7129204879636,0.0,
2021-03-17 20:00:07.400,1,1.1297717523690227,1376.2058226006336,0.0,
2021-03-17 20:00:07.410,1,1.4652764422422382,1352.128361716481,0.0,
2021-03-17 20:00:07.420,1,1.0286642740068974,1374.93120538094,0.0,
2021-03-17 20:00:07.430,1,1.4832774719062498,1373.6254545088327,0.0,
2021-03-17 20:00:07.440,1,1.2195855300545262,1361.1987743134234,0.0,
2021-03-17 20:00:07.450,1,1.052497169467749,1362.0517053331994,0.0,
2021-03-17 20:00:07.460,1,1.316777686060724,1367.6297121344921,0.0,
2021-03-17 20:00:07.470,1,1.0460696567586218,1365.9665829751782,0.0,
2021-03-17 20:00:07.480,1,1.1921012296115667,1370.8607720057985,0.0,
2021-03-17 20:00:07.490,1,1.0894417216966212,1371.9506744461835,0.0,
2021-03-17 20:00:07.500,1,1.1956847046236283,1373.9710430723344,0.0,
2021-03-17 20:00:07.510,1,1.3807447865144882,1374.0679958218802,0.0,
2021-03-17 20:00:07.520,1,1.268885708262697,1372.6506812319585,0.0,
2021-03-17 20:00:07.530,1,1.1222478935733096,1369.3368112331575,0.0,
2021-03-17 20:00:07.540,1,1.2385823064724786,1364.864602135948,0.0,
2021-03-17 20:00:07.550,1,1.3879601634731922,1355.3872342780217,0.0,
2021-03-17 20:00:07.560,1,1.25862503470498,1369.7097345303846,0.0,
2021-03-17 20:00:07.570,1,1.2713209707820394,1376.7494346388678,0.0,
2021-03-17 20:00:07.580,1,0.924661118241268,1374.4212176462204,0.0,
2021-03-17 20:00:07.590,1,1.0025354080669575,1373.5813587067619,0.0,
2021-03-17 20:00:07.600,1,1.264753222192458,1379.4802032650393,0.0,
2021-03-17 20:00:07.610,1,1.103687381216153,1376.3332044006088,0.0,
2021-03-17 20:00:07.620,1,1.2905580455987895,1367.5715497229069,0.0,
2021-03-17 20:00:07.630,1,0.9250960725036256,1380.4428622985447,0.0,
2021-03-17 20:00:07.640,1,1.0876580743326223,1381.1160157099564,0.0,
2021-03-17 20:00:07.650,1,1.0109583432662872,1384.3091760588034,0.0,
2021-03-17 20:00:07.660,1,1.1726660837029892,1379.2235780674241,0.0,
2021-03-17 20:00:07.670,1,1.1427625169316875,1389.100589840043,0.0,
2021-03-17 20:00:07.680,1,1.017214888932274,1380.144586993638,0.0,
2021-03-17 20:00:07.690,1,1.1383365027681938,1388.2378831779874,0.0,
2021-03-17 20:00:07.700,1,1.1189126825989415,1400.1145605623208,0.0,
2021-03-17 20:00:07.710,1,0.8472657499239176,1389.4486681367425,0.0,
2021-03-17 20:00:07.720,1,0.9856037408744152,1373.4634031162154,0.0,
2021-03-17 20:00:07.730,1,1.163684096346803,1389.9781959279185,0.0,
2021-03-17 20:00:07.740,1,0.9670241323682413,1388.7448483067362,0.0,
2021-03-17 20:00:07.750,1,1.0230322153260514,1398.2284010119845,0.0,
2021-03-17 20:00:07.760,1,1.0770911965428671,1384.4217120748776,0.0,
2021-03-17 20:00:07.770,1,0.8379679493464977,1393.4438589982522,0.0,
2021-03-17 20:00:07.780,1,1.1640663981976622,1405.5469827734064,0.0,
2021-03-17 20:00:07.790,1,0.9750511128512478,1399.5939787059579,0.0,
2021-03-17 20:00:07.800,1,1.0906765598406272,1403.0786881076071,0.0,
2021-03-17 20:00:07.810,1,0.9821665248231872,1400.5793072695658,0.0,
2021-03-17 20:00:07.820,1,0.8356771204852561,1389.2201133899393,0.0,
2021-03-17 20:00:07.830,1,1.1623295532914943,1395.0862541364056,0.0,
2021-03-17 20:00:07.840,1,0.7806264622089072,1387.1381206310693,0.0,
2021-03-17 20:00:07.850,1,0.7930934751305245,1403.0922729141955,0.0,
2021-03-17 20:00:07.860,1,0.909236404165244,1382.3336600194214,0.0,
2021-03-17 20:00:07.870,1,0.8251919747704541,1394.8549695535792,0.0,
2021-03-17 20:00:07.880,1,0.9653604888755764,1394.5704548210608,0.0,
2021-03-17 20:00:07.890,1,1.000454538801249,1402.2288547955065,0.0,
2021-03-17 20:00:07.900,1,0.8273664610395821,1405.0115457197635,0.0,
2021-03-17 20:00:07.910,1,0.9131421824007976,1394.6413438728605,0.0,
2021-03-17 20:00:07.920,1,1.0769502761782672,1391.7860959582138,0.0,
2021-03-17 20:00:07.930,1,0.9528635045709968,1394.4599799602488,0.0,
2021-03-17 20:00:07.940,1,0.9448722272301132,1392.9860768864708,0.0,
2021-03-17 20:00:07.950,1,1.1434782138561996,1402.1880950961465,0.0,
2021-03-17 20:00:07.960,1,0.9073285369646348,1400.5144623836306,0.0,
2021-03-17 20:00:07.970,1,0.9212262437692724,1399.2239988788795,0.0,
2021-03-17 20:00:07.980,1,0.9591175511915,1407.8340922953726,0.0,
2021-03-17 20:00:07.990,1,1.2057658529423765,1400.7016198004446,0.0,
2021-03-17 20:00:08.000,1,1.1268743526818956,1402.3769778957046,0.0,
2021-03-17 20:00:08.010,1,1.00898768556825,1385.1953809306956,0.0,
2021-03-17 20:00:08.020,1,0.9831218556884462,1399.9018783002414,0.0,
2021-03-17 20:00:08.030,1,0.8651646292848585,1405.045981421928,0.0,
2021-03-17 20:00:08.040,1,1.1411878539786906,1403.977817841558,0.0,
2021-03-17 20:00:08.050,1,1.0828168678422097,1398.40580385711,0.0,
2021-03-17 20:00:08.060,1,1.0712119966675946,1396.2536786097235,0.0,
2021-03-17 20:00:08.070,1,1.1811009997447524,1408.3109914516974,0.0,
2021-03-17 20:00:08.080,1,0.9565583459411636,1416.6947208574884,0.0,
2021-03-17 20:00:08.090,1,0.9868403028274116,1391.9929813108565,0.0,
2021-03-17 20:00:08.100,1,1.2387416580304529,1392.0668313372962,0.0,
2021-03-17 20:00:08.110,1,0.8523217068588111,1402.3967768182501,0.0,
2021-03-17 20:00:08.120,1,1.1182781374557935,1391.4076441719558,0.0,
2021-03-17 20:00:08.130,1,1.047963102622384,1411.962942576913,0.0,
2021-03-17 20:00:08.140,1,0.9414483336968498,1380.7814202489747,0.0,
2021-03-17 20:00:08.150,1,1.0691361632529113,1388.7382237453196,0.0,
2021-03-17 20:00:08.160,1,1.1330286429353311,1395.5815498864417,0.0,
2021-03-17 20:00:08.170,1,0.943707024543418,1388.3574123887156,0.0,
2021-03-17 20:00:08.180,1,1.1938920512617133,1401.0474222174876,0.0,
2021-03-17 20:00:08.190,1,1.036441138421746,1397.9144272491324,0.0,
2021-03-17 20:00:08.200,1,1.098280041436695,1400.547994167806,0.0,
2021-03-17 20:00:08.210,1,1.2566756672856636,1395.9383242541378,0.0,
2021-03-17 20:00:08.220,1,1.1731674846172904,1398.0579919200077,0.0,
2021-03-17 20:00:08.230,1,1.3200961237215962,1385.5975565150793,0.0,
2021-03-17 20:00:08.240,1,1.230427366818729,1388.0237109596094,0.0,
2021-03-17 20:00:08.250,1,0.9474630028236516,1391.376304451143,0.0,
2021-03-17 20:00:08.260,1,1.106671056409387,1390.6700586804432,0.0,
2021-03-17 20:00:08.270,1,1.0216166140150966,1387.2783064504004,0.0,
2021-03-17 20:00:08.280,1,1.1501237175329315,1382.1943750354997,0.0,
2021-03-17 20:00:08.290,1,1.0821873893430125,1391.8886408268615,0.0,
2021-03-17 20:00:08.300,1,1.07264752732034,1390.3814473022692,0.0,
2021-03-17 20:00:08.310,1,1.0339537216799464,1394.3179479829714,0.0,
2021-03-17 20:00:08.320,1,0.9719312644060732,1387.327217138551,0.0,
2021-03-17 20:00:08.330,1,0.9995933104954507,1377.0938552604043,0.0,
2021-03-17 20:00:08.340,1,1.0988358242139225,1382.1809081008316,0.0,
2021-03-17 20:00:08.350,1,1.1533646523957453,1385.018790452718,0.0,
2021-03-17 20:00:08.360,1,1.094106178735033,1378.850450845704,0.0,
2021-03-17 20:00:08.370,1,1.2903814313723474,1382.4071942192425,0.0,
2021-03-17 20:00:08.380,1,0.9324449588214028,1388.7673541749866,0.0,
2021-03-17 20:00:08.390,1,0.9072220908356978,1391.4680984243014,0.0,
2021-03-17 20:00:08.400,1,1.1365089217847255,1384.3650583504318,0.0,
2021-03-17 20:00:08.410,1,1.0521750114146813,1381.5177411749444,0.0,
2021-03-17 20:00:08.420,1,0.9806801595706668,1390.6557502189455,0.0,
2021-03-17 20:00:08.430,1,1.247475704914822,1381.2678305334905,0.0,
2021-03-17 20:00:08.440,1,1.1138709948568104,1385.1727862674725,0.0,
2021-03-17 20:00:08.450,1,1.1025594257541436,1376.0938895782822,0.0,
2021-03-17 20:00:08.460,1,0.9126173593693288,1392.4236434690245,0.0,
2021-03-17 20:00:08.470,1,0.9582501778700512,1383.8240179142526,0.0,
2021-03-17 20:00:08.480,1,1.006492991362528,1389.199693043737,0.0,
2021-03-17 20:00:08.490,1,0.9896157048764722,1386.6547652228433,0.0,
2021-03-17 20:00:08.500,1,1.0468098849177483,1387.049170115378,0.0,
2021-03-17 20:00:08.510,1,1.189306691920497,1385.8921174567126,0.0,
2021-03-17 20:00:08.520,1,1.1099889881493232,1388.7336234828585,0.0,
2021-03-17 20:00:08.530,1,1.1114706393355858,1394.5500887600385,0.0,
2021-03-17 20:00:08.540,1,1.1949204513240763,1383.9184411799756,0.0,
2021-03-17 20:00:08.550,1,1.0860285406786898,1375.36346435921,0.0,
2021-03-17 20:00:08.560,1,0.8081098435248923,1382.1336764545597,0.0,
2021-03-17 20:00:08.570,1,0.8879264564436761,1376.7156788665939,0.0,
2021-03-17 20:00:08.580,1,1.1648244522447009,1402.77286090669,0.0,
2021-03-17 20:00:08.590,1,1.0655476870596947,1381.1234957172144,0.0,
2021-03-17 20:00:08.600,1,1.0405874012477587,1395.820246985529,0.0,
2021-03-17 20:00:08.610,1,0.8642537250997128,1385.7495314506657,0.0,
2021-03-17 20:00:08.620,1,0.8545765407446057,1397.5698532645947,0.0,
2021-03-17 20:00:08.630,1,0.8250859974748325,1389.4057317367078,0.0,
2021-03-17 20:00:08.640,1,0.9357045965427088,1393.0174166662837,0.0,
2021-03-17 20:00:08.650,1,0.7650983324905118,1389.1737655934678,0.0,
2021-03-17 20:00:08.660,1,1.0830664489187598,1386.8236470535862,0.0,
2021-03-17 20:00:08.670,1,0.8013417078032452,1393.0525521252564,0.0,
2021-03-17 20:00:08.680,1,1.040191720169619,1395.22179114646,0.0,
2021-03-17 20:00:08.690,1,0.951894856389214,1392.3670716593128,0.0,
2021-03-17 20:00:08.700,1,1.0478502427205485,1400.0559060967464,0.0,
2021-03-17 20:00:08.710,1,0.7551445649425882,1400.309851578506,0.0,
2021-03-17 20:00:08.720,1,0.8557493271936185,1394.1820661601294,0.0,
2021-03-17 20:00:08.730,1,0.805085472893407,1385.5729834825765,0.0,
2021-03-17 20:00:08.740,1,1.0018034647721514,1401.9558247493899,0.0,
2021-03-17 20:00:08.750,1,0.955367592999143,1381.6717123326102,0.0,
2021-03-17 20:00:08.760,1,0.8772995083166655,1398.7892704794706,0.0,
2021-03-17 20:00:08.770,1,0.787916947319571,1387.971041839356,0.0,
2021-03-17 20:00:08.780,1,0.7692679589146929,1398.3340192570909,0.0,
2021-03-17 20:00:08.790,1,0.7552913100627038,1393.5051594654385,0.0,
2021-03-17 20:00:08.800,1,0.7291763436068182,1391.5793678375933,0.0,
2021-03-17 20:00:08.810,1,0.7168225231503395,1395.4222243584554,0.0,
2021-03-17 20:00:08.820,1,0.7889426538528873,1394.889820954282,0.0,
2021-03-17 20:00:08.830,1,0.8139493832476252,1399.4053726309514,0.0,
2021-03-17 20:00:08.840,1,0.8434901518546033,1393.4478362438385,0.0,
2021-03-17 20:00:08.850,1,1.092674086408291,1407.8340728194732,0.0,
2021-03-17 20:00:08.860,1,0.9030091097283416,1399.167276473736,0.0,
2021-03-17 20:00:08.870,1,0.8971275671341421,1392.7274487560849,0.0,
2021-03-17 20:00:08.880,1,0.7885293542360099,1382.2906960040664,0.0,
2021-03-17 20:00:08.890,1,0.9853972154118416,1392.0992636299359,0.0,
2021-03-17 20:00:08.900,1,1.0549504136862282,1384.4338872912824,0.0,
2021-03-17 20:00:08.910,1,0.9474085808560658,1399.2949985145083,0.0,
2021-03-17 20:00:08.920,1,0.8823804460857311,1384.4896718525933,0.0,
2021-03-17 20:00:08.930,1,0.9593307459660252,1390.1558941096594,0.0,
2021-03-17 20:00:08.940,1,0.9778359384227368,1389.2241039890914,0.0,
2021-03-17 20:00:08.950,1,0.8278496132097761,1395.6742038036593,0.0,
2021-03-17 20:00:08.960,1,0.9132966009536884,1385.0124782334228,0.0,
2021-03-17 20:00:08.970,1,0.8662399541110566,1387.5292127541425,0.0,
2021-03-17 20:00:08.980,1,1.0127107643731008,1390.0818936979956,0.0,
2021-03-17 20:00:08.990,1,1.0370986597101195,1377.6866368641467,0.0,
2021-03-17 20:00:09.000,1,0.8805173373986163,1383.0995071539355,0.0,
2021-03-17 20:00:09.010,1,0.8881990413518001,1381.681159672531,0.0,
2021-03-17 20:00:09.020,1,1.0630876670514875,1379.5729612743426,0.0,
2021-03-17 20:00:09.030,1,1.208924393527585,1377.314924366513,0.0,
2021-03-17 20:00:09.040,1,1.102564241238419,1389.4781640122821,0.0,
2021-03-17 20:00:09.050,1,0.8905862596158469,1377.8918452996961,0.0,
2021-03-17 20:00:09.060,1,1.2414100333709184,1385.2724846076273,0.0,
2021-03-17 20:00:09.070,1,0.9658543850501312,1368.5043779461153,0.0,
2021-03-17 20:00:09.080,1,1.2411373595290969,1371.5717352857046,0.0,
2021-03-17 20:00:09.090,1,1.012756661932218,1367.1415849540415,0.0,
2021-03-17 20:00:09.100,1,1.031256652540681,1383.4985173526818,0.0,
2021-03-17 20:00:09.110,1,1.2826464353503355,1375.9962380012912,0.0,
2021-03-17 20:00:09.120,1,1.121723773581845,1372.105241799568,0.0,
2021-03-17 20:00:09.130,1,1.0985914653554891,1363.9181082538425,0.0,
2021-03-17 20:00:09.140,1,1.2856827370623305,1366.4854845188036,0.0,
2021-03-17 20:00:09.150,1,0.930855090552572,1361.3461898385526,0.0,
2021-03-17 20:00:09.160,1,0.9043972059784884,1362.5652082822423,0.0,
2021-03-17 20:00:09.170,1,1.0866340225725784,1361.2685193820594,0.0,
2021-03-17 20:00:09.180,1,0.9448362223968164,1367.8444644752071,0.0,
2021-03-17 20:00:09.190,1,1.0195388389564088,1359.995830134034,0.0,
2021-03-17 20:00:09.200,1,1.1802738131986357,1359.4990111025156,0.0,
2021-03-17 20:00:09.210,1,0.984747017342637,1359.6760470016472,0.0,
2021-03-17 20:00:09.220,1,0.9752509629582282,1359.259340379693,0.0,
2021-03-17 20:00:09.230,1,1.020683399032502,1354.163669965759,0.0,
2021-03-17 20:00:09.240,1,0.9707865971046522,1350.4063348135464,0.0,
2021-03-17 20:00:09.250,1,0.9393284272022338,1355.5727915195334,0.0,
2021-03-17 20:00:09.260,1,1.0691983956893378,1348.2713978246138,0.0,
2021-03-17 20:00:09.270,1,1.046793760120296,1351.2358265387998,0.0,
2021-03-17 20:00:09.280,1,1.2494202667448369,1353.7904886816416,0.0,
2021-03-17 20:00:09.290,1,1.3400779401227731,1352.3201253631614,0.0,
2021-03-17 20:00:09.300,1,1.0272756524776845,1352.155215659823,0.0,
2021-03-17 20:00:09.310,1,1.2371277126759512,1355.2131030921205,0.0,
2021-03-17 20:00:09.320,1,1.0731507389378672,1345.982180049963,0.0,
2021-03-17 20:00:09.330,1,1.3168720408763843,1338.9502283376746,0.0,
2021-03-17 20:00:09.340,1,1.1278975851278166,1346.2160316799325,0.0,
2021-03-17 20:00:09.350,1,0.9808989468961764,1330.8471450830452,0.0,
2021-03-17 20:00:09.360,1,1.3324478242551667,1338.1070067982746,0.0,
2021-03-17 20:00:09.370,1,1.1766520308851622,1345.8610010830969,0.0,
2021-03-17 20:00:09.380,1,0.9735908288482128,1330.0235912418625,0.0,
2021-03-17 20:00:09.390,1,1.009603502917506,1346.0194601989895,0.0,
2021-03-17 20:00:09.400,1,1.1304237474023198,1331.5070384728847,0.0,
2021-03-17 20:00:09.410,1,1.335818497187456,1322.8501684307175,0.0,
2021-03-17 20:00:09.420,1,1.0580565134161068,1341.9080733745295,0.0,
2021-03-17 20:00:09.430,1,1.2933044966376592,1342.6797994367325,0.0,
2021-03-17 20:00:09.440,1,1.1516464983495311,1338.8333101782346,0.0,
2021-03-17 20:00:09.450,1,1.1883614723389142,1334.7235814478672,0.0,
2021-03-17 20:00:09.460,1,1.1241846707771217,1338.3147914983115,0.0,
2021-03-17 20:00:09.470,1,0.9739387020691282,1348.4397238984945,0.0,
2021-03-17 20:00:09.480,1,1.0808589593659637,1346.1404584659508,0.0,
2021-03-17 20:00:09.490,1,1.2495817583493505,1330.9054539147673,0.0,
2021-03-17 20:00:09.500,1,1.0091747893004264,1326.2912252070075,0.0,
2021-03-17 20:00:09.510,1,0.9873058008189214,1342.9850655431676,0.0,
2021-03-17 20:00:09.520,1,0.9145131402396558,1345.9148575392098,0.0,
2021-03-17 20:00:09.530,1,1.2912053700053956,1336.5065609944702,0.0,
2021-03-17 20:00:09.540,1,0.8974653239375432,1334.3135857927314,0.0,
2021-03-17 20:00:09.550,1,0.9666032158795684,1345.079877102508,0.0,
2021-03-17 20:00:09.560,1,1.1204824360492616,1348.087896020427,0.0,
2021-03-17 20:00:09.570,1,1.1187731808505237,1337.6259865722513,0.0,
2021-03-17 20:00:09.580,1,1.1079738176115734,1342.8304506714128,0.0,
2021-03-17 20:00:09.590,1,0.9960567076847632,1366.6960848589836,0.0,
2021-03-17 20:00:09.600,1,1.0504513777713838,1343.3160682414698,0.0,
2021-03-17 20:00:09.610,1,1.2086479969336528,1347.296643891277,0.0,
2021-03-17 20:00:09.620,1,0.8437999894347942,1347.5432661048605,0.0,
2021-03-17 20:00:09.630,1,1.1661522557691018,1349.4040547652935,0.0,
2021-03-17 20:00:09.640,1,0.8101894565229153,1347.7131663127686,0.0,
2021-03-17 20:00:09.650,1,1.0549230434194423,1351.692556654695,0.0,
2021-03-17 20:00:09.660,1,0.8661955256010093,1354.5256497812725,0.0,
2021-03-17 20:00:09.670,1,1.1591243184117186,1360.4559721902087,0.0,
2021-03-17 20:00:09.680,1,1.0115182091249575,1351.0357035832915,0.0,
2021-03-17 20:00:09.690,1,0.8587565114585455,1360.7448525737113,0.0,
2021-03-17 20:00:09.700,1,0.8387256015190717,1353.9627985577445,0.0,
2021-03-17 20:00:09.710,1,1.1485922424248525,1358.2987140632022,0.0,
2021-03-17 20:00:09.720,1,1.133907999714721,1350.5890357394833,0.0,
2021-03-17 20:00:09.730,1,0.8976845417035554,1358.2207780641945,0.0,
2021-03-17 20:00:09.740,1,0.9954598333508882,1358.8163584010738,0.0,
2021-03-17 20:00:09.750,1,1.1468884057630484,1371.1945180867426,0.0,
2021-03-17 20:00:09.760,1,1.04059956050388,1371.0777814737412,0.0,
2021-03-17 20:00:09.770,1,0.9416273560758552,1372.884669131222,0.0,
2021-03-17 20:00:09.780,1,0.9466895838273254,1358.0129420536693,0.0,
2021-03-17 20:00:09.790,1,0.9367102000665106,1368.3314107282006,0.0,
2021-03-17 20:00:09.800,1,0.8141843164007343,1372.711753100877,0.0,
2021-03-17 20:00:09.810,1,0.7928502878103103,1368.080866948564,0.0,
2021-03-17 20:00:09.820,1,0.9752053631154084,1370.3232636015268,0.0,
2021-03-17 20:00:09.830,1,0.7840100914525906,1354.5255088372564,0.0,
2021-03-17 20:00:09.840,1,0.9415684429357144,1372.200002153982,0.0,
2021-03-17 20:00:09.850,1,0.8259499653679548,1362.6685958033545,0.0,
2021-03-17 20:00:09.860,1,1.1379422124531242,1371.9352909812449,0.0,
2021-03-17 20:00:09.870,1,0.7717049904344113,1366.3645713773194,0.0,
2021-03-17 20:00:09.880,1,0.9752732734258152,1360.3163722989834,0.0,
2021-03-17 20:00:09.890,1,0.8386873024154933,1383.9790118252822,0.0,
2021-03-17 20:00:09.900,1,0.7706942513042979,1365.9115952649786,0.0,
2021-03-17 20:00:09.910,1,1.0142115676953884,1355.8763948568385,0.0,
2021-03-17 20:00:09.920,1,1.0397449477389151,1369.6660658185133,0.0,
2021-03-17 20:00:09.930,1,0.7991861734535104,1363.8181139034475,0.0,
2021-03-17 20:00:09.940,1,1.0472648513654812,1365.0564386264875,0.0,
2021-03-17 20:00:09.950,1,1.082284006982557,1360.234085677879,0.0,
2021-03-17 20:00:09.960,1,1.1419133485582162,1370.2838206198735,0.0,
2021-03-17 20:00:09.970,1,1.0557549104197286,1362.7218361351254,0.0,
2021-03-17 20:00:09.980,1,1.0681134160217478,1376.291940569816,0.0,
2021-03-17 20:00:09.990,1,1.0532123537355955,1364.1664442982178,0.0,
2021-03-17 20:00:10.000,1,1.1609172784616968,1379.0196532233465,0.0,
2021-03-17 20:00:10.010,1,0.9188948579414142,1372.3847014492014,0.0,
2021-03-17 20:00:10.020,1,0.9209175770596568,1362.8023192490232,0.0,
2021-03-17 20:00:10.030,1,0.9098411265685163,1363.9111357507595,0.0,
2021-03-17 20:00:10.040,1,0.8595894591154644,1365.720140810098,0.0,
2021-03-17 20:00:10.050,1,1.1741830471461383,1374.681694340468,0.0,
2021-03-17 20:00:10.060,1,0.8408908515656766,1372.4319725007006,0.0,
2021-03-17 20:00:10.070,1,1.2486088467221943,1357.421185823039,0.0,
2021-03-17 20:00:10.080,1,0.9747634138353344,1372.1790005698995,0.0,
2021-03-17 20:00:10.090,1,0.990582641796724,1374.4659228347425,0.0,
2021-03-17 20:00:10.100,1,1.2410294983167238,1355.7148672379758,0.0,
2021-03-17 20:00:10.110,1,1.1986081392507877,1358.129406260551,0.0,
2021-03-17 20:00:10.120,1,1.0827664210994716,1359.302945528103,0.0,
2021-03-17 20:00:10.130,1,1.1061384423681588,1355.9396809817003,0.0,
2021-03-17 20:00:10.140,1,1.163650047881018,1342.5446459496766,0.0,
2021-03-17 20:00:10.150,1,0.9287567595740528,1360.3677576143386,0.0,
2021-03-17 20:00:10.160,1,0.8846199752543955,1354.7639875468408,0.0,
2021-03-17 20:00:10.170,1,1.065298496831463,1362.3095924649408,0.0,
2021-03-17 20:00:10.180,1,1.0511160947338094,1347.1513665474388,0.0,
2021-03-17 20:00:10.190,1,1.0259865698769022,1355.6592431577953,0.0,
2021-03-17 20:00:10.200,1,1.123164822168918,1351.4020190421083,0.0,
2021-03-17 20:00:10.210,1,1.1690141029472316,1357.707269219299,0.0,
2021-03-17 20:00:10.220,1,0.8992974933318294,1346.123845583085,0.0,
2021-03-17 20:00:10.230,1,0.8807902113195718,1339.483712811593,0.0,
2021-03-17 20:00:10.240,1,1.1789112508027917,1346.3261634980615,0.0,
2021-03-17 20:00:10.250,1,1.0275274094640128,1350.6613769169894,0.0,
2021-03-17 20:00:10.260,1,1.1390451122081544,1344.8565189572055,0.0,
2021-03-17 20:00:10.270,1,1.149875403537356,1356.3348661894793,0.0,
2021-03-17 20:00:10.280,1,1.2760211159312047,1348.3333789359742,0.0,
2021-03-17 20:00:10.290,1,1.091299593767597,1361.0349467212075,0.0,
2021-03-17 20:00:10.300,1,1.2074280498020886,1345.121946740663,0.0,
2021-03-17 20:00:10.310,1,1.057098101060394,1344.9555104972465,0.0,
2021-03-17 20:00:10.320,1,1.0978722847798943,1345.3151046744126,0.0,
2021-03-17 20:00:10.330,1,1.069367467053512,1349.5112704843978,0.0,
2021-03-17 20:00:10.340,1,0.9959666109329444,1339.8742824314445,0.0,
2021-03-17 20:00:10.350,1,1.197021365065643,1354.1781185136404,0.0,
2021-03-17 20:00:10.360,1,1.0265355231217803,1353.7388561486086,0.0,
2021-03-17 20:00:10.370,1,0.9809065706221696,1352.943502180382,0.0,
2021-03-17 20:00:10.380,1,0.9295238226256451,1359.3125830131696,0.0,
2021-03-17 20:00:10.390,1,1.1642587204272656,1359.5459118967144,0.0,
2021-03-17 20:00:10.400,1,1.1853502217319922,1347.706701026578,0.0,
2021-03-17 20:00:10.410,1,1.090801168149618,1347.4558378040726,0.0,
2021-03-17 20:00:10.420,1,0.9822552949168826,1352.3878211530782,0.0,
2021-03-17 20:00:10.430,1,1.1588236921095425,1354.3175241234046,0.0,
2021-03-17 20:00:10.440,1,1.1047406138159872,1373.0447647614033,0.0,
2021-03-17 20:00:10.450,1,1.1346375358924603,1363.9208471760915,0.0,
2021-03-17 20:00:10.460,1,0.9601759000531506,1366.543845245563,0.0,
2021-03-17 20:00:10.470,1,1.0818288868389367,1365.2432435719584,0.0,
2021-03-17 20:00:10.480,1,1.1798758207471076,1351.340254682269,0.0,
2021-03-17 20:00:10.490,1,0.9899089292562958,1369.666818594101,0.0,
2021-03-17 20:00:10.500,1,0.9732659694450758,1369.863394608607,0.0,
2021-03-17 20:00:10.510,1,0.9811999405446842,1356.247799051732,0.0,
2021-03-17 20:00:10.520,1,0.8834970265410819,1370.8130481798798,0.0,
2021-03-17 20:00:10.530,1,0.9439061331534424,1354.609048451359,0.0,
2021-03-17 20:00:10.540,1,0.9678297522745208,1364.2073163033765,0.0,
2021-03-17 20:00:10.550,1,0.903252762292964,1360.9458287871453,0.0,
2021-03-17 20:00:10.560,1,1.0054543120913062,1369.6766109222349,0.0,
2021-03-17 20:00:10.570,1,1.0599942669379767,1363.5713172294695,0.0,
2021-03-17 20:00:10.580,1,0.9055647893429692,1373.0642843677786,0.0,
2021-03-17 20:00:10.590,1,1.1034833586979165,1371.7906355505136,0.0,
2021-03-17 20:00:10.600,1,0.9723882239105558,1371.343702445692,0.0,
2021-03-17 20:00:10.610,1,1.0255868559028791,1371.6641515665226,0.0,
2021-03-17 20:00:10.620,1,1.0172718421782323,1361.4002779493871,0.0,
2021-03-17 20:00:10.630,1,0.8717386442257274,1371.7966644326148,0.0,
2021-03-17 20:00:10.640,1,0.7275228035330232,1366.3496513098394,0.0,
2021-03-17 20:00:10.650,1,0.7210795211893517,1374.7737360464505,0.0,
2021-03-17 20:00:10.660,1,0.7272053549617503,1377.174244820793,0.0,
2021-03-17 20:00:10.670,1,0.8533470497036704,1364.0671702035418,0.0,
2021-03-17 20:00:10.680,1,0.8445236376368838,1376.3698629443802,0.0,
2021-03-17 20:00:10.690,1,0.9884563993415793,1374.4550821374537,0.0,
2021-03-17 20:00:10.700,1,0.9601155154570534,1372.4518631775634,0.0,
2021-03-17 20:00:10.710,1,0.7729202729422353,1377.5578470012226,0.0,
2021-03-17 20:00:10.720,1,0.7386779924422209,1370.8082838066914,0.0,
2021-03-17 20:00:10.730,1,0.8466562086972442,1390.1563999273446,0.0,
2021-03-17 20:00:10.740,1,0.8558985366734534,1376.6661193162308,0.0,
2021-03-17 20:00:10.750,1,0.8940684803078053,1372.376705805175,0.0,
2021-03-17 20:00:10.760,1,0.6940038067887124,1383.1377622723471,0.0,
2021-03-17 20:00:10.770,1,0.7230280272678767,1380.955108628928,0.0,
2021-03-17 20:00:10.780,1,0.7169936425310771,1386.6464886249482,0.0,
2021-03-17 20:00:10.790,1,0.6679022596879124,1370.3178859317732,0.0,
2021-03-17 20:00:10.800,1,0.9829668613431076,1387.1002254739606,0.0,
2021-03-17 20:00:10.810,1,0.8051722142917624,1373.7091486158529,0.0,
2021-03-17 20:00:10.820,1,0.9038005206837912,1377.5238398531037,0.0,
2021-03-17 20:00:10.830,1,0.7304522657674954,1377.8984325647714,0.0,
2021-03-17 20:00:10.840,1,0.9068353352606958,1376.2312389810031,0.0,
2021-03-17 20:00:10.850,1,0.6849299066259332,1373.2068775395371,0.0,
2021-03-17 20:00:10.860,1,0.7791252209534942,1358.1741146418885,0.0,
2021-03-17 20:00:10.870,1,0.8725566330457564,1362.0031527347744,0.0,
2021-03-17 20:00:10.880,1,0.7867103675160828,1362.289553737609,0.0,
2021-03-17 20:00:10.890,1,0.9355167978602064,1374.134524376943,0.0,
2021-03-17 20:00:10.900,1,0.7946683460503234,1374.4346379517212,0.0,
2021-03-17 20:00:10.910,1,0.7727228435603015,1366.7761531938875,0.0,
2021-03-17 20:00:10.920,1,0.9372589002590876,1367.4729332688871,0.0,
2021-03-17 20:00:10.930,1,0.954084801705408,1358.5947705178378,0.0,
2021-03-17 20:00:10.940,1,0.8122268328838934,1371.3106918465276,0.0,
2021-03-17 20:00:10.950,1,0.9630300226884942,1364.758440329284,0.0,
2021-03-17 20:00:10.960,1,1.0320155788910528,1363.4120145614088,0.0,
2021-03-17 20:00:10.970,1,0.8129209887982781,1350.9224288224354,0.0,
2021-03-17 20:00:10.980,1,0.8541706837577079,1360.5822968851962,0.0,
2021-03-17 20:00:10.990,1,1.0076678923219649,1372.0912810045634,0.0,
2021-03-17 20:00:11.000,1,0.8895629223019004,1349.4816486210013,0.0,
2021-03-17 20:00:11.010,1,1.043107001052079,1354.25954108901,0.0,
2021-03-17 20:00:11.020,1,0.9536674170750188,1364.697451787995,0.0,
2021-03-17 20:00:11.030,1,0.9172895677282248,1356.9222298656705,0.0,
2021-03-17 20:00:11.040,1,0.7392270765057296,1348.3603379969788,0.0,
2021-03-17 20:00:11.050,1,0.7934086019998202,1360.559795360814,0.0,
2021-03-17 20:00:11.060,1,1.0987908568960143,1358.9898711382702,0.0,
2021-03-17 20:00:11.070,1,0.9638745247055376,1349.3648849461495,0.0,
2021-03-17 20:00:11.080,1,0.9003815349824804,1351.8123850203924,0.0,
2021-03-17 20:00:11.090,1,0.9021909281426548,1348.0485191336513,0.0,
2021-03-17 20:00:11.100,1,1.0863824188424105,1349.606531590027,0.0,
2021-03-17 20:00:11.110,1,0.8300384781386878,1350.9382226475545,0.0,
2021-03-17 20:00:11.120,1,0.8859853781673757,1349.6687846091472,0.0,
2021-03-17 20:00:11.130,1,1.0635403543610602,1335.4105575148585,0.0,
2021-03-17 20:00:11.140,1,0.8617910876188541,1343.3326074190354,0.0,
2021-03-17 20:00:11.150,1,1.0183548353001983,1347.671579967667,0.0,
2021-03-17 20:00:11.160,1,1.018580859748286,1338.7106918617196,0.0,
2021-03-17 20:00:11.170,1,0.8121630601152403,1353.2281636260752,0.0,
2021-03-17 20:00:11.180,1,0.9763200302558692,1345.2043242292211,0.0,
2021-03-17 20:00:11.190,1,0.8503947903229729,1337.1329030488946,0.0,
2021-03-17 20:00:11.200,1,0.9149157983052374,1331.0270795055994,0.0,
2021-03-17 20:00:11.210,1,0.990980099455316,1322.1253643294974,0.0,
2021-03-17 20:00:11.220,1,0.9449975553964456,1334.990179149982,0.0,
2021-03-17 20:00:11.230,1,1.2470728526739976,1335.849865806526,0.0,
2021-03-17 20:00:11.240,1,1.0420766790686558,1331.6131244679798,0.0,
2021-03-17 20:00:11.250,1,0.8737045792856195,1329.8382042385842,0.0,
2021-03-17 20:00:11.260,1,1.1703417861229428,1339.6596237615006,0.0,
2021-03-17 20:00:11.270,1,1.139306153963335,1316.755593478683,0.0,
2021-03-17 20:00:11.280,1,1.2821330494544467,1327.4875191531205,0.0,
2021-03-17 20:00:11.290,1,1.2172805309662298,1331.4612808402392,0.0,
2021-03-17 20:00:11.300,1,1.2599603724960988,1327.8635037584331,0.0,
2021-03-17 20:00:11.310,1,1.2057153735024628,1322.7750965093644,0.0,
2021-03-17 20:00:11.320,1,1.2956806219745631,1335.7790466594427,0.0,
2021-03-17 20:00:11.330,1,0.9425572049232188,1330.6970542692309,0.0,
2021-03-17 20:00:11.340,1,1.2261884278827926,1337.882901682621,0.0,
2021-03-17 20:00:11.350,1,1.130376066704079,1321.2537706853059,0.0,
2021-03-17 20:00:11.360,1,1.1879652321110867,1328.5484086987922,0.0,
2021-03-17 20:00:11.370,1,1.2523772538928584,1338.9296836038989,0.0,
2021-03-17 20:00:11.380,1,1.0036615389852672,1334.3155260330236,0.0,
2021-03-17 20:00:11.390,1,1.1821728114722188,1324.924051013978,0.0,
2021-03-17 20:00:11.400,1,1.2704365100511212,1342.6153944168295,0.0,
2021-03-17 20:00:11.410,1,1.026097959820066,1328.554350620651,0.0,
2021-03-17 20:00:11.420,1,1.1909954979907929,1334.144664974635,0.0,
2021-03-17 20:00:11.430,1,1.2042981708488925,1327.9797527176645,0.0,
2021-03-17 20:00:11.440,1,0.9223401442157708,1333.115910176537,0.0,
2021-03-17 20:00:11.450,1,1.0615930203279356,1326.2965368169625,0.0,
2021-03-17 20:00:11.460,1,1.1919668713393112,1329.8507882318866,0.0,
2021-03-17 20:00:11.470,1,1.0768319244050748,1339.2183708011721,0.0,
2021-03-17 20:00:11.480,1,1.1585757069640448,1332.8539774901285,0.0,
2021-03-17 20:00:11.490,1,1.1860184855710163,1345.510825130816,0.0,
2021-03-17 20:00:11.500,1,0.9089567823305312,1340.6677318115985,0.0,
2021-03-17 20:00:11.510,1,1.0648420109682408,1343.480705484624,0.0,
2021-03-17 20:00:11.520,1,1.1926334117324833,1339.6689039044393,0.0,
2021-03-17 20:00:11.530,1,1.1888972497778147,1342.4230295214704,0.0,
2021-03-17 20:00:11.540,1,0.8339997091888198,1345.7816230562328,0.0,
2021-03-17 20:00:11.550,1,0.9766385958421224,1350.4948988529413,0.0,
2021-03-17 20:00:11.560,1,0.9023750023172212,1327.256422797331,0.0,
2021-03-17 20:00:11.570,1,1.0271377215729915,1355.3038115017125,0.0,
2021-03-17 20:00:11.580,1,0.989076301415462,1350.7364700135934,0.0,
2021-03-17 20:00:11.590,1,1.1574576127908969,1342.4108530935036,0.0,
2021-03-17 20:00:11.600,1,1.0745585795818946,1357.0419944079094,0.0,
2021-03-17 20:00:11.610,1,1.0655856471624492,1346.8603366827099,0.0,
2021-03-17 20:00:11.620,1,1.1863384949514453,1355.8288913594804,0.0,
2021-03-17 20:00:11.630,1,0.8239726100316797,1343.9756026511818,0.0,
2021-03-17 20:00:11.640,1,0.8828115694345717,1354.5717275274735,0.0,
2021-03-17 20:00:11.650,1,0.8572280223152271,1368.379007107217,0.0,
2021-03-17 20:00:11.660,1,1.2044865975740986,1356.3449855026745,0.0,
2021-03-17 20:00:11.670,1,0.8564886684272279,1362.4695485401926,0.0,
2021-03-17 20:00:11.680,1,0.9346766077974664,1354.1367018255796,0.0,
2021-03-17 20:00:11.690,1,1.1427041794036656,1365.8075078724914,0.0,
2021-03-17 20:00:11.700,1,1.0218782573426093,1359.3434572270316,0.0,
2021-03-17 20:00:11.710,1,1.0346957607046228,1368.997979919116,0.0,
2021-03-17 20:00:11.720,1,0.8001909802702268,1347.8530947650356,0.0,
2021-03-17 20:00:11.730,1,0.9607761957827908,1367.2303685361662,0.0,
2021-03-17 20:00:11.740,1,0.9737182629031444,1359.161080550881,0.0,
2021-03-17 20:00:11.750,1,0.8716284556923676,1371.4128609397878,0.0,
2021-03-17 20:00:11.760,1,0.99246490136019,1366.2967637270551,0.0,
2021-03-17 20:00:11.770,1,1.128013785724708,1361.6542202479989,0.0,
2021-03-17 20:00:11.780,1,0.8674762308038292,1369.4727994610578,0.0,
2021-03-17 20:00:11.790,1,1.2204818080855189,1357.932275695936,0.0,
2021-03-17 20:00:11.800,1,0.8228328492101673,1362.0476883248905,0.0,
2021-03-17 20:00:11.810,1,1.034757248039015,1379.0813000088363,0.0,
2021-03-17 20:00:11.820,1,1.1438317090719443,1373.4264073209124,0.0,
2021-03-17 20:00:11.830,1,1.2166091637951943,1360.750233305592,0.0,
2021-03-17 20:00:11.840,1,0.9288299761048876,1370.332659703293,0.0,
2021-03-17 20:00:11.850,1,1.1275279108750098,1373.4526922641471,0.0,
2021-03-17 20:00:11.860,1,1.045828336401711,1359.1631595884544,0.0,
2021-03-17 20:00:11.870,1,0.8957862199385004,1356.0142138229826,0.0,
2021-03-17 20:00:11.880,1,0.9567228953543604,1379.5471185157658,0.0,
2021-03-17 20:00:11.890,1,1.0397204411013945,1366.192458138303,0.0,
2021-03-17 20:00:11.900,1,1.2316184623322748,1363.5375195434606,0.0,
2021-03-17 20:00:11.910,1,1.0230794582330611,1361.1646912994447,0.0,
2021-03-17 20:00:11.920,1,0.9050204309970789,1367.536007028542,0.0,
2021-03-17 20:00:11.930,1,1.1245662108259178,1355.0542381819155,0.0,
2021-03-17 20:00:11.940,1,1.1569696219341603,1380.9994358222175,0.0,
2021-03-17 20:00:11.950,1,1.2074750443586004,1368.7296887178375,0.0,
2021-03-17 20:00:11.960,1,1.17029514007707,1352.7032322462585,0.0,
2021-03-17 20:00:11.970,1,0.9469193736304014,1368.8085593435933,0.0,
2021-03-17 20:00:11.980,1,1.2590187852744297,1368.0544177550826,0.0,
2021-03-17 20:00:11.990,1,0.9541775944085122,1357.6434221441245,0.0,
2021-03-17 20:00:12.000,1,1.1878216787449287,1369.6075752517188,0.0,
2021-03-17 20:00:12.010,1,1.108971572801086,1363.3073590328004,0.0,
2021-03-17 20:00:12.020,1,0.9765688120120782,1371.78797993262,0.0,
2021-03-17 20:00:12.030,1,1.0670224660231296,1363.1943089760687,0.0,
2021-03-17 20:00:12.040,1,1.2484119277276815,1359.0560088168645,0.0,
2021-03-17 20:00:12.050,1,1.442965663300685,1373.009315468699,0.0,
2021-03-17 20:00:12.060,1,0.99966569101768,1358.4741489852354,0.0,
2021-03-17 20:00:12.070,1,1.0236580732341518,1376.788762329154,0.0,
2021-03-17 20:00:12.080,1,1.2543508190062689,1358.876391407035,0.0,
2021-03-17 20:00:12.090,1,1.1215501018809395,1360.4671173345564,0.0,
2021-03-17 20:00:12.100,1,1.3971732357751625,1370.3030743316533,0.0,
2021-03-17 20:00:12.110,1,1.1303909770752771,1353.9772072570333,0.0,
2021-03-17 20:00:12.120,1,1.2897770201401917,1357.4863527691746,0.0,
2021-03-17 20:00:12.130,1,1.329304960081281,1349.2094815911125,0.0,
2021-03-17 20:00:12.140,1,1.459514402889647,1353.5280324585,0.0,
2021-03-17 20:00:12.150,1,1.1410976912986548,1354.8464485821796,0.0,
2021-03-17 20:00:12.160,1,1.2106198122854974,1362.2020320416968,0.0,
2021-03-17 20:00:12.170,1,1.2220071179217449,1363.306154758387,0.0,
2021-03-17 20:00:12.180,1,1.445737916378099,1365.88023799162,0.0,
2021-03-17 20:00:12.190,1,1.1977660128404206,1352.6244941119908,0.0,
2021-03-17 20:00:12.200,1,1.4213764441074488,1358.9782682848402,0.0,
2021-03-17 20:00:12.210,1,1.4959800892136037,1361.8854816331109,0.0,
2021-03-17 20:00:12.220,1,1.2312651151238303,1361.134222774766,0.0,
2021-03-17 20:00:12.230,1,1.4270480845821982,1357.2958596308456,0.0,
2021-03-17 20:00:12.240,1,1.3026965636626018,1362.333086857534,0.0,
2021-03-17 20:00:12.250,1,1.66570065653296,1374.2900068311255,0.0,
2021-03-17 20:00:12.260,1,1.5594042937842107,1361.0493047291725,0.0,
2021-03-17 20:00:12.270,1,1.6355628708544991,1370.1083911266185,0.0,
2021-03-17 20:00:12.280,1,1.5735507929387582,1346.9528352826594,0.0,
2021-03-17 20:00:12.290,1,1.62064059946377,1364.2443444472713,0.0,
2021-03-17 20:00:12.300,1,1.510942455449309,1363.725766483847,0.0,
2021-03-17 20:00:12.310,1,1.2729410691009575,1358.3067241419278,0.0,
2021-03-17 20:00:12.320,1,1.3753704289378608,1365.452895505571,0.0,
2021-03-17 20:00:12.330,1,1.4879724513250092,1359.2130183950512,0.0,
2021-03-17 20:00:12.340,1,1.1804210424725083,1377.7313775673572,0.0,
2021-03-17 20:00:12.350,1,1.1685751061230516,1366.790946943495,0.0,
2021-03-17 20:00:12.360,1,1.283700552176377,1364.3176705603528,0.0,
2021-03-17 20:00:12.370,1,1.1437049192608135,1373.7886991638215,0.0,
2021-03-17 20:00:12.380,1,1.2693508392333763,1364.2305781901705,0.0,
2021-03-17 20:00:12.390,1,1.382838418028885,1368.0503078360134,0.0,
2021-03-17 20:00:12.400,1,1.3969245275177955,1365.383516819213,0.0,
2021-03-17 20:00:12.410,1,1.6905805836275347,1386.040375892746,0.0,
2021-03-17 20:00:12.420,1,1.220693876339611,1372.7265948435916,0.0,
2021-03-17 20:00:12.430,1,1.5498947401517278,1383.424973783929,0.0,
2021-03-17 20:00:12.440,1,1.1658107388883836,1378.9225190401578,0.0,
2021-03-17 20:00:12.450,1,1.4315024503314486,1384.7146387381226,0.0,
2021-03-17 20:00:12.460,1,1.3071449945001905,1374.9762081161498,0.0,
2021-03-17 20:00:12.470,1,1.258437865625562,1381.713748268524,0.0,
2021-03-17 20:00:12.480,1,1.6652402826835435,1372.6814720214693,0.0,
2021-03-17 20:00:12.490,1,1.5589429228458638,1385.5696219423114,0.0,
2021-03-17 20:00:12.500,1,1.5121744864483535,1380.2826387967386,0.0,
2021-03-17 20:00:12.510,1,1.1983942049437588,1392.1905375410488,0.0,
2021-03-17 20:00:12.520,1,1.2965345736858709,1385.4740001644986,0.0,
2021-03-17 20:00:12.530,1,1.4689109117388606,1392.3286615898069,0.0,
2021-03-17 20:00:12.540,1,1.6359665425367902,1395.504485491907,0.0,
2021-03-17 20:00:12.550,1,1.4067417057556488,1375.098263677806,0.0,
2021-03-17 20:00:12.560,1,1.2950093244169316,1384.7029250229816,0.0,
2021-03-17 20:00:12.570,1,1.1617749469060232,1395.6496590597214,0.0,
2021-03-17 20:00:12.580,1,1.0867007305814729,1390.2639325760367,0.0,
2021-03-17 20:00:12.590,1,1.4952048812287029,1389.102727735089,0.0,
2021-03-17 20:00:12.600,1,1.6083010489870364,1385.956706712525,0.0,
2021-03-17 20:00:12.610,1,1.093472212213636,1385.2223150762345,0.0,
2021-03-17 20:00:12.620,1,1.399535846683113,1384.277514513748,0.0,
2021-03-17 20:00:12.630,1,1.4046873989071462,1397.5023701351322,0.0,
2021-03-17 20:00:12.640,1,1.0682949636552692,1392.7635398541079,0.0,
2021-03-17 20:00:12.650,1,1.1855948239460323,1389.2428583539584,0.0,
2021-03-17 20:00:12.660,1,1.1083140117134118,1394.2607365675824,0.0,
2021-03-17 20:00:12.670,1,1.3330018613306167,1406.7744637843991,0.0,
2021-03-17 20:00:12.680,1,1.3099780078034478,1390.6033781712467,0.0,
2021-03-17 20:00:12.690,1,1.4174615810773314,1400.7054637329693,0.0,
2021-03-17 20:00:12.700,1,1.28559206167717,1396.862583839357,0.0,
2021-03-17 20:00:12.710,1,1.4783235196209117,1379.8049780427734,0.0,
2021-03-17 20:00:12.720,1,1.3560588255278505,1389.2706320557486,0.0,
2021-03-17 20:00:12.730,1,1.4559816638676009,1392.8181348409664,0.0,
2021-03-17 20:00:12.740,1,1.5454349109459506,1399.3259046062212,0.0,
2021-03-17 20:00:12.750,1,1.19802534445812,1395.0345503357446,0.0,
2021-03-17 20:00:12.760,1,1.2795770296352988,1397.237111220919,0.0,
2021-03-17 20:00:12.770,1,1.5053189797195976,1391.3465489481266,0.0,
2021-03-17 20:00:12.780,1,1.2345973034603208,1388.6289126971471,0.0,
2021-03-17 20:00:12.790,1,1.1771018971731086,1386.510389382233,0.0,
2021-03-17 20:00:12.800,1,1.5150971866040115,1375.953152984751,0.0,
2021-03-17 20:00:12.810,1,1.2846318837672883,1393.4349091846655,0.0,
2021-03-17 20:00:12.820,1,1.340056708742446,1395.3163730935737,0.0,
2021-03-17 20:00:12.830,1,1.3767731037764586,1383.971241269879,0.0,
2021-03-17 20:00:12.840,1,1.3240975561263724,1386.7292569475076,0.0,
2021-03-17 20:00:12.850,1,1.5265596835810078,1389.0190796893235,0.0,
2021-03-17 20:00:12.860,1,1.1332127526329976,1378.2399154775915,0.0,
2021-03-17 20:00:12.870,1,1.1141661098419742,1388.5209702330692,0.0,
2021-03-17 20:00:12.880,1,1.035120617250555,1379.1077703062285,0.0,
2021-03-17 20:00:12.890,1,1.1813480357799098,1375.9198966323456,0.0,
2021-03-17 20:00:12.900,1,1.2920176108943455,1393.6809899535572,0.0,
2021-03-17 20:00:12.910,1,1.1506215141532583,1377.6615581841288,0.0,
2021-03-17 20:00:12.920,1,1.4348186071179438,1381.2002868292764,0.0,
2021-03-17 20:00:12.930,1,1.0797965312454645,1381.3216690211193,0.0,
2021-03-17 20:00:12.940,1,1.3364178543674867,1387.1470638086182,0.0,
2021-03-17 20:00:12.950,1,1.234467411452954,1385.898589791418,0.0,
2021-03-17 20:00:12.960,1,1.5617551748955845,1372.3220429341009,0.0,
2021-03-17 20:00:12.970,1,1.1059444250170976,1373.4077329907348,0.0,
2021-03-17 20:00:12.980,1,1.524145265505107,1371.3416908611591,0.0,
2021-03-17 20:00:12.990,1,1.3146586054662797,1369.5558106436306,0.0,
2021-03-17 20:00:13.000,1,1.4325632468675658,1370.9717604824914,0.0,
2021-03-17 20:00:13.010,1,1.5168275813174208,1361.0802613143182,0.0,
2021-03-17 20:00:13.020,1,1.4403087227922184,1365.7509210182227,0.0,
2021-03-17 20:00:13.030,1,1.4023732503725634,1376.1623030303726,0.0,
2021-03-17 20:00:13.040,1,1.481722404202635,1361.029448991511,0.0,
2021-03-17 20:00:13.050,1,1.3883248436633564,1357.397014271889,0.0,
2021-03-17 20:00:13.060,1,1.3427563490229186,1362.851764865926,0.0,
2021-03-17 20:00:13.070,1,1.3609390767807217,1366.2892799887604,0.0,
2021-03-17 20:00:13.080,1,1.4890365611653376,1364.5403071083126,0.0,
2021-03-17 20:00:13.090,1,1.6212160943564886,1363.8920794077508,0.0,
2021-03-17 20:00:13.100,1,1.3404532522198729,1358.7052900517922,0.0,
2021-03-17 20:00:13.110,1,1.6467574203697604,1355.6688131670126,0.0,
2021-03-17 20:00:13.120,1,1.5117534707111135,1356.8808481213678,0.0,
2021-03-17 20:00:13.130,1,1.5777173403919091,1357.4777844183411,0.0,
2021-03-17 20:00:13.140,1,1.234348123101066,1349.884335079197,0.0,
2021-03-17 20:00:13.150,1,1.193681850628678,1371.182350645686,0.0,
2021-03-17 20:00:13.160,1,1.3345422592350746,1349.982004095974,0.0,
2021-03-17 20:00:13.170,1,1.5956720462412592,1352.3641362788208,0.0,
2021-03-17 20:00:13.180,1,1.5141173199435627,1354.352729871463,0.0,
2021-03-17 20:00:13.190,1,1.7006542823692343,1356.863236809492,0.0,
2021-03-17 20:00:13.200,1,1.2621984382513665,1349.3284881854452,0.0,
2021-03-17 20:00:13.210,1,1.2370621276026317,1350.5393032373545,0.0,
2021-03-17 20:00:13.220,1,1.5301530523513749,1350.8438607020853,0.0,
2021-03-17 20:00:13.230,1,1.2971907659187418,1348.4073609952093,0.0,
2021-03-17 20:00:13.240,1,1.5436394415966277,1354.2356035272762,0.0,
2021-03-17 20:00:13.250,1,1.5764344939415882,1344.5817144865891,0.0,
2021-03-17 20:00:13.260,1,1.4414386353615467,1347.1390391801876,0.0,
2021-03-17 20:00:13.270,1,1.618441472740909,1352.1339745003652,0.0,
2021-03-17 20:00:13.280,1,1.3481260999219868,1344.6809395888804,0.0,
2021-03-17 20:00:13.290,1,1.315670289341642,1348.4495730730025,0.0,
2021-03-17 20:00:13.300,1,1.6439102303207258,1356.3477863306468,0.0,
2021-03-17 20:00:13.310,1,1.5130074298931466,1355.3322228000654,0.0,
2021-03-17 20:00:13.320,1,1.4331475232474913,1339.6477991645982,0.0,
2021-03-17 20:00:13.330,1,1.6713442225796695,1366.6825322595116,0.0,
2021-03-17 20:00:13.340,1,1.5412256675942608,1352.419456007359,0.0,
2021-03-17 20:00:13.350,1,1.3158265896037735,1366.9437313628619,0.0,
2021-03-17 20:00:13.360,1,1.5299540150174613,1359.7619133265612,0.0,
2021-03-17 20:00:13.370,1,1.7144550282227582,1352.1745773599982,0.0,
2021-03-17 20:00:13.380,1,1.1677469880836544,1347.5743635203726,0.0,
2021-03-17 20:00:13.390,1,1.575213668447431,1352.2540855250709,0.0,
2021-03-17 20:00:13.400,1,1.6191433833165143,1345.6057650044065,0.0,
2021-03-17 20:00:13.410,1,1.2793237851566324,1349.7520451956452,0.0,
2021-03-17 20:00:13.420,1,1.4460605915083466,1353.3681653841952,0.0,
2021-03-17 20:00:13.430,1,1.4076341899131553,1351.7837106185366,0.0,
2021-03-17 20:00:13.440,1,1.5566202183692046,1357.108551081598,0.0,
2021-03-17 20:00:13.450,1,1.5066398626863764,1370.1544836048265,0.0,
2021-03-17 20:00:13.460,1,1.6635140412906233,1357.1181084115315,0.0,
2021-03-17 20:00:13.470,1,1.236883437740114,1366.88621884479,0.0,
2021-03-17 20:00:13.480,1,1.3613901986175714,1355.5236969038478,0.0,
2021-03-17 20:00:13.490,1,1.5870779412930551,1363.2682556074174,0.0,
2021-03-17 20:00:13.500,1,1.097467859627486,1351.7321520759829,0.0,
2021-03-17 20:00:13.510,1,1.0795902561824826,1347.4976756388824,0.0,
2021-03-17 20:00:13.520,1,1.110692694317554,1366.6496679687275,0.0,
2021-03-17 20:00:13.530,1,1.3605356175758223,1369.3522295583564,0.0,
2021-03-17 20:00:13.540,1,1.3716462929898408,1367.0608222732405,0.0,
2021-03-17 20:00:13.550,1,1.4422853128771451,1359.7373698137815,0.0,
2021-03-17 20:00:13.560,1,1.4874386891307911,1366.1746892738645,0.0,
2021-03-17 20:00:13.570,1,1.0457790545038363,1354.8321858518616,0.0,
2021-03-17 20:00:13.580,1,1.5459648875583771,1370.3140080151086,0.0,
2021-03-17 20:00:13.590,1,1.160535804888767,1355.0967581364828,0.0,
2021-03-17 20:00:13.600,1,1.2956720382672309,1363.3111915533063,0.0,
2021-03-17 20:00:13.610,1,1.3235891552357324,1369.3480705082845,0.0,
2021-03-17 20:00:13.620,1,1.21311915241683,1357.4266481985305,0.0,
2021-03-17 20:00:13.630,1,1.10737996465067,1375.3834586897785,0.0,
2021-03-17 20:00:13.640,1,1.2569824757558077,1364.322861472536,0.0,
2021-03-17 20:00:13.650,1,1.0494176129217871,1374.9657947033386,0.0,
2021-03-17 20:00:13.660,1,1.0829280581762142,1375.4372536650312,0.0,
2021-03-17 20:00:13.670,1,1.1818388251684069,1362.8934411764078,0.0,
2021-03-17 20:00:13.680,1,1.3149210568553218,1373.3091132826912,0.0,
2021-03-17 20:00:13.690,1,1.133376793129414,1370.2696551950282,0.0,
2021-03-17 20:00:13.700,1,1.0250443665330955,1370.781507010854,0.0,
2021-03-17 20:00:13.710,1,1.0159881434677915,1371.225293846411,0.0,
2021-03-17 20:00:13.720,1,0.9981355882909948,1365.060488808897,0.0,
2021-03-17 20:00:13.730,1,1.2716501151613353,1357.017404985769,0.0,
2021-03-17 20:00:13.740,1,1.2059742628137258,1369.759228216788,0.0,
2021-03-17 20:00:13.750,1,1.2658709837152984,1359.4224625170086,0.0,
2021-03-17 20:00:13.760,1,0.9240935963107114,1373.5249556983524,0.0,
2021-03-17 20:00:13.770,1,1.0948136677218496,1385.3403912401654,0.0,
2021-03-17 20:00:13.780,1,1.3105489217786022,1376.3497436346502,0.0,
2021-03-17 20:00:13.790,1,1.3213633572428864,1367.5213643457678,0.0,
2021-03-17 20:00:13.800,1,1.0137101591252369,1378.4794667583533,0.0,
2021-03-17 20:00:13.810,1,1.0598943681242452,1374.7599842000072,0.0,
2021-03-17 20:00:13.820,1,1.129793330986123,1363.6877433540806,0.0,
2021-03-17 20:00:13.830,1,1.1773664567950344,1369.3348818775455,0.0,
2021-03-17 20:00:13.840,1,1.0636742447195946,1366.2444568627106,0.0,
2021-03-17 20:00:13.850,1,0.9162411020971984,1377.2949403837076,0.0,
2021-03-17 20:00:13.860,1,1.2003781975495311,1368.0061619914475,0.0,
2021-03-17 20:00:13.870,1,1.1986738876456688,1359.4457012916755,0.0,
2021-03-17 20:00:13.880,1,0.92554747441136,1364.6361192438194,0.0,
2021-03-17 20:00:13.890,1,1.1663632682633371,1358.859699388096,0.0,
2021-03-17 20:00:13.900,1,1.2385468059300386,1360.026748256725,0.0,
2021-03-17 20:00:13.910,1,1.089082422934077,1368.9787555928524,0.0,
2021-03-17 20:00:13.920,1,1.3638979333544623,1357.1797664666135,0.0,
2021-03-17 20:00:13.930,1,0.9695331295943692,1363.884013564623,0.0,
2021-03-17 20:00:13.940,1,1.056217678775509,1356.6081619221368,0.0,
2021-03-17 20:00:13.950,1,1.3333471748227372,1373.8742289278287,0.0,
2021-03-17 20:00:13.960,1,0.9358362251131648,1369.9127088207879,0.0,
2021-03-17 20:00:13.970,1,1.2605541872247894,1376.7591424877764,0.0,
2021-03-17 20:00:13.980,1,1.1745076026187389,1364.767970194689,0.0,
2021-03-17 20:00:13.990,1,1.0879517097416993,1373.4222147856551,0.0,
2021-03-17 20:00:14.000,1,1.2530977928168312,1371.1254188803935,0.0,
2021-03-17 20:00:14.010,1,1.0062677300337377,1336.9943499841845,0.0,
2021-03-17 20:00:14.020,1,1.084370944359085,1349.374046977721,0.0,
2021-03-17 20:00:14.030,1,1.1796116843096645,1356.1493438026248,0.0,
2021-03-17 20:00:14.040,1,0.9701089595253094,1359.3419935265226,0.0,
2021-03-17 20:00:14.050,1,1.1881866569239072,1349.2062141302442,0.0,
2021-03-17 20:00:14.060,1,1.1483167011226196,1348.4198990229256,0.0,
2021-03-17 20:00:14.070,1,1.0445663323855443,1358.171007563606,0.0,
2021-03-17 20:00:14.080,1,1.3709198945990466,1357.7671637986912,0.0,
2021-03-17 20:00:14.090,1,1.0481987528921934,1355.7695946206468,0.0,
2021-03-17 20:00:14.100,1,1.0363523198417164,1348.6660658332255,0.0,
2021-03-17 20:00:14.110,1,1.3252031561621027,1364.068326210436,0.0,
2021-03-17 20:00:14.120,1,1.1445546579995114,1347.0264724278625,0.0,
2021-03-17 20:00:14.130,1,1.2217283613783632,1353.252969804263,0.0,
2021-03-17 20:00:14.140,1,1.1676140618679722,1371.283626102608,0.0,
2021-03-17 20:00:14.150,1,1.4059062005133034,1352.3610728175024,0.0,
2021-03-17 20:00:14.160,1,1.349715351686916,1360.797171160542,0.0,
2021-03-17 20:00:14.170,1,1.3073235994401458,1348.0257920350125,0.0,
2021-03-17 20:00:14.180,1,1.4153413975417872,1366.9398574641216,0.0,
2021-03-17 20:00:14.190,1,1.4759649082827662,1370.9432405770015,0.0,
2021-03-17 20:00:14.200,1,1.2834308600412876,1363.372746351743,0.0,
2021-03-17 20:00:14.210,1,1.3980827615780012,1365.8039333013307,0.0,
2021-03-17 20:00:14.220,1,1.1127257018266397,1347.4807851854664,0.0,
2021-03-17 20:00:14.230,1,1.3455662526282235,1369.7350338631086,0.0,
2021-03-17 20:00:14.240,1,1.0900841243313688,1361.2670582727585,0.0,
2021-03-17 20:00:14.250,1,1.2102445209371957,1357.4000029523006,0.0,
2021-03-17 20:00:14.260,1,1.20676977477417,1370.1525708970485,0.0,
2021-03-17 20:00:14.270,1,1.4680447714368363,1362.9299319818106,0.0,
2021-03-17 20:00:14.280,1,1.0983722546300774,1358.6406375698168,0.0,
2021-03-17 20:00:14.290,1,1.446918479627299,1372.652007826175,0.0,
2021-03-17 20:00:14.300,1,1.2861138095224325,1369.760720282459,0.0,
2021-03-17 20:00:14.310,1,1.5527181293909265,1368.0410253037787,0.0,
2021-03-17 20:00:14.320,1,1.4636939113312246,1372.934655915089,0.0,
2021-03-17 20:00:14.330,1,1.373963087813728,1370.034751368459,0.0,
2021-03-17 20:00:14.340,1,1.4472865702679494,1359.1134732685962,0.0,
2021-03-17 20:00:14.350,1,1.1031800511347392,1368.300118480304,0.0,
2021-03-17 20:00:14.360,1,1.3712754080756333,1376.7082787412805,0.0,
2021-03-17 20:00:14.370,1,1.446468681945282,1369.767934204633,0.0,
2021-03-17 20:00:14.380,1,1.3325813342543908,1363.1363343710766,0.0,
2021-03-17 20:00:14.390,1,1.0804230452079762,1370.7235061931026,0.0,
2021-03-17 20:00:14.400,1,1.3129120635645095,1371.1815737577929,0.0,
2021-03-17 20:00:14.410,1,1.5031544556926069,1371.7379851753965,0.0,
2021-03-17 20:00:14.420,1,1.2272017673219515,1366.3345149692498,0.0,
2021-03-17 20:00:14.430,1,1.2835521193516626,1368.2796582028982,0.0,
2021-03-17 20:00:14.440,1,1.206829982469362,1371.0735468909386,0.0,
2021-03-17 20:00:14.450,1,1.050060483458212,1385.9809561402094,0.0,
2021-03-17 20:00:14.460,1,1.3795860433591167,1379.8214133387805,0.0,
2021-03-17 20:00:14.470,1,1.210221154119794,1384.7562055770193,0.0,
2021-03-17 20:00:14.480,1,1.4130291375935915,1384.7259379934915,0.0,
2021-03-17 20:00:14.490,1,1.1756315218084634,1378.1789147049747,0.0,
2021-03-17 20:00:14.500,1,1.2148218845492869,1385.004446484207,0.0,
2021-03-17 20:00:14.510,1,1.362944123238479,1372.8470399674131,0.0,
2021-03-17 20:00:14.520,1,1.1467882910382892,1382.9152576314073,0.0,
2021-03-17 20:00:14.530,1,1.4593949852909625,1377.734754823396,0.0,
2021-03-17 20:00:14.540,1,1.2069540733349469,1381.9591686040055,0.0,
2021-03-17 20:00:14.550,1,1.3039190701609271,1383.4340719792895,0.0,
2021-03-17 20:00:14.560,1,1.2792935144112962,1383.3466428510364,0.0,
2021-03-17 20:00:14.570,1,1.1297032334685415,1375.4107841354505,0.0,
2021-03-17 20:00:14.580,1,0.9712352048740274,1378.9952331819507,0.0,
2021-03-17 20:00:14.590,1,1.304363726281146,1389.2018310339154,0.0,
2021-03-17 20:00:14.600,1,1.077505504144656,1386.4893244935022,0.0,
2021-03-17 20:00:14.610,1,1.211847694031854,1387.677205037496,0.0,
2021-03-17 20:00:14.620,1,0.9759953895582912,1389.846829717993,0.0,
2021-03-17 20:00:14.630,1,1.391897758344926,1385.6722186659256,0.0,
2021-03-17 20:00:14.640,1,1.0466808376201284,1391.777211801724,0.0,
2021-03-17 20:00:14.650,1,1.1043361952574102,1383.3881556911072,0.0,
2021-03-17 20:00:14.660,1,1.221308987043815,1398.4283238670882,0.0,
2021-03-17 20:00:14.670,1,1.208359655211967,1380.5248126576791,0.0,
2021-03-17 20:00:14.680,1,1.2554281826810323,1376.8375524416074,0.0,
2021-03-17 20:00:14.690,1,1.2733480925850416,1386.353679867197,0.0,
2021-03-17 20:00:14.700,1,1.3197310051178588,1381.3988488273733,0.0,
2021-03-17 20:00:14.710,1,1.0642474700846831,1370.7209365303254,0.0,
2021-03-17 20:00:14.720,1,1.0195121166576475,1393.001711098028,0.0,
2021-03-17 20:00:14.730,1,1.20238598500162,1380.772608249937,0.0,
2021-03-17 20:00:14.740,1,0.9885645619920496,1377.3006790705385,0.0,
2021-03-17 20:00:14.750,1,0.9709433116956712,1387.5686498482235,0.0,
2021-03-17 20:00:14.760,1,1.335287376580966,1389.7783106130316,0.0,
2021-03-17 20:00:14.770,1,1.0921313288185968,1370.357795160862,0.0,
2021-03-17 20:00:14.780,1,1.1809305330482942,1366.5813959239956,0.0,
2021-03-17 20:00:14.790,1,1.1199751534510898,1367.3750737676505,0.0,
2021-03-17 20:00:14.800,1,1.2058660831089123,1367.4138614869391,0.0,
2021-03-17 20:00:14.810,1,1.1692021167329325,1369.4404517462062,0.0,
2021-03-17 20:00:14.820,1,1.2924108589969971,1373.2094969080342,0.0,
2021-03-17 20:00:14.830,1,1.2196878681212209,1374.155477223398,0.0,
2021-03-17 20:00:14.840,1,1.1541268777208558,1370.2063320765426,0.0,
2021-03-17 20:00:14.850,1,0.9762455695352537,1375.9554858263891,0.0,
2021-03-17 20:00:14.860,1,0.92243277278394,1359.1424880638976,0.0,
2021-03-17 20:00:14.870,1,1.1612983868857805,1357.5204440203208,0.0,
2021-03-17 20:00:14.880,1,1.210004910354465,1362.4273021881902,0.0,
2021-03-17 20:00:14.890,1,1.0077244947504065,1354.02614764744,0.0,
2021-03-17 20:00:14.900,1,1.0171192797363822,1372.831526775309,0.0,
2021-03-17 20:00:14.910,1,1.3729542799247827,1364.189670978642,0.0,
2021-03-17 20:00:14.920,1,1.1586939123967872,1365.89442474096,0.0,
2021-03-17 20:00:14.930,1,1.178376656267286,1350.3367661222842,0.0,
2021-03-17 20:00:14.940,1,1.1583901602847293,1351.1425331224914,0.0,
2021-03-17 20:00:14.950,1,1.2126008117504872,1350.049018233507,0.0,
2021-03-17 20:00:14.960,1,1.1886878151743252,1352.488100063152,0.0,
2021-03-17 20:00:14.970,1,1.2461559118925791,1358.133103785317,0.0,
2021-03-17 20:00:14.980,1,1.344463327903917,1351.8278558965287,0.0,
2021-03-17 20:00:14.990,1,1.0599615744404374,1357.4805392375708,0.0,
2021-03-17 20:00:15.000,1,1.4307009231927894,1340.9663003224532,0.0,
2021-03-17 20:00:15.010,1,1.1681225571680964,1344.8260090731612,0.0,
2021-03-17 20:00:15.020,1,1.070160424256943,1343.2398587109105,0.0,
2021-03-17 20:00:15.030,1,1.1368344809954352,1350.1751346000074,0.0,
2021-03-17 20:00:15.040,1,1.2262064253157627,1347.3912927856775,0.0,
2021-03-17 20:00:15.050,1,1.1553965580289174,1338.4000868095904,0.0,
2021-03-17 20:00:15.060,1,1.176485207987835,1334.5015131407124,0.0,
2021-03-17 20:00:15.070,1,1.0427269983017815,1353.298002169749,0.0,
2021-03-17 20:00:15.080,1,1.383247723713352,1337.4490098855804,0.0,
2021-03-17 20:00:15.090,1,1.1657218966292002,1342.3559004392664,0.0,
2021-03-17 20:00:15.100,1,1.310628492667262,1337.8575054611238,0.0,
2021-03-17 20:00:15.110,1,1.4731938422092878,1336.8376818146965,0.0,
2021-03-17 20:00:15.120,1,1.408420908889808,1326.4407403262928,0.0,
2021-03-17 20:00:15.130,1,1.1318781478742113,1337.0966099627142,0.0,
2021-03-17 20:00:15.140,1,1.4234865577385258,1322.9153053771327,0.0,
2021-03-17 20:00:15.150,1,1.31978100990301,1325.9213824963651,0.0,
2021-03-17 20:00:15.160,1,1.1578762509353575,1322.9104518078148,0.0,
2021-03-17 20:00:15.170,1,1.1015476971561506,1326.4487473403951,0.0,
2021-03-17 20:00:15.180,1,1.3745721461790965,1340.1864984743345,0.0,
2021-03-17 20:00:15.190,1,1.406800315287196,1335.1118660211282,0.0,
2021-03-17 20:00:15.200,1,1.2009050448775975,1341.203564792315,0.0,
2021-03-17 20:00:15.210,1,1.321619703660169,1330.8633008448514,0.0,
2021-03-17 20:00:15.220,1,1.2151632831045789,1328.091627012277,0.0,
2021-03-17 20:00:15.230,1,1.4189823092517582,1323.4533734696545,0.0,
2021-03-17 20:00:15.240,1,1.5601457776157246,1320.683473305687,0.0,
2021-03-17 20:00:15.250,1,1.6445901972065342,1322.7470658577631,0.0,
2021-03-17 20:00:15.260,1,1.5421431123097649,1334.8448849423469,0.0,
2021-03-17 20:00:15.270,1,1.6546785844985656,1331.436299960652,0.0,
2021-03-17 20:00:15.280,1,1.3417223691827722,1328.1333665993475,0.0,
2021-03-17 20:00:15.290,1,1.6273797175039573,1349.2280640906301,0.0,
2021-03-17 20:00:15.300,1,1.4657502230217712,1337.7939172045162,0.0,
2021-03-17 20:00:15.310,1,1.1821625745791289,1333.3197957776638,0.0,
2021-03-17 20:00:15.320,1,1.198698695158008,1334.9598643734214,0.0,
2021-03-17 20:00:15.330,1,1.2747097798277636,1334.1324360872802,0.0,
2021-03-17 20:00:15.340,1,1.208392861355801,1339.7599184490539,0.0,
2021-03-17 20:00:15.350,1,1.3074677673834354,1342.0761324291152,0.0,
2021-03-17 20:00:15.360,1,1.4989433999848247,1339.268582886382,0.0,
2021-03-17 20:00:15.370,1,1.3375118784225342,1326.5980105553358,0.0,
2021-03-17 20:00:15.380,1,1.2937409613011044,1341.69284512729,0.0,
2021-03-17 20:00:15.390,1,1.359539263442462,1334.4976649171767,0.0,
2021-03-17 20:00:15.400,1,1.4770819067755792,1332.805045849883,0.0,
2021-03-17 20:00:15.410,1,1.1692485975327302,1340.906030624646,0.0,
2021-03-17 20:00:15.420,1,1.4109612241256946,1332.0438237963674,0.0,
2021-03-17 20:00:15.430,1,1.185877466360019,1339.907365189588,0.0,
2021-03-17 20:00:15.440,1,1.1652998293275658,1336.9481124247166,0.0,
2021-03-17 20:00:15.450,1,1.5068887925990837,1350.1365779499013,0.0,
2021-03-17 20:00:15.460,1,1.3236644384662828,1334.402239485202,0.0,
2021-03-17 20:00:15.470,1,1.144738696355082,1341.7005539047595,0.0,
2021-03-17 20:00:15.480,1,1.6256113758166808,1335.9437784710985,0.0,
2021-03-17 20:00:15.490,1,1.1733203619196866,1357.2967596082158,0.0,
2021-03-17 20:00:15.500,1,1.1694877074013688,1341.5434409959728,0.0,
2021-03-17 20:00:15.510,1,1.2025398626708832,1340.6028177968774,0.0,
2021-03-17 20:00:15.520,1,1.3214350727141384,1343.5743568971368,0.0,
2021-03-17 20:00:15.530,1,1.5132969010793813,1338.7295631107077,0.0,
2021-03-17 20:00:15.540,1,1.1344129108871164,1346.4055223021949,0.0,
2021-03-17 20:00:15.550,1,1.0765193477809325,1348.5407873286729,0.0,
2021-03-17 20:00:15.560,1,1.341341745888146,1361.430477109301,0.0,
2021-03-17 20:00:15.570,1,1.3405168272495984,1343.2666842424405,0.0,
2021-03-17 20:00:15.580,1,1.0630702340382905,1343.8411972658105,0.0,
2021-03-17 20:00:15.590,1,1.1888057727710384,1352.616070562513,0.0,
2021-03-17 20:00:15.600,1,1.175624643200199,1362.6256807059758,0.0,
2021-03-17 20:00:15.610,1,1.4305094079008407,1340.5918048619662,0.0,
2021-03-17 20:00:15.620,1,1.1370677022717748,1346.6458555428558,0.0,
2021-03-17 20:00:15.630,1,1.1641950668659828,1355.1557737507962,0.0,
2021-03-17 20:00:15.640,1,1.3825259427130658,1358.1927845333648,0.0,
2021-03-17 20:00:15.650,1,1.3470463759743807,1361.4038259066965,0.0,
2021-03-17 20:00:15.660,1,1.1994638006529272,1342.5223489517011,0.0,
2021-03-17 20:00:15.670,1,1.3306365740050248,1339.4746598407492,0.0,
2021-03-17 20:00:15.680,1,1.2231976503044046,1350.5221987764646,0.0,
2021-03-17 20:00:15.690,1,1.3280510983497966,1348.9075277779627,0.0,
2021-03-17 20:00:15.700,1,1.0746337240047306,1349.192088239408,0.0,
2021-03-17 20:00:15.710,1,1.4066623708761672,1353.2248460877095,0.0,
2021-03-17 20:00:15.720,1,1.2301670677148095,1338.4299794349906,0.0,
2021-03-17 20:00:15.730,1,1.0822139709600558,1349.8020688928425,0.0,
2021-03-17 20:00:15.740,1,0.9548670347969778,1336.0616794316195,0.0,
2021-03-17 20:00:15.750,1,1.320269422941155,1343.797406766009,0.0,
2021-03-17 20:00:15.760,1,1.1031981223194858,1349.4182657216936,0.0,
2021-03-17 20:00:15.770,1,1.2436202765360318,1339.9725833388204,0.0,
2021-03-17 20:00:15.780,1,0.9817723015085004,1332.4520776169325,0.0,
2021-03-17 20:00:15.790,1,1.3997550020491285,1329.9136402975025,0.0,
2021-03-17 20:00:15.800,1,1.364455815208081,1324.9080450756692,0.0,
2021-03-17 20:00:15.810,1,1.3139130233059877,1344.713389102529,0.0,
2021-03-17 20:00:15.820,1,1.2755505382599406,1334.4244162091693,0.0,
2021-03-17 20:00:15.830,1,1.2757572238180228,1334.832119498257,0.0,
2021-03-17 20:00:15.840,1,0.9558559998187992,1328.8919164331326,0.0,
2021-03-17 20:00:15.850,1,1.3582421768569422,1347.3579900036991,0.0,
2021-03-17 20:00:15.860,1,1.050646461143126,1333.5959494898993,0.0,
2021-03-17 20:00:15.870,1,1.2263949961561478,1344.679657622935,0.0,
2021-03-17 20:00:15.880,1,1.2411139596089875,1334.127054245228,0.0,
2021-03-17 20:00:15.890,1,1.3755220432867763,1337.1925170959755,0.0,
2021-03-17 20:00:15.900,1,1.172589880302688,1338.9453257750329,0.0,
2021-03-17 20:00:15.910,1,1.0757379338039634,1340.9910076779731,0.0,
2021-03-17 20:00:15.920,1,1.1030386314056406,1346.2586934625365,0.0,
2021-03-17 20:00:15.930,1,1.1723080995568051,1341.4112047861886,0.0,
2021-03-17 20:00:15.940,1,1.1975964248237208,1329.2630941661928,0.0,
2021-03-17 20:00:15.950,1,1.273368911439412,1334.1849201260686,0.0,
2021-03-17 20:00:15.960,1,1.3165181881159902,1344.4910997903905,0.0,
2021-03-17 20:00:15.970,1,1.0473112204887698,1332.6498015750474,0.0,
2021-03-17 20:00:15.980,1,1.300561692205801,1335.6932624994051,0.0,
2021-03-17 20:00:15.990,1,1.3309475908664594,1331.4094191381234,0.0,
2021-03-17 20:00:16.000,1,1.2023506905630517,1333.52761637281,0.0,
2021-03-17 20:00:16.010,1,1.2515449929598386,1320.2916776481202,0.0,
2021-03-17 20:00:16.020,1,1.0126359655515431,1328.0933194901215,0.0,
2021-03-17 20:00:16.030,1,1.000728667618927,1336.0831268426225,0.0,
2021-03-17 20:00:16.040,1,1.2402554020478278,1319.7631900178756,0.0,
2021-03-17 20:00:16.050,1,1.4505300028908277,1339.3859850413091,0.0,
2021-03-17 20:00:16.060,1,1.44774378434768,1334.6033156777132,0.0,
2021-03-17 20:00:16.070,1,1.389393475026942,1327.8862597746593,0.0,
2021-03-17 20:00:16.080,1,1.216713786945775,1333.3637904105349,0.0,
2021-03-17 20:00:16.090,1,1.4521353576204898,1333.2356362350508,0.0,
2021-03-17 20:00:16.100,1,1.3107352319753478,1332.8151198015166,0.0,
2021-03-17 20:00:16.110,1,1.0084147932935583,1339.0290312374284,0.0,
2021-03-17 20:00:16.120,1,1.192624259382662,1336.7067970915584,0.0,
2021-03-17 20:00:16.130,1,1.3117341073996074,1333.75737395558,0.0,
2021-03-17 20:00:16.140,1,1.2829276298452437,1340.9633439575991,0.0,
2021-03-17 20:00:16.150,1,1.0261815686273916,1336.0042728588624,0.0,
2021-03-17 20:00:16.160,1,1.4776357949930452,1314.7831847818115,0.0,
2021-03-17 20:00:16.170,1,1.2880196179930767,1328.4088145255546,0.0,
2021-03-17 20:00:16.180,1,1.2314091806054657,1326.7054843270441,0.0,
2021-03-17 20:00:16.190,1,1.3657788223741774,1338.9022988156094,0.0,
2021-03-17 20:00:16.200,1,1.2525931988216246,1327.2506306996554,0.0,
2021-03-17 20:00:16.210,1,1.0338659548512827,1342.6535384068245,0.0,
2021-03-17 20:00:16.220,1,1.1075404044033434,1346.1546574299632,0.0,
2021-03-17 20:00:16.230,1,1.1959262599336942,1345.4699591133822,0.0,
2021-03-17 20:00:16.240,1,1.248617071120704,1354.0951861238875,0.0,
2021-03-17 20:00:16.250,1,1.103425510438927,1334.798112121537,0.0,
2021-03-17 20:00:16.260,1,1.2478000190434355,1342.9263019134269,0.0,
2021-03-17 20:00:16.270,1,1.5565914474524818,1348.1708642570595,0.0,
2021-03-17 20:00:16.280,1,1.5537490058174273,1344.3362346659476,0.0,
2021-03-17 20:00:16.290,1,1.1391128067719032,1332.191091945559,0.0,
2021-03-17 20:00:16.300,1,1.0551333774035518,1347.2101161417588,0.0,
2021-03-17 20:00:16.310,1,1.0763342664464746,1347.3842866033474,0.0,
2021-03-17 20:00:16.320,1,1.032766100391808,1356.6546473876315,0.0,
2021-03-17 20:00:16.330,1,1.5430868587235045,1356.7145840329852,0.0,
2021-03-17 20:00:16.340,1,1.204996151261004,1351.8369944017725,0.0,
2021-03-17 20:00:16.350,1,1.1464891781771251,1365.0381627108447,0.0,
2021-03-17 20:00:16.360,1,1.2857776454092706,1347.151617708323,0.0,
2021-03-17 20:00:16.370,1,1.156005814029458,1367.6596059307753,0.0,
2021-03-17 20:00:16.380,1,1.053527929757104,1362.7880095564212,0.0,
2021-03-17 20:00:16.390,1,1.1618132449898546,1354.996051309002,0.0,
2021-03-17 20:00:16.400,1,1.4601399527615615,1356.6858099990693,0.0,
2021-03-17 20:00:16.410,1,1.0677286774522714,1365.9147705477578,0.0,
2021-03-17 20:00:16.420,1,1.02275988148769,1362.8028065231156,0.0,
2021-03-17 20:00:16.430,1,1.1539221155487642,1366.8729432780208,0.0,
2021-03-17 20:00:16.440,1,1.4012435186174512,1366.6339206036853,0.0,
2021-03-17 20:00:16.450,1,1.1829607745021558,1382.5079484515607,0.0,
2021-03-17 20:00:16.460,1,1.039903172608331,1372.6408242239365,0.0,
2021-03-17 20:00:16.470,1,1.4192774144701232,1361.3541019083025,0.0,
2021-03-17 20:00:16.480,1,1.1020921959793508,1366.5948388608415,0.0,
2021-03-17 20:00:16.490,1,1.3333054806931155,1371.181529037466,0.0,
2021-03-17 20:00:16.500,1,1.016255566282262,1376.4794781579724,0.0,
2021-03-17 20:00:16.510,1,1.3160709602061271,1372.3535203468598,0.0,
2021-03-17 20:00:16.520,1,1.2180757535758528,1370.625567827661,0.0,
2021-03-17 20:00:16.530,1,0.9714094997486408,1385.6500317058499,0.0,
2021-03-17 20:00:16.540,1,1.1154260241314318,1379.76102969014,0.0,
2021-03-17 20:00:16.550,1,1.1055301180218595,1359.2617872929206,0.0,
2021-03-17 20:00:16.560,1,1.1757957272307409,1371.8205138272965,0.0,
2021-03-17 20:00:16.570,1,0.9565573012089678,1375.694872848064,0.0,
2021-03-17 20:00:16.580,1,0.92319355618681,1363.2824129639246,0.0,
2021-03-17 20:00:16.590,1,1.1040631450480285,1364.7188488252996,0.0,
2021-03-17 20:00:16.600,1,1.2217508214213944,1377.1641512685992,0.0,
2021-03-17 20:00:16.610,1,1.1771222536331651,1366.3403116798374,0.0,
2021-03-17 20:00:16.620,1,1.03385983080461,1379.786927886874,0.0,
2021-03-17 20:00:16.630,1,1.1031104764990145,1386.0416080317216,0.0,
2021-03-17 20:00:16.640,1,0.9943226077795594,1383.0548048528376,0.0,
2021-03-17 20:00:16.650,1,1.1072385455180271,1378.1196432799725,0.0,
2021-03-17 20:00:16.660,1,1.094805677345838,1360.5039343088815,0.0,
2021-03-17 20:00:16.670,1,1.1772064393009367,1380.1609514018235,0.0,
2021-03-17 20:00:16.680,1,0.8910753584501535,1378.4951413942758,0.0,
2021-03-17 20:00:16.690,1,1.2722152781439882,1353.089201941829,0.0,
2021-03-17 20:00:16.700,1,1.0859804257524146,1370.4810431125086,0.0,
2021-03-17 20:00:16.710,1,0.9683603232506934,1365.2281032718429,0.0,
2021-03-17 20:00:16.720,1,1.0492142810050338,1369.8630743942952,0.0,
2021-03-17 20:00:16.730,1,0.9528436360119464,1362.6266674377498,0.0,
2021-03-17 20:00:16.740,1,1.0324586870380237,1369.9095786068146,0.0,
2021-03-17 20:00:16.750,1,1.0836716495828815,1371.5592972988547,0.0,
2021-03-17 20:00:16.760,1,0.9574537651338202,1364.4381847148582,0.0,
2021-03-17 20:00:16.770,1,1.1198951386400575,1359.6271075580694,0.0,
2021-03-17 20:00:16.780,1,0.9894260107946996,1356.8912412771308,0.0,
2021-03-17 20:00:16.790,1,1.029969138843649,1364.555877275474,0.0,
2021-03-17 20:00:16.800,1,0.9005115035454817,1367.4605632675846,0.0,
2021-03-17 20:00:16.810,1,0.96720992514555,1354.3411444983929,0.0,
2021-03-17 20:00:16.820,1,0.8463283728858594,1362.7975153973214,0.0,
2021-03-17 20:00:16.830,1,1.0374039032502198,1359.708458726241,0.0,
2021-03-17 20:00:16.840,1,0.9257333424661572,1348.581435667698,0.0,
2021-03-17 20:00:16.850,1,0.8161830937002221,1370.6068390159126,0.0,
2021-03-17 20:00:16.860,1,0.8692704071657217,1347.7904654869485,0.0,
2021-03-17 20:00:16.870,1,1.0082798088199485,1349.232846591484,0.0,
2021-03-17 20:00:16.880,1,0.9718812508818884,1346.3626831870315,0.0,
2021-03-17 20:00:16.890,1,1.0312345432954448,1354.1028536083534,0.0,
2021-03-17 20:00:16.900,1,0.9278766340397808,1342.7855041969692,0.0,
2021-03-17 20:00:16.910,1,1.0512786702716612,1356.3421576441756,0.0,
2021-03-17 20:00:16.920,1,0.8919040094697254,1351.710301141538,0.0,
2021-03-17 20:00:16.930,1,0.8831720153939807,1347.5335196808446,0.0,
2021-03-17 20:00:16.940,1,1.0265917848174877,1332.6433992195994,0.0,
2021-03-17 20:00:16.950,1,0.9748447212328768,1332.5801511926186,0.0,
2021-03-17 20:00:16.960,1,1.0814590048978083,1348.5531289783635,0.0,
2021-03-17 20:00:16.970,1,0.8242860745449286,1336.223867467568,0.0,
2021-03-17 20:00:16.980,1,1.1513741909858282,1342.2602703324706,0.0,
2021-03-17 20:00:16.990,1,1.080549651698336,1347.0157716780118,0.0,
2021-03-17 20:00:17.000,1,1.008062140349448,1339.2932835704378,0.0,
2021-03-17 20:00:17.010,1,1.0864160864378942,1350.1490935958618,0.0,
2021-03-17 20:00:17.020,1,0.8517199802837666,1337.8092381143815,0.0,
2021-03-17 20:00:17.030,1,1.2086185453176332,1335.2616865792816,0.0,
2021-03-17 20:00:17.040,1,1.0008216766705975,1338.659021163162,0.0,
2021-03-17 20:00:17.050,1,0.8995188283023252,1357.5752789005862,0.0,
2021-03-17 20:00:17.060,1,1.0864902419460756,1318.64789238485,0.0,
2021-03-17 20:00:17.070,1,1.2866308074775898,1337.568341614796,0.0,
2021-03-17 20:00:17.080,1,0.8862757726073099,1331.321948257386,0.0,
2021-03-17 20:00:17.090,1,0.885648786806647,1326.4503456984755,0.0,
2021-03-17 20:00:17.100,1,1.0188797619548031,1339.6068460253966,0.0,
2021-03-17 20:00:17.110,1,0.9894158789744096,1341.1946122449754,0.0,
2021-03-17 20:00:17.120,1,1.141225977996456,1335.2258287575812,0.0,
2021-03-17 20:00:17.130,1,0.9652070988700592,1335.8404019246416,0.0,
2021-03-17 20:00:17.140,1,1.1437067378373698,1341.3066975442239,0.0,
2021-03-17 20:00:17.150,1,1.2056996375802258,1330.3577483992965,0.0,
2021-03-17 20:00:17.160,1,1.1506053515378478,1320.4073954769808,0.0,
2021-03-17 20:00:17.170,1,0.956879055732906,1342.6155577118425,0.0,
2021-03-17 20:00:17.180,1,1.3217282840079911,1346.4915692864156,0.0,
2021-03-17 20:00:17.190,1,1.3507261154697427,1334.2156889539172,0.0,
2021-03-17 20:00:17.200,1,1.2537341100351336,1342.1496318725106,0.0,
2021-03-17 20:00:17.210,1,1.0004379403747703,1347.4568543353516,0.0,
2021-03-17 20:00:17.220,1,1.015070653825819,1336.7118732066679,0.0,
2021-03-17 20:00:17.230,1,1.3185216351869695,1335.131136285813,0.0,
2021-03-17 20:00:17.240,1,1.083422175264228,1345.5349016359555,0.0,
2021-03-17 20:00:17.250,1,1.0283019568900371,1346.1113740984551,0.0,
2021-03-17 20:00:17.260,1,1.3868715117317696,1344.9615370369265,0.0,
2021-03-17 20:00:17.270,1,0.9795097120219406,1338.8977103559814,0.0,
2021-03-17 20:00:17.280,1,1.2875424028727922,1348.5385745235405,0.0,
2021-03-17 20:00:17.290,1,1.3831569037851743,1333.7173201804346,0.0,
2021-03-17 20:00:17.300,1,1.1706108227751078,1347.514287936306,0.0,
2021-03-17 20:00:17.310,1,1.3897163903779506,1340.7325674552922,0.0,
2021-03-17 20:00:17.320,1,1.4499759962940917,1337.0729260483422,0.0,
2021-03-17 20:00:17.330,1,1.3747762080619,1348.103169176396,0.0,
2021-03-17 20:00:17.340,1,1.055926092641039,1336.5069491103611,0.0,
2021-03-17 20:00:17.350,1,0.9951063078412008,1338.9978073148695,0.0,
2021-03-17 20:00:17.360,1,1.396774881252562,1345.683456427947,0.0,
2021-03-17 20:00:17.370,1,1.4354874009277183,1365.074714779635,0.0,
2021-03-17 20:00:17.380,1,1.0436957722473597,1351.7628652491178,0.0,
2021-03-17 20:00:17.390,1,1.198458439278744,1352.1391475233984,0.0,
2021-03-17 20:00:17.400,1,1.4313304716959323,1353.9946650501158,0.0,
2021-03-17 20:00:17.410,1,1.0212550840048242,1347.3634682181923,0.0,
2021-03-17 20:00:17.420,1,1.1853886333459096,1367.7843057905147,0.0,
2021-03-17 20:00:17.430,1,0.9943490025218866,1350.6195797167709,0.0,
2021-03-17 20:00:17.440,1,1.320279970993628,1359.8233642761384,0.0,
2021-03-17 20:00:17.450,1,1.3330677645589748,1349.265317818875,0.0,
2021-03-17 20:00:17.460,1,1.4648457157844197,1363.768094444966,0.0,
2021-03-17 20:00:17.470,1,1.2852988153738938,1357.9681368138906,0.0,
2021-03-17 20:00:17.480,1,1.094122785853107,1360.320628535851,0.0,
2021-03-17 20:00:17.490,1,1.051411707001713,1358.217971828245,0.0,
2021-03-17 20:00:17.500,1,1.4317742702562803,1357.8964930935185,0.0,
2021-03-17 20:00:17.510,1,1.4341016897532972,1357.9423420433752,0.0,
2021-03-17 20:00:17.520,1,1.2838809716875177,1360.5923040021305,0.0,
2021-03-17 20:00:17.530,1,1.113842083792106,1349.5435892722708,0.0,
2021-03-17 20:00:17.540,1,1.2241472903478832,1364.567158942814,0.0,
2021-03-17 20:00:17.550,1,1.1307282613527263,1350.2912080015014,0.0,
2021-03-17 20:00:17.560,1,1.008864194330676,1360.4500273241106,0.0,
2021-03-17 20:00:17.570,1,1.2729391669579049,1358.6481232076546,0.0,
2021-03-17 20:00:17.580,1,1.3195494842665825,1365.4769109290194,0.0,
2021-03-17 20:00:17.590,1,1.3496755193897827,1362.1201148635207,0.0,
2021-03-17 20:00:17.600,1,1.1121600050369167,1360.2640539155375,0.0,
2021-03-17 20:00:17.610,1,1.0190351185935531,1353.3975050027789,0.0,
2021-03-17 20:00:17.620,1,1.2877871598985022,1363.726647143201,0.0,
2021-03-17 20:00:17.630,1,1.1767482893428591,1361.227655987818,0.0,
2021-03-17 20:00:17.640,1,1.1045690037372833,1354.4871298020953,0.0,
2021-03-17 20:00:17.650,1,1.3021378630621232,1368.0675500302084,0.0,
2021-03-17 20:00:17.660,1,1.1877241636098654,1368.7703698971409,0.0,
2021-03-17 20:00:17.670,1,1.1693394648994064,1352.7850292557255,0.0,
2021-03-17 20:00:17.680,1,1.1526643355052149,1356.3536756210374,0.0,
2021-03-17 20:00:17.690,1,0.9199986122175724,1360.2299228639986,0.0,
2021-03-17 20:00:17.700,1,1.168204072413506,1359.8906668807076,0.0,
2021-03-17 20:00:17.710,1,0.9020165830706984,1358.669169636901,0.0,
2021-03-17 20:00:17.720,1,1.0578434347925694,1354.8009112558473,0.0,
2021-03-17 20:00:17.730,1,1.0382500664140195,1353.7300360157374,0.0,
2021-03-17 20:00:17.740,1,1.335999331382778,1349.301906207657,0.0,
2021-03-17 20:00:17.750,1,1.3025902375442318,1356.6984875372098,0.0,
2021-03-17 20:00:17.760,1,1.3325924853740518,1353.6140665891546,0.0,
2021-03-17 20:00:17.770,1,1.1884508470989137,1353.7378111904475,0.0,
2021-03-17 20:00:17.780,1,1.1601103333286835,1345.1259194664494,0.0,
2021-03-17 20:00:17.790,1,1.2688701807607656,1358.58482259192,0.0,
2021-03-17 20:00:17.800,1,1.2697734776909322,1347.211857837728,0.0,
2021-03-17 20:00:17.810,1,0.9955667895483408,1358.5821829847991,0.0,
2021-03-17 20:00:17.820,1,1.046979025139851,1367.9298462108054,0.0,
2021-03-17 20:00:17.830,1,0.9449851477383284,1354.1865747795978,0.0,
2021-03-17 20:00:17.840,1,1.0050894572943592,1350.5990632982407,0.0,
2021-03-17 20:00:17.850,1,0.9612673718057702,1345.0704352342298,0.0,
2021-03-17 20:00:17.860,1,1.2806832585796004,1338.863940959332,0.0,
2021-03-17 20:00:17.870,1,0.9759942193585232,1343.7584781443336,0.0,
2021-03-17 20:00:17.880,1,0.9524256959266316,1354.9855745201735,0.0,
2021-03-17 20:00:17.890,1,1.0878836877876004,1354.2037037962955,0.0,
2021-03-17 20:00:17.900,1,1.145182233450797,1351.1167999325125,0.0,
2021-03-17 20:00:17.910,1,1.119911551941981,1352.4956996147787,0.0,
2021-03-17 20:00:17.920,1,1.374192597046439,1349.3386296966805,0.0,
2021-03-17 20:00:17.930,1,1.074835383213837,1354.4405894594693,0.0,
2021-03-17 20:00:17.940,1,1.089554066026623,1356.913656474015,0.0,
2021-03-17 20:00:17.950,1,1.0137581226660115,1356.27084710841,0.0,
2021-03-17 20:00:17.960,1,1.4116908449445853,1354.016074781754,0.0,
2021-03-17 20:00:17.970,1,1.1552203378652592,1353.5093547559,0.0,
2021-03-17 20:00:17.980,1,1.345443041021679,1352.525366803529,0.0,
2021-03-17 20:00:17.990,1,1.3151986149015569,1349.4185947608341,0.0,
2021-03-17 20:00:18.000,1,1.2566655834762142,1348.87414839669,0.0,
2021-03-17 20:00:18.010,1,1.448798034554933,1352.5640776307616,0.0,
2021-03-17 20:00:18.020,1,1.4096517249280591,1343.1500965273058,0.0,
2021-03-17 20:00:18.030,1,0.9995222215533452,1358.9141981396806,0.0,
2021-03-17 20:00:18.040,1,1.4436654397826822,1362.386469489272,0.0,
2021-03-17 20:00:18.050,1,1.4857704426006977,1358.676962354123,0.0,
2021-03-17 20:00:18.060,1,1.073459871135532,1360.2783256632206,0.0,
2021-03-17 20:00:18.070,1,1.2806581843583211,1350.6187716522873,0.0,
2021-03-17 20:00:18.080,1,1.222320393219983,1353.9225587408764,0.0,
2021-03-17 20:00:18.090,1,1.0669170932340863,1361.048735550847,0.0,
2021-03-17 20:00:18.100,1,1.0470661869864892,1367.1189558903254,0.0,
2021-03-17 20:00:18.110,1,1.1850587096787226,1372.420097344265,0.0,
2021-03-17 20:00:18.120,1,1.4205513525295732,1351.7521993133182,0.0,
2021-03-17 20:00:18.130,1,1.1110335597080252,1370.0458207068225,0.0,
2021-03-17 20:00:18.140,1,1.1039390217887468,1364.9024860041454,0.0,
2021-03-17 20:00:18.150,1,1.2985331916906862,1376.2368559429349,0.0,
2021-03-17 20:00:18.160,1,1.5813250058418211,1368.5375217027902,0.0,
2021-03-17 20:00:18.170,1,1.4107031502235108,1366.9097479000054,0.0,
2021-03-17 20:00:18.180,1,1.5193793967427405,1367.4486611536995,0.0,
2021-03-17 20:00:18.190,1,1.3354621321884554,1378.5066008971255,0.0,
2021-03-17 20:00:18.200,1,1.225895818929864,1374.2073318800988,0.0,
2021-03-17 20:00:18.210,1,1.6703965540643269,1367.857965154214,0.0,
2021-03-17 20:00:18.220,1,1.4214007224399587,1365.7294150366886,0.0,
2021-03-17 20:00:18.230,1,1.653618066182729,1390.8404881764045,0.0,
2021-03-17 20:00:18.240,1,1.3756368760000135,1371.1798501327091,0.0,
2021-03-17 20:00:18.250,1,1.1705204248877112,1382.4939705259992,0.0,
2021-03-17 20:00:18.260,1,1.6862363600912833,1386.475938836652,0.0,
2021-03-17 20:00:18.270,1,1.576993848491357,1403.2844345240512,0.0,
2021-03-17 20:00:18.280,1,1.5590021324425616,1385.5368836862258,0.0,
2021-03-17 20:00:18.290,1,1.6121380081043415,1383.5537810853002,0.0,
2021-03-17 20:00:18.300,1,1.5357510012851212,1380.1617288730367,0.0,
2021-03-17 20:00:18.310,1,1.2801248770629186,1388.8687705080554,0.0,
2021-03-17 20:00:18.320,1,1.4658155467514282,1381.19506814164,0.0,
2021-03-17 20:00:18.330,1,1.5738779933928386,1392.8874692580207,0.0,
2021-03-17 20:00:18.340,1,1.4905471516090394,1383.04649401613,0.0,
2021-03-17 20:00:18.350,1,1.7404348796343807,1394.9119192726032,0.0,
2021-03-17 20:00:18.360,1,1.5229615754381445,1406.3826303650094,0.0,
2021-03-17 20:00:18.370,1,1.445361562279362,1389.0834300138245,0.0,
2021-03-17 20:00:18.380,1,1.343919468666508,1376.9663933571915,0.0,
2021-03-17 20:00:18.390,1,1.5749171324229754,1391.2532138508445,0.0,
2021-03-17 20:00:18.400,1,1.3292218224669847,1389.8957873822476,0.0,
2021-03-17 20:00:18.410,1,1.2335443790166414,1404.8250947014071,0.0,
2021-03-17 20:00:18.420,1,1.464760568247175,1400.6487113821493,0.0,
2021-03-17 20:00:18.430,1,1.6017088477395125,1400.584402647331,0.0,
2021-03-17 20:00:18.440,1,1.5276956094635803,1406.8288840367145,0.0,
2021-03-17 20:00:18.450,1,1.4416586846770885,1398.2340292600256,0.0,
2021-03-17 20:00:18.460,1,1.6752168411658548,1403.3876293387154,0.0,
2021-03-17 20:00:18.470,1,1.485691957868398,1402.0114960859835,0.0,
2021-03-17 20:00:18.480,1,1.2071767592311222,1395.3658503057627,0.0,
2021-03-17 20:00:18.490,1,1.5930016591092844,1395.868920243551,0.0,
2021-03-17 20:00:18.500,1,1.4778325015671872,1400.9491046428766,0.0,
2021-03-17 20:00:18.510,1,1.1874215919849098,1388.6971943911954,0.0,
2021-03-17 20:00:18.520,1,1.1959469089385548,1405.8879258793345,0.0,
2021-03-17 20:00:18.530,1,1.4731893478252889,1394.7464657737494,0.0,
2021-03-17 20:00:18.540,1,1.2477389599738211,1406.8960165736025,0.0,
2021-03-17 20:00:18.550,1,1.4447620850074347,1397.4081792109878,0.0,
2021-03-17 20:00:18.560,1,1.6494407010378234,1407.5826012053872,0.0,
2021-03-17 20:00:18.570,1,1.3817911763022386,1398.3742489113188,0.0,
2021-03-17 20:00:18.580,1,1.305412022822075,1402.3914837526693,0.0,
2021-03-17 20:00:18.590,1,1.198611895099988,1386.803801649657,0.0,
2021-03-17 20:00:18.600,1,1.5106263768643573,1410.705341796224,0.0,
2021-03-17 20:00:18.610,1,1.2454346307174429,1398.3368667407528,0.0,
2021-03-17 20:00:18.620,1,1.158500620059714,1393.885167735412,0.0,
2021-03-17 20:00:18.630,1,1.2055259210869675,1395.769423546747,0.0,
2021-03-17 20:00:18.640,1,1.122329864231663,1392.8166696658188,0.0,
2021-03-17 20:00:18.650,1,1.4718740085462374,1401.8273525379202,0.0,
2021-03-17 20:00:18.660,1,1.4674959113284505,1390.3321595299735,0.0,
2021-03-17 20:00:18.670,1,1.1528234593911093,1391.318695688082,0.0,
2021-03-17 20:00:18.680,1,1.555514996906751,1391.16359677225,0.0,
2021-03-17 20:00:18.690,1,1.2293387998860053,1406.5272239584976,0.0,
2021-03-17 20:00:18.700,1,1.087626593014774,1383.9671042895554,0.0,
2021-03-17 20:00:18.710,1,1.3133753064828813,1388.240005028782,0.0,
2021-03-17 20:00:18.720,1,1.0740567549765376,1389.4136758081265,0.0,
2021-03-17 20:00:18.730,1,1.27793169209533,1389.826864111676,0.0,
2021-03-17 20:00:18.740,1,1.2889371335964954,1390.9350179848984,0.0,
2021-03-17 20:00:18.750,1,1.3885277443521378,1378.922522785187,0.0,
2021-03-17 20:00:18.760,1,1.0354593523368223,1381.2226880984656,0.0,
2021-03-17 20:00:18.770,1,1.1959973940060151,1380.0579746950373,0.0,
2021-03-17 20:00:18.780,1,1.2832891520279783,1371.5500110750816,0.0,
2021-03-17 20:00:18.790,1,1.203940429809509,1374.8847095670644,0.0,
2021-03-17 20:00:18.800,1,1.1530611727058382,1379.132446644394,0.0,
2021-03-17 20:00:18.810,1,1.2453901713820217,1385.672479798519,0.0,
2021-03-17 20:00:18.820,1,1.4860193955350394,1375.8759036346296,0.0,
2021-03-17 20:00:18.830,1,1.3807326848773025,1376.9060543702146,0.0,
2021-03-17 20:00:18.840,1,1.3004649747378882,1368.184317499837,0.0,
2021-03-17 20:00:18.850,1,1.0977005681299008,1373.6862733698715,0.0,
2021-03-17 20:00:18.860,1,1.0715773173961127,1389.3244297462002,0.0,
2021-03-17 20:00:18.870,1,1.4261379011068562,1364.8761154289753,0.0,
2021-03-17 20:00:18.880,1,1.4948584124965167,1376.8513586407196,0.0,
2021-03-17 20:00:18.890,1,1.064388495212238,1370.9378232969825,0.0,
2021-03-17 20:00:18.900,1,1.137692798116294,1368.6587920490742,0.0,
2021-03-17 20:00:18.910,1,1.3537481553946888,1370.3886464239135,0.0,
2021-03-17 20:00:18.920,1,1.046317999714697,1375.6009737927295,0.0,
2021-03-17 20:00:18.930,1,1.4910488874518806,1372.0656118877166,0.0,
2021-03-17 20:00:18.940,1,1.105793718822806,1375.2082710653574,0.0,
2021-03-17 20:00:18.950,1,1.5080668641844006,1365.8948007375207,0.0,
2021-03-17 20:00:18.960,1,1.1211888707345152,1355.6101458440817,0.0,
2021-03-17 20:00:18.970,1,1.2187077251247842,1382.4392109512655,0.0,
2021-03-17 20:00:18.980,1,1.0495904102469402,1359.9529653816362,0.0,
2021-03-17 20:00:18.990,1,1.4974558675159746,1372.6435412207152,0.0,
2021-03-17 20:00:19.000,1,1.0434388437853837,1361.7971510396444,0.0,
2021-03-17 20:00:19.010,1,1.108780615184207,1368.7529006433176,0.0,
2021-03-17 20:00:19.020,1,1.1073763808265262,1366.621639269008,0.0,
2021-03-17 20:00:19.030,1,1.2307081766144186,1372.7671525735361,0.0,
2021-03-17 20:00:19.040,1,1.2165627109722277,1356.832494966129,0.0,
2021-03-17 20:00:19.050,1,1.3995178088793898,1374.765846933708,0.0,
2021-03-17 20:00:19.060,1,1.5207248553594233,1359.8109329154636,0.0,
2021-03-17 20:00:19.070,1,1.2842427747331857,1374.940028100797,0.0,
2021-03-17 20:00:19.080,1,1.1506790440875632,1374.7505976988116,0.0,
2021-03-17 20:00:19.090,1,1.0833379050030263,1356.2784024712407,0.0,
2021-03-17 20:00:19.100,1,1.0669346869485752,1366.0767323600287,0.0,
2021-03-17 20:00:19.110,1,1.3212690921753891,1362.7571045475922,0.0,
2021-03-17 20:00:19.120,1,1.5400831234079528,1373.2058554347327,0.0,
2021-03-17 20:00:19.130,1,1.1658916845024645,1364.2259588074264,0.0,
2021-03-17 20:00:19.140,1,1.0580241877247278,1362.3552344181487,0.0,
2021-03-17 20:00:19.150,1,1.4967724815056298,1361.2608072014775,0.0,
2021-03-17 20:00:19.160,1,1.4897878507251827,1379.0688418632787,0.0,
2021-03-17 20:00:19.170,1,1.4018168036147929,1360.2712711749275,0.0,
2021-03-17 20:00:19.180,1,1.5012288641738116,1362.5309893121578,0.0,
2021-03-17 20:00:19.190,1,1.2168566826100429,1359.8298278982934,0.0,
2021-03-17 20:00:19.200,1,1.3008308214207924,1372.8182996613345,0.0,
2021-03-17 20:00:19.210,1,1.4494259460560683,1379.0978673147629,0.0,
2021-03-17 20:00:19.220,1,1.5619434461296928,1359.030764176344,0.0,
2021-03-17 20:00:19.230,1,1.6235129307695255,1367.3186897519465,0.0,
2021-03-17 20:00:19.240,1,1.3194397774116151,1376.919380107122,0.0,
2021-03-17 20:00:19.250,1,1.1085198612930256,1377.6020593196508,0.0,
2021-03-17 20:00:19.260,1,1.2891837888735824,1369.397522262587,0.0,
2021-03-17 20:00:19.270,1,1.5951050948147474,1373.1714671740513,0.0,
2021-03-17 20:00:19.280,1,1.176080775624154,1374.3925695470712,0.0,
2021-03-17 20:00:19.290,1,1.3705557922030185,1375.6628613663595,0.0,
2021-03-17 20:00:19.300,1,1.2672106177298903,1370.6028620259829,0.0,
2021-03-17 20:00:19.310,1,1.1770954113976473,1370.2828968291326,0.0,
2021-03-17 20:00:19.320,1,1.5088218253990575,1379.9478603915259,0.0,
2021-03-17 20:00:19.330,1,1.117902278888694,1377.7841315773526,0.0,
2021-03-17 20:00:19.340,1,1.5661039237317838,1366.6407099530036,0.0,
2021-03-17 20:00:19.350,1,1.4223327962273884,1375.2288163944422,0.0,
2021-03-17 20:00:19.360,1,1.065769181810102,1382.9648677235102,0.0,
2021-03-17 20:00:19.370,1,1.2941460163563898,1366.588164943645,0.0,
2021-03-17 20:00:19.380,1,1.5850279736676036,1371.2248697375214,0.0,
2021-03-17 20:00:19.390,1,1.1478648026030291,1374.3035556212915,0.0,
2021-03-17 20:00:19.400,1,1.0615264842804484,1394.4965957178852,0.0,
2021-03-17 20:00:19.410,1,1.1423323621219414,1380.7632729254026,0.0,
2021-03-17 20:00:19.420,1,1.0597124121734187,1389.9607362656131,0.0,
2021-03-17 20:00:19.430,1,1.3165052921746987,1372.5687077033922,0.0,
2021-03-17 20:00:19.440,1,1.0606859203515282,1375.2026559608685,0.0,
2021-03-17 20:00:19.450,1,1.1202233301358904,1371.6963708862265,0.0,
2021-03-17 20:00:19.460,1,1.30647235600498,1392.0328341296122,0.0,
2021-03-17 20:00:19.470,1,1.1294805968554518,1375.5807163872498,0.0,
2021-03-17 20:00:19.480,1,1.090818940794334,1386.7272772322824,0.0,
2021-03-17 20:00:19.490,1,1.0724560907406102,1381.5662083044367,0.0,
2021-03-17 20:00:19.500,1,1.4877946299717353,1386.61335049299,0.0,
2021-03-17 20:00:19.510,1,1.1282372188118872,1370.4636960384678,0.0,
2021-03-17 20:00:19.520,1,1.4681585482377115,1373.2233989763215,0.0,
2021-03-17 20:00:19.530,1,1.3851726846196724,1375.4827430471764,0.0,
2021-03-17 20:00:19.540,1,1.2493787087054382,1373.6927432886293,0.0,
2021-03-17 20:00:19.550,1,1.3797925754130915,1372.0318336675598,0.0,
2021-03-17 20:00:19.560,1,1.2605280318353655,1368.524232685803,0.0,
2021-03-17 20:00:19.570,1,1.3409486963140154,1386.2216599978562,0.0,
2021-03-17 20:00:19.580,1,1.1277104754188223,1377.5617116393994,0.0,
2021-03-17 20:00:19.590,1,1.0059291634785272,1371.436191281685,0.0,
2021-03-17 20:00:19.600,1,1.1984078266746794,1375.7821759938292,0.0,
2021-03-17 20:00:19.610,1,1.1296600577295404,1364.9631520991124,0.0,
2021-03-17 20:00:19.620,1,1.2423352762367998,1372.6802776809154,0.0,
2021-03-17 20:00:19.630,1,1.1241694990502973,1374.369299694756,0.0,
2021-03-17 20:00:19.640,1,1.308482181629983,1371.7226690210496,0.0,
2021-03-17 20:00:19.650,1,1.2584803839662737,1372.3716758635699,0.0,
2021-03-17 20:00:19.660,1,0.8740606277943289,1370.7958039595858,0.0,
2021-03-17 20:00:19.670,1,0.9788811508879024,1356.147108338676,0.0,
2021-03-17 20:00:19.680,1,1.1148433992059943,1370.5875608505455,0.0,
2021-03-17 20:00:19.690,1,1.263530210132789,1373.7156603544204,0.0,
2021-03-17 20:00:19.700,1,0.8786148284213341,1361.010755465081,0.0,
2021-03-17 20:00:19.710,1,0.9107595807823632,1366.896336300973,0.0,
2021-03-17 20:00:19.720,1,1.0548576202917794,1374.4433876528385,0.0,
2021-03-17 20:00:19.730,1,1.2264432601467476,1363.6377508977243,0.0,
2021-03-17 20:00:19.740,1,1.1875270319247195,1360.8493617821116,0.0,
2021-03-17 20:00:19.750,1,1.2223355933928948,1360.5338051531744,0.0,
2021-03-17 20:00:19.760,1,1.1091612058483984,1371.010761032112,0.0,
2021-03-17 20:00:19.770,1,1.0343329345845134,1365.8571610786971,0.0,
2021-03-17 20:00:19.780,1,1.1870262861823762,1378.6893189702694,0.0,
2021-03-17 20:00:19.790,1,0.8467811361579506,1357.600293312613,0.0,
2021-03-17 20:00:19.800,1,0.9848782414874674,1355.9346828788246,0.0,
2021-03-17 20:00:19.810,1,0.990615482882022,1360.4772351118795,0.0,
2021-03-17 20:00:19.820,1,1.001343826526609,1365.6122479038693,0.0,
2021-03-17 20:00:19.830,1,0.9664587206444722,1346.1552641376875,0.0,
2021-03-17 20:00:19.840,1,1.08866696709022,1356.3744283253022,0.0,
2021-03-17 20:00:19.850,1,0.9744424988734336,1353.7548192945844,0.0,
2021-03-17 20:00:19.860,1,1.0350252509346012,1365.413595187307,0.0,
2021-03-17 20:00:19.870,1,1.1238898572778546,1356.2723725806845,0.0,
2021-03-17 20:00:19.880,1,0.7974460515461612,1359.2432213133388,0.0,
2021-03-17 20:00:19.890,1,0.9547244243320387,1363.573892900699,0.0,
2021-03-17 20:00:19.900,1,0.8561324272104458,1360.2236266820007,0.0,
2021-03-17 20:00:19.910,1,0.8208391043388921,1367.990890672077,0.0,
2021-03-17 20:00:19.920,1,1.103500670246857,1365.737180217298,0.0,
2021-03-17 20:00:19.930,1,1.0890765599524193,1358.17258237946,0.0,
2021-03-17 20:00:19.940,1,1.0140997409822818,1354.5366014143526,0.0,
2021-03-17 20:00:19.950,1,0.9170740618348924,1359.795068680842,0.0,
2021-03-17 20:00:19.960,1,0.9311876776789364,1361.1776256739329,0.0,
2021-03-17 20:00:19.970,1,1.0408649694248793,1359.8949424609787,0.0,
2021-03-17 20:00:19.980,1,0.9169959091978046,1359.7596349698254,0.0,
2021-03-17 20:00:19.990,1,1.1291279958121556,1364.4584884962171,0.0,
2021-03-17 20:00:20.000,0,0.9870362502350084,1368.2497322642744,0.0,
2021-03-17 20:00:20.010,0,1.1605066164286115,1361.2308510577766,0.0,
2021-03-17 20:00:20.020,0,1.0554498008979665,1371.3427643185714,0.0,
2021-03-17 20:00:20.030,0,0.7842972826298331,1368.5229392244466,0.0,
2021-03-17 20:00:20.040,0,0.8022561508272676,1364.7787657627748,0.0,
2021-03-17 20:00:20.050,0,1.0736019656926843,1357.4085889601442,0.0,
2021-03-17 20:00:20.060,0,1.1330424619875286,1381.1380538270319,0.0,
2021-03-17 20:00:20.070,0,1.0353117521397963,1369.0054320534705,0.0,
2021-03-17 20:00:20.080,0,1.0935177109230696,1352.9947800973252,0.0,
2021-03-17 20:00:20.090,0,1.0285251762967471,1365.4688487955389,0.0,
2021-03-17 20:00:20.100,0,0.9336939887631744,1381.1344963728418,0.0,
2021-03-17 20:00:20.110,0,0.91770851250062,1372.780957144411,0.0,
2021-03-17 20:00:20.120,0,1.0232794075357008,1378.0402962886374,0.0,
2021-03-17 20:00:20.130,0,1.0331420932102948,1347.135933125437,0.0,
2021-03-17 20:00:20.140,0,0.9454679877492612,1320.7941739930204,0.0,
2021-03-17 20:00:20.150,0,0.9348161018075468,1284.608530228519,0.0,
2021-03-17 20:00:20.160,0,0.9312606587450296,1245.1194002544526,0.0,
2021-03-17 20:00:20.170,0,0.8714618755607251,1195.6025836416245,0.0,
2021-03-17 20:00:20.180,0,0.7015763950581887,1140.0199280797224,0.0,
2021-03-17 20:00:20.190,0,0.7986625807666013,1077.2688994450923,0.0,
2021-03-17 20:00:20.200,0,0.7115235260132909,1035.1569110869787,0.0,
2021-03-17 20:00:20.210,0,0.6402919092395757,967.0698648651158,0.0,
2021-03-17 20:00:20.220,0,0.677103080745079,906.098611570638,0.0,
2021-03-17 20:00:20.230,0,0.6351288069529569,851.4650187680511,0.0,
2021-03-17 20:00:20.240,0,0.5246197853758182,793.4167143064948,0.0,
2021-03-17 20:00:20.250,0,0.5953977758791457,737.0123671600693,0.0,
2021-03-17 20:00:20.260,0,0.4408650468442884,684.2243031981483,0.0,
2021-03-17 20:00:20.270,0,0.4701906418180493,627.3913998354893,0.0,
2021-03-17 20:00:20.280,0,0.3731876881198583,572.7622202442312,0.0,
2021-03-17 20:00:20.290,0,0.3844512874300396,517.4425242278476,0.0,
2021-03-17 20:00:20.300,0,0.4147197157683646,474.8865795957813,0.0,
2021-03-17 20:00:20.310,0,0.3564493775260847,423.5940762347585,0.0,
2021-03-17 20:00:20.320,0,0.231803638256008,383.0233902113106,0.0,
2021-03-17 20:00:20.330,0,0.2679784437869574,342.08454422633207,1.0,
2021-03-17 20:00:20.340,0,0.2384226454695246,306.3947073170624,1.0,
2021-03-17 20:00:20.350,0,0.2084473271344605,270.1481756122328,1.0,
2021-03-17 20:00:20.360,0,0.1787427432466736,235.07351495668357,1.0,
2021-03-17 20:00:20.370,0,0.18908967166543106,208.20320564112967,1.0,
2021-03-17 20:00:20.380,0,0.1176612841920873,177.79556574770908,1.0,
2021-03-17 20:00:20.390,0,0.1378312259180674,154.29577543195475,2.0,
2021-03-17 20:00:20.400,0,0.110872661965036,131.30685610117976,2.0,
2021-03-17 20:00:20.410,0,0.0889246133155939,110.92554841609085,2.0,
2021-03-17 20:00:20.420,0,0.0770091538490502,92.28132413772158,2.0,
2021-03-17 20:00:20.430,0,0.06976225834162401,75.17658273924742,2.0,
2021-03-17 20:00:20.440,0,0.0514499433546127,59.41960309221453,2.0,
2021-03-17 20:00:20.450,0,0.0264246161814804,45.81711665367636,2.0,
2021-03-17 20:00:20.460,0,0.0222396761004248,33.601499304229606,2.0,
2021-03-17 20:00:20.470,0,0.0181657645086668,23.38085678664392,2.0,
2021-03-17 20:00:20.480,0,0.0058587890487134,14.002448505878403,2.0,
2021-03-17 20:00:20.490,0,0.0058372274502947,5.937947660758955,2.0,
2021-03-17 20:00:20.500,0,0.0014750309209758,0.0,2.0,
2021-03-17 20:00:20.510,0,-0.0069931989326111,0.0,2.0,
2021-03-17 20:00:20.520,0,-0.0020995724027182,0.0,2.0,
2021-03-17 20:00:20.530,0,-0.0114542497443957,0.0,2.0,
2021-03-17 20:00:20.540,0,-0.015767257674001,0.0,2.0,
2021-03-17 20:00:20.550,0,-0.0158710313447989,0.0,2.0,
2021-03-17 20:00:20.560,0,-0.0200938566252519,0.0,2.0,
2021-03-17 20:00:20.570,0,-0.022892273311642,0.0,2.0,
2021-03-17 20:00:20.580,0,-0.0262284725003911,0.0,2.0,
2021-03-17 20:00:20.590,0,-0.0149626662571965,0.0,2.0,
2021-03-17 20:00:20.600,0,-0.0246155658017181,0.0,2.0,
2021-03-17 20:00:20.610,0,-0.0125923002877401,0.0,2.0,
2021-03-17 20:00:20.620,0,-0.0178359567294402,0.0,2.0,
2021-03-17 20:00:20.630,0,-0.0197774084956206,0.0,2.0,
2021-03-17 20:00:20.640,0,-0.0301421797102558,0.0,2.0,
2021-03-17 20:00:20.650,0,-0.0129794260814176,0.0,2.0,
2021-03-17 20:00:20.660,0,-0.0173606962369777,0.0,2.0,
2021-03-17 20:00:20.670,0,-0.0230071152810062,0.0,2.0,
2021-03-17 20:00:20.680,0,-0.0184215559409237,0.0,2.0,
2021-03-17 20:00:20.690,0,-0.0160919414127285,0.0,2.0,
2021-03-17 20:00:20.700,0,-0.0188397558557558,0.0,2.0,
2021-03-17 20:00:20.710,0,-0.0190258849273287,0.0,2.0,
2021-03-17 20:00:20.720,0,-0.0163682018066954,0.0,2.0,
2021-03-17 20:00:20.730,0,-0.0109592662998679,0.0,2.0,
2021-03-17 20:00:20.740,0,-0.0130378682664562,0.0,2.0,
2021-03-17 20:00:20.750,0,-0.011335792272203,0.0,2.0,
2021-03-17 20:00:20.760,0,-0.0127795146524133,0.0,2.0,
2021-03-17 20:00:20.770,0,-0.0031212505504941,0.0,2.0,
2021-03-17 20:00:20.780,0,-0.0036361867173158,0.0,2.0,
2021-03-17 20:00:20.790,0,-0.0004057207370111,0.0,2.0,
2021-03-17 20:00:20.800,0,-0.0113455411208928,0.0,2.0,
2021-03-17 20:00:20.810,0,-0.0065872070600132,0.0,2.0,
2021-03-17 20:00:20.820,0,-0.0008287411948150001,0.0,2.0,
2021-03-17 20:00:20.830,0,-0.0031967045772679998,0.0,2.0,
2021-03-17 20:00:20.840,0,-0.0027930309417155,0.0,2.0,
2021-03-17 20:00:20.850,0,-0.0062305582779822,0.0,2.0,
2021-03-17 20:00:20.860,0,-0.0055958308384190004,0.0,2.0,
2021-03-17 20:00:20.870,0,-0.0080346635513039,0.0,2.0,
2021-03-17 20:00:20.880,0,-0.0047954336901056,0.0,2.0,
2021-03-17 20:00:20.890,0,-0.0054420294664647,0.0,2.0,
2021-03-17 20:00:20.900,0,0.0001215997452123,0.0,2.0,
2021-03-17 20:00:20.910,0,-0.0033003974970101,0.0,2.0,
2021-03-17 20:00:20.920,0,-0.0001448136254948,0.0,2.0,
2021-03-17 20:00:20.930,0,0.0022805285414847,0.0,2.0,
2021-03-17 20:00:20.940,0,-0.0045863395331105,0.0,2.0,
2021-03-17 20:00:20.950,0,-9.58215559240542e-05,0.0,2.0,
2021-03-17 20:00:20.960,0,-0.0084980441859994,0.0,2.0,
2021-03-17 20:00:20.970,0,-0.0024910994694424,0.0,2.0,
2021-03-17 20:00:20.980,0,0.0041609634706512,0.0,2.0,
2021-03-17 20:00:20.990,0,8.534549609067142e-05,0.0,2.0,
2021-03-17 20:00:21.000,1,-0.000520409759312,0.078229941015888,2.0,
2021-03-17 20:00:21.010,1,0.0030827255700135,0.1829923147468473,2.0,
2021-03-17 20:00:21.020,1,-0.0046413927591984,0.2697736997002802,2.0,
2021-03-17 20:00:21.030,1,0.0006488253446003,0.3424102230015053,2.0,
2021-03-17 20:00:21.040,1,0.000515180874885,0.4052936080502453,2.0,
2021-03-17 20:00:21.050,1,-0.0063455249659071,0.4504555506739225,2.0,
2021-03-17 20:00:21.060,1,-0.0034569179972906,0.4801060291614686,2.0,
2021-03-17 20:00:21.070,1,0.0052057634027658,0.5137390617968075,2.0,
2021-03-17 20:00:21.080,1,-5.160887214764992e-05,0.5292370723766315,2.0,
2021-03-17 20:00:21.090,1,0.0040771786360733,0.5363178353105078,2.0,
2021-03-17 20:00:21.100,1,-0.0014327809908459,0.542146883979444,2.0,
2021-03-17 20:00:21.110,1,-0.0010276432110402,0.5340280713064616,2.0,
2021-03-17 20:00:21.120,1,0.0003840075193231,3.859996946327184,2.0,
2021-03-17 20:00:21.130,1,0.0091856698098578,12.983989314305491,2.0,
2021-03-17 20:00:21.140,1,0.0210296890698513,27.099112463365913,2.0,
2021-03-17 20:00:21.150,1,0.0254236533626489,45.621208957082395,2.0,
2021-03-17 20:00:21.160,1,0.0507015658571915,67.21825497346495,2.0,
2021-03-17 20:00:21.170,1,0.0693561089688063,91.23005605376595,2.0,
2021-03-17 20:00:21.180,1,0.0834319610402727,118.42288461102754,2.0,
2021-03-17 20:00:21.190,1,0.1262065379190474,147.5585562607228,1.0,
2021-03-17 20:00:21.200,1,0.1374001625387103,179.49523095552732,1.0,
2021-03-17 20:00:21.210,1,0.1438635502202329,214.7264367923761,1.0,
2021-03-17 20:00:21.220,1,0.1667972567174267,254.28470805950585,1.0,
2021-03-17 20:00:21.230,1,0.2357276732387159,295.2930516892392,1.0,
2021-03-17 20:00:21.240,1,0.2271100262958038,341.29859805876936,0.0,
2021-03-17 20:00:21.250,1,0.3117899655475016,386.8495594733808,0.0,
2021-03-17 20:00:21.260,1,0.3886359679716343,439.31152575368543,0.0,
2021-03-17 20:00:21.270,1,0.3604147873791753,483.7146880937445,0.0,
2021-03-17 20:00:21.280,1,0.521372226715401,538.7665912893121,0.0,
2021-03-17 20:00:21.290,1,0.4174717809157545,588.2567067885054,0.0,
2021-03-17 20:00:21.300,1,0.6046994838817997,639.3735362081281,0.0,
2021-03-17 20:00:21.310,1,0.6933142353398776,694.5019843754103,0.0,
2021-03-17 20:00:21.320,1,0.7316691302927907,736.5202752213794,0.0,
2021-03-17 20:00:21.330,1,0.5699775839589426,791.5458093056618,0.0,
2021-03-17 20:00:21.340,1,0.8264729423104107,838.6603378900893,0.0,
2021-03-17 20:00:21.350,1,0.7316625933251737,878.5668186735512,0.0,
2021-03-17 20:00:21.360,1,0.9145099575714456,923.356241073682,0.0,
2021-03-17 20:00:21.370,1,0.9798092340912552,968.9971059539907,0.0,
2021-03-17 20:00:21.380,1,0.953067027140344,1002.1624244621845,0.0,
2021-03-17 20:00:21.390,1,1.0023440186639632,1046.9869469018158,0.0,
2021-03-17 20:00:21.400,1,1.0612183403626776,1067.355062797621,0.0,
2021-03-17 20:00:21.410,1,0.8676101604917121,1107.1886019909543,0.0,
2021-03-17 20:00:21.420,1,1.1243133891567842,1130.2610615814608,0.0,
2021-03-17 20:00:21.430,1,0.9998846880347264,1159.6009773079006,0.0,
2021-03-17 20:00:21.440,1,1.0278731018630505,1184.8341089547205,0.0,
2021-03-17 20:00:21.450,1,1.085045413860924,1207.4313969719735,0.0,
2021-03-17 20:00:21.460,1,0.8618914154579588,1221.5376650200205,0.0,
2021-03-17 20:00:21.470,1,0.8543604839382959,1253.1029014922171,0.0,
2021-03-17 20:00:21.480,1,0.9676537548335667,1277.8996156911232,0.0,
2021-03-17 20:00:21.490,1,1.1992631169635088,1286.0034064081015,0.0,
2021-03-17 20:00:21.500,1,1.1322140758666168,1300.6737433317853,0.0,
2021-03-17 20:00:21.510,1,0.8585777363058262,1303.0874728671215,0.0,
2021-03-17 20:00:21.520,1,1.0989096617826086,1319.857977049614,0.0,
2021-03-17 20:00:21.530,1,1.2158802672232365,1320.3929501794328,0.0,
2021-03-17 20:00:21.540,1,1.0252833628740163,1334.7502677456534,0.0,
2021-03-17 20:00:21.550,1,1.0849914478680975,1336.6550214018064,0.0,
2021-03-17 20:00:21.560,1,1.01235289241556,1344.0729523038804,0.0,
2021-03-17 20:00:21.570,1,0.9368438208430258,1345.6470117273402,0.0,
2021-03-17 20:00:21.580,1,0.8696024352154897,1363.1722029193754,0.0,
2021-03-17 20:00:21.590,1,1.2095718767254104,1359.9998140249609,0.0,
2021-03-17 20:00:21.600,1,1.0726624299275989,1350.4457905749314,0.0,
2021-03-17 20:00:21.610,1,1.1225108126132122,1362.7568381991955,0.0,
2021-03-17 20:00:21.620,1,1.144927325057442,1362.6070434697724,0.0,
2021-03-17 20:00:21.630,1,1.1271351179645048,1371.000478820357,0.0,
2021-03-17 20:00:21.640,1,1.1654659238534146,1357.7140362357975,0.0,
2021-03-17 20:00:21.650,1,1.0919046257659826,1369.5457497274813,0.0,
2021-03-17 20:00:21.660,1,1.0658673783626265,1367.0577714379558,0.0,
2021-03-17 20:00:21.670,1,0.9082504278449004,1361.339264881392,0.0,
2021-03-17 20:00:21.680,1,1.1547929499185787,1356.5223890544314,0.0,
2021-03-17 20:00:21.690,1,0.9334524320816228,1360.499882931776,0.0,
2021-03-17 20:00:21.700,1,0.9266115210965092,1356.5350862552668,0.0,
2021-03-17 20:00:21.710,1,1.1575830765827562,1349.4855136662648,0.0,
2021-03-17 20:00:21.720,1,0.8304078165037567,1350.8511052901124,0.0,
2021-03-17 20:00:21.730,1,1.1100495465716007,1360.551463658097,0.0,
2021-03-17 20:00:21.740,1,1.0074527574395022,1369.167712476951,0.0,
2021-03-17 20:00:21.750,1,0.8026471652734105,1355.0634359909054,0.0,
2021-03-17 20:00:21.760,1,0.8741968318612725,1365.5299891411971,0.0,
2021-03-17 20:00:21.770,1,1.0282728560898864,1343.046632090535,0.0,
2021-03-17 20:00:21.780,1,1.0793352044033613,1355.3597891510838,0.0,
2021-03-17 20:00:21.790,1,0.8802849811320603,1346.060181924281,0.0,
2021-03-17 20:00:21.800,1,1.0041998279943474,1348.7406485862912,0.0,
2021-03-17 20:00:21.810,1,0.8333626530178744,1347.9920038842245,0.0,
2021-03-17 20:00:21.820,1,1.1085651450450096,1343.3879949781438,0.0,
2021-03-17 20:00:21.830,1,0.8050888938095453,1348.9731419806653,0.0,
2021-03-17 20:00:21.840,1,0.9175188959087692,1335.4359779294718,0.0,
2021-03-17 20:00:21.850,1,0.9336899524678944,1341.4906519806075,0.0,
2021-03-17 20:00:21.860,1,0.9554112928066002,1348.391849894605,0.0,
2021-03-17 20:00:21.870,1,0.9162248471076434,1343.5891495804997,0.0,
2021-03-17 20:00:21.880,1,0.9059471630825586,1345.222154500443,0.0,
2021-03-17 20:00:21.890,1,0.93364861389119,1335.298162255866,0.0,
2021-03-17 20:00:21.900,1,0.9510900485846944,1334.9087383381661,0.0,
2021-03-17 20:00:21.910,1,0.7963404015374417,1340.6259545912164,0.0,
2021-03-17 20:00:21.920,1,0.9398186724164695,1335.1313624207332,0.0,
2021-03-17 20:00:21.930,1,0.9242686179058096,1341.3190628458576,0.0,
2021-03-17 20:00:21.940,1,0.971978464083627,1323.2400619257346,0.0,
2021-03-17 20:00:21.950,1,1.0413984321941223,1336.7518332885018,0.0,
2021-03-17 20:00:21.960,1,1.0244415523034949,1345.017977622325,0.0,
2021-03-17 20:00:21.970,1,0.9360850028159988,1336.4641984711775,0.0,
2021-03-17 20:00:21.980,1,0.9231386375091392,1336.2292539158125,0.0,
2021-03-17 20:00:21.990,1,0.7593461885223879,1333.2130274895026,0.0,
2021-03-17 20:00:22.000,1,1.1154068992883603,1347.0070980810244,0.0,
2021-03-17 20:00:22.010,1,1.0702653496262071,1340.3444573862607,0.0,
2021-03-17 20:00:22.020,1,0.9360538551734588,1342.6514341604452,0.0,
2021-03-17 20:00:22.030,1,0.8806482588295843,1353.9450556375741,0.0,
2021-03-17 20:00:22.040,1,0.9887096774375204,1350.383258908175,0.0,
2021-03-17 20:00:22.050,1,1.0946749772152624,1342.7146634700775,0.0,
2021-03-17 20:00:22.060,1,1.1230714988686354,1349.7575652128207,0.0,
2021-03-17 20:00:22.070,1,0.8375851976708101,1346.9434379748825,0.0,
2021-03-17 20:00:22.080,1,0.9761475873969284,1342.9536775946972,0.0,
2021-03-17 20:00:22.090,1,1.0651170171901547,1359.150681978171,0.0,
2021-03-17 20:00:22.100,1,0.906187782212758,1359.4291457564448,0.0,
2021-03-17 20:00:22.110,1,0.7999808233131107,1350.5627816495814,0.0,
2021-03-17 20:00:22.120,1,0.9084546157754376,1364.7400746412684,0.0,
2021-03-17 20:00:22.130,1,0.9225192256006648,1356.4581116126046,0.0,
2021-03-17 20:00:22.140,1,1.1807822014558622,1349.111553394442,0.0,
2021-03-17 20:00:22.150,1,1.177808267823912,1357.0805333752096,0.0,
2021-03-17 20:00:22.160,1,1.1174411924372103,1366.0272532829065,0.0,
2021-03-17 20:00:22.170,1,1.1525443028847508,1374.3843728026945,0.0,
2021-03-17 20:00:22.180,1,0.9886585887781608,1369.0125870688166,0.0,
2021-03-17 20:00:22.190,1,0.8948810004558025,1366.0110012674138,0.0,
2021-03-17 20:00:22.200,1,1.0302498686831534,1376.3469972172372,0.0,
2021-03-17 20:00:22.210,1,0.8962082765178427,1376.56249843029,0.0,
2021-03-17 20:00:22.220,1,1.1371397877381904,1365.07110472032,0.0,
2021-03-17 20:00:22.230,1,1.1811012762601052,1371.7688780726464,0.0,
2021-03-17 20:00:22.240,1,0.8414808616287942,1356.6021461840598,0.0,
2021-03-17 20:00:22.250,1,0.8543218659236363,1376.251325413881,0.0,
2021-03-17 20:00:22.260,1,1.202820763668983,1360.230859430442,0.0,
2021-03-17 20:00:22.270,1,0.854521879234615,1370.7424216766087,0.0,
2021-03-17 20:00:22.280,1,1.0358570904352626,1374.2715913616605,0.0,
2021-03-17 20:00:22.290,1,0.944174070991455,1368.3783973623958,0.0,
2021-03-17 20:00:22.300,1,0.8818652438224874,1378.340314182407,0.0,
2021-03-17 20:00:22.310,1,0.8842996983232899,1380.3806031922861,0.0,
2021-03-17 20:00:22.320,1,0.9631271307278868,1373.698894492,0.0,
2021-03-17 20:00:22.330,1,0.9599519457812112,1375.8783496181036,0.0,
2021-03-17 20:00:22.340,1,0.8684229979752729,1374.656785030354,0.0,
2021-03-17 20:00:22.350,1,0.8836051063963111,1377.5900506012397,0.0,
2021-03-17 20:00:22.360,1,1.063225426779934,1387.8652251677026,0.0,
2021-03-17 20:00:22.370,1,1.1761886644077384,1375.7658749754312,0.0,
2021-03-17 20:00:22.380,1,1.1121182308046835,1385.9360144668494,0.0,
2021-03-17 20:00:22.390,1,0.8423550685681571,1377.4111999624965,0.0,
2021-03-17 20:00:22.400,1,1.21985064379201,1372.900912506104,0.0,
2021-03-17 20:00:22.410,1,1.1239148113443649,1368.2889589233894,0.0,
2021-03-17 20:00:22.420,1,1.1641233731184994,1368.1045733889302,0.0,
2021-03-17 20:00:22.430,1,1.0734581373634071,1385.5242837575302,0.0,
2021-03-17 20:00:22.440,1,0.9642856387186088,1370.718934089832,0.0,
2021-03-17 20:00:22.450,1,1.1579712356112908,1376.7171753276648,0.0,
2021-03-17 20:00:22.460,1,0.9481377117359084,1383.0310763805398,0.0,
2021-03-17 20:00:22.470,1,0.9386637719666224,1366.1346263208166,0.0,
2021-03-17 20:00:22.480,1,1.164632828632041,1384.6488365457649,0.0,
2021-03-17 20:00:22.490,1,0.9102263195293252,1369.5469912385174,0.0,
2021-03-17 20:00:22.500,1,1.079781517094499,1373.6002330912836,0.0,
2021-03-17 20:00:22.510,1,1.0680866698785687,1375.4951024064474,0.0,
2021-03-17 20:00:22.520,1,0.9642051785982344,1369.8264093821185,0.0,
2021-03-17 20:00:22.530,1,1.1700170124295697,1373.9694404873649,0.0,
2021-03-17 20:00:22.540,1,0.8631002463427218,1368.6294864721806,0.0,
2021-03-17 20:00:22.550,1,0.8058852239588341,1351.7122109180127,0.0,
2021-03-17 20:00:22.560,1,0.9179465963637632,1375.175343011559,0.0,
2021-03-17 20:00:22.570,1,0.8553892581849726,1379.4389816591056,0.0,
2021-03-17 20:00:22.580,1,1.116820713018636,1361.2158967329235,0.0,
2021-03-17 20:00:22.590,1,0.9625944499477688,1372.4925844418187,0.0,
2021-03-17 20:00:22.600,1,1.0132571611846737,1378.3855944757238,0.0,
2021-03-17 20:00:22.610,1,0.9845225411130332,1367.7889358324346,0.0,
2021-03-17 20:00:22.620,1,0.8831133085669973,1355.2876492151825,0.0,
2021-03-17 20:00:22.630,1,0.7339627415716593,1360.8538779046412,0.0,
2021-03-17 20:00:22.640,1,0.9211864286567096,1354.5525166542861,0.0,
2021-03-17 20:00:22.650,1,0.7468065978160109,1360.8166630327535,0.0,
2021-03-17 20:00:22.660,1,0.965222342552634,1367.75149092535,0.0,
2021-03-17 20:00:22.670,1,0.9977191153733058,1367.6049424699695,0.0,
2021-03-17 20:00:22.680,1,0.8645210460586539,1363.3313322694808,0.0,
2021-03-17 20:00:22.690,1,0.6991265697411484,1352.4147116852596,0.0,
2021-03-17 20:00:22.700,1,0.6855131417436614,1353.1381677081129,0.0,
2021-03-17 20:00:22.710,1,0.7601891559481646,1363.558716902388,0.0,
2021-03-17 20:00:22.720,1,0.976530945210486,1362.704407250662,0.0,
2021-03-17 20:00:22.730,1,0.9276413886260296,1352.8458676147932,0.0,
2021-03-17 20:00:22.740,1,0.9943837484691376,1354.043360904017,0.0,
2021-03-17 20:00:22.750,1,0.6740007093080899,1354.814295464614,0.0,
2021-03-17 20:00:22.760,1,0.8734020634409091,1360.6958107167031,0.0,
2021-03-17 20:00:22.770,1,0.917483476896112,1351.8228557024665,0.0,
2021-03-17 20:00:22.780,1,0.7981346412375037,1350.7963666843352,0.0,
2021-03-17 20:00:22.790,1,0.8285396084777786,1364.7165553467025,0.0,
2021-03-17 20:00:22.800,1,0.7715733347915217,1349.816956093084,0.0,
2021-03-17 20:00:22.810,1,0.8107427689354687,1346.0343570839775,0.0,
2021-03-17 20:00:22.820,1,0.9692871508969176,1357.670567700861,0.0,
2021-03-17 20:00:22.830,1,0.7187653245497815,1358.4622740756226,0.0,
2021-03-17 20:00:22.840,1,0.8143578919484346,1349.0623768360913,0.0,
2021-03-17 20:00:22.850,1,0.8789459927228638,1347.0740765801224,0.0,
2021-03-17 20:00:22.860,1,0.6553999959108185,1353.988155877154,0.0,
2021-03-17 20:00:22.870,1,0.7377436865372087,1354.1114737308874,0.0,
2021-03-17 20:00:22.880,1,0.8005272232216292,1346.9178671494826,0.0,
2021-03-17 20:00:22.890,1,0.9316724842865614,1346.5862083349773,0.0,
2021-03-17 20:00:22.900,1,0.6826225434018965,1363.8947887352513,0.0,
2021-03-17 20:00:22.910,1,0.8880956412142624,1356.8248295438268,0.0,
2021-03-17 20:00:22.920,1,0.947725443065516,1343.5004502399654,0.0,
2021-03-17 20:00:22.930,1,0.7507001509464262,1341.457639327778,0.0,
2021-03-17 20:00:22.940,1,0.810240767594543,1338.0806701991748,0.0,
2021-03-17 20:00:22.950,1,0.9739561727063144,1350.1819085284635,0.0,
2021-03-17 20:00:22.960,1,0.8223966100272995,1350.1993333616313,0.0,
2021-03-17 20:00:22.970,1,0.7246691424736429,1351.2133530897686,0.0,
2021-03-17 20:00:22.980,1,0.885125780510398,1351.6484921036156,0.0,
2021-03-17 20:00:22.990,1,0.9054389815762748,1345.6193004758634,0.0,
2021-03-17 20:00:23.000,1,0.7295485354738062,1352.691848443554,0.0,
2021-03-17 20:00:23.010,1,0.7170407725577991,1352.3799235721738,0.0,
2021-03-17 20:00:23.020,1,0.9138348074139268,1344.8503455349664,0.0,
2021-03-17 20:00:23.030,1,0.7094474992124736,1340.4771045976358,0.0,
2021-03-17 20:00:23.040,1,0.8559659579879827,1362.812456312321,0.0,
2021-03-17 20:00:23.050,1,0.8510280143937228,1345.083558524008,0.0,
2021-03-17 20:00:23.060,1,0.8261304306328577,1361.246013673793,0.0,
2021-03-17 20:00:23.070,1,0.9836689852448114,1351.2098831329358,0.0,
2021-03-17 20:00:23.080,1,0.7218094170997754,1365.8849248696256,0.0,
2021-03-17 20:00:23.090,1,0.7220714848641023,1352.1896165499845,0.0,
2021-03-17 20:00:23.100,1,1.0512622655600468,1353.244670838071,0.0,
2021-03-17 20:00:23.110,1,0.9257779869394815,1354.9682403126199,0.0,
2021-03-17 20:00:23.120,1,1.0156322835831713,1356.4937590879847,0.0,
2021-03-17 20:00:23.130,1,0.9538264163420588,1361.1507025387864,0.0,
2021-03-17 20:00:23.140,1,0.8376680021956611,1360.6304880106688,0.0,
2021-03-17 20:00:23.150,1,1.0908303868098406,1366.9413415840893,0.0,
2021-03-17 20:00:23.160,1,0.9087181243781788,1351.572536396184,0.0,
2021-03-17 20:00:23.170,1,0.9462927911196292,1363.8389483359085,0.0,
2021-03-17 20:00:23.180,1,0.8360319368065321,1358.8603054797475,0.0,
2021-03-17 20:00:23.190,1,1.0020096701179104,1359.8413814748794,0.0,
2021-03-17 20:00:23.200,1,1.0120003218839324,1370.954942931865,0.0,
2021-03-17 20:00:23.210,1,0.9207453568672916,1359.2108982747445,0.0,
2021-03-17 20:00:23.220,1,1.116803872962732,1353.436125482971,0.0,
2021-03-17 20:00:23.230,1,0.9688901045548176,1362.128565173089,0.0,
2021-03-17 20:00:23.240,1,0.9921821878349164,1351.9029509645115,0.0,
2021-03-17 20:00:23.250,1,1.0602243661569637,1362.9518743117642,0.0,
2021-03-17 20:00:23.260,1,1.2135200846839789,1366.283294635194,0.0,
2021-03-17 20:00:23.270,1,1.0115532916350387,1362.3547813163327,0.0,
2021-03-17 20:00:23.280,1,0.9517998283145552,1370.9059083513166,0.0,
2021-03-17 20:00:23.290,1,1.166246246437383,1361.7859791142905,0.0,
2021-03-17 20:00:23.300,1,0.8942984178236641,1374.6449089097302,0.0,
2021-03-17 20:00:23.310,1,1.072313657236765,1361.936714036938,0.0,
2021-03-17 20:00:23.320,1,1.181523641543319,1366.5173918873907,0.0,
2021-03-17 20:00:23.330,1,1.120977007856323,1358.489173208192,0.0,
2021-03-17 20:00:23.340,1,1.190810768110219,1353.5664064087664,0.0,
2021-03-17 20:00:23.350,1,0.9205794381621032,1349.9771886806548,0.0,
2021-03-17 20:00:23.360,1,1.2466003817517393,1353.8147400003681,0.0,
2021-03-17 20:00:23.370,1,1.2101133623291764,1363.634620841265,0.0,
2021-03-17 20:00:23.380,1,1.0224631501828374,1359.0082844727158,0.0,
2021-03-17 20:00:23.390,1,1.044705067435426,1364.845611630006,0.0,
2021-03-17 20:00:23.400,1,1.228307943987209,1352.5556793859942,0.0,
2021-03-17 20:00:23.410,1,1.1993946141266,1356.913034073315,0.0,
2021-03-17 20:00:23.420,1,1.2133304457542802,1372.6022158479275,0.0,
2021-03-17 20:00:23.430,1,0.8774224243643682,1359.1700372283892,0.0,
2021-03-17 20:00:23.440,1,1.13321151650899,1347.0912740472247,0.0,
2021-03-17 20:00:23.450,1,1.2702144748143025,1357.5280869390754,0.0,
2021-03-17 20:00:23.460,1,1.0031934385771482,1362.548592481134,0.0,
2021-03-17 20:00:23.470,1,0.9502972171013216,1346.2313629271491,0.0,
2021-03-17 20:00:23.480,1,0.8814392351387671,1350.8439843199499,0.0,
2021-03-17 20:00:23.490,1,1.0144360054336017,1353.6280020766721,0.0,
2021-03-17 20:00:23.500,1,0.9213396383206168,1353.010736201091,0.0,
2021-03-17 20:00:23.510,1,1.1127677758722452,1349.1361478726546,0.0,
2021-03-17 20:00:23.520,1,1.1638259883546809,1361.3404403763789,0.0,
2021-03-17 20:00:23.530,1,0.9555637986160732,1348.5663372729346,0.0,
2021-03-17 20:00:23.540,1,1.2455349861081246,1347.0551969248186,0.0,
2021-03-17 20:00:23.550,1,0.9254237511995088,1348.1207809154018,0.0,
2021-03-17 20:00:23.560,1,0.8856763560496655,1355.1448701189436,0.0,
2021-03-17 20:00:23.570,1,1.0239356043734933,1346.152920101535,0.0,
2021-03-17 20:00:23.580,1,1.2257990161868078,1353.9520233832284,0.0,
2021-03-17 20:00:23.590,1,0.8712810979537028,1351.5655174223966,0.0,
2021-03-17 20:00:23.600,1,1.081135869032382,1343.7038551931987,0.0,
2021-03-17 20:00:23.610,1,0.9930148245626744,1338.222450308954,0.0,
2021-03-17 20:00:23.620,1,1.118098523088811,1333.1367145159038,0.0,
2021-03-17 20:00:23.630,1,0.9464041225899738,1337.9362403578032,0.0,
2021-03-17 20:00:23.640,1,0.9457584980907494,1346.7793733006465,0.0,
2021-03-17 20:00:23.650,1,1.1071691515413202,1335.0132455703529,0.0,
2021-03-17 20:00:23.660,1,1.1720737147284572,1333.5675508109246,0.0,
2021-03-17 20:00:23.670,1,0.8548427082994771,1338.2303828058564,0.0,
2021-03-17 20:00:23.680,1,0.96900610589568,1340.5288587761984,0.0,
2021-03-17 20:00:23.690,1,0.9270908316478572,1346.7624536014266,0.0,
2021-03-17 20:00:23.700,1,1.0496081017419738,1331.243583820278,0.0,
2021-03-17 20:00:23.710,1,0.8511083701902821,1341.0236103405991,0.0,
2021-03-17 20:00:23.720,1,0.9546361728474348,1347.7022314832386,0.0,
2021-03-17 20:00:23.730,1,1.1662908057147907,1334.291274059182,0.0,
2021-03-17 20:00:23.740,1,1.2196758237511836,1343.6805748642935,0.0,
2021-03-17 20:00:23.750,1,1.1908472068283502,1341.1993494418953,0.0,
2021-03-17 20:00:23.760,1,1.1060872205998715,1338.1644693986752,0.0,
2021-03-17 20:00:23.770,1,1.1567512696601014,1343.5257528248735,0.0,
2021-03-17 20:00:23.780,1,1.1900704233210817,1344.4740363243538,0.0,
2021-03-17 20:00:23.790,1,0.9505972664763184,1338.877005995448,0.0,
2021-03-17 20:00:23.800,1,1.1659686313096072,1335.9103385379974,0.0,
2021-03-17 20:00:23.810,1,1.0159778986739458,1352.3836113377577,0.0,
2021-03-17 20:00:23.820,1,1.1090780377809988,1343.219336501026,0.0,
2021-03-17 20:00:23.830,1,0.9581728244327123,1356.417711756402,0.0,
2021-03-17 20:00:23.840,1,1.095027546479902,1345.2359848342348,0.0,
2021-03-17 20:00:23.850,1,1.1709812367428458,1339.7212371014173,0.0,
2021-03-17 20:00:23.860,1,0.8867166217076946,1352.8777955874584,0.0,
2021-03-17 20:00:23.870,1,1.063731688716855,1349.601413444909,0.0,
2021-03-17 20:00:23.880,1,1.1957242760192013,1340.5219288662965,0.0,
2021-03-17 20:00:23.890,1,0.9786317871867224,1342.5716669176154,0.0,
2021-03-17 20:00:23.900,1,1.2536754563509651,1352.9754609446636,0.0,
2021-03-17 20:00:23.910,1,1.048722878225988,1349.2158714049967,0.0,
2021-03-17 20:00:23.920,1,1.0037386808841244,1352.2583619351276,0.0,
2021-03-17 20:00:23.930,1,1.096312495999723,1350.6309347080348,0.0,
2021-03-17 20:00:23.940,1,1.160802724245514,1355.9074136983631,0.0,
2021-03-17 20:00:23.950,1,1.2888852614027466,1354.651686774105,0.0,
2021-03-17 20:00:23.960,1,1.2929448082385464,1365.3276422442225,0.0,
2021-03-17 20:00:23.970,1,1.2364988133583656,1368.9603341200564,0.0,
2021-03-17 20:00:23.980,1,0.9112323441954449,1362.8797681216886,0.0,
2021-03-17 20:00:23.990,1,0.9680975022693462,1353.5419959677715,0.0,
2021-03-17 20:00:24.000,1,1.1237476483279505,1359.8845796936619,0.0,
2021-03-17 20:00:24.010,1,1.0515737276693349,1365.4557190651688,0.0,
2021-03-17 20:00:24.020,1,1.2688848671669428,1361.2043011224318,0.0,
2021-03-17 20:00:24.030,1,0.932842441883838,1366.6701099469294,0.0,
2021-03-17 20:00:24.040,1,1.3507359370324408,1369.82279819647,0.0,
2021-03-17 20:00:24.050,1,1.32496047232993,1361.98078107215,0.0,
2021-03-17 20:00:24.060,1,1.0154428531251205,1358.9846435001116,0.0,
2021-03-17 20:00:24.070,1,1.1592786281826335,1369.6253412629974,0.0,
2021-03-17 20:00:24.080,1,1.2390768425760927,1386.7366960784332,0.0,
2021-03-17 20:00:24.090,1,1.1609263352910455,1381.3953738249372,0.0,
2021-03-17 20:00:24.100,1,1.0912401790569777,1378.3013461108676,0.0,
2021-03-17 20:00:24.110,1,1.0775608068412883,1367.0079955612082,0.0,
2021-03-17 20:00:24.120,1,1.3182357158921063,1385.0784180915775,0.0,
2021-03-17 20:00:24.130,1,1.1078092118314675,1374.3945466176706,0.0,
2021-03-17 20:00:24.140,1,1.241992164086681,1375.9173304298001,0.0,
2021-03-17 20:00:24.150,1,1.2364005846833377,1395.2118857271137,0.0,
2021-03-17 20:00:24.160,1,1.3048516080760864,1398.1611343974146,0.0,
2021-03-17 20:00:24.170,1,1.1011850785811843,1385.7448909514542,0.0,
2021-03-17 20:00:24.180,1,1.304128780087351,1376.7415413847955,0.0,
2021-03-17 20:00:24.190,1,1.3268357371498651,1382.0751241321163,0.0,
2021-03-17 20:00:24.200,1,1.147511030052792,1373.052140934861,0.0,
2021-03-17 20:00:24.210,1,1.5451911940775709,1383.897727349379,0.0,
2021-03-17 20:00:24.220,1,1.2614455057455725,1388.6730280691074,0.0,
2021-03-17 20:00:24.230,1,1.4687349569409731,1377.7074005328602,0.0,
2021-03-17 20:00:24.240,1,1.1014466950405442,1391.4905971341166,0.0,
2021-03-17 20:00:24.250,1,1.565843366767606,1379.265122458324,0.0,
2021-03-17 20:00:24.260,1,1.5355708102262644,1396.5198012238502,0.0,
2021-03-17 20:00:24.270,1,1.4188590732874582,1389.3942285194253,0.0,
2021-03-17 20:00:24.280,1,1.1149740978249565,1391.217340958587,0.0,
2021-03-17 20:00:24.290,1,1.0981206816423703,1398.2905577785791,0.0,
2021-03-17 20:00:24.300,1,1.5048452147673528,1388.3026652144795,0.0,
2021-03-17 20:00:24.310,1,1.1010181955997853,1394.444369079032,0.0,
2021-03-17 20:00:24.320,1,1.2413739114301818,1389.0548110799866,0.0,
2021-03-17 20:00:24.330,1,1.6011499313596766,1396.294765154102,0.0,
2021-03-17 20:00:24.340,1,1.2219078325259989,1393.1269717009802,0.0,
2021-03-17 20:00:24.350,1,1.6053441290283406,1397.631340413181,0.0,
2021-03-17 20:00:24.360,1,1.3681008470558798,1392.7732033956872,0.0,
2021-03-17 20:00:24.370,1,1.6420602444029069,1389.2975544620515,0.0,
2021-03-17 20:00:24.380,1,1.134952493958758,1384.5355694618827,0.0,
2021-03-17 20:00:24.390,1,1.1199046606463636,1384.5070603288916,0.0,
2021-03-17 20:00:24.400,1,1.6244731800642418,1388.6128352461276,0.0,
2021-03-17 20:00:24.410,1,1.2705067989453662,1387.6467494630285,0.0,
2021-03-17 20:00:24.420,1,1.118701477965488,1388.1450890246572,0.0,
2021-03-17 20:00:24.430,1,1.3062734251131125,1388.905424266268,0.0,
2021-03-17 20:00:24.440,1,1.292678909740398,1398.5353409216268,0.0,
2021-03-17 20:00:24.450,1,1.5727740651601807,1388.6821272555896,0.0,
2021-03-17 20:00:24.460,1,1.5701967336139513,1393.7104856457572,0.0,
2021-03-17 20:00:24.470,1,1.204121583889346,1380.8038211444928,0.0,
2021-03-17 20:00:24.480,1,1.5244212847186298,1393.5324607589123,0.0,
2021-03-17 20:00:24.490,1,1.6429253493124334,1381.4975432423942,0.0,
2021-03-17 20:00:24.500,1,1.5655182267986876,1388.1520748308892,0.0,
2021-03-17 20:00:24.510,1,1.3181823368974916,1378.7111838041205,0.0,
2021-03-17 20:00:24.520,1,1.33062879422812,1382.5845908860267,0.0,
2021-03-17 20:00:24.530,1,1.242684425656482,1374.429518741146,0.0,
2021-03-17 20:00:24.540,1,1.33723293407727,1374.7026994651694,0.0,
2021-03-17 20:00:24.550,1,1.566624852947012,1375.7904847218624,0.0,
2021-03-17 20:00:24.560,1,1.505092032554416,1380.033731376433,0.0,
2021-03-17 20:00:24.570,1,1.5442157500272915,1391.4684216612382,0.0,
2021-03-17 20:00:24.580,1,1.2517387084143978,1388.660403007253,0.0,
2021-03-17 20:00:24.590,1,1.4504506842196672,1374.5932412808168,0.0,
2021-03-17 20:00:24.600,1,1.0772097523102222,1372.2289066238527,0.0,
2021-03-17 20:00:24.610,1,1.179292903524366,1387.9123087999565,0.0,
2021-03-17 20:00:24.620,1,1.2739112162553732,1382.9304396320651,0.0,
2021-03-17 20:00:24.630,1,1.2863781974912367,1384.8305195417056,0.0,
2021-03-17 20:00:24.640,1,1.5575057081640755,1375.1445993412174,0.0,
2021-03-17 20:00:24.650,1,1.1702952389396803,1367.9470061722875,0.0,
2021-03-17 20:00:24.660,1,1.2818270044557838,1380.6855569072973,0.0,
2021-03-17 20:00:24.670,1,1.2216662352098315,1363.021266711217,0.0,
2021-03-17 20:00:24.680,1,1.072714027743706,1373.9369818512255,0.0,
2021-03-17 20:00:24.690,1,1.4588008783904065,1373.8459642022228,0.0,
2021-03-17 20:00:24.700,1,1.5137115433676018,1380.10317933062,0.0,
2021-03-17 20:00:24.710,1,1.3537540123770313,1369.0335064621795,0.0,
2021-03-17 20:00:24.720,1,1.0174381665224197,1357.8926689637199,0.0,
2021-03-17 20:00:24.730,1,1.4173924897809154,1366.2766919891772,0.0,
2021-03-17 20:00:24.740,1,1.3757702575699755,1372.4159171675442,0.0,
2021-03-17 20:00:24.750,1,1.0692942658536897,1380.7161972707104,0.0,
2021-03-17 20:00:24.760,1,1.0075135303090546,1375.1819796908794,0.0,
2021-03-17 20:00:24.770,1,1.2979692122385065,1363.166471154647,0.0,
2021-03-17 20:00:24.780,1,1.1299399323022876,1352.334953938081,0.0,
2021-03-17 20:00:24.790,1,1.2414087376418277,1364.5977704601974,0.0,
2021-03-17 20:00:24.800,1,1.3795358585060125,1367.5010077808024,0.0,
2021-03-17 20:00:24.810,1,1.2939551431073204,1367.34601888728,0.0,
2021-03-17 20:00:24.820,1,1.2914285503404734,1368.3007693673696,0.0,
2021-03-17 20:00:24.830,1,1.3862682516088465,1364.264390885709,0.0,
2021-03-17 20:00:24.840,1,0.9975191393469904,1370.999311406295,0.0,
2021-03-17 20:00:24.850,1,1.4511158566315423,1356.9411593532304,0.0,
2021-03-17 20:00:24.860,1,1.221993620781462,1371.8918426890853,0.0,
2021-03-17 20:00:24.870,1,1.1010852646258718,1371.9013892466776,0.0,
2021-03-17 20:00:24.880,1,1.399215104035152,1369.8694021233737,0.0,
2021-03-17 20:00:24.890,1,1.0812161329866423,1359.4540493469508,0.0,
2021-03-17 20:00:24.900,1,1.27525592361715,1368.7719750708134,0.0,
2021-03-17 20:00:24.910,1,1.132425832586342,1368.5849959713075,0.0,
2021-03-17 20:00:24.920,1,1.0152798958044755,1369.2403310517682,0.0,
2021-03-17 20:00:24.930,1,1.1297900109131105,1372.9265932292853,0.0,
2021-03-17 20:00:24.940,1,1.3616816537421303,1359.8013536086912,0.0,
2021-03-17 20:00:24.950,1,1.0324626626613191,1386.5858894854748,0.0,
2021-03-17 20:00:24.960,1,1.1731282820413171,1377.7996261192118,0.0,
2021-03-17 20:00:24.970,1,1.1488413487530638,1380.2613179114228,0.0,
2021-03-17 20:00:24.980,1,1.0616046490472977,1357.5625625866994,0.0,
2021-03-17 20:00:24.990,1,1.1955138417581936,1373.8551706176352,0.0,
2021-03-17 20:00:25.000,1,1.364486324863721,1387.559772691016,0.0,
2021-03-17 20:00:25.010,1,1.0010148731659851,1375.400841043717,0.0,
2021-03-17 20:00:25.020,1,1.2550809996995445,1376.3933675866451,0.0,
2021-03-17 20:00:25.030,1,1.4693719429525292,1375.6453770906692,0.0,
2021-03-17 20:00:25.040,1,1.1831173743504435,1374.0743693196575,0.0,
2021-03-17 20:00:25.050,1,1.3371094330803004,1372.1186743307876,0.0,
2021-03-17 20:00:25.060,1,1.4597748060967286,1363.5084638888225,0.0,
2021-03-17 20:00:25.070,1,1.2054681933614253,1377.0471835231906,0.0,
2021-03-17 20:00:25.080,1,1.1981068150056315,1384.2643645750961,0.0,
2021-03-17 20:00:25.090,1,1.0134391204575637,1375.9344290775437,0.0,
2021-03-17 20:00:25.100,1,1.4255668703909552,1379.885025033354,0.0,
2021-03-17 20:00:25.110,1,1.3297274393837102,1378.6321081423075,0.0,
2021-03-17 20:00:25.120,1,1.5024056631770537,1368.0555575379226,0.0,
2021-03-17 20:00:25.130,1,1.3381214600075029,1387.4039722274292,0.0,
2021-03-17 20:00:25.140,1,1.3169592135780974,1382.5172585141854,0.0,
2021-03-17 20:00:25.150,1,1.399574322272152,1389.289589394543,0.0,
2021-03-17 20:00:25.160,1,1.2709003975241882,1385.2067535800406,0.0,
2021-03-17 20:00:25.170,1,1.3926245279490606,1371.124062639933,0.0,
2021-03-17 20:00:25.180,1,1.5256253036532756,1378.985755560607,0.0,
2021-03-17 20:00:25.190,1,1.269400897083765,1383.807159899328,0.0,
2021-03-17 20:00:25.200,1,1.2118820414211406,1369.0830434906861,0.0,
2021-03-17 20:00:25.210,1,1.1584497361587742,1388.688147498269,0.0,
2021-03-17 20:00:25.220,1,1.1371737222834977,1378.5659016941265,0.0,
2021-03-17 20:00:25.230,1,1.142698090008626,1384.0527722197744,0.0,
2021-03-17 20:00:25.240,1,1.5958825244860824,1384.8562202659168,0.0,
2021-03-17 20:00:25.250,1,1.2787062749361209,1379.6940263595236,0.0,
2021-03-17 20:00:25.260,1,1.2935673466591215,1378.113083741239,0.0,
2021-03-17 20:00:25.270,1,1.5380001982891915,1369.2422877751078,0.0,
2021-03-17 20:00:25.280,1,1.4735928266535496,1374.066460702065,0.0,
2021-03-17 20:00:25.290,1,1.2474619240257778,1382.433989763697,0.0,
2021-03-17 20:00:25.300,1,1.5820588800837534,1371.4340744080741,0.0,
2021-03-17 20:00:25.310,1,1.1407145466318818,1372.2731519712036,0.0,
2021-03-17 20:00:25.320,1,1.4568410048447362,1375.99799915526,0.0,
2021-03-17 20:00:25.330,1,1.5549020396166615,1369.5840791503965,0.0,
2021-03-17 20:00:25.340,1,1.4633540118382178,1360.1060928570696,0.0,
2021-03-17 20:00:25.350,1,1.398242285462468,1375.468054560525,0.0,
2021-03-17 20:00:25.360,1,1.2609878692970644,1376.6391133567654,0.0,
2021-03-17 20:00:25.370,1,1.5688433198819691,1375.8139336090787,0.0,
2021-03-17 20:00:25.380,1,1.5247249259874305,1361.6472578120272,0.0,
2021-03-17 20:00:25.390,1,1.1735144359114935,1366.8654847325286,0.0,
2021-03-17 20:00:25.400,1,1.2013989080393428,1365.1955501206812,0.0,
2021-03-17 20:00:25.410,1,1.4945283458547958,1355.5521156761256,0.0,
2021-03-17 20:00:25.420,1,1.1616514868271268,1357.9960986454394,0.0,
2021-03-17 20:00:25.430,1,1.2488300036085838,1366.459847281547,0.0,
2021-03-17 20:00:25.440,1,1.1460226795797777,1372.5910898060308,0.0,
2021-03-17 20:00:25.450,1,1.3711235429974395,1353.4231032161385,0.0,
2021-03-17 20:00:25.460,1,1.1325679644278932,1359.0961871497964,0.0,
2021-03-17 20:00:25.470,1,1.5043506875325656,1358.0653430794216,0.0,
2021-03-17 20:00:25.480,1,1.115337117517057,1345.890368071896,0.0,
2021-03-17 20:00:25.490,1,1.230877091703882,1352.5460292729495,0.0,
2021-03-17 20:00:25.500,1,1.365243468852822,1353.01081249315,0.0,
2021-03-17 20:00:25.510,1,1.3607751163947164,1353.156472803565,0.0,
2021-03-17 20:00:25.520,1,1.0087382198442971,1355.9755256119524,0.0,
2021-03-17 20:00:25.530,1,1.1183136872404529,1344.7860050901354,0.0,
2021-03-17 20:00:25.540,1,1.1777789411336543,1340.8264458441338,0.0,
2021-03-17 20:00:25.550,1,1.2289934277784766,1343.894548513452,0.0,
2021-03-17 20:00:25.560,1,1.25181883565923,1342.4899567847285,0.0,
2021-03-17 20:00:25.570,1,1.1211005771722071,1345.5338594144293,0.0,
2021-03-17 20:00:25.580,1,1.1296928878730317,1341.0771581331642,0.0,
2021-03-17 20:00:25.590,1,1.2644387274220257,1325.8102173652244,0.0,
2021-03-17 20:00:25.600,1,0.9603102158225788,1343.4850193634795,0.0,
2021-03-17 20:00:25.610,1,1.3462236482206502,1344.8030869464549,0.0,
2021-03-17 20:00:25.620,1,0.9657236586422842,1340.7577524623434,0.0,
2021-03-17 20:00:25.630,1,1.360343738606654,1344.7995111570551,0.0,
2021-03-17 20:00:25.640,1,1.2552811436275078,1345.4415206465505,0.0,
2021-03-17 20:00:25.650,1,1.0077091795840298,1335.6596697692294,0.0,
2021-03-17 20:00:25.660,1,1.037626752292886,1342.6302089634705,0.0,
2021-03-17 20:00:25.670,1,1.2591884737657697,1335.2137327477044,0.0,
2021-03-17 20:00:25.680,1,1.3284101308154832,1333.965757218905,0.0,
2021-03-17 20:00:25.690,1,0.97094282436222,1333.0744465940465,0.0,
2021-03-17 20:00:25.700,1,0.98551467355668,1334.7847374001135,0.0,
2021-03-17 20:00:25.710,1,1.1535737085148137,1345.543077093629,0.0,
2021-03-17 20:00:25.720,1,1.1151562788185638,1343.2697206974967,0.0,
2021-03-17 20:00:25.730,1,1.3013933501725008,1334.7274134569248,0.0,
2021-03-17 20:00:25.740,1,1.2658503372785528,1332.0515268284532,0.0,
2021-03-17 20:00:25.750,1,0.9581958525879184,1331.4471484100004,0.0,
2021-03-17 20:00:25.760,1,1.1098491104692527,1350.195843412833,0.0,
2021-03-17 20:00:25.770,1,1.0854389675516023,1341.2388079853972,0.0,
2021-03-17 20:00:25.780,1,1.245191266294616,1328.5121266429785,0.0,
2021-03-17 20:00:25.790,1,1.2030753018886835,1335.196051654581,0.0,
2021-03-17 20:00:25.800,1,1.2478598480437324,1343.9630130033242,0.0,
2021-03-17 20:00:25.810,1,1.0344648057146315,1330.9577658344906,0.0,
2021-03-17 20:00:25.820,1,1.0126045369311434,1352.0210790810734,0.0,
2021-03-17 20:00:25.830,1,1.0017851440004055,1343.9710500961169,0.0,
2021-03-17 20:00:25.840,1,1.1499331284126495,1349.3394860859246,0.0,
2021-03-17 20:00:25.850,1,0.9956446047578128,1343.8885076782303,0.0,
2021-03-17 20:00:25.860,1,1.0745304217070455,1343.3032770086486,0.0,
2021-03-17 20:00:25.870,1,0.9420536483304645,1351.8060338385358,0.0,
2021-03-17 20:00:25.880,1,1.0804217918151258,1355.2478324076812,0.0,
2021-03-17 20:00:25.890,1,0.9277432722501762,1356.3699299698096,0.0,
2021-03-17 20:00:25.900,1,1.2011331583705562,1368.1261119627914,0.0,
2021-03-17 20:00:25.910,1,0.8658871277285889,1362.1938108627824,0.0,
2021-03-17 20:00:25.920,1,1.0045664591829362,1346.4530414458375,0.0,
2021-03-17 20:00:25.930,1,0.8967892612945546,1354.2853352303075,0.0,
2021-03-17 20:00:25.940,1,0.9140149621663456,1354.8853791629672,0.0,
2021-03-17 20:00:25.950,1,0.8355842577775834,1359.934494931182,0.0,
2021-03-17 20:00:25.960,1,1.0568794237758927,1360.307794186426,0.0,
2021-03-17 20:00:25.970,1,1.193338453441174,1363.781519765636,0.0,
2021-03-17 20:00:25.980,1,0.900787049165486,1362.5902610578062,0.0,
2021-03-17 20:00:25.990,1,1.1096287341887283,1350.341284557361,0.0,
2021-03-17 20:00:26.000,1,0.9869739698124717,1366.2396176408918,0.0,
2021-03-17 20:00:26.010,1,0.8473913789188648,1376.4424758234086,0.0,
2021-03-17 20:00:26.020,1,0.8151208798953701,1374.7709449932925,0.0,
2021-03-17 20:00:26.030,1,1.072408894680894,1360.814541326503,0.0,
2021-03-17 20:00:26.040,1,1.020651930344418,1365.417692439626,0.0,
2021-03-17 20:00:26.050,1,0.865369937390662,1356.0089607254868,0.0,
2021-03-17 20:00:26.060,1,1.132039201794428,1365.3946476162218,0.0,
2021-03-17 20:00:26.070,1,0.8847759187434986,1372.0489649952071,0.0,
2021-03-17 20:00:26.080,1,1.19782857177523,1370.560534994059,0.0,
2021-03-17 20:00:26.090,1,0.9459549236768736,1371.8048691869647,0.0,
2021-03-17 20:00:26.100,1,1.2452355935366588,1379.9763265902593,0.0,
2021-03-17 20:00:26.110,1,1.1696009444418036,1373.5006561687665,0.0,
2021-03-17 20:00:26.120,1,1.2121731693397126,1380.2091806943372,0.0,
2021-03-17 20:00:26.130,1,1.216044575044116,1375.8901417023515,0.0,
2021-03-17 20:00:26.140,1,1.080535470861918,1371.397817383391,0.0,
2021-03-17 20:00:26.150,1,1.2808720717468145,1386.8662196747464,0.0,
2021-03-17 20:00:26.160,1,1.1392333711101796,1368.4689771399705,0.0,
2021-03-17 20:00:26.170,1,1.1157796775664437,1369.506102975752,0.0,
2021-03-17 20:00:26.180,1,1.2730702519804002,1369.1575911793998,0.0,
2021-03-17 20:00:26.190,1,1.1108547176376316,1377.557355623051,0.0,
2021-03-17 20:00:26.200,1,0.9377812988061766,1376.2392204950158,0.0,
2021-03-17 20:00:26.210,1,0.9810032429312732,1371.124043797263,0.0,
2021-03-17 20:00:26.220,1,1.3215318382828982,1382.5245201138641,0.0,
2021-03-17 20:00:26.230,1,1.0109440751674892,1367.717989168083,0.0,
2021-03-17 20:00:26.240,1,0.9887531669270192,1385.3158486147618,0.0,
2021-03-17 20:00:26.250,1,1.3195664650397994,1389.3806921699027,0.0,
2021-03-17 20:00:26.260,1,1.2406096821314865,1371.7966980489605,0.0,
2021-03-17 20:00:26.270,1,1.23788813095786,1385.2683653216309,0.0,
2021-03-17 20:00:26.280,1,1.1507793189475082,1374.9925180585572,0.0,
2021-03-17 20:00:26.290,1,0.969782705598332,1376.9131313485327,0.0,
2021-03-17 20:00:26.300,1,1.286459272200031,1380.5272771892794,0.0,
2021-03-17 20:00:26.310,1,1.1931564457285089,1371.8286157675902,0.0,
2021-03-17 20:00:26.320,1,1.207188445798417,1366.2925829384587,0.0,
2021-03-17 20:00:26.330,1,1.210106141758045,1367.842359639673,0.0,
2021-03-17 20:00:26.340,1,1.3039176639014105,1388.7786369403175,0.0,
2021-03-17 20:00:26.350,1,1.3351755043595916,1375.7849093023358,0.0,
2021-03-17 20:00:26.360,1,0.9461850617146628,1380.8657779634889,0.0,
2021-03-17 20:00:26.370,1,0.9822671307870062,1385.2615703048623,0.0,
2021-03-17 20:00:26.380,1,1.207211172484538,1369.929410540779,0.0,
2021-03-17 20:00:26.390,1,1.1562301607571417,1366.1040095879234,0.0,
2021-03-17 20:00:26.400,1,1.3544610612699148,1380.2204689888795,0.0,
2021-03-17 20:00:26.410,1,1.280159430139705,1371.3795562417301,0.0,
2021-03-17 20:00:26.420,1,1.4204669085731163,1371.8603554037745,0.0,
2021-03-17 20:00:26.430,1,1.0501718370381024,1355.5281225486772,0.0,
2021-03-17 20:00:26.440,1,1.3725956528479049,1370.906569196784,0.0,
2021-03-17 20:00:26.450,1,1.1908338602244704,1357.921510294184,0.0,
2021-03-17 20:00:26.460,1,1.162720580052317,1359.6703775900012,0.0,
2021-03-17 20:00:26.470,1,1.0124835273154569,1365.9977456205886,0.0,
2021-03-17 20:00:26.480,1,1.0954142214867448,1364.4381007529448,0.0,
2021-03-17 20:00:26.490,1,0.9972370455720952,1366.6428712755146,0.0,
2021-03-17 20:00:26.500,1,1.096633331434288,1359.3841052745106,0.0,
2021-03-17 20:00:26.510,1,1.2303920099448291,1358.062517938952,0.0,
2021-03-17 20:00:26.520,1,1.390316703268696,1357.535754745185,0.0,
2021-03-17 20:00:26.530,1,1.1074311612328134,1357.1491617893853,0.0,
2021-03-17 20:00:26.540,1,1.1127665543832597,1359.6453122383298,0.0,
2021-03-17 20:00:26.550,1,1.075242569727831,1362.4562197848688,0.0,
2021-03-17 20:00:26.560,1,1.3360441041929498,1347.9184092264372,0.0,
2021-03-17 20:00:26.570,1,1.046731983139522,1360.9383967858096,0.0,
2021-03-17 20:00:26.580,1,1.1875611751518005,1348.918827493883,0.0,
2021-03-17 20:00:26.590,1,1.257745146561968,1358.0368819066325,0.0,
2021-03-17 20:00:26.600,1,1.1891789326259992,1363.602328883846,0.0,
2021-03-17 20:00:26.610,1,1.3204178506688031,1345.5257194775302,0.0,
2021-03-17 20:00:26.620,1,1.14962560601223,1348.2104679782606,0.0,
2021-03-17 20:00:26.630,1,1.2957674090815354,1353.1221960733803,0.0,
2021-03-17 20:00:26.640,1,1.1801874238690917,1344.1364093584075,0.0,
2021-03-17 20:00:26.650,1,1.1123169551567182,1350.6028521241305,0.0,
2021-03-17 20:00:26.660,1,1.0407639636070205,1338.5725382808796,0.0,
2021-03-17 20:00:26.670,1,0.9421921561762392,1345.1777327129182,0.0,
2021-03-17 20:00:26.680,1,1.2746605554907076,1352.600293534346,0.0,
2021-03-17 20:00:26.690,1,0.9901266609891368,1337.7536987363355,0.0,
2021-03-17 20:00:26.700,1,1.0378800524387564,1352.0377761618156,0.0,
2021-03-17 20:00:26.710,1,1.126987513581981,1363.0143952538513,0.0,
2021-03-17 20:00:26.720,1,1.0066441544844058,1351.6564200140033,0.0,
2021-03-17 20:00:26.730,1,0.9577853714423362,1344.225041863508,0.0,
2021-03-17 20:00:26.740,1,0.8662003016550741,1353.0338169425565,0.0,
2021-03-17 20:00:26.750,1,1.2077077064203248,1343.207801747003,0.0,
2021-03-17 20:00:26.760,1,1.1023744509806783,1335.860937874017,0.0,
2021-03-17 20:00:26.770,1,0.849447600003631,1341.1350439225466,0.0,
2021-03-17 20:00:26.780,1,1.0649834879784954,1346.3432033771562,0.0,
2021-03-17 20:00:26.790,1,1.1333498703950755,1347.7350063693734,0.0,
2021-03-17 20:00:26.800,1,1.109065906736216,1347.7073232525227,0.0,
2021-03-17 20:00:26.810,1,0.8980241122036601,1347.1399215213207,0.0,
2021-03-17 20:00:26.820,1,0.8898810039644725,1338.0765646339094,0.0,
2021-03-17 20:00:26.830,1,1.1718692872937972,1352.3887024798007,0.0,
2021-03-17 20:00:26.840,1,1.1396879109475175,1356.2909766893695,0.0,
2021-03-17 20:00:26.850,1,1.1787645460891203,1348.1787813259646,0.0,
2021-03-17 20:00:26.860,1,1.1957548015671395,1348.2074420242232,0.0,
2021-03-17 20:00:26.870,1,1.0425632006670815,1345.2890495469678,0.0,
2021-03-17 20:00:26.880,1,1.2318472174585031,1337.2925344647094,0.0,
2021-03-17 20:00:26.890,1,1.1921379785611306,1355.4559194770768,0.0,
2021-03-17 20:00:26.900,1,1.1476719835938374,1351.6183587094854,0.0,
2021-03-17 20:00:26.910,1,0.9894755982687332,1356.0333145225272,0.0,
2021-03-17 20:00:26.920,1,0.9458279573723444,1352.2310255155462,0.0,
2021-03-17 20:00:26.930,1,0.8235576365496979,1343.4644441921218,0.0,
2021-03-17 20:00:26.940,1,1.236979388878957,1343.2944700061355,0.0,
2021-03-17 20:00:26.950,1,1.0288760033226845,1363.9183879302757,0.0,
2021-03-17 20:00:26.960,1,1.1103921627739826,1357.5644160870645,0.0,
2021-03-17 20:00:26.970,1,1.1667232870826394,1342.4736543806732,0.0,
2021-03-17 20:00:26.980,1,1.1806477437367493,1356.371552690257,0.0,
2021-03-17 20:00:26.990,1,1.1680421450882907,1353.7283672341694,0.0,
2021-03-17 20:00:27.000,1,0.9660189346946756,1347.4265679288187,0.0,
2021-03-17 20:00:27.010,1,1.0600066631314589,1357.1915481088652,0.0,
2021-03-17 20:00:27.020,1,1.1766342159933996,1352.5068144673241,0.0,
2021-03-17 20:00:27.030,1,0.9333505004151764,1353.200100605654,0.0,
2021-03-17 20:00:27.040,1,0.8828473304991684,1343.5087602088674,0.0,
2021-03-17 20:00:27.050,1,1.2417487005181698,1347.068419876694,0.0,
2021-03-17 20:00:27.060,1,0.9752964438120532,1352.7141017724296,0.0,
2021-03-17 20:00:27.070,1,0.92582080959702,1356.3692456663464,0.0,
2021-03-17 20:00:27.080,1,1.1383786313150193,1345.179590060527,0.0,
2021-03-17 20:00:27.090,1,0.9330097399346888,1354.360562487285,0.0,
2021-03-17 20:00:27.100,1,1.028023025767986,1362.119595142765,0.0,
2021-03-17 20:00:27.110,1,1.186490868536274,1353.5625620550986,0.0,
2021-03-17 20:00:27.120,1,0.917853031585784,1353.9971802827224,0.0,
2021-03-17 20:00:27.130,1,1.0576664141843055,1346.3448868887492,0.0,
2021-03-17 20:00:27.140,1,1.0682082820015113,1359.1451793510264,0.0,
2021-03-17 20:00:27.150,1,0.9698018286089068,1343.3299118174825,0.0,
2021-03-17 20:00:27.160,1,1.0390196173715025,1337.9632387843887,0.0,
2021-03-17 20:00:27.170,1,1.37229377302096,1349.8614074379961,0.0,
2021-03-17 20:00:27.180,1,1.06071268677856,1356.5829161067895,0.0,
2021-03-17 20:00:27.190,1,1.2563707037353695,1345.4568961060354,0.0,
2021-03-17 20:00:27.200,1,1.2717652431608046,1348.5861480826077,0.0,
2021-03-17 20:00:27.210,1,1.2228453921460616,1333.477626676467,0.0,
2021-03-17 20:00:27.220,1,1.091993769410038,1348.9897242365394,0.0,
2021-03-17 20:00:27.230,1,1.0766002097096723,1358.0901347212282,0.0,
2021-03-17 20:00:27.240,1,1.1066587536740224,1334.7950743692493,0.0,
2021-03-17 20:00:27.250,1,1.0343841601627792,1351.0517575498884,0.0,
2021-03-17 20:00:27.260,1,1.3095762967010134,1338.0955662657464,0.0,
2021-03-17 20:00:27.270,1,1.0983815834015216,1343.5786400722375,0.0,
2021-03-17 20:00:27.280,1,1.1994281702948832,1331.3865443116251,0.0,
2021-03-17 20:00:27.290,1,1.1695511335440096,1347.2968409778605,0.0,
2021-03-17 20:00:27.300,1,1.4033891270585948,1327.32462920196,0.0,
2021-03-17 20:00:27.310,1,1.2419750288999158,1332.1144166615975,0.0,
2021-03-17 20:00:27.320,1,1.279120539425486,1333.8805196739088,0.0,
2021-03-17 20:00:27.330,1,1.3169519744994398,1344.3375176852587,0.0,
2021-03-17 20:00:27.340,1,1.4777687930489958,1336.9520355416867,0.0,
2021-03-17 20:00:27.350,1,1.4634612159114833,1334.2366311423216,0.0,
2021-03-17 20:00:27.360,1,1.5051483703466784,1329.4389372412309,0.0,
2021-03-17 20:00:27.370,1,1.3763103970970565,1332.7298321028554,0.0,
2021-03-17 20:00:27.380,1,1.0823549727460726,1327.483507733484,0.0,
2021-03-17 20:00:27.390,1,1.3280664658662098,1324.0088541603109,0.0,
2021-03-17 20:00:27.400,1,1.3216016982815888,1319.8347862343685,0.0,
2021-03-17 20:00:27.410,1,1.2487334602696751,1319.5926252571953,0.0,
2021-03-17 20:00:27.420,1,1.4343074102518305,1321.8529042763626,0.0,
2021-03-17 20:00:27.430,1,1.1034670687883672,1324.913495659697,0.0,
2021-03-17 20:00:27.440,1,1.062557490695428,1315.911304063339,0.0,
2021-03-17 20:00:27.450,1,1.4540081122549369,1315.3985204973096,0.0,
2021-03-17 20:00:27.460,1,1.2058419148281732,1321.5125601606676,0.0,
2021-03-17 20:00:27.470,1,1.2973584211543585,1307.779907406664,0.0,
2021-03-17 20:00:27.480,1,1.2186830302914828,1311.2187418229692,0.0,
2021-03-17 20:00:27.490,1,1.2322656386686988,1321.7876338268152,0.0,
2021-03-17 20:00:27.500,1,1.4452623780464748,1314.7914967074382,0.0,
2021-03-17 20:00:27.510,1,1.38233804589596,1298.6570011521007,0.0,
2021-03-17 20:00:27.520,1,1.3550132928362342,1311.3705876721406,0.0,
2021-03-17 20:00:27.530,1,1.2820261307281342,1322.7016357877608,0.0,
2021-03-17 20:00:27.540,1,1.3835240998041496,1317.1473454771533,0.0,
2021-03-17 20:00:27.550,1,1.2353097046664248,1309.924228821979,0.0,
2021-03-17 20:00:27.560,1,1.21106671970154,1304.7630933923872,0.0,
2021-03-17 20:00:27.570,1,1.0624057039032155,1306.569748076053,0.0,
2021-03-17 20:00:27.580,1,1.2150279033174074,1301.9003187306696,0.0,
2021-03-17 20:00:27.590,1,1.0675332793871803,1310.6479859118629,0.0,
2021-03-17 20:00:27.600,1,1.356475327575953,1305.0055411885835,0.0,
2021-03-17 20:00:27.610,1,1.4469549546407845,1322.6422704833785,0.0,
2021-03-17 20:00:27.620,1,1.323679892400816,1300.9011698779825,0.0,
2021-03-17 20:00:27.630,1,1.2350897860419214,1303.88291965843,0.0,
2021-03-17 20:00:27.640,1,1.0526804498318598,1295.446212217451,0.0,
2021-03-17 20:00:27.650,1,1.175794106500536,1301.0897158912344,0.0,
2021-03-17 20:00:27.660,1,1.4351241232343837,1299.3000262253634,0.0,
2021-03-17 20:00:27.670,1,1.20632248472118,1304.446826811818,0.0,
2021-03-17 20:00:27.680,1,0.9398723687582718,1301.8666324473386,0.0,
2021-03-17 20:00:27.690,1,1.399112946094414,1299.6894740714408,0.0,
2021-03-17 20:00:27.700,1,1.3488338339578216,1299.5577625055287,0.0,
2021-03-17 20:00:27.710,1,1.3329856910109743,1306.5371739321522,0.0,
2021-03-17 20:00:27.720,1,1.001537874313296,1292.709747353996,0.0,
2021-03-17 20:00:27.730,1,0.983267560171458,1308.232952596627,0.0,
2021-03-17 20:00:27.740,1,1.2117775060422828,1320.7669128673442,0.0,
2021-03-17 20:00:27.750,1,1.0632377557130996,1307.8371564905808,0.0,
2021-03-17 20:00:27.760,1,0.9599646057332116,1313.8884670643815,0.0,
2021-03-17 20:00:27.770,1,0.9940934466736738,1307.0908479962986,0.0,
2021-03-17 20:00:27.780,1,1.0355735512323223,1312.6809219011482,0.0,
2021-03-17 20:00:27.790,1,1.3041380423359532,1309.948825407267,0.0,
2021-03-17 20:00:27.800,1,1.1754774457128834,1315.6920063428315,0.0,
2021-03-17 20:00:27.810,1,1.0133441171378188,1312.0823751314224,0.0,
2021-03-17 20:00:27.820,1,1.1449829422732305,1312.750908654374,0.0,
2021-03-17 20:00:27.830,1,1.0039526906394072,1335.1521098512887,0.0,
2021-03-17 20:00:27.840,1,1.2512952278703289,1323.0992482792615,0.0,
2021-03-17 20:00:27.850,1,1.2644064060648874,1316.7097573645012,0.0,
2021-03-17 20:00:27.860,1,1.0428171659659091,1317.842851002742,0.0,
2021-03-17 20:00:27.870,1,0.8625947579821941,1320.4952010218972,0.0,
2021-03-17 20:00:27.880,1,0.8945905151313103,1325.5658698343784,0.0,
2021-03-17 20:00:27.890,1,1.126437900482957,1333.3133868184075,0.0,
2021-03-17 20:00:27.900,1,1.168337619502393,1326.341659794168,0.0,
2021-03-17 20:00:27.910,1,1.1105213595638368,1318.3391281305856,0.0,
2021-03-17 20:00:27.920,1,1.071246354285384,1340.3303838349946,0.0,
2021-03-17 20:00:27.930,1,1.0071860665115524,1331.0570103208302,0.0,
2021-03-17 20:00:27.940,1,0.8893068388024744,1325.1929409161185,0.0,
2021-03-17 20:00:27.950,1,1.0250637266262457,1322.167925993768,0.0,
2021-03-17 20:00:27.960,1,0.8533092209705443,1331.287623594297,0.0,
2021-03-17 20:00:27.970,1,1.071825921666082,1334.6400669444595,0.0,
2021-03-17 20:00:27.980,1,0.9948641164476132,1331.9812145782312,0.0,
2021-03-17 20:00:27.990,1,0.99593045173075,1329.2569530180788,0.0,
2021-03-17 20:00:28.000,1,1.2588322836773331,1331.0117205904844,0.0,
2021-03-17 20:00:28.010,1,1.193353657591311,1331.7742132662295,0.0,
2021-03-17 20:00:28.020,1,1.109382489139593,1330.2243707021485,0.0,
2021-03-17 20:00:28.030,1,1.2177753569701997,1332.4157227334672,0.0,
2021-03-17 20:00:28.040,1,0.9504188358801644,1347.8901741176096,0.0,
2021-03-17 20:00:28.050,1,1.0657224101598803,1335.2923356996698,0.0,
2021-03-17 20:00:28.060,1,1.3279343576475502,1341.5391015808514,0.0,
2021-03-17 20:00:28.070,1,1.0549233019320257,1348.2051225836112,0.0,
2021-03-17 20:00:28.080,1,1.2897023870594024,1350.421562364919,0.0,
2021-03-17 20:00:28.090,1,1.3418739032412788,1352.8188503628608,0.0,
2021-03-17 20:00:28.100,1,1.209511292572118,1348.1593376442568,0.0,
2021-03-17 20:00:28.110,1,1.12703250564029,1343.6750969586549,0.0,
2021-03-17 20:00:28.120,1,1.2475492865599618,1352.854360537739,0.0,
2021-03-17 20:00:28.130,1,1.1010648195972184,1342.8254906259378,0.0,
2021-03-17 20:00:28.140,1,1.0951830063813537,1343.3693575486839,0.0,
2021-03-17 20:00:28.150,1,1.1753532394079254,1347.6641724555222,0.0,
2021-03-17 20:00:28.160,1,1.2689474990075162,1344.144925950418,0.0,
2021-03-17 20:00:28.170,1,1.0978239345638054,1341.837246547827,0.0,
2021-03-17 20:00:28.180,1,1.22983444668832,1328.8663748367999,0.0,
2021-03-17 20:00:28.190,1,1.1345931340693212,1340.1914156642115,0.0,
2021-03-17 20:00:28.200,1,1.3496502624297486,1350.1851096848309,0.0,
2021-03-17 20:00:28.210,1,0.9608742762835502,1338.3095878082422,0.0,
2021-03-17 20:00:28.220,1,1.2451815354885645,1351.906841999308,0.0,
2021-03-17 20:00:28.230,1,1.215732203673739,1343.442044909805,0.0,
2021-03-17 20:00:28.240,1,1.0346644423864817,1344.0465579161605,0.0,
2021-03-17 20:00:28.250,1,0.9892012134008772,1346.726040052916,0.0,
2021-03-17 20:00:28.260,1,1.4286259519652995,1344.7524045309035,0.0,
2021-03-17 20:00:28.270,1,1.3064680834064466,1342.5693007713942,0.0,
2021-03-17 20:00:28.280,1,1.4186350440023725,1343.4441985445005,0.0,
2021-03-17 20:00:28.290,1,1.0541343791396272,1339.4639442975015,0.0,
2021-03-17 20:00:28.300,1,1.2121376905923569,1347.6687170411592,0.0,
2021-03-17 20:00:28.310,1,1.2931279828198985,1353.61661762362,0.0,
2021-03-17 20:00:28.320,1,1.3819317135130285,1335.1835600116879,0.0,
2021-03-17 20:00:28.330,1,1.1889266279623951,1340.8040388057825,0.0,
2021-03-17 20:00:28.340,1,1.0749588757847774,1334.7708478640138,0.0,
2021-03-17 20:00:28.350,1,1.1918620756304124,1336.6803412146464,0.0,
2021-03-17 20:00:28.360,1,1.2480324490291144,1330.6745754802105,0.0,
2021-03-17 20:00:28.370,1,1.139836703398973,1341.3336666644584,0.0,
2021-03-17 20:00:28.380,1,1.3117879026921555,1346.2105612615942,0.0,
2021-03-17 20:00:28.390,1,1.0097647046750873,1329.3689678968374,0.0,
2021-03-17 20:00:28.400,1,1.2438917163349854,1344.9885703847358,0.0,
2021-03-17 20:00:28.410,1,1.0125449782790743,1335.111783423249,0.0,
2021-03-17 20:00:28.420,1,1.4218554519393931,1343.3814595670829,0.0,
2021-03-17 20:00:28.430,1,1.1444411439824334,1332.9177434427065,0.0,
2021-03-17 20:00:28.440,1,1.191406412969937,1339.7839843846284,0.0,
2021-03-17 20:00:28.450,1,1.3963364575522907,1338.6397598229198,0.0,
2021-03-17 20:00:28.460,1,0.9622527046833632,1332.234005813671,0.0,
2021-03-17 20:00:28.470,1,1.1273378688933051,1345.7102948097738,0.0,
2021-03-17 20:00:28.480,1,1.1237394057386538,1331.4015702657805,0.0,
2021-03-17 20:00:28.490,1,1.0010669903814724,1335.2016231717273,0.0,
2021-03-17 20:00:28.500,1,0.9599391823377242,1331.4087777241666,0.0,
2021-03-17 20:00:28.510,1,1.3998587958023014,1322.456273464746,0.0,
2021-03-17 20:00:28.520,1,1.1671318731685358,1330.5522010885654,0.0,
2021-03-17 20:00:28.530,1,1.32776728603783,1328.8020827175544,0.0,
2021-03-17 20:00:28.540,1,1.1435690706701511,1332.8310076566515,0.0,
2021-03-17 20:00:28.550,1,0.9935458001490768,1330.5357717376885,0.0,
2021-03-17 20:00:28.560,1,1.0763490015950097,1331.6589544617261,0.0,
2021-03-17 20:00:28.570,1,1.2488683825589657,1319.5447738033783,0.0,
2021-03-17 20:00:28.580,1,1.3191567277211769,1335.5654916504302,0.0,
2021-03-17 20:00:28.590,1,1.2896243540171493,1328.1632888232766,0.0,
2021-03-17 20:00:28.600,1,1.0526988415569023,1339.0018710238528,0.0,
2021-03-17 20:00:28.610,1,1.1429211334417149,1334.287605974915,0.0,
2021-03-17 20:00:28.620,1,1.0063935467933212,1326.607136170458,0.0,
2021-03-17 20:00:28.630,1,1.0104468513094205,1320.535159299134,0.0,
2021-03-17 20:00:28.640,1,0.9314798482998772,1325.3574790112325,0.0,
2021-03-17 20:00:28.650,1,0.9400400948331126,1324.361911561603,0.0,
2021-03-17 20:00:28.660,1,0.919977617810368,1341.9782669490985,0.0,
2021-03-17 20:00:28.670,1,1.1719795553310413,1333.9787415976068,0.0,
2021-03-17 20:00:28.680,1,1.1989683541471146,1322.1657613795987,0.0,
2021-03-17 20:00:28.690,1,1.0748137425364563,1327.314086180898,0.0,
2021-03-17 20:00:28.700,1,1.0297142654712383,1343.3277143671119,0.0,
2021-03-17 20:00:28.710,1,0.9217065643377588,1331.7553011847835,0.0,
2021-03-17 20:00:28.720,1,0.9592488330535366,1328.0172665867285,0.0,
2021-03-17 20:00:28.730,1,1.1763457825098014,1328.7489286493421,0.0,
2021-03-17 20:00:28.740,1,0.8121595758119061,1332.381602824393,0.0,
2021-03-17 20:00:28.750,1,0.9264367101215494,1341.1006970606104,0.0,
2021-03-17 20:00:28.760,1,1.005949274315003,1326.2577921214865,0.0,
2021-03-17 20:00:28.770,1,0.9524441288612444,1330.7746899901329,0.0,
2021-03-17 20:00:28.780,1,0.8673108993457732,1336.460735377158,0.0,
2021-03-17 20:00:28.790,1,1.1725054321781774,1335.4161227116813,0.0,
2021-03-17 20:00:28.800,1,0.9098276804514206,1334.6810558611176,0.0,
2021-03-17 20:00:28.810,1,0.8531745603022038,1334.2537257646427,0.0,
2021-03-17 20:00:28.820,1,0.9317020342151784,1331.940684361945,0.0,
2021-03-17 20:00:28.830,1,0.8826407555443966,1333.8290546675985,0.0,
2021-03-17 20:00:28.840,1,0.7770038461798447,1346.3099400837204,0.0,
2021-03-17 20:00:28.850,1,0.9422993138793728,1338.2858235684232,0.0,
2021-03-17 20:00:28.860,1,0.9278460017531642,1333.2477737998615,0.0,
2021-03-17 20:00:28.870,1,1.0321920874067478,1342.214041453357,0.0,
2021-03-17 20:00:28.880,1,1.12386591764828,1336.157873367794,0.0,
2021-03-17 20:00:28.890,1,1.0971942759508284,1348.317318701444,0.0,
2021-03-17 20:00:28.900,1,0.7722441410052939,1347.008364968895,0.0,
2021-03-17 20:00:28.910,1,0.8168866073895431,1338.6469488294251,0.0,
2021-03-17 20:00:28.920,1,1.1217605282766712,1334.6560439907907,0.0,
2021-03-17 20:00:28.930,1,0.8485263781083807,1326.3116097126194,0.0,
2021-03-17 20:00:28.940,1,0.8252888904609776,1343.3062590233822,0.0,
2021-03-17 20:00:28.950,1,0.8112454705763629,1346.3852306631384,0.0,
2021-03-17 20:00:28.960,1,0.869621414731879,1343.9983737295088,0.0,
2021-03-17 20:00:28.970,1,0.9551606884820688,1346.9370989860686,0.0,
2021-03-17 20:00:28.980,1,0.9459700742683675,1339.9259619117872,0.0,
2021-03-17 20:00:28.990,1,1.093237788033188,1335.993416205275,0.0,
2021-03-17 20:00:29.000,0,1.046635990317775,1345.6654706005795,0.0,
2021-03-17 20:00:29.010,0,0.8941609729715779,1341.8730300291013,0.0,
2021-03-17 20:00:29.020,0,1.1535906020342994,1344.1728176538775,0.0,
2021-03-17 20:00:29.030,0,1.162496814051838,1334.8436817364407,0.0,
2021-03-17 20:00:29.040,0,1.1137112022334354,1340.0038337249691,0.0,
2021-03-17 20:00:29.050,0,0.9002836954125997,1341.490479389348,0.0,
2021-03-17 20:00:29.060,0,1.0654424176776716,1341.3902298464448,0.0,
2021-03-17 20:00:29.070,0,1.164783531244659,1340.5874463267576,0.0,
2021-03-17 20:00:29.080,0,1.0774310545887131,1348.7554593164773,0.0,
2021-03-17 20:00:29.090,0,1.156838233584671,1342.5074594779885,0.0,
2021-03-17 20:00:29.100,0,1.070637052445918,1353.6093587013734,0.0,
2021-03-17 20:00:29.110,0,1.1695782967239512,1350.2361846755173,0.0,
2021-03-17 20:00:29.120,0,1.2247292378371928,1338.1462875122213,0.0,
2021-03-17 20:00:29.130,0,1.083655608998024,1311.5007494341671,0.0,
2021-03-17 20:00:29.140,0,0.9891810588464786,1289.2653637991416,0.0,
2021-03-17 20:00:29.150,0,1.0038865132751216,1251.1704825206605,0.0,
2021-03-17 20:00:29.160,0,0.8682432711284843,1211.535762087045,0.0,
2021-03-17 20:00:29.170,0,1.1046357265503115,1156.7098434794518,0.0,
2021-03-17 20:00:29.180,0,0.8561872675251487,1105.440084262598,0.0,
2021-03-17 20:00:29.190,0,0.8018791824106851,1039.3840353141738,0.0,
2021-03-17 20:00:29.200,0,0.8872247291366253,989.4378533885697,0.0,
2021-03-17 20:00:29.210,0,0.748536916070897,929.2856493046004,0.0,
2021-03-17 20:00:29.220,0,0.8303865504239593,875.7087245965155,0.0,
2021-03-17 20:00:29.230,0,0.7955453316157789,817.1592009270603,0.0,
2021-03-17 20:00:29.240,0,0.7316746597065964,763.7456855292198,0.0,
2021-03-17 20:00:29.250,0,0.5892598178068376,705.3019482584683,0.0,
2021-03-17 20:00:29.260,0,0.515124544505992,648.520938117957,0.0,
2021-03-17 20:00:29.270,0,0.484986028407105,594.6818466836413,0.0,
2021-03-17 20:00:29.280,0,0.5486407340487519,541.9631128581508,0.0,
2021-03-17 20:00:29.290,0,0.3984978746661149,490.94307005297446,0.0,
2021-03-17 20:00:29.300,0,0.3449811045378247,450.1886994297357,0.0,
2021-03-17 20:00:29.310,0,0.3204776454375816,405.5621276242315,0.0,
2021-03-17 20:00:29.320,0,0.3235186838159395,363.30413605527946,0.0,
2021-03-17 20:00:29.330,0,0.2395918497709145,324.9581165484184,1.0,
2021-03-17 20:00:29.340,0,0.2077881605722679,290.4060918983461,1.0,
2021-03-17 20:00:29.350,0,0.2705517791240289,257.2139297802563,1.0,
2021-03-17 20:00:29.360,0,0.2100398640342128,223.24576008878967,1.0,
2021-03-17 20:00:29.370,0,0.1634802795075148,199.0507106710311,1.0,
2021-03-17 20:00:29.380,0,0.1796439744516619,170.57575883179194,1.0,
2021-03-17 20:00:29.390,0,0.1551350448317068,146.69918278527598,2.0,
2021-03-17 20:00:29.400,0,0.1030581064173202,124.46002869236679,2.0,
2021-03-17 20:00:29.410,0,0.0987112627914521,105.41121185510988,2.0,
2021-03-17 20:00:29.420,0,0.0905853275746177,85.89767503502054,2.0,
2021-03-17 20:00:29.430,0,0.0635632231378082,70.49733299462163,2.0,
2021-03-17 20:00:29.440,0,0.0433622327970033,55.460811675566816,2.0,
2021-03-17 20:00:29.450,0,0.0414558239586688,43.397190318664535,2.0,
2021-03-17 20:00:29.460,0,0.0329052809664302,31.445924723707943,2.0,
2021-03-17 20:00:29.470,0,0.0180098489922245,21.7956288733772,2.0,
2021-03-17 20:00:29.480,0,0.0170333258121766,13.198299922223738,2.0,
2021-03-17 20:00:29.490,0,0.0036120691701094,5.551388241024911,2.0,
2021-03-17 20:00:29.500,0,-0.0014113439312647,0.0,2.0,
2021-03-17 20:00:29.510,0,-0.0023320432069361,0.0,2.0,
2021-03-17 20:00:29.520,0,-0.0161107229155303,0.0,2.0,
2021-03-17 20:00:29.530,0,-0.0179880434660576,0.0,2.0,
2021-03-17 20:00:29.540,0,-0.0146264085089342,0.0,2.0,
2021-03-17 20:00:29.550,0,-0.0166876893181078,0.0,2.0,
2021-03-17 20:00:29.560,0,-0.0240007196810243,0.0,2.0,
2021-03-17 20:00:29.570,0,-0.0245447761038004,0.0,2.0,
2021-03-17 20:00:29.580,0,-0.0211629763513679,0.0,2.0,
2021-03-17 20:00:29.590,0,-0.0254284510594445,0.0,2.0,
2021-03-17 20:00:29.600,0,-0.0234334482831681,0.0,2.0,
2021-03-17 20:00:29.610,0,-0.0239489255668493,0.0,2.0,
2021-03-17 20:00:29.620,0,-0.0239951591146962,0.0,2.0,
2021-03-17 20:00:29.630,0,-0.0299080634112286,0.0,2.0,
2021-03-17 20:00:29.640,0,-0.0231943342138922,0.0,2.0,
2021-03-17 20:00:29.650,0,-0.0285011136710422,0.0,2.0,
2021-03-17 20:00:29.660,0,-0.0273081302326543,0.0,2.0,
2021-03-17 20:00:29.670,0,-0.0226336572363713,0.0,2.0,
2021-03-17 20:00:29.680,0,-0.016474577653458,0.0,2.0,
2021-03-17 20:00:29.690,0,-0.016938866340348,0.0,2.0,
2021-03-17 20:00:29.700,0,-0.0176056813721294,0.0,2.0,
2021-03-17 20:00:29.710,0,-0.0117355558578987,0.0,2.0,
2021-03-17 20:00:29.720,0,-0.0112874555035997,0.0,2.0,
2021-03-17 20:00:29.730,0,-0.0111291351999422,0.0,2.0,
2021-03-17 20:00:29.740,0,-0.0087246969700222,0.0,2.0,
2021-03-17 20:00:29.750,0,-0.0113143675294262,0.0,2.0,
2021-03-17 20:00:29.760,0,-0.0096889307959493,0.0,2.0,
2021-03-17 20:00:29.770,0,-0.0125282222799968,0.0,2.0,
2021-03-17 20:00:29.780,0,-0.0099898046144987,0.0,2.0,
2021-03-17 20:00:29.790,0,-0.0008089180196079,0.0,2.0,
2021-03-17 20:00:29.800,0,-0.0090461325141254,0.0,2.0,
2021-03-17 20:00:29.810,0,-0.0066032944169697,0.0,2.0,
2021-03-17 20:00:29.820,0,-0.0008092302475345,0.0,2.0,
2021-03-17 20:00:29.830,0,-0.0035204498090961,0.0,2.0,
2021-03-17 20:00:29.840,0,-0.006044827347075,0.0,2.0,
2021-03-17 20:00:29.850,0,-0.0020225476153229,0.0,2.0,
2021-03-17 20:00:29.860,0,-0.005859913592478001,0.0,2.0,
2021-03-17 20:00:29.870,0,-0.0073503934157469,0.0,2.0,
2021-03-17 20:00:29.880,0,-0.0042187016239218,0.0,2.0,
2021-03-17 20:00:29.890,0,-0.0046814054337445,0.0,2.0,
2021-03-17 20:00:29.900,0,-0.0008807396228169,0.0,2.0,
2021-03-17 20:00:29.910,0,0.0019192148371024,0.0,2.0,
2021-03-17 20:00:29.920,0,-0.002304240100854,0.0,2.0,
2021-03-17 20:00:29.930,0,-0.0054962640344979,0.0,2.0,
2021-03-17 20:00:29.940,0,0.0015773582030863,0.0,2.0,
2021-03-17 20:00:29.950,0,-0.0011317666275736,0.0,2.0,
2021-03-17 20:00:29.960,0,0.0025724343130589,0.0,2.0,
2021-03-17 20:00:29.970,0,0.0006759322285731,0.0,2.0,
2021-03-17 20:00:29.980,0,0.0029696686600736,0.0,2.0,
2021-03-17 20:00:29.990,0,-0.0078081292129362,0.0,2.0,
2021-03-17 20:00:30.000,0,-0.0033565984628956,0.0786687114961554,2.0,
2021-03-17 20:00:30.010,0,0.0010655401957596,0.1828902060614019,2.0,
2021-03-17 20:00:30.020,0,-0.0027534801854822,0.2721778982581253,2.0,
2021-03-17 20:00:30.030,0,0.0039558636295771,0.344101083066118,2.0,
2021-03-17 20:00:30.040,0,0.001565845744674,0.4012852337659555,2.0,
2021-03-17 20:00:30.050,0,0.0044613174911399,0.4479118494448066,2.0,
2021-03-17 20:00:30.060,0,0.0023469927695908,0.4854578121552873,2.0,
2021-03-17 20:00:30.070,0,0.0015667025550947,0.5110988295898737,2.0,
2021-03-17 20:00:30.080,0,-0.0013753418519131,0.5226509807902425,2.0,
2021-03-17 20:00:30.090,0,0.0042928419985666,0.5313628894688015,2.0,
2021-03-17 20:00:30.100,0,-0.0004040018138112,0.5348306196878521,2.0,
2021-03-17 20:00:30.110,0,0.0017032359699283,0.5338488699240884,2.0,
2021-03-17 20:00:30.120,0,0.0017226603408513,0.5291971354934846,2.0,
2021-03-17 20:00:30.130,0,0.0017587986735516,0.5192242005943127,2.0,
2021-03-17 20:00:30.140,0,0.0025483484682551,0.5048239928091802,2.0,
2021-03-17 20:00:30.150,0,0.0006414819383366,0.4837840415532955,2.0,
2021-03-17 20:00:30.160,0,0.0016421110732225,0.4624396960847048,2.0,
2021-03-17 20:00:30.170,0,0.0028815251864806,0.4460014663971988,2.0,
2021-03-17 20:00:30.180,0,-0.0038470098811204,0.4228331084187977,2.0,
2021-03-17 20:00:30.190,0,-0.0054953519964561,0.3984754463229759,2.0,
2021-03-17 20:00:30.200,0,-0.0004599544709639,0.3722121921806931,2.0,
2021-03-17 20:00:30.210,0,-0.0042840180807726,0.3493337740387784,2.0,
2021-03-17 20:00:30.220,0,0.0017732484230879,0.3280429143888478,2.0,
2021-03-17 20:00:30.230,0,0.0003796300729485,0.3055228224796708,2.0,
2021-03-17 20:00:30.240,0,-0.0032744180263453,0.2819828232340456,2.0,
2021-03-17 20:00:30.250,0,0.008218199915402,0.2612062646563905,2.0,
2021-03-17 20:00:30.260,0,0.0028471540574606,0.2404477830661578,2.0,
2021-03-17 20:00:30.270,0,0.0009418947473432,0.220533744098958,2.0,
2021-03-17 20:00:30.280,0,0.0017177175135186,0.1997224433178352,2.0,
2021-03-17 20:00:30.290,0,0.0007084605624513,0.1806009110438365,2.0,
2021-03-17 20:00:30.300,0,-0.0007330327769169999,0.1637191843643624,2.0,
2021-03-17 20:00:30.310,0,-0.0020524202326303,0.1468871357726657,2.0,
2021-03-17 20:00:30.320,0,0.0076832051084283,0.1316029195496402,2.0,
2021-03-17 20:00:30.330,0,0.0010197653136808,0.1180663392292552,2.0,
2021-03-17 20:00:30.340,0,-0.0060252691581961,0.1042122021493682,2.0,
2021-03-17 20:00:30.350,0,0.0011247644033959,0.0911090446411044,2.0,
2021-03-17 20:00:30.360,0,-0.0021216351036347,0.0798933859731872,2.0,
2021-03-17 20:00:30.370,0,-0.0026950429387586,0.0692003907656798,2.0,
2021-03-17 20:00:30.380,0,0.005971526715237,0.0591282109057185,2.0,
2021-03-17 20:00:30.390,0,0.0026648944909891,0.0505482888836196,2.0,
2021-03-17 20:00:30.400,0,-0.0036715285203299,0.0426635855192373,2.0,
2021-03-17 20:00:30.410,0,0.0010912009662364,0.0351752368019614,2.0,
2021-03-17 20:00:30.420,0,-0.0035986798884682,0.0286022645686636,2.0,
2021-03-17 20:00:30.430,0,-0.0003834696997013,0.0227995921624954,2.0,
2021-03-17 20:00:30.440,0,-0.0027017758862078,0.0175817797698779,2.0,
2021-03-17 20:00:30.450,0,0.0049971349636866,0.0130080416546867,2.0,
2021-03-17 20:00:30.460,0,-0.0040632053140198,0.0088310202248717,2.0,
2021-03-17 20:00:30.470,0,-0.0096450965372432,0.0052978252921703,2.0,
2021-03-17 20:00:30.480,0,-0.0016216270722983,0.0022539945232926,2.0,
2021-03-17 20:00:30.490,0,0.0052622694325103,0.0,2.0,
2021-03-17 20:00:30.500,0,0.002146802572326,0.0,2.0,
2021-03-17 20:00:30.510,0,0.0053345136246552,0.0,2.0,
2021-03-17 20:00:30.520,0,-0.0074926087360364,0.0,2.0,
2021-03-17 20:00:30.530,0,0.001235140892952,0.0,2.0,
2021-03-17 20:00:30.540,0,0.0055084174471047,0.0,2.0,
2021-03-17 20:00:30.550,0,0.0065930090551707,0.0,2.0,
2021-03-17 20:00:30.560,0,-0.0056042447908277,0.0,2.0,
2021-03-17 20:00:30.570,0,-0.0005844480654596,0.0,2.0,
2021-03-17 20:00:30.580,0,-0.0006026659656329,0.0,2.0,
2021-03-17 20:00:30.590,0,0.0037291349488618,0.0,2.0,
2021-03-17 20:00:30.600,0,-0.0013652958599013,0.0,2.0,
2021-03-17 20:00:30.610,0,0.0019307031859501,0.0,2.0,
2021-03-17 20:00:30.620,0,0.0032147100321313,0.0,2.0,
2021-03-17 20:00:30.630,0,0.0016113429086079998,0.0,2.0,
2021-03-17 20:00:30.640,0,-0.0112355947954865,0.0,2.0,
2021-03-17 20:00:30.650,0,-0.0024737152574258,0.0,2.0,
2021-03-17 20:00:30.660,0,-0.0037348033817759,0.0,2.0,
2021-03-17 20:00:30.670,0,-0.0001020847962302,0.0,2.0,
2021-03-17 20:00:30.680,0,-0.0010295112053039998,0.0,2.0,
2021-03-17 20:00:30.690,0,0.0020438291693549,0.0,2.0,
2021-03-17 20:00:30.700,0,-0.0015004583567132,0.0,2.0,
2021-03-17 20:00:30.710,0,0.0001118042275902,0.0,2.0,
2021-03-17 20:00:30.720,0,0.0006375969465773,0.0,2.0,
2021-03-17 20:00:30.730,0,-0.0026724908367991,0.0,2.0,
2021-03-17 20:00:30.740,0,-0.0003224837667697,0.0,2.0,
2021-03-17 20:00:30.750,0,-0.0002585995287366,0.0,2.0,
2021-03-17 20:00:30.760,0,-0.001473127802242,0.0,2.0,
2021-03-17 20:00:30.770,0,0.0017470397956233,0.0,2.0,
2021-03-17 20:00:30.780,0,-0.0002310809648258,0.0,2.0,
2021-03-17 20:00:30.790,0,-0.0038869192532319,0.0,2.0,
2021-03-17 20:00:30.800,0,0.0054180718522826,0.0,2.0,
2021-03-17 20:00:30.810,0,0.0025378982331648,0.0,2.0,
2021-03-17 20:00:30.820,0,0.0022181130557911,0.0,2.0,
2021-03-17 20:00:30.830,0,-0.0041520486180718,0.0,2.0,
2021-03-17 20:00:30.840,0,-0.0024397403729967,0.0,2.0,
2021-03-17 20:00:30.850,0,0.0009548819864269,0.0,2.0,
2021-03-17 20:00:30.860,0,-0.0032982380964298,0.0,2.0,
2021-03-17 20:00:30.870,0,0.0005654158593871,0.0,2.0,
2021-03-17 20:00:30.880,0,0.0001273703566079,0.0,2.0,
2021-03-17 20:00:30.890,0,0.0002680655240569,0.0,2.0,
2021-03-17 20:00:30.900,0,-0.0025670385195821,0.0,2.0,
2021-03-17 20:00:30.910,0,-0.0039706455170545,0.0,2.0,
2021-03-17 20:00:30.920,0,-0.0015587915010298,0.0,2.0,
2021-03-17 20:00:30.930,0,0.0012962142317853,0.0,2.0,
2021-03-17 20:00:30.940,0,0.003578817206844001,0.0,2.0,
2021-03-17 20:00:30.950,0,0.0004149102809432,0.0,2.0,
2021-03-17 20:00:30.960,0,-0.0017894838573282,0.0,2.0,
2021-03-17 20:00:30.970,0,-0.003556412980464,0.0,2.0,
2021-03-17 20:00:30.980,0,0.0015896072194152,0.0,2.0,
2021-03-17 20:00:30.990,0,-0.0018079662105717,3.1671385421180074e-05,2.0,
2021-03-17 20:00:31.000,1,-0.0009850954701081,7.352845269681038e-05,2.0,
2021-03-17 20:00:31.010,1,-0.0055430449831628,0.0001087162234542,2.0,
2021-03-17 20:00:31.020,1,0.0035887059275762,0.0001367738865079,2.0,
2021-03-17 20:00:31.030,1,0.0003654279920494,0.0001610108478911,2.0,
2021-03-17 20:00:31.040,1,0.0007117638576001,0.0001771450758182,2.0,
2021-03-17 20:00:31.050,1,-0.003992987952845,0.0001926589070396,2.0,
2021-03-17 20:00:31.060,1,0.0012682711360142,0.0002012278502994,2.0,
2021-03-17 20:00:31.070,1,0.0035683340831580007,0.0002087063510734,2.0,
2021-03-17 20:00:31.080,1,-0.0027974133245932,0.0002149108458158,2.0,
2021-03-17 20:00:31.090,1,-0.0080482621234025,0.000211980067724,2.0,
2021-03-17 20:00:31.100,1,-0.0020385034933141,0.0002131571339353,2.0,
2021-03-17 20:00:31.110,1,-0.0043992296054081,0.0002106797865926,2.0,
2021-03-17 20:00:31.120,1,0.0035553613771269,3.3132961067726487,2.0,
2021-03-17 20:00:31.130,1,0.0017286093524629,12.567393515940326,2.0,
2021-03-17 20:00:31.140,1,0.0281458909122491,27.365929296456056,1.0,
2021-03-17 20:00:31.150,1,0.054270072235229005,49.76032741522126,1.0,
2021-03-17 20:00:31.160,1,0.0716479437303172,78.47122328522094,1.0,
2021-03-17 20:00:31.170,1,0.110317153087668,112.02118290339027,1.0,
2021-03-17 20:00:31.180,1,0.1224148328980488,151.50421420424428,1.0,
2021-03-17 20:00:31.190,1,0.1808198581053678,190.05257513666282,1.0,
2021-03-17 20:00:31.200,1,0.196766092848912,236.43409804810196,0.0,
2021-03-17 20:00:31.210,1,0.2014290533832374,286.7423625669636,0.0,
2021-03-17 20:00:31.220,1,0.2867678528554748,334.01735344206435,0.0,
2021-03-17 20:00:31.230,1,0.3387734449280343,387.508416254953,0.0,
2021-03-17 20:00:31.240,1,0.4147100394537146,438.8361257875254,0.0,
2021-03-17 20:00:31.250,1,0.4840562238095751,495.1198158405742,0.0,
2021-03-17 20:00:31.260,1,0.4656346925480693,550.5824864255102,0.0,
2021-03-17 20:00:31.270,1,0.5988181641128588,605.5282635173612,0.0,
2021-03-17 20:00:31.280,1,0.5128008489030955,657.7695665937177,0.0,
2021-03-17 20:00:31.290,1,0.7709620666032021,708.0368818249046,0.0,
2021-03-17 20:00:31.300,1,0.7801230533494672,753.7506423435132,0.0,
2021-03-17 20:00:31.310,1,0.8023930910367393,808.3627747734247,0.0,
2021-03-17 20:00:31.320,1,0.9078549342644,846.5223841487567,0.0,
2021-03-17 20:00:31.330,1,0.8571241712668409,892.7802105536027,0.0,
2021-03-17 20:00:31.340,1,0.7886676295057148,922.3165043986992,0.0,
2021-03-17 20:00:31.350,1,0.7853209698635427,964.184475244619,0.0,
2021-03-17 20:00:31.360,1,0.7687918946099597,1008.4287218362283,0.0,
2021-03-17 20:00:31.370,1,0.9729160026845866,1046.4012161755245,0.0,
2021-03-17 20:00:31.380,1,0.9001112669212357,1080.101044642442,0.0,
2021-03-17 20:00:31.390,1,1.1288110348510665,1094.4329346118166,0.0,
2021-03-17 20:00:31.400,1,1.001491979710486,1141.613895219278,0.0,
2021-03-17 20:00:31.410,1,0.9393080219110104,1148.4233196357266,0.0,
2021-03-17 20:00:31.420,1,1.1209482851982993,1173.8999421999397,0.0,
2021-03-17 20:00:31.430,1,0.9754816242150484,1207.4602396587125,0.0,
2021-03-17 20:00:31.440,1,1.2742225654871469,1218.3297398861055,0.0,
2021-03-17 20:00:31.450,1,1.180986629294657,1247.9742355164155,0.0,
2021-03-17 20:00:31.460,1,1.284423947140832,1261.844677025202,0.0,
2021-03-17 20:00:31.470,1,0.9285485915660028,1262.540856112078,0.0,
2021-03-17 20:00:31.480,1,1.1337319986744576,1280.2007022668386,0.0,
2021-03-17 20:00:31.490,1,0.9881946886525708,1286.358174378668,0.0,
2021-03-17 20:00:31.500,1,1.2221451327525896,1287.8483627163155,0.0,
2021-03-17 20:00:31.510,1,0.946730737161936,1300.9299359286115,0.0,
2021-03-17 20:00:31.520,1,0.9853927710954132,1320.6653633574515,0.0,
2021-03-17 20:00:31.530,1,1.0714664590720937,1324.1615618179064,0.0,
2021-03-17 20:00:31.540,1,1.0273530532625743,1342.0965107172085,0.0,
2021-03-17 20:00:31.550,1,1.2254955837825308,1334.7239503563812,0.0,
2021-03-17 20:00:31.560,1,0.909899682526518,1330.3858521416569,0.0,
2021-03-17 20:00:31.570,1,1.1267513698497114,1337.725427149926,0.0,
2021-03-17 20:00:31.580,1,1.0497177130445303,1332.0299950416245,0.0,
2021-03-17 20:00:31.590,1,1.1681153758457918,1350.4918568422545,0.0,
2021-03-17 20:00:31.600,1,0.9871394623762824,1346.9082222475224,0.0,
2021-03-17 20:00:31.610,1,0.9292636917634324,1336.926884835775,0.0,
2021-03-17 20:00:31.620,1,1.007432471792049,1349.8443601834128,0.0,
2021-03-17 20:00:31.630,1,1.0911930639242695,1336.8051258943667,0.0,
2021-03-17 20:00:31.640,1,0.9065949787084572,1348.4766212785705,0.0,
2021-03-17 20:00:31.650,1,1.148871503972573,1341.050573879887,0.0,
2021-03-17 20:00:31.660,1,0.8157752328008314,1344.770252416911,0.0,
2021-03-17 20:00:31.670,1,1.18244383788329,1370.5299527589011,0.0,
2021-03-17 20:00:31.680,1,0.962548073175505,1362.1665878214387,0.0,
2021-03-17 20:00:31.690,1,0.9608897375640832,1350.6157968341545,0.0,
2021-03-17 20:00:31.700,1,1.1541970154217565,1363.0943497942305,0.0,
2021-03-17 20:00:31.710,1,0.938371743986086,1348.2528568078642,0.0,
2021-03-17 20:00:31.720,1,0.8473216273790661,1361.1010603857044,0.0,
2021-03-17 20:00:31.730,1,1.081456786770342,1341.7202009868315,0.0,
2021-03-17 20:00:31.740,1,1.105298511555696,1356.039466285083,0.0,
2021-03-17 20:00:31.750,1,0.7424383935786709,1340.34157939315,0.0,
2021-03-17 20:00:31.760,1,1.0200400911433871,1345.4814852277595,0.0,
2021-03-17 20:00:31.770,1,1.0308570608542649,1360.9145032053195,0.0,
2021-03-17 20:00:31.780,1,0.7522881730398541,1345.7724235242158,0.0,
2021-03-17 20:00:31.790,1,0.7933213166501359,1357.370715976043,0.0,
2021-03-17 20:00:31.800,1,1.0265582874041883,1355.2695688444094,0.0,
2021-03-17 20:00:31.810,1,0.7230833863011146,1356.6267012958674,0.0,
2021-03-17 20:00:31.820,1,0.8928618268983879,1343.3110103140675,0.0,
2021-03-17 20:00:31.830,1,0.8161180757754822,1358.578635333466,0.0,
2021-03-17 20:00:31.840,1,0.6755635865660212,1358.9465060164105,0.0,
2021-03-17 20:00:31.850,1,0.7107836831354082,1358.3420816675712,0.0,
2021-03-17 20:00:31.860,1,0.8062886732099098,1351.343802968104,0.0,
2021-03-17 20:00:31.870,1,0.8185041336423009,1341.3999526565387,0.0,
2021-03-17 20:00:31.880,1,0.7286829175013678,1350.4385712480425,0.0,
2021-03-17 20:00:31.890,1,0.6786014686340427,1339.3102523999185,0.0,
2021-03-17 20:00:31.900,1,0.8119175695084497,1342.0443983629414,0.0,
2021-03-17 20:00:31.910,1,0.878028811689239,1353.462647766417,0.0,
2021-03-17 20:00:31.920,1,0.9613187646553158,1349.4582505301241,0.0,
2021-03-17 20:00:31.930,1,0.9638118959174156,1352.2881597406626,0.0,
2021-03-17 20:00:31.940,1,0.726564104268904,1356.8056060553492,0.0,
2021-03-17 20:00:31.950,1,0.9206162851471096,1366.5592342536645,0.0,
2021-03-17 20:00:31.960,1,0.8493606772046514,1349.0137216397686,0.0,
2021-03-17 20:00:31.970,1,0.8717048175607143,1357.1698303047515,0.0,
2021-03-17 20:00:31.980,1,0.6624703180455628,1348.1298857114148,0.0,
2021-03-17 20:00:31.990,1,0.6790117934226134,1352.2671683268234,0.0,
2021-03-17 20:00:32.000,1,0.6843218740120618,1359.5144554782692,0.0,
2021-03-17 20:00:32.010,1,0.8085775543538575,1350.9056421891914,0.0,
2021-03-17 20:00:32.020,1,0.9522104491489448,1357.2486800903253,0.0,
2021-03-17 20:00:32.030,1,0.8599204221664029,1358.2795699395774,0.0,
2021-03-17 20:00:32.040,1,0.9271813585188567,1340.0148578169694,0.0,
2021-03-17 20:00:32.050,1,0.8135142419246123,1349.7573243075506,0.0,
2021-03-17 20:00:32.060,1,0.9245767078893184,1347.6905213610805,0.0,
2021-03-17 20:00:32.070,1,0.7402459271723504,1357.2863340293595,0.0,
2021-03-17 20:00:32.080,1,0.9750815291667588,1348.352562769527,0.0,
2021-03-17 20:00:32.090,1,0.8628903691564817,1331.9850416121014,0.0,
2021-03-17 20:00:32.100,1,0.8388021583628978,1355.9858457359194,0.0,
2021-03-17 20:00:32.110,1,0.8179424844206717,1360.7378228514913,0.0,
2021-03-17 20:00:32.120,1,0.9294052047980698,1345.7723226814533,0.0,
2021-03-17 20:00:32.130,1,0.8656726192187958,1350.3391319388368,0.0,
2021-03-17 20:00:32.140,1,0.7906034347720425,1349.6719289025784,0.0,
2021-03-17 20:00:32.150,1,0.7150864248415485,1354.434945596664,0.0,
2021-03-17 20:00:32.160,1,1.0068988821537073,1361.389226403224,0.0,
2021-03-17 20:00:32.170,1,0.8469115167834429,1338.800713222312,0.0,
2021-03-17 20:00:32.180,1,0.9112267147054502,1351.0384033196133,0.0,
2021-03-17 20:00:32.190,1,0.9752663713609818,1340.7553212362898,0.0,
2021-03-17 20:00:32.200,1,0.8561370066086186,1353.552666823502,0.0,
2021-03-17 20:00:32.210,1,1.0138353139043432,1344.2399081828262,0.0,
2021-03-17 20:00:32.220,1,1.0606331293242042,1342.0137305525732,0.0,
2021-03-17 20:00:32.230,1,1.0172552087555051,1341.8384020556211,0.0,
2021-03-17 20:00:32.240,1,1.0287200463538704,1334.9784050848305,0.0,
2021-03-17 20:00:32.250,1,0.9920736005540308,1324.1155693791115,0.0,
2021-03-17 20:00:32.260,1,0.9492138527025176,1339.088484823087,0.0,
2021-03-17 20:00:32.270,1,0.8700034826590363,1332.4230769643311,0.0,
2021-03-17 20:00:32.280,1,0.9759505868513196,1328.6044298603028,0.0,
2021-03-17 20:00:32.290,1,1.0465959427225957,1343.018210050778,0.0,
2021-03-17 20:00:32.300,1,0.8767993806628285,1338.246913118071,0.0,
2021-03-17 20:00:32.310,1,0.958130590102344,1332.7090687805878,0.0,
2021-03-17 20:00:32.320,1,1.0660052688367885,1344.2563450423147,0.0,
2021-03-17 20:00:32.330,1,1.0212936385235765,1343.2816862399784,0.0,
2021-03-17 20:00:32.340,1,1.0751654013088905,1333.06301265863,0.0,
2021-03-17 20:00:32.350,1,0.7815673208912456,1335.730835231236,0.0,
2021-03-17 20:00:32.360,1,1.132024200442197,1343.8243023956309,0.0,
2021-03-17 20:00:32.370,1,0.7709219647656188,1348.7375351035785,0.0,
2021-03-17 20:00:32.380,1,0.9353809975588075,1335.577467160053,0.0,
2021-03-17 20:00:32.390,1,0.7859648208534123,1343.3714687690049,0.0,
2021-03-17 20:00:32.400,1,0.9386001136925892,1349.6887662512152,0.0,
2021-03-17 20:00:32.410,1,0.9456411451083838,1333.5963454332395,0.0,
2021-03-17 20:00:32.420,1,0.8980829502733637,1345.9472125505479,0.0,
2021-03-17 20:00:32.430,1,1.005811362787186,1342.694528376737,0.0,
2021-03-17 20:00:32.440,1,0.7802213361895778,1328.1898736576748,0.0,
2021-03-17 20:00:32.450,1,1.0956926135929266,1334.7887478945972,0.0,
2021-03-17 20:00:32.460,1,1.013750154184121,1332.2428971526108,0.0,
2021-03-17 20:00:32.470,1,0.8906844337133092,1336.8385688591152,0.0,
2021-03-17 20:00:32.480,1,1.0064905228287406,1327.5314235411793,0.0,
2021-03-17 20:00:32.490,1,0.8305194339600823,1333.5902672774596,0.0,
2021-03-17 20:00:32.500,1,1.0209754745338822,1322.6420613498572,0.0,
2021-03-17 20:00:32.510,1,1.0017954014957209,1338.4478173010534,0.0,
2021-03-17 20:00:32.520,1,1.000201609667208,1336.3148205715015,0.0,
2021-03-17 20:00:32.530,1,0.7810164552964545,1349.9013162542865,0.0,
2021-03-17 20:00:32.540,1,0.8088565540541834,1345.0545565923758,0.0,
2021-03-17 20:00:32.550,1,1.0783110380008127,1334.8042802184684,0.0,
2021-03-17 20:00:32.560,1,0.7903325154853088,1349.7975214985624,0.0,
2021-03-17 20:00:32.570,1,0.7823851709868024,1352.1336464665335,0.0,
2021-03-17 20:00:32.580,1,0.8747918798661491,1342.682336146678,0.0,
2021-03-17 20:00:32.590,1,1.0412373253852905,1344.5658163132166,0.0,
2021-03-17 20:00:32.600,1,0.8287992153102693,1343.8994126095295,0.0,
2021-03-17 20:00:32.610,1,1.0029823935759747,1321.6916926430836,0.0,
2021-03-17 20:00:32.620,1,0.9296844385603756,1336.9518215453124,0.0,
2021-03-17 20:00:32.630,1,0.8711807961856923,1344.4104470471025,0.0,
2021-03-17 20:00:32.640,1,0.7524800543290492,1342.2093867886088,0.0,
2021-03-17 20:00:32.650,1,0.8350389601300828,1349.569190807215,0.0,
2021-03-17 20:00:32.660,1,0.7988708568100695,1340.8125710440108,0.0,
2021-03-17 20:00:32.670,1,0.9841843293160932,1345.1329606517295,0.0,
2021-03-17 20:00:32.680,1,0.6997381704726717,1353.790489745165,0.0,
2021-03-17 20:00:32.690,1,0.6790766702217769,1344.0040135397846,0.0,
2021-03-17 20:00:32.700,1,0.7751131598737322,1347.6625636143992,0.0,
2021-03-17 20:00:32.710,1,0.7976124515941505,1341.693183760255,0.0,
2021-03-17 20:00:32.720,1,0.8316330041185516,1346.4102985630784,0.0,
2021-03-17 20:00:32.730,1,0.9103117556937425,1348.6746246720525,0.0,
2021-03-17 20:00:32.740,1,0.7647684470481282,1353.6282525674515,0.0,
2021-03-17 20:00:32.750,1,0.9186194229715708,1344.4591156825811,0.0,
2021-03-17 20:00:32.760,1,0.8337299229394171,1353.2581818084461,0.0,
2021-03-17 20:00:32.770,1,0.9020635198431936,1352.6373240076896,0.0,
2021-03-17 20:00:32.780,1,0.8714820303835161,1366.9140621990698,0.0,
2021-03-17 20:00:32.790,1,0.7711808632047928,1363.3155743061266,0.0,
2021-03-17 20:00:32.800,1,0.794437704922429,1348.081477160211,0.0,
2021-03-17 20:00:32.810,1,0.8401638327895093,1364.7070696658348,0.0,
2021-03-17 20:00:32.820,1,0.6849374038408885,1356.5631095103904,0.0,
2021-03-17 20:00:32.830,1,0.7803455360524236,1360.432508418195,0.0,
2021-03-17 20:00:32.840,1,0.8877233537237093,1362.9960232998567,0.0,
2021-03-17 20:00:32.850,1,0.7389577984988277,1363.2896503716804,0.0,
2021-03-17 20:00:32.860,1,0.8903838247150232,1353.9461175216882,0.0,
2021-03-17 20:00:32.870,1,0.8867067082386251,1356.3377058984674,0.0,
2021-03-17 20:00:32.880,1,0.7335971870342924,1347.262879051442,0.0,
2021-03-17 20:00:32.890,1,0.6622285997042644,1356.692870098127,0.0,
2021-03-17 20:00:32.900,1,0.819029633496328,1358.0590044797732,0.0,
2021-03-17 20:00:32.910,1,0.8599490564830581,1346.5377129112642,0.0,
2021-03-17 20:00:32.920,1,0.6290719533667932,1362.2430668798156,0.0,
2021-03-17 20:00:32.930,1,0.9185662338268586,1356.773041356454,0.0,
2021-03-17 20:00:32.940,1,0.8058941800384245,1351.328321714704,0.0,
2021-03-17 20:00:32.950,1,0.637355764280051,1355.0528118635993,0.0,
2021-03-17 20:00:32.960,1,0.8823340779264225,1339.2468892547795,0.0,
2021-03-17 20:00:32.970,1,0.8259681592187201,1345.9379550255842,0.0,
2021-03-17 20:00:32.980,1,0.8650693416169891,1342.1333360140352,0.0,
2021-03-17 20:00:32.990,1,0.8062047324391,1354.813218798718,0.0,
2021-03-17 20:00:33.000,1,0.7731461450332913,1360.4070334205308,0.0,
2021-03-17 20:00:33.010,1,0.7971801473027571,1341.0974928205549,0.0,
2021-03-17 20:00:33.020,1,0.8922818934187482,1352.042858816676,0.0,
2021-03-17 20:00:33.030,1,0.736702121480192,1353.1701842879854,0.0,
2021-03-17 20:00:33.040,1,0.7329593632249032,1330.9281877047886,0.0,
2021-03-17 20:00:33.050,1,0.6671692765793592,1337.5624897222706,0.0,
2021-03-17 20:00:33.060,1,0.9790694327683646,1345.734886312669,0.0,
2021-03-17 20:00:33.070,1,0.9895135485668586,1330.672827962332,0.0,
2021-03-17 20:00:33.080,1,0.881094207178532,1327.0743772476371,0.0,
2021-03-17 20:00:33.090,1,0.9454474105263736,1346.6605533756767,0.0,
2021-03-17 20:00:33.100,1,0.7422799501243084,1338.8644980881554,0.0,
2021-03-17 20:00:33.110,1,0.7332785961194326,1327.771813081417,0.0,
2021-03-17 20:00:33.120,1,0.7579123831957864,1330.3758419978576,0.0,
2021-03-17 20:00:33.130,1,0.9759707985738976,1327.8333757832684,0.0,
2021-03-17 20:00:33.140,1,0.7625621974732444,1327.2569781605291,0.0,
2021-03-17 20:00:33.150,1,0.9131288467996472,1324.973645430449,0.0,
2021-03-17 20:00:33.160,1,0.8743770804478752,1324.2060743319805,0.0,
2021-03-17 20:00:33.170,1,0.7521766875229735,1325.9155065503735,0.0,
2021-03-17 20:00:33.180,1,0.8270088890459871,1332.647215469726,0.0,
2021-03-17 20:00:33.190,1,0.9344970717440524,1337.9072155032989,0.0,
2021-03-17 20:00:33.200,1,0.7582986062294574,1321.65528454024,0.0,
2021-03-17 20:00:33.210,1,1.0431985485222026,1332.1232186309385,0.0,
2021-03-17 20:00:33.220,1,1.0875155622815833,1332.734411979579,0.0,
2021-03-17 20:00:33.230,1,1.103818434348664,1314.511086948314,0.0,
2021-03-17 20:00:33.240,1,0.9011755760413118,1322.3772310517281,0.0,
2021-03-17 20:00:33.250,1,0.9462811311196848,1309.0650174043085,0.0,
2021-03-17 20:00:33.260,1,1.0342431965016072,1316.9599254874595,0.0,
2021-03-17 20:00:33.270,1,1.1126168377801464,1307.381350848376,0.0,
2021-03-17 20:00:33.280,1,0.845830305750001,1307.9456093942385,0.0,
2021-03-17 20:00:33.290,1,0.8511820745802517,1313.4113929700736,0.0,
2021-03-17 20:00:33.300,1,0.7970188844601223,1312.137432846561,0.0,
2021-03-17 20:00:33.310,1,1.0897685475004462,1307.6756639319478,0.0,
2021-03-17 20:00:33.320,1,0.9641708331801968,1311.1690911691244,0.0,
2021-03-17 20:00:33.330,1,1.0845303399621236,1316.1939950409019,0.0,
2021-03-17 20:00:33.340,1,0.9133779723479346,1304.156722282188,0.0,
2021-03-17 20:00:33.350,1,1.1503795068391431,1298.4573064986384,0.0,
2021-03-17 20:00:33.360,1,0.935851633442548,1312.5866683580361,0.0,
2021-03-17 20:00:33.370,1,1.0667596578249965,1313.0313115291813,0.0,
2021-03-17 20:00:33.380,1,0.8320737563793035,1306.8308920420145,0.0,
2021-03-17 20:00:33.390,1,1.1815631632799566,1305.3009178144878,0.0,
2021-03-17 20:00:33.400,1,0.990319477252392,1310.1678590998008,0.0,
2021-03-17 20:00:33.410,1,1.1386577932328128,1302.2299429790064,0.0,
2021-03-17 20:00:33.420,1,1.1888225416826403,1315.1860513007014,0.0,
2021-03-17 20:00:33.430,1,1.1932160163483694,1303.7191236682804,0.0,
2021-03-17 20:00:33.440,1,1.1678265559004088,1305.3397267841542,0.0,
2021-03-17 20:00:33.450,1,0.8946052218803134,1300.4372588661035,0.0,
2021-03-17 20:00:33.460,1,0.8771240397286522,1300.1742120159124,0.0,
2021-03-17 20:00:33.470,1,1.02170481352875,1302.6788469326684,0.0,
2021-03-17 20:00:33.480,1,0.8446259977360905,1299.3380881970236,0.0,
2021-03-17 20:00:33.490,1,0.9933674918918036,1303.0514372463879,0.0,
2021-03-17 20:00:33.500,1,1.0175950770044329,1299.3108223432955,0.0,
2021-03-17 20:00:33.510,1,0.9507892749698572,1290.764694989579,0.0,
2021-03-17 20:00:33.520,1,1.0214996411750228,1308.1212113426327,0.0,
2021-03-17 20:00:33.530,1,1.1508640490726885,1308.7851278456214,0.0,
2021-03-17 20:00:33.540,1,0.8282994563254886,1303.0058730858984,0.0,
2021-03-17 20:00:33.550,1,1.0539156034023964,1309.1254806923048,0.0,
2021-03-17 20:00:33.560,1,1.017910603535897,1312.885379628611,0.0,
2021-03-17 20:00:33.570,1,0.98614764853303,1306.0655421079045,0.0,
2021-03-17 20:00:33.580,1,0.9489560984708116,1303.2450954759006,0.0,
2021-03-17 20:00:33.590,1,0.9750001616688748,1314.8896801744645,0.0,
2021-03-17 20:00:33.600,1,1.0968927821741228,1309.5584525093159,0.0,
2021-03-17 20:00:33.610,1,0.9022854990610008,1295.8514743402566,0.0,
2021-03-17 20:00:33.620,1,0.8785978998749611,1311.792142896582,0.0,
2021-03-17 20:00:33.630,1,0.7959037737379849,1311.96224454131,0.0,
2021-03-17 20:00:33.640,1,0.9330268351343496,1322.2030983091624,0.0,
2021-03-17 20:00:33.650,1,0.9299814167755828,1327.95903854612,0.0,
2021-03-17 20:00:33.660,1,1.0587953245027455,1313.4713626105854,0.0,
2021-03-17 20:00:33.670,1,0.8526982321783639,1316.456649937582,0.0,
2021-03-17 20:00:33.680,1,0.7302625490558482,1313.2831490948538,0.0,
2021-03-17 20:00:33.690,1,0.9843371228247976,1328.7257752564599,0.0,
2021-03-17 20:00:33.700,1,0.9694950638295154,1321.5476625709075,0.0,
2021-03-17 20:00:33.710,1,0.9941366755065004,1331.4267808688478,0.0,
2021-03-17 20:00:33.720,1,0.9275858975738904,1320.9796884914458,0.0,
2021-03-17 20:00:33.730,1,1.000982910015749,1312.893313446656,0.0,
2021-03-17 20:00:33.740,1,0.9829397850254395,1316.1929469836625,0.0,
2021-03-17 20:00:33.750,1,0.8853313766707869,1323.3375293502852,0.0,
2021-03-17 20:00:33.760,1,0.8318510822809259,1336.888555147462,0.0,
2021-03-17 20:00:33.770,1,0.97844261583154,1326.4198186978842,0.0,
2021-03-17 20:00:33.780,1,1.006394204283609,1335.4512743749824,0.0,
2021-03-17 20:00:33.790,1,1.014472051284676,1331.6603905985373,0.0,
2021-03-17 20:00:33.800,1,0.8591625418549752,1336.2690981434082,0.0,
2021-03-17 20:00:33.810,1,0.6970936159771797,1326.6367293458584,0.0,
2021-03-17 20:00:33.820,1,0.6974085527914768,1337.0165894057006,0.0,
2021-03-17 20:00:33.830,1,0.6980580360383938,1330.2458295760985,0.0,
2021-03-17 20:00:33.840,1,0.9784208577698026,1325.8986192021969,0.0,
2021-03-17 20:00:33.850,1,0.9136837330782924,1327.97834840759,0.0,
2021-03-17 20:00:33.860,1,0.8407825988858467,1334.7433222508894,0.0,
2021-03-17 20:00:33.870,1,0.7140149285370739,1320.2715014692747,0.0,
2021-03-17 20:00:33.880,1,0.8034195565221844,1340.9575140454276,0.0,
2021-03-17 20:00:33.890,1,0.9593296507350731,1329.6192301164333,0.0,
2021-03-17 20:00:33.900,1,0.7423359765887028,1329.398946295277,0.0,
2021-03-17 20:00:33.910,1,0.7430282249019643,1330.6823037491215,0.0,
2021-03-17 20:00:33.920,1,0.7931525862409524,1336.0573723715445,0.0,
2021-03-17 20:00:33.930,1,0.8682256437285593,1332.2962002013107,0.0,
2021-03-17 20:00:33.940,1,0.7228492593351209,1351.627475031137,0.0,
2021-03-17 20:00:33.950,1,0.7408858046842429,1341.5070998501233,0.0,
2021-03-17 20:00:33.960,1,0.6578837629199483,1337.728852933927,0.0,
2021-03-17 20:00:33.970,1,0.9487027009258384,1344.1546728384888,0.0,
2021-03-17 20:00:33.980,1,0.6419664965692939,1331.4382343892455,0.0,
2021-03-17 20:00:33.990,1,0.8189986585727856,1339.0437913258636,0.0,
2021-03-17 20:00:34.000,1,0.8764954011263536,1342.138380226705,0.0,
2021-03-17 20:00:34.010,1,0.8361436562609229,1339.7407302790673,0.0,
2021-03-17 20:00:34.020,1,0.6338939951551574,1342.769461238096,0.0,
2021-03-17 20:00:34.030,1,0.9279739565884044,1337.4796153456716,0.0,
2021-03-17 20:00:34.040,1,0.8503175061706959,1326.0175879311819,0.0,
2021-03-17 20:00:34.050,1,0.9524754256090836,1329.0542661786646,0.0,
2021-03-17 20:00:34.060,1,0.9429012640527108,1321.1040442816886,0.0,
2021-03-17 20:00:34.070,1,0.9069247341271496,1339.6622228756942,0.0,
2021-03-17 20:00:34.080,1,0.7633901346961378,1329.9720344852867,0.0,
2021-03-17 20:00:34.090,1,0.8139860092880647,1322.122080926024,0.0,
2021-03-17 20:00:34.100,1,0.6841547446088405,1327.8453928671604,0.0,
2021-03-17 20:00:34.110,1,0.6724695328036496,1325.8711462475794,0.0,
2021-03-17 20:00:34.120,1,0.9419028200189856,1331.058065020589,0.0,
2021-03-17 20:00:34.130,1,0.9481573317999268,1333.460013806228,0.0,
2021-03-17 20:00:34.140,1,0.7794038856902568,1336.7895055383929,0.0,
2021-03-17 20:00:34.150,1,0.9171849085803856,1327.4082316062693,0.0,
2021-03-17 20:00:34.160,1,0.7839589197275175,1321.4019378624073,0.0,
2021-03-17 20:00:34.170,1,0.7314661524371541,1330.2271736947694,0.0,
2021-03-17 20:00:34.180,1,0.851717840659208,1335.1054496480358,0.0,
2021-03-17 20:00:34.190,1,0.8094566418270317,1320.4226877899664,0.0,
2021-03-17 20:00:34.200,1,0.7816423266856255,1321.5243930829315,0.0,
2021-03-17 20:00:34.210,1,1.0066016031711222,1334.616756419858,0.0,
2021-03-17 20:00:34.220,1,0.7636709759669856,1331.2440348037574,0.0,
2021-03-17 20:00:34.230,1,0.8694855824519206,1317.263615293042,0.0,
2021-03-17 20:00:34.240,1,1.0278547100149906,1340.1538523780396,0.0,
2021-03-17 20:00:34.250,1,0.9583452636649488,1332.865744389505,0.0,
2021-03-17 20:00:34.260,1,1.0772660931376865,1339.7054839191949,0.0,
2021-03-17 20:00:34.270,1,1.0366626970440491,1329.020288687863,0.0,
2021-03-17 20:00:34.280,1,1.0797375917679155,1321.5969824689466,0.0,
2021-03-17 20:00:34.290,1,1.0241233402598098,1330.1579536985173,0.0,
2021-03-17 20:00:34.300,1,0.8284902372002733,1316.1290452788471,0.0,
2021-03-17 20:00:34.310,1,0.7410045437366783,1318.102408809817,0.0,
2021-03-17 20:00:34.320,1,0.7465086681625099,1327.010029622942,0.0,
2021-03-17 20:00:34.330,1,0.9064339141582872,1334.4742076813172,0.0,
2021-03-17 20:00:34.340,1,0.9974258965817188,1329.2534840034011,0.0,
2021-03-17 20:00:34.350,1,0.988187917332168,1333.9620773867864,0.0,
2021-03-17 20:00:34.360,1,0.971233116835602,1325.5053819717086,0.0,
2021-03-17 20:00:34.370,1,0.9169972119724508,1324.2496336351344,0.0,
2021-03-17 20:00:34.380,1,0.9433354289512548,1333.4462076226055,0.0,
2021-03-17 20:00:34.390,1,0.8282676297663658,1322.3224930751398,0.0,
2021-03-17 20:00:34.400,1,0.8262253841291692,1333.0393010384414,0.0,
2021-03-17 20:00:34.410,1,0.9943559186147214,1347.127230133818,0.0,
2021-03-17 20:00:34.420,1,0.8759615168531879,1339.0531973343234,0.0,
2021-03-17 20:00:34.430,1,0.7844234566895042,1330.6924528180646,0.0,
2021-03-17 20:00:34.440,1,0.9251654582439336,1333.253864844332,0.0,
2021-03-17 20:00:34.450,1,0.8522877480233063,1334.3633865881536,0.0,
2021-03-17 20:00:34.460,1,0.8167519685222868,1339.6252195900074,0.0,
2021-03-17 20:00:34.470,1,1.0442682912306411,1329.969834053549,0.0,
2021-03-17 20:00:34.480,1,0.8963479765369488,1338.8244083506975,0.0,
2021-03-17 20:00:34.490,1,0.7572589651883946,1332.1968543290182,0.0,
2021-03-17 20:00:34.500,1,0.8908915673718928,1345.5307573090736,0.0,
2021-03-17 20:00:34.510,1,0.9335051693883476,1332.8691647469373,0.0,
2021-03-17 20:00:34.520,1,0.8913350189908255,1342.5825862718984,0.0,
2021-03-17 20:00:34.530,1,1.0307435969576235,1344.0240257165262,0.0,
2021-03-17 20:00:34.540,1,0.886560685865796,1348.1477188754457,0.0,
2021-03-17 20:00:34.550,1,0.9859795417612148,1337.1035056854491,0.0,
2021-03-17 20:00:34.560,1,0.7487539996560617,1354.344950350617,0.0,
2021-03-17 20:00:34.570,1,0.9832919611703664,1355.3917289958813,0.0,
2021-03-17 20:00:34.580,1,0.9610529051589828,1350.4989732963627,0.0,
2021-03-17 20:00:34.590,1,0.9876024881847706,1348.3714694591354,0.0,
2021-03-17 20:00:34.600,1,0.8313031486790672,1333.6860138735815,0.0,
2021-03-17 20:00:34.610,1,0.8496322765070345,1351.3681008424035,0.0,
2021-03-17 20:00:34.620,1,0.8454687032221077,1347.7264860146854,0.0,
2021-03-17 20:00:34.630,1,0.9634824079792677,1351.7722775147874,0.0,
2021-03-17 20:00:34.640,1,0.8799483975086924,1352.1658422066455,0.0,
2021-03-17 20:00:34.650,1,0.8181991684417697,1348.3052111873126,0.0,
2021-03-17 20:00:34.660,1,0.9495958614546468,1342.6077971413538,0.0,
2021-03-17 20:00:34.670,1,0.7728204042177532,1356.5792516868648,0.0,
2021-03-17 20:00:34.680,1,0.8651473982116858,1370.644181677138,0.0,
2021-03-17 20:00:34.690,1,0.7170283695533527,1350.3301905399221,0.0,
2021-03-17 20:00:34.700,1,0.8499762161110572,1363.4448723952296,0.0,
2021-03-17 20:00:34.710,1,0.6884306804134306,1360.8957074323355,0.0,
2021-03-17 20:00:34.720,1,0.6878265568207774,1364.3863371376297,0.0,
2021-03-17 20:00:34.730,1,0.7511310754572768,1344.2749702796748,0.0,
2021-03-17 20:00:34.740,1,0.6688169817558409,1354.811943466832,0.0,
2021-03-17 20:00:34.750,1,0.8323461516093862,1371.1768766800733,0.0,
2021-03-17 20:00:34.760,1,0.7039875621375822,1354.6574614803023,0.0,
2021-03-17 20:00:34.770,1,0.749379336079586,1354.8074395158949,0.0,
2021-03-17 20:00:34.780,1,0.8667039464412388,1361.0763304488034,0.0,
2021-03-17 20:00:34.790,1,0.6543080822689088,1363.4558739685158,0.0,
2021-03-17 20:00:34.800,1,0.7477088399507659,1368.2279604746984,0.0,
2021-03-17 20:00:34.810,1,0.8039328673332441,1369.0946875890274,0.0,
2021-03-17 20:00:34.820,1,0.7230452091652764,1358.236779421626,0.0,
2021-03-17 20:00:34.830,1,0.658238373065785,1354.3105970691956,0.0,
2021-03-17 20:00:34.840,1,0.7556164296230085,1361.5041460809516,0.0,
2021-03-17 20:00:34.850,1,0.7887490500236229,1372.580695214551,0.0,
2021-03-17 20:00:34.860,1,0.6214799912964992,1346.4238901909034,0.0,
2021-03-17 20:00:34.870,1,0.6657041580839396,1365.6020011315916,0.0,
2021-03-17 20:00:34.880,1,0.5649602849896335,1358.5418410165648,0.0,
2021-03-17 20:00:34.890,1,0.6433844665933711,1348.7131763160648,0.0,
2021-03-17 20:00:34.900,1,0.6748312438971857,1351.4336847175925,0.0,
2021-03-17 20:00:34.910,1,0.748856600676636,1356.7612854365414,0.0,
2021-03-17 20:00:34.920,1,0.5832109788393877,1359.9660167615868,0.0,
2021-03-17 20:00:34.930,1,0.7587971083796718,1358.542495755131,0.0,
2021-03-17 20:00:34.940,1,0.7227517762454541,1362.8679185850349,0.0,
2021-03-17 20:00:34.950,1,0.7078421589578664,1356.9161700751965,0.0,
2021-03-17 20:00:34.960,1,0.6562023974096128,1358.609252191313,0.0,
2021-03-17 20:00:34.970,1,0.5867243726490026,1348.9069560898959,0.0,
2021-03-17 20:00:34.980,1,0.7636166015261795,1348.0839103601265,0.0,
2021-03-17 20:00:34.990,1,0.579185783921865,1352.2549128647638,0.0,
2021-03-17 20:00:35.000,1,0.6365695987585817,1347.3661937337629,0.0,
2021-03-17 20:00:35.010,1,0.8263757081098492,1359.4779218574347,0.0,
2021-03-17 20:00:35.020,1,0.612766631002241,1345.8323482738076,0.0,
2021-03-17 20:00:35.030,1,0.6013263864904395,1341.697343222489,0.0,
2021-03-17 20:00:35.040,1,0.5871794367858068,1351.1640037094933,0.0,
2021-03-17 20:00:35.050,1,0.7150833265211944,1346.6984740121452,0.0,
2021-03-17 20:00:35.060,1,0.8293794779705375,1343.9848969709506,0.0,
2021-03-17 20:00:35.070,1,0.8126048138629857,1343.0930236718934,0.0,
2021-03-17 20:00:35.080,1,0.843495849960396,1345.8005097839184,0.0,
2021-03-17 20:00:35.090,1,0.7589645939044469,1359.5585185762932,0.0,
2021-03-17 20:00:35.100,1,0.7920237954683516,1327.9790410090447,0.0,
2021-03-17 20:00:35.110,1,0.8715309366478388,1337.2428832501496,0.0,
2021-03-17 20:00:35.120,1,0.7418951402632701,1330.2698377126505,0.0,
2021-03-17 20:00:35.130,1,0.6409306922239275,1323.5103837265185,0.0,
2021-03-17 20:00:35.140,1,0.6932623174323566,1333.7241296168452,0.0,
2021-03-17 20:00:35.150,1,0.8761086673922873,1331.6512198697224,0.0,
2021-03-17 20:00:35.160,1,0.7157464269054805,1331.995347844337,0.0,
2021-03-17 20:00:35.170,1,0.9447685054084284,1341.067326843445,0.0,
2021-03-17 20:00:35.180,1,0.9706462538085472,1330.3975591886015,0.0,
2021-03-17 20:00:35.190,1,0.7205900992614882,1328.6422017169225,0.0,
2021-03-17 20:00:35.200,1,0.9295955993265218,1324.5355859770525,0.0,
2021-03-17 20:00:35.210,1,0.706615039078243,1325.0683685313445,0.0,
2021-03-17 20:00:35.220,1,0.899583448715287,1322.5359084467298,0.0,
2021-03-17 20:00:35.230,1,1.0041397577929356,1334.3909951847922,0.0,
2021-03-17 20:00:35.240,1,0.9254533047914244,1319.778118808672,0.0,
2021-03-17 20:00:35.250,1,0.8986385073691379,1328.1393209118096,0.0,
2021-03-17 20:00:35.260,1,1.023764568510754,1332.2184416353066,0.0,
2021-03-17 20:00:35.270,1,0.7583465809622011,1319.2897938154902,0.0,
2021-03-17 20:00:35.280,1,0.9484108797315908,1329.0063307929288,0.0,
2021-03-17 20:00:35.290,1,0.8562381155937397,1323.115551944694,0.0,
2021-03-17 20:00:35.300,1,0.8231951362196406,1326.5280656282691,0.0,
2021-03-17 20:00:35.310,1,0.8272754119217773,1321.9552477156005,0.0,
2021-03-17 20:00:35.320,1,1.0920561659617212,1322.3987465651967,0.0,
2021-03-17 20:00:35.330,1,1.072453614859543,1314.7480934882044,0.0,
2021-03-17 20:00:35.340,1,0.9861607485941476,1314.577823835139,0.0,
2021-03-17 20:00:35.350,1,0.9680915037643558,1329.266210190408,0.0,
2021-03-17 20:00:35.360,1,1.140304093629295,1325.286001357038,0.0,
2021-03-17 20:00:35.370,1,1.1772927724318198,1321.4099853549287,0.0,
2021-03-17 20:00:35.380,1,0.9737240939535408,1320.7101987626465,0.0,
2021-03-17 20:00:35.390,1,1.0297809065859416,1322.8755702779588,0.0,
2021-03-17 20:00:35.400,1,0.9420402494829546,1326.0752460226108,0.0,
2021-03-17 20:00:35.410,1,0.8943832486797416,1328.8066901064365,0.0,
2021-03-17 20:00:35.420,1,0.8707322946291275,1327.5632828530631,0.0,
2021-03-17 20:00:35.430,1,0.9430565375099728,1323.0788321937378,0.0,
2021-03-17 20:00:35.440,1,0.9908888954010217,1325.4680220603036,0.0,
2021-03-17 20:00:35.450,1,0.9566361234466784,1327.69446263843,0.0,
2021-03-17 20:00:35.460,1,0.8709445343500094,1318.391860300895,0.0,
2021-03-17 20:00:35.470,1,0.8497031031958935,1328.9619414582148,0.0,
2021-03-17 20:00:35.480,1,1.0242872252053867,1331.8490021353105,0.0,
2021-03-17 20:00:35.490,1,1.1070460308278436,1322.248419959527,0.0,
2021-03-17 20:00:35.500,1,0.8124533866576171,1344.3862826630595,0.0,
2021-03-17 20:00:35.510,1,0.9591826561927326,1324.5431388847894,0.0,
2021-03-17 20:00:35.520,1,1.0956985767436365,1340.3768123711106,0.0,
2021-03-17 20:00:35.530,1,0.9419328406105252,1341.9078375994886,0.0,
2021-03-17 20:00:35.540,1,1.0270390410958086,1322.6341682949408,0.0,
2021-03-17 20:00:35.550,1,0.9515524680349418,1324.5947047922211,0.0,
2021-03-17 20:00:35.560,1,0.8602467469446798,1346.1002421144585,0.0,
2021-03-17 20:00:35.570,1,0.990951579341822,1339.064317077899,0.0,
2021-03-17 20:00:35.580,1,1.063252449935938,1330.1533147377547,0.0,
2021-03-17 20:00:35.590,1,1.2027499835474127,1348.485615491747,0.0,
2021-03-17 20:00:35.600,1,1.1816991936537795,1332.9989649804586,0.0,
2021-03-17 20:00:35.610,1,0.8131955269102944,1343.5352571433648,0.0,
2021-03-17 20:00:35.620,1,1.1632600828213593,1341.0134851771452,0.0,
2021-03-17 20:00:35.630,1,0.8956049401955124,1338.7055894276766,0.0,
2021-03-17 20:00:35.640,1,0.9899348946530396,1355.5354257498252,0.0,
2021-03-17 20:00:35.650,1,1.1588672534090725,1341.4905825098333,0.0,
2021-03-17 20:00:35.660,1,1.1252297095992227,1366.8318028925976,0.0,
2021-03-17 20:00:35.670,1,0.9586286905483647,1357.1050718451995,0.0,
2021-03-17 20:00:35.680,1,1.0167646489734328,1349.4325882119906,0.0,
2021-03-17 20:00:35.690,1,0.9571887861288132,1357.0234591244914,0.0,
2021-03-17 20:00:35.700,1,0.7802549439137217,1345.2144895332328,0.0,
2021-03-17 20:00:35.710,1,0.8954513671559228,1348.82901676472,0.0,
2021-03-17 20:00:35.720,1,0.7845000257879798,1348.7722035107874,0.0,
2021-03-17 20:00:35.730,1,1.0528867313198578,1362.8691146893875,0.0,
2021-03-17 20:00:35.740,1,0.7618002469938838,1357.0563019776164,0.0,
2021-03-17 20:00:35.750,1,1.07399617004239,1355.454487073575,0.0,
2021-03-17 20:00:35.760,1,0.8427578757780337,1372.2889354547365,0.0,
2021-03-17 20:00:35.770,1,0.9652427511190704,1354.4332731472894,0.0,
2021-03-17 20:00:35.780,1,1.0646825419188368,1364.781453479001,0.0,
2021-03-17 20:00:35.790,1,0.8415011607218853,1351.4885924062378,0.0,
2021-03-17 20:00:35.800,1,1.0600728748917605,1341.3825127098974,0.0,
2021-03-17 20:00:35.810,1,1.0192105411201735,1360.5042456774988,0.0,
2021-03-17 20:00:35.820,1,1.1259130639044397,1355.885263363013,0.0,
2021-03-17 20:00:35.830,1,0.9147307668798964,1359.3994498129373,0.0,
2021-03-17 20:00:35.840,1,0.9412539281525608,1376.5839330076624,0.0,
2021-03-17 20:00:35.850,1,0.8916312400156886,1383.780839575843,0.0,
2021-03-17 20:00:35.860,1,1.128837839091732,1366.9193635808315,0.0,
2021-03-17 20:00:35.870,1,1.0591197127734806,1359.800891868523,0.0,
2021-03-17 20:00:35.880,1,0.8668759344407019,1364.0655703404261,0.0,
2021-03-17 20:00:35.890,1,1.057116824242558,1361.282058767874,0.0,
2021-03-17 20:00:35.900,1,0.9749054445340978,1366.144784349408,0.0,
2021-03-17 20:00:35.910,1,1.073901609801663,1363.1698564540795,0.0,
2021-03-17 20:00:35.920,1,1.0287707699647293,1354.50951387561,0.0,
2021-03-17 20:00:35.930,1,0.8890933240836696,1357.5596068420775,0.0,
2021-03-17 20:00:35.940,1,0.9157077918131468,1356.951784653315,0.0,
2021-03-17 20:00:35.950,1,0.9914199366349378,1361.1033785296738,0.0,
2021-03-17 20:00:35.960,1,0.7917523436763196,1365.4738703949167,0.0,
2021-03-17 20:00:35.970,1,0.7607552617623617,1364.8997690544247,0.0,
2021-03-17 20:00:35.980,1,0.9259390656050742,1357.6276356205126,0.0,
2021-03-17 20:00:35.990,1,1.157153450885981,1361.5084071620004,0.0,
2021-03-17 20:00:36.000,1,0.9883659953606004,1369.780819761169,0.0,
2021-03-17 20:00:36.010,1,1.1405710585688498,1358.1824203127564,0.0,
2021-03-17 20:00:36.020,1,1.0951083504963883,1363.4700395413513,0.0,
2021-03-17 20:00:36.030,1,1.0543351482093974,1369.6560306838267,0.0,
2021-03-17 20:00:36.040,1,0.9097179443360084,1362.7827065009967,0.0,
2021-03-17 20:00:36.050,1,1.0641575044721907,1361.7325198455435,0.0,
2021-03-17 20:00:36.060,1,1.093619732323198,1353.7193720171053,0.0,
2021-03-17 20:00:36.070,1,0.8251280602090372,1361.8156891070325,0.0,
2021-03-17 20:00:36.080,1,1.1510227457757636,1377.3717737805282,0.0,
2021-03-17 20:00:36.090,1,0.9763575576582622,1356.6711977184705,0.0,
2021-03-17 20:00:36.100,1,1.2461148525393018,1344.0499352375364,0.0,
2021-03-17 20:00:36.110,1,1.227020646621478,1348.8138990583495,0.0,
2021-03-17 20:00:36.120,1,0.9679814581800372,1358.8328895204872,0.0,
2021-03-17 20:00:36.130,1,1.1866148647357584,1350.854322771023,0.0,
2021-03-17 20:00:36.140,1,1.214163322503957,1365.916229417623,0.0,
2021-03-17 20:00:36.150,1,0.95615150700497,1352.1320953819177,0.0,
2021-03-17 20:00:36.160,1,1.1111099198429706,1360.4450808089516,0.0,
2021-03-17 20:00:36.170,1,1.038092776301436,1344.845098450811,0.0,
2021-03-17 20:00:36.180,1,0.9276251483949736,1359.1844498712028,0.0,
2021-03-17 20:00:36.190,1,1.2636960585399022,1355.59714601589,0.0,
2021-03-17 20:00:36.200,1,1.1008318262260552,1363.809550561221,0.0,
2021-03-17 20:00:36.210,1,1.2279645251713305,1369.3198516690434,0.0,
2021-03-17 20:00:36.220,1,1.1190713581179206,1359.7373398466866,0.0,
2021-03-17 20:00:36.230,1,1.2960121807439648,1355.628657330327,0.0,
2021-03-17 20:00:36.240,1,1.2679365310477275,1355.5169948345986,0.0,
2021-03-17 20:00:36.250,1,1.132862176380933,1358.8374263172666,0.0,
2021-03-17 20:00:36.260,1,1.3515376724329926,1379.1583348550214,0.0,
2021-03-17 20:00:36.270,1,1.2888240349928677,1367.2087376880236,0.0,
2021-03-17 20:00:36.280,1,1.1827346636311158,1361.402334513018,0.0,
2021-03-17 20:00:36.290,1,1.2155725333063396,1360.4193490294126,0.0,
2021-03-17 20:00:36.300,1,1.349906529987048,1367.8280179493365,0.0,
2021-03-17 20:00:36.310,1,1.2993872230792072,1354.410460404225,0.0,
2021-03-17 20:00:36.320,1,1.3586904552744603,1367.975989104195,0.0,
2021-03-17 20:00:36.330,1,1.1105249698242392,1371.1896210583839,0.0,
2021-03-17 20:00:36.340,1,1.0802248723791104,1358.9648741691715,0.0,
2021-03-17 20:00:36.350,1,1.1397663525945096,1367.4448160991196,0.0,
2021-03-17 20:00:36.360,1,1.1292444094173684,1365.5309001174635,0.0,
2021-03-17 20:00:36.370,1,1.1708214977059093,1364.6242342483506,0.0,
2021-03-17 20:00:36.380,1,1.2603652965861054,1374.6842331942817,0.0,
2021-03-17 20:00:36.390,1,1.2700319928455253,1369.5368954502414,0.0,
2021-03-17 20:00:36.400,1,1.4873607286043469,1365.3316462447979,0.0,
2021-03-17 20:00:36.410,1,1.1822435570269216,1367.7426322992728,0.0,
2021-03-17 20:00:36.420,1,1.0422404685638822,1372.6032408260514,0.0,
2021-03-17 20:00:36.430,1,1.1862228900784897,1379.2407141661413,0.0,
2021-03-17 20:00:36.440,1,1.4400327438552618,1371.7174282903802,0.0,
2021-03-17 20:00:36.450,1,1.2023549013117194,1385.6604798886679,0.0,
2021-03-17 20:00:36.460,1,1.4042261566429626,1381.1712316643827,0.0,
2021-03-17 20:00:36.470,1,1.4950079817165047,1379.1752183811084,0.0,
2021-03-17 20:00:36.480,1,1.159899156289454,1379.0625436540454,0.0,
2021-03-17 20:00:36.490,1,1.2047402764312989,1381.608334475914,0.0,
2021-03-17 20:00:36.500,1,1.2743191299730778,1386.1866990678748,0.0,
2021-03-17 20:00:36.510,1,1.1329110480346167,1380.8774615832126,0.0,
2021-03-17 20:00:36.520,1,1.4167318154165411,1385.5013010322964,0.0,
2021-03-17 20:00:36.530,1,1.330967757937032,1375.2344523261775,0.0,
2021-03-17 20:00:36.540,1,1.2087428713305872,1378.1295689931906,0.0,
2021-03-17 20:00:36.550,1,1.3641933303874962,1387.0371123883267,0.0,
2021-03-17 20:00:36.560,1,1.2559950063399414,1382.4613546591552,0.0,
2021-03-17 20:00:36.570,1,1.1761093747374831,1391.9919530756895,0.0,
2021-03-17 20:00:36.580,1,1.1835756697488142,1373.116938848249,0.0,
2021-03-17 20:00:36.590,1,1.1650773163775638,1400.3101328416226,0.0,
2021-03-17 20:00:36.600,1,1.3890088780720908,1395.5107004341417,0.0,
2021-03-17 20:00:36.610,1,1.4554398213824549,1396.3106213484452,0.0,
2021-03-17 20:00:36.620,1,1.2614721341610915,1393.9255957073376,0.0,
2021-03-17 20:00:36.630,1,1.1583704506243362,1387.3118129259274,0.0,
2021-03-17 20:00:36.640,1,1.004230027682952,1395.2254315484977,0.0,
2021-03-17 20:00:36.650,1,1.0615888743518171,1392.1365135843066,0.0,
2021-03-17 20:00:36.660,1,1.0087432085042218,1392.2229148357162,0.0,
2021-03-17 20:00:36.670,1,1.2216802117280718,1397.1846332474302,0.0,
2021-03-17 20:00:36.680,1,0.9475024845782928,1404.0315098482508,0.0,
2021-03-17 20:00:36.690,1,1.1446134581233616,1398.3082045012438,0.0,
2021-03-17 20:00:36.700,1,1.0538773818469644,1400.3588817416946,0.0,
2021-03-17 20:00:36.710,1,1.0455717538281382,1400.6321482496328,0.0,
2021-03-17 20:00:36.720,1,1.0711347674215443,1396.3626778452106,0.0,
2021-03-17 20:00:36.730,1,1.2813291170947356,1395.13909066738,0.0,
2021-03-17 20:00:36.740,1,1.3134343484737885,1400.994137328646,0.0,
2021-03-17 20:00:36.750,1,0.9728497305721072,1395.4777429091794,0.0,
2021-03-17 20:00:36.760,1,0.9895504382232186,1404.4284348321246,0.0,
2021-03-17 20:00:36.770,1,1.157592569520856,1393.6477825065303,0.0,
2021-03-17 20:00:36.780,1,0.9793708587724258,1388.3500625612885,0.0,
2021-03-17 20:00:36.790,1,1.315134475779876,1400.643435541098,0.0,
2021-03-17 20:00:36.800,1,0.9237184834331222,1406.0635092290545,0.0,
2021-03-17 20:00:36.810,1,0.9489805476615096,1389.9638998116434,0.0,
2021-03-17 20:00:36.820,1,1.2517834335813522,1393.7130388727155,0.0,
2021-03-17 20:00:36.830,1,1.1893602185777103,1399.7363678432157,0.0,
2021-03-17 20:00:36.840,1,1.1544018644265577,1403.378274509563,0.0,
2021-03-17 20:00:36.850,1,1.2669337630989017,1379.9417727419311,0.0,
2021-03-17 20:00:36.860,1,1.056456086601136,1405.3507204553182,0.0,
2021-03-17 20:00:36.870,1,0.9963875126761812,1392.112966879775,0.0,
2021-03-17 20:00:36.880,1,1.1276732370038305,1383.061745600873,0.0,
2021-03-17 20:00:36.890,1,0.8852010603633651,1386.7035192835642,0.0,
2021-03-17 20:00:36.900,1,1.1968188220155696,1386.5753064983978,0.0,
2021-03-17 20:00:36.910,1,1.1594977847550727,1387.0682827904413,0.0,
2021-03-17 20:00:36.920,1,1.244282770288251,1382.091303911908,0.0,
2021-03-17 20:00:36.930,1,1.0153664470671429,1388.9828717795374,0.0,
2021-03-17 20:00:36.940,1,1.053783946028264,1391.489341500003,0.0,
2021-03-17 20:00:36.950,1,0.909339215685182,1393.8600635181565,0.0,
2021-03-17 20:00:36.960,1,0.8546647329408303,1381.4922847851435,0.0,
2021-03-17 20:00:36.970,1,0.9542479206293284,1389.6072933718024,0.0,
2021-03-17 20:00:36.980,1,0.8477047245621401,1372.843923603927,0.0,
2021-03-17 20:00:36.990,1,0.9935146762377765,1376.990688398024,0.0,
2021-03-17 20:00:37.000,1,1.02423854070805,1379.9470091128235,0.0,
2021-03-17 20:00:37.010,1,1.204842225016165,1376.9594552636515,0.0,
2021-03-17 20:00:37.020,1,0.8437423065905048,1367.5130685688355,0.0,
2021-03-17 20:00:37.030,1,1.2444800002076513,1370.9909479276794,0.0,
2021-03-17 20:00:37.040,1,1.158353871286783,1375.916651698758,0.0,
2021-03-17 20:00:37.050,1,0.9277515853948076,1376.298999529495,0.0,
2021-03-17 20:00:37.060,1,1.2113496521226184,1379.0644008886165,0.0,
2021-03-17 20:00:37.070,1,0.8443767925651902,1370.7268528009124,0.0,
2021-03-17 20:00:37.080,1,1.0657285006977435,1372.5405611595447,0.0,
2021-03-17 20:00:37.090,1,1.239967691588853,1375.8579215097527,0.0,
2021-03-17 20:00:37.100,1,1.1738918736764985,1365.4186025517415,0.0,
2021-03-17 20:00:37.110,1,0.9330923960825738,1365.9028773294024,0.0,
2021-03-17 20:00:37.120,1,1.1836909984681014,1367.7477446168252,0.0,
2021-03-17 20:00:37.130,1,0.9911033799138828,1369.1971463415584,0.0,
2021-03-17 20:00:37.140,1,1.225568282609464,1357.2987475962225,0.0,
2021-03-17 20:00:37.150,1,1.2896992190026435,1358.5847750170649,0.0,
2021-03-17 20:00:37.160,1,0.9903034029902033,1364.0620893305654,0.0,
2021-03-17 20:00:37.170,1,1.2884688204431451,1366.8991370154629,0.0,
2021-03-17 20:00:37.180,1,1.2366627714465406,1362.586055971254,0.0,
2021-03-17 20:00:37.190,1,0.9816773388000258,1360.4230428670962,0.0,
2021-03-17 20:00:37.200,1,1.211390256142368,1358.3695704600354,0.0,
2021-03-17 20:00:37.210,1,0.8912357047177106,1373.10385941592,0.0,
2021-03-17 20:00:37.220,1,1.2812656300543757,1350.999713100895,0.0,
2021-03-17 20:00:37.230,1,1.0999440594422596,1350.0174814269387,0.0,
2021-03-17 20:00:37.240,1,1.0733700765663892,1358.2449636741744,0.0,
2021-03-17 20:00:37.250,1,1.2416302996403974,1367.679109786309,0.0,
2021-03-17 20:00:37.260,1,1.1583957583781157,1369.4602907890805,0.0,
2021-03-17 20:00:37.270,1,1.1649854328718294,1355.2124335595067,0.0,
2021-03-17 20:00:37.280,1,1.0854609240552422,1349.5159454636093,0.0,
2021-03-17 20:00:37.290,1,1.22026124941572,1348.9519220517568,0.0,
2021-03-17 20:00:37.300,1,1.0612064820524392,1355.241397056823,0.0,
2021-03-17 20:00:37.310,1,1.2109652925361487,1366.3798593011031,0.0,
2021-03-17 20:00:37.320,1,1.2716557678400708,1349.881565003289,0.0,
2021-03-17 20:00:37.330,1,1.1219457930995054,1350.4799762075286,0.0,
2021-03-17 20:00:37.340,1,0.9603739163091471,1360.1470214727126,0.0,
2021-03-17 20:00:37.350,1,1.2339942722932655,1362.8035263117665,0.0,
2021-03-17 20:00:37.360,1,1.3321969669808582,1345.2176694764137,0.0,
2021-03-17 20:00:37.370,1,0.9236550138422668,1352.00999957538,0.0,
2021-03-17 20:00:37.380,1,1.2521318779354034,1353.0584973907005,0.0,
2021-03-17 20:00:37.390,1,1.0948139657698932,1357.538170838146,0.0,
2021-03-17 20:00:37.400,1,0.9548971774498428,1364.5337095844302,0.0,
2021-03-17 20:00:37.410,1,1.046431703948813,1359.1929157570987,0.0,
2021-03-17 20:00:37.420,1,1.223059820918853,1343.340664660618,0.0,
2021-03-17 20:00:37.430,1,1.1674777033572683,1344.525698187023,0.0,
2021-03-17 20:00:37.440,1,1.2343711025460995,1354.4144550648282,0.0,
2021-03-17 20:00:37.450,1,1.1494224683720848,1369.4829318445782,0.0,
2021-03-17 20:00:37.460,1,0.9646780247056352,1356.2562820867367,0.0,
2021-03-17 20:00:37.470,1,1.2318445786654209,1364.1113528279511,0.0,
2021-03-17 20:00:37.480,1,1.112608728745902,1375.1378337844808,0.0,
2021-03-17 20:00:37.490,1,1.1261666252461917,1378.0492427820718,0.0,
2021-03-17 20:00:37.500,1,1.0347069324768263,1359.9074161863173,0.0,
2021-03-17 20:00:37.510,1,1.2686885010943203,1379.1928892528845,0.0,
2021-03-17 20:00:37.520,1,1.0232585144632949,1368.335795872466,0.0,
2021-03-17 20:00:37.530,1,1.3065446943602173,1354.5566736064998,0.0,
2021-03-17 20:00:37.540,1,0.8784382363280522,1364.8927790316818,0.0,
2021-03-17 20:00:37.550,1,1.2437702430851998,1370.1365908624546,0.0,
2021-03-17 20:00:37.560,1,1.0238226158167347,1374.4429778074289,0.0,
2021-03-17 20:00:37.570,1,1.1315897642530277,1362.2434074477226,0.0,
2021-03-17 20:00:37.580,1,0.9533306597552604,1375.2101152868793,0.0,
2021-03-17 20:00:37.590,1,1.164273938193066,1368.3015861046879,0.0,
2021-03-17 20:00:37.600,1,0.8708635334812577,1375.1095796176278,0.0,
2021-03-17 20:00:37.610,1,1.0588591361708657,1376.6566558556979,0.0,
2021-03-17 20:00:37.620,1,1.2249191042996983,1374.861919361702,0.0,
2021-03-17 20:00:37.630,1,0.952254712562062,1376.9340874085678,0.0,
2021-03-17 20:00:37.640,1,0.9004891129332409,1375.3964118237188,0.0,
2021-03-17 20:00:37.650,1,1.0706885030388495,1382.0155527228146,0.0,
2021-03-17 20:00:37.660,1,0.9487810457640008,1362.4108249304693,0.0,
2021-03-17 20:00:37.670,1,0.8308699194928381,1381.513654168284,0.0,
2021-03-17 20:00:37.680,1,0.817503531146878,1383.3097942052689,0.0,
2021-03-17 20:00:37.690,1,1.0528894501562365,1379.4139155076432,0.0,
2021-03-17 20:00:37.700,1,0.7954950627682077,1373.7550640992322,0.0,
2021-03-17 20:00:37.710,1,0.9395735220834516,1374.876598309817,0.0,
2021-03-17 20:00:37.720,1,0.8117899540407333,1386.2053688402539,0.0,
2021-03-17 20:00:37.730,1,0.9463606629146608,1379.9303331328629,0.0,
2021-03-17 20:00:37.740,1,0.9063875338145456,1383.3207134458112,0.0,
2021-03-17 20:00:37.750,1,1.0934710703692598,1385.904373463704,0.0,
2021-03-17 20:00:37.760,1,0.8814675732415197,1387.3728270537865,0.0,
2021-03-17 20:00:37.770,1,0.9035442867799685,1378.8193038658176,0.0,
2021-03-17 20:00:37.780,1,0.9850759798871104,1370.3176774464512,0.0,
2021-03-17 20:00:37.790,1,0.9622090418327331,1380.35924459309,0.0,
2021-03-17 20:00:37.800,1,0.947014123816826,1381.677868906722,0.0,
2021-03-17 20:00:37.810,1,0.7890501753315501,1378.9576214769415,0.0,
2021-03-17 20:00:37.820,1,0.7818305404114091,1380.4946233606408,0.0,
2021-03-17 20:00:37.830,1,0.8815444270816973,1381.1741693327015,0.0,
2021-03-17 20:00:37.840,1,0.8704970059977768,1370.8322315025619,0.0,
2021-03-17 20:00:37.850,1,0.7588355883545719,1385.9098888004908,0.0,
2021-03-17 20:00:37.860,1,0.9701346312353076,1381.4553095597892,0.0,
2021-03-17 20:00:37.870,1,0.7747275680329252,1377.0908947719513,0.0,
2021-03-17 20:00:37.880,1,0.7815530469670932,1387.3218954459387,0.0,
2021-03-17 20:00:37.890,1,0.8491743763125024,1371.6872055399742,0.0,
2021-03-17 20:00:37.900,1,0.8976775367516799,1373.6324953937662,0.0,
2021-03-17 20:00:37.910,1,0.703817291169356,1381.3303948247005,0.0,
2021-03-17 20:00:37.920,1,0.7749562843170053,1381.7428104826172,0.0,
2021-03-17 20:00:37.930,1,0.7137561130518745,1375.8848518572925,0.0,
2021-03-17 20:00:37.940,1,0.9469482481706264,1363.3615529630285,0.0,
2021-03-17 20:00:37.950,1,0.9006353172369024,1371.3250327187732,0.0,
2021-03-17 20:00:37.960,1,0.6717892341622922,1375.0269947350323,0.0,
2021-03-17 20:00:37.970,1,0.8938083500481007,1365.1986329651625,0.0,
2021-03-17 20:00:37.980,1,0.9203956488878022,1373.7177344710185,0.0,
2021-03-17 20:00:37.990,1,0.7416329545981689,1370.911918261482,0.0,
2021-03-17 20:00:38.000,0,0.7933695415162934,1368.439617709994,0.0,
2021-03-17 20:00:38.010,0,0.6766647762184397,1371.7615698645782,0.0,
2021-03-17 20:00:38.020,0,0.9277042788677876,1378.4236130183288,0.0,
2021-03-17 20:00:38.030,0,0.8626383890407738,1369.6232688133555,0.0,
2021-03-17 20:00:38.040,0,0.9241754897677644,1385.6121101311155,0.0,
2021-03-17 20:00:38.050,0,0.7501789198585572,1372.4899430994594,0.0,
2021-03-17 20:00:38.060,0,0.719466612924208,1363.7990602677992,0.0,
2021-03-17 20:00:38.070,0,0.9550062409383764,1365.2968971188914,0.0,
2021-03-17 20:00:38.080,0,0.8138838137515467,1374.4185592536942,0.0,
2021-03-17 20:00:38.090,0,0.7896475657082228,1368.6907737233569,0.0,
2021-03-17 20:00:38.100,0,0.7405700585459101,1365.6413893115691,0.0,
2021-03-17 20:00:38.110,0,0.8412715517018895,1368.7449932706302,0.0,
2021-03-17 20:00:38.120,0,0.8182962162819551,1362.0747081612794,0.0,
2021-03-17 20:00:38.130,0,0.9285469618138378,1336.127361755988,0.0,
2021-03-17 20:00:38.140,0,0.7283197129197538,1317.3920754402204,0.0,
2021-03-17 20:00:38.150,0,0.7019573490317451,1279.3638640759268,0.0,
2021-03-17 20:00:38.160,0,0.7608095482428069,1223.1960324298427,0.0,
2021-03-17 20:00:38.170,0,0.6101877384497754,1177.2282907454116,0.0,
2021-03-17 20:00:38.180,0,0.8305518914206836,1128.0444373809614,0.0,
2021-03-17 20:00:38.190,0,0.8189533776600436,1069.1185193214772,0.0,
2021-03-17 20:00:38.200,0,0.5966854555709731,1018.5983734740947,0.0,
2021-03-17 20:00:38.210,0,0.7193738587510642,947.5951678642004,0.0,
2021-03-17 20:00:38.220,0,0.8741214261762759,890.1353507440025,0.0,
2021-03-17 20:00:38.230,0,0.6026406938530855,841.8717827453837,0.0,
2021-03-17 20:00:38.240,0,0.470184868224751,777.2669978315608,0.0,
2021-03-17 20:00:38.250,0,0.4681091132487849,719.5481438919858,0.0,
2021-03-17 20:00:38.260,0,0.4146872342997467,670.2886194044363,0.0,
2021-03-17 20:00:38.270,0,0.3883614669546,610.4102063612743,0.0,
2021-03-17 20:00:38.280,0,0.3656750277960535,563.910061410122,0.0,
2021-03-17 20:00:38.290,0,0.4281338064767328,510.30833962170027,0.0,
2021-03-17 20:00:38.300,0,0.2699166986517121,466.6421788496559,0.0,
2021-03-17 20:00:38.310,0,0.2656564911737231,417.7526705017863,0.0,
2021-03-17 20:00:38.320,0,0.3192784445908393,376.30427870517684,0.0,
2021-03-17 20:00:38.330,0,0.2562655004924606,334.6345878499592,1.0,
2021-03-17 20:00:38.340,0,0.2403357667028324,302.600589876096,1.0,
2021-03-17 20:00:38.350,0,0.2185281708204742,266.93276360847517,1.0,
2021-03-17 20:00:38.360,0,0.1977079170351289,232.7449884036889,1.0,
2021-03-17 20:00:38.370,0,0.1401482881199441,206.1201341879014,1.0,
2021-03-17 20:00:38.380,0,0.117710017362347,177.71641553231098,1.0,
2021-03-17 20:00:38.390,0,0.0905719347646486,151.93097816331772,2.0,
2021-03-17 20:00:38.400,0,0.0804641370166166,127.95453655167715,2.0,
2021-03-17 20:00:38.410,0,0.0654741488189071,109.43354530794615,2.0,
2021-03-17 20:00:38.420,0,0.0714885190237537,90.90590274595584,2.0,
2021-03-17 20:00:38.430,0,0.0590199509920848,73.4235196361475,2.0,
2021-03-17 20:00:38.440,0,0.0453987189317352,58.850317764477,2.0,
2021-03-17 20:00:38.450,0,0.0362392282997321,45.10497879658485,2.0,
2021-03-17 20:00:38.460,0,0.0299095412371906,33.94270171856643,2.0,
2021-03-17 20:00:38.470,0,0.0155433078998292,22.956334846896876,2.0,
2021-03-17 20:00:38.480,0,0.0107163403305293,13.75395005802415,2.0,
2021-03-17 20:00:38.490,0,0.0034914296319771,5.905923002158621,2.0,
2021-03-17 20:00:38.500,0,-0.0007105270475385,0.0,2.0,
2021-03-17 20:00:38.510,0,0.0011949816124631,0.0,2.0,
2021-03-17 20:00:38.520,0,-0.0141992047779605,0.0,2.0,
2021-03-17 20:00:38.530,0,-0.008743855164612,0.0,2.0,
2021-03-17 20:00:38.540,0,-0.0174080699683205,0.0,2.0,
2021-03-17 20:00:38.550,0,-0.0175793651216185,0.0,2.0,
2021-03-17 20:00:38.560,0,-0.0188513554424305,0.0,2.0,
2021-03-17 20:00:38.570,0,-0.0104952896539728,0.0,2.0,
2021-03-17 20:00:38.580,0,-0.0193870994653285,0.0,2.0,
2021-03-17 20:00:38.590,0,-0.022552170375144,0.0,2.0,
2021-03-17 20:00:38.600,0,-0.0204351653924895,0.0,2.0,
2021-03-17 20:00:38.610,0,-0.023109009648721,0.0,2.0,
2021-03-17 20:00:38.620,0,-0.0199414115908341,0.0,2.0,
2021-03-17 20:00:38.630,0,-0.0182149210920195,0.0,2.0,
2021-03-17 20:00:38.640,0,-0.0178777703839002,0.0,2.0,
2021-03-17 20:00:38.650,0,-0.0198730575012358,0.0,2.0,
2021-03-17 20:00:38.660,0,-0.0167473843753935,0.0,2.0,
2021-03-17 20:00:38.670,0,-0.0115389298406437,0.0,2.0,
2021-03-17 20:00:38.680,0,-0.0138487870116793,0.0,2.0,
2021-03-17 20:00:38.690,0,-0.0165681724583593,0.0,2.0,
2021-03-17 20:00:38.700,0,-0.0165564270187715,0.0,2.0,
2021-03-17 20:00:38.710,0,-0.0139842670981902,0.0,2.0,
2021-03-17 20:00:38.720,0,-0.0063103381072947,0.0,2.0,
2021-03-17 20:00:38.730,0,-0.00537347275744,0.0,2.0,
2021-03-17 20:00:38.740,0,-0.0127142442693172,0.0,2.0,
2021-03-17 20:00:38.750,0,-0.0141372792792882,0.0,2.0,
2021-03-17 20:00:38.760,0,-0.0044583087628977,0.0,2.0,
2021-03-17 20:00:38.770,0,-0.0104698258344005,0.0,2.0,
2021-03-17 20:00:38.780,0,-0.0040387277236594,0.0,2.0,
2021-03-17 20:00:38.790,0,-0.0089267549183803,0.0,2.0,
2021-03-17 20:00:38.800,0,-0.0020427170088017,0.0,2.0,
2021-03-17 20:00:38.810,0,-0.0054036246032841,0.0,2.0,
2021-03-17 20:00:38.820,0,-0.0103455613986123,0.0,2.0,
2021-03-17 20:00:38.830,0,0.0010503339336198,0.0,2.0,
2021-03-17 20:00:38.840,0,-0.0015808339073076,0.0,2.0,
2021-03-17 20:00:38.850,0,0.004367417273594,0.0,2.0,
2021-03-17 20:00:38.860,0,-0.0062556362539228,0.0,2.0,
2021-03-17 20:00:38.870,0,-0.0038957021804611,0.0,2.0,
2021-03-17 20:00:38.880,0,-0.0065514540990714,0.0,2.0,
2021-03-17 20:00:38.890,0,-0.0015937055960624,0.0,2.0,
2021-03-17 20:00:38.900,0,-0.0069363747427952,0.0,2.0,
2021-03-17 20:00:38.910,0,0.0082690533650949,0.0,2.0,
2021-03-17 20:00:38.920,0,0.002651657452884,0.0,2.0,
2021-03-17 20:00:38.930,0,0.0010659587023878,0.0,2.0,
2021-03-17 20:00:38.940,0,0.0010130565907019,0.0,2.0,
2021-03-17 20:00:38.950,0,-0.0036166555630096,0.0,2.0,
2021-03-17 20:00:38.960,0,-0.0001571468171129,0.0,2.0,
2021-03-17 20:00:38.970,0,0.0051850123001483,0.0,2.0,
2021-03-17 20:00:38.980,0,0.0048292665580762,0.0,2.0,
2021-03-17 20:00:38.990,0,0.0061057429085174,0.0,2.0,
2021-03-17 20:00:39.000,0,0.005890366410766,0.0795893147869248,2.0,
2021-03-17 20:00:39.010,0,0.0029759544569112,0.1846139701950321,2.0,
2021-03-17 20:00:39.020,0,0.0059922909467017,0.2678713834805142,2.0,
2021-03-17 20:00:39.030,0,0.0032175143624267,0.34717292833872604,2.0,
2021-03-17 20:00:39.040,0,0.0007415073713910001,0.4047455291819471,2.0,
2021-03-17 20:00:39.050,0,-0.0043091074379611,0.4469294839034882,2.0,
2021-03-17 20:00:39.060,0,0.0029376889972209,0.4825131497085004,2.0,
2021-03-17 20:00:39.070,0,6.480517793911036e-05,0.5105609123435527,2.0,
2021-03-17 20:00:39.080,0,-0.0008178953993273,0.5274946033665384,2.0,
2021-03-17 20:00:39.090,0,0.0032432552701917,0.5372614918278641,2.0,
2021-03-17 20:00:39.100,0,0.004051717520671,0.5391120916596299,2.0,
2021-03-17 20:00:39.110,0,-0.0056310628888516,0.5301289382330738,2.0,
2021-03-17 20:00:39.120,0,-0.0073696722137335,0.5289167910777828,2.0,
2021-03-17 20:00:39.130,0,0.0028622320168689,0.5180434094933585,2.0,
2021-03-17 20:00:39.140,0,0.0033363532938926,0.506939989684328,2.0,
2021-03-17 20:00:39.150,0,-0.0004574752000958,0.4880549551306443,2.0,
2021-03-17 20:00:39.160,0,-0.0092814487436549,0.4614079979907524,2.0,
2021-03-17 20:00:39.170,0,-0.00414976489089,0.4440724046987064,2.0,
2021-03-17 20:00:39.180,0,0.0020667453726351,0.42207411977986703,2.0,
2021-03-17 20:00:39.190,0,-0.0057967332671473,0.3974357526726095,2.0,
2021-03-17 20:00:39.200,0,-0.0028127856718886,0.3731826173109057,2.0,
2021-03-17 20:00:39.210,0,0.0046879584048928,0.3508016911597147,2.0,
2021-03-17 20:00:39.220,0,0.0036572002912322,0.3259989930134733,2.0,
2021-03-17 20:00:39.230,0,0.0008650764113316,0.3039291473895914,2.0,
2021-03-17 20:00:39.240,0,0.0024407395866622,0.2841033480431126,2.0,
2021-03-17 20:00:39.250,0,-0.0029713256796564,0.2603790649102102,2.0,
2021-03-17 20:00:39.260,0,0.0025271750778398,0.2388218680159651,2.0,
2021-03-17 20:00:39.270,0,-0.0029826822058358,0.21987630743162195,2.0,
2021-03-17 20:00:39.280,0,0.0034855003144279,0.2006554673621262,2.0,
2021-03-17 20:00:39.290,0,-0.0006786768683023,0.1798870519550094,2.0,
2021-03-17 20:00:39.300,0,-0.0011074375984113,0.1622135305901216,2.0,
2021-03-17 20:00:39.310,0,0.0014047431092126,0.1466473767847528,2.0,
2021-03-17 20:00:39.320,0,0.0008126166606498,0.129955714689911,2.0,
2021-03-17 20:00:39.330,0,0.0004990756060785,0.1161632912671906,2.0,
2021-03-17 20:00:39.340,0,0.0060456572088328,0.1027008813376465,2.0,
2021-03-17 20:00:39.350,0,-0.001186443383872,0.0902422175066211,2.0,
2021-03-17 20:00:39.360,0,-0.002545679494381,0.0796306069451055,2.0,
2021-03-17 20:00:39.370,0,-0.0022865917889645,0.0693516008335589,2.0,
2021-03-17 20:00:39.380,0,-0.0048556756547616,0.0585960063543642,2.0,
2021-03-17 20:00:39.390,0,-0.0027650753328643,0.0508346929484775,2.0,
2021-03-17 20:00:39.400,0,8.991897827371859e-05,0.0426609132045704,2.0,
2021-03-17 20:00:39.410,0,-0.0040550736078835,0.0352486025192051,2.0,
2021-03-17 20:00:39.420,0,-0.0040155518237429,0.028736971091489,2.0,
2021-03-17 20:00:39.430,0,-0.0012972817224494,0.0227707785682185,2.0,
2021-03-17 20:00:39.440,0,-0.0029056196498272,0.0176435604380592,2.0,
2021-03-17 20:00:39.450,0,-0.0007484697846786,0.0131097286980532,2.0,
2021-03-17 20:00:39.460,0,0.0021806551840678,0.0089906692524647,2.0,
2021-03-17 20:00:39.470,0,-0.0015549729601617,0.0054091497222301,2.0,
2021-03-17 20:00:39.480,0,-0.0018197300102949,0.0022860081988047,2.0,
2021-03-17 20:00:39.490,0,-0.0014856896583005,0.0,2.0,
2021-03-17 20:00:39.500,0,-0.0006531948725514,0.0,2.0,
2021-03-17 20:00:39.510,0,0.0006681794363627,0.0,2.0,
2021-03-17 20:00:39.520,0,0.0009599471303578,0.0,2.0,
2021-03-17 20:00:39.530,0,0.000434749880418,0.0,2.0,
2021-03-17 20:00:39.540,0,0.0036539092872614,0.0,2.0,
2021-03-17 20:00:39.550,0,-0.0045969492762608,0.0,2.0,
2021-03-17 20:00:39.560,0,0.0060401659382811,0.0,2.0,
2021-03-17 20:00:39.570,0,-0.0022030201248275,0.0,2.0,
2021-03-17 20:00:39.580,0,-0.002585944214467,0.0,2.0,
2021-03-17 20:00:39.590,0,0.0029616460019542,0.0,2.0,
2021-03-17 20:00:39.600,0,2.0995320179012604e-05,0.0,2.0,
2021-03-17 20:00:39.610,0,-0.0025803415695789,0.0,2.0,
2021-03-17 20:00:39.620,0,-0.0013898449133616,0.0,2.0,
2021-03-17 20:00:39.630,0,-0.0042590276516899,0.0,2.0,
2021-03-17 20:00:39.640,0,0.0035406820599453,0.0,2.0,
2021-03-17 20:00:39.650,0,8.801340551362054e-05,0.0,2.0,
2021-03-17 20:00:39.660,0,0.0022371988439789,0.0,2.0,
2021-03-17 20:00:39.670,0,-0.0021500802215044,0.0,2.0,
2021-03-17 20:00:39.680,0,0.0024814448523591,0.0,2.0,
2021-03-17 20:00:39.690,0,0.0015917979552614,0.0,2.0,
2021-03-17 20:00:39.700,0,-0.0035637600379579,0.0,2.0,
2021-03-17 20:00:39.710,0,-0.0002310696029353,0.0,2.0,
2021-03-17 20:00:39.720,0,0.0040293219450477,0.0,2.0,
2021-03-17 20:00:39.730,0,-0.0065047015489837,0.0,2.0,
2021-03-17 20:00:39.740,0,0.0005286373400086,0.0,2.0,
2021-03-17 20:00:39.750,0,-0.0002826415679293,0.0,2.0,
2021-03-17 20:00:39.760,0,-0.0016540173115831,0.0,2.0,
2021-03-17 20:00:39.770,0,-0.0007034094241418,0.0,2.0,
2021-03-17 20:00:39.780,0,0.001861552379618,0.0,2.0,
2021-03-17 20:00:39.790,0,-0.0038593714049096,0.0,2.0,
2021-03-17 20:00:39.800,0,0.0010359713073323,0.0,2.0,
2021-03-17 20:00:39.810,0,-0.003585404074014,0.0,2.0,
2021-03-17 20:00:39.820,0,-0.001811446069134,0.0,2.0,
2021-03-17 20:00:39.830,0,0.0024963871220162,0.0,2.0,
2021-03-17 20:00:39.840,0,0.0040656447735817,0.0,2.0,
2021-03-17 20:00:39.850,0,-0.0008078880463547,0.0,2.0,
2021-03-17 20:00:39.860,0,0.0002719437224834,0.0,2.0,
2021-03-17 20:00:39.870,0,0.0054730282523983,0.0,2.0,
2021-03-17 20:00:39.880,0,0.0078366000753207,0.0,2.0,
2021-03-17 20:00:39.890,0,0.0034135079418347,0.0,2.0,
2021-03-17 20:00:39.900,0,0.0069326669031052,0.0,2.0,
2021-03-17 20:00:39.910,0,-0.0027433343032786,0.0,2.0,
2021-03-17 20:00:39.920,0,-0.003451657494225,0.0,2.0,
2021-03-17 20:00:39.930,0,-0.0032419681298326,0.0,2.0,
2021-03-17 20:00:39.940,0,0.0027940828796503,0.0,2.0,
2021-03-17 20:00:39.950,0,-0.0003214351789767,0.0,2.0,
2021-03-17 20:00:39.960,0,0.0002983663248063,0.0,2.0,
2021-03-17 20:00:39.970,0,-0.0031509166051474,0.0,2.0,
2021-03-17 20:00:39.980,0,0.0008486039287937,0.0,2.0,
2021-03-17 20:00:39.990,0,0.0001020956518119,3.124308404808345e-05,2.0,
2021-03-17 20:00:40.000,0,0.0004184444941051,7.261405907112803e-05,2.0,
2021-03-17 20:00:40.010,0,-0.0014321625407112,0.0001076915239327,2.0,
2021-03-17 20:00:40.020,0,0.0066821581989058,0.0001359815888086,2.0,
2021-03-17 20:00:40.030,0,0.0019444045038386,0.0001592510765147,2.0,
2021-03-17 20:00:40.040,0,-0.0012507771772494,0.0001773332890955,2.0,
2021-03-17 20:00:40.050,0,0.0011748331260554,0.0001912137105352,2.0,
2021-03-17 20:00:40.060,0,-0.0011257247483468,0.0002011838728888,2.0,
2021-03-17 20:00:40.070,0,-0.0012321118653915,0.0002072433042769,2.0,
2021-03-17 20:00:40.080,0,-0.0049251104555616,0.0002101427058187,2.0,
2021-03-17 20:00:40.090,0,-0.0007242789541951,0.000213338204518,2.0,
2021-03-17 20:00:40.100,0,0.0036216671405761,0.0002134071125912,2.0,
2021-03-17 20:00:40.110,0,-0.0037710669212813,0.0002097051070377,2.0,
2021-03-17 20:00:40.120,0,-0.0011862398730293,0.0002042355930183,2.0,
2021-03-17 20:00:40.130,0,-0.0001262490610932,0.0001996463183443,2.0,
2021-03-17 20:00:40.140,0,0.0006094656334525,0.0001922999885408,2.0,
2021-03-17 20:00:40.150,0,0.0015733781509509,0.0001834972024386,2.0,
2021-03-17 20:00:40.160,0,0.0026103090419658,0.0001756964867353,2.0,
2021-03-17 20:00:40.170,0,0.0036585991551433,0.0001668216546043,2.0,
2021-03-17 20:00:40.180,0,-0.000443911130175,0.0001585788953803,2.0,
2021-03-17 20:00:40.190,0,-0.0027964649231644,0.0001500980607181,2.0,
2021-03-17 20:00:40.200,0,-0.0037786636043505,0.0001407921131504,2.0,
2021-03-17 20:00:40.210,0,0.0013623390491404,0.0001312938005262,2.0,
2021-03-17 20:00:40.220,0,0.0068361222375747,0.0001225862986253,2.0,
2021-03-17 20:00:40.230,0,-0.0018663594841168,0.0001136974244191,2.0,
2021-03-17 20:00:40.240,0,0.0014337031458247,0.0001043857977787,2.0,
2021-03-17 20:00:40.250,0,0.0029837145919040004,9.5943257381191e-05,2.0,
2021-03-17 20:00:40.260,0,-0.0009676391670805,8.795131314534026e-05,2.0,
2021-03-17 20:00:40.270,0,0.0090286488446937,8.056760490976509e-05,2.0,
2021-03-17 20:00:40.280,0,0.0011638738079824,7.272386730952174e-05,2.0,
2021-03-17 20:00:40.290,0,-0.002134244129586,6.53281136697319e-05,2.0,
2021-03-17 20:00:40.300,0,0.0045807807694288,5.884561215833596e-05,2.0,
2021-03-17 20:00:40.310,0,0.0010103488676187,5.2753794155542544e-05,2.0,
2021-03-17 20:00:40.320,0,0.0007894355251473,4.746147108624403e-05,2.0,
2021-03-17 20:00:40.330,0,0.0058813848961919,4.178300555173911e-05,2.0,
2021-03-17 20:00:40.340,0,-0.0001360819200418,3.6942364802772605e-05,2.0,
2021-03-17 20:00:40.350,0,0.0006360593042787,3.2176755999753045e-05,2.0,
2021-03-17 20:00:40.360,0,9.943427812071958e-05,2.7837944884059485e-05,2.0,
2021-03-17 20:00:40.370,0,0.0019171520654577,2.400926403375168e-05,2.0,
2021-03-17 20:00:40.380,0,-0.0048426312592497,2.043064597415041e-05,2.0,
2021-03-17 20:00:40.390,0,0.0014570319396026,1.731362642923319e-05,1.0,
2021-03-17 20:00:40.400,0,0.0028515844277630003,1.4436017932582867e-05,1.0,
2021-03-17 20:00:40.410,0,0.0008832560239841,1.178360491352269e-05,1.0,
2021-03-17 20:00:40.420,0,0.0031641161240481,9.326398869106362e-06,1.0,
2021-03-17 20:00:40.430,0,-0.0049106855341243,7.248572228072136e-06,1.0,
2021-03-17 20:00:40.440,0,-0.0006268610773382,5.379859771056776e-06,1.0,
2021-03-17 20:00:40.450,0,-0.0003828091835454,3.7063845083385115e-06,1.0,
2021-03-17 20:00:40.460,0,-9.156739856838942e-05,2.257968081526503e-06,1.0,
2021-03-17 20:00:40.470,0,0.0022842293104546,9.794515142054838e-07,1.0,
2021-03-17 20:00:40.480,0,0.0043884382250184,0.0,1.0,
2021-03-17 20:00:40.490,0,0.0039965805081477,0.0,1.0,
2021-03-17 20:00:40.500,0,0.0009433367527983,0.0,1.0,
2021-03-17 20:00:40.510,0,0.0002467267387684,0.0,1.0,
2021-03-17 20:00:40.520,0,0.0014953577678816,0.0,1.0,
2021-03-17 20:00:40.530,0,0.0012516177510492,0.0,1.0,
2021-03-17 20:00:40.540,0,0.0031081408326112,0.0,1.0,
2021-03-17 20:00:40.550,0,-0.0042084519577034,0.0,1.0,
2021-03-17 20:00:40.560,0,0.0034738859519429,0.0,1.0,
2021-03-17 20:00:40.570,0,-0.0025754718897329,0.0,1.0,
2021-03-17 20:00:40.580,0,-0.0009610441728824,0.0,1.0,
2021-03-17 20:00:40.590,0,0.00352948339834,0.0,1.0,
2021-03-17 20:00:40.600,0,0.0092720190268812,0.0,1.0,
2021-03-17 20:00:40.610,0,-0.001833770687466,0.0,1.0,
2021-03-17 20:00:40.620,0,0.0032590786649941,0.0,1.0,
2021-03-17 20:00:40.630,0,0.0007311320987871,0.0,1.0,
2021-03-17 20:00:40.640,0,-0.0004968105550992,0.0,1.0,
2021-03-17 20:00:40.650,0,-0.0002180842082473,0.0,1.0,
2021-03-17 20:00:40.660,0,0.0029171440655021,0.0,1.0,
2021-03-17 20:00:40.670,0,-0.0008266904343576,0.0,1.0,
2021-03-17 20:00:40.680,0,0.0078340566885606,0.0,1.0,
2021-03-17 20:00:40.690,0,-0.0018132756169224,0.0,1.0,
2021-03-17 20:00:40.700,0,0.0002322432091026,0.0,1.0,
2021-03-17 20:00:40.710,0,0.0054322621912953,0.0,1.0,
2021-03-17 20:00:40.720,0,0.0003090690354875,0.0,1.0,
2021-03-17 20:00:40.730,0,0.000482939049655,0.0,1.0,
2021-03-17 20:00:40.740,0,0.0054906284542083,0.0,1.0,
2021-03-17 20:00:40.750,0,0.0023089968797266,0.0,1.0,
2021-03-17 20:00:40.760,0,-0.0041081858869649,0.0,1.0,
2021-03-17 20:00:40.770,0,-0.0016145551203926,0.0,1.0,
2021-03-17 20:00:40.780,0,0.0003703190657484,0.0,1.0,
2021-03-17 20:00:40.790,0,0.0025865029593566,0.0,1.0,
2021-03-17 20:00:40.800,0,0.0013392234995425,0.0,1.0,
2021-03-17 20:00:40.810,0,0.0026954460905273,0.0,1.0,
2021-03-17 20:00:40.820,0,0.0017446748579323,0.0,1.0,
2021-03-17 20:00:40.830,0,0.00085714251154,0.0,1.0,
2021-03-17 20:00:40.840,0,0.0030712862457086,0.0,1.0,
2021-03-17 20:00:40.850,0,0.0003594687870393,0.0,1.0,
2021-03-17 20:00:40.860,0,0.0011067741820022,0.0,1.0,
2021-03-17 20:00:40.870,0,-0.0002286219910215,0.0,1.0,
2021-03-17 20:00:40.880,0,-0.005712344403761999,0.0,1.0,
2021-03-17 20:00:40.890,0,0.0006946071840926,0.0,1.0,
2021-03-17 20:00:40.900,0,-0.0004702432140921,0.0,1.0,
2021-03-17 20:00:40.910,0,0.0054491366131957,0.0,1.0,
2021-03-17 20:00:40.920,0,-0.0028497886966938,0.0,1.0,
2021-03-17 20:00:40.930,0,0.0037918228929348,0.0,1.0,
2021-03-17 20:00:40.940,0,0.0057258413942047,0.0,1.0,
2021-03-17 20:00:40.950,0,-0.003586795596116,0.0,1.0,
2021-03-17 20:00:40.960,0,-0.0032257670544944,0.0,1.0,
2021-03-17 20:00:40.970,0,0.002960956395213,0.0,1.0,
2021-03-17 20:00:40.980,0,0.0018587368844636,9.403301941686742e-09,1.0,
2021-03-17 20:00:40.990,0,-0.0011828370920276,2.628845275097309e-08,1.0,
2021-03-17 20:00:41.000,1,0.0025915803498081,4.0738559437308526e-08,1.0,
2021-03-17 20:00:41.010,1,0.0073899968040905,5.2505417533218665e-08,1.0,
2021-03-17 20:00:41.020,1,0.007388842661361999,6.200956404963641e-08,1.0,
2021-03-17 20:00:41.030,1,0.0059764022471125,6.979055665838432e-08,1.0,
2021-03-17 20:00:41.040,1,-0.0020090916923356,7.425475029850978e-08,1.0,
2021-03-17 20:00:41.050,1,0.0001936339680314,7.87427334960719e-08,1.0,
2021-03-17 20:00:41.060,1,0.0042838984931547,8.207420599183072e-08,1.0,
2021-03-17 20:00:41.070,1,-0.0018612385786224,8.332237117131357e-08,1.0,
2021-03-17 20:00:41.080,1,0.0010363242253689,8.41979789826096e-08,1.0,
2021-03-17 20:00:41.090,1,-0.0003382515755243,8.426407102103671e-08,1.0,
2021-03-17 20:00:41.100,1,0.0028000221822967,8.287761647764355e-08,1.0,
2021-03-17 20:00:41.110,1,-0.0016812081926159,8.143371159542682e-08,1.0,
2021-03-17 20:00:41.120,1,0.0016294566509035,5.3057806841534605,1.0,
2021-03-17 20:00:41.130,1,0.0158356368320143,20.050577804927848,1.0,
2021-03-17 20:00:41.140,1,0.0330668814997171,42.79842267879051,1.0,
2021-03-17 20:00:41.150,1,0.0478309937419967,72.47282917056755,1.0,
2021-03-17 20:00:41.160,1,0.0887163866245447,107.26226497943891,1.0,
2021-03-17 20:00:41.170,1,0.0961113668375074,146.29634957848089,1.0,
2021-03-17 20:00:41.180,1,0.1160774309926228,188.61446861500846,0.0,
2021-03-17 20:00:41.190,1,0.1715142768576847,236.55161276459862,0.0,
2021-03-17 20:00:41.200,1,0.2005864419658329,287.10496399543905,0.0,
2021-03-17 20:00:41.210,1,0.2034855785713837,340.73689176143404,0.0,
2021-03-17 20:00:41.220,1,0.2864537597279104,398.0619192398952,0.0,
2021-03-17 20:00:41.230,1,0.2934675099104263,456.66655016265474,0.0,
2021-03-17 20:00:41.240,1,0.357929017381463,510.0760245633565,0.0,
2021-03-17 20:00:41.250,1,0.4333643368718411,568.1138535132953,0.0,
2021-03-17 20:00:41.260,1,0.5254438356637166,620.340672426721,0.0,
2021-03-17 20:00:41.270,1,0.4281251285803381,675.6584605169774,0.0,
2021-03-17 20:00:41.280,1,0.5068154899540661,737.6737233861224,0.0,
2021-03-17 20:00:41.290,1,0.7363622692508522,791.1963605813866,0.0,
2021-03-17 20:00:41.300,1,0.5578704155163615,835.7789435405673,0.0,
2021-03-17 20:00:41.310,1,0.6815135862718026,886.4397696073767,0.0,
2021-03-17 20:00:41.320,1,0.6015481461553349,936.3039503373308,0.0,
2021-03-17 20:00:41.330,1,0.6284918093597891,979.0743954001628,0.0,
2021-03-17 20:00:41.340,1,0.6665185122110492,1013.311182324509,0.0,
2021-03-17 20:00:41.350,1,0.9643988148310448,1049.3612234948694,0.0,
2021-03-17 20:00:41.360,1,0.82060397025237,1090.5004324117729,0.0,
2021-03-17 20:00:41.370,1,0.8463994980903184,1113.0420874988781,0.0,
2021-03-17 20:00:41.380,1,0.9932002329162938,1143.360780298629,0.0,
2021-03-17 20:00:41.390,1,0.9799525593714896,1179.535087941707,0.0,
2021-03-17 20:00:41.400,1,1.0776688677677642,1206.0143688325236,0.0,
2021-03-17 20:00:41.410,1,1.2382135752472043,1239.4161813506066,0.0,
2021-03-17 20:00:41.420,1,0.8561485282425068,1252.2779344020496,0.0,
2021-03-17 20:00:41.430,1,1.1463228320013334,1280.0209448085386,0.0,
2021-03-17 20:00:41.440,1,1.2371203193815858,1294.232176550059,0.0,
2021-03-17 20:00:41.450,1,1.2242291337197313,1311.4106704289702,0.0,
2021-03-17 20:00:41.460,1,1.0220821492993435,1320.215983917023,0.0,
2021-03-17 20:00:41.470,1,1.0202295063501698,1338.6282694892188,0.0,
2021-03-17 20:00:41.480,1,1.2742714131156998,1337.0041564148455,0.0,
2021-03-17 20:00:41.490,1,1.3640814809928867,1347.6850672679705,0.0,
2021-03-17 20:00:41.500,1,1.032733462719246,1373.0594717747915,0.0,
2021-03-17 20:00:41.510,1,1.3175045978936542,1371.2648604539986,0.0,
2021-03-17 20:00:41.520,1,1.017335613811602,1387.3456510124054,0.0,
2021-03-17 20:00:41.530,1,1.4224926225598682,1392.812764659384,0.0,
2021-03-17 20:00:41.540,1,1.0066947273033768,1391.9300423417749,0.0,
2021-03-17 20:00:41.550,1,1.057869735237588,1399.8024888042776,0.0,
2021-03-17 20:00:41.560,1,1.048509226806874,1402.1810997427094,0.0,
2021-03-17 20:00:41.570,1,1.1305354137280943,1407.1176760890542,0.0,
2021-03-17 20:00:41.580,1,1.2491447733621392,1407.1911582897449,0.0,
2021-03-17 20:00:41.590,1,1.412061612753064,1405.6208714823435,0.0,
2021-03-17 20:00:41.600,1,1.1804508382740266,1414.985540660445,0.0,
2021-03-17 20:00:41.610,1,1.2458284693474084,1413.4832148576431,0.0,
2021-03-17 20:00:41.620,1,1.159405122320346,1412.1823270260636,0.0,
2021-03-17 20:00:41.630,1,1.3935199633992443,1408.3305599216017,0.0,
2021-03-17 20:00:41.640,1,1.3878310434715602,1420.0045382621652,0.0,
2021-03-17 20:00:41.650,1,1.3385422230340358,1403.0913580453964,0.0,
2021-03-17 20:00:41.660,1,1.2777765282851483,1409.9940049156876,0.0,
2021-03-17 20:00:41.670,1,1.238922074638811,1415.6142750231338,0.0,
2021-03-17 20:00:41.680,1,0.9704595032114776,1409.8527657381023,0.0,
2021-03-17 20:00:41.690,1,0.9945701804864092,1393.286252011933,0.0,
2021-03-17 20:00:41.700,1,1.2732086854504572,1399.6952311631399,0.0,
2021-03-17 20:00:41.710,1,1.122604230045768,1412.1664100966022,0.0,
2021-03-17 20:00:41.720,1,1.0381756216732174,1393.6462933800005,0.0,
2021-03-17 20:00:41.730,1,1.1846115941444868,1402.8802011425767,0.0,
2021-03-17 20:00:41.740,1,1.057391557894526,1390.4033668824652,0.0,
2021-03-17 20:00:41.750,1,1.3267252886084802,1386.2395422260004,0.0,
2021-03-17 20:00:41.760,1,0.8940578561033582,1404.800024325721,0.0,
2021-03-17 20:00:41.770,1,1.2330634299498695,1391.2413735561856,0.0,
2021-03-17 20:00:41.780,1,1.3213056294118255,1397.8721073426086,0.0,
2021-03-17 20:00:41.790,1,1.163389894639724,1380.4936280402032,0.0,
2021-03-17 20:00:41.800,1,1.011427796739081,1388.1631730181243,0.0,
2021-03-17 20:00:41.810,1,1.1688009053977373,1377.2629890111866,0.0,
2021-03-17 20:00:41.820,1,1.1416371701565466,1388.961243747016,0.0,
2021-03-17 20:00:41.830,1,1.0604506850258766,1389.1741102075448,0.0,
2021-03-17 20:00:41.840,1,0.9736223403871994,1394.778253821581,0.0,
2021-03-17 20:00:41.850,1,1.0291017986560806,1371.6701007071665,0.0,
2021-03-17 20:00:41.860,1,1.0578111551330438,1378.4940465637899,0.0,
2021-03-17 20:00:41.870,1,0.9082892458309636,1370.027293538067,0.0,
2021-03-17 20:00:41.880,1,0.936434103331806,1369.4297417782213,0.0,
2021-03-17 20:00:41.890,1,1.1172113931735257,1380.6470959888115,0.0,
2021-03-17 20:00:41.900,1,1.1701530701062628,1383.8711187961862,0.0,
2021-03-17 20:00:41.910,1,1.008314310701946,1375.340002001135,0.0,
2021-03-17 20:00:41.920,1,1.0506776282574364,1373.739252573288,0.0,
2021-03-17 20:00:41.930,1,1.1714881135800743,1368.88841536351,0.0,
2021-03-17 20:00:41.940,1,1.2451578854238237,1377.4938317099966,0.0,
2021-03-17 20:00:41.950,1,0.957657632670366,1368.6889116511566,0.0,
2021-03-17 20:00:41.960,1,1.021369178207548,1371.6062410476975,0.0,
2021-03-17 20:00:41.970,1,1.1286015398384162,1373.65296302757,0.0,
2021-03-17 20:00:41.980,1,1.249325386286542,1374.8834900378592,0.0,
2021-03-17 20:00:41.990,1,1.039257077597835,1370.4690102864895,0.0,
2021-03-17 20:00:42.000,1,1.2930285157050578,1356.4866287593038,0.0,
2021-03-17 20:00:42.010,1,1.071932799666453,1378.1325160523522,0.0,
2021-03-17 20:00:42.020,1,1.2961674528877578,1363.0929199790692,0.0,
2021-03-17 20:00:42.030,1,1.1321167902157097,1367.3785965239779,0.0,
2021-03-17 20:00:42.040,1,1.1226885594766804,1384.3085536644446,0.0,
2021-03-17 20:00:42.050,1,1.1145860959749363,1381.5273407440925,0.0,
2021-03-17 20:00:42.060,1,1.0920782108859464,1367.8452254390947,0.0,
2021-03-17 20:00:42.070,1,1.2941064888668108,1375.0371741030358,0.0,
2021-03-17 20:00:42.080,1,1.2359881432034308,1377.6551384262586,0.0,
2021-03-17 20:00:42.090,1,0.9567488495732938,1363.6887959564506,0.0,
2021-03-17 20:00:42.100,1,1.317798343079857,1373.733023954303,0.0,
2021-03-17 20:00:42.110,1,1.2548904857186003,1374.758235938406,0.0,
2021-03-17 20:00:42.120,1,0.91531249598378,1364.6513896873892,0.0,
2021-03-17 20:00:42.130,1,0.917840964293066,1376.8315499346493,0.0,
2021-03-17 20:00:42.140,1,1.1299258247450057,1362.6839273457606,0.0,
2021-03-17 20:00:42.150,1,1.143206618709747,1383.554481646761,0.0,
2021-03-17 20:00:42.160,1,1.300643142094808,1380.102364050675,0.0,
2021-03-17 20:00:42.170,1,1.0479194501605342,1386.1932812370362,0.0,
2021-03-17 20:00:42.180,1,1.2692389387556169,1388.3029911287158,0.0,
2021-03-17 20:00:42.190,1,1.2584142346326193,1394.1173974051305,0.0,
2021-03-17 20:00:42.200,1,1.446631773851862,1374.3846902061555,0.0,
2021-03-17 20:00:42.210,1,1.2711768087104574,1382.484092046538,0.0,
2021-03-17 20:00:42.220,1,1.3149930050180711,1389.7431400743515,0.0,
2021-03-17 20:00:42.230,1,1.3973589749823714,1392.2514819055966,0.0,
2021-03-17 20:00:42.240,1,1.0144726036966123,1390.778073111525,0.0,
2021-03-17 20:00:42.250,1,1.1488399555660502,1390.5203343187793,0.0,
2021-03-17 20:00:42.260,1,1.4977781586790533,1405.0273094240913,0.0,
2021-03-17 20:00:42.270,1,1.256159314509626,1403.1672481520914,0.0,
2021-03-17 20:00:42.280,1,1.0875034236102763,1390.6786109323548,0.0,
2021-03-17 20:00:42.290,1,1.0763201031903198,1386.731760004216,0.0,
2021-03-17 20:00:42.300,1,1.129436493907561,1399.486577855647,0.0,
2021-03-17 20:00:42.310,1,1.0926648634612437,1392.3707258166985,0.0,
2021-03-17 20:00:42.320,1,1.4157363955472542,1413.4367032359205,0.0,
2021-03-17 20:00:42.330,1,1.0630285891543156,1394.9677894292856,0.0,
2021-03-17 20:00:42.340,1,1.323893578933346,1420.6639989198527,0.0,
2021-03-17 20:00:42.350,1,1.3693107144884122,1404.9680409650475,0.0,
2021-03-17 20:00:42.360,1,1.430612303943989,1400.7366750324654,0.0,
2021-03-17 20:00:42.370,1,1.5471550666056475,1401.4630977333245,0.0,
2021-03-17 20:00:42.380,1,1.3989965009152925,1410.5257445380068,0.0,
2021-03-17 20:00:42.390,1,1.2406040462577743,1417.05949254306,0.0,
2021-03-17 20:00:42.400,1,1.0995865180651874,1403.3094799140094,0.0,
2021-03-17 20:00:42.410,1,1.4347797830846032,1420.257335714083,0.0,
2021-03-17 20:00:42.420,1,1.1853091540948746,1409.0598685239124,0.0,
2021-03-17 20:00:42.430,1,1.5428997932816857,1400.9838713763233,0.0,
2021-03-17 20:00:42.440,1,1.3473494206347805,1415.8353767260348,0.0,
2021-03-17 20:00:42.450,1,1.3173464446245562,1413.2482025261031,0.0,
2021-03-17 20:00:42.460,1,1.3412086807809067,1408.4420004126791,0.0,
2021-03-17 20:00:42.470,1,1.3636632871987515,1408.7360200731546,0.0,
2021-03-17 20:00:42.480,1,1.3076542297412694,1413.4639753585684,0.0,
2021-03-17 20:00:42.490,1,1.3853825228924608,1405.5541610411938,0.0,
2021-03-17 20:00:42.500,1,1.2397960441997289,1408.372599892719,0.0,
2021-03-17 20:00:42.510,1,1.2917395449576434,1416.889287289244,0.0,
2021-03-17 20:00:42.520,1,1.2847942729442945,1433.4999978382057,0.0,
2021-03-17 20:00:42.530,1,1.4180446152516053,1407.8833143377656,0.0,
2021-03-17 20:00:42.540,1,1.3504705796782095,1416.2849491590296,0.0,
2021-03-17 20:00:42.550,1,1.5339486474381523,1415.1313940975947,0.0,
2021-03-17 20:00:42.560,1,1.4620232658786378,1412.4284639329169,0.0,
2021-03-17 20:00:42.570,1,1.1654348116247186,1416.3109291531225,0.0,
2021-03-17 20:00:42.580,1,1.434954713278373,1412.183747202893,0.0,
2021-03-17 20:00:42.590,1,1.3107674785440502,1412.3124081639444,0.0,
2021-03-17 20:00:42.600,1,1.0461862800196038,1417.7134024288555,0.0,
2021-03-17 20:00:42.610,1,1.3199900721078568,1423.6589961584368,0.0,
2021-03-17 20:00:42.620,1,1.3075401984299455,1419.6212093616525,0.0,
2021-03-17 20:00:42.630,1,1.041813315284832,1413.7035810525094,0.0,
2021-03-17 20:00:42.640,1,1.0766631675117635,1408.6944731265626,0.0,
2021-03-17 20:00:42.650,1,1.1702366392561394,1405.4452073571927,0.0,
2021-03-17 20:00:42.660,1,1.4540584565651955,1416.0509147633813,0.0,
2021-03-17 20:00:42.670,1,1.2984150496992712,1405.6696865677884,0.0,
2021-03-17 20:00:42.680,1,1.0733485631469433,1411.300209771405,0.0,
2021-03-17 20:00:42.690,1,1.3187913583129975,1412.574110120938,0.0,
2021-03-17 20:00:42.700,1,1.4275013943828845,1416.6521992492758,0.0,
2021-03-17 20:00:42.710,1,1.266444803993542,1410.7896288542138,0.0,
2021-03-17 20:00:42.720,1,1.1045321781790316,1416.4544641743134,0.0,
2021-03-17 20:00:42.730,1,1.2796864100876593,1412.2065474652634,0.0,
2021-03-17 20:00:42.740,1,0.999793383793856,1401.7810105758713,0.0,
2021-03-17 20:00:42.750,1,1.3771014565123063,1406.7854445998853,0.0,
2021-03-17 20:00:42.760,1,1.154555839892219,1419.7216953425782,0.0,
2021-03-17 20:00:42.770,1,1.3055129772270686,1412.631877855419,0.0,
2021-03-17 20:00:42.780,1,1.182639518038958,1397.0662800100683,0.0,
2021-03-17 20:00:42.790,1,1.0294583810775306,1399.9155866748654,0.0,
2021-03-17 20:00:42.800,1,1.3139540165430044,1412.1939997302334,0.0,
2021-03-17 20:00:42.810,1,1.1690763477174728,1393.0255163670251,0.0,
2021-03-17 20:00:42.820,1,1.0310685821918084,1403.5128426959036,0.0,
2021-03-17 20:00:42.830,1,0.9908271816759752,1404.7347529599692,0.0,
2021-03-17 20:00:42.840,1,1.1046433056620142,1401.1036698581129,0.0,
2021-03-17 20:00:42.850,1,1.1898827134875207,1388.512452296106,0.0,
2021-03-17 20:00:42.860,1,1.0861681572228945,1402.1197164382888,0.0,
2021-03-17 20:00:42.870,1,1.1994570087849952,1402.3378239801687,0.0,
2021-03-17 20:00:42.880,1,0.8916984489478677,1396.7658904194816,0.0,
2021-03-17 20:00:42.890,1,1.0989038738299688,1383.3383937528934,0.0,
2021-03-17 20:00:42.900,1,1.1636334030378548,1394.0330265093753,0.0,
2021-03-17 20:00:42.910,1,1.2502897428677655,1399.9335285729874,0.0,
2021-03-17 20:00:42.920,1,0.9556230761729968,1395.1084065981188,0.0,
2021-03-17 20:00:42.930,1,0.9601851904391336,1385.4308509088135,0.0,
2021-03-17 20:00:42.940,1,1.242465655070124,1385.1691709818695,0.0,
2021-03-17 20:00:42.950,1,1.0304219308655544,1387.1824651260627,0.0,
2021-03-17 20:00:42.960,1,0.972490446021679,1387.6620516981284,0.0,
2021-03-17 20:00:42.970,1,0.9958001050119568,1386.4973901356516,0.0,
2021-03-17 20:00:42.980,1,0.9214599725331394,1390.8290185896772,0.0,
2021-03-17 20:00:42.990,1,1.207964632536456,1379.2926092391865,0.0,
2021-03-17 20:00:43.000,1,0.9075085895949384,1382.9889983637167,0.0,
2021-03-17 20:00:43.010,1,0.8104384356736464,1387.470979475993,0.0,
2021-03-17 20:00:43.020,1,1.1622297890649644,1394.1698806130355,0.0,
2021-03-17 20:00:43.030,1,0.9815955086805356,1377.5580472430595,0.0,
2021-03-17 20:00:43.040,1,0.9164979431911195,1386.9889446927727,0.0,
2021-03-17 20:00:43.050,1,0.8267551454153091,1382.0878789119079,0.0,
2021-03-17 20:00:43.060,1,0.8407481551168401,1372.970162488981,0.0,
2021-03-17 20:00:43.070,1,1.0085404838074263,1377.0801827887756,0.0,
2021-03-17 20:00:43.080,1,1.0395962863304031,1385.350503569356,0.0,
2021-03-17 20:00:43.090,1,1.0397666860282666,1384.7025896552911,0.0,
2021-03-17 20:00:43.100,1,0.808843554784765,1374.6890975646536,0.0,
2021-03-17 20:00:43.110,1,1.0682379797680694,1384.9825203499365,0.0,
2021-03-17 20:00:43.120,1,1.040458463531641,1377.9402682107282,0.0,
2021-03-17 20:00:43.130,1,1.0614111115683251,1379.4833860271408,0.0,
2021-03-17 20:00:43.140,1,1.133562670011166,1385.8471038494815,0.0,
2021-03-17 20:00:43.150,1,1.152748284769741,1371.4761530644475,0.0,
2021-03-17 20:00:43.160,1,0.8943778957133193,1377.7683412972394,0.0,
2021-03-17 20:00:43.170,1,0.8189260187709424,1386.1952200978387,0.0,
2021-03-17 20:00:43.180,1,1.1148076593136098,1387.581860255431,0.0,
2021-03-17 20:00:43.190,1,1.152349873631379,1375.4520202248457,0.0,
2021-03-17 20:00:43.200,1,1.0632499763679104,1387.7816383820655,0.0,
2021-03-17 20:00:43.210,1,1.0290846924635084,1375.717806291379,0.0,
2021-03-17 20:00:43.220,1,1.1811647059089396,1371.9973612350502,0.0,
2021-03-17 20:00:43.230,1,1.0217434802630072,1386.2848915889435,0.0,
2021-03-17 20:00:43.240,1,0.8942814168473809,1392.7374643225353,0.0,
2021-03-17 20:00:43.250,1,0.926899898526068,1404.7087674332683,0.0,
2021-03-17 20:00:43.260,1,0.8636543811530802,1399.7904802654543,0.0,
2021-03-17 20:00:43.270,1,1.1433035977404258,1390.374236101785,0.0,
2021-03-17 20:00:43.280,1,1.2711620292041432,1386.2666125690241,0.0,
2021-03-17 20:00:43.290,1,1.0432200217925862,1396.5962260054544,0.0,
2021-03-17 20:00:43.300,1,0.8487837641497672,1382.0746806931347,0.0,
2021-03-17 20:00:43.310,1,1.0647301035513517,1382.4562394668192,0.0,
2021-03-17 20:00:43.320,1,0.8665673932844294,1381.5031744392504,0.0,
2021-03-17 20:00:43.330,1,0.8548814536996754,1378.1412819014636,0.0,
2021-03-17 20:00:43.340,1,1.0945744910420898,1398.5331178248996,0.0,
2021-03-17 20:00:43.350,1,1.0574048423673057,1386.670026776709,0.0,
2021-03-17 20:00:43.360,1,1.0332950812287502,1389.6150735848944,0.0,
2021-03-17 20:00:43.370,1,1.2275536182833446,1390.4959524626013,0.0,
2021-03-17 20:00:43.380,1,0.9424477018172874,1387.3535321436625,0.0,
2021-03-17 20:00:43.390,1,1.2364653761042148,1391.299480830041,0.0,
2021-03-17 20:00:43.400,1,0.9214989753054804,1378.502528636323,0.0,
2021-03-17 20:00:43.410,1,1.2082541294681974,1380.4231568551545,0.0,
2021-03-17 20:00:43.420,1,0.9032000497872332,1394.1375341765424,0.0,
2021-03-17 20:00:43.430,1,1.202439671466157,1393.9302729774095,0.0,
2021-03-17 20:00:43.440,1,0.9735528231115408,1377.9173121946142,0.0,
2021-03-17 20:00:43.450,1,1.160107580556906,1381.9395163204665,0.0,
2021-03-17 20:00:43.460,1,1.2671843456621092,1380.188127507326,0.0,
2021-03-17 20:00:43.470,1,0.8568738619049411,1397.662479368508,0.0,
2021-03-17 20:00:43.480,1,1.2262900731888635,1393.3753672534629,0.0,
2021-03-17 20:00:43.490,1,1.129308892444669,1394.4205205000405,0.0,
2021-03-17 20:00:43.500,1,0.9804810424885236,1399.5812061976305,0.0,
2021-03-17 20:00:43.510,1,1.1444648033817133,1384.6433792170776,0.0,
2021-03-17 20:00:43.520,1,0.8972087184017771,1378.9441631556879,0.0,
2021-03-17 20:00:43.530,1,1.029770307948649,1390.4973404577893,0.0,
2021-03-17 20:00:43.540,1,0.8756490937927742,1378.3752062131994,0.0,
2021-03-17 20:00:43.550,1,0.8254615403243156,1399.9062527569226,0.0,
2021-03-17 20:00:43.560,1,0.8814466138535554,1389.5342177772907,0.0,
2021-03-17 20:00:43.570,1,0.92644826203252,1396.7403556747895,0.0,
2021-03-17 20:00:43.580,1,0.8557494484269713,1389.2948798840646,0.0,
2021-03-17 20:00:43.590,1,1.1279066861388585,1387.5921292248636,0.0,
2021-03-17 20:00:43.600,1,0.8345025123485521,1382.450846379674,0.0,
2021-03-17 20:00:43.610,1,0.9512893029525272,1399.5411288597961,0.0,
2021-03-17 20:00:43.620,1,1.1080396281417006,1377.5225218529065,0.0,
2021-03-17 20:00:43.630,1,0.9102212592295014,1382.6365793822156,0.0,
2021-03-17 20:00:43.640,1,0.8729468478366406,1388.2069805793826,0.0,
2021-03-17 20:00:43.650,1,0.8991683359444532,1381.8988614330542,0.0,
2021-03-17 20:00:43.660,1,0.8206294744266586,1386.8571878355049,0.0,
2021-03-17 20:00:43.670,1,0.8804228610612822,1370.4167083393456,0.0,
2021-03-17 20:00:43.680,1,1.0666133445989538,1380.2879263452405,0.0,
2021-03-17 20:00:43.690,1,0.9689069146923328,1392.3945937634155,0.0,
2021-03-17 20:00:43.700,1,0.8227367038697089,1372.543335990685,0.0,
2021-03-17 20:00:43.710,1,0.8937081405343265,1380.3418863286038,0.0,
2021-03-17 20:00:43.720,1,0.6961773682862863,1372.6415374348708,0.0,
2021-03-17 20:00:43.730,1,0.6992422622238471,1380.8329180876162,0.0,
2021-03-17 20:00:43.740,1,0.9491164199180456,1376.857119171583,0.0,
2021-03-17 20:00:43.750,1,0.6872393325904151,1368.4288372273406,0.0,
2021-03-17 20:00:43.760,1,0.8891649682712401,1372.1891846737633,0.0,
2021-03-17 20:00:43.770,1,0.9603538207562712,1374.7187429613375,0.0,
2021-03-17 20:00:43.780,1,0.7627874631995532,1372.1143383553108,0.0,
2021-03-17 20:00:43.790,1,0.7891325721094979,1372.7600748478055,0.0,
2021-03-17 20:00:43.800,1,0.7434615531637303,1369.855051810431,0.0,
2021-03-17 20:00:43.810,1,0.6350172760811961,1381.0569682645746,0.0,
2021-03-17 20:00:43.820,1,0.6197773497979919,1367.4001313421836,0.0,
2021-03-17 20:00:43.830,1,0.8681412816418599,1364.281790553431,0.0,
2021-03-17 20:00:43.840,1,0.8335643036761197,1378.3729410091225,0.0,
2021-03-17 20:00:43.850,1,0.6134185471615115,1365.986725894555,0.0,
2021-03-17 20:00:43.860,1,0.8835108449090411,1369.3290275961756,0.0,
2021-03-17 20:00:43.870,1,0.6969983420026566,1369.0207505391802,0.0,
2021-03-17 20:00:43.880,1,0.6282695694291759,1373.0045519111536,0.0,
2021-03-17 20:00:43.890,1,0.6510118888878463,1374.6488965697501,0.0,
2021-03-17 20:00:43.900,1,0.7793018684620364,1370.4199840599142,0.0,
2021-03-17 20:00:43.910,1,0.759924639889484,1368.6126824194025,0.0,
2021-03-17 20:00:43.920,1,0.8611359003480945,1371.4591812893766,0.0,
2021-03-17 20:00:43.930,1,0.596382509147991,1356.4840817303875,0.0,
2021-03-17 20:00:43.940,1,0.8371263148821227,1367.0979379527155,0.0,
2021-03-17 20:00:43.950,1,0.6002475919930547,1361.7108655432041,0.0,
2021-03-17 20:00:43.960,1,0.7233527683539888,1354.2671765172145,0.0,
2021-03-17 20:00:43.970,1,0.6403087290556513,1366.5244277587713,0.0,
2021-03-17 20:00:43.980,1,0.7118400794534049,1364.906838679703,0.0,
2021-03-17 20:00:43.990,1,0.6790893794689413,1375.8361357284125,0.0,
2021-03-17 20:00:44.000,1,0.6988966660889228,1363.8732631362952,0.0,
2021-03-17 20:00:44.010,1,0.8198779352311488,1358.7387064206089,0.0,
2021-03-17 20:00:44.020,1,0.5962107329040723,1376.900631129562,0.0,
2021-03-17 20:00:44.030,1,0.6531549990775064,1365.0959059554655,0.0,
2021-03-17 20:00:44.040,1,0.7915795355619714,1366.1452366305764,0.0,
2021-03-17 20:00:44.050,1,0.6025326129500971,1377.348512528551,0.0,
2021-03-17 20:00:44.060,1,0.5778734693198762,1365.258805237001,0.0,
2021-03-17 20:00:44.070,1,0.8259831332254114,1373.5991783741154,0.0,
2021-03-17 20:00:44.080,1,0.7800378398987888,1357.6889272844976,0.0,
2021-03-17 20:00:44.090,1,0.6647908573580771,1370.2193642037785,0.0,
2021-03-17 20:00:44.100,1,0.8234394375198897,1380.0549720048095,0.0,
2021-03-17 20:00:44.110,1,0.6985717642857402,1378.8533357976144,0.0,
2021-03-17 20:00:44.120,1,0.7948367979260597,1366.188526460841,0.0,
2021-03-17 20:00:44.130,1,0.8114275277664675,1374.2649688526676,0.0,
2021-03-17 20:00:44.140,1,0.7145391433827729,1378.1312741630677,0.0,
2021-03-17 20:00:44.150,1,0.6226897669554625,1368.709730365041,0.0,
2021-03-17 20:00:44.160,1,0.6425681747245949,1372.274177362086,0.0,
2021-03-17 20:00:44.170,1,0.8143067638639755,1380.8985803866415,0.0,
2021-03-17 20:00:44.180,1,0.813046439168447,1386.9007922762432,0.0,
2021-03-17 20:00:44.190,1,0.7212953560610024,1379.0521141343067,0.0,
2021-03-17 20:00:44.200,1,0.7491277199722091,1390.1694959323017,0.0,
2021-03-17 20:00:44.210,1,0.903898555824559,1380.761197537122,0.0,
2021-03-17 20:00:44.220,1,0.7802307051827484,1384.2472368043411,0.0,
2021-03-17 20:00:44.230,1,0.6544596299337521,1386.9001613983726,0.0,
2021-03-17 20:00:44.240,1,0.9063026581338802,1389.8983072394235,0.0,
2021-03-17 20:00:44.250,1,0.8351805955990944,1389.8115196414828,0.0,
2021-03-17 20:00:44.260,1,0.8108434840597528,1387.821374031842,0.0,
2021-03-17 20:00:44.270,1,0.8184454210046834,1388.8726490536649,0.0,
2021-03-17 20:00:44.280,1,0.6713266115008887,1394.5881099917015,0.0,
2021-03-17 20:00:44.290,1,0.9115125941209872,1389.0845175430102,0.0,
2021-03-17 20:00:44.300,1,0.6917447110443976,1399.7880604165089,0.0,
2021-03-17 20:00:44.310,1,0.7262286194180748,1392.6501570407556,0.0,
2021-03-17 20:00:44.320,1,0.8628996219005003,1388.0040429234973,0.0,
2021-03-17 20:00:44.330,1,0.8267764621989326,1397.7012211233161,0.0,
2021-03-17 20:00:44.340,1,0.6914062802861555,1404.4101415784771,0.0,
2021-03-17 20:00:44.350,1,0.99633067588613,1386.2589381345167,0.0,
2021-03-17 20:00:44.360,1,0.9306409957057724,1401.4957299756934,0.0,
2021-03-17 20:00:44.370,1,0.7023683986615215,1400.10642620431,0.0,
2021-03-17 20:00:44.380,1,1.0089613186286686,1394.9020498976224,0.0,
2021-03-17 20:00:44.390,1,0.8612361100517533,1397.9402248122094,0.0,
2021-03-17 20:00:44.400,1,0.7759954737352336,1394.078577734587,0.0,
2021-03-17 20:00:44.410,1,0.9590650398255536,1387.7212638743454,0.0,
2021-03-17 20:00:44.420,1,0.8337180133675605,1399.2559811221558,0.0,
2021-03-17 20:00:44.430,1,0.7900419397637207,1405.962628530752,0.0,
2021-03-17 20:00:44.440,1,0.7174834782093613,1399.6738175271219,0.0,
2021-03-17 20:00:44.450,1,0.8364552368636117,1406.0077493114538,0.0,
2021-03-17 20:00:44.460,1,0.762090639678639,1400.3359741154645,0.0,
2021-03-17 20:00:44.470,1,0.9578449771072934,1404.110590357439,0.0,
2021-03-17 20:00:44.480,1,1.0330210841167955,1379.5009990374906,0.0,
2021-03-17 20:00:44.490,1,0.8823736630715633,1397.1489376263958,0.0,
2021-03-17 20:00:44.500,1,1.032473680341569,1404.1072925410144,0.0,
2021-03-17 20:00:44.510,1,0.9827023977457908,1402.8916487672875,0.0,
2021-03-17 20:00:44.520,1,0.904073163388988,1396.5055074210138,0.0,
2021-03-17 20:00:44.530,1,0.8533186861675067,1403.1291410884407,0.0,
2021-03-17 20:00:44.540,1,0.969354066701096,1400.558790023073,0.0,
2021-03-17 20:00:44.550,1,0.9893816446824292,1392.7212706352634,0.0,
2021-03-17 20:00:44.560,1,0.7906168331190235,1383.4337735886056,0.0,
2021-03-17 20:00:44.570,1,1.0073363250504863,1389.9040551395,0.0,
2021-03-17 20:00:44.580,1,0.7303638848430528,1389.1223044912729,0.0,
2021-03-17 20:00:44.590,1,0.8545631814440819,1401.0095266286069,0.0,
2021-03-17 20:00:44.600,1,0.7683544596452372,1384.7408317379834,0.0,
2021-03-17 20:00:44.610,1,0.8941931233050808,1393.6494160820025,0.0,
2021-03-17 20:00:44.620,1,0.9615127903387828,1391.340234178333,0.0,
2021-03-17 20:00:44.630,1,0.8502800196036769,1391.8084921483387,0.0,
2021-03-17 20:00:44.640,1,0.9446533956117836,1378.0226370054388,0.0,
2021-03-17 20:00:44.650,1,0.8974529683995779,1386.6790272727892,0.0,
2021-03-17 20:00:44.660,1,0.7570859623505753,1375.9067206259353,0.0,
2021-03-17 20:00:44.670,1,0.8863235274253753,1384.1598685799381,0.0,
2021-03-17 20:00:44.680,1,0.6616636683723767,1375.1049103829996,0.0,
2021-03-17 20:00:44.690,1,0.7144348627593364,1380.6132845417803,0.0,
2021-03-17 20:00:44.700,1,0.8789082175869123,1387.1387392572287,0.0,
2021-03-17 20:00:44.710,1,0.719820548884857,1392.002792827481,0.0,
2021-03-17 20:00:44.720,1,0.9632535218481864,1386.9209412950709,0.0,
2021-03-17 20:00:44.730,1,0.7460800780257997,1388.9425832541842,0.0,
2021-03-17 20:00:44.740,1,0.6966580197845634,1381.4134399181958,0.0,
2021-03-17 20:00:44.750,1,0.6490273746392662,1390.805895923504,0.0,
2021-03-17 20:00:44.760,1,0.9395132923625974,1380.6847827452966,0.0,
2021-03-17 20:00:44.770,1,0.7066248564948201,1362.4665976622705,0.0,
2021-03-17 20:00:44.780,1,0.6867471003224851,1376.647607776722,0.0,
2021-03-17 20:00:44.790,1,0.8291285001607704,1369.5098111710734,0.0,
2021-03-17 20:00:44.800,1,0.8143217802303578,1365.5213357626394,0.0,
2021-03-17 20:00:44.810,1,0.8127373001284451,1374.9832944145587,0.0,
2021-03-17 20:00:44.820,1,0.8749874362591854,1374.8562888380677,0.0,
2021-03-17 20:00:44.830,1,0.6511106411367356,1363.4123498713116,0.0,
2021-03-17 20:00:44.840,1,0.7763394580299463,1376.0911197342166,0.0,
2021-03-17 20:00:44.850,1,0.7574937065758314,1364.5010620924306,0.0,
2021-03-17 20:00:44.860,1,0.6062916628075741,1354.7384655931521,0.0,
2021-03-17 20:00:44.870,1,0.8237553750319123,1368.3519734605409,0.0,
2021-03-17 20:00:44.880,1,0.7071015571988041,1368.0480536836835,0.0,
2021-03-17 20:00:44.890,1,0.6270614033665536,1357.804754346791,0.0,
2021-03-17 20:00:44.900,1,0.5872705301901281,1375.1977463878006,0.0,
2021-03-17 20:00:44.910,1,0.8521625223941031,1364.1312106404519,0.0,
2021-03-17 20:00:44.920,1,0.8359540095917327,1365.520099687919,0.0,
2021-03-17 20:00:44.930,1,0.8644302187200622,1358.8453972179386,0.0,
2021-03-17 20:00:44.940,1,0.7360195298008354,1354.7607221090173,0.0,
2021-03-17 20:00:44.950,1,0.6721972265031907,1358.4946706678775,0.0,
2021-03-17 20:00:44.960,1,0.8336042666510171,1360.3525024235958,0.0,
2021-03-17 20:00:44.970,1,0.7608289395522391,1353.4441829036227,0.0,
2021-03-17 20:00:44.980,1,0.8082039692448374,1361.1190381964136,0.0,
2021-03-17 20:00:44.990,1,0.7369681414117176,1344.9288468774705,0.0,
2021-03-17 20:00:45.000,1,0.8343588469621921,1350.8137237226665,0.0,
2021-03-17 20:00:45.010,1,0.8629268993063013,1343.5076700076131,0.0,
2021-03-17 20:00:45.020,1,0.7451510387886799,1354.4532340955382,0.0,
2021-03-17 20:00:45.030,1,0.6683871403822393,1351.963813500177,0.0,
2021-03-17 20:00:45.040,1,0.7818496535309408,1364.9132703692414,0.0,
2021-03-17 20:00:45.050,1,0.6586568260671921,1349.8631738561814,0.0,
2021-03-17 20:00:45.060,1,0.7325021916600314,1369.5058830843925,0.0,
2021-03-17 20:00:45.070,1,0.5975173036516868,1353.2532653484468,0.0,
2021-03-17 20:00:45.080,1,0.8271644491719722,1362.9255346632192,0.0,
2021-03-17 20:00:45.090,1,0.7676411190297815,1344.3266226048322,0.0,
2021-03-17 20:00:45.100,1,0.6657682816339778,1355.832679777232,0.0,
2021-03-17 20:00:45.110,1,0.8797519349672568,1352.992686607985,0.0,
2021-03-17 20:00:45.120,1,0.7086710869315044,1360.864252416639,0.0,
2021-03-17 20:00:45.130,1,0.8454278489541859,1360.629599732729,0.0,
2021-03-17 20:00:45.140,1,0.8646924464017854,1362.6732336768437,0.0,
2021-03-17 20:00:45.150,1,0.7452399047559122,1358.4332888429542,0.0,
2021-03-17 20:00:45.160,1,0.8063084200816464,1352.2698141123956,0.0,
2021-03-17 20:00:45.170,1,0.9693070092769206,1369.6086396623461,0.0,
2021-03-17 20:00:45.180,1,0.7321243873243424,1363.5668335732607,0.0,
2021-03-17 20:00:45.190,1,0.8228688732596353,1365.4707754021886,0.0,
2021-03-17 20:00:45.200,1,0.6623156531768188,1364.4345992522105,0.0,
2021-03-17 20:00:45.210,1,0.91701098872493,1378.028903122236,0.0,
2021-03-17 20:00:45.220,1,0.7084321221304457,1340.6046159807618,0.0,
2021-03-17 20:00:45.230,1,0.8365264583352251,1359.5842277186302,0.0,
2021-03-17 20:00:45.240,1,1.0048926792678792,1363.4766323763554,0.0,
2021-03-17 20:00:45.250,1,0.9362688419500113,1356.2252936729312,0.0,
2021-03-17 20:00:45.260,1,0.8588436549984183,1371.5449513401395,0.0,
2021-03-17 20:00:45.270,1,1.0470851377057384,1368.755083847479,0.0,
2021-03-17 20:00:45.280,1,0.9070338081074883,1358.1785581211568,0.0,
2021-03-17 20:00:45.290,1,0.9828480710778776,1355.476597350139,0.0,
2021-03-17 20:00:45.300,1,0.8138962244899505,1348.060179415274,0.0,
2021-03-17 20:00:45.310,1,0.9001511116229712,1361.8939041258845,0.0,
2021-03-17 20:00:45.320,1,0.852720848684046,1356.3116237242461,0.0,
2021-03-17 20:00:45.330,1,1.106307772961511,1357.0760695745116,0.0,
2021-03-17 20:00:45.340,1,1.0936693336323575,1362.079028445459,0.0,
2021-03-17 20:00:45.350,1,1.0248924962709236,1358.8544180949502,0.0,
2021-03-17 20:00:45.360,1,0.7513865083104286,1358.2994116470109,0.0,
2021-03-17 20:00:45.370,1,0.8455149288562387,1370.8065891775575,0.0,
2021-03-17 20:00:45.380,1,0.8201994106922896,1351.2647038993346,0.0,
2021-03-17 20:00:45.390,1,0.9787712924665832,1373.1173972037825,0.0,
2021-03-17 20:00:45.400,1,0.9038269503470078,1364.9970164730912,0.0,
2021-03-17 20:00:45.410,1,0.8992012110232558,1370.137723696216,0.0,
2021-03-17 20:00:45.420,1,0.8346407131116226,1363.5639238260014,0.0,
2021-03-17 20:00:45.430,1,1.0320095496759814,1364.0720246204733,0.0,
2021-03-17 20:00:45.440,1,0.9580201841546254,1359.2150835105024,0.0,
2021-03-17 20:00:45.450,1,0.8612949600384969,1357.063798883147,0.0,
2021-03-17 20:00:45.460,1,1.1342631221276047,1354.7749319027694,0.0,
2021-03-17 20:00:45.470,1,1.1249448202059835,1362.5577011020548,0.0,
2021-03-17 20:00:45.480,1,0.9413132018620324,1354.2725227468006,0.0,
2021-03-17 20:00:45.490,1,0.8024771343349455,1354.840456571893,0.0,
2021-03-17 20:00:45.500,1,1.0797776411702908,1341.5732102771574,0.0,
2021-03-17 20:00:45.510,1,0.8536439972954839,1364.4921958403788,0.0,
2021-03-17 20:00:45.520,1,0.9518085373528942,1360.4278677900465,0.0,
2021-03-17 20:00:45.530,1,1.1430959402001877,1364.6421074248667,0.0,
2021-03-17 20:00:45.540,1,1.0848733576604683,1366.3571228568258,0.0,
2021-03-17 20:00:45.550,1,0.9254458038237704,1361.0026190414735,0.0,
2021-03-17 20:00:45.560,1,0.79953816483942,1371.0171339325,0.0,
2021-03-17 20:00:45.570,1,1.0872579484266829,1336.0597308167673,0.0,
2021-03-17 20:00:45.580,1,0.8775850186352647,1346.1419739775133,0.0,
2021-03-17 20:00:45.590,1,1.0758457850840968,1350.393024299467,0.0,
2021-03-17 20:00:45.600,1,0.9751654954151636,1352.0481043281968,0.0,
2021-03-17 20:00:45.610,1,0.99741166927252,1359.2257613996312,0.0,
2021-03-17 20:00:45.620,1,0.8982965842650952,1351.5350080068065,0.0,
2021-03-17 20:00:45.630,1,0.77365046248507,1358.6862693579756,0.0,
2021-03-17 20:00:45.640,1,1.0286028576885244,1353.264321892407,0.0,
2021-03-17 20:00:45.650,1,0.8070472125264673,1338.809659623028,0.0,
2021-03-17 20:00:45.660,1,0.8907277196864679,1345.8708009886775,0.0,
2021-03-17 20:00:45.670,1,0.7644729708680431,1350.8292582109248,0.0,
2021-03-17 20:00:45.680,1,0.9893302056799912,1337.5260296418253,0.0,
2021-03-17 20:00:45.690,1,0.7775739598716566,1338.3960512512415,0.0,
2021-03-17 20:00:45.700,1,0.829056204150489,1346.8705128658758,0.0,
2021-03-17 20:00:45.710,1,0.8401246507794573,1345.807422157178,0.0,
2021-03-17 20:00:45.720,1,0.8688424405896452,1332.6068297361294,0.0,
2021-03-17 20:00:45.730,1,0.8943228555169579,1341.368873966477,0.0,
2021-03-17 20:00:45.740,1,0.9367922681140464,1334.380496711973,0.0,
2021-03-17 20:00:45.750,1,0.7124147790889496,1342.9677968938734,0.0,
2021-03-17 20:00:45.760,1,0.8935485874424471,1338.4752620203715,0.0,
2021-03-17 20:00:45.770,1,0.8270750703435912,1325.7960210720084,0.0,
2021-03-17 20:00:45.780,1,0.8776025473310509,1341.9775502172265,0.0,
2021-03-17 20:00:45.790,1,0.7987828333684002,1322.5421563221,0.0,
2021-03-17 20:00:45.800,1,0.7033119716427417,1345.7847006903094,0.0,
2021-03-17 20:00:45.810,1,0.9095764296308776,1324.0280388061085,0.0,
2021-03-17 20:00:45.820,1,0.6528468573924964,1339.505297852403,0.0,
2021-03-17 20:00:45.830,1,0.7447372359598539,1340.1300724511384,0.0,
2021-03-17 20:00:45.840,1,0.7446528743603947,1328.5988929788634,0.0,
2021-03-17 20:00:45.850,1,0.7109473753734368,1318.024431355703,0.0,
2021-03-17 20:00:45.860,1,0.8610580261656627,1333.7434049065994,0.0,
2021-03-17 20:00:45.870,1,0.7292558313970121,1338.993869734755,0.0,
2021-03-17 20:00:45.880,1,0.911212245890968,1319.9986888706258,0.0,
2021-03-17 20:00:45.890,1,0.6572434805221548,1344.3649468693884,0.0,
2021-03-17 20:00:45.900,1,0.7529529839423685,1325.8183157420876,0.0,
2021-03-17 20:00:45.910,1,0.8045341540855523,1337.9418353946933,0.0,
2021-03-17 20:00:45.920,1,0.6209397326938612,1341.3986772768824,0.0,
2021-03-17 20:00:45.930,1,0.8385800881089189,1334.1106799672439,0.0,
2021-03-17 20:00:45.940,1,0.7594514469720662,1334.0990026267516,0.0,
2021-03-17 20:00:45.950,1,0.6943800362209533,1339.3108425147275,0.0,
2021-03-17 20:00:45.960,1,0.6932365637629511,1336.9812818708099,0.0,
2021-03-17 20:00:45.970,1,0.6525835860059049,1323.004995255102,0.0,
2021-03-17 20:00:45.980,1,0.600950115816421,1343.7973840935147,0.0,
2021-03-17 20:00:45.990,1,0.7623666553762397,1338.0838669952825,0.0,
2021-03-17 20:00:46.000,1,0.6302154619224951,1343.1410905713956,0.0,
2021-03-17 20:00:46.010,1,0.8685123163530345,1337.9525247559875,0.0,
2021-03-17 20:00:46.020,1,0.7329232472423894,1341.672079695722,0.0,
2021-03-17 20:00:46.030,1,0.6719793032644299,1353.1388307593945,0.0,
2021-03-17 20:00:46.040,1,0.7710757191720177,1345.608970313368,0.0,
2021-03-17 20:00:46.050,1,0.6078105017152996,1342.1875348913752,0.0,
2021-03-17 20:00:46.060,1,0.6873911856786212,1349.7589421493792,0.0,
2021-03-17 20:00:46.070,1,0.6439247047076845,1336.0754658652083,0.0,
2021-03-17 20:00:46.080,1,0.8892202642798501,1342.0649640996166,0.0,
2021-03-17 20:00:46.090,1,0.7176534862935013,1347.9422730371236,0.0,
2021-03-17 20:00:46.100,1,0.6553989808189835,1338.2905051576295,0.0,
2021-03-17 20:00:46.110,1,0.8038925609868233,1352.8788345532628,0.0,
2021-03-17 20:00:46.120,1,0.7786608949285021,1358.6602833598372,0.0,
2021-03-17 20:00:46.130,1,0.627276331316329,1351.2823839877992,0.0,
2021-03-17 20:00:46.140,1,0.8073432605721922,1352.6625704927196,0.0,
2021-03-17 20:00:46.150,1,0.6426018652345832,1366.952223153439,0.0,
2021-03-17 20:00:46.160,1,0.6671490609259532,1361.3032023947048,0.0,
2021-03-17 20:00:46.170,1,0.9194822733828004,1357.1073197491605,0.0,
2021-03-17 20:00:46.180,1,0.7541184254442078,1356.1641974990262,0.0,
2021-03-17 20:00:46.190,1,0.9282054904521672,1364.2221415478302,0.0,
2021-03-17 20:00:46.200,1,0.9174604424707324,1358.0830328542725,0.0,
2021-03-17 20:00:46.210,1,0.8843668865869568,1362.4070085854933,0.0,
2021-03-17 20:00:46.220,1,0.7060899652809272,1369.7990764347066,0.0,
2021-03-17 20:00:46.230,1,0.7708916089899165,1373.3671369113674,0.0,
2021-03-17 20:00:46.240,1,0.7788248283690089,1372.7914599844275,0.0,
2021-03-17 20:00:46.250,1,0.9712845417516112,1362.6929483899207,0.0,
2021-03-17 20:00:46.260,1,0.6731494698472349,1364.8661130225141,0.0,
2021-03-17 20:00:46.270,1,0.7480349370000007,1375.3695411261742,0.0,
2021-03-17 20:00:46.280,1,0.8122523574716206,1366.123849733295,0.0,
2021-03-17 20:00:46.290,1,0.9532047482716872,1355.6856343821905,0.0,
2021-03-17 20:00:46.300,1,0.9037612526270205,1371.6661111752378,0.0,
2021-03-17 20:00:46.310,1,0.7116388368019073,1369.5874925864384,0.0,
2021-03-17 20:00:46.320,1,0.990566473767594,1378.1774048057807,0.0,
2021-03-17 20:00:46.330,1,0.9112117931140368,1389.210860337747,0.0,
2021-03-17 20:00:46.340,1,0.7609481037508435,1375.1859935000175,0.0,
2021-03-17 20:00:46.350,1,0.7769203665717245,1382.5357441918698,0.0,
2021-03-17 20:00:46.360,1,0.7395094035990981,1381.7489591230612,0.0,
2021-03-17 20:00:46.370,1,1.0283925484349872,1373.4102498580914,0.0,
2021-03-17 20:00:46.380,1,1.0208904756788295,1384.656874080451,0.0,
2021-03-17 20:00:46.390,1,0.9940669995829848,1389.4494763156235,0.0,
2021-03-17 20:00:46.400,1,0.8263779880973281,1389.24766456027,0.0,
2021-03-17 20:00:46.410,1,0.7654317825589586,1372.5191992451462,0.0,
2021-03-17 20:00:46.420,1,0.9681431517002608,1375.3018204062612,0.0,
2021-03-17 20:00:46.430,1,0.8667374476832211,1379.9392967138067,0.0,
2021-03-17 20:00:46.440,1,0.8023526802265791,1397.7907656541363,0.0,
2021-03-17 20:00:46.450,1,1.0592647713855892,1370.285018204417,0.0,
2021-03-17 20:00:46.460,1,0.9239058073636718,1373.1743110281238,0.0,
2021-03-17 20:00:46.470,1,0.8880058251606691,1388.5030155119505,0.0,
2021-03-17 20:00:46.480,1,0.9770291279746954,1377.5147736298886,0.0,
2021-03-17 20:00:46.490,1,0.8034169432999819,1373.5867788167466,0.0,
2021-03-17 20:00:46.500,1,1.056448994566,1386.2383759264194,0.0,
2021-03-17 20:00:46.510,1,0.9639087117404092,1373.7482995074618,0.0,
2021-03-17 20:00:46.520,1,1.0530497637227867,1385.3990943065928,0.0,
2021-03-17 20:00:46.530,1,0.922273647193082,1365.024277835917,0.0,
2021-03-17 20:00:46.540,1,0.8839422702422659,1379.2395068875894,0.0,
2021-03-17 20:00:46.550,1,0.8921677146319522,1369.671148604819,0.0,
2021-03-17 20:00:46.560,1,0.9936940220659498,1385.8358041986469,0.0,
2021-03-17 20:00:46.570,1,0.976711272440128,1377.7851680558422,0.0,
2021-03-17 20:00:46.580,1,0.9357273334491912,1374.8027324000846,0.0,
2021-03-17 20:00:46.590,1,0.923405383668169,1373.361245937111,0.0,
2021-03-17 20:00:46.600,1,0.7573693443270931,1382.1390460773666,0.0,
2021-03-17 20:00:46.610,1,0.7974312561267463,1367.2451412948055,0.0,
2021-03-17 20:00:46.620,1,0.6868231322508119,1364.320737137525,0.0,
2021-03-17 20:00:46.630,1,0.7958156314213121,1370.2022857534362,0.0,
2021-03-17 20:00:46.640,1,0.8215730675449674,1379.7501803044656,0.0,
2021-03-17 20:00:46.650,1,0.7464982288782697,1360.7382393936675,0.0,
2021-03-17 20:00:46.660,1,0.6995301970270876,1363.5026637040319,0.0,
2021-03-17 20:00:46.670,1,0.7421127418764245,1373.4635193080387,0.0,
2021-03-17 20:00:46.680,1,0.9205370298168972,1359.8366564796754,0.0,
2021-03-17 20:00:46.690,1,0.7824393789120927,1373.0886864248762,0.0,
2021-03-17 20:00:46.700,1,0.9095925522920644,1372.3971545119286,0.0,
2021-03-17 20:00:46.710,1,0.8872608406467087,1369.7472264383916,0.0,
2021-03-17 20:00:46.720,1,0.9136984616312028,1365.9474905059426,0.0,
2021-03-17 20:00:46.730,1,0.6599425875218821,1353.6830070621236,0.0,
2021-03-17 20:00:46.740,1,0.6785075201370888,1362.5749278429107,0.0,
2021-03-17 20:00:46.750,1,0.8194301234810353,1360.4947904615035,0.0,
2021-03-17 20:00:46.760,1,0.6568676415291077,1365.8894863229614,0.0,
2021-03-17 20:00:46.770,1,0.8994963653661275,1371.0969321207413,0.0,
2021-03-17 20:00:46.780,1,0.6369217617657885,1355.5646360939688,0.0,
2021-03-17 20:00:46.790,1,0.8143982369620099,1354.4204265696205,0.0,
2021-03-17 20:00:46.800,1,0.7224053793042742,1348.0638903326076,0.0,
2021-03-17 20:00:46.810,1,0.6366035775454704,1354.745470564057,0.0,
2021-03-17 20:00:46.820,1,0.7843312058166768,1364.0802732008945,0.0,
2021-03-17 20:00:46.830,1,0.6401778558252955,1359.7411906099985,0.0,
2021-03-17 20:00:46.840,1,0.7160207803933384,1355.2972013226645,0.0,
2021-03-17 20:00:46.850,1,0.737722009553439,1351.487142779688,0.0,
2021-03-17 20:00:46.860,1,0.7846475382014344,1344.788421449653,0.0,
2021-03-17 20:00:46.870,1,0.7321315585955741,1347.1242906039506,0.0,
2021-03-17 20:00:46.880,1,0.7214964623900473,1349.4752383742516,0.0,
2021-03-17 20:00:46.890,1,0.7256000267733479,1338.116638076045,0.0,
2021-03-17 20:00:46.900,1,0.7994296086736047,1355.7513926222225,0.0,
2021-03-17 20:00:46.910,1,0.7706046059530846,1346.5894117457362,0.0,
2021-03-17 20:00:46.920,1,0.7801503339804899,1362.0857945234386,0.0,
2021-03-17 20:00:46.930,1,0.6201642875279605,1346.3953031103647,0.0,
2021-03-17 20:00:46.940,1,0.5599336759162272,1347.6092518548655,0.0,
2021-03-17 20:00:46.950,1,0.6581389065524514,1362.2538447616434,0.0,
2021-03-17 20:00:46.960,1,0.6045688742867269,1351.1248948881887,0.0,
2021-03-17 20:00:46.970,1,0.5758852131235803,1355.3241901341996,0.0,
2021-03-17 20:00:46.980,1,0.7299134125309548,1351.5474246492886,0.0,
2021-03-17 20:00:46.990,1,0.7796874709789581,1343.0214165466525,0.0,
2021-03-17 20:00:47.000,0,0.7655181946236405,1355.027388761208,0.0,
2021-03-17 20:00:47.010,0,0.8199840636759593,1354.5508737241614,0.0,
2021-03-17 20:00:47.020,0,0.7947032181622444,1367.0606717414776,0.0,
2021-03-17 20:00:47.030,0,0.5827818424089217,1361.0749342953109,0.0,
2021-03-17 20:00:47.040,0,0.6636458996129764,1349.49539660701,0.0,
2021-03-17 20:00:47.050,0,0.8024896175614219,1354.4986548062375,0.0,
2021-03-17 20:00:47.060,0,0.6476796921906298,1355.4262771313424,0.0,
2021-03-17 20:00:47.070,0,0.6345444143394771,1370.4329212727118,0.0,
2021-03-17 20:00:47.080,0,0.6318131254585815,1365.6381644409566,0.0,
2021-03-17 20:00:47.090,0,0.8213357052554284,1362.7458767793566,0.0,
2021-03-17 20:00:47.100,0,0.8059834109813631,1356.4966060599013,0.0,
2021-03-17 20:00:47.110,0,0.5906546040062032,1355.6020902198704,0.0,
2021-03-17 20:00:47.120,0,0.6204736575326953,1362.7217672416248,0.0,
2021-03-17 20:00:47.130,0,0.6288016853223646,1332.8118199559206,0.0,
2021-03-17 20:00:47.140,0,0.6290571232853863,1312.8833845537,0.0,
2021-03-17 20:00:47.150,0,0.8068610108647071,1265.9490718526504,0.0,
2021-03-17 20:00:47.160,0,0.5560458371463658,1230.4989808694168,0.0,
2021-03-17 20:00:47.170,0,0.6585812355192638,1178.0108134360064,0.0,
2021-03-17 20:00:47.180,0,0.6185871594180505,1121.4331899055874,0.0,
2021-03-17 20:00:47.190,0,0.5237220964712225,1078.7134454391478,0.0,
2021-03-17 20:00:47.200,0,0.5899882983290538,1017.6980835158909,0.0,
2021-03-17 20:00:47.210,0,0.4911509218519526,953.397687615121,0.0,
2021-03-17 20:00:47.220,0,0.5596646620350748,904.0626849932717,0.0,
2021-03-17 20:00:47.230,0,0.5890582257135808,840.1281186556184,0.0,
2021-03-17 20:00:47.240,0,0.4068707605984119,780.6512132287859,0.0,
2021-03-17 20:00:47.250,0,0.4434476687794895,724.1849980914827,0.0,
2021-03-17 20:00:47.260,0,0.4067993967573622,664.6371340511924,0.0,
2021-03-17 20:00:47.270,0,0.3382491374105508,609.8487071647395,0.0,
2021-03-17 20:00:47.280,0,0.3250042739797467,560.6658723514863,0.0,
2021-03-17 20:00:47.290,0,0.2810540108400159,509.692741562132,0.0,
2021-03-17 20:00:47.300,0,0.3231907630663415,464.8108670113462,0.0,
2021-03-17 20:00:47.310,0,0.3259621383734131,413.57782712534777,0.0,
2021-03-17 20:00:47.320,0,0.2673753342630269,373.7060359200258,0.0,
2021-03-17 20:00:47.330,0,0.2121492481809324,336.4123628090481,1.0,
2021-03-17 20:00:47.340,0,0.180693418604853,301.9659348939637,1.0,
2021-03-17 20:00:47.350,0,0.1794313570015128,264.6044387866503,1.0,
2021-03-17 20:00:47.360,0,0.1415366200378928,232.31982064218758,1.0,
2021-03-17 20:00:47.370,0,0.1440375347761585,202.5756172898448,1.0,
2021-03-17 20:00:47.380,0,0.1287769953005472,177.27558395755642,1.0,
2021-03-17 20:00:47.390,0,0.1242082475329078,150.20080555055642,2.0,
2021-03-17 20:00:47.400,0,0.0968756721497475,127.81116427332451,2.0,
2021-03-17 20:00:47.410,0,0.0766846300456095,109.19384611585971,2.0,
2021-03-17 20:00:47.420,0,0.0636591261430149,89.19927456159155,2.0,
2021-03-17 20:00:47.430,0,0.058728912955241,73.05715826798799,2.0,
2021-03-17 20:00:47.440,0,0.0398943988924609,57.92378360147072,2.0,
2021-03-17 20:00:47.450,0,0.0320515022256733,44.496604492386595,2.0,
2021-03-17 20:00:47.460,0,0.0275025749855903,32.943926071604764,2.0,
2021-03-17 20:00:47.470,0,0.0135745236127013,22.56055677483657,2.0,
2021-03-17 20:00:47.480,0,0.0071853464820922,13.66314571409541,2.0,
2021-03-17 20:00:47.490,0,0.0046512584701107,5.750090762869776,2.0,
2021-03-17 20:00:47.500,0,0.0021742651710798,0.0,2.0,
2021-03-17 20:00:47.510,0,-0.0079953463450083,0.0,2.0,
2021-03-17 20:00:47.520,0,-0.0089451761363165,0.0,2.0,
2021-03-17 20:00:47.530,0,-0.008303019038155,0.0,2.0,
2021-03-17 20:00:47.540,0,-0.0090573698978518,0.0,2.0,
2021-03-17 20:00:47.550,0,-0.0148037920674807,0.0,2.0,
2021-03-17 20:00:47.560,0,-0.0156311375678164,0.0,2.0,
2021-03-17 20:00:47.570,0,-0.0220885992612739,0.0,2.0,
2021-03-17 20:00:47.580,0,-0.0168908633212536,0.0,2.0,
2021-03-17 20:00:47.590,0,-0.0225456660295499,0.0,2.0,
2021-03-17 20:00:47.600,0,-0.0168373552864769,0.0,2.0,
2021-03-17 20:00:47.610,0,-0.0296219207589647,0.0,2.0,
2021-03-17 20:00:47.620,0,-0.0066054538551046,0.0,2.0,
2021-03-17 20:00:47.630,0,-0.0212452351486425,0.0,2.0,
2021-03-17 20:00:47.640,0,-0.0131550925359368,0.0,2.0,
2021-03-17 20:00:47.650,0,-0.0105101808645179,0.0,2.0,
2021-03-17 20:00:47.660,0,-0.0150743600215645,0.0,2.0,
2021-03-17 20:00:47.670,0,-0.0121580063842837,0.0,2.0,
2021-03-17 20:00:47.680,0,-0.0177135615674008,0.0,2.0,
2021-03-17 20:00:47.690,0,-0.022446958443511,0.0,2.0,
2021-03-17 20:00:47.700,0,-0.0149528887615009,0.0,2.0,
2021-03-17 20:00:47.710,0,-0.014967338025108,0.0,2.0,
2021-03-17 20:00:47.720,0,-0.0141118704508625,0.0,2.0,
2021-03-17 20:00:47.730,0,-0.0186628373574767,0.0,2.0,
2021-03-17 20:00:47.740,0,-0.0067563852169106,0.0,2.0,
2021-03-17 20:00:47.750,0,-0.007924103447028,0.0,2.0,
2021-03-17 20:00:47.760,0,-0.0101435825477324,0.0,2.0,
2021-03-17 20:00:47.770,0,-0.0091758983234291,0.0,2.0,
2021-03-17 20:00:47.780,0,-0.0108321891722814,0.0,2.0,
2021-03-17 20:00:47.790,0,-0.0046723709985101,0.0,2.0,
2021-03-17 20:00:47.800,0,-0.0122218139277604,0.0,2.0,
2021-03-17 20:00:47.810,0,-0.0101191634195853,0.0,2.0,
2021-03-17 20:00:47.820,0,-0.003099445879595,0.0,2.0,
2021-03-17 20:00:47.830,0,0.0006623234406321,0.0,2.0,
2021-03-17 20:00:47.840,0,-0.0049315383745977,0.0,2.0,
2021-03-17 20:00:47.850,0,0.0023761138659679,0.0,2.0,
2021-03-17 20:00:47.860,0,-0.0067847663806843,0.0,2.0,
2021-03-17 20:00:47.870,0,-0.0060698615550976,0.0,2.0,
2021-03-17 20:00:47.880,0,0.0006325144533789,0.0,2.0,
2021-03-17 20:00:47.890,0,0.0003556454069524,0.0,2.0,
2021-03-17 20:00:47.900,0,0.0007914127111458,0.0,2.0,
2021-03-17 20:00:47.910,0,-0.0032433510788835,0.0,2.0,
2021-03-17 20:00:47.920,0,-0.0006621250798019,0.0,2.0,
2021-03-17 20:00:47.930,0,-0.0026221935934222,0.0,2.0,
2021-03-17 20:00:47.940,0,-0.0021096194848094,0.0,2.0,
2021-03-17 20:00:47.950,0,-0.0046717469549458,0.0,2.0,
2021-03-17 20:00:47.960,0,0.0019666056942614,0.0,2.0,
2021-03-17 20:00:47.970,0,-0.0020203480083503,0.0,2.0,
2021-03-17 20:00:47.980,0,-0.0028913978534962,0.0,2.0,
2021-03-17 20:00:47.990,0,-0.0046582695261669,0.0,2.0,
2021-03-17 20:00:48.000,0,0.0040000604083807,0.0790104021622334,2.0,
2021-03-17 20:00:48.010,0,-0.0018744843916668,0.1840979011223509,2.0,
2021-03-17 20:00:48.020,0,-0.0059501713959478,0.2742475706035259,2.0,
2021-03-17 20:00:48.030,0,0.0015072626715010005,0.3461567464724785,2.0,
2021-03-17 20:00:48.040,0,0.0024814093404339,0.4040457492482339,2.0,
2021-03-17 20:00:48.050,0,0.0003067856859953,0.452447424709771,2.0,
2021-03-17 20:00:48.060,0,0.0009950809144005,0.4899567629747508,2.0,
2021-03-17 20:00:48.070,0,0.0034990144816764,0.5163292875146122,2.0,
2021-03-17 20:00:48.080,0,0.002511974461699,0.5301062722450054,2.0,
2021-03-17 20:00:48.090,0,0.0011981595808222,0.5412832080464128,2.0,
2021-03-17 20:00:48.100,0,0.0011872784682948,0.5466730000475308,2.0,
2021-03-17 20:00:48.110,0,-0.0046573919611532,0.5426801251271289,2.0,
2021-03-17 20:00:48.120,0,0.0037804266732939,0.5402659267747062,2.0,
2021-03-17 20:00:48.130,0,-0.0019371708206772,0.5285076025946136,2.0,
2021-03-17 20:00:48.140,0,-0.0089960985389347,0.5104253263362959,2.0,
2021-03-17 20:00:48.150,0,0.0011412727250062,0.4960965699870457,2.0,
2021-03-17 20:00:48.160,0,0.0034875472757796,0.4779079666465759,2.0,
2021-03-17 20:00:48.170,0,-0.0071673321165153,0.4525926845427557,2.0,
2021-03-17 20:00:48.180,0,0.0023408473442072,0.4315365328249761,2.0,
2021-03-17 20:00:48.190,0,0.0018595814414187,0.4122315893454229,2.0,
2021-03-17 20:00:48.200,0,0.0015497562779399,0.3860773048613523,2.0,
2021-03-17 20:00:48.210,0,0.0008268834562267,0.3595247731617796,2.0,
2021-03-17 20:00:48.220,0,0.0029456562269435,0.3369456784909341,2.0,
2021-03-17 20:00:48.230,0,-0.0011598839402992,0.3128418231053588,2.0,
2021-03-17 20:00:48.240,0,-0.0039276094012134,0.29408400629048,2.0,
2021-03-17 20:00:48.250,0,0.0038891885437848,0.2693323040424561,2.0,
2021-03-17 20:00:48.260,0,0.0007266389241974,0.2481160936857154,2.0,
2021-03-17 20:00:48.270,0,5.170617054439132e-05,0.2239072966303975,2.0,
2021-03-17 20:00:48.280,0,-0.0048103142543961,0.2075772801942768,2.0,
2021-03-17 20:00:48.290,0,0.0039231261254406,0.1876464687901607,2.0,
2021-03-17 20:00:48.300,0,0.0036798373299816,0.1687482410106358,2.0,
2021-03-17 20:00:48.310,0,-0.0020539890052347,0.1516196077720172,2.0,
2021-03-17 20:00:48.320,0,0.0047798124437381,0.1366258961944047,2.0,
2021-03-17 20:00:48.330,0,0.0034199656200316,0.1206393001986729,2.0,
2021-03-17 20:00:48.340,0,-0.0084190549459652,0.1074728220778865,2.0,
2021-03-17 20:00:48.350,0,0.0012213480869098,0.0948751889805665,2.0,
2021-03-17 20:00:48.360,0,0.0012770461433515,0.0821748489350604,2.0,
2021-03-17 20:00:48.370,0,0.0083206586003742,0.0714791030050816,2.0,
2021-03-17 20:00:48.380,0,-0.0056546744304924,0.0621303705114944,2.0,
2021-03-17 20:00:48.390,0,0.0021777360525326,0.0520809005543276,2.0,
2021-03-17 20:00:48.400,0,-0.0012031351977537,0.0442037697630863,2.0,
2021-03-17 20:00:48.410,0,-0.0075141330761819,0.0364359633065859,2.0,
2021-03-17 20:00:48.420,0,0.0026478204814834,0.0295983630013884,2.0,
2021-03-17 20:00:48.430,0,0.0007065335596022,0.0235366052886743,2.0,
2021-03-17 20:00:48.440,0,8.626388556710409e-05,0.0182113403157478,2.0,
2021-03-17 20:00:48.450,0,-0.0012696553838154,0.0133645587420407,2.0,
2021-03-17 20:00:48.460,0,0.0011235501051402,0.0091492617287564,2.0,
2021-03-17 20:00:48.470,0,-0.0016542358973942,0.0055249957121103,2.0,
2021-03-17 20:00:48.480,0,-0.0009643040441876,0.0023577171400589,2.0,
2021-03-17 20:00:48.490,0,-0.0004705115443487,0.0,2.0,
2021-03-17 20:00:48.500,0,0.0023072251475421,0.0,2.0,
2021-03-17 20:00:48.510,0,-0.0077881061936129,0.0,2.0,
2021-03-17 20:00:48.520,0,0.0068506851110021,0.0,2.0,
2021-03-17 20:00:48.530,0,-0.005552236841516,0.0,2.0,
2021-03-17 20:00:48.540,0,-0.003378898657325,0.0,2.0,
2021-03-17 20:00:48.550,0,0.0045237381649322,0.0,2.0,
2021-03-17 20:00:48.560,0,-0.0008094957841586,0.0,2.0,
2021-03-17 20:00:48.570,0,-0.0060240699289554,0.0,2.0,
2021-03-17 20:00:48.580,0,-0.0005307028887364,0.0,2.0,
2021-03-17 20:00:48.590,0,-0.000879641802866,0.0,2.0,
2021-03-17 20:00:48.600,0,0.0008924056698108,0.0,2.0,
2021-03-17 20:00:48.610,0,0.004000357439994001,0.0,2.0,
2021-03-17 20:00:48.620,0,-0.0020137097089373,0.0,2.0,
2021-03-17 20:00:48.630,0,0.0024344593491905,0.0,2.0,
2021-03-17 20:00:48.640,0,-0.0008557998523769,0.0,2.0,
2021-03-17 20:00:48.650,0,0.0001045385482854,0.0,2.0,
2021-03-17 20:00:48.660,0,-0.0020688518158877,0.0,2.0,
2021-03-17 20:00:48.670,0,-0.0019372625141528,0.0,2.0,
2021-03-17 20:00:48.680,0,0.0002881590814634,0.0,2.0,
2021-03-17 20:00:48.690,0,-0.0031472012876958,0.0,2.0,
2021-03-17 20:00:48.700,0,-0.0007325112359583,0.0,2.0,
2021-03-17 20:00:48.710,0,0.0010798920295123,0.0,2.0,
2021-03-17 20:00:48.720,0,0.0013635611284502,0.0,2.0,
2021-03-17 20:00:48.730,0,-0.0019535592254731,0.0,2.0,
2021-03-17 20:00:48.740,0,-0.0032606727760027,0.0,2.0,
2021-03-17 20:00:48.750,0,-0.000911167309546,0.0,2.0,
2021-03-17 20:00:48.760,0,0.0009598211367554,0.0,2.0,
2021-03-17 20:00:48.770,0,0.0038381375947165,0.0,2.0,
2021-03-17 20:00:48.780,0,-0.0008001953706723,0.0,2.0,
2021-03-17 20:00:48.790,0,-0.0023118834936074,0.0,2.0,
2021-03-17 20:00:48.800,0,0.001976309661407,0.0,2.0,
2021-03-17 20:00:48.810,0,-0.0008756237686705,0.0,2.0,
2021-03-17 20:00:48.820,0,0.0055425257510035,0.0,2.0,
2021-03-17 20:00:48.830,0,0.0030205746420252,0.0,2.0,
2021-03-17 20:00:48.840,0,0.0028536798827369,0.0,2.0,
2021-03-17 20:00:48.850,0,-0.0013947228787623,0.0,2.0,
2021-03-17 20:00:48.860,0,-0.0008458900811739,0.0,2.0,
2021-03-17 20:00:48.870,0,0.0029485766150824,0.0,2.0,
2021-03-17 20:00:48.880,0,-0.0038317171136329,0.0,2.0,
2021-03-17 20:00:48.890,0,-0.0040622022756728,0.0,2.0,
2021-03-17 20:00:48.900,0,0.0026215973352508,0.0,2.0,
2021-03-17 20:00:48.910,0,-0.0045493467835416,0.0,2.0,
2021-03-17 20:00:48.920,0,0.0020171212832410003,0.0,2.0,
2021-03-17 20:00:48.930,0,0.0026802386651534,0.0,2.0,
2021-03-17 20:00:48.940,0,0.0013189582568895,0.0,2.0,
2021-03-17 20:00:48.950,0,0.0007246662135734,0.0,2.0,
2021-03-17 20:00:48.960,0,0.000267246391612,0.0,2.0,
2021-03-17 20:00:48.970,0,-0.0008521530834435,0.0,2.0,
2021-03-17 20:00:48.980,0,0.0037053677406254,0.0,2.0,
2021-03-17 20:00:48.990,0,0.0034997025405855,3.187555444973097e-05,2.0,
2021-03-17 20:00:49.000,0,0.0029979744335112,7.404919663806916e-05,2.0,
2021-03-17 20:00:49.010,0,-0.0022238028493796,0.0001094980548934,2.0,
2021-03-17 20:00:49.020,0,0.006339109506220001,0.0001380332695523,2.0,
2021-03-17 20:00:49.030,0,-0.0015673620351878,0.00016112714569999995,2.0,
2021-03-17 20:00:49.040,0,0.0043941497172941,0.0001812158982792,2.0,
2021-03-17 20:00:49.050,0,0.0045361333753881,0.000193517595945,2.0,
2021-03-17 20:00:49.060,0,0.0010680720308018,0.0002058525166578,2.0,
2021-03-17 20:00:49.070,0,-0.0050148482976833,0.0002123327339585,2.0,
2021-03-17 20:00:49.080,0,0.0010431232107437,0.0002151155291182,2.0,
2021-03-17 20:00:49.090,0,0.0034095860345854,0.0002163791819951,2.0,
2021-03-17 20:00:49.100,0,0.0004624813777743,0.000217230190356,2.0,
2021-03-17 20:00:49.110,0,-0.0032038346154889,0.0002137683210128,2.0,
2021-03-17 20:00:49.120,0,0.0006012849252673,0.0002081201877738,2.0,
2021-03-17 20:00:49.130,0,-4.885240391566672e-05,0.0002028596424357,2.0,
2021-03-17 20:00:49.140,0,-0.0024397856356047,0.0001959288564776,2.0,
2021-03-17 20:00:49.150,0,0.0009018511774313,0.0001892241984641,2.0,
2021-03-17 20:00:49.160,0,-0.0001708300963342,0.0001806979201399,2.0,
2021-03-17 20:00:49.170,0,0.0032286592498294,0.0001697351562593,2.0,
2021-03-17 20:00:49.180,0,0.005548222430438002,0.0001612299770858,2.0,
2021-03-17 20:00:49.190,0,0.0047463929069173,0.000152597351415,2.0,
2021-03-17 20:00:49.200,0,0.0011788502763513,0.0001432612774058,2.0,
2021-03-17 20:00:49.210,0,-0.0018675817788059,0.0001331375370314,2.0,
2021-03-17 20:00:49.220,0,-0.0010100486198863,0.0001245898993005,2.0,
2021-03-17 20:00:49.230,0,-0.0053869595454488,0.0001140970831143,2.0,
2021-03-17 20:00:49.240,0,0.0027020754510718,0.0001055560506781,2.0,
2021-03-17 20:00:49.250,0,-0.0012048916443473,9.68376275646979e-05,2.0,
2021-03-17 20:00:49.260,0,-0.0016504412561833,8.881213161761804e-05,2.0,
2021-03-17 20:00:49.270,0,0.0035958628563198,8.09759528499422e-05,2.0,
2021-03-17 20:00:49.280,0,0.0080380926119293,7.329109803467398e-05,2.0,
2021-03-17 20:00:49.290,0,0.0001940067223955,6.668754590729076e-05,2.0,
2021-03-17 20:00:49.300,0,0.0029605284447240003,5.941178231998451e-05,2.0,
2021-03-17 20:00:49.310,0,0.0020388006547411,5.310209893884724e-05,2.0,
2021-03-17 20:00:49.320,0,-0.002405024862184,4.762267958967699e-05,2.0,
2021-03-17 20:00:49.330,0,0.0005312620911598,4.248564552804166e-05,2.0,
2021-03-17 20:00:49.340,0,-0.0003831937772362,3.720827140348643e-05,2.0,
2021-03-17 20:00:49.350,0,-0.0034400886273627,3.206409548765733e-05,2.0,
2021-03-17 20:00:49.360,0,-0.0003512805241358,2.819945307131565e-05,2.0,
2021-03-17 20:00:49.370,0,-0.0031510307128463,2.4224908925853386e-05,2.0,
2021-03-17 20:00:49.380,0,0.0028974438691262,2.034628748121263e-05,2.0,
2021-03-17 20:00:49.390,0,0.0038163008833136,1.7112628486103687e-05,1.0,
2021-03-17 20:00:49.400,0,0.0001414513484432,1.4263910567169495e-05,1.0,
2021-03-17 20:00:49.410,0,-0.0051066960930908,1.1650077965935754e-05,1.0,
2021-03-17 20:00:49.420,0,0.0052500951129813,9.276320328172306e-06,1.0,
2021-03-17 20:00:49.430,0,0.0016077182988549,7.199948680647757e-06,1.0,
2021-03-17 20:00:49.440,0,-0.0054779327293365,5.27502745513504e-06,1.0,
2021-03-17 20:00:49.450,0,-1.2998501491104338e-05,3.6304378931890685e-06,1.0,
2021-03-17 20:00:49.460,0,0.0014932913490327,2.188712091188601e-06,1.0,
2021-03-17 20:00:49.470,0,0.0074150081025997,9.562059165578128e-07,1.0,
2021-03-17 20:00:49.480,0,-0.0076454164934934,0.0,1.0,
2021-03-17 20:00:49.490,0,-0.002043326145891,0.0,1.0,
2021-03-17 20:00:49.500,0,-0.0059422432763937,0.0,1.0,
2021-03-17 20:00:49.510,0,-0.0010235440915060002,0.0,1.0,
2021-03-17 20:00:49.520,0,-0.0057716767434766,0.0,1.0,
2021-03-17 20:00:49.530,0,0.0018700682917937,0.0,1.0,
2021-03-17 20:00:49.540,0,-0.0030698935770818,0.0,1.0,
2021-03-17 20:00:49.550,0,-8.039428490962358e-05,0.0,1.0,
2021-03-17 20:00:49.560,0,0.0017996881421539,0.0,1.0,
2021-03-17 20:00:49.570,0,0.0004828120240873,0.0,1.0,
2021-03-17 20:00:49.580,0,0.0006895334694289,0.0,1.0,
2021-03-17 20:00:49.590,0,-0.001201600381942,0.0,1.0,
2021-03-17 20:00:49.600,0,-0.0046062902130245,0.0,1.0,
2021-03-17 20:00:49.610,0,0.0003647397088759,0.0,1.0,
2021-03-17 20:00:49.620,0,0.0050741725254699,0.0,1.0,
2021-03-17 20:00:49.630,0,0.0013313647029579998,0.0,1.0,
2021-03-17 20:00:49.640,0,-0.0036252814815297,0.0,1.0,
2021-03-17 20:00:49.650,0,0.0009378122310238,0.0,1.0,
2021-03-17 20:00:49.660,0,0.0038941643091809,0.0,1.0,
2021-03-17 20:00:49.670,0,0.0017648103107769,0.0,1.0,
2021-03-17 20:00:49.680,0,0.003763892682601,0.0,1.0,
2021-03-17 20:00:49.690,0,-0.0029422745399564,0.0,1.0,
2021-03-17 20:00:49.700,0,-0.0056906629693553,0.0,1.0,
2021-03-17 20:00:49.710,0,0.0037141778928397,0.0,1.0,
2021-03-17 20:00:49.720,0,-0.0039491643021812,0.0,1.0,
2021-03-17 20:00:49.730,0,-0.0022757661364433,0.0,1.0,
2021-03-17 20:00:49.740,0,-0.0002168240900131,0.0,1.0,
2021-03-17 20:00:49.750,0,-0.0050973815992342,0.0,1.0,
2021-03-17 20:00:49.760,0,0.0003948311938076,0.0,1.0,
2021-03-17 20:00:49.770,0,-0.0004457717445315,0.0,1.0,
2021-03-17 20:00:49.780,0,0.0051183407259217,0.0,1.0,
2021-03-17 20:00:49.790,0,-0.0015753383443375,0.0,1.0,
2021-03-17 20:00:49.800,0,-0.0037962666827147,0.0,1.0,
2021-03-17 20:00:49.810,0,-0.0014639631658789998,0.0,1.0,
2021-03-17 20:00:49.820,0,-0.0011807802698708,0.0,1.0,
2021-03-17 20:00:49.830,0,-0.0051745840835997,0.0,1.0,
2021-03-17 20:00:49.840,0,-0.0008882568539615,0.0,1.0,
2021-03-17 20:00:49.850,0,-0.0085972598243181,0.0,1.0,
2021-03-17 20:00:49.860,0,0.0042020081318505,0.0,1.0,
2021-03-17 20:00:49.870,0,-0.0021345845457092,0.0,1.0,
2021-03-17 20:00:49.880,0,0.0004660671424672,0.0,1.0,
2021-03-17 20:00:49.890,0,-0.0024625647201558,0.0,1.0,
2021-03-17 20:00:49.900,0,0.0054010720429576,0.0,1.0,
2021-03-17 20:00:49.910,0,-0.0030727979830644,0.0,1.0,
2021-03-17 20:00:49.920,0,-0.0028647393379411,0.0,1.0,
2021-03-17 20:00:49.930,0,-0.0027642269171483,0.0,1.0,
2021-03-17 20:00:49.940,0,0.0047791552269546,0.0,1.0,
2021-03-17 20:00:49.950,0,0.0049454412219864,0.0,1.0,
2021-03-17 20:00:49.960,0,-6.133867506375197e-05,0.0,1.0,
2021-03-17 20:00:49.970,0,-0.0055900817884712,0.0,1.0,
2021-03-17 20:00:49.980,0,0.0015299578178249,9.404522577318796e-09,1.0,
2021-03-17 20:00:49.990,0,0.0007229701237152,2.6422251292383872e-08,1.0,
2021-03-17 20:00:50.000,0,-0.002800582469195,4.031726503175965e-08,1.0,
2021-03-17 20:00:50.010,0,0.0016798462732643,5.22558793928563e-08,1.0,
2021-03-17 20:00:50.020,0,-0.0096837031646358,6.170498570992295e-08,1.0,
2021-03-17 20:00:50.030,0,-0.0020450123108626,6.954553263294786e-08,1.0,
2021-03-17 20:00:50.040,0,-0.0029145730575948,7.51219264921673e-08,1.0,
2021-03-17 20:00:50.050,0,-0.0006608669144429,7.93627605897636e-08,1.0,
2021-03-17 20:00:50.060,0,0.0030678621555595,8.261134486026497e-08,1.0,
2021-03-17 20:00:50.070,0,0.0039903551649522,8.413944223658002e-08,1.0,
2021-03-17 20:00:50.080,0,-0.0034683242441073,8.502357736548557e-08,1.0,
2021-03-17 20:00:50.090,0,0.0021120628388106,8.409625681338682e-08,1.0,
2021-03-17 20:00:50.100,0,0.0103495286475717,8.29180985854796e-08,1.0,
2021-03-17 20:00:50.110,0,-0.0035066664599401,8.237554828284853e-08,1.0,
2021-03-17 20:00:50.120,0,0.0021330242556596,8.00506748013786e-08,1.0,
2021-03-17 20:00:50.130,0,-0.00156154221055,7.683078041567565e-08,1.0,
2021-03-17 20:00:50.140,0,0.002686378266923,7.435023886821129e-08,1.0,
2021-03-17 20:00:50.150,0,-0.00366699034475,7.15893612343845e-08,1.0,
2021-03-17 20:00:50.160,0,-0.0038922723005388,6.744590348786572e-08,1.0,
2021-03-17 20:00:50.170,0,0.0009616544944237,6.385797548166064e-08,1.0,
2021-03-17 20:00:50.180,0,-0.0015758165157814,5.984443638859605e-08,1.0,
2021-03-17 20:00:50.190,0,8.093902998265459e-05,5.662207146928173e-08,1.0,
2021-03-17 20:00:50.200,0,8.156932853513702e-05,5.342772506244784e-08,1.0,
2021-03-17 20:00:50.210,0,0.0036175998694927,4.9669266959349653e-08,1.0,
2021-03-17 20:00:50.220,0,-0.0004588580936803,4.60031931189522e-08,1.0,
2021-03-17 20:00:50.230,0,-0.00013615004366699998,4.196856244248557e-08,1.0,
2021-03-17 20:00:50.240,0,-0.0019458988123821,3.875394493927103e-08,1.0,
2021-03-17 20:00:50.250,0,0.0033078968770729,3.555235199830995e-08,1.0,
2021-03-17 20:00:50.260,0,0.0036933204990664,3.2062742000833e-08,1.0,
2021-03-17 20:00:50.270,0,0.005464268592744,2.931242997643705e-08,1.0,
2021-03-17 20:00:50.280,0,-0.0042890024146524,2.6685871098098026e-08,1.0,
2021-03-17 20:00:50.290,0,-0.0016753414638642,2.412016255564069e-08,1.0,
2021-03-17 20:00:50.300,0,-0.0001508364954348,2.117192568803115e-08,1.0,
2021-03-17 20:00:50.310,0,0.0023248566585233,1.914124671706153e-08,1.0,
2021-03-17 20:00:50.320,0,0.0028112269411138,1.6871617376175456e-08,1.0,
2021-03-17 20:00:50.330,0,-0.0008577849156831,1.4906127306122183e-08,1.0,
2021-03-17 20:00:50.340,0,0.0050684514565699,1.2880847578785266e-08,1.0,
2021-03-17 20:00:50.350,0,0.0033333567938524,1.1239688950363671e-08,1.0,
2021-03-17 20:00:50.360,0,-0.0009297733421008,9.681976652141725e-09,1.0,
2021-03-17 20:00:50.370,0,0.0037189224814488,8.286885068814364e-09,1.0,
2021-03-17 20:00:50.380,0,0.0046212651176991,6.952401680222188e-09,1.0,
2021-03-17 20:00:50.390,0,0.0040075158562233,5.77782809072398e-09,1.0,
2021-03-17 20:00:50.400,0,0.0097729224014545,4.7123176493179646e-09,1.0,
2021-03-17 20:00:50.410,0,0.0047405162015621,3.7709767173748935e-09,1.0,
2021-03-17 20:00:50.420,0,-0.0016628245505894,2.9336661490470204e-09,1.0,
2021-03-17 20:00:50.430,0,-0.0001828412676503,2.176727682394073e-09,1.0,
2021-03-17 20:00:50.440,0,-0.0013873492059317,1.5080564198819105e-09,1.0,
2021-03-17 20:00:50.450,0,-0.0035248583251271,9.353288454757987e-10,1.0,
2021-03-17 20:00:50.460,0,0.0028261075529036,4.322014276322791e-10,1.0,
2021-03-17 20:00:50.470,0,0.0046090181184897,2.5971983465246614e-12,1.0,
2021-03-17 20:00:50.480,0,-0.0014792300735879998,0.0,1.0,
2021-03-17 20:00:50.490,0,-0.0027394090441243,0.0,1.0,
2021-03-17 20:00:50.500,0,-0.001921030532582,0.0,1.0,
2021-03-17 20:00:50.510,0,-0.0029272505900004,0.0,1.0,
2021-03-17 20:00:50.520,0,-0.0047732302446259,0.0,1.0,
2021-03-17 20:00:50.530,0,-0.0028017596167647,0.0,1.0,
2021-03-17 20:00:50.540,0,0.0004576647008499,0.0,1.0,
2021-03-17 20:00:50.550,0,-0.0034755250250649,0.0,1.0,
2021-03-17 20:00:50.560,0,-0.0037825050058605,0.0,1.0,
2021-03-17 20:00:50.570,0,0.0007606283442454,0.0,1.0,
2021-03-17 20:00:50.580,0,-0.0069240089676232,0.0,1.0,
2021-03-17 20:00:50.590,0,-0.0018575698812164,0.0,1.0,
2021-03-17 20:00:50.600,0,0.0045792115502088,0.0,1.0,
2021-03-17 20:00:50.610,0,-0.0005554918405676,0.0,1.0,
2021-03-17 20:00:50.620,0,-0.0017974900618907,0.0,1.0,
2021-03-17 20:00:50.630,0,-0.0086187781783298,0.0,1.0,
2021-03-17 20:00:50.640,0,0.0020451848111733,0.0,1.0,
2021-03-17 20:00:50.650,0,-0.0002139372584898,0.0,1.0,
2021-03-17 20:00:50.660,0,0.0029454021631714,0.0,1.0,
2021-03-17 20:00:50.670,0,0.0010673720066486,0.0,1.0,
2021-03-17 20:00:50.680,0,-0.00026608735346,0.0,1.0,
2021-03-17 20:00:50.690,0,-0.0024331695711702,0.0,1.0,
2021-03-17 20:00:50.700,0,-0.0027575553252308,0.0,1.0,
2021-03-17 20:00:50.710,0,-0.0056265725645283,0.0,1.0,
2021-03-17 20:00:50.720,0,0.0012331836177192,0.0,1.0,
2021-03-17 20:00:50.730,0,-0.0011691536605084,0.0,1.0,
2021-03-17 20:00:50.740,0,0.0013585640220874,0.0,1.0,
2021-03-17 20:00:50.750,0,-0.0006433275259839999,0.0,1.0,
2021-03-17 20:00:50.760,0,-0.0036268656059999,0.0,1.0,
2021-03-17 20:00:50.770,0,0.0024336349451055,0.0,1.0,
2021-03-17 20:00:50.780,0,0.0064443279056563,0.0,1.0,
2021-03-17 20:00:50.790,0,0.0038911306678222,0.0,1.0,
2021-03-17 20:00:50.800,0,-0.0008607890951257,0.0,1.0,
2021-03-17 20:00:50.810,0,0.0011446929972972,0.0,1.0,
2021-03-17 20:00:50.820,0,0.0019991490718202,0.0,1.0,
2021-03-17 20:00:50.830,0,-0.0016718992907314,0.0,1.0,
2021-03-17 20:00:50.840,0,0.0050572196839035,0.0,1.0,
2021-03-17 20:00:50.850,0,-0.0019918430992511,0.0,1.0,
2021-03-17 20:00:50.860,0,-0.003275103157494001,0.0,1.0,
2021-03-17 20:00:50.870,0,0.0006858053822687,0.0,1.0,
2021-03-17 20:00:50.880,0,-0.0015019367974577,0.0,1.0,
2021-03-17 20:00:50.890,0,-0.0037126765009083,0.0,1.0,
2021-03-17 20:00:50.900,0,0.0042055964571136,0.0,1.0,
2021-03-17 20:00:50.910,0,-0.0055393356310198,0.0,1.0,
2021-03-17 20:00:50.920,0,0.0018246750144194,0.0,1.0,
2021-03-17 20:00:50.930,0,-0.0003360004653009,0.0,1.0,
2021-03-17 20:00:50.940,0,-0.0016073521691011,0.0,1.0,
2021-03-17 20:00:50.950,0,-3.7297979828695975e-05,0.0,1.0,
2021-03-17 20:00:50.960,0,-0.0010376056897047,0.0,1.0,
2021-03-17 20:00:50.970,0,-0.0018880971381048,3.756968420425831e-12,1.0,
2021-03-17 20:00:50.980,0,0.0002180219092521,1.0405021105476423e-11,1.0,
2021-03-17 20:00:50.990,0,0.0051353710571084,1.609232607173073e-11,1.0,
2021-03-17 20:00:51.000,1,0.0011624399674447,2.0754439365761327e-11,1.0,
2021-03-17 20:00:51.010,1,-0.0029717487391545,2.463861397826189e-11,1.0,
2021-03-17 20:00:51.020,1,-0.0024843531708519,2.763044403463769e-11,1.0,
2021-03-17 20:00:51.030,1,0.000834811838702,2.965420129950731e-11,1.0,
2021-03-17 20:00:51.040,1,0.0025556815890632,3.146509516146186e-11,1.0,
2021-03-17 20:00:51.050,1,-0.0001086457200344,3.25827128795098e-11,1.0,
2021-03-17 20:00:51.060,1,-0.0011615192431128,3.3190855534547286e-11,1.0,
2021-03-17 20:00:51.070,1,0.0029619983163609,3.3384478452695075e-11,1.0,
2021-03-17 20:00:51.080,1,0.0012349904234086,3.334387310590109e-11,1.0,
2021-03-17 20:00:51.090,1,-0.0015332959448891,3.3052705637765005e-11,1.0,
2021-03-17 20:00:51.100,1,0.0007075385278278,3.2234186924704426e-11,1.0,
2021-03-17 20:00:51.110,1,-0.000360688635808,3.140483979722225e-11,1.0,
2021-03-17 20:00:51.120,1,0.0017646950750124,5.299263172117468,1.0,
2021-03-17 20:00:51.130,1,0.011999780359553,20.262616354853023,1.0,
2021-03-17 20:00:51.140,1,0.0404938204309094,42.91902482996929,1.0,
2021-03-17 20:00:51.150,1,0.0477896063145103,72.81227634360388,1.0,
2021-03-17 20:00:51.160,1,0.0613641665696246,106.06295086826,1.0,
2021-03-17 20:00:51.170,1,0.1012522054375032,146.03879285047466,0.0,
2021-03-17 20:00:51.180,1,0.1447789521068265,189.42205665849056,0.0,
2021-03-17 20:00:51.190,1,0.14495180597921806,242.33603456945858,0.0,
2021-03-17 20:00:51.200,1,0.2347834385116277,292.59734604371766,0.0,
2021-03-17 20:00:51.210,1,0.2607429459154753,344.4228314911757,0.0,
2021-03-17 20:00:51.220,1,0.3049815502833601,396.63012156017516,0.0,
2021-03-17 20:00:51.230,1,0.4085754335597794,460.5471886567039,0.0,
2021-03-17 20:00:51.240,1,0.4055524984827792,514.3387920207064,0.0,
2021-03-17 20:00:51.250,1,0.5221977711120055,571.6144795611738,0.0,
2021-03-17 20:00:51.260,1,0.5380138841991207,623.5466237489833,0.0,
2021-03-17 20:00:51.270,1,0.6095718176422961,686.496867657817,0.0,
2021-03-17 20:00:51.280,1,0.5338983513887786,737.7200532336052,0.0,
2021-03-17 20:00:51.290,1,0.7272832346432456,785.7129312634636,0.0,
2021-03-17 20:00:51.300,1,0.7004480261026368,834.1556244878165,0.0,
2021-03-17 20:00:51.310,1,0.5664567751864119,882.7363445385434,0.0,
2021-03-17 20:00:51.320,1,0.7503527380428993,925.6128890698973,0.0,
2021-03-17 20:00:51.330,1,0.9113577945072022,973.3182299702264,0.0,
2021-03-17 20:00:51.340,1,0.7735314816587638,1003.9591893346167,0.0,
2021-03-17 20:00:51.350,1,0.6972319154959059,1041.577410936359,0.0,
2021-03-17 20:00:51.360,1,0.959422158047382,1075.2215874496837,0.0,
2021-03-17 20:00:51.370,1,0.9556367554487856,1102.1240831117595,0.0,
2021-03-17 20:00:51.380,1,1.0931110132611477,1133.4954050488209,0.0,
2021-03-17 20:00:51.390,1,0.8785085530676545,1161.769732530394,0.0,
2021-03-17 20:00:51.400,1,1.0634530905087185,1190.2054254592506,0.0,
2021-03-17 20:00:51.410,1,1.207755090833977,1212.9252225533564,0.0,
2021-03-17 20:00:51.420,1,0.9548275824843924,1225.5203909892032,0.0,
2021-03-17 20:00:51.430,1,1.079388915345956,1242.93627777408,0.0,
2021-03-17 20:00:51.440,1,1.1409788757350372,1244.3672144868824,0.0,
2021-03-17 20:00:51.450,1,1.3183955217811845,1271.9694586894618,0.0,
2021-03-17 20:00:51.460,1,1.1067404747270746,1275.0822650682735,0.0,
2021-03-17 20:00:51.470,1,1.316629385739854,1308.7157368281307,0.0,
2021-03-17 20:00:51.480,1,1.3378256116784957,1303.4367598062495,0.0,
2021-03-17 20:00:51.490,1,1.0912924864628424,1320.3576683747744,0.0,
2021-03-17 20:00:51.500,1,1.0965489555385093,1316.2856629933594,0.0,
2021-03-17 20:00:51.510,1,1.3201280465698704,1320.7346102740096,0.0,
2021-03-17 20:00:51.520,1,1.1173743416541948,1350.1301909158556,0.0,
2021-03-17 20:00:51.530,1,1.1709572181139676,1332.3899179086486,0.0,
2021-03-17 20:00:51.540,1,1.1694862953617593,1333.8971297351145,0.0,
2021-03-17 20:00:51.550,1,1.1553072175087655,1331.343886077682,0.0,
2021-03-17 20:00:51.560,1,1.3516768181910377,1357.9775501288686,0.0,
2021-03-17 20:00:51.570,1,1.4526798880140337,1352.9781723252006,0.0,
2021-03-17 20:00:51.580,1,1.0760829868265438,1337.8513876139964,0.0,
2021-03-17 20:00:51.590,1,1.2872958186585242,1357.0158141813558,0.0,
2021-03-17 20:00:51.600,1,1.0861345271608138,1338.1896334463418,0.0,
2021-03-17 20:00:51.610,1,1.271028347359736,1344.65972057284,0.0,
2021-03-17 20:00:51.620,1,1.306083435598207,1345.1937929550745,0.0,
2021-03-17 20:00:51.630,1,0.9574168929786384,1351.0417691001358,0.0,
2021-03-17 20:00:51.640,1,1.3428556559376443,1341.7636472566905,0.0,
2021-03-17 20:00:51.650,1,1.1607715130277971,1352.1325185608569,0.0,
2021-03-17 20:00:51.660,1,0.9868682946435008,1345.471201209573,0.0,
2021-03-17 20:00:51.670,1,0.981072583550776,1340.723064293308,0.0,
2021-03-17 20:00:51.680,1,1.2055595205190417,1338.2488707828616,0.0,
2021-03-17 20:00:51.690,1,1.0799233996601303,1347.4276649047595,0.0,
2021-03-17 20:00:51.700,1,1.088201834204351,1331.6139347605429,0.0,
2021-03-17 20:00:51.710,1,1.1825392183308836,1361.1650572577046,0.0,
2021-03-17 20:00:51.720,1,1.324213411041438,1348.578427109689,0.0,
2021-03-17 20:00:51.730,1,0.9935088971310736,1337.9308014422625,0.0,
2021-03-17 20:00:51.740,1,1.2728985907626051,1339.2969471128627,0.0,
2021-03-17 20:00:51.750,1,1.2655464440209574,1335.9221562193418,0.0,
2021-03-17 20:00:51.760,1,0.9782433331365904,1333.5436442739294,0.0,
2021-03-17 20:00:51.770,1,1.2214363074742107,1334.0712100622432,0.0,
2021-03-17 20:00:51.780,1,0.943733567644218,1337.7574927378841,0.0,
2021-03-17 20:00:51.790,1,1.2046879822295329,1326.1374707651296,0.0,
2021-03-17 20:00:51.800,1,0.9140283791504218,1327.4851171124396,0.0,
2021-03-17 20:00:51.810,1,1.2710845512489803,1323.864123459598,0.0,
2021-03-17 20:00:51.820,1,1.0040054484076726,1328.392629196769,0.0,
2021-03-17 20:00:51.830,1,1.1479438098578678,1335.1217877679871,0.0,
2021-03-17 20:00:51.840,1,1.2263545549729449,1341.4864235557934,0.0,
2021-03-17 20:00:51.850,1,0.8358536609508656,1341.6124434769881,0.0,
2021-03-17 20:00:51.860,1,0.9457742242798411,1338.0645452989495,0.0,
2021-03-17 20:00:51.870,1,1.0081870815546798,1336.38426774995,0.0,
2021-03-17 20:00:51.880,1,1.2108138198036813,1339.3380239610506,0.0,
2021-03-17 20:00:51.890,1,1.129718116010712,1336.2460142428124,0.0,
2021-03-17 20:00:51.900,1,0.8314211930965156,1341.5197052391459,0.0,
2021-03-17 20:00:51.910,1,0.982762251795168,1345.5595543894342,0.0,
2021-03-17 20:00:51.920,1,0.8583954804211513,1338.0310128322603,0.0,
2021-03-17 20:00:51.930,1,0.8397757450590483,1341.977979717642,0.0,
2021-03-17 20:00:51.940,1,1.0646138896114563,1335.8873560282975,0.0,
2021-03-17 20:00:51.950,1,1.1184356419731891,1346.766494253723,0.0,
2021-03-17 20:00:51.960,1,0.98149456215354,1332.3316361874108,0.0,
2021-03-17 20:00:51.970,1,0.8155338611750479,1350.9662955516549,0.0,
2021-03-17 20:00:51.980,1,1.1219011093559652,1345.062642504816,0.0,
2021-03-17 20:00:51.990,1,0.9912346117673908,1349.3511741785815,0.0,
2021-03-17 20:00:52.000,1,0.9366037810330944,1366.0024496170647,0.0,
2021-03-17 20:00:52.010,1,0.8157068048483292,1351.8708456751312,0.0,
2021-03-17 20:00:52.020,1,1.057376007988919,1351.7907440303468,0.0,
2021-03-17 20:00:52.030,1,1.0684729091713918,1356.466234936176,0.0,
2021-03-17 20:00:52.040,1,1.006829372587971,1355.468841090554,0.0,
2021-03-17 20:00:52.050,1,0.9622640134799014,1360.9275941877506,0.0,
2021-03-17 20:00:52.060,1,1.0702873624224305,1367.1736373418855,0.0,
2021-03-17 20:00:52.070,1,0.8286968275046891,1358.4869334671816,0.0,
2021-03-17 20:00:52.080,1,1.076212693510753,1356.4067712812262,0.0,
2021-03-17 20:00:52.090,1,1.1151292427934651,1364.4296992103189,0.0,
2021-03-17 20:00:52.100,1,0.8104050145579518,1356.8938646825509,0.0,
2021-03-17 20:00:52.110,1,1.0007787776048556,1365.0945216796422,0.0,
2021-03-17 20:00:52.120,1,0.7960002738822178,1367.9245363287428,0.0,
2021-03-17 20:00:52.130,1,1.058430845376812,1362.9182601827686,0.0,
2021-03-17 20:00:52.140,1,1.0510560033084848,1367.8374947194204,0.0,
2021-03-17 20:00:52.150,1,1.0261867287450257,1361.1886143441545,0.0,
2021-03-17 20:00:52.160,1,1.1653370652513837,1358.2528573673712,0.0,
2021-03-17 20:00:52.170,1,0.9234212004104314,1364.6582441254207,0.0,
2021-03-17 20:00:52.180,1,1.0141821212722222,1362.9375109025852,0.0,
2021-03-17 20:00:52.190,1,0.8977157551834892,1368.3195281382084,0.0,
2021-03-17 20:00:52.200,1,0.8722775425460191,1367.5812669144188,0.0,
2021-03-17 20:00:52.210,1,0.8869972614831596,1359.766220996033,0.0,
2021-03-17 20:00:52.220,1,1.0791503890393377,1383.8290126993868,0.0,
2021-03-17 20:00:52.230,1,0.9563964164091696,1365.7547823247455,0.0,
2021-03-17 20:00:52.240,1,1.1255970923165626,1359.5535510532202,0.0,
2021-03-17 20:00:52.250,1,1.1349208037081344,1375.0003998868146,0.0,
2021-03-17 20:00:52.260,1,0.9087172630628052,1362.8159763549534,0.0,
2021-03-17 20:00:52.270,1,0.8453151606220458,1359.722259363942,0.0,
2021-03-17 20:00:52.280,1,1.144743100428666,1355.2933755280933,0.0,
2021-03-17 20:00:52.290,1,1.244026634697617,1364.461362670751,0.0,
2021-03-17 20:00:52.300,1,0.9114228162937976,1366.927903842392,0.0,
2021-03-17 20:00:52.310,1,1.0273201903744096,1357.8922456945618,0.0,
2021-03-17 20:00:52.320,1,0.8991501035456824,1351.714119780103,0.0,
2021-03-17 20:00:52.330,1,1.0842837035785569,1355.3396402970438,0.0,
2021-03-17 20:00:52.340,1,1.1356453689420325,1359.5899471288235,0.0,
2021-03-17 20:00:52.350,1,1.0754371556007098,1365.3522492629704,0.0,
2021-03-17 20:00:52.360,1,1.2727600202944844,1355.1599258647602,0.0,
2021-03-17 20:00:52.370,1,1.1821766142489734,1365.3557353903889,0.0,
2021-03-17 20:00:52.380,1,0.9234198767068976,1363.2709911894467,0.0,
2021-03-17 20:00:52.390,1,1.257561512323369,1354.773635358575,0.0,
2021-03-17 20:00:52.400,1,0.988839491954666,1350.9734239763761,0.0,
2021-03-17 20:00:52.410,1,1.139385688607908,1359.282569556293,0.0,
2021-03-17 20:00:52.420,1,0.9354486078899482,1354.2442313808365,0.0,
2021-03-17 20:00:52.430,1,0.9285613051496552,1355.11154656495,0.0,
2021-03-17 20:00:52.440,1,1.0907937360453406,1363.5142405512922,0.0,
2021-03-17 20:00:52.450,1,1.2192992606953568,1354.437190849661,0.0,
2021-03-17 20:00:52.460,1,0.9593474450430002,1355.127553184726,0.0,
2021-03-17 20:00:52.470,1,1.0148249306035635,1354.7938520122425,0.0,
2021-03-17 20:00:52.480,1,1.2216833344091471,1357.000119084616,0.0,
2021-03-17 20:00:52.490,1,0.9212234010710882,1359.7995300676855,0.0,
2021-03-17 20:00:52.500,1,1.1372163113845175,1355.201554596684,0.0,
2021-03-17 20:00:52.510,1,1.1375676540169752,1349.5539593608364,0.0,
2021-03-17 20:00:52.520,1,1.3343162349839426,1363.9204611833088,0.0,
2021-03-17 20:00:52.530,1,1.2837901660072606,1360.95229851056,0.0,
2021-03-17 20:00:52.540,1,1.1085088891828998,1353.9346150069925,0.0,
2021-03-17 20:00:52.550,1,1.108963347814133,1336.6217938365078,0.0,
2021-03-17 20:00:52.560,1,1.3372507201559485,1356.7122801740732,0.0,
2021-03-17 20:00:52.570,1,1.360004902904704,1351.8457210672157,0.0,
2021-03-17 20:00:52.580,1,1.045713482654429,1346.9579034338888,0.0,
2021-03-17 20:00:52.590,1,1.0213136695010878,1364.01964134877,0.0,
2021-03-17 20:00:52.600,1,1.2888624911603357,1348.3250115042752,0.0,
2021-03-17 20:00:52.610,1,1.2323509782223403,1349.8853662052802,0.0,
2021-03-17 20:00:52.620,1,1.0246497604002818,1356.2740819968205,0.0,
2021-03-17 20:00:52.630,1,1.2673862178288833,1359.92697112123,0.0,
2021-03-17 20:00:52.640,1,1.2540901425390771,1352.2689248044228,0.0,
2021-03-17 20:00:52.650,1,1.0024067659894225,1353.1904762502018,0.0,
2021-03-17 20:00:52.660,1,1.0384904040895364,1365.9103718189458,0.0,
2021-03-17 20:00:52.670,1,1.1713173468248483,1347.3003021172585,0.0,
2021-03-17 20:00:52.680,1,1.1879484178816315,1357.8806541730096,0.0,
2021-03-17 20:00:52.690,1,1.232835882643084,1368.6189080933505,0.0,
2021-03-17 20:00:52.700,1,1.1830318427159054,1351.5220124798313,0.0,
2021-03-17 20:00:52.710,1,1.1069982090980108,1356.1594437597494,0.0,
2021-03-17 20:00:52.720,1,1.0575258807059618,1354.4217141812162,0.0,
2021-03-17 20:00:52.730,1,1.1158430683960248,1351.8749435806,0.0,
2021-03-17 20:00:52.740,1,1.0445662767930712,1355.569040637104,0.0,
2021-03-17 20:00:52.750,1,1.0249407459854885,1352.0233113355036,0.0,
2021-03-17 20:00:52.760,1,1.2039052015925191,1355.1408535005196,0.0,
2021-03-17 20:00:52.770,1,0.9157104102373264,1354.6557741452361,0.0,
2021-03-17 20:00:52.780,1,0.9382030307407352,1360.9664786200867,0.0,
2021-03-17 20:00:52.790,1,1.0302666357050492,1353.6187379758665,0.0,
2021-03-17 20:00:52.800,1,1.0920184084892108,1363.755636219525,0.0,
2021-03-17 20:00:52.810,1,1.185826657716924,1369.2605214833725,0.0,
2021-03-17 20:00:52.820,1,0.9450529850761736,1370.437665812711,0.0,
2021-03-17 20:00:52.830,1,1.1548912277443055,1364.407907030294,0.0,
2021-03-17 20:00:52.840,1,0.8458108982896281,1359.8286301445776,0.0,
2021-03-17 20:00:52.850,1,0.9238735707760954,1380.4733314885013,0.0,
2021-03-17 20:00:52.860,1,1.1841842779179006,1357.7441410599108,0.0,
2021-03-17 20:00:52.870,1,0.9421496561847132,1365.0941881799906,0.0,
2021-03-17 20:00:52.880,1,0.9815346362216336,1373.3742891212225,0.0,
2021-03-17 20:00:52.890,1,1.0295300910313376,1360.4831125239755,0.0,
2021-03-17 20:00:52.900,1,1.1658290551835735,1377.8876380748388,0.0,
2021-03-17 20:00:52.910,1,1.0312877833387502,1358.0001608371695,0.0,
2021-03-17 20:00:52.920,1,0.9513349309229868,1364.6659179438375,0.0,
2021-03-17 20:00:52.930,1,0.7985483629435047,1369.716283235054,0.0,
2021-03-17 20:00:52.940,1,0.8828472630330934,1370.0128361925815,0.0,
2021-03-17 20:00:52.950,1,1.1432254923560206,1364.9583675504186,0.0,
2021-03-17 20:00:52.960,1,0.988919802317428,1366.9862524253324,0.0,
2021-03-17 20:00:52.970,1,0.9057641703323368,1386.5482928178635,0.0,
2021-03-17 20:00:52.980,1,0.8701874426213472,1367.8971825358853,0.0,
2021-03-17 20:00:52.990,1,1.0949731900585655,1379.471408488226,0.0,
2021-03-17 20:00:53.000,1,0.8940547949263562,1366.7536606954516,0.0,
2021-03-17 20:00:53.010,1,0.7792527131924264,1375.1667669447622,0.0,
2021-03-17 20:00:53.020,1,1.0707616421981925,1374.624579553213,0.0,
2021-03-17 20:00:53.030,1,1.0626173717800311,1368.018432357911,0.0,
2021-03-17 20:00:53.040,1,1.0661634431569793,1374.26278511211,0.0,
2021-03-17 20:00:53.050,1,1.0762749501383668,1371.6432574940795,0.0,
2021-03-17 20:00:53.060,1,0.899426723057891,1383.2956412820374,0.0,
2021-03-17 20:00:53.070,1,1.0316161357573437,1384.7533923411593,0.0,
2021-03-17 20:00:53.080,1,1.1152176828913518,1377.8002463559928,0.0,
2021-03-17 20:00:53.090,1,1.145849264080178,1367.1632055097546,0.0,
2021-03-17 20:00:53.100,1,0.8600166402834126,1381.7350688780746,0.0,
2021-03-17 20:00:53.110,1,0.9740922181081758,1376.7821177564301,0.0,
2021-03-17 20:00:53.120,1,0.987670332827373,1382.692679109824,0.0,
2021-03-17 20:00:53.130,1,1.0533694954385429,1369.9313266394204,0.0,
2021-03-17 20:00:53.140,1,1.0459573900930637,1366.1968711301965,0.0,
2021-03-17 20:00:53.150,1,0.7952629953246491,1380.6641508076095,0.0,
2021-03-17 20:00:53.160,1,1.0211750827014097,1377.8766525324204,0.0,
2021-03-17 20:00:53.170,1,0.8421127464662215,1361.607105679005,0.0,
2021-03-17 20:00:53.180,1,1.0850626568812023,1373.8723031058532,0.0,
2021-03-17 20:00:53.190,1,0.9699536618594587,1373.457003076785,0.0,
2021-03-17 20:00:53.200,1,1.0716376820531404,1375.9070950721245,0.0,
2021-03-17 20:00:53.210,1,1.1367499557424323,1375.9152484253766,0.0,
2021-03-17 20:00:53.220,1,0.9250910282075666,1357.1616807716366,0.0,
2021-03-17 20:00:53.230,1,0.9785087685231691,1360.8417152721433,0.0,
2021-03-17 20:00:53.240,1,0.8638317270429013,1381.215392962417,0.0,
2021-03-17 20:00:53.250,1,1.0640863342676687,1360.0681110347275,0.0,
2021-03-17 20:00:53.260,1,0.990865004810152,1367.101121991198,0.0,
2021-03-17 20:00:53.270,1,1.283169630148428,1365.0442376537153,0.0,
2021-03-17 20:00:53.280,1,0.9154270875842656,1369.3154412258184,0.0,
2021-03-17 20:00:53.290,1,0.976083871391882,1373.7301940522348,0.0,
2021-03-17 20:00:53.300,1,0.9787869915960402,1367.0780192691514,0.0,
2021-03-17 20:00:53.310,1,0.9969107980616116,1357.9211005685142,0.0,
2021-03-17 20:00:53.320,1,0.9938765967010664,1345.9297707112635,0.0,
2021-03-17 20:00:53.330,1,1.340248949957228,1354.3419139746345,0.0,
2021-03-17 20:00:53.340,1,0.9687595945227836,1361.1709656821608,0.0,
2021-03-17 20:00:53.350,1,1.1089340149649825,1360.8714644620068,0.0,
2021-03-17 20:00:53.360,1,1.0360725382941631,1356.4338506138724,0.0,
2021-03-17 20:00:53.370,1,1.1483675160580178,1340.6651008157394,0.0,
2021-03-17 20:00:53.380,1,1.2943790152566883,1361.3910903385338,0.0,
2021-03-17 20:00:53.390,1,1.1672164583701092,1349.3637224952247,0.0,
2021-03-17 20:00:53.400,1,1.3749670487744932,1344.3897977670595,0.0,
2021-03-17 20:00:53.410,1,1.351231487390947,1341.644453506536,0.0,
2021-03-17 20:00:53.420,1,1.1768756520271455,1350.38071712319,0.0,
2021-03-17 20:00:53.430,1,1.1407739359952025,1351.72368585505,0.0,
2021-03-17 20:00:53.440,1,0.9880564401348568,1361.691011243813,0.0,
2021-03-17 20:00:53.450,1,1.4225001097291043,1338.535613341172,0.0,
2021-03-17 20:00:53.460,1,1.4791015553141778,1340.2480606642994,0.0,
2021-03-17 20:00:53.470,1,1.4109199317541452,1346.2035487903877,0.0,
2021-03-17 20:00:53.480,1,1.3514120399046836,1340.857109945111,0.0,
2021-03-17 20:00:53.490,1,1.3123226707792133,1336.672977546321,0.0,
2021-03-17 20:00:53.500,1,0.9941241766871348,1342.8489553555949,0.0,
2021-03-17 20:00:53.510,1,1.0416903804821565,1340.5756707950666,0.0,
2021-03-17 20:00:53.520,1,1.0165887336893766,1330.0490977979089,0.0,
2021-03-17 20:00:53.530,1,1.0206134372361793,1340.5295829079305,0.0,
2021-03-17 20:00:53.540,1,1.4373996491492422,1334.9346813921388,0.0,
2021-03-17 20:00:53.550,1,1.0825060836691895,1349.3836804458695,0.0,
2021-03-17 20:00:53.560,1,1.4968192926196684,1331.892297848595,0.0,
2021-03-17 20:00:53.570,1,1.3540353295314542,1341.4050378159054,0.0,
2021-03-17 20:00:53.580,1,1.2257032381665258,1335.2128197028724,0.0,
2021-03-17 20:00:53.590,1,1.4567242473612525,1348.0195420555333,0.0,
2021-03-17 20:00:53.600,1,1.4333551784721312,1353.3847523520867,0.0,
2021-03-17 20:00:53.610,1,1.3693874822174157,1346.8188687717036,0.0,
2021-03-17 20:00:53.620,1,1.2976401447211172,1317.242456115104,0.0,
2021-03-17 20:00:53.630,1,1.239011418208627,1352.5322117243647,0.0,
2021-03-17 20:00:53.640,1,1.0882586596738568,1349.437104940695,0.0,
2021-03-17 20:00:53.650,1,1.4030599100047787,1339.7791024505116,0.0,
2021-03-17 20:00:53.660,1,1.0883654137120216,1345.239188944039,0.0,
2021-03-17 20:00:53.670,1,1.1089544195221956,1337.6980686311751,0.0,
2021-03-17 20:00:53.680,1,1.4071049532194002,1343.268674587497,0.0,
2021-03-17 20:00:53.690,1,1.1181425674578729,1347.0172323598595,0.0,
2021-03-17 20:00:53.700,1,1.4012380128897168,1334.4434744131927,0.0,
2021-03-17 20:00:53.710,1,1.1820493285661111,1339.058144241973,0.0,
2021-03-17 20:00:53.720,1,1.2161659929743618,1341.2485709933846,0.0,
2021-03-17 20:00:53.730,1,1.3745914820482907,1352.567940916674,0.0,
2021-03-17 20:00:53.740,1,1.4033594161263028,1350.3878412828612,0.0,
2021-03-17 20:00:53.750,1,1.1455341297750603,1346.9089453368076,0.0,
2021-03-17 20:00:53.760,1,1.4118594438233631,1367.6002061909066,0.0,
2021-03-17 20:00:53.770,1,1.3374608539646131,1359.5986373305218,0.0,
2021-03-17 20:00:53.780,1,1.0971101966402672,1354.9756283513648,0.0,
2021-03-17 20:00:53.790,1,0.9738822624256068,1352.879011513347,0.0,
2021-03-17 20:00:53.800,1,1.3908817921378234,1358.2135963634776,0.0,
2021-03-17 20:00:53.810,1,1.2652302996302631,1350.2947385878415,0.0,
2021-03-17 20:00:53.820,1,0.9632897810165828,1357.6313511039666,0.0,
2021-03-17 20:00:53.830,1,1.2989568185444451,1350.8780728915885,0.0,
2021-03-17 20:00:53.840,1,1.369625257956784,1346.962596110385,0.0,
2021-03-17 20:00:53.850,1,1.3366642347223596,1354.3682120439728,0.0,
2021-03-17 20:00:53.860,1,1.3999304728789677,1366.3407569294784,0.0,
2021-03-17 20:00:53.870,1,1.0788050602439294,1375.5683818794516,0.0,
2021-03-17 20:00:53.880,1,1.0595574748224976,1377.6001076568728,0.0,
2021-03-17 20:00:53.890,1,1.1971381387296325,1383.329811395521,0.0,
2021-03-17 20:00:53.900,1,1.1973537135547,1376.108849823653,0.0,
2021-03-17 20:00:53.910,1,1.3971663330824855,1379.440978573342,0.0,
2021-03-17 20:00:53.920,1,1.3791988070509786,1363.6931405877049,0.0,
2021-03-17 20:00:53.930,1,1.22133134810726,1381.6367874088912,0.0,
2021-03-17 20:00:53.940,1,0.9974889030466308,1373.5772950024675,0.0,
2021-03-17 20:00:53.950,1,1.0509291689362772,1370.7821663058455,0.0,
2021-03-17 20:00:53.960,1,1.2338016479649578,1378.30881117578,0.0,
2021-03-17 20:00:53.970,1,1.0855638155589469,1384.8390159226758,0.0,
2021-03-17 20:00:53.980,1,1.269198309875021,1370.5381873879526,0.0,
2021-03-17 20:00:53.990,1,1.323102838922461,1364.8965835462466,0.0,
2021-03-17 20:00:54.000,1,1.3516862807510344,1402.0904107870685,0.0,
2021-03-17 20:00:54.010,1,0.9769960639562728,1383.0891170544244,0.0,
2021-03-17 20:00:54.020,1,1.3076443742614925,1388.949102798712,0.0,
2021-03-17 20:00:54.030,1,1.165347084828584,1396.6576722601105,0.0,
2021-03-17 20:00:54.040,1,1.0880842901177017,1387.9316819658484,0.0,
2021-03-17 20:00:54.050,1,1.0566057939275029,1377.9491834947034,0.0,
2021-03-17 20:00:54.060,1,0.996102105506624,1382.2050975964326,0.0,
2021-03-17 20:00:54.070,1,1.2933840835090558,1388.1782084666947,0.0,
2021-03-17 20:00:54.080,1,1.0698642938524752,1392.2098106578505,0.0,
2021-03-17 20:00:54.090,1,1.273567070571305,1385.4314455618814,0.0,
2021-03-17 20:00:54.100,1,1.091075779152448,1377.6060159832075,0.0,
2021-03-17 20:00:54.110,1,1.4013029694731527,1391.7718046755415,0.0,
2021-03-17 20:00:54.120,1,1.2385330884011712,1388.9712447597929,0.0,
2021-03-17 20:00:54.130,1,1.1636972997474997,1381.491995002393,0.0,
2021-03-17 20:00:54.140,1,1.1290775219561664,1405.33890653471,0.0,
2021-03-17 20:00:54.150,1,1.3091285435836997,1394.3683522557865,0.0,
2021-03-17 20:00:54.160,1,1.0926114212452804,1393.6984009607474,0.0,
2021-03-17 20:00:54.170,1,1.3346736519043725,1399.5995985237478,0.0,
2021-03-17 20:00:54.180,1,1.049043470405618,1400.4643408801846,0.0,
2021-03-17 20:00:54.190,1,1.2813361225667017,1401.9281410116898,0.0,
2021-03-17 20:00:54.200,1,1.0803789045086554,1380.007095527008,0.0,
2021-03-17 20:00:54.210,1,1.2516957343043136,1407.8584720405188,0.0,
2021-03-17 20:00:54.220,1,1.4178127128823736,1385.088498202013,0.0,
2021-03-17 20:00:54.230,1,1.375157787881141,1392.047802467968,0.0,
2021-03-17 20:00:54.240,1,1.2291075064925674,1391.0661037823306,0.0,
2021-03-17 20:00:54.250,1,1.4764778955865123,1385.0014840745005,0.0,
2021-03-17 20:00:54.260,1,1.4672406055397966,1392.743961490145,0.0,
2021-03-17 20:00:54.270,1,1.421044283067019,1388.946356705601,0.0,
2021-03-17 20:00:54.280,1,1.5021436248887237,1399.8464347461347,0.0,
2021-03-17 20:00:54.290,1,1.296668814844876,1380.8219446096853,0.0,
2021-03-17 20:00:54.300,1,1.1950445102501164,1390.6995044215867,0.0,
2021-03-17 20:00:54.310,1,1.373486765374715,1389.5902774109463,0.0,
2021-03-17 20:00:54.320,1,1.1306231926501515,1378.1337113576417,0.0,
2021-03-17 20:00:54.330,1,1.5515592968707907,1387.9653207134977,0.0,
2021-03-17 20:00:54.340,1,1.4483029058207155,1376.699145270914,0.0,
2021-03-17 20:00:54.350,1,1.4955787648425298,1377.6054893471262,0.0,
2021-03-17 20:00:54.360,1,1.5005746396698791,1386.6102995388974,0.0,
2021-03-17 20:00:54.370,1,1.1441531683334083,1372.0542099201302,0.0,
2021-03-17 20:00:54.380,1,1.4220332201031398,1374.0873951170904,0.0,
2021-03-17 20:00:54.390,1,1.330099007679838,1374.2537545034245,0.0,
2021-03-17 20:00:54.400,1,1.5467904767568,1377.0505643484198,0.0,
2021-03-17 20:00:54.410,1,1.5660650507657807,1365.2020511572648,0.0,
2021-03-17 20:00:54.420,1,1.1204244791604625,1369.6882599513146,0.0,
2021-03-17 20:00:54.430,1,1.4534391841789605,1382.3075250250631,0.0,
2021-03-17 20:00:54.440,1,1.4545583917345302,1381.015843421398,0.0,
2021-03-17 20:00:54.450,1,1.5158435752011663,1375.7614016707541,0.0,
2021-03-17 20:00:54.460,1,1.1404523061708414,1374.9322843013513,0.0,
2021-03-17 20:00:54.470,1,1.5228010570547656,1378.7393420276526,0.0,
2021-03-17 20:00:54.480,1,1.5397950762771937,1378.1778341802274,0.0,
2021-03-17 20:00:54.490,1,1.4247070182264892,1379.6589176141879,0.0,
2021-03-17 20:00:54.500,1,1.1833348703262827,1379.5730890350465,0.0,
2021-03-17 20:00:54.510,1,1.277269394944,1368.9131306056465,0.0,
2021-03-17 20:00:54.520,1,1.1200503056755546,1369.5957433126518,0.0,
2021-03-17 20:00:54.530,1,1.1472608951834509,1372.9027776274218,0.0,
2021-03-17 20:00:54.540,1,1.235467705216439,1365.5766845865355,0.0,
2021-03-17 20:00:54.550,1,1.2752416251784942,1377.1758566030785,0.0,
2021-03-17 20:00:54.560,1,1.2772496318558195,1389.0173035859161,0.0,
2021-03-17 20:00:54.570,1,1.6016878509653891,1382.422182345908,0.0,
2021-03-17 20:00:54.580,1,1.4573889302846474,1376.934441867212,0.0,
2021-03-17 20:00:54.590,1,1.2344887958666324,1385.4528918527444,0.0,
2021-03-17 20:00:54.600,1,1.305338098410235,1388.2720142759963,0.0,
2021-03-17 20:00:54.610,1,1.4852597146230064,1387.5809379367288,0.0,
2021-03-17 20:00:54.620,1,1.1456635150841517,1389.6963735606155,0.0,
2021-03-17 20:00:54.630,1,1.328305755898752,1382.255091414295,0.0,
2021-03-17 20:00:54.640,1,1.4711705224425613,1383.9674579284424,0.0,
2021-03-17 20:00:54.650,1,1.4464568840497278,1377.19387077398,0.0,
2021-03-17 20:00:54.660,1,1.589995543280449,1401.6801003104936,0.0,
2021-03-17 20:00:54.670,1,1.4220617280591408,1385.5855924183481,0.0,
2021-03-17 20:00:54.680,1,1.2427151882266234,1385.9321376372513,0.0,
2021-03-17 20:00:54.690,1,1.183632461533861,1387.1519721058853,0.0,
2021-03-17 20:00:54.700,1,1.1993098003412328,1387.7751044280853,0.0,
2021-03-17 20:00:54.710,1,1.401903988866826,1391.5463735082494,0.0,
2021-03-17 20:00:54.720,1,1.2820254008268626,1393.4525593873313,0.0,
2021-03-17 20:00:54.730,1,1.0819472228757128,1391.398041113419,0.0,
2021-03-17 20:00:54.740,1,1.4838579455954648,1393.7265506919875,0.0,
2021-03-17 20:00:54.750,1,1.4132089908160468,1388.155760047027,0.0,
2021-03-17 20:00:54.760,1,1.1173033036844982,1394.1066018415793,0.0,
2021-03-17 20:00:54.770,1,1.337291461820686,1397.7603734207223,0.0,
2021-03-17 20:00:54.780,1,1.1579307082566708,1401.2438469574938,0.0,
2021-03-17 20:00:54.790,1,1.3210231038771052,1393.1528736051966,0.0,
2021-03-17 20:00:54.800,1,1.0599811552142393,1397.8713134069644,0.0,
2021-03-17 20:00:54.810,1,1.164853588999959,1399.2373227263622,0.0,
2021-03-17 20:00:54.820,1,1.1373780152262891,1395.9740120616848,0.0,
2021-03-17 20:00:54.830,1,0.976110727626435,1405.559907588178,0.0,
2021-03-17 20:00:54.840,1,1.1542986942012858,1397.0553081433136,0.0,
2021-03-17 20:00:54.850,1,1.0814496336435175,1400.4118698812024,0.0,
2021-03-17 20:00:54.860,1,1.1642198070812035,1400.2927515609326,0.0,
2021-03-17 20:00:54.870,1,1.1101315729235957,1406.6655189848595,0.0,
2021-03-17 20:00:54.880,1,1.1437950382986108,1404.670881630119,0.0,
2021-03-17 20:00:54.890,1,0.9704391940532964,1407.0854702540785,0.0,
2021-03-17 20:00:54.900,1,1.2916081144209952,1399.6574405403574,0.0,
2021-03-17 20:00:54.910,1,1.2291898968739503,1393.9294042424658,0.0,
2021-03-17 20:00:54.920,1,1.0780565046401016,1391.7193881591018,0.0,
2021-03-17 20:00:54.930,1,0.8812155019491554,1397.3957025348202,0.0,
2021-03-17 20:00:54.940,1,0.9869137660271716,1397.8040417362945,0.0,
2021-03-17 20:00:54.950,1,1.1629903734576077,1399.218453143053,0.0,
2021-03-17 20:00:54.960,1,1.058032847663533,1400.5642782400355,0.0,
2021-03-17 20:00:54.970,1,0.8967585591242614,1395.2873676094143,0.0,
2021-03-17 20:00:54.980,1,0.9799101378810324,1414.5468657666702,0.0,
2021-03-17 20:00:54.990,1,1.2542227018591003,1402.896026045044,0.0,
2021-03-17 20:00:55.000,1,1.172840953358157,1405.9820992121606,0.0,
2021-03-17 20:00:55.010,1,1.1037633770979214,1400.4983092925868,0.0,
2021-03-17 20:00:55.020,1,1.2288805447352775,1401.981081935677,0.0,
2021-03-17 20:00:55.030,1,1.2175611988216533,1396.3583850729324,0.0,
2021-03-17 20:00:55.040,1,0.9404008207866026,1396.7704979506889,0.0,
2021-03-17 20:00:55.050,1,0.9309929019655004,1399.5812893491227,0.0,
2021-03-17 20:00:55.060,1,1.1899160616058233,1395.1322460198514,0.0,
2021-03-17 20:00:55.070,1,0.9691457705267654,1403.597286006123,0.0,
2021-03-17 20:00:55.080,1,0.928836373404004,1388.5704541058578,0.0,
2021-03-17 20:00:55.090,1,0.8655932552157349,1401.6399642654062,0.0,
2021-03-17 20:00:55.100,1,1.070591703638576,1405.8544744425938,0.0,
2021-03-17 20:00:55.110,1,1.0377423000125368,1393.9110848425414,0.0,
2021-03-17 20:00:55.120,1,0.9027209768601456,1398.129215885937,0.0,
2021-03-17 20:00:55.130,1,1.0087112806599334,1389.0518774992056,0.0,
2021-03-17 20:00:55.140,1,1.1325069311577207,1368.9072313584136,0.0,
2021-03-17 20:00:55.150,1,1.0422129488109515,1388.731171623508,0.0,
2021-03-17 20:00:55.160,1,1.0387353835572335,1393.4409733780512,0.0,
2021-03-17 20:00:55.170,1,1.003594097650493,1385.1805942154956,0.0,
2021-03-17 20:00:55.180,1,0.926632915025716,1386.6326465768757,0.0,
2021-03-17 20:00:55.190,1,1.087461744762776,1373.642099844611,0.0,
2021-03-17 20:00:55.200,1,0.8752323906291258,1388.874820277775,0.0,
2021-03-17 20:00:55.210,1,1.2160507762163553,1368.6482927545178,0.0,
2021-03-17 20:00:55.220,1,1.0984169497461047,1378.4047553439032,0.0,
2021-03-17 20:00:55.230,1,1.0778859304368622,1380.2749051689857,0.0,
2021-03-17 20:00:55.240,1,1.1996243313618178,1372.1066410884446,0.0,
2021-03-17 20:00:55.250,1,1.0331301758586562,1370.5719751222548,0.0,
2021-03-17 20:00:55.260,1,0.9035303969595764,1369.5485307679965,0.0,
2021-03-17 20:00:55.270,1,1.1708065404037906,1367.5940550171995,0.0,
2021-03-17 20:00:55.280,1,1.2261494840414011,1369.9174919819327,0.0,
2021-03-17 20:00:55.290,1,1.1950793666920256,1368.3222667741845,0.0,
2021-03-17 20:00:55.300,1,1.1345784112855766,1381.1805238637921,0.0,
2021-03-17 20:00:55.310,1,1.0775403358438187,1374.2264882520524,0.0,
2021-03-17 20:00:55.320,1,0.8851476300897713,1367.840071241691,0.0,
2021-03-17 20:00:55.330,1,1.1278212333808015,1375.1547733940106,0.0,
2021-03-17 20:00:55.340,1,1.136323650908957,1363.7812686335578,0.0,
2021-03-17 20:00:55.350,1,1.183423476782398,1371.4728016109354,0.0,
2021-03-17 20:00:55.360,1,0.8531461718926131,1375.6432975791442,0.0,
2021-03-17 20:00:55.370,1,1.17367504535448,1377.569365462653,0.0,
2021-03-17 20:00:55.380,1,1.1842866250940711,1362.7100036897286,0.0,
2021-03-17 20:00:55.390,1,0.9515577299740596,1354.986224782242,0.0,
2021-03-17 20:00:55.400,1,1.18182738055725,1363.5050191063146,0.0,
2021-03-17 20:00:55.410,1,1.2632893650079613,1367.5374379641846,0.0,
2021-03-17 20:00:55.420,1,1.0284044907878935,1352.7256500341225,0.0,
2021-03-17 20:00:55.430,1,0.9119263053010428,1358.9133584500285,0.0,
2021-03-17 20:00:55.440,1,1.0278874190392029,1349.8430981864033,0.0,
2021-03-17 20:00:55.450,1,0.9291532255209778,1359.380343025097,0.0,
2021-03-17 20:00:55.460,1,1.2168900812930503,1354.9950653497635,0.0,
2021-03-17 20:00:55.470,1,1.0038870958585886,1356.8519203690755,0.0,
2021-03-17 20:00:55.480,1,1.1430970968235004,1370.0298606959675,0.0,
2021-03-17 20:00:55.490,1,1.1552849928897022,1361.3671394839052,0.0,
2021-03-17 20:00:55.500,1,1.1092708362436428,1344.2166375953211,0.0,
2021-03-17 20:00:55.510,1,1.0032183570878834,1359.997627889159,0.0,
2021-03-17 20:00:55.520,1,0.8588016472529557,1339.5537451461776,0.0,
2021-03-17 20:00:55.530,1,0.8942021599684671,1359.2498022069278,0.0,
2021-03-17 20:00:55.540,1,0.9638514148870316,1338.830958389533,0.0,
2021-03-17 20:00:55.550,1,1.0961513707252115,1348.221631983829,0.0,
2021-03-17 20:00:55.560,1,0.96489902758726,1343.177088208472,0.0,
2021-03-17 20:00:55.570,1,1.256448436651653,1354.7561095233198,0.0,
2021-03-17 20:00:55.580,1,0.9727235387134172,1356.5844254800302,0.0,
2021-03-17 20:00:55.590,1,0.947964374248126,1353.2459835481354,0.0,
2021-03-17 20:00:55.600,1,1.1281558661879147,1349.1778596230652,0.0,
2021-03-17 20:00:55.610,1,1.0554730310901677,1356.7807114318682,0.0,
2021-03-17 20:00:55.620,1,1.2088007434585195,1354.5799793849499,0.0,
2021-03-17 20:00:55.630,1,1.100418765704613,1354.0273170856485,0.0,
2021-03-17 20:00:55.640,1,0.8679690629764242,1372.43592809222,0.0,
2021-03-17 20:00:55.650,1,1.0904918586315475,1351.783761882292,0.0,
2021-03-17 20:00:55.660,1,0.8037543858565735,1342.7914531082652,0.0,
2021-03-17 20:00:55.670,1,1.0895993388615195,1354.17772769796,0.0,
2021-03-17 20:00:55.680,1,0.8404732983936525,1358.5051971812168,0.0,
2021-03-17 20:00:55.690,1,0.8711830543480661,1355.3915693022245,0.0,
2021-03-17 20:00:55.700,1,1.1429356723141575,1362.3173423123276,0.0,
2021-03-17 20:00:55.710,1,0.9877223174002362,1364.4290239018985,0.0,
2021-03-17 20:00:55.720,1,1.0227738708195864,1365.5371512216998,0.0,
2021-03-17 20:00:55.730,1,1.0168193627918591,1373.4045835716875,0.0,
2021-03-17 20:00:55.740,1,0.8098789929028624,1364.7293854149746,0.0,
2021-03-17 20:00:55.750,1,0.8440230652778927,1371.4587855737213,0.0,
2021-03-17 20:00:55.760,1,0.9139613824524028,1369.5543542270652,0.0,
2021-03-17 20:00:55.770,1,0.8000269433254615,1378.7086534786295,0.0,
2021-03-17 20:00:55.780,1,0.9290155493517356,1371.9249221644918,0.0,
2021-03-17 20:00:55.790,1,0.8133265036906858,1365.6618328162795,0.0,
2021-03-17 20:00:55.800,1,0.9698294729709124,1368.9297806708971,0.0,
2021-03-17 20:00:55.810,1,0.9199127470698416,1363.5645388674798,0.0,
2021-03-17 20:00:55.820,1,0.8762159010387223,1372.0614530164169,0.0,
2021-03-17 20:00:55.830,1,0.953017851649434,1368.5517557686874,0.0,
2021-03-17 20:00:55.840,1,0.7869747023424661,1378.6780273721506,0.0,
2021-03-17 20:00:55.850,1,0.8262134945087306,1371.5492516486854,0.0,
2021-03-17 20:00:55.860,1,0.7030301312346993,1374.0546675706496,0.0,
2021-03-17 20:00:55.870,1,0.6506136789404365,1381.262331042316,0.0,
2021-03-17 20:00:55.880,1,0.7902062925912879,1381.0159606132156,0.0,
2021-03-17 20:00:55.890,1,0.6880725882537027,1376.0852762715774,0.0,
2021-03-17 20:00:55.900,1,0.8260503041117159,1382.310688347769,0.0,
2021-03-17 20:00:55.910,1,0.8668706209831711,1381.959411684659,0.0,
2021-03-17 20:00:55.920,1,0.6347957978830808,1380.954940272588,0.0,
2021-03-17 20:00:55.930,1,0.8139698667371281,1374.027425827857,0.0,
2021-03-17 20:00:55.940,1,0.8618908224601403,1386.9308540710556,0.0,
2021-03-17 20:00:55.950,1,0.7419641147356534,1375.3146751946194,0.0,
2021-03-17 20:00:55.960,1,0.6629272230745854,1375.1983533900207,0.0,
2021-03-17 20:00:55.970,1,0.8349441433435527,1390.5652205023976,0.0,
2021-03-17 20:00:55.980,1,0.6113361447467441,1382.4217161462545,0.0,
2021-03-17 20:00:55.990,1,0.5983124153145138,1368.4297679025965,0.0,
2021-03-17 20:00:56.000,0,0.7521329911293081,1377.2925053008262,0.0,
2021-03-17 20:00:56.010,0,0.8487536410573389,1380.8428793805344,0.0,
2021-03-17 20:00:56.020,0,0.6802209275482554,1381.479418413386,0.0,
2021-03-17 20:00:56.030,0,0.6134245955818709,1387.104584827897,0.0,
2021-03-17 20:00:56.040,0,0.6493977742999586,1395.7460826749066,0.0,
2021-03-17 20:00:56.050,0,0.6165110947513068,1388.771183285991,0.0,
2021-03-17 20:00:56.060,0,0.7605716506287001,1393.2547716624897,0.0,
2021-03-17 20:00:56.070,0,0.7328044336756335,1382.8079332424682,0.0,
2021-03-17 20:00:56.080,0,0.7291472725764967,1371.2857397546659,0.0,
2021-03-17 20:00:56.090,0,0.8121692129060121,1384.6356303783907,0.0,
2021-03-17 20:00:56.100,0,0.7957696653351386,1375.149127627319,0.0,
2021-03-17 20:00:56.110,0,0.8194799261716953,1379.4484497653007,0.0,
2021-03-17 20:00:56.120,0,0.6608419471338497,1379.0815826184396,0.0,
2021-03-17 20:00:56.130,0,0.7836905166111487,1346.818663463492,0.0,
2021-03-17 20:00:56.140,0,0.6750320591518189,1325.4828944221256,0.0,
2021-03-17 20:00:56.150,0,0.7039221819236171,1280.7419074858994,0.0,
2021-03-17 20:00:56.160,0,0.7703159679769971,1245.8860418484378,0.0,
2021-03-17 20:00:56.170,0,0.7198824054369696,1187.7092762508494,0.0,
2021-03-17 20:00:56.180,0,0.6952339313046838,1137.8541490603911,0.0,
2021-03-17 20:00:56.190,0,0.6603518425270138,1088.5062800146263,0.0,
2021-03-17 20:00:56.200,0,0.4655428881559745,1026.7178142755367,0.0,
2021-03-17 20:00:56.210,0,0.5709387715504771,965.0057403248236,0.0,
2021-03-17 20:00:56.220,0,0.5333656375498691,910.8441685528979,0.0,
2021-03-17 20:00:56.230,0,0.3971772865447071,845.0051829129496,0.0,
2021-03-17 20:00:56.240,0,0.5179254940750674,781.8517585048994,0.0,
2021-03-17 20:00:56.250,0,0.5121185874892907,725.6077591538278,0.0,
2021-03-17 20:00:56.260,0,0.3694669668418212,674.4608425507797,0.0,
2021-03-17 20:00:56.270,0,0.3792518255461117,617.5263687007048,0.0,
2021-03-17 20:00:56.280,0,0.2963306996405927,560.5273860049493,0.0,
2021-03-17 20:00:56.290,0,0.3325341745540439,515.3916420449103,0.0,
2021-03-17 20:00:56.300,0,0.277367505545928,467.44370434803335,0.0,
2021-03-17 20:00:56.310,0,0.2885366918678465,418.1995979401012,0.0,
2021-03-17 20:00:56.320,0,0.2228584312740673,376.71091550570816,0.0,
2021-03-17 20:00:56.330,0,0.2078262453404872,335.695875013015,1.0,
2021-03-17 20:00:56.340,0,0.172059572497852,301.34972924120063,1.0,
2021-03-17 20:00:56.350,0,0.19743484503753,265.898414057299,1.0,
2021-03-17 20:00:56.360,0,0.1261621665091239,232.46956039835808,1.0,
2021-03-17 20:00:56.370,0,0.1380289171359289,206.3926447899157,1.0,
2021-03-17 20:00:56.380,0,0.0969444109709413,176.94244215540573,1.0,
2021-03-17 20:00:56.390,0,0.117747338441124,152.0457101003839,2.0,
2021-03-17 20:00:56.400,0,0.0864808029029973,129.85832690810366,2.0,
2021-03-17 20:00:56.410,0,0.0846965170268913,107.831452683945,2.0,
2021-03-17 20:00:56.420,0,0.0641633058117163,89.28306407343662,2.0,
2021-03-17 20:00:56.430,0,0.0531133576841376,73.28858876790382,2.0,
2021-03-17 20:00:56.440,0,0.0279009559006652,57.82297299957118,2.0,
2021-03-17 20:00:56.450,0,0.0237697521241542,44.41196494240418,2.0,
2021-03-17 20:00:56.460,0,0.0177615323651893,33.01481341496528,2.0,
2021-03-17 20:00:56.470,0,0.0171351487710786,22.98169476105092,2.0,
2021-03-17 20:00:56.480,0,0.0077972507347229,13.59559957318407,2.0,
2021-03-17 20:00:56.490,0,0.0040377910603985,5.804198547126633,2.0,
2021-03-17 20:00:56.500,0,0.0057046738988864,0.0,2.0,
2021-03-17 20:00:56.510,0,-0.0068768339819448,0.0,2.0,
2021-03-17 20:00:56.520,0,-0.0127388769230221,0.0,2.0,
2021-03-17 20:00:56.530,0,-0.0145398528755349,0.0,2.0,
2021-03-17 20:00:56.540,0,-0.008589702570113001,0.0,2.0,
2021-03-17 20:00:56.550,0,-0.0168093598636514,0.0,2.0,
2021-03-17 20:00:56.560,0,-0.0148623952481735,0.0,2.0,
2021-03-17 20:00:56.570,0,-0.0185489826525149,0.0,2.0,
2021-03-17 20:00:56.580,0,-0.0141235556622148,0.0,2.0,
2021-03-17 20:00:56.590,0,-0.0263538573121476,0.0,2.0,
2021-03-17 20:00:56.600,0,-0.0204031979118366,0.0,2.0,
2021-03-17 20:00:56.610,0,-0.017451961081809,0.0,2.0,
2021-03-17 20:00:56.620,0,-0.0231519587559104,0.0,2.0,
2021-03-17 20:00:56.630,0,-0.0219688831887762,0.0,2.0,
2021-03-17 20:00:56.640,0,-0.0139757031895763,0.0,2.0,
2021-03-17 20:00:56.650,0,-0.0211912863725105,0.0,2.0,
2021-03-17 20:00:56.660,0,-0.0133553033979387,0.0,2.0,
2021-03-17 20:00:56.670,0,-0.0177586249177277,0.0,2.0,
2021-03-17 20:00:56.680,0,-0.0133058347004502,0.0,2.0,
2021-03-17 20:00:56.690,0,-0.0073112703588284,0.0,2.0,
2021-03-17 20:00:56.700,0,-0.0127307993014838,0.0,2.0,
2021-03-17 20:00:56.710,0,-0.0138138686656054,0.0,2.0,
2021-03-17 20:00:56.720,0,-0.0114474306477038,0.0,2.0,
2021-03-17 20:00:56.730,0,-0.0161427142373513,0.0,2.0,
2021-03-17 20:00:56.740,0,-0.0145407116703526,0.0,2.0,
2021-03-17 20:00:56.750,0,-0.0134924000990542,0.0,2.0,
2021-03-17 20:00:56.760,0,-0.008475215410622,0.0,2.0,
2021-03-17 20:00:56.770,0,-0.010148575949809,0.0,2.0,
2021-03-17 20:00:56.780,0,-0.0072670035202035,0.0,2.0,
2021-03-17 20:00:56.790,0,-0.0056734141931271,0.0,2.0,
2021-03-17 20:00:56.800,0,-0.0072552181435742,0.0,2.0,
2021-03-17 20:00:56.810,0,-0.0081684894547954,0.0,2.0,
2021-03-17 20:00:56.820,0,-0.0048081031481089,0.0,2.0,
2021-03-17 20:00:56.830,0,-0.0074833705926023,0.0,2.0,
2021-03-17 20:00:56.840,0,-0.004926891996243,0.0,2.0,
2021-03-17 20:00:56.850,0,-0.0024575686317415,0.0,2.0,
2021-03-17 20:00:56.860,0,0.0033741615299308,0.0,2.0,
2021-03-17 20:00:56.870,0,0.0002723505955003,0.0,2.0,
2021-03-17 20:00:56.880,0,-0.0023993445501132,0.0,2.0,
2021-03-17 20:00:56.890,0,-0.0096250370457772,0.0,2.0,
2021-03-17 20:00:56.900,0,0.0003161725621284,0.0,2.0,
2021-03-17 20:00:56.910,0,-0.00668472823617,0.0,2.0,
2021-03-17 20:00:56.920,0,-0.0009245149974454,0.0,2.0,
2021-03-17 20:00:56.930,0,-0.0072221924641475,0.0,2.0,
2021-03-17 20:00:56.940,0,-0.0002337643134535,0.0,2.0,
2021-03-17 20:00:56.950,0,-0.0032857216909577,0.0,2.0,
2021-03-17 20:00:56.960,0,0.0013841124191944,0.0,2.0,
2021-03-17 20:00:56.970,0,0.0024427050428633,0.0,2.0,
2021-03-17 20:00:56.980,0,0.0047152920447848,0.0,2.0,
2021-03-17 20:00:56.990,0,-0.0021874282643032,0.0,2.0,
2021-03-17 20:00:57.000,0,0.0019564724227529,0.0801026081573006,2.0,
2021-03-17 20:00:57.010,0,-0.0011243365681135,0.1854228807653367,2.0,
2021-03-17 20:00:57.020,0,-0.0020177661630027,0.2775876226161801,2.0,
2021-03-17 20:00:57.030,0,0.0005363902447452,0.3510638393435073,2.0,
2021-03-17 20:00:57.040,0,-0.0019635705087786,0.4111961075775115,2.0,
2021-03-17 20:00:57.050,0,-0.0032115633304075,0.4561303344055472,2.0,
2021-03-17 20:00:57.060,0,0.0083538759562661,0.4913894410222463,2.0,
2021-03-17 20:00:57.070,0,-0.0022478518067639,0.5184897344686449,2.0,
2021-03-17 20:00:57.080,0,0.0040116676290154,0.535304989495388,2.0,
2021-03-17 20:00:57.090,0,0.0079183208743563,0.5402344882003343,2.0,
2021-03-17 20:00:57.100,0,0.0020914292034032,0.5407545695898981,2.0,
2021-03-17 20:00:57.110,0,-0.0007533034139693,0.5441893388124627,2.0,
2021-03-17 20:00:57.120,0,-0.0005105546230294,0.5309313938299464,2.0,
2021-03-17 20:00:57.130,0,-0.0004665902849249,0.522520942356475,2.0,
2021-03-17 20:00:57.140,0,0.0014364355926868,0.5063343165683515,2.0,
2021-03-17 20:00:57.150,0,0.0021690406084812,0.4880174087137068,2.0,
2021-03-17 20:00:57.160,0,-0.0022847510699685,0.4710052492141015,2.0,
2021-03-17 20:00:57.170,0,-0.0021600299300220003,0.4486969689175235,2.0,
2021-03-17 20:00:57.180,0,-0.0018938393722085,0.4222061442062347,2.0,
2021-03-17 20:00:57.190,0,-0.0010041813823206,0.4010975250446011,2.0,
2021-03-17 20:00:57.200,0,-0.0041847913374618,0.3799546144338342,2.0,
2021-03-17 20:00:57.210,0,-0.0025970861972622,0.3535131618837097,2.0,
2021-03-17 20:00:57.220,0,0.0030001426155943,0.3303392984371914,2.0,
2021-03-17 20:00:57.230,0,-0.0012357316882788,0.3041136961519603,2.0,
2021-03-17 20:00:57.240,0,0.0002699894283075,0.2817264444003706,2.0,
2021-03-17 20:00:57.250,0,0.0008882185976239,0.2623290596638624,2.0,
2021-03-17 20:00:57.260,0,0.0007330263752802,0.2407675302371631,2.0,
2021-03-17 20:00:57.270,0,0.0002978601740845,0.2196548277511586,2.0,
2021-03-17 20:00:57.280,0,0.0017057585840262,0.1993327678632848,2.0,
2021-03-17 20:00:57.290,0,0.0050015712579358,0.1812296667658449,2.0,
2021-03-17 20:00:57.300,0,0.003540239470242,0.1619312446680373,2.0,
2021-03-17 20:00:57.310,0,-0.0018799512292752,0.1468569767029369,2.0,
2021-03-17 20:00:57.320,0,0.0022766886773106,0.1302444215381657,2.0,
2021-03-17 20:00:57.330,0,2.463494165104637e-05,0.1174686404968217,2.0,
2021-03-17 20:00:57.340,0,0.0015832284990407,0.1039318798395264,2.0,
2021-03-17 20:00:57.350,0,0.0009075784189875,0.091048352678699,2.0,
2021-03-17 20:00:57.360,0,0.0036909595780773,0.0784870316496093,2.0,
2021-03-17 20:00:57.370,0,-0.0010504618748493,0.0695190044427645,2.0,
2021-03-17 20:00:57.380,0,0.0018918355679497,0.0586985832343355,2.0,
2021-03-17 20:00:57.390,0,0.0060820394681209,0.0501200318915687,2.0,
2021-03-17 20:00:57.400,0,0.0016879102523371,0.0420624772396224,2.0,
2021-03-17 20:00:57.410,0,-0.0009561770992714,0.0348749291359004,2.0,
2021-03-17 20:00:57.420,0,0.0018769308361389,0.028609903459613,2.0,
2021-03-17 20:00:57.430,0,-0.0003272368201184,0.0225113992267314,2.0,
2021-03-17 20:00:57.440,0,-0.0004343170850938,0.0172998998077399,2.0,
2021-03-17 20:00:57.450,0,-0.0023832563984275,0.0128473381916303,2.0,
2021-03-17 20:00:57.460,0,-0.0080731741496219,0.0088269587176247,2.0,
2021-03-17 20:00:57.470,0,-0.0016885459129761,0.0052735109875385,2.0,
2021-03-17 20:00:57.480,0,-0.0017430850834025,0.0022470738236107,2.0,
2021-03-17 20:00:57.490,0,-0.0003227026005552,0.0,2.0,
2021-03-17 20:00:57.500,0,0.0008642989824054,0.0,2.0,
2021-03-17 20:00:57.510,0,0.0021355670844656,0.0,2.0,
2021-03-17 20:00:57.520,0,-0.0039947409194709,0.0,2.0,
2021-03-17 20:00:57.530,0,-0.0019467438757609,0.0,2.0,
2021-03-17 20:00:57.540,0,0.0021200380391211,0.0,2.0,
2021-03-17 20:00:57.550,0,-0.0016930789600570002,0.0,2.0,
2021-03-17 20:00:57.560,0,-0.0061140752179619,0.0,2.0,
2021-03-17 20:00:57.570,0,-0.0023551943434669,0.0,2.0,
2021-03-17 20:00:57.580,0,0.0041471884091287,0.0,2.0,
2021-03-17 20:00:57.590,0,-0.0041360939805476,0.0,2.0,
2021-03-17 20:00:57.600,0,0.0040107464620019,0.0,2.0,
2021-03-17 20:00:57.610,0,-0.0031188992118024,0.0,2.0,
2021-03-17 20:00:57.620,0,-0.0017055744917181,0.0,2.0,
2021-03-17 20:00:57.630,0,-0.0015032913639806,0.0,2.0,
2021-03-17 20:00:57.640,0,0.0034363768367391,0.0,2.0,
2021-03-17 20:00:57.650,0,0.003866671190777,0.0,2.0,
2021-03-17 20:00:57.660,0,0.001874132603258,0.0,2.0,
2021-03-17 20:00:57.670,0,0.0008144419122047,0.0,2.0,
2021-03-17 20:00:57.680,0,-0.0024143575731661,0.0,2.0,
2021-03-17 20:00:57.690,0,-0.003337749510286,0.0,2.0,
2021-03-17 20:00:57.700,0,-0.0017107393058468,0.0,2.0,
2021-03-17 20:00:57.710,0,-0.0005405738270851,0.0,2.0,
2021-03-17 20:00:57.720,0,0.0053752893664805,0.0,2.0,
2021-03-17 20:00:57.730,0,-0.0037769338809442,0.0,2.0,
2021-03-17 20:00:57.740,0,0.0009105808961374,0.0,2.0,
2021-03-17 20:00:57.750,0,-0.0016733667794369,0.0,2.0,
2021-03-17 20:00:57.760,0,0.0013810888925878,0.0,2.0,
2021-03-17 20:00:57.770,0,0.0015792650810488,0.0,2.0,
2021-03-17 20:00:57.780,0,-0.0023804017986309,0.0,2.0,
2021-03-17 20:00:57.790,0,-0.0005972149847856,0.0,2.0,
2021-03-17 20:00:57.800,0,-0.0029027206761831,0.0,2.0,
2021-03-17 20:00:57.810,0,0.0020020165475758,0.0,2.0,
2021-03-17 20:00:57.820,0,-0.0049728606194423,0.0,2.0,
2021-03-17 20:00:57.830,0,-0.0020768464862799,0.0,2.0,
2021-03-17 20:00:57.840,0,-0.0028793313004879,0.0,2.0,
2021-03-17 20:00:57.850,0,0.0052591311005176,0.0,2.0,
2021-03-17 20:00:57.860,0,-0.004648710471291,0.0,2.0,
2021-03-17 20:00:57.870,0,0.0015776914160809,0.0,2.0,
2021-03-17 20:00:57.880,0,-0.000268923911699,0.0,2.0,
2021-03-17 20:00:57.890,0,0.0035272316900274,0.0,2.0,
2021-03-17 20:00:57.900,0,0.0021182876239779,0.0,2.0,
2021-03-17 20:00:57.910,0,-0.0015544353650779,0.0,2.0,
2021-03-17 20:00:57.920,0,-0.0044166218606672,0.0,2.0,
2021-03-17 20:00:57.930,0,0.0010617891089375,0.0,2.0,
2021-03-17 20:00:57.940,0,0.0066497164859473,0.0,2.0,
2021-03-17 20:00:57.950,0,0.0002867820884189,0.0,2.0,
2021-03-17 20:00:57.960,0,-0.0049700794676049,0.0,2.0,
2021-03-17 20:00:57.970,0,-0.0056177735250141,0.0,2.0,
2021-03-17 20:00:57.980,0,0.0022974897677006,0.0,2.0,
2021-03-17 20:00:57.990,0,-0.0009344761901699,3.154029263100101e-05,2.0,
2021-03-17 20:00:58.000,0,-0.0018764473083552,7.300181423518019e-05,2.0,
2021-03-17 20:00:58.010,0,0.0035345756983173,0.0001080281333294,2.0,
2021-03-17 20:00:58.020,0,0.006097903968733999,0.000138577157692,2.0,
2021-03-17 20:00:58.030,0,-0.0019577253858835,0.0001614270852952,2.0,
2021-03-17 20:00:58.040,0,-0.0015595817643845,0.0001787084792424,2.0,
2021-03-17 20:00:58.050,0,0.0001735213530036,0.0001920832703156,2.0,
2021-03-17 20:00:58.060,0,0.0079408554411391,0.0002035715751291,2.0,
2021-03-17 20:00:58.070,0,-0.0038967716708321,0.0002083491397077,2.0,
2021-03-17 20:00:58.080,0,-0.0046316899864431,0.0002149189423963,2.0,
2021-03-17 20:00:58.090,0,-0.0013644346155437,0.000215514226697,2.0,
2021-03-17 20:00:58.100,0,0.0022793530582725,0.0002150713843079,2.0,
2021-03-17 20:00:58.110,0,-0.0019778334522697,0.0002116747698169,2.0,
2021-03-17 20:00:58.120,0,-0.0031186411205003,0.0002048024198029,2.0,
2021-03-17 20:00:58.130,0,-0.0023636834160388,0.0002012426971494,2.0,
2021-03-17 20:00:58.140,0,0.0082017617596253,0.0001949935553627,2.0,
2021-03-17 20:00:58.150,0,0.0002294588772212,0.0001868450932992,2.0,
2021-03-17 20:00:58.160,0,0.0046288901213982,0.0001779533320582,2.0,
2021-03-17 20:00:58.170,0,0.0038379576506958,0.0001679077077358,2.0,
2021-03-17 20:00:58.180,0,-0.0065419540193305,0.0001586425527691,2.0,
2021-03-17 20:00:58.190,0,-0.000461138996791,0.0001497763267937,2.0,
2021-03-17 20:00:58.200,0,0.0015755185066960002,0.0001409375682819,2.0,
2021-03-17 20:00:58.210,0,0.0014605331346939,0.0001319928025595,2.0,
2021-03-17 20:00:58.220,0,0.0007286203181443,0.000122278288579,2.0,
2021-03-17 20:00:58.230,0,-0.0033374231627489,0.0001129952046354,2.0,
2021-03-17 20:00:58.240,0,0.0020066563998035,0.000104063782289,2.0,
2021-03-17 20:00:58.250,0,8.661395398777241e-05,9.627044381162142e-05,2.0,
2021-03-17 20:00:58.260,0,0.0028130737673636,8.638654350351376e-05,2.0,
2021-03-17 20:00:58.270,0,0.0008959691292728,7.96631664838805e-05,2.0,
2021-03-17 20:00:58.280,0,-0.0072555835688252,7.196842217805377e-05,2.0,
2021-03-17 20:00:58.290,0,-0.0055049325534296,6.532041208429071e-05,2.0,
2021-03-17 20:00:58.300,0,-0.0036084908206142,5.8738319811017735e-05,2.0,
2021-03-17 20:00:58.310,0,-0.0008972876727802,5.297334017215144e-05,2.0,
2021-03-17 20:00:58.320,0,-0.0024868050769135,4.694653629391717e-05,2.0,
2021-03-17 20:00:58.330,0,-0.0006171551745983,4.143046924256754e-05,2.0,
2021-03-17 20:00:58.340,0,0.00214108423401,3.640762345199516e-05,2.0,
2021-03-17 20:00:58.350,0,0.0025650484485651,3.1996583238399786e-05,2.0,
2021-03-17 20:00:58.360,0,0.0035066670573061,2.776654300916695e-05,2.0,
2021-03-17 20:00:58.370,0,0.0014999052467418,2.380690159102536e-05,2.0,
2021-03-17 20:00:58.380,0,-0.0011272385074407,2.038484337971212e-05,2.0,
2021-03-17 20:00:58.390,0,0.0007437351602864,1.7207957679014886e-05,1.0,
2021-03-17 20:00:58.400,0,-0.0001375162449908,1.4192754813279653e-05,1.0,
2021-03-17 20:00:58.410,0,0.0060062053682239,1.1569433028939841e-05,1.0,
2021-03-17 20:00:58.420,0,0.0043823360733787,9.215378401411107e-06,1.0,
2021-03-17 20:00:58.430,0,0.0039436006424105,7.089347329848355e-06,1.0,
2021-03-17 20:00:58.440,0,-0.0040115170546799,5.26850321598469e-06,1.0,
2021-03-17 20:00:58.450,0,-0.002760989718483,3.6142167172411973e-06,1.0,
2021-03-17 20:00:58.460,0,0.0018316043999318,2.2142285961005317e-06,1.0,
2021-03-17 20:00:58.470,0,-0.0032469744646104,9.66871829164319e-07,1.0,
2021-03-17 20:00:58.480,0,0.0015682693561231,0.0,1.0,
2021-03-17 20:00:58.490,0,0.0019103931959775,0.0,1.0,
2021-03-17 20:00:58.500,0,-0.002509869208745,0.0,1.0,
2021-03-17 20:00:58.510,0,0.0010166921648277,0.0,1.0,
2021-03-17 20:00:58.520,0,-0.0034510783269114,0.0,1.0,
2021-03-17 20:00:58.530,0,0.0018505807754199,0.0,1.0,
2021-03-17 20:00:58.540,0,0.0027934556144714,0.0,1.0,
2021-03-17 20:00:58.550,0,-0.0003646704367921,0.0,1.0,
2021-03-17 20:00:58.560,0,-0.0048322160449243,0.0,1.0,
2021-03-17 20:00:58.570,0,-0.0044762952713103,0.0,1.0,
2021-03-17 20:00:58.580,0,-0.00083627532095,0.0,1.0,
2021-03-17 20:00:58.590,0,0.0002465645282827,0.0,1.0,
2021-03-17 20:00:58.600,0,-0.0017537061720379998,0.0,1.0,
2021-03-17 20:00:58.610,0,-0.0035836914753997,0.0,1.0,
2021-03-17 20:00:58.620,0,0.0020584770883112,0.0,1.0,
2021-03-17 20:00:58.630,0,-0.0069428114651521,0.0,1.0,
2021-03-17 20:00:58.640,0,0.0027785174840661,0.0,1.0,
2021-03-17 20:00:58.650,0,0.0012064019442231,0.0,1.0,
2021-03-17 20:00:58.660,0,0.0026872598442938,0.0,1.0,
2021-03-17 20:00:58.670,0,0.0022899610826662,0.0,1.0,
2021-03-17 20:00:58.680,0,-0.0013145851865128,0.0,1.0,
2021-03-17 20:00:58.690,0,-0.0043740087593232,0.0,1.0,
2021-03-17 20:00:58.700,0,-0.0048644256153691,0.0,1.0,
2021-03-17 20:00:58.710,0,0.0014322318024867,0.0,1.0,
2021-03-17 20:00:58.720,0,-0.0013624851296662,0.0,1.0,
2021-03-17 20:00:58.730,0,0.0048124574167085,0.0,1.0,
2021-03-17 20:00:58.740,0,-0.0003325324944111,0.0,1.0,
2021-03-17 20:00:58.750,0,-0.0016633531000886,0.0,1.0,
2021-03-17 20:00:58.760,0,0.0016153051667208,0.0,1.0,
2021-03-17 20:00:58.770,0,-0.0004428637999179,0.0,1.0,
2021-03-17 20:00:58.780,0,-0.0074040911396632,0.0,1.0,
2021-03-17 20:00:58.790,0,-0.0006043109476363,0.0,1.0,
2021-03-17 20:00:58.800,0,0.0008891844679449,0.0,1.0,
2021-03-17 20:00:58.810,0,-0.0030871079888764,0.0,1.0,
2021-03-17 20:00:58.820,0,-0.005056393247901,0.0,1.0,
2021-03-17 20:00:58.830,0,-0.0007901725073897,0.0,1.0,
2021-03-17 20:00:58.840,0,-0.0062665263348009,0.0,1.0,
2021-03-17 20:00:58.850,0,-0.00107733457681,0.0,1.0,
2021-03-17 20:00:58.860,0,-0.0017719393109427,0.0,1.0,
2021-03-17 20:00:58.870,0,-0.0050502307511592,0.0,1.0,
2021-03-17 20:00:58.880,0,0.0001378124706323,0.0,1.0,
2021-03-17 20:00:58.890,0,-0.0021654789553924,0.0,1.0,
2021-03-17 20:00:58.900,0,0.002210617090393,0.0,1.0,
2021-03-17 20:00:58.910,0,-0.0050118511261944,0.0,1.0,
2021-03-17 20:00:58.920,0,-0.0037411981225777,0.0,1.0,
2021-03-17 20:00:58.930,0,-0.0033617425989196,0.0,1.0,
2021-03-17 20:00:58.940,0,-0.0028977296287440004,0.0,1.0,
2021-03-17 20:00:58.950,0,-0.0045512345731372,0.0,1.0,
2021-03-17 20:00:58.960,0,-0.0006020454423759999,0.0,1.0,
2021-03-17 20:00:58.970,0,-0.0041129729733664,0.0,1.0,
2021-03-17 20:00:58.980,0,0.0016582033775303,9.518758845699193e-09,1.0,
2021-03-17 20:00:58.990,0,0.0023561864953892,2.668865730384336e-08,1.0,
2021-03-17 20:00:59.000,0,0.0004383693961477,4.104579394822739e-08,1.0,
2021-03-17 20:00:59.010,0,-0.0004709698624008,5.320677784806798e-08,1.0,
2021-03-17 20:00:59.020,0,-0.0019225339816837,6.257969664714503e-08,1.0,
2021-03-17 20:00:59.030,0,-0.0001698783744565,7.05451681535501e-08,1.0,
2021-03-17 20:00:59.040,0,0.0019430604265762,7.579635256340696e-08,1.0,
2021-03-17 20:00:59.050,0,0.0042918104235016,8.025072840951519e-08,1.0,
2021-03-17 20:00:59.060,0,-0.0032844145329056,8.292334207617852e-08,1.0,
2021-03-17 20:00:59.070,0,0.004270131505734001,8.363263569200039e-08,1.0,
2021-03-17 20:00:59.080,0,-0.0029759855351578,8.436349803569878e-08,1.0,
2021-03-17 20:00:59.090,0,0.0065058131844737,8.503337751311e-08,1.0,
2021-03-17 20:00:59.100,0,0.0029473035179007,8.29973540678107e-08,1.0,
2021-03-17 20:00:59.110,0,0.0012862276786357,8.09565902788079e-08,1.0,
2021-03-17 20:00:59.120,0,-0.0031799519996431,7.920588258412089e-08,1.0,
2021-03-17 20:00:59.130,0,0.0050235680605234,7.641089298754146e-08,1.0,
2021-03-17 20:00:59.140,0,-0.001385595826281,7.417614988695619e-08,1.0,
2021-03-17 20:00:59.150,0,-0.0061075910570832,7.015156951824758e-08,1.0,
2021-03-17 20:00:59.160,0,-0.0045033535178294,6.659087056703171e-08,1.0,
2021-03-17 20:00:59.170,0,-0.0002508525174595,6.350943299210589e-08,1.0,
2021-03-17 20:00:59.180,0,-0.0016988234069023,5.957943913485818e-08,1.0,
2021-03-17 20:00:59.190,0,0.0003620281613756,5.573907269684644e-08,1.0,
2021-03-17 20:00:59.200,0,0.0105540263234496,5.138924440123262e-08,1.0,
2021-03-17 20:00:59.210,0,0.0008193114291286,4.85924221909056e-08,1.0,
2021-03-17 20:00:59.220,0,0.0015634686788402,4.471278314793778e-08,1.0,
2021-03-17 20:00:59.230,0,0.0014827115742287,4.186689797164088e-08,1.0,
2021-03-17 20:00:59.240,0,0.0017873274054435,3.818824527087255e-08,1.0,
2021-03-17 20:00:59.250,0,0.0002015566895269,3.512305878260218e-08,1.0,
2021-03-17 20:00:59.260,0,-0.0003574994698761,3.178332724282326e-08,1.0,
2021-03-17 20:00:59.270,0,-0.0009136269320108,2.892821837782804e-08,1.0,
2021-03-17 20:00:59.280,0,0.0015565976222611,2.5872531396343857e-08,1.0,
2021-03-17 20:00:59.290,0,0.0003655442633661,2.3463312464756135e-08,1.0,
2021-03-17 20:00:59.300,0,-0.0063565864456131,2.1056962402212456e-08,1.0,
2021-03-17 20:00:59.310,0,-0.0022745410883612,1.8649395661652862e-08,1.0,
2021-03-17 20:00:59.320,0,0.0019541459833522,1.6676831368069968e-08,1.0,
2021-03-17 20:00:59.330,0,-0.0008675741691328,1.4492156483726075e-08,1.0,
2021-03-17 20:00:59.340,0,-0.0002004738995857,1.2604435340557668e-08,1.0,
2021-03-17 20:00:59.350,0,0.0036224422290081,1.1063340734958486e-08,1.0,
2021-03-17 20:00:59.360,0,-0.0064490300967294,9.428732088866257e-09,1.0,
2021-03-17 20:00:59.370,0,-0.0037726100496285,8.056546077628447e-09,1.0,
2021-03-17 20:00:59.380,0,-0.0045013965319011,6.850132040611962e-09,1.0,
2021-03-17 20:00:59.390,0,0.0024752360539111,5.686038714717606e-09,1.0,
2021-03-17 20:00:59.400,0,-0.0003725192359066,4.616539339983854e-09,1.0,
2021-03-17 20:00:59.410,0,-0.0013118396387696,3.7026483946929284e-09,1.0,
2021-03-17 20:00:59.420,0,-0.0025579953139242,2.864149618439369e-09,1.0,
2021-03-17 20:00:59.430,0,0.0055533876527662,2.1429790239566122e-09,1.0,
2021-03-17 20:00:59.440,0,-0.0038740598227251,1.4907339263190566e-09,1.0,
2021-03-17 20:00:59.450,0,-0.0047404527325809,9.136341561725093e-10,1.0,
2021-03-17 20:00:59.460,0,-0.0002039375303584,4.26999756894817e-10,1.0,
2021-03-17 20:00:59.470,0,-0.0013100192813516,2.5546375812021384e-12,1.0,
2021-03-17 20:00:59.480,0,0.0038986080202845,0.0,1.0,
2021-03-17 20:00:59.490,0,-0.0004650256807735,0.0,1.0,
2021-03-17 20:00:59.500,0,0.0028029485780898,0.0,1.0,
2021-03-17 20:00:59.510,0,-0.0012244342338722,0.0,1.0,
2021-03-17 20:00:59.520,0,0.0025187346894429,0.0,1.0,
2021-03-17 20:00:59.530,0,-0.0046702269678059,0.0,1.0,
2021-03-17 20:00:59.540,0,-0.0002507924859028,0.0,1.0,
2021-03-17 20:00:59.550,0,-0.0025316856623701,0.0,1.0,
2021-03-17 20:00:59.560,0,0.000630937611359,0.0,1.0,
2021-03-17 20:00:59.570,0,-0.0014272541730085,0.0,1.0,
2021-03-17 20:00:59.580,0,0.0005566558064168,0.0,1.0,
2021-03-17 20:00:59.590,0,-0.0064424493768572,0.0,1.0,
2021-03-17 20:00:59.600,0,-0.0001516152498357,0.0,1.0,
2021-03-17 20:00:59.610,0,0.0020114648238376,0.0,1.0,
2021-03-17 20:00:59.620,0,0.0004666849684372,0.0,1.0,
2021-03-17 20:00:59.630,0,-0.0016302530542339,0.0,1.0,
2021-03-17 20:00:59.640,0,-0.0051559803767641,0.0,1.0,
2021-03-17 20:00:59.650,0,-0.0009882121198295,0.0,1.0,
2021-03-17 20:00:59.660,0,-0.0009293381628427,0.0,1.0,
2021-03-17 20:00:59.670,0,0.000840253124447,0.0,1.0,
2021-03-17 20:00:59.680,0,0.0051739487199162,0.0,1.0,
2021-03-17 20:00:59.690,0,0.0005223909189517,0.0,1.0,
2021-03-17 20:00:59.700,0,-0.0021736824928858,0.0,1.0,
2021-03-17 20:00:59.710,0,-0.0056033972667564,0.0,1.0,
2021-03-17 20:00:59.720,0,-0.0047535645760695,0.0,1.0,
2021-03-17 20:00:59.730,0,-0.0039458543674043,0.0,1.0,
2021-03-17 20:00:59.740,0,-0.001590498929185,0.0,1.0,
2021-03-17 20:00:59.750,0,0.004090457008755,0.0,1.0,
2021-03-17 20:00:59.760,0,0.0023814937986045,0.0,1.0,
2021-03-17 20:00:59.770,0,0.0014776994277003,0.0,1.0,
2021-03-17 20:00:59.780,0,0.0006322029901629,0.0,1.0,
2021-03-17 20:00:59.790,0,0.0013605807217609,0.0,1.0,
2021-03-17 20:00:59.800,0,-0.0058751424776279,0.0,1.0,
2021-03-17 20:00:59.810,0,-0.0014710926903277,0.0,1.0,
2021-03-17 20:00:59.820,0,-0.0028233429453108,0.0,1.0,
2021-03-17 20:00:59.830,0,-0.000619155513472,0.0,1.0,
2021-03-17 20:00:59.840,0,-0.0006170929138821,0.0,1.0,
2021-03-17 20:00:59.850,0,0.004971643716511,0.0,1.0,
2021-03-17 20:00:59.860,0,-0.0002935315138338,0.0,1.0,
2021-03-17 20:00:59.870,0,-0.0048214905251838,0.0,1.0,
2021-03-17 20:00:59.880,0,0.0031685350667092,0.0,1.0,
2021-03-17 20:00:59.890,0,-0.0067648444239217,0.0,1.0,
2021-03-17 20:00:59.900,0,-0.0016573378599967,0.0,1.0,
2021-03-17 20:00:59.910,0,0.0022876869219902,0.0,1.0,
2021-03-17 20:00:59.920,0,0.002333560527503,0.0,1.0,
2021-03-17 20:00:59.930,0,-0.0004841859197117,0.0,1.0,
2021-03-17 20:00:59.940,0,0.0030774099737284,0.0,1.0,
2021-03-17 20:00:59.950,0,0.0013289899904032,0.0,1.0,
2021-03-17 20:00:59.960,0,0.0037859792392335,0.0,1.0,
2021-03-17 20:00:59.970,0,-0.00012212478047,3.80702978720905e-12,1.0,
2021-03-17 20:00:59.980,0,-0.005511967301618,1.0566237942285943e-11,1.0,
2021-03-17 20:00:59.990,0,0.0031061351458217,1.642173767273059e-11,1.0,
2021-03-17 20:01:00.000,0,0.0080900231602381,2.1303906290707766e-11,1.0,
2021-03-17 20:01:00.010,0,0.0004197509036477,2.4964095123559893e-11,1.0,
2021-03-17 20:01:00.020,0,-0.0008370842766268,2.7868425934537226e-11,1.0,
2021-03-17 20:01:00.030,0,-0.0008383708911304,3.0301155452363004e-11,1.0,
2021-03-17 20:01:00.040,0,-0.002378176406577,3.16637941062543e-11,1.0,
2021-03-17 20:01:00.050,0,-0.0046034953855254,3.316666886073147e-11,1.0,
2021-03-17 20:01:00.060,0,0.0014785893528039,3.406355567156796e-11,1.0,
2021-03-17 20:01:00.070,0,0.0007040446968381,3.3690178865180936e-11,1.0,
2021-03-17 20:01:00.080,0,-0.0001203899185819,3.3440201157342253e-11,1.0,
2021-03-17 20:01:00.090,0,-0.0001345781820387,3.3427902206578934e-11,1.0,
2021-03-17 20:01:00.100,0,0.0013691014955057,3.255168515292652e-11,1.0,
2021-03-17 20:01:00.110,0,0.003308493535842,3.172573145393065e-11,1.0,
2021-03-17 20:01:00.120,0,-0.0007478489474656,3.047012436089755e-11,1.0,
2021-03-17 20:01:00.130,0,-0.0019669660754959,2.97015386458092e-11,1.0,
2021-03-17 20:01:00.140,0,0.0027211648674787,2.8343924232152226e-11,1.0,
2021-03-17 20:01:00.150,0,0.0032528594905367,2.6684493647986035e-11,1.0,
2021-03-17 20:01:00.160,0,0.002689659320253,2.5369112005647647e-11,1.0,
2021-03-17 20:01:00.170,0,0.0016938621721385,2.371902613427667e-11,1.0,
2021-03-17 20:01:00.180,0,-0.0071228116114488,2.2573108273598324e-11,1.0,
2021-03-17 20:01:00.190,0,0.0015218862774744,2.0915464529291625e-11,1.0,
2021-03-17 20:01:00.200,0,0.0088951669652952,1.9597169470432523e-11,1.0,
2021-03-17 20:01:00.210,0,4.677812508838702e-05,1.7885437197778738e-11,1.0,
2021-03-17 20:01:00.220,0,-0.004961806706687,1.6540970063614224e-11,1.0,
2021-03-17 20:01:00.230,0,-0.0047426798924354,1.5142880539636473e-11,1.0,
2021-03-17 20:01:00.240,0,-0.0010652721714596,1.4029456907177885e-11,1.0,
2021-03-17 20:01:00.250,0,-0.001358800166666,1.278446342669555e-11,1.0,
2021-03-17 20:01:00.260,0,0.0010792134016188,1.1562908334571314e-11,1.0,
2021-03-17 20:01:00.270,0,0.0024007551910639,1.0543449603459248e-11,1.0,
2021-03-17 20:01:00.280,0,0.0021613184603037,9.370874660116338e-12,1.0,
2021-03-17 20:01:00.290,0,-0.0021074284765216,8.418001620432612e-12,1.0,
2021-03-17 20:01:00.300,0,-0.0095531168997079,7.579413051616327e-12,1.0,
2021-03-17 20:01:00.310,0,8.680632203854173e-05,6.7099335943139176e-12,1.0,
2021-03-17 20:01:00.320,0,0.0008746729459019,5.8850324468318266e-12,1.0,
2021-03-17 20:01:00.330,0,0.0064138124907749,5.115328888851213e-12,1.0,
2021-03-17 20:01:00.340,0,0.0004257113322834,4.4589456673995556e-12,1.0,
2021-03-17 20:01:00.350,0,-0.0029858491703216,3.817102884574843e-12,1.0,
2021-03-17 20:01:00.360,0,0.0018948422662294,3.250832279006873e-12,1.0,
2021-03-17 20:01:00.370,0,0.0027503776219185,2.713468698794798e-12,1.0,
2021-03-17 20:01:00.380,0,-0.0012767645639798,2.2912976924155988e-12,1.0,
2021-03-17 20:01:00.390,0,-0.0035095428734059,1.8763728000364642e-12,1.0,
2021-03-17 20:01:00.400,0,-0.0014501800931327,1.4929501226081653e-12,1.0,
2021-03-17 20:01:00.410,0,-0.0057417953121361,1.1566346531256675e-12,1.0,
2021-03-17 20:01:00.420,0,-7.437638665398702e-05,8.618744535662303e-13,1.0,
2021-03-17 20:01:00.430,0,-0.0056151039804906,6.014187912597351e-13,1.0,
2021-03-17 20:01:00.440,0,0.0076600887423267,3.732763650316048e-13,1.0,
2021-03-17 20:01:00.450,0,-0.003509890134465,1.7089863311214578e-13,1.0,
2021-03-17 20:01:00.460,0,0.0031900172927423,7.285795045538256e-16,1.0,
2021-03-17 20:01:00.470,0,-0.0063562421524169,0.0,1.0,
2021-03-17 20:01:00.480,0,-0.0013531239634588,0.0,1.0,
2021-03-17 20:01:00.490,0,0.0021050685580374,0.0,1.0,
2021-03-17 20:01:00.500,0,-0.0045387183639352,0.0,1.0,
2021-03-17 20:01:00.510,0,0.0005254960031097,0.0,1.0,
2021-03-17 20:01:00.520,0,-0.0013080758343164,0.0,1.0,
2021-03-17 20:01:00.530,0,0.0005735814148263,0.0,1.0,
2021-03-17 20:01:00.540,0,-0.0022560935179388,0.0,1.0,
2021-03-17 20:01:00.550,0,0.0038034647890947,0.0,1.0,
2021-03-17 20:01:00.560,0,-0.00033594318652,0.0,1.0,
2021-03-17 20:01:00.570,0,0.0005957894681761,0.0,1.0,
2021-03-17 20:01:00.580,0,-0.0012998774323726,0.0,1.0,
2021-03-17 20:01:00.590,0,0.0036639229679312,0.0,1.0,
2021-03-17 20:01:00.600,0,-0.0006840690890699,0.0,1.0,
2021-03-17 20:01:00.610,0,0.0014178426039026,0.0,1.0,
2021-03-17 20:01:00.620,0,0.0033290868016877,0.0,1.0,
2021-03-17 20:01:00.630,0,-0.0064478951263173,0.0,1.0,
2021-03-17 20:01:00.640,0,-0.0040936118181384,0.0,1.0,
2021-03-17 20:01:00.650,0,-0.0062986926545135,0.0,1.0,
2021-03-17 20:01:00.660,0,-0.0008298504109581,0.0,1.0,
2021-03-17 20:01:00.670,0,0.0056771235725089,0.0,1.0,
2021-03-17 20:01:00.680,0,0.0017131074510752,0.0,1.0,
2021-03-17 20:01:00.690,0,-0.0026482065711487,0.0,1.0,
2021-03-17 20:01:00.700,0,0.0088846936796913,0.0,1.0,
2021-03-17 20:01:00.710,0,0.0005708453170047,0.0,1.0,
2021-03-17 20:01:00.720,0,0.0041327050182405,0.0,1.0,
2021-03-17 20:01:00.730,0,-0.0001220065912257,0.0,1.0,
2021-03-17 20:01:00.740,0,0.0006062662459768,0.0,1.0,
2021-03-17 20:01:00.750,0,-0.005131863854115,0.0,1.0,
2021-03-17 20:01:00.760,0,-0.0005814841279277,0.0,1.0,
2021-03-17 20:01:00.770,0,-0.004864405523007,0.0,1.0,
2021-03-17 20:01:00.780,0,-0.0036863923298357,0.0,1.0,
2021-03-17 20:01:00.790,0,0.0026345187571785,0.0,1.0,
2021-03-17 20:01:00.800,0,0.0034173029916644,0.0,1.0,
2021-03-17 20:01:00.810,0,-0.0053976870847141,0.0,1.0,
2021-03-17 20:01:00.820,0,-0.0014123965018729,0.0,1.0,
2021-03-17 20:01:00.830,0,-0.0033458433737951,0.0,1.0,
2021-03-17 20:01:00.840,0,0.0028260222234757,0.0,1.0,
2021-03-17 20:01:00.850,0,0.0069341295805696,0.0,1.0,
2021-03-17 20:01:00.860,0,0.0021770553282091,0.0,1.0,
2021-03-17 20:01:00.870,0,0.0043679953370522,0.0,1.0,
2021-03-17 20:01:00.880,0,0.0066398652933816,0.0,1.0,
2021-03-17 20:01:00.890,0,-0.0004683071102527,0.0,1.0,
2021-03-17 20:01:00.900,0,-0.0033153220394187,0.0,1.0,
2021-03-17 20:01:00.910,0,-0.0023134229510418,0.0,1.0,
2021-03-17 20:01:00.920,0,-0.0038014963249822,0.0,1.0,
2021-03-17 20:01:00.930,0,9.541831436667752e-06,0.0,1.0,
2021-03-17 20:01:00.940,0,-0.0034433153518401,0.0,1.0,
2021-03-17 20:01:00.950,0,-0.0006401534558489999,0.0,1.0,
2021-03-17 20:01:00.960,0,-0.0024173931339055,1.5243288764626515e-15,1.0,
2021-03-17 20:01:00.970,0,-1.8511583908152115e-05,4.2476321179412e-15,1.0,
2021-03-17 20:01:00.980,0,0.0044494392392844,6.505309335624375e-15,1.0,
2021-03-17 20:01:00.990,0,0.0007837287769205,8.442925922929263e-15,1.0,
2021-03-17 20:01:01.000,1,7.142956370405778e-05,9.940260505775507e-15,1.0,
2021-03-17 20:01:01.010,1,-0.001205847216414,1.1171765787355344e-14,1.0,
2021-03-17 20:01:01.020,1,0.0001275835322622,1.2016535443823184e-14,1.0,
2021-03-17 20:01:01.030,1,-0.0002030562022857,1.2563571026926669e-14,1.0,
2021-03-17 20:01:01.040,1,-0.0018935349813368,1.3135944034209473e-14,1.0,
2021-03-17 20:01:01.050,1,0.0007048209273304,1.3366859014466335e-14,1.0,
2021-03-17 20:01:01.060,1,0.0019109400510696,1.3385477344159844e-14,1.0,
2021-03-17 20:01:01.070,1,-0.006535736293214001,1.3371293042665695e-14,1.0,
2021-03-17 20:01:01.080,1,-0.0084868628112684,1.3233262544120913e-14,1.0,
2021-03-17 20:01:01.090,1,-0.0003519426583099,1.2959597535135851e-14,1.0,
2021-03-17 20:01:01.100,1,-0.0054069178064153,1.2621869280333718e-14,1.0,
2021-03-17 20:01:01.110,1,-0.0001231805096282,1.2230311981033456e-14,1.0,
2021-03-17 20:01:01.120,1,0.0075301902149853,5.3194465499035815,1.0,
2021-03-17 20:01:01.130,1,0.0156807583685002,20.30850829760823,1.0,
2021-03-17 20:01:01.140,1,0.034942821219858,43.19090867972778,1.0,
2021-03-17 20:01:01.150,1,0.0466938465755737,72.87569249705862,1.0,
2021-03-17 20:01:01.160,1,0.0709829844454045,107.0125791161676,1.0,
2021-03-17 20:01:01.170,1,0.0881429672807942,147.3784894135448,0.0,
2021-03-17 20:01:01.180,1,0.1387384207236252,193.975069421972,0.0,
2021-03-17 20:01:01.190,1,0.1484704709442946,242.68686522728663,0.0,
2021-03-17 20:01:01.200,1,0.1723087774785537,299.0279093586604,0.0,
2021-03-17 20:01:01.210,1,0.2157984880021061,349.66299996250984,0.0,
2021-03-17 20:01:01.220,1,0.3350250230608038,407.4305473367212,0.0,
2021-03-17 20:01:01.230,1,0.3326495636283826,462.56565707442843,0.0,
2021-03-17 20:01:01.240,1,0.3717656623082249,518.6187645886148,0.0,
2021-03-17 20:01:01.250,1,0.3544084594782285,577.5280595856208,0.0,
2021-03-17 20:01:01.260,1,0.3786865199646615,635.9640573667879,0.0,
2021-03-17 20:01:01.270,1,0.5043432589085832,688.3770774965919,0.0,
2021-03-17 20:01:01.280,1,0.6429295821847982,746.8036875919947,0.0,
2021-03-17 20:01:01.290,1,0.4796111142102314,792.6473815252458,0.0,
2021-03-17 20:01:01.300,1,0.5511283989993231,844.2314889728248,0.0,
2021-03-17 20:01:01.310,1,0.6106203746560709,879.7448843584508,0.0,
2021-03-17 20:01:01.320,1,0.6426866848189156,932.4489586957428,0.0,
2021-03-17 20:01:01.330,1,0.7548916384246519,969.8283074945682,0.0,
2021-03-17 20:01:01.340,1,0.6915747404424495,1011.6955400159258,0.0,
2021-03-17 20:01:01.350,1,0.8531874078599376,1040.8285403797124,0.0,
2021-03-17 20:01:01.360,1,0.6907718170807496,1069.7974855215984,0.0,
2021-03-17 20:01:01.370,1,0.994016438245054,1111.6494372842403,0.0,
2021-03-17 20:01:01.380,1,0.8357528675805138,1133.2639286806302,0.0,
2021-03-17 20:01:01.390,1,0.7470702226690724,1175.4053356687007,0.0,
2021-03-17 20:01:01.400,1,0.8804055036710613,1203.0334092632436,0.0,
2021-03-17 20:01:01.410,1,0.7815905058629796,1221.76304647214,0.0,
2021-03-17 20:01:01.420,1,0.9400356578652508,1247.1811579429816,0.0,
2021-03-17 20:01:01.430,1,1.0426329104300427,1256.4723468798304,0.0,
2021-03-17 20:01:01.440,1,1.1379214556867228,1270.4725776277842,0.0,
2021-03-17 20:01:01.450,1,0.8197588203055042,1294.8747659825901,0.0,
2021-03-17 20:01:01.460,1,1.1933222359522555,1302.5458419530034,0.0,
2021-03-17 20:01:01.470,1,1.1069543465476774,1309.5754124181706,0.0,
2021-03-17 20:01:01.480,1,0.8998478954903947,1317.5141337637147,0.0,
2021-03-17 20:01:01.490,1,1.1352845797796922,1342.8363358734782,0.0,
2021-03-17 20:01:01.500,1,1.106335603030098,1338.8129196103575,0.0,
2021-03-17 20:01:01.510,1,1.070341295718097,1340.0399533314453,0.0,
2021-03-17 20:01:01.520,1,1.0035614490248628,1357.1711507524312,0.0,
2021-03-17 20:01:01.530,1,1.0974915399533711,1367.48795105743,0.0,
2021-03-17 20:01:01.540,1,1.0263375447063574,1376.1499418580042,0.0,
2021-03-17 20:01:01.550,1,1.03532543093415,1373.9180566041914,0.0,
2021-03-17 20:01:01.560,1,0.9988006305547394,1379.453901726764,0.0,
2021-03-17 20:01:01.570,1,0.9924379912084544,1376.451865373312,0.0,
2021-03-17 20:01:01.580,1,1.2710942674466528,1372.2084073481458,0.0,
2021-03-17 20:01:01.590,1,1.062458332728649,1376.094810653776,0.0,
2021-03-17 20:01:01.600,1,1.033982554049928,1390.1782210389035,0.0,
2021-03-17 20:01:01.610,1,0.8661089083609328,1390.3853036930288,0.0,
2021-03-17 20:01:01.620,1,0.9280175844202035,1385.1701582375797,0.0,
2021-03-17 20:01:01.630,1,1.009086272403536,1393.3936603862128,0.0,
2021-03-17 20:01:01.640,1,1.072908593958585,1376.833515359188,0.0,
2021-03-17 20:01:01.650,1,0.9670266017939244,1381.6174104118766,0.0,
2021-03-17 20:01:01.660,1,1.1457875568338265,1381.1109265193318,0.0,
2021-03-17 20:01:01.670,1,0.9007192394888431,1396.0312687561955,0.0,
2021-03-17 20:01:01.680,1,1.0190226552949622,1384.112776599486,0.0,
2021-03-17 20:01:01.690,1,0.8626103270584917,1393.631453916752,0.0,
2021-03-17 20:01:01.700,1,0.853073669219538,1389.6521652857873,0.0,
2021-03-17 20:01:01.710,1,1.0750140175910925,1381.8854287859333,0.0,
2021-03-17 20:01:01.720,1,0.8209524112384271,1379.3760524931076,0.0,
2021-03-17 20:01:01.730,1,0.9623726249688632,1386.936965138992,0.0,
2021-03-17 20:01:01.740,1,1.1668280554705892,1388.8939529893612,0.0,
2021-03-17 20:01:01.750,1,1.157058476286178,1372.9036678075106,0.0,
2021-03-17 20:01:01.760,1,0.8073310912679071,1372.2229240594745,0.0,
2021-03-17 20:01:01.770,1,1.107670387342481,1382.4944217287216,0.0,
2021-03-17 20:01:01.780,1,0.9324196803871044,1378.2920003152856,0.0,
2021-03-17 20:01:01.790,1,0.9600298941484844,1371.4266462837736,0.0,
2021-03-17 20:01:01.800,1,1.0539249462352247,1373.575825679201,0.0,
2021-03-17 20:01:01.810,1,0.8747073732985355,1370.957130871057,0.0,
2021-03-17 20:01:01.820,1,0.8035053189526942,1358.8010639199526,0.0,
2021-03-17 20:01:01.830,1,0.7209321920046277,1365.8185029551046,0.0,
2021-03-17 20:01:01.840,1,0.7376677075325423,1363.0003500148885,0.0,
2021-03-17 20:01:01.850,1,1.0665356202064276,1371.210126849106,0.0,
2021-03-17 20:01:01.860,1,0.8918757989368808,1358.0266860873915,0.0,
2021-03-17 20:01:01.870,1,0.9562302030766864,1373.243174988614,0.0,
2021-03-17 20:01:01.880,1,0.9763854460404726,1369.108140707703,0.0,
2021-03-17 20:01:01.890,1,0.83403149804361,1366.595166861862,0.0,
2021-03-17 20:01:01.900,1,0.7307150988168684,1366.6383334987406,0.0,
2021-03-17 20:01:01.910,1,0.8350412947586651,1351.830459072376,0.0,
2021-03-17 20:01:01.920,1,0.8225376650927688,1353.9988719837745,0.0,
2021-03-17 20:01:01.930,1,0.9576745271154592,1363.1371002340359,0.0,
2021-03-17 20:01:01.940,1,0.9833284248187152,1366.861984904368,0.0,
2021-03-17 20:01:01.950,1,0.7069979696979409,1357.0183698279995,0.0,
2021-03-17 20:01:01.960,1,0.8104693226194224,1353.4776271411765,0.0,
2021-03-17 20:01:01.970,1,0.9598231591302478,1352.0295293086233,0.0,
2021-03-17 20:01:01.980,1,0.7355114251220947,1364.070051585993,0.0,
2021-03-17 20:01:01.990,1,0.6693416666272313,1367.2301272222576,0.0,
2021-03-17 20:01:02.000,1,0.7057855263789862,1349.661154765183,0.0,
2021-03-17 20:01:02.010,1,0.9648250943770544,1336.6621757215835,0.0,
2021-03-17 20:01:02.020,1,0.7051279097457263,1344.1761723315185,0.0,
2021-03-17 20:01:02.030,1,0.7438397281219667,1361.7382440493566,0.0,
2021-03-17 20:01:02.040,1,0.8336897328371894,1341.7235729005586,0.0,
2021-03-17 20:01:02.050,1,0.8562065948108905,1343.0135986538796,0.0,
2021-03-17 20:01:02.060,1,0.6832633481743263,1355.4904181295065,0.0,
2021-03-17 20:01:02.070,1,0.7827878908542188,1341.846049342904,0.0,
2021-03-17 20:01:02.080,1,0.7370110867664327,1348.429023934442,0.0,
2021-03-17 20:01:02.090,1,0.6909281422005213,1347.8883247138353,0.0,
2021-03-17 20:01:02.100,1,0.9059320060538468,1359.1294229659331,0.0,
2021-03-17 20:01:02.110,1,0.7659030575777934,1359.0689082884955,0.0,
2021-03-17 20:01:02.120,1,0.6485657945547538,1352.560884375291,0.0,
2021-03-17 20:01:02.130,1,0.8658607419576789,1344.5592615872529,0.0,
2021-03-17 20:01:02.140,1,0.9018541623640524,1348.2380862034274,0.0,
2021-03-17 20:01:02.150,1,0.6521974978496152,1343.700361896016,0.0,
2021-03-17 20:01:02.160,1,0.8856408569555824,1348.470244936706,0.0,
2021-03-17 20:01:02.170,1,0.92929919959065,1341.9960817499812,0.0,
2021-03-17 20:01:02.180,1,0.7256113189296749,1342.2088836005948,0.0,
2021-03-17 20:01:02.190,1,0.8279453247639476,1344.9117032964252,0.0,
2021-03-17 20:01:02.200,1,0.6943919566149244,1346.9255005385417,0.0,
2021-03-17 20:01:02.210,1,0.7498184403744249,1337.7656141665213,0.0,
2021-03-17 20:01:02.220,1,0.8393906922576659,1354.3193789393968,0.0,
2021-03-17 20:01:02.230,1,0.8348183748506189,1348.0414078119368,0.0,
2021-03-17 20:01:02.240,1,0.9802668394429712,1326.766752422603,0.0,
2021-03-17 20:01:02.250,1,0.844278417374585,1330.0219118103334,0.0,
2021-03-17 20:01:02.260,1,0.9340524017004715,1338.2617449757636,0.0,
2021-03-17 20:01:02.270,1,0.6990142878143385,1344.9710668928844,0.0,
2021-03-17 20:01:02.280,1,0.8549673489724545,1352.6811092705016,0.0,
2021-03-17 20:01:02.290,1,0.7586679650568142,1342.6090092772126,0.0,
2021-03-17 20:01:02.300,1,0.8861336054906628,1352.1797028368198,0.0,
2021-03-17 20:01:02.310,1,1.0110437236212098,1335.337883880096,0.0,
2021-03-17 20:01:02.320,1,0.9312120410204364,1346.4546776870475,0.0,
2021-03-17 20:01:02.330,1,0.8306745303582516,1360.796174818918,0.0,
2021-03-17 20:01:02.340,1,0.829916515712884,1347.9932638029595,0.0,
2021-03-17 20:01:02.350,1,0.8798417361317872,1352.8765572846762,0.0,
2021-03-17 20:01:02.360,1,0.8247996566783689,1337.6100149350934,0.0,
2021-03-17 20:01:02.370,1,0.8055945057231066,1335.9389312502651,0.0,
2021-03-17 20:01:02.380,1,0.8160229027189695,1347.8631982662828,0.0,
2021-03-17 20:01:02.390,1,1.0242204390545624,1350.2666119976316,0.0,
2021-03-17 20:01:02.400,1,0.8593293106045707,1344.6964039047693,0.0,
2021-03-17 20:01:02.410,1,1.1615108558921194,1357.8839278953349,0.0,
2021-03-17 20:01:02.420,1,0.9390899936775056,1356.671908310251,0.0,
2021-03-17 20:01:02.430,1,1.0549120469056117,1348.140777926485,0.0,
2021-03-17 20:01:02.440,1,1.2123941642845562,1371.9118261565006,0.0,
2021-03-17 20:01:02.450,1,1.0357275334108773,1360.7550200198,0.0,
2021-03-17 20:01:02.460,1,1.1443965061555212,1364.9054690358528,0.0,
2021-03-17 20:01:02.470,1,0.9785679265498828,1344.5588143941886,0.0,
2021-03-17 20:01:02.480,1,1.1078215684102253,1358.5813889619358,0.0,
2021-03-17 20:01:02.490,1,1.2545918358135886,1368.2751438820314,0.0,
2021-03-17 20:01:02.500,1,1.0217197973116334,1362.2004762878248,0.0,
2021-03-17 20:01:02.510,1,1.2244362189602225,1365.6535153565774,0.0,
2021-03-17 20:01:02.520,1,1.2278924519458068,1368.1132125941406,0.0,
2021-03-17 20:01:02.530,1,1.0361118231877606,1378.1449724882655,0.0,
2021-03-17 20:01:02.540,1,1.0251466603047834,1369.3272909890484,0.0,
2021-03-17 20:01:02.550,1,0.9201817198992932,1361.8516282899018,0.0,
2021-03-17 20:01:02.560,1,0.9787430966197448,1361.3523438692762,0.0,
2021-03-17 20:01:02.570,1,1.1761596235847784,1356.2845601411505,0.0,
2021-03-17 20:01:02.580,1,1.119937718546535,1370.1670089131326,0.0,
2021-03-17 20:01:02.590,1,1.1012130866098029,1367.6355485258775,0.0,
2021-03-17 20:01:02.600,1,0.8943551403952966,1358.214739638471,0.0,
2021-03-17 20:01:02.610,1,1.0101252480122247,1374.2170336953036,0.0,
2021-03-17 20:01:02.620,1,1.0809740781798554,1367.450663761181,0.0,
2021-03-17 20:01:02.630,1,0.9399765061900768,1375.2072178668914,0.0,
2021-03-17 20:01:02.640,1,1.1384168934787062,1373.2738882747906,0.0,
2021-03-17 20:01:02.650,1,0.9303785837502272,1370.1935429530745,0.0,
2021-03-17 20:01:02.660,1,0.9715362388673132,1356.155690980195,0.0,
2021-03-17 20:01:02.670,1,1.2635484622740414,1362.3759246414754,0.0,
2021-03-17 20:01:02.680,1,0.9529246385530734,1365.496170150984,0.0,
2021-03-17 20:01:02.690,1,1.222125338961038,1383.1348661896868,0.0,
2021-03-17 20:01:02.700,1,0.966900050674234,1369.073248096983,0.0,
2021-03-17 20:01:02.710,1,1.2131834278228273,1364.9394610698191,0.0,
2021-03-17 20:01:02.720,1,1.016747218471698,1372.6479253866091,0.0,
2021-03-17 20:01:02.730,1,1.083816541304957,1377.3185001166873,0.0,
2021-03-17 20:01:02.740,1,0.937985875842744,1368.0133986855335,0.0,
2021-03-17 20:01:02.750,1,1.1028384060749843,1361.2882373684515,0.0,
2021-03-17 20:01:02.760,1,1.242779841677128,1375.7792088715978,0.0,
2021-03-17 20:01:02.770,1,1.2216690142395872,1377.3580158067346,0.0,
2021-03-17 20:01:02.780,1,1.072328512369506,1367.3470761108288,0.0,
2021-03-17 20:01:02.790,1,1.053650970274148,1368.5742659890266,0.0,
2021-03-17 20:01:02.800,1,0.9486352951577228,1367.4799520510996,0.0,
2021-03-17 20:01:02.810,1,1.2362888685241376,1378.652429953165,0.0,
2021-03-17 20:01:02.820,1,1.1197773812527714,1366.1427636194148,0.0,
2021-03-17 20:01:02.830,1,1.1677352924132018,1357.5485170407308,0.0,
2021-03-17 20:01:02.840,1,0.9725794408763124,1370.6445683236675,0.0,
2021-03-17 20:01:02.850,1,1.1301917717604395,1356.3757228930945,0.0,
2021-03-17 20:01:02.860,1,0.8864029707467879,1371.8426226349898,0.0,
2021-03-17 20:01:02.870,1,1.1409773466373163,1358.7899107670382,0.0,
2021-03-17 20:01:02.880,1,1.1187438727940562,1353.3204367735755,0.0,
2021-03-17 20:01:02.890,1,0.8726835449973105,1354.257172644427,0.0,
2021-03-17 20:01:02.900,1,0.9837811242102086,1348.3607081942396,0.0,
2021-03-17 20:01:02.910,1,0.8715040028065936,1348.5711427039462,0.0,
2021-03-17 20:01:02.920,1,0.9149836304458644,1366.7003779301035,0.0,
2021-03-17 20:01:02.930,1,0.8563531751180933,1352.590221277614,0.0,
2021-03-17 20:01:02.940,1,1.0312538065225214,1351.1424840873449,0.0,
2021-03-17 20:01:02.950,1,1.1803816243124712,1342.0714493312425,0.0,
2021-03-17 20:01:02.960,1,0.8443199501276322,1350.0943272281868,0.0,
2021-03-17 20:01:02.970,1,0.9276346418073744,1340.0541990176505,0.0,
2021-03-17 20:01:02.980,1,1.0480168240101773,1348.9638429243546,0.0,
2021-03-17 20:01:02.990,1,0.9058289849612916,1339.6477208696456,0.0,
2021-03-17 20:01:03.000,1,1.1339725774849108,1348.1428354324878,0.0,
2021-03-17 20:01:03.010,1,0.830920690815777,1341.9692192682496,0.0,
2021-03-17 20:01:03.020,1,1.1924108894630645,1342.9735124610393,0.0,
2021-03-17 20:01:03.030,1,1.097625990139311,1346.285741155154,0.0,
2021-03-17 20:01:03.040,1,1.2208187383339175,1333.4074936000357,0.0,
2021-03-17 20:01:03.050,1,0.9043783742668104,1319.6611687124384,0.0,
2021-03-17 20:01:03.060,1,0.9312437542936502,1340.2854629992132,0.0,
2021-03-17 20:01:03.070,1,1.1043043251643063,1324.961264060751,0.0,
2021-03-17 20:01:03.080,1,1.1438470010870738,1327.8982556236194,0.0,
2021-03-17 20:01:03.090,1,1.0733219797591775,1336.5289274575086,0.0,
2021-03-17 20:01:03.100,1,0.9735579660570384,1326.226959585358,0.0,
2021-03-17 20:01:03.110,1,1.007522579958294,1336.063442878111,0.0,
2021-03-17 20:01:03.120,1,1.1053554095471303,1331.5553700228395,0.0,
2021-03-17 20:01:03.130,1,0.8588476005647463,1330.2264316576636,0.0,
2021-03-17 20:01:03.140,1,1.1201140306245607,1336.679494830381,0.0,
2021-03-17 20:01:03.150,1,0.9832697165027112,1313.0055944096582,0.0,
2021-03-17 20:01:03.160,1,1.081689058653354,1328.1877498407898,0.0,
2021-03-17 20:01:03.170,1,0.9910354995625574,1322.8979440487135,0.0,
2021-03-17 20:01:03.180,1,1.0743836459652516,1319.2310783766534,0.0,
2021-03-17 20:01:03.190,1,1.1731495516358077,1321.9804422979025,0.0,
2021-03-17 20:01:03.200,1,1.2406882915126558,1323.028739670896,0.0,
2021-03-17 20:01:03.210,1,1.0863110985785789,1317.1427472821474,0.0,
2021-03-17 20:01:03.220,1,1.2422228693386057,1324.2388396869044,0.0,
2021-03-17 20:01:03.230,1,1.169855836604904,1319.6609975814647,0.0,
2021-03-17 20:01:03.240,1,1.2743665950979657,1317.7936052954926,0.0,
2021-03-17 20:01:03.250,1,1.1871322379345732,1320.3200008059725,0.0,
2021-03-17 20:01:03.260,1,1.3294764165538024,1311.8467237000427,0.0,
2021-03-17 20:01:03.270,1,1.2951107166398537,1307.7649989019985,0.0,
2021-03-17 20:01:03.280,1,1.0644386033212831,1333.275206083813,0.0,
2021-03-17 20:01:03.290,1,1.1586118368280778,1327.673066624818,0.0,
2021-03-17 20:01:03.300,1,1.1626311135295249,1320.461658897683,0.0,
2021-03-17 20:01:03.310,1,1.2249411579954208,1311.7561925121588,0.0,
2021-03-17 20:01:03.320,1,1.2609654396959766,1317.0315741182574,0.0,
2021-03-17 20:01:03.330,1,0.944109532834252,1312.2358213326568,0.0,
2021-03-17 20:01:03.340,1,1.0147492501441142,1315.258609470662,0.0,
2021-03-17 20:01:03.350,1,1.3898970649838591,1320.3136484075335,0.0,
2021-03-17 20:01:03.360,1,1.1033020121395771,1314.4641270179761,0.0,
2021-03-17 20:01:03.370,1,0.9866039128511518,1327.60574331646,0.0,
2021-03-17 20:01:03.380,1,1.0795432285848885,1301.2018067619106,0.0,
2021-03-17 20:01:03.390,1,1.4171005040037867,1327.153007067135,0.0,
2021-03-17 20:01:03.400,1,1.0006699360897768,1316.8026054127001,0.0,
2021-03-17 20:01:03.410,1,1.0719161577840337,1320.560869204733,0.0,
2021-03-17 20:01:03.420,1,1.3751117820120902,1328.3047324604195,0.0,
2021-03-17 20:01:03.430,1,1.3587062603654214,1333.1289641319886,0.0,
2021-03-17 20:01:03.440,1,1.3779146019585808,1317.0079178880815,0.0,
2021-03-17 20:01:03.450,1,1.5022306780518055,1316.3663166844638,0.0,
2021-03-17 20:01:03.460,1,1.3686026560790097,1315.1016864196536,0.0,
2021-03-17 20:01:03.470,1,1.144405064316075,1324.8932295260752,0.0,
2021-03-17 20:01:03.480,1,1.0838382020804114,1330.734569912208,0.0,
2021-03-17 20:01:03.490,1,1.3375989114375266,1327.5856855809554,0.0,
2021-03-17 20:01:03.500,1,1.4706453110848872,1330.0806574503795,0.0,
2021-03-17 20:01:03.510,1,1.075297576910034,1330.846603445024,0.0,
2021-03-17 20:01:03.520,1,1.2756054997003636,1319.6189539874224,0.0,
2021-03-17 20:01:03.530,1,1.3791676689450714,1328.408637561861,0.0,
2021-03-17 20:01:03.540,1,1.1300512007822645,1333.8829570813566,0.0,
2021-03-17 20:01:03.550,1,1.4866103383704168,1332.9425997486321,0.0,
2021-03-17 20:01:03.560,1,1.2278774531711585,1330.2488203927364,0.0,
2021-03-17 20:01:03.570,1,1.3631703242415991,1327.2493244646055,0.0,
2021-03-17 20:01:03.580,1,1.3555525586434252,1327.9018152051758,0.0,
2021-03-17 20:01:03.590,1,1.0616271219612918,1335.912446456731,0.0,
2021-03-17 20:01:03.600,1,1.5631409931725415,1331.918826491198,0.0,
2021-03-17 20:01:03.610,1,1.096525294209301,1317.3519018190545,0.0,
2021-03-17 20:01:03.620,1,1.08805574561116,1334.742791537786,0.0,
2021-03-17 20:01:03.630,1,1.2865968629823528,1323.4245355321855,0.0,
2021-03-17 20:01:03.640,1,1.4348404658963316,1321.9804358058666,0.0,
2021-03-17 20:01:03.650,1,1.3615035986163366,1332.6814992156405,0.0,
2021-03-17 20:01:03.660,1,1.5529266210626271,1337.7178846029442,0.0,
2021-03-17 20:01:03.670,1,1.3357606486538265,1327.7407896690718,0.0,
2021-03-17 20:01:03.680,1,1.1368827198180906,1335.7019407785726,0.0,
2021-03-17 20:01:03.690,1,1.4605406436292503,1320.4335704428615,0.0,
2021-03-17 20:01:03.700,1,1.2181425168911386,1332.6871766760785,0.0,
2021-03-17 20:01:03.710,1,1.0513690666414617,1345.7339226523109,0.0,
2021-03-17 20:01:03.720,1,1.0596469203182544,1323.3997133701826,0.0,
2021-03-17 20:01:03.730,1,1.063381805734183,1323.021318901164,0.0,
2021-03-17 20:01:03.740,1,1.5053004871561713,1339.8509538350834,0.0,
2021-03-17 20:01:03.750,1,1.5205093314737346,1329.374997834736,0.0,
2021-03-17 20:01:03.760,1,1.312084606544608,1328.410135729219,0.0,
2021-03-17 20:01:03.770,1,1.3413814573897949,1339.2325059193986,0.0,
2021-03-17 20:01:03.780,1,1.4770458864877782,1326.4447566053193,0.0,
2021-03-17 20:01:03.790,1,1.2875465526399676,1329.843154973802,0.0,
2021-03-17 20:01:03.800,1,1.3178985039220588,1313.4807029531266,0.0,
2021-03-17 20:01:03.810,1,1.0286886309382917,1327.638638719129,0.0,
2021-03-17 20:01:03.820,1,0.9959386243219452,1320.1319540476775,0.0,
2021-03-17 20:01:03.830,1,1.3506588029480664,1320.1647102914771,0.0,
2021-03-17 20:01:03.840,1,1.168819254491315,1332.1901476781086,0.0,
2021-03-17 20:01:03.850,1,1.375567099931548,1322.6870494736659,0.0,
2021-03-17 20:01:03.860,1,1.341944878521156,1314.5122572235446,0.0,
2021-03-17 20:01:03.870,1,1.424866221698596,1323.5844120372467,0.0,
2021-03-17 20:01:03.880,1,0.9750527299674372,1321.5931313393573,0.0,
2021-03-17 20:01:03.890,1,1.042543940196061,1321.5856993612838,0.0,
2021-03-17 20:01:03.900,1,1.1776031204535315,1327.1389422223688,0.0,
2021-03-17 20:01:03.910,1,1.32118621247651,1318.9030713692534,0.0,
2021-03-17 20:01:03.920,1,1.1486485700335782,1315.6644992811434,0.0,
2021-03-17 20:01:03.930,1,1.2721842897975828,1333.4558455661254,0.0,
2021-03-17 20:01:03.940,1,1.3271034119265983,1319.0601368231435,0.0,
2021-03-17 20:01:03.950,1,1.3009610886928642,1319.9304276209891,0.0,
2021-03-17 20:01:03.960,1,1.1889758015049363,1314.520329287774,0.0,
2021-03-17 20:01:03.970,1,1.1065281345737763,1321.8984140471691,0.0,
2021-03-17 20:01:03.980,1,0.9270642279295224,1309.4089493093636,0.0,
2021-03-17 20:01:03.990,1,1.2234569458361333,1312.0527622210748,0.0,
2021-03-17 20:01:04.000,1,1.304498836338163,1315.8399176410105,0.0,
2021-03-17 20:01:04.010,1,1.1628519783538278,1320.605577881272,0.0,
2021-03-17 20:01:04.020,1,1.2764063314722045,1319.1968392614287,0.0,
2021-03-17 20:01:04.030,1,1.3009989365428931,1300.465579784563,0.0,
2021-03-17 20:01:04.040,1,1.298438328763518,1310.5034254432492,0.0,
2021-03-17 20:01:04.050,1,1.2089752310011002,1317.6265625152428,0.0,
2021-03-17 20:01:04.060,1,1.2067049806220715,1317.3669742688808,0.0,
2021-03-17 20:01:04.070,1,1.0856699446371874,1311.9144470295107,0.0,
2021-03-17 20:01:04.080,1,1.1363282850512535,1319.9023081926714,0.0,
2021-03-17 20:01:04.090,1,1.2022608359206546,1306.010462092672,0.0,
2021-03-17 20:01:04.100,1,0.9610930493908206,1319.371993768531,0.0,
2021-03-17 20:01:04.110,1,0.9473365405594352,1311.781065460388,0.0,
2021-03-17 20:01:04.120,1,1.2099533837609706,1308.2851539805542,0.0,
2021-03-17 20:01:04.130,1,0.9465785736943222,1330.7140275324616,0.0,
2021-03-17 20:01:04.140,1,1.0828101310604703,1318.917466216715,0.0,
2021-03-17 20:01:04.150,1,1.1417701814651873,1309.777509073466,0.0,
2021-03-17 20:01:04.160,1,1.2861441170719663,1326.7009485665546,0.0,
2021-03-17 20:01:04.170,1,1.163523841629598,1324.6112273872106,0.0,
2021-03-17 20:01:04.180,1,1.0464198620687508,1325.6780451537406,0.0,
2021-03-17 20:01:04.190,1,1.3176626650450491,1324.8657578782545,0.0,
2021-03-17 20:01:04.200,1,0.981800911464914,1317.2552327885332,0.0,
2021-03-17 20:01:04.210,1,0.9427070375795064,1315.4367039354725,0.0,
2021-03-17 20:01:04.220,1,0.9928221230760798,1332.7083106230791,0.0,
2021-03-17 20:01:04.230,1,1.0798214529265775,1316.0419921188518,0.0,
2021-03-17 20:01:04.240,1,0.9972107937274456,1317.662079901892,0.0,
2021-03-17 20:01:04.250,1,1.036570033508692,1323.6493384840564,0.0,
2021-03-17 20:01:04.260,1,0.998991710890172,1325.2737122179926,0.0,
2021-03-17 20:01:04.270,1,1.1516114587449344,1313.1449386509576,0.0,
2021-03-17 20:01:04.280,1,1.2703481628204345,1315.930365181528,0.0,
2021-03-17 20:01:04.290,1,1.0822751670554631,1331.4748773658102,0.0,
2021-03-17 20:01:04.300,1,1.4051941306893112,1326.3505349454338,0.0,
2021-03-17 20:01:04.310,1,1.3666267705162736,1313.0449623322047,0.0,
2021-03-17 20:01:04.320,1,1.2625432242329622,1328.5668302484014,0.0,
2021-03-17 20:01:04.330,1,1.3198004180575358,1335.964190874126,0.0,
2021-03-17 20:01:04.340,1,1.1789763497340446,1319.7483769103576,0.0,
2021-03-17 20:01:04.350,1,1.2496428773748345,1337.2772987069952,0.0,
2021-03-17 20:01:04.360,1,1.0837310432615548,1338.971252758432,0.0,
2021-03-17 20:01:04.370,1,1.1015538667313904,1336.4435815932745,0.0,
2021-03-17 20:01:04.380,1,1.0825495396573754,1340.2265865616494,0.0,
2021-03-17 20:01:04.390,1,1.325336448631311,1334.7967520550794,0.0,
2021-03-17 20:01:04.400,1,1.30137023157959,1344.0573184376892,0.0,
2021-03-17 20:01:04.410,1,1.2060496326972845,1344.676179923937,0.0,
2021-03-17 20:01:04.420,1,1.0491599033927093,1329.2226454763447,0.0,
2021-03-17 20:01:04.430,1,1.133300419446884,1350.923646127196,0.0,
2021-03-17 20:01:04.440,1,1.2160993057470677,1344.7754877583668,0.0,
2021-03-17 20:01:04.450,1,1.1022009200890803,1346.8591416109707,0.0,
2021-03-17 20:01:04.460,1,1.4115607794245824,1349.4779256543409,0.0,
2021-03-17 20:01:04.470,1,1.4382497419579083,1346.2035485162116,0.0,
2021-03-17 20:01:04.480,1,1.2831005424545212,1337.0733628252901,0.0,
2021-03-17 20:01:04.490,1,1.4151659882087932,1338.9033111945841,0.0,
2021-03-17 20:01:04.500,1,1.233772145777911,1346.1681438611192,0.0,
2021-03-17 20:01:04.510,1,1.4698098989885595,1369.6233560174712,0.0,
2021-03-17 20:01:04.520,1,1.381371918043233,1355.05981869306,0.0,
2021-03-17 20:01:04.530,1,1.2781883474283893,1352.2109828868902,0.0,
2021-03-17 20:01:04.540,1,1.4252736584638015,1354.1121161918256,0.0,
2021-03-17 20:01:04.550,1,1.2808730771628452,1351.5236129923649,0.0,
2021-03-17 20:01:04.560,1,1.0247527693975562,1367.057991991817,0.0,
2021-03-17 20:01:04.570,1,1.4633989007949963,1361.759247745174,0.0,
2021-03-17 20:01:04.580,1,1.293855849495745,1349.2979969322016,0.0,
2021-03-17 20:01:04.590,1,1.4802843768227678,1356.9304721886756,0.0,
2021-03-17 20:01:04.600,1,1.3890047497845008,1359.2516398870025,0.0,
2021-03-17 20:01:04.610,1,1.198948351733626,1372.9476874521483,0.0,
2021-03-17 20:01:04.620,1,1.0574764984854834,1363.1433423183541,0.0,
2021-03-17 20:01:04.630,1,1.2113525526386315,1359.4102499694145,0.0,
2021-03-17 20:01:04.640,1,1.0538420915552988,1360.9724595740968,0.0,
2021-03-17 20:01:04.650,1,1.4050858050284925,1353.2792176031776,0.0,
2021-03-17 20:01:04.660,1,1.0741176827429346,1361.199427557477,0.0,
2021-03-17 20:01:04.670,1,1.5292274031567414,1358.5233613036025,0.0,
2021-03-17 20:01:04.680,1,1.2437039429480024,1357.295531665726,0.0,
2021-03-17 20:01:04.690,1,1.383429335307938,1357.1853326258695,0.0,
2021-03-17 20:01:04.700,1,1.4912455688311026,1355.278511221763,0.0,
2021-03-17 20:01:04.710,1,1.4295436132345964,1364.0657700862887,0.0,
2021-03-17 20:01:04.720,1,1.3370701915445005,1353.0475467907672,0.0,
2021-03-17 20:01:04.730,1,1.3481609330683832,1347.115809386961,0.0,
2021-03-17 20:01:04.740,1,1.0707763416968403,1360.9757314661315,0.0,
2021-03-17 20:01:04.750,1,1.0726251615350262,1357.5884491759346,0.0,
2021-03-17 20:01:04.760,1,1.1989884618130202,1347.1977722164806,0.0,
2021-03-17 20:01:04.770,1,1.0226416476733604,1364.362055707776,0.0,
2021-03-17 20:01:04.780,1,1.3024891248532813,1359.6926912615331,0.0,
2021-03-17 20:01:04.790,1,1.2929568520457624,1343.6738333766605,0.0,
2021-03-17 20:01:04.800,1,1.1815820697626995,1364.4565429533945,0.0,
2021-03-17 20:01:04.810,1,1.293999605734833,1348.3255616601089,0.0,
2021-03-17 20:01:04.820,1,1.1703774891873882,1350.1301506838706,0.0,
2021-03-17 20:01:04.830,1,1.2581841273588243,1353.3464491324046,0.0,
2021-03-17 20:01:04.840,1,1.1999694891462267,1353.571411614706,0.0,
2021-03-17 20:01:04.850,1,1.2089073322971269,1347.1979961973939,0.0,
2021-03-17 20:01:04.860,1,1.192002168289826,1345.463603197596,0.0,
2021-03-17 20:01:04.870,1,1.3232033692716856,1352.682558590369,0.0,
2021-03-17 20:01:04.880,1,1.0693526156130873,1351.352199336807,0.0,
2021-03-17 20:01:04.890,1,1.1042500408104858,1343.3982306424514,0.0,
2021-03-17 20:01:04.900,1,1.3588300053100355,1338.968933514701,0.0,
2021-03-17 20:01:04.910,1,1.1049074401738643,1344.9127097562116,0.0,
2021-03-17 20:01:04.920,1,1.2791122534954902,1333.7142664571859,0.0,
2021-03-17 20:01:04.930,1,1.011256706670886,1341.0437711129484,0.0,
2021-03-17 20:01:04.940,1,1.3397397359505543,1350.136640252724,0.0,
2021-03-17 20:01:04.950,1,1.1154164306658454,1342.7260330095207,0.0,
2021-03-17 20:01:04.960,1,1.333809154215679,1338.478710826627,0.0,
2021-03-17 20:01:04.970,1,0.960038977399984,1342.7454055141236,0.0,
2021-03-17 20:01:04.980,1,0.8956699941643548,1351.7306064215695,0.0,
2021-03-17 20:01:04.990,1,1.0683488004875787,1341.1239906929136,0.0,
2021-03-17 20:01:05.000,0,0.8912731261102266,1328.7108611139274,0.0,
2021-03-17 20:01:05.010,0,1.01111420025152,1331.9121079456504,0.0,
2021-03-17 20:01:05.020,0,1.2465754300428338,1333.7874204839318,0.0,
2021-03-17 20:01:05.030,0,1.2666364609615302,1324.2950071505675,0.0,
2021-03-17 20:01:05.040,0,1.0351510752740505,1326.9409127345814,0.0,
2021-03-17 20:01:05.050,0,1.3086496199102842,1332.6790322542427,0.0,
2021-03-17 20:01:05.060,0,1.2294182483164529,1325.9971255605549,0.0,
2021-03-17 20:01:05.070,0,1.2385917566488167,1336.9688200172207,0.0,
2021-03-17 20:01:05.080,0,1.0711812030949983,1304.9839819485326,0.0,
2021-03-17 20:01:05.090,0,1.1370478557898465,1328.8687081313064,0.0,
2021-03-17 20:01:05.100,0,1.0038918570888973,1314.2110044738315,0.0,
2021-03-17 20:01:05.110,0,1.3256058108000908,1327.9343820594204,0.0,
2021-03-17 20:01:05.120,0,1.2425113282131903,1320.248109254733,0.0,
2021-03-17 20:01:05.130,0,1.2655475562186909,1296.230516883366,0.0,
2021-03-17 20:01:05.140,0,1.004115749429626,1269.0599539347268,0.0,
2021-03-17 20:01:05.150,0,0.9758640849724688,1238.596683897715,0.0,
2021-03-17 20:01:05.160,0,1.1992585455192777,1205.8044262485741,0.0,
2021-03-17 20:01:05.170,0,1.038433568174864,1150.8589127576452,0.0,
2021-03-17 20:01:05.180,0,1.0425689658571076,1098.4139226574653,0.0,
2021-03-17 20:01:05.190,0,1.0450873516007264,1044.800081468135,0.0,
2021-03-17 20:01:05.200,0,1.0136714869090184,980.9511341700174,0.0,
2021-03-17 20:01:05.210,0,0.7763265767359351,932.0691466918644,0.0,
2021-03-17 20:01:05.220,0,0.8187530379383449,865.1610287342639,0.0,
2021-03-17 20:01:05.230,0,0.8530097497362756,809.0916702380272,0.0,
2021-03-17 20:01:05.240,0,0.7220965277706892,750.8084812669052,0.0,
2021-03-17 20:01:05.250,0,0.5809468820710069,696.9709652902815,0.0,
2021-03-17 20:01:05.260,0,0.5750849102029831,648.4276037007147,0.0,
2021-03-17 20:01:05.270,0,0.6403704240113101,591.7346978917569,0.0,
2021-03-17 20:01:05.280,0,0.4886345914273352,545.6372676975235,0.0,
2021-03-17 20:01:05.290,0,0.390324037845307,493.8016932634826,0.0,
2021-03-17 20:01:05.300,0,0.4308338757668766,454.3977878343212,0.0,
2021-03-17 20:01:05.310,0,0.2979184763088608,404.3670840001397,0.0,
2021-03-17 20:01:05.320,0,0.3393396273711197,364.5166651359562,0.0,
2021-03-17 20:01:05.330,0,0.3191575191508042,325.15846480030814,1.0,
2021-03-17 20:01:05.340,0,0.2450624789052454,291.89352787360014,1.0,
2021-03-17 20:01:05.350,0,0.2503276207035873,257.0059605443385,1.0,
2021-03-17 20:01:05.360,0,0.1764512562766783,226.82375336408455,1.0,
2021-03-17 20:01:05.370,0,0.164066041179306,197.996604565056,1.0,
2021-03-17 20:01:05.380,0,0.1684854148301324,171.09169813519213,1.0,
2021-03-17 20:01:05.390,0,0.1604139171770161,147.04318593002503,2.0,
2021-03-17 20:01:05.400,0,0.1010864928924999,126.35258149384129,2.0,
2021-03-17 20:01:05.410,0,0.1020843817490085,105.87300638801092,2.0,
2021-03-17 20:01:05.420,0,0.0867136391478729,87.76874899888014,2.0,
2021-03-17 20:01:05.430,0,0.0604900263654102,71.46633288292125,2.0,
2021-03-17 20:01:05.440,0,0.0661528278015934,57.20498602606875,2.0,
2021-03-17 20:01:05.450,0,0.0377196997722868,43.76027690726906,2.0,
2021-03-17 20:01:05.460,0,0.0347272465840614,32.304989573736144,2.0,
2021-03-17 20:01:05.470,0,0.028059971996279,22.2938474789186,2.0,
2021-03-17 20:01:05.480,0,0.0113558100725347,13.391236854805749,2.0,
2021-03-17 20:01:05.490,0,0.0080594495137119,5.6903964403648075,2.0,
2021-03-17 20:01:05.500,0,4.167089026166837e-05,0.0,2.0,
2021-03-17 20:01:05.510,0,-0.0041139483920618,0.0,2.0,
2021-03-17 20:01:05.520,0,-0.0164572806829617,0.0,2.0,
2021-03-17 20:01:05.530,0,-0.021138406286358,0.0,2.0,
2021-03-17 20:01:05.540,0,-0.0216633882098069,0.0,2.0,
2021-03-17 20:01:05.550,0,-0.0264373206115694,0.0,2.0,
2021-03-17 20:01:05.560,0,-0.0234743135455632,0.0,2.0,
2021-03-17 20:01:05.570,0,-0.0256747311776604,0.0,2.0,
2021-03-17 20:01:05.580,0,-0.0299537589145979,0.0,2.0,
2021-03-17 20:01:05.590,0,-0.0282907694764882,0.0,2.0,
2021-03-17 20:01:05.600,0,-0.0302520722035612,0.0,2.0,
2021-03-17 20:01:05.610,0,-0.0284038596430344,0.0,2.0,
2021-03-17 20:01:05.620,0,-0.0284713992092668,0.0,2.0,
2021-03-17 20:01:05.630,0,-0.0398047364803313,0.0,2.0,
2021-03-17 20:01:05.640,0,-0.0285986462516128,0.0,2.0,
2021-03-17 20:01:05.650,0,-0.0348213147538187,0.0,2.0,
2021-03-17 20:01:05.660,0,-0.0191627140798483,0.0,2.0,
2021-03-17 20:01:05.670,0,-0.0234953104424505,0.0,2.0,
2021-03-17 20:01:05.680,0,-0.018919584917453,0.0,2.0,
2021-03-17 20:01:05.690,0,-0.0215747222610288,0.0,2.0,
2021-03-17 20:01:05.700,0,-0.0290914343579982,0.0,2.0,
2021-03-17 20:01:05.710,0,-0.0214514341705155,0.0,2.0,
2021-03-17 20:01:05.720,0,-0.0153413943775831,0.0,2.0,
2021-03-17 20:01:05.730,0,-0.0149714822194022,0.0,2.0,
2021-03-17 20:01:05.740,0,-0.0189954198842786,0.0,2.0,
2021-03-17 20:01:05.750,0,-0.010236332959058,0.0,2.0,
2021-03-17 20:01:05.760,0,-0.0167737492178325,0.0,2.0,
2021-03-17 20:01:05.770,0,-0.0127740496414324,0.0,2.0,
2021-03-17 20:01:05.780,0,-0.0159083178846433,0.0,2.0,
2021-03-17 20:01:05.790,0,-0.0080576299670317,0.0,2.0,
2021-03-17 20:01:05.800,0,-0.0047639005317985,0.0,2.0,
2021-03-17 20:01:05.810,0,-0.0029046620293601,0.0,2.0,
2021-03-17 20:01:05.820,0,-0.0018088953032624,0.0,2.0,
2021-03-17 20:01:05.830,0,-0.0067563304909899,0.0,2.0,
2021-03-17 20:01:05.840,0,-0.0107622481528185,0.0,2.0,
2021-03-17 20:01:05.850,0,-0.0086047400644888,0.0,2.0,
2021-03-17 20:01:05.860,0,-0.0014186062213898,0.0,2.0,
2021-03-17 20:01:05.870,0,0.0001908629184981,0.0,2.0,
2021-03-17 20:01:05.880,0,-0.0017367730580349,0.0,2.0,
2021-03-17 20:01:05.890,0,0.0011366854498983,0.0,2.0,
2021-03-17 20:01:05.900,0,-0.0020632551266133,0.0,2.0,
2021-03-17 20:01:05.910,0,-0.0059793927642222,0.0,2.0,
2021-03-17 20:01:05.920,0,0.002239010514701,0.0,2.0,
2021-03-17 20:01:05.930,0,-0.0005022330390545,0.0,2.0,
2021-03-17 20:01:05.940,0,-0.0021403496850819,0.0,2.0,
2021-03-17 20:01:05.950,0,-0.002199161958718,0.0,2.0,
2021-03-17 20:01:05.960,0,0.0052553479826249,0.0,2.0,
2021-03-17 20:01:05.970,0,0.0047916009328293,0.0,2.0,
2021-03-17 20:01:05.980,0,-0.00013033947253100002,0.0,2.0,
2021-03-17 20:01:05.990,0,-0.0023982049487905,0.0,2.0,
2021-03-17 20:01:06.000,0,-0.0094529390870268,0.0769209204474375,2.0,
2021-03-17 20:01:06.010,0,0.0053405740021956,0.180820588418194,2.0,
2021-03-17 20:01:06.020,0,-0.0065654546426743,0.2655730680219001,2.0,
2021-03-17 20:01:06.030,0,0.0051962895904928,0.3381581096488694,2.0,
2021-03-17 20:01:06.040,0,7.41013308840854e-05,0.3974116096189837,2.0,
2021-03-17 20:01:06.050,0,0.0011916595528541,0.439935249750005,2.0,
2021-03-17 20:01:06.060,0,0.000582522044416,0.4707699352616519,2.0,
2021-03-17 20:01:06.070,0,-2.534018061052805e-05,0.4984713726664521,2.0,
2021-03-17 20:01:06.080,0,-0.0010353618027055,0.516863425174802,2.0,
2021-03-17 20:01:06.090,0,0.005870786147646,0.5198607112847201,2.0,
2021-03-17 20:01:06.100,0,0.0003342481410024,0.5268916497242222,2.0,
2021-03-17 20:01:06.110,0,-0.0011378914473003,0.5284606996651563,2.0,
2021-03-17 20:01:06.120,0,0.0040758419006748,0.5157928196255359,2.0,
2021-03-17 20:01:06.130,0,0.0059449141700706,0.5082963768393498,2.0,
2021-03-17 20:01:06.140,0,-0.0021674093490694,0.4929114320624873,2.0,
2021-03-17 20:01:06.150,0,0.0013688425901247,0.4744781767547948,2.0,
2021-03-17 20:01:06.160,0,-0.0019753871268909,0.4563544722557544,2.0,
2021-03-17 20:01:06.170,0,-0.0017364535331549,0.4377145358275139,2.0,
2021-03-17 20:01:06.180,0,-0.0031158087963590003,0.4166182413487906,2.0,
2021-03-17 20:01:06.190,0,0.0013064574088379,0.3934476684335521,2.0,
2021-03-17 20:01:06.200,0,0.0077396262324078,0.3719292516504051,2.0,
2021-03-17 20:01:06.210,0,-0.0017304431285758,0.3519303300200079,2.0,
2021-03-17 20:01:06.220,0,0.005337157157111,0.3248221993804063,2.0,
2021-03-17 20:01:06.230,0,-0.0033962469185754,0.306182618211215,2.0,
2021-03-17 20:01:06.240,0,-0.0065382580734311,0.2803459651613871,2.0,
2021-03-17 20:01:06.250,0,-0.0006699169684632,0.2614177640883871,2.0,
2021-03-17 20:01:06.260,0,-0.0053954815314973,0.238357628024871,2.0,
2021-03-17 20:01:06.270,0,-0.0017487670700350002,0.2196041589454437,2.0,
2021-03-17 20:01:06.280,0,0.0014159230572941,0.2014602512590038,2.0,
2021-03-17 20:01:06.290,0,0.0005317331544952,0.1816662229948993,2.0,
2021-03-17 20:01:06.300,0,0.0027311096660163,0.1630642687092063,2.0,
2021-03-17 20:01:06.310,0,0.0036008183399659,0.1470897552307603,2.0,
2021-03-17 20:01:06.320,0,0.0009923031618896,0.1318779732912883,2.0,
2021-03-17 20:01:06.330,0,0.003486175839805,0.1174316435159568,2.0,
2021-03-17 20:01:06.340,0,0.0021403889761995,0.1040156990319392,2.0,
2021-03-17 20:01:06.350,0,0.0055114866160536,0.0920487828400139,2.0,
2021-03-17 20:01:06.360,0,0.0005371384522884,0.0804396256187445,2.0,
2021-03-17 20:01:06.370,0,0.0004759371176887,0.0698429454021733,2.0,
2021-03-17 20:01:06.380,0,0.0010366758052692,0.0601792376418658,2.0,
2021-03-17 20:01:06.390,0,0.0010157911205429,0.0510130192741999,2.0,
2021-03-17 20:01:06.400,0,-0.0022580918182205,0.0431056869608496,2.0,
2021-03-17 20:01:06.410,0,0.002196416153089,0.035541570510535005,2.0,
2021-03-17 20:01:06.420,0,-0.0021180049832243,0.0290852985944371,2.0,
2021-03-17 20:01:06.430,0,-0.0029676303167896,0.0230597740421256,2.0,
2021-03-17 20:01:06.440,0,-0.0031702662837985,0.017886343468036,2.0,
2021-03-17 20:01:06.450,0,0.0034230141256719995,0.0132162170999648,2.0,
2021-03-17 20:01:06.460,0,0.0048571805436792,0.0090722194796832,2.0,
2021-03-17 20:01:06.470,0,0.0024921241069126,0.0053770111652519,2.0,
2021-03-17 20:01:06.480,0,-0.0003226408361321,0.0023102512442627,2.0,
2021-03-17 20:01:06.490,0,0.0030306745324854,0.0,2.0,
2021-03-17 20:01:06.500,0,-0.0039660251327783,0.0,2.0,
2021-03-17 20:01:06.510,0,-0.0012173679085075,0.0,2.0,
2021-03-17 20:01:06.520,0,-0.0002872600896005,0.0,2.0,
2021-03-17 20:01:06.530,0,0.004159994750424,0.0,2.0,
2021-03-17 20:01:06.540,0,-0.0003409873869943,0.0,2.0,
2021-03-17 20:01:06.550,0,0.0016804713711063,0.0,2.0,
2021-03-17 20:01:06.560,0,-0.005079487524833,0.0,2.0,
2021-03-17 20:01:06.570,0,-0.0011133195711194,0.0,2.0,
2021-03-17 20:01:06.580,0,0.0008527519648285,0.0,2.0,
2021-03-17 20:01:06.590,0,0.0081663264665974,0.0,2.0,
2021-03-17 20:01:06.600,0,-0.0028846593923801,0.0,2.0,
2021-03-17 20:01:06.610,0,0.0015566223419967,0.0,2.0,
2021-03-17 20:01:06.620,0,-0.0041037499622244,0.0,2.0,
2021-03-17 20:01:06.630,0,0.0030908660592691,0.0,2.0,
2021-03-17 20:01:06.640,0,-0.0075565377674843,0.0,2.0,
2021-03-17 20:01:06.650,0,0.0031244973872357,0.0,2.0,
2021-03-17 20:01:06.660,0,-0.0008590792764701,0.0,2.0,
2021-03-17 20:01:06.670,0,-0.0039646138241735,0.0,2.0,
2021-03-17 20:01:06.680,0,0.0011438809059045,0.0,2.0,
2021-03-17 20:01:06.690,0,0.0042648763761309,0.0,2.0,
2021-03-17 20:01:06.700,0,-0.0011252773148115,0.0,2.0,
2021-03-17 20:01:06.710,0,-0.0100375082677291,0.0,2.0,
2021-03-17 20:01:06.720,0,-0.0003255563933361,0.0,2.0,
2021-03-17 20:01:06.730,0,0.0036872032205086,0.0,2.0,
2021-03-17 20:01:06.740,0,-0.0027787174489869,0.0,2.0,
2021-03-17 20:01:06.750,0,-0.0024483433258188,0.0,2.0,
2021-03-17 20:01:06.760,0,-0.0030012132378067,0.0,2.0,
2021-03-17 20:01:06.770,0,-0.0022633456010149,0.0,2.0,
2021-03-17 20:01:06.780,0,-0.0034866806389119,0.0,2.0,
2021-03-17 20:01:06.790,0,-0.0050566666714553,0.0,2.0,
2021-03-17 20:01:06.800,0,0.0002671338699389,0.0,2.0,
2021-03-17 20:01:06.810,0,-0.000937499170191,0.0,2.0,
2021-03-17 20:01:06.820,0,-0.0040232957859045,0.0,2.0,
2021-03-17 20:01:06.830,0,-0.0006153586508771,0.0,2.0,
2021-03-17 20:01:06.840,0,-0.0004689241321859,0.0,2.0,
2021-03-17 20:01:06.850,0,0.0026692905375049,0.0,2.0,
2021-03-17 20:01:06.860,0,0.0039907941379564,0.0,2.0,
2021-03-17 20:01:06.870,0,-0.0057173502703344,0.0,2.0,
2021-03-17 20:01:06.880,0,0.0021405069379828,0.0,2.0,
2021-03-17 20:01:06.890,0,-0.0024422474838008,0.0,2.0,
2021-03-17 20:01:06.900,0,0.0003112122088515,0.0,2.0,
2021-03-17 20:01:06.910,0,-7.87899336882161e-06,0.0,2.0,
2021-03-17 20:01:06.920,0,0.0006573864847952,0.0,2.0,
2021-03-17 20:01:06.930,0,-0.0045224875640371,0.0,2.0,
2021-03-17 20:01:06.940,0,0.0013195692801311,0.0,2.0,
2021-03-17 20:01:06.950,0,0.0045119634042880006,0.0,2.0,
2021-03-17 20:01:06.960,0,-0.0006389936869042,0.0,2.0,
2021-03-17 20:01:06.970,0,0.0024288983659311,0.0,2.0,
2021-03-17 20:01:06.980,0,0.0015349802473924,0.0,2.0,
2021-03-17 20:01:06.990,0,0.0003160844099649,3.094384022710185e-05,2.0,
2021-03-17 20:01:07.000,0,0.0079617530275581,7.190513358870318e-05,2.0,
2021-03-17 20:01:07.010,0,0.0018319603152869,0.0001062454752699,2.0,
2021-03-17 20:01:07.020,0,0.0006972777094864,0.0001347898793721,2.0,
2021-03-17 20:01:07.030,0,-0.0006124958545817,0.0001582002622881,2.0,
2021-03-17 20:01:07.040,0,0.0003711670422917,0.00017455566655400002,2.0,
2021-03-17 20:01:07.050,0,9.741670388923436e-06,0.0001892974119061,2.0,
2021-03-17 20:01:07.060,0,-0.0022283988872996,0.0001980280756989,2.0,
2021-03-17 20:01:07.070,0,0.0019365965500224,0.000205343434259,2.0,
2021-03-17 20:01:07.080,0,0.0005424193260955,0.0002100069887509,2.0,
2021-03-17 20:01:07.090,0,-0.0027689689687369,0.0002094119193183,2.0,
2021-03-17 20:01:07.100,0,-0.0003388677373832,0.0002069500792253,2.0,
2021-03-17 20:01:07.110,0,0.0013862732836083,0.0002077771807137,2.0,
2021-03-17 20:01:07.120,0,-0.0062370549798117,0.0002007421059839,2.0,
2021-03-17 20:01:07.130,0,-0.004193689220267,0.0001956483803469,2.0,
2021-03-17 20:01:07.140,0,0.0057147617550096,0.0001892127578353,2.0,
2021-03-17 20:01:07.150,0,-0.0006225952869392,0.0001813588917158,2.0,
2021-03-17 20:01:07.160,0,0.0024967571900674,0.000172621459537,2.0,
2021-03-17 20:01:07.170,0,-0.0026517985528133,0.0001666730423996,2.0,
2021-03-17 20:01:07.180,0,-0.0022423086333806,0.0001560831966042,2.0,
2021-03-17 20:01:07.190,0,0.0014659091189466,0.0001463554887684,2.0,
2021-03-17 20:01:07.200,0,-0.0024317944397305,0.0001378369798443,2.0,
2021-03-17 20:01:07.210,0,-0.0055101728642619,0.000128328328057,2.0,
2021-03-17 20:01:07.220,0,-0.0023281154472605,0.0001185658449308,2.0,
2021-03-17 20:01:07.230,0,-0.0004546563864145,0.0001107711160169,2.0,
2021-03-17 20:01:07.240,0,-0.004953222647697,0.0001019374720719,2.0,
2021-03-17 20:01:07.250,0,0.0016042300705257,9.473612769655752e-05,2.0,
2021-03-17 20:01:07.260,0,0.0032025213592734,8.687388065470763e-05,2.0,
2021-03-17 20:01:07.270,0,0.0014298989685262,7.806878898448952e-05,2.0,
2021-03-17 20:01:07.280,0,0.0040023334438417,7.173088281369802e-05,2.0,
2021-03-17 20:01:07.290,0,0.0007675934015705,6.419592771884203e-05,2.0,
2021-03-17 20:01:07.300,0,0.0012551312809829,5.7696753117181897e-05,2.0,
2021-03-17 20:01:07.310,0,0.0033551296949163,5.182296978274325e-05,2.0,
2021-03-17 20:01:07.320,0,-0.0034537368189789,4.636030078907594e-05,2.0,
2021-03-17 20:01:07.330,0,-0.0020015870164915,4.0771435950165615e-05,2.0,
2021-03-17 20:01:07.340,0,0.0073968260709212,3.61582001919896e-05,2.0,
2021-03-17 20:01:07.350,0,0.0038480750364574,3.149189603057628e-05,2.0,
2021-03-17 20:01:07.360,0,0.0030892967522274,2.7240957104720006e-05,2.0,
2021-03-17 20:01:07.370,0,-0.0014140111773184,2.3386474081919957e-05,2.0,
2021-03-17 20:01:07.380,0,0.0002277243630488,2.0247283295148436e-05,2.0,
2021-03-17 20:01:07.390,0,-0.0008214040108069999,1.6797974482835542e-05,1.0,
2021-03-17 20:01:07.400,0,-0.0033684524116767,1.3845797252869903e-05,1.0,
2021-03-17 20:01:07.410,0,-0.0008534517404912,1.14364135311515e-05,1.0,
2021-03-17 20:01:07.420,0,-0.0034012007123215,9.149502014407056e-06,1.0,
2021-03-17 20:01:07.430,0,-0.0027315064427075,7.020078224245427e-06,1.0,
2021-03-17 20:01:07.440,0,-0.008592278281249,5.1900288930314215e-06,1.0,
2021-03-17 20:01:07.450,0,0.0010693204734711,3.5998798212961786e-06,1.0,
2021-03-17 20:01:07.460,0,0.0012040353642411,2.1792324461378758e-06,1.0,
2021-03-17 20:01:07.470,0,-0.0049545267012133,9.515385397508881e-07,1.0,
2021-03-17 20:01:07.480,0,0.0011398404601271,0.0,1.0,
2021-03-17 20:01:07.490,0,0.00120353872906,0.0,1.0,
2021-03-17 20:01:07.500,0,0.0023960274412375,0.0,1.0,
2021-03-17 20:01:07.510,0,-0.0024597360694206,0.0,1.0,
2021-03-17 20:01:07.520,0,0.0025667907684764,0.0,1.0,
2021-03-17 20:01:07.530,0,-0.0015673793619098,0.0,1.0,
2021-03-17 20:01:07.540,0,-0.0013282049383564,0.0,1.0,
2021-03-17 20:01:07.550,0,-0.0029856403937795,0.0,1.0,
2021-03-17 20:01:07.560,0,0.0045014669486142,0.0,1.0,
2021-03-17 20:01:07.570,0,0.0088016069434017,0.0,1.0,
2021-03-17 20:01:07.580,0,0.0019129990465367,0.0,1.0,
2021-03-17 20:01:07.590,0,-0.0080875494034331,0.0,1.0,
2021-03-17 20:01:07.600,0,0.0050713775108183,0.0,1.0,
2021-03-17 20:01:07.610,0,-0.0010536117061376,0.0,1.0,
2021-03-17 20:01:07.620,0,-0.002392739983519,0.0,1.0,
2021-03-17 20:01:07.630,0,0.0030949257583336,0.0,1.0,
2021-03-17 20:01:07.640,0,0.0022182297175289,0.0,1.0,
2021-03-17 20:01:07.650,0,-0.005062146688323,0.0,1.0,
2021-03-17 20:01:07.660,0,0.0071678116098603,0.0,1.0,
2021-03-17 20:01:07.670,0,0.0001040308307699,0.0,1.0,
2021-03-17 20:01:07.680,0,-0.0020801872973537,0.0,1.0,
2021-03-17 20:01:07.690,0,0.0042923164034487,0.0,1.0,
2021-03-17 20:01:07.700,0,0.0047472436965789,0.0,1.0,
2021-03-17 20:01:07.710,0,-0.0014734328379872,0.0,1.0,
2021-03-17 20:01:07.720,0,-0.0046720563569905,0.0,1.0,
2021-03-17 20:01:07.730,0,0.003009417192478,0.0,1.0,
2021-03-17 20:01:07.740,0,-0.0019906185132332,0.0,1.0,
2021-03-17 20:01:07.750,0,-0.0023412106639576,0.0,1.0,
2021-03-17 20:01:07.760,0,0.0034794846847971,0.0,1.0,
2021-03-17 20:01:07.770,0,-0.0002805465889174,0.0,1.0,
2021-03-17 20:01:07.780,0,0.000386099225875,0.0,1.0,
2021-03-17 20:01:07.790,0,0.0028172208850811,0.0,1.0,
2021-03-17 20:01:07.800,0,-0.0006128053780632,0.0,1.0,
2021-03-17 20:01:07.810,0,0.0053310013428232,0.0,1.0,
2021-03-17 20:01:07.820,0,-0.0004779345279664,0.0,1.0,
2021-03-17 20:01:07.830,0,-0.0042067574251259,0.0,1.0,
2021-03-17 20:01:07.840,0,0.0035010846989029,0.0,1.0,
2021-03-17 20:01:07.850,0,0.0011036560199403,0.0,1.0,
2021-03-17 20:01:07.860,0,-0.0005394545364956,0.0,1.0,
2021-03-17 20:01:07.870,0,0.0064941894429380006,0.0,1.0,
2021-03-17 20:01:07.880,0,0.0041918747641479,0.0,1.0,
2021-03-17 20:01:07.890,0,0.0029957597222353,0.0,1.0,
2021-03-17 20:01:07.900,0,0.0059092427615336,0.0,1.0,
2021-03-17 20:01:07.910,0,0.0031785729283997,0.0,1.0,
2021-03-17 20:01:07.920,0,-0.0010687221322668,0.0,1.0,
2021-03-17 20:01:07.930,0,-0.0040377929365913,0.0,1.0,
2021-03-17 20:01:07.940,0,0.0031540451904089,0.0,1.0,
2021-03-17 20:01:07.950,0,0.0022820062779955,0.0,1.0,
2021-03-17 20:01:07.960,0,0.0021039355993808,0.0,1.0,
2021-03-17 20:01:07.970,0,-0.0058473505880137,0.0,1.0,
2021-03-17 20:01:07.980,0,0.0028081255935043,9.083202987177302e-09,1.0,
2021-03-17 20:01:07.990,0,0.0006699991714229,2.5459669091504494e-08,1.0,
2021-03-17 20:01:08.000,0,-0.0014988972713888,3.872239608950982e-08,1.0,
2021-03-17 20:01:08.010,0,0.0077115882034386,5.026344853309628e-08,1.0,
2021-03-17 20:01:08.020,0,0.0013474059832480007,5.989711260333436e-08,1.0,
2021-03-17 20:01:08.030,0,-0.0026758764097055,6.684684479710629e-08,1.0,
2021-03-17 20:01:08.040,0,-0.0032358167872326,7.278791589751824e-08,1.0,
2021-03-17 20:01:08.050,0,0.0037664706760893,7.677444058172459e-08,1.0,
2021-03-17 20:01:08.060,0,-0.0021575513944966,7.97311804432525e-08,1.0,
2021-03-17 20:01:08.070,0,-4.094631910847664e-05,8.071794422477511e-08,1.0,
2021-03-17 20:01:08.080,0,0.0029776906789024,8.172475466775839e-08,1.0,
2021-03-17 20:01:08.090,0,-0.0060676724150361,8.183992722717623e-08,1.0,
2021-03-17 20:01:08.100,0,8.409719697575411e-05,8.00671624378966e-08,1.0,
2021-03-17 20:01:08.110,0,-0.0019306629291619,7.878290203299965e-08,1.0,
2021-03-17 20:01:08.120,0,0.0042589520611352,7.650706584727539e-08,1.0,
2021-03-17 20:01:08.130,0,-0.0049206948020190005,7.45377976152493e-08,1.0,
2021-03-17 20:01:08.140,0,0.0011022303904313,7.189464534206881e-08,1.0,
2021-03-17 20:01:08.150,0,0.0055454165144777,6.783291266892897e-08,1.0,
2021-03-17 20:01:08.160,0,-0.0011367929456097,6.502920246716567e-08,1.0,
2021-03-17 20:01:08.170,0,-0.0033900552458992,6.175482473998345e-08,1.0,
2021-03-17 20:01:08.180,0,0.0050147542252451,5.7432465209571324e-08,1.0,
2021-03-17 20:01:08.190,0,0.0004220528235933,5.4494001895510994e-08,1.0,
2021-03-17 20:01:08.200,0,5.0426115741891306e-05,5.0630087308254826e-08,1.0,
2021-03-17 20:01:08.210,0,0.0010715892233411,4.74417724734871e-08,1.0,
2021-03-17 20:01:08.220,0,0.0031216676042338,4.4330416302869535e-08,1.0,
2021-03-17 20:01:08.230,0,0.0040468244459931,4.109379578404092e-08,1.0,
2021-03-17 20:01:08.240,0,0.0047337185009571,3.7158273632909145e-08,1.0,
2021-03-17 20:01:08.250,0,-0.0009502188536263,3.4147782001229084e-08,1.0,
2021-03-17 20:01:08.260,0,-0.0023758818950066,3.146931536979776e-08,1.0,
2021-03-17 20:01:08.270,0,0.0006785299519748,2.8241178000847405e-08,1.0,
2021-03-17 20:01:08.280,0,-0.0017404477905918,2.5708860955891283e-08,1.0,
2021-03-17 20:01:08.290,0,-0.0016517825204229,2.3232010997978046e-08,1.0,
2021-03-17 20:01:08.300,0,0.0004704418343955,2.073082803195996e-08,1.0,
2021-03-17 20:01:08.310,0,-0.0028364074213043,1.8589373454120404e-08,1.0,
2021-03-17 20:01:08.320,0,-0.0029471542569,1.6585321469631077e-08,1.0,
2021-03-17 20:01:08.330,0,-0.0020216044994107,1.4497393250387985e-08,1.0,
2021-03-17 20:01:08.340,0,0.0001640920945126,1.2643144787150766e-08,1.0,
2021-03-17 20:01:08.350,0,0.0037576482046335,1.0955392741276492e-08,1.0,
2021-03-17 20:01:08.360,0,-0.0038585240231748,9.491917972823478e-09,1.0,
2021-03-17 20:01:08.370,0,-0.0006012256652886,8.093112359978551e-09,1.0,
2021-03-17 20:01:08.380,0,-0.0033587502763395,6.81335191612105e-09,1.0,
2021-03-17 20:01:08.390,0,-0.0010930576122121,5.650986712628581e-09,1.0,
2021-03-17 20:01:08.400,0,-0.0032521932225767,4.620460867351088e-09,1.0,
2021-03-17 20:01:08.410,0,-3.2563078042260364e-05,3.711707065528661e-09,1.0,
2021-03-17 20:01:08.420,0,-0.0040728842387345,2.842866047628479e-09,1.0,
2021-03-17 20:01:08.430,0,-0.0010232342665283,2.150154944924433e-09,1.0,
2021-03-17 20:01:08.440,0,0.0008781118594493,1.4958622455322324e-09,1.0,
2021-03-17 20:01:08.450,0,0.0017659539969439,9.144817664775804e-10,1.0,
2021-03-17 20:01:08.460,0,-0.0032489825641689,4.28261166296282e-10,1.0,
2021-03-17 20:01:08.470,0,0.0014787019485549,2.556157046630189e-12,1.0,
2021-03-17 20:01:08.480,0,-0.0029607882198887,0.0,1.0,
2021-03-17 20:01:08.490,0,0.0005507442542912,0.0,1.0,
2021-03-17 20:01:08.500,0,-0.001828578085969,0.0,1.0,
2021-03-17 20:01:08.510,0,0.0007699040901227,0.0,1.0,
2021-03-17 20:01:08.520,0,0.0036938046923125,0.0,1.0,
2021-03-17 20:01:08.530,0,0.0010548218224341,0.0,1.0,
2021-03-17 20:01:08.540,0,-0.0050023154589159,0.0,1.0,
2021-03-17 20:01:08.550,0,-0.00102733287926,0.0,1.0,
2021-03-17 20:01:08.560,0,-0.001415340976482,0.0,1.0,
2021-03-17 20:01:08.570,0,0.0037108974237219,0.0,1.0,
2021-03-17 20:01:08.580,0,-0.0034453443223498,0.0,1.0,
2021-03-17 20:01:08.590,0,0.0011447329048288,0.0,1.0,
2021-03-17 20:01:08.600,0,-0.0040262194744727,0.0,1.0,
2021-03-17 20:01:08.610,0,0.0031444449576691,0.0,1.0,
2021-03-17 20:01:08.620,0,-0.0001423049665159,0.0,1.0,
2021-03-17 20:01:08.630,0,0.0027693432045306,0.0,1.0,
2021-03-17 20:01:08.640,0,-0.0023747863972256,0.0,1.0,
2021-03-17 20:01:08.650,0,0.003861169564741,0.0,1.0,
2021-03-17 20:01:08.660,0,-0.0004534691932668,0.0,1.0,
2021-03-17 20:01:08.670,0,0.0004579664704695,0.0,1.0,
2021-03-17 20:01:08.680,0,-4.172972420370212e-05,0.0,1.0,
2021-03-17 20:01:08.690,0,-0.0095882865319739,0.0,1.0,
2021-03-17 20:01:08.700,0,-0.0032776276794753,0.0,1.0,
2021-03-17 20:01:08.710,0,0.002099508514558,0.0,1.0,
2021-03-17 20:01:08.720,0,-0.0021230323570781,0.0,1.0,
2021-03-17 20:01:08.730,0,-0.0008930249883284,0.0,1.0,
2021-03-17 20:01:08.740,0,0.007051740269936,0.0,1.0,
2021-03-17 20:01:08.750,0,0.0069524453439824,0.0,1.0,
2021-03-17 20:01:08.760,0,0.0018324058580646,0.0,1.0,
2021-03-17 20:01:08.770,0,-0.0011890530366802,0.0,1.0,
2021-03-17 20:01:08.780,0,-0.0021173754434368,0.0,1.0,
2021-03-17 20:01:08.790,0,-0.0033679855403261,0.0,1.0,
2021-03-17 20:01:08.800,0,0.0031528302241042,0.0,1.0,
2021-03-17 20:01:08.810,0,-0.0034259608313459994,0.0,1.0,
2021-03-17 20:01:08.820,0,0.0023011752148922,0.0,1.0,
2021-03-17 20:01:08.830,0,-0.0045743633512092,0.0,1.0,
2021-03-17 20:01:08.840,0,-0.0034902543456843,0.0,1.0,
2021-03-17 20:01:08.850,0,-0.0029441922819261,0.0,1.0,
2021-03-17 20:01:08.860,0,-0.0004340096624301,0.0,1.0,
2021-03-17 20:01:08.870,0,0.0042638239321385,0.0,1.0,
2021-03-17 20:01:08.880,0,-0.003386098921004,0.0,1.0,
2021-03-17 20:01:08.890,0,-0.0011849720566311,0.0,1.0,
2021-03-17 20:01:08.900,0,0.0026435689622215,0.0,1.0,
2021-03-17 20:01:08.910,0,0.0063265826706845,0.0,1.0,
2021-03-17 20:01:08.920,0,0.0042496972344213,0.0,1.0,
2021-03-17 20:01:08.930,0,-0.0025225712102269,0.0,1.0,
2021-03-17 20:01:08.940,0,0.0014085416469893,0.0,1.0,
2021-03-17 20:01:08.950,0,0.0076953894290831,0.0,1.0,
2021-03-17 20:01:08.960,0,0.0007532308175118,0.0,1.0,
2021-03-17 20:01:08.970,0,0.0009535613547372,3.644483264604313e-12,1.0,
2021-03-17 20:01:08.980,0,0.0046867379216285,1.0076066079401923e-11,1.0,
2021-03-17 20:01:08.990,0,-0.0006952742336469999,1.5624467694911412e-11,1.0,
2021-03-17 20:01:09.000,0,0.0023977420293765,2.0105803660108575e-11,1.0,
2021-03-17 20:01:09.010,0,-0.0016233484512255,2.3571507521942843e-11,1.0,
2021-03-17 20:01:09.020,0,-0.0028812759386456,2.672218279718887e-11,1.0,
2021-03-17 20:01:09.030,0,0.0030889081137335,2.880762169466992e-11,1.0,
2021-03-17 20:01:09.040,0,4.995631749326671e-05,3.0442600721656195e-11,1.0,
2021-03-17 20:01:09.050,0,0.0002978147123593,3.159219993197923e-11,1.0,
2021-03-17 20:01:09.060,0,0.0012816187268493,3.228038223108752e-11,1.0,
2021-03-17 20:01:09.070,0,0.0014262742434461,3.2709142013933016e-11,1.0,
2021-03-17 20:01:09.080,0,0.0011794608812788,3.2097790942269206e-11,1.0,
2021-03-17 20:01:09.090,0,0.0004135838399498,3.165627890638564e-11,1.0,
2021-03-17 20:01:09.100,0,0.007875042494746999,3.073504027546057e-11,1.0,
2021-03-17 20:01:09.110,0,0.0049864163789616,3.054651732601368e-11,1.0,
2021-03-17 20:01:09.120,0,-0.0040519010988014,2.927399214029936e-11,1.0,
2021-03-17 20:01:09.130,0,-0.0002106684899918,2.8455625235120395e-11,1.0,
2021-03-17 20:01:09.140,0,-0.0004437634733714,2.69423040354656e-11,1.0,
2021-03-17 20:01:09.150,0,0.0002895269485664,2.566357732530777e-11,1.0,
2021-03-17 20:01:09.160,0,0.0011652524158672,2.441930493015397e-11,1.0,
2021-03-17 20:01:09.170,0,0.000152084150022,2.299450751427554e-11,1.0,
2021-03-17 20:01:09.180,0,0.0006819430436385,2.1509446871857977e-11,1.0,
2021-03-17 20:01:09.190,0,0.003994287882844999,2.0090257637516727e-11,1.0,
2021-03-17 20:01:09.200,0,0.0027552732613847,1.877885759375181e-11,1.0,
2021-03-17 20:01:09.210,0,-0.0038776051182072,1.721092604645726e-11,1.0,
2021-03-17 20:01:09.220,0,0.0016799420976103,1.5999806094264053e-11,1.0,
2021-03-17 20:01:09.230,0,-0.006445178555436,1.464823794494895e-11,1.0,
2021-03-17 20:01:09.240,0,-0.0046291848321743,1.3396008845221623e-11,1.0,
2021-03-17 20:01:09.250,0,0.0028357372305418,1.224475722966417e-11,1.0,
2021-03-17 20:01:09.260,0,0.0018459108022873,1.1131922186755269e-11,1.0,
2021-03-17 20:01:09.270,0,0.0037625638842337,1.0083224385629516e-11,1.0,
2021-03-17 20:01:09.280,0,-0.0018133011093417,9.16983067360045e-12,1.0,
2021-03-17 20:01:09.290,0,-0.004245076694413001,8.102683257913934e-12,1.0,
2021-03-17 20:01:09.300,0,0.0058905334546233,7.2568963638049685e-12,1.0,
2021-03-17 20:01:09.310,0,-0.0022894810243738,6.452862065144696e-12,1.0,
2021-03-17 20:01:09.320,0,0.0013696089432485,5.705813023645911e-12,1.0,
2021-03-17 20:01:09.330,0,0.0030687976088146,4.966382323315772e-12,1.0,
2021-03-17 20:01:09.340,0,-0.001013370976192,4.292813579433343e-12,1.0,
2021-03-17 20:01:09.350,0,0.0006719269725514,3.7008940124699835e-12,1.0,
2021-03-17 20:01:09.360,0,0.0038944250973045,3.1530177963367618e-12,1.0,
2021-03-17 20:01:09.370,0,-0.0010915952955365,2.675141638970021e-12,1.0,
2021-03-17 20:01:09.380,0,0.0035622773022812,2.22854464998452e-12,1.0,
2021-03-17 20:01:09.390,0,0.0007011276719969,1.8234466431561232e-12,1.0,
2021-03-17 20:01:09.400,0,0.0010217527126086,1.4294968339698536e-12,1.0,
2021-03-17 20:01:09.410,0,0.0018106986966397,1.1132538234435271e-12,1.0,
2021-03-17 20:01:09.420,0,0.0027425659634659,8.354715302063565e-13,1.0,
2021-03-17 20:01:09.430,0,-0.0001192830043758,5.822954106723853e-13,1.0,
2021-03-17 20:01:09.440,0,0.000361159831765,3.5673822634641773e-13,1.0,
2021-03-17 20:01:09.450,0,0.0008600036917529,1.6724408609047448e-13,1.0,
2021-03-17 20:01:09.460,0,0.0030636685305997,6.93484368086645e-16,1.0,
2021-03-17 20:01:09.470,0,-0.0018665229644356,0.0,1.0,
2021-03-17 20:01:09.480,0,0.0014493698484358,0.0,1.0,
2021-03-17 20:01:09.490,0,0.0024198742183712,0.0,1.0,
2021-03-17 20:01:09.500,0,0.0015839345814096,0.0,1.0,
2021-03-17 20:01:09.510,0,-0.0029070205153261,0.0,1.0,
2021-03-17 20:01:09.520,0,0.0058327543713076,0.0,1.0,
2021-03-17 20:01:09.530,0,0.0071623969872374,0.0,1.0,
2021-03-17 20:01:09.540,0,0.0003996813390511,0.0,1.0,
2021-03-17 20:01:09.550,0,0.0012159733551545,0.0,1.0,
2021-03-17 20:01:09.560,0,-0.0083470084866675,0.0,1.0,
2021-03-17 20:01:09.570,0,-0.0019815916765194,0.0,1.0,
2021-03-17 20:01:09.580,0,0.0035760828226283,0.0,1.0,
2021-03-17 20:01:09.590,0,-0.0007152357995501,0.0,1.0,
2021-03-17 20:01:09.600,0,-0.0044558898655265,0.0,1.0,
2021-03-17 20:01:09.610,0,-0.0014767926932431,0.0,1.0,
2021-03-17 20:01:09.620,0,-0.0032408156868604,0.0,1.0,
2021-03-17 20:01:09.630,0,0.0003468099087541,0.0,1.0,
2021-03-17 20:01:09.640,0,-0.0002636055245114,0.0,1.0,
2021-03-17 20:01:09.650,0,-0.0031754038649529,0.0,1.0,
2021-03-17 20:01:09.660,0,0.002311810798342,0.0,1.0,
2021-03-17 20:01:09.670,0,0.0030161988125938,0.0,1.0,
2021-03-17 20:01:09.680,0,0.0028714733992255,0.0,1.0,
2021-03-17 20:01:09.690,0,-0.004108991014693,0.0,1.0,
2021-03-17 20:01:09.700,0,-0.0036256960523159,0.0,1.0,
2021-03-17 20:01:09.710,0,-0.0031304979902839,0.0,1.0,
2021-03-17 20:01:09.720,0,0.0010407840942002,0.0,1.0,
2021-03-17 20:01:09.730,0,0.0039782689786117,0.0,1.0,
2021-03-17 20:01:09.740,0,0.0057850085570682,0.0,1.0,
2021-03-17 20:01:09.750,0,0.0047399753631266,0.0,1.0,
2021-03-17 20:01:09.760,0,9.688067136585548e-05,0.0,1.0,
2021-03-17 20:01:09.770,0,-0.0003226433104132,0.0,1.0,
2021-03-17 20:01:09.780,0,-0.002041179421081,0.0,1.0,
2021-03-17 20:01:09.790,0,-0.0018072250001832,0.0,1.0,
2021-03-17 20:01:09.800,0,0.0001466878369989,0.0,1.0,
2021-03-17 20:01:09.810,0,0.0019515077389453,0.0,1.0,
2021-03-17 20:01:09.820,0,0.001868172385811,0.0,1.0,
2021-03-17 20:01:09.830,0,-0.0005401632831660001,0.0,1.0,
2021-03-17 20:01:09.840,0,-0.0050804475220988,0.0,1.0,
2021-03-17 20:01:09.850,0,0.0035982494673323,0.0,1.0,
2021-03-17 20:01:09.860,0,-0.0031682592052365,0.0,1.0,
2021-03-17 20:01:09.870,0,-0.0025568796807049,0.0,1.0,
2021-03-17 20:01:09.880,0,-0.0038119079765991,0.0,1.0,
2021-03-17 20:01:09.890,0,-0.005612566803228001,0.0,1.0,
2021-03-17 20:01:09.900,0,0.0043545517496915,0.0,1.0,
2021-03-17 20:01:09.910,0,0.0028421323955286,0.0,1.0,
2021-03-17 20:01:09.920,0,0.0052589037938855,0.0,1.0,
2021-03-17 20:01:09.930,0,0.0012908423470097,0.0,1.0,
2021-03-17 20:01:09.940,0,0.0028535537383990004,0.0,1.0,
2021-03-17 20:01:09.950,0,-0.0004228610006118,0.0,1.0,
2021-03-17 20:01:09.960,0,-0.0053746637090845,1.429752118772789e-15,1.0,
2021-03-17 20:01:09.970,0,-0.002376611218705,3.9485304526144864e-15,1.0,
2021-03-17 20:01:09.980,0,0.0060492062977448,6.144602636279327e-15,1.0,
2021-03-17 20:01:09.990,0,-0.003319854105966,7.905911216117298e-15,1.0,
2021-03-17 20:01:10.000,0,0.0034333861428093,9.310527370114711e-15,1.0,
2021-03-17 20:01:10.010,0,-0.0026784088391254,1.0474108122798469e-14,1.0,
2021-03-17 20:01:10.020,0,0.0012628926361205,1.1298918866266107e-14,1.0,
2021-03-17 20:01:10.030,0,0.0019564623579762,1.1906008065892105e-14,1.0,
2021-03-17 20:01:10.040,0,-0.0064248669121176,1.2402365678101527e-14,1.0,
2021-03-17 20:01:10.050,0,0.0026037875071828,1.2689661566132862e-14,1.0,
2021-03-17 20:01:10.060,0,-0.0012377423828817,1.2853990472406316e-14,1.0,
2021-03-17 20:01:10.070,0,0.0012433855216487,1.2859985544782631e-14,1.0,
2021-03-17 20:01:10.080,0,-0.0014763430515079,1.2716935866044222e-14,1.0,
2021-03-17 20:01:10.090,0,0.0035698874584762,1.222609464037546e-14,1.0,
2021-03-17 20:01:10.100,0,-0.0021879446140553,1.2082821703423636e-14,1.0,
2021-03-17 20:01:10.110,0,0.0044155981142522,1.1640175273874629e-14,1.0,
2021-03-17 20:01:10.120,0,0.0008288398774956,1.1243263842834035e-14,1.0,
2021-03-17 20:01:10.130,0,0.0022517107144627,1.0773721682356717e-14,1.0,
2021-03-17 20:01:10.140,0,-0.0011057183813369,1.0288351992065918e-14,1.0,
2021-03-17 20:01:10.150,0,-0.0050371499461243,9.750678059309463e-15,1.0,
2021-03-17 20:01:10.160,0,-0.0021475460241824,9.224291657319212e-15,1.0,
2021-03-17 20:01:10.170,0,0.0068837162103513,8.606225297462471e-15,1.0,
2021-03-17 20:01:10.180,0,-0.0039279285258359,8.108120860186522e-15,1.0,
2021-03-17 20:01:10.190,0,-0.0012649974605897,7.453479564789696e-15,1.0,
2021-03-17 20:01:10.200,0,-0.0024088225199914,7.0070646908163115e-15,1.0,
2021-03-17 20:01:10.210,0,-0.0005639869529409,6.436746644799979e-15,1.0,
2021-03-17 20:01:10.220,0,-0.0023433719811101,5.952199882189987e-15,1.0,
2021-03-17 20:01:10.230,0,0.0002526861008518,5.486785283094984e-15,1.0,
2021-03-17 20:01:10.240,0,-0.0018314842831159,4.944992731004005e-15,1.0,
2021-03-17 20:01:10.250,0,0.007185981049591998,4.4754680003562974e-15,1.0,
2021-03-17 20:01:10.260,0,-0.0055299335721859,4.076793971245235e-15,1.0,
2021-03-17 20:01:10.270,0,-0.0012334716582139,3.659441037855049e-15,1.0,
2021-03-17 20:01:10.280,0,0.0010077625329279,3.2702385275467526e-15,1.0,
2021-03-17 20:01:10.290,0,0.0004095939868957,2.9215823269849657e-15,1.0,
2021-03-17 20:01:10.300,0,-0.0009996721518302,2.599604352768825e-15,1.0,
2021-03-17 20:01:10.310,0,0.0024529090094144,2.294022224740036e-15,1.0,
2021-03-17 20:01:10.320,0,1.7109657318844586e-05,1.9733870576743635e-15,1.0,
2021-03-17 20:01:10.330,0,0.0011794702023487,1.7581852777326962e-15,1.0,
2021-03-17 20:01:10.340,0,0.0044620678110416,1.4898078263326295e-15,1.0,
2021-03-17 20:01:10.350,0,0.0058146201843179,1.269297295751379e-15,1.0,
2021-03-17 20:01:10.360,0,0.0019783321608381,1.0782674289445683e-15,1.0,
2021-03-17 20:01:10.370,0,0.0033852764866944,8.938076880953583e-16,1.0,
2021-03-17 20:01:10.380,0,-0.0008541501189083,7.265857874271878e-16,1.0,
2021-03-17 20:01:10.390,0,0.0078110301100641,5.85342798308017e-16,1.0,
2021-03-17 20:01:10.400,0,-0.0016290831623639998,4.503473789816762e-16,1.0,
2021-03-17 20:01:10.410,0,-0.0010797927673693,3.39588835098005e-16,1.0,
2021-03-17 20:01:10.420,0,0.0034843747393985,2.360815869218983e-16,1.0,
2021-03-17 20:01:10.430,0,0.0015241397647979998,1.4538475424470216e-16,1.0,
2021-03-17 20:01:10.440,0,0.0037648923830759,6.711108455035689e-17,1.0,
2021-03-17 20:01:10.450,0,0.0013847776179429,1.606612119983284e-19,1.0,
2021-03-17 20:01:10.460,0,-5.408921424745846e-05,0.0,1.0,
2021-03-17 20:01:10.470,0,-0.0014613104797713,0.0,1.0,
2021-03-17 20:01:10.480,0,0.0023750353242665,0.0,1.0,
2021-03-17 20:01:10.490,0,-0.0076366855314613,0.0,1.0,
2021-03-17 20:01:10.500,0,0.0013886942229015,0.0,1.0,
2021-03-17 20:01:10.510,0,-0.0018671533317832,0.0,1.0,
2021-03-17 20:01:10.520,0,-0.0016246711782148,0.0,1.0,
2021-03-17 20:01:10.530,0,0.0037320545221765,0.0,1.0,
2021-03-17 20:01:10.540,0,0.0019256106431353,0.0,1.0,
2021-03-17 20:01:10.550,0,-0.0004105872619941,0.0,1.0,
2021-03-17 20:01:10.560,0,0.0025219964074861,0.0,1.0,
2021-03-17 20:01:10.570,0,0.0027208478251103,0.0,1.0,
2021-03-17 20:01:10.580,0,-0.0067501509582448,0.0,1.0,
2021-03-17 20:01:10.590,0,0.0018763531917289,0.0,1.0,
2021-03-17 20:01:10.600,0,-0.0011770935164767,0.0,1.0,
2021-03-17 20:01:10.610,0,-0.0003944423601114,0.0,1.0,
2021-03-17 20:01:10.620,0,-0.001228848213084,0.0,1.0,
2021-03-17 20:01:10.630,0,-0.0030238290077185,0.0,1.0,
2021-03-17 20:01:10.640,0,0.0009524424435429,0.0,1.0,
2021-03-17 20:01:10.650,0,0.001424591620066,0.0,1.0,
2021-03-17 20:01:10.660,0,-0.005769145603575,0.0,1.0,
2021-03-17 20:01:10.670,0,0.0016102511337126,0.0,1.0,
2021-03-17 20:01:10.680,0,0.0018490032412663,0.0,1.0,
2021-03-17 20:01:10.690,0,0.0065037081183977,0.0,1.0,
2021-03-17 20:01:10.700,0,0.0010262870860074,0.0,1.0,
2021-03-17 20:01:10.710,0,-0.0040358121854288,0.0,1.0,
2021-03-17 20:01:10.720,0,0.0012901018893927,0.0,1.0,
2021-03-17 20:01:10.730,0,0.0006731131060293,0.0,1.0,
2021-03-17 20:01:10.740,0,0.0055825432724081,0.0,1.0,
2021-03-17 20:01:10.750,0,0.0002659862254394,0.0,1.0,
2021-03-17 20:01:10.760,0,0.0001072742671716,0.0,1.0,
2021-03-17 20:01:10.770,0,-0.0029423899942618,0.0,1.0,
2021-03-17 20:01:10.780,0,-0.0026418269776184,0.0,1.0,
2021-03-17 20:01:10.790,0,-0.0027593167048956,0.0,1.0,
2021-03-17 20:01:10.800,0,-0.0011395195190109,0.0,1.0,
2021-03-17 20:01:10.810,0,0.0021050522761547,0.0,1.0,
2021-03-17 20:01:10.820,0,0.0050838516676104,0.0,1.0,
2021-03-17 20:01:10.830,0,-0.0045710070005466,0.0,1.0,
2021-03-17 20:01:10.840,0,0.0029102042171398,0.0,1.0,
2021-03-17 20:01:10.850,0,-0.0046139358619455,0.0,1.0,
2021-03-17 20:01:10.860,0,-0.0036168136730155,0.0,1.0,
2021-03-17 20:01:10.870,0,0.0034259779893131,0.0,1.0,
2021-03-17 20:01:10.880,0,0.0055119153966767,0.0,1.0,
2021-03-17 20:01:10.890,0,-0.0038332586395628,0.0,1.0,
2021-03-17 20:01:10.900,0,0.0048403509535198,0.0,1.0,
2021-03-17 20:01:10.910,0,0.0001065183287124,0.0,1.0,
2021-03-17 20:01:10.920,0,-0.0001943860516183,0.0,1.0,
2021-03-17 20:01:10.930,0,0.0056767087896293,0.0,1.0,
2021-03-17 20:01:10.940,0,0.0083024480489502,0.0,1.0,
2021-03-17 20:01:10.950,0,0.0027509690564681,5.8467682252457255e-19,1.0,
2021-03-17 20:01:10.960,0,0.0027523104539497,1.6135268249824647e-18,1.0,
2021-03-17 20:01:10.970,0,-0.0021873661368056,2.481217534214574e-18,1.0,
2021-03-17 20:01:10.980,0,0.0007843950637868,3.2114307059474087e-18,1.0,
2021-03-17 20:01:10.990,0,-0.0021065980309282,3.7829541073762766e-18,1.0,
2021-03-17 20:01:11.000,1,8.566189346875874e-05,4.2657600746445175e-18,1.0,
2021-03-17 20:01:11.010,1,-0.0018825526097363,4.643123287650321e-18,1.0,
2021-03-17 20:01:11.020,1,0.0016388185342711,4.8823342552167476e-18,1.0,
2021-03-17 20:01:11.030,1,0.0020792299439828,5.09627895524129e-18,1.0,
2021-03-17 20:01:11.040,1,-0.0052528585814689,5.135910691373353e-18,1.0,
2021-03-17 20:01:11.050,1,0.0005413367388514,5.214992879286286e-18,1.0,
2021-03-17 20:01:11.060,1,-0.0019938359406016,5.2246490706115034e-18,1.0,
2021-03-17 20:01:11.070,1,0.0010163875452644,5.13570160206034e-18,1.0,
2021-03-17 20:01:11.080,1,-0.0044208071846608,5.041780762243266e-18,1.0,
2021-03-17 20:01:11.090,1,-0.0038908786010883,4.8935204855582735e-18,1.0,
2021-03-17 20:01:11.100,1,-0.0016393050159738,4.726770247862496e-18,1.0,
2021-03-17 20:01:11.110,1,-0.000744607167208,4.554707188141849e-18,1.0,
2021-03-17 20:01:11.120,1,0.0041898057959891,5.274626992390671,1.0,
2021-03-17 20:01:11.130,1,0.0125489067457799,19.97838334392761,1.0,
2021-03-17 20:01:11.140,1,0.0286964385149434,42.21186512595312,1.0,
2021-03-17 20:01:11.150,1,0.0602454356281132,71.75521929762203,1.0,
2021-03-17 20:01:11.160,1,0.0734002626497992,106.37741106154148,0.0,
2021-03-17 20:01:11.170,1,0.0894432158046349,148.20154866388262,0.0,
2021-03-17 20:01:11.180,1,0.1639359254602488,192.89775532557462,0.0,
2021-03-17 20:01:11.190,1,0.1564283897044929,246.62632581896682,0.0,
2021-03-17 20:01:11.200,1,0.1924326441804298,300.0763049455761,0.0,
2021-03-17 20:01:11.210,1,0.2795031338819732,355.85398693372116,0.0,
2021-03-17 20:01:11.220,1,0.3616739557472227,409.44216990815033,0.0,
2021-03-17 20:01:11.230,1,0.2881297896612234,467.23506528184646,0.0,
2021-03-17 20:01:11.240,1,0.3433255354926715,527.953576253045,0.0,
2021-03-17 20:01:11.250,1,0.393127915943919,586.8552378434903,0.0,
2021-03-17 20:01:11.260,1,0.5411450457596622,640.7357031413466,0.0,
2021-03-17 20:01:11.270,1,0.5756286602197406,697.5621318466227,0.0,
2021-03-17 20:01:11.280,1,0.4935235615011406,749.144207544485,0.0,
2021-03-17 20:01:11.290,1,0.6299059275057447,798.1100453046812,0.0,
2021-03-17 20:01:11.300,1,0.6271191611179863,850.5696051093677,0.0,
2021-03-17 20:01:11.310,1,0.5891238868726181,892.9805892058201,0.0,
2021-03-17 20:01:11.320,1,0.589308983955838,934.8945276041646,0.0,
2021-03-17 20:01:11.330,1,0.9219359908058892,978.5084971980928,0.0,
2021-03-17 20:01:11.340,1,0.7723128501579744,1025.1718647304383,0.0,
2021-03-17 20:01:11.350,1,0.9695728504463388,1055.5188012342358,0.0,
2021-03-17 20:01:11.360,1,1.049090136646332,1090.5375298889674,0.0,
2021-03-17 20:01:11.370,1,0.8072377513831265,1114.8450138401795,0.0,
2021-03-17 20:01:11.380,1,0.7969592958097481,1150.2476920325016,0.0,
2021-03-17 20:01:11.390,1,0.8670986052000073,1176.6341254000604,0.0,
2021-03-17 20:01:11.400,1,1.0823862450411088,1209.9331031186127,0.0,
2021-03-17 20:01:11.410,1,1.0833875777166126,1238.2109287158032,0.0,
2021-03-17 20:01:11.420,1,1.1966565590636151,1235.7157370154316,0.0,
2021-03-17 20:01:11.430,1,1.2196992017895938,1260.129210284425,0.0,
2021-03-17 20:01:11.440,1,0.935456040722264,1271.5387439232056,0.0,
2021-03-17 20:01:11.450,1,1.0308341374440193,1283.6188053240105,0.0,
2021-03-17 20:01:11.460,1,1.2112441969466572,1299.525188632011,0.0,
2021-03-17 20:01:11.470,1,1.3573336578857038,1335.1310384028488,0.0,
2021-03-17 20:01:11.480,1,1.0923227375381093,1322.5946354129792,0.0,
2021-03-17 20:01:11.490,1,1.38510298048665,1330.556667089203,0.0,
2021-03-17 20:01:11.500,1,1.2903186263245825,1342.2994448872762,0.0,
2021-03-17 20:01:11.510,1,1.196700017078064,1336.091577412764,0.0,
2021-03-17 20:01:11.520,1,1.2156717352428492,1352.7847803592226,0.0,
2021-03-17 20:01:11.530,1,1.1663784920829352,1354.8554295093684,0.0,
2021-03-17 20:01:11.540,1,1.4885847480558705,1369.884322856021,0.0,
2021-03-17 20:01:11.550,1,1.2883897546536742,1368.9036573907636,0.0,
2021-03-17 20:01:11.560,1,1.0533187810291706,1365.3851778760436,0.0,
2021-03-17 20:01:11.570,1,1.4275067807239823,1357.8300631513475,0.0,
2021-03-17 20:01:11.580,1,1.4614759534534687,1369.6846358594262,0.0,
2021-03-17 20:01:11.590,1,1.2197747950243096,1359.3324378787902,0.0,
2021-03-17 20:01:11.600,1,1.4922978452982218,1360.9335519619244,0.0,
2021-03-17 20:01:11.610,1,1.4236917238928013,1373.2233348839895,0.0,
2021-03-17 20:01:11.620,1,1.4232829164196374,1365.339965960422,0.0,
2021-03-17 20:01:11.630,1,1.16369565357265,1361.9285490183074,0.0,
2021-03-17 20:01:11.640,1,1.373657553673712,1363.169303987016,0.0,
2021-03-17 20:01:11.650,1,1.56510534780503,1370.8759821588326,0.0,
2021-03-17 20:01:11.660,1,1.2471687260175095,1361.0065618982342,0.0,
2021-03-17 20:01:11.670,1,1.1036218191828713,1362.9440631305408,0.0,
2021-03-17 20:01:11.680,1,1.125278498522997,1368.2062200946611,0.0,
2021-03-17 20:01:11.690,1,1.1923058773983308,1361.728581586781,0.0,
2021-03-17 20:01:11.700,1,1.4929184467257242,1354.536164109276,0.0,
2021-03-17 20:01:11.710,1,1.366321745417444,1357.4523842377541,0.0,
2021-03-17 20:01:11.720,1,1.2126318026552174,1348.5953300043145,0.0,
2021-03-17 20:01:11.730,1,1.354290841611446,1339.9255127764095,0.0,
2021-03-17 20:01:11.740,1,1.07589185259636,1353.0220492518768,0.0,
2021-03-17 20:01:11.750,1,1.411715359696193,1343.288865936178,0.0,
2021-03-17 20:01:11.760,1,1.4648579906501962,1350.6412856961908,0.0,
2021-03-17 20:01:11.770,1,1.073697951503284,1343.4738090850512,0.0,
2021-03-17 20:01:11.780,1,1.303793853755407,1350.1700671247845,0.0,
2021-03-17 20:01:11.790,1,1.027322364692445,1332.5782428831121,0.0,
2021-03-17 20:01:11.800,1,1.1202089400590522,1337.6439543445595,0.0,
2021-03-17 20:01:11.810,1,1.3308830633604494,1337.6881964790555,0.0,
2021-03-17 20:01:11.820,1,1.2601625657847857,1350.228012199726,0.0,
2021-03-17 20:01:11.830,1,1.219158288213468,1336.4877871263388,0.0,
2021-03-17 20:01:11.840,1,0.9879107467906044,1350.7611755723347,0.0,
2021-03-17 20:01:11.850,1,1.3564703034667138,1327.593306897943,0.0,
2021-03-17 20:01:11.860,1,1.1308473340125658,1340.945197499705,0.0,
2021-03-17 20:01:11.870,1,1.3800382223139975,1337.6076673264681,0.0,
2021-03-17 20:01:11.880,1,1.1033202600133754,1332.4436787017682,0.0,
2021-03-17 20:01:11.890,1,1.3241079817756305,1348.2973355498373,0.0,
2021-03-17 20:01:11.900,1,1.123292379525071,1330.8579272045324,0.0,
2021-03-17 20:01:11.910,1,1.0678740677343423,1330.0843881165954,0.0,
2021-03-17 20:01:11.920,1,1.2059889828876378,1349.713069925089,0.0,
2021-03-17 20:01:11.930,1,0.9592436460385884,1349.0382771822785,0.0,
2021-03-17 20:01:11.940,1,1.2414255014381448,1340.9523695287933,0.0,
2021-03-17 20:01:11.950,1,1.0972742494420498,1326.630201684618,0.0,
2021-03-17 20:01:11.960,1,0.9703440333692512,1343.868763727815,0.0,
2021-03-17 20:01:11.970,1,1.3272994900576909,1335.2079710508974,0.0,
2021-03-17 20:01:11.980,1,1.2793330813568808,1332.925058078705,0.0,
2021-03-17 20:01:11.990,1,0.9562909077538604,1345.7574794188001,0.0,
2021-03-17 20:01:12.000,1,0.9891802725698452,1344.8170686813373,0.0,
2021-03-17 20:01:12.010,1,0.9665009086357684,1351.6461441747724,0.0,
2021-03-17 20:01:12.020,1,0.9602162075206736,1354.1859678504065,0.0,
2021-03-17 20:01:12.030,1,1.1147532814594523,1337.1937000850044,0.0,
2021-03-17 20:01:12.040,1,1.1929336080974633,1356.0605956772058,0.0,
2021-03-17 20:01:12.050,1,1.1842863897314837,1343.6875364665214,0.0,
2021-03-17 20:01:12.060,1,1.170003777720325,1348.8073139771475,0.0,
2021-03-17 20:01:12.070,1,1.096884315813962,1357.8850344030996,0.0,
2021-03-17 20:01:12.080,1,0.9166689325577148,1360.3624165359167,0.0,
2021-03-17 20:01:12.090,1,1.3576928063536235,1357.3398618130198,0.0,
2021-03-17 20:01:12.100,1,1.1758683187180687,1357.3408395476874,0.0,
2021-03-17 20:01:12.110,1,0.9976889644142198,1373.6288453694308,0.0,
2021-03-17 20:01:12.120,1,1.3388672058179372,1361.2306219255604,0.0,
2021-03-17 20:01:12.130,1,1.0314382796739636,1353.084551894063,0.0,
2021-03-17 20:01:12.140,1,1.0065172323238567,1362.2952332045927,0.0,
2021-03-17 20:01:12.150,1,0.9562552338935154,1365.0062646264073,0.0,
2021-03-17 20:01:12.160,1,1.121892459994802,1368.8490148251885,0.0,
2021-03-17 20:01:12.170,1,1.0760381605396172,1368.6232158382409,0.0,
2021-03-17 20:01:12.180,1,1.3087340860237957,1364.581266083097,0.0,
2021-03-17 20:01:12.190,1,1.0225119888562528,1380.2391334166693,0.0,
2021-03-17 20:01:12.200,1,1.1156019273254965,1381.393392816561,0.0,
2021-03-17 20:01:12.210,1,1.238998122574041,1365.549695440301,0.0,
2021-03-17 20:01:12.220,1,1.1734588217712862,1391.752902570283,0.0,
2021-03-17 20:01:12.230,1,1.0558618172166354,1378.695536529819,0.0,
2021-03-17 20:01:12.240,1,1.0563331108968286,1375.3335017351908,0.0,
2021-03-17 20:01:12.250,1,1.372967311829044,1376.78294453346,0.0,
2021-03-17 20:01:12.260,1,0.979154110337858,1384.5349906246322,0.0,
2021-03-17 20:01:12.270,1,0.994564550827519,1377.7471615446846,0.0,
2021-03-17 20:01:12.280,1,1.2730334507013867,1379.895523012047,0.0,
2021-03-17 20:01:12.290,1,1.016707970838748,1382.865367218105,0.0,
2021-03-17 20:01:12.300,1,1.168227176899708,1376.810967749518,0.0,
2021-03-17 20:01:12.310,1,0.9892803435636284,1382.475666083107,0.0,
2021-03-17 20:01:12.320,1,1.4186847392533362,1382.4685459808481,0.0,
2021-03-17 20:01:12.330,1,1.1680159707475504,1373.5959257099585,0.0,
2021-03-17 20:01:12.340,1,1.2430685707110851,1393.8455230379782,0.0,
2021-03-17 20:01:12.350,1,1.207679024376706,1383.5903472696032,0.0,
2021-03-17 20:01:12.360,1,1.0289099407995606,1387.8037675378632,0.0,
2021-03-17 20:01:12.370,1,1.4521844043197123,1396.8142922041986,0.0,
2021-03-17 20:01:12.380,1,1.4593328986368463,1389.0607057614984,0.0,
2021-03-17 20:01:12.390,1,1.0504723889268757,1403.149213535847,0.0,
2021-03-17 20:01:12.400,1,1.3501344253283607,1382.7655611283649,0.0,
2021-03-17 20:01:12.410,1,1.370920618343774,1375.8483146372891,0.0,
2021-03-17 20:01:12.420,1,1.4477712443874993,1397.5119085548763,0.0,
2021-03-17 20:01:12.430,1,1.086080571306635,1382.6450320466042,0.0,
2021-03-17 20:01:12.440,1,1.0954356940620815,1385.4412673304687,0.0,
2021-03-17 20:01:12.450,1,1.1705063669241451,1391.030247600512,0.0,
2021-03-17 20:01:12.460,1,1.0734118610302368,1382.4103258877958,0.0,
2021-03-17 20:01:12.470,1,1.4127040392872847,1390.6295054304599,0.0,
2021-03-17 20:01:12.480,1,1.3640466390629904,1381.1936898798358,0.0,
2021-03-17 20:01:12.490,1,1.4344822269638298,1386.2971717815085,0.0,
2021-03-17 20:01:12.500,1,1.0362934199889706,1383.1964177608704,0.0,
2021-03-17 20:01:12.510,1,1.243069698186656,1391.5521615252862,0.0,
2021-03-17 20:01:12.520,1,1.0755416727062797,1385.0907443741346,0.0,
2021-03-17 20:01:12.530,1,1.5432247110345398,1384.477741628478,0.0,
2021-03-17 20:01:12.540,1,1.1620578495293985,1394.3162542739988,0.0,
2021-03-17 20:01:12.550,1,1.1393313795257445,1397.7556204074535,0.0,
2021-03-17 20:01:12.560,1,1.5201587183639478,1378.9498763925421,0.0,
2021-03-17 20:01:12.570,1,1.2975156723156478,1387.7242809770785,0.0,
2021-03-17 20:01:12.580,1,1.0658579702978983,1376.096608884029,0.0,
2021-03-17 20:01:12.590,1,1.45717676119259,1384.5683001071673,0.0,
2021-03-17 20:01:12.600,1,1.1406695038338888,1381.4289884320401,0.0,
2021-03-17 20:01:12.610,1,1.3636771139935142,1383.842045374387,0.0,
2021-03-17 20:01:12.620,1,1.2330335223809554,1386.6479602020875,0.0,
2021-03-17 20:01:12.630,1,1.3614907816543005,1372.0774762814654,0.0,
2021-03-17 20:01:12.640,1,1.111011649278846,1374.2382175932148,0.0,
2021-03-17 20:01:12.650,1,1.3268366382391212,1372.398830625544,0.0,
2021-03-17 20:01:12.660,1,1.2160647614193247,1372.8456820795195,0.0,
2021-03-17 20:01:12.670,1,1.4174454308273108,1380.2181971245486,0.0,
2021-03-17 20:01:12.680,1,1.518494181881703,1358.9761574573995,0.0,
2021-03-17 20:01:12.690,1,1.1596360811717206,1361.7760148624413,0.0,
2021-03-17 20:01:12.700,1,1.2983888091339473,1376.6263426131393,0.0,
2021-03-17 20:01:12.710,1,1.077707173068263,1373.6218844059124,0.0,
2021-03-17 20:01:12.720,1,1.4214421029487734,1373.519062768865,0.0,
2021-03-17 20:01:12.730,1,1.5132527179916646,1368.9991853974416,0.0,
2021-03-17 20:01:12.740,1,1.3137917726717558,1369.2260573401045,0.0,
2021-03-17 20:01:12.750,1,1.1195680765286558,1373.2923062172001,0.0,
2021-03-17 20:01:12.760,1,1.3273765914794085,1364.4724167030456,0.0,
2021-03-17 20:01:12.770,1,1.3160162061878191,1351.6246707344985,0.0,
2021-03-17 20:01:12.780,1,1.2904062188331922,1362.8020710617875,0.0,
2021-03-17 20:01:12.790,1,1.377174041730806,1370.6534821243,0.0,
2021-03-17 20:01:12.800,1,1.258247856915069,1364.1727425980134,0.0,
2021-03-17 20:01:12.810,1,1.0643956754558794,1370.6337840656115,0.0,
2021-03-17 20:01:12.820,1,1.1675981973701133,1380.9692730883544,0.0,
2021-03-17 20:01:12.830,1,0.9802580978794592,1380.5723952646383,0.0,
2021-03-17 20:01:12.840,1,1.116230725146748,1368.424113671645,0.0,
2021-03-17 20:01:12.850,1,1.1206901549527677,1364.630277433936,0.0,
2021-03-17 20:01:12.860,1,1.279104430668054,1351.1580396559875,0.0,
2021-03-17 20:01:12.870,1,1.0743720000305923,1360.7482598861268,0.0,
2021-03-17 20:01:12.880,1,1.0696790472217914,1364.2451720085505,0.0,
2021-03-17 20:01:12.890,1,1.1531465359131436,1364.3758339395904,0.0,
2021-03-17 20:01:12.900,1,1.0837318294337437,1362.4767217923768,0.0,
2021-03-17 20:01:12.910,1,1.2788678904248458,1365.021667299798,0.0,
2021-03-17 20:01:12.920,1,1.1876710634373011,1374.0567310206975,0.0,
2021-03-17 20:01:12.930,1,0.9914648665140964,1362.1094173100391,0.0,
2021-03-17 20:01:12.940,1,1.2301692724270423,1365.82105187847,0.0,
2021-03-17 20:01:12.950,1,1.0978470125958193,1362.2900439028415,0.0,
2021-03-17 20:01:12.960,1,1.0927781414394735,1361.3865579222875,0.0,
2021-03-17 20:01:12.970,1,1.1681449290279609,1368.561988369454,0.0,
2021-03-17 20:01:12.980,1,1.0954993767054504,1369.43405821245,0.0,
2021-03-17 20:01:12.990,1,1.0727465630613118,1383.9694906086936,0.0,
2021-03-17 20:01:13.000,1,1.1862911129257523,1372.677095591692,0.0,
2021-03-17 20:01:13.010,1,0.9576417357423872,1372.1593202783888,0.0,
2021-03-17 20:01:13.020,1,1.0864040880995651,1371.4327023937578,0.0,
2021-03-17 20:01:13.030,1,0.9039985362141774,1370.6914545211125,0.0,
2021-03-17 20:01:13.040,1,1.0598277419177546,1383.1438403323943,0.0,
2021-03-17 20:01:13.050,1,0.8675073223654078,1378.8454586672074,0.0,
2021-03-17 20:01:13.060,1,0.9392945630289594,1366.1709724083878,0.0,
2021-03-17 20:01:13.070,1,0.9655153815691208,1371.837039924799,0.0,
2021-03-17 20:01:13.080,1,0.9068559744613994,1378.3361609303454,0.0,
2021-03-17 20:01:13.090,1,1.104862068023122,1378.9681202329405,0.0,
2021-03-17 20:01:13.100,1,1.0632052390150353,1368.851013550952,0.0,
2021-03-17 20:01:13.110,1,0.9633689094131708,1378.8566712577942,0.0,
2021-03-17 20:01:13.120,1,1.015811550417023,1381.8460573834586,0.0,
2021-03-17 20:01:13.130,1,0.7932654314793782,1367.8544265292505,0.0,
2021-03-17 20:01:13.140,1,0.9626325949800242,1382.1625417924483,0.0,
2021-03-17 20:01:13.150,1,0.8070561998881938,1377.1977662274296,0.0,
2021-03-17 20:01:13.160,1,1.0257784446849652,1382.6805142020205,0.0,
2021-03-17 20:01:13.170,1,0.7676581517168077,1385.32615248377,0.0,
2021-03-17 20:01:13.180,1,0.98506161919273,1376.0340006396445,0.0,
2021-03-17 20:01:13.190,1,0.976950193761928,1385.4959943077554,0.0,
2021-03-17 20:01:13.200,1,0.9394208870048292,1393.5242634517224,0.0,
2021-03-17 20:01:13.210,1,1.0224964881026013,1382.414581195314,0.0,
2021-03-17 20:01:13.220,1,1.0890405221646473,1366.661318332965,0.0,
2021-03-17 20:01:13.230,1,0.8768721022714541,1372.695249979144,0.0,
2021-03-17 20:01:13.240,1,1.0308760292793964,1370.4055024297888,0.0,
2021-03-17 20:01:13.250,1,1.0271413007323953,1374.8874855135998,0.0,
2021-03-17 20:01:13.260,1,0.9306256443504796,1387.4946431165265,0.0,
2021-03-17 20:01:13.270,1,1.0933854933499023,1378.3645342978348,0.0,
2021-03-17 20:01:13.280,1,1.1015266051708397,1384.6028163802432,0.0,
2021-03-17 20:01:13.290,1,0.9458620239615618,1377.1616526371135,0.0,
2021-03-17 20:01:13.300,1,0.9060210240386736,1370.3005062167974,0.0,
2021-03-17 20:01:13.310,1,0.9803549786741662,1374.0482780945,0.0,
2021-03-17 20:01:13.320,1,0.7930171358637593,1369.1155532392436,0.0,
2021-03-17 20:01:13.330,1,1.0033683213616502,1376.683171698131,0.0,
2021-03-17 20:01:13.340,1,1.019489826011793,1373.7300241901946,0.0,
2021-03-17 20:01:13.350,1,0.8323103380090757,1367.8861938596824,0.0,
2021-03-17 20:01:13.360,1,1.1628249926590672,1367.4667666751698,0.0,
2021-03-17 20:01:13.370,1,0.947220698223027,1373.081042467545,0.0,
2021-03-17 20:01:13.380,1,0.805947141809347,1370.9657296636312,0.0,
2021-03-17 20:01:13.390,1,1.0033491632479443,1370.8559942083032,0.0,
2021-03-17 20:01:13.400,1,1.0393876699392794,1371.9261971560534,0.0,
2021-03-17 20:01:13.410,1,0.8681838001301772,1364.9548354236956,0.0,
2021-03-17 20:01:13.420,1,0.9391770530260228,1376.3349286654868,0.0,
2021-03-17 20:01:13.430,1,1.1385080969482075,1368.1698711380268,0.0,
2021-03-17 20:01:13.440,1,0.8389105145690338,1373.8593657073802,0.0,
2021-03-17 20:01:13.450,1,0.8424863872256285,1370.8047741899595,0.0,
2021-03-17 20:01:13.460,1,1.0616888599462793,1366.4912188903666,0.0,
2021-03-17 20:01:13.470,1,0.8864131399610691,1361.553702306453,0.0,
2021-03-17 20:01:13.480,1,0.8907493682052252,1370.7776653425994,0.0,
2021-03-17 20:01:13.490,1,0.8943940627772022,1350.4444829527845,0.0,
2021-03-17 20:01:13.500,1,1.032939602972366,1376.3759597358096,0.0,
2021-03-17 20:01:13.510,1,1.2278665333789904,1353.5081718484828,0.0,
2021-03-17 20:01:13.520,1,0.8398890401178899,1353.6517321244935,0.0,
2021-03-17 20:01:13.530,1,0.8390492859000277,1352.7858884903826,0.0,
2021-03-17 20:01:13.540,1,0.9054594560721744,1351.4689788038236,0.0,
2021-03-17 20:01:13.550,1,0.8752945730012347,1353.1460360563244,0.0,
2021-03-17 20:01:13.560,1,1.0713055848904742,1353.070977220585,0.0,
2021-03-17 20:01:13.570,1,1.144481490364218,1358.4053976614337,0.0,
2021-03-17 20:01:13.580,1,1.2276379808494198,1350.6999529470286,0.0,
2021-03-17 20:01:13.590,1,1.2729962738428238,1344.8644609072542,0.0,
2021-03-17 20:01:13.600,1,0.9932312277737768,1349.8752491987864,0.0,
2021-03-17 20:01:13.610,1,0.9693877984618534,1349.9730645056854,0.0,
2021-03-17 20:01:13.620,1,0.9647591450374384,1339.0829139385519,0.0,
2021-03-17 20:01:13.630,1,1.2702852824110091,1336.7132090629275,0.0,
2021-03-17 20:01:13.640,1,1.188918875506295,1342.8369113099036,0.0,
2021-03-17 20:01:13.650,1,0.9198727460365544,1341.222002298237,0.0,
2021-03-17 20:01:13.660,1,1.1989625204029837,1339.9061062707092,0.0,
2021-03-17 20:01:13.670,1,1.0908196747766383,1345.1881548404915,0.0,
2021-03-17 20:01:13.680,1,0.9342911613091176,1347.006337339502,0.0,
2021-03-17 20:01:13.690,1,1.1342146923261376,1339.0672083387608,0.0,
2021-03-17 20:01:13.700,1,1.1531993921181058,1336.1845255141584,0.0,
2021-03-17 20:01:13.710,1,1.0015161525456364,1353.1399604371918,0.0,
2021-03-17 20:01:13.720,1,0.9433620377047232,1341.839709818574,0.0,
2021-03-17 20:01:13.730,1,1.2115273824704562,1323.4129215946825,0.0,
2021-03-17 20:01:13.740,1,0.960147448915326,1344.6703700217504,0.0,
2021-03-17 20:01:13.750,1,0.9762815707684674,1344.3734366478545,0.0,
2021-03-17 20:01:13.760,1,0.8431865601712638,1342.182025296127,0.0,
2021-03-17 20:01:13.770,1,1.1447241111325357,1337.9159743005855,0.0,
2021-03-17 20:01:13.780,1,0.9998923849328192,1341.8285764126006,0.0,
2021-03-17 20:01:13.790,1,0.8695260880190065,1334.9670060716346,0.0,
2021-03-17 20:01:13.800,1,0.9278051759948212,1342.83177157276,0.0,
2021-03-17 20:01:13.810,1,0.9412604874477868,1343.7604045173994,0.0,
2021-03-17 20:01:13.820,1,1.1616667162688994,1347.4272173531774,0.0,
2021-03-17 20:01:13.830,1,0.7913738926943259,1340.3572269205495,0.0,
2021-03-17 20:01:13.840,1,1.0346899058336585,1345.0670211329566,0.0,
2021-03-17 20:01:13.850,1,0.8670773095509743,1345.5150267702106,0.0,
2021-03-17 20:01:13.860,1,0.9190238224625306,1338.6246682945825,0.0,
2021-03-17 20:01:13.870,1,0.9127783776529962,1339.0004568126296,0.0,
2021-03-17 20:01:13.880,1,0.8663320724082315,1349.1386023637044,0.0,
2021-03-17 20:01:13.890,1,0.8519383418384175,1334.84591587745,0.0,
2021-03-17 20:01:13.900,1,1.053635663373158,1338.397299948808,0.0,
2021-03-17 20:01:13.910,1,0.9033615223736506,1363.6012972458236,0.0,
2021-03-17 20:01:13.920,1,1.0613491591888935,1342.1427334458065,0.0,
2021-03-17 20:01:13.930,1,0.8698310762359911,1347.4752478652113,0.0,
2021-03-17 20:01:13.940,1,1.0282684935689883,1351.1475722531445,0.0,
2021-03-17 20:01:13.950,1,1.041304477420244,1353.27046683597,0.0,
2021-03-17 20:01:13.960,1,1.0333106095105773,1353.4528517966764,0.0,
2021-03-17 20:01:13.970,1,0.7273094169286172,1360.3306394967835,0.0,
2021-03-17 20:01:13.980,1,0.9621993075673166,1363.2982037425102,0.0,
2021-03-17 20:01:13.990,1,0.8749064913798358,1348.4015461911088,0.0,
2021-03-17 20:01:14.000,0,0.6922586013293103,1356.5313705697645,0.0,
2021-03-17 20:01:14.010,0,0.8890982738007586,1351.389707610723,0.0,
2021-03-17 20:01:14.020,0,0.8102557463990745,1361.6248841032946,0.0,
2021-03-17 20:01:14.030,0,0.9732182541733976,1357.8768233833805,0.0,
2021-03-17 20:01:14.040,0,0.7443642709348414,1359.7715339077386,0.0,
2021-03-17 20:01:14.050,0,0.8314375677515624,1357.8692938335398,0.0,
2021-03-17 20:01:14.060,0,0.8900753793714618,1361.0705713348088,0.0,
2021-03-17 20:01:14.070,0,0.8524637006318418,1355.4565261143464,0.0,
2021-03-17 20:01:14.080,0,0.911258362473736,1369.7261515422035,0.0,
2021-03-17 20:01:14.090,0,0.8774950007137574,1360.3821786005076,0.0,
2021-03-17 20:01:14.100,0,0.9324951978831726,1354.0825732909295,0.0,
2021-03-17 20:01:14.110,0,0.9702695915635589,1376.7343484373173,0.0,
2021-03-17 20:01:14.120,0,0.7655254154393231,1360.6843524534331,0.0,
2021-03-17 20:01:14.130,0,0.7243479994032872,1341.9454157207745,0.0,
2021-03-17 20:01:14.140,0,0.7573359366770863,1333.5910813386486,0.0,
2021-03-17 20:01:14.150,0,0.9151338199145542,1267.5341977450214,0.0,
2021-03-17 20:01:14.160,0,0.7570036661032857,1255.9016946489846,0.0,
2021-03-17 20:01:14.170,0,0.8663301639994508,1186.2019943156881,0.0,
2021-03-17 20:01:14.180,0,0.6567067795095315,1137.64609432446,0.0,
2021-03-17 20:01:14.190,0,0.6419552367075484,1082.917384311122,0.0,
2021-03-17 20:01:14.200,0,0.6758005292466619,1023.9517467092543,0.0,
2021-03-17 20:01:14.210,0,0.665122019723915,967.6826010442708,0.0,
2021-03-17 20:01:14.220,0,0.4993791948543671,896.8604151718588,0.0,
2021-03-17 20:01:14.230,0,0.4924541211020753,846.1340130673993,0.0,
2021-03-17 20:01:14.240,0,0.5715032394429612,788.5645766131114,0.0,
2021-03-17 20:01:14.250,0,0.5056051572395102,729.2067352112573,0.0,
2021-03-17 20:01:14.260,0,0.4678621566353074,673.845803459448,0.0,
2021-03-17 20:01:14.270,0,0.4144693786001732,617.7506547321942,0.0,
2021-03-17 20:01:14.280,0,0.3900801254914514,563.6293282357403,0.0,
2021-03-17 20:01:14.290,0,0.3776757807505532,512.5662130145466,0.0,
2021-03-17 20:01:14.300,0,0.2679641057204557,463.4652249519137,0.0,
2021-03-17 20:01:14.310,0,0.3296221465807157,425.2566608481552,0.0,
2021-03-17 20:01:14.320,0,0.2981672423972954,377.3428477907387,0.0,
2021-03-17 20:01:14.330,0,0.2022714795030845,339.2291743512495,1.0,
2021-03-17 20:01:14.340,0,0.223472482211315,304.0569304151398,1.0,
2021-03-17 20:01:14.350,0,0.1915991223577601,268.2374404287029,1.0,
2021-03-17 20:01:14.360,0,0.13768961960377,235.44514100681,1.0,
2021-03-17 20:01:14.370,0,0.1241934010889826,204.76066061393607,1.0,
2021-03-17 20:01:14.380,0,0.1201581543843637,177.0064271563054,1.0,
2021-03-17 20:01:14.390,0,0.0922949466939239,152.38353137366644,2.0,
2021-03-17 20:01:14.400,0,0.1049255466949887,129.6176649774417,2.0,
2021-03-17 20:01:14.410,0,0.0907622468379439,108.4515682144313,2.0,
2021-03-17 20:01:14.420,0,0.0668519639856828,90.9571361448606,2.0,
2021-03-17 20:01:14.430,0,0.0609190837280537,73.39261280108444,2.0,
2021-03-17 20:01:14.440,0,0.0446337923035754,58.93973793038562,2.0,
2021-03-17 20:01:14.450,0,0.0416414079801621,45.17285368839527,2.0,
2021-03-17 20:01:14.460,0,0.0202692510172569,33.05539083652846,2.0,
2021-03-17 20:01:14.470,0,0.0145702163529028,22.680682831218558,2.0,
2021-03-17 20:01:14.480,0,0.0093294977192932,13.801095236225814,2.0,
2021-03-17 20:01:14.490,0,0.0018072047316549,5.8553910121228885,2.0,
2021-03-17 20:01:14.500,0,-0.0022555882649923,0.0,2.0,
2021-03-17 20:01:14.510,0,-0.0054565398206256,0.0,2.0,
2021-03-17 20:01:14.520,0,-0.0076194831304918,0.0,2.0,
2021-03-17 20:01:14.530,0,-0.0139002008607732,0.0,2.0,
2021-03-17 20:01:14.540,0,-0.0179290854128836,0.0,2.0,
2021-03-17 20:01:14.550,0,-0.0180094180980349,0.0,2.0,
2021-03-17 20:01:14.560,0,-0.0268654621439059,0.0,2.0,
2021-03-17 20:01:14.570,0,-0.0307027263464238,0.0,2.0,
2021-03-17 20:01:14.580,0,-0.0221942318094935,0.0,2.0,
2021-03-17 20:01:14.590,0,-0.0198761696066893,0.0,2.0,
2021-03-17 20:01:14.600,0,-0.0255500689279434,0.0,2.0,
2021-03-17 20:01:14.610,0,-0.0279617555645156,0.0,2.0,
2021-03-17 20:01:14.620,0,-0.0234979224038638,0.0,2.0,
2021-03-17 20:01:14.630,0,-0.0186263633746281,0.0,2.0,
2021-03-17 20:01:14.640,0,-0.0150540793766333,0.0,2.0,
2021-03-17 20:01:14.650,0,-0.0199590580174657,0.0,2.0,
2021-03-17 20:01:14.660,0,-0.024557054373843,0.0,2.0,
2021-03-17 20:01:14.670,0,-0.0161929010359719,0.0,2.0,
2021-03-17 20:01:14.680,0,-0.0202564063569728,0.0,2.0,
2021-03-17 20:01:14.690,0,-0.0180912893357067,0.0,2.0,
2021-03-17 20:01:14.700,0,-0.0173609779680835,0.0,2.0,
2021-03-17 20:01:14.710,0,-0.020391534630237,0.0,2.0,
2021-03-17 20:01:14.720,0,-0.0212069494330694,0.0,2.0,
2021-03-17 20:01:14.730,0,-0.0128502904165721,0.0,2.0,
2021-03-17 20:01:14.740,0,-0.0101636812716618,0.0,2.0,
2021-03-17 20:01:14.750,0,-0.0105761505133278,0.0,2.0,
2021-03-17 20:01:14.760,0,-0.0180111830648705,0.0,2.0,
2021-03-17 20:01:14.770,0,-0.0082812595649004,0.0,2.0,
2021-03-17 20:01:14.780,0,-0.0079229729725575,0.0,2.0,
2021-03-17 20:01:14.790,0,-0.0098581511626575,0.0,2.0,
2021-03-17 20:01:14.800,0,-0.0104548188743478,0.0,2.0,
2021-03-17 20:01:14.810,0,-0.0058171573981472,0.0,2.0,
2021-03-17 20:01:14.820,0,-0.0081611498103064,0.0,2.0,
2021-03-17 20:01:14.830,0,-0.0061422455215695,0.0,2.0,
2021-03-17 20:01:14.840,0,-0.0078419267788492,0.0,2.0,
2021-03-17 20:01:14.850,0,-0.0019090780183575,0.0,2.0,
2021-03-17 20:01:14.860,0,-0.0075678842825897,0.0,2.0,
2021-03-17 20:01:14.870,0,-0.0010386337375433,0.0,2.0,
2021-03-17 20:01:14.880,0,-0.0070336784021273,0.0,2.0,
2021-03-17 20:01:14.890,0,-0.0003292519485528,0.0,2.0,
2021-03-17 20:01:14.900,0,-0.0062216007250058,0.0,2.0,
2021-03-17 20:01:14.910,0,-0.005822017173834001,0.0,2.0,
2021-03-17 20:01:14.920,0,-0.0033263387726059,0.0,2.0,
2021-03-17 20:01:14.930,0,0.0027369131420353,0.0,2.0,
2021-03-17 20:01:14.940,0,0.0019940267362027,0.0,2.0,
2021-03-17 20:01:14.950,0,-0.0019011137634769,0.0,2.0,
2021-03-17 20:01:14.960,0,-0.0025222910500341,0.0,2.0,
2021-03-17 20:01:14.970,0,0.0084071603497694,0.0,2.0,
2021-03-17 20:01:14.980,0,-0.0048287810337765,0.0,2.0,
2021-03-17 20:01:14.990,0,0.0011464492706822,0.0,2.0,
2021-03-17 20:01:15.000,0,-0.0045070924830799,0.07912334228231,2.0,
2021-03-17 20:01:15.010,0,0.0055100807955468,0.1853277768357636,2.0,
2021-03-17 20:01:15.020,0,-0.0017688248265921,0.2730415399729528,2.0,
2021-03-17 20:01:15.030,0,-0.0004470011462127,0.3461844800697688,2.0,
2021-03-17 20:01:15.040,0,0.0013403837242323,0.4056703098858308,2.0,
2021-03-17 20:01:15.050,0,-0.0024953237930272,0.4526034407907183,2.0,
2021-03-17 20:01:15.060,0,-0.0007233774989866,0.4923017748345843,2.0,
2021-03-17 20:01:15.070,0,0.0033074788447951,0.518583124046908,2.0,
2021-03-17 20:01:15.080,0,0.0004253698250961,0.5319916116997179,2.0,
2021-03-17 20:01:15.090,0,-0.0050981320466738,0.5444079629792674,2.0,
2021-03-17 20:01:15.100,0,-0.0024787106878000004,0.5464258736381489,2.0,
2021-03-17 20:01:15.110,0,0.0014039890426772,0.5423868381760919,2.0,
2021-03-17 20:01:15.120,0,-0.0017028784307438,0.5325143567130644,2.0,
2021-03-17 20:01:15.130,0,0.0082369556990209,0.5211665233274799,2.0,
2021-03-17 20:01:15.140,0,-0.0024074507698875,0.5074224956986025,2.0,
2021-03-17 20:01:15.150,0,0.0019307221560993,0.4872771452372848,2.0,
2021-03-17 20:01:15.160,0,0.0031282163530788,0.4668954575143419,2.0,
2021-03-17 20:01:15.170,0,0.0057183406703192,0.4478768883042505,2.0,
2021-03-17 20:01:15.180,0,-0.0003323125226117,0.4265431443001532,2.0,
2021-03-17 20:01:15.190,0,-0.0058170579293021,0.398704540226021,2.0,
2021-03-17 20:01:15.200,0,0.0043164682070517,0.3788573213111185,2.0,
2021-03-17 20:01:15.210,0,0.0055300463111862,0.3558502457486078,2.0,
2021-03-17 20:01:15.220,0,-0.0026400282396812,0.3302272871205019,2.0,
2021-03-17 20:01:15.230,0,-0.004225504810308,0.3097169405210039,2.0,
2021-03-17 20:01:15.240,0,0.0025689780763868,0.2868285115797142,2.0,
2021-03-17 20:01:15.250,0,-0.0018922130916842,0.2654102850874738,2.0,
2021-03-17 20:01:15.260,0,0.0071262974633032,0.2421894346154366,2.0,
2021-03-17 20:01:15.270,0,-0.0004034378321265,0.2212143391799179,2.0,
2021-03-17 20:01:15.280,0,0.0022777234848389,0.2030350127312505,2.0,
2021-03-17 20:01:15.290,0,0.0032598238665019,0.1826408794084401,2.0,
2021-03-17 20:01:15.300,0,0.0027926503702797,0.1642577839166857,2.0,
2021-03-17 20:01:15.310,0,-0.0005432925817935,0.1485256325546396,2.0,
2021-03-17 20:01:15.320,0,-0.0041903532478171,0.1322435919833006,2.0,
2021-03-17 20:01:15.330,0,0.0014910508481832,0.1179918868368995,2.0,
2021-03-17 20:01:15.340,0,0.0003391871772182,0.1050114143756292,2.0,
2021-03-17 20:01:15.350,0,0.0028651763449994,0.0915760617575398,2.0,
2021-03-17 20:01:15.360,0,-0.0010982108363997,0.0796678727296037,2.0,
2021-03-17 20:01:15.370,0,0.0006027598878393,0.0698944181392478,2.0,
2021-03-17 20:01:15.380,0,0.0006289027858784,0.059727451856901,2.0,
2021-03-17 20:01:15.390,0,0.0065452757334646,0.051188374751382985,2.0,
2021-03-17 20:01:15.400,0,5.210661290744546e-05,0.0429590044426822,2.0,
2021-03-17 20:01:15.410,0,0.003233662642642,0.0353279870704713,2.0,
2021-03-17 20:01:15.420,0,0.0008472454949246,0.0288020274903012,2.0,
2021-03-17 20:01:15.430,0,-0.0024427107647782,0.0228130304525503,2.0,
2021-03-17 20:01:15.440,0,0.0043003045774562,0.0175031325122199,2.0,
2021-03-17 20:01:15.450,0,0.002661883632862,0.0130754885443961,2.0,
2021-03-17 20:01:15.460,0,-0.0028324357120646,0.0087988021181021,2.0,
2021-03-17 20:01:15.470,0,0.0037991466595273,0.005302811717482001,2.0,
2021-03-17 20:01:15.480,0,0.0034740468560251,0.002265403670876,2.0,
2021-03-17 20:01:15.490,0,0.0066735761761879,0.0,2.0,
2021-03-17 20:01:15.500,0,2.617291371579169e-05,0.0,2.0,
2021-03-17 20:01:15.510,0,0.0005477447398668,0.0,2.0,
2021-03-17 20:01:15.520,0,0.0017990890955905,0.0,2.0,
2021-03-17 20:01:15.530,0,-0.001182201514215,0.0,2.0,
2021-03-17 20:01:15.540,0,-0.0013042325831067,0.0,2.0,
2021-03-17 20:01:15.550,0,0.004165576085147,0.0,2.0,
2021-03-17 20:01:15.560,0,0.0033037772661161,0.0,2.0,
2021-03-17 20:01:15.570,0,-0.0009532485627346,0.0,2.0,
2021-03-17 20:01:15.580,0,-0.0017570560408829,0.0,2.0,
2021-03-17 20:01:15.590,0,0.007428807511048002,0.0,2.0,
2021-03-17 20:01:15.600,0,0.0034706013820567,0.0,2.0,
2021-03-17 20:01:15.610,0,-0.0005622072771359,0.0,2.0,
2021-03-17 20:01:15.620,0,0.0007522924139111,0.0,2.0,
2021-03-17 20:01:15.630,0,-0.0052053453959263,0.0,2.0,
2021-03-17 20:01:15.640,0,-0.0028061052618741,0.0,2.0,
2021-03-17 20:01:15.650,0,-0.0011551666717784,0.0,2.0,
2021-03-17 20:01:15.660,0,0.0013320733841760005,0.0,2.0,
2021-03-17 20:01:15.670,0,-0.0019348399796414,0.0,2.0,
2021-03-17 20:01:15.680,0,0.004948864383743,0.0,2.0,
2021-03-17 20:01:15.690,0,0.0008652603892878,0.0,2.0,
2021-03-17 20:01:15.700,0,-0.0038977794947862,0.0,2.0,
2021-03-17 20:01:15.710,0,0.0060604196365221,0.0,2.0,
2021-03-17 20:01:15.720,0,-0.0019663367206127,0.0,2.0,
2021-03-17 20:01:15.730,0,0.0014887401767475,0.0,2.0,
2021-03-17 20:01:15.740,0,-0.0007134322776308,0.0,2.0,
2021-03-17 20:01:15.750,0,-0.0011885067785117,0.0,2.0,
2021-03-17 20:01:15.760,0,0.0001989305709153,0.0,2.0,
2021-03-17 20:01:15.770,0,0.0016663834937325,0.0,2.0,
2021-03-17 20:01:15.780,0,-0.003350840144342,0.0,2.0,
2021-03-17 20:01:15.790,0,0.0040585053327095,0.0,2.0,
2021-03-17 20:01:15.800,0,0.0004817598483658,0.0,2.0,
2021-03-17 20:01:15.810,0,-0.0042190662109398,0.0,2.0,
2021-03-17 20:01:15.820,0,0.0033317774389009986,0.0,2.0,
2021-03-17 20:01:15.830,0,-0.0057450532717692,0.0,2.0,
2021-03-17 20:01:15.840,0,0.0036334920922025,0.0,2.0,
2021-03-17 20:01:15.850,0,-0.0029797631433850003,0.0,2.0,
2021-03-17 20:01:15.860,0,0.0023329678561896,0.0,2.0,
2021-03-17 20:01:15.870,0,-0.002511535850244,0.0,2.0,
2021-03-17 20:01:15.880,0,-0.0042470118933317,0.0,2.0,
2021-03-17 20:01:15.890,0,0.0054484083520929,0.0,2.0,
2021-03-17 20:01:15.900,0,-0.0004413208814674,0.0,2.0,
2021-03-17 20:01:15.910,0,0.0026347055132964,0.0,2.0,
2021-03-17 20:01:15.920,0,0.0063405480068674,0.0,2.0,
2021-03-17 20:01:15.930,0,0.0026329495817269,0.0,2.0,
2021-03-17 20:01:15.940,0,0.0023953610116279,0.0,2.0,
2021-03-17 20:01:15.950,0,-0.0003236892072916,0.0,2.0,
2021-03-17 20:01:15.960,0,-0.0003200831657709,0.0,2.0,
2021-03-17 20:01:15.970,0,-0.0030421849694352,0.0,2.0,
2021-03-17 20:01:15.980,0,-8.723214685752962e-05,0.0,2.0,
2021-03-17 20:01:15.990,0,-0.0013624298609873,3.1202529914165164e-05,2.0,
2021-03-17 20:01:16.000,0,0.0018090957395803,7.314568348624539e-05,2.0,
2021-03-17 20:01:16.010,0,0.0037783091052734,0.0001095321392939,2.0,
2021-03-17 20:01:16.020,0,-0.0016054288547685,0.0001374512577026,2.0,
2021-03-17 20:01:16.030,0,0.0023823621869325,0.0001620332291321,2.0,
2021-03-17 20:01:16.040,0,-0.0055486477084811,0.0001799913404286,2.0,
2021-03-17 20:01:16.050,0,-0.0056704102860042,0.0001946565121086,2.0,
2021-03-17 20:01:16.060,0,-0.0057223175390164,0.0002047879828596,2.0,
2021-03-17 20:01:16.070,0,0.0013454109978403,0.0002118817583051,2.0,
2021-03-17 20:01:16.080,0,-0.0012743853543641,0.0002145939482522,2.0,
2021-03-17 20:01:16.090,0,-0.0003797289188058,0.000215280942531,2.0,
2021-03-17 20:01:16.100,0,-0.0040123730498129,0.000215104264305,2.0,
2021-03-17 20:01:16.110,0,0.0010285010969046,0.0002115849462864,2.0,
2021-03-17 20:01:16.120,0,0.0022415193710398,0.0002091224902336,2.0,
2021-03-17 20:01:16.130,0,-0.0018671691037742,0.0002035576236546,2.0,
2021-03-17 20:01:16.140,0,-0.0016745084020529,0.0001939283739254,2.0,
2021-03-17 20:01:16.150,0,-0.002150817080394,0.0001853547617024,2.0,
2021-03-17 20:01:16.160,0,0.0008277939749568,0.0001799696056747,2.0,
2021-03-17 20:01:16.170,0,0.0054432372964661,0.0001707870921941,2.0,
2021-03-17 20:01:16.180,0,0.0078666464059222,0.0001625580672649,2.0,
2021-03-17 20:01:16.190,0,0.0048735609568093,0.0001511035355353,2.0,
2021-03-17 20:01:16.200,0,-0.000916346553526,0.0001417702473641,2.0,
2021-03-17 20:01:16.210,0,-0.0028160696538365,0.0001327183945473,2.0,
2021-03-17 20:01:16.220,0,0.0028829740134218,0.0001237403636524,2.0,
2021-03-17 20:01:16.230,0,-0.0054874586496636,0.0001146141416839,2.0,
2021-03-17 20:01:16.240,0,0.002199754587956,0.0001058180808491,2.0,
2021-03-17 20:01:16.250,0,-0.0009694597431796,9.652394167224632e-05,2.0,
2021-03-17 20:01:16.260,0,-0.0021057368440439,8.906899175009085e-05,2.0,
2021-03-17 20:01:16.270,0,0.0010789281084127,8.020978405271925e-05,2.0,
2021-03-17 20:01:16.280,0,0.0010451366585697,7.3831231173871e-05,2.0,
2021-03-17 20:01:16.290,0,0.0041480623233175,6.659660232530005e-05,2.0,
2021-03-17 20:01:16.300,0,-0.0021001762117619,5.9844780471311594e-05,2.0,
2021-03-17 20:01:16.310,0,0.0018722143448761,5.3595094370232926e-05,2.0,
2021-03-17 20:01:16.320,0,-0.0049722082054895,4.793295093876651e-05,2.0,
2021-03-17 20:01:16.330,0,0.0058195447988637,4.210198560422445e-05,2.0,
2021-03-17 20:01:16.340,0,-0.0022339495635283,3.704970277029148e-05,2.0,
2021-03-17 20:01:16.350,0,-0.0037877113867736,3.2447333981169106e-05,2.0,
2021-03-17 20:01:16.360,0,0.003268913650703,2.806651711811639e-05,2.0,
2021-03-17 20:01:16.370,0,0.0008407383828304,2.4286211744074264e-05,2.0,
2021-03-17 20:01:16.380,0,-0.0047080376984995,2.07786084444528e-05,2.0,
2021-03-17 20:01:16.390,0,-0.0017983527783908,1.7325411364527512e-05,1.0,
2021-03-17 20:01:16.400,0,-0.0003427048674227,1.4276419069056295e-05,1.0,
2021-03-17 20:01:16.410,0,0.0047228949002839,1.1679893670809586e-05,1.0,
2021-03-17 20:01:16.420,0,-0.0012875573921958,9.354683296866007e-06,1.0,
2021-03-17 20:01:16.430,0,0.005377258229592999,7.244724565197862e-06,1.0,
2021-03-17 20:01:16.440,0,0.0019976005200653,5.3403852859000195e-06,1.0,
2021-03-17 20:01:16.450,0,-0.0014341382545193,3.660183660245297e-06,1.0,
2021-03-17 20:01:16.460,0,-0.0074968423290271,2.237032093563224e-06,1.0,
2021-03-17 20:01:16.470,0,-0.0007008531371969,9.711498860245536e-07,1.0,
2021-03-17 20:01:16.480,0,-0.0056338337972268,0.0,1.0,
2021-03-17 20:01:16.490,0,0.00030967281842400005,0.0,1.0,
2021-03-17 20:01:16.500,0,-0.0003500296537135,0.0,1.0,
2021-03-17 20:01:16.510,0,0.0074791670211169,0.0,1.0,
2021-03-17 20:01:16.520,0,-0.0030595427097121,0.0,1.0,
2021-03-17 20:01:16.530,0,0.0030184022144229,0.0,1.0,
2021-03-17 20:01:16.540,0,0.0052071561057774,0.0,1.0,
2021-03-17 20:01:16.550,0,-0.0021722598695761,0.0,1.0,
2021-03-17 20:01:16.560,0,-0.0027812344034803,0.0,1.0,
2021-03-17 20:01:16.570,0,0.0010418858491844,0.0,1.0,
2021-03-17 20:01:16.580,0,0.0001641891339091,0.0,1.0,
2021-03-17 20:01:16.590,0,-0.0049581784838284,0.0,1.0,
2021-03-17 20:01:16.600,0,-0.0049019669724367,0.0,1.0,
2021-03-17 20:01:16.610,0,-0.0073838103191967,0.0,1.0,
2021-03-17 20:01:16.620,0,0.0013816903463402,0.0,1.0,
2021-03-17 20:01:16.630,0,0.0003875994818487,0.0,1.0,
2021-03-17 20:01:16.640,0,-0.0042652242147412,0.0,1.0,
2021-03-17 20:01:16.650,0,-0.00170801703148,0.0,1.0,
2021-03-17 20:01:16.660,0,0.0052427407923088,0.0,1.0,
2021-03-17 20:01:16.670,0,-0.004765879465415,0.0,1.0,
2021-03-17 20:01:16.680,0,0.002592751296561,0.0,1.0,
2021-03-17 20:01:16.690,0,0.0041286420158011,0.0,1.0,
2021-03-17 20:01:16.700,0,0.0031101717016548,0.0,1.0,
2021-03-17 20:01:16.710,0,0.0002923643417813,0.0,1.0,
2021-03-17 20:01:16.720,0,0.0037065705830606,0.0,1.0,
2021-03-17 20:01:16.730,0,0.0041651587632864,0.0,1.0,
2021-03-17 20:01:16.740,0,0.0010313887190334,0.0,1.0,
2021-03-17 20:01:16.750,0,-0.0065176742064233,0.0,1.0,
2021-03-17 20:01:16.760,0,0.0015020225115392,0.0,1.0,
2021-03-17 20:01:16.770,0,-0.0006914681800691,0.0,1.0,
2021-03-17 20:01:16.780,0,-0.0038899972710536,0.0,1.0,
2021-03-17 20:01:16.790,0,-9.13143886225666e-05,0.0,1.0,
2021-03-17 20:01:16.800,0,-7.83198543722288e-05,0.0,1.0,
2021-03-17 20:01:16.810,0,0.0010822363514396,0.0,1.0,
2021-03-17 20:01:16.820,0,-0.0038205323705608,0.0,1.0,
2021-03-17 20:01:16.830,0,0.000815048127545,0.0,1.0,
2021-03-17 20:01:16.840,0,0.0007158347645026,0.0,1.0,
2021-03-17 20:01:16.850,0,0.0034836537303766,0.0,1.0,
2021-03-17 20:01:16.860,0,-0.0028875906158607,0.0,1.0,
2021-03-17 20:01:16.870,0,0.002338930809094,0.0,1.0,
2021-03-17 20:01:16.880,0,-0.0015045206503223,0.0,1.0,
2021-03-17 20:01:16.890,0,-0.0013980981699695,0.0,1.0,
2021-03-17 20:01:16.900,0,-0.0036865607787349,0.0,1.0,
2021-03-17 20:01:16.910,0,-0.0028849836141076,0.0,1.0,
2021-03-17 20:01:16.920,0,0.0012915352862466,0.0,1.0,
2021-03-17 20:01:16.930,0,-0.0010460755590416,0.0,1.0,
2021-03-17 20:01:16.940,0,-0.0044135121261719,0.0,1.0,
2021-03-17 20:01:16.950,0,0.0003325537100948,0.0,1.0,
2021-03-17 20:01:16.960,0,0.0002858089482069,0.0,1.0,
2021-03-17 20:01:16.970,0,-0.0044884045383075,0.0,1.0,
2021-03-17 20:01:16.980,0,0.0004086455165504,9.534977707274038e-09,1.0,
2021-03-17 20:01:16.990,0,0.0049847839882827,2.699677068214605e-08,1.0,
2021-03-17 20:01:17.000,0,-0.0020311403488586,4.1160511812430136e-08,1.0,
2021-03-17 20:01:17.010,0,0.0030476953606277,5.3528202324705785e-08,1.0,
2021-03-17 20:01:17.020,0,0.0026133302589969,6.31736481361554e-08,1.0,
2021-03-17 20:01:17.030,0,-0.0007897225515465,7.11163357671751e-08,1.0,
2021-03-17 20:01:17.040,0,0.0031020157508554,7.690688870966754e-08,1.0,
2021-03-17 20:01:17.050,0,0.002164158307085,8.085182082563063e-08,1.0,
2021-03-17 20:01:17.060,0,0.0020084084724187,8.416886108208673e-08,1.0,
2021-03-17 20:01:17.070,0,-0.0027097685304667,8.472319142399936e-08,1.0,
2021-03-17 20:01:17.080,0,-0.0025844313728403,8.662632719940465e-08,1.0,
2021-03-17 20:01:17.090,0,0.0032114567755765,8.60851552620546e-08,1.0,
2021-03-17 20:01:17.100,0,-0.00240623287196,8.50293795723704e-08,1.0,
2021-03-17 20:01:17.110,0,-0.0069711363861259,8.319613637283307e-08,1.0,
2021-03-17 20:01:17.120,0,-0.0022334072234537,8.04921976611194e-08,1.0,
2021-03-17 20:01:17.130,0,0.0029896632058319,7.824190916247264e-08,1.0,
2021-03-17 20:01:17.140,0,0.0019435746564107,7.458807878169988e-08,1.0,
2021-03-17 20:01:17.150,0,0.0023075171094170004,7.14954851763997e-08,1.0,
2021-03-17 20:01:17.160,0,0.0030527763660596,6.81913098428118e-08,1.0,
2021-03-17 20:01:17.170,0,-0.0076207973094593,6.483572097957971e-08,1.0,
2021-03-17 20:01:17.180,0,-0.0004757154109275,6.069350833436276e-08,1.0,
2021-03-17 20:01:17.190,0,-0.0034039502081298,5.673162167454642e-08,1.0,
2021-03-17 20:01:17.200,0,0.0010545805368158,5.375327064039095e-08,1.0,
2021-03-17 20:01:17.210,0,-0.0006038118451290001,4.935259908591758e-08,1.0,
2021-03-17 20:01:17.220,0,0.0025634340706937,4.615965399051448e-08,1.0,
2021-03-17 20:01:17.230,0,-0.0053918463206193,4.2314274868674135e-08,1.0,
2021-03-17 20:01:17.240,0,-0.0012755287238023,3.894789854944098e-08,1.0,
2021-03-17 20:01:17.250,0,0.0014122772250145,3.5580628495415826e-08,1.0,
2021-03-17 20:01:17.260,0,0.000400954654746,3.260442982576422e-08,1.0,
2021-03-17 20:01:17.270,0,-0.0026817307666736,2.936186166662526e-08,1.0,
2021-03-17 20:01:17.280,0,0.0048657810073335,2.6397848561651163e-08,1.0,
2021-03-17 20:01:17.290,0,-0.0026804739852987,2.3888744382880466e-08,1.0,
2021-03-17 20:01:17.300,0,-0.0023345193178126,2.1435786956141378e-08,1.0,
2021-03-17 20:01:17.310,0,0.0029889021044504,1.9065197753099643e-08,1.0,
2021-03-17 20:01:17.320,0,-0.0013697381099567,1.6804395194616384e-08,1.0,
2021-03-17 20:01:17.330,0,0.0020064982287848,1.4690589689517472e-08,1.0,
2021-03-17 20:01:17.340,0,-0.004710328185263,1.297236880966328e-08,1.0,
2021-03-17 20:01:17.350,0,0.0025842592506394,1.1149610140905423e-08,1.0,
2021-03-17 20:01:17.360,0,0.002068106659932,9.678450764229658e-09,1.0,
2021-03-17 20:01:17.370,0,-0.0056262803757443,8.306222028873115e-09,1.0,
2021-03-17 20:01:17.380,0,-0.0041534256913273,6.922885775788465e-09,1.0,
2021-03-17 20:01:17.390,0,0.0029519549233683,5.7683715518574705e-09,1.0,
2021-03-17 20:01:17.400,0,-0.0025746785292455,4.730247565510045e-09,1.0,
2021-03-17 20:01:17.410,0,-0.0054050952196392,3.756319302461485e-09,1.0,
2021-03-17 20:01:17.420,0,0.0034654033833239,2.9279376660215093e-09,1.0,
2021-03-17 20:01:17.430,0,-0.0033261269216901,2.164631987585374e-09,1.0,
2021-03-17 20:01:17.440,0,-0.0009371923594274,1.5073137828787376e-09,1.0,
2021-03-17 20:01:17.450,0,-0.0025884511932252,9.3698670613193e-10,1.0,
2021-03-17 20:01:17.460,0,-0.0042784335501071,4.368112124252607e-10,1.0,
2021-03-17 20:01:17.470,0,0.0039270639705013,2.6010811784815942e-12,1.0,
2021-03-17 20:01:17.480,0,0.0057849079586915,0.0,1.0,
2021-03-17 20:01:17.490,0,0.0017727378741089,0.0,1.0,
2021-03-17 20:01:17.500,0,-0.0011179756932702,0.0,1.0,
2021-03-17 20:01:17.510,0,-0.0028890122089436,0.0,1.0,
2021-03-17 20:01:17.520,0,8.859239834963227e-05,0.0,1.0,
2021-03-17 20:01:17.530,0,-0.0045269482064304,0.0,1.0,
2021-03-17 20:01:17.540,0,0.0024061367408432,0.0,1.0,
2021-03-17 20:01:17.550,0,0.0023550290682088,0.0,1.0,
2021-03-17 20:01:17.560,0,0.0037375086608578,0.0,1.0,
2021-03-17 20:01:17.570,0,0.0032413133623553,0.0,1.0,
2021-03-17 20:01:17.580,0,-0.0030458661150339,0.0,1.0,
2021-03-17 20:01:17.590,0,-0.0036141996930776,0.0,1.0,
2021-03-17 20:01:17.600,0,-0.0010540175314832,0.0,1.0,
2021-03-17 20:01:17.610,0,0.004187142360691,0.0,1.0,
2021-03-17 20:01:17.620,0,0.0058209843578293,0.0,1.0,
2021-03-17 20:01:17.630,0,0.0098484805955375,0.0,1.0,
2021-03-17 20:01:17.640,0,0.0001038156236217,0.0,1.0,
2021-03-17 20:01:17.650,0,0.0002749957226988,0.0,1.0,
2021-03-17 20:01:17.660,0,0.001940501733907,0.0,1.0,
2021-03-17 20:01:17.670,0,-0.0027028411555577,0.0,1.0,
2021-03-17 20:01:17.680,0,0.0018602822580148,0.0,1.0,
2021-03-17 20:01:17.690,0,0.0011920900607352,0.0,1.0,
2021-03-17 20:01:17.700,0,-0.0014405641474787,0.0,1.0,
2021-03-17 20:01:17.710,0,0.0014572315945702,0.0,1.0,
2021-03-17 20:01:17.720,0,0.0014007547762402,0.0,1.0,
2021-03-17 20:01:17.730,0,-0.0010511479175942,0.0,1.0,
2021-03-17 20:01:17.740,0,-0.0018871424824256,0.0,1.0,
2021-03-17 20:01:17.750,0,0.0016756895267889,0.0,1.0,
2021-03-17 20:01:17.760,0,0.0015424509809846,0.0,1.0,
2021-03-17 20:01:17.770,0,0.0023907415914205,0.0,1.0,
2021-03-17 20:01:17.780,0,-0.0010008713780988,0.0,1.0,
2021-03-17 20:01:17.790,0,0.0005627428697533,0.0,1.0,
2021-03-17 20:01:17.800,0,0.0046181426935657,0.0,1.0,
2021-03-17 20:01:17.810,0,0.0044998246532567,0.0,1.0,
2021-03-17 20:01:17.820,0,-0.0030140150464953,0.0,1.0,
2021-03-17 20:01:17.830,0,-0.0005749688566761,0.0,1.0,
2021-03-17 20:01:17.840,0,-0.0058729398880385,0.0,1.0,
2021-03-17 20:01:17.850,0,-0.0012339186323675,0.0,1.0,
2021-03-17 20:01:17.860,0,0.0034222776309814,0.0,1.0,
2021-03-17 20:01:17.870,0,0.0019388076031321,0.0,1.0,
2021-03-17 20:01:17.880,0,-0.0012193197874977,0.0,1.0,
2021-03-17 20:01:17.890,0,-0.0046453096659139,0.0,1.0,
2021-03-17 20:01:17.900,0,0.0036781395943481,0.0,1.0,
2021-03-17 20:01:17.910,0,0.0006605190489828,0.0,1.0,
2021-03-17 20:01:17.920,0,0.0014967778502337,0.0,1.0,
2021-03-17 20:01:17.930,0,0.0065979355590478,0.0,1.0,
2021-03-17 20:01:17.940,0,0.0041121375849306,0.0,1.0,
2021-03-17 20:01:17.950,0,-0.0010717859245498,0.0,1.0,
2021-03-17 20:01:17.960,0,0.0008487370201352,0.0,1.0,
2021-03-17 20:01:17.970,0,0.0016220441863201,3.830626080288478e-12,1.0,
2021-03-17 20:01:17.980,0,8.34654051227483e-05,1.0595941776987899e-11,1.0,
2021-03-17 20:01:17.990,0,-0.0079377718123901,1.633411050756694e-11,1.0,
2021-03-17 20:01:18.000,0,0.0001342598725524,2.1256707864854927e-11,1.0,
2021-03-17 20:01:18.010,0,-0.006343416270229999,2.509053254243225e-11,1.0,
2021-03-17 20:01:18.020,0,-0.000825079754747,2.8296407031007443e-11,1.0,
2021-03-17 20:01:18.030,0,0.0012210890794036,3.0722098621938557e-11,1.0,
2021-03-17 20:01:18.040,0,6.719643042222946e-05,3.2196111629979733e-11,1.0,
2021-03-17 20:01:18.050,0,-0.0041802699931848,3.3303090033851304e-11,1.0,
2021-03-17 20:01:18.060,0,-2.630112951497817e-05,3.388561817225809e-11,1.0,
2021-03-17 20:01:18.070,0,-0.0009344860672743,3.419815600491389e-11,1.0,
2021-03-17 20:01:18.080,0,0.0020483476227436,3.427796787856141e-11,1.0,
2021-03-17 20:01:18.090,0,0.0040188162364715,3.3874332053478876e-11,1.0,
2021-03-17 20:01:18.100,0,-0.0057744168148398,3.355615893540384e-11,1.0,
2021-03-17 20:01:18.110,0,-0.0009943108102792,3.229866736862712e-11,1.0,
2021-03-17 20:01:18.120,0,0.0016433817115066,3.119548871921747e-11,1.0,
2021-03-17 20:01:18.130,0,0.0043814501977786,2.980535409062945e-11,1.0,
2021-03-17 20:01:18.140,0,0.0030700660899998,2.8588223775723994e-11,1.0,
2021-03-17 20:01:18.150,0,-0.0085196925101834,2.7284854425493628e-11,1.0,
2021-03-17 20:01:18.160,0,0.0051247876446126,2.599090332651057e-11,1.0,
2021-03-17 20:01:18.170,0,-0.0026953805963978,2.435853716276001e-11,1.0,
2021-03-17 20:01:18.180,0,-0.0008394353545289999,2.2939010389371945e-11,1.0,
2021-03-17 20:01:18.190,0,0.000170348935938,2.1261133395456828e-11,1.0,
2021-03-17 20:01:18.200,0,-0.0035645482549209,2.0084283721174926e-11,1.0,
2021-03-17 20:01:18.210,0,0.0015847696741232,1.833476250621097e-11,1.0,
2021-03-17 20:01:18.220,0,-0.0055092347598864,1.6931102717408365e-11,1.0,
2021-03-17 20:01:18.230,0,-0.0015811263787889,1.559679266622418e-11,1.0,
2021-03-17 20:01:18.240,0,-0.0002098350077003,1.427670215310218e-11,1.0,
2021-03-17 20:01:18.250,0,-0.0045132807084516,1.3023222161695695e-11,1.0,
2021-03-17 20:01:18.260,0,-0.0036483947486726,1.1825425468484009e-11,1.0,
2021-03-17 20:01:18.270,0,-0.0002487871233488,1.074886930148496e-11,1.0,
2021-03-17 20:01:18.280,0,1.162969546075474e-05,9.604086511089464e-12,1.0,
2021-03-17 20:01:18.290,0,0.0053270277497269,8.578668473751767e-12,1.0,
2021-03-17 20:01:18.300,0,-0.0005704818866009999,7.642933096447294e-12,1.0,
2021-03-17 20:01:18.310,0,-0.0018015995251466,6.824745540664352e-12,1.0,
2021-03-17 20:01:18.320,0,0.0025984457297309,5.960132347235733e-12,1.0,
2021-03-17 20:01:18.330,0,0.0044662019474428,5.18605108180901e-12,1.0,
2021-03-17 20:01:18.340,0,-0.0027279500388017,4.568629579856379e-12,1.0,
2021-03-17 20:01:18.350,0,0.0040053347128189,3.917591867156625e-12,1.0,
2021-03-17 20:01:18.360,0,0.0022301351731648,3.331994916478281e-12,1.0,
2021-03-17 20:01:18.370,0,-0.0019875920305643,2.759379067867321e-12,1.0,
2021-03-17 20:01:18.380,0,0.0053333302994095,2.324746740935e-12,1.0,
2021-03-17 20:01:18.390,0,0.0041710409660457,1.895323134804973e-12,1.0,
2021-03-17 20:01:18.400,0,7.062239667991289e-05,1.4980324941340102e-12,1.0,
2021-03-17 20:01:18.410,0,-0.0033379015319267,1.1810213935629806e-12,1.0,
2021-03-17 20:01:18.420,0,-0.0018248423864907,8.707873060850905e-13,1.0,
2021-03-17 20:01:18.430,0,-0.0010958667774140002,6.076917890563715e-13,1.0,
2021-03-17 20:01:18.440,0,-0.0004411743699363,3.7573962135666094e-13,1.0,
2021-03-17 20:01:18.450,0,0.0042559506099933,1.7617310019949607e-13,1.0,
2021-03-17 20:01:18.460,0,-0.0001274758063743,7.329991331429442e-16,1.0,
2021-03-17 20:01:18.470,0,-0.0039174570957149,0.0,1.0,
2021-03-17 20:01:18.480,0,0.000276400095162,0.0,1.0,
2021-03-17 20:01:18.490,0,-0.0047605082898061,0.0,1.0,
2021-03-17 20:01:18.500,0,0.0024575555181893,0.0,1.0,
2021-03-17 20:01:18.510,0,-0.0052539095733294,0.0,1.0,
2021-03-17 20:01:18.520,0,0.0011260289869304,0.0,1.0,
2021-03-17 20:01:18.530,0,-0.0024654153685152,0.0,1.0,
2021-03-17 20:01:18.540,0,6.52138606866538e-05,0.0,1.0,
2021-03-17 20:01:18.550,0,0.0018200405043315,0.0,1.0,
2021-03-17 20:01:18.560,0,-0.0006968984834610001,0.0,1.0,
2021-03-17 20:01:18.570,0,-0.004311473331505,0.0,1.0,
2021-03-17 20:01:18.580,0,0.0030024756871319,0.0,1.0,
2021-03-17 20:01:18.590,0,-0.002728658930116,0.0,1.0,
2021-03-17 20:01:18.600,0,-0.00495226769935,0.0,1.0,
2021-03-17 20:01:18.610,0,-0.0005619309569854,0.0,1.0,
2021-03-17 20:01:18.620,0,-0.0024060655695278,0.0,1.0,
2021-03-17 20:01:18.630,0,0.0012639786883688,0.0,1.0,
2021-03-17 20:01:18.640,0,0.0013794513013046,0.0,1.0,
2021-03-17 20:01:18.650,0,-0.004972602593342999,0.0,1.0,
2021-03-17 20:01:18.660,0,-0.0036720475690961,0.0,1.0,
2021-03-17 20:01:18.670,0,0.0005752447817651,0.0,1.0,
2021-03-17 20:01:18.680,0,0.0006377481670951,0.0,1.0,
2021-03-17 20:01:18.690,0,-0.00376097414419,0.0,1.0,
2021-03-17 20:01:18.700,0,0.0015918930066059,0.0,1.0,
2021-03-17 20:01:18.710,0,-0.0020259719910446,0.0,1.0,
2021-03-17 20:01:18.720,0,0.0058562313416783,0.0,1.0,
2021-03-17 20:01:18.730,0,-0.0010937425585623,0.0,1.0,
2021-03-17 20:01:18.740,0,0.0035708265255974,0.0,1.0,
2021-03-17 20:01:18.750,0,-0.0015551649879915,0.0,1.0,
2021-03-17 20:01:18.760,0,-0.0007106637747113,0.0,1.0,
2021-03-17 20:01:18.770,0,0.0010847977155883,0.0,1.0,
2021-03-17 20:01:18.780,0,0.0013839252645269,0.0,1.0,
2021-03-17 20:01:18.790,0,0.0011346402938449,0.0,1.0,
2021-03-17 20:01:18.800,0,-0.0036011614905423,0.0,1.0,
2021-03-17 20:01:18.810,0,0.000594504369417,0.0,1.0,
2021-03-17 20:01:18.820,0,0.0072395868602598,0.0,1.0,
2021-03-17 20:01:18.830,0,0.0008957554321923,0.0,1.0,
2021-03-17 20:01:18.840,0,-0.0049383027247687,0.0,1.0,
2021-03-17 20:01:18.850,0,-0.001267795214064,0.0,1.0,
2021-03-17 20:01:18.860,0,-0.0017495205729301,0.0,1.0,
2021-03-17 20:01:18.870,0,-0.0021197888958547,0.0,1.0,
2021-03-17 20:01:18.880,0,0.0033621635962854,0.0,1.0,
2021-03-17 20:01:18.890,0,-0.0002622801288269,0.0,1.0,
2021-03-17 20:01:18.900,0,0.0010509332539133,0.0,1.0,
2021-03-17 20:01:18.910,0,-0.0018365247098824,0.0,1.0,
2021-03-17 20:01:18.920,0,-0.0025348162470882,0.0,1.0,
2021-03-17 20:01:18.930,0,-0.0008467029378344,0.0,1.0,
2021-03-17 20:01:18.940,0,-0.0054383544724438,0.0,1.0,
2021-03-17 20:01:18.950,0,0.0083437523859274,0.0,1.0,
2021-03-17 20:01:18.960,0,0.0045803979845197,1.5388385168720727e-15,1.0,
2021-03-17 20:01:18.970,0,0.0027795387520190003,4.300117107554911e-15,1.0,
2021-03-17 20:01:18.980,0,0.0042167380638177,6.6028775887422285e-15,1.0,
2021-03-17 20:01:18.990,0,0.0012177233487724,8.545013397352981e-15,1.0,
2021-03-17 20:01:19.000,0,0.0022127929035104,1.007080404322946e-14,1.0,
2021-03-17 20:01:19.010,0,0.0045065151944237,1.1290001462771221e-14,1.0,
2021-03-17 20:01:19.020,0,-0.00382340715708,1.2250630048396951e-14,1.0,
2021-03-17 20:01:19.030,0,0.0044292296643394,1.2842579769334671e-14,1.0,
2021-03-17 20:01:19.040,0,-0.002215412665323,1.3339295050256158e-14,1.0,
2021-03-17 20:01:19.050,0,0.0009132747269712,1.3729328602372863e-14,1.0,
2021-03-17 20:01:19.060,0,0.0037442454171425,1.3693053586745992e-14,1.0,
2021-03-17 20:01:19.070,0,-0.003210244626277,1.3594613952738573e-14,1.0,
2021-03-17 20:01:19.080,0,-0.0027478386304913,1.3556824312360382e-14,1.0,
2021-03-17 20:01:19.090,0,-0.0012417879951677,1.3198125412027792e-14,1.0,
2021-03-17 20:01:19.100,0,0.0062911234785199,1.2779789947735816e-14,1.0,
2021-03-17 20:01:19.110,0,-0.0038114138014026,1.238886615243352e-14,1.0,
2021-03-17 20:01:19.120,0,0.0004019661455387,1.1944294155477508e-14,1.0,
2021-03-17 20:01:19.130,0,-0.0022303454027432,1.1324591368183909e-14,1.0,
2021-03-17 20:01:19.140,0,-0.0016764839337719,1.0893363459438929e-14,1.0,
2021-03-17 20:01:19.150,0,-0.0015038702385387,1.0202683821382862e-14,1.0,
2021-03-17 20:01:19.160,0,0.0026541437702013,9.605364216350656e-15,1.0,
2021-03-17 20:01:19.170,0,-0.0056832632935752,9.047110653776971e-15,1.0,
2021-03-17 20:01:19.180,0,0.0067221038448284,8.432927797874906e-15,1.0,
2021-03-17 20:01:19.190,0,0.0026038011809071,7.870707858870497e-15,1.0,
2021-03-17 20:01:19.200,0,-0.0050469587048498,7.307550216716586e-15,1.0,
2021-03-17 20:01:19.210,0,0.001783286349596,6.750872441441287e-15,1.0,
2021-03-17 20:01:19.220,0,-0.0026481691764779994,6.140859662672406e-15,1.0,
2021-03-17 20:01:19.230,0,-0.0007121289497944,5.665421750385654e-15,1.0,
2021-03-17 20:01:19.240,0,0.002162165808612,5.126813721778254e-15,1.0,
2021-03-17 20:01:19.250,0,0.0007175009776019,4.6509734174705886e-15,1.0,
2021-03-17 20:01:19.260,0,0.0013223383187694,4.1854050760832106e-15,1.0,
2021-03-17 20:01:19.270,0,0.0053230506311611,3.742069136954953e-15,1.0,
2021-03-17 20:01:19.280,0,-0.0021733990034768,3.3998331157523198e-15,1.0,
2021-03-17 20:01:19.290,0,0.0042320431159819,3.017403835067821e-15,1.0,
2021-03-17 20:01:19.300,0,-0.0009191320215935,2.654231120282891e-15,1.0,
2021-03-17 20:01:19.310,0,-0.0065070147236996,2.338502630596652e-15,1.0,
2021-03-17 20:01:19.320,0,-0.0010485319571515,2.0572770231543837e-15,1.0,
2021-03-17 20:01:19.330,0,0.0009041344427089,1.7713163404481211e-15,1.0,
2021-03-17 20:01:19.340,0,-0.0040901752398201,1.5214765501000053e-15,1.0,
2021-03-17 20:01:19.350,0,-0.0002444327773102,1.2970988505725189e-15,1.0,
2021-03-17 20:01:19.360,0,0.0010353492164417,1.0883334397578799e-15,1.0,
2021-03-17 20:01:19.370,0,-0.0073513472058012,9.090375500209083e-16,1.0,
2021-03-17 20:01:19.380,0,-0.0067175720213582,7.382585923283509e-16,1.0,
2021-03-17 20:01:19.390,0,0.0007163247076749999,5.918677712332619e-16,1.0,
2021-03-17 20:01:19.400,0,0.0007328759715793,4.587863227146335e-16,1.0,
2021-03-17 20:01:19.410,0,-0.0107092112423847,3.36361779620893e-16,1.0,
2021-03-17 20:01:19.420,0,0.0036528436367418,2.374112580535163e-16,1.0,
2021-03-17 20:01:19.430,0,0.0040819601798086,1.4612716810032876e-16,1.0,
2021-03-17 20:01:19.440,0,0.0023549209592493,6.761291781503087e-17,1.0,
2021-03-17 20:01:19.450,0,0.0022373822648839,1.6075804320946299e-19,1.0,
2021-03-17 20:01:19.460,0,-0.0007398372939443,0.0,1.0,
2021-03-17 20:01:19.470,0,0.0020945073356258,0.0,1.0,
2021-03-17 20:01:19.480,0,-0.0053452648693469,0.0,1.0,
2021-03-17 20:01:19.490,0,-0.0036356356389253,0.0,1.0,
2021-03-17 20:01:19.500,0,0.0017224547268271,0.0,1.0,
2021-03-17 20:01:19.510,0,0.0079742824346269,0.0,1.0,
2021-03-17 20:01:19.520,0,0.000396536844027,0.0,1.0,
2021-03-17 20:01:19.530,0,-0.0020695934295603,0.0,1.0,
2021-03-17 20:01:19.540,0,-0.00215450078197,0.0,1.0,
2021-03-17 20:01:19.550,0,0.0026215518949941,0.0,1.0,
2021-03-17 20:01:19.560,0,0.003696802138476,0.0,1.0,
2021-03-17 20:01:19.570,0,0.0032677219250554,0.0,1.0,
2021-03-17 20:01:19.580,0,-0.0045754788663531,0.0,1.0,
2021-03-17 20:01:19.590,0,-0.0046731937358687,0.0,1.0,
2021-03-17 20:01:19.600,0,6.254499444126935e-05,0.0,1.0,
2021-03-17 20:01:19.610,0,0.0030098708768019,0.0,1.0,
2021-03-17 20:01:19.620,0,-0.0074678168129443,0.0,1.0,
2021-03-17 20:01:19.630,0,-0.0014874615598634,0.0,1.0,
2021-03-17 20:01:19.640,0,0.0016893711303504,0.0,1.0,
2021-03-17 20:01:19.650,0,0.0013971147910079,0.0,1.0,
2021-03-17 20:01:19.660,0,0.0043044249727843,0.0,1.0,
2021-03-17 20:01:19.670,0,-0.0015066539700606,0.0,1.0,
2021-03-17 20:01:19.680,0,0.0023775989908731,0.0,1.0,
2021-03-17 20:01:19.690,0,0.0012144739224330002,0.0,1.0,
2021-03-17 20:01:19.700,0,-0.0019787080938998,0.0,1.0,
2021-03-17 20:01:19.710,0,-0.0046192092183314,0.0,1.0,
2021-03-17 20:01:19.720,0,0.0025745097199515,0.0,1.0,
2021-03-17 20:01:19.730,0,0.0009315616517812,0.0,1.0,
2021-03-17 20:01:19.740,0,-0.0036928250859938,0.0,1.0,
2021-03-17 20:01:19.750,0,0.0002185655354875,0.0,1.0,
2021-03-17 20:01:19.760,0,-0.0024286471351163,0.0,1.0,
2021-03-17 20:01:19.770,0,-0.0015984739776189,0.0,1.0,
2021-03-17 20:01:19.780,0,-0.007181631221331,0.0,1.0,
2021-03-17 20:01:19.790,0,0.0085697199607759,0.0,1.0,
2021-03-17 20:01:19.800,0,-0.010881666899854,0.0,1.0,
2021-03-17 20:01:19.810,0,0.0037148658809138,0.0,1.0,
2021-03-17 20:01:19.820,0,-9.453278741101246e-05,0.0,1.0,
2021-03-17 20:01:19.830,0,-0.0097684589236848,0.0,1.0,
2021-03-17 20:01:19.840,0,0.001850384578871,0.0,1.0,
2021-03-17 20:01:19.850,0,-0.0038236888479326,0.0,1.0,
2021-03-17 20:01:19.860,0,0.0013582788209394,0.0,1.0,
2021-03-17 20:01:19.870,0,-0.0001460994483654,0.0,1.0,
2021-03-17 20:01:19.880,0,-0.003352349805917,0.0,1.0,
2021-03-17 20:01:19.890,0,-0.0034004354665215,0.0,1.0,
2021-03-17 20:01:19.900,0,-0.0062318814655165,0.0,1.0,
2021-03-17 20:01:19.910,0,-0.0017789038200653,0.0,1.0,
2021-03-17 20:01:19.920,0,0.0027957458403293,0.0,1.0,
2021-03-17 20:01:19.930,0,-0.0030365041239333,0.0,1.0,
2021-03-17 20:01:19.940,0,-0.0027930673034081,0.0,1.0,
2021-03-17 20:01:19.950,0,0.0011573450801009,6.027851575208493e-19,1.0,
2021-03-17 20:01:19.960,0,0.0028925399808634,1.6721699289139936e-18,1.0,
2021-03-17 20:01:19.970,0,-0.0015388513599882,2.5425617580771e-18,1.0,
2021-03-17 20:01:19.980,0,-0.0015884569994945,3.29344096398987e-18,1.0,
2021-03-17 20:01:19.990,0,-0.0010128241455471,3.939172541352141e-18,1.0,
2021-03-17 20:01:20.000,0,-0.0040749545680146,4.4011505484238334e-18,1.0,
2021-03-17 20:01:20.010,0,0.0054955721135837,4.759636114531346e-18,1.0,
2021-03-17 20:01:20.020,0,-0.0034135216466638,5.0111431244695975e-18,1.0,
2021-03-17 20:01:20.030,0,0.0062843366074127,5.212645206491978e-18,1.0,
2021-03-17 20:01:20.040,0,0.0034620441798616,5.320084845818763e-18,1.0,
2021-03-17 20:01:20.050,0,-0.0003166842849212,5.3239246136493635e-18,1.0,
2021-03-17 20:01:20.060,0,0.00195205684096,5.309340889964146e-18,1.0,
2021-03-17 20:01:20.070,0,-0.0041303947596323,5.225488269537418e-18,1.0,
2021-03-17 20:01:20.080,0,0.0030085070524655,5.1945262870312135e-18,1.0,
2021-03-17 20:01:20.090,0,0.0006383909699693,5.074166435372426e-18,1.0,
2021-03-17 20:01:20.100,0,0.0026395537402675,4.849918059580465e-18,1.0,
2021-03-17 20:01:20.110,0,0.0020365486429139,4.654083581455616e-18,1.0,
2021-03-17 20:01:20.120,0,0.0005947575077120001,4.463790415390631e-18,1.0,
2021-03-17 20:01:20.130,0,-0.0039189349770379,4.269070832830707e-18,1.0,
2021-03-17 20:01:20.140,0,-0.0012866770704994,3.994810241094512e-18,1.0,
2021-03-17 20:01:20.150,0,0.0021576431473521,3.761512504833616e-18,1.0,
2021-03-17 20:01:20.160,0,-0.0020771761965458,3.54662066878817e-18,1.0,
2021-03-17 20:01:20.170,0,0.0009612598123116,3.2741488597385717e-18,1.0,
2021-03-17 20:01:20.180,0,0.0006959966053288,3.053459859531608e-18,1.0,
2021-03-17 20:01:20.190,0,0.0015256207421414,2.8523791330784987e-18,1.0,
2021-03-17 20:01:20.200,0,0.0008140306862229,2.638099233593824e-18,1.0,
2021-03-17 20:01:20.210,0,4.4828165384526005e-05,2.4223789432559318e-18,1.0,
2021-03-17 20:01:20.220,0,-0.0077390062872938,2.1990658332405857e-18,1.0,
2021-03-17 20:01:20.230,0,-0.0054942965847661,2.022397386613925e-18,1.0,
2021-03-17 20:01:20.240,0,-0.0006188942587887,1.8353432785271927e-18,1.0,
2021-03-17 20:01:20.250,0,0.0027231460231504,1.6497772612263522e-18,1.0,
2021-03-17 20:01:20.260,0,0.00483160801102,1.4983501401779715e-18,1.0,
2021-03-17 20:01:20.270,0,0.0001910823740972,1.3246681190815063e-18,1.0,
2021-03-17 20:01:20.280,0,-0.000469102880833,1.180631444746354e-18,1.0,
2021-03-17 20:01:20.290,0,-0.0016445322078233,1.0548421238633331e-18,1.0,
2021-03-17 20:01:20.300,0,-5.058776409474045e-05,9.193407371634155e-19,1.0,
2021-03-17 20:01:20.310,0,-0.0041770556575492,8.018585067014267e-19,1.0,
2021-03-17 20:01:20.320,0,0.0001045382724869,7.050992066966212e-19,1.0,
2021-03-17 20:01:20.330,0,-0.0026945690861274,6.036367515433325e-19,1.0,
2021-03-17 20:01:20.340,0,0.00190940301604,5.18153057081446e-19,1.0,
2021-03-17 20:01:20.350,0,-0.0022276601153882,4.341267500528744e-19,1.0,
2021-03-17 20:01:20.360,0,-0.0018467682987145,3.5743171628355583e-19,1.0,
2021-03-17 20:01:20.370,0,0.0030639592349861,2.948364966580972e-19,1.0,
2021-03-17 20:01:20.380,0,0.0024259341568662,2.3325302220691594e-19,1.0,
2021-03-17 20:01:20.390,0,0.0015387697906567,1.8115653325754128e-19,1.0,
2021-03-17 20:01:20.400,0,-8.736547535902255e-05,1.3290534776542531e-19,1.0,
2021-03-17 20:01:20.410,0,-0.0021903766120157,9.407921499224116e-20,1.0,
2021-03-17 20:01:20.420,0,0.0009119890996351,5.741249478985809e-20,1.0,
2021-03-17 20:01:20.430,0,0.0053810447721083,2.683513929972061e-20,1.0,
2021-03-17 20:01:20.440,0,-0.0031908885124341,1.5367557502734186e-23,1.0,
2021-03-17 20:01:20.450,0,-0.0014579920814717,0.0,1.0,
2021-03-17 20:01:20.460,0,-0.0030466448299146,0.0,1.0,
2021-03-17 20:01:20.470,0,-0.0022533298754074,0.0,1.0,
2021-03-17 20:01:20.480,0,-0.0039010996727749,0.0,1.0,
2021-03-17 20:01:20.490,0,0.0014493794825102,0.0,1.0,
2021-03-17 20:01:20.500,0,0.0003881509293638,0.0,1.0,
2021-03-17 20:01:20.510,0,0.006012685371744,0.0,1.0,
2021-03-17 20:01:20.520,0,-0.0023820734496639,0.0,1.0,
2021-03-17 20:01:20.530,0,0.0036776534609878,0.0,1.0,
2021-03-17 20:01:20.540,0,0.0004686147068365,0.0,1.0,
2021-03-17 20:01:20.550,0,0.0008223130435089,0.0,1.0,
2021-03-17 20:01:20.560,0,0.0013030294093552,0.0,1.0,
2021-03-17 20:01:20.570,0,2.898810906771164e-05,0.0,1.0,
2021-03-17 20:01:20.580,0,0.0025098317352419,0.0,1.0,
2021-03-17 20:01:20.590,0,-0.00627730858518,0.0,1.0,
2021-03-17 20:01:20.600,0,0.0012922097239664,0.0,1.0,
2021-03-17 20:01:20.610,0,0.0003930246610483,0.0,1.0,
2021-03-17 20:01:20.620,0,0.0032459159437922,0.0,1.0,
2021-03-17 20:01:20.630,0,-0.0035064063128095,0.0,1.0,
2021-03-17 20:01:20.640,0,0.0022728329147881,0.0,1.0,
2021-03-17 20:01:20.650,0,-8.450782433664754e-05,0.0,1.0,
2021-03-17 20:01:20.660,0,0.0021239121314938,0.0,1.0,
2021-03-17 20:01:20.670,0,-0.0009812340545672,0.0,1.0,
2021-03-17 20:01:20.680,0,-0.0016652375296301,0.0,1.0,
2021-03-17 20:01:20.690,0,-0.0028828354057157,0.0,1.0,
2021-03-17 20:01:20.700,0,0.0067530363285517,0.0,1.0,
2021-03-17 20:01:20.710,0,0.0040656680024700005,0.0,1.0,
2021-03-17 20:01:20.720,0,-0.0007739534689597,0.0,1.0,
2021-03-17 20:01:20.730,0,0.0009748660404788,0.0,1.0,
2021-03-17 20:01:20.740,0,-0.0042090973205269,0.0,1.0,
2021-03-17 20:01:20.750,0,0.0001098799930464,0.0,1.0,
2021-03-17 20:01:20.760,0,-0.0036874875648823,0.0,1.0,
2021-03-17 20:01:20.770,0,-0.0021435855643943,0.0,1.0,
2021-03-17 20:01:20.780,0,-0.0049009844343168,0.0,1.0,
2021-03-17 20:01:20.790,0,-0.0023089311494823,0.0,1.0,
2021-03-17 20:01:20.800,0,-0.0064811549564427,0.0,1.0,
2021-03-17 20:01:20.810,0,0.0016184064074474,0.0,1.0,
2021-03-17 20:01:20.820,0,0.0025840716938061,0.0,1.0,
2021-03-17 20:01:20.830,0,0.0027046887861420003,0.0,1.0,
2021-03-17 20:01:20.840,0,-0.0025100028907777,0.0,1.0,
2021-03-17 20:01:20.850,0,0.0024371575804791,0.0,1.0,
2021-03-17 20:01:20.860,0,0.0026627138894242,0.0,1.0,
2021-03-17 20:01:20.870,0,0.0051444706044897,0.0,1.0,
2021-03-17 20:01:20.880,0,-0.0027699322273351,0.0,1.0,
2021-03-17 20:01:20.890,0,-0.0006303511734087,0.0,1.0,
2021-03-17 20:01:20.900,0,0.0018557519266261,0.0,1.0,
2021-03-17 20:01:20.910,0,0.0014635761717581,0.0,1.0,
2021-03-17 20:01:20.920,0,0.0003061754102577,0.0,1.0,
2021-03-17 20:01:20.930,0,0.0001664964438052,0.0,1.0,
2021-03-17 20:01:20.940,0,-0.0031421907715464,2.3843942956327127e-22,1.0,
2021-03-17 20:01:20.950,0,0.0049344546677268,6.6825651286079865e-22,1.0,
2021-03-17 20:01:20.960,0,0.0023584982892892,1.0266126844195767e-21,1.0,
2021-03-17 20:01:20.970,0,-0.0073000688225326,1.3094895116090311e-21,1.0,
2021-03-17 20:01:20.980,0,-0.0015899224891973,1.5552272728491307e-21,1.0,
2021-03-17 20:01:20.990,0,-0.0003697869576254,1.7402786205752285e-21,1.0,
2021-03-17 20:01:21.000,1,0.0076414566526656,1.87788392089276e-21,1.0,
2021-03-17 20:01:21.010,1,-0.0014897478692857,1.9967022167309023e-21,1.0,
2021-03-17 20:01:21.020,1,-0.0043404112233025,2.0629986420006198e-21,1.0,
2021-03-17 20:01:21.030,1,0.0008287558698677,2.097217488856192e-21,1.0,
2021-03-17 20:01:21.040,1,0.0053211494495102,2.119181105521393e-21,1.0,
2021-03-17 20:01:21.050,1,0.0049950197849472,2.125574236043058e-21,1.0,
2021-03-17 20:01:21.060,1,-0.0070806763628633,2.079061689657601e-21,1.0,
2021-03-17 20:01:21.070,1,-0.0010878612632482,2.042669436694798e-21,1.0,
2021-03-17 20:01:21.080,1,-0.0020550812341975,1.99302310354922e-21,1.0,
2021-03-17 20:01:21.090,1,-0.0013879634721029,1.9075586158810028e-21,1.0,
2021-03-17 20:01:21.100,1,-0.0018788142220751,1.8364090039967985e-21,1.0,
2021-03-17 20:01:21.110,1,-0.0070901271814364,1.754009803858279e-21,1.0,
2021-03-17 20:01:21.120,1,-0.0016344746454853,5.35319771535909,1.0,
2021-03-17 20:01:21.130,1,0.024797178661256,20.221676443112788,1.0,
2021-03-17 20:01:21.140,1,0.0362079834931464,43.400055970779675,1.0,
2021-03-17 20:01:21.150,1,0.0540874824008676,72.66613832632927,1.0,
2021-03-17 20:01:21.160,1,0.0926093891200143,107.52933151537218,0.0,
2021-03-17 20:01:21.170,1,0.1322198592437617,150.44627740027562,0.0,
2021-03-17 20:01:21.180,1,0.1451760520752895,198.7019152308223,0.0,
2021-03-17 20:01:21.190,1,0.2218008641469471,250.02630137543315,0.0,
2021-03-17 20:01:21.200,1,0.2136103550704016,299.62583382828063,0.0,
2021-03-17 20:01:21.210,1,0.2581467147225244,359.14777613950554,0.0,
2021-03-17 20:01:21.220,1,0.3111421612619588,416.2056342228185,0.0,
2021-03-17 20:01:21.230,1,0.3031617035332999,477.14092806730383,0.0,
2021-03-17 20:01:21.240,1,0.3999084378992396,534.9405191330578,0.0,
2021-03-17 20:01:21.250,1,0.4775490098724933,585.5795972582811,0.0,
2021-03-17 20:01:21.260,1,0.5594874703655922,651.1504897464979,0.0,
2021-03-17 20:01:21.270,1,0.5139634610637899,697.5898293728018,0.0,
2021-03-17 20:01:21.280,1,0.6523891220112762,749.2499464564964,0.0,
2021-03-17 20:01:21.290,1,0.7460977498817931,800.1335298058818,0.0,
2021-03-17 20:01:21.300,1,0.5747833882052608,853.9823786180174,0.0,
2021-03-17 20:01:21.310,1,0.689978061832808,894.0303475646467,0.0,
2021-03-17 20:01:21.320,1,0.8021387894503887,932.280574030068,0.0,
2021-03-17 20:01:21.330,1,0.9434843457193198,975.4134695426371,0.0,
2021-03-17 20:01:21.340,1,0.8890374096159513,1008.0122154902126,0.0,
2021-03-17 20:01:21.350,1,0.738490332827782,1050.906363646332,0.0,
2021-03-17 20:01:21.360,1,0.8265155788895562,1085.0852852503751,0.0,
2021-03-17 20:01:21.370,1,0.9193122845687052,1108.1953944995678,0.0,
2021-03-17 20:01:21.380,1,1.0594964638183804,1137.357387142803,0.0,
2021-03-17 20:01:21.390,1,1.031218434967108,1162.8734587358094,0.0,
2021-03-17 20:01:21.400,1,1.14056406272094,1198.934847181224,0.0,
2021-03-17 20:01:21.410,1,0.8975158448744529,1209.4896569494867,0.0,
2021-03-17 20:01:21.420,1,1.2780183116043509,1224.4144255906124,0.0,
2021-03-17 20:01:21.430,1,1.1616233321013425,1244.8492003822666,0.0,
2021-03-17 20:01:21.440,1,1.1752164537063896,1270.0384732682255,0.0,
2021-03-17 20:01:21.450,1,1.1375645123436398,1275.8388856068354,0.0,
2021-03-17 20:01:21.460,1,1.014044349626876,1302.4922773023918,0.0,
2021-03-17 20:01:21.470,1,1.1939725843142173,1296.73662857835,0.0,
2021-03-17 20:01:21.480,1,1.028031475744512,1312.753234752442,0.0,
2021-03-17 20:01:21.490,1,1.4046905175072009,1312.8777030488386,0.0,
2021-03-17 20:01:21.500,1,1.1449245697937167,1311.8956963180824,0.0,
2021-03-17 20:01:21.510,1,1.076296653964386,1325.914996498824,0.0,
2021-03-17 20:01:21.520,1,1.3414823550227586,1337.527652971315,0.0,
2021-03-17 20:01:21.530,1,1.3567409540398123,1334.3119623183704,0.0,
2021-03-17 20:01:21.540,1,1.293671605168388,1362.6130945796451,0.0,
2021-03-17 20:01:21.550,1,1.400455067448332,1353.1462714015308,0.0,
2021-03-17 20:01:21.560,1,1.0684869435627364,1345.340073071416,0.0,
2021-03-17 20:01:21.570,1,1.4575156590107976,1349.471462612696,0.0,
2021-03-17 20:01:21.580,1,1.4218067197972593,1360.518271396255,0.0,
2021-03-17 20:01:21.590,1,1.405167741852634,1361.233200664322,0.0,
2021-03-17 20:01:21.600,1,1.0752595795770423,1364.3399038407138,0.0,
2021-03-17 20:01:21.610,1,1.065746586320837,1344.904035379675,0.0,
2021-03-17 20:01:21.620,1,1.0773127532511797,1372.6870127494099,0.0,
2021-03-17 20:01:21.630,1,1.3161325236415915,1371.5350960836518,0.0,
2021-03-17 20:01:21.640,1,1.5646083237704982,1367.703236799078,0.0,
2021-03-17 20:01:21.650,1,1.2038384998843683,1363.2465672456274,0.0,
2021-03-17 20:01:21.660,1,1.4362964182055469,1365.4399314666075,0.0,
2021-03-17 20:01:21.670,1,1.047636384374743,1353.3299370328855,0.0,
2021-03-17 20:01:21.680,1,1.5622748645450184,1362.395418165147,0.0,
2021-03-17 20:01:21.690,1,1.4808552226322005,1349.179237420381,0.0,
2021-03-17 20:01:21.700,1,1.2786201327109177,1368.6697316454195,0.0,
2021-03-17 20:01:21.710,1,1.346882365409432,1362.673709717174,0.0,
2021-03-17 20:01:21.720,1,1.4522825664644654,1363.2872630355714,0.0,
2021-03-17 20:01:21.730,1,1.3491571464478294,1358.371266307956,0.0,
2021-03-17 20:01:21.740,1,1.3316879118290357,1360.375501727737,0.0,
2021-03-17 20:01:21.750,1,1.2128764023698222,1362.3054456092834,0.0,
2021-03-17 20:01:21.760,1,1.2829639781067914,1351.4311393550765,0.0,
2021-03-17 20:01:21.770,1,1.4329112569264009,1367.8965731872595,0.0,
2021-03-17 20:01:21.780,1,1.340870962501248,1357.0804149459946,0.0,
2021-03-17 20:01:21.790,1,1.1245189330734842,1355.67736584505,0.0,
2021-03-17 20:01:21.800,1,1.1350235972362237,1359.7530586504295,0.0,
2021-03-17 20:01:21.810,1,1.3947361763060129,1374.3326263489896,0.0,
2021-03-17 20:01:21.820,1,1.2369768952720115,1353.3928825950304,0.0,
2021-03-17 20:01:21.830,1,1.2960144747578697,1365.205016926743,0.0,
2021-03-17 20:01:21.840,1,1.1948995081819078,1366.9751840048752,0.0,
2021-03-17 20:01:21.850,1,1.2374881855066329,1362.2328652706246,0.0,
2021-03-17 20:01:21.860,1,0.9941831940817184,1360.5434701925958,0.0,
2021-03-17 20:01:21.870,1,1.2558978879330636,1365.5703874879625,0.0,
2021-03-17 20:01:21.880,1,1.1554558298624598,1355.6804462041546,0.0,
2021-03-17 20:01:21.890,1,1.4287440514646257,1369.644710965446,0.0,
2021-03-17 20:01:21.900,1,1.0894218483069869,1357.145806143067,0.0,
2021-03-17 20:01:21.910,1,0.9604402671251632,1360.9323826736775,0.0,
2021-03-17 20:01:21.920,1,1.2749329947378902,1358.964473013006,0.0,
2021-03-17 20:01:21.930,1,1.3751619876371188,1366.6977922948545,0.0,
2021-03-17 20:01:21.940,1,1.2178633521440672,1371.2214909836368,0.0,
2021-03-17 20:01:21.950,1,0.9662136224632428,1365.843832089482,0.0,
2021-03-17 20:01:21.960,1,1.0528962826860808,1353.1159938775418,0.0,
2021-03-17 20:01:21.970,1,1.2258077417579083,1365.7125867027605,0.0,
2021-03-17 20:01:21.980,1,1.251604166380622,1364.3588796425445,0.0,
2021-03-17 20:01:21.990,1,0.9739046722838984,1357.154842456466,0.0,
2021-03-17 20:01:22.000,1,0.9143759157275176,1362.061825082101,0.0,
2021-03-17 20:01:22.010,1,1.0644126490225003,1372.703312778969,0.0,
2021-03-17 20:01:22.020,1,1.0048737000083088,1357.7655824275855,0.0,
2021-03-17 20:01:22.030,1,1.2240462553171405,1367.6753038658794,0.0,
2021-03-17 20:01:22.040,1,0.945185326553482,1366.4968494892469,0.0,
2021-03-17 20:01:22.050,1,1.029062344761467,1369.5706866233757,0.0,
2021-03-17 20:01:22.060,1,1.066203951023799,1368.9434623134753,0.0,
2021-03-17 20:01:22.070,1,1.0341263809636971,1374.5563069772077,0.0,
2021-03-17 20:01:22.080,1,1.218096043089964,1368.091738839238,0.0,
2021-03-17 20:01:22.090,1,1.0997458088157257,1354.357726696883,0.0,
2021-03-17 20:01:22.100,1,0.8285804635072723,1368.2660103413755,0.0,
2021-03-17 20:01:22.110,1,1.0551981810616458,1362.0695868589182,0.0,
2021-03-17 20:01:22.120,1,1.1515654152706722,1363.6783632747404,0.0,
2021-03-17 20:01:22.130,1,0.8927996624607895,1366.3748640428632,0.0,
2021-03-17 20:01:22.140,1,1.1706671851905068,1359.7309484703685,0.0,
2021-03-17 20:01:22.150,1,1.125477023871431,1366.7880466979664,0.0,
2021-03-17 20:01:22.160,1,1.035706780801311,1363.3448140661135,0.0,
2021-03-17 20:01:22.170,1,1.1709476873455342,1360.4961722198118,0.0,
2021-03-17 20:01:22.180,1,1.0365602422231108,1354.5269648063852,0.0,
2021-03-17 20:01:22.190,1,0.992989250343693,1351.2659724579282,0.0,
2021-03-17 20:01:22.200,1,0.9423692140708428,1361.7959247492633,0.0,
2021-03-17 20:01:22.210,1,0.8197763378362926,1353.3041230796862,0.0,
2021-03-17 20:01:22.220,1,0.8681117470803627,1358.4396057795238,0.0,
2021-03-17 20:01:22.230,1,0.8520086600254508,1344.5142350205126,0.0,
2021-03-17 20:01:22.240,1,1.070848570778029,1355.8197215824346,0.0,
2021-03-17 20:01:22.250,1,0.920057663992616,1365.6474692332715,0.0,
2021-03-17 20:01:22.260,1,0.8491640110175398,1350.773422901756,0.0,
2021-03-17 20:01:22.270,1,0.8628029572048865,1352.1265057094292,0.0,
2021-03-17 20:01:22.280,1,0.92744539919888,1353.567285397201,0.0,
2021-03-17 20:01:22.290,1,0.914744258043554,1353.056128229394,0.0,
2021-03-17 20:01:22.300,1,0.9999041047809464,1363.513909134937,0.0,
2021-03-17 20:01:22.310,1,0.9690054409919197,1355.5030717118616,0.0,
2021-03-17 20:01:22.320,1,1.1457491777207809,1354.094045159678,0.0,
2021-03-17 20:01:22.330,1,1.2135217392162287,1356.7607468075028,0.0,
2021-03-17 20:01:22.340,1,1.076736827783783,1352.9588959935202,0.0,
2021-03-17 20:01:22.350,1,0.8351373289150245,1354.79859510314,0.0,
2021-03-17 20:01:22.360,1,0.8896788792919973,1346.4185492784445,0.0,
2021-03-17 20:01:22.370,1,1.0204653776205197,1360.8216585218,0.0,
2021-03-17 20:01:22.380,1,1.079823949508678,1361.885669633633,0.0,
2021-03-17 20:01:22.390,1,1.0587686944100725,1359.0818323887675,0.0,
2021-03-17 20:01:22.400,1,0.8829136629979358,1332.8138340966846,0.0,
2021-03-17 20:01:22.410,1,1.0182899267470098,1360.5268371140994,0.0,
2021-03-17 20:01:22.420,1,1.0506600730078228,1357.2935218600792,0.0,
2021-03-17 20:01:22.430,1,1.165308206531661,1355.6284175712892,0.0,
2021-03-17 20:01:22.440,1,1.219161023343312,1360.2939140580465,0.0,
2021-03-17 20:01:22.450,1,0.8697775108541029,1350.9553203664238,0.0,
2021-03-17 20:01:22.460,1,1.2068552527037897,1359.5095478041226,0.0,
2021-03-17 20:01:22.470,1,1.0684849959367408,1365.0299016266592,0.0,
2021-03-17 20:01:22.480,1,1.087940823196486,1362.4791349807354,0.0,
2021-03-17 20:01:22.490,1,1.2058136178329395,1361.5949656945465,0.0,
2021-03-17 20:01:22.500,1,0.9078875184532176,1355.938313287615,0.0,
2021-03-17 20:01:22.510,1,1.08006406503583,1347.7577123384324,0.0,
2021-03-17 20:01:22.520,1,1.2864118086601652,1361.5423285587208,0.0,
2021-03-17 20:01:22.530,1,1.2214819344649646,1349.8712225706367,0.0,
2021-03-17 20:01:22.540,1,1.2498421436837064,1358.0028169761024,0.0,
2021-03-17 20:01:22.550,1,1.0837689460586932,1361.7847799151914,0.0,
2021-03-17 20:01:22.560,1,1.1891965859171585,1364.0362505825142,0.0,
2021-03-17 20:01:22.570,1,1.309216884682595,1357.517094466696,0.0,
2021-03-17 20:01:22.580,1,1.2082607502878064,1360.0358137679013,0.0,
2021-03-17 20:01:22.590,1,1.0397276288744828,1366.4995064954144,0.0,
2021-03-17 20:01:22.600,1,1.100275925691723,1365.8494706064764,0.0,
2021-03-17 20:01:22.610,1,1.0015571576593898,1364.521742877311,0.0,
2021-03-17 20:01:22.620,1,0.943202323579028,1377.7322124209686,0.0,
2021-03-17 20:01:22.630,1,0.983388679444752,1367.86707131551,0.0,
2021-03-17 20:01:22.640,1,1.3136429674609873,1370.5909155591319,0.0,
2021-03-17 20:01:22.650,1,1.1210883323940912,1363.8154254315746,0.0,
2021-03-17 20:01:22.660,1,1.1241491921151816,1374.456157762845,0.0,
2021-03-17 20:01:22.670,1,1.251893357677713,1366.8540853520612,0.0,
2021-03-17 20:01:22.680,1,1.129735901535179,1373.004179071084,0.0,
2021-03-17 20:01:22.690,1,1.0039030015298018,1375.2559112597744,0.0,
2021-03-17 20:01:22.700,1,0.9653414285001112,1372.69866882333,0.0,
2021-03-17 20:01:22.710,1,1.0761580660099417,1377.2120221218631,0.0,
2021-03-17 20:01:22.720,1,0.9288550392826308,1377.7495919185462,0.0,
2021-03-17 20:01:22.730,1,1.0827445822671444,1392.3221864723182,0.0,
2021-03-17 20:01:22.740,1,1.3735636532326634,1382.864769211886,0.0,
2021-03-17 20:01:22.750,1,1.0942050877530376,1384.270685916527,0.0,
2021-03-17 20:01:22.760,1,1.2775194975682551,1386.4342995386469,0.0,
2021-03-17 20:01:22.770,1,0.9907705222728438,1386.3874638680359,0.0,
2021-03-17 20:01:22.780,1,1.0085613950229193,1386.5364637076618,0.0,
2021-03-17 20:01:22.790,1,1.3611702191362869,1386.5434686635467,0.0,
2021-03-17 20:01:22.800,1,1.2133615201226695,1385.7790070885626,0.0,
2021-03-17 20:01:22.810,1,0.94217560830215,1388.6314073366275,0.0,
2021-03-17 20:01:22.820,1,0.8961970105816647,1380.109849231854,0.0,
2021-03-17 20:01:22.830,1,1.0044335750443512,1391.0893066258227,0.0,
2021-03-17 20:01:22.840,1,1.1369420091729563,1382.660737948687,0.0,
2021-03-17 20:01:22.850,1,1.1654949527867706,1395.6409437056852,0.0,
2021-03-17 20:01:22.860,1,0.9241255669163044,1389.7843870947336,0.0,
2021-03-17 20:01:22.870,1,1.024027331857167,1384.3931495962552,0.0,
2021-03-17 20:01:22.880,1,0.8826124370398283,1404.021618383331,0.0,
2021-03-17 20:01:22.890,1,1.1867277667478893,1392.3017648329417,0.0,
2021-03-17 20:01:22.900,1,1.115956237012348,1384.1729866114292,0.0,
2021-03-17 20:01:22.910,1,0.8589416780939079,1389.9558490748675,0.0,
2021-03-17 20:01:22.920,1,1.1131492621619017,1393.2881970493481,0.0,
2021-03-17 20:01:22.930,1,1.1585084366269591,1380.2831738146094,0.0,
2021-03-17 20:01:22.940,1,1.2016774432930948,1389.6048344764824,0.0,
2021-03-17 20:01:22.950,1,0.9885901598391376,1390.0644650868292,0.0,
2021-03-17 20:01:22.960,1,0.9809523070253432,1389.992244281326,0.0,
2021-03-17 20:01:22.970,1,1.0714252128773198,1382.097656584247,0.0,
2021-03-17 20:01:22.980,1,1.1336660067874162,1394.1262945036704,0.0,
2021-03-17 20:01:22.990,1,1.008815511647074,1384.70826452227,0.0,
2021-03-17 20:01:23.000,0,0.8422991201880411,1398.9914210963464,0.0,
2021-03-17 20:01:23.010,0,0.9043041988599668,1369.5067115899953,0.0,
2021-03-17 20:01:23.020,0,1.1868286640739116,1379.4524806805198,0.0,
2021-03-17 20:01:23.030,0,0.849818477713843,1375.8033630761042,0.0,
2021-03-17 20:01:23.040,0,0.9406602876355636,1388.4539180822726,0.0,
2021-03-17 20:01:23.050,0,1.1420183629265357,1378.4094321927164,0.0,
2021-03-17 20:01:23.060,0,0.9930187159216374,1384.959342019742,0.0,
2021-03-17 20:01:23.070,0,1.0893483079326935,1388.0193618229764,0.0,
2021-03-17 20:01:23.080,0,0.9686993174645326,1383.8376899007128,0.0,
2021-03-17 20:01:23.090,0,1.00343099410702,1366.4439436694895,0.0,
2021-03-17 20:01:23.100,0,1.1348387610173554,1378.8132290417327,0.0,
2021-03-17 20:01:23.110,0,1.010273095146717,1367.349964272107,0.0,
2021-03-17 20:01:23.120,0,1.0901374406460893,1365.3734976754672,0.0,
2021-03-17 20:01:23.130,0,0.8101078117385359,1343.7214893897867,0.0,
2021-03-17 20:01:23.140,0,1.0185275755903294,1322.950860060846,0.0,
2021-03-17 20:01:23.150,0,1.0501429674568188,1283.4076645836435,0.0,
2021-03-17 20:01:23.160,0,1.0399523575491494,1232.4189488949216,0.0,
2021-03-17 20:01:23.170,0,0.9526941788141504,1193.0662415073614,0.0,
2021-03-17 20:01:23.180,0,0.7986323873847795,1132.5197176717036,0.0,
2021-03-17 20:01:23.190,0,0.6529684202906288,1064.5096831547805,0.0,
2021-03-17 20:01:23.200,0,0.7834310335480631,1010.2952677678819,0.0,
2021-03-17 20:01:23.210,0,0.6360939898842021,949.6037595186459,0.0,
2021-03-17 20:01:23.220,0,0.6453233298975118,897.8528509487305,0.0,
2021-03-17 20:01:23.230,0,0.6688146042234505,828.5179712050792,0.0,
2021-03-17 20:01:23.240,0,0.5525376644966499,771.0994211110823,0.0,
2021-03-17 20:01:23.250,0,0.511902964612825,715.1244154459413,0.0,
2021-03-17 20:01:23.260,0,0.5606773918698593,662.8570189798974,0.0,
2021-03-17 20:01:23.270,0,0.501518311800559,607.6383405844588,0.0,
2021-03-17 20:01:23.280,0,0.3735954488462201,553.1630338393197,0.0,
2021-03-17 20:01:23.290,0,0.407599171861658,505.36044954513886,0.0,
2021-03-17 20:01:23.300,0,0.3461435674478204,463.0691797924933,0.0,
2021-03-17 20:01:23.310,0,0.2776607717415545,413.20587608438683,0.0,
2021-03-17 20:01:23.320,0,0.2902259278354605,370.9214586198429,0.0,
2021-03-17 20:01:23.330,0,0.2564660305025477,330.9532500270845,1.0,
2021-03-17 20:01:23.340,0,0.2150097110663768,294.39364559933944,1.0,
2021-03-17 20:01:23.350,0,0.2241720562292058,261.60479826557673,1.0,
2021-03-17 20:01:23.360,0,0.1663740217247886,229.49055138544293,1.0,
2021-03-17 20:01:23.370,0,0.162911516177193,201.611853658596,1.0,
2021-03-17 20:01:23.380,0,0.1531568755377167,173.59242882924497,1.0,
2021-03-17 20:01:23.390,0,0.1066194316992675,149.05005416372808,1.0,
2021-03-17 20:01:23.400,0,0.0805938913718004,126.9845699051666,2.0,
2021-03-17 20:01:23.410,0,0.0958181821657742,107.03404845917736,2.0,
2021-03-17 20:01:23.420,0,0.0845332433267581,89.49927590192623,2.0,
2021-03-17 20:01:23.430,0,0.0704504994236627,72.27148044966069,2.0,
2021-03-17 20:01:23.440,0,0.0506812492230011,57.87649242358521,2.0,
2021-03-17 20:01:23.450,0,0.0393134960238736,44.27363751351092,2.0,
2021-03-17 20:01:23.460,0,0.0224190196463035,32.68946627074507,2.0,
2021-03-17 20:01:23.470,0,0.019397508421968003,22.45422407651491,2.0,
2021-03-17 20:01:23.480,0,0.0085571709566457,13.588625282596555,2.0,
2021-03-17 20:01:23.490,0,0.0039034032038634,5.720424217848997,2.0,
2021-03-17 20:01:23.500,0,0.0011417743240743,0.0,2.0,
2021-03-17 20:01:23.510,0,-0.0054270291731041,0.0,2.0,
2021-03-17 20:01:23.520,0,-0.0141106625792662,0.0,2.0,
2021-03-17 20:01:23.530,0,-0.0137906826084665,0.0,2.0,
2021-03-17 20:01:23.540,0,-0.0212478044586097,0.0,2.0,
2021-03-17 20:01:23.550,0,-0.0191769396129375,0.0,2.0,
2021-03-17 20:01:23.560,0,-0.0190399384949768,0.0,2.0,
2021-03-17 20:01:23.570,0,-0.0194806098244469,0.0,2.0,
2021-03-17 20:01:23.580,0,-0.0156089099801266,0.0,2.0,
2021-03-17 20:01:23.590,0,-0.028317545672386,0.0,2.0,
2021-03-17 20:01:23.600,0,-0.0316698855104305,0.0,2.0,
2021-03-17 20:01:23.610,0,-0.0303293846219449,0.0,2.0,
2021-03-17 20:01:23.620,0,-0.0253368630131314,0.0,2.0,
2021-03-17 20:01:23.630,0,-0.0263324998441123,0.0,2.0,
2021-03-17 20:01:23.640,0,-0.027084395987421,0.0,2.0,
2021-03-17 20:01:23.650,0,-0.0179534445340945,0.0,2.0,
2021-03-17 20:01:23.660,0,-0.0113722074139448,0.0,2.0,
2021-03-17 20:01:23.670,0,-0.0143473506765191,0.0,2.0,
2021-03-17 20:01:23.680,0,-0.0275821241845968,0.0,2.0,
2021-03-17 20:01:23.690,0,-0.0159311431386003,0.0,2.0,
2021-03-17 20:01:23.700,0,-0.0200080948600102,0.0,2.0,
2021-03-17 20:01:23.710,0,-0.017425810802481,0.0,2.0,
2021-03-17 20:01:23.720,0,-0.0172965923547989,0.0,2.0,
2021-03-17 20:01:23.730,0,-0.0094879845599761,0.0,2.0,
2021-03-17 20:01:23.740,0,-0.0163006862750765,0.0,2.0,
2021-03-17 20:01:23.750,0,-0.0017533146313567,0.0,2.0,
2021-03-17 20:01:23.760,0,-0.0094975285066177,0.0,2.0,
2021-03-17 20:01:23.770,0,-0.0119722955295319,0.0,2.0,
2021-03-17 20:01:23.780,0,-0.0120018394958766,0.0,2.0,
2021-03-17 20:01:23.790,0,-0.0107035023094188,0.0,2.0,
2021-03-17 20:01:23.800,0,-0.0074587041914605,0.0,2.0,
2021-03-17 20:01:23.810,0,-0.0098371677054745,0.0,2.0,
2021-03-17 20:01:23.820,0,-0.0071437578126126,0.0,2.0,
2021-03-17 20:01:23.830,0,-0.0050551977474629,0.0,2.0,
2021-03-17 20:01:23.840,0,-0.0031433215264090003,0.0,2.0,
2021-03-17 20:01:23.850,0,-0.0027002647244998,0.0,2.0,
2021-03-17 20:01:23.860,0,-0.0065834621132891,0.0,2.0,
2021-03-17 20:01:23.870,0,0.0026406200910964,0.0,2.0,
2021-03-17 20:01:23.880,0,-0.0031428572930721,0.0,2.0,
2021-03-17 20:01:23.890,0,-0.0034360202637855,0.0,2.0,
2021-03-17 20:01:23.900,0,-0.0036745567834677,0.0,2.0,
2021-03-17 20:01:23.910,0,-0.0008410207444478,0.0,2.0,
2021-03-17 20:01:23.920,0,-0.0053899180193205,0.0,2.0,
2021-03-17 20:01:23.930,0,0.00507360245358,0.0,2.0,
2021-03-17 20:01:23.940,0,-0.0068772229650368,0.0,2.0,
2021-03-17 20:01:23.950,0,0.0018130836649531,0.0,2.0,
2021-03-17 20:01:23.960,0,-0.0066079357075173,0.0,2.0,
2021-03-17 20:01:23.970,0,0.0029144846306584,0.0,2.0,
2021-03-17 20:01:23.980,0,0.0008311073142352,0.0,2.0,
2021-03-17 20:01:23.990,0,-0.0028517867915374,0.0,2.0,
2021-03-17 20:01:24.000,0,-0.0099190725637145,0.0794282768843216,2.0,
2021-03-17 20:01:24.010,0,0.0052630063695503,0.1866619782030519,2.0,
2021-03-17 20:01:24.020,0,0.0005029469280484,0.2739536134491395,2.0,
2021-03-17 20:01:24.030,0,-0.0034576186889129,0.3496392631511923,2.0,
2021-03-17 20:01:24.040,0,-0.0007148261628975,0.4071558816995818,2.0,
2021-03-17 20:01:24.050,0,0.0037413174227339,0.4526344661563272,2.0,
2021-03-17 20:01:24.060,0,-0.0001522687355714,0.4879994152867148,2.0,
2021-03-17 20:01:24.070,0,0.0012743704365744,0.5166650475172048,2.0,
2021-03-17 20:01:24.080,0,-0.0063408930366056,0.5314472132513708,2.0,
2021-03-17 20:01:24.090,0,0.002189621264834,0.5457538071128514,2.0,
2021-03-17 20:01:24.100,0,-0.0012579827360198,0.5442835483520961,2.0,
2021-03-17 20:01:24.110,0,0.0030164269528767,0.5385307569927239,2.0,
2021-03-17 20:01:24.120,0,0.0012469424730098,0.5364763524065967,2.0,
2021-03-17 20:01:24.130,0,0.003463284414585,0.5193275567565296,2.0,
2021-03-17 20:01:24.140,0,-0.0036720379132119,0.5072894683599234,2.0,
2021-03-17 20:01:24.150,0,5.4388579839884916e-05,0.4883907699416792,2.0,
2021-03-17 20:01:24.160,0,0.0014422863006951,0.469909296275471,2.0,
2021-03-17 20:01:24.170,0,-0.0036545213402034,0.4516917177459246,2.0,
2021-03-17 20:01:24.180,0,0.0033591597926278,0.4264847588198322,2.0,
2021-03-17 20:01:24.190,0,-0.0029118279532962,0.4076482476653736,2.0,
2021-03-17 20:01:24.200,0,-0.0007964558575594,0.3831339097188586,2.0,
2021-03-17 20:01:24.210,0,-0.0053143809888764,0.3550942731562735,2.0,
2021-03-17 20:01:24.220,0,0.0047320755371288,0.330994623929969,2.0,
2021-03-17 20:01:24.230,0,-2.162161560933547e-05,0.3110674077273899,2.0,
2021-03-17 20:01:24.240,0,0.0056848494358121,0.2892200221710747,2.0,
2021-03-17 20:01:24.250,0,-0.0002863098715078,0.2650012736675229,2.0,
2021-03-17 20:01:24.260,0,0.0026222638721918,0.2413847135293224,2.0,
2021-03-17 20:01:24.270,0,0.0037499636278609,0.2223861120762869,2.0,
2021-03-17 20:01:24.280,0,0.0013413568389356,0.20199617959622895,2.0,
2021-03-17 20:01:24.290,0,0.0038468855857998,0.1822603348612507,2.0,
2021-03-17 20:01:24.300,0,-0.0024684119228625,0.1653425815053935,2.0,
2021-03-17 20:01:24.310,0,0.0003523216103693,0.1495516879385921,2.0,
2021-03-17 20:01:24.320,0,-0.0003542782393176,0.1338445699401592,2.0,
2021-03-17 20:01:24.330,0,-0.0006891626114449,0.1184726162162625,2.0,
2021-03-17 20:01:24.340,0,-0.0019750263011206,0.1050779979661005,2.0,
2021-03-17 20:01:24.350,0,-0.0028613474044817,0.0924241420374845,2.0,
2021-03-17 20:01:24.360,0,-0.0037761860041245,0.0805839610292798,2.0,
2021-03-17 20:01:24.370,0,0.0014810167384852,0.0700894100038192,2.0,
2021-03-17 20:01:24.380,0,0.0007172522594206,0.0608350464250661,2.0,
2021-03-17 20:01:24.390,0,-0.0002089422316394,0.0511240605430469,2.0,
2021-03-17 20:01:24.400,0,-0.0038312412042385,0.0434225041254027,2.0,
2021-03-17 20:01:24.410,0,0.0002709170084813,0.0358843037970106,2.0,
2021-03-17 20:01:24.420,0,0.0014065491924029,0.0290713552639908,2.0,
2021-03-17 20:01:24.430,0,-0.0032750294985928,0.0234519432810844,2.0,
2021-03-17 20:01:24.440,0,-0.001892311164728,0.0177599214986812,2.0,
2021-03-17 20:01:24.450,0,0.0040721576767432,0.0132021096510863,2.0,
2021-03-17 20:01:24.460,0,-0.0009910933470102,0.0091030147596446,2.0,
2021-03-17 20:01:24.470,0,-3.334800013218242e-05,0.0054416634294245,2.0,
2021-03-17 20:01:24.480,0,-0.0001041017813763,0.0023161243776362,2.0,
2021-03-17 20:01:24.490,0,0.0007678864252372,0.0,2.0,
2021-03-17 20:01:24.500,0,-0.0040781407731278,0.0,2.0,
2021-03-17 20:01:24.510,0,-0.0036627484586077,0.0,2.0,
2021-03-17 20:01:24.520,0,0.0014943199814592,0.0,2.0,
2021-03-17 20:01:24.530,0,0.0026733297066026,0.0,2.0,
2021-03-17 20:01:24.540,0,-0.0001867636319805,0.0,2.0,
2021-03-17 20:01:24.550,0,0.0022507610134531,0.0,2.0,
2021-03-17 20:01:24.560,0,-0.0032529639061796,0.0,2.0,
2021-03-17 20:01:24.570,0,0.0035101890448313,0.0,2.0,
2021-03-17 20:01:24.580,0,-0.0065292270059623,0.0,2.0,
2021-03-17 20:01:24.590,0,0.0059726343449891,0.0,2.0,
2021-03-17 20:01:24.600,0,0.0001961038920685,0.0,2.0,
2021-03-17 20:01:24.610,0,0.0037705701118037,0.0,2.0,
2021-03-17 20:01:24.620,0,-0.0008387580876146,0.0,2.0,
2021-03-17 20:01:24.630,0,0.0023554977875911,0.0,2.0,
2021-03-17 20:01:24.640,0,-0.0018898776893263,0.0,2.0,
2021-03-17 20:01:24.650,0,0.0033042672844712,0.0,2.0,
2021-03-17 20:01:24.660,0,0.0006165776323036,0.0,2.0,
2021-03-17 20:01:24.670,0,-0.0044365716948995,0.0,2.0,
2021-03-17 20:01:24.680,0,0.0007811612389462,0.0,2.0,
2021-03-17 20:01:24.690,0,-0.0011020575816,0.0,2.0,
2021-03-17 20:01:24.700,0,-0.0009699043368608,0.0,2.0,
2021-03-17 20:01:24.710,0,-0.0043437351116819,0.0,2.0,
2021-03-17 20:01:24.720,0,-0.0028919626760013,0.0,2.0,
2021-03-17 20:01:24.730,0,-0.0017756276945901,0.0,2.0,
2021-03-17 20:01:24.740,0,0.0017049093616167,0.0,2.0,
2021-03-17 20:01:24.750,0,-0.0046075421602578,0.0,2.0,
2021-03-17 20:01:24.760,0,0.0048915688477578,0.0,2.0,
2021-03-17 20:01:24.770,0,-0.0056395093991111,0.0,2.0,
2021-03-17 20:01:24.780,0,0.0047564331975107,0.0,2.0,
2021-03-17 20:01:24.790,0,-0.0028018526916597,0.0,2.0,
2021-03-17 20:01:24.800,0,0.0059090343757168,0.0,2.0,
2021-03-17 20:01:24.810,0,-0.0001633034090695,0.0,2.0,
2021-03-17 20:01:24.820,0,-0.0055250538870105,0.0,2.0,
2021-03-17 20:01:24.830,0,-0.0009690087205079,0.0,2.0,
2021-03-17 20:01:24.840,0,0.0041947079767771,0.0,2.0,
2021-03-17 20:01:24.850,0,-0.0059865574748492,0.0,2.0,
2021-03-17 20:01:24.860,0,0.0009313143770072,0.0,2.0,
2021-03-17 20:01:24.870,0,-0.006066808303231,0.0,2.0,
2021-03-17 20:01:24.880,0,-0.000269999996087,0.0,2.0,
2021-03-17 20:01:24.890,0,-0.0011071041494694,0.0,2.0,
2021-03-17 20:01:24.900,0,0.0007482654751389999,0.0,2.0,
2021-03-17 20:01:24.910,0,0.0006353269980233,0.0,2.0,
2021-03-17 20:01:24.920,0,5.5038537340285024e-05,0.0,2.0,
2021-03-17 20:01:24.930,0,-0.0031916385540138,0.0,2.0,
2021-03-17 20:01:24.940,0,0.0017543160823975,0.0,2.0,
2021-03-17 20:01:24.950,0,0.003376701746626,0.0,2.0,
2021-03-17 20:01:24.960,0,-0.001150679735527,0.0,2.0,
2021-03-17 20:01:24.970,0,0.0021201956867392,0.0,2.0,
2021-03-17 20:01:24.980,0,0.0025529882302497,0.0,2.0,
2021-03-17 20:01:24.990,0,-0.0034370405918338,3.215737670796406e-05,2.0,
2021-03-17 20:01:25.000,0,0.0015665263114269,7.413387911914269e-05,2.0,
2021-03-17 20:01:25.010,0,-0.0008323123952095,0.000109399571936,2.0,
2021-03-17 20:01:25.020,0,0.0028684151350942,0.00013918763473299995,2.0,
2021-03-17 20:01:25.030,0,-0.0007414106702959,0.0001612599449806,2.0,
2021-03-17 20:01:25.040,0,0.0014371139725998,0.000181398052573,2.0,
2021-03-17 20:01:25.050,0,0.0012877700043963,0.0001927070682527,2.0,
2021-03-17 20:01:25.060,0,0.0054784826662286,0.0002062116273325,2.0,
2021-03-17 20:01:25.070,0,0.0011573759618274,0.0002114228068656,2.0,
2021-03-17 20:01:25.080,0,-0.0060145210800187,0.0002147445642875,2.0,
2021-03-17 20:01:25.090,0,-0.0018710726616876,0.0002158871865807,2.0,
2021-03-17 20:01:25.100,0,0.0063641208438403,0.0002137172183764,2.0,
2021-03-17 20:01:25.110,0,-0.0003275107296056,0.0002130651531323,2.0,
2021-03-17 20:01:25.120,0,-0.0046320751264696,0.0002056800457166,2.0,
2021-03-17 20:01:25.130,0,0.0024249204822919,0.0002022585553258,2.0,
2021-03-17 20:01:25.140,0,-0.0021298044261128,0.0001933934321984,2.0,
2021-03-17 20:01:25.150,0,0.004085315249715,0.0001887661391938,2.0,
2021-03-17 20:01:25.160,0,-0.0015366028348099,0.0001778206855704,2.0,
2021-03-17 20:01:25.170,0,-0.0020331230705711,0.0001681232194189,2.0,
2021-03-17 20:01:25.180,0,-0.0053548989613729,0.0001599273877365,2.0,
2021-03-17 20:01:25.190,0,-0.0034824928514368,0.0001502841192735,2.0,
2021-03-17 20:01:25.200,0,0.0018522079737445,0.000141284842873,2.0,
2021-03-17 20:01:25.210,0,0.0006026468712983,0.0001318976956628,2.0,
2021-03-17 20:01:25.220,0,-0.0048545851080472,0.0001218454543729,2.0,
2021-03-17 20:01:25.230,0,0.0048044563042986,0.0001115649166629,2.0,
2021-03-17 20:01:25.240,0,0.0004514259306871,0.0001038701619196,2.0,
2021-03-17 20:01:25.250,0,0.0032988679996164,9.523197685009452e-05,2.0,
2021-03-17 20:01:25.260,0,-0.000385818361712,8.779652163159551e-05,2.0,
2021-03-17 20:01:25.270,0,-0.0023491930485099,7.926318004252684e-05,2.0,
2021-03-17 20:01:25.280,0,0.0020284982207678,7.237778041962209e-05,2.0,
2021-03-17 20:01:25.290,0,-0.0030644862374201,6.5119574343405e-05,2.0,
2021-03-17 20:01:25.300,0,-0.0020103173129821,5.794589264175157e-05,2.0,
2021-03-17 20:01:25.310,0,-0.001871223921862,5.268904433624228e-05,2.0,
2021-03-17 20:01:25.320,0,-0.0040463641378526,4.675814898724652e-05,2.0,
2021-03-17 20:01:25.330,0,0.0020146963183984,4.1182619522150926e-05,2.0,
2021-03-17 20:01:25.340,0,-0.000295591411935,3.631622681429667e-05,2.0,
2021-03-17 20:01:25.350,0,-0.0043763470780461,3.1807405473212354e-05,2.0,
2021-03-17 20:01:25.360,0,0.0018887193193971,2.77635565776852e-05,2.0,
2021-03-17 20:01:25.370,0,-0.0029772128769539,2.3536181304569143e-05,2.0,
2021-03-17 20:01:25.380,0,-0.0008345700603450001,2.0005121837834227e-05,2.0,
2021-03-17 20:01:25.390,0,0.0015530114682235,1.686804696949499e-05,1.0,
2021-03-17 20:01:25.400,0,0.0065774746198781,1.4042857105625635e-05,1.0,
2021-03-17 20:01:25.410,0,0.0022315633201152,1.1484695521850446e-05,1.0,
2021-03-17 20:01:25.420,0,0.0017197112897408,9.135292100639473e-06,1.0,
2021-03-17 20:01:25.430,0,0.0019207978514835,7.051345587216092e-06,1.0,
2021-03-17 20:01:25.440,0,-0.002446166131421,5.2320947676033225e-06,1.0,
2021-03-17 20:01:25.450,0,0.0003001487918072,3.612190570457048e-06,1.0,
2021-03-17 20:01:25.460,0,-0.0042413687310108,2.1760697498196785e-06,1.0,
2021-03-17 20:01:25.470,0,-0.0013531626504114,9.508210640591169e-07,1.0,
2021-03-17 20:01:25.480,0,0.0006611438115995,0.0,1.0,
2021-03-17 20:01:25.490,0,-0.0077193619946997,0.0,1.0,
2021-03-17 20:01:25.500,0,-7.050911380169899e-05,0.0,1.0,
2021-03-17 20:01:25.510,0,0.0001140005760873,0.0,1.0,
2021-03-17 20:01:25.520,0,-0.0047696789999801,0.0,1.0,
2021-03-17 20:01:25.530,0,0.000967689134718,0.0,1.0,
2021-03-17 20:01:25.540,0,0.0018753387013053,0.0,1.0,
2021-03-17 20:01:25.550,0,0.0077015630402716,0.0,1.0,
2021-03-17 20:01:25.560,0,0.0020989105644713,0.0,1.0,
2021-03-17 20:01:25.570,0,0.0013610098324957,0.0,1.0,
2021-03-17 20:01:25.580,0,-0.0004822176756052,0.0,1.0,
2021-03-17 20:01:25.590,0,-0.0001097663839046,0.0,1.0,
2021-03-17 20:01:25.600,0,-0.0004105642345988,0.0,1.0,
2021-03-17 20:01:25.610,0,-0.0046589522856335,0.0,1.0,
2021-03-17 20:01:25.620,0,9.106354969639683e-05,0.0,1.0,
2021-03-17 20:01:25.630,0,0.0062040204628487,0.0,1.0,
2021-03-17 20:01:25.640,0,0.0012232062863915,0.0,1.0,
2021-03-17 20:01:25.650,0,0.0012134971004226,0.0,1.0,
2021-03-17 20:01:25.660,0,0.0019236299423594,0.0,1.0,
2021-03-17 20:01:25.670,0,0.0004049604116895,0.0,1.0,
2021-03-17 20:01:25.680,0,0.001604563476992,0.0,1.0,
2021-03-17 20:01:25.690,0,0.0051469646299021,0.0,1.0,
2021-03-17 20:01:25.700,0,0.0031938387338484,0.0,1.0,
2021-03-17 20:01:25.710,0,0.0042654153260968,0.0,1.0,
2021-03-17 20:01:25.720,0,-0.0031628141587813,0.0,1.0,
2021-03-17 20:01:25.730,0,0.0012261817308492,0.0,1.0,
2021-03-17 20:01:25.740,0,0.0033890960239289,0.0,1.0,
2021-03-17 20:01:25.750,0,0.0010114455598857,0.0,1.0,
2021-03-17 20:01:25.760,0,0.0022771424789661,0.0,1.0,
2021-03-17 20:01:25.770,0,0.0003668434099641,0.0,1.0,
2021-03-17 20:01:25.780,0,0.0040013185762334,0.0,1.0,
2021-03-17 20:01:25.790,0,-0.0008624108144453,0.0,1.0,
2021-03-17 20:01:25.800,0,-0.0003361742628666,0.0,1.0,
2021-03-17 20:01:25.810,0,0.0059472699234063,0.0,1.0,
2021-03-17 20:01:25.820,0,0.0061390471273049,0.0,1.0,
2021-03-17 20:01:25.830,0,0.0018969847014763,0.0,1.0,
2021-03-17 20:01:25.840,0,0.0002541130673863,0.0,1.0,
2021-03-17 20:01:25.850,0,-0.0031143375162756,0.0,1.0,
2021-03-17 20:01:25.860,0,-0.0067375009671075,0.0,1.0,
2021-03-17 20:01:25.870,0,-0.004197512266966,0.0,1.0,
2021-03-17 20:01:25.880,0,0.0004736337462704,0.0,1.0,
2021-03-17 20:01:25.890,0,-0.0007972587091857,0.0,1.0,
2021-03-17 20:01:25.900,0,-0.0049606984711219,0.0,1.0,
2021-03-17 20:01:25.910,0,-0.0010405615627456,0.0,1.0,
2021-03-17 20:01:25.920,0,-0.0032148013029909,0.0,1.0,
2021-03-17 20:01:25.930,0,0.0030312636830100003,0.0,1.0,
2021-03-17 20:01:25.940,0,0.0064671401142781,0.0,1.0,
2021-03-17 20:01:25.950,0,0.0007710400486555,0.0,1.0,
2021-03-17 20:01:25.960,0,0.0005673044233241,0.0,1.0,
2021-03-17 20:01:25.970,0,-0.0016586468543186,0.0,1.0,
2021-03-17 20:01:25.980,0,-0.0007410307583581,9.362640639246744e-09,1.0,
2021-03-17 20:01:25.990,0,0.0044981936108676,2.6139008170216154e-08,1.0,
2021-03-17 20:01:26.000,0,0.0020459568445255,4.0144881591791975e-08,1.0,
2021-03-17 20:01:26.010,0,0.0010011964462077,5.1362795792242196e-08,1.0,
2021-03-17 20:01:26.020,0,-0.0022855541701377,6.163683563622923e-08,1.0,
2021-03-17 20:01:26.030,0,-0.0017339123457865,6.876589958882967e-08,1.0,
2021-03-17 20:01:26.040,0,0.003121291404776,7.457152284463537e-08,1.0,
2021-03-17 20:01:26.050,0,0.0001690493818097,7.769663939720866e-08,1.0,
2021-03-17 20:01:26.060,0,-0.0043225908322028,8.199042233106299e-08,1.0,
2021-03-17 20:01:26.070,0,-0.0015937057785832,8.377616251826677e-08,1.0,
2021-03-17 20:01:26.080,0,-0.0041130669322305,8.36322432104503e-08,1.0,
2021-03-17 20:01:26.090,0,-0.0015495053637264,8.362953338692862e-08,1.0,
2021-03-17 20:01:26.100,0,-0.0031110958037535,8.194647583145225e-08,1.0,
2021-03-17 20:01:26.110,0,-0.0004629637963376,8.052608711965616e-08,1.0,
2021-03-17 20:01:26.120,0,0.0001381250426513,7.736670182589837e-08,1.0,
2021-03-17 20:01:26.130,0,0.0009349279514582,7.662748521847996e-08,1.0,
2021-03-17 20:01:26.140,0,0.0031052442851389,7.295143812601156e-08,1.0,
2021-03-17 20:01:26.150,0,0.003647079602422,6.912362034749218e-08,1.0,
2021-03-17 20:01:26.160,0,-0.0031813479588167,6.60628543862355e-08,1.0,
2021-03-17 20:01:26.170,0,-0.0082443989383831,6.268038653807666e-08,1.0,
2021-03-17 20:01:26.180,0,0.0031402288008868,5.8772402026902674e-08,1.0,
2021-03-17 20:01:26.190,0,0.0009086884972166,5.5887509963698127e-08,1.0,
2021-03-17 20:01:26.200,0,0.0045191304975825,5.164671556496371e-08,1.0,
2021-03-17 20:01:26.210,0,-0.0013346422262188,4.819846018764393e-08,1.0,
2021-03-17 20:01:26.220,0,0.0047560127008533,4.4496555828974614e-08,1.0,
2021-03-17 20:01:26.230,0,0.0021441522563677,4.1140309320706016e-08,1.0,
2021-03-17 20:01:26.240,0,0.0030469188439724,3.75310625192728e-08,1.0,
2021-03-17 20:01:26.250,0,0.0011038760296269,3.4236809539493614e-08,1.0,
2021-03-17 20:01:26.260,0,-0.000278997855684,3.188588963741123e-08,1.0,
2021-03-17 20:01:26.270,0,0.000489560680733,2.8756794915358282e-08,1.0,
2021-03-17 20:01:26.280,0,-0.0033013111452025,2.599016356839428e-08,1.0,
2021-03-17 20:01:26.290,0,-0.0045022956578145,2.3516798463386533e-08,1.0,
2021-03-17 20:01:26.300,0,7.302622162180316e-05,2.1003067193180367e-08,1.0,
2021-03-17 20:01:26.310,0,-0.0029554234980623,1.8587433872918117e-08,1.0,
2021-03-17 20:01:26.320,0,0.0038741584090138,1.6498041812574373e-08,1.0,
2021-03-17 20:01:26.330,0,-0.001595577587911,1.4519167043343797e-08,1.0,
2021-03-17 20:01:26.340,0,0.0014404010924977,1.2709632956848972e-08,1.0,
2021-03-17 20:01:26.350,0,0.0026922502036438,1.1031786122844856e-08,1.0,
2021-03-17 20:01:26.360,0,0.0032078889788324,9.428178014707323e-09,1.0,
2021-03-17 20:01:26.370,0,-0.0015107435462766,8.125907867896406e-09,1.0,
2021-03-17 20:01:26.380,0,0.0019338388998984,6.874039131569045e-09,1.0,
2021-03-17 20:01:26.390,0,-0.0020653684934446,5.669753761246036e-09,1.0,
2021-03-17 20:01:26.400,0,-0.0028571175603806,4.661786154331409e-09,1.0,
2021-03-17 20:01:26.410,0,0.0005377289916191,3.7452562147464205e-09,1.0,
2021-03-17 20:01:26.420,0,-0.0030016544405454,2.86840562495812e-09,1.0,
2021-03-17 20:01:26.430,0,0.0025619829150214,2.137666351365471e-09,1.0,
2021-03-17 20:01:26.440,0,-4.792514131426808e-05,1.503344653440655e-09,1.0,
2021-03-17 20:01:26.450,0,0.0029210109449309,9.328832310835116e-10,1.0,
2021-03-17 20:01:26.460,0,0.0002577978883352,4.2506719435783614e-10,1.0,
2021-03-17 20:01:26.470,0,-0.0019160242955475,2.58913927265569e-12,1.0,
2021-03-17 20:01:26.480,0,0.0045459158101259,0.0,1.0,
2021-03-17 20:01:26.490,0,-0.0009598651021149,0.0,1.0,
2021-03-17 20:01:26.500,0,0.0067682410941366,0.0,1.0,
2021-03-17 20:01:26.510,0,-0.0047765432311697,0.0,1.0,
2021-03-17 20:01:26.520,0,0.0005140272578073,0.0,1.0,
2021-03-17 20:01:26.530,0,0.0007100129012027,0.0,1.0,
2021-03-17 20:01:26.540,0,-0.0025149763106701,0.0,1.0,
2021-03-17 20:01:26.550,0,0.0061439043148533,0.0,1.0,
2021-03-17 20:01:26.560,0,0.0019457919284675,0.0,1.0,
2021-03-17 20:01:26.570,0,-0.0026203155375711,0.0,1.0,
2021-03-17 20:01:26.580,0,0.0045512831912157,0.0,1.0,
2021-03-17 20:01:26.590,0,-0.0018561733678409,0.0,1.0,
2021-03-17 20:01:26.600,0,0.0007781942515437,0.0,1.0,
2021-03-17 20:01:26.610,0,0.008619375854689002,0.0,1.0,
2021-03-17 20:01:26.620,0,-0.0017509237514226,0.0,1.0,
2021-03-17 20:01:26.630,0,0.0038615251046356,0.0,1.0,
2021-03-17 20:01:26.640,0,0.0016001653928012,0.0,1.0,
2021-03-17 20:01:26.650,0,-0.0007412591922682,0.0,1.0,
2021-03-17 20:01:26.660,0,-0.0016660250723994,0.0,1.0,
2021-03-17 20:01:26.670,0,-0.0030333198575005,0.0,1.0,
2021-03-17 20:01:26.680,0,0.0022733869308106,0.0,1.0,
2021-03-17 20:01:26.690,0,0.0026160920013194,0.0,1.0,
2021-03-17 20:01:26.700,0,0.0091216514853802,0.0,1.0,
2021-03-17 20:01:26.710,0,-0.0025492363001974,0.0,1.0,
2021-03-17 20:01:26.720,0,-0.0046949322379189,0.0,1.0,
2021-03-17 20:01:26.730,0,0.0013921728468169,0.0,1.0,
2021-03-17 20:01:26.740,0,0.0024167730173889,0.0,1.0,
2021-03-17 20:01:26.750,0,-0.0039242895441974,0.0,1.0,
2021-03-17 20:01:26.760,0,-0.0040409122009252,0.0,1.0,
2021-03-17 20:01:26.770,0,0.0019842457881713,0.0,1.0,
2021-03-17 20:01:26.780,0,-0.0005726734280268,0.0,1.0,
2021-03-17 20:01:26.790,0,0.0015493804388024,0.0,1.0,
2021-03-17 20:01:26.800,0,0.0035527287548131,0.0,1.0,
2021-03-17 20:01:26.810,0,0.0032092045899379,0.0,1.0,
2021-03-17 20:01:26.820,0,-0.0004603899820014,0.0,1.0,
2021-03-17 20:01:26.830,0,0.0011195808760759,0.0,1.0,
2021-03-17 20:01:26.840,0,-0.0025781210939815,0.0,1.0,
2021-03-17 20:01:26.850,0,0.0042929474109337,0.0,1.0,
2021-03-17 20:01:26.860,0,-0.0050169006272376,0.0,1.0,
2021-03-17 20:01:26.870,0,-0.0041181670877454,0.0,1.0,
2021-03-17 20:01:26.880,0,0.0004910688681713,0.0,1.0,
2021-03-17 20:01:26.890,0,-0.0006807402075041,0.0,1.0,
2021-03-17 20:01:26.900,0,0.0026651288917952,0.0,1.0,
2021-03-17 20:01:26.910,0,-0.0039710553984565,0.0,1.0,
2021-03-17 20:01:26.920,0,0.0019852316109635,0.0,1.0,
2021-03-17 20:01:26.930,0,0.0020509994996955,0.0,1.0,
2021-03-17 20:01:26.940,0,0.0016403905205159,0.0,1.0,
2021-03-17 20:01:26.950,0,0.0046217435895999,0.0,1.0,
2021-03-17 20:01:26.960,0,0.0051324782153428,0.0,1.0,
2021-03-17 20:01:26.970,0,-0.0025347152219395,3.751364662588439e-12,1.0,
2021-03-17 20:01:26.980,0,-0.0005500309604607,1.0495792406170477e-11,1.0,
2021-03-17 20:01:26.990,0,-0.006694947236138,1.607377710259003e-11,1.0,
2021-03-17 20:01:27.000,0,0.0073624447347559,2.078367297171989e-11,1.0,
2021-03-17 20:01:27.010,0,-0.0018821678643281,2.4439215976788897e-11,1.0,
2021-03-17 20:01:27.020,0,-0.0033593112616497,2.7114414555578656e-11,1.0,
2021-03-17 20:01:27.030,0,-0.0054882172018289,2.9386241140414216e-11,1.0,
2021-03-17 20:01:27.040,0,0.0007602090676684,3.120245716090655e-11,1.0,
2021-03-17 20:01:27.050,0,-0.0007258777865005,3.2266876460632993e-11,1.0,
2021-03-17 20:01:27.060,0,-0.0022623070229491,3.294672213038905e-11,1.0,
2021-03-17 20:01:27.070,0,0.0051891198091563,3.32514778291847e-11,1.0,
2021-03-17 20:01:27.080,0,-0.0038463638342088,3.287687794079192e-11,1.0,
2021-03-17 20:01:27.090,0,0.0037139773679836,3.2500281718317497e-11,1.0,
2021-03-17 20:01:27.100,0,0.0009940948577756,3.202789449653493e-11,1.0,
2021-03-17 20:01:27.110,0,0.0036680227808037,3.089279317854073e-11,1.0,
2021-03-17 20:01:27.120,0,-0.0052891696187337,2.9487760681401764e-11,1.0,
2021-03-17 20:01:27.130,0,0.0017786222293548,2.882935062297425e-11,1.0,
2021-03-17 20:01:27.140,0,-0.0014830687597184,2.7646812448552337e-11,1.0,
2021-03-17 20:01:27.150,0,0.0057044379311682,2.6293332439998036e-11,1.0,
2021-03-17 20:01:27.160,0,0.0032677964938574,2.463277782278005e-11,1.0,
2021-03-17 20:01:27.170,0,-0.0025024347573008,2.3211148035747557e-11,1.0,
2021-03-17 20:01:27.180,0,-0.0021096284808391,2.1671897008139607e-11,1.0,
2021-03-17 20:01:27.190,0,0.0032589330885745,2.0557453932678337e-11,1.0,
2021-03-17 20:01:27.200,0,0.0031024729399704,1.90261384681264e-11,1.0,
2021-03-17 20:01:27.210,0,0.0010135514188368,1.7620079943083228e-11,1.0,
2021-03-17 20:01:27.220,0,-0.0037566415450081,1.6138553512522297e-11,1.0,
2021-03-17 20:01:27.230,0,-0.0007970558046579,1.4870218755870725e-11,1.0,
2021-03-17 20:01:27.240,0,-0.0006625765415573,1.3573784423082767e-11,1.0,
2021-03-17 20:01:27.250,0,-0.0022109029098547,1.2565540643344105e-11,1.0,
2021-03-17 20:01:27.260,0,0.004542524698335,1.1280626109976575e-11,1.0,
2021-03-17 20:01:27.270,0,0.0010447199435311,1.0157712139646687e-11,1.0,
2021-03-17 20:01:27.280,0,-0.0031662232265996,9.07877839350641e-12,1.0,
2021-03-17 20:01:27.290,0,0.0026482716780261,8.213192827489746e-12,1.0,
2021-03-17 20:01:27.300,0,-0.0042245089059016,7.303913014774486e-12,1.0,
2021-03-17 20:01:27.310,0,0.0019567018410386,6.5254428353675895e-12,1.0,
2021-03-17 20:01:27.320,0,-0.0050660548621121,5.6975113335605455e-12,1.0,
2021-03-17 20:01:27.330,0,0.0016299857661251,5.007809132446147e-12,1.0,
2021-03-17 20:01:27.340,0,0.0064998837791852,4.366905440686959e-12,1.0,
2021-03-17 20:01:27.350,0,0.0064789634078453,3.70353498754842e-12,1.0,
2021-03-17 20:01:27.360,0,-0.0018671934306502,3.1747994238943106e-12,1.0,
2021-03-17 20:01:27.370,0,0.0032435464597672,2.674988223204976e-12,1.0,
2021-03-17 20:01:27.380,0,-0.0014833044933094,2.2240653310603205e-12,1.0,
2021-03-17 20:01:27.390,0,-0.0058020073784133,1.8302181394365837e-12,1.0,
2021-03-17 20:01:27.400,0,0.0053169734736236,1.4570505009966178e-12,1.0,
2021-03-17 20:01:27.410,0,0.0033601349832312,1.1257936408949476e-12,1.0,
2021-03-17 20:01:27.420,0,-0.0051434111700759,8.289737149746839e-13,1.0,
2021-03-17 20:01:27.430,0,-0.0018275813163327,5.790385938561508e-13,1.0,
2021-03-17 20:01:27.440,0,0.0046816892533907,3.6200428419864697e-13,1.0,
2021-03-17 20:01:27.450,0,0.0013502415383997,1.672675932717681e-13,1.0,
2021-03-17 20:01:27.460,0,0.0033625748198828,7.095462553438129e-16,1.0,
2021-03-17 20:01:27.470,0,0.0019325650126535,0.0,1.0,
2021-03-17 20:01:27.480,0,0.002866361104896,0.0,1.0,
2021-03-17 20:01:27.490,0,-0.0081046185351204,0.0,1.0,
2021-03-17 20:01:27.500,0,-0.0009365698234502,0.0,1.0,
2021-03-17 20:01:27.510,0,-0.0005522307268796,0.0,1.0,
2021-03-17 20:01:27.520,0,-0.0003600919052589,0.0,1.0,
2021-03-17 20:01:27.530,0,-0.0014302118802369,0.0,1.0,
2021-03-17 20:01:27.540,0,0.0045584262267944,0.0,1.0,
2021-03-17 20:01:27.550,0,0.0056654589847991,0.0,1.0,
2021-03-17 20:01:27.560,0,-0.0051404180442714,0.0,1.0,
2021-03-17 20:01:27.570,0,0.0013802910225979,0.0,1.0,
2021-03-17 20:01:27.580,0,0.0027596445681697,0.0,1.0,
2021-03-17 20:01:27.590,0,0.002115585485878,0.0,1.0,
2021-03-17 20:01:27.600,0,0.0012706396102742,0.0,1.0,
2021-03-17 20:01:27.610,0,0.0029497198076993,0.0,1.0,
2021-03-17 20:01:27.620,0,6.842906439559972e-05,0.0,1.0,
2021-03-17 20:01:27.630,0,0.0002078694732319,0.0,1.0,
2021-03-17 20:01:27.640,0,-0.0016073172938152,0.0,1.0,
2021-03-17 20:01:27.650,0,-0.0006110197662068,0.0,1.0,
2021-03-17 20:01:27.660,0,-0.0012835583368241,0.0,1.0,
2021-03-17 20:01:27.670,0,-0.0040144695089907,0.0,1.0,
2021-03-17 20:01:27.680,0,-0.0043644629189651,0.0,1.0,
2021-03-17 20:01:27.690,0,-0.0028278691902879,0.0,1.0,
2021-03-17 20:01:27.700,0,0.0038487460288472,0.0,1.0,
2021-03-17 20:01:27.710,0,-0.0037192971548157,0.0,1.0,
2021-03-17 20:01:27.720,0,-0.0012250195258999,0.0,1.0,
2021-03-17 20:01:27.730,0,0.0028253902451532,0.0,1.0,
2021-03-17 20:01:27.740,0,0.0018434201961068,0.0,1.0,
2021-03-17 20:01:27.750,0,0.0041292474730595,0.0,1.0,
2021-03-17 20:01:27.760,0,-0.0049391586847558,0.0,1.0,
2021-03-17 20:01:27.770,0,0.0008960693896876,0.0,1.0,
2021-03-17 20:01:27.780,0,-0.0025451853176162,0.0,1.0,
2021-03-17 20:01:27.790,0,-0.0010076817335843,0.0,1.0,
2021-03-17 20:01:27.800,0,0.0007734142370475,0.0,1.0,
2021-03-17 20:01:27.810,0,-0.0036963400317208,0.0,1.0,
2021-03-17 20:01:27.820,0,-0.001592621260697,0.0,1.0,
2021-03-17 20:01:27.830,0,0.0004075340387195,0.0,1.0,
2021-03-17 20:01:27.840,0,0.0037883896993373,0.0,1.0,
2021-03-17 20:01:27.850,0,-0.002012164940772,0.0,1.0,
2021-03-17 20:01:27.860,0,-0.00025945814752500004,0.0,1.0,
2021-03-17 20:01:27.870,0,-0.0016856583221319,0.0,1.0,
2021-03-17 20:01:27.880,0,9.89050623633606e-05,0.0,1.0,
2021-03-17 20:01:27.890,0,-0.0035347585323642,0.0,1.0,
2021-03-17 20:01:27.900,0,-0.0036573428204323,0.0,1.0,
2021-03-17 20:01:27.910,0,-0.0016880321110570005,0.0,1.0,
2021-03-17 20:01:27.920,0,7.984879873615298e-05,0.0,1.0,
2021-03-17 20:01:27.930,0,-0.0017646611339442,0.0,1.0,
2021-03-17 20:01:27.940,0,-0.0004360133376883,0.0,1.0,
2021-03-17 20:01:27.950,0,0.0020378576555213,0.0,1.0,
2021-03-17 20:01:27.960,0,0.0025274592105183,1.4794154069177936e-15,1.0,
2021-03-17 20:01:27.970,0,0.0049903246093174,4.1385458440161896e-15,1.0,
2021-03-17 20:01:27.980,0,0.0008464892405136,6.225096731158437e-15,1.0,
2021-03-17 20:01:27.990,0,0.0036154661130356,8.094687985331696e-15,1.0,
2021-03-17 20:01:28.000,0,0.0007332784398537,9.519876428579571e-15,1.0,
2021-03-17 20:01:28.010,0,-0.0054942199402068,1.0749739830561189e-14,1.0,
2021-03-17 20:01:28.020,0,8.715116236795908e-05,1.1612902684770234e-14,1.0,
2021-03-17 20:01:28.030,0,0.0049104593508088,1.2319024619119379e-14,1.0,
2021-03-17 20:01:28.040,0,0.000505736733057,1.2605284823268239e-14,1.0,
2021-03-17 20:01:28.050,0,0.0036993143783944,1.3070916804090459e-14,1.0,
2021-03-17 20:01:28.060,0,-0.0037163792045493,1.3065268779245472e-14,1.0,
2021-03-17 20:01:28.070,0,0.004212735290352,1.308779922878272e-14,1.0,
2021-03-17 20:01:28.080,0,-0.0028846521575316,1.276170698324254e-14,1.0,
2021-03-17 20:01:28.090,0,0.0001451501557837,1.2632047701386998e-14,1.0,
2021-03-17 20:01:28.100,0,-0.0002094595537576,1.2248694618671552e-14,1.0,
2021-03-17 20:01:28.110,0,0.0037813551955758,1.1755229917562449e-14,1.0,
2021-03-17 20:01:28.120,0,0.0027548426795788,1.1467717072295506e-14,1.0,
2021-03-17 20:01:28.130,0,0.000282654099814,1.0858551765280948e-14,1.0,
2021-03-17 20:01:28.140,0,0.0050229986343309,1.0308560780274394e-14,1.0,
2021-03-17 20:01:28.150,0,0.0014074254409628,9.761091507476426e-15,1.0,
2021-03-17 20:01:28.160,0,0.0045107852565225,9.249068791042551e-15,1.0,
2021-03-17 20:01:28.170,0,-0.0042378103410535,8.660798093524212e-15,1.0,
2021-03-17 20:01:28.180,0,-0.0001062700359288,8.066806185999031e-15,1.0,
2021-03-17 20:01:28.190,0,0.0037211126413767,7.615736284301492e-15,1.0,
2021-03-17 20:01:28.200,0,-0.0010424068288448,7.0104980035910725e-15,1.0,
2021-03-17 20:01:28.210,0,0.0019245862667178,6.4111613498578366e-15,1.0,
2021-03-17 20:01:28.220,0,-0.000364708765203,5.8874683683809605e-15,1.0,
2021-03-17 20:01:28.230,0,0.0009186085205772,5.493726701056078e-15,1.0,
2021-03-17 20:01:28.240,0,0.0020100070738399,4.968335868730021e-15,1.0,
2021-03-17 20:01:28.250,0,0.0068316650271712,4.514971962270165e-15,1.0,
2021-03-17 20:01:28.260,0,-0.0011640028326812,4.10349639064424e-15,1.0,
2021-03-17 20:01:28.270,0,-0.0042471775795913,3.686567263512193e-15,1.0,
2021-03-17 20:01:28.280,0,0.0035500891816126,3.292185458237779e-15,1.0,
2021-03-17 20:01:28.290,0,-0.0015027779874938,2.9129926274033645e-15,1.0,
2021-03-17 20:01:28.300,0,-0.006128731473624,2.6198689218687e-15,1.0,
2021-03-17 20:01:28.310,0,-0.0009423735699379,2.2875659374618106e-15,1.0,
2021-03-17 20:01:28.320,0,-0.0032426046395191,2.027692087338985e-15,1.0,
2021-03-17 20:01:28.330,0,0.0030801621365753,1.7528460606386687e-15,1.0,
2021-03-17 20:01:28.340,0,0.0036339635267906,1.5000994046901965e-15,1.0,
2021-03-17 20:01:28.350,0,-0.0029923523478322,1.2966516187860249e-15,1.0,
2021-03-17 20:01:28.360,0,-0.0016149767706747,1.0803562172246272e-15,1.0,
2021-03-17 20:01:28.370,0,0.0074149829691422,9.055123875752492e-16,1.0,
2021-03-17 20:01:28.380,0,0.0048494773783396,7.306501147899449e-16,1.0,
2021-03-17 20:01:28.390,0,-0.0041196134720078,5.891760946925839e-16,1.0,
2021-03-17 20:01:28.400,0,-0.0029747948636119,4.556676401015644e-16,1.0,
2021-03-17 20:01:28.410,0,0.0019625882888732,3.3724980642705627e-16,1.0,
2021-03-17 20:01:28.420,0,-0.0006078556684296,2.3442070571916543e-16,1.0,
2021-03-17 20:01:28.430,0,-0.0025265369222661,1.4606749011854938e-16,1.0,
2021-03-17 20:01:28.440,0,0.0034834026739009,6.797182708789995e-17,1.0,
2021-03-17 20:01:28.450,0,0.0002088029842059,1.6302391549425508e-19,1.0,
2021-03-17 20:01:28.460,0,-0.000312780928346,0.0,1.0,
2021-03-17 20:01:28.470,0,-0.0046973456494953,0.0,1.0,
2021-03-17 20:01:28.480,0,-0.0032792483046399,0.0,1.0,
2021-03-17 20:01:28.490,0,0.0021186997102096,0.0,1.0,
2021-03-17 20:01:28.500,0,0.0029500505360812,0.0,1.0,
2021-03-17 20:01:28.510,0,0.0033925684195975,0.0,1.0,
2021-03-17 20:01:28.520,0,0.0033435422249243,0.0,1.0,
2021-03-17 20:01:28.530,0,0.0007810308420277,0.0,1.0,
2021-03-17 20:01:28.540,0,-0.0023047047049956,0.0,1.0,
2021-03-17 20:01:28.550,0,0.0019585513705071,0.0,1.0,
2021-03-17 20:01:28.560,0,-0.0027684522099712,0.0,1.0,
2021-03-17 20:01:28.570,0,0.0016113243783435,0.0,1.0,
2021-03-17 20:01:28.580,0,-0.0002070333065645,0.0,1.0,
2021-03-17 20:01:28.590,0,-0.0017779184064186,0.0,1.0,
2021-03-17 20:01:28.600,0,-0.0038452930959336,0.0,1.0,
2021-03-17 20:01:28.610,0,0.0011876235986152,0.0,1.0,
2021-03-17 20:01:28.620,0,-0.0008455436535236,0.0,1.0,
2021-03-17 20:01:28.630,0,-4.483101766129791e-06,0.0,1.0,
2021-03-17 20:01:28.640,0,-0.0033563575032651,0.0,1.0,
2021-03-17 20:01:28.650,0,0.0059730004516863,0.0,1.0,
2021-03-17 20:01:28.660,0,-0.0036096121896694,0.0,1.0,
2021-03-17 20:01:28.670,0,-0.0012850067359363,0.0,1.0,
2021-03-17 20:01:28.680,0,-0.0029292473634599,0.0,1.0,
2021-03-17 20:01:28.690,0,0.0009030195153022,0.0,1.0,
2021-03-17 20:01:28.700,0,0.0049162478847048,0.0,1.0,
2021-03-17 20:01:28.710,0,-0.0063450049930515,0.0,1.0,
2021-03-17 20:01:28.720,0,0.0058069795395380005,0.0,1.0,
2021-03-17 20:01:28.730,0,0.0058310680945531,0.0,1.0,
2021-03-17 20:01:28.740,0,-0.002705873739448,0.0,1.0,
2021-03-17 20:01:28.750,0,0.0023734862218708,0.0,1.0,
2021-03-17 20:01:28.760,0,0.0002727718694154,0.0,1.0,
2021-03-17 20:01:28.770,0,-0.0015278121476761,0.0,1.0,
2021-03-17 20:01:28.780,0,0.0030600685663328,0.0,1.0,
2021-03-17 20:01:28.790,0,-0.0028265972317782,0.0,1.0,
2021-03-17 20:01:28.800,0,5.839015293244233e-05,0.0,1.0,
2021-03-17 20:01:28.810,0,-0.0054648440923225,0.0,1.0,
2021-03-17 20:01:28.820,0,-0.0054815906505639,0.0,1.0,
2021-03-17 20:01:28.830,0,0.0056572780039615,0.0,1.0,
2021-03-17 20:01:28.840,0,0.0028445917139742,0.0,1.0,
2021-03-17 20:01:28.850,0,0.0024463329323870004,0.0,1.0,
2021-03-17 20:01:28.860,0,-0.0015937166016513,0.0,1.0,
2021-03-17 20:01:28.870,0,0.0049458964116418,0.0,1.0,
2021-03-17 20:01:28.880,0,0.0019845138633584,0.0,1.0,
2021-03-17 20:01:28.890,0,0.0018808359691911,0.0,1.0,
2021-03-17 20:01:28.900,0,0.0051430494409643,0.0,1.0,
2021-03-17 20:01:28.910,0,-2.010837349344249e-05,0.0,1.0,
2021-03-17 20:01:28.920,0,0.0009560087450845,0.0,1.0,
2021-03-17 20:01:28.930,0,0.0035193932886122,0.0,1.0,
2021-03-17 20:01:28.940,0,-0.0062737087016649,0.0,1.0,
2021-03-17 20:01:28.950,0,0.0007159977300141,6.016120258363031e-19,1.0,
2021-03-17 20:01:28.960,0,0.0017370144026946,1.6711279664344555e-18,1.0,
2021-03-17 20:01:28.970,0,0.003843222276539,2.5700200401981716e-18,1.0,
2021-03-17 20:01:28.980,0,0.0015703059407870005,3.2974687409969834e-18,1.0,
2021-03-17 20:01:28.990,0,3.2013265030613964e-05,3.863335606324078e-18,1.0,
2021-03-17 20:01:29.000,0,-0.0003349692414004,4.3823831502632734e-18,1.0,
2021-03-17 20:01:29.010,0,-0.0032418035440966,4.7254876250387744e-18,1.0,
2021-03-17 20:01:29.020,0,-0.0010492837275966,5.027329110794141e-18,1.0,
2021-03-17 20:01:29.030,0,-0.0026495159912819,5.134504114224337e-18,1.0,
2021-03-17 20:01:29.040,0,0.0018436336518889,5.239397994456326e-18,1.0,
2021-03-17 20:01:29.050,0,0.0030168760946062,5.2611044303369536e-18,1.0,
2021-03-17 20:01:29.060,0,0.0026819450216079,5.2765249131108144e-18,1.0,
2021-03-17 20:01:29.070,0,0.0041582531808718,5.2158708286929846e-18,1.0,
2021-03-17 20:01:29.080,0,0.0038496589392724,5.0968892267771225e-18,1.0,
2021-03-17 20:01:29.090,0,-0.0081107154985376,4.9911150904220596e-18,1.0,
2021-03-17 20:01:29.100,0,0.0036616108125361,4.820167042603018e-18,1.0,
2021-03-17 20:01:29.110,0,0.0017389453839752,4.57772670508912e-18,1.0,
2021-03-17 20:01:29.120,0,-0.0026325763693917,4.4238875496082645e-18,1.0,
2021-03-17 20:01:29.130,0,-0.0032756637558688,4.1760423368782766e-18,1.0,
2021-03-17 20:01:29.140,0,-0.0010894428666984,3.966498648394795e-18,1.0,
2021-03-17 20:01:29.150,0,-0.0036208066017074,3.7242471871631115e-18,1.0,
2021-03-17 20:01:29.160,0,-0.0017109770285921,3.4690334892490947e-18,1.0,
2021-03-17 20:01:29.170,0,-0.0056906036499513,3.2694428618652797e-18,1.0,
2021-03-17 20:01:29.180,0,0.0028485228227915,3.042653078036085e-18,1.0,
2021-03-17 20:01:29.190,0,0.0064186388625903,2.8166974193396048e-18,1.0,
2021-03-17 20:01:29.200,0,0.0002180480562814,2.594685155382784e-18,1.0,
2021-03-17 20:01:29.210,0,0.0020014474591944,2.3992398457760957e-18,1.0,
2021-03-17 20:01:29.220,0,-0.0035862370889545,2.1868455702152253e-18,1.0,
2021-03-17 20:01:29.230,0,0.0045744240087933,1.9675716402061183e-18,1.0,
2021-03-17 20:01:29.240,0,0.0036296040762017,1.815756957364815e-18,1.0,
2021-03-17 20:01:29.250,0,0.0001322198609759,1.6359040143795327e-18,1.0,
2021-03-17 20:01:29.260,0,-0.0018913108688457,1.4762114540508112e-18,1.0,
2021-03-17 20:01:29.270,0,0.0021756047145114,1.3157817436730434e-18,1.0,
2021-03-17 20:01:29.280,0,0.0017498768324119,1.1743398917770128e-18,1.0,
2021-03-17 20:01:29.290,0,-0.0004665300222175,1.0471147140363878e-18,1.0,
2021-03-17 20:01:29.300,0,0.0008004393297538,9.129080948322411e-19,1.0,
2021-03-17 20:01:29.310,0,-0.0029023570808097,8.092269002836387e-19,1.0,
2021-03-17 20:01:29.320,0,0.0023189988780299,6.895735161544753e-19,1.0,
2021-03-17 20:01:29.330,0,0.0032788198018166,5.99392224996236e-19,1.0,
2021-03-17 20:01:29.340,0,0.0006229674120469,5.13278590597851e-19,1.0,
2021-03-17 20:01:29.350,0,0.0019371344536774,4.304998471948488e-19,1.0,
2021-03-17 20:01:29.360,0,0.0017791552227993,3.5835306425717077e-19,1.0,
2021-03-17 20:01:29.370,0,0.0014001296356965,2.946747715456357e-19,1.0,
2021-03-17 20:01:29.380,0,-0.0013413267613210005,2.362109612300632e-19,1.0,
2021-03-17 20:01:29.390,0,-9.223873228410391e-05,1.8201307121345952e-19,1.0,
2021-03-17 20:01:29.400,0,0.0053547966065946,1.3592336578052539e-19,1.0,
2021-03-17 20:01:29.410,0,0.0009828940838485,9.458532656681923e-20,1.0,
2021-03-17 20:01:29.420,0,0.0014740675006204,5.812625045436227e-20,1.0,
2021-03-17 20:01:29.430,0,-0.0063169941259471,2.6929157395799622e-20,1.0,
2021-03-17 20:01:29.440,0,-0.0025166840644713,1.5449731422124795e-23,1.0,
2021-03-17 20:01:29.450,0,7.367166097705291e-05,0.0,1.0,
2021-03-17 20:01:29.460,0,0.0033142810264766,0.0,1.0,
2021-03-17 20:01:29.470,0,0.0040084608317471,0.0,1.0,
2021-03-17 20:01:29.480,0,0.0042276894073225,0.0,1.0,
2021-03-17 20:01:29.490,0,0.0029279907009033,0.0,1.0,
2021-03-17 20:01:29.500,0,-0.0011184707013728,0.0,1.0,
2021-03-17 20:01:29.510,0,-0.0023444016953195,0.0,1.0,
2021-03-17 20:01:29.520,0,0.0012090770511648,0.0,1.0,
2021-03-17 20:01:29.530,0,0.0009685281008817,0.0,1.0,
2021-03-17 20:01:29.540,0,0.0025829025033355,0.0,1.0,
2021-03-17 20:01:29.550,0,-0.0007144587197053,0.0,1.0,
2021-03-17 20:01:29.560,0,-0.0002593539779883,0.0,1.0,
2021-03-17 20:01:29.570,0,-0.0024356301654697,0.0,1.0,
2021-03-17 20:01:29.580,0,-0.003918250683861,0.0,1.0,
2021-03-17 20:01:29.590,0,0.002582371662765,0.0,1.0,
2021-03-17 20:01:29.600,0,0.001297693710891,0.0,1.0,
2021-03-17 20:01:29.610,0,-0.0001383764540673,0.0,1.0,
2021-03-17 20:01:29.620,0,-0.0033833166215193,0.0,1.0,
2021-03-17 20:01:29.630,0,0.0061164372197465,0.0,1.0,
2021-03-17 20:01:29.640,0,-0.000472760932698,0.0,1.0,
2021-03-17 20:01:29.650,0,-0.002547426114139,0.0,1.0,
2021-03-17 20:01:29.660,0,-0.0015873073168821,0.0,1.0,
2021-03-17 20:01:29.670,0,0.0015070541234257,0.0,1.0,
2021-03-17 20:01:29.680,0,0.0014634987982406,0.0,1.0,
2021-03-17 20:01:29.690,0,-0.0021639641421407,0.0,1.0,
2021-03-17 20:01:29.700,0,-0.0007994019661606,0.0,1.0,
2021-03-17 20:01:29.710,0,0.0048745352522861,0.0,1.0,
2021-03-17 20:01:29.720,0,-0.0013486226609799,0.0,1.0,
2021-03-17 20:01:29.730,0,0.0083240037611685,0.0,1.0,
2021-03-17 20:01:29.740,0,-0.0009017941657063,0.0,1.0,
2021-03-17 20:01:29.750,0,-0.0045372459354591,0.0,1.0,
2021-03-17 20:01:29.760,0,0.0041856416472356,0.0,1.0,
2021-03-17 20:01:29.770,0,-0.0064736914061289,0.0,1.0,
2021-03-17 20:01:29.780,0,-0.0024712592623013,0.0,1.0,
2021-03-17 20:01:29.790,0,0.0011029572463218,0.0,1.0,
2021-03-17 20:01:29.800,0,0.0016206031788464,0.0,1.0,
2021-03-17 20:01:29.810,0,0.0005450534714033,0.0,1.0,
2021-03-17 20:01:29.820,0,-0.0019892685174917,0.0,1.0,
2021-03-17 20:01:29.830,0,0.0005653500104648,0.0,1.0,
2021-03-17 20:01:29.840,0,0.0029999144095435,0.0,1.0,
2021-03-17 20:01:29.850,0,0.0065425640506052,0.0,1.0,
2021-03-17 20:01:29.860,0,-0.0006310644721123,0.0,1.0,
2021-03-17 20:01:29.870,0,-0.005355380449693001,0.0,1.0,
2021-03-17 20:01:29.880,0,0.0004014099549118,0.0,1.0,
2021-03-17 20:01:29.890,0,0.0010179513464933,0.0,1.0,
2021-03-17 20:01:29.900,0,-0.0037899334113313,0.0,1.0,
2021-03-17 20:01:29.910,0,0.0042402202678403,0.0,1.0,
2021-03-17 20:01:29.920,0,-0.0012752235760388,0.0,1.0,
2021-03-17 20:01:29.930,0,0.0045243553066837,0.0,1.0,
2021-03-17 20:01:29.940,0,-0.0011950222568345,2.3762121624888312e-22,1.0,
2021-03-17 20:01:29.950,0,-0.0005205276499617,6.533375363401702e-22,1.0,
2021-03-17 20:01:29.960,0,0.0037392109576071,1.019231468741905e-21,1.0,
2021-03-17 20:01:29.970,0,-2.248974845717321e-06,1.2954731514608696e-21,1.0,
2021-03-17 20:01:29.980,0,-0.0045594307018172,1.5401980281565465e-21,1.0,
2021-03-17 20:01:29.990,0,0.0007222286824126,1.7284718274636467e-21,1.0,
2021-03-17 20:01:30.000,0,-0.0073949019755036,1.868630964639913e-21,1.0,
2021-03-17 20:01:30.010,0,0.0006351466427218,1.9542390567578768e-21,1.0,
2021-03-17 20:01:30.020,0,0.0011132843981064,2.0508623886522147e-21,1.0,
2021-03-17 20:01:30.030,0,-0.0025026305652298,2.0793267825626133e-21,1.0,
2021-03-17 20:01:30.040,0,-0.0066611567659884,2.0864535684091306e-21,1.0,
2021-03-17 20:01:30.050,0,0.0033342288699120004,2.093701464127677e-21,1.0,
2021-03-17 20:01:30.060,0,-0.0038417717488432,2.0775683934913296e-21,1.0,
2021-03-17 20:01:30.070,0,0.0024493781575312,2.045176753537228e-21,1.0,
2021-03-17 20:01:30.080,0,0.002115383973507,1.977552333914829e-21,1.0,
2021-03-17 20:01:30.090,0,-0.0019899120469611,1.9238754429032336e-21,1.0,
2021-03-17 20:01:30.100,0,0.0008760985677021,1.8216247497241986e-21,1.0,
2021-03-17 20:01:30.110,0,-0.0034210275019047,1.7456120789693824e-21,1.0,
2021-03-17 20:01:30.120,0,0.0025482955278099,1.6556905565858414e-21,1.0,
2021-03-17 20:01:30.130,0,0.0030455382904455,1.5811146602682904e-21,1.0,
2021-03-17 20:01:30.140,0,-0.0018280485928313,1.4745999249558919e-21,1.0,
2021-03-17 20:01:30.150,0,-0.0033642983042251,1.3983118239369963e-21,1.0,
2021-03-17 20:01:30.160,0,0.0016509397629915,1.3027693639447638e-21,1.0,
2021-03-17 20:01:30.170,0,-0.0045157145961909,1.2126452838934834e-21,1.0,
2021-03-17 20:01:30.180,0,-0.0038690722205649,1.1300931024247445e-21,1.0,
2021-03-17 20:01:30.190,0,0.000634663614697,1.0376965488951342e-21,1.0,
2021-03-17 20:01:30.200,0,-0.0010805125081766,9.533651997744811e-22,1.0,
2021-03-17 20:01:30.210,0,0.0027871500022297,8.71315224214693e-22,1.0,
2021-03-17 20:01:30.220,0,0.003954095510643,7.997752110918426e-22,1.0,
2021-03-17 20:01:30.230,0,0.0077024126093125,7.247632962227685e-22,1.0,
2021-03-17 20:01:30.240,0,0.0065441777992065,6.598466083207362e-22,1.0,
2021-03-17 20:01:30.250,0,-0.0017447578461488,5.8859254645184675e-22,1.0,
2021-03-17 20:01:30.260,0,0.0075606212127183,5.249354069067593e-22,1.0,
2021-03-17 20:01:30.270,0,0.0009809324144143,4.709899832533518e-22,1.0,
2021-03-17 20:01:30.280,0,0.0083455730132514,4.214906172527835e-22,1.0,
2021-03-17 20:01:30.290,0,0.0037538002627705,3.6927904941132993e-22,1.0,
2021-03-17 20:01:30.300,0,-0.0003733802291358,3.221781657761284e-22,1.0,
2021-03-17 20:01:30.310,0,0.0034750131939788,2.807347887625248e-22,1.0,
2021-03-17 20:01:30.320,0,-0.0016190110554038,2.41158034548242e-22,1.0,
2021-03-17 20:01:30.330,0,-0.0065955604784574,2.0638461689055136e-22,1.0,
2021-03-17 20:01:30.340,0,-0.002719823632789,1.7470677704257526e-22,1.0,
2021-03-17 20:01:30.350,0,0.0037750654290459,1.4472797532438399e-22,1.0,
2021-03-17 20:01:30.360,0,-0.0008920970129045,1.182026922274564e-22,1.0,
2021-03-17 20:01:30.370,0,-0.0013931677773742,9.43485953351172e-23,1.0,
2021-03-17 20:01:30.380,0,0.001381398390826,7.337047025705004e-23,1.0,
2021-03-17 20:01:30.390,0,0.0068499057900273,5.459242203872374e-23,1.0,
2021-03-17 20:01:30.400,0,0.0016214569471913,3.7930954727426037e-23,1.0,
2021-03-17 20:01:30.410,0,0.0039008404395097,2.3586062427005342e-23,1.0,
2021-03-17 20:01:30.420,0,-0.000144751649149,1.0903511738945252e-23,1.0,
2021-03-17 20:01:30.430,0,0.0068614773829968,0.0,1.0,
2021-03-17 20:01:30.440,0,0.0015094619447098,0.0,1.0,
2021-03-17 20:01:30.450,0,0.0064003937124692,0.0,1.0,
2021-03-17 20:01:30.460,0,-0.0023186346770794,0.0,1.0,
2021-03-17 20:01:30.470,0,-0.0014897889311868,0.0,1.0,
2021-03-17 20:01:30.480,0,0.0062058671292005,0.0,1.0,
2021-03-17 20:01:30.490,0,0.0012746465822702,0.0,1.0,
2021-03-17 20:01:30.500,0,-0.0032641394718383,0.0,1.0,
2021-03-17 20:01:30.510,0,0.0025513817917604,0.0,1.0,
2021-03-17 20:01:30.520,0,0.0042421057041918,0.0,1.0,
2021-03-17 20:01:30.530,0,0.00179819232805,0.0,1.0,
2021-03-17 20:01:30.540,0,0.0015928663322756,0.0,1.0,
2021-03-17 20:01:30.550,0,-0.000184937796527,0.0,1.0,
2021-03-17 20:01:30.560,0,0.0012472424763855,0.0,1.0,
2021-03-17 20:01:30.570,0,0.0021637417927943,0.0,1.0,
2021-03-17 20:01:30.580,0,-0.0032428649933030004,0.0,1.0,
2021-03-17 20:01:30.590,0,-0.0028623960586162,0.0,1.0,
2021-03-17 20:01:30.600,0,0.0022915622449391,0.0,1.0,
2021-03-17 20:01:30.610,0,0.0037834381248066,0.0,1.0,
2021-03-17 20:01:30.620,0,0.0007744086352265,0.0,1.0,
2021-03-17 20:01:30.630,0,-0.0016336704694651,0.0,1.0,
2021-03-17 20:01:30.640,0,0.0035676585132563,0.0,1.0,
2021-03-17 20:01:30.650,0,0.0006935372091001,0.0,1.0,
2021-03-17 20:01:30.660,0,-0.0027625268234975,0.0,1.0,
2021-03-17 20:01:30.670,0,0.0026918130934498,0.0,1.0,
2021-03-17 20:01:30.680,0,0.0005861688479581,0.0,1.0,
2021-03-17 20:01:30.690,0,-0.0061995259612857,0.0,1.0,
2021-03-17 20:01:30.700,0,0.0084032698091582,0.0,1.0,
2021-03-17 20:01:30.710,0,0.0069311968940021,0.0,1.0,
2021-03-17 20:01:30.720,0,0.0009958338624893,0.0,1.0,
2021-03-17 20:01:30.730,0,-0.0047340476052044,0.0,1.0,
2021-03-17 20:01:30.740,0,0.0093529190537482,0.0,1.0,
2021-03-17 20:01:30.750,0,0.0015073330509389,0.0,1.0,
2021-03-17 20:01:30.760,0,-0.0038186215731585,0.0,1.0,
2021-03-17 20:01:30.770,0,-0.0034043700626237,0.0,1.0,
2021-03-17 20:01:30.780,0,0.0007731235385274,0.0,1.0,
2021-03-17 20:01:30.790,0,0.0027113988485801,0.0,1.0,
2021-03-17 20:01:30.800,0,0.0014352214817453,0.0,1.0,
2021-03-17 20:01:30.810,0,-0.0019891199902988,0.0,1.0,
2021-03-17 20:01:30.820,0,-0.0012151496125401,0.0,1.0,
2021-03-17 20:01:30.830,0,-0.001493551487716,0.0,1.0,
2021-03-17 20:01:30.840,0,0.0037562883687806,0.0,1.0,
2021-03-17 20:01:30.850,0,0.0018787002810614,0.0,1.0,
2021-03-17 20:01:30.860,0,0.0017648594537603,0.0,1.0,
2021-03-17 20:01:30.870,0,-0.0061854633013901,0.0,1.0,
2021-03-17 20:01:30.880,0,0.0042945651654176,0.0,1.0,
2021-03-17 20:01:30.890,0,0.002875972416653,0.0,1.0,
2021-03-17 20:01:30.900,0,-0.0049095568211198,0.0,1.0,
2021-03-17 20:01:30.910,0,0.0038415552304423,0.0,1.0,
2021-03-17 20:01:30.920,0,0.0020544603350102,0.0,1.0,
2021-03-17 20:01:30.930,0,0.0015420723560173,9.668320445893415e-26,1.0,
2021-03-17 20:01:30.940,0,0.0003717485603326,2.6315192950950343e-25,1.0,
2021-03-17 20:01:30.950,0,0.0006954439716791,4.068210738089411e-25,1.0,
2021-03-17 20:01:30.960,0,-0.0015163171368289,5.237659069818428e-25,1.0,
2021-03-17 20:01:30.970,0,0.0110899231771156,6.145828362474244e-25,1.0,
2021-03-17 20:01:30.980,0,-0.0001390202496003,6.948621290919882e-25,1.0,
2021-03-17 20:01:30.990,0,0.001991246354641,7.517017681187433e-25,1.0,
2021-03-17 20:01:31.000,1,-0.0024347136201218,7.909966022290376e-25,1.0,
2021-03-17 20:01:31.010,1,-0.0004212313416009,8.2320791612413525e-25,1.0,
2021-03-17 20:01:31.020,1,-0.0004236543126461,8.30996934591792e-25,1.0,
2021-03-17 20:01:31.030,1,0.000483349657269,8.451039370631067e-25,1.0,
2021-03-17 20:01:31.040,1,-0.0038673491424195,8.408080343937215e-25,1.0,
2021-03-17 20:01:31.050,1,0.0049626422691023,8.268766487379247e-25,1.0,
2021-03-17 20:01:31.060,1,-0.0027132459487736,8.0931979263191655e-25,1.0,
2021-03-17 20:01:31.070,1,-0.0044137915709048,7.871463591784544e-25,1.0,
2021-03-17 20:01:31.080,1,0.0021233287748077,7.61306740285241e-25,1.0,
2021-03-17 20:01:31.090,1,0.0050353731466658,7.338773293367262e-25,1.0,
2021-03-17 20:01:31.100,1,0.0014855785741532,6.992198237056057e-25,1.0,
2021-03-17 20:01:31.110,1,-0.0002623909221441,6.599082552081613e-25,1.0,
2021-03-17 20:01:31.120,1,0.005008866050897,5.332666320942497,1.0,
2021-03-17 20:01:31.130,1,0.0133157875945797,20.4043696193668,1.0,
2021-03-17 20:01:31.140,1,0.0233493237178868,43.0813695158796,1.0,
2021-03-17 20:01:31.150,1,0.069977060314868,73.03647294921338,0.0,
2021-03-17 20:01:31.160,1,0.0756064600221032,109.61217866217964,0.0,
2021-03-17 20:01:31.170,1,0.0925495215947884,153.37209527028944,0.0,
2021-03-17 20:01:31.180,1,0.1642759262485842,202.37232527192901,0.0,
2021-03-17 20:01:31.190,1,0.1530367819367557,253.09857899135605,0.0,
2021-03-17 20:01:31.200,1,0.1995048442775612,311.774217237617,0.0,
2021-03-17 20:01:31.210,1,0.2913575957389147,368.2354828074908,0.0,
2021-03-17 20:01:31.220,1,0.2841786332667456,429.66979692443323,0.0,
2021-03-17 20:01:31.230,1,0.3019408340185163,484.4249239896415,0.0,
2021-03-17 20:01:31.240,1,0.4255534057054821,549.5515746598488,0.0,
2021-03-17 20:01:31.250,1,0.3298326123079997,603.1757922102739,0.0,
2021-03-17 20:01:31.260,1,0.4687365628299296,660.724869226457,0.0,
2021-03-17 20:01:31.270,1,0.4463656135532901,718.0798751793802,0.0,
2021-03-17 20:01:31.280,1,0.5273326089166748,777.3283723741231,0.0,
2021-03-17 20:01:31.290,1,0.5411020551789517,818.5301110215825,0.0,
2021-03-17 20:01:31.300,1,0.5366913570568518,865.1072736534227,0.0,
2021-03-17 20:01:31.310,1,0.588994797713603,920.2995199540973,0.0,
2021-03-17 20:01:31.320,1,0.5133435987064504,962.6304472943672,0.0,
2021-03-17 20:01:31.330,1,0.5410112681722309,1003.6587999888344,0.0,
2021-03-17 20:01:31.340,1,0.6891972006461191,1044.2197742954822,0.0,
2021-03-17 20:01:31.350,1,0.6817761938207944,1074.167226036515,0.0,
2021-03-17 20:01:31.360,1,0.7109243631432297,1113.4164166937185,0.0,
2021-03-17 20:01:31.370,1,0.7274443729322535,1152.3778679841053,0.0,
2021-03-17 20:01:31.380,1,0.7296406099536309,1171.384805135423,0.0,
2021-03-17 20:01:31.390,1,0.7469059207442242,1206.4139633673308,0.0,
2021-03-17 20:01:31.400,1,0.7903862616971569,1221.3218187210282,0.0,
2021-03-17 20:01:31.410,1,0.7105536699294165,1262.624072608133,0.0,
2021-03-17 20:01:31.420,1,0.7263174564631271,1272.3705802218813,0.0,
2021-03-17 20:01:31.430,1,0.8585795988272319,1292.3570646606433,0.0,
2021-03-17 20:01:31.440,1,0.7733778162885091,1318.9983366046135,0.0,
2021-03-17 20:01:31.450,1,0.8376365394481635,1317.2593817947156,0.0,
2021-03-17 20:01:31.460,1,0.7605476205344629,1336.8899305819878,0.0,
2021-03-17 20:01:31.470,1,0.7467125075912181,1340.154690823589,0.0,
2021-03-17 20:01:31.480,1,0.9154799779824984,1363.645062978638,0.0,
2021-03-17 20:01:31.490,1,0.9440143927298492,1355.4643469575014,0.0,
2021-03-17 20:01:31.500,1,0.9240870038956644,1367.8572847759779,0.0,
2021-03-17 20:01:31.510,1,1.0877094979739637,1389.4442648848026,0.0,
2021-03-17 20:01:31.520,1,1.0795397533170017,1389.8604726680774,0.0,
2021-03-17 20:01:31.530,1,0.9136327347864254,1396.5628225417404,0.0,
2021-03-17 20:01:31.540,1,1.0106709443206223,1399.0030220633869,0.0,
2021-03-17 20:01:31.550,1,1.114571299100825,1397.6535122230393,0.0,
2021-03-17 20:01:31.560,1,1.1172676586367178,1392.130742303493,0.0,
2021-03-17 20:01:31.570,1,1.1965951452502008,1400.9976416949485,0.0,
2021-03-17 20:01:31.580,1,1.1924921677364826,1412.2610855651071,0.0,
2021-03-17 20:01:31.590,1,0.8522248860646612,1413.8590074535668,0.0,
2021-03-17 20:01:31.600,1,1.080962658620038,1406.6646181603128,0.0,
2021-03-17 20:01:31.610,1,0.8717934394422601,1403.4409851588275,0.0,
2021-03-17 20:01:31.620,1,0.8234533079371997,1406.463574379618,0.0,
2021-03-17 20:01:31.630,1,1.0221027902484172,1399.1740523535987,0.0,
2021-03-17 20:01:31.640,1,0.865549713615678,1406.3582573913181,0.0,
2021-03-17 20:01:31.650,1,1.1677313114587926,1408.7572168417469,0.0,
2021-03-17 20:01:31.660,1,1.0338263418132978,1406.9208768130768,0.0,
2021-03-17 20:01:31.670,1,1.003639108175013,1393.408786667438,0.0,
2021-03-17 20:01:31.680,1,0.9090008150109288,1391.6443691288323,0.0,
2021-03-17 20:01:31.690,1,1.015338086373362,1384.0151350199176,0.0,
2021-03-17 20:01:31.700,1,1.125946815519879,1389.8696657911996,0.0,
2021-03-17 20:01:31.710,1,0.8633115886236988,1382.0928953150187,0.0,
2021-03-17 20:01:31.720,1,1.2123519630998465,1383.6232232786108,0.0,
2021-03-17 20:01:31.730,1,0.9158775594440468,1374.5564984399148,0.0,
2021-03-17 20:01:31.740,1,0.8243766799879181,1390.0535001480932,0.0,
2021-03-17 20:01:31.750,1,1.0290582842242488,1379.2036411588824,0.0,
2021-03-17 20:01:31.760,1,1.1299503053432007,1378.285440565985,0.0,
2021-03-17 20:01:31.770,1,0.8801102460626223,1388.0900590441645,0.0,
2021-03-17 20:01:31.780,1,1.220391494923896,1379.0618083490303,0.0,
2021-03-17 20:01:31.790,1,1.1763479237170589,1378.7227070688464,0.0,
2021-03-17 20:01:31.800,1,1.0357713482369324,1371.179495281754,0.0,
2021-03-17 20:01:31.810,1,0.9580258225924656,1364.2970302816734,0.0,
2021-03-17 20:01:31.820,1,0.943555145452475,1375.6807203946173,0.0,
2021-03-17 20:01:31.830,1,1.0871694886743506,1362.03313060532,0.0,
2021-03-17 20:01:31.840,1,1.1813292243136098,1364.7637709518588,0.0,
2021-03-17 20:01:31.850,1,0.8189097463145977,1379.0617574339085,0.0,
2021-03-17 20:01:31.860,1,0.7871196537017179,1357.7986336973845,0.0,
2021-03-17 20:01:31.870,1,0.8898141750230844,1364.9439974674158,0.0,
2021-03-17 20:01:31.880,1,0.8100183509806071,1370.3778833332851,0.0,
2021-03-17 20:01:31.890,1,0.8937224682767123,1359.7386472048454,0.0,
2021-03-17 20:01:31.900,1,0.8748970003638571,1348.2752607011535,0.0,
2021-03-17 20:01:31.910,1,0.8014926608110301,1356.9878229259061,0.0,
2021-03-17 20:01:31.920,1,0.9705081523429454,1369.620910176402,0.0,
2021-03-17 20:01:31.930,1,1.071414738976865,1344.1082006812821,0.0,
2021-03-17 20:01:31.940,1,0.7788796690150468,1360.494023081356,0.0,
2021-03-17 20:01:31.950,1,1.1154301390938046,1346.3698558810836,0.0,
2021-03-17 20:01:31.960,1,0.9824010180182104,1357.3847771026124,0.0,
2021-03-17 20:01:31.970,1,0.8838578325684504,1351.9165547985194,0.0,
2021-03-17 20:01:31.980,1,1.0646461268988492,1343.4580890526486,0.0,
2021-03-17 20:01:31.990,1,0.9356371399940836,1354.2533350007245,0.0,
2021-03-17 20:01:32.000,0,0.8021158081066904,1351.3189119293065,0.0,
2021-03-17 20:01:32.010,0,0.7458611003433505,1348.2372096323893,0.0,
2021-03-17 20:01:32.020,0,1.0173481033617982,1350.0840280496602,0.0,
2021-03-17 20:01:32.030,0,0.8734638140710459,1355.9529710530833,0.0,
2021-03-17 20:01:32.040,0,0.7058143001620433,1339.613786010823,0.0,
2021-03-17 20:01:32.050,0,0.968311930165987,1356.2720879660346,0.0,
2021-03-17 20:01:32.060,0,0.934498799526328,1343.9096561374886,0.0,
2021-03-17 20:01:32.070,0,0.9723840580769686,1354.439948574824,0.0,
2021-03-17 20:01:32.080,0,0.9088595117105586,1356.6704296725,0.0,
2021-03-17 20:01:32.090,0,0.7724873648813619,1354.5428314688306,0.0,
2021-03-17 20:01:32.100,0,0.7946519250797835,1351.7584827355972,0.0,
2021-03-17 20:01:32.110,0,0.8729190533826316,1361.1997928844855,0.0,
2021-03-17 20:01:32.120,0,0.8208583644169918,1346.3462024939909,0.0,
2021-03-17 20:01:32.130,0,0.7832991997574011,1329.2877305447976,0.0,
2021-03-17 20:01:32.140,0,0.7077532102213885,1302.0703837824706,0.0,
2021-03-17 20:01:32.150,0,0.8113704690573388,1262.5945044905584,0.0,
2021-03-17 20:01:32.160,0,0.8449220276865022,1211.6924718080074,0.0,
2021-03-17 20:01:32.170,0,0.7933646306045302,1170.5532831321655,0.0,
2021-03-17 20:01:32.180,0,0.8247112196948388,1118.1910444525454,0.0,
2021-03-17 20:01:32.190,0,0.5671360187328603,1068.906727267796,0.0,
2021-03-17 20:01:32.200,0,0.52106067374585,1020.37347016776,0.0,
2021-03-17 20:01:32.210,0,0.4935074471287246,962.0604144065646,0.0,
2021-03-17 20:01:32.220,0,0.502398706657058,896.8174010904172,0.0,
2021-03-17 20:01:32.230,0,0.558373568728727,842.8340750966786,0.0,
2021-03-17 20:01:32.240,0,0.3853161208047587,775.5468203808487,0.0,
2021-03-17 20:01:32.250,0,0.5100540167175857,723.364002286422,0.0,
2021-03-17 20:01:32.260,0,0.3580191368017397,668.6945491684709,0.0,
2021-03-17 20:01:32.270,0,0.4117453707795719,616.5777655171828,0.0,
2021-03-17 20:01:32.280,0,0.3741982633044611,559.6454284601856,0.0,
2021-03-17 20:01:32.290,0,0.3494798157177732,511.662938129132,0.0,
2021-03-17 20:01:32.300,0,0.2753198278871347,464.4829741144272,0.0,
2021-03-17 20:01:32.310,0,0.2592765685883609,417.6046051198279,0.0,
2021-03-17 20:01:32.320,0,0.2182363589426074,380.2214140796032,0.0,
2021-03-17 20:01:32.330,0,0.225042473836925,339.7909120727133,0.0,
2021-03-17 20:01:32.340,0,0.2278164582018874,300.5975041601147,0.0,
2021-03-17 20:01:32.350,0,0.1445801460942633,267.3209641519312,0.0,
2021-03-17 20:01:32.360,0,0.1290362563284458,235.5522161452388,0.0,
2021-03-17 20:01:32.370,0,0.1534459870216626,205.89702065841087,0.0,
2021-03-17 20:01:32.380,0,0.1215240611910729,178.3966786102184,0.0,
2021-03-17 20:01:32.390,0,0.0922794172058776,154.12003932182918,1.0,
2021-03-17 20:01:32.400,0,0.0806831183507382,130.3876298155067,1.0,
2021-03-17 20:01:32.410,0,0.0623155327096422,109.00954951722582,1.0,
2021-03-17 20:01:32.420,0,0.0710167056396549,90.50006929261774,1.0,
2021-03-17 20:01:32.430,0,0.0637799058147525,73.5789494103942,1.0,
2021-03-17 20:01:32.440,0,0.0373008426150695,59.44408280962008,1.0,
2021-03-17 20:01:32.450,0,0.0350462344926428,45.51738289949744,1.0,
2021-03-17 20:01:32.460,0,0.020677404437519,33.76190120021871,1.0,
2021-03-17 20:01:32.470,0,0.0134311383321764,23.331525907971955,1.0,
2021-03-17 20:01:32.480,0,0.0095148316998046,13.898216336033087,1.0,
2021-03-17 20:01:32.490,0,0.0096426850709058,5.926297435744778,2.0,
2021-03-17 20:01:32.500,0,-0.000347770298187,0.0,2.0,
2021-03-17 20:01:32.510,0,-0.0031694823734096,0.0,2.0,
2021-03-17 20:01:32.520,0,-0.0058383283139022,0.0,2.0,
2021-03-17 20:01:32.530,0,-0.0140757108251183,0.0,2.0,
2021-03-17 20:01:32.540,0,-0.0164999354556497,0.0,2.0,
2021-03-17 20:01:32.550,0,-0.0120067462527933,0.0,2.0,
2021-03-17 20:01:32.560,0,-0.0187714715756486,0.0,2.0,
2021-03-17 20:01:32.570,0,-0.0196966817674104,0.0,2.0,
2021-03-17 20:01:32.580,0,-0.0185656742187208,0.0,2.0,
2021-03-17 20:01:32.590,0,-0.0250391390856383,0.0,2.0,
2021-03-17 20:01:32.600,0,-0.0179839143865609,0.0,2.0,
2021-03-17 20:01:32.610,0,-0.0265451011216053,0.0,2.0,
2021-03-17 20:01:32.620,0,-0.0278450977414796,0.0,2.0,
2021-03-17 20:01:32.630,0,-0.0274098274382022,0.0,2.0,
2021-03-17 20:01:32.640,0,-0.0141567040924007,0.0,2.0,
2021-03-17 20:01:32.650,0,-0.025662652838514,0.0,2.0,
2021-03-17 20:01:32.660,0,-0.0144926398172779,0.0,2.0,
2021-03-17 20:01:32.670,0,-0.020044806250273,0.0,2.0,
2021-03-17 20:01:32.680,0,-0.0116737301602433,0.0,2.0,
2021-03-17 20:01:32.690,0,-0.0197135744950356,0.0,2.0,
2021-03-17 20:01:32.700,0,-0.0254399578257375,0.0,2.0,
2021-03-17 20:01:32.710,0,-0.0180670843269397,0.0,2.0,
2021-03-17 20:01:32.720,0,-0.0071231032090433,0.0,2.0,
2021-03-17 20:01:32.730,0,-0.0085705692358679,0.0,2.0,
2021-03-17 20:01:32.740,0,-0.0074470043231371,0.0,2.0,
2021-03-17 20:01:32.750,0,-0.0137823234486422,0.0,2.0,
2021-03-17 20:01:32.760,0,-0.0052956458532339,0.0,2.0,
2021-03-17 20:01:32.770,0,-0.0090829381073796,0.0,2.0,
2021-03-17 20:01:32.780,0,-0.0069295301326665,0.0,2.0,
2021-03-17 20:01:32.790,0,-0.0111127383261927,0.0,2.0,
2021-03-17 20:01:32.800,0,-0.006430701005626999,0.0,2.0,
2021-03-17 20:01:32.810,0,-0.0070788857583649,0.0,2.0,
2021-03-17 20:01:32.820,0,-0.0037737694119395,0.0,2.0,
2021-03-17 20:01:32.830,0,-0.0050867302251848,0.0,2.0,
2021-03-17 20:01:32.840,0,-0.0023119476277269,0.0,2.0,
2021-03-17 20:01:32.850,0,-0.0051769030533833,0.0,2.0,
2021-03-17 20:01:32.860,0,-0.0014284016683726,0.0,2.0,
2021-03-17 20:01:32.870,0,-0.0067598517160998,0.0,2.0,
2021-03-17 20:01:32.880,0,-0.0022815744871886,0.0,2.0,
2021-03-17 20:01:32.890,0,0.0009866153338278,0.0,2.0,
2021-03-17 20:01:32.900,0,0.0034150950498493,0.0,2.0,
2021-03-17 20:01:32.910,0,-0.0097080552412228,0.0,2.0,
2021-03-17 20:01:32.920,0,0.0011161496339643,0.0,2.0,
2021-03-17 20:01:32.930,0,0.0045995670878581,0.0,2.0,
2021-03-17 20:01:32.940,0,-0.0053856137432042,0.0,2.0,
2021-03-17 20:01:32.950,0,0.0026625122109397,0.0,2.0,
2021-03-17 20:01:32.960,0,-0.000325509760166,0.0,2.0,
2021-03-17 20:01:32.970,0,-0.0021508714422352,0.0,2.0,
2021-03-17 20:01:32.980,0,-0.0052163315202105,0.0,2.0,
2021-03-17 20:01:32.990,0,0.0012524758490417,0.0,2.0,
2021-03-17 20:01:33.000,0,0.0022050634041199,0.07864299539005,2.0,
2021-03-17 20:01:33.010,0,-0.0001597941126545,0.1833219183974379,2.0,
2021-03-17 20:01:33.020,0,-0.00191900156953,0.2720943995554343,2.0,
2021-03-17 20:01:33.030,0,0.0023616379901024,0.3436740640325118,2.0,
2021-03-17 20:01:33.040,0,0.0002117594422199,0.4004449514984667,2.0,
2021-03-17 20:01:33.050,0,-0.0028258403563395,0.4491767482193945,2.0,
2021-03-17 20:01:33.060,0,-0.0003739357527402,0.4772493135414324,2.0,
2021-03-17 20:01:33.070,0,0.0015271266235778,0.5123418102900527,2.0,
2021-03-17 20:01:33.080,0,-0.0066137423366040005,0.5251738595912154,2.0,
2021-03-17 20:01:33.090,0,0.0031660685765272,0.5389564464835616,2.0,
2021-03-17 20:01:33.100,0,-0.0048915734267495,0.5364968039361575,2.0,
2021-03-17 20:01:33.110,0,-0.0027713169200393,0.5413576950935298,2.0,
2021-03-17 20:01:33.120,0,0.005352645075376,0.5251770464928796,2.0,
2021-03-17 20:01:33.130,0,0.0007950539039713,0.5147970599412182,2.0,
2021-03-17 20:01:33.140,0,-0.0037214181709801,0.5022105674775406,2.0,
2021-03-17 20:01:33.150,0,0.0026322247515854,0.4804050337234554,2.0,
2021-03-17 20:01:33.160,0,0.0026587708201459,0.4689881912551328,2.0,
2021-03-17 20:01:33.170,0,0.0029169533332102,0.4445916670489358,2.0,
2021-03-17 20:01:33.180,0,0.0007456777189556,0.42225010660557,2.0,
2021-03-17 20:01:33.190,0,0.0012788553036936,0.3997989661863776,2.0,
2021-03-17 20:01:33.200,0,0.0034764665877754,0.3748763158329155,2.0,
2021-03-17 20:01:33.210,0,0.0044543220453272,0.3541127798064215,2.0,
2021-03-17 20:01:33.220,0,0.0011536455542680002,0.3287254298156048,2.0,
2021-03-17 20:01:33.230,0,0.0031485906155732,0.3081553682775017,2.0,
2021-03-17 20:01:33.240,0,0.0015208452120523,0.2857807806248491,2.0,
2021-03-17 20:01:33.250,0,0.0024972315306227,0.2630995368237755,2.0,
2021-03-17 20:01:33.260,0,-0.0027347218912554,0.2408895110218431,2.0,
2021-03-17 20:01:33.270,0,-0.0021532692065156,0.2200865879342357,2.0,
2021-03-17 20:01:33.280,0,-0.0027586926182662,0.2029652386876416,2.0,
2021-03-17 20:01:33.290,0,-0.0015138906395818,0.1835732834117017,2.0,
2021-03-17 20:01:33.300,0,-0.0044861289636725,0.1656700852764099,2.0,
2021-03-17 20:01:33.310,0,-0.0013682235013159998,0.1493376120616838,2.0,
2021-03-17 20:01:33.320,0,-0.0069912717729338,0.1321309378210592,2.0,
2021-03-17 20:01:33.330,0,-0.0024298589314679,0.1190393879215689,2.0,
2021-03-17 20:01:33.340,0,0.0010073729464864,0.1053303809283979,2.0,
2021-03-17 20:01:33.350,0,0.0008637344884981,0.0917808019036865,2.0,
2021-03-17 20:01:33.360,0,0.0024105381765966,0.08072330652884199,2.0,
2021-03-17 20:01:33.370,0,0.0035300901759407,0.0700101177767893,2.0,
2021-03-17 20:01:33.380,0,0.0007436609558784,0.0605454198150829,2.0,
2021-03-17 20:01:33.390,0,-0.0001422867174173,0.0514056717988103,2.0,
2021-03-17 20:01:33.400,0,-0.0076955782302315,0.043017979358389,2.0,
2021-03-17 20:01:33.410,0,0.0058701176502885,0.0356090610714923,2.0,
2021-03-17 20:01:33.420,0,0.0046913852807483,0.0289891097692902,2.0,
2021-03-17 20:01:33.430,0,-0.0005319227431614,0.0231857726059558,2.0,
2021-03-17 20:01:33.440,0,0.0038614373262546,0.0178897015192884,2.0,
2021-03-17 20:01:33.450,0,-0.0004373388583815,0.0131498731250999,2.0,
2021-03-17 20:01:33.460,0,-0.001782325594926,0.0090345356456906,2.0,
2021-03-17 20:01:33.470,0,-0.0065006726446365,0.0054075946117927,2.0,
2021-03-17 20:01:33.480,0,0.0038423187978629,0.0022815730457268,2.0,
2021-03-17 20:01:33.490,0,-0.0014526347798155,0.0,2.0,
2021-03-17 20:01:33.500,0,0.0020985881332501,0.0,2.0,
2021-03-17 20:01:33.510,0,0.0022117944420974,0.0,2.0,
2021-03-17 20:01:33.520,0,0.002093543064646,0.0,2.0,
2021-03-17 20:01:33.530,0,-0.0046822917132504,0.0,2.0,
2021-03-17 20:01:33.540,0,0.0034959304183184,0.0,2.0,
2021-03-17 20:01:33.550,0,0.0027073656551973,0.0,2.0,
2021-03-17 20:01:33.560,0,-0.0029312581827761,0.0,2.0,
2021-03-17 20:01:33.570,0,0.0004184319920446,0.0,2.0,
2021-03-17 20:01:33.580,0,0.0011186463873622,0.0,2.0,
2021-03-17 20:01:33.590,0,-0.0023051949866888,0.0,2.0,
2021-03-17 20:01:33.600,0,0.0004138204689763,0.0,2.0,
2021-03-17 20:01:33.610,0,0.0025045627584108,0.0,2.0,
2021-03-17 20:01:33.620,0,0.003533826187302,0.0,2.0,
2021-03-17 20:01:33.630,0,0.007982164667446,0.0,2.0,
2021-03-17 20:01:33.640,0,-0.0002857742692141,0.0,2.0,
2021-03-17 20:01:33.650,0,0.007494874547894,0.0,2.0,
2021-03-17 20:01:33.660,0,-0.0019529560945613,0.0,2.0,
2021-03-17 20:01:33.670,0,-0.0038174412489824,0.0,2.0,
2021-03-17 20:01:33.680,0,-0.0004677942012818,0.0,2.0,
2021-03-17 20:01:33.690,0,-0.0010850861799882,0.0,2.0,
2021-03-17 20:01:33.700,0,-0.0002535919380478,0.0,2.0,
2021-03-17 20:01:33.710,0,0.0043815923590037,0.0,2.0,
2021-03-17 20:01:33.720,0,-0.0014553851299761,0.0,2.0,
2021-03-17 20:01:33.730,0,0.0043931744359901,0.0,2.0,
2021-03-17 20:01:33.740,0,0.0006417402034490001,0.0,2.0,
2021-03-17 20:01:33.750,0,-0.0025404730881702,0.0,2.0,
2021-03-17 20:01:33.760,0,-0.0044953802977512,0.0,2.0,
2021-03-17 20:01:33.770,0,-0.0014822287191119,0.0,2.0,
2021-03-17 20:01:33.780,0,0.0001768732302712,0.0,2.0,
2021-03-17 20:01:33.790,0,0.000274905161678,0.0,2.0,
2021-03-17 20:01:33.800,0,0.0011281833730129,0.0,2.0,
2021-03-17 20:01:33.810,0,0.0102919672888743,0.0,2.0,
2021-03-17 20:01:33.820,0,-0.0011499986855497,0.0,2.0,
2021-03-17 20:01:33.830,0,0.0012744346437422,0.0,2.0,
2021-03-17 20:01:33.840,0,0.0026645693876247,0.0,2.0,
2021-03-17 20:01:33.850,0,0.0010200232509139,0.0,2.0,
2021-03-17 20:01:33.860,0,0.0059346959786521,0.0,2.0,
2021-03-17 20:01:33.870,0,-0.0007871014617211,0.0,2.0,
2021-03-17 20:01:33.880,0,0.0004313751360105,0.0,2.0,
2021-03-17 20:01:33.890,0,-0.0002060887544265,0.0,2.0,
2021-03-17 20:01:33.900,0,0.0008319871518489999,0.0,2.0,
2021-03-17 20:01:33.910,0,0.0065934206826784,0.0,2.0,
2021-03-17 20:01:33.920,0,0.0042573606533561,0.0,2.0,
2021-03-17 20:01:33.930,0,-0.0026141518682901,0.0,2.0,
2021-03-17 20:01:33.940,0,-0.0031070742180044,0.0,2.0,
2021-03-17 20:01:33.950,0,0.0056276589951871,0.0,2.0,
2021-03-17 20:01:33.960,0,-0.0016503539346505,0.0,2.0,
2021-03-17 20:01:33.970,0,0.0009290682441155,0.0,2.0,
2021-03-17 20:01:33.980,0,0.0062965343853659,0.0,2.0,
2021-03-17 20:01:33.990,0,0.0066085401654531,3.0935797267266604e-05,2.0,
2021-03-17 20:01:34.000,0,-0.0086952224346681,7.24836329702634e-05,2.0,
2021-03-17 20:01:34.010,0,0.0005681911944047,0.0001072862511677,2.0,
2021-03-17 20:01:34.020,0,0.0046990032089979,0.0001353153710834,2.0,
2021-03-17 20:01:34.030,0,-0.0059403817263493,0.000159256923198,2.0,
2021-03-17 20:01:34.040,0,-0.0010874538701774,0.0001770980906976,2.0,
2021-03-17 20:01:34.050,0,-0.0013794891001728,0.00019022286101400004,2.0,
2021-03-17 20:01:34.060,0,-0.0019531263442959,0.000199041986555,2.0,
2021-03-17 20:01:34.070,0,-0.0012410661610745,0.0002084412801945,2.0,
2021-03-17 20:01:34.080,0,0.0049805426540907,0.0002123850179287,2.0,
2021-03-17 20:01:34.090,0,0.001837804200412,0.0002137348388131,2.0,
2021-03-17 20:01:34.100,0,-0.004466811977879,0.0002117631968787,2.0,
2021-03-17 20:01:34.110,0,-0.0017596368713219,0.0002104537368346,2.0,
2021-03-17 20:01:34.120,0,-0.0063861697293184,0.0002057138319283,2.0,
2021-03-17 20:01:34.130,0,0.0002074117381825,0.0001984119252478,2.0,
2021-03-17 20:01:34.140,0,0.0018980717921360003,0.0001940602712314,2.0,
2021-03-17 20:01:34.150,0,-0.0030220863732737,0.00018663518403400005,2.0,
2021-03-17 20:01:34.160,0,-0.0005930552903416,0.0001782660131478,2.0,
2021-03-17 20:01:34.170,0,-0.0029011096883808,0.0001687378021269,2.0,
2021-03-17 20:01:34.180,0,-0.0042160559073228,0.000159881978972,2.0,
2021-03-17 20:01:34.190,0,-0.0021431556257186,0.0001501234617227,2.0,
2021-03-17 20:01:34.200,0,-0.0018150213896699,0.0001404829153882,2.0,
2021-03-17 20:01:34.210,0,0.0025602965404581,0.0001320935838111,2.0,
2021-03-17 20:01:34.220,0,0.0013042691082077,0.0001227752991113,2.0,
2021-03-17 20:01:34.230,0,0.0025262087364329,0.0001146005436877,2.0,
2021-03-17 20:01:34.240,0,-0.0025004939075217,0.0001054900177948,2.0,
2021-03-17 20:01:34.250,0,-0.0017720247912195,9.630139136266557e-05,2.0,
2021-03-17 20:01:34.260,0,0.0031734183643739,8.904379051647679e-05,2.0,
2021-03-17 20:01:34.270,0,0.0028728901711472,8.143071309048904e-05,2.0,
2021-03-17 20:01:34.280,0,0.0018260495877425,7.345109218280583e-05,2.0,
2021-03-17 20:01:34.290,0,0.0055115394516269,6.644092806843987e-05,2.0,
2021-03-17 20:01:34.300,0,0.0008208833832319,5.9799685506561374e-05,2.0,
2021-03-17 20:01:34.310,0,0.0036657256397846,5.4067979637404965e-05,2.0,
2021-03-17 20:01:34.320,0,-0.000193741045827,4.824253750567628e-05,2.0,
2021-03-17 20:01:34.330,0,0.0022384631228929,4.2271100691827335e-05,2.0,
2021-03-17 20:01:34.340,0,-0.0031448553858868,3.695332741548165e-05,2.0,
2021-03-17 20:01:34.350,0,0.0018895581905993,3.288605053381396e-05,2.0,
2021-03-17 20:01:34.360,0,-0.0054159437586629,2.819674030665232e-05,1.0,
2021-03-17 20:01:34.370,0,-0.0059196467374338,2.4325893666114504e-05,1.0,
2021-03-17 20:01:34.380,0,0.0025638987563627,2.065162903830163e-05,1.0,
2021-03-17 20:01:34.390,0,0.003034984345717,1.753266458370229e-05,1.0,
2021-03-17 20:01:34.400,0,0.0054076587933785,1.4468426731089712e-05,1.0,
2021-03-17 20:01:34.410,0,-0.0012758791300877,1.1700107258193465e-05,1.0,
2021-03-17 20:01:34.420,0,-0.0001373004275028,9.468908802489025e-06,1.0,
2021-03-17 20:01:34.430,0,0.005792991737958001,7.298486712806958e-06,1.0,
2021-03-17 20:01:34.440,0,-0.0017805540151272,5.396146557656358e-06,1.0,
2021-03-17 20:01:34.450,0,-0.0011743023928095,3.726577075587322e-06,1.0,
2021-03-17 20:01:34.460,0,-0.003562388889354,2.250159686842788e-06,1.0,
2021-03-17 20:01:34.470,0,-0.0016888869396822,9.798798494428743e-07,1.0,
2021-03-17 20:01:34.480,0,0.0031422401635907,0.0,1.0,
2021-03-17 20:01:34.490,0,-0.0052411000236097,0.0,1.0,
2021-03-17 20:01:34.500,0,-0.0026139790352405,0.0,1.0,
2021-03-17 20:01:34.510,0,0.0005560784367942,0.0,1.0,
2021-03-17 20:01:34.520,0,0.0025599428440355,0.0,1.0,
2021-03-17 20:01:34.530,0,0.001443344498489,0.0,1.0,
2021-03-17 20:01:34.540,0,0.0069030965770467,0.0,1.0,
2021-03-17 20:01:34.550,0,-2.659277359496181e-05,0.0,1.0,
2021-03-17 20:01:34.560,0,0.0032017474127077,0.0,1.0,
2021-03-17 20:01:34.570,0,-0.0023113425886266,0.0,1.0,
2021-03-17 20:01:34.580,0,-0.0031031012837909,0.0,1.0,
2021-03-17 20:01:34.590,0,0.0018243185553221,0.0,1.0,
2021-03-17 20:01:34.600,0,0.0039050235287814,0.0,1.0,
2021-03-17 20:01:34.610,0,0.0017351145266276,0.0,1.0,
2021-03-17 20:01:34.620,0,0.0006480089917254,0.0,1.0,
2021-03-17 20:01:34.630,0,0.0036772479212442,0.0,1.0,
2021-03-17 20:01:34.640,0,-0.0044432405143481,0.0,1.0,
2021-03-17 20:01:34.650,0,0.0064537273149377,0.0,1.0,
2021-03-17 20:01:34.660,0,0.0035058060210773,0.0,1.0,
2021-03-17 20:01:34.670,0,0.003186068383385,0.0,1.0,
2021-03-17 20:01:34.680,0,0.0033909019485469,0.0,1.0,
2021-03-17 20:01:34.690,0,-0.0042006345658598,0.0,1.0,
2021-03-17 20:01:34.700,0,0.0005339171435187,0.0,1.0,
2021-03-17 20:01:34.710,0,0.0024656492942731,0.0,1.0,
2021-03-17 20:01:34.720,0,-0.0006340797538258,0.0,1.0,
2021-03-17 20:01:34.730,0,-0.0001757830121511,0.0,1.0,
2021-03-17 20:01:34.740,0,0.000929062342482,0.0,1.0,
2021-03-17 20:01:34.750,0,0.0043701516155806,0.0,1.0,
2021-03-17 20:01:34.760,0,0.0036894740431806,0.0,1.0,
2021-03-17 20:01:34.770,0,-0.0056275280112740005,0.0,1.0,
2021-03-17 20:01:34.780,0,-0.0049459023572809,0.0,1.0,
2021-03-17 20:01:34.790,0,-0.0032690145755368,0.0,1.0,
2021-03-17 20:01:34.800,0,0.0020938874211798,0.0,1.0,
2021-03-17 20:01:34.810,0,0.0012900277348099,0.0,1.0,
2021-03-17 20:01:34.820,0,0.0002087084146661,0.0,1.0,
2021-03-17 20:01:34.830,0,-0.0056216714482425,0.0,1.0,
2021-03-17 20:01:34.840,0,-0.000455212393816,0.0,1.0,
2021-03-17 20:01:34.850,0,0.0003571750205689,0.0,1.0,
2021-03-17 20:01:34.860,0,-0.0042130852821081,0.0,1.0,
2021-03-17 20:01:34.870,0,-0.0015943912142586,0.0,1.0,
2021-03-17 20:01:34.880,0,0.0030169683959423,0.0,1.0,
2021-03-17 20:01:34.890,0,-0.0011667876133606,0.0,1.0,
2021-03-17 20:01:34.900,0,-0.0021414355261862,0.0,1.0,
2021-03-17 20:01:34.910,0,0.003639087488606,0.0,1.0,
2021-03-17 20:01:34.920,0,-0.0014767109212683,0.0,1.0,
2021-03-17 20:01:34.930,0,-0.0029781836088321,0.0,1.0,
2021-03-17 20:01:34.940,0,0.0010754196062803,0.0,1.0,
2021-03-17 20:01:34.950,0,0.0017843911790947,0.0,1.0,
2021-03-17 20:01:34.960,0,-0.00399205779384,0.0,1.0,
2021-03-17 20:01:34.970,0,-0.0026460152033004,0.0,1.0,
2021-03-17 20:01:34.980,0,-0.0036701840031171,9.447409045481867e-09,1.0,
2021-03-17 20:01:34.990,0,-0.0035920664711916,2.6524107202468394e-08,1.0,
2021-03-17 20:01:35.000,0,-0.0015413171136913,4.079465646883648e-08,1.0,
2021-03-17 20:01:35.010,0,-0.0030992991876491,5.2938894723358905e-08,1.0,
2021-03-17 20:01:35.020,0,-0.0013771398469481,6.21362314465709e-08,1.0,
2021-03-17 20:01:35.030,0,-0.0016660659754081,6.939774366964534e-08,1.0,
2021-03-17 20:01:35.040,0,-0.0033212775191157,7.542737937718654e-08,1.0,
2021-03-17 20:01:35.050,0,-8.584775866897219e-05,7.967541879199535e-08,1.0,
2021-03-17 20:01:35.060,0,0.0018362023761685,8.247639475395018e-08,1.0,
2021-03-17 20:01:35.070,0,0.0009217387695483,8.401300796331401e-08,1.0,
2021-03-17 20:01:35.080,0,-0.0013428012864876,8.515943065738112e-08,1.0,
2021-03-17 20:01:35.090,0,0.0051527694580746,8.492054564949793e-08,1.0,
2021-03-17 20:01:35.100,0,1.4857734455731445e-05,8.381718709465338e-08,1.0,
2021-03-17 20:01:35.110,0,-0.0050005593404726,8.31804277036271e-08,1.0,
2021-03-17 20:01:35.120,0,-2.0648638783458152e-05,7.951939909387259e-08,1.0,
2021-03-17 20:01:35.130,0,0.0041296333881943,7.672283635936374e-08,1.0,
2021-03-17 20:01:35.140,0,-0.0059325333334486,7.436474922673457e-08,1.0,
2021-03-17 20:01:35.150,0,-0.0028734189935728,7.134582136868807e-08,1.0,
2021-03-17 20:01:35.160,0,0.002142508458776,6.762810072836233e-08,1.0,
2021-03-17 20:01:35.170,0,-0.0029154736648701,6.375389465705745e-08,1.0,
2021-03-17 20:01:35.180,0,0.0022406518940846,6.060460801443123e-08,1.0,
2021-03-17 20:01:35.190,0,-0.0004533405149927,5.6836413823627756e-08,1.0,
2021-03-17 20:01:35.200,0,-0.0005636784683388,5.279408888756609e-08,1.0,
2021-03-17 20:01:35.210,0,0.0024438081700157,4.9446605246882406e-08,1.0,
2021-03-17 20:01:35.220,0,-0.0039319544906020005,4.5680404596757633e-08,1.0,
2021-03-17 20:01:35.230,0,-0.0073803952057191,4.2221892242033204e-08,1.0,
2021-03-17 20:01:35.240,0,0.0008343031498180001,3.901126331402922e-08,1.0,
2021-03-17 20:01:35.250,0,-0.0010537906074871,3.546683175479132e-08,1.0,
2021-03-17 20:01:35.260,0,-0.0013172414889827,3.2377729545331574e-08,1.0,
2021-03-17 20:01:35.270,0,-0.0001211620486797,2.9237796525322794e-08,1.0,
2021-03-17 20:01:35.280,0,0.0015755423419355,2.6753401657112017e-08,1.0,
2021-03-17 20:01:35.290,0,0.0025876820950760005,2.3800313101572176e-08,1.0,
2021-03-17 20:01:35.300,0,-0.00330594456433,2.141604576331545e-08,1.0,
2021-03-17 20:01:35.310,0,0.0006364619652999999,1.9266718852544094e-08,1.0,
2021-03-17 20:01:35.320,0,-0.0007685387066063,1.6894998480643406e-08,1.0,
2021-03-17 20:01:35.330,0,0.0022983370740694,1.47922661141131e-08,1.0,
2021-03-17 20:01:35.340,0,-0.0032358468810438,1.3047125725385162e-08,1.0,
2021-03-17 20:01:35.350,0,0.0009589259018315,1.1367503541076636e-08,1.0,
2021-03-17 20:01:35.360,0,7.515949232804514e-05,9.750303798183868e-09,1.0,
2021-03-17 20:01:35.370,0,-0.0042723028987616,8.366739669977911e-09,1.0,
2021-03-17 20:01:35.380,0,0.0009662212512261,7.007115341122581e-09,1.0,
2021-03-17 20:01:35.390,0,-0.0013941348572568,5.811624757623555e-09,1.0,
2021-03-17 20:01:35.400,0,-0.0033841311818636,4.7819678378501726e-09,1.0,
2021-03-17 20:01:35.410,0,-0.0031219311718139,3.819907661814183e-09,1.0,
2021-03-17 20:01:35.420,0,0.0080178835659319,2.9602674008945703e-09,1.0,
2021-03-17 20:01:35.430,0,4.4078311781876176e-05,2.1782608147157488e-09,1.0,
2021-03-17 20:01:35.440,0,-0.0003822289700702,1.5153881393828255e-09,1.0,
2021-03-17 20:01:35.450,0,-0.0021420305125313,9.437652205280789e-10,1.0,
2021-03-17 20:01:35.460,0,-0.0035913630576871,4.393071572302548e-10,1.0,
2021-03-17 20:01:35.470,0,0.0028823161669661,2.608799604967794e-12,1.0,
2021-03-17 20:01:35.480,0,-0.0037464150983541,0.0,1.0,
2021-03-17 20:01:35.490,0,-0.0023819407305923,0.0,1.0,
2021-03-17 20:01:35.500,0,0.0024050163810811,0.0,1.0,
2021-03-17 20:01:35.510,0,0.0040728184711808,0.0,1.0,
2021-03-17 20:01:35.520,0,-0.0005884473506059999,0.0,1.0,
2021-03-17 20:01:35.530,0,0.0048284008714282,0.0,1.0,
2021-03-17 20:01:35.540,0,0.0028824982334589,0.0,1.0,
2021-03-17 20:01:35.550,0,-0.0028311073846627,0.0,1.0,
2021-03-17 20:01:35.560,0,-0.0025098337835012,0.0,1.0,
2021-03-17 20:01:35.570,0,0.0059988859522586,0.0,1.0,
2021-03-17 20:01:35.580,0,0.0005039201250282,0.0,1.0,
2021-03-17 20:01:35.590,0,0.0054249635466113,0.0,1.0,
2021-03-17 20:01:35.600,0,0.0038829812643778,0.0,1.0,
2021-03-17 20:01:35.610,0,0.0024387726950764,0.0,1.0,
2021-03-17 20:01:35.620,0,-0.0007598910871108,0.0,1.0,
2021-03-17 20:01:35.630,0,-0.0032115691397252,0.0,1.0,
2021-03-17 20:01:35.640,0,-0.0065936849269115,0.0,1.0,
2021-03-17 20:01:35.650,0,-0.0015609809230397,0.0,1.0,
2021-03-17 20:01:35.660,0,-0.0043909473357113,0.0,1.0,
2021-03-17 20:01:35.670,0,-0.0021251985991308,0.0,1.0,
2021-03-17 20:01:35.680,0,-0.0004420592029173,0.0,1.0,
2021-03-17 20:01:35.690,0,-0.003385339983568,0.0,1.0,
2021-03-17 20:01:35.700,0,0.0002733388973606,0.0,1.0,
2021-03-17 20:01:35.710,0,0.0025210541587696,0.0,1.0,
2021-03-17 20:01:35.720,0,-0.0038181711387640007,0.0,1.0,
2021-03-17 20:01:35.730,0,-0.0022450018943613,0.0,1.0,
2021-03-17 20:01:35.740,0,-0.0008997829889401,0.0,1.0,
2021-03-17 20:01:35.750,0,-0.002938355207764001,0.0,1.0,
2021-03-17 20:01:35.760,0,0.0016735844358207,0.0,1.0,
2021-03-17 20:01:35.770,0,-7.555594063814357e-05,0.0,1.0,
2021-03-17 20:01:35.780,0,0.0028279451074568,0.0,1.0,
2021-03-17 20:01:35.790,0,-0.0066459102840174,0.0,1.0,
2021-03-17 20:01:35.800,0,0.0027452271143709,0.0,1.0,
2021-03-17 20:01:35.810,0,-0.0028583493283516,0.0,1.0,
2021-03-17 20:01:35.820,0,-0.0049279479630772,0.0,1.0,
2021-03-17 20:01:35.830,0,-0.0024743224164377,0.0,1.0,
2021-03-17 20:01:35.840,0,-0.0005095703361245,0.0,1.0,
2021-03-17 20:01:35.850,0,-0.0015023722843553,0.0,1.0,
2021-03-17 20:01:35.860,0,-0.0036958109625878,0.0,1.0,
2021-03-17 20:01:35.870,0,-0.0021414680268811,0.0,1.0,
2021-03-17 20:01:35.880,0,-0.0001261383577835,0.0,1.0,
2021-03-17 20:01:35.890,0,0.0001295389167856,0.0,1.0,
2021-03-17 20:01:35.900,0,0.0038357517902592,0.0,1.0,
2021-03-17 20:01:35.910,0,0.0011443716619036,0.0,1.0,
2021-03-17 20:01:35.920,0,0.0106217248265002,0.0,1.0,
2021-03-17 20:01:35.930,0,-0.0023514985718155,0.0,1.0,
2021-03-17 20:01:35.940,0,0.000930412260421,0.0,1.0,
2021-03-17 20:01:35.950,0,3.9577547085763584e-05,0.0,1.0,
2021-03-17 20:01:35.960,0,0.0045805532857141,0.0,1.0,
2021-03-17 20:01:35.970,0,0.0025781707693948,3.751601054252448e-12,1.0,
2021-03-17 20:01:35.980,0,-0.0040876049330094,1.0411471216240805e-11,1.0,
2021-03-17 20:01:35.990,0,-0.0026901286304579,1.5983071977454464e-11,1.0,
2021-03-17 20:01:36.000,0,-0.004286938057882,2.0611333931771485e-11,1.0,
2021-03-17 20:01:36.010,0,-0.00434842942198,2.4705617228191625e-11,1.0,
2021-03-17 20:01:36.020,0,-0.0033277945028677,2.7510714468883374e-11,1.0,
2021-03-17 20:01:36.030,0,-0.0014072314161651,3.0125225542296734e-11,1.0,
2021-03-17 20:01:36.040,0,0.0003995875140248,3.1518067332018395e-11,1.0,
2021-03-17 20:01:36.050,0,-0.004675288834055,3.2878518189383503e-11,1.0,
2021-03-17 20:01:36.060,0,4.880898164072342e-05,3.355167038947101e-11,1.0,
2021-03-17 20:01:36.070,0,0.0007005837158727,3.3956156935486184e-11,1.0,
2021-03-17 20:01:36.080,0,-0.0023840629583689,3.345808313264195e-11,1.0,
2021-03-17 20:01:36.090,0,-0.0057153229852861,3.310861059212184e-11,1.0,
2021-03-17 20:01:36.100,0,0.0020634521958435,3.272527186083384e-11,1.0,
2021-03-17 20:01:36.110,0,-0.0006076027643535,3.170719868126409e-11,1.0,
2021-03-17 20:01:36.120,0,0.000255551234238,3.064150679718033e-11,1.0,
2021-03-17 20:01:36.130,0,-0.0056481070058186,2.946781240091081e-11,1.0,
2021-03-17 20:01:36.140,0,-0.0008850872213852,2.8424754506626307e-11,1.0,
2021-03-17 20:01:36.150,0,-0.0023687190719907,2.6793742408926343e-11,1.0,
2021-03-17 20:01:36.160,0,-0.001588344907961,2.547467237947516e-11,1.0,
2021-03-17 20:01:36.170,0,-0.0030915402076675,2.3949607352651275e-11,1.0,
2021-03-17 20:01:36.180,0,0.0008792743028251,2.2536061247216266e-11,1.0,
2021-03-17 20:01:36.190,0,-0.0016067324201967,2.1171627371178852e-11,1.0,
2021-03-17 20:01:36.200,0,0.0012130749591054,1.9476462905099863e-11,1.0,
2021-03-17 20:01:36.210,0,-0.0011433807273191,1.8295537892096254e-11,1.0,
2021-03-17 20:01:36.220,0,-0.0004561925922651,1.685242593972489e-11,1.0,
2021-03-17 20:01:36.230,0,-0.0028855882030099,1.5625551511824918e-11,1.0,
2021-03-17 20:01:36.240,0,-0.0015691306348606,1.4277664053292313e-11,1.0,
2021-03-17 20:01:36.250,0,0.0035253795763635,1.2888164514252069e-11,1.0,
2021-03-17 20:01:36.260,0,-0.0040112580294319,1.181728139148926e-11,1.0,
2021-03-17 20:01:36.270,0,0.0036458886026475,1.0632797100281704e-11,1.0,
2021-03-17 20:01:36.280,0,0.0010687727375637,9.614203254625976e-12,1.0,
2021-03-17 20:01:36.290,0,-0.0012731031665809,8.575153421659209e-12,1.0,
2021-03-17 20:01:36.300,0,0.003220107521565,7.609226157725981e-12,1.0,
2021-03-17 20:01:36.310,0,-0.0039309945195778,6.7880477690668005e-12,1.0,
2021-03-17 20:01:36.320,0,0.0057278565447487,5.989902484226239e-12,1.0,
2021-03-17 20:01:36.330,0,-0.00158613762995,5.247690458632316e-12,1.0,
2021-03-17 20:01:36.340,0,0.0041821889717544,4.561418089700108e-12,1.0,
2021-03-17 20:01:36.350,0,0.0055749248191422,3.905249823894853e-12,1.0,
2021-03-17 20:01:36.360,0,0.0003384691324019,3.3322527363534457e-12,1.0,
2021-03-17 20:01:36.370,0,0.0031535407829129,2.8330061971738887e-12,1.0,
2021-03-17 20:01:36.380,0,-0.0020797497039505,2.3410974410612774e-12,1.0,
2021-03-17 20:01:36.390,0,-0.0011742127223484,1.9181407346885304e-12,1.0,
2021-03-17 20:01:36.400,0,-0.0006574595674548,1.535397992624283e-12,1.0,
2021-03-17 20:01:36.410,0,-0.002225573206877,1.1797079985030475e-12,1.0,
2021-03-17 20:01:36.420,0,-0.0003710533654883,8.792015806119998e-13,1.0,
2021-03-17 20:01:36.430,0,-0.0033342633199624,6.145580073982293e-13,1.0,
2021-03-17 20:01:36.440,0,0.0037359290013628,3.783236782024027e-13,1.0,
2021-03-17 20:01:36.450,0,-0.0029072205400942,1.756323723406793e-13,1.0,
2021-03-17 20:01:36.460,0,-0.0019365881995647,7.416696506895118e-16,1.0,
2021-03-17 20:01:36.470,0,-0.0013070695916364,0.0,1.0,
2021-03-17 20:01:36.480,0,0.0080620571569864,0.0,1.0,
2021-03-17 20:01:36.490,0,-0.0009840713773817,0.0,1.0,
2021-03-17 20:01:36.500,0,-0.0037488720260772,0.0,1.0,
2021-03-17 20:01:36.510,0,0.002435810225232,0.0,1.0,
2021-03-17 20:01:36.520,0,-0.0049219454981121,0.0,1.0,
2021-03-17 20:01:36.530,0,0.0002680227832486,0.0,1.0,
2021-03-17 20:01:36.540,0,-0.0015912049000287,0.0,1.0,
2021-03-17 20:01:36.550,0,0.0028734929080767,0.0,1.0,
2021-03-17 20:01:36.560,0,0.0015171461861179,0.0,1.0,
2021-03-17 20:01:36.570,0,-0.0020766518992574,0.0,1.0,
2021-03-17 20:01:36.580,0,0.0041855076932499,0.0,1.0,
2021-03-17 20:01:36.590,0,0.006869920412173,0.0,1.0,
2021-03-17 20:01:36.600,0,0.0010003625064802,0.0,1.0,
2021-03-17 20:01:36.610,0,0.0010198801345498,0.0,1.0,
2021-03-17 20:01:36.620,0,-9.751425928331642e-05,0.0,1.0,
2021-03-17 20:01:36.630,0,0.0051040387130127,0.0,1.0,
2021-03-17 20:01:36.640,0,0.0016487109013781,0.0,1.0,
2021-03-17 20:01:36.650,0,-0.0005284968292953,0.0,1.0,
2021-03-17 20:01:36.660,0,-0.0022950303838224,0.0,1.0,
2021-03-17 20:01:36.670,0,0.0007511527897578,0.0,1.0,
2021-03-17 20:01:36.680,0,-0.0034556724491154,0.0,1.0,
2021-03-17 20:01:36.690,0,-0.0043082058021552,0.0,1.0,
2021-03-17 20:01:36.700,0,0.0034541461909143,0.0,1.0,
2021-03-17 20:01:36.710,0,0.0037349133202263,0.0,1.0,
2021-03-17 20:01:36.720,0,0.003903103736476,0.0,1.0,
2021-03-17 20:01:36.730,0,0.0028135026534600004,0.0,1.0,
2021-03-17 20:01:36.740,0,-0.0015946626821568,0.0,1.0,
2021-03-17 20:01:36.750,0,0.0045425051624379,0.0,1.0,
2021-03-17 20:01:36.760,0,0.0054119159903751,0.0,1.0,
2021-03-17 20:01:36.770,0,-0.0009025026109921,0.0,1.0,
2021-03-17 20:01:36.780,0,0.0055492178099843,0.0,1.0,
2021-03-17 20:01:36.790,0,0.0048374551938584,0.0,1.0,
2021-03-17 20:01:36.800,0,0.0042788665284279,0.0,1.0,
2021-03-17 20:01:36.810,0,-0.0026760117421177,0.0,1.0,
2021-03-17 20:01:36.820,0,0.0009180029054691,0.0,1.0,
2021-03-17 20:01:36.830,0,0.0060424792362633,0.0,1.0,
2021-03-17 20:01:36.840,0,-0.0011685955202141,0.0,1.0,
2021-03-17 20:01:36.850,0,0.0027939568541031,0.0,1.0,
2021-03-17 20:01:36.860,0,-0.0045665795311825,0.0,1.0,
2021-03-17 20:01:36.870,0,-0.0032301359089543,0.0,1.0,
2021-03-17 20:01:36.880,0,-0.0010440521201628,0.0,1.0,
2021-03-17 20:01:36.890,0,-0.000109407190294,0.0,1.0,
2021-03-17 20:01:36.900,0,0.0009671931315092,0.0,1.0,
2021-03-17 20:01:36.910,0,-0.009616575598042,0.0,1.0,
2021-03-17 20:01:36.920,0,0.0029310563492768,0.0,1.0,
2021-03-17 20:01:36.930,0,-0.0032096152282094,0.0,1.0,
2021-03-17 20:01:36.940,0,-0.0013987282389703,0.0,1.0,
2021-03-17 20:01:36.950,0,-0.0029790900170875,0.0,1.0,
2021-03-17 20:01:36.960,0,0.0029472004590052,1.5178210416880102e-15,1.0,
2021-03-17 20:01:36.970,0,-0.0006144465037480001,4.206728704757673e-15,1.0,
2021-03-17 20:01:36.980,0,0.0013299316222175,6.434053974124353e-15,1.0,
2021-03-17 20:01:36.990,0,0.003116034528342,8.334366894542124e-15,1.0,
2021-03-17 20:01:37.000,0,-0.0038938331472567,9.846006606450421e-15,1.0,
2021-03-17 20:01:37.010,0,-0.0044325929873791,1.0963973377243471e-14,1.0,
2021-03-17 20:01:37.020,0,0.0022657292813547,1.1979049798214191e-14,1.0,
2021-03-17 20:01:37.030,0,0.0015980339526012,1.2592708929767824e-14,1.0,
2021-03-17 20:01:37.040,0,-0.0036419583090922,1.3016171075685853e-14,1.0,
2021-03-17 20:01:37.050,0,0.0066866851481667,1.33421391693966e-14,1.0,
2021-03-17 20:01:37.060,0,-0.0043460903212221,1.3345670437396424e-14,1.0,
2021-03-17 20:01:37.070,0,0.003077378150794,1.3352550840058541e-14,1.0,
2021-03-17 20:01:37.080,0,0.0001531695113108,1.3254706927176986e-14,1.0,
2021-03-17 20:01:37.090,0,0.004624204426903,1.3019441572209493e-14,1.0,
2021-03-17 20:01:37.100,0,0.0004310426783279,1.2612820714008145e-14,1.0,
2021-03-17 20:01:37.110,0,0.0046309751908057,1.220869480867435e-14,1.0,
2021-03-17 20:01:37.120,0,0.0014457768942873,1.174466056664468e-14,1.0,
2021-03-17 20:01:37.130,0,0.0010442828524031,1.1214669363836564e-14,1.0,
2021-03-17 20:01:37.140,0,-0.0034689178555001,1.0699004329532716e-14,1.0,
2021-03-17 20:01:37.150,0,-0.0017940197346201,1.0138860096145001e-14,1.0,
2021-03-17 20:01:37.160,0,-0.0017206666857363,9.560225242416976e-15,1.0,
2021-03-17 20:01:37.170,0,1.5841854024834643e-05,9.02498401193538e-15,1.0,
2021-03-17 20:01:37.180,0,-0.0009173544716755,8.35767918160353e-15,1.0,
2021-03-17 20:01:37.190,0,0.0017563842925378,7.792825832297231e-15,1.0,
2021-03-17 20:01:37.200,0,0.0024067261645360004,7.219873449180103e-15,1.0,
2021-03-17 20:01:37.210,0,-0.0002667573782919,6.640119269077131e-15,1.0,
2021-03-17 20:01:37.220,0,-0.0020640539643714,6.130013103381672e-15,1.0,
2021-03-17 20:01:37.230,0,0.0028416587854512,5.611834027724396e-15,1.0,
2021-03-17 20:01:37.240,0,0.0002874561126111,5.134831964864386e-15,1.0,
2021-03-17 20:01:37.250,0,0.0003832169900801,4.608814508609414e-15,1.0,
2021-03-17 20:01:37.260,0,0.0046810760893529,4.176776139779358e-15,1.0,
2021-03-17 20:01:37.270,0,0.0026118700299323,3.750351409278418e-15,1.0,
2021-03-17 20:01:37.280,0,0.0055498724419264,3.3661628351434715e-15,1.0,
2021-03-17 20:01:37.290,0,0.0001322944165582,2.9783444816976967e-15,1.0,
2021-03-17 20:01:37.300,0,0.0029942014234251,2.654741819570581e-15,1.0,
2021-03-17 20:01:37.310,0,-0.0027226372239310005,2.3408416260242378e-15,1.0,
2021-03-17 20:01:37.320,0,0.0016958002702196,2.060049484158132e-15,1.0,
2021-03-17 20:01:37.330,0,0.0057343076238493,1.7682342372013952e-15,1.0,
2021-03-17 20:01:37.340,0,0.0006871975701424,1.531993123753291e-15,1.0,
2021-03-17 20:01:37.350,0,-0.0028602595412226,1.3136648742235375e-15,1.0,
2021-03-17 20:01:37.360,0,-0.0048519965683051,1.0958939066296042e-15,1.0,
2021-03-17 20:01:37.370,0,-0.0007564301029511,9.089187340589935e-16,1.0,
2021-03-17 20:01:37.380,0,-0.0023257072699219,7.498668571522302e-16,1.0,
2021-03-17 20:01:37.390,0,0.0009995066273160002,5.941518858040483e-16,1.0,
2021-03-17 20:01:37.400,0,0.0002541961909006,4.633804919148156e-16,1.0,
2021-03-17 20:01:37.410,0,-0.0025867593460831,3.4133837505207136e-16,1.0,
2021-03-17 20:01:37.420,0,-0.0021082651458520004,2.378154652446162e-16,1.0,
2021-03-17 20:01:37.430,0,0.0078990743506444,1.4720400822888716e-16,1.0,
2021-03-17 20:01:37.440,0,0.0032190550166528,6.814059877168029e-17,1.0,
2021-03-17 20:01:37.450,0,-0.0001251682409902,1.629096839248182e-19,1.0,
2021-03-17 20:01:37.460,0,-0.0008499954425718,0.0,1.0,
2021-03-17 20:01:37.470,0,-0.0029899876100133,0.0,1.0,
2021-03-17 20:01:37.480,0,0.0022764715424526,0.0,1.0,
2021-03-17 20:01:37.490,0,-0.0014381067287847,0.0,1.0,
2021-03-17 20:01:37.500,0,-0.0036599884088708,0.0,1.0,
2021-03-17 20:01:37.510,0,-0.0050066985270136,0.0,1.0,
2021-03-17 20:01:37.520,0,0.0030993089983789,0.0,1.0,
2021-03-17 20:01:37.530,0,-0.0023947333399436,0.0,1.0,
2021-03-17 20:01:37.540,0,0.0023051852276025,0.0,1.0,
2021-03-17 20:01:37.550,0,0.0056850868354723,0.0,1.0,
2021-03-17 20:01:37.560,0,0.0070267218441593,0.0,1.0,
2021-03-17 20:01:37.570,0,0.0015161543129076,0.0,1.0,
2021-03-17 20:01:37.580,0,0.0014967919846829,0.0,1.0,
2021-03-17 20:01:37.590,0,0.0033171411822944,0.0,1.0,
2021-03-17 20:01:37.600,0,0.0004342517005171,0.0,1.0,
2021-03-17 20:01:37.610,0,-0.0026017492725883,0.0,1.0,
2021-03-17 20:01:37.620,0,0.0004770098524301,0.0,1.0,
2021-03-17 20:01:37.630,0,0.0002425506928819,0.0,1.0,
2021-03-17 20:01:37.640,0,0.0078881305977551,0.0,1.0,
2021-03-17 20:01:37.650,0,0.0005363381731252,0.0,1.0,
2021-03-17 20:01:37.660,0,0.0035175808413639,0.0,1.0,
2021-03-17 20:01:37.670,0,-0.001503741227726,0.0,1.0,
2021-03-17 20:01:37.680,0,0.0055745852318712,0.0,1.0,
2021-03-17 20:01:37.690,0,0.0059928152342244,0.0,1.0,
2021-03-17 20:01:37.700,0,-0.0021425086772379,0.0,1.0,
2021-03-17 20:01:37.710,0,-0.0002834314739019,0.0,1.0,
2021-03-17 20:01:37.720,0,0.0009718343858999,0.0,1.0,
2021-03-17 20:01:37.730,0,0.0024831881033512,0.0,1.0,
2021-03-17 20:01:37.740,0,-0.0009025342874645,0.0,1.0,
2021-03-17 20:01:37.750,0,0.0035548043959308,0.0,1.0,
2021-03-17 20:01:37.760,0,-0.0008569365515585,0.0,1.0,
2021-03-17 20:01:37.770,0,-0.0006792214232279,0.0,1.0,
2021-03-17 20:01:37.780,0,0.0015618772670067,0.0,1.0,
2021-03-17 20:01:37.790,0,-0.0010276423495261,0.0,1.0,
2021-03-17 20:01:37.800,0,-0.0022269292883577,0.0,1.0,
2021-03-17 20:01:37.810,0,-0.0039849026291489,0.0,1.0,
2021-03-17 20:01:37.820,0,-0.0019386396732917,0.0,1.0,
2021-03-17 20:01:37.830,0,-0.0014692209077662,0.0,1.0,
2021-03-17 20:01:37.840,0,-0.0007932627685794,0.0,1.0,
2021-03-17 20:01:37.850,0,0.0072972478914024,0.0,1.0,
2021-03-17 20:01:37.860,0,0.000485556215711,0.0,1.0,
2021-03-17 20:01:37.870,0,0.0055383588457268,0.0,1.0,
2021-03-17 20:01:37.880,0,0.0019254857939917,0.0,1.0,
2021-03-17 20:01:37.890,0,0.0022655676947394,0.0,1.0,
2021-03-17 20:01:37.900,0,-0.00409505645664,0.0,1.0,
2021-03-17 20:01:37.910,0,0.0076188644492605,0.0,1.0,
2021-03-17 20:01:37.920,0,3.2097235944562697e-05,0.0,1.0,
2021-03-17 20:01:37.930,0,-0.008575734293116,0.0,1.0,
2021-03-17 20:01:37.940,0,0.002691767741995,0.0,1.0,
2021-03-17 20:01:37.950,0,-0.0070911514356536,5.873259608816324e-19,1.0,
2021-03-17 20:01:37.960,0,-0.008019388811163,1.6164878454078578e-18,1.0,
2021-03-17 20:01:37.970,0,-0.003319078764149,2.485289999787485e-18,1.0,
2021-03-17 20:01:37.980,0,0.0008728634692888,3.2268956264335137e-18,1.0,
2021-03-17 20:01:37.990,0,0.0049876137735903,3.799358402164666e-18,1.0,
2021-03-17 20:01:38.000,0,-0.0019346052357457,4.2989140924449004e-18,1.0,
2021-03-17 20:01:38.010,0,-0.0032044211881924,4.622244479969347e-18,1.0,
2021-03-17 20:01:38.020,0,0.0008175012506647,4.8886130305720595e-18,1.0,
2021-03-17 20:01:38.030,0,0.0043664001140362,5.0719102221028654e-18,1.0,
2021-03-17 20:01:38.040,0,0.001817375211664,5.178362345572372e-18,1.0,
2021-03-17 20:01:38.050,0,-0.0009440818389923,5.224123343633198e-18,1.0,
2021-03-17 20:01:38.060,0,0.0070940804748184,5.18559439718409e-18,1.0,
2021-03-17 20:01:38.070,0,0.0008487066494203,5.188955802240416e-18,1.0,
2021-03-17 20:01:38.080,0,-0.0008002139793448,5.0440254261078036e-18,1.0,
2021-03-17 20:01:38.090,0,-0.0024809217151611,4.9151679445965715e-18,1.0,
2021-03-17 20:01:38.100,0,0.0017783635209839,4.749515778797161e-18,1.0,
2021-03-17 20:01:38.110,0,0.0001533005114687,4.585491932209413e-18,1.0,
2021-03-17 20:01:38.120,0,0.0005587407012331,4.3589166286930136e-18,1.0,
2021-03-17 20:01:38.130,0,-0.0011313185586825,4.159536556115696e-18,1.0,
2021-03-17 20:01:38.140,0,0.0002170944152424,3.920859938793686e-18,1.0,
2021-03-17 20:01:38.150,0,0.0003772189775449,3.7187335848824695e-18,1.0,
2021-03-17 20:01:38.160,0,-0.0007741643045655,3.4744282927744444e-18,1.0,
2021-03-17 20:01:38.170,0,-0.0006007969360401,3.257699477354626e-18,1.0,
2021-03-17 20:01:38.180,0,0.0031215897655732,3.0393711565318923e-18,1.0,
2021-03-17 20:01:38.190,0,-0.0004215308526549,2.815111385949586e-18,1.0,
2021-03-17 20:01:38.200,0,-0.0005394390897148,2.620975848689109e-18,1.0,
2021-03-17 20:01:38.210,0,-0.0048548429219829,2.393455992554369e-18,1.0,
2021-03-17 20:01:38.220,0,-0.0009501248679893,2.2069202514605948e-18,1.0,
2021-03-17 20:01:38.230,0,0.0034432596259281,1.996302000513172e-18,1.0,
2021-03-17 20:01:38.240,0,-0.0068701687915421,1.8336782230271284e-18,1.0,
2021-03-17 20:01:38.250,0,-0.0034483631952023,1.6594183314131309e-18,1.0,
2021-03-17 20:01:38.260,0,-0.0019441116804897,1.4808602175797534e-18,1.0,
2021-03-17 20:01:38.270,0,-0.0014348680313898,1.335600441296632e-18,1.0,
2021-03-17 20:01:38.280,0,8.569231074556259e-05,1.1828420827269764e-18,1.0,
2021-03-17 20:01:38.290,0,0.0074190618640868,1.046531019478501e-18,1.0,
2021-03-17 20:01:38.300,0,0.0050803904722822,9.181200406304364e-19,1.0,
2021-03-17 20:01:38.310,0,-0.0011367650452011,8.060465639306929e-19,1.0,
2021-03-17 20:01:38.320,0,-0.0056648118323471,6.9976787157273035e-19,1.0,
2021-03-17 20:01:38.330,0,0.0041253368549133,6.013014307957511e-19,1.0,
2021-03-17 20:01:38.340,0,-0.0002895583762494,5.0864764977426e-19,1.0,
2021-03-17 20:01:38.350,0,0.0012744861288703,4.339253851125209e-19,1.0,
2021-03-17 20:01:38.360,0,0.000177807881346,3.592914160053717e-19,1.0,
2021-03-17 20:01:38.370,0,0.0041785950568059,2.957427730436637e-19,1.0,
2021-03-17 20:01:38.380,0,-0.0041080781657042,2.353077620473609e-19,1.0,
2021-03-17 20:01:38.390,0,-0.0052862945733871,1.8036860037746965e-19,1.0,
2021-03-17 20:01:38.400,0,0.0035722280072059,1.3430337324654606e-19,1.0,
2021-03-17 20:01:38.410,0,0.0001465544091291,9.461458805772418e-20,1.0,
2021-03-17 20:01:38.420,0,-0.0031230841500692,5.808371656275942e-20,1.0,
2021-03-17 20:01:38.430,0,0.0001865338793615,2.6925410541885966e-20,1.0,
2021-03-17 20:01:38.440,0,-0.0056214092911715,1.5824366871932194e-23,1.0,
2021-03-17 20:01:38.450,0,0.0027178822685722,0.0,1.0,
2021-03-17 20:01:38.460,0,3.62509257204966e-05,0.0,1.0,
2021-03-17 20:01:38.470,0,-0.0019109305474862,0.0,1.0,
2021-03-17 20:01:38.480,0,-0.0022149918470925,0.0,1.0,
2021-03-17 20:01:38.490,0,-0.0033815010825769,0.0,1.0,
2021-03-17 20:01:38.500,0,-0.006126222189049,0.0,1.0,
2021-03-17 20:01:38.510,0,-0.0024958162018813,0.0,1.0,
2021-03-17 20:01:38.520,0,-0.008081142514617999,0.0,1.0,
2021-03-17 20:01:38.530,0,-0.0004955617359397,0.0,1.0,
2021-03-17 20:01:38.540,0,-0.0005161940913763,0.0,1.0,
2021-03-17 20:01:38.550,0,0.003603629281741,0.0,1.0,
2021-03-17 20:01:38.560,0,0.0098122672905127,0.0,1.0,
2021-03-17 20:01:38.570,0,0.0002296288382282,0.0,1.0,
2021-03-17 20:01:38.580,0,0.007015538268771,0.0,1.0,
2021-03-17 20:01:38.590,0,-0.0045627794408298,0.0,1.0,
2021-03-17 20:01:38.600,0,-0.0020006311672695,0.0,1.0,
2021-03-17 20:01:38.610,0,0.0026957698244656,0.0,1.0,
2021-03-17 20:01:38.620,0,-0.0007422441788701,0.0,1.0,
2021-03-17 20:01:38.630,0,-0.0048492243646858,0.0,1.0,
2021-03-17 20:01:38.640,0,-0.0020931671871457,0.0,1.0,
2021-03-17 20:01:38.650,0,-0.0006423746384988,0.0,1.0,
2021-03-17 20:01:38.660,0,0.0016998902451379,0.0,1.0,
2021-03-17 20:01:38.670,0,0.0045694293027551,0.0,1.0,
2021-03-17 20:01:38.680,0,0.0009403696886363,0.0,1.0,
2021-03-17 20:01:38.690,0,0.0024184867693064,0.0,1.0,
2021-03-17 20:01:38.700,0,-0.0012712156324549,0.0,1.0,
2021-03-17 20:01:38.710,0,-0.0023736103479027,0.0,1.0,
2021-03-17 20:01:38.720,0,-0.0019699194611769,0.0,1.0,
2021-03-17 20:01:38.730,0,-0.0063688119438941,0.0,1.0,
2021-03-17 20:01:38.740,0,0.0018928408586077,0.0,1.0,
2021-03-17 20:01:38.750,0,-0.0023435417028204,0.0,1.0,
2021-03-17 20:01:38.760,0,0.0044655512098668,0.0,1.0,
2021-03-17 20:01:38.770,0,0.0027764146163261,0.0,1.0,
2021-03-17 20:01:38.780,0,0.0009471073625108,0.0,1.0,
2021-03-17 20:01:38.790,0,-0.0039282467905933,0.0,1.0,
2021-03-17 20:01:38.800,0,-0.0080373801734337,0.0,1.0,
2021-03-17 20:01:38.810,0,0.0026826490811602,0.0,1.0,
2021-03-17 20:01:38.820,0,0.0029620967850076,0.0,1.0,
2021-03-17 20:01:38.830,0,-0.0045894601310545,0.0,1.0,
2021-03-17 20:01:38.840,0,-0.005986227601467,0.0,1.0,
2021-03-17 20:01:38.850,0,0.0006820592158483,0.0,1.0,
2021-03-17 20:01:38.860,0,-6.0749585296319126e-05,0.0,1.0,
2021-03-17 20:01:38.870,0,0.0008028612901579,0.0,1.0,
2021-03-17 20:01:38.880,0,-0.00034444201852,0.0,1.0,
2021-03-17 20:01:38.890,0,-0.0005929945688691,0.0,1.0,
2021-03-17 20:01:38.900,0,0.0024633679339606,0.0,1.0,
2021-03-17 20:01:38.910,0,-0.0041717031839884,0.0,1.0,
2021-03-17 20:01:38.920,0,0.0023084255519028,0.0,1.0,
2021-03-17 20:01:38.930,0,0.003880568602927,0.0,1.0,
2021-03-17 20:01:38.940,0,0.0010633018617369,2.3456642793109166e-22,1.0,
2021-03-17 20:01:38.950,0,0.0022093369061726,6.427001758262487e-22,1.0,
2021-03-17 20:01:38.960,0,-0.0023716351088852,1.0023705575656244e-21,1.0,
2021-03-17 20:01:38.970,0,0.000528446695405,1.2905727144341846e-21,1.0,
2021-03-17 20:01:38.980,0,-0.0015019845112167,1.5098566795101233e-21,1.0,
2021-03-17 20:01:38.990,0,0.0029094782395009,1.708402677334847e-21,1.0,
2021-03-17 20:01:39.000,0,-0.0043692808217984,1.8623664721626157e-21,1.0,
2021-03-17 20:01:39.010,0,0.0006626795119775,1.930421701861675e-21,1.0,
2021-03-17 20:01:39.020,0,0.0005230614560619,2.0244648618221383e-21,1.0,
2021-03-17 20:01:39.030,0,0.0011729481630792,2.04747742042994e-21,1.0,
2021-03-17 20:01:39.040,0,-0.0067194132721804,2.07469205570268e-21,1.0,
2021-03-17 20:01:39.050,0,0.0013224889926462,2.0615942197079388e-21,1.0,
2021-03-17 20:01:39.060,0,0.0053638714432997,2.043434887357384e-21,1.0,
2021-03-17 20:01:39.070,0,5.19626035804622e-05,2.001646647771606e-21,1.0,
2021-03-17 20:01:39.080,0,-0.0005832502211940001,1.949561492001109e-21,1.0,
2021-03-17 20:01:39.090,0,-0.0025832529944464,1.894259708097957e-21,1.0,
2021-03-17 20:01:39.100,0,-0.0023402567723649,1.8248149116312987e-21,1.0,
2021-03-17 20:01:39.110,0,-0.0020418584731241,1.7291832161619667e-21,1.0,
2021-03-17 20:01:39.120,0,0.0056314989707836,1.6452271916838135e-21,1.0,
2021-03-17 20:01:39.130,0,-0.0019233139795228,1.5627561251803139e-21,1.0,
2021-03-17 20:01:39.140,0,-0.0053200218443339,1.4622957738829059e-21,1.0,
2021-03-17 20:01:39.150,0,0.0002564391063364,1.3881779206983871e-21,1.0,
2021-03-17 20:01:39.160,0,-0.0028871003898978,1.2979027274644195e-21,1.0,
2021-03-17 20:01:39.170,0,-0.0037070752270494,1.2048128545340247e-21,1.0,
2021-03-17 20:01:39.180,0,0.0017360670591706,1.1121273396522771e-21,1.0,
2021-03-17 20:01:39.190,0,0.0007364522584031,1.0237449644915055e-21,1.0,
2021-03-17 20:01:39.200,0,-0.0006346202042026,9.395938510399432e-22,1.0,
2021-03-17 20:01:39.210,0,-0.0006447368516341,8.575868739539908e-22,1.0,
2021-03-17 20:01:39.220,0,-0.0030998261457737,7.870803904104742e-22,1.0,
2021-03-17 20:01:39.230,0,-0.0010260034969747,7.159141952847203e-22,1.0,
2021-03-17 20:01:39.240,0,0.0025805787177906,6.449921010323292e-22,1.0,
2021-03-17 20:01:39.250,0,-0.0025981515555255,5.777975470538324e-22,1.0,
2021-03-17 20:01:39.260,0,0.0011022880042129,5.180244321242886e-22,1.0,
2021-03-17 20:01:39.270,0,0.0055157969245295,4.650898070716307e-22,1.0,
2021-03-17 20:01:39.280,0,-0.0001864251401031,4.0948691379391655e-22,1.0,
2021-03-17 20:01:39.290,0,-0.0023854563584013,3.5994438288923155e-22,1.0,
2021-03-17 20:01:39.300,0,-0.0009815703697261,3.121767136656018e-22,1.0,
2021-03-17 20:01:39.310,0,0.0017526179641119,2.74826430559262e-22,1.0,
2021-03-17 20:01:39.320,0,0.0029441545232099,2.368589621966569e-22,1.0,
2021-03-17 20:01:39.330,0,-0.0010980505010021,2.0053852622251944e-22,1.0,
2021-03-17 20:01:39.340,0,0.001818618391432,1.6807963302292351e-22,1.0,
2021-03-17 20:01:39.350,0,0.0013896999178697,1.389451988590748e-22,1.0,
2021-03-17 20:01:39.360,0,-0.0005936536848546,1.127124466353474e-22,1.0,
2021-03-17 20:01:39.370,0,0.0003663775737083,9.041715906158458e-23,1.0,
2021-03-17 20:01:39.380,0,0.0035580616192273,7.032437498473829e-23,1.0,
2021-03-17 20:01:39.390,0,0.0039670135582534,5.245548645408889e-23,1.0,
2021-03-17 20:01:39.400,0,-0.0056925913130561,3.6652426453366387e-23,1.0,
2021-03-17 20:01:39.410,0,-0.0074303109243793,2.2604991216281608e-23,1.0,
2021-03-17 20:01:39.420,0,0.0056655219808942,1.0495635500646042e-23,1.0,
2021-03-17 20:01:39.430,0,0.0013741893407431,0.0,1.0,
2021-03-17 20:01:39.440,0,-0.0003349781784163,0.0,1.0,
2021-03-17 20:01:39.450,0,0.0057884735781248,0.0,1.0,
2021-03-17 20:01:39.460,0,0.0005239736838538,0.0,1.0,
2021-03-17 20:01:39.470,0,-0.0053171631760755,0.0,1.0,
2021-03-17 20:01:39.480,0,-0.0023130608357362,0.0,1.0,
2021-03-17 20:01:39.490,0,0.0001104456319484,0.0,1.0,
2021-03-17 20:01:39.500,0,0.0006894493362000001,0.0,1.0,
2021-03-17 20:01:39.510,0,0.0049589620664577,0.0,1.0,
2021-03-17 20:01:39.520,0,-0.0057586248402986,0.0,1.0,
2021-03-17 20:01:39.530,0,0.0005452864671957,0.0,1.0,
2021-03-17 20:01:39.540,0,0.0002152707734304,0.0,1.0,
2021-03-17 20:01:39.550,0,-0.0004246825888611,0.0,1.0,
2021-03-17 20:01:39.560,0,0.0004018515477173,0.0,1.0,
2021-03-17 20:01:39.570,0,-0.002731740141709,0.0,1.0,
2021-03-17 20:01:39.580,0,-0.0051974548581729,0.0,1.0,
2021-03-17 20:01:39.590,0,0.0012506252213516,0.0,1.0,
2021-03-17 20:01:39.600,0,-0.0011724613873873,0.0,1.0,
2021-03-17 20:01:39.610,0,0.0009874153919211,0.0,1.0,
2021-03-17 20:01:39.620,0,0.0003767545538086,0.0,1.0,
2021-03-17 20:01:39.630,0,0.0003454888243707,0.0,1.0,
2021-03-17 20:01:39.640,0,0.0072843961183773,0.0,1.0,
2021-03-17 20:01:39.650,0,0.0010027198409059,0.0,1.0,
2021-03-17 20:01:39.660,0,0.0020636514346183,0.0,1.0,
2021-03-17 20:01:39.670,0,-0.0049596840097153,0.0,1.0,
2021-03-17 20:01:39.680,0,-0.0004298426134728,0.0,1.0,
2021-03-17 20:01:39.690,0,-0.0066886591268167,0.0,1.0,
2021-03-17 20:01:39.700,0,0.0031672881453523,0.0,1.0,
2021-03-17 20:01:39.710,0,-0.0008773584827085,0.0,1.0,
2021-03-17 20:01:39.720,0,0.0030654129867206,0.0,1.0,
2021-03-17 20:01:39.730,0,-0.0009122175298069,0.0,1.0,
2021-03-17 20:01:39.740,0,-0.0062268021946341,0.0,1.0,
2021-03-17 20:01:39.750,0,-0.007186455650713,0.0,1.0,
2021-03-17 20:01:39.760,0,0.0055382538079452,0.0,1.0,
2021-03-17 20:01:39.770,0,-0.0025791817774954,0.0,1.0,
2021-03-17 20:01:39.780,0,-0.0036709543339593,0.0,1.0,
2021-03-17 20:01:39.790,0,-0.0013930369244086,0.0,1.0,
2021-03-17 20:01:39.800,0,0.0008860131336222,0.0,1.0,
2021-03-17 20:01:39.810,0,-0.0003557263468611,0.0,1.0,
2021-03-17 20:01:39.820,0,0.0033798449531512,0.0,1.0,
2021-03-17 20:01:39.830,0,-0.0016710145945353,0.0,1.0,
2021-03-17 20:01:39.840,0,0.0063644272089255,0.0,1.0,
2021-03-17 20:01:39.850,0,-0.0092178636599711,0.0,1.0,
2021-03-17 20:01:39.860,0,-0.0008913153692128,0.0,1.0,
2021-03-17 20:01:39.870,0,0.0035663723732363,0.0,1.0,
2021-03-17 20:01:39.880,0,0.0044735941412733,0.0,1.0,
2021-03-17 20:01:39.890,0,-0.0008829072620118,0.0,1.0,
2021-03-17 20:01:39.900,0,-0.0045034301339148,0.0,1.0,
2021-03-17 20:01:39.910,0,0.0030057661938685,0.0,1.0,
2021-03-17 20:01:39.920,0,-0.0015539031716684,0.0,1.0,
2021-03-17 20:01:39.930,0,-0.0001404547989697,9.264925420866192e-26,1.0,
2021-03-17 20:01:39.940,0,0.0002717134116818,2.541742786144518e-25,1.0,
2021-03-17 20:01:39.950,0,-0.0023826044028275,3.8701218172498074e-25,1.0,
2021-03-17 20:01:39.960,0,-0.0053837285186547,5.0360281510205295e-25,1.0,
2021-03-17 20:01:39.970,0,-0.0001257784806765,5.93711228162556e-25,1.0,
2021-03-17 20:01:39.980,0,0.0014338187406420005,6.656708978848004e-25,1.0,
2021-03-17 20:01:39.990,0,0.0030970509665828,7.204916866639308e-25,1.0,
2021-03-17 20:01:40.000,0,0.0014746702928844,7.678719391794822e-25,1.0,
2021-03-17 20:01:40.010,0,9.020432124419793e-05,7.940689594862021e-25,1.0,
2021-03-17 20:01:40.020,0,-0.0016161519780149,8.064460555945048e-25,1.0,
2021-03-17 20:01:40.030,0,-0.0033253230820541,8.078683869651088e-25,1.0,
2021-03-17 20:01:40.040,0,0.0031563788287451,8.128279026329262e-25,1.0,
2021-03-17 20:01:40.050,0,-0.0048989810022408,8.021005957057923e-25,1.0,
2021-03-17 20:01:40.060,0,-0.0032945004729414,7.847207090460157e-25,1.0,
2021-03-17 20:01:40.070,0,0.0008345617598297,7.666574416174407e-25,1.0,
2021-03-17 20:01:40.080,0,-0.0015146217821085,7.48746219153191e-25,1.0,
2021-03-17 20:01:40.090,0,-0.0003778289380381,7.154022712515786e-25,1.0,
2021-03-17 20:01:40.100,0,-0.002058840541829,6.850988141493943e-25,1.0,
2021-03-17 20:01:40.110,0,0.0037721401173932,6.504949820179182e-25,1.0,
2021-03-17 20:01:40.120,0,-0.0041382337860824,6.151330077057267e-25,1.0,
2021-03-17 20:01:40.130,0,-0.0032156282273913,5.796235649765165e-25,1.0,
2021-03-17 20:01:40.140,0,0.0004935777069961,5.481826054124396e-25,1.0,
2021-03-17 20:01:40.150,0,0.000586462944776,5.144850448451554e-25,1.0,
2021-03-17 20:01:40.160,0,-0.0014750701530446,4.772530279615463e-25,1.0,
2021-03-17 20:01:40.170,0,0.002665399792653,4.359790785309099e-25,1.0,
2021-03-17 20:01:40.180,0,0.0055592535822798,4.0496895541734866e-25,1.0,
2021-03-17 20:01:40.190,0,-0.001628503602426,3.7449203460439048e-25,1.0,
2021-03-17 20:01:40.200,0,0.0027708232220164,3.4302726943860245e-25,1.0,
2021-03-17 20:01:40.210,0,-0.0010122878203523,3.1378645293163904e-25,1.0,
2021-03-17 20:01:40.220,0,0.0035130810036032,2.831511207001529e-25,1.0,
2021-03-17 20:01:40.230,0,0.0036820242805003,2.559624706825533e-25,1.0,
2021-03-17 20:01:40.240,0,0.000192189732528,2.3172589775158886e-25,1.0,
2021-03-17 20:01:40.250,0,0.0017163437770841,2.0633565552491462e-25,1.0,
2021-03-17 20:01:40.260,0,-0.0002657148884471,1.8325359533334765e-25,1.0,
2021-03-17 20:01:40.270,0,-0.0085863459863392,1.6267195298955206e-25,1.0,
2021-03-17 20:01:40.280,0,-0.0029895572090137,1.4241962615062314e-25,1.0,
2021-03-17 20:01:40.290,0,-0.0024843997676838,1.2652777088821604e-25,1.0,
2021-03-17 20:01:40.300,0,0.0056001028654295,1.0863606930015914e-25,1.0,
2021-03-17 20:01:40.310,0,0.0029707413324654,9.400480176245864e-26,1.0,
2021-03-17 20:01:40.320,0,-0.0047717750227378,8.033405851765377e-26,1.0,
2021-03-17 20:01:40.330,0,-0.0060199460835393,6.750664493272101e-26,1.0,
2021-03-17 20:01:40.340,0,-0.0037978297818237,5.651684762618397e-26,1.0,
2021-03-17 20:01:40.350,0,0.0008368743760459999,4.5980448138656956e-26,1.0,
2021-03-17 20:01:40.360,0,0.0036361108290416,3.668732012470407e-26,1.0,
2021-03-17 20:01:40.370,0,-0.0009411945036433,2.8126594035922755e-26,1.0,
2021-03-17 20:01:40.380,0,0.0031321575835554,2.091023844989113e-26,1.0,
2021-03-17 20:01:40.390,0,0.0031803350570987,1.4545004449619733e-26,1.0,
2021-03-17 20:01:40.400,0,-0.0009235339001709,9.007903378062871e-27,1.0,
2021-03-17 20:01:40.410,0,-0.0022721440893753,4.190676899381353e-27,1.0,
2021-03-17 20:01:40.420,0,0.0006302128668976,0.0,1.0,
2021-03-17 20:01:40.430,0,0.0003393451395312,0.0,1.0,
2021-03-17 20:01:40.440,0,-0.0039505674387497,0.0,1.0,
2021-03-17 20:01:40.450,0,-0.0008902799895561,0.0,1.0,
2021-03-17 20:01:40.460,0,0.0007185328253463,0.0,1.0,
2021-03-17 20:01:40.470,0,0.0044184422186845,0.0,1.0,
2021-03-17 20:01:40.480,0,0.0030736375983520005,0.0,1.0,
2021-03-17 20:01:40.490,0,0.0017944342003737,0.0,1.0,
2021-03-17 20:01:40.500,0,0.0031559443703686,0.0,1.0,
2021-03-17 20:01:40.510,0,-0.0041134273843829,0.0,1.0,
2021-03-17 20:01:40.520,0,-0.0037942242022668,0.0,1.0,
2021-03-17 20:01:40.530,0,-0.0015500840151996,0.0,1.0,
2021-03-17 20:01:40.540,0,-0.0029133388129075,0.0,1.0,
2021-03-17 20:01:40.550,0,-0.0057289663077459,0.0,1.0,
2021-03-17 20:01:40.560,0,-0.0023621239263975,0.0,1.0,
2021-03-17 20:01:40.570,0,-0.0058505796029806,0.0,1.0,
2021-03-17 20:01:40.580,0,0.0013030738837263,0.0,1.0,
2021-03-17 20:01:40.590,0,0.0010162126321768,0.0,1.0,
2021-03-17 20:01:40.600,0,0.0020397710654944,0.0,1.0,
2021-03-17 20:01:40.610,0,0.0004012349451143,0.0,1.0,
2021-03-17 20:01:40.620,0,0.0024762207960426,0.0,1.0,
2021-03-17 20:01:40.630,0,0.0055663447079951,0.0,1.0,
2021-03-17 20:01:40.640,0,-0.0028537630715673,0.0,1.0,
2021-03-17 20:01:40.650,0,-0.0025304371379998,0.0,1.0,
2021-03-17 20:01:40.660,0,0.0088330422431953,0.0,1.0,
2021-03-17 20:01:40.670,0,0.0006412459671113,0.0,1.0,
2021-03-17 20:01:40.680,0,-0.0028271260346553,0.0,1.0,
2021-03-17 20:01:40.690,0,-0.0034502225947994,0.0,1.0,
2021-03-17 20:01:40.700,0,-0.0023679557212696,0.0,1.0,
2021-03-17 20:01:40.710,0,-0.0031424997282988,0.0,1.0,
2021-03-17 20:01:40.720,0,0.0029688263883529,0.0,1.0,
2021-03-17 20:01:40.730,0,0.0052148360804421,0.0,1.0,
2021-03-17 20:01:40.740,0,-0.0033082399034561,0.0,1.0,
2021-03-17 20:01:40.750,0,0.0018291228444651,0.0,1.0,
2021-03-17 20:01:40.760,0,-0.0059521068907894,0.0,1.0,
2021-03-17 20:01:40.770,0,0.0010595590809435,0.0,1.0,
2021-03-17 20:01:40.780,0,-0.0073883094719009,0.0,1.0,
2021-03-17 20:01:40.790,0,0.0018261713908154,0.0,1.0,
2021-03-17 20:01:40.800,0,-0.0008704011970089999,0.0,1.0,
2021-03-17 20:01:40.810,0,0.0008001018038223,0.0,1.0,
2021-03-17 20:01:40.820,0,-0.0041366905390675,0.0,1.0,
2021-03-17 20:01:40.830,0,0.0117970561588376,0.0,1.0,
2021-03-17 20:01:40.840,0,-0.0015542616187494,0.0,1.0,
2021-03-17 20:01:40.850,0,-0.0021033798268102,0.0,1.0,
2021-03-17 20:01:40.860,0,0.0103355435547748,0.0,1.0,
2021-03-17 20:01:40.870,0,0.0006329867554203,0.0,1.0,
2021-03-17 20:01:40.880,0,-0.0001919794900747,0.0,1.0,
2021-03-17 20:01:40.890,0,-0.0050042627369239,0.0,1.0,
2021-03-17 20:01:40.900,0,0.0014856642072224,0.0,1.0,
2021-03-17 20:01:40.910,0,-0.0007441370155344,0.0,1.0,
2021-03-17 20:01:40.920,0,-0.0005072386470786,3.755253822454129e-29,1.0,
2021-03-17 20:01:40.930,0,0.0018428373105219,1.0223352539895257e-28,1.0,
2021-03-17 20:01:40.940,0,0.0013882347225995,1.5961956552418434e-28,1.0,
2021-03-17 20:01:40.950,0,-0.0022767740479374,2.028483341206509e-28,1.0,
2021-03-17 20:01:40.960,0,-0.0028805195921149,2.3853718532980006e-28,1.0,
2021-03-17 20:01:40.970,0,0.0032000170464202,2.7163929100895675e-28,1.0,
2021-03-17 20:01:40.980,0,-0.0033093709168549,2.9134633625159044e-28,1.0,
2021-03-17 20:01:40.990,0,-0.0020532070466867,3.080158493782708e-28,1.0,
2021-03-17 20:01:41.000,0,-0.003828953391457001,3.216251849946806e-28,1.0,
2021-03-17 20:01:41.010,0,-0.0015238257132337,3.28782377215454e-28,1.0,
2021-03-17 20:01:41.020,0,-0.0006424606813416,3.2970992770652364e-28,1.0,
2021-03-17 20:01:41.030,0,0.0008447038385699,3.257583156215271e-28,1.0,
2021-03-17 20:01:41.040,0,0.0002945506124336,3.235156949318109e-28,1.0,
2021-03-17 20:01:41.050,0,0.0079957403015537,3.169744818934833e-28,1.0,
2021-03-17 20:01:41.060,0,-0.0007727440203642,3.1283420947620443e-28,1.0,
2021-03-17 20:01:41.070,0,0.0053017905963846,2.9897086370439737e-28,1.0,
2021-03-17 20:01:41.080,0,0.0012098884061805,2.8776280654425463e-28,1.0,
2021-03-17 20:01:41.090,0,0.0010146825942809,2.76575366257174e-28,1.0,
2021-03-17 20:01:41.100,0,0.0032470689766564,2.6349864944129037e-28,1.0,
2021-03-17 20:01:41.110,0,0.0035994130539618,2.4731255229197876e-28,1.0,
2021-03-17 20:01:41.120,0,-0.0072682091144934,2.3609652145421e-28,1.0,
2021-03-17 20:01:41.130,0,-0.0119111367714234,2.206409555720642e-28,1.0,
2021-03-17 20:01:41.140,0,-0.0036471956338502,2.0152606311184687e-28,1.0,
2021-03-17 20:01:41.150,0,0.0011976542715351,1.923632418691495e-28,1.0,
2021-03-17 20:01:41.160,0,-0.0034469572225748,1.756127108764678e-28,1.0,
2021-03-17 20:01:41.170,0,-0.0023011151709034,1.6130479202977634e-28,1.0,
2021-03-17 20:01:41.180,0,-0.001940125104722,1.4963148227367537e-28,1.0,
2021-03-17 20:01:41.190,0,-0.0003487337233438,1.368603843908809e-28,1.0,
2021-03-17 20:01:41.200,0,-0.0006952799063373,1.244108856312228e-28,1.0,
2021-03-17 20:01:41.210,0,0.0032885875525533,1.1271737297572983e-28,1.0,
2021-03-17 20:01:41.220,0,-0.0004682760982197,1.0212566077560604e-28,1.0,
2021-03-17 20:01:41.230,0,0.0006157988201877,9.162684259820258e-29,1.0,
2021-03-17 20:01:41.240,0,-0.0058590087398141,8.252524605436483e-29,1.0,
2021-03-17 20:01:41.250,0,0.0068605511231765,7.352050389773713e-29,1.0,
2021-03-17 20:01:41.260,0,-0.0017783138580408,6.481806597360826e-29,1.0,
2021-03-17 20:01:41.270,0,-0.0022949444293112,5.686608093938094e-29,1.0,
2021-03-17 20:01:41.280,0,-0.0037705187015851,5.0129109126796716e-29,1.0,
2021-03-17 20:01:41.290,0,0.0010185418414728,4.320800004090103e-29,1.0,
2021-03-17 20:01:41.300,0,0.0036359068109411,3.7151419392673605e-29,1.0,
2021-03-17 20:01:41.310,0,0.0064170660851657,3.175991424287636e-29,1.0,
2021-03-17 20:01:41.320,0,0.0003444517138792,2.679572727768696e-29,1.0,
2021-03-17 20:01:41.330,0,-0.0065842327620823,2.2207145552613987e-29,1.0,
2021-03-17 20:01:41.340,0,0.0011092388666697,1.8120961959757847e-29,1.0,
2021-03-17 20:01:41.350,0,-0.0031694745076345,1.4458230044344766e-29,1.0,
2021-03-17 20:01:41.360,0,-0.0038200306292774,1.122522178655146e-29,1.0,
2021-03-17 20:01:41.370,0,0.0030131325874388,8.232549265634142e-30,1.0,
2021-03-17 20:01:41.380,0,-0.0009208759337103,5.792455938682816e-30,1.0,
2021-03-17 20:01:41.390,0,0.0018049272328623,3.5699064240263275e-30,1.0,
2021-03-17 20:01:41.400,0,0.0016859126005677,1.651066340647824e-30,1.0,
2021-03-17 20:01:41.410,0,0.0030912401948263,0.0,1.0,
2021-03-17 20:01:41.420,0,0.004136346113301,0.0,1.0,
2021-03-17 20:01:41.430,0,0.0035129507959247,0.0,1.0,
2021-03-17 20:01:41.440,0,-0.0004213153126526,0.0,1.0,
2021-03-17 20:01:41.450,0,0.0015509842750889,0.0,1.0,
2021-03-17 20:01:41.460,0,0.0051874856267545,0.0,1.0,
2021-03-17 20:01:41.470,0,-0.0047243333240084,0.0,1.0,
2021-03-17 20:01:41.480,0,-0.0008475866741285,0.0,1.0,
2021-03-17 20:01:41.490,0,-0.001416408830528,0.0,1.0,
2021-03-17 20:01:41.500,0,0.006008324184545999,0.0,1.0,
2021-03-17 20:01:41.510,0,0.0006414092702732,0.0,1.0,
2021-03-17 20:01:41.520,0,-0.0027682772163742,0.0,1.0,
2021-03-17 20:01:41.530,0,0.0009908049010178,0.0,1.0,
2021-03-17 20:01:41.540,0,-0.0003282091864157,0.0,1.0,
2021-03-17 20:01:41.550,0,-0.0030650595206876,0.0,1.0,
2021-03-17 20:01:41.560,0,0.0014354345835333,0.0,1.0,
2021-03-17 20:01:41.570,0,-0.0016924543959787,0.0,1.0,
2021-03-17 20:01:41.580,0,0.001602656892251,0.0,1.0,
2021-03-17 20:01:41.590,0,0.0019127666566548,0.0,1.0,
2021-03-17 20:01:41.600,0,-0.0003952269081009,0.0,1.0,
2021-03-17 20:01:41.610,0,-0.0005923954443028,0.0,1.0,
2021-03-17 20:01:41.620,0,0.0022924142775562,0.0,1.0,
2021-03-17 20:01:41.630,0,0.0050809091734687,0.0,1.0,
2021-03-17 20:01:41.640,0,-0.0016964089391588,0.0,1.0,
2021-03-17 20:01:41.650,0,0.0041123114534443,0.0,1.0,
2021-03-17 20:01:41.660,0,0.0043234579000458,0.0,1.0,
2021-03-17 20:01:41.670,0,0.0015806480050107,0.0,1.0,
2021-03-17 20:01:41.680,0,0.0002303546413087,0.0,1.0,
2021-03-17 20:01:41.690,0,0.0059373640514036,0.0,1.0,
2021-03-17 20:01:41.700,0,-0.0004642795862209,0.0,1.0,
2021-03-17 20:01:41.710,0,-0.004024611041649,0.0,1.0,
2021-03-17 20:01:41.720,0,2.332040583001672e-05,0.0,1.0,
2021-03-17 20:01:41.730,0,-0.0015334728205970002,0.0,1.0,
2021-03-17 20:01:41.740,0,0.0006872137375637,0.0,1.0,
2021-03-17 20:01:41.750,0,0.0067366575711968,0.0,1.0,
2021-03-17 20:01:41.760,0,0.0067335465230753,0.0,1.0,
2021-03-17 20:01:41.770,0,0.0022663400499301,0.0,1.0,
2021-03-17 20:01:41.780,0,-0.0030921530865251,0.0,1.0,
2021-03-17 20:01:41.790,0,-0.0029083219539155,0.0,1.0,
2021-03-17 20:01:41.800,0,0.003575755581076,0.0,1.0,
2021-03-17 20:01:41.810,0,-0.0023327157642528,0.0,1.0,
2021-03-17 20:01:41.820,0,-0.0015459016617933,0.0,1.0,
2021-03-17 20:01:41.830,0,0.0035503109985207,0.0,1.0,
2021-03-17 20:01:41.840,0,0.0048847212097127,0.0,1.0,
2021-03-17 20:01:41.850,0,-0.004757021242874001,0.0,1.0,
2021-03-17 20:01:41.860,0,-0.0010824192436531,0.0,1.0,
2021-03-17 20:01:41.870,0,0.0009758742961809,0.0,1.0,
2021-03-17 20:01:41.880,0,-0.0041334517118493,0.0,1.0,
2021-03-17 20:01:41.890,0,0.0018017816722998,0.0,1.0,
2021-03-17 20:01:41.900,0,-0.0053289148554101,0.0,1.0,
2021-03-17 20:01:41.910,0,-0.0023872945969879,1.4908078505788836e-32,1.0,
2021-03-17 20:01:41.920,0,-0.0020779214844738,4.042065133842669e-32,1.0,
2021-03-17 20:01:41.930,0,-0.0031603247415366,6.207974400069361e-32,1.0,
2021-03-17 20:01:41.940,0,0.0026639799951451,7.984798645826035e-32,1.0,
2021-03-17 20:01:41.950,0,-0.0011537419474034,9.478932529694457e-32,1.0,
2021-03-17 20:01:41.960,0,0.0006789586576903,1.0747943894234468e-31,1.0,
2021-03-17 20:01:41.970,0,-0.0013887316587344,1.1542951489100572e-31,1.0,
2021-03-17 20:01:41.980,0,-0.0045822645975497,1.2161767089537783e-31,1.0,
2021-03-17 20:01:41.990,0,-0.0017705800106279997,1.2772070688089804e-31,1.0,
2021-03-17 20:01:42.000,0,-0.0027765050544497,1.3003096575067098e-31,1.0,
2021-03-17 20:01:42.010,0,-0.0012736125779822,1.2852434531700264e-31,1.0,
2021-03-17 20:01:42.020,0,-0.0002448025629384,1.298233444838946e-31,1.0,
2021-03-17 20:01:42.030,0,-0.0017588988960871,1.2605900373615738e-31,1.0,
2021-03-17 20:01:42.040,0,0.0022302728316854,1.255532983107197e-31,1.0,
2021-03-17 20:01:42.050,0,-0.00017887773461599998,1.2254479927630263e-31,1.0,
2021-03-17 20:01:42.060,0,-0.0020887934123252,1.1819481602364122e-31,1.0,
2021-03-17 20:01:42.070,0,0.0026966792423371,1.1387976704563285e-31,1.0,
2021-03-17 20:01:42.080,0,-0.0043958155148945,1.086314070712244e-31,1.0,
2021-03-17 20:01:42.090,0,-0.0008945167473809,1.0381328599924532e-31,1.0,
2021-03-17 20:01:42.100,0,0.0019680241589585,9.777228356487416e-32,1.0,
2021-03-17 20:01:42.110,0,-0.0022270847140674,9.280255218633653e-32,1.0,
2021-03-17 20:01:42.120,0,-0.0014171855279529,8.755051820166693e-32,1.0,
2021-03-17 20:01:42.130,0,-0.0006380016020916,8.119512144206299e-32,1.0,
2021-03-17 20:01:42.140,0,0.0013239815994583,7.563880362216923e-32,1.0,
2021-03-17 20:01:42.150,0,-0.0045362043413144,7.015932726257415e-32,1.0,
2021-03-17 20:01:42.160,0,-0.0034100602996863,6.465217700748925e-32,1.0,
2021-03-17 20:01:42.170,0,0.0033599463735840005,5.926766219916994e-32,1.0,
2021-03-17 20:01:42.180,0,-0.0004167018379484,5.420552145702857e-32,1.0,
2021-03-17 20:01:42.190,0,0.0036029125771392,5.001773486997816e-32,1.0,
2021-03-17 20:01:42.200,0,-0.0035664164249228,4.524115084303257e-32,1.0,
2021-03-17 20:01:42.210,0,-0.0029594505183512,4.069164098493099e-32,1.0,
2021-03-17 20:01:42.220,0,0.0031756935709022,3.685941305406103e-32,1.0,
2021-03-17 20:01:42.230,0,-0.0035596464692528,3.278683800142529e-32,1.0,
2021-03-17 20:01:42.240,0,-0.0037395207527752,2.8953497305487564e-32,1.0,
2021-03-17 20:01:42.250,0,0.0017042254457424,2.582171995522646e-32,1.0,
2021-03-17 20:01:42.260,0,-0.0046467264868736,2.2795871683066462e-32,1.0,
2021-03-17 20:01:42.270,0,0.0002525367549779,1.9830665302406207e-32,1.0,
2021-03-17 20:01:42.280,0,-0.0042783932056153,1.7389534868663803e-32,1.0,
2021-03-17 20:01:42.290,0,-9.318890968429666e-05,1.4834528193752387e-32,1.0,
2021-03-17 20:01:42.300,0,-0.0036833443076,1.2691979067916634e-32,1.0,
2021-03-17 20:01:42.310,0,0.0002791748184512,1.0572133887354804e-32,1.0,
2021-03-17 20:01:42.320,0,-0.0007861127642071,8.847686213181645e-33,1.0,
2021-03-17 20:01:42.330,0,0.0003516872909148,7.217377911863215e-33,1.0,
2021-03-17 20:01:42.340,0,0.0063379464469187,5.768624692144768e-33,1.0,
2021-03-17 20:01:42.350,0,-0.0003536565871009,4.433961205658804e-33,1.0,
2021-03-17 20:01:42.360,0,0.0024433261434408,3.327737754659001e-33,1.0,
2021-03-17 20:01:42.370,0,0.0039111851503161,2.3133173325104678e-33,1.0,
2021-03-17 20:01:42.380,0,0.0003450251544294,1.4189941847860121e-33,1.0,
2021-03-17 20:01:42.390,0,-0.0023166373358821,6.548859298475239e-34,1.0,
2021-03-17 20:01:42.400,0,-0.0033218529580579,0.0,1.0,
2021-03-17 20:01:42.410,0,0.0042342576896261,0.0,1.0,
2021-03-17 20:01:42.420,0,0.0030313640545098,0.0,1.0,
2021-03-17 20:01:42.430,0,-0.002107519054589,0.0,1.0,
2021-03-17 20:01:42.440,0,-0.0030464204536132,0.0,1.0,
2021-03-17 20:01:42.450,0,7.260748123736686e-05,0.0,1.0,
2021-03-17 20:01:42.460,0,0.0111698327379441,0.0,1.0,
2021-03-17 20:01:42.470,0,-3.0324927783316312e-06,0.0,1.0,
2021-03-17 20:01:42.480,0,0.0002457442264198,0.0,1.0,
2021-03-17 20:01:42.490,0,-0.0005956241665649,0.0,1.0,
2021-03-17 20:01:42.500,0,-0.0044164330304413,0.0,1.0,
2021-03-17 20:01:42.510,0,-0.0021800063168747,0.0,1.0,
2021-03-17 20:01:42.520,0,-0.0012667578404779,0.0,1.0,
2021-03-17 20:01:42.530,0,0.0049302822660678,0.0,1.0,
2021-03-17 20:01:42.540,0,-0.0038786243098547,0.0,1.0,
2021-03-17 20:01:42.550,0,0.0071873634428141,0.0,1.0,
2021-03-17 20:01:42.560,0,0.0023058402722204,0.0,1.0,
2021-03-17 20:01:42.570,0,-0.002141496952362,0.0,1.0,
2021-03-17 20:01:42.580,0,0.0111027452910858,0.0,1.0,
2021-03-17 20:01:42.590,0,0.0009837244346581,0.0,1.0,
2021-03-17 20:01:42.600,0,0.0016850886831947,0.0,1.0,
2021-03-17 20:01:42.610,0,0.0008432863288874,0.0,1.0,
2021-03-17 20:01:42.620,0,-8.712824190230268e-05,0.0,1.0,
2021-03-17 20:01:42.630,0,-0.0035225472923873,0.0,1.0,
2021-03-17 20:01:42.640,0,0.0038293999590837,0.0,1.0,
2021-03-17 20:01:42.650,0,-0.0022139529069394,0.0,1.0,
2021-03-17 20:01:42.660,0,-0.001226259166566,0.0,1.0,
2021-03-17 20:01:42.670,0,0.0090520200537999,0.0,1.0,
2021-03-17 20:01:42.680,0,0.0074143717248477,0.0,1.0,
2021-03-17 20:01:42.690,0,-0.0003828798148159,0.0,1.0,
2021-03-17 20:01:42.700,0,0.0052894556328865,0.0,1.0,
2021-03-17 20:01:42.710,0,0.0112431430300122,0.0,1.0,
2021-03-17 20:01:42.720,0,-0.0026567056586612,0.0,1.0,
2021-03-17 20:01:42.730,0,-0.0042285275736829,0.0,1.0,
2021-03-17 20:01:42.740,0,0.0004058021781749,0.0,1.0,
2021-03-17 20:01:42.750,0,0.001396712956022,0.0,1.0,
2021-03-17 20:01:42.760,0,-0.00044829427864,0.0,1.0,
2021-03-17 20:01:42.770,0,-0.0008718297745713,0.0,1.0,
2021-03-17 20:01:42.780,0,0.0007697368970853,0.0,1.0,
2021-03-17 20:01:42.790,0,0.001393758746641,0.0,1.0,
2021-03-17 20:01:42.800,0,0.0007098739709112,0.0,1.0,
2021-03-17 20:01:42.810,0,-0.0020423650199253,0.0,1.0,
2021-03-17 20:01:42.820,0,-0.0005479351730182,0.0,1.0,
2021-03-17 20:01:42.830,0,0.0003239221262393,0.0,1.0,
2021-03-17 20:01:42.840,0,-0.0019069670642026,0.0,1.0,
2021-03-17 20:01:42.850,0,0.0007613419869506,0.0,1.0,
2021-03-17 20:01:42.860,0,0.0040565631038516,0.0,1.0,
2021-03-17 20:01:42.870,0,0.0007452051654944,0.0,1.0,
2021-03-17 20:01:42.880,0,-0.0005163319911947,0.0,1.0,
2021-03-17 20:01:42.890,0,0.004522176187653,0.0,1.0,
2021-03-17 20:01:42.900,0,-0.0057563599445973,5.9759214684518734e-36,1.0,
2021-03-17 20:01:42.910,0,-0.0010055735145963,1.6329130869640325e-35,1.0,
2021-03-17 20:01:42.920,0,-0.006398991382768,2.5107659583583065e-35,1.0,
2021-03-17 20:01:42.930,0,0.0015565856680954,3.228005334378838e-35,1.0,
2021-03-17 20:01:42.940,0,-0.0041894921705526,3.815699862927011e-35,1.0,
2021-03-17 20:01:42.950,0,2.16125340248624e-05,4.236534803957129e-35,1.0,
2021-03-17 20:01:42.960,0,0.0014062088696962,4.6106891454341325e-35,1.0,
2021-03-17 20:01:42.970,0,-0.0040829288157042,4.929015517195645e-35,1.0,
2021-03-17 20:01:42.980,0,0.0004207521786834,5.0570232157849e-35,1.0,
2021-03-17 20:01:42.990,0,0.0018041441146273,5.216179926010942e-35,1.0,
2021-03-17 20:01:43.000,0,-0.0022424120000851,5.21797808006906e-35,1.0,
2021-03-17 20:01:43.010,0,0.001891275294347,5.19121805236181e-35,1.0,
2021-03-17 20:01:43.020,0,0.0017184942236760006,5.063923693332468e-35,1.0,
2021-03-17 20:01:43.030,0,0.0054026854459499,5.006192229605071e-35,1.0,
2021-03-17 20:01:43.040,0,-0.0025977320247506,4.879052161849213e-35,1.0,
2021-03-17 20:01:43.050,0,0.0032146917542529995,4.733624286784918e-35,1.0,
2021-03-17 20:01:43.060,0,0.0058381655121726,4.5599369088493287e-35,1.0,
2021-03-17 20:01:43.070,0,-0.006326385981677,4.3349571481393683e-35,1.0,
2021-03-17 20:01:43.080,0,-0.0025702894807456,4.120867520589128e-35,1.0,
2021-03-17 20:01:43.090,0,0.0021152745310541,3.905239389030272e-35,1.0,
2021-03-17 20:01:43.100,0,0.0067328652361595,3.6840678647884396e-35,1.0,
2021-03-17 20:01:43.110,0,-0.0016548867200087,3.462032847767796e-35,1.0,
2021-03-17 20:01:43.120,0,0.0056874411453451,3.2141112130493694e-35,1.0,
2021-03-17 20:01:43.130,0,-0.0051851600711214,2.993978268232469e-35,1.0,
2021-03-17 20:01:43.140,0,0.0006085470488868,2.7586029850980147e-35,1.0,
2021-03-17 20:01:43.150,0,-0.0002166312842194,2.5367323359350876e-35,1.0,
2021-03-17 20:01:43.160,0,0.0036842343108744,2.350125730876196e-35,1.0,
2021-03-17 20:01:43.170,0,0.0003987432958137,2.1476749393576484e-35,1.0,
2021-03-17 20:01:43.180,0,0.0002144223571009,1.9641471277662197e-35,1.0,
2021-03-17 20:01:43.190,0,0.0011343201539047,1.7705719286799073e-35,1.0,
2021-03-17 20:01:43.200,0,-0.0014673643503446,1.5950066053282516e-35,1.0,
2021-03-17 20:01:43.210,0,-0.0028531083312292,1.4381037183574512e-35,1.0,
2021-03-17 20:01:43.220,0,0.0009548321789199,1.2881452050338273e-35,1.0,
2021-03-17 20:01:43.230,0,0.0025363867868174,1.1442290883103634e-35,1.0,
2021-03-17 20:01:43.240,0,0.0003297405290519,1.0188220568717522e-35,1.0,
2021-03-17 20:01:43.250,0,-0.0028954323047131,8.921329821706844e-36,1.0,
2021-03-17 20:01:43.260,0,-0.0029849855267238,7.795602275267357e-36,1.0,
2021-03-17 20:01:43.270,0,-0.0004452643571557,6.739802812908867e-36,1.0,
2021-03-17 20:01:43.280,0,-0.0045261059375464,5.84376738945762e-36,1.0,
2021-03-17 20:01:43.290,0,0.0022101909490028,4.9101656624904996e-36,1.0,
2021-03-17 20:01:43.300,0,-0.00168141684801,4.1741071952724334e-36,1.0,
2021-03-17 20:01:43.310,0,-0.0002776191085282,3.471077511077658e-36,1.0,
2021-03-17 20:01:43.320,0,-0.0015689837520148,2.8163784672852643e-36,1.0,
2021-03-17 20:01:43.330,0,0.0065375803436422,2.2303932033812815e-36,1.0,
2021-03-17 20:01:43.340,0,0.0045335010008458,1.742698308390585e-36,1.0,
2021-03-17 20:01:43.350,0,-0.0016937135177766,1.3012264056948497e-36,1.0,
2021-03-17 20:01:43.360,0,-0.0019024024696834,9.009751575261025e-37,1.0,
2021-03-17 20:01:43.370,0,0.0008816944414344,5.572808417942516e-37,1.0,
2021-03-17 20:01:43.380,0,0.0002909101871785,2.5566624768993104e-37,1.0,
2021-03-17 20:01:43.390,0,0.0017447329773674,0.0,1.0,
2021-03-17 20:01:43.400,0,-0.0001138687178287,0.0,1.0,
2021-03-17 20:01:43.410,0,0.00260274226582,0.0,1.0,
2021-03-17 20:01:43.420,0,0.0055048713320477,0.0,1.0,
2021-03-17 20:01:43.430,0,0.0004149499059124,0.0,1.0,
2021-03-17 20:01:43.440,0,0.0027330943596309,0.0,1.0,
2021-03-17 20:01:43.450,0,0.0025172295807387,0.0,1.0,
2021-03-17 20:01:43.460,0,-0.0025539626611782,0.0,1.0,
2021-03-17 20:01:43.470,0,-0.0019316779464027,0.0,1.0,
2021-03-17 20:01:43.480,0,-0.0020218303937678,0.0,1.0,
2021-03-17 20:01:43.490,0,-0.0051114370038173,0.0,1.0,
2021-03-17 20:01:43.500,0,0.0024764059184582,0.0,1.0,
2021-03-17 20:01:43.510,0,0.0001533069362271,0.0,1.0,
2021-03-17 20:01:43.520,0,-0.0052854835265793,0.0,1.0,
2021-03-17 20:01:43.530,0,0.0024290799859713,0.0,1.0,
2021-03-17 20:01:43.540,0,-0.0003298838869491,0.0,1.0,
2021-03-17 20:01:43.550,0,-0.0024850791710872,0.0,1.0,
2021-03-17 20:01:43.560,0,-0.0021573645150398,0.0,1.0,
2021-03-17 20:01:43.570,0,0.0022950652106916,0.0,1.0,
2021-03-17 20:01:43.580,0,0.0053161805833753,0.0,1.0,
2021-03-17 20:01:43.590,0,0.0005335774055408,0.0,1.0,
2021-03-17 20:01:43.600,0,-0.0073281744503753,0.0,1.0,
2021-03-17 20:01:43.610,0,0.0007268933559104,0.0,1.0,
2021-03-17 20:01:43.620,0,0.0006693800582983,0.0,1.0,
2021-03-17 20:01:43.630,0,-0.0003473090540185,0.0,1.0,
2021-03-17 20:01:43.640,0,0.0012908050454159,0.0,1.0,
2021-03-17 20:01:43.650,0,-0.0052445687952366,0.0,1.0,
2021-03-17 20:01:43.660,0,0.0008441594654692,0.0,1.0,
2021-03-17 20:01:43.670,0,-0.0034754648021535,0.0,1.0,
2021-03-17 20:01:43.680,0,0.0006987173641589,0.0,1.0,
2021-03-17 20:01:43.690,0,-0.0030499100570413,0.0,1.0,
2021-03-17 20:01:43.700,0,-0.0051691910116323,0.0,1.0,
2021-03-17 20:01:43.710,0,-0.0026606624735044,0.0,1.0,
2021-03-17 20:01:43.720,0,0.0014736253291328,0.0,1.0,
2021-03-17 20:01:43.730,0,-0.0046156019009163,0.0,1.0,
2021-03-17 20:01:43.740,0,-0.0022054465567167,0.0,1.0,
2021-03-17 20:01:43.750,0,-7.645235691633537e-06,0.0,1.0,
2021-03-17 20:01:43.760,0,-0.0049794052295221,0.0,1.0,
2021-03-17 20:01:43.770,0,-0.003899998943636,0.0,1.0,
2021-03-17 20:01:43.780,0,-0.0062958899137276,0.0,1.0,
2021-03-17 20:01:43.790,0,0.0013272530422633,0.0,1.0,
2021-03-17 20:01:43.800,0,0.0020213877459462,0.0,1.0,
2021-03-17 20:01:43.810,0,-0.0026183805066821,0.0,1.0,
2021-03-17 20:01:43.820,0,-0.0029889915502185,0.0,1.0,
2021-03-17 20:01:43.830,0,0.0026444893029083,0.0,1.0,
2021-03-17 20:01:43.840,0,-0.0030087459723211,0.0,1.0,
2021-03-17 20:01:43.850,0,0.004034422183832999,0.0,1.0,
2021-03-17 20:01:43.860,0,-0.0037162517350456,0.0,1.0,
2021-03-17 20:01:43.870,0,-0.0004533248745682,0.0,1.0,
2021-03-17 20:01:43.880,0,-0.0080102972338821,0.0,1.0,
2021-03-17 20:01:43.890,0,0.0013019188087710007,2.349941574415431e-39,1.0,
2021-03-17 20:01:43.900,0,0.000634473753989,6.329598239318689e-39,1.0,
2021-03-17 20:01:43.910,0,0.0063269876883411,9.670561007444791e-39,1.0,
2021-03-17 20:01:43.920,0,0.001517437467254,1.2452538151444276e-38,1.0,
2021-03-17 20:01:43.930,0,0.0016069074838074,1.47826539856213e-38,1.0,
2021-03-17 20:01:43.940,0,0.0001523169589787,1.6641630625855447e-38,1.0,
2021-03-17 20:01:43.950,0,0.0005011159974954,1.795670213139606e-38,1.0,
2021-03-17 20:01:43.960,0,0.0002126298083361,1.8989757026146128e-38,1.0,
2021-03-17 20:01:43.970,0,0.0006435877853008,1.9883909631353195e-38,1.0,
2021-03-17 20:01:43.980,0,-0.0013919140355691,2.01939338853114e-38,1.0,
2021-03-17 20:01:43.990,0,-0.0049797983562658,2.0098961425290557e-38,1.0,
2021-03-17 20:01:44.000,0,-0.0023019782012558,2.007642110047871e-38,1.0,
2021-03-17 20:01:44.010,0,-0.0024317841176952,1.9830626498439966e-38,1.0,
2021-03-17 20:01:44.020,0,0.0010506379621854,1.962558235790337e-38,1.0,
2021-03-17 20:01:44.030,0,-0.0023504514951845,1.893336019313071e-38,1.0,
2021-03-17 20:01:44.040,0,0.0014455068974186,1.8294510142991168e-38,1.0,
2021-03-17 20:01:44.050,0,-0.0004904383395289,1.7573689172276154e-38,1.0,
2021-03-17 20:01:44.060,0,-0.0046922664493077,1.699235086926609e-38,1.0,
2021-03-17 20:01:44.070,0,0.0015629976507086,1.6018743146031974e-38,1.0,
2021-03-17 20:01:44.080,0,-0.0039936806560232,1.5016543456913454e-38,1.0,
2021-03-17 20:01:44.090,0,0.002925202755951,1.4516211495674282e-38,1.0,
2021-03-17 20:01:44.100,0,0.0033282277501468,1.3429444200957305e-38,1.0,
2021-03-17 20:01:44.110,0,-0.0063973557920838,1.252877501523456e-38,1.0,
2021-03-17 20:01:44.120,0,-0.0044115522573321,1.1736249268525736e-38,1.0,
2021-03-17 20:01:44.130,0,0.0011483095649664,1.0784916671486806e-38,1.0,
2021-03-17 20:01:44.140,0,5.7521601286595716e-05,1.0029813609855212e-38,1.0,
2021-03-17 20:01:44.150,0,0.0014591472950926,9.110298913516576e-39,1.0,
2021-03-17 20:01:44.160,0,-0.0036157127103797,8.324099864807154e-39,1.0,
2021-03-17 20:01:44.170,0,0.0028216653534202,7.676245668209236e-39,1.0,
2021-03-17 20:01:44.180,0,-0.0025217972307123,6.943146438880817e-39,1.0,
2021-03-17 20:01:44.190,0,-0.0043834785520179,6.262945589630863e-39,1.0,
2021-03-17 20:01:44.200,0,-0.001901665811728,5.6649705610668714e-39,1.0,
2021-03-17 20:01:44.210,0,-0.0070792943037008,5.0306537512327076e-39,1.0,
2021-03-17 20:01:44.220,0,0.0006553773796070001,4.4642152059062415e-39,1.0,
2021-03-17 20:01:44.230,0,0.0020685941362637,3.979329573711222e-39,1.0,
2021-03-17 20:01:44.240,0,-0.0035789080433999,3.486788258686236e-39,1.0,
2021-03-17 20:01:44.250,0,-0.0007310185473003,3.0710756467886385e-39,1.0,
2021-03-17 20:01:44.260,0,0.0011534716629062,2.6412439862863394e-39,1.0,
2021-03-17 20:01:44.270,0,-0.001110947318714,2.288345834287488e-39,1.0,
2021-03-17 20:01:44.280,0,-0.0038970676494668,1.9567563454498758e-39,1.0,
2021-03-17 20:01:44.290,0,0.0009152930585117,1.642631241524573e-39,1.0,
2021-03-17 20:01:44.300,0,-0.004839055821040999,1.3698857474738354e-39,1.0,
2021-03-17 20:01:44.310,0,-0.0014990351740291,1.1029465825097043e-39,1.0,
2021-03-17 20:01:44.320,0,0.0032425598893199,8.913532458302084e-40,1.0,
2021-03-17 20:01:44.330,0,0.0047745089390139,6.856219452464592e-40,1.0,
2021-03-17 20:01:44.340,0,-0.0007498823756911,5.168458528706979e-40,1.0,
2021-03-17 20:01:44.350,0,0.0008899352372649,3.531739068340696e-40,1.0,
2021-03-17 20:01:44.360,0,-0.0020128398907008,2.1773316250396887e-40,1.0,
2021-03-17 20:01:44.370,0,-0.0004718375346553,1.0020713453440736e-40,1.0,
2021-03-17 20:01:44.380,0,0.0075552967860676,0.0,1.0,
2021-03-17 20:01:44.390,0,0.0021224244532506,0.0,1.0,
2021-03-17 20:01:44.400,0,0.00477312347591,0.0,1.0,
2021-03-17 20:01:44.410,0,0.0011424320439153,0.0,1.0,
2021-03-17 20:01:44.420,0,-0.0005377634248254,0.0,1.0,
2021-03-17 20:01:44.430,0,-0.0015375293647887,0.0,1.0,
2021-03-17 20:01:44.440,0,0.0006227981863132,0.0,1.0,
2021-03-17 20:01:44.450,0,-0.0018608075561517,0.0,1.0,
2021-03-17 20:01:44.460,0,0.0017914275915601,0.0,1.0,
2021-03-17 20:01:44.470,0,0.0056358394883764,0.0,1.0,
2021-03-17 20:01:44.480,0,-0.0011450307856319,0.0,1.0,
2021-03-17 20:01:44.490,0,-0.0013948221279058,0.0,1.0,
2021-03-17 20:01:44.500,0,0.001290125163065,0.0,1.0,
2021-03-17 20:01:44.510,0,-0.0007322756192165,0.0,1.0,
2021-03-17 20:01:44.520,0,-0.0028587677881815,0.0,1.0,
2021-03-17 20:01:44.530,0,0.0019909700482409,0.0,1.0,
2021-03-17 20:01:44.540,0,0.0069520036943616,0.0,1.0,
2021-03-17 20:01:44.550,0,9.564053427179624e-05,0.0,1.0,
2021-03-17 20:01:44.560,0,0.0057474461151549,0.0,1.0,
2021-03-17 20:01:44.570,0,0.0001648269995125,0.0,1.0,
2021-03-17 20:01:44.580,0,-0.0028015265615642,0.0,1.0,
2021-03-17 20:01:44.590,0,-0.0063327583557175,0.0,1.0,
2021-03-17 20:01:44.600,0,0.0032083116323659,0.0,1.0,
2021-03-17 20:01:44.610,0,-0.0014446854725885,0.0,1.0,
2021-03-17 20:01:44.620,0,-0.0025494614306566,0.0,1.0,
2021-03-17 20:01:44.630,0,-0.0012747066645048,0.0,1.0,
2021-03-17 20:01:44.640,0,-0.002909797063904,0.0,1.0,
2021-03-17 20:01:44.650,0,-0.0020679594040897,0.0,1.0,
2021-03-17 20:01:44.660,0,-0.0024216556309444,0.0,1.0,
2021-03-17 20:01:44.670,0,-0.0002701943853985,0.0,1.0,
2021-03-17 20:01:44.680,0,-0.0029326740447309,0.0,1.0,
2021-03-17 20:01:44.690,0,-0.0027987590060172,0.0,1.0,
2021-03-17 20:01:44.700,0,-0.0008329860574672,0.0,1.0,
2021-03-17 20:01:44.710,0,0.0012051442814393,0.0,1.0,
2021-03-17 20:01:44.720,0,0.0013608416805333,0.0,1.0,
2021-03-17 20:01:44.730,0,0.005889542057424001,0.0,1.0,
2021-03-17 20:01:44.740,0,-0.0033534498704273,0.0,1.0,
2021-03-17 20:01:44.750,0,-0.0054015633102477,0.0,1.0,
2021-03-17 20:01:44.760,0,-0.0027358932629978,0.0,1.0,
2021-03-17 20:01:44.770,0,0.0001058638536521,0.0,1.0,
2021-03-17 20:01:44.780,0,-0.0058454637898163,0.0,1.0,
2021-03-17 20:01:44.790,0,-0.0029231368374525,0.0,1.0,
2021-03-17 20:01:44.800,0,-0.0059095988031733,0.0,1.0,
2021-03-17 20:01:44.810,0,-0.0005667573256066,0.0,1.0,
2021-03-17 20:01:44.820,0,-0.0056872398471795,0.0,1.0,
2021-03-17 20:01:44.830,0,-0.0008385635809707,0.0,1.0,
2021-03-17 20:01:44.840,0,8.681091130239164e-05,0.0,1.0,
2021-03-17 20:01:44.850,0,-0.0008263311795223,0.0,1.0,
2021-03-17 20:01:44.860,0,-0.0015208430478828,0.0,1.0,
2021-03-17 20:01:44.870,0,-0.001956050169211,0.0,1.0,
2021-03-17 20:01:44.880,0,0.0046825854012563,9.420847007700257e-43,1.0,
2021-03-17 20:01:44.890,0,-0.0032730129067282,2.5612056580657782e-42,1.0,
2021-03-17 20:01:44.900,0,0.0014342300737732,3.887719570997856e-42,1.0,
2021-03-17 20:01:44.910,0,0.0051195735478109,5.071276311432109e-42,1.0,
2021-03-17 20:01:44.920,0,-0.0007621088495271,5.981378445031971e-42,1.0,
2021-03-17 20:01:44.930,0,0.004414881719285,6.627290426710624e-42,1.0,
2021-03-17 20:01:44.940,0,0.0017065875385615,7.236324127918977e-42,1.0,
2021-03-17 20:01:44.950,0,0.0069060018982945,7.616636600800095e-42,1.0,
2021-03-17 20:01:44.960,0,-0.0053656752211877,7.862495937489162e-42,1.0,
2021-03-17 20:01:44.970,0,-0.0003940243801357,8.053781846570053e-42,1.0,
2021-03-17 20:01:44.980,0,0.0018394393867813,8.058628596671525e-42,1.0,
2021-03-17 20:01:44.990,0,0.0020633767337861,8.077026272160406e-42,1.0,
2021-03-17 20:01:45.000,0,-0.0052246376105891,7.942042366191228e-42,1.0,
2021-03-17 20:01:45.010,0,-0.0007553682320619,7.804152279038025e-42,1.0,
2021-03-17 20:01:45.020,0,-0.0012398011699292,7.643126463880671e-42,1.0,
2021-03-17 20:01:45.030,0,-0.0077100461628844,7.32673547148257e-42,1.0,
2021-03-17 20:01:45.040,0,0.0057060134379932,7.038741328148762e-42,1.0,
2021-03-17 20:01:45.050,0,-0.0011276484815038,6.827871708571109e-42,1.0,
2021-03-17 20:01:45.060,0,-0.0035538924538122,6.34833834868439e-42,1.0,
2021-03-17 20:01:45.070,0,0.0049701403157869,6.072800167672968e-42,1.0,
2021-03-17 20:01:45.080,0,-0.0030908052066287,5.674587421115657e-42,1.0,
2021-03-17 20:01:45.090,0,-0.0010785700443627,5.3515931090094543e-42,1.0,
2021-03-17 20:01:45.100,0,-0.0037744756109762,5.000759675526553e-42,1.0,
2021-03-17 20:01:45.110,0,-0.0004276058686312,4.66473540948297e-42,1.0,
2021-03-17 20:01:45.120,0,-0.000685312149299,4.2864235375283244e-42,1.0,
2021-03-17 20:01:45.130,0,0.0002199411639604,3.9584789743521486e-42,1.0,
2021-03-17 20:01:45.140,0,0.0005884664257905,3.689713539445681e-42,1.0,
2021-03-17 20:01:45.150,0,-0.0003574904084482,3.3412143049224014e-42,1.0,
2021-03-17 20:01:45.160,0,0.0006257924192591,3.001749415502728e-42,1.0,
2021-03-17 20:01:45.170,0,0.0024083989132393,2.7280518984280902e-42,1.0,
2021-03-17 20:01:45.180,0,0.0004999952199597,2.493329728181777e-42,1.0,
2021-03-17 20:01:45.190,0,-0.0016981333167303,2.2344981500689822e-42,1.0,
2021-03-17 20:01:45.200,0,-0.0017972836308407,1.9949464722661317e-42,1.0,
2021-03-17 20:01:45.210,0,0.0025378512850897,1.7672179301682178e-42,1.0,
2021-03-17 20:01:45.220,0,0.0062921533941237,1.5747593924515246e-42,1.0,
2021-03-17 20:01:45.230,0,0.0023115553971424,1.383912314551388e-42,1.0,
2021-03-17 20:01:45.240,0,-0.00035259965608,1.2139688472397398e-42,1.0,
2021-03-17 20:01:45.250,0,-0.0011051637810603,1.0464873518339012e-42,1.0,
2021-03-17 20:01:45.260,0,0.0021600421259298,8.984290983367418e-43,1.0,
2021-03-17 20:01:45.270,0,-0.0002569815356236,7.661883141484597e-43,1.0,
2021-03-17 20:01:45.280,0,0.0017955757933577,6.4600438561948296e-43,1.0,
2021-03-17 20:01:45.290,0,-0.0009688171144266,5.3129447761326536e-43,1.0,
2021-03-17 20:01:45.300,0,0.0002569223816184,4.379216647820531e-43,1.0,
2021-03-17 20:01:45.310,0,-0.0019546192119879,3.48974933114851e-43,1.0,
2021-03-17 20:01:45.320,0,0.0044396413844778,2.709603332088993e-43,1.0,
2021-03-17 20:01:45.330,0,-0.0055050892642068,2.010104222418963e-43,1.0,
2021-03-17 20:01:45.340,0,6.0192794638008676e-05,1.3869694334251625e-43,1.0,
2021-03-17 20:01:45.350,0,-0.0032328283643124,8.595254081495486e-44,1.0,
2021-03-17 20:01:45.360,0,-0.0011883220065631,3.937245012844798e-44,1.0,
2021-03-17 20:01:45.370,0,-0.0011433679827312,0.0,1.0,
2021-03-17 20:01:45.380,0,0.0022705392387800004,0.0,1.0,
2021-03-17 20:01:45.390,0,-0.0016222804850737,0.0,1.0,
2021-03-17 20:01:45.400,0,0.0059939842364724,0.0,1.0,
2021-03-17 20:01:45.410,0,0.0005791213854241,0.0,1.0,
2021-03-17 20:01:45.420,0,-0.0024363716160485,0.0,1.0,
2021-03-17 20:01:45.430,0,0.003868707345417,0.0,1.0,
2021-03-17 20:01:45.440,0,-0.0033288189279415,0.0,1.0,
2021-03-17 20:01:45.450,0,-0.0011464645381965,0.0,1.0,
2021-03-17 20:01:45.460,0,-0.0030458428114215,0.0,1.0,
2021-03-17 20:01:45.470,0,0.0023467031391569,0.0,1.0,
2021-03-17 20:01:45.480,0,-0.0008613329801533,0.0,1.0,
2021-03-17 20:01:45.490,0,-0.0019329966691482,0.0,1.0,
2021-03-17 20:01:45.500,0,-0.0071879055564459,0.0,1.0,
2021-03-17 20:01:45.510,0,-0.00495772698234,0.0,1.0,
2021-03-17 20:01:45.520,0,-0.0022604022505358,0.0,1.0,
2021-03-17 20:01:45.530,0,-0.0049617535233952,0.0,1.0,
2021-03-17 20:01:45.540,0,-0.00543246107409,0.0,1.0,
2021-03-17 20:01:45.550,0,0.0012232704809426,0.0,1.0,
2021-03-17 20:01:45.560,0,-1.4629796492668812e-05,0.0,1.0,
2021-03-17 20:01:45.570,0,-0.001229355198463,0.0,1.0,
2021-03-17 20:01:45.580,0,-0.0001680774020483,0.0,1.0,
2021-03-17 20:01:45.590,0,-0.002721531944866,0.0,1.0,
2021-03-17 20:01:45.600,0,0.0012038001872703,0.0,1.0,
2021-03-17 20:01:45.610,0,-0.0005080790756176,0.0,1.0,
2021-03-17 20:01:45.620,0,-0.0003763259260026,0.0,1.0,
2021-03-17 20:01:45.630,0,-0.0043745357216095,0.0,1.0,
2021-03-17 20:01:45.640,0,0.0051189370516373,0.0,1.0,
2021-03-17 20:01:45.650,0,0.0064276152434064,0.0,1.0,
2021-03-17 20:01:45.660,0,0.0017250588242691,0.0,1.0,
2021-03-17 20:01:45.670,0,-0.0102751074599337,0.0,1.0,
2021-03-17 20:01:45.680,0,-0.0021088522924526,0.0,1.0,
2021-03-17 20:01:45.690,0,-0.0027158063319085,0.0,1.0,
2021-03-17 20:01:45.700,0,0.0027452379686675,0.0,1.0,
2021-03-17 20:01:45.710,0,0.0049292002979149,0.0,1.0,
2021-03-17 20:01:45.720,0,0.0027542095295404,0.0,1.0,
2021-03-17 20:01:45.730,0,-0.0022335642747371,0.0,1.0,
2021-03-17 20:01:45.740,0,0.0019912861275517,0.0,1.0,
2021-03-17 20:01:45.750,0,-0.0019816436855714,0.0,1.0,
2021-03-17 20:01:45.760,0,0.0044494707058131,0.0,1.0,
2021-03-17 20:01:45.770,0,-0.0030999333045683,0.0,1.0,
2021-03-17 20:01:45.780,0,-0.0008226454786644,0.0,1.0,
2021-03-17 20:01:45.790,0,0.0012014994748585,0.0,1.0,
2021-03-17 20:01:45.800,0,-0.0012920963532323,0.0,1.0,
2021-03-17 20:01:45.810,0,0.0046696249348171,0.0,1.0,
2021-03-17 20:01:45.820,0,-0.0019717884131142,0.0,1.0,
2021-03-17 20:01:45.830,0,-0.0040222405695581,0.0,1.0,
2021-03-17 20:01:45.840,0,0.0071857997384747,0.0,1.0,
2021-03-17 20:01:45.850,0,0.0052392422798855,0.0,1.0,
2021-03-17 20:01:45.860,0,0.0024428563519961,0.0,1.0,
2021-03-17 20:01:45.870,0,-0.0006673093168706,3.650245636939475e-46,1.0,
2021-03-17 20:01:45.880,0,-0.004097038012405,1.0024819749548382e-45,1.0,
2021-03-17 20:01:45.890,0,0.0002947367616542,1.5504749598833874e-45,1.0,
2021-03-17 20:01:45.900,0,0.0045156072685411,1.9912990642898815e-45,1.0,
2021-03-17 20:01:45.910,0,0.001935370161594,2.3230231784482888e-45,1.0,
2021-03-17 20:01:45.920,0,-0.0044865001995494,2.6253316684178367e-45,1.0,
2021-03-17 20:01:45.930,0,0.0069319325252005,2.8313584779121414e-45,1.0,
2021-03-17 20:01:45.940,0,-0.0058824374270007,3.013556539143394e-45,1.0,
2021-03-17 20:01:45.950,0,-0.0011130938554952,3.1125015636825786e-45,1.0,
2021-03-17 20:01:45.960,0,0.0031472121760841,3.1501657581067044e-45,1.0,
2021-03-17 20:01:45.970,0,0.0002252606323729,3.1780273471504473e-45,1.0,
2021-03-17 20:01:45.980,0,0.0064569666017478,3.173392167854392e-45,1.0,
2021-03-17 20:01:45.990,0,-0.00231134335208,3.139724606225945e-45,1.0,
2021-03-17 20:01:46.000,0,-0.0001039032001962,3.0457934661780514e-45,1.0,
2021-03-17 20:01:46.010,0,-0.0019418031802887,2.9956944949457244e-45,1.0,
2021-03-17 20:01:46.020,0,-0.0008358823313222,2.8887378749252806e-45,1.0,
2021-03-17 20:01:46.030,0,-0.0090493245657625,2.773266734354909e-45,1.0,
2021-03-17 20:01:46.040,0,-0.002151315655293,2.6710737419445786e-45,1.0,
2021-03-17 20:01:46.050,0,-0.0029078948332231,2.5436746400804346e-45,1.0,
2021-03-17 20:01:46.060,0,0.0003688771025673,2.3815373816642703e-45,1.0,
2021-03-17 20:01:46.070,0,-0.0006909327864017,2.264634214514112e-45,1.0,
2021-03-17 20:01:46.080,0,-0.0064488468061668,2.1183211458239266e-45,1.0,
2021-03-17 20:01:46.090,0,-0.0002702566834472,1.9723859991802896e-45,1.0,
2021-03-17 20:01:46.100,0,0.0001508261921204,1.8403328723681768e-45,1.0,
2021-03-17 20:01:46.110,0,-0.0040560987284321,1.6955736422259485e-45,1.0,
2021-03-17 20:01:46.120,0,-0.001834133229543,1.5698344575606212e-45,1.0,
2021-03-17 20:01:46.130,0,0.0024832240991773,1.431271175617343e-45,1.0,
2021-03-17 20:01:46.140,0,0.0043627389582,1.3347098020262253e-45,1.0,
2021-03-17 20:01:46.150,0,0.0009737801791458,1.2016500707295034e-45,1.0,
2021-03-17 20:01:46.160,0,-0.0028521271682002,1.0951731846914524e-45,1.0,
2021-03-17 20:01:46.170,0,-0.0031909583996121,9.881176666191991e-46,1.0,
2021-03-17 20:01:46.180,0,0.0033387702355435,8.891463904569562e-46,1.0,
2021-03-17 20:01:46.190,0,-0.0020658748779271,8.05849058801269e-46,1.0,
2021-03-17 20:01:46.200,0,-0.0009472039805785,7.116122225412451e-46,1.0,
2021-03-17 20:01:46.210,0,0.0006068396675003,6.300258431137122e-46,1.0,
2021-03-17 20:01:46.220,0,0.0049744760904615,5.542731431685457e-46,1.0,
2021-03-17 20:01:46.230,0,-0.0024345025419535,4.839868559251063e-46,1.0,
2021-03-17 20:01:46.240,0,0.0005631444080708,4.2136655933259905e-46,1.0,
2021-03-17 20:01:46.250,0,0.0055914566805117,3.6121760106054665e-46,1.0,
2021-03-17 20:01:46.260,0,0.003223132914482001,3.0804108431348967e-46,1.0,
2021-03-17 20:01:46.270,0,-0.0010956993397366,2.598888171789885e-46,1.0,
2021-03-17 20:01:46.280,0,0.0071404241805385,2.1711236014957782e-46,1.0,
2021-03-17 20:01:46.290,0,0.000361223109793,1.7492699152671182e-46,1.0,
2021-03-17 20:01:46.300,0,0.0006245216318793,1.3987905369836769e-46,1.0,
2021-03-17 20:01:46.310,0,-0.0016189869117305,1.083720714470348e-46,1.0,
2021-03-17 20:01:46.320,0,-0.0006967187446247,8.109820700678785e-47,1.0,
2021-03-17 20:01:46.330,0,0.0016162058884175,5.657989863564744e-47,1.0,
2021-03-17 20:01:46.340,0,-0.0017053548264729995,3.435265440895575e-47,1.0,
2021-03-17 20:01:46.350,0,0.0024056893235311,1.6071401376591254e-47,1.0,
2021-03-17 20:01:46.360,0,0.0012010638639628,0.0,1.0,
2021-03-17 20:01:46.370,0,0.0013720616036839,0.0,1.0,
2021-03-17 20:01:46.380,0,0.0039000119295582,0.0,1.0,
2021-03-17 20:01:46.390,0,0.0024642237997037,0.0,1.0,
2021-03-17 20:01:46.400,0,0.000981691474428,0.0,1.0,
2021-03-17 20:01:46.410,0,0.0019721059518006,0.0,1.0,
2021-03-17 20:01:46.420,0,0.0026416732106944,0.0,1.0,
2021-03-17 20:01:46.430,0,0.0031342798250638,0.0,1.0,
2021-03-17 20:01:46.440,0,4.4262396448379344e-05,0.0,1.0,
2021-03-17 20:01:46.450,0,0.0016054789615737,0.0,1.0,
2021-03-17 20:01:46.460,0,-0.0021023670398842,0.0,1.0,
2021-03-17 20:01:46.470,0,0.0012299848913156,0.0,1.0,
2021-03-17 20:01:46.480,0,-0.0013594997629024,0.0,1.0,
2021-03-17 20:01:46.490,0,0.0004034881400985,0.0,1.0,
2021-03-17 20:01:46.500,0,-0.0075907582507451,0.0,1.0,
2021-03-17 20:01:46.510,0,-0.0011760889569827,0.0,1.0,
2021-03-17 20:01:46.520,0,0.0022008127453997,0.0,1.0,
2021-03-17 20:01:46.530,0,-0.0019552568626691,0.0,1.0,
2021-03-17 20:01:46.540,0,0.0008531995600166,0.0,1.0,
2021-03-17 20:01:46.550,0,-0.0007394341356553,0.0,1.0,
2021-03-17 20:01:46.560,0,0.0021691278463488,0.0,1.0,
2021-03-17 20:01:46.570,0,0.0041151849771985,0.0,1.0,
2021-03-17 20:01:46.580,0,0.0009901753245029,0.0,1.0,
2021-03-17 20:01:46.590,0,0.0046362229416298,0.0,1.0,
2021-03-17 20:01:46.600,0,-0.0083574707976617,0.0,1.0,
2021-03-17 20:01:46.610,0,0.0006759800460002,0.0,1.0,
2021-03-17 20:01:46.620,0,0.0003835590438409,0.0,1.0,
2021-03-17 20:01:46.630,0,0.0021774390616870003,0.0,1.0,
2021-03-17 20:01:46.640,0,-0.0040862832891194,0.0,1.0,
2021-03-17 20:01:46.650,0,0.0010450051622535,0.0,1.0,
2021-03-17 20:01:46.660,0,-0.0049598376950735,0.0,1.0,
2021-03-17 20:01:46.670,0,0.0005947126892518,0.0,1.0,
2021-03-17 20:01:46.680,0,-0.0034376104486991,0.0,1.0,
2021-03-17 20:01:46.690,0,-0.000625305544375,0.0,1.0,
2021-03-17 20:01:46.700,0,0.0010381062490667,0.0,1.0,
2021-03-17 20:01:46.710,0,-0.0004248818276436,0.0,1.0,
2021-03-17 20:01:46.720,0,0.0026974541135287,0.0,1.0,
2021-03-17 20:01:46.730,0,-0.0009287106571596,0.0,1.0,
2021-03-17 20:01:46.740,0,0.0081308443914454,0.0,1.0,
2021-03-17 20:01:46.750,0,-0.0036430048237947,0.0,1.0,
2021-03-17 20:01:46.760,0,0.0081365879702381,0.0,1.0,
2021-03-17 20:01:46.770,0,-0.0028167986522176,0.0,1.0,
2021-03-17 20:01:46.780,0,-0.0055073332822789,0.0,1.0,
2021-03-17 20:01:46.790,0,0.0034926961804082,0.0,1.0,
2021-03-17 20:01:46.800,0,0.0003854306539342,0.0,1.0,
2021-03-17 20:01:46.810,0,0.0025430224377631,0.0,1.0,
2021-03-17 20:01:46.820,0,-0.0016033450928458,0.0,1.0,
2021-03-17 20:01:46.830,0,0.0008663987003187,0.0,1.0,
2021-03-17 20:01:46.840,0,-0.0003399929897372,0.0,1.0,
2021-03-17 20:01:46.850,0,-0.0029053794798779,0.0,1.0,
2021-03-17 20:01:46.860,0,0.0040665953229613,1.511952009456125e-49,1.0,
2021-03-17 20:01:46.870,0,0.0020416814843553,4.1427255518376356e-49,1.0,
2021-03-17 20:01:46.880,0,-0.0051353366531677,6.296105899583035e-49,1.0,
2021-03-17 20:01:46.890,0,0.0011778441003944,8.044120400913262e-49,1.0,
2021-03-17 20:01:46.900,0,0.0082122112381972,9.52624096829669e-49,1.0,
2021-03-17 20:01:46.910,0,0.0024012445582409,1.0664944418321973e-48,1.0,
2021-03-17 20:01:46.920,0,0.0032271318983129,1.1743810467736055e-48,1.0,
2021-03-17 20:01:46.930,0,-0.0006900508647936,1.226030440365078e-48,1.0,
2021-03-17 20:01:46.940,0,-0.006564037193136,1.263802374493412e-48,1.0,
2021-03-17 20:01:46.950,0,-0.0030990712177897,1.288354679351579e-48,1.0,
2021-03-17 20:01:46.960,0,-0.0008005282103643,1.2924031817365783e-48,1.0,
2021-03-17 20:01:46.970,0,-0.0001724740273325,1.2923791428755334e-48,1.0,
2021-03-17 20:01:46.980,0,0.006088157366216,1.2863273455495364e-48,1.0,
2021-03-17 20:01:46.990,0,-0.0007035049202778,1.2484399684726293e-48,1.0,
2021-03-17 20:01:47.000,1,-0.0022599321414145,1.2185564591196658e-48,1.0,
2021-03-17 20:01:47.010,1,-0.0034957151916689,1.1761795490888604e-48,1.0,
2021-03-17 20:01:47.020,1,0.0011459477599834,1.133760838106893e-48,1.0,
2021-03-17 20:01:47.030,1,0.0069104567691454,1.0791085818276312e-48,1.0,
2021-03-17 20:01:47.040,1,0.0021797693089943,1.0245590324281979e-48,1.0,
2021-03-17 20:01:47.050,1,0.0026124910960139,9.786653398000405e-49,1.0,
2021-03-17 20:01:47.060,1,0.0016588427550338,9.189541309960299e-49,1.0,
2021-03-17 20:01:47.070,1,-0.0030775678337795,8.63224234913531e-49,1.0,
2021-03-17 20:01:47.080,1,-0.0023573029262313,8.019850119132709e-49,1.0,
2021-03-17 20:01:47.090,1,-0.0006461938564918,7.48090174527596e-49,1.0,
2021-03-17 20:01:47.100,1,-0.0009994094983292,6.903071505712483e-49,1.0,
2021-03-17 20:01:47.110,1,-0.0084978540754463,6.427432797462264e-49,1.0,
2021-03-17 20:01:47.120,1,0.0035875123179585,5.291597527377647,1.0,
2021-03-17 20:01:47.130,1,0.0137819673594213,20.24937924178866,0.0,
2021-03-17 20:01:47.140,1,0.0227053120578409,45.43237893750434,0.0,
2021-03-17 20:01:47.150,1,0.0387221988955368,78.7952806482572,0.0,
2021-03-17 20:01:47.160,1,0.0764136497489326,120.71987348835756,0.0,
2021-03-17 20:01:47.170,1,0.0988971749444385,166.49840178709874,0.0,
2021-03-17 20:01:47.180,1,0.1469055383245398,216.54854560430337,0.0,
2021-03-17 20:01:47.190,1,0.1917262183865917,273.4680229559274,0.0,
2021-03-17 20:01:47.200,1,0.2045828243539714,326.12782333957716,0.0,
2021-03-17 20:01:47.210,1,0.2504568116054971,386.84917385592,0.0,
2021-03-17 20:01:47.220,1,0.2611304332644228,443.65328509541536,0.0,
2021-03-17 20:01:47.230,1,0.2626031320455624,505.3202442876249,0.0,
2021-03-17 20:01:47.240,1,0.3769604462781366,552.1418451163772,0.0,
2021-03-17 20:01:47.250,1,0.3962740080373368,618.7217715376091,0.0,
2021-03-17 20:01:47.260,1,0.4298032077701395,669.1971229849394,0.0,
2021-03-17 20:01:47.270,1,0.4913953188878427,726.8472028713009,0.0,
2021-03-17 20:01:47.280,1,0.4590310412945871,779.7279427898739,0.0,
2021-03-17 20:01:47.290,1,0.4062553960471507,821.2862094531787,0.0,
2021-03-17 20:01:47.300,1,0.4622250031419014,870.4048512876338,0.0,
2021-03-17 20:01:47.310,1,0.6292229504011737,921.9160806889367,0.0,
2021-03-17 20:01:47.320,1,0.6391197234399971,955.5418595589384,0.0,
2021-03-17 20:01:47.330,1,0.6932064591229368,1003.7065461724914,0.0,
2021-03-17 20:01:47.340,1,0.5938227463269197,1035.657090996612,0.0,
2021-03-17 20:01:47.350,1,0.5730994338422074,1065.7572030040185,0.0,
2021-03-17 20:01:47.360,1,0.6292841318267096,1097.244299848493,0.0,
2021-03-17 20:01:47.370,1,0.7776324088090036,1130.8204032308513,0.0,
2021-03-17 20:01:47.380,1,0.6608852128030703,1160.8401292500102,0.0,
2021-03-17 20:01:47.390,1,0.5950872374198989,1188.8512471501406,0.0,
2021-03-17 20:01:47.400,1,0.6593195836810232,1202.8551791523967,0.0,
2021-03-17 20:01:47.410,1,0.6280958693239175,1213.9813684873418,0.0,
2021-03-17 20:01:47.420,1,0.8235677468175504,1222.2397228742225,0.0,
2021-03-17 20:01:47.430,1,0.7716766421780477,1259.8241601779048,0.0,
2021-03-17 20:01:47.440,1,0.6551931626169443,1273.457020063122,0.0,
2021-03-17 20:01:47.450,1,0.7815036180101507,1284.7536605859852,0.0,
2021-03-17 20:01:47.460,1,0.931824676377674,1299.3665303986274,0.0,
2021-03-17 20:01:47.470,1,1.0049681229436864,1296.4360248353494,0.0,
2021-03-17 20:01:47.480,1,0.7522307682903157,1313.1072999218745,0.0,
2021-03-17 20:01:47.490,1,0.9484109761846156,1311.898208902501,0.0,
2021-03-17 20:01:47.500,1,0.9217495273329156,1340.9839689039366,0.0,
2021-03-17 20:01:47.510,1,0.9787410919495304,1322.3757988638645,0.0,
2021-03-17 20:01:47.520,1,0.884533755017405,1345.9262342969091,0.0,
2021-03-17 20:01:47.530,1,1.0236214287592975,1357.2174393315595,0.0,
2021-03-17 20:01:47.540,1,0.956423921748178,1354.088867270071,0.0,
2021-03-17 20:01:47.550,1,1.0492842987345292,1359.2149616710574,0.0,
2021-03-17 20:01:47.560,1,1.0235707559065508,1360.038920924893,0.0,
2021-03-17 20:01:47.570,1,0.8415458747197323,1353.8653103146455,0.0,
2021-03-17 20:01:47.580,1,1.0728737043520644,1368.6721142557558,0.0,
2021-03-17 20:01:47.590,1,0.8572002337058521,1359.709698715537,0.0,
2021-03-17 20:01:47.600,1,0.9311504348662604,1373.076197016105,0.0,
2021-03-17 20:01:47.610,1,0.8884607008818062,1356.0556806509385,0.0,
2021-03-17 20:01:47.620,1,0.7979704168773101,1358.2045653431474,0.0,
2021-03-17 20:01:47.630,1,0.8308511338126013,1371.836012229342,0.0,
2021-03-17 20:01:47.640,1,0.9644972770718404,1372.2298524613345,0.0,
2021-03-17 20:01:47.650,1,0.9329779647513126,1367.076216927523,0.0,
2021-03-17 20:01:47.660,1,0.9242789526345512,1359.3001564080546,0.0,
2021-03-17 20:01:47.670,1,1.1504044676548724,1361.3686529722795,0.0,
2021-03-17 20:01:47.680,1,0.9682586745584776,1365.1991897236067,0.0,
2021-03-17 20:01:47.690,1,1.1265791532473812,1364.1570171551966,0.0,
2021-03-17 20:01:47.700,1,1.1569609397116356,1365.350068359086,0.0,
2021-03-17 20:01:47.710,1,0.9378937823412904,1366.6432479550156,0.0,
2021-03-17 20:01:47.720,1,0.962237658499766,1362.235498436416,0.0,
2021-03-17 20:01:47.730,1,1.1844511870936896,1379.6507257727194,0.0,
2021-03-17 20:01:47.740,1,1.0480094334678849,1362.7130684600058,0.0,
2021-03-17 20:01:47.750,1,1.2237419952317616,1360.3688077624506,0.0,
2021-03-17 20:01:47.760,1,0.8637586582690746,1362.3713126671225,0.0,
2021-03-17 20:01:47.770,1,0.9855513780799006,1357.332799765594,0.0,
2021-03-17 20:01:47.780,1,0.8468984032744457,1366.32091362017,0.0,
2021-03-17 20:01:47.790,1,1.0608574650616651,1365.1768748806205,0.0,
2021-03-17 20:01:47.800,1,1.20140723174353,1368.467171239708,0.0,
2021-03-17 20:01:47.810,1,0.958642012629914,1355.5759122207264,0.0,
2021-03-17 20:01:47.820,1,0.8482908458557259,1361.0954523875494,0.0,
2021-03-17 20:01:47.830,1,1.1059688105553598,1380.4467120630504,0.0,
2021-03-17 20:01:47.840,1,0.9820248979084276,1365.2936664320966,0.0,
2021-03-17 20:01:47.850,1,0.9613573700106306,1359.9210454777901,0.0,
2021-03-17 20:01:47.860,1,0.991450908015396,1366.4531448572372,0.0,
2021-03-17 20:01:47.870,1,1.136786396437085,1368.8306002345735,0.0,
2021-03-17 20:01:47.880,1,1.1336832703888111,1360.220399959562,0.0,
2021-03-17 20:01:47.890,1,1.1284177588230109,1370.6000752083771,0.0,
2021-03-17 20:01:47.900,1,1.0797319764248905,1356.8596776670495,0.0,
2021-03-17 20:01:47.910,1,0.8615650825241742,1360.6758543158378,0.0,
2021-03-17 20:01:47.920,1,1.130290580689846,1357.511645107174,0.0,
2021-03-17 20:01:47.930,1,0.8306854412052096,1359.0321564775509,0.0,
2021-03-17 20:01:47.940,1,1.218447255610832,1358.0291381909306,0.0,
2021-03-17 20:01:47.950,1,1.1287609464967838,1366.5554570152092,0.0,
2021-03-17 20:01:47.960,1,1.0872995491529778,1355.725878185274,0.0,
2021-03-17 20:01:47.970,1,0.8468007216519746,1375.6041599239927,0.0,
2021-03-17 20:01:47.980,1,1.0433448391311797,1361.4247674041444,0.0,
2021-03-17 20:01:47.990,1,0.9722054164829358,1361.279211820114,0.0,
2021-03-17 20:01:48.000,0,1.159670992201967,1378.6008085915146,0.0,
2021-03-17 20:01:48.010,0,0.9447551344061256,1374.1881441757714,0.0,
2021-03-17 20:01:48.020,0,0.924806087777142,1362.8009262963985,0.0,
2021-03-17 20:01:48.030,0,1.0653833083138904,1369.7943420154284,0.0,
2021-03-17 20:01:48.040,0,1.1259843019174345,1354.7112481217275,0.0,
2021-03-17 20:01:48.050,0,1.0461068157855131,1348.846907393196,0.0,
2021-03-17 20:01:48.060,0,0.8595586851629085,1370.8254872782663,0.0,
2021-03-17 20:01:48.070,0,0.8590366113300922,1352.9629418272134,0.0,
2021-03-17 20:01:48.080,0,0.7826398786171196,1366.4766190334046,0.0,
2021-03-17 20:01:48.090,0,1.015588448612888,1350.0985213648514,0.0,
2021-03-17 20:01:48.100,0,0.9978135302922376,1362.8243270246244,0.0,
2021-03-17 20:01:48.110,0,0.9119035534547222,1367.0637168967876,0.0,
2021-03-17 20:01:48.120,0,0.8468471496106594,1347.368970095536,0.0,
2021-03-17 20:01:48.130,0,0.875991061467301,1339.0238725962165,0.0,
2021-03-17 20:01:48.140,0,1.0294961517783416,1292.9835516779335,0.0,
2021-03-17 20:01:48.150,0,0.8031954291899301,1276.5757242293132,0.0,
2021-03-17 20:01:48.160,0,0.8395324460667968,1224.459898420362,0.0,
2021-03-17 20:01:48.170,0,0.7084027294985467,1177.808806681907,0.0,
2021-03-17 20:01:48.180,0,0.8302637391825739,1116.9822619601298,0.0,
2021-03-17 20:01:48.190,0,0.5462592143541701,1072.5616920880152,0.0,
2021-03-17 20:01:48.200,0,0.5730224213812518,1007.834934703764,0.0,
2021-03-17 20:01:48.210,0,0.6058574492257769,953.9186261348652,0.0,
2021-03-17 20:01:48.220,0,0.4672903089555461,879.0382938353595,0.0,
2021-03-17 20:01:48.230,0,0.4576109106697434,828.1615152227037,0.0,
2021-03-17 20:01:48.240,0,0.5396577513378898,772.4141238996832,0.0,
2021-03-17 20:01:48.250,0,0.3607268337910977,712.45518633322,0.0,
2021-03-17 20:01:48.260,0,0.3666924904184826,651.5837322295127,0.0,
2021-03-17 20:01:48.270,0,0.2952736926071942,597.5031125071797,0.0,
2021-03-17 20:01:48.280,0,0.3934841379951125,558.6369664331172,0.0,
2021-03-17 20:01:48.290,0,0.3560961157728153,501.61831307265993,0.0,
2021-03-17 20:01:48.300,0,0.2394108039059152,461.34671403145217,0.0,
2021-03-17 20:01:48.310,0,0.2784913700874172,412.6518058546355,0.0,
2021-03-17 20:01:48.320,0,0.2361445364713912,368.6377646279647,0.0,
2021-03-17 20:01:48.330,0,0.2091159465843411,330.982796335071,0.0,
2021-03-17 20:01:48.340,0,0.1717541119937149,296.29303129526573,0.0,
2021-03-17 20:01:48.350,0,0.1733200760298022,262.537884324843,0.0,
2021-03-17 20:01:48.360,0,0.1448513621600006,230.72995408265928,0.0,
2021-03-17 20:01:48.370,0,0.1150202902496401,201.46621732161128,0.0,
2021-03-17 20:01:48.380,0,0.1156481934414908,174.22241414225238,0.0,
2021-03-17 20:01:48.390,0,0.0970608077984576,150.77953490149125,0.0,
2021-03-17 20:01:48.400,0,0.0677097203334329,128.18968836187258,1.0,
2021-03-17 20:01:48.410,0,0.0676021643003864,107.57064955431377,1.0,
2021-03-17 20:01:48.420,0,0.0493148494286593,89.06389006623102,1.0,
2021-03-17 20:01:48.430,0,0.0466945160472135,73.31552010692278,1.0,
2021-03-17 20:01:48.440,0,0.0423747443154625,57.58037997027966,1.0,
2021-03-17 20:01:48.450,0,0.0289808727147245,44.43826303231394,1.0,
2021-03-17 20:01:48.460,0,0.0183313199257435,32.802308365581354,1.0,
2021-03-17 20:01:48.470,0,0.0123273051010304,22.61526645876935,1.0,
2021-03-17 20:01:48.480,0,0.0071227312111734,13.61588670971719,1.0,
2021-03-17 20:01:48.490,0,0.0002173525577605,5.74959641653266,1.0,
2021-03-17 20:01:48.500,0,0.0022061476146252,0.0,1.0,
2021-03-17 20:01:48.510,0,0.0057016938484609,0.0,1.0,
2021-03-17 20:01:48.520,0,-0.0085361246025666,0.0,1.0,
2021-03-17 20:01:48.530,0,-0.010879783959307,0.0,1.0,
2021-03-17 20:01:48.540,0,-0.0162940399646032,0.0,1.0,
2021-03-17 20:01:48.550,0,-0.0108468387850533,0.0,2.0,
2021-03-17 20:01:48.560,0,-0.0218012138388354,0.0,2.0,
2021-03-17 20:01:48.570,0,-0.0083916401269207,0.0,2.0,
2021-03-17 20:01:48.580,0,-0.0163821612790375,0.0,2.0,
2021-03-17 20:01:48.590,0,-0.0150176468358303,0.0,2.0,
2021-03-17 20:01:48.600,0,-0.017718257536695,0.0,2.0,
2021-03-17 20:01:48.610,0,-0.0216353381404767,0.0,2.0,
2021-03-17 20:01:48.620,0,-0.0120423507835449,0.0,2.0,
2021-03-17 20:01:48.630,0,-0.0171467642058143,0.0,2.0,
2021-03-17 20:01:48.640,0,-0.0215544067650162,0.0,2.0,
2021-03-17 20:01:48.650,0,-0.0148432034144564,0.0,2.0,
2021-03-17 20:01:48.660,0,-0.0175017960457902,0.0,2.0,
2021-03-17 20:01:48.670,0,-0.014394070785094,0.0,2.0,
2021-03-17 20:01:48.680,0,-0.0096842632132624,0.0,2.0,
2021-03-17 20:01:48.690,0,-0.0122607488435045,0.0,2.0,
2021-03-17 20:01:48.700,0,-0.0166984819794158,0.0,2.0,
2021-03-17 20:01:48.710,0,-0.0103552676129472,0.0,2.0,
2021-03-17 20:01:48.720,0,-0.0130286198706673,0.0,2.0,
2021-03-17 20:01:48.730,0,-0.0125826471096373,0.0,2.0,
2021-03-17 20:01:48.740,0,-0.0128940508185419,0.0,2.0,
2021-03-17 20:01:48.750,0,-0.0147400274628212,0.0,2.0,
2021-03-17 20:01:48.760,0,-0.0092940145950365,0.0,2.0,
2021-03-17 20:01:48.770,0,-0.0029703877608696,0.0,2.0,
2021-03-17 20:01:48.780,0,-0.0048687631472026,0.0,2.0,
2021-03-17 20:01:48.790,0,-0.007816248987172,0.0,2.0,
2021-03-17 20:01:48.800,0,-0.0073428832518579,0.0,2.0,
2021-03-17 20:01:48.810,0,-0.0079639586598985,0.0,2.0,
2021-03-17 20:01:48.820,0,-0.0058756073588697,0.0,2.0,
2021-03-17 20:01:48.830,0,-0.0065686628341286,0.0,2.0,
2021-03-17 20:01:48.840,0,-0.0022351849717736,0.0,2.0,
2021-03-17 20:01:48.850,0,-0.0003460570230565,0.0,2.0,
2021-03-17 20:01:48.860,0,-0.0106651305743713,0.0,2.0,
2021-03-17 20:01:48.870,0,-0.0019460221044584,0.0,2.0,
2021-03-17 20:01:48.880,0,-0.0089725198206411,0.0,2.0,
2021-03-17 20:01:48.890,0,-0.0046180589924243,0.0,2.0,
2021-03-17 20:01:48.900,0,0.00283553593734,0.0,2.0,
2021-03-17 20:01:48.910,0,-0.0024247114884045,0.0,2.0,
2021-03-17 20:01:48.920,0,-0.0064145407716006,0.0,2.0,
2021-03-17 20:01:48.930,0,-0.0041946226879105,0.0,2.0,
2021-03-17 20:01:48.940,0,0.0021652596679398,0.0,2.0,
2021-03-17 20:01:48.950,0,-0.0051512853391889,0.0,2.0,
2021-03-17 20:01:48.960,0,-0.0028717866232283,0.0,2.0,
2021-03-17 20:01:48.970,0,0.0037063477536668,0.0,2.0,
2021-03-17 20:01:48.980,0,0.0017472101187149,0.0,2.0,
2021-03-17 20:01:48.990,0,-0.0004414765588166,0.0,2.0,
2021-03-17 20:01:49.000,0,0.0033909940533811,0.0800679170731719,2.0,
2021-03-17 20:01:49.010,0,0.0047536164974364,0.1876407113754124,2.0,
2021-03-17 20:01:49.020,0,0.0094759380119121,0.2762016386143099,2.0,
2021-03-17 20:01:49.030,0,0.0026584646033849,0.3474553081024761,2.0,
2021-03-17 20:01:49.040,0,0.0009690311900878,0.4060613159771871,2.0,
2021-03-17 20:01:49.050,0,-0.0056284927491475,0.4556383726072164,2.0,
2021-03-17 20:01:49.060,0,0.0017978902170229995,0.4875491004803621,2.0,
2021-03-17 20:01:49.070,0,-0.0010880713187895,0.5193769240204394,2.0,
2021-03-17 20:01:49.080,0,0.00565671232831,0.5340004441667328,2.0,
2021-03-17 20:01:49.090,0,0.003712688681026,0.544767337453277,2.0,
2021-03-17 20:01:49.100,0,0.0108271949029145,0.5430596466759385,2.0,
2021-03-17 20:01:49.110,0,-0.001779117817061,0.5327991002809863,2.0,
2021-03-17 20:01:49.120,0,-0.0006723528709853,0.5273342631445245,2.0,
2021-03-17 20:01:49.130,0,-0.0003401500003314,0.5225717355178117,2.0,
2021-03-17 20:01:49.140,0,0.0003844380809493,0.5096451364435393,2.0,
2021-03-17 20:01:49.150,0,-0.004578296275523,0.4868188333854587,2.0,
2021-03-17 20:01:49.160,0,0.0010129657392559,0.4704638045184268,2.0,
2021-03-17 20:01:49.170,0,-0.0017772194200376,0.4433249019361907,2.0,
2021-03-17 20:01:49.180,0,3.8020515552016e-05,0.4217307343002728,2.0,
2021-03-17 20:01:49.190,0,0.0039379394255764,0.4015021689236663,2.0,
2021-03-17 20:01:49.200,0,0.0012325293669594,0.3756109139892886,2.0,
2021-03-17 20:01:49.210,0,-0.0031474760911465,0.3520704833080518,2.0,
2021-03-17 20:01:49.220,0,-0.0066125339838124,0.3294942351559133,2.0,
2021-03-17 20:01:49.230,0,-0.0014261985684427,0.3055618410451673,2.0,
2021-03-17 20:01:49.240,0,0.0018781809812414,0.2822263744788671,2.0,
2021-03-17 20:01:49.250,0,0.0023428389984927,0.2603932188864856,2.0,
2021-03-17 20:01:49.260,0,0.0044129620556966,0.2380079606009109,2.0,
2021-03-17 20:01:49.270,0,-0.0090129078188732,0.2192785126737119,2.0,
2021-03-17 20:01:49.280,0,-0.0043476121515795,0.1993317558637186,2.0,
2021-03-17 20:01:49.290,0,-0.0050562224065619,0.1795560936646023,2.0,
2021-03-17 20:01:49.300,0,0.0014238935650726,0.1625481115399249,2.0,
2021-03-17 20:01:49.310,0,-0.00304227540103,0.14477596937028395,2.0,
2021-03-17 20:01:49.320,0,-0.0018449806903958,0.130705068061966,2.0,
2021-03-17 20:01:49.330,0,0.0002081757105375,0.1161831132132148,2.0,
2021-03-17 20:01:49.340,0,0.00422541565855,0.1021064559148027,2.0,
2021-03-17 20:01:49.350,0,0.0004510197180452,0.0904043812995207,2.0,
2021-03-17 20:01:49.360,0,0.0019536838050048,0.0792811540889303,2.0,
2021-03-17 20:01:49.370,0,0.0011888595411991,0.0681782908253318,2.0,
2021-03-17 20:01:49.380,0,0.0023146998430078,0.0584964482000229,2.0,
2021-03-17 20:01:49.390,0,-0.002504949021199,0.0504247039552911,2.0,
2021-03-17 20:01:49.400,0,0.0034408604672955,0.0424323811232297,2.0,
2021-03-17 20:01:49.410,0,-0.0045287935620799,0.0348862712280224,2.0,
2021-03-17 20:01:49.420,0,0.0018598546905917,0.0281983296338393,2.0,
2021-03-17 20:01:49.430,0,0.002638149179893,0.0227034616656557,2.0,
2021-03-17 20:01:49.440,0,0.0041530833419595,0.0173853674971247,2.0,
2021-03-17 20:01:49.450,0,-0.0017917478138016,0.0129103557066643,2.0,
2021-03-17 20:01:49.460,0,-0.0042182082116924,0.0088210930796609,2.0,
2021-03-17 20:01:49.470,0,-0.0023655210291005,0.0053169724178997,2.0,
2021-03-17 20:01:49.480,0,0.0035794367227286,0.0022570602575716,2.0,
2021-03-17 20:01:49.490,0,-0.0049362102367044,0.0,2.0,
2021-03-17 20:01:49.500,0,0.0029514350131563,0.0,2.0,
2021-03-17 20:01:49.510,0,-0.0004369969902533,0.0,2.0,
2021-03-17 20:01:49.520,0,0.0016646197608213,0.0,2.0,
2021-03-17 20:01:49.530,0,0.0004249708087419,0.0,2.0,
2021-03-17 20:01:49.540,0,0.0018592237801417,0.0,2.0,
2021-03-17 20:01:49.550,0,-0.0001960149901651,0.0,2.0,
2021-03-17 20:01:49.560,0,-0.0045041205208986,0.0,2.0,
2021-03-17 20:01:49.570,0,-0.002634726189013,0.0,2.0,
2021-03-17 20:01:49.580,0,0.0071232389174949,0.0,2.0,
2021-03-17 20:01:49.590,0,0.0006150114789444,0.0,2.0,
2021-03-17 20:01:49.600,0,-0.0089157157227697,0.0,2.0,
2021-03-17 20:01:49.610,0,-0.0038681550954525,0.0,2.0,
2021-03-17 20:01:49.620,0,-0.0030104928212332,0.0,2.0,
2021-03-17 20:01:49.630,0,-0.0010971716117562,0.0,2.0,
2021-03-17 20:01:49.640,0,-0.0026606118420910005,0.0,2.0,
2021-03-17 20:01:49.650,0,0.0005395556476097,0.0,2.0,
2021-03-17 20:01:49.660,0,-0.0022893210867442,0.0,2.0,
2021-03-17 20:01:49.670,0,0.0040778465050367,0.0,2.0,
2021-03-17 20:01:49.680,0,0.0012816634989403,0.0,2.0,
2021-03-17 20:01:49.690,0,-0.0066033787931878,0.0,2.0,
2021-03-17 20:01:49.700,0,-0.0058094208477338,0.0,2.0,
2021-03-17 20:01:49.710,0,0.0033443608655818,0.0,2.0,
2021-03-17 20:01:49.720,0,0.0048381894600737,0.0,2.0,
2021-03-17 20:01:49.730,0,0.0014845589374589,0.0,2.0,
2021-03-17 20:01:49.740,0,0.0092986751807669,0.0,2.0,
2021-03-17 20:01:49.750,0,0.0029297441890492,0.0,2.0,
2021-03-17 20:01:49.760,0,0.0001651853725068,0.0,2.0,
2021-03-17 20:01:49.770,0,-0.0034478918347128,0.0,2.0,
2021-03-17 20:01:49.780,0,-0.0007785094395109,0.0,2.0,
2021-03-17 20:01:49.790,0,-0.0047259154966207,0.0,2.0,
2021-03-17 20:01:49.800,0,-0.0030156171605272,0.0,2.0,
2021-03-17 20:01:49.810,0,0.007076180873338001,0.0,2.0,
2021-03-17 20:01:49.820,0,0.0007865486267019,0.0,2.0,
2021-03-17 20:01:49.830,0,0.0009254935486038,0.0,2.0,
2021-03-17 20:01:49.840,0,-0.0008026435737903,0.0,2.0,
2021-03-17 20:01:49.850,0,0.004010178366315,0.0,2.0,
2021-03-17 20:01:49.860,0,-0.0041725810564327,0.0,2.0,
2021-03-17 20:01:49.870,0,-0.0041061245023468,0.0,2.0,
2021-03-17 20:01:49.880,0,0.0010825773708635,0.0,2.0,
2021-03-17 20:01:49.890,0,0.0056610455765015,0.0,2.0,
2021-03-17 20:01:49.900,0,-0.0054304533249188,0.0,2.0,
2021-03-17 20:01:49.910,0,-0.0003809836562264,0.0,2.0,
2021-03-17 20:01:49.920,0,0.0012748835892025,0.0,2.0,
2021-03-17 20:01:49.930,0,-0.0016821700812469,0.0,2.0,
2021-03-17 20:01:49.940,0,-0.0044753000236498,0.0,2.0,
2021-03-17 20:01:49.950,0,-0.000330687694582,0.0,2.0,
2021-03-17 20:01:49.960,0,-0.0014725290024485,0.0,2.0,
2021-03-17 20:01:49.970,0,-0.002637781334854,0.0,2.0,
2021-03-17 20:01:49.980,0,-0.0009562441231181,0.0,2.0,
2021-03-17 20:01:49.990,0,0.0051550912459487,3.1257083348261685e-05,2.0,
2021-03-17 20:01:50.000,0,-0.0040165785931775,7.254727585711113e-05,2.0,
2021-03-17 20:01:50.010,0,0.0024711298596495,0.0001071833658252,2.0,
2021-03-17 20:01:50.020,0,-0.0027592392514741,0.0001352864093235,2.0,
2021-03-17 20:01:50.030,0,0.0054060313864055,0.000159067642647,2.0,
2021-03-17 20:01:50.040,0,0.0021925590892673,0.0001770258144276,2.0,
2021-03-17 20:01:50.050,0,0.0034015786133496,0.0001899696899333,2.0,
2021-03-17 20:01:50.060,0,-0.0024002830579126,0.0002024617639607,2.0,
2021-03-17 20:01:50.070,0,-0.0027044268307324,0.0002068877497835,2.0,
2021-03-17 20:01:50.080,0,-0.00012026260203,0.0002122508181014,2.0,
2021-03-17 20:01:50.090,0,0.0021334022570546,0.0002113898193509,2.0,
2021-03-17 20:01:50.100,0,0.0016396124148451,0.0002106877541005,2.0,
2021-03-17 20:01:50.110,0,0.0013128771116882,0.0002077733108785,2.0,
2021-03-17 20:01:50.120,0,0.0009176287207383,0.0002041235568856,2.0,
2021-03-17 20:01:50.130,0,-0.0025936623612209,0.0001986469316369,2.0,
2021-03-17 20:01:50.140,0,0.0029631641914166,0.0001896277616981,2.0,
2021-03-17 20:01:50.150,0,0.0019063766485876,0.0001817702094143,2.0,
2021-03-17 20:01:50.160,0,0.0014223262660750002,0.00017523590260000002,2.0,
2021-03-17 20:01:50.170,0,0.0016973971064217,0.0001658435277645,2.0,
2021-03-17 20:01:50.180,0,-0.0037949870776764,0.0001564863028783,2.0,
2021-03-17 20:01:50.190,0,-0.000298423929235,0.0001468559844321,2.0,
2021-03-17 20:01:50.200,0,0.0017651460573832,0.0001391476394062,2.0,
2021-03-17 20:01:50.210,0,0.0033510040394632,0.0001297272422723,2.0,
2021-03-17 20:01:50.220,0,-0.0018259732959645,0.0001207200498845,2.0,
2021-03-17 20:01:50.230,0,-0.0030694493180435,0.0001121128519961,2.0,
2021-03-17 20:01:50.240,0,-0.0019722005358763,0.0001029643086149,2.0,
2021-03-17 20:01:50.250,0,0.0031912199758548,9.485456008968372e-05,2.0,
2021-03-17 20:01:50.260,0,0.0007648618578941,8.692397185179904e-05,2.0,
2021-03-17 20:01:50.270,0,-0.0006552836240703,7.886158678648579e-05,2.0,
2021-03-17 20:01:50.280,0,-0.0030604124282564,7.097484143540855e-05,2.0,
2021-03-17 20:01:50.290,0,-0.002566506622205,6.48555716369625e-05,2.0,
2021-03-17 20:01:50.300,0,0.0001387291300821,5.8251998197635757e-05,2.0,
2021-03-17 20:01:50.310,0,-0.0009905005576591,5.188319581423365e-05,2.0,
2021-03-17 20:01:50.320,0,-0.0034422517647637,4.642774440932978e-05,2.0,
2021-03-17 20:01:50.330,0,0.0032715864489629,4.092242962144896e-05,2.0,
2021-03-17 20:01:50.340,0,0.0028837706807034,3.635999173689912e-05,2.0,
2021-03-17 20:01:50.350,0,8.285724639776391e-05,3.164686174600218e-05,1.0,
2021-03-17 20:01:50.360,0,-0.005335050335622,2.745035388507785e-05,1.0,
2021-03-17 20:01:50.370,0,0.0009909371480730002,2.367973910131226e-05,1.0,
2021-03-17 20:01:50.380,0,-0.0057092244989134,2.009278342668996e-05,1.0,
2021-03-17 20:01:50.390,0,0.0038290013391463,1.6958093850299164e-05,1.0,
2021-03-17 20:01:50.400,0,-0.0033465448372226,1.4013175328269958e-05,1.0,
2021-03-17 20:01:50.410,0,0.0064149027318229,1.1366323697027278e-05,1.0,
2021-03-17 20:01:50.420,0,0.0017362672541757,9.091656791513967e-06,1.0,
2021-03-17 20:01:50.430,0,-0.0038495602038599,7.045366748477421e-06,1.0,
2021-03-17 20:01:50.440,0,-0.0008737759790331,5.2590914502372805e-06,1.0,
2021-03-17 20:01:50.450,0,-0.0006686036478273,3.596386992624205e-06,1.0,
2021-03-17 20:01:50.460,0,-0.00278516839029,2.206264564998861e-06,1.0,
2021-03-17 20:01:50.470,0,-0.0010831838397381,9.453349822720995e-07,1.0,
2021-03-17 20:01:50.480,0,0.0011110230853244,0.0,1.0,
2021-03-17 20:01:50.490,0,0.0021084920886786,0.0,1.0,
2021-03-17 20:01:50.500,0,0.0069062173566383,0.0,1.0,
2021-03-17 20:01:50.510,0,-0.0054080324201012,0.0,1.0,
2021-03-17 20:01:50.520,0,-0.0006490027689757,0.0,1.0,
2021-03-17 20:01:50.530,0,0.0032517811889352,0.0,1.0,
2021-03-17 20:01:50.540,0,0.0058036467752525,0.0,1.0,
2021-03-17 20:01:50.550,0,-0.0013878223111124,0.0,1.0,
2021-03-17 20:01:50.560,0,0.00405654453717,0.0,1.0,
2021-03-17 20:01:50.570,0,-0.002111502666443,0.0,1.0,
2021-03-17 20:01:50.580,0,-0.0063498037073042,0.0,1.0,
2021-03-17 20:01:50.590,0,0.0019486642046543,0.0,1.0,
2021-03-17 20:01:50.600,0,0.0033443561702767,0.0,1.0,
2021-03-17 20:01:50.610,0,-0.0024326761348379,0.0,1.0,
2021-03-17 20:01:50.620,0,0.0030716636747525,0.0,1.0,
2021-03-17 20:01:50.630,0,-0.0008646518975749,0.0,1.0,
2021-03-17 20:01:50.640,0,-0.0079336950587633,0.0,1.0,
2021-03-17 20:01:50.650,0,-0.0030003019896242,0.0,1.0,
2021-03-17 20:01:50.660,0,-0.0036157349226726,0.0,1.0,
2021-03-17 20:01:50.670,0,-0.0012601145294694,0.0,1.0,
2021-03-17 20:01:50.680,0,-0.0071338487536808,0.0,1.0,
2021-03-17 20:01:50.690,0,0.0020884055959905,0.0,1.0,
2021-03-17 20:01:50.700,0,-0.0014418183582334,0.0,1.0,
2021-03-17 20:01:50.710,0,-0.0030463494160578,0.0,1.0,
2021-03-17 20:01:50.720,0,0.0059827435720354,0.0,1.0,
2021-03-17 20:01:50.730,0,0.0015455256800527,0.0,1.0,
2021-03-17 20:01:50.740,0,-0.0021652227473167,0.0,1.0,
2021-03-17 20:01:50.750,0,0.0029630774251183,0.0,1.0,
2021-03-17 20:01:50.760,0,0.0014492636394668,0.0,1.0,
2021-03-17 20:01:50.770,0,0.0061075526003458,0.0,1.0,
2021-03-17 20:01:50.780,0,0.0013677683248798,0.0,1.0,
2021-03-17 20:01:50.790,0,0.0071795625689843,0.0,1.0,
2021-03-17 20:01:50.800,0,-0.00211935792994,0.0,1.0,
2021-03-17 20:01:50.810,0,0.0014291768227945,0.0,1.0,
2021-03-17 20:01:50.820,0,0.0017956448752102,0.0,1.0,
2021-03-17 20:01:50.830,0,-0.0016711237259457,0.0,1.0,
2021-03-17 20:01:50.840,0,0.0039899485400078,0.0,1.0,
2021-03-17 20:01:50.850,0,-0.0025883058567999,0.0,1.0,
2021-03-17 20:01:50.860,0,-0.003887082436323,0.0,1.0,
2021-03-17 20:01:50.870,0,0.0042920918580074,0.0,1.0,
2021-03-17 20:01:50.880,0,-0.0007953003798582,0.0,1.0,
2021-03-17 20:01:50.890,0,0.0004970957417021,0.0,1.0,
2021-03-17 20:01:50.900,0,0.0029848602783782,0.0,1.0,
2021-03-17 20:01:50.910,0,-0.0016924041014008,0.0,1.0,
2021-03-17 20:01:50.920,0,0.0008848533849677,0.0,1.0,
2021-03-17 20:01:50.930,0,-3.927250151855037e-06,0.0,1.0,
2021-03-17 20:01:50.940,0,0.0036799870427396,0.0,1.0,
2021-03-17 20:01:50.950,0,0.0037810334642094,0.0,1.0,
2021-03-17 20:01:50.960,0,0.0039907916466175,0.0,1.0,
2021-03-17 20:01:50.970,0,-0.0001050987689599,0.0,1.0,
2021-03-17 20:01:50.980,0,0.0015961491136282,9.382881644837251e-09,1.0,
2021-03-17 20:01:50.990,0,0.0047862331191808,2.6168326140657687e-08,1.0,
2021-03-17 20:01:51.000,0,0.003734110275795,4.0350093080493733e-08,1.0,
2021-03-17 20:01:51.010,0,0.0043827874867682,5.243322186082579e-08,1.0,
2021-03-17 20:01:51.020,0,-0.0007352906899839,6.21178895149537e-08,1.0,
2021-03-17 20:01:51.030,0,0.0009374531209502,6.908833756622095e-08,1.0,
2021-03-17 20:01:51.040,0,0.0040529546037318,7.439900150867827e-08,1.0,
2021-03-17 20:01:51.050,0,0.0036579595915355,7.803071955233437e-08,1.0,
2021-03-17 20:01:51.060,0,-0.0029590363607033,8.175857981987287e-08,1.0,
2021-03-17 20:01:51.070,0,0.0069150903497818,8.34840541706892e-08,1.0,
2021-03-17 20:01:51.080,0,0.0051479105709906,8.384574967554464e-08,1.0,
2021-03-17 20:01:51.090,0,0.0009903391485678,8.313723573246063e-08,1.0,
2021-03-17 20:01:51.100,0,-0.0002633947847996,8.175795972203515e-08,1.0,
2021-03-17 20:01:51.110,0,0.0035455089223078,7.984463472059383e-08,1.0,
2021-03-17 20:01:51.120,0,0.0051109777543279,7.825727605325466e-08,1.0,
2021-03-17 20:01:51.130,0,0.0018003454245542,7.592395270214027e-08,1.0,
2021-03-17 20:01:51.140,0,-0.0008165749154508,7.268732358577348e-08,1.0,
2021-03-17 20:01:51.150,0,0.0042014571134446,6.943483845946604e-08,1.0,
2021-03-17 20:01:51.160,0,0.0016192842184302,6.575704313693147e-08,1.0,
2021-03-17 20:01:51.170,0,0.0020543993386227,6.185622808500914e-08,1.0,
2021-03-17 20:01:51.180,0,0.0041099845317873,5.883461121460983e-08,1.0,
2021-03-17 20:01:51.190,0,-0.0017022597230949,5.5039374187940836e-08,1.0,
2021-03-17 20:01:51.200,0,-0.0048695525545296,5.1367233263730846e-08,1.0,
2021-03-17 20:01:51.210,0,0.0009902812360646,4.748577089435437e-08,1.0,
2021-03-17 20:01:51.220,0,0.0005713041360597,4.446777755944064e-08,1.0,
2021-03-17 20:01:51.230,0,-0.0008843266020055,4.0824473564671296e-08,1.0,
2021-03-17 20:01:51.240,0,3.8262314416400624e-05,3.770495391677458e-08,1.0,
2021-03-17 20:01:51.250,0,-0.0020324310053063,3.4167509339980216e-08,1.0,
2021-03-17 20:01:51.260,0,-0.00747060310237,3.1496151497068426e-08,1.0,
2021-03-17 20:01:51.270,0,-0.0020074259327441,2.8652252510939037e-08,1.0,
2021-03-17 20:01:51.280,0,-0.0006988635230257,2.5858999910652897e-08,1.0,
2021-03-17 20:01:51.290,0,-0.0005158808783037,2.3154279714432672e-08,1.0,
2021-03-17 20:01:51.300,0,-0.0010128168880379,2.0681383668944086e-08,1.0,
2021-03-17 20:01:51.310,0,-0.0074080221332372,1.8381907106504744e-08,1.0,
2021-03-17 20:01:51.320,0,0.0012730607714548,1.6298137194608912e-08,1.0,
2021-03-17 20:01:51.330,0,-0.0007227848978163,1.4357626072363146e-08,1.0,
2021-03-17 20:01:51.340,0,-0.0049218130705135,1.2494824622637651e-08,1.0,
2021-03-17 20:01:51.350,0,-8.867797608891269e-05,1.0925053444521712e-08,1.0,
2021-03-17 20:01:51.360,0,-0.0003394303934832,9.49786142927824e-09,1.0,
2021-03-17 20:01:51.370,0,0.0028541713481737,7.9875164821486e-09,1.0,
2021-03-17 20:01:51.380,0,-0.0013180942116421,6.686414257165259e-09,1.0,
2021-03-17 20:01:51.390,0,0.0034175034516067,5.608608629030676e-09,1.0,
2021-03-17 20:01:51.400,0,0.0035390525192939,4.553300431311965e-09,1.0,
2021-03-17 20:01:51.410,0,-0.0013483877571314,3.66311551261008e-09,1.0,
2021-03-17 20:01:51.420,0,-0.0039140998028923,2.830004039559071e-09,1.0,
2021-03-17 20:01:51.430,0,0.0023537946978827,2.0959960573879647e-09,1.0,
2021-03-17 20:01:51.440,0,-0.0015412291744475,1.4796251756248102e-09,1.0,
2021-03-17 20:01:51.450,0,-0.0012882436168933,9.132598830036856e-10,1.0,
2021-03-17 20:01:51.460,0,-0.0035900257806542,4.272929323465188e-10,1.0,
2021-03-17 20:01:51.470,0,0.0031490968451405,2.6576850636176698e-12,1.0,
2021-03-17 20:01:51.480,0,0.0021577518951826,0.0,1.0,
2021-03-17 20:01:51.490,0,0.0023811886449084,0.0,1.0,
2021-03-17 20:01:51.500,0,-0.0036370561684429,0.0,1.0,
2021-03-17 20:01:51.510,0,0.0018216876438175,0.0,1.0,
2021-03-17 20:01:51.520,0,-0.0013385861469474,0.0,1.0,
2021-03-17 20:01:51.530,0,-4.829144344279444e-05,0.0,1.0,
2021-03-17 20:01:51.540,0,0.0014255285002342,0.0,1.0,
2021-03-17 20:01:51.550,0,0.001038946974458,0.0,1.0,
2021-03-17 20:01:51.560,0,-0.0025536344061803,0.0,1.0,
2021-03-17 20:01:51.570,0,0.0072937588570975,0.0,1.0,
2021-03-17 20:01:51.580,0,-0.0023963425701424,0.0,1.0,
2021-03-17 20:01:51.590,0,-0.0016182758280421,0.0,1.0,
2021-03-17 20:01:51.600,0,0.0036277905868492,0.0,1.0,
2021-03-17 20:01:51.610,0,0.0029773108948455,0.0,1.0,
2021-03-17 20:01:51.620,0,-0.0038072810514518,0.0,1.0,
2021-03-17 20:01:51.630,0,-0.0038924525227002,0.0,1.0,
2021-03-17 20:01:51.640,0,-0.0009572313402966,0.0,1.0,
2021-03-17 20:01:51.650,0,0.0026678514766545,0.0,1.0,
2021-03-17 20:01:51.660,0,-0.0003652199607225,0.0,1.0,
2021-03-17 20:01:51.670,0,0.003830417048902,0.0,1.0,
2021-03-17 20:01:51.680,0,0.0024316103960672,0.0,1.0,
2021-03-17 20:01:51.690,0,0.0011304863432732,0.0,1.0,
2021-03-17 20:01:51.700,0,-0.0010617805420248,0.0,1.0,
2021-03-17 20:01:51.710,0,0.0005562618473964,0.0,1.0,
2021-03-17 20:01:51.720,0,-0.0007154236511632,0.0,1.0,
2021-03-17 20:01:51.730,0,0.0005055286330350001,0.0,1.0,
2021-03-17 20:01:51.740,0,0.0058636775287483,0.0,1.0,
2021-03-17 20:01:51.750,0,0.0049541998157182,0.0,1.0,
2021-03-17 20:01:51.760,0,0.0004543399066371,0.0,1.0,
2021-03-17 20:01:51.770,0,-0.001646554842816,0.0,1.0,
2021-03-17 20:01:51.780,0,-0.0010187615292995,0.0,1.0,
2021-03-17 20:01:51.790,0,-0.0020240572016514,0.0,1.0,
2021-03-17 20:01:51.800,0,0.0052545153077151,0.0,1.0,
2021-03-17 20:01:51.810,0,-0.004137521425294,0.0,1.0,
2021-03-17 20:01:51.820,0,0.0014200774242186,0.0,1.0,
2021-03-17 20:01:51.830,0,-0.0017524031613388,0.0,1.0,
2021-03-17 20:01:51.840,0,0.0081666355756851,0.0,1.0,
2021-03-17 20:01:51.850,0,-0.0064932931115122,0.0,1.0,
2021-03-17 20:01:51.860,0,-0.0006110922349943,0.0,1.0,
2021-03-17 20:01:51.870,0,-0.0018289318055614,0.0,1.0,
2021-03-17 20:01:51.880,0,0.001510544449705,0.0,1.0,
2021-03-17 20:01:51.890,0,0.0056006755912103,0.0,1.0,
2021-03-17 20:01:51.900,0,0.0015434995808354,0.0,1.0,
2021-03-17 20:01:51.910,0,0.0016021953349017,0.0,1.0,
2021-03-17 20:01:51.920,0,0.0016526755752864,0.0,1.0,
2021-03-17 20:01:51.930,0,-0.0033517390253892,0.0,1.0,
2021-03-17 20:01:51.940,0,0.0003365882740035,0.0,1.0,
2021-03-17 20:01:51.950,0,0.0051372339379891,0.0,1.0,
2021-03-17 20:01:51.960,0,0.0005118915774369999,0.0,1.0,
2021-03-17 20:01:51.970,0,-0.0026375008838198,3.725467782686087e-12,1.0,
2021-03-17 20:01:51.980,0,0.0009372731917625,1.0276148798684221e-11,1.0,
2021-03-17 20:01:51.990,0,-0.0002022009674669,1.590062660160783e-11,1.0,
2021-03-17 20:01:52.000,0,0.0048160414424746,2.059807397853147e-11,1.0,
2021-03-17 20:01:52.010,0,0.0068461758478193,2.4311303045924066e-11,1.0,
2021-03-17 20:01:52.020,0,-0.0012526695633067,2.7223718347202556e-11,1.0,
2021-03-17 20:01:52.030,0,-0.0016575809754618,2.9062073681735893e-11,1.0,
2021-03-17 20:01:52.040,0,-0.0014162023017139,3.1197211737104946e-11,1.0,
2021-03-17 20:01:52.050,0,-0.0005974162796034,3.2334784290199447e-11,1.0,
2021-03-17 20:01:52.060,0,-0.0060058895785331,3.302650356240249e-11,1.0,
2021-03-17 20:01:52.070,0,0.0053445811374022,3.303047385481061e-11,1.0,
2021-03-17 20:01:52.080,0,-0.0024886424613853,3.334784936407724e-11,1.0,
2021-03-17 20:01:52.090,0,-0.0061896356781197,3.278384497089702e-11,1.0,
2021-03-17 20:01:52.100,0,0.0036426604897542,3.1912771030988783e-11,1.0,
2021-03-17 20:01:52.110,0,0.0011770828456804,3.0963237935148637e-11,1.0,
2021-03-17 20:01:52.120,0,-0.0022216442937924,3.012993205427668e-11,1.0,
2021-03-17 20:01:52.130,0,-0.0011841919211013,2.875008715048125e-11,1.0,
2021-03-17 20:01:52.140,0,0.0026923612082586,2.75080004452943e-11,1.0,
2021-03-17 20:01:52.150,0,0.0019717978053254,2.6206803034127823e-11,1.0,
2021-03-17 20:01:52.160,0,0.0015334881687879998,2.4967745660705502e-11,1.0,
2021-03-17 20:01:52.170,0,-0.0029835315050571,2.331758687428858e-11,1.0,
2021-03-17 20:01:52.180,0,0.0021811263428986,2.2021759456178304e-11,1.0,
2021-03-17 20:01:52.190,0,0.0030816315826324,2.0607739326771045e-11,1.0,
2021-03-17 20:01:52.200,0,-0.0039451059618554,1.925184861770301e-11,1.0,
2021-03-17 20:01:52.210,0,0.0015309238700376,1.7778453998590095e-11,1.0,
2021-03-17 20:01:52.220,0,-0.0025611647667658,1.6331502839621352e-11,1.0,
2021-03-17 20:01:52.230,0,0.0056804523618001,1.4983857140315384e-11,1.0,
2021-03-17 20:01:52.240,0,0.0042355235756677,1.3707173510571168e-11,1.0,
2021-03-17 20:01:52.250,0,0.003147555157758,1.2728774979883538e-11,1.0,
2021-03-17 20:01:52.260,0,0.0039832540156461,1.1336500778368207e-11,1.0,
2021-03-17 20:01:52.270,0,-0.0033512758311234,1.0281487107185585e-11,1.0,
2021-03-17 20:01:52.280,0,0.0002234542572209,9.27242777587835e-12,1.0,
2021-03-17 20:01:52.290,0,-0.0037445033599778,8.283606549903884e-12,1.0,
2021-03-17 20:01:52.300,0,0.0064546241228449,7.434013581926918e-12,1.0,
2021-03-17 20:01:52.310,0,-0.0025822124675812,6.541126462985693e-12,1.0,
2021-03-17 20:01:52.320,0,0.001764683075504,5.834005604835692e-12,1.0,
2021-03-17 20:01:52.330,0,-0.001248106541926,5.0798337610019645e-12,1.0,
2021-03-17 20:01:52.340,0,0.0031410910150427,4.411686831292097e-12,1.0,
2021-03-17 20:01:52.350,0,-0.0032806639218465,3.78578945140836e-12,1.0,
2021-03-17 20:01:52.360,0,0.0033731398672301,3.2647706626471614e-12,1.0,
2021-03-17 20:01:52.370,0,-0.0025136228234249,2.7044017962009827e-12,1.0,
2021-03-17 20:01:52.380,0,-8.355299427751144e-05,2.263543597794496e-12,1.0,
2021-03-17 20:01:52.390,0,0.0046408851342277,1.856503902581441e-12,1.0,
2021-03-17 20:01:52.400,0,-0.0024356953444965,1.4866322973233463e-12,1.0,
2021-03-17 20:01:52.410,0,-0.0011399375234695,1.1502925964731089e-12,1.0,
2021-03-17 20:01:52.420,0,0.0001289553864655,8.658647031316198e-13,1.0,
2021-03-17 20:01:52.430,0,-0.0022740765465062,6.016723796472215e-13,1.0,
2021-03-17 20:01:52.440,0,0.0031592382076929,3.686114628052436e-13,1.0,
2021-03-17 20:01:52.450,0,-0.0052686637287607,1.730157788946345e-13,1.0,
2021-03-17 20:01:52.460,0,0.0035691789069621,7.619381993710529e-16,1.0,
2021-03-17 20:01:52.470,0,0.0032578141183721,0.0,1.0,
2021-03-17 20:01:52.480,0,-0.0004342542825665,0.0,1.0,
2021-03-17 20:01:52.490,0,0.002442463331859,0.0,1.0,
2021-03-17 20:01:52.500,0,0.0005866212245431,0.0,1.0,
2021-03-17 20:01:52.510,0,-0.0034953151054508,0.0,1.0,
2021-03-17 20:01:52.520,0,0.0038086069343081,0.0,1.0,
2021-03-17 20:01:52.530,0,-0.0032413851868274,0.0,1.0,
2021-03-17 20:01:52.540,0,-0.0093883477703883,0.0,1.0,
2021-03-17 20:01:52.550,0,-0.0032840750153546,0.0,1.0,
2021-03-17 20:01:52.560,0,0.0030439891523671,0.0,1.0,
2021-03-17 20:01:52.570,0,0.0050169453944809,0.0,1.0,
2021-03-17 20:01:52.580,0,0.0047932366957017,0.0,1.0,
2021-03-17 20:01:52.590,0,0.0033194401326419,0.0,1.0,
2021-03-17 20:01:52.600,0,0.0006700510298473,0.0,1.0,
2021-03-17 20:01:52.610,0,0.0050398948699880005,0.0,1.0,
2021-03-17 20:01:52.620,0,-0.0021901775842393,0.0,1.0,
2021-03-17 20:01:52.630,0,0.0060443200297619,0.0,1.0,
2021-03-17 20:01:52.640,0,-0.0005120768706359999,0.0,1.0,
2021-03-17 20:01:52.650,0,1.6812511183735882e-05,0.0,1.0,
2021-03-17 20:01:52.660,0,0.0034155328266374,0.0,1.0,
2021-03-17 20:01:52.670,0,-0.0001032191584506,0.0,1.0,
2021-03-17 20:01:52.680,0,-0.0005948087549904,0.0,1.0,
2021-03-17 20:01:52.690,0,-0.0023390965164551,0.0,1.0,
2021-03-17 20:01:52.700,0,0.0019014097222994,0.0,1.0,
2021-03-17 20:01:52.710,0,0.0012701123286455,0.0,1.0,
2021-03-17 20:01:52.720,0,-0.0050222655194564,0.0,1.0,
2021-03-17 20:01:52.730,0,0.0007450645596829,0.0,1.0,
2021-03-17 20:01:52.740,0,-0.0080154199466967,0.0,1.0,
2021-03-17 20:01:52.750,0,-0.002521299593673,0.0,1.0,
2021-03-17 20:01:52.760,0,0.0003829093223628,0.0,1.0,
2021-03-17 20:01:52.770,0,0.003262463132333,0.0,1.0,
2021-03-17 20:01:52.780,0,0.00196566236087,0.0,1.0,
2021-03-17 20:01:52.790,0,-0.0033410983487777,0.0,1.0,
2021-03-17 20:01:52.800,0,0.0026545027527298,0.0,1.0,
2021-03-17 20:01:52.810,0,-0.0024420539761991,0.0,1.0,
2021-03-17 20:01:52.820,0,0.0034302994681268,0.0,1.0,
2021-03-17 20:01:52.830,0,-0.0005969634559777,0.0,1.0,
2021-03-17 20:01:52.840,0,-0.0001229359018766,0.0,1.0,
2021-03-17 20:01:52.850,0,-0.001739000951522,0.0,1.0,
2021-03-17 20:01:52.860,0,0.0055249983010994,0.0,1.0,
2021-03-17 20:01:52.870,0,-0.0034706605436696,0.0,1.0,
2021-03-17 20:01:52.880,0,-0.0034948899581888,0.0,1.0,
2021-03-17 20:01:52.890,0,0.0022842597476251,0.0,1.0,
2021-03-17 20:01:52.900,0,0.000837347346885,0.0,1.0,
2021-03-17 20:01:52.910,0,-0.0005527052787814,0.0,1.0,
2021-03-17 20:01:52.920,0,-0.0011847669220764,0.0,1.0,
2021-03-17 20:01:52.930,0,0.0005565765675307,0.0,1.0,
2021-03-17 20:01:52.940,0,-0.0032351427626658,0.0,1.0,
2021-03-17 20:01:52.950,0,0.0060511162723145,0.0,1.0,
2021-03-17 20:01:52.960,0,-0.0045303455952687,1.5263965005538138e-15,1.0,
2021-03-17 20:01:52.970,0,-0.0037745581563055,4.220818720181496e-15,1.0,
2021-03-17 20:01:52.980,0,-0.0028078011367071,6.5116983689843905e-15,1.0,
2021-03-17 20:01:52.990,0,0.0022197340232219,8.389902037851974e-15,1.0,
2021-03-17 20:01:53.000,0,0.0021771190835414,9.860628137024116e-15,1.0,
2021-03-17 20:01:53.010,0,0.0011075777453369,1.1055978809590236e-14,1.0,
2021-03-17 20:01:53.020,0,0.0031041724569496,1.2012669234203363e-14,1.0,
2021-03-17 20:01:53.030,0,0.0018637267658737,1.2650280737478736e-14,1.0,
2021-03-17 20:01:53.040,0,-0.0005309550069826,1.2962810706030115e-14,1.0,
2021-03-17 20:01:53.050,0,0.0033081933846699,1.3382907768570653e-14,1.0,
2021-03-17 20:01:53.060,0,0.000609239598489,1.3500463934282288e-14,1.0,
2021-03-17 20:01:53.070,0,-0.0016120899242439,1.3433056495334171e-14,1.0,
2021-03-17 20:01:53.080,0,0.0041000640339008,1.3062286666452545e-14,1.0,
2021-03-17 20:01:53.090,0,-0.0033450803087936,1.2921623244485676e-14,1.0,
2021-03-17 20:01:53.100,0,3.650179401430503e-05,1.2563673495168642e-14,1.0,
2021-03-17 20:01:53.110,0,0.0028921998163396,1.2104490943098058e-14,1.0,
2021-03-17 20:01:53.120,0,-0.0032919662398885,1.1811669714298945e-14,1.0,
2021-03-17 20:01:53.130,0,0.0014513435752899,1.1094798491121157e-14,1.0,
2021-03-17 20:01:53.140,0,0.0038037481289262,1.0591286676126684e-14,1.0,
2021-03-17 20:01:53.150,0,-0.006570046862375999,1.0031786394545195e-14,1.0,
2021-03-17 20:01:53.160,0,0.0005964734676953,9.433979917860051e-15,1.0,
2021-03-17 20:01:53.170,0,0.0031912973756139,8.872643932051158e-15,1.0,
2021-03-17 20:01:53.180,0,0.0076490597896972,8.297540158536456e-15,1.0,
2021-03-17 20:01:53.190,0,0.0059696114717202,7.705823197008086e-15,1.0,
2021-03-17 20:01:53.200,0,-0.0026073536160533,7.130721560663493e-15,1.0,
2021-03-17 20:01:53.210,0,0.0002723612438406,6.601896922761404e-15,1.0,
2021-03-17 20:01:53.220,0,-0.002261474843796,6.0340716082528415e-15,1.0,
2021-03-17 20:01:53.230,0,0.0007081061975962,5.562563483814276e-15,1.0,
2021-03-17 20:01:53.240,0,-0.0038853639800395,5.078735066354996e-15,1.0,
2021-03-17 20:01:53.250,0,-0.0015805857308412,4.551728288374034e-15,1.0,
2021-03-17 20:01:53.260,0,0.0048929003991392,4.1521739395265074e-15,1.0,
2021-03-17 20:01:53.270,0,0.0018873958018093,3.748481286958925e-15,1.0,
2021-03-17 20:01:53.280,0,0.0020102488223312,3.344239956463745e-15,1.0,
2021-03-17 20:01:53.290,0,-0.0070314193778089,2.9623563444295046e-15,1.0,
2021-03-17 20:01:53.300,0,0.0034662347291939,2.6189023195061163e-15,1.0,
2021-03-17 20:01:53.310,0,0.0025076843293315,2.332917546970341e-15,1.0,
2021-03-17 20:01:53.320,0,-0.003661940725538,2.0287900164566518e-15,1.0,
2021-03-17 20:01:53.330,0,-0.0067990407399477,1.7742827490069296e-15,1.0,
2021-03-17 20:01:53.340,0,-0.0021000968485506,1.5014861562155942e-15,1.0,
2021-03-17 20:01:53.350,0,0.0019434051259536,1.2987698847930514e-15,1.0,
2021-03-17 20:01:53.360,0,0.0018968363362922,1.0933517224408473e-15,1.0,
2021-03-17 20:01:53.370,0,0.0012724769213939,9.125250976579015e-16,1.0,
2021-03-17 20:01:53.380,0,-0.0007725801551054,7.343521041382688e-16,1.0,
2021-03-17 20:01:53.390,0,0.0003095293743561,5.915270500116618e-16,1.0,
2021-03-17 20:01:53.400,0,-0.0019599995984424,4.597588739649667e-16,1.0,
2021-03-17 20:01:53.410,0,0.0030121602937051,3.378012021536314e-16,1.0,
2021-03-17 20:01:53.420,0,-0.0051408146614803,2.3876893806177475e-16,1.0,
2021-03-17 20:01:53.430,0,-0.0004187845405013,1.4774611416599396e-16,1.0,
2021-03-17 20:01:53.440,0,0.0048279781069492,6.814675007822409e-17,1.0,
2021-03-17 20:01:53.450,0,-0.0026890730995471,1.790572800017437e-19,1.0,
2021-03-17 20:01:53.460,0,-0.0047838318283651,0.0,1.0,
2021-03-17 20:01:53.470,0,-0.0005918364268393,0.0,1.0,
2021-03-17 20:01:53.480,0,-0.0033591704334565,0.0,1.0,
2021-03-17 20:01:53.490,0,-0.0006829894156536,0.0,1.0,
2021-03-17 20:01:53.500,0,-0.0010347374385774,0.0,1.0,
2021-03-17 20:01:53.510,0,0.0001141486797915,0.0,1.0,
2021-03-17 20:01:53.520,0,0.002054084890177,0.0,1.0,
2021-03-17 20:01:53.530,0,-0.0047870185083022,0.0,1.0,
2021-03-17 20:01:53.540,0,0.0025204152703249,0.0,1.0,
2021-03-17 20:01:53.550,0,-0.0039199674802255,0.0,1.0,
2021-03-17 20:01:53.560,0,-0.0002351802007315,0.0,1.0,
2021-03-17 20:01:53.570,0,-0.0080141100041497,0.0,1.0,
2021-03-17 20:01:53.580,0,0.0021676989259272,0.0,1.0,
2021-03-17 20:01:53.590,0,0.001851128433948,0.0,1.0,
2021-03-17 20:01:53.600,0,-0.002229763144551,0.0,1.0,
2021-03-17 20:01:53.610,0,0.0030421256502745,0.0,1.0,
2021-03-17 20:01:53.620,0,-0.0005158555962816,0.0,1.0,
2021-03-17 20:01:53.630,0,0.0028853743009135,0.0,1.0,
2021-03-17 20:01:53.640,0,-0.0009092486981573,0.0,1.0,
2021-03-17 20:01:53.650,0,-0.0007330096379357,0.0,1.0,
2021-03-17 20:01:53.660,0,-0.0003273678998864,0.0,1.0,
2021-03-17 20:01:53.670,0,0.0032693951516566,0.0,1.0,
2021-03-17 20:01:53.680,0,0.0009431689597895,0.0,1.0,
2021-03-17 20:01:53.690,0,0.0004170657026159,0.0,1.0,
2021-03-17 20:01:53.700,0,-0.0020069586547455,0.0,1.0,
2021-03-17 20:01:53.710,0,-0.0053984329276557,0.0,1.0,
2021-03-17 20:01:53.720,0,0.0035014403796736,0.0,1.0,
2021-03-17 20:01:53.730,0,-0.0027746130378699,0.0,1.0,
2021-03-17 20:01:53.740,0,0.0009577105587683,0.0,1.0,
2021-03-17 20:01:53.750,0,-0.0001456952343923,0.0,1.0,
2021-03-17 20:01:53.760,0,-0.003922209577400999,0.0,1.0,
2021-03-17 20:01:53.770,0,0.0015964218525511,0.0,1.0,
2021-03-17 20:01:53.780,0,0.0014612078859841,0.0,1.0,
2021-03-17 20:01:53.790,0,0.0004240133039778,0.0,1.0,
2021-03-17 20:01:53.800,0,0.0009483517542922,0.0,1.0,
2021-03-17 20:01:53.810,0,-0.0019981663174768,0.0,1.0,
2021-03-17 20:01:53.820,0,-5.204213900380141e-05,0.0,1.0,
2021-03-17 20:01:53.830,0,7.667768135442253e-05,0.0,1.0,
2021-03-17 20:01:53.840,0,0.0026629465933743,0.0,1.0,
2021-03-17 20:01:53.850,0,0.0006079606527172,0.0,1.0,
2021-03-17 20:01:53.860,0,0.0035411896052825,0.0,1.0,
2021-03-17 20:01:53.870,0,-0.0001274344863261,0.0,1.0,
2021-03-17 20:01:53.880,0,0.0029331973199390004,0.0,1.0,
2021-03-17 20:01:53.890,0,0.0018867240451736,0.0,1.0,
2021-03-17 20:01:53.900,0,-0.0026142479144975,0.0,1.0,
2021-03-17 20:01:53.910,0,0.0036697995413401,0.0,1.0,
2021-03-17 20:01:53.920,0,0.0012004809256877,0.0,1.0,
2021-03-17 20:01:53.930,0,-0.0047417969538109,0.0,1.0,
2021-03-17 20:01:53.940,0,0.0031021896356951,0.0,1.0,
2021-03-17 20:01:53.950,0,0.0053114477572743,6.032710095996485e-19,1.0,
2021-03-17 20:01:53.960,0,0.0011904510848827,1.6571547372322536e-18,1.0,
2021-03-17 20:01:53.970,0,0.0020974224773838,2.545519371765349e-18,1.0,
2021-03-17 20:01:53.980,0,0.0039305143180602,3.2880063578319e-18,1.0,
2021-03-17 20:01:53.990,0,0.0030703509593257,3.8846622990945976e-18,1.0,
2021-03-17 20:01:54.000,0,-0.0041330413458437,4.338300551999618e-18,1.0,
2021-03-17 20:01:54.010,0,-0.0012093397683492,4.7372461807586144e-18,1.0,
2021-03-17 20:01:54.020,0,9.508252732652398e-05,4.9820831846836536e-18,1.0,
2021-03-17 20:01:54.030,0,0.0004378767187826,5.1401332207039235e-18,1.0,
2021-03-17 20:01:54.040,0,0.0007105592356759,5.2633023350100066e-18,1.0,
2021-03-17 20:01:54.050,0,0.0001007859247876,5.2571711454682215e-18,1.0,
2021-03-17 20:01:54.060,0,0.0043811717950197,5.31480898006357e-18,1.0,
2021-03-17 20:01:54.070,0,-0.0023445465202216,5.201920302559758e-18,1.0,
2021-03-17 20:01:54.080,0,0.0011151649726778,5.140816969224825e-18,1.0,
2021-03-17 20:01:54.090,0,0.0012925007158675,4.936503222768231e-18,1.0,
2021-03-17 20:01:54.100,0,-0.0013893105856065,4.8536045408394595e-18,1.0,
2021-03-17 20:01:54.110,0,-0.0026358972615922,4.615836420810663e-18,1.0,
2021-03-17 20:01:54.120,0,0.0063942954337702,4.42148126346077e-18,1.0,
2021-03-17 20:01:54.130,0,0.0014152738936652,4.193462932583321e-18,1.0,
2021-03-17 20:01:54.140,0,0.0063416893736837,3.9810304565917565e-18,1.0,
2021-03-17 20:01:54.150,0,-0.0070836103293487,3.7567662220599795e-18,1.0,
2021-03-17 20:01:54.160,0,0.0039193944994794,3.490959151510528e-18,1.0,
2021-03-17 20:01:54.170,0,0.0002026077014562,3.296906315610771e-18,1.0,
2021-03-17 20:01:54.180,0,0.0051251954178972,3.07282011971224e-18,1.0,
2021-03-17 20:01:54.190,0,0.00022835949781,2.8245177911068142e-18,1.0,
2021-03-17 20:01:54.200,0,2.510791575713207e-05,2.6053144183178006e-18,1.0,
2021-03-17 20:01:54.210,0,0.0038736756165012,2.422370906481536e-18,1.0,
2021-03-17 20:01:54.220,0,0.0007882920048497,2.207297674600856e-18,1.0,
2021-03-17 20:01:54.230,0,-0.0009432649477579,2.0341196649501157e-18,1.0,
2021-03-17 20:01:54.240,0,-0.0008795526648353,1.8114029877184568e-18,1.0,
2021-03-17 20:01:54.250,0,-0.0046208956347686,1.6492062114012138e-18,1.0,
2021-03-17 20:01:54.260,0,-0.0015508059485664,1.4980573088090006e-18,1.0,
2021-03-17 20:01:54.270,0,-0.0021152134695105,1.334809220079755e-18,1.0,
2021-03-17 20:01:54.280,0,-0.0072794946847977,1.1976494674236105e-18,1.0,
2021-03-17 20:01:54.290,0,-0.0030287317943996,1.0522130853912175e-18,1.0,
2021-03-17 20:01:54.300,0,0.0032320363954528,9.318935981743929e-19,1.0,
2021-03-17 20:01:54.310,0,-0.0006601803842443,8.142777343110275e-19,1.0,
2021-03-17 20:01:54.320,0,-0.0042755849054503,7.020124491964177e-19,1.0,
2021-03-17 20:01:54.330,0,0.0011753176920109,6.10589671779954e-19,1.0,
2021-03-17 20:01:54.340,0,0.0031648431598123,5.160422480766666e-19,1.0,
2021-03-17 20:01:54.350,0,-0.0004059081120287,4.371882015031199e-19,1.0,
2021-03-17 20:01:54.360,0,0.0022436209101817,3.6428309325331695e-19,1.0,
2021-03-17 20:01:54.370,0,-0.0015809632196238,2.9609764414823637e-19,1.0,
2021-03-17 20:01:54.380,0,-0.0031587660520403,2.385339252524213e-19,1.0,
2021-03-17 20:01:54.390,0,-0.0044664974906303,1.8386959993326405e-19,1.0,
2021-03-17 20:01:54.400,0,-0.0039017289136262,1.3728487068886634e-19,1.0,
2021-03-17 20:01:54.410,0,0.0015605996177732,9.554137490049763e-20,1.0,
2021-03-17 20:01:54.420,0,0.0042779780663418,5.910462323087451e-20,1.0,
2021-03-17 20:01:54.430,0,-0.0076071635387578,2.724741327982829e-20,1.0,
2021-03-17 20:01:54.440,0,0.0001154937490872,2.194559761355542e-23,1.0,
2021-03-17 20:01:54.450,0,0.0046548132339844,0.0,1.0,
2021-03-17 20:01:54.460,0,0.0024602193681277,0.0,1.0,
2021-03-17 20:01:54.470,0,0.0025759804439769,0.0,1.0,
2021-03-17 20:01:54.480,0,0.0022519470146357,0.0,1.0,
2021-03-17 20:01:54.490,0,0.0012543887260629,0.0,1.0,
2021-03-17 20:01:54.500,0,0.0025364742793067,0.0,1.0,
2021-03-17 20:01:54.510,0,0.0022195517606454,0.0,1.0,
2021-03-17 20:01:54.520,0,0.0007088708894688,0.0,1.0,
2021-03-17 20:01:54.530,0,-0.0002580535336332,0.0,1.0,
2021-03-17 20:01:54.540,0,-0.0016067056122162,0.0,1.0,
2021-03-17 20:01:54.550,0,-0.0004807835450379,0.0,1.0,
2021-03-17 20:01:54.560,0,0.0048253518088786,0.0,1.0,
2021-03-17 20:01:54.570,0,0.0017697609446142,0.0,1.0,
2021-03-17 20:01:54.580,0,-0.0011903364887334,0.0,1.0,
2021-03-17 20:01:54.590,0,-0.0078430776856527,0.0,1.0,
2021-03-17 20:01:54.600,0,-0.0037876187465181,0.0,1.0,
2021-03-17 20:01:54.610,0,0.0017737204721337,0.0,1.0,
2021-03-17 20:01:54.620,0,-0.0065705965838357,0.0,1.0,
2021-03-17 20:01:54.630,0,-0.0003938854660681,0.0,1.0,
2021-03-17 20:01:54.640,0,0.0027504532330602,0.0,1.0,
2021-03-17 20:01:54.650,0,0.0075772983836406,0.0,1.0,
2021-03-17 20:01:54.660,0,-0.0003790178382776,0.0,1.0,
2021-03-17 20:01:54.670,0,0.0002461463142132,0.0,1.0,
2021-03-17 20:01:54.680,0,-0.0070514200649584,0.0,1.0,
2021-03-17 20:01:54.690,0,-0.0049823259941171,0.0,1.0,
2021-03-17 20:01:54.700,0,-0.0017305475881270007,0.0,1.0,
2021-03-17 20:01:54.710,0,0.0006438095984272,0.0,1.0,
2021-03-17 20:01:54.720,0,-0.0026109088388805,0.0,1.0,
2021-03-17 20:01:54.730,0,-0.0002344645798542,0.0,1.0,
2021-03-17 20:01:54.740,0,0.0076569502685605,0.0,1.0,
2021-03-17 20:01:54.750,0,-0.0017653824246356,0.0,1.0,
2021-03-17 20:01:54.760,0,0.0049494144939464,0.0,1.0,
2021-03-17 20:01:54.770,0,0.0023554161376138,0.0,1.0,
2021-03-17 20:01:54.780,0,-0.0034551839174091,0.0,1.0,
2021-03-17 20:01:54.790,0,-0.0041928236922973,0.0,1.0,
2021-03-17 20:01:54.800,0,0.0011690028289609998,0.0,1.0,
2021-03-17 20:01:54.810,0,-0.0026349712012339,0.0,1.0,
2021-03-17 20:01:54.820,0,-0.0006242532398535,0.0,1.0,
2021-03-17 20:01:54.830,0,0.0016854009387051,0.0,1.0,
2021-03-17 20:01:54.840,0,-0.0001221052012158,0.0,1.0,
2021-03-17 20:01:54.850,0,-0.0035025937652567,0.0,1.0,
2021-03-17 20:01:54.860,0,0.0042785819162094,0.0,1.0,
2021-03-17 20:01:54.870,0,-0.0012938319865314,0.0,1.0,
2021-03-17 20:01:54.880,0,-0.0010637516084568,0.0,1.0,
2021-03-17 20:01:54.890,0,-0.0004797466011182,0.0,1.0,
2021-03-17 20:01:54.900,0,-0.0015905105419909,0.0,1.0,
2021-03-17 20:01:54.910,0,-0.0021046802811688,0.0,1.0,
2021-03-17 20:01:54.920,0,0.0006528609845627,0.0,1.0,
2021-03-17 20:01:54.930,0,-0.0003270335909682,0.0,1.0,
2021-03-17 20:01:54.940,0,-0.0005433628702028,2.431257754092673e-22,1.0,
2021-03-17 20:01:54.950,0,0.0047927735438306,6.668741974125123e-22,1.0,
2021-03-17 20:01:54.960,0,0.0043018340145568,1.0214523498171793e-21,1.0,
2021-03-17 20:01:54.970,0,-0.0016422226666896,1.3129653229452352e-21,1.0,
2021-03-17 20:01:54.980,0,-0.0016012330782129993,1.5552163187447448e-21,1.0,
2021-03-17 20:01:54.990,0,-0.0010689420339598,1.7323903033120164e-21,1.0,
2021-03-17 20:01:55.000,0,-0.0044416305468882,1.8834531875605973e-21,1.0,
2021-03-17 20:01:55.010,0,0.0003719010122706,1.986201645971724e-21,1.0,
2021-03-17 20:01:55.020,0,0.0012851464683371,2.039558583976653e-21,1.0,
2021-03-17 20:01:55.030,0,0.0014410684437295,2.1065661796857918e-21,1.0,
2021-03-17 20:01:55.040,0,-0.003561303584782,2.107421534556613e-21,1.0,
2021-03-17 20:01:55.050,0,-0.0010455445999621,2.1119618530652272e-21,1.0,
2021-03-17 20:01:55.060,0,-0.0018148140830609,2.079643716519421e-21,1.0,
2021-03-17 20:01:55.070,0,-6.662017865075266e-05,2.0290248235316344e-21,1.0,
2021-03-17 20:01:55.080,0,-0.0004876452610438,1.972617527941776e-21,1.0,
2021-03-17 20:01:55.090,0,-0.0002614517455602,1.909509876182007e-21,1.0,
2021-03-17 20:01:55.100,0,-0.0020716999248634,1.8457946729440678e-21,1.0,
2021-03-17 20:01:55.110,0,0.0028304032665527,1.7559163263813496e-21,1.0,
2021-03-17 20:01:55.120,0,0.0033895382235598,1.6733001178157683e-21,1.0,
2021-03-17 20:01:55.130,0,-0.0024987588590973,1.596347415663254e-21,1.0,
2021-03-17 20:01:55.140,0,0.002456390385794,1.4871598743876459e-21,1.0,
2021-03-17 20:01:55.150,0,-0.005489416329515,1.4032736730179592e-21,1.0,
2021-03-17 20:01:55.160,0,0.0015574753304967,1.302784889134465e-21,1.0,
2021-03-17 20:01:55.170,0,-0.0018842117687913,1.2148774620119627e-21,1.0,
2021-03-17 20:01:55.180,0,-0.0015922123893557,1.1274018776562785e-21,1.0,
2021-03-17 20:01:55.190,0,-0.0011802130585505,1.0394098792255987e-21,1.0,
2021-03-17 20:01:55.200,0,-0.0030060047517826,9.448332037323171e-22,1.0,
2021-03-17 20:01:55.210,0,-0.0016435097233393,8.701699021477428e-22,1.0,
2021-03-17 20:01:55.220,0,-0.0013297550181803,7.941958548875604e-22,1.0,
2021-03-17 20:01:55.230,0,-0.0028780577443454,7.204984703768051e-22,1.0,
2021-03-17 20:01:55.240,0,0.0034878515075343,6.5503067776759605e-22,1.0,
2021-03-17 20:01:55.250,0,-0.0042394169999681,5.906106917325845e-22,1.0,
2021-03-17 20:01:55.260,0,-0.0026636028513363,5.235261723933587e-22,1.0,
2021-03-17 20:01:55.270,0,0.0009581398149948,4.66171894597413e-22,1.0,
2021-03-17 20:01:55.280,0,-0.0061638312026093,4.1583778756254317e-22,1.0,
2021-03-17 20:01:55.290,0,0.002969440402238,3.6372914508237164e-22,1.0,
2021-03-17 20:01:55.300,0,-0.0062459065304772,3.182167437241389e-22,1.0,
2021-03-17 20:01:55.310,0,-0.0001340779110727,2.786621820973313e-22,1.0,
2021-03-17 20:01:55.320,0,-0.0013033022373619,2.3768034937203567e-22,1.0,
2021-03-17 20:01:55.330,0,0.0019244863638768,2.0233340427034248e-22,1.0,
2021-03-17 20:01:55.340,0,-0.0057883077666646,1.7029800539888949e-22,1.0,
2021-03-17 20:01:55.350,0,0.0039706172227485,1.430941706548952e-22,1.0,
2021-03-17 20:01:55.360,0,0.0005614123715756,1.1696762205369528e-22,1.0,
2021-03-17 20:01:55.370,0,-0.0003639655450185,9.198683449675449e-23,1.0,
2021-03-17 20:01:55.380,0,-0.0004096733817234,7.139571964764069e-23,1.0,
2021-03-17 20:01:55.390,0,0.0014556703466534,5.339544161071282e-23,1.0,
2021-03-17 20:01:55.400,0,0.0017769266398219,3.756432210468771e-23,1.0,
2021-03-17 20:01:55.410,0,-0.0022352202974456,2.328355949596017e-23,1.0,
2021-03-17 20:01:55.420,0,0.0059350832244224,1.0661756894769293e-23,1.0,
2021-03-17 20:01:55.430,0,-0.0016429526214251,0.0,1.0,
2021-03-17 20:01:55.440,0,-0.0026919213667319,0.0,1.0,
2021-03-17 20:01:55.450,0,0.0017609771736394,0.0,1.0,
2021-03-17 20:01:55.460,0,0.0023235157304365,0.0,1.0,
2021-03-17 20:01:55.470,0,0.0005398022791113,0.0,1.0,
2021-03-17 20:01:55.480,0,0.0004910312902396,0.0,1.0,
2021-03-17 20:01:55.490,0,-0.0057838266600706,0.0,1.0,
2021-03-17 20:01:55.500,0,-0.0033021425574305,0.0,1.0,
2021-03-17 20:01:55.510,0,-0.0025517557348287,0.0,1.0,
2021-03-17 20:01:55.520,0,0.0050501648777892,0.0,1.0,
2021-03-17 20:01:55.530,0,-0.0014125329648135,0.0,1.0,
2021-03-17 20:01:55.540,0,-0.0085934519741266,0.0,1.0,
2021-03-17 20:01:55.550,0,-0.0015650405237979995,0.0,1.0,
2021-03-17 20:01:55.560,0,-0.0022084538741292,0.0,1.0,
2021-03-17 20:01:55.570,0,-0.0001113782850715,0.0,1.0,
2021-03-17 20:01:55.580,0,0.004233967037844,0.0,1.0,
2021-03-17 20:01:55.590,0,-0.0019642350110966,0.0,1.0,
2021-03-17 20:01:55.600,0,0.002066022612334,0.0,1.0,
2021-03-17 20:01:55.610,0,-0.0030609084460149,0.0,1.0,
2021-03-17 20:01:55.620,0,-0.0041476775814218,0.0,1.0,
2021-03-17 20:01:55.630,0,0.0023836720643488,0.0,1.0,
2021-03-17 20:01:55.640,0,-0.0049420408510292,0.0,1.0,
2021-03-17 20:01:55.650,0,0.0017132942839751,0.0,1.0,
2021-03-17 20:01:55.660,0,-0.0065542783991325,0.0,1.0,
2021-03-17 20:01:55.670,0,-0.0009712955990315,0.0,1.0,
2021-03-17 20:01:55.680,0,-0.0029295169598675,0.0,1.0,
2021-03-17 20:01:55.690,0,-0.0005479301814681,0.0,1.0,
2021-03-17 20:01:55.700,0,0.0040959117998685,0.0,1.0,
2021-03-17 20:01:55.710,0,-0.000854245165881,0.0,1.0,
2021-03-17 20:01:55.720,0,0.0047376059808365,0.0,1.0,
2021-03-17 20:01:55.730,0,-0.0020824803832784,0.0,1.0,
2021-03-17 20:01:55.740,0,0.0038995318222998,0.0,1.0,
2021-03-17 20:01:55.750,0,-0.0017540161003628,0.0,1.0,
2021-03-17 20:01:55.760,0,0.0010329780123499,0.0,1.0,
2021-03-17 20:01:55.770,0,0.0003534687867112,0.0,1.0,
2021-03-17 20:01:55.780,0,0.0042255591518447,0.0,1.0,
2021-03-17 20:01:55.790,0,8.029328530364738e-05,0.0,1.0,
2021-03-17 20:01:55.800,0,-0.0040959014652766,0.0,1.0,
2021-03-17 20:01:55.810,0,-0.0057277345824088,0.0,1.0,
2021-03-17 20:01:55.820,0,-0.0026428882992272,0.0,1.0,
2021-03-17 20:01:55.830,0,-0.0030413719161901,0.0,1.0,
2021-03-17 20:01:55.840,0,0.0037889824568056,0.0,1.0,
2021-03-17 20:01:55.850,0,0.0077004106184799985,0.0,1.0,
2021-03-17 20:01:55.860,0,0.0007404612812142,0.0,1.0,
2021-03-17 20:01:55.870,0,-0.0004300684364936,0.0,1.0,
2021-03-17 20:01:55.880,0,-0.005939231928167,0.0,1.0,
2021-03-17 20:01:55.890,0,0.0007119860280649,0.0,1.0,
2021-03-17 20:01:55.900,0,-0.0029070579247774,0.0,1.0,
2021-03-17 20:01:55.910,0,-0.0003359463560078,0.0,1.0,
2021-03-17 20:01:55.920,0,0.0065757082929516,0.0,1.0,
2021-03-17 20:01:55.930,0,0.0010622014800460002,9.276196064673066e-26,1.0,
2021-03-17 20:01:55.940,0,0.0039605630869892,2.6037478797784523e-25,1.0,
2021-03-17 20:01:55.950,0,-0.002581950036699,3.964119551659801e-25,1.0,
2021-03-17 20:01:55.960,0,9.613377172677967e-05,5.059406803154084e-25,1.0,
2021-03-17 20:01:55.970,0,-0.0014277995221933,6.056468856504193e-25,1.0,
2021-03-17 20:01:55.980,0,-0.002570199504822,6.664967730593875e-25,1.0,
2021-03-17 20:01:55.990,0,-0.0016183258537667,7.271761120806667e-25,1.0,
2021-03-17 20:01:56.000,0,-2.225192186770164e-05,7.698303235682596e-25,1.0,
2021-03-17 20:01:56.010,0,0.0014382532955291,7.954144297040123e-25,1.0,
2021-03-17 20:01:56.020,0,-0.0032155978123312,8.140875247914093e-25,1.0,
2021-03-17 20:01:56.030,0,-0.0053183432982937,8.19276869210875e-25,1.0,
2021-03-17 20:01:56.040,0,0.0025443075449627,8.097622728368745e-25,1.0,
2021-03-17 20:01:56.050,0,-0.003055800238118,8.029681908056997e-25,1.0,
2021-03-17 20:01:56.060,0,0.0006504477718896,7.931686209594166e-25,1.0,
2021-03-17 20:01:56.070,0,0.0074575780191967,7.700426451006743e-25,1.0,
2021-03-17 20:01:56.080,0,-0.0011326845917239,7.383078259646437e-25,1.0,
2021-03-17 20:01:56.090,0,-0.0018867781032538,7.160282903531077e-25,1.0,
2021-03-17 20:01:56.100,0,-0.0034225823068037,6.7937488653195485e-25,1.0,
2021-03-17 20:01:56.110,0,-0.006544832590343,6.500664282157777e-25,1.0,
2021-03-17 20:01:56.120,0,0.0042999451389952,6.174349691308878e-25,1.0,
2021-03-17 20:01:56.130,0,0.0037365565318921,5.788626826092627e-25,1.0,
2021-03-17 20:01:56.140,0,-0.0047303217374363,5.468841368104503e-25,1.0,
2021-03-17 20:01:56.150,0,-0.0023621083824855,5.077873083303543e-25,1.0,
2021-03-17 20:01:56.160,0,0.0017365518954519,4.731140911629268e-25,1.0,
2021-03-17 20:01:56.170,0,0.0046030857533773,4.4089369418495615e-25,1.0,
2021-03-17 20:01:56.180,0,-0.0021967553833598,4.065044681084779e-25,1.0,
2021-03-17 20:01:56.190,0,-0.0042394356996755,3.751405545269309e-25,1.0,
2021-03-17 20:01:56.200,0,0.0013765389826773,3.4344119441287864e-25,1.0,
2021-03-17 20:01:56.210,0,0.0013710371736519,3.1099404059635405e-25,1.0,
2021-03-17 20:01:56.220,0,-0.0002216333748926,2.817485837817201e-25,1.0,
2021-03-17 20:01:56.230,0,0.0043477201900916,2.5573884792696387e-25,1.0,
2021-03-17 20:01:56.240,0,-0.0027079003904328,2.317875615625991e-25,1.0,
2021-03-17 20:01:56.250,0,-0.0035655309469267,2.0839436370081235e-25,1.0,
2021-03-17 20:01:56.260,0,0.0023754867419418,1.8443742959394626e-25,1.0,
2021-03-17 20:01:56.270,0,-0.0008803405703976,1.6163407588243807e-25,1.0,
2021-03-17 20:01:56.280,0,-0.0042542101324973,1.4368143586356776e-25,1.0,
2021-03-17 20:01:56.290,0,0.0029127904890845,1.2510563850567276e-25,1.0,
2021-03-17 20:01:56.300,0,-0.0030559214940151,1.084362809531452e-25,1.0,
2021-03-17 20:01:56.310,0,-0.0004218414964818,9.365086710671706e-26,1.0,
2021-03-17 20:01:56.320,0,-0.0014041564934199,8.051906676638949e-26,1.0,
2021-03-17 20:01:56.330,0,-0.0005527138806726,6.752963893640362e-26,1.0,
2021-03-17 20:01:56.340,0,0.006326907490731001,5.671649665088928e-26,1.0,
2021-03-17 20:01:56.350,0,0.003197825815423,4.622187264309931e-26,1.0,
2021-03-17 20:01:56.360,0,0.0075960265600016,3.707493999221197e-26,1.0,
2021-03-17 20:01:56.370,0,-0.000534868122964,2.862193099723625e-26,1.0,
2021-03-17 20:01:56.380,0,0.006709715369487,2.142774187123631e-26,1.0,
2021-03-17 20:01:56.390,0,-0.0016393671095824,1.481498275422655e-26,1.0,
2021-03-17 20:01:56.400,0,0.0055807366348312,9.18888743143536e-27,1.0,
2021-03-17 20:01:56.410,0,-0.0002543513499229,4.249206782524749e-27,1.0,
2021-03-17 20:01:56.420,0,-0.0012973092146865,0.0,1.0,
2021-03-17 20:01:56.430,0,0.0032105830567722,0.0,1.0,
2021-03-17 20:01:56.440,0,-0.0012571991536386,0.0,1.0,
2021-03-17 20:01:56.450,0,-0.0005711192337947,0.0,1.0,
2021-03-17 20:01:56.460,0,-0.0038000965636821,0.0,1.0,
2021-03-17 20:01:56.470,0,0.0025053550090383,0.0,1.0,
2021-03-17 20:01:56.480,0,-0.0064899570540325,0.0,1.0,
2021-03-17 20:01:56.490,0,-0.0044387625668325,0.0,1.0,
2021-03-17 20:01:56.500,0,-0.0017244825332411,0.0,1.0,
2021-03-17 20:01:56.510,0,0.0014766190723521,0.0,1.0,
2021-03-17 20:01:56.520,0,0.0021746737597926,0.0,1.0,
2021-03-17 20:01:56.530,0,0.0014905202431872,0.0,1.0,
2021-03-17 20:01:56.540,0,-0.0003205369549878,0.0,1.0,
2021-03-17 20:01:56.550,0,0.0026522923897418,0.0,1.0,
2021-03-17 20:01:56.560,0,-0.0047043571431694,0.0,1.0,
2021-03-17 20:01:56.570,0,-0.0006340358766244,0.0,1.0,
2021-03-17 20:01:56.580,0,-0.001552337633472,0.0,1.0,
2021-03-17 20:01:56.590,0,-0.0004779091622102,0.0,1.0,
2021-03-17 20:01:56.600,0,0.0021139590946344,0.0,1.0,
2021-03-17 20:01:56.610,0,-0.0030249628944272,0.0,1.0,
2021-03-17 20:01:56.620,0,0.0005735864195197,0.0,1.0,
2021-03-17 20:01:56.630,0,-0.0011223189782186,0.0,1.0,
2021-03-17 20:01:56.640,0,-0.0031869268924327,0.0,1.0,
2021-03-17 20:01:56.650,0,0.0030483029687056,0.0,1.0,
2021-03-17 20:01:56.660,0,0.0009533048508812,0.0,1.0,
2021-03-17 20:01:56.670,0,0.0062065492517894,0.0,1.0,
2021-03-17 20:01:56.680,0,0.003237530230662,0.0,1.0,
2021-03-17 20:01:56.690,0,0.0018516363321192,0.0,1.0,
2021-03-17 20:01:56.700,0,-0.0015757836122187,0.0,1.0,
2021-03-17 20:01:56.710,0,-0.0010493482749937,0.0,1.0,
2021-03-17 20:01:56.720,0,-0.0029546512376072,0.0,1.0,
2021-03-17 20:01:56.730,0,0.00295521582628,0.0,1.0,
2021-03-17 20:01:56.740,0,-0.0060212562692299,0.0,1.0,
2021-03-17 20:01:56.750,0,-0.0018622401516643,0.0,1.0,
2021-03-17 20:01:56.760,0,-0.0009641664563856,0.0,1.0,
2021-03-17 20:01:56.770,0,-0.0008818556344222,0.0,1.0,
2021-03-17 20:01:56.780,0,0.0004143975816157,0.0,1.0,
2021-03-17 20:01:56.790,0,-0.0005941644448316,0.0,1.0,
2021-03-17 20:01:56.800,0,0.0054922979242713,0.0,1.0,
2021-03-17 20:01:56.810,0,7.810541093068882e-05,0.0,1.0,
2021-03-17 20:01:56.820,0,-0.0027958254787461,0.0,1.0,
2021-03-17 20:01:56.830,0,-7.987222119455341e-06,0.0,1.0,
2021-03-17 20:01:56.840,0,-0.0008519267181289,0.0,1.0,
2021-03-17 20:01:56.850,0,-0.0022137767767499,0.0,1.0,
2021-03-17 20:01:56.860,0,-0.0034805161006119,0.0,1.0,
2021-03-17 20:01:56.870,0,-0.0044292398989927,0.0,1.0,
2021-03-17 20:01:56.880,0,0.0035300489084696,0.0,1.0,
2021-03-17 20:01:56.890,0,-0.0022720398519967,0.0,1.0,
2021-03-17 20:01:56.900,0,0.0022425711155758,0.0,1.0,
2021-03-17 20:01:56.910,0,0.0008253893770889,0.0,1.0,
2021-03-17 20:01:56.920,0,0.0071988335715617,3.7515114389682507e-29,1.0,
2021-03-17 20:01:56.930,0,-0.0003220572083448,1.0259118150149012e-28,1.0,
2021-03-17 20:01:56.940,0,0.0042793502717889,1.5866338181890726e-28,1.0,
2021-03-17 20:01:56.950,0,0.0021549803554720003,2.040236947374839e-28,1.0,
2021-03-17 20:01:56.960,0,0.0039926768813736,2.4245897556942006e-28,1.0,
2021-03-17 20:01:56.970,0,-0.0009830761188265,2.6859385082084668e-28,1.0,
2021-03-17 20:01:56.980,0,-0.0001656434723675,2.9031107659759963e-28,1.0,
2021-03-17 20:01:56.990,0,-0.0006607178397436,3.079462450353925e-28,1.0,
2021-03-17 20:01:57.000,1,-0.0027346079073404,3.1709378844241265e-28,1.0,
2021-03-17 20:01:57.010,1,-0.0024288145418442,3.255998990770363e-28,1.0,
2021-03-17 20:01:57.020,1,-0.0079662682502658,3.242391776052513e-28,1.0,
2021-03-17 20:01:57.030,1,-0.0027694736745911,3.268445683241809e-28,1.0,
2021-03-17 20:01:57.040,1,-0.0022433182743101,3.2453171474208106e-28,1.0,
2021-03-17 20:01:57.050,1,-0.0004104578201993,3.1705981426190047e-28,1.0,
2021-03-17 20:01:57.060,1,-0.0045004463132523,3.022745622278708e-28,1.0,
2021-03-17 20:01:57.070,1,0.0018496895584077,2.972270665420028e-28,1.0,
2021-03-17 20:01:57.080,1,0.0023273869779621,2.8792783881729497e-28,1.0,
2021-03-17 20:01:57.090,1,0.0017168110813251,2.733383263125053e-28,1.0,
2021-03-17 20:01:57.100,1,0.0006712560817835,2.5959105449120876e-28,1.0,
2021-03-17 20:01:57.110,1,-0.0008440207193085,2.4721357863931735e-28,1.0,
2021-03-17 20:01:57.120,1,0.0039518031698856,5.284891129223702,1.0,
2021-03-17 20:01:57.130,1,0.0193487133722921,19.97612424546513,1.0,
2021-03-17 20:01:57.140,1,0.0378518342932461,42.406846449402586,1.0,
2021-03-17 20:01:57.150,1,0.0662519589189816,72.4227729531941,0.0,
2021-03-17 20:01:57.160,1,0.1104458781676978,109.03265971459513,0.0,
2021-03-17 20:01:57.170,1,0.1612374307745039,153.74288479465426,0.0,
2021-03-17 20:01:57.180,1,0.142316439645108,202.02191524506983,0.0,
2021-03-17 20:01:57.190,1,0.2586130258675967,255.0377135882007,0.0,
2021-03-17 20:01:57.200,1,0.2554984418973273,306.9116482366236,0.0,
2021-03-17 20:01:57.210,1,0.3399855004837426,364.4413649083255,0.0,
2021-03-17 20:01:57.220,1,0.3196153673840117,426.6146515409969,0.0,
2021-03-17 20:01:57.230,1,0.3582917168821601,478.54497331877366,0.0,
2021-03-17 20:01:57.240,1,0.3739798197617429,540.104812759246,0.0,
2021-03-17 20:01:57.250,1,0.4839218300767893,599.9165509421925,0.0,
2021-03-17 20:01:57.260,1,0.6201702479554378,652.5304172274182,0.0,
2021-03-17 20:01:57.270,1,0.6173865193784189,705.3511211194729,0.0,
2021-03-17 20:01:57.280,1,0.7327180916232212,768.5263602245253,0.0,
2021-03-17 20:01:57.290,1,0.6046044577125038,808.5912006473869,0.0,
2021-03-17 20:01:57.300,1,0.8519650528849388,867.8993477729898,0.0,
2021-03-17 20:01:57.310,1,0.8575091967654629,903.3705653916487,0.0,
2021-03-17 20:01:57.320,1,0.8213813550427351,948.6022351768933,0.0,
2021-03-17 20:01:57.330,1,0.7582168151719729,992.885586910657,0.0,
2021-03-17 20:01:57.340,1,1.0109857941638238,1029.6883349888194,0.0,
2021-03-17 20:01:57.350,1,0.9920814242797726,1071.1141183788368,0.0,
2021-03-17 20:01:57.360,1,0.8724781411917506,1097.5758535782516,0.0,
2021-03-17 20:01:57.370,1,0.7939162693973966,1128.7911816297349,0.0,
2021-03-17 20:01:57.380,1,0.9999215313882276,1163.4405106101406,0.0,
2021-03-17 20:01:57.390,1,0.955135898369414,1182.407506734876,0.0,
2021-03-17 20:01:57.400,1,1.0607526482276206,1214.724456741593,0.0,
2021-03-17 20:01:57.410,1,1.1873938988146755,1229.2682083860159,0.0,
2021-03-17 20:01:57.420,1,1.065257754852428,1251.7168589690302,0.0,
2021-03-17 20:01:57.430,1,0.9353320926017428,1284.3910401359676,0.0,
2021-03-17 20:01:57.440,1,0.9808041019206668,1284.1983605665425,0.0,
2021-03-17 20:01:57.450,1,0.959243932368453,1297.288978420873,0.0,
2021-03-17 20:01:57.460,1,0.9531828237871212,1317.8515970340568,0.0,
2021-03-17 20:01:57.470,1,1.3205218879711518,1336.8224210477815,0.0,
2021-03-17 20:01:57.480,1,1.2316157111510573,1346.8331619590906,0.0,
2021-03-17 20:01:57.490,1,1.2213592090391507,1342.2686710291466,0.0,
2021-03-17 20:01:57.500,1,0.9934695026618992,1354.248156872272,0.0,
2021-03-17 20:01:57.510,1,1.3967433199734758,1355.5735537749795,0.0,
2021-03-17 20:01:57.520,1,0.9875623776770972,1359.519007533234,0.0,
2021-03-17 20:01:57.530,1,0.9419930426434476,1362.9284102567551,0.0,
2021-03-17 20:01:57.540,1,1.3888128706336498,1378.0978532120832,0.0,
2021-03-17 20:01:57.550,1,0.999874433693122,1379.0179373161056,0.0,
2021-03-17 20:01:57.560,1,1.2937297582289584,1370.7649287324264,0.0,
2021-03-17 20:01:57.570,1,0.957284885082314,1392.4507933694524,0.0,
2021-03-17 20:01:57.580,1,1.4511252287549086,1379.1210174950345,0.0,
2021-03-17 20:01:57.590,1,1.15501576540274,1370.0266366312544,0.0,
2021-03-17 20:01:57.600,1,1.2193044533731658,1372.7071379095235,0.0,
2021-03-17 20:01:57.610,1,1.0453780714519725,1364.1513158239147,0.0,
2021-03-17 20:01:57.620,1,1.3026285560879742,1369.6951923513254,0.0,
2021-03-17 20:01:57.630,1,1.1379906076272173,1387.5879611316245,0.0,
2021-03-17 20:01:57.640,1,1.458695846181219,1378.2789831966236,0.0,
2021-03-17 20:01:57.650,1,1.3324660262418204,1382.4062106098788,0.0,
2021-03-17 20:01:57.660,1,1.0504511279671884,1376.0364270915054,0.0,
2021-03-17 20:01:57.670,1,1.4843620536499844,1373.019239980569,0.0,
2021-03-17 20:01:57.680,1,1.1275820718990894,1366.2083479627804,0.0,
2021-03-17 20:01:57.690,1,1.4148967102213907,1362.199355812115,0.0,
2021-03-17 20:01:57.700,1,1.110131882156116,1368.431003369188,0.0,
2021-03-17 20:01:57.710,1,1.147442832956888,1353.1422969139155,0.0,
2021-03-17 20:01:57.720,1,1.4906752263898515,1366.8355063208064,0.0,
2021-03-17 20:01:57.730,1,1.1793623845118832,1361.7522194387814,0.0,
2021-03-17 20:01:57.740,1,1.4648265846868067,1367.3977771158154,0.0,
2021-03-17 20:01:57.750,1,1.360259227583,1358.001388894879,0.0,
2021-03-17 20:01:57.760,1,1.1102045094629018,1360.904167139362,0.0,
2021-03-17 20:01:57.770,1,1.453133058702806,1367.0648165122027,0.0,
2021-03-17 20:01:57.780,1,1.1501761088466864,1357.9155774155238,0.0,
2021-03-17 20:01:57.790,1,1.5313935206725686,1343.3191575268245,0.0,
2021-03-17 20:01:57.800,1,1.4142704189351911,1345.0023183472729,0.0,
2021-03-17 20:01:57.810,1,1.1216582282011396,1336.2346349225281,0.0,
2021-03-17 20:01:57.820,1,1.1648235462991576,1353.789851954936,0.0,
2021-03-17 20:01:57.830,1,1.2755368661804076,1344.3200035617908,0.0,
2021-03-17 20:01:57.840,1,1.5248783677769482,1340.7004831110407,0.0,
2021-03-17 20:01:57.850,1,1.3668330941920148,1351.038982548056,0.0,
2021-03-17 20:01:57.860,1,1.0384621121744522,1339.7809710252554,0.0,
2021-03-17 20:01:57.870,1,1.4415386272543262,1338.0244658333145,0.0,
2021-03-17 20:01:57.880,1,1.0008019589691508,1344.9594007112732,0.0,
2021-03-17 20:01:57.890,1,1.082696870236552,1335.2143632199875,0.0,
2021-03-17 20:01:57.900,1,1.4480101623751631,1341.5436862658858,0.0,
2021-03-17 20:01:57.910,1,1.3646456093873447,1343.595518798028,0.0,
2021-03-17 20:01:57.920,1,1.1905439069322998,1333.5793481747808,0.0,
2021-03-17 20:01:57.930,1,1.0143349674240152,1328.4956891993475,0.0,
2021-03-17 20:01:57.940,1,1.0621437812447794,1337.3824716668905,0.0,
2021-03-17 20:01:57.950,1,1.2613323386199975,1330.343139903157,0.0,
2021-03-17 20:01:57.960,1,0.995167957898752,1331.4897103221786,0.0,
2021-03-17 20:01:57.970,1,1.0015251777938834,1337.9536027163194,0.0,
2021-03-17 20:01:57.980,1,1.2909782113042203,1342.348248820777,0.0,
2021-03-17 20:01:57.990,1,1.4153725461791982,1327.708051914191,0.0,
2021-03-17 20:01:58.000,1,1.0671175491169609,1330.275313041598,0.0,
2021-03-17 20:01:58.010,1,1.140904562173445,1333.341246921639,0.0,
2021-03-17 20:01:58.020,1,1.37058400246073,1332.9033592932035,0.0,
2021-03-17 20:01:58.030,1,1.0196829449826903,1334.623800752547,0.0,
2021-03-17 20:01:58.040,1,1.0874729473240703,1332.228315091408,0.0,
2021-03-17 20:01:58.050,1,1.086702731398617,1340.8945042005444,0.0,
2021-03-17 20:01:58.060,1,1.0276164973491697,1322.9685065453473,0.0,
2021-03-17 20:01:58.070,1,0.9933082417187876,1333.3119064893915,0.0,
2021-03-17 20:01:58.080,1,1.196943501940695,1336.7402681266249,0.0,
2021-03-17 20:01:58.090,1,1.0459586518976705,1325.232771658318,0.0,
2021-03-17 20:01:58.100,1,0.9683436611624828,1339.6200652219186,0.0,
2021-03-17 20:01:58.110,1,1.1388950842498922,1339.6948010406948,0.0,
2021-03-17 20:01:58.120,1,0.942604091147272,1348.1018655463056,0.0,
2021-03-17 20:01:58.130,1,0.8645170268909569,1344.1774069731414,0.0,
2021-03-17 20:01:58.140,1,0.992992416514594,1337.0128626356884,0.0,
2021-03-17 20:01:58.150,1,1.2300350412496404,1351.1959329429012,0.0,
2021-03-17 20:01:58.160,1,0.9624423110662654,1344.613409228353,0.0,
2021-03-17 20:01:58.170,1,0.9606595676714872,1349.2909229335758,0.0,
2021-03-17 20:01:58.180,1,1.2175919560494404,1348.801154359435,0.0,
2021-03-17 20:01:58.190,1,1.229110454906638,1345.5645027251087,0.0,
2021-03-17 20:01:58.200,1,1.1847346503537088,1346.5332268413886,0.0,
2021-03-17 20:01:58.210,1,0.8197647721891761,1353.589310080647,0.0,
2021-03-17 20:01:58.220,1,1.1681565799890772,1359.6376080905638,0.0,
2021-03-17 20:01:58.230,1,1.1468146901662684,1357.066624295541,0.0,
2021-03-17 20:01:58.240,1,0.8336505764029687,1355.2767147055765,0.0,
2021-03-17 20:01:58.250,1,0.8459383647186539,1364.803233661105,0.0,
2021-03-17 20:01:58.260,1,1.1323749549572764,1360.770882021715,0.0,
2021-03-17 20:01:58.270,1,0.9793470366398804,1364.8235569199146,0.0,
2021-03-17 20:01:58.280,1,1.1188333305152134,1374.6875352941665,0.0,
2021-03-17 20:01:58.290,1,0.9799532456220008,1361.7294735304808,0.0,
2021-03-17 20:01:58.300,1,1.0101913847663615,1366.753896891967,0.0,
2021-03-17 20:01:58.310,1,0.8866223276986218,1364.9545784748154,0.0,
2021-03-17 20:01:58.320,1,1.0000327733909389,1375.9157663420822,0.0,
2021-03-17 20:01:58.330,1,0.9903434090855784,1382.1974334764152,0.0,
2021-03-17 20:01:58.340,1,0.8526913453164016,1368.9060278639788,0.0,
2021-03-17 20:01:58.350,1,0.9683036519183204,1368.215421330359,0.0,
2021-03-17 20:01:58.360,1,1.0840379245105822,1377.0502371408593,0.0,
2021-03-17 20:01:58.370,1,0.8957381812181614,1377.2721280552662,0.0,
2021-03-17 20:01:58.380,1,0.7737957704661809,1372.1354824854989,0.0,
2021-03-17 20:01:58.390,1,0.7933005590861131,1381.4397095205036,0.0,
2021-03-17 20:01:58.400,1,0.9035235471448828,1371.2553351835804,0.0,
2021-03-17 20:01:58.410,1,0.7749249403124888,1387.4879183370554,0.0,
2021-03-17 20:01:58.420,1,1.0300107446416398,1385.4214955789048,0.0,
2021-03-17 20:01:58.430,1,0.9886683039614644,1390.2260382205186,0.0,
2021-03-17 20:01:58.440,1,0.8763683515323792,1387.421832720848,0.0,
2021-03-17 20:01:58.450,1,1.060350180227354,1381.2070864051416,0.0,
2021-03-17 20:01:58.460,1,1.100738229608338,1387.6240062807046,0.0,
2021-03-17 20:01:58.470,1,1.004779716179722,1372.6143954263714,0.0,
2021-03-17 20:01:58.480,1,0.9715331793034924,1385.4899384975524,0.0,
2021-03-17 20:01:58.490,1,0.7750722582770634,1387.5784219320515,0.0,
2021-03-17 20:01:58.500,1,1.1109979863596666,1382.484176479718,0.0,
2021-03-17 20:01:58.510,1,1.0329129333020377,1384.207916891404,0.0,
2021-03-17 20:01:58.520,1,1.0744979910226362,1390.955301062572,0.0,
2021-03-17 20:01:58.530,1,0.8234169801638621,1385.388723021841,0.0,
2021-03-17 20:01:58.540,1,1.014761116904809,1381.6620816602285,0.0,
2021-03-17 20:01:58.550,1,0.973326104655221,1382.7679179704587,0.0,
2021-03-17 20:01:58.560,1,0.8471722554469089,1399.7433429840844,0.0,
2021-03-17 20:01:58.570,1,1.0540505080146054,1375.9509645046674,0.0,
2021-03-17 20:01:58.580,1,0.8771356882160624,1403.531095662981,0.0,
2021-03-17 20:01:58.590,1,0.8521224936059776,1389.7356627020386,0.0,
2021-03-17 20:01:58.600,1,1.0064338160190105,1384.4010215164474,0.0,
2021-03-17 20:01:58.610,1,1.0987410236504531,1375.134993950785,0.0,
2021-03-17 20:01:58.620,1,1.0041890479555338,1392.9279305495277,0.0,
2021-03-17 20:01:58.630,1,1.0880543733382129,1374.210382791622,0.0,
2021-03-17 20:01:58.640,1,0.8214008239144316,1386.4672425301792,0.0,
2021-03-17 20:01:58.650,1,1.0584956268490937,1382.85483702211,0.0,
2021-03-17 20:01:58.660,1,1.1548501097039028,1385.2068631028208,0.0,
2021-03-17 20:01:58.670,1,0.9575082673981572,1378.3937927229983,0.0,
2021-03-17 20:01:58.680,1,1.041028523324999,1376.9192388201031,0.0,
2021-03-17 20:01:58.690,1,1.1825555985042957,1381.7508471048825,0.0,
2021-03-17 20:01:58.700,1,1.0217273174797414,1386.1907666233906,0.0,
2021-03-17 20:01:58.710,1,1.2483251211271351,1371.5101639310292,0.0,
2021-03-17 20:01:58.720,1,0.973213964816018,1372.8402194386251,0.0,
2021-03-17 20:01:58.730,1,1.2000877186355747,1385.605142526882,0.0,
2021-03-17 20:01:58.740,1,1.0036080598590948,1372.4702496551606,0.0,
2021-03-17 20:01:58.750,1,1.2419704640065463,1382.8923957587112,0.0,
2021-03-17 20:01:58.760,1,0.8500481601257971,1365.6863171991079,0.0,
2021-03-17 20:01:58.770,1,1.1559943217717157,1378.2463944320284,0.0,
2021-03-17 20:01:58.780,1,1.140989663414889,1379.6011970824673,0.0,
2021-03-17 20:01:58.790,1,1.2277337544675733,1374.798275148609,0.0,
2021-03-17 20:01:58.800,1,1.0777081407890468,1366.1771052443366,0.0,
2021-03-17 20:01:58.810,1,0.9417745307584372,1363.0818993229304,0.0,
2021-03-17 20:01:58.820,1,1.1889223152911466,1365.0790012497732,0.0,
2021-03-17 20:01:58.830,1,0.9333524732447164,1363.3873155789258,0.0,
2021-03-17 20:01:58.840,1,0.9395365430915226,1366.488517485357,0.0,
2021-03-17 20:01:58.850,1,0.9300606852684544,1365.4864369715754,0.0,
2021-03-17 20:01:58.860,1,1.1359021704079009,1353.8720548535096,0.0,
2021-03-17 20:01:58.870,1,0.8968137028296371,1375.035553469,0.0,
2021-03-17 20:01:58.880,1,0.9566653055685436,1376.6621669965855,0.0,
2021-03-17 20:01:58.890,1,1.1272035371615992,1367.6029994728203,0.0,
2021-03-17 20:01:58.900,1,0.9991553741085328,1358.2130130736693,0.0,
2021-03-17 20:01:58.910,1,1.150964133640201,1368.47363961681,0.0,
2021-03-17 20:01:58.920,1,1.1721142317484174,1370.3488503363326,0.0,
2021-03-17 20:01:58.930,1,1.002479200220924,1365.8155709270368,0.0,
2021-03-17 20:01:58.940,1,1.2345031931148722,1364.3903145081294,0.0,
2021-03-17 20:01:58.950,1,1.2354835777848308,1363.0565698576656,0.0,
2021-03-17 20:01:58.960,1,0.8859492740728074,1370.8947514193505,0.0,
2021-03-17 20:01:58.970,1,1.0058365081926697,1367.0014423701464,0.0,
2021-03-17 20:01:58.980,1,1.1573395527394992,1359.7263247070039,0.0,
2021-03-17 20:01:58.990,1,0.9349361858100756,1369.9099621268476,0.0,
2021-03-17 20:01:59.000,0,1.157243583718882,1362.3276628115075,0.0,
2021-03-17 20:01:59.010,0,1.0934844062638176,1363.3790179388186,0.0,
2021-03-17 20:01:59.020,0,1.0747352575245606,1366.7256336206194,0.0,
2021-03-17 20:01:59.030,0,1.2122178767331124,1364.5395413229955,0.0,
2021-03-17 20:01:59.040,0,0.9757825113808124,1361.4126740972051,0.0,
2021-03-17 20:01:59.050,0,0.9782531871473392,1372.3932068057966,0.0,
2021-03-17 20:01:59.060,0,1.1792499673751178,1368.0915239520184,0.0,
2021-03-17 20:01:59.070,0,1.013709102596974,1362.884781504027,0.0,
2021-03-17 20:01:59.080,0,1.115346591275847,1371.6888952361178,0.0,
2021-03-17 20:01:59.090,0,1.1026378136525552,1370.2127269300818,0.0,
2021-03-17 20:01:59.100,0,1.066997681073224,1359.568146719376,0.0,
2021-03-17 20:01:59.110,0,0.8882956686981895,1364.4007781299902,0.0,
2021-03-17 20:01:59.120,0,0.828741899301655,1354.734359743433,0.0,
2021-03-17 20:01:59.130,0,0.993062102243464,1338.8328694702625,0.0,
2021-03-17 20:01:59.140,0,0.7489315352322008,1329.7608232171988,0.0,
2021-03-17 20:01:59.150,0,1.043393184885627,1267.1701222865674,0.0,
2021-03-17 20:01:59.160,0,0.7420887697688473,1239.4633785532833,0.0,
2021-03-17 20:01:59.170,0,0.8678546784861401,1185.7324915043125,0.0,
2021-03-17 20:01:59.180,0,0.8475686207918605,1137.891933976171,0.0,
2021-03-17 20:01:59.190,0,0.6083911643285799,1075.7653035010746,0.0,
2021-03-17 20:01:59.200,0,0.741256415297619,1013.9922079303218,0.0,
2021-03-17 20:01:59.210,0,0.5380790852952957,965.1841816132326,0.0,
2021-03-17 20:01:59.220,0,0.5352005418476138,903.2072946641182,0.0,
2021-03-17 20:01:59.230,0,0.5175378923305738,845.3310898170444,0.0,
2021-03-17 20:01:59.240,0,0.6177573355639994,784.4137482106171,0.0,
2021-03-17 20:01:59.250,0,0.5639152041395451,722.4799720493847,0.0,
2021-03-17 20:01:59.260,0,0.3777621335932182,669.4667339663765,0.0,
2021-03-17 20:01:59.270,0,0.3591602871179469,616.4800330155745,0.0,
2021-03-17 20:01:59.280,0,0.3609362995082262,562.2624080000987,0.0,
2021-03-17 20:01:59.290,0,0.2925594791058678,515.7424806704854,0.0,
2021-03-17 20:01:59.300,0,0.3263820548753255,468.1986440389738,0.0,
2021-03-17 20:01:59.310,0,0.3056290526552842,420.34131720354566,0.0,
2021-03-17 20:01:59.320,0,0.2355234783130205,378.5071719101329,0.0,
2021-03-17 20:01:59.330,0,0.2487043030915851,337.9466104752649,1.0,
2021-03-17 20:01:59.340,0,0.17852068838363602,302.044195174498,1.0,
2021-03-17 20:01:59.350,0,0.1846742917202064,264.9820076269585,1.0,
2021-03-17 20:01:59.360,0,0.16040046570549898,234.02351725790245,1.0,
2021-03-17 20:01:59.370,0,0.1448244234979627,204.75481907204292,1.0,
2021-03-17 20:01:59.380,0,0.1240547193060198,177.6540172836383,1.0,
2021-03-17 20:01:59.390,0,0.0898700565542209,153.72496168598212,1.0,
2021-03-17 20:01:59.400,0,0.0957927214002176,130.67371469203715,2.0,
2021-03-17 20:01:59.410,0,0.0781849728650539,109.81316638102041,2.0,
2021-03-17 20:01:59.420,0,0.0519983574894977,90.59045182365296,2.0,
2021-03-17 20:01:59.430,0,0.0552325755544383,73.59835131301621,2.0,
2021-03-17 20:01:59.440,0,0.0293362350240631,58.88121336971172,2.0,
2021-03-17 20:01:59.450,0,0.0281638467214326,45.395781390601165,2.0,
2021-03-17 20:01:59.460,0,0.0215720313532828,33.518693807108306,2.0,
2021-03-17 20:01:59.470,0,0.0108052711344572,22.93128593538827,2.0,
2021-03-17 20:01:59.480,0,0.0121089853300663,13.825662376275938,2.0,
2021-03-17 20:01:59.490,0,0.0034496290925769,5.889974533905102,2.0,
2021-03-17 20:01:59.500,0,3.275047639981273e-05,0.0,2.0,
2021-03-17 20:01:59.510,0,-0.0049590597350233,0.0,2.0,
2021-03-17 20:01:59.520,0,-0.0128352066620918,0.0,2.0,
2021-03-17 20:01:59.530,0,-0.0044507383937713,0.0,2.0,
2021-03-17 20:01:59.540,0,-0.0137231132426989,0.0,2.0,
2021-03-17 20:01:59.550,0,-0.0151823880254348,0.0,2.0,
2021-03-17 20:01:59.560,0,-0.0162256790092074,0.0,2.0,
2021-03-17 20:01:59.570,0,-0.0194727671614617,0.0,2.0,
2021-03-17 20:01:59.580,0,-0.0167977541913775,0.0,2.0,
2021-03-17 20:01:59.590,0,-0.0225191081833175,0.0,2.0,
2021-03-17 20:01:59.600,0,-0.0199285115463634,0.0,2.0,
2021-03-17 20:01:59.610,0,-0.0199140068748322,0.0,2.0,
2021-03-17 20:01:59.620,0,-0.0212019711415812,0.0,2.0,
2021-03-17 20:01:59.630,0,-0.0178862406527129,0.0,2.0,
2021-03-17 20:01:59.640,0,-0.0148380158741167,0.0,2.0,
2021-03-17 20:01:59.650,0,-0.0158846905180174,0.0,2.0,
2021-03-17 20:01:59.660,0,-0.0170084608988367,0.0,2.0,
2021-03-17 20:01:59.670,0,-0.0191440790835299,0.0,2.0,
2021-03-17 20:01:59.680,0,-0.0121810718600622,0.0,2.0,
2021-03-17 20:01:59.690,0,-0.0140251898552347,0.0,2.0,
2021-03-17 20:01:59.700,0,-0.0120759114560783,0.0,2.0,
2021-03-17 20:01:59.710,0,-0.0167790319314406,0.0,2.0,