time,ton,thrust,mfr,vl,anomaly_code
2021-03-22 16:00:00.000,0,0.0049586741134063,0.0,0.0,
2021-03-22 16:00:00.010,0,0.0036658648270239,0.0,1.0,
2021-03-22 16:00:00.020,0,0.0056822656496854,0.0,1.0,
2021-03-22 16:00:00.030,0,-0.0021883654302708,0.0,1.0,
2021-03-22 16:00:00.040,0,-0.0057238663884212,0.0,1.0,
2021-03-22 16:00:00.050,0,0.0024965523222449,0.0,1.0,
2021-03-22 16:00:00.060,0,-0.0006432191092685,0.0,1.0,
2021-03-22 16:00:00.070,0,0.0019443427707085,0.0,1.0,
2021-03-22 16:00:00.080,0,0.0001532507381344,0.0,1.0,
2021-03-22 16:00:00.090,0,0.0044452718104788,0.0,1.0,
2021-03-22 16:00:00.100,0,-0.0039813937815688,0.0,1.0,
2021-03-22 16:00:00.110,0,-0.0058873704861841,0.0,1.0,
2021-03-22 16:00:00.120,0,0.0021358666432503,0.0,1.0,
2021-03-22 16:00:00.130,0,0.0057839354963585,0.0,1.0,
2021-03-22 16:00:00.140,0,-0.0004957591678007,0.0,1.0,
2021-03-22 16:00:00.150,0,-0.0043459358897592,0.0,1.0,
2021-03-22 16:00:00.160,0,0.0037272448291846,0.0,0.0,
2021-03-22 16:00:00.170,0,0.0004520870379067,0.0,0.0,
2021-03-22 16:00:00.180,0,0.0016363639843439,0.0,0.0,
2021-03-22 16:00:00.190,0,0.0003611014831568,0.0,0.0,
2021-03-22 16:00:00.200,0,0.0005339834092816,0.0,0.0,
2021-03-22 16:00:00.210,0,-0.0015538332114921,0.0,0.0,
2021-03-22 16:00:00.220,0,0.0029069936238238,0.0,0.0,
2021-03-22 16:00:00.230,0,0.0008109961742355,0.0,0.0,
2021-03-22 16:00:00.240,0,-0.0028361878272756,0.0,0.0,
2021-03-22 16:00:00.250,0,-0.0022304016265802,0.0,0.0,
2021-03-22 16:00:00.260,0,-0.0001374091018236,0.0,0.0,
2021-03-22 16:00:00.270,0,0.0015988841769743,0.0,0.0,
2021-03-22 16:00:00.280,0,0.0031412579505166,0.0,0.0,
2021-03-22 16:00:00.290,0,0.0004210750848847,0.0,0.0,
2021-03-22 16:00:00.300,0,-0.0041705861156774,0.0,0.0,
2021-03-22 16:00:00.310,0,0.0006052566871131,0.0,0.0,
2021-03-22 16:00:00.320,0,-0.0047582458161145,0.0,0.0,
2021-03-22 16:00:00.330,0,-0.0027940972038511,0.0,0.0,
2021-03-22 16:00:00.340,0,-0.0029245778989644,0.0,0.0,
2021-03-22 16:00:00.350,0,0.0046844091179856,0.0,0.0,
2021-03-22 16:00:00.360,0,-0.0030449698695215,0.0,0.0,
2021-03-22 16:00:00.370,0,0.0010847405237658,0.0,0.0,
2021-03-22 16:00:00.380,0,-0.0039630025718051,0.0,0.0,
2021-03-22 16:00:00.390,0,-0.0080359174895454,0.0,0.0,
2021-03-22 16:00:00.400,0,-0.0031039205415999,0.0,0.0,
2021-03-22 16:00:00.410,0,-0.0037047390618573,0.0,0.0,
2021-03-22 16:00:00.420,0,-0.0063257067002794,0.0,0.0,
2021-03-22 16:00:00.430,0,0.0029651894225592,0.0,0.0,
2021-03-22 16:00:00.440,0,0.0031538165796165,0.0,0.0,
2021-03-22 16:00:00.450,0,0.0020722103410428,0.0,0.0,
2021-03-22 16:00:00.460,0,-0.0003610704132785,0.0,0.0,
2021-03-22 16:00:00.470,0,0.000991531605101,0.0,0.0,
2021-03-22 16:00:00.480,0,-0.0017625335594679,0.0,0.0,
2021-03-22 16:00:00.490,0,-0.0006886915111853,0.0,0.0,
2021-03-22 16:00:00.500,0,-0.0017822222709868,0.0,0.0,
2021-03-22 16:00:00.510,0,-0.0015709879513431,0.0,0.0,
2021-03-22 16:00:00.520,0,0.0033044720199025,0.0,0.0,
2021-03-22 16:00:00.530,0,-0.0018865248033587,0.0,0.0,
2021-03-22 16:00:00.540,0,-0.0053955576011151,0.0,0.0,
2021-03-22 16:00:00.550,0,-0.0036000331169105,0.0,0.0,
2021-03-22 16:00:00.560,0,0.0001242510768048,0.0,0.0,
2021-03-22 16:00:00.570,0,0.002117426966905,0.0,0.0,
2021-03-22 16:00:00.580,0,0.0029000044938574,0.0,0.0,
2021-03-22 16:00:00.590,0,0.0006577952055599,0.0,0.0,
2021-03-22 16:00:00.600,0,0.00519757212551,0.0,0.0,
2021-03-22 16:00:00.610,0,0.0008377991195741,0.0,0.0,
2021-03-22 16:00:00.620,0,0.0056032439836597,0.0,0.0,
2021-03-22 16:00:00.630,0,-0.0009994955777205,0.0,0.0,
2021-03-22 16:00:00.640,0,-0.0033107517658193,0.0,0.0,
2021-03-22 16:00:00.650,0,0.0016321509718463,0.0,0.0,
2021-03-22 16:00:00.660,0,-0.0016628569886779,0.0,0.0,
2021-03-22 16:00:00.670,0,0.0015694864937443,0.0,0.0,
2021-03-22 16:00:00.680,0,0.0020316551363026,0.0,0.0,
2021-03-22 16:00:00.690,0,-0.0024069626989449,0.0,0.0,
2021-03-22 16:00:00.700,0,0.0005295742863556,0.0,0.0,
2021-03-22 16:00:00.710,0,-0.0037066344292337,0.0,0.0,
2021-03-22 16:00:00.720,0,0.0031583581503415,0.0,0.0,
2021-03-22 16:00:00.730,0,-0.00407554041105,0.0,0.0,
2021-03-22 16:00:00.740,0,-0.0027916334040187,0.0,0.0,
2021-03-22 16:00:00.750,0,-0.0006633697828078,0.0,0.0,
2021-03-22 16:00:00.760,0,-0.0039155876916723,0.0,0.0,
2021-03-22 16:00:00.770,0,0.0006602342145375,0.0,0.0,
2021-03-22 16:00:00.780,0,0.0022687971191495,0.0,0.0,
2021-03-22 16:00:00.790,0,-0.0046951944811241,0.0,0.0,
2021-03-22 16:00:00.800,0,-0.0007070685982207,0.0,0.0,
2021-03-22 16:00:00.810,0,-0.0026996897693931,0.0,0.0,
2021-03-22 16:00:00.820,0,-0.0009781757457994,0.0,0.0,
2021-03-22 16:00:00.830,0,0.0016933973020497,0.0,0.0,
2021-03-22 16:00:00.840,0,-0.0030872927755807,0.0,0.0,
2021-03-22 16:00:00.850,0,-0.0005120587233411,0.0,0.0,
2021-03-22 16:00:00.860,0,0.0005065776363355,0.0,0.0,
2021-03-22 16:00:00.870,0,-0.0007640514639121,0.0,0.0,
2021-03-22 16:00:00.880,0,0.0017229835247294,0.0,0.0,
2021-03-22 16:00:00.890,0,0.0059766240112096,0.0,0.0,
2021-03-22 16:00:00.900,0,-0.0005388340432272,0.0,0.0,
2021-03-22 16:00:00.910,0,-0.0023856561048286,0.0,0.0,
2021-03-22 16:00:00.920,0,-0.0024566905986336,0.0,0.0,
2021-03-22 16:00:00.930,0,0.0021284220379448,0.0,0.0,
2021-03-22 16:00:00.940,0,0.0031207912435858,0.0,0.0,
2021-03-22 16:00:00.950,0,-0.0082016702058985,0.0,0.0,
2021-03-22 16:00:00.960,0,-0.0012644357139468,0.0,0.0,
2021-03-22 16:00:00.970,0,0.00503700522142,0.0,0.0,
2021-03-22 16:00:00.980,0,0.0029038204485773,0.0,0.0,
2021-03-22 16:00:00.990,0,-0.0022046452853209,0.0,0.0,
2021-03-22 16:00:01.000,1,-0.0017995080889095,0.0,0.0,
2021-03-22 16:00:01.010,1,-0.0028673343906498,0.0,0.0,
2021-03-22 16:00:01.020,1,-0.0031479745643677,0.0,0.0,
2021-03-22 16:00:01.030,1,-0.0012894185048194,0.0,0.0,
2021-03-22 16:00:01.040,1,0.0045058784101084,0.0,0.0,
2021-03-22 16:00:01.050,1,-0.005893125563398001,0.0,0.0,
2021-03-22 16:00:01.060,1,0.0010545488907551,0.0,0.0,
2021-03-22 16:00:01.070,1,-0.0055522600187893,0.0,0.0,
2021-03-22 16:00:01.080,1,6.741460868832956e-05,0.0,0.0,
2021-03-22 16:00:01.090,1,0.0017174716950282,0.0,0.0,
2021-03-22 16:00:01.100,1,-0.0002495219962765,0.0,0.0,
2021-03-22 16:00:01.110,1,-0.0001561086575432,0.0,0.0,
2021-03-22 16:00:01.120,1,-0.0012207658294223,3.667358309226535,0.0,
2021-03-22 16:00:01.130,1,0.0094196117456136,13.895805966112235,0.0,
2021-03-22 16:00:01.140,1,0.034892111192641,29.705939519749972,0.0,
2021-03-22 16:00:01.150,1,0.0530016493273556,50.00072640158877,0.0,
2021-03-22 16:00:01.160,1,0.0831107542381575,74.12219682593911,0.0,
2021-03-22 16:00:01.170,1,0.0855533130276845,101.51174634632672,0.0,
2021-03-22 16:00:01.180,1,0.1449765558369126,129.86969417785178,0.0,
2021-03-22 16:00:01.190,1,0.1216324355255766,159.60010000033085,0.0,
2021-03-22 16:00:01.200,1,0.2076955435766442,192.17338455475246,0.0,
2021-03-22 16:00:01.210,1,0.2415748489711704,223.5746451702926,0.0,
2021-03-22 16:00:01.220,1,0.2096268809085474,258.2059771735715,0.0,
2021-03-22 16:00:01.230,1,0.2745388636836353,293.1139595763643,0.0,
2021-03-22 16:00:01.240,1,0.2966204400447906,322.32485089945664,0.0,
2021-03-22 16:00:01.250,1,0.3769204807098748,352.2877855661351,0.0,
2021-03-22 16:00:01.260,1,0.2918272950903551,383.914508644046,0.0,
2021-03-22 16:00:01.270,1,0.3263430428107426,413.05018594586835,0.0,
2021-03-22 16:00:01.280,1,0.3379949924839077,440.73928497957223,0.0,
2021-03-22 16:00:01.290,1,0.442882890932146,465.0765670793693,0.0,
2021-03-22 16:00:01.300,1,0.4918423249840999,495.2073710792949,0.0,
2021-03-22 16:00:01.310,1,0.5346184734889287,520.5656703878199,0.0,
2021-03-22 16:00:01.320,1,0.4342941958431179,545.2112128474643,0.0,
2021-03-22 16:00:01.330,1,0.4014432428967329,566.1018227921998,0.0,
2021-03-22 16:00:01.340,1,0.4840567374453671,586.7794336323218,0.0,
2021-03-22 16:00:01.350,1,0.4693564523033392,603.8123847767473,0.0,
2021-03-22 16:00:01.360,1,0.5279841973637844,617.2181483864532,0.0,
2021-03-22 16:00:01.370,1,0.575599277791592,637.8954943115048,0.0,
2021-03-22 16:00:01.380,1,0.5450261027994433,652.5717049803236,0.0,
2021-03-22 16:00:01.390,1,0.6124013025860935,671.2331817371306,0.0,
2021-03-22 16:00:01.400,1,0.4548089135537891,682.5112194948429,0.0,
2021-03-22 16:00:01.410,1,0.6613645987123424,693.6750417717864,0.0,
2021-03-22 16:00:01.420,1,0.6599843630871546,705.5739092282878,0.0,
2021-03-22 16:00:01.430,1,0.5465679341931562,714.45490126836,0.0,
2021-03-22 16:00:01.440,1,0.4682722948861917,728.7768025775249,0.0,
2021-03-22 16:00:01.450,1,0.5820487815472678,730.4661210978966,0.0,
2021-03-22 16:00:01.460,1,0.5132157815646147,734.1103707541607,0.0,
2021-03-22 16:00:01.470,1,0.4716912989479629,744.1458467899382,0.0,
2021-03-22 16:00:01.480,1,0.6660567127334078,742.9838882973321,0.0,
2021-03-22 16:00:01.490,1,0.6715678737849877,758.5682626279726,0.0,
2021-03-22 16:00:01.500,1,0.5500851000957679,760.7021478392368,0.0,
2021-03-22 16:00:01.510,1,0.6532814903671552,757.1152759824076,0.0,
2021-03-22 16:00:01.520,1,0.6817884193183081,760.6963915968889,0.0,
2021-03-22 16:00:01.530,1,0.5648735993490309,766.9142742779544,0.0,
2021-03-22 16:00:01.540,1,0.6248543635552006,770.2442010009413,0.0,
2021-03-22 16:00:01.550,1,0.4625033854944815,775.735479721733,0.0,
2021-03-22 16:00:01.560,1,0.5474644365824707,767.6722712841687,0.0,
2021-03-22 16:00:01.570,1,0.6348832688500271,778.2841734750897,0.0,
2021-03-22 16:00:01.580,1,0.6796154318994214,771.8677564354292,0.0,
2021-03-22 16:00:01.590,1,0.6856872158554864,778.5223996277417,0.0,
2021-03-22 16:00:01.600,1,0.4654484039197376,779.5573594587029,0.0,
2021-03-22 16:00:01.610,1,0.6302790347260981,777.5054551537387,0.0,
2021-03-22 16:00:01.620,1,0.6251860361139597,770.7320257314705,0.0,
2021-03-22 16:00:01.630,1,0.5733303789372562,767.4346942216814,0.0,
2021-03-22 16:00:01.640,1,0.4776832562216797,772.0149152169009,0.0,
2021-03-22 16:00:01.650,1,0.6043701265917745,778.6551426884738,0.0,
2021-03-22 16:00:01.660,1,0.6305623737806821,772.1353578507492,0.0,
2021-03-22 16:00:01.670,1,0.5062763498579113,765.7815075034094,0.0,
2021-03-22 16:00:01.680,1,0.6232687163705153,766.6136495926163,0.0,
2021-03-22 16:00:01.690,1,0.6255428845665787,768.3550780632107,0.0,
2021-03-22 16:00:01.700,1,0.5292058979063607,769.890750650453,0.0,
2021-03-22 16:00:01.710,1,0.5400270708326227,755.1868693636585,0.0,
2021-03-22 16:00:01.720,1,0.5534010177334991,766.9753631506762,0.0,
2021-03-22 16:00:01.730,1,0.6290620689460232,758.2212744261078,0.0,
2021-03-22 16:00:01.740,1,0.4757590589689134,764.1075156756419,0.0,
2021-03-22 16:00:01.750,1,0.7026078155584201,758.8600960540373,0.0,
2021-03-22 16:00:01.760,1,0.6575468791367205,762.5104818893308,0.0,
2021-03-22 16:00:01.770,1,0.4884968621640955,757.689269634561,0.0,
2021-03-22 16:00:01.780,1,0.6241851633204819,757.5255612291207,0.0,
2021-03-22 16:00:01.790,1,0.61653846200469,744.9348791901433,0.0,
2021-03-22 16:00:01.800,1,0.6755623559801812,753.7248638111411,0.0,
2021-03-22 16:00:01.810,1,0.6458779163551309,751.6622934992963,0.0,
2021-03-22 16:00:01.820,1,0.7314462093431482,757.6971345006381,0.0,
2021-03-22 16:00:01.830,1,0.6459341287305379,750.6596762740677,0.0,
2021-03-22 16:00:01.840,1,0.5037100953564464,750.5116609185096,0.0,
2021-03-22 16:00:01.850,1,0.6721501720624606,749.699523463637,0.0,
2021-03-22 16:00:01.860,1,0.6473779878161026,748.7692373706072,0.0,
2021-03-22 16:00:01.870,1,0.7029187050549677,742.2079963568874,0.0,
2021-03-22 16:00:01.880,1,0.7083083168117627,750.8063468488107,0.0,
2021-03-22 16:00:01.890,1,0.6130777423734757,745.1694888489316,0.0,
2021-03-22 16:00:01.900,1,0.6703369258781203,742.3523541622046,0.0,
2021-03-22 16:00:01.910,1,0.7093555798760836,739.505732242539,0.0,
2021-03-22 16:00:01.920,1,0.7345946436043389,744.3137527629831,0.0,
2021-03-22 16:00:01.930,1,0.6223038251117158,742.4600814942253,0.0,
2021-03-22 16:00:01.940,1,0.6972670577691938,742.2495268653206,0.0,
2021-03-22 16:00:01.950,0,0.7377454307336309,742.2115693794856,0.0,
2021-03-22 16:00:01.960,0,0.6811753385223752,744.7269379746052,0.0,
2021-03-22 16:00:01.970,0,0.5556724561431848,745.1420570911653,0.0,
2021-03-22 16:00:01.980,0,0.6591436721742052,745.4199033539271,0.0,
2021-03-22 16:00:01.990,0,0.8056264566089603,748.7813664607878,0.0,
2021-03-22 16:00:02.000,1,0.7993396366548927,744.9317143129582,0.0,
2021-03-22 16:00:02.010,1,0.6377496240279923,746.7444032620456,0.0,
2021-03-22 16:00:02.020,1,0.7228366473552078,744.0587792838397,0.0,
2021-03-22 16:00:02.030,1,0.5931974848100463,737.4784149173088,0.0,
2021-03-22 16:00:02.040,1,0.6910113539813221,743.7176032180554,0.0,
2021-03-22 16:00:02.050,1,0.6905267689092942,746.2858762070648,0.0,
2021-03-22 16:00:02.060,1,0.7060321121209049,751.3996911482416,0.0,
2021-03-22 16:00:02.070,1,0.7790914192002972,747.1441861321551,0.0,
2021-03-22 16:00:02.080,1,0.6680973382225689,733.8538379974443,0.0,
2021-03-22 16:00:02.090,1,0.6430513816563053,717.5999677309308,0.0,
2021-03-22 16:00:02.100,1,0.5915790786414512,696.4337239620155,0.0,
2021-03-22 16:00:02.110,1,0.6891261853126393,678.0917565839852,0.0,
2021-03-22 16:00:02.120,1,0.6609333428670089,645.6903251425954,0.0,
2021-03-22 16:00:02.130,1,0.6144839797835817,637.3860705570512,0.0,
2021-03-22 16:00:02.140,1,0.7063461534067975,617.5936765487277,0.0,
2021-03-22 16:00:02.150,1,0.484000988937512,602.5047705751192,0.0,
2021-03-22 16:00:02.160,1,0.6834575688670883,596.9634185933082,0.0,
2021-03-22 16:00:02.170,1,0.5665707654540092,599.8030611491157,0.0,
2021-03-22 16:00:02.180,1,0.6595557537847707,591.6405567938366,0.0,
2021-03-22 16:00:02.190,1,0.5171299264076482,596.2019398420338,0.0,
2021-03-22 16:00:02.200,1,0.5673378738987476,589.4583826702763,0.0,
2021-03-22 16:00:02.210,1,0.5433124856334669,592.4607421605052,0.0,
2021-03-22 16:00:02.220,1,0.5334421801755184,592.5221411600012,0.0,
2021-03-22 16:00:02.230,1,0.670869912145978,603.8985058159283,0.0,
2021-03-22 16:00:02.240,1,0.5431484877849468,603.7568510762218,0.0,
2021-03-22 16:00:02.250,1,0.5584487290320531,606.9124045402577,0.0,
2021-03-22 16:00:02.260,1,0.5997908633087249,617.4996235005108,0.0,
2021-03-22 16:00:02.270,1,0.5570514176479698,622.9080467491436,0.0,
2021-03-22 16:00:02.280,1,0.6434518624496689,633.7544751426414,0.0,
2021-03-22 16:00:02.290,1,0.6407044724108105,642.1145408181736,0.0,
2021-03-22 16:00:02.300,1,0.561199900393682,652.0510076373132,0.0,
2021-03-22 16:00:02.310,1,0.5627715535688618,655.2947692763364,0.0,
2021-03-22 16:00:02.320,1,0.5984477265707703,658.6028188397772,0.0,
2021-03-22 16:00:02.330,1,0.7241021526641006,662.2433512081775,0.0,
2021-03-22 16:00:02.340,1,0.5235360248255002,671.8907836842078,0.0,
2021-03-22 16:00:02.350,1,0.5268880827001561,682.1995382067023,0.0,
2021-03-22 16:00:02.360,1,0.6199533490740825,685.5983830225947,0.0,
2021-03-22 16:00:02.370,1,0.5794800282344752,688.445927068118,0.0,
2021-03-22 16:00:02.380,1,0.5883161439997003,695.4226999965204,0.0,
2021-03-22 16:00:02.390,1,0.7357497426853401,698.1475256879097,0.0,
2021-03-22 16:00:02.400,1,0.5670690444830628,701.9900698562019,0.0,
2021-03-22 16:00:02.410,1,0.6079884006615417,713.3735810575073,0.0,
2021-03-22 16:00:02.420,1,0.5469668598115657,713.1899798496402,0.0,
2021-03-22 16:00:02.430,1,0.5058625065140799,724.6364521868242,0.0,
2021-03-22 16:00:02.440,1,0.7056381914431651,721.9807790781903,0.0,
2021-03-22 16:00:02.450,1,0.6825119311938189,725.7380658917889,0.0,
2021-03-22 16:00:02.460,1,0.6239379232443921,730.794283236919,0.0,
2021-03-22 16:00:02.470,1,0.6431847714064723,733.866244463458,0.0,
2021-03-22 16:00:02.480,1,0.6978777639765696,732.4223063902506,0.0,
2021-03-22 16:00:02.490,1,0.6447367946030833,733.3863061519031,0.0,
2021-03-22 16:00:02.500,1,0.4936054556584848,738.4381629360736,0.0,
2021-03-22 16:00:02.510,1,0.7004887673277128,739.5043898360992,0.0,
2021-03-22 16:00:02.520,1,0.5420456004626883,737.6660162139185,0.0,
2021-03-22 16:00:02.530,1,0.6399280292577219,740.0592554472754,0.0,
2021-03-22 16:00:02.540,1,0.4938604471439372,738.0825150986333,0.0,
2021-03-22 16:00:02.550,1,0.7105923005901664,741.7929984039955,0.0,
2021-03-22 16:00:02.560,1,0.6678320049194659,742.7935767361151,0.0,
2021-03-22 16:00:02.570,1,0.684385441970899,742.1525960150022,0.0,
2021-03-22 16:00:02.580,1,0.5451562354255823,745.0168075711548,0.0,
2021-03-22 16:00:02.590,1,0.5468463194612757,745.3547764493989,0.0,
2021-03-22 16:00:02.600,1,0.5216114580677199,744.4717181880908,0.0,
2021-03-22 16:00:02.610,1,0.7081087446789922,749.9482144652212,0.0,
2021-03-22 16:00:02.620,1,0.5230272945832044,745.9121523468292,0.0,
2021-03-22 16:00:02.630,1,0.5361044220001505,754.9647498316835,0.0,
2021-03-22 16:00:02.640,1,0.6852565209950848,740.6342168739264,0.0,
2021-03-22 16:00:02.650,1,0.5778505374446948,743.1741656718888,0.0,
2021-03-22 16:00:02.660,1,0.7159156842270256,744.6935184489042,0.0,
2021-03-22 16:00:02.670,1,0.5337778000323912,743.7330388340239,0.0,
2021-03-22 16:00:02.680,1,0.5111842631967535,745.4551647574934,0.0,
2021-03-22 16:00:02.690,1,0.6143145695754743,746.5043451495633,0.0,
2021-03-22 16:00:02.700,1,0.5321151172176081,746.2881398062624,0.0,
2021-03-22 16:00:02.710,1,0.5706888678125086,744.6956876107198,0.0,
2021-03-22 16:00:02.720,1,0.5247360312710123,753.6838855006233,0.0,
2021-03-22 16:00:02.730,1,0.5302597947064029,753.5342207755979,0.0,
2021-03-22 16:00:02.740,1,0.727024553579133,748.0330313793077,0.0,
2021-03-22 16:00:02.750,1,0.5884540871046255,747.2436626359555,0.0,
2021-03-22 16:00:02.760,1,0.5256446351241947,747.914590106011,0.0,
2021-03-22 16:00:02.770,1,0.6889945365401063,750.5107745205272,0.0,
2021-03-22 16:00:02.780,1,0.6649359176972076,747.5307363908126,0.0,
2021-03-22 16:00:02.790,1,0.5813658894583459,748.0600917235663,0.0,
2021-03-22 16:00:02.800,1,0.7437795697047703,754.2396619253445,0.0,
2021-03-22 16:00:02.810,1,0.6299532961975945,753.1647667365196,0.0,
2021-03-22 16:00:02.820,1,0.7220215503654067,751.1301385263266,0.0,
2021-03-22 16:00:02.830,1,0.6424499730946737,753.3189922396891,0.0,
2021-03-22 16:00:02.840,1,0.6675597752431438,747.566706624568,0.0,
2021-03-22 16:00:02.850,1,0.6852546393091357,757.0814671728043,0.0,
2021-03-22 16:00:02.860,1,0.6447480910246918,755.1168660585588,0.0,
2021-03-22 16:00:02.870,1,0.750220688072491,757.4471327965705,0.0,
2021-03-22 16:00:02.880,1,0.5378951900687264,758.2524148790714,0.0,
2021-03-22 16:00:02.890,1,0.5690678080375223,754.1614498667419,0.0,
2021-03-22 16:00:02.900,0,0.7213649203126703,758.4312128570476,0.0,
2021-03-22 16:00:02.910,0,0.6786017598776364,751.9431718663577,0.0,
2021-03-22 16:00:02.920,0,0.5973875795264874,762.4483368238707,0.0,
2021-03-22 16:00:02.930,0,0.5383929471639337,751.3547986974596,0.0,
2021-03-22 16:00:02.940,0,0.7566619474391203,755.7016467715407,0.0,
2021-03-22 16:00:02.950,0,0.7387899421656926,753.3830024257802,0.0,
2021-03-22 16:00:02.960,0,0.6531975320474667,759.695686705736,0.0,
2021-03-22 16:00:02.970,0,0.5793696973171805,760.5442207275684,0.0,
2021-03-22 16:00:02.980,0,0.7528734501275771,769.3245290986375,0.0,
2021-03-22 16:00:02.990,0,0.7579521673392833,755.5375246403447,0.0,
2021-03-22 16:00:03.000,1,0.7623763795390958,755.2313620012775,0.0,
2021-03-22 16:00:03.010,1,0.568212056937245,753.8597379029161,0.0,
2021-03-22 16:00:03.020,1,0.6501421495165298,755.1269110621698,0.0,
2021-03-22 16:00:03.030,1,0.6866833920598062,750.3606328873615,0.0,
2021-03-22 16:00:03.040,1,0.724217867113175,723.9514857837668,0.0,
2021-03-22 16:00:03.050,1,0.682179923078735,711.6239705081439,0.0,
2021-03-22 16:00:03.060,1,0.5073658529286766,681.7935585245713,0.0,
2021-03-22 16:00:03.070,1,0.5851724636187622,659.9103958719578,0.0,
2021-03-22 16:00:03.080,1,0.508449879747947,631.0339300934146,0.0,
2021-03-22 16:00:03.090,1,0.4139264629752632,591.1138435365314,0.0,
2021-03-22 16:00:03.100,1,0.4759687758390064,564.5388498995421,0.0,
2021-03-22 16:00:03.110,1,0.3885008405326511,532.0018071336718,0.0,
2021-03-22 16:00:03.120,1,0.4062407637488889,505.63702273788056,0.0,
2021-03-22 16:00:03.130,1,0.399111603299725,481.3051509499881,0.0,
2021-03-22 16:00:03.140,1,0.3224845791963733,462.86868878562007,0.0,
2021-03-22 16:00:03.150,1,0.3333654683291941,452.8411693283804,0.0,
2021-03-22 16:00:03.160,1,0.299310035172568,442.7973397844955,0.0,
2021-03-22 16:00:03.170,1,0.2990770879261001,444.25508225976836,0.0,
2021-03-22 16:00:03.180,1,0.3446575537800005,444.02014068498977,0.0,
2021-03-22 16:00:03.190,1,0.2940217552044211,447.4543116537189,0.0,
2021-03-22 16:00:03.200,1,0.4099901479242462,455.6115731846749,0.0,
2021-03-22 16:00:03.210,1,0.4059946266208621,461.13131250405195,0.0,
2021-03-22 16:00:03.220,1,0.3842400353873608,467.76400108950406,0.0,
2021-03-22 16:00:03.230,1,0.4457325761264098,475.76671003896047,0.0,
2021-03-22 16:00:03.240,1,0.3856531101962726,490.8415477711272,0.0,
2021-03-22 16:00:03.250,1,0.4518196825927985,500.3481657589109,0.0,
2021-03-22 16:00:03.260,1,0.4058058899814466,520.1487693651056,0.0,
2021-03-22 16:00:03.270,1,0.4184528086630818,531.3322094627449,0.0,
2021-03-22 16:00:03.280,1,0.3698569255526632,543.4167499722741,0.0,
2021-03-22 16:00:03.290,1,0.3569659538867439,555.8577526760904,0.0,
2021-03-22 16:00:03.300,1,0.5135182116574292,568.1385167855045,0.0,
2021-03-22 16:00:03.310,1,0.5011092770493099,578.5063235045823,0.0,
2021-03-22 16:00:03.320,1,0.410863823798964,593.1515040056315,0.0,
2021-03-22 16:00:03.330,1,0.4271531995689486,604.0630292276105,0.0,
2021-03-22 16:00:03.340,1,0.5164948720387518,619.1376154572765,0.0,
2021-03-22 16:00:03.350,1,0.3866118168054748,631.9360469319467,0.0,
2021-03-22 16:00:03.360,1,0.42268363064224,639.9748071957757,0.0,
2021-03-22 16:00:03.370,1,0.441988187726417,651.7715927186525,0.0,
2021-03-22 16:00:03.380,1,0.5072258757838496,662.0342114135545,0.0,
2021-03-22 16:00:03.390,1,0.5482688184738504,674.7259367206043,0.0,
2021-03-22 16:00:03.400,1,0.4185450105574158,682.9244860346838,0.0,
2021-03-22 16:00:03.410,1,0.5376481916015808,682.2669505662552,0.0,
2021-03-22 16:00:03.420,1,0.4324808189128335,692.0035850042357,0.0,
2021-03-22 16:00:03.430,1,0.507603148830008,701.4887391597402,0.0,
2021-03-22 16:00:03.440,1,0.5109792353834341,706.6392472857788,0.0,
2021-03-22 16:00:03.450,1,0.4620269680546355,710.0813916583581,0.0,
2021-03-22 16:00:03.460,1,0.5506363926055141,725.0021159084738,0.0,
2021-03-22 16:00:03.470,1,0.4406866184836696,723.5102496841645,0.0,
2021-03-22 16:00:03.480,1,0.458374978315133,730.5238403109424,0.0,
2021-03-22 16:00:03.490,1,0.5868926757662266,735.4531548594783,0.0,
2021-03-22 16:00:03.500,1,0.4306980903724975,731.5369391855237,0.0,
2021-03-22 16:00:03.510,1,0.5770512591276553,742.7466460137474,0.0,
2021-03-22 16:00:03.520,1,0.5346187123298594,748.9523151473973,0.0,
2021-03-22 16:00:03.530,1,0.5240074004050833,748.7990700658701,0.0,
2021-03-22 16:00:03.540,1,0.5811467261356529,751.1357108974214,0.0,
2021-03-22 16:00:03.550,1,0.6246170734882344,752.1382283328309,0.0,
2021-03-22 16:00:03.560,1,0.6192458799835391,755.698420718307,0.0,
2021-03-22 16:00:03.570,1,0.4466457335300461,755.7396177800862,0.0,
2021-03-22 16:00:03.580,1,0.6427294635801752,764.6460234729469,0.0,
2021-03-22 16:00:03.590,1,0.5742533819913005,762.7269176513718,0.0,
2021-03-22 16:00:03.600,1,0.6115685265217798,765.6624610688216,0.0,
2021-03-22 16:00:03.610,1,0.4747517203219492,758.4364173263263,0.0,
2021-03-22 16:00:03.620,1,0.6261904345647521,765.9370343170912,0.0,
2021-03-22 16:00:03.630,1,0.4856658173845558,763.7748878598776,0.0,
2021-03-22 16:00:03.640,1,0.5276828078494311,770.8191414889999,0.0,
2021-03-22 16:00:03.650,1,0.6746548078681648,765.8182887849547,0.0,
2021-03-22 16:00:03.660,1,0.5024321088051396,761.4039558220053,0.0,
2021-03-22 16:00:03.670,1,0.6095079251855723,770.2070543446405,0.0,
2021-03-22 16:00:03.680,1,0.5794830611705054,772.1748047288423,0.0,
2021-03-22 16:00:03.690,1,0.7136248212028127,767.4315887507913,0.0,
2021-03-22 16:00:03.700,1,0.6074634555708147,758.5923496712564,0.0,
2021-03-22 16:00:03.710,1,0.6963002198526462,765.3565285077742,0.0,
2021-03-22 16:00:03.720,1,0.6903753608385078,764.5509531216447,0.0,
2021-03-22 16:00:03.730,1,0.5568792969615386,768.9790111045658,0.0,
2021-03-22 16:00:03.740,1,0.5621880213331748,764.8133599843512,0.0,
2021-03-22 16:00:03.750,1,0.5511685485031005,767.4818568513582,0.0,
2021-03-22 16:00:03.760,1,0.592183041510759,766.8312229111352,0.0,
2021-03-22 16:00:03.770,1,0.5805315206445838,762.8774981424278,0.0,
2021-03-22 16:00:03.780,1,0.7210750195199737,768.5769795288312,0.0,
2021-03-22 16:00:03.790,1,0.7613419303104184,760.2878313843672,0.0,
2021-03-22 16:00:03.800,1,0.551138436037635,761.2584490723474,0.0,
2021-03-22 16:00:03.810,1,0.6927853009819316,756.578673926905,0.0,
2021-03-22 16:00:03.820,1,0.7536329589443358,765.1583772404448,0.0,
2021-03-22 16:00:03.830,1,0.7861814074562007,756.2764880875377,0.0,
2021-03-22 16:00:03.840,1,0.8011486400684942,761.0607409730469,0.0,
2021-03-22 16:00:03.850,0,0.6503392737315866,759.9448425614212,0.0,
2021-03-22 16:00:03.860,0,0.6536055016304084,761.1901647234807,0.0,
2021-03-22 16:00:03.870,0,0.6468896784463914,758.1662452523889,0.0,
2021-03-22 16:00:03.880,0,0.6210618935838917,753.6274201362883,0.0,
2021-03-22 16:00:03.890,0,0.5877061263553723,753.9229164888121,0.0,
2021-03-22 16:00:03.900,0,0.6833028325905006,759.4722177294792,0.0,
2021-03-22 16:00:03.910,0,0.8085921899072085,752.9465370972514,0.0,
2021-03-22 16:00:03.920,0,0.7245117711884478,749.3011666529303,0.0,
2021-03-22 16:00:03.930,0,0.6334723628237103,753.1863800837002,0.0,
2021-03-22 16:00:03.940,0,0.8103424393264246,751.4998992744869,0.0,
2021-03-22 16:00:03.950,0,0.813865036398616,755.3354895106944,0.0,
2021-03-22 16:00:03.960,0,0.7926109195192149,748.7965549661128,0.0,
2021-03-22 16:00:03.970,0,0.6453807462323926,744.7684312293593,0.0,
2021-03-22 16:00:03.980,0,0.7219286940036357,737.975597013394,0.0,
2021-03-22 16:00:03.990,0,0.6379598932810197,714.1910105354767,0.0,
2021-03-22 16:00:04.000,1,0.7396813462715471,694.7196443354231,0.0,
2021-03-22 16:00:04.010,1,0.7950451057496023,672.6400602768247,0.0,
2021-03-22 16:00:04.020,1,0.7275505730419881,635.5337998802661,0.0,
2021-03-22 16:00:04.030,1,0.6703222062602546,612.9126557966594,0.0,
2021-03-22 16:00:04.040,1,0.6644905407120046,582.4298869243985,0.0,
2021-03-22 16:00:04.050,1,0.6716698920667865,549.4331582087923,0.0,
2021-03-22 16:00:04.060,1,0.614206050569431,518.0843205748148,0.0,
2021-03-22 16:00:04.070,1,0.5329177839606849,479.3338579393029,0.0,
2021-03-22 16:00:04.080,1,0.5232776417445582,449.3108808053439,0.0,
2021-03-22 16:00:04.090,1,0.4179479867375621,415.19302323455867,0.0,
2021-03-22 16:00:04.100,1,0.3841900165921646,388.8019613653546,0.0,
2021-03-22 16:00:04.110,1,0.4106630999238516,355.4926393543029,0.0,
2021-03-22 16:00:04.120,1,0.3839042132222126,329.1052651056724,0.0,
2021-03-22 16:00:04.130,1,0.2609156404848486,313.7291111794807,0.0,
2021-03-22 16:00:04.140,1,0.3041565462098308,303.5176804093948,0.0,
2021-03-22 16:00:04.150,1,0.3059158877842455,299.5409847575001,0.0,
2021-03-22 16:00:04.160,1,0.2486258825522324,300.31251519423745,0.0,
2021-03-22 16:00:04.170,1,0.248131665155085,303.1076629355325,0.0,
2021-03-22 16:00:04.180,1,0.3103563769679212,309.5701389801946,0.0,
2021-03-22 16:00:04.190,1,0.3668916608887537,324.3248553698276,0.0,
2021-03-22 16:00:04.200,1,0.3537020725231929,337.53906151174755,0.0,
2021-03-22 16:00:04.210,1,0.3804544956328257,352.9912020878972,0.0,
2021-03-22 16:00:04.220,1,0.312353916347505,370.7534562549046,0.0,
2021-03-22 16:00:04.230,1,0.4625619951210895,385.65172236270445,0.0,
2021-03-22 16:00:04.240,1,0.3515949178200134,405.0266320886103,0.0,
2021-03-22 16:00:04.250,1,0.5053663882788496,423.2042913775691,0.0,
2021-03-22 16:00:04.260,1,0.3565134721553228,444.8985962049437,0.0,
2021-03-22 16:00:04.270,1,0.4419358172924138,465.0581332994624,0.0,
2021-03-22 16:00:04.280,1,0.5685601207308283,487.6352895967648,0.0,
2021-03-22 16:00:04.290,1,0.5053207838590339,499.405151042452,0.0,
2021-03-22 16:00:04.300,1,0.5920361443600703,519.1463601107998,0.0,
2021-03-22 16:00:04.310,1,0.4888863203107215,535.2511389261562,0.0,
2021-03-22 16:00:04.320,1,0.6310081683250279,558.0595950205899,0.0,
2021-03-22 16:00:04.330,1,0.5239036802235323,575.5292527182132,0.0,
2021-03-22 16:00:04.340,1,0.5415620155873389,590.0599038077587,0.0,
2021-03-22 16:00:04.350,1,0.5125967880232997,607.2449745922381,0.0,
2021-03-22 16:00:04.360,1,0.5465997632253315,620.5990988927085,0.0,
2021-03-22 16:00:04.370,1,0.4964677376856141,632.8191711868809,0.0,
2021-03-22 16:00:04.380,1,0.5692197555550382,642.1219060476267,0.0,
2021-03-22 16:00:04.390,1,0.6163857717968741,660.5616204041094,0.0,
2021-03-22 16:00:04.400,1,0.5438957319054994,666.702445006131,0.0,
2021-03-22 16:00:04.410,1,0.5574500185104785,682.4104708572708,0.0,
2021-03-22 16:00:04.420,1,0.6130144090773153,687.1954773646744,0.0,
2021-03-22 16:00:04.430,1,0.7185781019889773,686.5460114029067,0.0,
2021-03-22 16:00:04.440,1,0.6261530781593342,705.8104229345207,0.0,
2021-03-22 16:00:04.450,1,0.7682949723341258,703.6570893841227,0.0,
2021-03-22 16:00:04.460,1,0.6564362637070568,712.5393747669658,0.0,
2021-03-22 16:00:04.470,1,0.7111769438041888,719.3806380007808,0.0,
2021-03-22 16:00:04.480,1,0.8143569940663667,727.0727917252963,0.0,
2021-03-22 16:00:04.490,1,0.5682568165942143,724.5287448286899,0.0,
2021-03-22 16:00:04.500,1,0.7817226436457245,735.7362668705074,0.0,
2021-03-22 16:00:04.510,1,0.6639660514479407,738.758992659166,0.0,
2021-03-22 16:00:04.520,1,0.8175151912937592,747.6420313111453,0.0,
2021-03-22 16:00:04.530,1,0.8134405386193393,741.2482342642525,0.0,
2021-03-22 16:00:04.540,1,0.7880204641992042,743.4627114257449,0.0,
2021-03-22 16:00:04.550,1,0.8443272811220526,741.9083513691019,0.0,
2021-03-22 16:00:04.560,1,0.8596010612936584,740.4702355368762,0.0,
2021-03-22 16:00:04.570,1,0.6884407269964985,746.3215301591164,0.0,
2021-03-22 16:00:04.580,1,0.5800369553081255,752.2118736820405,0.0,
2021-03-22 16:00:04.590,1,0.6333552664067559,743.1398152751598,0.0,
2021-03-22 16:00:04.600,1,0.6494239084267083,746.6028956838134,0.0,
2021-03-22 16:00:04.610,1,0.6971880127926483,745.6178075853128,0.0,
2021-03-22 16:00:04.620,1,0.8558118260656825,748.2227522078273,0.0,
2021-03-22 16:00:04.630,1,0.7159302475081679,750.947862603177,0.0,
2021-03-22 16:00:04.640,1,0.7016733662736937,741.9904287792302,0.0,
2021-03-22 16:00:04.650,1,0.7680359139578216,737.2951713514635,0.0,
2021-03-22 16:00:04.660,1,0.6321576710384536,740.4797960658127,0.0,
2021-03-22 16:00:04.670,1,0.6352232444776714,739.8303798912348,0.0,
2021-03-22 16:00:04.680,1,0.6361569185836308,747.2984508378433,0.0,
2021-03-22 16:00:04.690,1,0.6495050096547675,740.2091814599147,0.0,
2021-03-22 16:00:04.700,1,0.6181730976404534,734.3147210863748,0.0,
2021-03-22 16:00:04.710,1,0.7577077762830913,738.0690543492328,0.0,
2021-03-22 16:00:04.720,1,0.7199770750091903,745.0896971587225,0.0,
2021-03-22 16:00:04.730,1,0.8330179658350462,732.3423827213811,0.0,
2021-03-22 16:00:04.740,1,0.8048499367887424,731.1708230910623,0.0,
2021-03-22 16:00:04.750,1,0.7258112454976557,735.0844740694757,0.0,
2021-03-22 16:00:04.760,1,0.8927062753811051,725.2888088382681,0.0,
2021-03-22 16:00:04.770,1,0.8891028402516241,729.3199699694553,0.0,
2021-03-22 16:00:04.780,1,0.7106079655661641,726.3131433899733,0.0,
2021-03-22 16:00:04.790,1,0.6971402942622951,732.9902664560208,0.0,
2021-03-22 16:00:04.800,0,0.6144802399437725,729.3905863886638,0.0,
2021-03-22 16:00:04.810,0,0.8338965224536875,728.3757136461675,0.0,
2021-03-22 16:00:04.820,0,0.6514909341074886,730.0311120948552,0.0,
2021-03-22 16:00:04.830,0,0.6507979473793011,733.4797385495326,0.0,
2021-03-22 16:00:04.840,0,0.7998250393255405,727.690300043168,0.0,
2021-03-22 16:00:04.850,0,0.6429140960450304,734.8969338139058,0.0,
2021-03-22 16:00:04.860,0,0.6854391137256666,728.6274155309641,0.0,
2021-03-22 16:00:04.870,0,0.7871438346854351,730.3083155264735,0.0,
2021-03-22 16:00:04.880,0,0.7306840099434282,727.0699043444581,0.0,
2021-03-22 16:00:04.890,0,0.7179741299956697,727.9564913815791,0.0,
2021-03-22 16:00:04.900,0,0.8106628443374642,722.6609189678467,0.0,
2021-03-22 16:00:04.910,0,0.6095080974995195,727.1254651601805,0.0,
2021-03-22 16:00:04.920,0,0.6234249772716867,726.9611828318463,0.0,
2021-03-22 16:00:04.930,0,0.8717609412753315,721.2827748117257,0.0,
2021-03-22 16:00:04.940,0,0.7007066427083226,697.9862664549806,0.0,
2021-03-22 16:00:04.950,0,0.6820255948203425,677.3194315892015,0.0,
2021-03-22 16:00:04.960,0,0.6322323138492614,659.5659071426776,0.0,
2021-03-22 16:00:04.970,0,0.7574736153158211,625.3599395381992,0.0,
2021-03-22 16:00:04.980,0,0.6300328520225174,597.7039888771434,0.0,
2021-03-22 16:00:04.990,0,0.5618983804690147,570.2695232128282,0.0,
2021-03-22 16:00:05.000,1,0.4997400888674848,539.6736384189543,0.0,
2021-03-22 16:00:05.010,1,0.4814392428604978,510.69981059052947,0.0,
2021-03-22 16:00:05.020,1,0.3875545561544589,480.691160056815,0.0,
2021-03-22 16:00:05.030,1,0.5082632378149309,443.294839702872,0.0,
2021-03-22 16:00:05.040,1,0.3721528298039546,419.60800947994056,0.0,
2021-03-22 16:00:05.050,1,0.4459021940707828,387.0289087244952,0.0,
2021-03-22 16:00:05.060,1,0.3973018297127652,353.85488713446864,0.0,
2021-03-22 16:00:05.070,1,0.2995782799911057,328.993302136892,0.0,
2021-03-22 16:00:05.080,1,0.2746701817011668,300.2573847553129,0.0,
2021-03-22 16:00:05.090,1,0.2547094428108762,272.03286519122946,1.0,
2021-03-22 16:00:05.100,1,0.2382461223736203,248.35144048406985,1.0,
2021-03-22 16:00:05.110,1,0.1711432541415168,222.593278924864,1.0,
2021-03-22 16:00:05.120,1,0.1732795139882808,203.41663067175116,1.0,
2021-03-22 16:00:05.130,1,0.1630107582038893,192.73743813598662,1.0,
2021-03-22 16:00:05.140,1,0.1736392971038075,185.83615732570286,1.0,
2021-03-22 16:00:05.150,1,0.1484046040867444,183.04150773081017,1.0,
2021-03-22 16:00:05.160,1,0.191260490058942,184.57146080368958,1.0,
2021-03-22 16:00:05.170,1,0.1744537277350291,191.51947446758984,1.0,
2021-03-22 16:00:05.180,1,0.2005422868988027,199.87557375331718,1.0,
2021-03-22 16:00:05.190,1,0.1884835338797273,212.29632236013043,1.0,
2021-03-22 16:00:05.200,1,0.2236832547621757,224.13344088130899,1.0,
2021-03-22 16:00:05.210,1,0.1677099615562482,238.32635687119125,1.0,
2021-03-22 16:00:05.220,1,0.2067240435934796,253.17910046682158,1.0,
2021-03-22 16:00:05.230,1,0.1965835095694835,271.2916940329652,1.0,
2021-03-22 16:00:05.240,1,0.2115964118617579,286.91573571515875,1.0,
2021-03-22 16:00:05.250,1,0.2937477493979357,304.77733433202013,0.0,
2021-03-22 16:00:05.260,1,0.2472428024440678,326.2458900773387,0.0,
2021-03-22 16:00:05.270,1,0.3299852722179204,345.404911444304,0.0,
2021-03-22 16:00:05.280,1,0.34163625196235703,364.9525596098012,0.0,
2021-03-22 16:00:05.290,1,0.2537510220635906,386.96050809283685,0.0,
2021-03-22 16:00:05.300,1,0.260445784746526,407.4446628189286,0.0,
2021-03-22 16:00:05.310,1,0.3465265672850162,430.5717816968378,0.0,
2021-03-22 16:00:05.320,1,0.4326130341579798,452.21880631925904,0.0,
2021-03-22 16:00:05.330,1,0.327524695984053,469.3447961647569,0.0,
2021-03-22 16:00:05.340,1,0.42513644844990095,493.3447286324241,0.0,
2021-03-22 16:00:05.350,1,0.4341426645914779,510.5542796018945,0.0,
2021-03-22 16:00:05.360,1,0.4775975414149847,531.4357583159889,0.0,
2021-03-22 16:00:05.370,1,0.4513931153416879,546.717124385106,0.0,
2021-03-22 16:00:05.380,1,0.4642787902446228,561.4753284752496,0.0,
2021-03-22 16:00:05.390,1,0.3780059770544108,578.9910926618116,0.0,
2021-03-22 16:00:05.400,1,0.4496745157466956,595.2703080858003,0.0,
2021-03-22 16:00:05.410,1,0.5351973260423621,606.7567412345583,0.0,
2021-03-22 16:00:05.420,1,0.5150087876837962,619.8909309125669,0.0,
2021-03-22 16:00:05.430,1,0.532382706043679,627.9170167257548,0.0,
2021-03-22 16:00:05.440,1,0.5853354343790563,644.1371106910221,0.0,
2021-03-22 16:00:05.450,1,0.3985338592380809,652.5589674112217,0.0,
2021-03-22 16:00:05.460,1,0.4723081347689126,660.6830703664572,0.0,
2021-03-22 16:00:05.470,1,0.5474272360457619,669.3867133025252,0.0,
2021-03-22 16:00:05.480,1,0.591440843099153,674.4732054917092,0.0,
2021-03-22 16:00:05.490,1,0.4561900679728143,681.0509630222838,0.0,
2021-03-22 16:00:05.500,1,0.5851428644378649,693.5082909034771,0.0,
2021-03-22 16:00:05.510,1,0.4642930785532773,699.0478333870112,0.0,
2021-03-22 16:00:05.520,1,0.5325570683463323,704.7452498020994,0.0,
2021-03-22 16:00:05.530,1,0.6154567604815231,702.9342025708078,0.0,
2021-03-22 16:00:05.540,1,0.5906940417514864,711.2841284200614,0.0,
2021-03-22 16:00:05.550,1,0.5551203894385229,726.8635584655327,0.0,
2021-03-22 16:00:05.560,1,0.6707328394200128,724.9526046414412,0.0,
2021-03-22 16:00:05.570,1,0.6658510491136203,720.5679187924218,0.0,
2021-03-22 16:00:05.580,1,0.4906169867904732,724.8721080189149,0.0,
2021-03-22 16:00:05.590,1,0.6412071456637419,733.651142509051,0.0,
2021-03-22 16:00:05.600,1,0.6338564119445711,732.8321614146072,0.0,
2021-03-22 16:00:05.610,1,0.6652785893706316,730.192995808934,0.0,
2021-03-22 16:00:05.620,1,0.6081811739884208,736.541881082522,0.0,
2021-03-22 16:00:05.630,1,0.5104370334141471,739.3503685785353,0.0,
2021-03-22 16:00:05.640,1,0.7303030973203237,744.4833638089946,0.0,
2021-03-22 16:00:05.650,1,0.6330231977913432,733.8475071130472,0.0,
2021-03-22 16:00:05.660,1,0.6379818089634528,737.1030406108583,0.0,
2021-03-22 16:00:05.670,1,0.7128608853472324,740.6943311220889,0.0,
2021-03-22 16:00:05.680,1,0.6211376011937005,736.7823150245282,0.0,
2021-03-22 16:00:05.690,1,0.7174795679150459,745.1547639386476,0.0,
2021-03-22 16:00:05.700,1,0.7149083003641253,740.1153071360126,0.0,
2021-03-22 16:00:05.710,1,0.6880042747545962,750.2730084570766,0.0,
2021-03-22 16:00:05.720,1,0.6535000641033955,739.469189543919,0.0,
2021-03-22 16:00:05.730,1,0.7546793319993492,738.5813534042238,0.0,
2021-03-22 16:00:05.740,1,0.721228561522614,744.367032729958,0.0,
2021-03-22 16:00:05.750,0,0.5313343478480786,741.527983156097,0.0,
2021-03-22 16:00:05.760,0,0.6873147497273547,746.8491503136665,0.0,
2021-03-22 16:00:05.770,0,0.5715523330735962,750.7043195932325,0.0,
2021-03-22 16:00:05.780,0,0.5379406287745379,744.2528936268296,0.0,
2021-03-22 16:00:05.790,0,0.5839537282724963,747.8542380185451,0.0,
2021-03-22 16:00:05.800,0,0.7463443955372353,744.7066611407823,0.0,
2021-03-22 16:00:05.810,0,0.7239131559908454,745.3791786283772,0.0,
2021-03-22 16:00:05.820,0,0.7523581923042407,744.2314663002303,0.0,
2021-03-22 16:00:05.830,0,0.5976972602873587,744.9765381687836,0.0,
2021-03-22 16:00:05.840,0,0.6041709849656391,746.1011097535414,0.0,
2021-03-22 16:00:05.850,0,0.7660117081297795,745.0591096128859,0.0,
2021-03-22 16:00:05.860,0,0.5909999101625849,748.3778936041879,0.0,
2021-03-22 16:00:05.870,0,0.7882516038258787,737.1740712618857,0.0,
2021-03-22 16:00:05.880,0,0.7932336593011735,730.3479936159214,0.0,
2021-03-22 16:00:05.890,0,0.7047237132586223,706.2206883121678,0.0,
2021-03-22 16:00:05.900,0,0.5626696393620052,690.6749114697234,0.0,
2021-03-22 16:00:05.910,0,0.5174779605271055,662.5000645873503,0.0,
2021-03-22 16:00:05.920,0,0.5248185193426637,636.7029370153949,0.0,
2021-03-22 16:00:05.930,0,0.6185787340775372,610.0746600539243,0.0,
2021-03-22 16:00:05.940,0,0.5055639759738612,580.0254384756722,0.0,
2021-03-22 16:00:05.950,0,0.4657563824473953,543.3080429299366,0.0,
2021-03-22 16:00:05.960,0,0.5048346853017157,517.3809115468575,0.0,
2021-03-22 16:00:05.970,0,0.4731589775369487,479.8457970913591,0.0,
2021-03-22 16:00:05.980,0,0.3570523379628604,446.8759836698264,0.0,
2021-03-22 16:00:05.990,0,0.3270500681966485,418.2026559415786,0.0,
2021-03-22 16:00:06.000,1,0.3421702551470011,384.5077128827543,0.0,
2021-03-22 16:00:06.010,1,0.2740299435875155,352.0019004569318,0.0,
2021-03-22 16:00:06.020,1,0.338872470514169,322.8979541357054,0.0,
2021-03-22 16:00:06.030,1,0.2296885076649402,295.5758600505899,0.0,
2021-03-22 16:00:06.040,1,0.1969111441113832,268.19437460615694,1.0,
2021-03-22 16:00:06.050,1,0.2491804982434624,243.21092738068046,1.0,
2021-03-22 16:00:06.060,1,0.1721241587920417,218.267514338106,1.0,
2021-03-22 16:00:06.070,1,0.2120554571393277,197.64099754625545,1.0,
2021-03-22 16:00:06.080,1,0.1283723951913278,177.31309568030125,1.0,
2021-03-22 16:00:06.090,1,0.1487567073319765,155.87201642365585,1.0,
2021-03-22 16:00:06.100,1,0.1173329972532436,138.35841273278808,1.0,
2021-03-22 16:00:06.110,1,0.1242770416986543,121.56145159147141,1.0,
2021-03-22 16:00:06.120,1,0.1094372749354633,109.46564808773368,1.0,
2021-03-22 16:00:06.130,1,0.0719341517921451,103.93139090262731,1.0,
2021-03-22 16:00:06.140,1,0.1095548239416089,104.51427020187796,1.0,
2021-03-22 16:00:06.150,1,0.0962444629143082,109.55293650643463,1.0,
2021-03-22 16:00:06.160,1,0.1020126122449825,117.92165979910936,1.0,
2021-03-22 16:00:06.170,1,0.1271318527196163,128.81657414313705,1.0,
2021-03-22 16:00:06.180,1,0.1117640285376484,143.40700876132888,1.0,
2021-03-22 16:00:06.190,1,0.1163678816509273,159.29314502626116,1.0,
2021-03-22 16:00:06.200,1,0.1654771839118782,178.9222375160376,1.0,
2021-03-22 16:00:06.210,1,0.1541268642991958,196.2408728369212,1.0,
2021-03-22 16:00:06.220,1,0.2113235419173281,217.42222289784402,1.0,
2021-03-22 16:00:06.230,1,0.2160471469484039,239.16374186759026,1.0,
2021-03-22 16:00:06.240,1,0.2166752109918953,258.48288061838184,1.0,
2021-03-22 16:00:06.250,1,0.2638562795613832,283.68891123356553,1.0,
2021-03-22 16:00:06.260,1,0.2090342700194594,302.5657422234612,0.0,
2021-03-22 16:00:06.270,1,0.3008834217108413,323.1633175669789,0.0,
2021-03-22 16:00:06.280,1,0.2480664680576479,349.82875753343836,0.0,
2021-03-22 16:00:06.290,1,0.2965499081935069,372.03549758929876,0.0,
2021-03-22 16:00:06.300,1,0.3271063315008456,396.44249233260393,0.0,
2021-03-22 16:00:06.310,1,0.3560213144907976,423.16326980511366,0.0,
2021-03-22 16:00:06.320,1,0.3821513776110818,439.9496638877062,0.0,
2021-03-22 16:00:06.330,1,0.338808149561043,466.6036914631376,0.0,
2021-03-22 16:00:06.340,1,0.4060629459304945,492.45365396228254,0.0,
2021-03-22 16:00:06.350,1,0.3173489148798589,510.63680471199683,0.0,
2021-03-22 16:00:06.360,1,0.3733265342957972,524.7928106220639,0.0,
2021-03-22 16:00:06.370,1,0.3328900865873904,551.4338655546202,0.0,
2021-03-22 16:00:06.380,1,0.478430467790278,564.5258490888287,0.0,
2021-03-22 16:00:06.390,1,0.5124027486069855,585.314204834325,0.0,
2021-03-22 16:00:06.400,1,0.4396734205613062,598.7651710883672,0.0,
2021-03-22 16:00:06.410,1,0.4460368546091786,616.4893782293989,0.0,
2021-03-22 16:00:06.420,1,0.5465481688200382,631.7655909367297,0.0,
2021-03-22 16:00:06.430,1,0.4759929540731046,646.3245054076856,0.0,
2021-03-22 16:00:06.440,1,0.414950524312234,664.3160287010929,0.0,
2021-03-22 16:00:06.450,1,0.564403172335495,668.3083414236708,0.0,
2021-03-22 16:00:06.460,1,0.4512191874470277,677.170046593272,0.0,
2021-03-22 16:00:06.470,1,0.4399729897463508,696.1980074667032,0.0,
2021-03-22 16:00:06.480,1,0.6257266508224727,701.1637525014903,0.0,
2021-03-22 16:00:06.490,1,0.5128729851066725,713.0989734501306,0.0,
2021-03-22 16:00:06.500,1,0.6176675609424662,715.0618813007246,0.0,
2021-03-22 16:00:06.510,1,0.4594804954516845,722.9829690101642,0.0,
2021-03-22 16:00:06.520,1,0.4968891616960066,728.1070153235318,0.0,
2021-03-22 16:00:06.530,1,0.6488565656205306,740.3467204143259,0.0,
2021-03-22 16:00:06.540,1,0.4783826774474539,735.2502793101033,0.0,
2021-03-22 16:00:06.550,1,0.4677647250412665,739.2838964789287,0.0,
2021-03-22 16:00:06.560,1,0.6601312147420875,743.1208464459472,0.0,
2021-03-22 16:00:06.570,1,0.5784588169509811,746.3523908811522,0.0,
2021-03-22 16:00:06.580,1,0.6379255606555762,752.9425823005362,0.0,
2021-03-22 16:00:06.590,1,0.6974488965635104,752.9825168241828,0.0,
2021-03-22 16:00:06.600,1,0.6285609215940682,760.6055968067658,0.0,
2021-03-22 16:00:06.610,1,0.7013725591868643,758.8236503036643,0.0,
2021-03-22 16:00:06.620,1,0.5331950112363266,760.1972269193228,0.0,
2021-03-22 16:00:06.630,1,0.627115183450912,755.127258296508,0.0,
2021-03-22 16:00:06.640,1,0.5467932708549895,757.0458596827333,0.0,
2021-03-22 16:00:06.650,1,0.7183281190098266,756.1175401525007,0.0,
2021-03-22 16:00:06.660,1,0.7197024187944644,762.3838580060132,0.0,
2021-03-22 16:00:06.670,1,0.6738761354769053,767.0001596581039,0.0,
2021-03-22 16:00:06.680,1,0.4938064876837075,759.6789644267427,0.0,
2021-03-22 16:00:06.690,1,0.5733843400142072,759.302298491472,0.0,
2021-03-22 16:00:06.700,0,0.5729497444868491,749.5508628408569,0.0,
2021-03-22 16:00:06.710,0,0.7221524989349941,756.1607363287816,0.0,
2021-03-22 16:00:06.720,0,0.5689360500210461,762.5714917718361,0.0,
2021-03-22 16:00:06.730,0,0.7460254015916072,759.1974453968361,0.0,
2021-03-22 16:00:06.740,0,0.6417032628154634,748.2808314156091,0.0,
2021-03-22 16:00:06.750,0,0.6524582997946236,756.503796678372,0.0,
2021-03-22 16:00:06.760,0,0.51645587785135,757.775324632957,0.0,
2021-03-22 16:00:06.770,0,0.653194058052973,750.8529198148564,0.0,
2021-03-22 16:00:06.780,0,0.5003973289060544,751.3792345389087,0.0,
2021-03-22 16:00:06.790,0,0.6517216122355666,750.4342595571673,0.0,
2021-03-22 16:00:06.800,0,0.5187975286828628,747.8427073668919,0.0,
2021-03-22 16:00:06.810,0,0.5819101068880564,740.5535424512162,0.0,
2021-03-22 16:00:06.820,0,0.6750604263834334,742.0654177460747,0.0,
2021-03-22 16:00:06.830,0,0.7175126720313298,723.153737665619,0.0,
2021-03-22 16:00:06.840,0,0.5572660114742145,713.2928251728406,0.0,
2021-03-22 16:00:06.850,0,0.668048186251344,689.3776391904788,0.0,
2021-03-22 16:00:06.860,0,0.4656761496885405,659.0599822005902,0.0,
2021-03-22 16:00:06.870,0,0.4370359417306114,634.1989596825586,0.0,
2021-03-22 16:00:06.880,0,0.487188118137051,608.6199377578898,0.0,
2021-03-22 16:00:06.890,0,0.5489935180250063,574.5998679002802,0.0,
2021-03-22 16:00:06.900,0,0.5158687805983687,545.8889998605246,0.0,
2021-03-22 16:00:06.910,0,0.3899938827218848,507.5482189366384,0.0,
2021-03-22 16:00:06.920,0,0.4401355162833417,477.87235881522116,0.0,
2021-03-22 16:00:06.930,0,0.2788047766202238,450.5586637689617,0.0,
2021-03-22 16:00:06.940,0,0.3322222613818409,416.4547608504277,0.0,
2021-03-22 16:00:06.950,0,0.3527656157143978,383.0208694496754,0.0,
2021-03-22 16:00:06.960,0,0.2770823266234044,354.3834889620652,0.0,
2021-03-22 16:00:06.970,0,0.2601124066559086,327.0557916462994,0.0,
2021-03-22 16:00:06.980,0,0.2385482258282686,295.86549794431943,0.0,
2021-03-22 16:00:06.990,0,0.2218672929191307,270.2124463446078,1.0,
2021-03-22 16:00:07.000,1,0.2040448553811778,246.7183460490836,1.0,
2021-03-22 16:00:07.010,1,0.1506420843127722,221.93992505441202,1.0,
2021-03-22 16:00:07.020,1,0.1733732342279226,200.5004212054388,1.0,
2021-03-22 16:00:07.030,1,0.0989612519927648,177.6338367634704,1.0,
2021-03-22 16:00:07.040,1,0.1077594749070021,158.60690102366803,1.0,
2021-03-22 16:00:07.050,1,0.0886846619581923,140.11110680053608,1.0,
2021-03-22 16:00:07.060,1,0.1008711020466149,122.51211889652508,1.0,
2021-03-22 16:00:07.070,1,0.0731794247140937,107.8813117319591,1.0,
2021-03-22 16:00:07.080,1,0.0627439996425445,92.65533004898472,1.0,
2021-03-22 16:00:07.090,1,0.0455752218904899,79.87974355604473,1.0,
2021-03-22 16:00:07.100,1,0.0525297382367583,67.46403224019221,2.0,
2021-03-22 16:00:07.110,1,0.0425714482816222,56.6115095192593,2.0,
2021-03-22 16:00:07.120,1,0.0358452260837675,49.55409129574512,2.0,
2021-03-22 16:00:07.130,1,0.0218465115184931,46.09114478190806,2.0,
2021-03-22 16:00:07.140,1,0.0326066003857671,46.2192267705521,2.0,
2021-03-22 16:00:07.150,1,0.0368985172568979,50.32161776471465,2.0,
2021-03-22 16:00:07.160,1,0.0205497424609188,56.4505071897855,2.0,
2021-03-22 16:00:07.170,1,0.0441378210270769,63.84858971099281,2.0,
2021-03-22 16:00:07.180,1,0.0430480557607235,74.26412177517528,2.0,
2021-03-22 16:00:07.190,1,0.0617713323946285,86.74264852941427,1.0,
2021-03-22 16:00:07.200,1,0.0599843369076876,102.02968137598177,1.0,
2021-03-22 16:00:07.210,1,0.0818294717060055,119.13869938093994,1.0,
2021-03-22 16:00:07.220,1,0.0725532099025525,137.25218459262717,1.0,
2021-03-22 16:00:07.230,1,0.0954840980444183,159.04964601826828,1.0,
2021-03-22 16:00:07.240,1,0.0961111181500118,180.80185091533968,1.0,
2021-03-22 16:00:07.250,1,0.10003391802142697,205.46104809460158,1.0,
2021-03-22 16:00:07.260,1,0.1473492734941321,227.1841634332228,1.0,
2021-03-22 16:00:07.270,1,0.1291782586449403,251.81857780345837,1.0,
2021-03-22 16:00:07.280,1,0.1781084886054728,274.8629188501472,1.0,
2021-03-22 16:00:07.290,1,0.19900088433147106,297.75055220702,0.0,
2021-03-22 16:00:07.300,1,0.2082234870419569,322.5273535103395,0.0,
2021-03-22 16:00:07.310,1,0.2449006771813439,347.56184890378387,0.0,
2021-03-22 16:00:07.320,1,0.1820504917686871,373.3651800398661,0.0,
2021-03-22 16:00:07.330,1,0.2523057345024574,396.29543650343663,0.0,
2021-03-22 16:00:07.340,1,0.223962679298327,419.04111822644944,0.0,
2021-03-22 16:00:07.350,1,0.2152564370143672,441.0841450442174,0.0,
2021-03-22 16:00:07.360,1,0.2842885977093851,471.1930717254393,0.0,
2021-03-22 16:00:07.370,1,0.3094040231773871,490.8883517079304,0.0,
2021-03-22 16:00:07.380,1,0.2958478365762492,509.6051073557248,0.0,
2021-03-22 16:00:07.390,1,0.2715455273147852,529.2027115412028,0.0,
2021-03-22 16:00:07.400,1,0.3758949640609098,544.9612452513765,0.0,
2021-03-22 16:00:07.410,1,0.4190768636255014,565.1440228122702,0.0,
2021-03-22 16:00:07.420,1,0.3143342373520256,585.5243813631564,0.0,
2021-03-22 16:00:07.430,1,0.3858410142854604,599.3957850032634,0.0,
2021-03-22 16:00:07.440,1,0.3664710864194754,613.073461369944,0.0,
2021-03-22 16:00:07.450,1,0.4483936223444898,631.60915575679,0.0,
2021-03-22 16:00:07.460,1,0.4912242217374327,637.6641366274548,0.0,
2021-03-22 16:00:07.470,1,0.3863752566168014,652.0027538880572,0.0,
2021-03-22 16:00:07.480,1,0.4912130405624989,660.8338371046539,0.0,
2021-03-22 16:00:07.490,1,0.3771328906946688,674.4356495073426,0.0,
2021-03-22 16:00:07.500,1,0.5104526260273329,682.0134215889134,0.0,
2021-03-22 16:00:07.510,1,0.4128606400396285,690.7230609864745,0.0,
2021-03-22 16:00:07.520,1,0.4736362686014205,701.3290802580859,0.0,
2021-03-22 16:00:07.530,1,0.558935334001443,701.9607202905528,0.0,
2021-03-22 16:00:07.540,1,0.5767723743572669,706.9998950201006,0.0,
2021-03-22 16:00:07.550,1,0.5308077342890657,711.3907583659891,0.0,
2021-03-22 16:00:07.560,1,0.5535062237938063,714.836000224159,0.0,
2021-03-22 16:00:07.570,1,0.6386477940997447,721.4228237104032,0.0,
2021-03-22 16:00:07.580,1,0.4760154785767826,726.618834945319,0.0,
2021-03-22 16:00:07.590,1,0.57633466840371,728.2902570954508,0.0,
2021-03-22 16:00:07.600,1,0.6545350224079309,723.9701750616922,0.0,
2021-03-22 16:00:07.610,1,0.6875212528028884,734.3853876195578,0.0,
2021-03-22 16:00:07.620,1,0.5856923074919734,733.4789702801997,0.0,
2021-03-22 16:00:07.630,1,0.5224247721604593,737.9658459833099,0.0,
2021-03-22 16:00:07.640,1,0.6681439158119158,732.5638211593795,0.0,
2021-03-22 16:00:07.650,0,0.5803155360020426,739.998799318677,0.0,
2021-03-22 16:00:07.660,0,0.6269203425792148,744.8201832111299,0.0,
2021-03-22 16:00:07.670,0,0.5913271254516733,739.4187418291838,0.0,
2021-03-22 16:00:07.680,0,0.6535432088211487,741.6325288030803,0.0,
2021-03-22 16:00:07.690,0,0.5971196411907379,746.0534755388421,0.0,
2021-03-22 16:00:07.700,0,0.5376861278657171,741.6855318637632,0.0,
2021-03-22 16:00:07.710,0,0.6235574236906968,742.4599700409784,0.0,
2021-03-22 16:00:07.720,0,0.7200238887530568,748.3195483101198,0.0,
2021-03-22 16:00:07.730,0,0.7419975387695077,744.1589805477887,0.0,
2021-03-22 16:00:07.740,0,0.7155390602445271,740.5598077451198,0.0,
2021-03-22 16:00:07.750,0,0.5559000982756351,745.4571465765289,0.0,
2021-03-22 16:00:07.760,0,0.6289340865124539,742.714032802307,0.0,
2021-03-22 16:00:07.770,0,0.7051704803546794,737.9676739919763,0.0,
2021-03-22 16:00:07.780,0,0.5679467474157684,731.4195910866267,0.0,
2021-03-22 16:00:07.790,0,0.6884108636402946,711.5843827009435,0.0,
2021-03-22 16:00:07.800,0,0.6789351467960072,690.133379276405,0.0,
2021-03-22 16:00:07.810,0,0.4736187903216132,665.4100472887193,0.0,
2021-03-22 16:00:07.820,0,0.6562434496611851,639.3176449227375,0.0,
2021-03-22 16:00:07.830,0,0.5714765325959364,610.1898870338666,0.0,
2021-03-22 16:00:07.840,0,0.502550998463135,576.6659093406281,0.0,
2021-03-22 16:00:07.850,0,0.4531697952807543,546.9384869845455,0.0,
2021-03-22 16:00:07.860,0,0.5282463774869809,514.9589164059238,0.0,
2021-03-22 16:00:07.870,0,0.4738268369850271,486.1595711249518,0.0,
2021-03-22 16:00:07.880,0,0.3976357321436654,450.39205730236336,0.0,
2021-03-22 16:00:07.890,0,0.413367178995026,418.99986280121453,0.0,
2021-03-22 16:00:07.900,0,0.4068620451147387,390.81129212308633,0.0,
2021-03-22 16:00:07.910,0,0.26921924481151605,356.84843910121043,0.0,
2021-03-22 16:00:07.920,0,0.302708596407805,327.0220036067796,0.0,
2021-03-22 16:00:07.930,0,0.309540571736979,301.65194117921754,0.0,
2021-03-22 16:00:07.940,0,0.2596079026770658,270.95848580623834,1.0,
2021-03-22 16:00:07.950,0,0.2547804062104964,246.6062675959625,1.0,
2021-03-22 16:00:07.960,0,0.2015093111675734,225.3275878733229,1.0,
2021-03-22 16:00:07.970,0,0.1981705669335939,201.415015340074,1.0,
2021-03-22 16:00:07.980,0,0.1474334513809456,179.31337503568798,1.0,
2021-03-22 16:00:07.990,0,0.1379314398055513,160.60778924070462,1.0,
2021-03-22 16:00:08.000,1,0.1010713167679968,141.05047977418084,1.0,
2021-03-22 16:00:08.010,1,0.1313231991151439,122.64509699785557,1.0,
2021-03-22 16:00:08.020,1,0.1142869072676637,108.05089021898563,1.0,
2021-03-22 16:00:08.030,1,0.088275740160254,93.64490946087562,1.0,
2021-03-22 16:00:08.040,1,0.0592534803834739,80.31719842676675,1.0,
2021-03-22 16:00:08.050,1,0.0515944990643679,68.29709388447608,2.0,
2021-03-22 16:00:08.060,1,0.0487783997092148,57.14231961438068,2.0,
2021-03-22 16:00:08.070,1,0.0343237165442888,46.92659708896071,2.0,
2021-03-22 16:00:08.080,1,0.0296679556545576,38.25538922488303,2.0,
2021-03-22 16:00:08.090,1,0.0200030839006771,30.079460132305307,2.0,
2021-03-22 16:00:08.100,1,0.0185280845347531,22.967434813250453,2.0,
2021-03-22 16:00:08.110,1,0.0035005964024175,16.810150559523617,2.0,
2021-03-22 16:00:08.120,1,0.0070278766504116,13.65328789229595,2.0,
2021-03-22 16:00:08.130,1,0.0100576844814422,14.56608203024117,2.0,
2021-03-22 16:00:08.140,1,0.0180594865397062,18.484189551954024,2.0,
2021-03-22 16:00:08.150,1,0.0263236368961286,25.315489981241303,2.0,
2021-03-22 16:00:08.160,1,0.0334441432114528,34.40411140101076,2.0,
2021-03-22 16:00:08.170,1,0.0366490942701837,45.213435501960994,2.0,
2021-03-22 16:00:08.180,1,0.0489719788244524,57.379137985704965,2.0,
2021-03-22 16:00:08.190,1,0.0469292970089507,70.69733783090835,1.0,
2021-03-22 16:00:08.200,1,0.0876558869495104,87.61387735420001,1.0,
2021-03-22 16:00:08.210,1,0.0811661978897011,104.67709764908443,1.0,
2021-03-22 16:00:08.220,1,0.0876372322373774,125.4011642251108,1.0,
2021-03-22 16:00:08.230,1,0.1072121461525546,148.25126511856774,1.0,
2021-03-22 16:00:08.240,1,0.1776130291577878,169.3630002435583,1.0,
2021-03-22 16:00:08.250,1,0.1777200980755592,192.31548990177143,1.0,
2021-03-22 16:00:08.260,1,0.1544389758240913,216.40599350305644,1.0,
2021-03-22 16:00:08.270,1,0.1731864904006078,239.3695964073373,1.0,
2021-03-22 16:00:08.280,1,0.2235598687100292,263.9259955665165,1.0,
2021-03-22 16:00:08.290,1,0.2825332286245602,286.9816361969585,0.0,
2021-03-22 16:00:08.300,1,0.3133029909240675,313.96803401748366,0.0,
2021-03-22 16:00:08.310,1,0.3074300354307199,334.17954841890395,0.0,
2021-03-22 16:00:08.320,1,0.2965756373919266,358.07770798376737,0.0,
2021-03-22 16:00:08.330,1,0.3962580397364103,389.88024615480407,0.0,
2021-03-22 16:00:08.340,1,0.3704054116577228,408.893134813944,0.0,
2021-03-22 16:00:08.350,1,0.4471010500479883,431.3077092831121,0.0,
2021-03-22 16:00:08.360,1,0.3541488418442913,457.26994525376364,0.0,
2021-03-22 16:00:08.370,1,0.3462158090939841,478.1294123297063,0.0,
2021-03-22 16:00:08.380,1,0.4615060057241675,502.2649196009439,0.0,
2021-03-22 16:00:08.390,1,0.4887291444004789,516.5338484157313,0.0,
2021-03-22 16:00:08.400,1,0.4699169672392832,544.9115343649927,0.0,
2021-03-22 16:00:08.410,1,0.5441174014267567,564.8744720340883,0.0,
2021-03-22 16:00:08.420,1,0.4499066300977415,575.3725476806138,0.0,
2021-03-22 16:00:08.430,1,0.4930811414222653,598.9978541422768,0.0,
2021-03-22 16:00:08.440,1,0.5082986121524552,608.226720111032,0.0,
2021-03-22 16:00:08.450,1,0.5685663056341992,625.7423188842666,0.0,
2021-03-22 16:00:08.460,1,0.5402404311350955,635.6024422735937,0.0,
2021-03-22 16:00:08.470,1,0.6929893273467795,649.783105156371,0.0,
2021-03-22 16:00:08.480,1,0.5713759912977378,662.9229897385824,0.0,
2021-03-22 16:00:08.490,1,0.6641853244427364,676.3949202061121,0.0,
2021-03-22 16:00:08.500,1,0.6599422509142014,680.9156540302837,0.0,
2021-03-22 16:00:08.510,1,0.5388994295503028,701.0823022107816,0.0,
2021-03-22 16:00:08.520,1,0.6403722194130528,696.6619823378846,0.0,
2021-03-22 16:00:08.530,1,0.7118107692783288,710.0139921681729,0.0,
2021-03-22 16:00:08.540,1,0.6112064780059572,718.7750078651912,0.0,
2021-03-22 16:00:08.550,1,0.6185528857086381,723.6438083679167,0.0,
2021-03-22 16:00:08.560,1,0.6859054544733206,725.4895446311048,0.0,
2021-03-22 16:00:08.570,1,0.5747377524763968,726.5446904210593,0.0,
2021-03-22 16:00:08.580,1,0.8140932928721519,737.0799199732699,0.0,
2021-03-22 16:00:08.590,1,0.6151637755276035,744.4298158019119,0.0,
2021-03-22 16:00:08.600,0,0.7387694017292845,743.9775241798599,0.0,
2021-03-22 16:00:08.610,0,0.8512930943245673,744.9511544132089,0.0,
2021-03-22 16:00:08.620,0,0.573087239596371,750.4069553394961,0.0,
2021-03-22 16:00:08.630,0,0.5859383562978663,749.3901336490953,0.0,
2021-03-22 16:00:08.640,0,0.8007000374936999,755.0554817077035,0.0,
2021-03-22 16:00:08.650,0,0.7096412099352927,751.5723881018828,0.0,
2021-03-22 16:00:08.660,0,0.7954574477447998,755.2601111688142,0.0,
2021-03-22 16:00:08.670,0,0.8188274700472287,755.9987458921347,0.0,
2021-03-22 16:00:08.680,0,0.8285123425756595,758.4142329388937,0.0,
2021-03-22 16:00:08.690,0,0.768817021641055,758.1405736990198,0.0,
2021-03-22 16:00:08.700,0,0.8434695995703082,753.7655531173202,0.0,
2021-03-22 16:00:08.710,0,0.8279080416568193,754.9334187456727,0.0,
2021-03-22 16:00:08.720,0,0.5713745887038761,758.6142599931998,0.0,
2021-03-22 16:00:08.730,0,0.7379033682553815,741.6756336739154,0.0,
2021-03-22 16:00:08.740,0,0.7089087802913615,723.9722831906398,0.0,
2021-03-22 16:00:08.750,0,0.7550397334712923,703.9853505301031,0.0,
2021-03-22 16:00:08.760,0,0.7569122394354915,678.2141847557143,0.0,
2021-03-22 16:00:08.770,0,0.5022782028247125,649.246136929805,0.0,
2021-03-22 16:00:08.780,0,0.5591188738698488,621.2214905050351,0.0,
2021-03-22 16:00:08.790,0,0.5343295134195694,587.0429653260428,0.0,
2021-03-22 16:00:08.800,0,0.5861075694437948,555.7924424247593,0.0,
2021-03-22 16:00:08.810,0,0.4573681767981898,523.6421878514947,0.0,
2021-03-22 16:00:08.820,0,0.3987253907119047,493.87246548659135,0.0,
2021-03-22 16:00:08.830,0,0.4415799374861289,456.77424885073617,0.0,
2021-03-22 16:00:08.840,0,0.3234582500663632,422.16199713994797,0.0,
2021-03-22 16:00:08.850,0,0.358848991954385,391.48699564395173,0.0,
2021-03-22 16:00:08.860,0,0.3325638763955046,361.9257625204106,0.0,
2021-03-22 16:00:08.870,0,0.3108547715561261,329.9534766748559,0.0,
2021-03-22 16:00:08.880,0,0.2149090108517287,300.6974815220036,0.0,
2021-03-22 16:00:08.890,0,0.2471867940757929,277.1868708351868,0.0,
2021-03-22 16:00:08.900,0,0.2281109875663088,249.3094528501551,1.0,
2021-03-22 16:00:08.910,0,0.1654890444863845,221.9321728784722,1.0,
2021-03-22 16:00:08.920,0,0.1940941313501049,200.7721336948502,1.0,
2021-03-22 16:00:08.930,0,0.14577444400007802,178.72869035225978,1.0,
2021-03-22 16:00:08.940,0,0.1297978864514662,160.88642570530274,1.0,
2021-03-22 16:00:08.950,0,0.109860021611504,141.12973290524016,1.0,
2021-03-22 16:00:08.960,0,0.0964068247753065,124.25619522457443,1.0,
2021-03-22 16:00:08.970,0,0.0726718859651322,107.77926000538557,1.0,
2021-03-22 16:00:08.980,0,0.0716343095262465,93.29355333292496,1.0,
2021-03-22 16:00:08.990,0,0.057123162084802,80.04578496095036,1.0,
2021-03-22 16:00:09.000,1,0.064186523529204,67.912395549164,1.0,
2021-03-22 16:00:09.010,1,0.0440344428376683,57.32978274515093,2.0,
2021-03-22 16:00:09.020,1,0.0222913625241244,47.13082021740204,2.0,
2021-03-22 16:00:09.030,1,0.0318729925466377,37.6534918526504,2.0,
2021-03-22 16:00:09.040,1,0.0206485427810878,30.187871196297998,2.0,
2021-03-22 16:00:09.050,1,0.018405720244619,23.13833592810967,2.0,
2021-03-22 16:00:09.060,1,0.0118231549426346,16.810792813588172,2.0,
2021-03-22 16:00:09.070,1,0.0068487721308561,11.385311135022553,2.0,
2021-03-22 16:00:09.080,1,0.0069378255118213,6.5529212668400225,2.0,
2021-03-22 16:00:09.090,1,0.0055258090765477,2.350455075843401,2.0,
2021-03-22 16:00:09.100,1,0.0016335947397421,0.0,2.0,
2021-03-22 16:00:09.110,1,-0.0019490647749566,0.0,2.0,
2021-03-22 16:00:09.120,1,-0.0067374123820938,0.0,2.0,
2021-03-22 16:00:09.130,1,-0.0018565777624912,0.0,2.0,
2021-03-22 16:00:09.140,1,-0.0014987433137191,5.673460935520809,2.0,
2021-03-22 16:00:09.150,1,0.0111261648333378,14.622583955587373,2.0,
2021-03-22 16:00:09.160,1,0.0140646118948709,25.86374956070664,2.0,
2021-03-22 16:00:09.170,1,0.0225399821040716,38.70657520198575,2.0,
2021-03-22 16:00:09.180,1,0.0326703787545518,52.349452897668286,2.0,
2021-03-22 16:00:09.190,1,0.0365088256200736,67.89423984014785,1.0,
2021-03-22 16:00:09.200,1,0.0457278152186225,86.33523715143049,1.0,
2021-03-22 16:00:09.210,1,0.0624450523749114,106.35413893333487,1.0,
2021-03-22 16:00:09.220,1,0.0616037774287462,128.96775307965538,1.0,
2021-03-22 16:00:09.230,1,0.1085229888470619,151.50686404380556,1.0,
2021-03-22 16:00:09.240,1,0.112920318269371,177.34039617532503,1.0,
2021-03-22 16:00:09.250,1,0.1169687363986226,201.05258189793744,1.0,
2021-03-22 16:00:09.260,1,0.1339610644956924,225.1615699587452,1.0,
2021-03-22 16:00:09.270,1,0.1974913534654265,250.75366584808043,1.0,
2021-03-22 16:00:09.280,1,0.1878495593512522,274.91968640761354,0.0,
2021-03-22 16:00:09.290,1,0.2343300894946268,302.1757173912948,0.0,
2021-03-22 16:00:09.300,1,0.2448205799243194,328.18527503498063,0.0,
2021-03-22 16:00:09.310,1,0.226779968966346,352.7399639485548,0.0,
2021-03-22 16:00:09.320,1,0.2757833382630557,380.7975695136016,0.0,
2021-03-22 16:00:09.330,1,0.2516923066136854,405.22488555910485,0.0,
2021-03-22 16:00:09.340,1,0.2791216483640985,429.389387215372,0.0,
2021-03-22 16:00:09.350,1,0.2899102926238303,453.5410257143579,0.0,
2021-03-22 16:00:09.360,1,0.3727346693642672,481.1921859115725,0.0,
2021-03-22 16:00:09.370,1,0.4252455385915071,504.34274904940116,0.0,
2021-03-22 16:00:09.380,1,0.3313528433701915,524.8144275119787,0.0,
2021-03-22 16:00:09.390,1,0.3999576722147169,548.6855021639958,0.0,
2021-03-22 16:00:09.400,1,0.4473521876847275,567.0485606952034,0.0,
2021-03-22 16:00:09.410,1,0.4028625077989829,580.7182007528259,0.0,
2021-03-22 16:00:09.420,1,0.4413145413667149,604.3756482806185,0.0,
2021-03-22 16:00:09.430,1,0.5172687291456045,613.9476130818813,0.0,
2021-03-22 16:00:09.440,1,0.3946915628785233,637.8520953382928,0.0,
2021-03-22 16:00:09.450,1,0.4229764383053679,649.0730887604427,0.0,
2021-03-22 16:00:09.460,1,0.5430270657739162,657.9693036792911,0.0,
2021-03-22 16:00:09.470,1,0.5201541964114675,670.9186953990367,0.0,
2021-03-22 16:00:09.480,1,0.4373782287111595,687.1724212972862,0.0,
2021-03-22 16:00:09.490,1,0.6003426861532969,689.5066333940732,0.0,
2021-03-22 16:00:09.500,1,0.5139137607909076,699.3880766813675,0.0,
2021-03-22 16:00:09.510,1,0.5775382325447603,713.4533772337062,0.0,
2021-03-22 16:00:09.520,1,0.4833447300282542,717.4585344066112,0.0,
2021-03-22 16:00:09.530,1,0.6055992234418481,724.7066182473351,0.0,
2021-03-22 16:00:09.540,1,0.4843481933376933,732.165163709163,0.0,
2021-03-22 16:00:09.550,0,0.6138911060985536,732.5194695736086,0.0,
2021-03-22 16:00:09.560,0,0.6084311253611622,740.0612132783392,0.0,
2021-03-22 16:00:09.570,0,0.6447560411209308,736.7913242501484,0.0,
2021-03-22 16:00:09.580,0,0.578498005967953,743.5256041215234,0.0,
2021-03-22 16:00:09.590,0,0.6386293451690608,749.4671526295174,0.0,
2021-03-22 16:00:09.600,0,0.6676476305343546,748.0238905762262,0.0,
2021-03-22 16:00:09.610,0,0.6973454925862195,751.9728824142983,0.0,
2021-03-22 16:00:09.620,0,0.5274179668624768,757.5945830057933,0.0,
2021-03-22 16:00:09.630,0,0.6749334571936286,750.6634128580389,0.0,
2021-03-22 16:00:09.640,0,0.5327572741631952,746.0683970822247,0.0,
2021-03-22 16:00:09.650,0,0.5913385636719861,759.5510240380381,0.0,
2021-03-22 16:00:09.660,0,0.5445030854794431,758.4786761920593,0.0,
2021-03-22 16:00:09.670,0,0.7282207976303636,748.1115901214522,0.0,
2021-03-22 16:00:09.680,0,0.5427610173344773,739.1369727870102,0.0,
2021-03-22 16:00:09.690,0,0.5529217730761719,723.5972065287152,0.0,
2021-03-22 16:00:09.700,0,0.623578950054011,701.5346392458345,0.0,
2021-03-22 16:00:09.710,0,0.4838765231671656,676.9463730138739,0.0,
2021-03-22 16:00:09.720,0,0.4491058610674016,643.546902411151,0.0,
2021-03-22 16:00:09.730,0,0.4243531059748777,623.1491580326349,0.0,
2021-03-22 16:00:09.740,0,0.4905453558517396,586.7672745063786,0.0,
2021-03-22 16:00:09.750,0,0.4820903966138146,550.4433664977231,0.0,
2021-03-22 16:00:09.760,0,0.366030490450356,522.2482227918372,0.0,
2021-03-22 16:00:09.770,0,0.3774362071908952,490.5118796677645,0.0,
2021-03-22 16:00:09.780,0,0.336309469873276,457.40597476700486,0.0,
2021-03-22 16:00:09.790,0,0.3419822039608809,422.5585220686553,0.0,
2021-03-22 16:00:09.800,0,0.2663170442199928,394.06393697137366,0.0,
2021-03-22 16:00:09.810,0,0.2482503849036091,362.7155703297902,0.0,
2021-03-22 16:00:09.820,0,0.2710774809098531,333.151255853668,0.0,
2021-03-22 16:00:09.830,0,0.2688733351958463,302.8099722153821,0.0,
2021-03-22 16:00:09.840,0,0.2278680537320219,277.6994478247759,0.0,
2021-03-22 16:00:09.850,0,0.1834007082766423,252.2301656271262,1.0,
2021-03-22 16:00:09.860,0,0.1691432838589233,226.9553493401886,1.0,
2021-03-22 16:00:09.870,0,0.1335310480678916,203.4073577144001,1.0,
2021-03-22 16:00:09.880,0,0.1273593087961821,181.34205477387798,1.0,
2021-03-22 16:00:09.890,0,0.1033692473563316,163.29000786048132,1.0,
2021-03-22 16:00:09.900,0,0.096786564399012,143.74445735112906,1.0,
2021-03-22 16:00:09.910,0,0.1067378931734762,127.49057228039257,1.0,
2021-03-22 16:00:09.920,0,0.0646137963450798,110.6125446404777,1.0,
2021-03-22 16:00:09.930,0,0.0927524856973137,96.59957125908696,1.0,
2021-03-22 16:00:09.940,0,0.0623515875964799,82.71585188313233,1.0,
2021-03-22 16:00:09.950,0,0.0467731930312366,69.77155949897822,1.0,
2021-03-22 16:00:09.960,0,0.0441489078615382,58.841806273827856,1.0,
2021-03-22 16:00:09.970,0,0.0444452475460842,48.72153583284299,2.0,
2021-03-22 16:00:09.980,0,0.0323779777846267,39.23356342859371,2.0,
2021-03-22 16:00:09.990,0,0.0223589182099058,31.53404574384756,2.0,
2021-03-22 16:00:10.000,1,0.0171490021710543,24.08859431680304,2.0,
2021-03-22 16:00:10.010,1,0.0151390754048325,17.810451066251023,2.0,
2021-03-22 16:00:10.020,1,0.0099842726879986,12.106093508800528,2.0,
2021-03-22 16:00:10.030,1,-0.0004207628663859,7.048371804416129,2.0,
2021-03-22 16:00:10.040,1,0.0079264747492685,2.758863261088392,2.0,
2021-03-22 16:00:10.050,1,-0.0053541660690652,0.0,2.0,
2021-03-22 16:00:10.060,1,-0.0005903929971885,0.0,2.0,
2021-03-22 16:00:10.070,1,-0.0013150815405168,0.0,2.0,
2021-03-22 16:00:10.080,1,0.0001127664189092,0.0,2.0,
2021-03-22 16:00:10.090,1,-0.0023736181108105,0.0,2.0,
2021-03-22 16:00:10.100,1,-0.0080031163621336,0.0,2.0,
2021-03-22 16:00:10.110,1,-0.0125719561514098,0.0,2.0,
2021-03-22 16:00:10.120,1,-0.0036085343557195,0.0,2.0,
2021-03-22 16:00:10.130,1,0.0025222985025727,0.0,2.0,
2021-03-22 16:00:10.140,1,0.0066488375508316,2.603254775244032,2.0,
2021-03-22 16:00:10.150,1,0.0126221604342164,13.229660501687595,2.0,
2021-03-22 16:00:10.160,1,0.0241095984580886,25.911249096519708,2.0,
2021-03-22 16:00:10.170,1,0.0323788018725291,39.51936223387322,2.0,
2021-03-22 16:00:10.180,1,0.0307410746945259,54.64298666068288,1.0,
2021-03-22 16:00:10.190,1,0.0648539971966694,71.83853861602068,1.0,
2021-03-22 16:00:10.200,1,0.0534368343129705,90.95872362079777,1.0,
2021-03-22 16:00:10.210,1,0.0820859432322504,112.84319435503271,1.0,
2021-03-22 16:00:10.220,1,0.0867763252868171,136.52606046370988,1.0,
2021-03-22 16:00:10.230,1,0.1217387876051947,160.56026091372766,1.0,
2021-03-22 16:00:10.240,1,0.125551939637703,185.6231981245984,1.0,
2021-03-22 16:00:10.250,1,0.1428483973191957,209.6407515414361,1.0,
2021-03-22 16:00:10.260,1,0.1689897381633193,232.8633918145973,1.0,
2021-03-22 16:00:10.270,1,0.2350089146842832,261.15989765025523,0.0,
2021-03-22 16:00:10.280,1,0.2440109816464448,285.582517562215,0.0,
2021-03-22 16:00:10.290,1,0.2542731876597683,310.7806974618294,0.0,
2021-03-22 16:00:10.300,1,0.2929048565011872,332.3592427920733,0.0,
2021-03-22 16:00:10.310,1,0.3107410271984436,361.08576220938363,0.0,
2021-03-22 16:00:10.320,1,0.2911206781049024,384.95401023495765,0.0,
2021-03-22 16:00:10.330,1,0.3771775508733408,410.00657129601234,0.0,
2021-03-22 16:00:10.340,1,0.2968815183510314,432.9329057915822,0.0,
2021-03-22 16:00:10.350,1,0.3248213195161411,458.41585263155326,0.0,
2021-03-22 16:00:10.360,1,0.4399718986982589,481.7640822052719,0.0,
2021-03-22 16:00:10.370,1,0.330703862967277,498.2548564132484,0.0,
2021-03-22 16:00:10.380,1,0.4067186784815924,519.6435834742408,0.0,
2021-03-22 16:00:10.390,1,0.4840361210746429,538.5782810577307,0.0,
2021-03-22 16:00:10.400,1,0.4270691313834783,557.9944611098311,0.0,
2021-03-22 16:00:10.410,1,0.4442184308712593,577.6904435761478,0.0,
2021-03-22 16:00:10.420,1,0.5658481095969545,596.520754325561,0.0,
2021-03-22 16:00:10.430,1,0.4343853625301161,612.2380135827663,0.0,
2021-03-22 16:00:10.440,1,0.6155902119557943,620.6481412636061,0.0,
2021-03-22 16:00:10.450,1,0.5806345330755628,636.5514241032789,0.0,
2021-03-22 16:00:10.460,1,0.6565032535837729,650.5531807400847,0.0,
2021-03-22 16:00:10.470,1,0.5389348471565641,659.3486609082247,0.0,
2021-03-22 16:00:10.480,1,0.5370988185189599,672.8661841967116,0.0,
2021-03-22 16:00:10.490,1,0.4903174903974816,676.9138374821982,0.0,
2021-03-22 16:00:10.500,0,0.5932692597689342,686.9057106137135,0.0,
2021-03-22 16:00:10.510,0,0.6272653085758101,695.0833319790141,0.0,
2021-03-22 16:00:10.520,0,0.6418978648050558,704.1308410144884,0.0,
2021-03-22 16:00:10.530,0,0.7319223540328861,703.7532934364716,0.0,
2021-03-22 16:00:10.540,0,0.5086075122929032,713.1628512815766,0.0,
2021-03-22 16:00:10.550,0,0.5314331637121765,719.8325607455023,0.0,
2021-03-22 16:00:10.560,0,0.5908780326710638,714.1362403095333,0.0,
2021-03-22 16:00:10.570,0,0.522304979614289,724.3142756131128,0.0,
2021-03-22 16:00:10.580,0,0.7456641630684396,729.8320185950682,0.0,
2021-03-22 16:00:10.590,0,0.734356231408846,728.2647793211978,0.0,
2021-03-22 16:00:10.600,0,0.5453209588971091,735.3786557862201,0.0,
2021-03-22 16:00:10.610,0,0.7365813527077119,732.8438435382122,0.0,
2021-03-22 16:00:10.620,0,0.675485021701806,729.6177915634323,0.0,
2021-03-22 16:00:10.630,0,0.6777891678935968,721.6864665610861,0.0,
2021-03-22 16:00:10.640,0,0.6292658449402954,711.6828580865182,0.0,
2021-03-22 16:00:10.650,0,0.6668909729599289,689.7388651423665,0.0,
2021-03-22 16:00:10.660,0,0.5971539827537035,667.1366681039849,0.0,
2021-03-22 16:00:10.670,0,0.4789881681716653,638.4512658467496,0.0,
2021-03-22 16:00:10.680,0,0.5354705523922932,608.9471648189101,0.0,
2021-03-22 16:00:10.690,0,0.5483275917053501,581.3318051764386,0.0,
2021-03-22 16:00:10.700,0,0.4828080243382323,552.3024815804625,0.0,
2021-03-22 16:00:10.710,0,0.3594098902072154,514.580094089806,0.0,
2021-03-22 16:00:10.720,0,0.4408103051443985,482.46111166358565,0.0,
2021-03-22 16:00:10.730,0,0.3906776574140488,451.12593549321434,0.0,
2021-03-22 16:00:10.740,0,0.3765865974718065,419.09785877308923,0.0,
2021-03-22 16:00:10.750,0,0.2725780250353151,390.4881323914911,0.0,
2021-03-22 16:00:10.760,0,0.3232854618999106,360.15765743109716,0.0,
2021-03-22 16:00:10.770,0,0.2404602891502363,330.83476868181464,0.0,
2021-03-22 16:00:10.780,0,0.2037991651932555,302.0593073751513,0.0,
2021-03-22 16:00:10.790,0,0.2302002693725635,277.12302204077014,0.0,
2021-03-22 16:00:10.800,0,0.1848451190374679,248.3799964818905,1.0,
2021-03-22 16:00:10.810,0,0.203040798205875,226.44691953054073,1.0,
2021-03-22 16:00:10.820,0,0.1719776144424707,203.60955628127385,1.0,
2021-03-22 16:00:10.830,0,0.1252163876769477,179.9517047020507,1.0,
2021-03-22 16:00:10.840,0,0.1378031691624423,159.7835696092371,1.0,
2021-03-22 16:00:10.850,0,0.0893091106953909,142.9668682291549,1.0,
2021-03-22 16:00:10.860,0,0.1051374321646264,125.90627452238243,1.0,
2021-03-22 16:00:10.870,0,0.0614058957102331,109.052082110663,1.0,
2021-03-22 16:00:10.880,0,0.0542987038304626,95.55515665209488,1.0,
2021-03-22 16:00:10.890,0,0.0564515363330519,81.45891369813145,1.0,
2021-03-22 16:00:10.900,0,0.0529290886632644,69.0163746995826,1.0,
2021-03-22 16:00:10.910,0,0.0472459046953956,57.92437246109686,1.0,
2021-03-22 16:00:10.920,0,0.0347633578304183,48.156047931425235,2.0,
2021-03-22 16:00:10.930,0,0.0268431309052598,39.11351547161389,2.0,
2021-03-22 16:00:10.940,0,0.0221638031593795,31.09318881351685,2.0,
2021-03-22 16:00:10.950,0,0.0149754188454177,23.80582620811327,2.0,
2021-03-22 16:00:10.960,0,0.0130288651357135,17.454252834634772,2.0,
2021-03-22 16:00:10.970,0,0.0062302558066233,11.938050294605393,2.0,
2021-03-22 16:00:10.980,0,-0.0002917068346226,7.122890918530223,2.0,
2021-03-22 16:00:10.990,0,0.0043290008368116,2.8965636738211966,2.0,
2021-03-22 16:00:11.000,1,-0.000146213056165,0.0,2.0,
2021-03-22 16:00:11.010,1,-0.0044649751730071,0.0,2.0,
2021-03-22 16:00:11.020,1,-0.0025208777916673,0.0,2.0,
2021-03-22 16:00:11.030,1,-0.00513411357225,0.0,2.0,
2021-03-22 16:00:11.040,1,-0.0031327993086216,0.0,2.0,
2021-03-22 16:00:11.050,1,-0.0077486850317728,0.0,2.0,
2021-03-22 16:00:11.060,1,-0.0191302596813159,0.0,2.0,
2021-03-22 16:00:11.070,1,-0.012992656765011998,0.0,2.0,
2021-03-22 16:00:11.080,1,-0.007320844206444002,0.0,2.0,
2021-03-22 16:00:11.090,1,-0.0178043354008007,0.0,2.0,
2021-03-22 16:00:11.100,1,-0.0092066402843757,0.0,2.0,
2021-03-22 16:00:11.110,1,-0.0075999195980812,0.0,2.0,
2021-03-22 16:00:11.120,1,-0.0013739267408214,0.0,2.0,
2021-03-22 16:00:11.130,1,-0.0008370407233142,0.0,2.0,
2021-03-22 16:00:11.140,1,-0.0011158067115524,3.2429658241834063,2.0,
2021-03-22 16:00:11.150,1,0.0093642010606917,13.810098879967985,2.0,
2021-03-22 16:00:11.160,1,0.0148246487435246,26.305028358043838,2.0,
2021-03-22 16:00:11.170,1,0.0343296467866233,40.411049639800794,2.0,
2021-03-22 16:00:11.180,1,0.0363723502235103,55.667699720752715,1.0,
2021-03-22 16:00:11.190,1,0.0470820356894048,73.35972790242327,1.0,
2021-03-22 16:00:11.200,1,0.0608736121756233,93.38183494729314,1.0,
2021-03-22 16:00:11.210,1,0.0907645792563641,115.77277400610365,1.0,
2021-03-22 16:00:11.220,1,0.0818522578605135,138.05579609299022,1.0,
2021-03-22 16:00:11.230,1,0.1191438983569877,162.10332185957103,1.0,
2021-03-22 16:00:11.240,1,0.1418962082364148,187.760611446435,1.0,
2021-03-22 16:00:11.250,1,0.1691237822628841,211.9549172424538,1.0,
2021-03-22 16:00:11.260,1,0.1510213882246162,235.3842794549868,1.0,
2021-03-22 16:00:11.270,1,0.1813584959133422,262.273011545213,0.0,
2021-03-22 16:00:11.280,1,0.2139356011783789,287.7413844664493,0.0,
2021-03-22 16:00:11.290,1,0.2459650846743217,311.0290594867813,0.0,
2021-03-22 16:00:11.300,1,0.2938737520987514,338.14367830626463,0.0,
2021-03-22 16:00:11.310,1,0.2169962457301659,360.6607731092353,0.0,
2021-03-22 16:00:11.320,1,0.2894313399833658,391.2236597753,0.0,
2021-03-22 16:00:11.330,1,0.2773728505895791,413.46472346024063,0.0,
2021-03-22 16:00:11.340,1,0.2666254533906178,441.0301702356124,0.0,
2021-03-22 16:00:11.350,1,0.3190886650603157,461.6153055939719,0.0,
2021-03-22 16:00:11.360,1,0.3094164569278142,487.5748575580004,0.0,
2021-03-22 16:00:11.370,1,0.4205254648111398,509.772837132222,0.0,
2021-03-22 16:00:11.380,1,0.3377976013714291,527.4947928987766,0.0,
2021-03-22 16:00:11.390,1,0.3804146772330581,545.6689742707837,0.0,
2021-03-22 16:00:11.400,1,0.3718822234632982,562.4583688772548,0.0,
2021-03-22 16:00:11.410,1,0.4890748056092674,585.8102538032348,0.0,
2021-03-22 16:00:11.420,1,0.5850633473653606,600.6570795405138,0.0,
2021-03-22 16:00:11.430,1,0.5643165373385418,614.8773636407377,0.0,
2021-03-22 16:00:11.440,1,0.5224084268487446,635.6661373862141,0.0,
2021-03-22 16:00:11.450,0,0.5216331100411158,646.6155540413988,0.0,
2021-03-22 16:00:11.460,0,0.6345381367361533,658.5057314191089,0.0,
2021-03-22 16:00:11.470,0,0.5766851215288461,666.9063802171814,0.0,
2021-03-22 16:00:11.480,0,0.4956815248933066,682.2052162391193,0.0,
2021-03-22 16:00:11.490,0,0.6421557083587761,683.8764473422419,0.0,
2021-03-22 16:00:11.500,0,0.5595503338856005,703.4790089647372,0.0,
2021-03-22 16:00:11.510,0,0.7310453233931307,709.7277073598973,0.0,
2021-03-22 16:00:11.520,0,0.6426439855344265,709.2651221184442,0.0,
2021-03-22 16:00:11.530,0,0.6035622635620068,719.7396586405955,0.0,
2021-03-22 16:00:11.540,0,0.674818206760821,725.2516147484648,0.0,
2021-03-22 16:00:11.550,0,0.6568626209749594,730.7758582484921,0.0,
2021-03-22 16:00:11.560,0,0.5103401162750766,723.9677413546942,0.0,
2021-03-22 16:00:11.570,0,0.5704622881393261,721.2079414318649,0.0,
2021-03-22 16:00:11.580,0,0.5524870786229029,718.038087077254,0.0,
2021-03-22 16:00:11.590,0,0.5470585797319354,699.7052516495157,0.0,
2021-03-22 16:00:11.600,0,0.6493258833854308,687.2698045538175,0.0,
2021-03-22 16:00:11.610,0,0.5516061039370992,658.8716054364877,0.0,
2021-03-22 16:00:11.620,0,0.6741480610889518,642.5812444312643,0.0,
2021-03-22 16:00:11.630,0,0.6434190591508255,606.5377783789493,0.0,
2021-03-22 16:00:11.640,0,0.4878658715863048,574.9347895274362,0.0,
2021-03-22 16:00:11.650,0,0.4235329216975449,547.680696916784,0.0,
2021-03-22 16:00:11.660,0,0.4972458504181978,516.7694630416148,0.0,
2021-03-22 16:00:11.670,0,0.4564018305268073,478.8353507988687,0.0,
2021-03-22 16:00:11.680,0,0.3281793627315848,450.4484261474599,0.0,
2021-03-22 16:00:11.690,0,0.3858678285288251,419.67942953382914,0.0,
2021-03-22 16:00:11.700,0,0.3227148115619856,386.1946098503102,0.0,
2021-03-22 16:00:11.710,0,0.2872684795450482,360.17792491541405,0.0,
2021-03-22 16:00:11.720,0,0.3521436965597063,328.6845096374826,0.0,
2021-03-22 16:00:11.730,0,0.2746871325617949,299.2715975788898,0.0,
2021-03-22 16:00:11.740,0,0.2414608832823825,270.6654443988156,0.0,
2021-03-22 16:00:11.750,0,0.2296877181899992,249.17752684872318,1.0,
2021-03-22 16:00:11.760,0,0.1748933614955297,224.40371913934544,1.0,
2021-03-22 16:00:11.770,0,0.2136249273888386,202.436375497994,1.0,
2021-03-22 16:00:11.780,0,0.1963602870107232,180.4501876260244,1.0,
2021-03-22 16:00:11.790,0,0.13126154597176,160.8859926309724,1.0,
2021-03-22 16:00:11.800,0,0.1541193886739255,143.31505549270986,1.0,
2021-03-22 16:00:11.810,0,0.1215664493351874,125.09222708412891,1.0,
2021-03-22 16:00:11.820,0,0.0961109929165345,109.38834704772921,1.0,
2021-03-22 16:00:11.830,0,0.092043549451196,95.16701653445796,1.0,
2021-03-22 16:00:11.840,0,0.0795425353347848,81.88873303371528,1.0,
2021-03-22 16:00:11.850,0,0.0505090680468872,69.87069882861094,1.0,
2021-03-22 16:00:11.860,0,0.0584550991145106,58.7708830013214,1.0,
2021-03-22 16:00:11.870,0,0.054255235185899,49.37364356326543,1.0,
2021-03-22 16:00:11.880,0,0.0340749146178503,39.99080791002579,2.0,
2021-03-22 16:00:11.890,0,0.0262964492589891,32.306706188555474,2.0,
2021-03-22 16:00:11.900,0,0.0197976566427148,24.94225995994541,2.0,
2021-03-22 16:00:11.910,0,0.0205431490987686,18.52883250410952,2.0,
2021-03-22 16:00:11.920,0,0.0151952037333212,12.855323623662164,2.0,
2021-03-22 16:00:11.930,0,0.0120589043326235,8.101454477942905,2.0,
2021-03-22 16:00:11.940,0,-0.0012659454966238,3.785342539695532,2.0,
2021-03-22 16:00:11.950,0,0.0010240185081521,0.1223435031974764,2.0,
2021-03-22 16:00:11.960,0,-0.0014901008033494,0.0,2.0,
2021-03-22 16:00:11.970,0,-0.0054188515601168,0.0,2.0,
2021-03-22 16:00:11.980,0,-0.0047427812748355,0.0,2.0,
2021-03-22 16:00:11.990,0,-0.0097555693535856,0.0,2.0,
2021-03-22 16:00:12.000,1,-0.0096279770621588,0.0,2.0,
2021-03-22 16:00:12.010,1,-0.0163974664007053,0.0,2.0,
2021-03-22 16:00:12.020,1,-0.0156008148451624,0.0,2.0,
2021-03-22 16:00:12.030,1,-0.0156540683956279,0.0,2.0,
2021-03-22 16:00:12.040,1,-0.0077110251432991,0.0,2.0,
2021-03-22 16:00:12.050,1,-0.0074994963328675,0.0,2.0,
2021-03-22 16:00:12.060,1,-0.0141881634739743,0.0,2.0,
2021-03-22 16:00:12.070,1,-0.0111988356989064,0.0,2.0,
2021-03-22 16:00:12.080,1,-0.0173144936320293,0.0,2.0,
2021-03-22 16:00:12.090,1,-0.006502721162810999,0.0,2.0,
2021-03-22 16:00:12.100,1,-0.0114570828470132,0.0,2.0,
2021-03-22 16:00:12.110,1,-0.0094280843354835,0.0,2.0,
2021-03-22 16:00:12.120,1,-0.0067250690846209,0.0,2.0,
2021-03-22 16:00:12.130,1,-0.0031342787525404,0.0,2.0,
2021-03-22 16:00:12.140,1,0.0059107328979415,6.100216926991358,2.0,
2021-03-22 16:00:12.150,1,0.0254704863156266,17.276430679237837,2.0,
2021-03-22 16:00:12.160,1,0.0351194134203826,30.315198923235158,2.0,
2021-03-22 16:00:12.170,1,0.0379858122758052,44.45823794290131,1.0,
2021-03-22 16:00:12.180,1,0.0490063111095449,62.60805065419929,1.0,
2021-03-22 16:00:12.190,1,0.0655832331408377,82.57505043257005,1.0,
2021-03-22 16:00:12.200,1,0.0908786954262122,103.81958884874264,1.0,
2021-03-22 16:00:12.210,1,0.105213753555284,127.77009281122429,1.0,
2021-03-22 16:00:12.220,1,0.1569544145861137,152.17488126236466,1.0,
2021-03-22 16:00:12.230,1,0.1771755988289887,177.93409793673,1.0,
2021-03-22 16:00:12.240,1,0.1974307599885296,203.1930701553603,1.0,
2021-03-22 16:00:12.250,1,0.2229487482781866,229.21756945873142,1.0,
2021-03-22 16:00:12.260,1,0.2470647547063064,253.59215466329945,0.0,
2021-03-22 16:00:12.270,1,0.3056245457406772,279.6112115994466,0.0,
2021-03-22 16:00:12.280,1,0.3670046252590155,306.84539202793263,0.0,
2021-03-22 16:00:12.290,1,0.415973909629798,332.5995735514491,0.0,
2021-03-22 16:00:12.300,1,0.3043320716698657,360.0418529175306,0.0,
2021-03-22 16:00:12.310,1,0.3659638414857904,387.8904566061175,0.0,
2021-03-22 16:00:12.320,1,0.4086634112398834,410.4096508311782,0.0,
2021-03-22 16:00:12.330,1,0.5202462609172097,440.7263485682694,0.0,
2021-03-22 16:00:12.340,1,0.5691183670483964,460.3572873050109,0.0,
2021-03-22 16:00:12.350,1,0.5703585867671797,486.56184275029676,0.0,
2021-03-22 16:00:12.360,1,0.6403775073233657,509.28510216664046,0.0,
2021-03-22 16:00:12.370,1,0.616921552447253,525.6455906324846,0.0,
2021-03-22 16:00:12.380,1,0.4706307253006104,550.8256665770161,0.0,
2021-03-22 16:00:12.390,1,0.5055563623973924,575.8472474134711,0.0,
2021-03-22 16:00:12.400,0,0.6395174561437121,582.9732688828511,0.0,
2021-03-22 16:00:12.410,0,0.6668492833560081,598.9967023711606,0.0,
2021-03-22 16:00:12.420,0,0.7025152354789665,616.713034631481,0.0,
2021-03-22 16:00:12.430,0,0.6452948935493467,631.275145768651,0.0,
2021-03-22 16:00:12.440,0,0.7653501557308348,645.8875651211447,0.0,
2021-03-22 16:00:12.450,0,0.6191814012154487,660.261796099328,0.0,
2021-03-22 16:00:12.460,0,0.8300290865861023,664.4557244186939,0.0,
2021-03-22 16:00:12.470,0,0.798259829250758,682.0147836460278,0.0,
2021-03-22 16:00:12.480,0,0.6591654149955937,689.0376090636023,0.0,
2021-03-22 16:00:12.490,0,0.8987521668149269,696.8833883005175,0.0,
2021-03-22 16:00:12.500,0,0.6153169914883508,699.4946481832753,0.0,
2021-03-22 16:00:12.510,0,0.6622389718279201,708.6427890781838,0.0,
2021-03-22 16:00:12.520,0,0.7834747787864556,709.4726763932837,0.0,
2021-03-22 16:00:12.530,0,0.6376759894609768,701.8149019286943,0.0,
2021-03-22 16:00:12.540,0,0.8070975144917953,694.5697517837433,0.0,
2021-03-22 16:00:12.550,0,0.8610957205760995,673.33680869054,0.0,
2021-03-22 16:00:12.560,0,0.6198889987480416,649.9976725841855,0.0,
2021-03-22 16:00:12.570,0,0.5858211395762456,627.4575232828518,0.0,
2021-03-22 16:00:12.580,0,0.7188497021502859,600.1995062790443,0.0,
2021-03-22 16:00:12.590,0,0.4935541144728239,573.7011510163547,0.0,
2021-03-22 16:00:12.600,0,0.6356834372430981,545.488921092715,0.0,
2021-03-22 16:00:12.610,0,0.4645390241119549,513.23337004531,0.0,
2021-03-22 16:00:12.620,0,0.5317375238531239,479.5365661630909,0.0,
2021-03-22 16:00:12.630,0,0.5403310907543935,447.81337037396446,0.0,
2021-03-22 16:00:12.640,0,0.4881034824443584,419.9180648530839,0.0,
2021-03-22 16:00:12.650,0,0.4546573321580052,389.2517684150148,0.0,
2021-03-22 16:00:12.660,0,0.3447935744592585,363.8630541111762,0.0,
2021-03-22 16:00:12.670,0,0.3305031249417363,335.2180831652421,0.0,
2021-03-22 16:00:12.680,0,0.299976789870425,303.93916067272863,0.0,
2021-03-22 16:00:12.690,0,0.3004384830379756,280.0929633020556,0.0,
2021-03-22 16:00:12.700,0,0.2941082144834058,252.9356999274503,0.0,
2021-03-22 16:00:12.710,0,0.2135372482600375,229.7238261103249,1.0,
2021-03-22 16:00:12.720,0,0.2242057573985532,207.676955104116,1.0,
2021-03-22 16:00:12.730,0,0.1970318345967981,185.73390672094413,1.0,
2021-03-22 16:00:12.740,0,0.1762069638722999,166.36065030981942,1.0,
2021-03-22 16:00:12.750,0,0.1368376925758721,147.33879765706956,1.0,
2021-03-22 16:00:12.760,0,0.1228662471671319,130.09202926804332,1.0,
2021-03-22 16:00:12.770,0,0.122165678431329,114.3683135808716,1.0,
2021-03-22 16:00:12.780,0,0.094467494151595,99.29758813627632,1.0,
2021-03-22 16:00:12.790,0,0.0856897390564477,86.17114360670071,1.0,
2021-03-22 16:00:12.800,0,0.0559961381412341,73.75531632236806,1.0,
2021-03-22 16:00:12.810,0,0.0411677751188412,62.452088824586156,1.0,
2021-03-22 16:00:12.820,0,0.0447141955296498,52.33681167543341,1.0,
2021-03-22 16:00:12.830,0,0.0378015293072609,43.22367036015585,1.0,
2021-03-22 16:00:12.840,0,0.0301325581908425,34.76965153258599,2.0,
2021-03-22 16:00:12.850,0,0.0211200425561601,27.15058150673475,2.0,
2021-03-22 16:00:12.860,0,0.017320354164181002,20.49875502202875,2.0,
2021-03-22 16:00:12.870,0,0.0114428570844006,14.93644762010873,2.0,
2021-03-22 16:00:12.880,0,0.0102542012381034,9.838200171677833,2.0,
2021-03-22 16:00:12.890,0,0.0030152092501546,5.301551366575811,2.0,
2021-03-22 16:00:12.900,0,0.0013564876799491,1.4103427834380282,2.0,
2021-03-22 16:00:12.910,0,-0.0046922265453124,0.0,2.0,
2021-03-22 16:00:12.920,0,-0.0047637339505761,0.0,2.0,
2021-03-22 16:00:12.930,0,-0.0080381568029643,0.0,2.0,
2021-03-22 16:00:12.940,0,-0.0036403762852775,0.0,2.0,
2021-03-22 16:00:12.950,0,-0.0155064139498628,0.0,2.0,
2021-03-22 16:00:12.960,0,-0.0079056848365471,0.0,2.0,
2021-03-22 16:00:12.970,0,-0.0156526921273043,0.0,2.0,
2021-03-22 16:00:12.980,0,-0.0113339084368886,0.0,2.0,
2021-03-22 16:00:12.990,0,-0.0126451906691356,0.0,2.0,
2021-03-22 16:00:13.000,1,-0.0081259721854019,0.0,2.0,
2021-03-22 16:00:13.010,1,-0.0094033773486911,0.0,2.0,
2021-03-22 16:00:13.020,1,-0.0105242085825177,0.0,2.0,
2021-03-22 16:00:13.030,1,-0.0090692263849381,0.0,2.0,
2021-03-22 16:00:13.040,1,-0.0101108978746936,0.0,2.0,
2021-03-22 16:00:13.050,1,-0.0079687180635063,0.0,2.0,
2021-03-22 16:00:13.060,1,-0.0082528946445422,0.0,2.0,
2021-03-22 16:00:13.070,1,-0.0074286336578493,0.0,2.0,
2021-03-22 16:00:13.080,1,-0.0154272880828094,0.0,2.0,
2021-03-22 16:00:13.090,1,-0.0078478156014822,0.0,2.0,
2021-03-22 16:00:13.100,1,-0.0081535630139012,0.0,2.0,
2021-03-22 16:00:13.110,1,-0.0043989692421928,0.0,2.0,
2021-03-22 16:00:13.120,1,-0.003640236152919,0.0,2.0,
2021-03-22 16:00:13.130,1,-0.0072560748746813,0.1620978054620674,2.0,
2021-03-22 16:00:13.140,1,0.0102509614139777,9.326789297538998,2.0,
2021-03-22 16:00:13.150,1,0.0148507255230045,20.346908805461496,2.0,
2021-03-22 16:00:13.160,1,0.027368989551071,33.49880973029809,1.0,
2021-03-22 16:00:13.170,1,0.0317123392254802,49.231847578455,1.0,
2021-03-22 16:00:13.180,1,0.0455467727852737,67.87443578183621,1.0,
2021-03-22 16:00:13.190,1,0.0610920741360117,87.53576551625359,1.0,
2021-03-22 16:00:13.200,1,0.1102942841712426,111.39897911903113,1.0,
2021-03-22 16:00:13.210,1,0.1094440325836696,134.84234518573714,1.0,
2021-03-22 16:00:13.220,1,0.1595373513737471,158.4900021528143,1.0,
2021-03-22 16:00:13.230,1,0.1680254083133333,183.6230066445121,1.0,
2021-03-22 16:00:13.240,1,0.2026119617155014,210.78694077613918,1.0,
2021-03-22 16:00:13.250,1,0.1987908930156735,233.85397501751063,1.0,
2021-03-22 16:00:13.260,1,0.1862179874313625,259.0619591447707,0.0,
2021-03-22 16:00:13.270,1,0.2537352046479425,285.96956953522005,0.0,
2021-03-22 16:00:13.280,1,0.293875952687986,310.09263987181805,0.0,
2021-03-22 16:00:13.290,1,0.3568067505663934,339.56447575589334,0.0,
2021-03-22 16:00:13.300,1,0.3303082760607668,366.78949723614,0.0,
2021-03-22 16:00:13.310,1,0.3182580413682249,391.4218418879284,0.0,
2021-03-22 16:00:13.320,1,0.4300581361636287,415.51475319511286,0.0,
2021-03-22 16:00:13.330,1,0.3939585404739079,443.6713643595045,0.0,
2021-03-22 16:00:13.340,1,0.3692199411974121,464.42475538020136,0.0,
2021-03-22 16:00:13.350,0,0.433946136526434,489.4932043334302,0.0,
2021-03-22 16:00:13.360,0,0.4911277412096861,508.3051566073578,0.0,
2021-03-22 16:00:13.370,0,0.5511188879696886,524.6822470408376,0.0,
2021-03-22 16:00:13.380,0,0.5547355554612432,550.2329825937658,0.0,
2021-03-22 16:00:13.390,0,0.5479382645609477,571.5106942280278,0.0,
2021-03-22 16:00:13.400,0,0.5046938525532338,593.1659002669036,0.0,
2021-03-22 16:00:13.410,0,0.5166996274834539,604.5530172035183,0.0,
2021-03-22 16:00:13.420,0,0.5468980232396511,620.1670146629598,0.0,
2021-03-22 16:00:13.430,0,0.6307349649804013,629.6302020657216,0.0,
2021-03-22 16:00:13.440,0,0.5105742094460037,645.0198173130944,0.0,
2021-03-22 16:00:13.450,0,0.5706686326974988,658.9057113722273,0.0,
2021-03-22 16:00:13.460,0,0.6218936924585269,670.4955410894844,0.0,
2021-03-22 16:00:13.470,0,0.5668727039439625,670.2547194951353,0.0,
2021-03-22 16:00:13.480,0,0.6737225310797864,669.4085971422651,0.0,
2021-03-22 16:00:13.490,0,0.4961477210913693,655.3011563766678,0.0,
2021-03-22 16:00:13.500,0,0.6709859725876556,648.1256181151723,0.0,
2021-03-22 16:00:13.510,0,0.6788639878568627,635.9025619577709,0.0,
2021-03-22 16:00:13.520,0,0.5775320349312333,615.2710659116677,0.0,
2021-03-22 16:00:13.530,0,0.6123509516535398,591.6079031944772,0.0,
2021-03-22 16:00:13.540,0,0.4764398617566306,564.0362884922756,0.0,
2021-03-22 16:00:13.550,0,0.4730187299248881,537.3838929250821,0.0,
2021-03-22 16:00:13.560,0,0.5005422836578746,504.18391164557,0.0,
2021-03-22 16:00:13.570,0,0.3547018524009425,480.41782574230837,0.0,
2021-03-22 16:00:13.580,0,0.4826600579851806,447.54343530115364,0.0,
2021-03-22 16:00:13.590,0,0.4370318216170566,417.09647939709663,0.0,
2021-03-22 16:00:13.600,0,0.3517636269390815,388.3117082887353,0.0,
2021-03-22 16:00:13.610,0,0.2956816379759449,361.688618041437,0.0,
2021-03-22 16:00:13.620,0,0.2495049659057802,332.08871158312826,0.0,
2021-03-22 16:00:13.630,0,0.2998830595026819,307.4351606304432,0.0,
2021-03-22 16:00:13.640,0,0.20354978390831896,282.97051219515936,0.0,
2021-03-22 16:00:13.650,0,0.2014669509884359,256.40416501064067,0.0,
2021-03-22 16:00:13.660,0,0.2067423152079047,232.04550010325542,1.0,
2021-03-22 16:00:13.670,0,0.2148321357395856,210.1656627391893,1.0,
2021-03-22 16:00:13.680,0,0.1651757400888102,186.36029606137143,1.0,
2021-03-22 16:00:13.690,0,0.1482503712064802,167.58849728740975,1.0,
2021-03-22 16:00:13.700,0,0.1431279934674615,149.21795610011216,1.0,
2021-03-22 16:00:13.710,0,0.1049279494017,132.01653201142128,1.0,
2021-03-22 16:00:13.720,0,0.1044548251726457,117.02431519431538,1.0,
2021-03-22 16:00:13.730,0,0.0825614416440201,101.28676416104278,1.0,
2021-03-22 16:00:13.740,0,0.0608912945926606,88.16721287078789,1.0,
2021-03-22 16:00:13.750,0,0.0697605837800067,76.32789045668856,1.0,
2021-03-22 16:00:13.760,0,0.0497156794081396,64.45874694074253,1.0,
2021-03-22 16:00:13.770,0,0.0526723389301387,54.476340419124355,1.0,
2021-03-22 16:00:13.780,0,0.0332415492076117,45.486913308462675,1.0,
2021-03-22 16:00:13.790,0,0.0230006826241604,36.64985542822447,1.0,
2021-03-22 16:00:13.800,0,0.0252536649998018,29.13108630233323,2.0,
2021-03-22 16:00:13.810,0,0.0177263084570892,22.537678822969504,2.0,
2021-03-22 16:00:13.820,0,0.0134177400305669,16.7122935873572,2.0,
2021-03-22 16:00:13.830,0,0.0104062897353393,11.594218584395295,2.0,
2021-03-22 16:00:13.840,0,0.0029754263477123,7.0337090296637275,2.0,
2021-03-22 16:00:13.850,0,0.0063741620395004,3.1309577011524303,2.0,
2021-03-22 16:00:13.860,0,-0.0003522426243979,0.0,2.0,
2021-03-22 16:00:13.870,0,-0.0092959042330361,0.0,2.0,
2021-03-22 16:00:13.880,0,0.0057608867589364,0.0,2.0,
2021-03-22 16:00:13.890,0,-0.0081969881669466,0.0,2.0,
2021-03-22 16:00:13.900,0,-0.0076904223485467,0.0,2.0,
2021-03-22 16:00:13.910,0,-0.0051466943898609,0.0,2.0,
2021-03-22 16:00:13.920,0,-0.0136247011191113,0.0,2.0,
2021-03-22 16:00:13.930,0,-0.0120236024776212,0.0,2.0,
2021-03-22 16:00:13.940,0,-0.004715271446052999,0.0,2.0,
2021-03-22 16:00:13.950,0,-0.0239149297612224,0.0,2.0,
2021-03-22 16:00:13.960,0,-0.0121820550962847,0.0,2.0,
2021-03-22 16:00:13.970,0,-0.0087135362557142,0.0,2.0,
2021-03-22 16:00:13.980,0,-0.0119931263848215,0.0,2.0,
2021-03-22 16:00:13.990,0,-0.0019978048078153,0.0,2.0,
2021-03-22 16:00:14.000,1,-0.013529008840954,0.0,2.0,
2021-03-22 16:00:14.010,1,-0.0149468687138821,0.0,2.0,
2021-03-22 16:00:14.020,1,-0.0103540390208232,0.0,2.0,
2021-03-22 16:00:14.030,1,-0.0120088876986012,0.0,2.0,
2021-03-22 16:00:14.040,1,-0.0134958980087714,0.0,2.0,
2021-03-22 16:00:14.050,1,-0.0052466535205005,0.0,2.0,
2021-03-22 16:00:14.060,1,-0.0094994039534676,0.0,2.0,
2021-03-22 16:00:14.070,1,-0.0066066781726714,0.0,2.0,
2021-03-22 16:00:14.080,1,-0.0087041014649955,0.0,2.0,
2021-03-22 16:00:14.090,1,-0.0085445769069132,0.0,2.0,
2021-03-22 16:00:14.100,1,-0.0085240635565132,0.0,2.0,
2021-03-22 16:00:14.110,1,-0.0075367780095372,0.0,2.0,
2021-03-22 16:00:14.120,1,0.0002656802838441,0.0,2.0,
2021-03-22 16:00:14.130,1,0.0031311617335116,3.039533712430661,2.0,
2021-03-22 16:00:14.140,1,0.0097478055191211,11.960892105821385,2.0,
2021-03-22 16:00:14.150,1,0.0142824451975896,22.801863776209327,1.0,
2021-03-22 16:00:14.160,1,0.0304483612235079,36.678856818478096,1.0,
2021-03-22 16:00:14.170,1,0.0440256810363626,53.935456605065745,1.0,
2021-03-22 16:00:14.180,1,0.0747157240459192,73.60300047425676,1.0,
2021-03-22 16:00:14.190,1,0.1013371025700923,95.79652834128326,1.0,
2021-03-22 16:00:14.200,1,0.0935519648302625,118.21237748069365,1.0,
2021-03-22 16:00:14.210,1,0.1232033091111991,142.53708730885833,1.0,
2021-03-22 16:00:14.220,1,0.1819186953898657,166.9229791563642,1.0,
2021-03-22 16:00:14.230,1,0.1418420180846286,191.86427076420125,1.0,
2021-03-22 16:00:14.240,1,0.215983414887426,218.37216394819407,1.0,
2021-03-22 16:00:14.250,1,0.2131208682206631,242.5500535197416,0.0,
2021-03-22 16:00:14.260,1,0.2498180877701731,269.3262752275613,0.0,
2021-03-22 16:00:14.270,1,0.3058669415019807,297.9967340226192,0.0,
2021-03-22 16:00:14.280,1,0.3827413384382421,325.4264923668877,0.0,
2021-03-22 16:00:14.290,1,0.3471565828569123,354.4679203287474,0.0,
2021-03-22 16:00:14.300,0,0.3490128424096637,384.10681955508784,0.0,
2021-03-22 16:00:14.310,0,0.3457354378873367,408.11582629975373,0.0,
2021-03-22 16:00:14.320,0,0.3707888679937769,435.57056693187513,0.0,
2021-03-22 16:00:14.330,0,0.4250126445615736,458.4824797958484,0.0,
2021-03-22 16:00:14.340,0,0.3647337616240776,480.040454898519,0.0,
2021-03-22 16:00:14.350,0,0.3873458422424493,502.825464171296,0.0,
2021-03-22 16:00:14.360,0,0.4919931986514664,528.7097773220629,0.0,
2021-03-22 16:00:14.370,0,0.4561543522690986,549.8262700858116,0.0,
2021-03-22 16:00:14.380,0,0.5789676612365833,570.4725836334866,0.0,
2021-03-22 16:00:14.390,0,0.4712009001485756,585.8345911244257,0.0,
2021-03-22 16:00:14.400,0,0.5157419486140735,602.0891308001835,0.0,
2021-03-22 16:00:14.410,0,0.5393019557350579,611.8878712646703,0.0,
2021-03-22 16:00:14.420,0,0.5549907312679933,624.582724940085,0.0,
2021-03-22 16:00:14.430,0,0.4830624470803071,627.9035798863738,0.0,
2021-03-22 16:00:14.440,0,0.6802113461539134,623.2696176655768,0.0,
2021-03-22 16:00:14.450,0,0.572657525189308,612.7757058052002,0.0,
2021-03-22 16:00:14.460,0,0.44121415667065295,601.9067362504705,0.0,
2021-03-22 16:00:14.470,0,0.4434970123956114,582.5489560079245,0.0,
2021-03-22 16:00:14.480,0,0.4757907960202988,563.3655042374156,0.0,
2021-03-22 16:00:14.490,0,0.5389154913754254,533.4904235134546,0.0,
2021-03-22 16:00:14.500,0,0.5456999674644988,506.5156968690503,0.0,
2021-03-22 16:00:14.510,0,0.4262041377960954,481.4124292735901,0.0,
2021-03-22 16:00:14.520,0,0.4016844784840886,457.5521465929778,0.0,
2021-03-22 16:00:14.530,0,0.3094646378917695,432.9022862270578,0.0,
2021-03-22 16:00:14.540,0,0.2906848644456148,400.08069251160543,0.0,
2021-03-22 16:00:14.550,0,0.3423818779266164,375.490445803568,0.0,
2021-03-22 16:00:14.560,0,0.2946142090825599,347.1546385242009,0.0,
2021-03-22 16:00:14.570,0,0.2674794108609504,321.94875482112394,0.0,
2021-03-22 16:00:14.580,0,0.2973446460356342,297.47114048896987,0.0,
2021-03-22 16:00:14.590,0,0.1999650742316604,273.5960651618288,0.0,
2021-03-22 16:00:14.600,0,0.19537239847346696,247.80216458212465,0.0,
2021-03-22 16:00:14.610,0,0.1928545726128289,227.16022677796408,1.0,
2021-03-22 16:00:14.620,0,0.1972797303797967,205.7716220665741,1.0,
2021-03-22 16:00:14.630,0,0.1418094195024365,185.6673394688124,1.0,
2021-03-22 16:00:14.640,0,0.1309041604286838,166.11069164709374,1.0,
2021-03-22 16:00:14.650,0,0.1196924871739485,148.61476232909828,1.0,
2021-03-22 16:00:14.660,0,0.1100825704581399,131.38279715641087,1.0,
2021-03-22 16:00:14.670,0,0.0796949687330412,116.74961153355987,1.0,
2021-03-22 16:00:14.680,0,0.0662863648689634,102.05869044480716,1.0,
2021-03-22 16:00:14.690,0,0.0623698098029376,89.64049921704051,1.0,
2021-03-22 16:00:14.700,0,0.0622064229508153,76.29513427631343,1.0,
2021-03-22 16:00:14.710,0,0.0591884897904658,66.08660250375908,1.0,
2021-03-22 16:00:14.720,0,0.0368038038178874,55.65794111010626,1.0,
2021-03-22 16:00:14.730,0,0.0362190215782214,46.96132094787946,1.0,
2021-03-22 16:00:14.740,0,0.0335364116554096,39.08240486079556,1.0,
2021-03-22 16:00:14.750,0,0.0237865738140643,31.41027248189503,1.0,
2021-03-22 16:00:14.760,0,0.0166137288298617,24.803979253794488,1.0,
2021-03-22 16:00:14.770,0,0.0193119014128806,19.07686761600915,2.0,
2021-03-22 16:00:14.780,0,0.0111774977465784,13.840512524840989,2.0,
2021-03-22 16:00:14.790,0,0.0063211943480201,9.220968672186963,2.0,
2021-03-22 16:00:14.800,0,0.0021830324644407,5.284456138882671,2.0,
2021-03-22 16:00:14.810,0,0.0009730972990936,1.853630329377768,2.0,
2021-03-22 16:00:14.820,0,-0.0015188078477058,0.0,2.0,
2021-03-22 16:00:14.830,0,0.0056997599343253,0.0,2.0,
2021-03-22 16:00:14.840,0,-0.0022618134266181,0.0,2.0,
2021-03-22 16:00:14.850,0,-0.012008678393165,0.0,2.0,
2021-03-22 16:00:14.860,0,-0.0019953092976415,0.0,2.0,
2021-03-22 16:00:14.870,0,-0.0090959336242009,0.0,2.0,
2021-03-22 16:00:14.880,0,-0.0070321617704179,0.0,2.0,
2021-03-22 16:00:14.890,0,-0.0073532203702156,0.0,2.0,
2021-03-22 16:00:14.900,0,-0.0097327051723343,0.0,2.0,
2021-03-22 16:00:14.910,0,-0.0040073966861677,0.0,2.0,
2021-03-22 16:00:14.920,0,-0.0110820427008421,0.0,2.0,
2021-03-22 16:00:14.930,0,-0.0086643118956545,0.0,2.0,
2021-03-22 16:00:14.940,0,-0.0063764440722063,0.0,2.0,
2021-03-22 16:00:14.950,0,-0.0130869609632689,0.0,2.0,
2021-03-22 16:00:14.960,0,-0.010298802337784,0.0,2.0,
2021-03-22 16:00:14.970,0,-0.0073163361610974,0.0,2.0,
2021-03-22 16:00:14.980,0,-0.0056978952127126,0.0,2.0,
2021-03-22 16:00:14.990,0,-0.0064500120750838,0.0,2.0,
2021-03-22 16:00:15.000,1,-0.0083956059842604,0.0,2.0,
2021-03-22 16:00:15.010,1,-0.0028759474581384,0.0,2.0,
2021-03-22 16:00:15.020,1,-0.0093582287786242,0.0,2.0,
2021-03-22 16:00:15.030,1,-0.0063049860439455,0.0,2.0,
2021-03-22 16:00:15.040,1,-0.0041143086859761,0.0,2.0,
2021-03-22 16:00:15.050,1,-0.0043026137437295,0.0,2.0,
2021-03-22 16:00:15.060,1,-0.0074448230271774,0.0,2.0,
2021-03-22 16:00:15.070,1,-0.0030152459583052,0.0,2.0,
2021-03-22 16:00:15.080,1,-0.008350892251726999,0.0,2.0,
2021-03-22 16:00:15.090,1,-0.0066916102165766,0.0,2.0,
2021-03-22 16:00:15.100,1,-0.0075459749978769,0.0,2.0,
2021-03-22 16:00:15.110,1,-0.0003831434774979,0.0,2.0,
2021-03-22 16:00:15.120,1,-0.0028179708362739,0.0,2.0,
2021-03-22 16:00:15.130,1,-0.0011786639059849,5.4339559710902225,2.0,
2021-03-22 16:00:15.140,1,0.0160853422849803,14.36662598819002,1.0,
2021-03-22 16:00:15.150,1,0.0227480421372202,26.7571628842742,1.0,
2021-03-22 16:00:15.160,1,0.0337454228692581,42.90651837026921,1.0,
2021-03-22 16:00:15.170,1,0.0494512065919294,61.45760132800911,1.0,
2021-03-22 16:00:15.180,1,0.0650835429133014,83.20806368111505,1.0,
2021-03-22 16:00:15.190,1,0.0781641631637995,104.97504429850599,1.0,
2021-03-22 16:00:15.200,1,0.1026629533826941,131.54760657066868,1.0,
2021-03-22 16:00:15.210,1,0.1532675270848082,155.12002158327863,1.0,
2021-03-22 16:00:15.220,1,0.1576965687294434,180.26947264505063,1.0,
2021-03-22 16:00:15.230,1,0.1847513944964056,205.3249743788713,1.0,
2021-03-22 16:00:15.240,1,0.2050138786739372,230.6209991934224,0.0,
2021-03-22 16:00:15.250,0,0.1844385396202593,258.010192928945,0.0,
2021-03-22 16:00:15.260,0,0.1999863457148833,286.206112362362,0.0,
2021-03-22 16:00:15.270,0,0.2103999497341377,313.34149154479843,0.0,
2021-03-22 16:00:15.280,0,0.2467798813099017,342.68969511645383,0.0,
2021-03-22 16:00:15.290,0,0.3010218884918734,368.2803693504132,0.0,
2021-03-22 16:00:15.300,0,0.3396017810043877,393.64176841189766,0.0,
2021-03-22 16:00:15.310,0,0.2914683224891805,419.52379295179634,0.0,
2021-03-22 16:00:15.320,0,0.3028939030813839,449.01396768953765,0.0,
2021-03-22 16:00:15.330,0,0.4141779604809363,469.84682935886167,0.0,
2021-03-22 16:00:15.340,0,0.3625081475069851,491.8748407559433,0.0,
2021-03-22 16:00:15.350,0,0.4374680590757679,513.1014283191403,0.0,
2021-03-22 16:00:15.360,0,0.3809036808369946,529.9091812217054,0.0,
2021-03-22 16:00:15.370,0,0.4807708376341652,551.1755572567763,0.0,
2021-03-22 16:00:15.380,0,0.5294177996192873,553.663716886497,0.0,
2021-03-22 16:00:15.390,0,0.4079910843624981,556.1288746071436,0.0,
2021-03-22 16:00:15.400,0,0.5552257920313179,552.3777651667616,0.0,
2021-03-22 16:00:15.410,0,0.5633126913825249,541.3453890119969,0.0,
2021-03-22 16:00:15.420,0,0.4554350956336558,530.5266081202234,0.0,
2021-03-22 16:00:15.430,0,0.5220296709030064,513.3107437485903,0.0,
2021-03-22 16:00:15.440,0,0.4595355388733337,494.07037715381904,0.0,
2021-03-22 16:00:15.450,0,0.3718924050236268,475.3615067709517,0.0,
2021-03-22 16:00:15.460,0,0.4636416916023084,450.23782372610816,0.0,
2021-03-22 16:00:15.470,0,0.3245778564073175,426.5467985205105,0.0,
2021-03-22 16:00:15.480,0,0.3709245052494967,403.9862623643828,0.0,
2021-03-22 16:00:15.490,0,0.3408386234103081,381.9902380379865,0.0,
2021-03-22 16:00:15.500,0,0.3170405441619121,359.2541144392353,0.0,
2021-03-22 16:00:15.510,0,0.2798910615386087,335.4978047036652,0.0,
2021-03-22 16:00:15.520,0,0.2172345627773924,308.64067982589336,0.0,
2021-03-22 16:00:15.530,0,0.2144309937899765,286.630209498443,0.0,
2021-03-22 16:00:15.540,0,0.2620366414700179,264.79010144276776,0.0,
2021-03-22 16:00:15.550,0,0.2326143635722344,244.0907980365093,0.0,
2021-03-22 16:00:15.560,0,0.1970812643660253,221.902348674784,1.0,
2021-03-22 16:00:15.570,0,0.1917529401367176,201.8067676666048,1.0,
2021-03-22 16:00:15.580,0,0.1305279861303854,181.59468401123073,1.0,
2021-03-22 16:00:15.590,0,0.1210185863850114,164.50371723977233,1.0,
2021-03-22 16:00:15.600,0,0.1052867676066066,147.80211212376562,1.0,
2021-03-22 16:00:15.610,0,0.1038071088517101,132.03972485973742,1.0,
2021-03-22 16:00:15.620,0,0.0821403210039688,118.2381652806682,1.0,
2021-03-22 16:00:15.630,0,0.0954080394807334,103.91727226230272,1.0,
2021-03-22 16:00:15.640,0,0.08868843356889,91.13393471555038,1.0,
2021-03-22 16:00:15.650,0,0.0641021062218662,79.82803759483609,1.0,
2021-03-22 16:00:15.660,0,0.05339894371121201,69.05376341578426,1.0,
2021-03-22 16:00:15.670,0,0.0559220513385628,58.868716039140345,1.0,
2021-03-22 16:00:15.680,0,0.0452233680987676,49.92783353518645,1.0,
2021-03-22 16:00:15.690,0,0.0267341762702771,41.75283382947725,1.0,
2021-03-22 16:00:15.700,0,0.0228914004217656,34.398261957636215,1.0,
2021-03-22 16:00:15.710,0,0.0261779119265158,27.92493429602209,1.0,
2021-03-22 16:00:15.720,0,0.0139910639958889,21.835778513898592,1.0,
2021-03-22 16:00:15.730,0,0.0182627814621489,16.776198876779254,1.0,
2021-03-22 16:00:15.740,0,0.0085685386569973,11.998750375423482,2.0,
2021-03-22 16:00:15.750,0,0.0066058647292241,7.890556279219796,2.0,
2021-03-22 16:00:15.760,0,-0.0003680068099347,4.356170944451638,2.0,
2021-03-22 16:00:15.770,0,-0.0011634242506239,1.2758881743424384,2.0,
2021-03-22 16:00:15.780,0,-0.0071445633477868,0.0,2.0,
2021-03-22 16:00:15.790,0,-0.0055644434130736,0.0,2.0,
2021-03-22 16:00:15.800,0,0.0024492192224173,0.0,2.0,
2021-03-22 16:00:15.810,0,-0.0084586041630457,0.0,2.0,
2021-03-22 16:00:15.820,0,-0.0043479623081022,0.0,2.0,
2021-03-22 16:00:15.830,0,-0.0109574891289347,0.0,2.0,
2021-03-22 16:00:15.840,0,-0.0072620458443441,0.0,2.0,
2021-03-22 16:00:15.850,0,-0.0031732617961435,0.0,2.0,
2021-03-22 16:00:15.860,0,-0.0115429469658505,0.0,2.0,
2021-03-22 16:00:15.870,0,-0.01242818786496,0.0,2.0,
2021-03-22 16:00:15.880,0,-0.015152931780915002,0.0,2.0,
2021-03-22 16:00:15.890,0,-0.0142405145189404,0.0,2.0,
2021-03-22 16:00:15.900,0,-0.0091098257446865,0.0,2.0,
2021-03-22 16:00:15.910,0,-0.0133752987383785,0.0,2.0,
2021-03-22 16:00:15.920,0,-0.0100781907842289,0.0,2.0,
2021-03-22 16:00:15.930,0,-0.0168616273107754,0.0,2.0,
2021-03-22 16:00:15.940,0,-0.0054665890290834,0.0,2.0,
2021-03-22 16:00:15.950,0,-0.0025100175015623,0.0,2.0,
2021-03-22 16:00:15.960,0,0.0008946965259448,0.0,2.0,
2021-03-22 16:00:15.970,0,-0.0075589223269784,0.0,2.0,
2021-03-22 16:00:15.980,0,-0.0064184306323665,0.0,2.0,
2021-03-22 16:00:15.990,0,-0.0032320890123512,0.0,2.0,
2021-03-22 16:00:16.000,1,-0.0089798679893871,0.0,2.0,
2021-03-22 16:00:16.010,1,-0.0062724926326845,0.0,2.0,
2021-03-22 16:00:16.020,1,-0.0032799905501766,0.0,2.0,
2021-03-22 16:00:16.030,1,0.0007264479009852,0.0,2.0,
2021-03-22 16:00:16.040,1,-0.0046960871812686,0.0,2.0,
2021-03-22 16:00:16.050,1,-0.0020702619377877,0.0,2.0,
2021-03-22 16:00:16.060,1,-0.0078895291521227,0.0,2.0,
2021-03-22 16:00:16.070,1,-0.0066637267220306,0.0,2.0,
2021-03-22 16:00:16.080,1,-0.0030740142049552,0.0,2.0,
2021-03-22 16:00:16.090,1,0.0001027806574305,0.0,2.0,
2021-03-22 16:00:16.100,1,0.0010428060925234,0.0,2.0,
2021-03-22 16:00:16.110,1,-0.002354241862287,0.0,2.0,
2021-03-22 16:00:16.120,1,0.0049048326104785,0.7988001574123754,2.0,
2021-03-22 16:00:16.130,1,0.005090573101619001,7.041815012783723,1.0,
2021-03-22 16:00:16.140,1,0.0213168955847334,17.422351122522482,1.0,
2021-03-22 16:00:16.150,1,0.0341559937412409,32.010836135244304,1.0,
2021-03-22 16:00:16.160,1,0.047099606864168,49.37813936755389,1.0,
2021-03-22 16:00:16.170,1,0.0691942702869208,68.79804715986418,1.0,
2021-03-22 16:00:16.180,1,0.1133988190078674,91.81910495814968,1.0,
2021-03-22 16:00:16.190,1,0.121755171919746,114.78146429569081,1.0,
2021-03-22 16:00:16.200,0,0.135163077169023,138.63901087193216,1.0,
2021-03-22 16:00:16.210,0,0.2038044575693844,163.35381039017503,1.0,
2021-03-22 16:00:16.220,0,0.195708796558394,188.5055488618501,1.0,
2021-03-22 16:00:16.230,0,0.2676609079632007,214.04339344307547,0.0,
2021-03-22 16:00:16.240,0,0.2193999248999936,240.74343138995846,0.0,
2021-03-22 16:00:16.250,0,0.321390955788344,267.1072037992089,0.0,
2021-03-22 16:00:16.260,0,0.3054888449853707,294.63015114446097,0.0,
2021-03-22 16:00:16.270,0,0.3372307397984731,323.8377384715776,0.0,
2021-03-22 16:00:16.280,0,0.395582515485018,353.4427529582518,0.0,
2021-03-22 16:00:16.290,0,0.4037135741318763,377.4002726239148,0.0,
2021-03-22 16:00:16.300,0,0.4939037654600866,406.1712376805342,0.0,
2021-03-22 16:00:16.310,0,0.3800133441880878,429.9465399049932,0.0,
2021-03-22 16:00:16.320,0,0.4295324443156388,450.439951840346,0.0,
2021-03-22 16:00:16.330,0,0.551185532016802,467.3323859047612,0.0,
2021-03-22 16:00:16.340,0,0.4720728975917928,470.29897809823103,0.0,
2021-03-22 16:00:16.350,0,0.4903853096563526,469.9172385146337,0.0,
2021-03-22 16:00:16.360,0,0.4342801649809116,464.77386050212687,0.0,
2021-03-22 16:00:16.370,0,0.4805915746655078,459.0920745619352,0.0,
2021-03-22 16:00:16.380,0,0.4794596742363389,447.31237007106535,0.0,
2021-03-22 16:00:16.390,0,0.3481041712799939,436.9015116844288,0.0,
2021-03-22 16:00:16.400,0,0.3885912902376701,415.71350482288,0.0,
2021-03-22 16:00:16.410,0,0.3283972532815001,401.5186067706143,0.0,
2021-03-22 16:00:16.420,0,0.358820899226981,379.80034278290634,0.0,
2021-03-22 16:00:16.430,0,0.31032453046498903,361.86734307095236,0.0,
2021-03-22 16:00:16.440,0,0.3617139316999651,342.97608583434163,0.0,
2021-03-22 16:00:16.450,0,0.3589634628663118,320.3353259940656,0.0,
2021-03-22 16:00:16.460,0,0.32215256272503,304.54518887987945,0.0,
2021-03-22 16:00:16.470,0,0.2867215525232903,279.4953060391984,0.0,
2021-03-22 16:00:16.480,0,0.2466735287164579,262.7964656734985,0.0,
2021-03-22 16:00:16.490,0,0.18870723473225695,240.2782126982498,0.0,
2021-03-22 16:00:16.500,0,0.1976679769159584,222.4055976546553,0.0,
2021-03-22 16:00:16.510,0,0.2017432275381104,204.8268312515261,1.0,
2021-03-22 16:00:16.520,0,0.1620997909474363,185.41519840041497,1.0,
2021-03-22 16:00:16.530,0,0.1644420003468956,170.06318234820074,1.0,
2021-03-22 16:00:16.540,0,0.1572343520514628,152.70976995312242,1.0,
2021-03-22 16:00:16.550,0,0.129678941048137,137.7069872693158,1.0,
2021-03-22 16:00:16.560,0,0.1100455613637562,123.26485077828501,1.0,
2021-03-22 16:00:16.570,0,0.0971428383983305,111.33819945883829,1.0,
2021-03-22 16:00:16.580,0,0.0855625281364323,99.4253858305718,1.0,
2021-03-22 16:00:16.590,0,0.0801196244916684,86.55906271458649,1.0,
2021-03-22 16:00:16.600,0,0.0591951049667008,76.014883098457,1.0,
2021-03-22 16:00:16.610,0,0.0574245062913626,66.20346152844505,1.0,
2021-03-22 16:00:16.620,0,0.0529343045504448,57.35717053819618,1.0,
2021-03-22 16:00:16.630,0,0.0324563136678389,48.91731335652071,1.0,
2021-03-22 16:00:16.640,0,0.0324364317223735,41.53015556665007,1.0,
2021-03-22 16:00:16.650,0,0.0262927155342873,34.31882363034356,1.0,
2021-03-22 16:00:16.660,0,0.0252592482454079,28.51249874916513,1.0,
2021-03-22 16:00:16.670,0,0.0173928132933144,22.934308875262214,1.0,
2021-03-22 16:00:16.680,0,0.0173566618299862,17.861829781211096,1.0,
2021-03-22 16:00:16.690,0,0.0098632900441195,13.583218865467856,1.0,
2021-03-22 16:00:16.700,0,0.0119910720928984,9.816713946393252,1.0,
2021-03-22 16:00:16.710,0,0.0087556025091502,6.570885937212868,1.0,
2021-03-22 16:00:16.720,0,0.0027601854982718,3.56615268099794,2.0,
2021-03-22 16:00:16.730,0,0.0020335471809302,1.0419459818276802,2.0,
2021-03-22 16:00:16.740,0,0.0025295131716411,0.0,2.0,
2021-03-22 16:00:16.750,0,0.0033781839439579,0.0,2.0,
2021-03-22 16:00:16.760,0,-0.0014243228346728,0.0,2.0,
2021-03-22 16:00:16.770,0,0.000121506849708,0.0,2.0,
2021-03-22 16:00:16.780,0,-0.0025940547442207,0.0,2.0,
2021-03-22 16:00:16.790,0,-0.0022327664317093,0.0,2.0,
2021-03-22 16:00:16.800,0,-0.0026552791623984,0.0,2.0,
2021-03-22 16:00:16.810,0,-0.0058982018322612,0.0,1.0,
2021-03-22 16:00:16.820,0,-0.0057513702616501,0.0,1.0,
2021-03-22 16:00:16.830,0,-0.0067462495223437,0.0,1.0,
2021-03-22 16:00:16.840,0,-0.0116705640820833,0.0,1.0,
2021-03-22 16:00:16.850,0,-0.007355241338869,0.0,1.0,
2021-03-22 16:00:16.860,0,-0.0038683964726733,0.0,1.0,
2021-03-22 16:00:16.870,0,-0.0091610297766942,0.0,1.0,
2021-03-22 16:00:16.880,0,0.0003347721389961,0.0,1.0,
2021-03-22 16:00:16.890,0,-0.0053643559778877,0.0,1.0,
2021-03-22 16:00:16.900,0,-0.0069007012319374,0.0,1.0,
2021-03-22 16:00:16.910,0,-0.0077804907758427,0.0,1.0,
2021-03-22 16:00:16.920,0,-0.0080342462268391,0.0,1.0,
2021-03-22 16:00:16.930,0,-0.005419500358854999,0.0,1.0,
2021-03-22 16:00:16.940,0,-0.0055214345062087,0.0,1.0,
2021-03-22 16:00:16.950,0,-0.0066957350850936,0.0,1.0,
2021-03-22 16:00:16.960,0,-0.0026139183797557,0.0,1.0,
2021-03-22 16:00:16.970,0,-0.0071137674695984,0.0,1.0,
2021-03-22 16:00:16.980,0,-0.0056626092848874,0.0,1.0,
2021-03-22 16:00:16.990,0,-0.0126299282801179,0.0,1.0,
2021-03-22 16:00:17.000,1,4.840509598789001e-05,0.0,1.0,
2021-03-22 16:00:17.010,1,-0.0076752517740104,0.0,1.0,
2021-03-22 16:00:17.020,1,-0.0033824100912653,0.0,1.0,
2021-03-22 16:00:17.030,1,-0.0031486706825319,0.0,1.0,
2021-03-22 16:00:17.040,1,-0.0034393718626207,0.0,1.0,
2021-03-22 16:00:17.050,1,-0.0068901189276342,0.0,1.0,
2021-03-22 16:00:17.060,1,-0.0037281097820832,0.0,1.0,
2021-03-22 16:00:17.070,1,0.0013203138470239,0.0,1.0,
2021-03-22 16:00:17.080,1,-0.0016530347094788,0.0,1.0,
2021-03-22 16:00:17.090,1,0.0055265591320826,0.0,1.0,
2021-03-22 16:00:17.100,1,-0.0002845876813679,0.0,1.0,
2021-03-22 16:00:17.110,1,0.0006212791558246,0.0,1.0,
2021-03-22 16:00:17.120,1,0.0007978046682263,3.6449289242217735,1.0,
2021-03-22 16:00:17.130,1,0.0106452499505188,13.018707529205,1.0,
2021-03-22 16:00:17.140,1,0.0156821504219692,26.44600509206717,1.0,
2021-03-22 16:00:17.150,0,0.0358292261355811,42.77046281170175,1.0,
2021-03-22 16:00:17.160,0,0.0459361730894951,62.49746020216212,1.0,
2021-03-22 16:00:17.170,0,0.0654236671909367,83.18811160117579,1.0,
2021-03-22 16:00:17.180,0,0.1037817369807604,106.41160829114693,1.0,
2021-03-22 16:00:17.190,0,0.1082768412203029,130.8324769973355,1.0,
2021-03-22 16:00:17.200,0,0.1081686823301163,156.32529605204672,1.0,
2021-03-22 16:00:17.210,0,0.1775891615362674,180.52050250972846,1.0,
2021-03-22 16:00:17.220,0,0.160297235108643,206.16259856508518,0.0,
2021-03-22 16:00:17.230,0,0.2102363946838415,232.56113595477703,0.0,
2021-03-22 16:00:17.240,0,0.2404528566350018,260.47168082698687,0.0,
2021-03-22 16:00:17.250,0,0.2539415669996098,286.3782634097084,0.0,
2021-03-22 16:00:17.260,0,0.2874795441575267,313.17423347394435,0.0,
2021-03-22 16:00:17.270,0,0.2886737111897765,338.12345658712053,0.0,
2021-03-22 16:00:17.280,0,0.2232276360705093,352.30705472390025,0.0,
2021-03-22 16:00:17.290,0,0.2897328230650492,361.80574944346483,0.0,
2021-03-22 16:00:17.300,0,0.2685299952028598,366.64611293635767,0.0,
2021-03-22 16:00:17.310,0,0.3016179685546981,365.6391176521734,0.0,
2021-03-22 16:00:17.320,0,0.3390784648847878,364.31421483803285,0.0,
2021-03-22 16:00:17.330,0,0.2230528421590453,358.58829831997,0.0,
2021-03-22 16:00:17.340,0,0.2786040373800051,348.53323261386504,0.0,
2021-03-22 16:00:17.350,0,0.2681668646830593,337.3104334982902,0.0,
2021-03-22 16:00:17.360,0,0.23365534489590306,327.95393494871416,0.0,
2021-03-22 16:00:17.370,0,0.1975875492852388,311.25225272305937,0.0,
2021-03-22 16:00:17.380,0,0.2564568633904192,298.60626364500274,0.0,
2021-03-22 16:00:17.390,0,0.1684048548077772,282.1689364201997,0.0,
2021-03-22 16:00:17.400,0,0.2305988941774268,267.7069831149668,0.0,
2021-03-22 16:00:17.410,0,0.1452072853917946,251.0017317417852,0.0,
2021-03-22 16:00:17.420,0,0.1845634458007474,233.83698028751,0.0,
2021-03-22 16:00:17.430,0,0.1401650837965915,219.1561750990789,0.0,
2021-03-22 16:00:17.440,0,0.1678249274836213,203.31568452276773,0.0,
2021-03-22 16:00:17.450,0,0.1375059931752564,186.6952392792152,1.0,
2021-03-22 16:00:17.460,0,0.1298158921900674,172.38555728012412,1.0,
2021-03-22 16:00:17.470,0,0.1090925283752097,157.70891184262405,1.0,
2021-03-22 16:00:17.480,0,0.0895465677060273,142.11121696356528,1.0,
2021-03-22 16:00:17.490,0,0.0821556210445499,130.74032885535252,1.0,
2021-03-22 16:00:17.500,0,0.0800918014353807,118.3009797106696,1.0,
2021-03-22 16:00:17.510,0,0.0661665761128832,108.22088079396929,1.0,
2021-03-22 16:00:17.520,0,0.0606251585632164,96.15063169395329,1.0,
2021-03-22 16:00:17.530,0,0.0539149175866349,85.20342983400138,1.0,
2021-03-22 16:00:17.540,0,0.0566848596875337,75.80609549831775,1.0,
2021-03-22 16:00:17.550,0,0.0551410374520617,67.30191804952364,1.0,
2021-03-22 16:00:17.560,0,0.043558147264528,58.961035819666215,1.0,
2021-03-22 16:00:17.570,0,0.0314311806466039,51.648742865056754,1.0,
2021-03-22 16:00:17.580,0,0.0264315553087064,44.277026290025155,1.0,
2021-03-22 16:00:17.590,0,0.0181881928820153,38.26864743207801,1.0,
2021-03-22 16:00:17.600,0,0.0258637156511332,32.503105248800786,1.0,
2021-03-22 16:00:17.610,0,0.0223354837579131,27.11945265550544,1.0,
2021-03-22 16:00:17.620,0,0.0127883274983885,22.312940444322567,1.0,
2021-03-22 16:00:17.630,0,0.0171731762850275,18.244615158940448,1.0,
2021-03-22 16:00:17.640,0,0.0086749341360203,14.394465630930178,1.0,
2021-03-22 16:00:17.650,0,0.0057410537861334,10.87153791485026,1.0,
2021-03-22 16:00:17.660,0,0.004452282649319001,7.910157242888948,1.0,
2021-03-22 16:00:17.670,0,0.0073314037011112,5.262486012269138,1.0,
2021-03-22 16:00:17.680,0,-0.0009747121664699,2.9899787694359707,1.0,
2021-03-22 16:00:17.690,0,-0.0055271592324612,0.9779437480568964,1.0,
2021-03-22 16:00:17.700,0,-0.0017012329638104,0.0,1.0,
2021-03-22 16:00:17.710,0,-0.0018453997243855,0.0,1.0,
2021-03-22 16:00:17.720,0,-0.0004986319836947,0.0,1.0,
2021-03-22 16:00:17.730,0,-0.0073985633149148,0.0,1.0,
2021-03-22 16:00:17.740,0,0.0001128167050586,0.0,1.0,
2021-03-22 16:00:17.750,0,-0.001246577760823,0.0,1.0,
2021-03-22 16:00:17.760,0,-0.0048592409287186,0.0,1.0,
2021-03-22 16:00:17.770,0,-0.0041216189718364,0.0,1.0,
2021-03-22 16:00:17.780,0,-0.0013069175606323,0.0,1.0,
2021-03-22 16:00:17.790,0,0.0010551742212042,0.0,1.0,
2021-03-22 16:00:17.800,0,-0.0001792932752792,0.0,1.0,
2021-03-22 16:00:17.810,0,-0.0052640138436762,0.0,1.0,
2021-03-22 16:00:17.820,0,-0.0062545136526298,0.0,1.0,
2021-03-22 16:00:17.830,0,-0.0029852992267932,0.0,1.0,
2021-03-22 16:00:17.840,0,-0.0113418279316441,0.0,1.0,
2021-03-22 16:00:17.850,0,-0.0033897001354799,0.0,1.0,
2021-03-22 16:00:17.860,0,-0.000789256425228,0.0,1.0,
2021-03-22 16:00:17.870,0,-0.0010474014874925,0.0,1.0,
2021-03-22 16:00:17.880,0,-0.0039814827427856,0.0,1.0,
2021-03-22 16:00:17.890,0,-0.0020526164601933,0.0,1.0,
2021-03-22 16:00:17.900,0,-0.0054359493516393,0.0,1.0,
2021-03-22 16:00:17.910,0,0.0040004055729313,0.0,1.0,
2021-03-22 16:00:17.920,0,-0.0054158720447806,0.0,1.0,
2021-03-22 16:00:17.930,0,-0.0035399043510461,0.0,1.0,
2021-03-22 16:00:17.940,0,0.0026713809181854,0.0,1.0,
2021-03-22 16:00:17.950,0,-0.0018495285008515,0.0,1.0,
2021-03-22 16:00:17.960,0,0.0034100940666133,0.0,1.0,
2021-03-22 16:00:17.970,0,-0.0031463015103269,0.0,1.0,
2021-03-22 16:00:17.980,0,-0.0090043511942577,0.0,1.0,
2021-03-22 16:00:17.990,0,-0.0014426221046854,0.0,1.0,
2021-03-22 16:00:18.000,1,-0.0017063883591841,0.0,1.0,
2021-03-22 16:00:18.010,1,0.0008262782728083,0.0,1.0,
2021-03-22 16:00:18.020,1,-0.0026637801035381,0.0,1.0,
2021-03-22 16:00:18.030,1,-0.0015787204612293,0.0,1.0,
2021-03-22 16:00:18.040,1,-0.0031345514004484,0.0,1.0,
2021-03-22 16:00:18.050,1,-0.0036347278886436,0.0,1.0,
2021-03-22 16:00:18.060,1,-0.0049670317232325,0.0,1.0,
2021-03-22 16:00:18.070,1,2.566244336664296e-05,0.0,1.0,
2021-03-22 16:00:18.080,1,-8.78842934275084e-05,0.0,1.0,
2021-03-22 16:00:18.090,1,-0.0006745825368676,0.0,1.0,
2021-03-22 16:00:18.100,0,0.000507343750635,0.0,1.0,
2021-03-22 16:00:18.110,0,0.0031374765698084,0.0,1.0,
2021-03-22 16:00:18.120,0,0.0042206408509534,4.247676493922117,1.0,
2021-03-22 16:00:18.130,0,0.012019457760066,13.584860867359188,1.0,
2021-03-22 16:00:18.140,0,0.0197059082470955,26.561437848921965,1.0,
2021-03-22 16:00:18.150,0,0.0432748656605686,43.291997812705716,1.0,
2021-03-22 16:00:18.160,0,0.0388252444605289,62.410529623470346,1.0,
2021-03-22 16:00:18.170,0,0.0671084123439166,82.98008517403663,1.0,
2021-03-22 16:00:18.180,0,0.0918577639588959,106.00753275279187,1.0,
2021-03-22 16:00:18.190,0,0.0964532289879775,130.29174093709696,1.0,
2021-03-22 16:00:18.200,0,0.14147542957798498,154.96728516380526,1.0,
2021-03-22 16:00:18.210,0,0.1456158958339769,179.5015216002375,1.0,
2021-03-22 16:00:18.220,0,0.14565647524809694,199.8497457920162,0.0,
2021-03-22 16:00:18.230,0,0.1598494290509076,215.14204840873367,0.0,
2021-03-22 16:00:18.240,0,0.1736225286596497,226.39244567426627,0.0,
2021-03-22 16:00:18.250,0,0.1929524693494708,233.76159093046505,0.0,
2021-03-22 16:00:18.260,0,0.2160833856388201,238.5657018960861,0.0,
2021-03-22 16:00:18.270,0,0.1703614839007675,241.09799236477485,0.0,
2021-03-22 16:00:18.280,0,0.1532609587910947,239.47322073231075,0.0,
2021-03-22 16:00:18.290,0,0.1930106124652366,237.94739569296232,0.0,
2021-03-22 16:00:18.300,0,0.1533440716216657,229.1533816233901,0.0,
2021-03-22 16:00:18.310,0,0.1375434898084697,223.83353184580008,0.0,
2021-03-22 16:00:18.320,0,0.1463156458844782,216.73010282707168,0.0,
2021-03-22 16:00:18.330,0,0.1576535938889144,206.79697736610646,0.0,
2021-03-22 16:00:18.340,0,0.1362563223245483,198.55155244194268,0.0,
2021-03-22 16:00:18.350,0,0.1044518388104889,188.747373154014,0.0,
2021-03-22 16:00:18.360,0,0.1529907088523223,180.04848566512447,1.0,
2021-03-22 16:00:18.370,0,0.1385096087502903,167.7106587737191,1.0,
2021-03-22 16:00:18.380,0,0.1046993232477982,158.70845097979475,1.0,
2021-03-22 16:00:18.390,0,0.102863821511246,148.56026774355968,1.0,
2021-03-22 16:00:18.400,0,0.0717561961072756,137.37320911845666,1.0,
2021-03-22 16:00:18.410,0,0.0766525251382731,127.20331900833872,1.0,
2021-03-22 16:00:18.420,0,0.0782084859586605,117.40852024154472,1.0,
2021-03-22 16:00:18.430,0,0.0625575894534563,108.33842769936571,1.0,
2021-03-22 16:00:18.440,0,0.0747846711886766,99.44014476508524,1.0,
2021-03-22 16:00:18.450,0,0.0394487143370045,89.35816389765645,1.0,
2021-03-22 16:00:18.460,0,0.0584571100381672,81.52847066424452,1.0,
2021-03-22 16:00:18.470,0,0.0436972369998806,74.43568782889962,1.0,
2021-03-22 16:00:18.480,0,0.0394391170821359,66.6215109197632,1.0,
2021-03-22 16:00:18.490,0,0.0402249473742761,59.51284617274409,1.0,
2021-03-22 16:00:18.500,0,0.034070099528491,53.55095829504346,1.0,
2021-03-22 16:00:18.510,0,0.0308304339529998,47.06855445796521,1.0,
2021-03-22 16:00:18.520,0,0.01882130088585,41.54052029095378,1.0,
2021-03-22 16:00:18.530,0,0.01969950719495,36.46965151269927,1.0,
2021-03-22 16:00:18.540,0,0.0181354830073142,31.74898222424382,1.0,
2021-03-22 16:00:18.550,0,0.0187813610153388,27.092559343959927,1.0,
2021-03-22 16:00:18.560,0,0.0134322359411405,23.20668905816337,1.0,
2021-03-22 16:00:18.570,0,0.0113333987267532,19.476089736921608,1.0,
2021-03-22 16:00:18.580,0,0.00739628114678,16.012116147789797,1.0,
2021-03-22 16:00:18.590,0,0.0067320670224423,13.187765052651914,1.0,
2021-03-22 16:00:18.600,0,0.0063820251782946,10.44875979588236,1.0,
2021-03-22 16:00:18.610,0,0.0050362845307092,8.071897004351621,1.0,
2021-03-22 16:00:18.620,0,-0.0020730387721662,5.929042381139356,1.0,
2021-03-22 16:00:18.630,0,-0.0032783096172612,4.091164067579673,1.0,
2021-03-22 16:00:18.640,0,-0.000556620654164,2.478834868287123,1.0,
2021-03-22 16:00:18.650,0,-0.0039284411512898,1.0641890532746126,1.0,
2021-03-22 16:00:18.660,0,0.0023152254132725,0.0,1.0,
2021-03-22 16:00:18.670,0,0.0016304175890455,0.0,1.0,
2021-03-22 16:00:18.680,0,-0.0009257673460595,0.0,1.0,
2021-03-22 16:00:18.690,0,0.0002047875939829,0.0,1.0,
2021-03-22 16:00:18.700,0,-0.0073662839005652,0.0,1.0,
2021-03-22 16:00:18.710,0,-0.0012040787220883,0.0,1.0,
2021-03-22 16:00:18.720,0,-0.0008433638566250001,0.0,1.0,
2021-03-22 16:00:18.730,0,-0.008041693077355,0.0,1.0,
2021-03-22 16:00:18.740,0,-0.0064939771036658,0.0,1.0,
2021-03-22 16:00:18.750,0,0.0017217592798623,0.0,1.0,
2021-03-22 16:00:18.760,0,-0.0014093030070677,0.0,1.0,
2021-03-22 16:00:18.770,0,-0.0024087114615165,0.0,1.0,
2021-03-22 16:00:18.780,0,-0.0036690398883423,0.0,1.0,
2021-03-22 16:00:18.790,0,0.0004771116810212,0.0,1.0,
2021-03-22 16:00:18.800,0,-0.0072231801351409,0.0,1.0,
2021-03-22 16:00:18.810,0,0.0019381892360617,0.0,1.0,
2021-03-22 16:00:18.820,0,-0.003661172011506,0.0,1.0,
2021-03-22 16:00:18.830,0,-0.0018529589699749,0.0,1.0,
2021-03-22 16:00:18.840,0,-0.0047199324359498,0.0,1.0,
2021-03-22 16:00:18.850,0,0.0016928556014474,0.0,1.0,
2021-03-22 16:00:18.860,0,-0.0035581211965,0.0,1.0,
2021-03-22 16:00:18.870,0,-0.0064992578829431,0.0,1.0,
2021-03-22 16:00:18.880,0,0.0031877718710792,0.0,1.0,
2021-03-22 16:00:18.890,0,-0.0051521630159617,0.0,1.0,
2021-03-22 16:00:18.900,0,-0.0003058548024465,0.0,1.0,
2021-03-22 16:00:18.910,0,0.0057687296642099,0.0,1.0,
2021-03-22 16:00:18.920,0,-0.0043726732461472,0.0,1.0,
2021-03-22 16:00:18.930,0,-0.0005277028333589,0.0,1.0,
2021-03-22 16:00:18.940,0,0.0027846471747586,0.0,1.0,
2021-03-22 16:00:18.950,0,-0.003053161977261,0.0,1.0,
2021-03-22 16:00:18.960,0,0.0007682008993171,0.0,1.0,
2021-03-22 16:00:18.970,0,-0.0044093229246148,0.0,1.0,
2021-03-22 16:00:18.980,0,-0.0009464995609767,0.0,1.0,
2021-03-22 16:00:18.990,0,-0.0002467239045104,0.0,1.0,
2021-03-22 16:00:19.000,1,0.006695760897029,0.0,1.0,
2021-03-22 16:00:19.010,1,-0.0037817713297619,0.0,1.0,
2021-03-22 16:00:19.020,1,-0.0019167720755464,0.0,1.0,
2021-03-22 16:00:19.030,1,0.0018499902414022,0.0,1.0,
2021-03-22 16:00:19.040,1,-0.0011736657081989998,0.0,1.0,
2021-03-22 16:00:19.050,0,0.0034762017966117,0.0,1.0,
2021-03-22 16:00:19.060,0,-0.0019395268389912,0.0,1.0,
2021-03-22 16:00:19.070,0,0.0036499881358659,0.0,1.0,
2021-03-22 16:00:19.080,0,-0.0016005476453713,0.0,1.0,
2021-03-22 16:00:19.090,0,0.0023153387999949,0.0,1.0,
2021-03-22 16:00:19.100,0,-0.0039940861557461,0.0,1.0,
2021-03-22 16:00:19.110,0,-0.001403766846762,0.1254395250784571,1.0,
2021-03-22 16:00:19.120,0,0.0092320890286998,4.5601606669195665,1.0,
2021-03-22 16:00:19.130,0,0.0095455327285531,13.806800311067429,1.0,
2021-03-22 16:00:19.140,0,0.0224841988195487,27.35767778613596,1.0,
2021-03-22 16:00:19.150,0,0.0345795684194894,43.54912465015715,1.0,
2021-03-22 16:00:19.160,0,0.0463139446467569,62.43205321093976,1.0,
2021-03-22 16:00:19.170,0,0.0641504545356306,80.16490006323866,1.0,
2021-03-22 16:00:19.180,0,0.0632968653406406,94.0192337407942,1.0,
2021-03-22 16:00:19.190,0,0.0677957676666615,104.89954023961216,1.0,
2021-03-22 16:00:19.200,0,0.0574922454330408,112.76520097024277,1.0,
2021-03-22 16:00:19.210,0,0.0645498779568218,119.07076719734111,1.0,
2021-03-22 16:00:19.220,0,0.0747115784725971,124.14375026480015,1.0,
2021-03-22 16:00:19.230,0,0.0700511768307885,123.98474850841622,1.0,
2021-03-22 16:00:19.240,0,0.0699017943021996,125.03585099807152,1.0,
2021-03-22 16:00:19.250,0,0.0883712341035678,125.02543546678473,1.0,
2021-03-22 16:00:19.260,0,0.0688769811087997,123.04774509584507,1.0,
2021-03-22 16:00:19.270,0,0.0935165125667672,120.05799860648013,1.0,
2021-03-22 16:00:19.280,0,0.0850117369365804,117.4279158268004,1.0,
2021-03-22 16:00:19.290,0,0.0696994268752795,113.70246006855957,1.0,
2021-03-22 16:00:19.300,0,0.0689606873034082,108.86727056498327,1.0,
2021-03-22 16:00:19.310,0,0.0607956762158657,104.88890715713327,1.0,
2021-03-22 16:00:19.320,0,0.064116148835255,98.62673458834408,1.0,
2021-03-22 16:00:19.330,0,0.0524625981925453,93.75604000981292,1.0,
2021-03-22 16:00:19.340,0,0.0603857258147891,88.10802346685442,1.0,
2021-03-22 16:00:19.350,0,0.0512288344240015,82.84064502199169,1.0,
2021-03-22 16:00:19.360,0,0.0497969357666367,76.87397526686509,1.0,
2021-03-22 16:00:19.370,0,0.0581172665835799,71.36479100592122,1.0,
2021-03-22 16:00:19.380,0,0.0521996833115511,66.36607664467662,1.0,
2021-03-22 16:00:19.390,0,0.0343052350805851,61.980355299744396,1.0,
2021-03-22 16:00:19.400,0,0.0313725768279752,56.53827892049715,1.0,
2021-03-22 16:00:19.410,0,0.0349521351348059,51.583270389546975,1.0,
2021-03-22 16:00:19.420,0,0.0266934811282785,47.06449498922271,1.0,
2021-03-22 16:00:19.430,0,0.02656021771097,42.51439334527432,1.0,
2021-03-22 16:00:19.440,0,0.0315535989587991,38.844641506358414,1.0,
2021-03-22 16:00:19.450,0,0.0180991409830716,34.48061904190639,1.0,
2021-03-22 16:00:19.460,0,0.0228369515249766,31.11159797152597,1.0,
2021-03-22 16:00:19.470,0,0.0155738622731588,27.476272433363892,1.0,
2021-03-22 16:00:19.480,0,0.0149272492966846,24.241767667627148,1.0,
2021-03-22 16:00:19.490,0,0.015232310634482996,21.47163341655664,1.0,
2021-03-22 16:00:19.500,0,0.0106729297634146,18.45982784857795,1.0,
2021-03-22 16:00:19.510,0,0.0101946885066412,16.210285327565526,1.0,
2021-03-22 16:00:19.520,0,0.0073016937388103,13.791041239213556,1.0,
2021-03-22 16:00:19.530,0,0.0072113453642539,11.72421677637274,1.0,
2021-03-22 16:00:19.540,0,0.0021642850242143,9.892460267810074,1.0,
2021-03-22 16:00:19.550,0,0.0008748437095866,8.232106332730382,1.0,
2021-03-22 16:00:19.560,0,0.0048727936299518,6.705624856114694,1.0,
2021-03-22 16:00:19.570,0,0.0050334455313917,5.315999622640399,1.0,
2021-03-22 16:00:19.580,0,0.0011409746631658,4.095222058918137,1.0,
2021-03-22 16:00:19.590,0,-0.0015495037862849,3.0326206660923813,1.0,
2021-03-22 16:00:19.600,0,-0.0004772366016096,2.0725396495895105,1.0,
2021-03-22 16:00:19.610,0,-0.0015833364926915,1.252852716425023,1.0,
2021-03-22 16:00:19.620,0,-0.0038204746479523,0.5386205230340982,1.0,
2021-03-22 16:00:19.630,0,0.0002743250315166,0.0,1.0,
2021-03-22 16:00:19.640,0,-0.0026699430698166,0.0,1.0,
2021-03-22 16:00:19.650,0,0.0035358596444426,0.0,1.0,
2021-03-22 16:00:19.660,0,0.003191727538915,0.0,1.0,
2021-03-22 16:00:19.670,0,-0.0009271539889825,0.0,1.0,
2021-03-22 16:00:19.680,0,-0.0046624404053079,0.0,1.0,
2021-03-22 16:00:19.690,0,-0.0004128584132161,0.0,1.0,
2021-03-22 16:00:19.700,0,-0.0025966506220913,0.0,1.0,
2021-03-22 16:00:19.710,0,-0.0037606573417382,0.0,1.0,
2021-03-22 16:00:19.720,0,-0.0060968660396758,0.0,1.0,
2021-03-22 16:00:19.730,0,-0.0037537951045578,0.0,1.0,
2021-03-22 16:00:19.740,0,-0.0054546344665756,0.0,1.0,
2021-03-22 16:00:19.750,0,-0.0001095789642071,0.0,1.0,
2021-03-22 16:00:19.760,0,-0.0023114351208281,0.0,1.0,
2021-03-22 16:00:19.770,0,0.0009710228927295,0.0,1.0,
2021-03-22 16:00:19.780,0,0.0019018194035094,0.0,1.0,
2021-03-22 16:00:19.790,0,0.0031943414985704,0.0,1.0,
2021-03-22 16:00:19.800,0,-0.0081130027518315,0.0,1.0,
2021-03-22 16:00:19.810,0,-0.0008222361908006,0.0,1.0,
2021-03-22 16:00:19.820,0,-0.0077605966384992,0.0,1.0,
2021-03-22 16:00:19.830,0,-0.005299823884708,0.0,1.0,
2021-03-22 16:00:19.840,0,-0.0076486656322136,0.0,1.0,
2021-03-22 16:00:19.850,0,-0.0011326642333719,0.0,1.0,
2021-03-22 16:00:19.860,0,0.0009998759858076,0.0,1.0,
2021-03-22 16:00:19.870,0,0.0033036990158084,0.0,1.0,
2021-03-22 16:00:19.880,0,0.0015950359012656,0.0,1.0,
2021-03-22 16:00:19.890,0,0.0020435186383554,0.0,1.0,
2021-03-22 16:00:19.900,0,-0.0002307397676926,0.0,1.0,
2021-03-22 16:00:19.910,0,0.0003799138110169,0.0,1.0,
2021-03-22 16:00:19.920,0,-0.0064454085069893,0.0,1.0,
2021-03-22 16:00:19.930,0,0.0034945367316563,0.0,1.0,
2021-03-22 16:00:19.940,0,0.001199605163839,0.0,1.0,
2021-03-22 16:00:19.950,0,-0.0031038697867351,0.0,1.0,
2021-03-22 16:00:19.960,0,-0.0010471010575134,0.0,1.0,
2021-03-22 16:00:19.970,0,0.0036573974685543,0.0,1.0,
2021-03-22 16:00:19.980,0,-0.0004500080055209,0.0,1.0,
2021-03-22 16:00:19.990,0,5.692720094194111e-05,0.0,1.0,
2021-03-22 16:00:20.000,0,0.0032566593874555,0.0,1.0,
2021-03-22 16:00:20.010,0,-0.0006525718789935,0.0,1.0,
2021-03-22 16:00:20.020,0,-0.0022054555369602,0.0,1.0,
2021-03-22 16:00:20.030,0,0.0065677286327762,0.0,1.0,
2021-03-22 16:00:20.040,0,-0.0025540717198163,0.0,1.0,
2021-03-22 16:00:20.050,0,-0.0065331577019867,0.0,1.0,
2021-03-22 16:00:20.060,0,-0.0062857426047194,0.0,1.0,
2021-03-22 16:00:20.070,0,0.0056152293073719,0.0,1.0,
2021-03-22 16:00:20.080,0,-0.0024925586100534,0.0,1.0,
2021-03-22 16:00:20.090,0,0.0031297525741448,0.0,1.0,
2021-03-22 16:00:20.100,0,0.0011337115092404,0.0,1.0,
2021-03-22 16:00:20.110,0,0.0006776735081201,0.0,1.0,
2021-03-22 16:00:20.120,0,-0.0009749561153323,0.0,1.0,
2021-03-22 16:00:20.130,0,-0.0045534005631597,0.0070787942541281,1.0,
2021-03-22 16:00:20.140,0,0.0038753641177039,0.0169162005199196,1.0,
2021-03-22 16:00:20.150,0,0.0004897031255952,0.0249346704377237,1.0,
2021-03-22 16:00:20.160,0,-0.0032186453251725,0.0315834137588262,1.0,
2021-03-22 16:00:20.170,0,-8.55860287661899e-05,0.0373990962027787,1.0,
2021-03-22 16:00:20.180,0,-0.0064532195504862,0.0416202106199709,1.0,
2021-03-22 16:00:20.190,0,0.0048506800789418,0.044491326631687984,1.0,
2021-03-22 16:00:20.200,0,0.0076362152480097,0.0473816615199162,1.0,
2021-03-22 16:00:20.210,0,-0.0037124284328467,0.0485859215367612,1.0,
2021-03-22 16:00:20.220,0,-0.0022001564882493,0.0492074238541395,1.0,
2021-03-22 16:00:20.230,0,0.0024668100433805,0.0494584372132757,1.0,
2021-03-22 16:00:20.240,0,-0.0015831311108624,0.0497165434807708,1.0,
2021-03-22 16:00:20.250,0,-0.0011299171775762,0.0482784006471389,1.0,
2021-03-22 16:00:20.260,0,-0.0023249237161189,0.0475963612929278,1.0,
2021-03-22 16:00:20.270,0,-0.00019979202847,0.0463362558943665,1.0,
2021-03-22 16:00:20.280,0,0.0055033419582073,0.0444666824220941,1.0,
2021-03-22 16:00:20.290,0,-0.0005694800005477,0.0428115956349298,1.0,
2021-03-22 16:00:20.300,0,-0.0048892704456448,0.0415417391549718,1.0,
2021-03-22 16:00:20.310,0,0.0032269548377898,0.0388619937921747,1.0,
2021-03-22 16:00:20.320,0,0.0026041245172056,0.0370525465351095,1.0,
2021-03-22 16:00:20.330,0,-0.0022391471000859,0.0344322246530215,1.0,
2021-03-22 16:00:20.340,0,-0.0035116373230654,0.0324149570296899,1.0,
2021-03-22 16:00:20.350,0,-0.0018827712491012,0.0301265577534116,1.0,
2021-03-22 16:00:20.360,0,-0.0003195517575977,0.028141544006387,1.0,
2021-03-22 16:00:20.370,0,-0.0019683474979868,0.0260219982031216,1.0,
2021-03-22 16:00:20.380,0,-0.0028109599831609,0.0239488022248664,1.0,
2021-03-22 16:00:20.390,0,0.0013907807667106,0.0219248587393845,1.0,
2021-03-22 16:00:20.400,0,-0.0031576788104352,0.0202746829099903,1.0,
2021-03-22 16:00:20.410,0,-0.0007191565180208,0.0183731141705025,1.0,
2021-03-22 16:00:20.420,0,-0.0026210310196295,0.0167307588878117,1.0,
2021-03-22 16:00:20.430,0,-0.0018132850649659,0.0150806858189823,1.0,
2021-03-22 16:00:20.440,0,-0.0006903998893212,0.0136426641289546,1.0,
2021-03-22 16:00:20.450,0,0.0013356950280778,0.0122396418136626,1.0,
2021-03-22 16:00:20.460,0,-0.0055666337351098,0.0108514402131935,1.0,
2021-03-22 16:00:20.470,0,0.00143677999302,0.0096030516165743,1.0,
2021-03-22 16:00:20.480,0,-0.0056123937006601,0.0083912086510113,1.0,
2021-03-22 16:00:20.490,0,0.0009013629939797,0.0073732348110146,1.0,
2021-03-22 16:00:20.500,0,-0.0010841019536118,0.0063742248064162,1.0,
2021-03-22 16:00:20.510,0,0.0052458636235124,0.0055127197392904,1.0,
2021-03-22 16:00:20.520,0,1.4087773370650225e-06,0.0046716136309954,1.0,
2021-03-22 16:00:20.530,0,-0.0014617042765365,0.0039471871741305,1.0,
2021-03-22 16:00:20.540,0,-0.004664589542756,0.0032990847519195,1.0,
2021-03-22 16:00:20.550,0,0.0003280327944391,0.0026735736429194,1.0,
2021-03-22 16:00:20.560,0,-0.0024639240479228,0.0021396003513832,1.0,
2021-03-22 16:00:20.570,0,0.0021383618216899,0.0016517600508295,1.0,
2021-03-22 16:00:20.580,0,0.0021233890850973,0.0012217181115224,1.0,
2021-03-22 16:00:20.590,0,-0.0002415255550116,0.0008427660874568,1.0,
2021-03-22 16:00:20.600,0,-0.003064870366459,0.0005141009670147,1.0,
2021-03-22 16:00:20.610,0,-0.0040323864482013,0.000218603923314,1.0,
2021-03-22 16:00:20.620,0,0.0009909503852114,0.0,1.0,
2021-03-22 16:00:20.630,0,0.0020113613151992,0.0,1.0,
2021-03-22 16:00:20.640,0,0.000479124267443,0.0,1.0,
2021-03-22 16:00:20.650,0,-0.0078434976166901,0.0,1.0,
2021-03-22 16:00:20.660,0,-0.0039324216682751,0.0,1.0,
2021-03-22 16:00:20.670,0,0.0019417737776517,0.0,1.0,
2021-03-22 16:00:20.680,0,0.0044624663088855,0.0,1.0,
2021-03-22 16:00:20.690,0,-0.0046742570448174,0.0,1.0,
2021-03-22 16:00:20.700,0,0.0017503189582615,0.0,1.0,
2021-03-22 16:00:20.710,0,0.0052901136441225,0.0,1.0,
2021-03-22 16:00:20.720,0,0.0016957626422216,0.0,1.0,
2021-03-22 16:00:20.730,0,-0.0032445642156735,0.0,1.0,
2021-03-22 16:00:20.740,0,-0.00098250182851,0.0,1.0,
2021-03-22 16:00:20.750,0,0.0001732871724849,0.0,1.0,
2021-03-22 16:00:20.760,0,0.0005100979661444,0.0,1.0,
2021-03-22 16:00:20.770,0,-0.0048701603093044,0.0,1.0,
2021-03-22 16:00:20.780,0,0.0021694039511669,0.0,1.0,
2021-03-22 16:00:20.790,0,0.002685980802883,0.0,1.0,
2021-03-22 16:00:20.800,0,0.001996225436237,0.0,1.0,
2021-03-22 16:00:20.810,0,-0.0013270211350519,0.0,1.0,
2021-03-22 16:00:20.820,0,-0.0044992177396127,0.0,1.0,
2021-03-22 16:00:20.830,0,0.0065089539454564,0.0,1.0,
2021-03-22 16:00:20.840,0,-0.0048415172481959,0.0,1.0,
2021-03-22 16:00:20.850,0,0.0071750962130819,0.0,1.0,
2021-03-22 16:00:20.860,0,-0.004044092219728,0.0,1.0,
2021-03-22 16:00:20.870,0,0.0013174444037096,0.0,1.0,
2021-03-22 16:00:20.880,0,-0.0085881188175448,0.0,1.0,
2021-03-22 16:00:20.890,0,-0.0024805520300785,0.0,1.0,
2021-03-22 16:00:20.900,0,-0.0001219216848907,0.0,1.0,
2021-03-22 16:00:20.910,0,0.0020549565313498,0.0,1.0,
2021-03-22 16:00:20.920,0,0.0009203624014824,0.0,1.0,
2021-03-22 16:00:20.930,0,-0.0006587500492621,0.0,1.0,
2021-03-22 16:00:20.940,0,0.0024269991498679,0.0,1.0,
2021-03-22 16:00:20.950,0,0.0016387232329031,0.0,1.0,
2021-03-22 16:00:20.960,0,0.0021163702591778,0.0,1.0,
2021-03-22 16:00:20.970,0,-0.0003279561743599,0.0,1.0,
2021-03-22 16:00:20.980,0,0.0011891623714891,0.0,1.0,
2021-03-22 16:00:20.990,0,0.0012581883546994,0.0,1.0,
2021-03-22 16:00:21.000,0,0.0044321788705837,0.0,1.0,
2021-03-22 16:00:21.010,0,0.0026719516340873,0.0,1.0,
2021-03-22 16:00:21.020,0,-0.0024241930907907,0.0,1.0,
2021-03-22 16:00:21.030,0,0.0070202008360825,0.0,1.0,
2021-03-22 16:00:21.040,0,0.003353038721024,0.0,1.0,
2021-03-22 16:00:21.050,0,0.0019092523513860003,0.0,1.0,
2021-03-22 16:00:21.060,0,0.0028771849980338,0.0,1.0,
2021-03-22 16:00:21.070,0,-0.0004086859272786,0.0,1.0,
2021-03-22 16:00:21.080,0,-0.0037306104847356,0.0,1.0,
2021-03-22 16:00:21.090,0,-0.0017678330419622,0.0,1.0,
2021-03-22 16:00:21.100,0,0.0043085756411494,0.0,1.0,
2021-03-22 16:00:21.110,0,0.0079368230918771,0.0,1.0,
2021-03-22 16:00:21.120,0,-0.0035838025740973,2.757791247131052e-06,1.0,
2021-03-22 16:00:21.130,0,-0.0024478562814094,6.695363370679398e-06,1.0,
2021-03-22 16:00:21.140,0,0.0022292930557148,9.972251963403204e-06,1.0,
2021-03-22 16:00:21.150,0,0.0039134188050049,1.2728209746215045e-05,1.0,
2021-03-22 16:00:21.160,0,0.0001877463407697,1.5055039037573798e-05,1.0,
2021-03-22 16:00:21.170,0,0.0008667281064303,1.681175558951195e-05,1.0,
2021-03-22 16:00:21.180,0,-0.0005011798703817,1.7954597161648433e-05,1.0,
2021-03-22 16:00:21.190,0,0.0034565125701206,1.912901558307344e-05,1.0,
2021-03-22 16:00:21.200,0,0.0012541907167758,1.973733364643445e-05,1.0,
2021-03-22 16:00:21.210,0,0.0023385480202851,2.016159702992272e-05,1.0,
2021-03-22 16:00:21.220,0,0.0011770253423781,2.0293096064035016e-05,1.0,
2021-03-22 16:00:21.230,0,2.701305246342921e-05,1.997920486000773e-05,1.0,
2021-03-22 16:00:21.240,0,0.0061550841812311,1.9822139614898985e-05,1.0,
2021-03-22 16:00:21.250,0,-0.0056278851203107,1.953331403261953e-05,1.0,
2021-03-22 16:00:21.260,0,-0.0011359439172723,1.9032269379171025e-05,1.0,
2021-03-22 16:00:21.270,0,0.0017137500791841,1.831783099593273e-05,1.0,
2021-03-22 16:00:21.280,0,0.0006257426400505,1.7705371573393596e-05,1.0,
2021-03-22 16:00:21.290,0,-0.0015116591301929994,1.671865847714715e-05,1.0,
2021-03-22 16:00:21.300,0,0.0008155788344317,1.6002462142056686e-05,1.0,
2021-03-22 16:00:21.310,0,-0.0054782215113082,1.5123699875972266e-05,1.0,
2021-03-22 16:00:21.320,0,6.988925278143209e-05,1.4370695825112494e-05,1.0,
2021-03-22 16:00:21.330,0,0.0033464879469837,1.3441284764756648e-05,1.0,
2021-03-22 16:00:21.340,0,0.0019881647339161,1.2702462191800286e-05,1.0,
2021-03-22 16:00:21.350,0,-0.0046560622142357,1.1729531870482753e-05,1.0,
2021-03-22 16:00:21.360,0,-0.0074347872220397,1.0885467511304633e-05,1.0,
2021-03-22 16:00:21.370,0,0.0014711396240389,1.0066935349716578e-05,1.0,
2021-03-22 16:00:21.380,0,-0.0023049747660143,9.29101020272389e-06,1.0,
2021-03-22 16:00:21.390,0,-0.0013687063118805,8.454822340789608e-06,1.0,
2021-03-22 16:00:21.400,0,0.0022066464260034,7.700286846489836e-06,1.0,
2021-03-22 16:00:21.410,0,-0.0004101928666394,7.0345949053677715e-06,1.0,
2021-03-22 16:00:21.420,0,0.0006803341267281,6.3621790026921484e-06,1.0,
2021-03-22 16:00:21.430,0,-0.001194126210407,5.712135697846147e-06,1.0,
2021-03-22 16:00:21.440,0,0.0043571397197825,5.120784145121225e-06,1.0,
2021-03-22 16:00:21.450,0,-0.0006896344496541,4.575742544993846e-06,1.0,
2021-03-22 16:00:21.460,0,0.0012887003682779,4.0761382285322924e-06,1.0,
2021-03-22 16:00:21.470,0,0.0048288354258613,3.5653554034173987e-06,1.0,
2021-03-22 16:00:21.480,0,-0.0005322873881944,3.1054175796095587e-06,1.0,
2021-03-22 16:00:21.490,0,-0.0007367468210580001,2.7048640666372216e-06,1.0,
2021-03-22 16:00:21.500,0,-0.0003479393000009,2.368083610414105e-06,1.0,
2021-03-22 16:00:21.510,0,-0.0040438677240108,2.000208736211698e-06,1.0,
2021-03-22 16:00:21.520,0,-0.0015967819448272,1.6728419137305911e-06,1.0,
2021-03-22 16:00:21.530,0,-0.0018247186053901,1.390252312544582e-06,1.0,
2021-03-22 16:00:21.540,0,0.0008429157587699,1.1338239164004128e-06,1.0,
2021-03-22 16:00:21.550,0,-0.0002621565760636,9.09394827203558e-07,1.0,
2021-03-22 16:00:21.560,0,0.0027618549723275,7.109731482190124e-07,1.0,
2021-03-22 16:00:21.570,0,0.005145462722283,5.232513944846902e-07,1.0,
2021-03-22 16:00:21.580,0,7.298656499017632e-05,3.662786415467502e-07,1.0,
2021-03-22 16:00:21.590,0,0.0023551678763283,2.263147513048677e-07,1.0,
2021-03-22 16:00:21.600,0,0.0025934277517646,1.062746577490354e-07,1.0,
2021-03-22 16:00:21.610,0,-0.0028504908663716,1.890202897211443e-09,1.0,
2021-03-22 16:00:21.620,0,0.0037462633064786,0.0,1.0,
2021-03-22 16:00:21.630,0,-0.0013156196600903,0.0,1.0,
2021-03-22 16:00:21.640,0,0.0008453799025971,0.0,1.0,
2021-03-22 16:00:21.650,0,0.0031741818494388,0.0,1.0,
2021-03-22 16:00:21.660,0,-0.0017574948193534,0.0,1.0,
2021-03-22 16:00:21.670,0,0.001054645791201,0.0,1.0,
2021-03-22 16:00:21.680,0,-0.0013800910227276,0.0,1.0,
2021-03-22 16:00:21.690,0,0.0025249927035275,0.0,1.0,
2021-03-22 16:00:21.700,0,-0.0014281839233363,0.0,1.0,
2021-03-22 16:00:21.710,0,-0.0046429617561232,0.0,1.0,
2021-03-22 16:00:21.720,0,-0.0006895242976248,0.0,1.0,
2021-03-22 16:00:21.730,0,-0.0033126757579847,0.0,1.0,
2021-03-22 16:00:21.740,0,-0.0007281231245851,0.0,1.0,
2021-03-22 16:00:21.750,0,-0.0055009854561285,0.0,1.0,
2021-03-22 16:00:21.760,0,0.0030329175480039,0.0,1.0,
2021-03-22 16:00:21.770,0,-0.000697154521945,0.0,1.0,
2021-03-22 16:00:21.780,0,-0.0034620189042846,0.0,1.0,
2021-03-22 16:00:21.790,0,-0.0048161534736866,0.0,1.0,
2021-03-22 16:00:21.800,0,-0.0012021013004233,0.0,1.0,
2021-03-22 16:00:21.810,0,0.0014869459349109,0.0,1.0,
2021-03-22 16:00:21.820,0,-0.0025159358799492,0.0,1.0,
2021-03-22 16:00:21.830,0,-0.0026324085312135,0.0,1.0,
2021-03-22 16:00:21.840,0,-0.004509536323735,0.0,1.0,
2021-03-22 16:00:21.850,0,0.0040754469953399,0.0,1.0,
2021-03-22 16:00:21.860,0,-0.0010531849526718,0.0,1.0,
2021-03-22 16:00:21.870,0,0.0013041028467018,0.0,1.0,
2021-03-22 16:00:21.880,0,0.0017580242815213,0.0,1.0,
2021-03-22 16:00:21.890,0,0.0055503350633636,0.0,1.0,
2021-03-22 16:00:21.900,0,-0.0025745415894293,0.0,1.0,
2021-03-22 16:00:21.910,0,0.0040365708832413,0.0,1.0,
2021-03-22 16:00:21.920,0,0.0034792742225131,0.0,1.0,
2021-03-22 16:00:21.930,0,-0.0017653046853721,0.0,1.0,
2021-03-22 16:00:21.940,0,-0.0023809037688971,0.0,1.0,
2021-03-22 16:00:21.950,0,0.0018905451570306,0.0,1.0,
2021-03-22 16:00:21.960,0,0.0020506750703948,0.0,1.0,
2021-03-22 16:00:21.970,0,0.001680529885241,0.0,1.0,
2021-03-22 16:00:21.980,0,0.0029406977516526,0.0,1.0,
2021-03-22 16:00:21.990,0,0.0007181091851352,0.0,1.0,
2021-03-22 16:00:22.000,0,0.0057602846920571,0.0,1.0,
2021-03-22 16:00:22.010,0,-0.0011073060085155,0.0,1.0,
2021-03-22 16:00:22.020,0,-0.0027587598400662,0.0,1.0,
2021-03-22 16:00:22.030,0,-0.0027528148681620003,0.0,1.0,
2021-03-22 16:00:22.040,0,-0.0002485664104643,0.0,1.0,
2021-03-22 16:00:22.050,0,-0.0004921409923222,0.0,1.0,
2021-03-22 16:00:22.060,0,-0.0045161081054512,0.0,1.0,
2021-03-22 16:00:22.070,0,-0.0007634769889892,0.0,1.0,
2021-03-22 16:00:22.080,0,0.0048617396738859,0.0,1.0,
2021-03-22 16:00:22.090,0,0.0015732820072293,0.0,1.0,
2021-03-22 16:00:22.100,0,-2.0085800596256192e-05,0.0,1.0,
2021-03-22 16:00:22.110,0,0.0026978409602087,8.915888830285173e-10,1.0,
2021-03-22 16:00:22.120,0,-0.0030133499517804,2.527187632576069e-09,1.0,
2021-03-22 16:00:22.130,0,-0.0008668202804135,3.9012095495966985e-09,1.0,
2021-03-22 16:00:22.140,0,-0.001083809751611,5.042721287672505e-09,1.0,
2021-03-22 16:00:22.150,0,-0.001007610179154,5.956877359915171e-09,1.0,
2021-03-22 16:00:22.160,0,-0.004001520210942,6.704324183926253e-09,1.0,
2021-03-22 16:00:22.170,0,0.0042356217209543,7.2638920616638e-09,1.0,
2021-03-22 16:00:22.180,0,-0.0006441149196305,7.649747976197348e-09,1.0,
2021-03-22 16:00:22.190,0,0.0018301206842532,7.892486406088284e-09,1.0,
2021-03-22 16:00:22.200,0,0.0056141814188731,8.073712886310817e-09,1.0,
2021-03-22 16:00:22.210,0,0.0004745891303755,8.157510544389961e-09,1.0,
2021-03-22 16:00:22.220,0,0.0002945060848537,8.099158531788638e-09,1.0,
2021-03-22 16:00:22.230,0,-0.0005348895592394,7.934027731793199e-09,1.0,
2021-03-22 16:00:22.240,0,-0.0015915898031815,7.851638022796398e-09,1.0,
2021-03-22 16:00:22.250,0,-0.0044083216167975,7.6444471287351e-09,1.0,
2021-03-22 16:00:22.260,0,0.0015821082999110002,7.4216374490379795e-09,1.0,
2021-03-22 16:00:22.270,0,-0.0003430385569311,7.051777518814782e-09,1.0,
2021-03-22 16:00:22.280,0,0.0019583441795209,6.8088355635116666e-09,1.0,
2021-03-22 16:00:22.290,0,0.0020948683333924,6.4181125546882424e-09,1.0,
2021-03-22 16:00:22.300,0,0.0025668614606667,6.1456509864234355e-09,1.0,
2021-03-22 16:00:22.310,0,0.0036907429761585,5.699368859480454e-09,1.0,
2021-03-22 16:00:22.320,0,3.494247733904864e-05,5.401967049620198e-09,1.0,
2021-03-22 16:00:22.330,0,-0.0020599149407895,5.034952781001912e-09,1.0,
2021-03-22 16:00:22.340,0,-0.00171891029434,4.718154336418272e-09,1.0,
2021-03-22 16:00:22.350,0,0.0014274309559856,4.334695250102207e-09,1.0,
2021-03-22 16:00:22.360,0,0.0042372515837995,3.984488427145224e-09,1.0,
2021-03-22 16:00:22.370,0,-0.0021801991245884,3.659270986922556e-09,1.0,
2021-03-22 16:00:22.380,0,-0.0026585675536486,3.361708161155461e-09,1.0,
2021-03-22 16:00:22.390,0,-0.0055047501155462,3.028466253787301e-09,1.0,
2021-03-22 16:00:22.400,0,-0.0048911332172418,2.758932691951086e-09,1.0,
2021-03-22 16:00:22.410,0,-0.0037566923585529,2.4983695986014413e-09,1.0,
2021-03-22 16:00:22.420,0,0.0082900080798881,2.2528768982212408e-09,1.0,
2021-03-22 16:00:22.430,0,6.303970205879488e-05,2.006340905068463e-09,1.0,
2021-03-22 16:00:22.440,0,-0.0025056288846263,1.786253753020417e-09,1.0,
2021-03-22 16:00:22.450,0,0.002170709328592,1.5723425925568493e-09,1.0,
2021-03-22 16:00:22.460,0,-0.0019568471977944,1.391725607648975e-09,1.0,
2021-03-22 16:00:22.470,0,0.0014081756995303,1.2117622681530762e-09,1.0,
2021-03-22 16:00:22.480,0,-0.0002024872657275,1.0476123719241744e-09,1.0,
2021-03-22 16:00:22.490,0,0.0035371943623518,8.96116412853617e-10,1.0,
2021-03-22 16:00:22.500,0,0.0035504870417493,7.75653152580567e-10,1.0,
2021-03-22 16:00:22.510,0,-0.0011271887273836,6.537844045357446e-10,1.0,
2021-03-22 16:00:22.520,0,-0.0020535439295081,5.423479871109902e-10,1.0,
2021-03-22 16:00:22.530,0,-0.0034960351318129,4.457765341979754e-10,1.0,
2021-03-22 16:00:22.540,0,-0.0018292434498478,3.4934522982489185e-10,1.0,
2021-03-22 16:00:22.550,0,-0.0066090539814274,2.73810481027733e-10,1.0,
2021-03-22 16:00:22.560,0,0.0030341192207952,2.055696554642171e-10,1.0,
2021-03-22 16:00:22.570,0,0.0012725863788704,1.4180201748154096e-10,1.0,
2021-03-22 16:00:22.580,0,0.000505611499948,8.896701334452086e-11,1.0,
2021-03-22 16:00:22.590,0,0.0020545334126044,4.1250908170938076e-11,1.0,
2021-03-22 16:00:22.600,0,-0.0016253979124267,6.628949188604575e-13,1.0,
2021-03-22 16:00:22.610,0,-0.0028905716644663,0.0,1.0,
2021-03-22 16:00:22.620,0,0.0016596559492496,0.0,1.0,
2021-03-22 16:00:22.630,0,-0.0037869512252785,0.0,1.0,
2021-03-22 16:00:22.640,0,0.0023604708686509,0.0,1.0,
2021-03-22 16:00:22.650,0,-0.0006389541816936,0.0,1.0,
2021-03-22 16:00:22.660,0,-0.0068640201094034,0.0,1.0,
2021-03-22 16:00:22.670,0,0.0012137909434385,0.0,1.0,
2021-03-22 16:00:22.680,0,-0.0006863281206622,0.0,1.0,
2021-03-22 16:00:22.690,0,-0.0007698416184217,0.0,1.0,
2021-03-22 16:00:22.700,0,0.002965390333031,0.0,1.0,
2021-03-22 16:00:22.710,0,0.0048025851200739,0.0,1.0,
2021-03-22 16:00:22.720,0,0.0015616187980047,0.0,1.0,
2021-03-22 16:00:22.730,0,0.0035481684684197,0.0,1.0,
2021-03-22 16:00:22.740,0,-0.0030437057026175,0.0,1.0,
2021-03-22 16:00:22.750,0,-0.000642221482538,0.0,1.0,
2021-03-22 16:00:22.760,0,0.0016546921836101,0.0,1.0,
2021-03-22 16:00:22.770,0,-0.0053461651326018,0.0,1.0,
2021-03-22 16:00:22.780,0,-0.0041908599089451,0.0,1.0,
2021-03-22 16:00:22.790,0,0.0043367832493597,0.0,1.0,
2021-03-22 16:00:22.800,0,0.0011428865643660002,0.0,1.0,
2021-03-22 16:00:22.810,0,-0.0052313785880038,0.0,1.0,
2021-03-22 16:00:22.820,0,-0.0022685088153032,0.0,1.0,
2021-03-22 16:00:22.830,0,-0.00053001708432,0.0,1.0,
2021-03-22 16:00:22.840,0,-0.0029115007600047,0.0,1.0,
2021-03-22 16:00:22.850,0,-0.0031126778200839,0.0,1.0,
2021-03-22 16:00:22.860,0,-0.0064559504169645,0.0,1.0,
2021-03-22 16:00:22.870,0,-0.0028382940022665,0.0,1.0,
2021-03-22 16:00:22.880,0,-0.0089659108761281,0.0,1.0,
2021-03-22 16:00:22.890,0,0.0008290614698411,0.0,1.0,
2021-03-22 16:00:22.900,0,-0.0027956820265461,0.0,1.0,
2021-03-22 16:00:22.910,0,-0.0025655957247848,0.0,1.0,
2021-03-22 16:00:22.920,0,0.0057983560108381,0.0,1.0,
2021-03-22 16:00:22.930,0,0.0008447260568426,0.0,1.0,
2021-03-22 16:00:22.940,0,-0.0032662293184429,0.0,1.0,
2021-03-22 16:00:22.950,0,-0.0041733846364854,0.0,1.0,
2021-03-22 16:00:22.960,0,-0.0083496093865022,0.0,1.0,
2021-03-22 16:00:22.970,0,0.0026150730434897,0.0,1.0,
2021-03-22 16:00:22.980,0,0.0035260255620387,0.0,1.0,
2021-03-22 16:00:22.990,0,-0.0009512474230214,0.0,1.0,
2021-03-22 16:00:23.000,0,-0.0015826175578198,0.0,1.0,
2021-03-22 16:00:23.010,0,-0.0024043853916189,0.0,1.0,
2021-03-22 16:00:23.020,0,0.000998115364419,0.0,1.0,
2021-03-22 16:00:23.030,0,-0.0005989896877085,0.0,1.0,
2021-03-22 16:00:23.040,0,-0.0001072432546404,0.0,1.0,
2021-03-22 16:00:23.050,0,-0.0031699254943635,0.0,1.0,
2021-03-22 16:00:23.060,0,0.0036538125056035,0.0,1.0,
2021-03-22 16:00:23.070,0,9.848008889367796e-05,0.0,1.0,
2021-03-22 16:00:23.080,0,0.0018383789586379,0.0,1.0,
2021-03-22 16:00:23.090,0,-4.4769833457886404e-05,0.0,1.0,
2021-03-22 16:00:23.100,0,0.0033951948493277,3.4651405363313787e-13,1.0,
2021-03-22 16:00:23.110,0,-0.0007185895186259,9.90136004808339e-13,1.0,
2021-03-22 16:00:23.120,0,0.0007500599060394,1.5002134185573114e-12,1.0,
2021-03-22 16:00:23.130,0,0.001111951975826,1.944690407178945e-12,1.0,
2021-03-22 16:00:23.140,0,0.0032008941413693,2.294368168884288e-12,1.0,
2021-03-22 16:00:23.150,0,-0.0073832968633297,2.574828209520001e-12,1.0,
2021-03-22 16:00:23.160,0,-0.0005744107259884,2.7837350899103607e-12,1.0,
2021-03-22 16:00:23.170,0,-0.0065680650518617,2.9319106638552908e-12,1.0,
2021-03-22 16:00:23.180,0,0.0012553609057488,3.0526749627522527e-12,1.0,
2021-03-22 16:00:23.190,0,-0.0038337966032146,3.101653757298235e-12,1.0,
2021-03-22 16:00:23.200,0,-0.0011373397567019,3.1432327228319678e-12,1.0,
2021-03-22 16:00:23.210,0,0.0056502775678628,3.124703583312838e-12,1.0,
2021-03-22 16:00:23.220,0,0.0009380363907313,3.0562164492008188e-12,1.0,
2021-03-22 16:00:23.230,0,0.001995573883654,3.0287586745905567e-12,1.0,
2021-03-22 16:00:23.240,0,-0.0030852467960859,2.959118345802335e-12,1.0,
2021-03-22 16:00:23.250,0,-0.0009718399584083,2.8357296289034127e-12,1.0,
2021-03-22 16:00:23.260,0,-0.0063350589523128,2.7520287079071697e-12,1.0,
2021-03-22 16:00:23.270,0,-0.0036837503031398,2.602875899453811e-12,1.0,
2021-03-22 16:00:23.280,0,0.0016374209605874,2.4737103941385083e-12,1.0,
2021-03-22 16:00:23.290,0,0.0032983883755076,2.358301674781397e-12,1.0,
2021-03-22 16:00:23.300,0,0.0032852582946653,2.218601879279404e-12,1.0,
2021-03-22 16:00:23.310,0,-0.0003885582454533,2.074234568196577e-12,1.0,
2021-03-22 16:00:23.320,0,-0.0024759288670311,1.9381148692089943e-12,1.0,
2021-03-22 16:00:23.330,0,-0.0015361485262072,1.8187433866509342e-12,1.0,
2021-03-22 16:00:23.340,0,0.0026228282538129995,1.6774567927395114e-12,1.0,
2021-03-22 16:00:23.350,0,-0.0024904739875969,1.5570577956511423e-12,1.0,
2021-03-22 16:00:23.360,0,0.0013957507812044,1.428511891370902e-12,1.0,
2021-03-22 16:00:23.370,0,-0.0007051621905716,1.3068474934521504e-12,1.0,
2021-03-22 16:00:23.380,0,-0.0006124269417072,1.1910666524023245e-12,1.0,
2021-03-22 16:00:23.390,0,0.0012685893980636,1.0865404785190412e-12,1.0,
2021-03-22 16:00:23.400,0,-0.0002084405781126,9.835338720700883e-13,1.0,
2021-03-22 16:00:23.410,0,0.0004655932297366,8.846264284744224e-13,1.0,
2021-03-22 16:00:23.420,0,0.0034858564309081,8.004372009809231e-13,1.0,
2021-03-22 16:00:23.430,0,-0.0003642497748474,7.07600204688028e-13,1.0,
2021-03-22 16:00:23.440,0,-0.0006307035930381,6.298320774584211e-13,1.0,
2021-03-22 16:00:23.450,0,-0.0028204123920845,5.556106456683767e-13,1.0,
2021-03-22 16:00:23.460,0,-0.0009544878638701,4.807408393800632e-13,1.0,
2021-03-22 16:00:23.470,0,-0.0014690792177628,4.24457600913859e-13,1.0,
2021-03-22 16:00:23.480,0,-0.0029328041423221,3.6092504270113945e-13,1.0,
2021-03-22 16:00:23.490,0,0.0011176426931701,3.0947025178492766e-13,1.0,
2021-03-22 16:00:23.500,0,-0.0015075075254784,2.624287297521267e-13,1.0,
2021-03-22 16:00:23.510,0,0.00012202463688,2.176705122257386e-13,1.0,
2021-03-22 16:00:23.520,0,-0.0046970972897162,1.7643526545801384e-13,1.0,
2021-03-22 16:00:23.530,0,0.0063111522998981,1.4138859582829294e-13,1.0,
2021-03-22 16:00:23.540,0,-0.0067441289323158,1.10440419477005e-13,1.0,
2021-03-22 16:00:23.550,0,-0.0007326882125815,8.242385218846935e-14,1.0,
2021-03-22 16:00:23.560,0,-0.0038856421827741,5.693485700439969e-14,1.0,
2021-03-22 16:00:23.570,0,-0.0022666887654238,3.5360513395787283e-14,1.0,
2021-03-22 16:00:23.580,0,0.0009983170627548,1.634369677499035e-14,1.0,
2021-03-22 16:00:23.590,0,0.0010780879911048,2.385829895983154e-16,1.0,
2021-03-22 16:00:23.600,0,-0.0016133415971691,0.0,1.0,
2021-03-22 16:00:23.610,0,-0.0025799980179738,0.0,1.0,
2021-03-22 16:00:23.620,0,0.0010502814042934,0.0,1.0,
2021-03-22 16:00:23.630,0,0.0038174542292269,0.0,1.0,
2021-03-22 16:00:23.640,0,-0.0001758779288274,0.0,1.0,
2021-03-22 16:00:23.650,0,0.0021024049693227,0.0,1.0,
2021-03-22 16:00:23.660,0,0.0027853070836901,0.0,1.0,
2021-03-22 16:00:23.670,0,-0.0036556863130152,0.0,1.0,
2021-03-22 16:00:23.680,0,0.0054112415975518,0.0,1.0,
2021-03-22 16:00:23.690,0,0.0020515101303646,0.0,1.0,
2021-03-22 16:00:23.700,0,-0.0054574542930044,0.0,1.0,
2021-03-22 16:00:23.710,0,1.6858959918477693e-05,0.0,1.0,
2021-03-22 16:00:23.720,0,0.0032778174611396,0.0,1.0,
2021-03-22 16:00:23.730,0,0.0029062657814335,0.0,1.0,
2021-03-22 16:00:23.740,0,-0.0059069756038253,0.0,1.0,
2021-03-22 16:00:23.750,0,0.0012776222200894,0.0,1.0,
2021-03-22 16:00:23.760,0,0.0020089192455438,0.0,1.0,
2021-03-22 16:00:23.770,0,-0.0017169516776081,0.0,1.0,
2021-03-22 16:00:23.780,0,-0.0057780032245033,0.0,1.0,
2021-03-22 16:00:23.790,0,-0.0057884333620339,0.0,1.0,
2021-03-22 16:00:23.800,0,0.0028547987353364,0.0,1.0,
2021-03-22 16:00:23.810,0,-1.943226551173832e-06,0.0,1.0,
2021-03-22 16:00:23.820,0,0.0022023867066343,0.0,1.0,
2021-03-22 16:00:23.830,0,0.0024744955921484,0.0,1.0,
2021-03-22 16:00:23.840,0,0.0006354827519600001,0.0,1.0,
2021-03-22 16:00:23.850,0,-0.0012051855653433,0.0,1.0,
2021-03-22 16:00:23.860,0,-0.0025447654629234,0.0,1.0,
2021-03-22 16:00:23.870,0,0.0057542237036086,0.0,1.0,
2021-03-22 16:00:23.880,0,-0.0061295769563333,0.0,1.0,
2021-03-22 16:00:23.890,0,-0.0034330750841929,0.0,1.0,
2021-03-22 16:00:23.900,0,-0.0045674841284418,0.0,1.0,
2021-03-22 16:00:23.910,0,0.0032070001136087,0.0,1.0,
2021-03-22 16:00:23.920,0,-0.002260045526554,0.0,1.0,
2021-03-22 16:00:23.930,0,0.0016415679139404,0.0,1.0,
2021-03-22 16:00:23.940,0,-0.0022782285377416,0.0,1.0,
2021-03-22 16:00:23.950,0,0.0011604687118919,0.0,1.0,
2021-03-22 16:00:23.960,0,-0.0019698383871689,0.0,1.0,
2021-03-22 16:00:23.970,0,6.0782707289181116e-05,0.0,1.0,
2021-03-22 16:00:23.980,0,0.0028829502495788,0.0,1.0,
2021-03-22 16:00:23.990,0,-0.0040814797364423,0.0,1.0,
2021-03-22 16:00:24.000,0,0.0015361317756645,0.0,1.0,
2021-03-22 16:00:24.010,0,-0.0005272668575487,0.0,1.0,
2021-03-22 16:00:24.020,0,0.0013447640257239,0.0,1.0,
2021-03-22 16:00:24.030,0,-0.0054040869768004,0.0,1.0,
2021-03-22 16:00:24.040,0,0.0027163761911419,0.0,1.0,
2021-03-22 16:00:24.050,0,0.0008518051477189,0.0,1.0,
2021-03-22 16:00:24.060,0,0.0003470876967229,0.0,1.0,
2021-03-22 16:00:24.070,0,-0.0013117688903684,0.0,1.0,
2021-03-22 16:00:24.080,0,-0.0005981840958715,0.0,1.0,
2021-03-22 16:00:24.090,0,-0.0019291503889595,1.3983247337389794e-16,1.0,
2021-03-22 16:00:24.100,0,-0.0046048500762998,3.897295212467975e-16,1.0,
2021-03-22 16:00:24.110,0,0.0005590195222636,6.026540304071831e-16,1.0,
2021-03-22 16:00:24.120,0,0.0001742939621523,7.766881985687543e-16,1.0,
2021-03-22 16:00:24.130,0,0.0028394561400293,9.334674574209674e-16,1.0,
2021-03-22 16:00:24.140,0,0.000374020511572,1.0383982427432117e-15,1.0,
2021-03-22 16:00:24.150,0,0.0015099548983413,1.123479639263212e-15,1.0,
2021-03-22 16:00:24.160,0,-0.0008297407732555,1.1882665257048499e-15,1.0,
2021-03-22 16:00:24.170,0,-0.0010116791991981,1.2327261898448335e-15,1.0,
2021-03-22 16:00:24.180,0,-0.0017236454190843,1.2556302580743089e-15,1.0,
2021-03-22 16:00:24.190,0,0.0031407326964997,1.2715962506885074e-15,1.0,
2021-03-22 16:00:24.200,0,0.0042742745111311,1.2720822232364034e-15,1.0,
2021-03-22 16:00:24.210,0,-0.0006116910968642,1.2555746787610481e-15,1.0,
2021-03-22 16:00:24.220,0,0.0016334802833655,1.228914950624033e-15,1.0,
2021-03-22 16:00:24.230,0,-0.0062319507240294,1.207675330265157e-15,1.0,
2021-03-22 16:00:24.240,0,0.0026127373637653,1.1488275897654178e-15,1.0,
2021-03-22 16:00:24.250,0,-0.0045670652663984,1.1112100283739533e-15,1.0,
2021-03-22 16:00:24.260,0,-0.0046760411647822,1.065358667014741e-15,1.0,
2021-03-22 16:00:24.270,0,0.0005436413882881,1.0216393379397196e-15,1.0,
2021-03-22 16:00:24.280,0,-0.0040247824356385,9.610272864575734e-16,1.0,
2021-03-22 16:00:24.290,0,0.0001075132563067,9.057231429376909e-16,1.0,
2021-03-22 16:00:24.300,0,-0.004116341592244,8.483731213195824e-16,1.0,
2021-03-22 16:00:24.310,0,0.0027928969365552,7.954942841790831e-16,1.0,
2021-03-22 16:00:24.320,0,8.384159659240524e-05,7.433071382592073e-16,1.0,
2021-03-22 16:00:24.330,0,0.0039756454280989,6.8426842014896895e-16,1.0,
2021-03-22 16:00:24.340,0,0.0013782516329883,6.3467058683646445e-16,1.0,
2021-03-22 16:00:24.350,0,-0.0032775911762462,5.823717118015749e-16,1.0,
2021-03-22 16:00:24.360,0,0.0022044634880913,5.339636759992518e-16,1.0,
2021-03-22 16:00:24.370,0,0.0009538007830935,4.845753881746704e-16,1.0,
2021-03-22 16:00:24.380,0,0.0002417867643545,4.424679348164231e-16,1.0,
2021-03-22 16:00:24.390,0,-0.0033760850099159,3.9807122893627023e-16,1.0,
2021-03-22 16:00:24.400,0,0.0029742900595468,3.5792234814340233e-16,1.0,
2021-03-22 16:00:24.410,0,0.0012922307233108,3.219615325686113e-16,1.0,
2021-03-22 16:00:24.420,0,-0.0043475303705138,2.839533721842906e-16,1.0,
2021-03-22 16:00:24.430,0,-0.0041644916174401,2.517007146736729e-16,1.0,
2021-03-22 16:00:24.440,0,-0.0002652622455569,2.221122069985916e-16,1.0,
2021-03-22 16:00:24.450,0,-0.0019337831122908,1.94748967491718e-16,1.0,
2021-03-22 16:00:24.460,0,0.0016789779306664,1.6823848380504866e-16,1.0,
2021-03-22 16:00:24.470,0,0.0013048067118814,1.4543763999837508e-16,1.0,
2021-03-22 16:00:24.480,0,-0.0016322364421488,1.2317095780782372e-16,1.0,
2021-03-22 16:00:24.490,0,0.0004084564639134,1.0339356008863692e-16,1.0,
2021-03-22 16:00:24.500,0,-0.0010505798482751,8.632810515094972e-17,1.0,
2021-03-22 16:00:24.510,0,0.0015813592829922,6.985364494696101e-17,1.0,
2021-03-22 16:00:24.520,0,0.0010734022143942,5.660844477359031e-17,1.0,
2021-03-22 16:00:24.530,0,0.0029490309174168,4.326078116269346e-17,1.0,
2021-03-22 16:00:24.540,0,-0.0003263188498727,3.219640681440553e-17,1.0,
2021-03-22 16:00:24.550,0,-0.0057059615954533,2.2392701694643908e-17,1.0,
2021-03-22 16:00:24.560,0,-0.0011750491833756,1.3896869732876063e-17,1.0,
2021-03-22 16:00:24.570,0,-0.0036410502802163,6.46886215226363e-18,1.0,
2021-03-22 16:00:24.580,0,0.0018196485983018,8.197147262970382e-20,1.0,
2021-03-22 16:00:24.590,0,-0.0038850230311639,0.0,1.0,
2021-03-22 16:00:24.600,0,-0.0029288288584846,0.0,1.0,
2021-03-22 16:00:24.610,0,0.0041726644349188,0.0,1.0,
2021-03-22 16:00:24.620,0,-0.0036688073342504,0.0,1.0,
2021-03-22 16:00:24.630,0,-0.0023943791296609,0.0,1.0,
2021-03-22 16:00:24.640,0,0.0037027172229277,0.0,1.0,
2021-03-22 16:00:24.650,0,0.0008833807552146,0.0,1.0,
2021-03-22 16:00:24.660,0,-0.0049403947312601,0.0,1.0,
2021-03-22 16:00:24.670,0,0.0027390932494083,0.0,1.0,
2021-03-22 16:00:24.680,0,0.0029308778009571,0.0,1.0,
2021-03-22 16:00:24.690,0,0.0070462022491843,0.0,1.0,
2021-03-22 16:00:24.700,0,-0.0016510916908449,0.0,1.0,
2021-03-22 16:00:24.710,0,0.0034067673023681,0.0,1.0,
2021-03-22 16:00:24.720,0,-0.0051124521627272,0.0,1.0,
2021-03-22 16:00:24.730,0,0.0021970688576792,0.0,1.0,
2021-03-22 16:00:24.740,0,-0.0066988188165233,0.0,1.0,
2021-03-22 16:00:24.750,0,0.0068208345287177,0.0,1.0,
2021-03-22 16:00:24.760,0,-0.0015534134712665,0.0,1.0,
2021-03-22 16:00:24.770,0,0.0086589255609921,0.0,1.0,
2021-03-22 16:00:24.780,0,-0.0004714538266881,0.0,1.0,
2021-03-22 16:00:24.790,0,-0.0019257594684015,0.0,1.0,
2021-03-22 16:00:24.800,0,0.0051883468884346,0.0,1.0,
2021-03-22 16:00:24.810,0,0.0001802575495382,0.0,1.0,
2021-03-22 16:00:24.820,0,-0.0023742790409824,0.0,1.0,
2021-03-22 16:00:24.830,0,-0.0032082818761524,0.0,1.0,
2021-03-22 16:00:24.840,0,0.0024982696613861,0.0,1.0,
2021-03-22 16:00:24.850,0,-0.0033174221033051,0.0,1.0,
2021-03-22 16:00:24.860,0,0.0009461150793098,0.0,1.0,
2021-03-22 16:00:24.870,0,-0.0013341222089072,0.0,1.0,
2021-03-22 16:00:24.880,0,-0.0020837339943845,0.0,1.0,
2021-03-22 16:00:24.890,0,-0.00250774141416,0.0,1.0,
2021-03-22 16:00:24.900,0,-0.0047921108117302,0.0,1.0,
2021-03-22 16:00:24.910,0,-0.0033930859828996,0.0,1.0,
2021-03-22 16:00:24.920,0,0.0037898243271686,0.0,1.0,
2021-03-22 16:00:24.930,0,0.0033004448070482,0.0,1.0,
2021-03-22 16:00:24.940,0,-0.005663033957259,0.0,1.0,
2021-03-22 16:00:24.950,0,8.692388245849257e-05,0.0,1.0,
2021-03-22 16:00:24.960,0,-0.0026480518397553,0.0,1.0,
2021-03-22 16:00:24.970,0,0.0028709413941768,0.0,1.0,
2021-03-22 16:00:24.980,0,-0.0003557885230924,0.0,1.0,
2021-03-22 16:00:24.990,0,-0.0010577754876209,0.0,1.0,
2021-03-22 16:00:25.000,0,0.0054002018373638,0.0,1.0,
2021-03-22 16:00:25.010,0,-0.0010054945910046,0.0,1.0,
2021-03-22 16:00:25.020,0,-0.0010563571767099,0.0,1.0,
2021-03-22 16:00:25.030,0,-0.0021475543628855,0.0,1.0,
2021-03-22 16:00:25.040,0,0.0016574829609137,0.0,1.0,
2021-03-22 16:00:25.050,0,0.0002525620661585,0.0,1.0,
2021-03-22 16:00:25.060,0,-0.0036372363264882,0.0,1.0,
2021-03-22 16:00:25.070,0,-0.0054206473486744,0.0,1.0,
2021-03-22 16:00:25.080,0,-0.0010884597986922,5.552211738189386e-20,1.0,
2021-03-22 16:00:25.090,0,0.0021045384579596,1.5592079441807124e-19,1.0,
2021-03-22 16:00:25.100,0,0.0014242361108395,2.3909705355434924e-19,1.0,
2021-03-22 16:00:25.110,0,-0.0014312785795763,3.0999739738414463e-19,1.0,
2021-03-22 16:00:25.120,0,0.0064030623511875,3.6802498446354453e-19,1.0,
2021-03-22 16:00:25.130,0,0.0012939517054173,4.1176885477083264e-19,1.0,
2021-03-22 16:00:25.140,0,-0.0015884758272625,4.449030628607974e-19,1.0,
2021-03-22 16:00:25.150,0,0.0018154786812903,4.696243970493539e-19,1.0,
2021-03-22 16:00:25.160,0,0.0018997925473731,4.841389325167125e-19,1.0,
2021-03-22 16:00:25.170,0,-0.0022935423345965,4.961061431413386e-19,1.0,
2021-03-22 16:00:25.180,0,-0.002865373134166,4.965712363102062e-19,1.0,
2021-03-22 16:00:25.190,0,0.0019644829046466,4.972683683846199e-19,1.0,
2021-03-22 16:00:25.200,0,0.0011864554169795,4.891577493180788e-19,1.0,
2021-03-22 16:00:25.210,0,-0.0046658895869597,4.828541382172302e-19,1.0,
2021-03-22 16:00:25.220,0,-0.0012331528703344,4.648522915240581e-19,1.0,
2021-03-22 16:00:25.230,0,0.0038743450196821,4.518267909505455e-19,1.0,
2021-03-22 16:00:25.240,0,-0.0004108988315513,4.319405589945456e-19,1.0,
2021-03-22 16:00:25.250,0,5.026386927760674e-05,4.1055799825924827e-19,1.0,
2021-03-22 16:00:25.260,0,0.0019853375091724,3.88373382874324e-19,1.0,
2021-03-22 16:00:25.270,0,-0.0013945152352911,3.728470100037093e-19,1.0,
2021-03-22 16:00:25.280,0,-0.003157017510161,3.4603822586698604e-19,1.0,
2021-03-22 16:00:25.290,0,0.0025353063210144,3.2930968113020106e-19,1.0,
2021-03-22 16:00:25.300,0,0.0017985894947279,3.0562441384147794e-19,1.0,
2021-03-22 16:00:25.310,0,0.002153656613085,2.8223891675456807e-19,1.0,
2021-03-22 16:00:25.320,0,-0.0005780841695155,2.617889874189443e-19,1.0,
2021-03-22 16:00:25.330,0,0.0041527032167636,2.4043874774137263e-19,1.0,
2021-03-22 16:00:25.340,0,-0.0059272847215742,2.229321443666344e-19,1.0,
2021-03-22 16:00:25.350,0,0.0039643988491219,2.0373305690315e-19,1.0,
2021-03-22 16:00:25.360,0,0.0026366268548515,1.881223994820817e-19,1.0,
2021-03-22 16:00:25.370,0,0.0028158401353806,1.6796643961272392e-19,1.0,
2021-03-22 16:00:25.380,0,-0.001777323479225,1.5251159440827894e-19,1.0,
2021-03-22 16:00:25.390,0,-0.0019936532476779,1.3728588422378035e-19,1.0,
2021-03-22 16:00:25.400,0,-0.0005401974970593,1.221170726636073e-19,1.0,
2021-03-22 16:00:25.410,0,0.000629954538684,1.0861139076941426e-19,1.0,
2021-03-22 16:00:25.420,0,-0.0006926435951886,9.692789257801607e-20,1.0,
2021-03-22 16:00:25.430,0,-0.0025465853849443,8.652334039138236e-20,1.0,
2021-03-22 16:00:25.440,0,0.0042796909614745,7.469769813640822e-20,1.0,
2021-03-22 16:00:25.450,0,-0.0019880929957552,6.474502175845803e-20,1.0,
2021-03-22 16:00:25.460,0,0.0016001774941619,5.534804107524537e-20,1.0,
2021-03-22 16:00:25.470,0,-0.0011067825472014,4.7313926299251815e-20,1.0,
2021-03-22 16:00:25.480,0,0.0043467294577722,3.9942049087498164e-20,1.0,
2021-03-22 16:00:25.490,0,-0.0024607733249278,3.350582755405201e-20,1.0,
2021-03-22 16:00:25.500,0,-0.0057352445190918,2.7307007018231963e-20,1.0,
2021-03-22 16:00:25.510,0,-0.0022709807472895,2.1774407437797307e-20,1.0,
2021-03-22 16:00:25.520,0,-0.003205638521115,1.694413388354584e-20,1.0,
2021-03-22 16:00:25.530,0,0.0025833175578807,1.2505143304528867e-20,1.0,
2021-03-22 16:00:25.540,0,0.0013134701257428,8.828486964171895e-21,1.0,
2021-03-22 16:00:25.550,0,-0.0045272860040793,5.5042900388178436e-21,1.0,
2021-03-22 16:00:25.560,0,-0.0011510246598788,2.535745576419008e-21,1.0,
2021-03-22 16:00:25.570,0,0.0033303778438425,2.7437582442487093e-23,1.0,
2021-03-22 16:00:25.580,0,0.0008443525567787,0.0,1.0,
2021-03-22 16:00:25.590,0,0.001158107443265,0.0,1.0,
2021-03-22 16:00:25.600,0,0.0009600561171816,0.0,1.0,
2021-03-22 16:00:25.610,0,0.0050268063419119,0.0,1.0,
2021-03-22 16:00:25.620,0,0.0003940805340545,0.0,1.0,
2021-03-22 16:00:25.630,0,-0.0023041377903186,0.0,1.0,
2021-03-22 16:00:25.640,0,-0.004953504027986,0.0,1.0,
2021-03-22 16:00:25.650,0,-0.001276311274806,0.0,1.0,
2021-03-22 16:00:25.660,0,0.0006708103971481,0.0,1.0,
2021-03-22 16:00:25.670,0,-0.0005061342530764,0.0,1.0,
2021-03-22 16:00:25.680,0,-0.0077018979821767,0.0,1.0,
2021-03-22 16:00:25.690,0,-0.0018147199571185,0.0,1.0,
2021-03-22 16:00:25.700,0,0.0019357940629664,0.0,1.0,
2021-03-22 16:00:25.710,0,0.0004201841658925,0.0,1.0,
2021-03-22 16:00:25.720,0,-0.0029310616977753,0.0,1.0,
2021-03-22 16:00:25.730,0,0.0051937023566673,0.0,1.0,
2021-03-22 16:00:25.740,0,-0.0003514559586076,0.0,1.0,
2021-03-22 16:00:25.750,0,0.0030996986402153,0.0,1.0,
2021-03-22 16:00:25.760,0,-0.0015009736923057,0.0,1.0,
2021-03-22 16:00:25.770,0,-0.002809697646621,0.0,1.0,
2021-03-22 16:00:25.780,0,-0.0020425691983928,0.0,1.0,
2021-03-22 16:00:25.790,0,0.0018105258096138,0.0,1.0,
2021-03-22 16:00:25.800,0,-0.0017185642904089,0.0,1.0,
2021-03-22 16:00:25.810,0,-0.0016116718283120002,0.0,1.0,
2021-03-22 16:00:25.820,0,0.0026423732180259,0.0,1.0,
2021-03-22 16:00:25.830,0,0.0010838160684409,0.0,1.0,
2021-03-22 16:00:25.840,0,0.0023223695464785,0.0,1.0,
2021-03-22 16:00:25.850,0,0.001698701918588,0.0,1.0,
2021-03-22 16:00:25.860,0,0.006848930274821001,0.0,1.0,
2021-03-22 16:00:25.870,0,0.0036140498532138,0.0,1.0,
2021-03-22 16:00:25.880,0,0.0022567259043273,0.0,1.0,
2021-03-22 16:00:25.890,0,-0.0016587226741146,0.0,1.0,
2021-03-22 16:00:25.900,0,0.0013660520401902,0.0,1.0,
2021-03-22 16:00:25.910,0,0.0022766127581788,0.0,1.0,
2021-03-22 16:00:25.920,0,-0.0020655055277132,0.0,1.0,
2021-03-22 16:00:25.930,0,-0.000586849769821,0.0,1.0,
2021-03-22 16:00:25.940,0,0.0014660217530521,0.0,1.0,
2021-03-22 16:00:25.950,0,0.0037464193634613,0.0,1.0,
2021-03-22 16:00:25.960,0,0.0007586426348119,0.0,1.0,
2021-03-22 16:00:25.970,0,-0.0029573492715688,0.0,1.0,
2021-03-22 16:00:25.980,0,0.0020585958929971,0.0,1.0,
2021-03-22 16:00:25.990,0,0.0065323796526652,0.0,1.0,
2021-03-22 16:00:26.000,1,-0.0039171935064378,0.0,1.0,
2021-03-22 16:00:26.010,1,0.0031804582208084,0.0,1.0,
2021-03-22 16:00:26.020,1,-0.0041363333992408,0.0,1.0,
2021-03-22 16:00:26.030,1,-0.0021190695563586,0.0,1.0,
2021-03-22 16:00:26.040,1,0.0060377386613644,0.0,1.0,
2021-03-22 16:00:26.050,0,0.0044154157747305,0.0,1.0,
2021-03-22 16:00:26.060,0,-0.0016761685985589,0.0,1.0,
2021-03-22 16:00:26.070,0,0.0051950617012134,2.1441088305263653e-23,1.0,
2021-03-22 16:00:26.080,0,0.0036056224688357,5.977542014031732e-23,1.0,
2021-03-22 16:00:26.090,0,-0.0031644453408776,9.200331849187612e-23,1.0,
2021-03-22 16:00:26.100,0,-0.0075165820402674,1.1886963225978023e-22,1.0,
2021-03-22 16:00:26.110,0,0.0007417797033513,0.2620324917285543,1.0,
2021-03-22 16:00:26.120,0,0.0032626574843703,4.6944910240930025,1.0,
2021-03-22 16:00:26.130,0,0.0067651364948342,13.873647225266998,1.0,
2021-03-22 16:00:26.140,0,0.0218787628953337,27.309900678764414,1.0,
2021-03-22 16:00:26.150,0,0.0256674467151777,43.599266744225645,1.0,
2021-03-22 16:00:26.160,0,0.0375174590129519,62.58972421971252,0.0,
2021-03-22 16:00:26.170,0,0.0664374971114087,80.15088943146289,0.0,
2021-03-22 16:00:26.180,0,0.0681147583751766,93.82912180794249,0.0,
2021-03-22 16:00:26.190,0,0.0878624420198313,105.13025255523488,0.0,
2021-03-22 16:00:26.200,0,0.0898851264125295,113.50121938111324,0.0,
2021-03-22 16:00:26.210,0,0.0659314086064673,119.9400599384065,0.0,
2021-03-22 16:00:26.220,0,0.0935719167300335,122.87322452535291,0.0,
2021-03-22 16:00:26.230,0,0.0965149895310056,126.59113464483538,0.0,
2021-03-22 16:00:26.240,0,0.1026301831733923,127.0725459025012,0.0,
2021-03-22 16:00:26.250,0,0.1030661642938981,127.544124610458,0.0,
2021-03-22 16:00:26.260,0,0.0913189735999552,124.9357574509541,0.0,
2021-03-22 16:00:26.270,0,0.0944369554746918,123.16319617506285,0.0,
2021-03-22 16:00:26.280,0,0.0932277221304921,118.27268293156786,0.0,
2021-03-22 16:00:26.290,0,0.0681556198816363,114.34983043988329,0.0,
2021-03-22 16:00:26.300,0,0.0721544962475053,111.06941425531778,0.0,
2021-03-22 16:00:26.310,0,0.0802792939535686,105.93006291663772,0.0,
2021-03-22 16:00:26.320,0,0.0726978883503662,101.3847032672577,0.0,
2021-03-22 16:00:26.330,0,0.0706577652006225,94.89556630532316,0.0,
2021-03-22 16:00:26.340,0,0.0706616571087852,91.13201378926651,0.0,
2021-03-22 16:00:26.350,0,0.0615273715779114,85.14948530977978,0.0,
2021-03-22 16:00:26.360,0,0.0602597406638168,78.98814911122997,0.0,
2021-03-22 16:00:26.370,0,0.0629814002287018,73.67384335488327,0.0,
2021-03-22 16:00:26.380,0,0.0611111960066512,68.02994778717085,0.0,
2021-03-22 16:00:26.390,0,0.0409671071174259,63.01182790295104,0.0,
2021-03-22 16:00:26.400,0,0.0404431349294411,57.384469368793624,0.0,
2021-03-22 16:00:26.410,0,0.040225914207214,53.08937582376289,0.0,
2021-03-22 16:00:26.420,0,0.0344999434569786,47.94962343216967,1.0,
2021-03-22 16:00:26.430,0,0.0320298467483808,43.87691098444742,1.0,
2021-03-22 16:00:26.440,0,0.034152998784829,39.38277108654032,1.0,
2021-03-22 16:00:26.450,0,0.0335559436394152,35.94795992963084,1.0,
2021-03-22 16:00:26.460,0,0.0216995715467302,32.011518177419575,1.0,
2021-03-22 16:00:26.470,0,0.0154586118363541,28.33467063876978,1.0,
2021-03-22 16:00:26.480,0,0.0129105598415251,25.218022098467568,1.0,
2021-03-22 16:00:26.490,0,0.0182217591393478,22.140461207661602,1.0,
2021-03-22 16:00:26.500,0,0.0108096103408291,19.15348215552213,1.0,
2021-03-22 16:00:26.510,0,0.0223188764750806,16.78346094961968,1.0,
2021-03-22 16:00:26.520,0,0.0102948098521515,14.317617620823095,1.0,
2021-03-22 16:00:26.530,0,0.0053413949451794,12.215201790932731,1.0,
2021-03-22 16:00:26.540,0,0.009984904764812,10.32144047425764,1.0,
2021-03-22 16:00:26.550,0,0.0076605157164479,8.528429497801387,1.0,
2021-03-22 16:00:26.560,0,0.0080556778765369,6.990659186969673,1.0,
2021-03-22 16:00:26.570,0,0.005029479893361,5.495230212804843,1.0,
2021-03-22 16:00:26.580,0,0.0049943778928974,4.245239442827767,1.0,
2021-03-22 16:00:26.590,0,-0.0042672508871491,3.1273658178864485,1.0,
2021-03-22 16:00:26.600,0,0.0035085719264826,2.168582176972353,1.0,
2021-03-22 16:00:26.610,0,0.0007592296324199,1.3179688017338458,1.0,
2021-03-22 16:00:26.620,0,-0.0042062242210267,0.5730286947862512,1.0,
2021-03-22 16:00:26.630,0,0.005099795570088,0.0,1.0,
2021-03-22 16:00:26.640,0,0.001976377965279,0.0,1.0,
2021-03-22 16:00:26.650,0,0.0007974114659613,0.0,1.0,
2021-03-22 16:00:26.660,0,0.0010720061954257,0.0,1.0,
2021-03-22 16:00:26.670,0,0.0015478070003906,0.0,1.0,
2021-03-22 16:00:26.680,0,0.0005609994831208,0.0,1.0,
2021-03-22 16:00:26.690,0,-0.0039038312004946,0.0,1.0,
2021-03-22 16:00:26.700,0,-0.0031807599822832,0.0,1.0,
2021-03-22 16:00:26.710,0,-0.0029568369598705,0.0,1.0,
2021-03-22 16:00:26.720,0,0.0006480012396008,0.0,1.0,
2021-03-22 16:00:26.730,0,-0.0028510623222317,0.0,1.0,
2021-03-22 16:00:26.740,0,-0.0055163388196853,0.0,1.0,
2021-03-22 16:00:26.750,0,-0.0038178951523399,0.0,1.0,
2021-03-22 16:00:26.760,0,-0.0043423541359454,0.0,1.0,
2021-03-22 16:00:26.770,0,-0.0012048183088268,0.0,1.0,
2021-03-22 16:00:26.780,0,-0.0030519418147988,0.0,1.0,
2021-03-22 16:00:26.790,0,0.0002207026529941,0.0,1.0,
2021-03-22 16:00:26.800,0,0.0021109755902178,0.0,1.0,
2021-03-22 16:00:26.810,0,0.0010984539659539,0.0,1.0,
2021-03-22 16:00:26.820,0,-0.0019356845584222,0.0,1.0,
2021-03-22 16:00:26.830,0,-0.0010813566393004,0.0,1.0,
2021-03-22 16:00:26.840,0,0.0029995076610244,0.0,1.0,
2021-03-22 16:00:26.850,0,0.0028296812716892,0.0,1.0,
2021-03-22 16:00:26.860,0,-0.0005539934573451,0.0,1.0,
2021-03-22 16:00:26.870,0,-0.0011272968234349,0.0,1.0,
2021-03-22 16:00:26.880,0,0.0013560226870309,0.0,1.0,
2021-03-22 16:00:26.890,0,-0.0007519406736316,0.0,1.0,
2021-03-22 16:00:26.900,0,-0.0051621508553884,0.0,1.0,
2021-03-22 16:00:26.910,0,-0.0016638394612102,0.0,1.0,
2021-03-22 16:00:26.920,0,0.0032077757002246,0.0,1.0,
2021-03-22 16:00:26.930,0,-1.7917757032940346e-06,0.0,1.0,
2021-03-22 16:00:26.940,0,-7.792592891499447e-05,0.0,1.0,
2021-03-22 16:00:26.950,0,0.0043999136675387,0.0,1.0,
2021-03-22 16:00:26.960,0,-0.0018758620911864,0.0,1.0,
2021-03-22 16:00:26.970,0,-0.0041517156261224,0.0,1.0,
2021-03-22 16:00:26.980,0,-0.0009480919922795,0.0,1.0,
2021-03-22 16:00:26.990,0,0.0001536443042651,0.0,1.0,
2021-03-22 16:00:27.000,1,-0.007997748773421,0.0,1.0,
2021-03-22 16:00:27.010,1,0.003126396956393,0.0,1.0,
2021-03-22 16:00:27.020,1,0.0043878416660448,0.0,1.0,
2021-03-22 16:00:27.030,1,0.0006119848187495,0.0,1.0,
2021-03-22 16:00:27.040,1,0.0026908357840825,0.0,1.0,
2021-03-22 16:00:27.050,1,-0.0027618732710341,0.0,1.0,
2021-03-22 16:00:27.060,1,0.0020012239604534,0.0,1.0,
2021-03-22 16:00:27.070,1,8.212298336999124e-05,0.0,1.0,
2021-03-22 16:00:27.080,1,0.0004030929045613,0.0,1.0,
2021-03-22 16:00:27.090,1,0.0081200105847901,0.0,1.0,
2021-03-22 16:00:27.100,0,-0.0019267368139538,0.0,1.0,
2021-03-22 16:00:27.110,0,0.0051530834986996,0.2535176166159144,1.0,
2021-03-22 16:00:27.120,0,-0.0022210556729907,4.863680117344599,1.0,
2021-03-22 16:00:27.130,0,0.0081778164095983,14.292472071806388,1.0,
2021-03-22 16:00:27.140,0,0.0109387929754313,28.07628696652406,1.0,
2021-03-22 16:00:27.150,0,0.0226813429764992,45.609704750047314,1.0,
2021-03-22 16:00:27.160,0,0.046923363645363,65.02688862358724,0.0,
2021-03-22 16:00:27.170,0,0.0544269896873286,89.85147229442099,0.0,
2021-03-22 16:00:27.180,0,0.0914091593120526,115.8403687002783,0.0,
2021-03-22 16:00:27.190,0,0.1172500840296373,144.75318637286802,0.0,
2021-03-22 16:00:27.200,0,0.13160166756597802,174.4130171178908,0.0,
2021-03-22 16:00:27.210,0,0.1325598112034435,205.11300194686905,0.0,
2021-03-22 16:00:27.220,0,0.1653856092827485,233.6959694527279,0.0,
2021-03-22 16:00:27.230,0,0.1538277500839027,251.1637784782936,0.0,
2021-03-22 16:00:27.240,0,0.1700525110895621,264.65946741970487,0.0,
2021-03-22 16:00:27.250,0,0.2420686763625529,276.40617823171567,0.0,
2021-03-22 16:00:27.260,0,0.1989359703815646,282.26697392938274,0.0,
2021-03-22 16:00:27.270,0,0.2418027473669736,282.9941211111723,0.0,
2021-03-22 16:00:27.280,0,0.1757287376465831,284.7366193995656,0.0,
2021-03-22 16:00:27.290,0,0.2044317082260626,282.83203992759945,0.0,
2021-03-22 16:00:27.300,0,0.1811738234501153,275.3554528354797,0.0,
2021-03-22 16:00:27.310,0,0.2099979556055351,268.05791851737837,0.0,
2021-03-22 16:00:27.320,0,0.2112925960942625,259.7158929492906,0.0,
2021-03-22 16:00:27.330,0,0.1936573179750625,248.89128346148738,0.0,
2021-03-22 16:00:27.340,0,0.2108045627831336,237.24378761642305,0.0,
2021-03-22 16:00:27.350,0,0.1825923504418148,225.8207864913006,0.0,
2021-03-22 16:00:27.360,0,0.2054447262636274,213.46122042223598,0.0,
2021-03-22 16:00:27.370,0,0.1536830727131931,200.9045844749945,0.0,
2021-03-22 16:00:27.380,0,0.1745007799696052,188.36168718315312,0.0,
2021-03-22 16:00:27.390,0,0.1620613364848639,177.68788509924005,0.0,
2021-03-22 16:00:27.400,0,0.1120925648197367,163.4576569956442,0.0,
2021-03-22 16:00:27.410,0,0.1626472742073974,152.1563707675112,0.0,
2021-03-22 16:00:27.420,0,0.1261938965107031,141.4399102991453,0.0,
2021-03-22 16:00:27.430,0,0.108916466284953,129.27315039085371,0.0,
2021-03-22 16:00:27.440,0,0.0980928351766968,118.19338533413686,0.0,
2021-03-22 16:00:27.450,0,0.0839643523983757,107.10041270243832,0.0,
2021-03-22 16:00:27.460,0,0.0830934902642926,96.59455123027928,0.0,
2021-03-22 16:00:27.470,0,0.0947035158356574,88.21794737854134,0.0,
2021-03-22 16:00:27.480,0,0.0786413716707897,79.65074137871696,0.0,
2021-03-22 16:00:27.490,0,0.0616969278696534,71.39841249261907,0.0,
2021-03-22 16:00:27.500,0,0.0694914532217517,63.48548451687143,0.0,
2021-03-22 16:00:27.510,0,0.0484061916499672,56.18718784965282,0.0,
2021-03-22 16:00:27.520,0,0.0474712233732483,50.162070616341325,1.0,
2021-03-22 16:00:27.530,0,0.027200902190326,43.39337526871608,1.0,
2021-03-22 16:00:27.540,0,0.0400053058514461,37.56585093469549,1.0,
2021-03-22 16:00:27.550,0,0.0326609007866342,32.83206992545894,1.0,
2021-03-22 16:00:27.560,0,0.0268730056083059,27.635092714347035,1.0,
2021-03-22 16:00:27.570,0,0.0245871550888034,23.470706256416243,1.0,
2021-03-22 16:00:27.580,0,0.0195916765170053,19.52006350837261,1.0,
2021-03-22 16:00:27.590,0,0.0271350543076586,16.107955336265153,1.0,
2021-03-22 16:00:27.600,0,0.0070436118463260014,12.809270046863176,1.0,
2021-03-22 16:00:27.610,0,0.0101227533745958,9.980459109360293,1.0,
2021-03-22 16:00:27.620,0,0.0027442615268341,7.45172066002488,1.0,
2021-03-22 16:00:27.630,0,0.0075563322392302,5.213551904144997,1.0,
2021-03-22 16:00:27.640,0,0.0073609958891731,3.2850610636887168,1.0,
2021-03-22 16:00:27.650,0,0.0010328726375101,1.6253551368669823,1.0,
2021-03-22 16:00:27.660,0,-0.0048998791915545,0.1478362720251893,1.0,
2021-03-22 16:00:27.670,0,-0.0015914071959199,0.0,1.0,
2021-03-22 16:00:27.680,0,-0.002948154253462,0.0,1.0,
2021-03-22 16:00:27.690,0,-0.0044866225245995,0.0,1.0,
2021-03-22 16:00:27.700,0,-0.0023939289371837,0.0,1.0,
2021-03-22 16:00:27.710,0,-0.006423347352931,0.0,1.0,
2021-03-22 16:00:27.720,0,-0.0004270513416735,0.0,1.0,
2021-03-22 16:00:27.730,0,-0.0081883147340105,0.0,1.0,
2021-03-22 16:00:27.740,0,-0.0019870281335485,0.0,1.0,
2021-03-22 16:00:27.750,0,-0.0039130968261992,0.0,1.0,
2021-03-22 16:00:27.760,0,0.0006531409466334,0.0,1.0,
2021-03-22 16:00:27.770,0,-0.0050393980787381,0.0,1.0,
2021-03-22 16:00:27.780,0,-0.0100060683553327,0.0,1.0,
2021-03-22 16:00:27.790,0,-0.0152367237369879,0.0,1.0,
2021-03-22 16:00:27.800,0,3.604362304062466e-05,0.0,1.0,
2021-03-22 16:00:27.810,0,-0.0045647460154797,0.0,1.0,
2021-03-22 16:00:27.820,0,-0.0014011818356488,0.0,1.0,
2021-03-22 16:00:27.830,0,-0.0010634382695953,0.0,1.0,
2021-03-22 16:00:27.840,0,-0.0050361786059251,0.0,1.0,
2021-03-22 16:00:27.850,0,-0.0046882510513296,0.0,1.0,
2021-03-22 16:00:27.860,0,-0.0052841215952298,0.0,1.0,
2021-03-22 16:00:27.870,0,-0.0019661482694919,0.0,1.0,
2021-03-22 16:00:27.880,0,-0.0026412596486153,0.0,1.0,
2021-03-22 16:00:27.890,0,-0.0037865112820335,0.0,1.0,
2021-03-22 16:00:27.900,0,-0.0028933714875216,0.0,1.0,
2021-03-22 16:00:27.910,0,-0.0045232737229843,0.0,1.0,
2021-03-22 16:00:27.920,0,-2.3272680320692105e-05,0.0,1.0,
2021-03-22 16:00:27.930,0,0.0024266040557382,0.0,1.0,
2021-03-22 16:00:27.940,0,0.0022803831293834,0.0,1.0,
2021-03-22 16:00:27.950,0,-0.0028064250224721,0.0,1.0,
2021-03-22 16:00:27.960,0,-0.0096438130659484,0.0,1.0,
2021-03-22 16:00:27.970,0,-0.0003052568305371,0.0,1.0,
2021-03-22 16:00:27.980,0,-0.0013859596689603,0.0,1.0,
2021-03-22 16:00:27.990,0,0.0005010926615689,0.0,1.0,
2021-03-22 16:00:28.000,1,-0.0014370166365519,0.0,1.0,
2021-03-22 16:00:28.010,1,-0.000826176287858,0.0,1.0,
2021-03-22 16:00:28.020,1,-0.0002543879528579,0.0,1.0,
2021-03-22 16:00:28.030,1,0.0039699063340977,0.0,1.0,
2021-03-22 16:00:28.040,1,-0.0005501464865195,0.0,1.0,
2021-03-22 16:00:28.050,1,0.0027459031479961,0.0,1.0,
2021-03-22 16:00:28.060,1,-0.005014076798909001,0.0,1.0,
2021-03-22 16:00:28.070,1,-0.0017055626971427,0.0,1.0,
2021-03-22 16:00:28.080,1,0.0036974914892499,0.0,1.0,
2021-03-22 16:00:28.090,1,0.0041947373535394,0.0,1.0,
2021-03-22 16:00:28.100,1,0.0009986389067974,0.0,1.0,
2021-03-22 16:00:28.110,1,-0.0001821264684066,0.0973824270773219,1.0,
2021-03-22 16:00:28.120,1,-0.0050455525373138,4.708412117972669,1.0,
2021-03-22 16:00:28.130,1,0.0057276150063691,14.232078982312208,1.0,
2021-03-22 16:00:28.140,1,0.0258050854895577,27.715818318327322,1.0,
2021-03-22 16:00:28.150,0,0.0377660649460004,44.373372049487244,1.0,
2021-03-22 16:00:28.160,0,0.0468913841591096,64.48357616025032,0.0,
2021-03-22 16:00:28.170,0,0.0609206014439715,86.74688672409044,0.0,
2021-03-22 16:00:28.180,0,0.0814220783174337,112.36727366577392,0.0,
2021-03-22 16:00:28.190,0,0.1162573832349457,139.87612703372798,0.0,
2021-03-22 16:00:28.200,0,0.1260903690887335,169.67308627550332,0.0,
2021-03-22 16:00:28.210,0,0.1750885502105562,200.34424202477985,0.0,
2021-03-22 16:00:28.220,0,0.2061074475325432,230.86626689917736,0.0,
2021-03-22 16:00:28.230,0,0.2383128601909603,262.6291463859114,0.0,
2021-03-22 16:00:28.240,0,0.250024243863834,292.5604512753164,0.0,
2021-03-22 16:00:28.250,0,0.2433561283902409,324.02530580209566,0.0,
2021-03-22 16:00:28.260,0,0.3164027895963653,351.871808367952,0.0,
2021-03-22 16:00:28.270,0,0.3342272060742323,374.32017921846716,0.0,
2021-03-22 16:00:28.280,0,0.3722309594568888,393.8188178812731,0.0,
2021-03-22 16:00:28.290,0,0.3565768189961664,407.0059917604119,0.0,
2021-03-22 16:00:28.300,0,0.4086875368324709,412.59748688827676,0.0,
2021-03-22 16:00:28.310,0,0.3275023978915983,408.10357768997085,0.0,
2021-03-22 16:00:28.320,0,0.4086857524541919,408.8119568767018,0.0,
2021-03-22 16:00:28.330,0,0.3903236600473323,404.7283912808633,0.0,
2021-03-22 16:00:28.340,0,0.3758857405965747,392.6234747878925,0.0,
2021-03-22 16:00:28.350,0,0.3087325644157396,380.6629998800534,0.0,
2021-03-22 16:00:28.360,0,0.2968562908440801,369.19043930005216,0.0,
2021-03-22 16:00:28.370,0,0.2484814039971868,351.9781830328587,0.0,
2021-03-22 16:00:28.380,0,0.25108389356362,334.4657061190443,0.0,
2021-03-22 16:00:28.390,0,0.227061218546933,316.3110430481556,0.0,
2021-03-22 16:00:28.400,0,0.2786695487046702,299.66400613660306,0.0,
2021-03-22 16:00:28.410,0,0.2795151182085183,283.59894140323684,0.0,
2021-03-22 16:00:28.420,0,0.2391255692863341,266.9655610135161,0.0,
2021-03-22 16:00:28.430,0,0.1612869096689523,246.91524406981256,0.0,
2021-03-22 16:00:28.440,0,0.1852302941962013,229.6077768837637,0.0,
2021-03-22 16:00:28.450,0,0.1829953786481596,212.24807460256162,0.0,
2021-03-22 16:00:28.460,0,0.1531762893146876,196.95772776847613,0.0,
2021-03-22 16:00:28.470,0,0.1563747927540279,179.95136262263034,0.0,
2021-03-22 16:00:28.480,0,0.1463232570946487,163.8548248285606,0.0,
2021-03-22 16:00:28.490,0,0.1388571106612441,149.1303716540481,0.0,
2021-03-22 16:00:28.500,0,0.1249486297787709,135.19171107072108,0.0,
2021-03-22 16:00:28.510,0,0.1025215742566555,123.03429842289465,0.0,
2021-03-22 16:00:28.520,0,0.0944272297272167,110.19761266733863,0.0,
2021-03-22 16:00:28.530,0,0.0656962555036875,98.26943577574949,0.0,
2021-03-22 16:00:28.540,0,0.0698878606273438,86.8168212901638,0.0,
2021-03-22 16:00:28.550,0,0.0663033622894179,75.96234010485067,0.0,
2021-03-22 16:00:28.560,0,0.0580439609971502,67.50598143949789,1.0,
2021-03-22 16:00:28.570,0,0.0432809091265701,58.37487681235177,1.0,
2021-03-22 16:00:28.580,0,0.0407881123584741,50.5284489305478,1.0,
2021-03-22 16:00:28.590,0,0.0234835276098517,43.41384959134521,1.0,
2021-03-22 16:00:28.600,0,0.0289930245672269,36.89203443548199,1.0,
2021-03-22 16:00:28.610,0,0.0244547190666788,30.752931803887037,1.0,
2021-03-22 16:00:28.620,0,0.0172922760272603,25.217489309699374,1.0,
2021-03-22 16:00:28.630,0,0.0199779536932653,20.56660912568884,1.0,
2021-03-22 16:00:28.640,0,0.0076303452584179,16.026286240649338,1.0,
2021-03-22 16:00:28.650,0,0.0113939785353746,12.198360766529252,1.0,
2021-03-22 16:00:28.660,0,0.0106871288759867,8.789950307720702,1.0,
2021-03-22 16:00:28.670,0,0.0030653824398332,5.815376694151237,1.0,
2021-03-22 16:00:28.680,0,-0.0004297515459748,3.2169655499128904,1.0,
2021-03-22 16:00:28.690,0,0.0001782256345774,0.9264683742306704,1.0,
2021-03-22 16:00:28.700,0,0.0014354033621325,0.0,1.0,
2021-03-22 16:00:28.710,0,-0.0044408846573811,0.0,1.0,
2021-03-22 16:00:28.720,0,0.0012058350265472,0.0,1.0,
2021-03-22 16:00:28.730,0,-0.0097222826828629,0.0,1.0,
2021-03-22 16:00:28.740,0,-0.0022018410976426,0.0,1.0,
2021-03-22 16:00:28.750,0,-0.004062960470288,0.0,1.0,
2021-03-22 16:00:28.760,0,-0.0122920109478496,0.0,1.0,
2021-03-22 16:00:28.770,0,0.0009965742751973,0.0,1.0,
2021-03-22 16:00:28.780,0,-0.0065870573460886,0.0,1.0,
2021-03-22 16:00:28.790,0,-0.008200697772335999,0.0,1.0,
2021-03-22 16:00:28.800,0,-0.0039339478624246,0.0,1.0,
2021-03-22 16:00:28.810,0,-0.0046677794641081,0.0,1.0,
2021-03-22 16:00:28.820,0,-0.0033100238008364,0.0,1.0,
2021-03-22 16:00:28.830,0,-0.0104036482868505,0.0,1.0,
2021-03-22 16:00:28.840,0,-0.0070262383205979,0.0,1.0,
2021-03-22 16:00:28.850,0,-0.0070796206758967,0.0,1.0,
2021-03-22 16:00:28.860,0,-0.0062436172748154,0.0,1.0,
2021-03-22 16:00:28.870,0,-0.0066031883281729,0.0,1.0,
2021-03-22 16:00:28.880,0,-0.0069143949608499,0.0,1.0,
2021-03-22 16:00:28.890,0,-0.0073791791999881,0.0,1.0,
2021-03-22 16:00:28.900,0,-0.0035039536461203,0.0,1.0,
2021-03-22 16:00:28.910,0,-0.0105771373305145,0.0,1.0,
2021-03-22 16:00:28.920,0,0.0038404695089144,0.0,1.0,
2021-03-22 16:00:28.930,0,-0.0035248477626039,0.0,1.0,
2021-03-22 16:00:28.940,0,-0.0026293079175019,0.0,1.0,
2021-03-22 16:00:28.950,0,-0.0071655951576375,0.0,1.0,
2021-03-22 16:00:28.960,0,-0.0031890881732531,0.0,1.0,
2021-03-22 16:00:28.970,0,-0.0076656402300804,0.0,1.0,
2021-03-22 16:00:28.980,0,1.5194305030118411e-05,0.0,1.0,
2021-03-22 16:00:28.990,0,-0.0028282702295643,0.0,1.0,
2021-03-22 16:00:29.000,1,0.0026572670055008,0.0,1.0,
2021-03-22 16:00:29.010,1,-0.0012091983570597,0.0,1.0,
2021-03-22 16:00:29.020,1,-0.0059006489975214,0.0,1.0,
2021-03-22 16:00:29.030,1,0.004601254129982001,0.0,1.0,
2021-03-22 16:00:29.040,1,6.832165272629932e-05,0.0,1.0,
2021-03-22 16:00:29.050,1,0.0005031056389924,0.0,1.0,
2021-03-22 16:00:29.060,1,-0.0041212723924379,0.0,1.0,
2021-03-22 16:00:29.070,1,-0.000524153426925,0.0,1.0,
2021-03-22 16:00:29.080,1,-0.0010464739817804,0.0,1.0,
2021-03-22 16:00:29.090,1,0.0015698127843357,0.0,1.0,
2021-03-22 16:00:29.100,1,0.0020496226923573,0.0,1.0,
2021-03-22 16:00:29.110,1,-0.0005758859232427,0.0,1.0,
2021-03-22 16:00:29.120,1,0.0064455957012459,4.332728506774531,1.0,
2021-03-22 16:00:29.130,1,0.0048451186305602,13.89659176551992,1.0,
2021-03-22 16:00:29.140,1,0.0178229520515576,27.47632298154507,1.0,
2021-03-22 16:00:29.150,1,0.0314727190038792,44.94946415403638,1.0,
2021-03-22 16:00:29.160,1,0.0419174241930759,64.25883999223065,1.0,
2021-03-22 16:00:29.170,1,0.0482464073141373,85.43863453978241,1.0,
2021-03-22 16:00:29.180,1,0.0602262534430874,110.6061579608296,0.0,
2021-03-22 16:00:29.190,1,0.0739783273740183,136.00345396591348,0.0,
2021-03-22 16:00:29.200,0,0.11689384136885403,165.2030911769169,0.0,
2021-03-22 16:00:29.210,0,0.0989933604465364,195.20252276653804,0.0,
2021-03-22 16:00:29.220,0,0.1419036968441919,225.5869844104596,0.0,
2021-03-22 16:00:29.230,0,0.1529559107580634,258.6493814019065,0.0,
2021-03-22 16:00:29.240,0,0.2291475165909013,289.33980343500974,0.0,
2021-03-22 16:00:29.250,0,0.2373670201992307,321.15413362933936,0.0,
2021-03-22 16:00:29.260,0,0.2584481465433565,348.829370712964,0.0,
2021-03-22 16:00:29.270,0,0.2033222642410577,380.8172823907216,0.0,
2021-03-22 16:00:29.280,0,0.2620111840242518,409.2059089010092,0.0,
2021-03-22 16:00:29.290,0,0.3145723959741028,437.7640001209614,0.0,
2021-03-22 16:00:29.300,0,0.3194162196858789,464.1526647861735,0.0,
2021-03-22 16:00:29.310,0,0.3040581454853618,482.84093884724024,0.0,
2021-03-22 16:00:29.320,0,0.3119529831441942,504.8052749320967,0.0,
2021-03-22 16:00:29.330,0,0.4514274921690315,524.1349583519188,0.0,
2021-03-22 16:00:29.340,0,0.3376139469120299,519.6238277731259,0.0,
2021-03-22 16:00:29.350,0,0.3833510552409425,517.2692956876651,0.0,
2021-03-22 16:00:29.360,0,0.3921518569135503,506.5889789452018,0.0,
2021-03-22 16:00:29.370,0,0.4306412559649224,505.9657521165685,0.0,
2021-03-22 16:00:29.380,0,0.3459329723188862,489.1649680711146,0.0,
2021-03-22 16:00:29.390,0,0.2913476320556002,474.04291412700974,0.0,
2021-03-22 16:00:29.400,0,0.2959343231449949,454.574899031863,0.0,
2021-03-22 16:00:29.410,0,0.3069775079034093,434.71993540550034,0.0,
2021-03-22 16:00:29.420,0,0.2602148236148734,416.5516058976213,0.0,
2021-03-22 16:00:29.430,0,0.3581480244778502,391.91576089707166,0.0,
2021-03-22 16:00:29.440,0,0.3419695106221443,369.9794870443763,0.0,
2021-03-22 16:00:29.450,0,0.3075166124276769,347.7011248857184,0.0,
2021-03-22 16:00:29.460,0,0.2358409903913611,321.75860170712417,0.0,
2021-03-22 16:00:29.470,0,0.2067339451249461,300.960762585622,0.0,
2021-03-22 16:00:29.480,0,0.2472114188793594,279.5416271277296,0.0,
2021-03-22 16:00:29.490,0,0.19946933294077,258.8697128909015,0.0,
2021-03-22 16:00:29.500,0,0.1890843584451807,238.1370396861924,0.0,
2021-03-22 16:00:29.510,0,0.1898545024103688,215.004046407236,0.0,
2021-03-22 16:00:29.520,0,0.1625242671134818,196.93076296604008,0.0,
2021-03-22 16:00:29.530,0,0.1072518681563106,179.33950241402303,0.0,
2021-03-22 16:00:29.540,0,0.1362503237183321,161.36659553328388,0.0,
2021-03-22 16:00:29.550,0,0.0944607613899885,145.39788306645357,0.0,
2021-03-22 16:00:29.560,0,0.1098609620102588,130.29357707063463,0.0,
2021-03-22 16:00:29.570,0,0.074595039895108,114.99195054703208,0.0,
2021-03-22 16:00:29.580,0,0.0708629498225284,102.82616336048805,0.0,
2021-03-22 16:00:29.590,0,0.0749461601972708,91.234427828902,1.0,
2021-03-22 16:00:29.600,0,0.0562080919800804,79.5014746545591,1.0,
2021-03-22 16:00:29.610,0,0.0446566469262619,68.87842961130268,1.0,
2021-03-22 16:00:29.620,0,0.0382843194872611,59.159405517815024,1.0,
2021-03-22 16:00:29.630,0,0.0346616322811037,50.11012792023228,1.0,
2021-03-22 16:00:29.640,0,0.0271145325375567,42.71778568531184,1.0,
2021-03-22 16:00:29.650,0,0.0299221167437877,35.68759772204989,1.0,
2021-03-22 16:00:29.660,0,0.0203690857297187,29.184022615679307,1.0,
2021-03-22 16:00:29.670,0,0.0186813390429074,23.397316087110987,1.0,
2021-03-22 16:00:29.680,0,0.0161545512512796,18.040789226189645,1.0,
2021-03-22 16:00:29.690,0,0.0093791680743058,13.661764257224574,1.0,
2021-03-22 16:00:29.700,0,0.0076432021394738,9.57171603679584,1.0,
2021-03-22 16:00:29.710,0,0.0097530305376792,6.02669350291847,1.0,
2021-03-22 16:00:29.720,0,-0.0010239064106233,2.9466508976998176,1.0,
2021-03-22 16:00:29.730,0,0.0033526217722839,0.2716371340807642,1.0,
2021-03-22 16:00:29.740,0,-0.0003307396869361,0.0,1.0,
2021-03-22 16:00:29.750,0,0.0052461717285131,0.0,1.0,
2021-03-22 16:00:29.760,0,-0.0023778119678331,0.0,1.0,
2021-03-22 16:00:29.770,0,-0.0044504704144103,0.0,1.0,
2021-03-22 16:00:29.780,0,-0.0079587590432582,0.0,1.0,
2021-03-22 16:00:29.790,0,-0.0073957834337592,0.0,1.0,
2021-03-22 16:00:29.800,0,-0.0027649553215946,0.0,1.0,
2021-03-22 16:00:29.810,0,-0.0086365494051701,0.0,1.0,
2021-03-22 16:00:29.820,0,-0.0099903240122751,0.0,1.0,
2021-03-22 16:00:29.830,0,-0.0067433239548783,0.0,1.0,
2021-03-22 16:00:29.840,0,-0.0046388279976994,0.0,1.0,
2021-03-22 16:00:29.850,0,-0.0044915083371944,0.0,1.0,
2021-03-22 16:00:29.860,0,-0.0100839399630105,0.0,1.0,
2021-03-22 16:00:29.870,0,-0.0091086275568153,0.0,1.0,
2021-03-22 16:00:29.880,0,-0.0068792860684927,0.0,1.0,
2021-03-22 16:00:29.890,0,-0.0096051101925115,0.0,1.0,
2021-03-22 16:00:29.900,0,-0.0098766846967015,0.0,1.0,
2021-03-22 16:00:29.910,0,-0.0069825137224986,0.0,1.0,
2021-03-22 16:00:29.920,0,-0.0102801397557983,0.0,1.0,
2021-03-22 16:00:29.930,0,-0.0062341397596484,0.0,1.0,
2021-03-22 16:00:29.940,0,-0.0160061847077643,0.0,1.0,
2021-03-22 16:00:29.950,0,-0.0019065992642017,0.0,1.0,
2021-03-22 16:00:29.960,0,-0.0052682731654799,0.0,1.0,
2021-03-22 16:00:29.970,0,-0.0061816243074767,0.0,1.0,
2021-03-22 16:00:29.980,0,-0.0045211617077605,0.0,1.0,
2021-03-22 16:00:29.990,0,-0.001227523649037,0.0,1.0,
2021-03-22 16:00:30.000,1,-0.0005207409147939,0.0,1.0,
2021-03-22 16:00:30.010,1,0.003579233825872001,0.0,1.0,
2021-03-22 16:00:30.020,1,-0.0084120808173165,0.0,1.0,
2021-03-22 16:00:30.030,1,-0.011441813488928,0.0,1.0,
2021-03-22 16:00:30.040,1,-0.0014920357200733,0.0,1.0,
2021-03-22 16:00:30.050,1,0.0008012337083039999,0.0,1.0,
2021-03-22 16:00:30.060,1,0.0012135923489214,0.0,1.0,
2021-03-22 16:00:30.070,1,-0.0025312636388353,0.0,1.0,
2021-03-22 16:00:30.080,1,0.0014755986304216,0.0,1.0,
2021-03-22 16:00:30.090,1,0.0031985085691246,0.0,1.0,
2021-03-22 16:00:30.100,1,0.0009698264802932,0.0,1.0,
2021-03-22 16:00:30.110,1,-0.0031577506065432,0.0,1.0,
2021-03-22 16:00:30.120,1,0.0069794652471222,3.775329638488017,1.0,
2021-03-22 16:00:30.130,1,0.0059257403341421,13.504031701027055,1.0,
2021-03-22 16:00:30.140,1,0.015105864791404,27.244659127565843,1.0,
2021-03-22 16:00:30.150,1,0.0273318010246257,44.76582903406879,1.0,
2021-03-22 16:00:30.160,1,0.0346749497367164,65.42690862391498,1.0,
2021-03-22 16:00:30.170,1,0.0695530960734609,86.7580869629185,1.0,
2021-03-22 16:00:30.180,1,0.0756481169031654,109.2350877045096,1.0,
2021-03-22 16:00:30.190,1,0.0880681510979965,134.13632611959298,0.0,
2021-03-22 16:00:30.200,1,0.1423702934016693,161.01103941309546,0.0,
2021-03-22 16:00:30.210,1,0.1258342559332538,190.39575912690117,0.0,
2021-03-22 16:00:30.220,1,0.1292654650425296,219.5888690611181,0.0,
2021-03-22 16:00:30.230,1,0.2004845632641104,249.13552943263386,0.0,
2021-03-22 16:00:30.240,1,0.2151505442553199,280.86088700781346,0.0,
2021-03-22 16:00:30.250,0,0.1878191912523055,310.65025574276933,0.0,
2021-03-22 16:00:30.260,0,0.2152181571399026,340.1034460024805,0.0,
2021-03-22 16:00:30.270,0,0.2115853160318613,368.15391560452287,0.0,
2021-03-22 16:00:30.280,0,0.233130310144144,396.63139257516906,0.0,
2021-03-22 16:00:30.290,0,0.3185267565142254,422.85090109339785,0.0,
2021-03-22 16:00:30.300,0,0.3490595689396003,453.44665519276435,0.0,
2021-03-22 16:00:30.310,0,0.3537626762064461,478.86405776573145,0.0,
2021-03-22 16:00:30.320,0,0.3336567211329332,501.4189731504208,0.0,
2021-03-22 16:00:30.330,0,0.43886805409952295,523.0515640909089,0.0,
2021-03-22 16:00:30.340,0,0.3520433803571351,549.9098880439046,0.0,
2021-03-22 16:00:30.350,0,0.3877425234328807,564.9309905771372,0.0,
2021-03-22 16:00:30.360,0,0.4365639841560431,589.3574667149542,0.0,
2021-03-22 16:00:30.370,0,0.4274222501991165,597.5600432464838,0.0,
2021-03-22 16:00:30.380,0,0.452054936654659,603.5241437976098,0.0,
2021-03-22 16:00:30.390,0,0.4564175795385563,603.4282477641657,0.0,
2021-03-22 16:00:30.400,0,0.4224190470574774,589.4857674230253,0.0,
2021-03-22 16:00:30.410,0,0.3588209819313082,581.7364794368617,0.0,
2021-03-22 16:00:30.420,0,0.3470627593128259,563.6434895632983,0.0,
2021-03-22 16:00:30.430,0,0.3996960673113935,546.3351832680871,0.0,
2021-03-22 16:00:30.440,0,0.3341643359778748,527.3624394318879,0.0,
2021-03-22 16:00:30.450,0,0.3068280412111567,507.1462978502304,0.0,
2021-03-22 16:00:30.460,0,0.3514106368075913,479.13142242969656,0.0,
2021-03-22 16:00:30.470,0,0.2770389974241085,455.3919801893807,0.0,
2021-03-22 16:00:30.480,0,0.3075854161719054,432.92626256584646,0.0,
2021-03-22 16:00:30.490,0,0.2110732951967475,401.1320283136874,0.0,
2021-03-22 16:00:30.500,0,0.2553105405169166,374.97444865582634,0.0,
2021-03-22 16:00:30.510,0,0.1999371878982232,350.5581927396118,0.0,
2021-03-22 16:00:30.520,0,0.2189293399701523,326.82660551831816,0.0,
2021-03-22 16:00:30.530,0,0.2331125442433846,300.3212377023416,0.0,
2021-03-22 16:00:30.540,0,0.1948561772383421,277.57438718293287,0.0,
2021-03-22 16:00:30.550,0,0.1735008397446216,253.0369997261752,0.0,
2021-03-22 16:00:30.560,0,0.1682538776180036,229.78394154874104,0.0,
2021-03-22 16:00:30.570,0,0.1180067167303414,212.36689857055316,0.0,
2021-03-22 16:00:30.580,0,0.1019431340903855,190.1220116075056,0.0,
2021-03-22 16:00:30.590,0,0.0966307495725298,172.13114077202667,0.0,
2021-03-22 16:00:30.600,0,0.1012180600976096,153.7528147684767,0.0,
2021-03-22 16:00:30.610,0,0.0848701364327381,137.05213370605154,1.0,
2021-03-22 16:00:30.620,0,0.0807595574688577,121.12252101496435,1.0,
2021-03-22 16:00:30.630,0,0.0577328383324282,107.78987559905676,1.0,
2021-03-22 16:00:30.640,0,0.0474897854901267,93.49161869416928,1.0,
2021-03-22 16:00:30.650,0,0.0444040025502363,80.52784078346698,1.0,
2021-03-22 16:00:30.660,0,0.0420209132406491,69.95499251505586,1.0,
2021-03-22 16:00:30.670,0,0.0381583326213177,60.093628620546895,1.0,
2021-03-22 16:00:30.680,0,0.0301898305885238,50.679119124111786,1.0,
2021-03-22 16:00:30.690,0,0.0313942461386933,42.183185249469325,1.0,
2021-03-22 16:00:30.700,0,0.0279819800203985,34.173341479896216,1.0,
2021-03-22 16:00:30.710,0,0.0198292684457034,27.74147172759851,1.0,
2021-03-22 16:00:30.720,0,0.0093652902103724,21.27895735932184,1.0,
2021-03-22 16:00:30.730,0,0.00745064126605,15.787635545817196,1.0,
2021-03-22 16:00:30.740,0,0.0051253261647638,10.999265125707199,1.0,
2021-03-22 16:00:30.750,0,0.0047638539480089,6.8144073159654655,1.0,
2021-03-22 16:00:30.760,0,-0.0015526742662993,3.2426984459547104,1.0,
2021-03-22 16:00:30.770,0,-0.0038868730693857,0.1183485276143465,1.0,
2021-03-22 16:00:30.780,0,0.0038541626041081,0.0,1.0,
2021-03-22 16:00:30.790,0,0.002113865986855,0.0,1.0,
2021-03-22 16:00:30.800,0,0.0035477489522603,0.0,1.0,
2021-03-22 16:00:30.810,0,0.0018716690628707,0.0,1.0,
2021-03-22 16:00:30.820,0,-0.0087218197447124,0.0,1.0,
2021-03-22 16:00:30.830,0,-0.002928951602543,0.0,1.0,
2021-03-22 16:00:30.840,0,-0.0005149623080262,0.0,1.0,
2021-03-22 16:00:30.850,0,-0.0078289126414838,0.0,1.0,
2021-03-22 16:00:30.860,0,-0.0114335088278816,0.0,1.0,
2021-03-22 16:00:30.870,0,-0.008090901797203,0.0,1.0,
2021-03-22 16:00:30.880,0,-0.0061352548719088,0.0,1.0,
2021-03-22 16:00:30.890,0,-0.0074303046093739,0.0,1.0,
2021-03-22 16:00:30.900,0,-0.0071779822127004,0.0,1.0,
2021-03-22 16:00:30.910,0,-0.0079617948913385,0.0,1.0,
2021-03-22 16:00:30.920,0,-0.0051096772966141,0.0,1.0,
2021-03-22 16:00:30.930,0,-0.0044981760167975,0.0,1.0,
2021-03-22 16:00:30.940,0,-0.001079051623007,0.0,1.0,
2021-03-22 16:00:30.950,0,-0.0106509236403784,0.0,1.0,
2021-03-22 16:00:30.960,0,-0.000532258496659,0.0,1.0,
2021-03-22 16:00:30.970,0,-0.0043907585374756,0.0,1.0,
2021-03-22 16:00:30.980,0,-0.0036444026043934,0.0,1.0,
2021-03-22 16:00:30.990,0,-0.006131063205967,0.0,1.0,
2021-03-22 16:00:31.000,1,-0.0067089652368541,0.0,1.0,
2021-03-22 16:00:31.010,1,-0.0023344895911462,0.0,1.0,
2021-03-22 16:00:31.020,1,0.0024771595291546,0.0,1.0,
2021-03-22 16:00:31.030,1,-0.0071362848036306,0.0,1.0,
2021-03-22 16:00:31.040,1,-0.0060870688422811,0.0,1.0,
2021-03-22 16:00:31.050,1,0.0007453792167778,0.0,1.0,
2021-03-22 16:00:31.060,1,0.0046068763527559,0.0,1.0,
2021-03-22 16:00:31.070,1,-0.0023134181947893,0.0,1.0,
2021-03-22 16:00:31.080,1,-0.0037336745073765,0.0,1.0,
2021-03-22 16:00:31.090,1,0.0043786471490651,0.0,1.0,
2021-03-22 16:00:31.100,1,0.0020342701445904,0.0,1.0,
2021-03-22 16:00:31.110,1,-0.0055868673625882,0.0,1.0,
2021-03-22 16:00:31.120,1,0.0030442288389943,2.5570584378221235,1.0,
2021-03-22 16:00:31.130,1,0.0074586860525858,12.198258391557502,1.0,
2021-03-22 16:00:31.140,1,0.0227484315528102,25.83946667407727,1.0,
2021-03-22 16:00:31.150,1,0.0311535583820906,43.023795545457666,1.0,
2021-03-22 16:00:31.160,1,0.0462620036154345,61.81398995346259,1.0,
2021-03-22 16:00:31.170,1,0.0592009246683672,84.75141131202051,1.0,
2021-03-22 16:00:31.180,1,0.0717033574531586,108.51132252256669,1.0,
2021-03-22 16:00:31.190,1,0.0997829071045216,132.75277080980592,1.0,
2021-03-22 16:00:31.200,1,0.1227511054103977,158.2360766883344,0.0,
2021-03-22 16:00:31.210,1,0.1568817795800803,185.45570691344415,0.0,
2021-03-22 16:00:31.220,1,0.2014433458267452,212.48056786456573,0.0,
2021-03-22 16:00:31.230,1,0.208585074677591,241.3331263258797,0.0,
2021-03-22 16:00:31.240,1,0.1930343988389672,272.0798630622964,0.0,
2021-03-22 16:00:31.250,1,0.2236243360219712,304.1371889979973,0.0,
2021-03-22 16:00:31.260,1,0.2926233469417569,332.53342455167166,0.0,
2021-03-22 16:00:31.270,1,0.2762515215602193,362.1541379665932,0.0,
2021-03-22 16:00:31.280,1,0.2939791888492435,388.09848564462715,0.0,
2021-03-22 16:00:31.290,1,0.3442708240072512,416.96608785546397,0.0,
2021-03-22 16:00:31.300,0,0.3291001184920856,443.3842392960102,0.0,
2021-03-22 16:00:31.310,0,0.3253394883511212,465.1155172475098,0.0,
2021-03-22 16:00:31.320,0,0.4978647383358011,498.76295736890364,0.0,
2021-03-22 16:00:31.330,0,0.5180335377022507,513.9572880051077,0.0,
2021-03-22 16:00:31.340,0,0.4889872103728375,536.5385702935338,0.0,
2021-03-22 16:00:31.350,0,0.5578680924451028,564.0371434477912,0.0,
2021-03-22 16:00:31.360,0,0.4564895300752967,585.0108446042268,0.0,
2021-03-22 16:00:31.370,0,0.431714579212086,592.6939436042622,0.0,
2021-03-22 16:00:31.380,0,0.4453666091017561,614.9224541731196,0.0,
2021-03-22 16:00:31.390,0,0.6200904096165288,627.8290569635598,0.0,
2021-03-22 16:00:31.400,0,0.4783278450919861,644.380212821371,0.0,
2021-03-22 16:00:31.410,0,0.4679132079368919,658.4485371323439,0.0,
2021-03-22 16:00:31.420,0,0.6084252160731985,661.4065062651059,0.0,
2021-03-22 16:00:31.430,0,0.5097781660596049,666.4786656977976,0.0,
2021-03-22 16:00:31.440,0,0.4780073911025307,657.1731580790098,0.0,
2021-03-22 16:00:31.450,0,0.6363447719580089,639.0910971758118,0.0,
2021-03-22 16:00:31.460,0,0.4921227466111465,627.7913422045183,0.0,
2021-03-22 16:00:31.470,0,0.573411965630434,605.3790121488307,0.0,
2021-03-22 16:00:31.480,0,0.5504419338105492,580.8822951490151,0.0,
2021-03-22 16:00:31.490,0,0.5735562523164512,560.7755927040306,0.0,
2021-03-22 16:00:31.500,0,0.3933279016889472,529.9038441247991,0.0,
2021-03-22 16:00:31.510,0,0.4081944855770249,501.40463442140185,0.0,
2021-03-22 16:00:31.520,0,0.3570920272476673,473.076383329673,0.0,
2021-03-22 16:00:31.530,0,0.3765945182258915,441.4130454344067,0.0,
2021-03-22 16:00:31.540,0,0.2874228235502634,414.01442672843666,0.0,
2021-03-22 16:00:31.550,0,0.2975233059730705,387.2724289140486,0.0,
2021-03-22 16:00:31.560,0,0.2767204003503162,357.9617886835711,0.0,
2021-03-22 16:00:31.570,0,0.2315123765661914,328.0816843552052,0.0,
2021-03-22 16:00:31.580,0,0.2482093987760397,302.0181719578954,0.0,
2021-03-22 16:00:31.590,0,0.2539797531773933,276.6808569315287,0.0,
2021-03-22 16:00:31.600,0,0.2234002915671713,252.69275863578517,0.0,
2021-03-22 16:00:31.610,0,0.1817398850007207,228.8757764752281,0.0,
2021-03-22 16:00:31.620,0,0.1468545523063871,207.4366810168557,0.0,
2021-03-22 16:00:31.630,0,0.1259056899760083,184.88919313839043,0.0,
2021-03-22 16:00:31.640,0,0.1308630369850335,165.4575619896321,1.0,
2021-03-22 16:00:31.650,0,0.1109189028680179,147.064488833823,1.0,
2021-03-22 16:00:31.660,0,0.0893462116794061,131.9841102378929,1.0,
2021-03-22 16:00:31.670,0,0.0847399298038721,115.65093937389051,1.0,
2021-03-22 16:00:31.680,0,0.0859368184919164,101.70450184127935,1.0,
2021-03-22 16:00:31.690,0,0.0729462070517361,88.39513441354931,1.0,
2021-03-22 16:00:31.700,0,0.070176659486711,75.81958888839816,1.0,
2021-03-22 16:00:31.710,0,0.0487059117165233,64.59517011506408,1.0,
2021-03-22 16:00:31.720,0,0.0414618462073292,55.142307940279906,1.0,
2021-03-22 16:00:31.730,0,0.0418085159139287,45.79070618183507,1.0,
2021-03-22 16:00:31.740,0,0.0219928385922886,37.24817291604821,1.0,
2021-03-22 16:00:31.750,0,0.0289230879999272,30.06300065810901,1.0,
2021-03-22 16:00:31.760,0,0.0234015507061253,23.444048304587522,1.0,
2021-03-22 16:00:31.770,0,0.0140684252973863,17.475360369181903,1.0,
2021-03-22 16:00:31.780,0,0.0111426126158883,12.466838717032509,1.0,
2021-03-22 16:00:31.790,0,0.0033504661194650003,7.8769989901732895,1.0,
2021-03-22 16:00:31.800,0,0.0019467237463473,4.031995155964204,1.0,
2021-03-22 16:00:31.810,0,0.0008695335583304,0.6427172262269052,1.0,
2021-03-22 16:00:31.820,0,-0.0061447990872749,0.0,1.0,
2021-03-22 16:00:31.830,0,-0.0015384139969375,0.0,1.0,
2021-03-22 16:00:31.840,0,0.0001077376208188,0.0,1.0,
2021-03-22 16:00:31.850,0,-0.0086741790434075,0.0,1.0,
2021-03-22 16:00:31.860,0,-0.0064862822611728,0.0,1.0,
2021-03-22 16:00:31.870,0,-0.0036928000342884,0.0,1.0,
2021-03-22 16:00:31.880,0,-0.0129068166480019,0.0,1.0,
2021-03-22 16:00:31.890,0,-0.0100934152587399,0.0,1.0,
2021-03-22 16:00:31.900,0,0.0004844721877527,0.0,1.0,
2021-03-22 16:00:31.910,0,-0.0141388977389835,0.0,1.0,
2021-03-22 16:00:31.920,0,-0.0068600130120653,0.0,1.0,
2021-03-22 16:00:31.930,0,-0.0157234260034589,0.0,1.0,
2021-03-22 16:00:31.940,0,-0.0126579020156411,0.0,1.0,
2021-03-22 16:00:31.950,0,-0.0191532297441908,0.0,1.0,
2021-03-22 16:00:31.960,0,-0.013446211854363,0.0,1.0,
2021-03-22 16:00:31.970,0,-0.0062788369687111,0.0,1.0,
2021-03-22 16:00:31.980,0,-0.0088816565084622,0.0,1.0,
2021-03-22 16:00:31.990,0,-0.0107593525758538,0.0,1.0,
2021-03-22 16:00:32.000,1,-0.0085332679437683,0.0,1.0,
2021-03-22 16:00:32.010,1,-0.0130882808400288,0.0,1.0,
2021-03-22 16:00:32.020,1,-0.0055036486735377,0.0,1.0,
2021-03-22 16:00:32.030,1,-0.0046382572591319,0.0,1.0,
2021-03-22 16:00:32.040,1,-0.0104689429407512,0.0,1.0,
2021-03-22 16:00:32.050,1,-0.005017252839099,0.0,1.0,
2021-03-22 16:00:32.060,1,-0.0077139886367449,0.0,1.0,
2021-03-22 16:00:32.070,1,-0.0079212505399172,0.0,1.0,
2021-03-22 16:00:32.080,1,-0.0051136895347814,0.0,1.0,
2021-03-22 16:00:32.090,1,-0.0078477444409866,0.0,1.0,
2021-03-22 16:00:32.100,1,-0.0011877129421452,0.0,1.0,
2021-03-22 16:00:32.110,1,0.0006581792030063,0.0,1.0,
2021-03-22 16:00:32.120,1,-0.0015771833444348,0.8274196009252826,1.0,
2021-03-22 16:00:32.130,1,0.0095439928425521,10.732719812143163,1.0,
2021-03-22 16:00:32.140,1,0.0214934774141975,24.592027795033932,1.0,
2021-03-22 16:00:32.150,1,0.0453655571174211,41.620118587106674,1.0,
2021-03-22 16:00:32.160,1,0.0534025762293396,61.288050304968046,1.0,
2021-03-22 16:00:32.170,1,0.0797712450501691,82.93430766309315,1.0,
2021-03-22 16:00:32.180,1,0.0882855825398637,106.82184669718131,1.0,
2021-03-22 16:00:32.190,1,0.1016095411284642,132.74066889112214,1.0,
2021-03-22 16:00:32.200,1,0.1423684881940106,156.87426933501837,1.0,
2021-03-22 16:00:32.210,1,0.1296347941984705,182.2492245414954,0.0,
2021-03-22 16:00:32.220,1,0.1950512664574763,208.65700897657211,0.0,
2021-03-22 16:00:32.230,1,0.1772167718138473,234.6126689173512,0.0,
2021-03-22 16:00:32.240,1,0.2099422002744941,265.7005746384716,0.0,
2021-03-22 16:00:32.250,1,0.2226468693335171,290.80692691390635,0.0,
2021-03-22 16:00:32.260,1,0.3050858121542367,320.8962607838338,0.0,
2021-03-22 16:00:32.270,1,0.2657849444041221,346.62770392520537,0.0,
2021-03-22 16:00:32.280,1,0.2998674960302099,374.3724577269953,0.0,
2021-03-22 16:00:32.290,1,0.3030143896001114,404.374938192682,0.0,
2021-03-22 16:00:32.300,1,0.4243597907402816,426.4810332643792,0.0,
2021-03-22 16:00:32.310,1,0.4379014681733948,454.5653352687322,0.0,
2021-03-22 16:00:32.320,1,0.4759459212349153,477.3947394159198,0.0,
2021-03-22 16:00:32.330,1,0.3997404295834408,500.45303502118713,0.0,
2021-03-22 16:00:32.340,1,0.4770452863782844,520.2054273372878,0.0,
2021-03-22 16:00:32.350,0,0.5021519101853713,540.2601921028477,0.0,
2021-03-22 16:00:32.360,0,0.5044741393873328,561.1764942419459,0.0,
2021-03-22 16:00:32.370,0,0.4258374732316312,577.5461136724535,0.0,
2021-03-22 16:00:32.380,0,0.4557739740064751,592.666823170029,0.0,
2021-03-22 16:00:32.390,0,0.4455336319641133,606.6661720233408,0.0,
2021-03-22 16:00:32.400,0,0.394473140231131,625.8668411602373,0.0,
2021-03-22 16:00:32.410,0,0.4538633376183238,629.9845909632405,0.0,
2021-03-22 16:00:32.420,0,0.5444099387083047,642.9260197515034,0.0,
2021-03-22 16:00:32.430,0,0.5834447214845244,661.6179302904376,0.0,
2021-03-22 16:00:32.440,0,0.5619454690489971,671.076216443647,0.0,
2021-03-22 16:00:32.450,0,0.4451446705114364,674.4656567894579,0.0,
2021-03-22 16:00:32.460,0,0.5469846091695275,680.0443458559487,0.0,
2021-03-22 16:00:32.470,0,0.5100046335524194,694.0268882441471,0.0,
2021-03-22 16:00:32.480,0,0.5487562702136722,679.3067181448079,0.0,
2021-03-22 16:00:32.490,0,0.3969120268091867,668.5351368649312,0.0,
2021-03-22 16:00:32.500,0,0.3855721877164025,655.8002777419654,0.0,
2021-03-22 16:00:32.510,0,0.440833477229081,641.3905688627938,0.0,
2021-03-22 16:00:32.520,0,0.4504096365617668,613.6873948928225,0.0,
2021-03-22 16:00:32.530,0,0.4033981773768028,588.9298220859451,0.0,
2021-03-22 16:00:32.540,0,0.317988914271842,561.9560102538342,0.0,
2021-03-22 16:00:32.550,0,0.3457771330029312,536.0214619967498,0.0,
2021-03-22 16:00:32.560,0,0.3861081999054766,505.01837658015023,0.0,
2021-03-22 16:00:32.570,0,0.3525137405798304,473.8888841239509,0.0,
2021-03-22 16:00:32.580,0,0.2767120174864596,446.3262480157734,0.0,
2021-03-22 16:00:32.590,0,0.2517461428906536,414.8626291062725,0.0,
2021-03-22 16:00:32.600,0,0.212182471249175,385.93731153977234,0.0,
2021-03-22 16:00:32.610,0,0.2411919113849874,359.2680823888881,0.0,
2021-03-22 16:00:32.620,0,0.2316762810219034,330.1885083091176,0.0,
2021-03-22 16:00:32.630,0,0.2022482770690207,301.28666255465987,0.0,
2021-03-22 16:00:32.640,0,0.2000753029107758,277.5357275751355,0.0,
2021-03-22 16:00:32.650,0,0.1662901167397469,252.3467263640128,0.0,
2021-03-22 16:00:32.660,0,0.1338212403367132,228.96166965368042,0.0,
2021-03-22 16:00:32.670,0,0.1044729042826851,207.74995137485462,0.0,
2021-03-22 16:00:32.680,0,0.1242589473588297,185.95743037963558,1.0,
2021-03-22 16:00:32.690,0,0.0914804939368463,167.34922335529853,1.0,
2021-03-22 16:00:32.700,0,0.0780085594071199,147.6504126931649,1.0,
2021-03-22 16:00:32.710,0,0.0663253387613837,130.87207538632958,1.0,
2021-03-22 16:00:32.720,0,0.0713978563697077,115.41946754740572,1.0,
2021-03-22 16:00:32.730,0,0.0581124924937014,100.4260930683473,1.0,
2021-03-22 16:00:32.740,0,0.0463543129790341,87.76968590038963,1.0,
2021-03-22 16:00:32.750,0,0.0351982930145562,75.60739868288915,1.0,
2021-03-22 16:00:32.760,0,0.0356317334297136,63.79467155528015,1.0,
2021-03-22 16:00:32.770,0,0.0281029708876931,52.995060295871106,1.0,
2021-03-22 16:00:32.780,0,0.026005316546168,44.05369557398967,1.0,
2021-03-22 16:00:32.790,0,0.0207850664785301,35.881283217038444,1.0,
2021-03-22 16:00:32.800,0,0.0131874588786394,28.39973542657185,1.0,
2021-03-22 16:00:32.810,0,0.0058833061511153,21.361396540330016,1.0,
2021-03-22 16:00:32.820,0,0.0119561882905864,15.630353826325702,1.0,
2021-03-22 16:00:32.830,0,0.0107103017080568,10.434588726849308,1.0,
2021-03-22 16:00:32.840,0,0.0027923028246635,5.931845177962747,1.0,
2021-03-22 16:00:32.850,0,0.0042813119225026,2.029219315814172,1.0,
2021-03-22 16:00:32.860,0,0.0007624379746112,0.0,1.0,
2021-03-22 16:00:32.870,0,-0.0047562158079473,0.0,1.0,
2021-03-22 16:00:32.880,0,0.0021529764990591,0.0,1.0,
2021-03-22 16:00:32.890,0,-0.005396221290809,0.0,1.0,
2021-03-22 16:00:32.900,0,-0.0089935584177603,0.0,1.0,
2021-03-22 16:00:32.910,0,-0.0044065798520595,0.0,1.0,
2021-03-22 16:00:32.920,0,-0.0072460606583934,0.0,1.0,
2021-03-22 16:00:32.930,0,-0.0134240279235914,0.0,1.0,
2021-03-22 16:00:32.940,0,-0.0082049759621703,0.0,1.0,
2021-03-22 16:00:32.950,0,-0.0118453768801661,0.0,1.0,
2021-03-22 16:00:32.960,0,-0.0006910020246871,0.0,1.0,
2021-03-22 16:00:32.970,0,-0.0062405987641951,0.0,1.0,
2021-03-22 16:00:32.980,0,-0.0113079231506815,0.0,1.0,
2021-03-22 16:00:32.990,0,-0.0062054424067823,0.0,1.0,
2021-03-22 16:00:33.000,1,-0.0159161174648504,0.0,1.0,
2021-03-22 16:00:33.010,1,-0.0111359327970031,0.0,1.0,
2021-03-22 16:00:33.020,1,-0.0066670179348716,0.0,1.0,
2021-03-22 16:00:33.030,1,-0.0028063689490026,0.0,1.0,
2021-03-22 16:00:33.040,1,-0.0071787747717987,0.0,1.0,
2021-03-22 16:00:33.050,1,-0.0049135418677736,0.0,1.0,
2021-03-22 16:00:33.060,1,-0.0088652984648117,0.0,1.0,
2021-03-22 16:00:33.070,1,-0.0074085634961181,0.0,1.0,
2021-03-22 16:00:33.080,1,-0.0140000444218734,0.0,1.0,
2021-03-22 16:00:33.090,1,-0.0067945386726657,0.0,1.0,
2021-03-22 16:00:33.100,1,-0.0044634852216156,0.0,1.0,
2021-03-22 16:00:33.110,1,-0.0005928494723666,0.0,1.0,
2021-03-22 16:00:33.120,1,-0.0010458350069381,0.0,1.0,
2021-03-22 16:00:33.130,1,0.0045522818793146,8.284601110471058,1.0,
2021-03-22 16:00:33.140,1,0.0213140769069391,22.245132817300014,1.0,
2021-03-22 16:00:33.150,1,0.0301863881727386,39.499859888052775,1.0,
2021-03-22 16:00:33.160,1,0.0439400384815518,59.651005750129386,1.0,
2021-03-22 16:00:33.170,1,0.0567561854795825,81.65214001223308,1.0,
2021-03-22 16:00:33.180,1,0.0654998251196357,105.38879905096451,1.0,
2021-03-22 16:00:33.190,1,0.1143244937058007,130.27742710050458,1.0,
2021-03-22 16:00:33.200,1,0.1227657780005328,155.6516603164794,1.0,
2021-03-22 16:00:33.210,1,0.1333304273707533,181.15039446597245,1.0,
2021-03-22 16:00:33.220,1,0.1408517069800955,208.04604853705226,0.0,
2021-03-22 16:00:33.230,1,0.1891494076597563,233.45616966676013,0.0,
2021-03-22 16:00:33.240,1,0.2183314578870653,260.7502080310304,0.0,
2021-03-22 16:00:33.250,1,0.27086533018645303,290.6362861585044,0.0,
2021-03-22 16:00:33.260,1,0.2635812897312781,318.6683067509224,0.0,
2021-03-22 16:00:33.270,1,0.2326589065191451,346.6354222047036,0.0,
2021-03-22 16:00:33.280,1,0.2715786514202745,376.0851754295015,0.0,
2021-03-22 16:00:33.290,1,0.3629959683897195,399.3300030568039,0.0,
2021-03-22 16:00:33.300,1,0.3498644583745929,432.4096961616482,0.0,
2021-03-22 16:00:33.310,1,0.2821699354575221,454.99423734430985,0.0,
2021-03-22 16:00:33.320,1,0.4470552388670231,478.3823938641968,0.0,
2021-03-22 16:00:33.330,1,0.3510974607377035,503.3444138696605,0.0,
2021-03-22 16:00:33.340,1,0.3665262363972433,523.4839452790403,0.0,
2021-03-22 16:00:33.350,1,0.4156490469497993,543.4211954316313,0.0,
2021-03-22 16:00:33.360,1,0.5165266472781509,566.5413220158177,0.0,
2021-03-22 16:00:33.370,1,0.5313343573250923,588.9882734751885,0.0,
2021-03-22 16:00:33.380,1,0.4147722375442861,605.0175551253565,0.0,
2021-03-22 16:00:33.390,1,0.4431422521173111,617.1846372867948,0.0,
2021-03-22 16:00:33.400,0,0.4102994725988597,639.9817557453446,0.0,
2021-03-22 16:00:33.410,0,0.4452472767052348,650.9577319036209,0.0,
2021-03-22 16:00:33.420,0,0.4321865582218492,665.3514938850251,0.0,
2021-03-22 16:00:33.430,0,0.5004178223124656,679.2746512544841,0.0,
2021-03-22 16:00:33.440,0,0.5043012622457208,687.1607244677698,0.0,
2021-03-22 16:00:33.450,0,0.4349054171029712,700.1956709176418,0.0,
2021-03-22 16:00:33.460,0,0.5337636555716523,707.7218079198012,0.0,
2021-03-22 16:00:33.470,0,0.4332769224942266,715.8398464036682,0.0,
2021-03-22 16:00:33.480,0,0.578192379233277,727.2025194069299,0.0,
2021-03-22 16:00:33.490,0,0.5867417980459303,730.3562253039881,0.0,
2021-03-22 16:00:33.500,0,0.4513785847798485,735.9113208347716,0.0,
2021-03-22 16:00:33.510,0,0.4970374293368762,738.6508400780538,0.0,
2021-03-22 16:00:33.520,0,0.5949034935084359,743.1843288096927,0.0,
2021-03-22 16:00:33.530,0,0.5785646753645314,736.2883801048364,0.0,
2021-03-22 16:00:33.540,0,0.4858484043831057,714.9166069950026,0.0,
2021-03-22 16:00:33.550,0,0.5665616043394712,701.7997149942206,0.0,
2021-03-22 16:00:33.560,0,0.513033008134802,680.3826993723052,0.0,
2021-03-22 16:00:33.570,0,0.4093506665488678,651.6904592199003,0.0,
2021-03-22 16:00:33.580,0,0.4545879089816829,622.1203030513302,0.0,
2021-03-22 16:00:33.590,0,0.4531833462774462,593.3568412085006,0.0,
2021-03-22 16:00:33.600,0,0.3197622251890414,558.2786456335518,0.0,
2021-03-22 16:00:33.610,0,0.33726549334808403,531.0734808603337,0.0,
2021-03-22 16:00:33.620,0,0.3886058614398679,496.54744978406944,0.0,
2021-03-22 16:00:33.630,0,0.2974360337769902,464.441687901604,0.0,
2021-03-22 16:00:33.640,0,0.3544691436639103,430.7027692112652,0.0,
2021-03-22 16:00:33.650,0,0.2380048568314826,399.206095502112,0.0,
2021-03-22 16:00:33.660,0,0.2604086573615064,368.5023049464127,0.0,
2021-03-22 16:00:33.670,0,0.224301192883122,340.10496827406917,0.0,
2021-03-22 16:00:33.680,0,0.1993456047539588,309.29437660719145,0.0,
2021-03-22 16:00:33.690,0,0.2285033468305576,281.4818978412452,0.0,
2021-03-22 16:00:33.700,0,0.1626646691902437,256.33114078880834,0.0,
2021-03-22 16:00:33.710,0,0.1588053880286036,231.4598567862361,0.0,
2021-03-22 16:00:33.720,0,0.1455374350313555,207.57273367973764,1.0,
2021-03-22 16:00:33.730,0,0.1349585734962064,186.1203396194207,1.0,
2021-03-22 16:00:33.740,0,0.0933183234459784,165.94873940030456,1.0,
2021-03-22 16:00:33.750,0,0.1034086828517549,146.190923136848,1.0,
2021-03-22 16:00:33.760,0,0.10641692723391097,129.7755378772882,1.0,
2021-03-22 16:00:33.770,0,0.0732355584744346,113.66379376811165,1.0,
2021-03-22 16:00:33.780,0,0.0636956746949338,97.5319589113078,1.0,
2021-03-22 16:00:33.790,0,0.0465229205305046,84.63149349564999,1.0,
2021-03-22 16:00:33.800,0,0.0637294208795051,72.01015586114363,1.0,
2021-03-22 16:00:33.810,0,0.0497725537755987,60.51781835231943,1.0,
2021-03-22 16:00:33.820,0,0.0423664405621519,50.761468914190175,1.0,
2021-03-22 16:00:33.830,0,0.0263754508681222,41.51479091464445,1.0,
2021-03-22 16:00:33.840,0,0.0311296827342583,33.51663480331666,1.0,
2021-03-22 16:00:33.850,0,0.0197395501820947,25.791376963834963,1.0,
2021-03-22 16:00:33.860,0,0.016004107900936,19.338603235507023,1.0,
2021-03-22 16:00:33.870,0,0.0051521249946916,13.621879686483725,1.0,
2021-03-22 16:00:33.880,0,0.0068213336393485,8.506277472172865,1.0,
2021-03-22 16:00:33.890,0,0.0009195612679036,4.198623560576921,2.0,
2021-03-22 16:00:33.900,0,-0.0016065225186812,0.4613622142570164,2.0,
2021-03-22 16:00:33.910,0,-0.0031582840926528,0.0,2.0,
2021-03-22 16:00:33.920,0,-0.0032172009742255,0.0,2.0,
2021-03-22 16:00:33.930,0,-0.0058106511633364,0.0,2.0,
2021-03-22 16:00:33.940,0,-0.0050849745105968,0.0,2.0,
2021-03-22 16:00:33.950,0,-0.0086185345847344,0.0,2.0,
2021-03-22 16:00:33.960,0,-0.012804947582492,0.0,2.0,
2021-03-22 16:00:33.970,0,-0.0127815807040191,0.0,2.0,
2021-03-22 16:00:33.980,0,-0.0139452616046241,0.0,2.0,
2021-03-22 16:00:33.990,0,-0.0028919942762421,0.0,2.0,
2021-03-22 16:00:34.000,1,-0.0055407825992996,0.0,2.0,
2021-03-22 16:00:34.010,1,-0.0125782325623078,0.0,2.0,
2021-03-22 16:00:34.020,1,-0.0145569305094098,0.0,2.0,
2021-03-22 16:00:34.030,1,-0.0121215282801568,0.0,2.0,
2021-03-22 16:00:34.040,1,-0.0068007392917367,0.0,2.0,
2021-03-22 16:00:34.050,1,-0.0117966746014233,0.0,2.0,
2021-03-22 16:00:34.060,1,-0.0106435278774125,0.0,2.0,
2021-03-22 16:00:34.070,1,-0.0143668364207641,0.0,2.0,
2021-03-22 16:00:34.080,1,-0.0065318088913875,0.0,2.0,
2021-03-22 16:00:34.090,1,-0.0114753922295893,0.0,2.0,
2021-03-22 16:00:34.100,1,-0.0016463697920124,0.0,2.0,
2021-03-22 16:00:34.110,1,-0.0139745761508498,0.0,2.0,
2021-03-22 16:00:34.120,1,0.0042405792433144,0.0,2.0,
2021-03-22 16:00:34.130,1,-0.0056257008973108,0.1209834933852496,2.0,
2021-03-22 16:00:34.140,1,0.0082561622609296,9.417581452601633,1.0,
2021-03-22 16:00:34.150,1,0.0190385735536168,22.219803374666885,1.0,
2021-03-22 16:00:34.160,1,0.0349215922392935,38.88808947402621,1.0,
2021-03-22 16:00:34.170,1,0.0503808294116054,58.55555670302693,1.0,
2021-03-22 16:00:34.180,1,0.0722479237774418,79.54909787153947,1.0,
2021-03-22 16:00:34.190,1,0.0867408851392935,104.17953596930792,1.0,
2021-03-22 16:00:34.200,1,0.109811200701411,129.25187526740748,1.0,
2021-03-22 16:00:34.210,1,0.0984764471096177,153.20108773608513,1.0,
2021-03-22 16:00:34.220,1,0.1502299043026847,181.9689930579701,1.0,
2021-03-22 16:00:34.230,1,0.1369655119770124,205.50763734753681,1.0,
2021-03-22 16:00:34.240,1,0.2184724565751105,232.78053090700118,0.0,
2021-03-22 16:00:34.250,1,0.2351739653866013,259.34817678359053,0.0,
2021-03-22 16:00:34.260,1,0.2569546988550081,288.6866875895022,0.0,
2021-03-22 16:00:34.270,1,0.2175806615156372,317.5050502273577,0.0,
2021-03-22 16:00:34.280,1,0.2746380067023093,342.5196861452693,0.0,
2021-03-22 16:00:34.290,1,0.3056183260397694,372.7719735345729,0.0,
2021-03-22 16:00:34.300,1,0.2882539597194411,399.4434964043175,0.0,
2021-03-22 16:00:34.310,1,0.3664568791056422,429.1385550443098,0.0,
2021-03-22 16:00:34.320,1,0.3007569050017104,452.7301989856359,0.0,
2021-03-22 16:00:34.330,1,0.3387234418182507,477.15485262182153,0.0,
2021-03-22 16:00:34.340,1,0.2965078895925278,500.7432950232865,0.0,
2021-03-22 16:00:34.350,1,0.4436984484229503,522.4625962290283,0.0,
2021-03-22 16:00:34.360,1,0.4409264012170361,541.710860184555,0.0,
2021-03-22 16:00:34.370,1,0.4754177876035252,556.4026833992605,0.0,
2021-03-22 16:00:34.380,1,0.4213616313920638,576.2281151592323,0.0,
2021-03-22 16:00:34.390,1,0.3483715570451723,598.9164929562301,0.0,
2021-03-22 16:00:34.400,1,0.3690945772307042,618.7906621408191,0.0,
2021-03-22 16:00:34.410,1,0.5192449315820281,629.9172674834273,0.0,
2021-03-22 16:00:34.420,1,0.5100079824924484,639.733397652384,0.0,
2021-03-22 16:00:34.430,1,0.4070048766093989,655.5202807749096,0.0,
2021-03-22 16:00:34.440,1,0.431536199200861,669.8872627197356,0.0,
2021-03-22 16:00:34.450,0,0.5036969284188508,669.3937249368228,0.0,
2021-03-22 16:00:34.460,0,0.4886798077644659,685.5284693227169,0.0,
2021-03-22 16:00:34.470,0,0.5515219053394209,695.0859460470178,0.0,
2021-03-22 16:00:34.480,0,0.4016679312718592,698.9504082052907,0.0,
2021-03-22 16:00:34.490,0,0.4576654926095188,706.4214151064259,0.0,
2021-03-22 16:00:34.500,0,0.4172078386309997,712.8002226183697,0.0,
2021-03-22 16:00:34.510,0,0.5283831835692772,714.9210524151999,0.0,
2021-03-22 16:00:34.520,0,0.5250657237550348,724.7437794998662,0.0,
2021-03-22 16:00:34.530,0,0.5591169944367695,725.3803894243233,0.0,
2021-03-22 16:00:34.540,0,0.5589513535643418,724.925557402036,0.0,
2021-03-22 16:00:34.550,0,0.4253977054207404,732.5878439062483,0.0,
2021-03-22 16:00:34.560,0,0.5817524511645843,731.3701891993998,0.0,
2021-03-22 16:00:34.570,0,0.5783295599559454,723.7331610660109,0.0,
2021-03-22 16:00:34.580,0,0.4714218912207403,719.8199355191347,0.0,
2021-03-22 16:00:34.590,0,0.3806023377930693,702.9184005168538,0.0,
2021-03-22 16:00:34.600,0,0.4246930555481875,688.5169829735788,0.0,
2021-03-22 16:00:34.610,0,0.4046095481809452,658.3451129993406,0.0,
2021-03-22 16:00:34.620,0,0.4839287638109394,633.8387614982857,0.0,
2021-03-22 16:00:34.630,0,0.4762420895330484,611.3449594537842,0.0,
2021-03-22 16:00:34.640,0,0.3366600746851844,578.2641775912639,0.0,
2021-03-22 16:00:34.650,0,0.3931052965326588,544.0452905659612,0.0,
2021-03-22 16:00:34.660,0,0.3839233169094373,512.3069157624623,0.0,
2021-03-22 16:00:34.670,0,0.3194695451924362,483.2427110970785,0.0,
2021-03-22 16:00:34.680,0,0.2518527017334183,453.1692169830769,0.0,
2021-03-22 16:00:34.690,0,0.2451401190987141,418.9000720133564,0.0,
2021-03-22 16:00:34.700,0,0.3237434528779401,389.0090927485279,0.0,
2021-03-22 16:00:34.710,0,0.2690100674497229,358.94376678204736,0.0,
2021-03-22 16:00:34.720,0,0.2763635725377878,330.1650060145007,0.0,
2021-03-22 16:00:34.730,0,0.1896458603363648,302.8048423975442,0.0,
2021-03-22 16:00:34.740,0,0.1893269914965409,276.08213398368974,0.0,
2021-03-22 16:00:34.750,0,0.1767731119616738,249.75824111600792,0.0,
2021-03-22 16:00:34.760,0,0.1769415443182644,224.17199227819918,0.0,
2021-03-22 16:00:34.770,0,0.1464960125305194,202.45257030037445,1.0,
2021-03-22 16:00:34.780,0,0.1096611084166944,181.2035410392559,1.0,
2021-03-22 16:00:34.790,0,0.1128036153110216,161.50745352167337,1.0,
2021-03-22 16:00:34.800,0,0.1195206212738035,141.9015503005212,1.0,
2021-03-22 16:00:34.810,0,0.1082990960379336,126.33521803036258,1.0,
2021-03-22 16:00:34.820,0,0.0684838853649032,111.653442264102,1.0,
2021-03-22 16:00:34.830,0,0.076715954923528,95.73828602398821,1.0,
2021-03-22 16:00:34.840,0,0.0713576909634922,82.85948438763324,1.0,
2021-03-22 16:00:34.850,0,0.0465423768105057,70.03990295693121,1.0,
2021-03-22 16:00:34.860,0,0.0527932538878061,59.19313390241356,1.0,
2021-03-22 16:00:34.870,0,0.0435761490951966,49.441963061213855,1.0,
2021-03-22 16:00:34.880,0,0.0317068051105148,40.16179841262089,1.0,
2021-03-22 16:00:34.890,0,0.0211644020986224,31.881630579500904,1.0,
2021-03-22 16:00:34.900,0,0.015774142631773,24.606126492622717,1.0,
2021-03-22 16:00:34.910,0,0.018173367853138,18.421150190584992,2.0,
2021-03-22 16:00:34.920,0,0.0102717438810676,12.616335257863653,2.0,
2021-03-22 16:00:34.930,0,0.0007216031174362,7.629763546953997,2.0,
2021-03-22 16:00:34.940,0,0.0075600387581555,3.3611155342064745,2.0,
2021-03-22 16:00:34.950,0,-0.0018855254275586,0.0,2.0,
2021-03-22 16:00:34.960,0,-0.0023463661990237,0.0,2.0,
2021-03-22 16:00:34.970,0,-0.007726314982868,0.0,2.0,
2021-03-22 16:00:34.980,0,-0.0100830183768874,0.0,2.0,
2021-03-22 16:00:34.990,0,-0.0093864212254491,0.0,2.0,
2021-03-22 16:00:35.000,1,-0.0114138119763916,0.0,2.0,
2021-03-22 16:00:35.010,1,-0.0055683126912845,0.0,2.0,
2021-03-22 16:00:35.020,1,-0.0121364562034659,0.0,2.0,
2021-03-22 16:00:35.030,1,-0.015251368542139,0.0,2.0,
2021-03-22 16:00:35.040,1,-0.0143496338146477,0.0,2.0,
2021-03-22 16:00:35.050,1,-0.0135139805958799,0.0,2.0,
2021-03-22 16:00:35.060,1,-0.0165085821377835,0.0,2.0,
2021-03-22 16:00:35.070,1,-0.0151406427801275,0.0,2.0,
2021-03-22 16:00:35.080,1,-0.0152347983429637,0.0,2.0,
2021-03-22 16:00:35.090,1,-0.0139794262090017,0.0,2.0,
2021-03-22 16:00:35.100,1,-0.0093952443504354,0.0,2.0,
2021-03-22 16:00:35.110,1,-0.0169942100779365,0.0,2.0,
2021-03-22 16:00:35.120,1,-0.0137335139412413,0.0,2.0,
2021-03-22 16:00:35.130,1,-0.0022006284537802,0.0,2.0,
2021-03-22 16:00:35.140,1,0.0110251720850762,5.9986254250378845,2.0,
2021-03-22 16:00:35.150,1,0.0206069306158686,17.15906276536132,2.0,
2021-03-22 16:00:35.160,1,0.0186902239130777,31.07289531003756,1.0,
2021-03-22 16:00:35.170,1,0.0452531243906993,48.290623795375865,1.0,
2021-03-22 16:00:35.180,1,0.0757531009096256,68.08644376587094,1.0,
2021-03-22 16:00:35.190,1,0.1076349039760994,89.97978586517902,1.0,
2021-03-22 16:00:35.200,1,0.1343945342730344,112.43894592699525,1.0,
2021-03-22 16:00:35.210,1,0.1329018118339213,137.93073839675995,1.0,
2021-03-22 16:00:35.220,1,0.1760373240236804,160.79148457269838,1.0,
2021-03-22 16:00:35.230,1,0.1568613237504914,186.06961825997925,1.0,
2021-03-22 16:00:35.240,1,0.2132842096493924,212.96984834003638,1.0,
2021-03-22 16:00:35.250,1,0.2490320685187602,238.04249539059018,0.0,
2021-03-22 16:00:35.260,1,0.2406976950162151,264.35343046954887,0.0,
2021-03-22 16:00:35.270,1,0.3413773782176477,289.75867620537014,0.0,
2021-03-22 16:00:35.280,1,0.3347648999519533,316.980197792149,0.0,
2021-03-22 16:00:35.290,1,0.3442646339767252,344.96444676430235,0.0,
2021-03-22 16:00:35.300,1,0.4025379181573073,373.01991845003477,0.0,
2021-03-22 16:00:35.310,1,0.4419299544185896,398.8591287863344,0.0,
2021-03-22 16:00:35.320,1,0.4969415221160104,424.61362303863837,0.0,
2021-03-22 16:00:35.330,1,0.4919027024027895,444.24149954642274,0.0,
2021-03-22 16:00:35.340,1,0.4462841016118697,466.7222514665822,0.0,
2021-03-22 16:00:35.350,1,0.5624811302569337,493.31806726745504,0.0,
2021-03-22 16:00:35.360,1,0.4944164961009141,516.1840020768177,0.0,
2021-03-22 16:00:35.370,1,0.4292285701319418,534.9077551719855,0.0,
2021-03-22 16:00:35.380,1,0.5189513401831864,553.149570656811,0.0,
2021-03-22 16:00:35.390,1,0.5789545788687804,574.1966289474938,0.0,
2021-03-22 16:00:35.400,1,0.6176515458949706,588.5493512811657,0.0,
2021-03-22 16:00:35.410,1,0.5389040901074573,612.6168344144178,0.0,
2021-03-22 16:00:35.420,1,0.658324264678139,621.1698691913751,0.0,
2021-03-22 16:00:35.430,1,0.7108263901904163,640.3550058567697,0.0,
2021-03-22 16:00:35.440,1,0.7390382224357859,647.2702743472553,0.0,
2021-03-22 16:00:35.450,1,0.5611339995911904,667.7697035604579,0.0,
2021-03-22 16:00:35.460,1,0.6719884389401536,674.3915614770973,0.0,
2021-03-22 16:00:35.470,1,0.6387885757962685,682.1617688397713,0.0,
2021-03-22 16:00:35.480,1,0.551421217437833,691.4509296923857,0.0,
2021-03-22 16:00:35.490,1,0.7484440323594143,701.1092859101964,0.0,
2021-03-22 16:00:35.500,0,0.6340096202251703,709.4786680835562,0.0,
2021-03-22 16:00:35.510,0,0.7258226834524625,721.8690449947496,0.0,
2021-03-22 16:00:35.520,0,0.5765101449192193,722.5911704013669,0.0,
2021-03-22 16:00:35.530,0,0.6175123160006154,732.4623308253302,0.0,
2021-03-22 16:00:35.540,0,0.7237791593338946,731.0440389389903,0.0,
2021-03-22 16:00:35.550,0,0.5951346075445225,735.0807195301875,0.0,
2021-03-22 16:00:35.560,0,0.8473528720522926,741.6940962589273,0.0,
2021-03-22 16:00:35.570,0,0.7725482382422221,741.1142445605195,0.0,
2021-03-22 16:00:35.580,0,0.7002368660910473,743.9022176745226,0.0,
2021-03-22 16:00:35.590,0,0.7497763794860274,747.2604203277948,0.0,
2021-03-22 16:00:35.600,0,0.6090598582193396,752.3517379198314,0.0,
2021-03-22 16:00:35.610,0,0.6899586789544943,755.173366996322,0.0,
2021-03-22 16:00:35.620,0,0.5853744552173743,751.2655985586771,0.0,
2021-03-22 16:00:35.630,0,0.8026907400448832,739.6304111900223,0.0,
2021-03-22 16:00:35.640,0,0.7489441898790085,724.4549713345293,0.0,
2021-03-22 16:00:35.650,0,0.5980427899274838,700.5452687919623,0.0,
2021-03-22 16:00:35.660,0,0.6752206055547759,678.8626319928189,0.0,
2021-03-22 16:00:35.670,0,0.6481303630580147,650.4367609335458,0.0,
2021-03-22 16:00:35.680,0,0.7046909857630245,616.3144179075667,0.0,
2021-03-22 16:00:35.690,0,0.6163137098497562,586.7558480810135,0.0,
2021-03-22 16:00:35.700,0,0.5020205453994588,557.610998293566,0.0,
2021-03-22 16:00:35.710,0,0.5662970059430588,522.7434398210328,0.0,
2021-03-22 16:00:35.720,0,0.5695853139088433,493.2056813742418,0.0,
2021-03-22 16:00:35.730,0,0.4642259595769798,457.08710649977286,0.0,
2021-03-22 16:00:35.740,0,0.4212789455676304,422.1288900447594,0.0,
2021-03-22 16:00:35.750,0,0.3228096156445261,391.33237805170717,0.0,
2021-03-22 16:00:35.760,0,0.4080815466064358,362.6936024265419,0.0,
2021-03-22 16:00:35.770,0,0.3848036196428955,332.4526716089746,0.0,
2021-03-22 16:00:35.780,0,0.3535287855931229,306.5517565656337,0.0,
2021-03-22 16:00:35.790,0,0.3296910579704624,276.0885289090791,0.0,
2021-03-22 16:00:35.800,0,0.2779768166006225,252.25786540210305,0.0,
2021-03-22 16:00:35.810,0,0.2023172547805723,226.62559103562458,1.0,
2021-03-22 16:00:35.820,0,0.1748309425279531,202.4135207197505,1.0,
2021-03-22 16:00:35.830,0,0.1476714886325327,182.11612222048458,1.0,
2021-03-22 16:00:35.840,0,0.1906769815774214,159.75098343073142,1.0,
2021-03-22 16:00:35.850,0,0.1483514977109089,142.89554152885944,1.0,
2021-03-22 16:00:35.860,0,0.1139872878699954,124.77155263249522,1.0,
2021-03-22 16:00:35.870,0,0.1017854454998113,109.51671750440508,1.0,
2021-03-22 16:00:35.880,0,0.1181911305257678,94.2286308791486,1.0,
2021-03-22 16:00:35.890,0,0.0677268823575508,80.31918483370437,1.0,
2021-03-22 16:00:35.900,0,0.0692388403906235,68.82290888232595,1.0,
2021-03-22 16:00:35.910,0,0.0718746789732729,57.403428033343154,1.0,
2021-03-22 16:00:35.920,0,0.0605321786203748,47.667585529764565,1.0,
2021-03-22 16:00:35.930,0,0.0433050880112294,38.62257757785965,1.0,
2021-03-22 16:00:35.940,0,0.0387836650925681,30.38407073340446,1.0,
2021-03-22 16:00:35.950,0,0.0225540028611637,23.37607983859273,2.0,
2021-03-22 16:00:35.960,0,0.0158220565318768,17.02888505164336,2.0,
2021-03-22 16:00:35.970,0,0.0139297039896758,11.594972360615001,2.0,
2021-03-22 16:00:35.980,0,0.010887414276546,6.766194578442192,2.0,
2021-03-22 16:00:35.990,0,-0.0028490700661727,2.570325133545264,2.0,
2021-03-22 16:00:36.000,1,-0.0012251813220913,0.0,2.0,
2021-03-22 16:00:36.010,1,-0.0041604891053629,0.0,2.0,
2021-03-22 16:00:36.020,1,-0.0074854624691057,0.0,2.0,
2021-03-22 16:00:36.030,1,-0.0086977992315459,0.0,2.0,
2021-03-22 16:00:36.040,1,-0.0117396137275769,0.0,2.0,
2021-03-22 16:00:36.050,1,-0.0078932450509268,0.0,2.0,
2021-03-22 16:00:36.060,1,-0.0122956926230286,0.0,2.0,
2021-03-22 16:00:36.070,1,-0.0198752344137086,0.0,2.0,
2021-03-22 16:00:36.080,1,-0.0194492397021614,0.0,2.0,
2021-03-22 16:00:36.090,1,-0.0109091688731446,0.0,2.0,
2021-03-22 16:00:36.100,1,-0.019980748261626,0.0,2.0,
2021-03-22 16:00:36.110,1,-0.0141522317145135,0.0,2.0,
2021-03-22 16:00:36.120,1,-0.0126437029008279,0.0,2.0,
2021-03-22 16:00:36.130,1,-0.0103471787137409,0.0,2.0,
2021-03-22 16:00:36.140,1,0.0067314467526432,3.279382424293932,2.0,
2021-03-22 16:00:36.150,1,0.0204791337004225,14.242633568229728,2.0,
2021-03-22 16:00:36.160,1,0.0241754790918135,27.196646453756863,1.0,
2021-03-22 16:00:36.170,1,0.038036106881291,42.5567528280285,1.0,
2021-03-22 16:00:36.180,1,0.0626061353882383,61.40918671436798,1.0,
2021-03-22 16:00:36.190,1,0.0701115146575729,82.6121992728627,1.0,
2021-03-22 16:00:36.200,1,0.120322311795439,104.7091388356848,1.0,
2021-03-22 16:00:36.210,1,0.1366412316328743,128.54166480103936,1.0,
2021-03-22 16:00:36.220,1,0.1803186386563649,152.64272506214394,1.0,
2021-03-22 16:00:36.230,1,0.1894269429879242,178.5053779660112,1.0,
2021-03-22 16:00:36.240,1,0.162266869115872,204.56278797194958,1.0,
2021-03-22 16:00:36.250,1,0.1863020919140454,230.68105725738323,1.0,
2021-03-22 16:00:36.260,1,0.2606838033742741,256.41373083063013,0.0,
2021-03-22 16:00:36.270,1,0.3044345152597904,283.71985924686817,0.0,
2021-03-22 16:00:36.280,1,0.3207083659625795,311.0105673306813,0.0,
2021-03-22 16:00:36.290,1,0.3096537290329414,343.29290424227247,0.0,
2021-03-22 16:00:36.300,1,0.358772796944395,367.67563770488647,0.0,
2021-03-22 16:00:36.310,1,0.3347337753209691,394.90206528663435,0.0,
2021-03-22 16:00:36.320,1,0.4335348889562979,421.92572176322716,0.0,
2021-03-22 16:00:36.330,1,0.3533949543548236,446.83876969655006,0.0,
2021-03-22 16:00:36.340,1,0.4191913939486231,474.3306202954898,0.0,
2021-03-22 16:00:36.350,1,0.3733537214763947,494.046423698385,0.0,
2021-03-22 16:00:36.360,1,0.3631130886741599,516.6568589699784,0.0,
2021-03-22 16:00:36.370,1,0.4996650420465214,543.044012185661,0.0,
2021-03-22 16:00:36.380,1,0.4039430127123106,559.9800271645053,0.0,
2021-03-22 16:00:36.390,1,0.5682701948264826,580.0579062581129,0.0,
2021-03-22 16:00:36.400,1,0.3914981547417226,602.6425443462798,0.0,
2021-03-22 16:00:36.410,1,0.4698080378924435,610.1691643081641,0.0,
2021-03-22 16:00:36.420,1,0.4131378312569742,626.363732616488,0.0,
2021-03-22 16:00:36.430,1,0.6052021547259052,648.1025001128452,0.0,
2021-03-22 16:00:36.440,1,0.5312486280762644,655.6875307332149,0.0,
2021-03-22 16:00:36.450,1,0.5568968078153257,667.624927524037,0.0,
2021-03-22 16:00:36.460,1,0.5535321964587062,688.5874346697552,0.0,
2021-03-22 16:00:36.470,1,0.5237462404050124,691.1372549660817,0.0,
2021-03-22 16:00:36.480,1,0.4786621444362026,699.2270192662511,0.0,
2021-03-22 16:00:36.490,1,0.5501197877376434,705.8681331850114,0.0,
2021-03-22 16:00:36.500,1,0.637036541524373,713.5050810114477,0.0,
2021-03-22 16:00:36.510,1,0.5606196286001618,727.1904549761412,0.0,
2021-03-22 16:00:36.520,1,0.5948730906464875,727.2248783889073,0.0,
2021-03-22 16:00:36.530,1,0.6212344510096515,727.1822592469522,0.0,
2021-03-22 16:00:36.540,1,0.5814500733958953,737.4997676442114,0.0,
2021-03-22 16:00:36.550,0,0.4536569370447815,741.4904805642476,0.0,
2021-03-22 16:00:36.560,0,0.5134846869169054,737.3225348009768,0.0,
2021-03-22 16:00:36.570,0,0.457693688634383,743.7747727891704,0.0,
2021-03-22 16:00:36.580,0,0.4919193983298741,740.7388007804487,0.0,
2021-03-22 16:00:36.590,0,0.4879803805117235,739.5989145489406,0.0,
2021-03-22 16:00:36.600,0,0.6441334139110108,747.5839725997429,0.0,
2021-03-22 16:00:36.610,0,0.6477552976144161,739.7643129393872,0.0,
2021-03-22 16:00:36.620,0,0.6554496235506989,748.6096450936577,0.0,
2021-03-22 16:00:36.630,0,0.5028602643362645,743.7967585460198,0.0,
2021-03-22 16:00:36.640,0,0.4678980292335323,749.5247545234879,0.0,
2021-03-22 16:00:36.650,0,0.6375087908608381,748.788072654874,0.0,
2021-03-22 16:00:36.660,0,0.6892254845044589,747.079558899052,0.0,
2021-03-22 16:00:36.670,0,0.6725945921088639,738.5531801816946,0.0,
2021-03-22 16:00:36.680,0,0.6270413590571057,730.3192699631062,0.0,
2021-03-22 16:00:36.690,0,0.5594847706722378,708.2947354674202,0.0,
2021-03-22 16:00:36.700,0,0.5241227033546292,693.58192115161,0.0,
2021-03-22 16:00:36.710,0,0.5273420781467021,662.0804771869742,0.0,
2021-03-22 16:00:36.720,0,0.4433604772074432,635.0623681124144,0.0,
2021-03-22 16:00:36.730,0,0.4479728949809021,609.5163082840762,0.0,
2021-03-22 16:00:36.740,0,0.3811147138168542,579.5438547209982,0.0,
2021-03-22 16:00:36.750,0,0.5331288358849986,548.122163242325,0.0,
2021-03-22 16:00:36.760,0,0.419132213729906,514.5112477933785,0.0,
2021-03-22 16:00:36.770,0,0.3543946786055948,478.76799856658965,0.0,
2021-03-22 16:00:36.780,0,0.3205044137263681,450.899112922931,0.0,
2021-03-22 16:00:36.790,0,0.3621061439714072,413.7110796293783,0.0,
2021-03-22 16:00:36.800,0,0.3101920680356099,383.29850383448286,0.0,
2021-03-22 16:00:36.810,0,0.2922218515539872,354.58180112696294,0.0,
2021-03-22 16:00:36.820,0,0.2311302738993183,325.02565659107063,0.0,
2021-03-22 16:00:36.830,0,0.2570555044972585,297.16890869869405,0.0,
2021-03-22 16:00:36.840,0,0.2434437609382424,271.0202054194297,0.0,
2021-03-22 16:00:36.850,0,0.2365674254262448,243.84587184008663,0.0,
2021-03-22 16:00:36.860,0,0.1765663967051243,220.30839337483346,1.0,
2021-03-22 16:00:36.870,0,0.216143382259998,198.12270192644127,1.0,
2021-03-22 16:00:36.880,0,0.181139670120437,178.5618433608974,1.0,
2021-03-22 16:00:36.890,0,0.1327048633574633,158.65629598936312,1.0,
2021-03-22 16:00:36.900,0,0.1205289823269535,138.77345506186956,1.0,
2021-03-22 16:00:36.910,0,0.0940267156557974,122.31732011021201,1.0,
2021-03-22 16:00:36.920,0,0.1109679176788339,106.91470253002451,1.0,
2021-03-22 16:00:36.930,0,0.0792428358616539,92.58248397638144,1.0,
2021-03-22 16:00:36.940,0,0.0726979008677724,79.11622839834381,1.0,
2021-03-22 16:00:36.950,0,0.0552372912587116,67.37758986530737,1.0,
2021-03-22 16:00:36.960,0,0.0472894875987665,56.783695413004025,1.0,
2021-03-22 16:00:36.970,0,0.0444199488436023,46.566285387015505,1.0,
2021-03-22 16:00:36.980,0,0.029048652401938,37.69428619262835,1.0,
2021-03-22 16:00:36.990,0,0.0179671617589671,30.0647107388272,2.0,
2021-03-22 16:00:37.000,1,0.0300913008395911,22.90743118116989,2.0,
2021-03-22 16:00:37.010,1,0.017531543869688,16.62094544739796,2.0,
2021-03-22 16:00:37.020,1,0.0145450073398776,11.175258848885655,2.0,
2021-03-22 16:00:37.030,1,0.0079646722172589,6.2597398563887765,2.0,
2021-03-22 16:00:37.040,1,0.0038238762828538,2.1292724611009537,2.0,
2021-03-22 16:00:37.050,1,-0.0027817804530169,0.0,2.0,
2021-03-22 16:00:37.060,1,-0.0053910809985294,0.0,2.0,
2021-03-22 16:00:37.070,1,-0.006610652088332,0.0,2.0,
2021-03-22 16:00:37.080,1,-0.0073728644103968,0.0,2.0,
2021-03-22 16:00:37.090,1,-0.0121642709088181,0.0,2.0,
2021-03-22 16:00:37.100,1,-0.0121818400842122,0.0,2.0,
2021-03-22 16:00:37.110,1,-0.0158767757145943,0.0,2.0,
2021-03-22 16:00:37.120,1,-0.009317847996594998,0.0,2.0,
2021-03-22 16:00:37.130,1,-0.0010503658974732,0.0,2.0,
2021-03-22 16:00:37.140,1,0.0014456597642272,3.5168834979754977,2.0,
2021-03-22 16:00:37.150,1,0.0107981453708064,14.068583552032536,2.0,
2021-03-22 16:00:37.160,1,0.024169800198719,26.40488858994477,2.0,
2021-03-22 16:00:37.170,1,0.0302810165733958,40.61735701864212,1.0,
2021-03-22 16:00:37.180,1,0.0618999993405446,57.45034443598171,1.0,
2021-03-22 16:00:37.190,1,0.0764722689682126,77.28514140809287,1.0,
2021-03-22 16:00:37.200,1,0.101252974743272,99.25265564257543,1.0,
2021-03-22 16:00:37.210,1,0.1075142073243021,121.28991952054191,1.0,
2021-03-22 16:00:37.220,1,0.1477237367321522,144.98625073390656,1.0,
2021-03-22 16:00:37.230,1,0.1467151984042178,169.75924761953286,1.0,
2021-03-22 16:00:37.240,1,0.1375026032099952,194.5634639962295,1.0,
2021-03-22 16:00:37.250,1,0.1568937952847957,219.364954618217,1.0,
2021-03-22 16:00:37.260,1,0.1934713221984846,244.67340045202005,0.0,
2021-03-22 16:00:37.270,1,0.2720420525388041,270.49149892990886,0.0,
2021-03-22 16:00:37.280,1,0.2596763900513062,295.26805997732214,0.0,
2021-03-22 16:00:37.290,1,0.2969257704113333,322.2041529665563,0.0,
2021-03-22 16:00:37.300,1,0.3650153009832292,349.6033310775386,0.0,
2021-03-22 16:00:37.310,1,0.2998704855115619,372.2386323697305,0.0,
2021-03-22 16:00:37.320,1,0.2776791792008213,396.9180448451107,0.0,
2021-03-22 16:00:37.330,1,0.4403959505164331,423.7726795845961,0.0,
2021-03-22 16:00:37.340,1,0.4187388340180257,445.9821712518186,0.0,
2021-03-22 16:00:37.350,1,0.3628891071427667,469.2294998694922,0.0,
2021-03-22 16:00:37.360,1,0.4283363928580764,486.75514881828,0.0,
2021-03-22 16:00:37.370,1,0.507391291852055,510.8678695082541,0.0,
2021-03-22 16:00:37.380,1,0.4716945033097388,528.6131830641623,0.0,
2021-03-22 16:00:37.390,1,0.4305379159222566,546.7743198896463,0.0,
2021-03-22 16:00:37.400,1,0.4235266521293769,563.9320112761053,0.0,
2021-03-22 16:00:37.410,1,0.5298170227584343,581.4313958876431,0.0,
2021-03-22 16:00:37.420,1,0.6000189510211643,589.7240033241487,0.0,
2021-03-22 16:00:37.430,1,0.4671966102663086,608.1333782910831,0.0,
2021-03-22 16:00:37.440,1,0.4983222159278215,618.6216678248247,0.0,
2021-03-22 16:00:37.450,1,0.6627406240357602,636.5095590748888,0.0,
2021-03-22 16:00:37.460,1,0.4918873309272766,645.9798204070124,0.0,
2021-03-22 16:00:37.470,1,0.6531430856528236,653.3601187170049,0.0,
2021-03-22 16:00:37.480,1,0.4721237876962793,658.7651241887377,0.0,
2021-03-22 16:00:37.490,1,0.7008502877495251,668.7550039663432,0.0,
2021-03-22 16:00:37.500,1,0.6293976136470972,683.1456385457842,0.0,
2021-03-22 16:00:37.510,1,0.6762420785625796,683.1593556230454,0.0,
2021-03-22 16:00:37.520,1,0.7145703362936886,697.5183389726448,0.0,
2021-03-22 16:00:37.530,1,0.7242941616357136,701.3340071155775,0.0,
2021-03-22 16:00:37.540,1,0.7302688656095538,704.383051332835,0.0,
2021-03-22 16:00:37.550,1,0.5103288959468822,711.370733884363,0.0,
2021-03-22 16:00:37.560,1,0.527897188412587,711.6680944820595,0.0,
2021-03-22 16:00:37.570,1,0.668739751602627,724.4058843320381,0.0,
2021-03-22 16:00:37.580,1,0.6155938964766466,720.8313217882547,0.0,
2021-03-22 16:00:37.590,1,0.7538082122732287,723.6100499235239,0.0,
2021-03-22 16:00:37.600,0,0.6779019256785672,721.5088658012119,0.0,
2021-03-22 16:00:37.610,0,0.6335151152168327,726.0453765798712,0.0,
2021-03-22 16:00:37.620,0,0.6478293488217653,728.5657802404062,0.0,
2021-03-22 16:00:37.630,0,0.668066924678296,727.9344328154106,0.0,
2021-03-22 16:00:37.640,0,0.5348156259083904,727.6923939735702,0.0,
2021-03-22 16:00:37.650,0,0.7062589887397257,725.5076660232048,0.0,
2021-03-22 16:00:37.660,0,0.6233809445513152,727.3642144279146,0.0,
2021-03-22 16:00:37.670,0,0.6195353838616355,732.1435952924701,0.0,
2021-03-22 16:00:37.680,0,0.5493716055523672,734.3813384887517,0.0,
2021-03-22 16:00:37.690,0,0.6658332602915147,739.0545965013489,0.0,
2021-03-22 16:00:37.700,0,0.6215920287291544,733.9349970463987,0.0,
2021-03-22 16:00:37.710,0,0.7530991966070556,727.0350405128179,0.0,
2021-03-22 16:00:37.720,0,0.6034053787054685,725.044937330489,0.0,
2021-03-22 16:00:37.730,0,0.6421289630099585,708.7841322648468,0.0,
2021-03-22 16:00:37.740,0,0.6099260405319485,703.3585385865924,0.0,
2021-03-22 16:00:37.750,0,0.6599818665572443,676.786441158671,0.0,
2021-03-22 16:00:37.760,0,0.6109935050340173,650.0530733126104,0.0,
2021-03-22 16:00:37.770,0,0.5949563179569526,625.3117994134667,0.0,
2021-03-22 16:00:37.780,0,0.6258963855365929,598.8397100359841,0.0,
2021-03-22 16:00:37.790,0,0.6469816272428228,561.5994392075992,0.0,
2021-03-22 16:00:37.800,0,0.5331450318823269,532.2662433258798,0.0,
2021-03-22 16:00:37.810,0,0.4584886301398025,498.7636252015867,0.0,
2021-03-22 16:00:37.820,0,0.4584486733459573,466.23156382237306,0.0,
2021-03-22 16:00:37.830,0,0.3979126743760259,435.2987694426586,0.0,
2021-03-22 16:00:37.840,0,0.3762709796219451,407.33538963865476,0.0,
2021-03-22 16:00:37.850,0,0.4016399818741786,373.63358786654953,0.0,
2021-03-22 16:00:37.860,0,0.3851323679650458,343.44131649157094,0.0,
2021-03-22 16:00:37.870,0,0.2948302101070253,313.32240819631375,0.0,
2021-03-22 16:00:37.880,0,0.2509425646724272,288.26099447814886,0.0,
2021-03-22 16:00:37.890,0,0.279373312810509,263.3549453269239,0.0,
2021-03-22 16:00:37.900,0,0.235972412676292,238.24039448575653,1.0,
2021-03-22 16:00:37.910,0,0.2078755462480162,213.81225139822385,1.0,
2021-03-22 16:00:37.920,0,0.2103403258125688,192.3064947586148,1.0,
2021-03-22 16:00:37.930,0,0.1938769470388734,170.10448925694374,1.0,
2021-03-22 16:00:37.940,0,0.126237698883857,150.4212228871263,1.0,
2021-03-22 16:00:37.950,0,0.132040206305926,134.2093647531482,1.0,
2021-03-22 16:00:37.960,0,0.117654687370964,117.78055682624287,1.0,
2021-03-22 16:00:37.970,0,0.0823046736929805,101.67764231747292,1.0,
2021-03-22 16:00:37.980,0,0.0826197799279392,87.72444049911661,1.0,
2021-03-22 16:00:37.990,0,0.0928477745878687,75.17076513180473,1.0,
2021-03-22 16:00:38.000,1,0.0582377104738178,63.35329396702974,1.0,
2021-03-22 16:00:38.010,1,0.0409655158605075,53.155418007498255,1.0,
2021-03-22 16:00:38.020,1,0.0398246933863671,43.324752596510535,1.0,
2021-03-22 16:00:38.030,1,0.0239423661274063,35.322983041250765,2.0,
2021-03-22 16:00:38.040,1,0.0350058553137884,27.62181792265709,2.0,
2021-03-22 16:00:38.050,1,0.0195638336297537,21.00437141999929,2.0,
2021-03-22 16:00:38.060,1,0.0213403106024673,14.885599223172262,2.0,
2021-03-22 16:00:38.070,1,0.0042608932508908,9.757468494660818,2.0,
2021-03-22 16:00:38.080,1,0.007175558278154,5.3602323045817535,2.0,
2021-03-22 16:00:38.090,1,0.0047385951790279,1.4190955270480587,2.0,
2021-03-22 16:00:38.100,1,-0.0011858919019302,0.0,2.0,
2021-03-22 16:00:38.110,1,-0.0052169059286573,0.0,2.0,
2021-03-22 16:00:38.120,1,-0.005410482633242001,0.0,2.0,
2021-03-22 16:00:38.130,1,0.0010175645090632,0.1863192353105914,2.0,
2021-03-22 16:00:38.140,1,0.0096724074923344,6.872144097106241,2.0,
2021-03-22 16:00:38.150,1,0.0164012825586696,16.018161714552427,2.0,
2021-03-22 16:00:38.160,1,0.0304548163820452,26.961143343176712,2.0,
2021-03-22 16:00:38.170,1,0.0298986395394378,39.27258974194449,2.0,
2021-03-22 16:00:38.180,1,0.0453098880167792,54.07080986627897,1.0,
2021-03-22 16:00:38.190,1,0.0694208022871196,71.3790832320921,1.0,
2021-03-22 16:00:38.200,1,0.0681628930517721,89.60793487650636,1.0,
2021-03-22 16:00:38.210,1,0.0976721194927836,111.27255224429493,1.0,
2021-03-22 16:00:38.220,1,0.0980602632558664,133.6513386119149,1.0,
2021-03-22 16:00:38.230,1,0.1215166307923746,156.52756033790232,1.0,
2021-03-22 16:00:38.240,1,0.1596964527856175,180.157038346452,1.0,
2021-03-22 16:00:38.250,1,0.1748930268571962,204.8403035498726,1.0,
2021-03-22 16:00:38.260,1,0.2189212908507077,228.80301752091853,1.0,
2021-03-22 16:00:38.270,1,0.1845050143489642,253.29953778787709,0.0,
2021-03-22 16:00:38.280,1,0.2283933387130882,277.514071765435,0.0,
2021-03-22 16:00:38.290,1,0.2461937260277672,301.4212441955853,0.0,
2021-03-22 16:00:38.300,1,0.3104990806715769,328.9939127087899,0.0,
2021-03-22 16:00:38.310,1,0.281751411984113,356.37943866168007,0.0,
2021-03-22 16:00:38.320,1,0.2788283599330497,378.64178099539566,0.0,
2021-03-22 16:00:38.330,1,0.2940971378865089,407.64604240657616,0.0,
2021-03-22 16:00:38.340,1,0.3684521389258,430.2801773061293,0.0,
2021-03-22 16:00:38.350,1,0.3092076680039398,450.9217437963445,0.0,
2021-03-22 16:00:38.360,1,0.3622498130081903,473.52518394870896,0.0,
2021-03-22 16:00:38.370,1,0.3396965197700548,503.154873760952,0.0,
2021-03-22 16:00:38.380,1,0.3465119579147894,510.50055967743,0.0,
2021-03-22 16:00:38.390,1,0.3740996262464003,533.1201192598104,0.0,
2021-03-22 16:00:38.400,1,0.4035318398801062,555.5207306750625,0.0,
2021-03-22 16:00:38.410,1,0.5028250162405737,573.2957696203692,0.0,
2021-03-22 16:00:38.420,1,0.5522345113707801,581.7025282957959,0.0,
2021-03-22 16:00:38.430,1,0.411782467393204,608.675549735871,0.0,
2021-03-22 16:00:38.440,1,0.4878793046356051,618.2109185379768,0.0,
2021-03-22 16:00:38.450,1,0.5535822836713056,634.3927598801795,0.0,
2021-03-22 16:00:38.460,1,0.597504990713266,647.2898913272741,0.0,
2021-03-22 16:00:38.470,1,0.5681275433595402,656.3948841152019,0.0,
2021-03-22 16:00:38.480,1,0.6268039251319829,667.5937084735275,0.0,
2021-03-22 16:00:38.490,1,0.6310663102007197,671.4887683876829,0.0,
2021-03-22 16:00:38.500,1,0.5536258831637185,688.4617894942087,0.0,
2021-03-22 16:00:38.510,1,0.4464548181410084,687.8078030635471,0.0,
2021-03-22 16:00:38.520,1,0.4628916593788855,692.4058631386201,0.0,
2021-03-22 16:00:38.530,1,0.5331782241019228,703.6463993528081,0.0,
2021-03-22 16:00:38.540,1,0.6338611621742514,705.7632951668455,0.0,
2021-03-22 16:00:38.550,1,0.7044265408423203,709.5684006436951,0.0,
2021-03-22 16:00:38.560,1,0.5170538043384488,718.4198329232219,0.0,
2021-03-22 16:00:38.570,1,0.5868821421794792,721.6990423968554,0.0,
2021-03-22 16:00:38.580,1,0.5117484572192292,719.7136622575982,0.0,
2021-03-22 16:00:38.590,1,0.6932005276057887,723.8661606954123,0.0,
2021-03-22 16:00:38.600,1,0.5606944371078231,720.1482749940186,0.0,
2021-03-22 16:00:38.610,1,0.6416526076933927,719.1215247483784,0.0,
2021-03-22 16:00:38.620,1,0.5351530617371029,728.94492169162,0.0,
2021-03-22 16:00:38.630,1,0.7443959974252067,732.0726254536557,0.0,
2021-03-22 16:00:38.640,1,0.7409042663257953,725.8378135466018,0.0,
2021-03-22 16:00:38.650,0,0.7030269734793341,729.6903878584648,0.0,
2021-03-22 16:00:38.660,0,0.5468125272103173,725.7675605889839,0.0,
2021-03-22 16:00:38.670,0,0.699697426945927,729.8249735559492,0.0,
2021-03-22 16:00:38.680,0,0.524027822076235,728.6032913436328,0.0,
2021-03-22 16:00:38.690,0,0.7374391776483449,735.3032131551979,0.0,
2021-03-22 16:00:38.700,0,0.6186715513753565,723.3566826389792,0.0,
2021-03-22 16:00:38.710,0,0.6384076214637712,720.2977724851221,0.0,
2021-03-22 16:00:38.720,0,0.5554222123850406,718.0491765366818,0.0,
2021-03-22 16:00:38.730,0,0.8157114760357391,721.4249390373258,0.0,
2021-03-22 16:00:38.740,0,0.6021386139168508,714.3354313640314,0.0,
2021-03-22 16:00:38.750,0,0.8243246987156437,724.6179125028801,0.0,
2021-03-22 16:00:38.760,0,0.6865023942710147,723.4233374794354,0.0,
2021-03-22 16:00:38.770,0,0.5930305311672431,706.3722057887352,0.0,
2021-03-22 16:00:38.780,0,0.794581386309167,696.8100370791452,0.0,
2021-03-22 16:00:38.790,0,0.7155016144414487,682.5646396186315,0.0,
2021-03-22 16:00:38.800,0,0.7523338111097494,662.5263270118568,0.0,
2021-03-22 16:00:38.810,0,0.6151663078481187,631.5145816823352,0.0,
2021-03-22 16:00:38.820,0,0.6374085398050795,607.6745627043797,0.0,
2021-03-22 16:00:38.830,0,0.4666500392704146,579.5611002730648,0.0,
2021-03-22 16:00:38.840,0,0.5251183637376112,551.9112225636204,0.0,
2021-03-22 16:00:38.850,0,0.4619970749926714,519.4300626026499,0.0,
2021-03-22 16:00:38.860,0,0.4814682404905329,487.3804577695221,0.0,
2021-03-22 16:00:38.870,0,0.4268819093329605,459.30914037170606,0.0,
2021-03-22 16:00:38.880,0,0.4805703034695271,423.0158155209496,0.0,
2021-03-22 16:00:38.890,0,0.4348985341092177,397.05647110609,0.0,
2021-03-22 16:00:38.900,0,0.3474118141470337,362.73801995540236,0.0,
2021-03-22 16:00:38.910,0,0.3049966723768725,335.2882629979802,0.0,
2021-03-22 16:00:38.920,0,0.2938290339845715,306.8188601339544,0.0,
2021-03-22 16:00:38.930,0,0.3001828376447564,281.8498474927622,0.0,
2021-03-22 16:00:38.940,0,0.3152923581269336,258.1479851841298,0.0,
2021-03-22 16:00:38.950,0,0.2842197267482212,234.12985826009967,1.0,
2021-03-22 16:00:38.960,0,0.2232162958322414,210.1647348481952,1.0,
2021-03-22 16:00:38.970,0,0.17748744125583102,188.5485282067379,1.0,
2021-03-22 16:00:38.980,0,0.1436247405935906,167.891039679207,1.0,
2021-03-22 16:00:38.990,0,0.1616073722718666,149.7408647090884,1.0,
2021-03-22 16:00:39.000,1,0.1396313993249362,132.11351891288686,1.0,
2021-03-22 16:00:39.010,1,0.1364828469818148,115.97011187160128,1.0,
2021-03-22 16:00:39.020,1,0.1153922695924344,100.73179758537712,1.0,
2021-03-22 16:00:39.030,1,0.0846856473355071,87.9268435956603,1.0,
2021-03-22 16:00:39.040,1,0.0746128464238452,75.24539783595074,1.0,
2021-03-22 16:00:39.050,1,0.0641132132817695,63.42403377443282,1.0,
2021-03-22 16:00:39.060,1,0.0587965301286651,53.29511134536693,1.0,
2021-03-22 16:00:39.070,1,0.0414810600229619,43.641949312643746,2.0,
2021-03-22 16:00:39.080,1,0.0390261287386999,35.28410400912409,2.0,
2021-03-22 16:00:39.090,1,0.023505149154706,27.81084280107968,2.0,
2021-03-22 16:00:39.100,1,0.0229986762949131,20.98375648417139,2.0,
2021-03-22 16:00:39.110,1,0.0175147152947341,15.456503867398956,2.0,
2021-03-22 16:00:39.120,1,0.0155138921745315,13.336717509279394,2.0,
2021-03-22 16:00:39.130,1,0.0152569745670474,14.838337511363044,2.0,
2021-03-22 16:00:39.140,1,0.0145498644604224,19.39469245683224,2.0,
2021-03-22 16:00:39.150,1,0.0233859409869367,26.44184051917303,2.0,
2021-03-22 16:00:39.160,1,0.02210720713336201,36.08609129567563,2.0,
2021-03-22 16:00:39.170,1,0.0544817322022936,46.76593337355795,2.0,
2021-03-22 16:00:39.180,1,0.0651918706301114,60.923642350691956,1.0,
2021-03-22 16:00:39.190,1,0.0706630220319623,76.80066148904653,1.0,
2021-03-22 16:00:39.200,1,0.0979150168089273,96.60254761073892,1.0,
2021-03-22 16:00:39.210,1,0.1116643127629444,117.48478627158859,1.0,
2021-03-22 16:00:39.220,1,0.1183726085122781,138.25021461085382,1.0,
2021-03-22 16:00:39.230,1,0.1659892949732448,162.53765329834886,1.0,
2021-03-22 16:00:39.240,1,0.2015714619387421,186.47296434851899,1.0,
2021-03-22 16:00:39.250,1,0.1845489580847692,211.37866620624683,1.0,
2021-03-22 16:00:39.260,1,0.2144401275007505,234.973881645925,1.0,
2021-03-22 16:00:39.270,1,0.19764779120158504,259.30933633821917,0.0,
2021-03-22 16:00:39.280,1,0.2329491728727266,282.53124648808136,0.0,
2021-03-22 16:00:39.290,1,0.247463752339557,307.20302665877495,0.0,
2021-03-22 16:00:39.300,1,0.2895426310537555,334.93464545457766,0.0,
2021-03-22 16:00:39.310,1,0.3160850842456258,358.1247382085,0.0,
2021-03-22 16:00:39.320,1,0.3131673361626279,383.4795486128703,0.0,
2021-03-22 16:00:39.330,1,0.3851016170755909,409.2987812578724,0.0,
2021-03-22 16:00:39.340,1,0.4595231288207379,429.6152838805571,0.0,
2021-03-22 16:00:39.350,1,0.4788195299060659,458.3737882763675,0.0,
2021-03-22 16:00:39.360,1,0.4134278811100256,474.3322642735005,0.0,
2021-03-22 16:00:39.370,1,0.4797753463121084,502.02580058031344,0.0,
2021-03-22 16:00:39.380,1,0.6090048013716296,513.1628183807159,0.0,
2021-03-22 16:00:39.390,1,0.6274836832298422,539.4171500605242,0.0,
2021-03-22 16:00:39.400,1,0.5608424562975802,554.9868523995149,0.0,
2021-03-22 16:00:39.410,1,0.6461917689922331,575.1756632307348,0.0,
2021-03-22 16:00:39.420,1,0.6988140911029829,591.8613784626243,0.0,
2021-03-22 16:00:39.430,1,0.5771485745322751,602.6785775077661,0.0,
2021-03-22 16:00:39.440,1,0.5303413323444476,616.3572771011002,0.0,
2021-03-22 16:00:39.450,1,0.5076080953897666,628.7313230131317,0.0,
2021-03-22 16:00:39.460,1,0.6158040956589182,641.6222419473038,0.0,
2021-03-22 16:00:39.470,1,0.7650111357562175,657.3715715162118,0.0,
2021-03-22 16:00:39.480,1,0.5691039767027307,660.4877215533974,0.0,
2021-03-22 16:00:39.490,1,0.7255259720333535,670.1270733095267,0.0,
2021-03-22 16:00:39.500,1,0.6044661713784225,678.4503560505811,0.0,
2021-03-22 16:00:39.510,1,0.8310848870861067,680.3323479881242,0.0,
2021-03-22 16:00:39.520,1,0.6565756357394071,700.1181128579466,0.0,
2021-03-22 16:00:39.530,1,0.7440853311757072,691.2668846685208,0.0,
2021-03-22 16:00:39.540,1,0.5988756622747553,697.2875133844342,0.0,
2021-03-22 16:00:39.550,1,0.6045774606988114,708.8987869610187,0.0,
2021-03-22 16:00:39.560,1,0.6287287005230852,696.6637044525875,0.0,
2021-03-22 16:00:39.570,1,0.6374751929219361,717.9138050323543,0.0,
2021-03-22 16:00:39.580,1,0.7037788595415355,717.4684933770743,0.0,
2021-03-22 16:00:39.590,1,0.9072498080057456,717.5749470234184,0.0,
2021-03-22 16:00:39.600,1,0.932255966347773,723.350452017539,0.0,
2021-03-22 16:00:39.610,1,0.7274740029496884,720.7686882774794,0.0,
2021-03-22 16:00:39.620,1,0.8114350067947512,724.7074758925667,0.0,
2021-03-22 16:00:39.630,1,0.878682639058446,728.1147943244231,0.0,
2021-03-22 16:00:39.640,1,0.8359600910570081,726.2825624333979,0.0,
2021-03-22 16:00:39.650,1,0.6879826168762516,729.2197272360672,0.0,
2021-03-22 16:00:39.660,1,0.8740919104433341,732.3807147973863,0.0,
2021-03-22 16:00:39.670,1,0.7248485418856138,726.0346916303665,0.0,
2021-03-22 16:00:39.680,1,0.8386326768710817,731.6079468295137,0.0,
2021-03-22 16:00:39.690,1,0.8867393812184191,727.4811150870074,0.0,
2021-03-22 16:00:39.700,0,0.7852761726478876,730.2806556566051,0.0,
2021-03-22 16:00:39.710,0,0.8824869170181601,731.3940942346718,0.0,
2021-03-22 16:00:39.720,0,0.9486263679473396,745.2575394433456,0.0,
2021-03-22 16:00:39.730,0,0.6727759968668385,736.1991961905438,0.0,
2021-03-22 16:00:39.740,0,0.7865439232105508,733.7190721132725,0.0,
2021-03-22 16:00:39.750,0,0.7103006192870307,733.7455440864958,0.0,
2021-03-22 16:00:39.760,0,0.7540626646201289,733.2075826431771,0.0,
2021-03-22 16:00:39.770,0,0.7883636044883975,736.3350261470831,0.0,
2021-03-22 16:00:39.780,0,0.6841194329275593,734.5400625985671,0.0,
2021-03-22 16:00:39.790,0,0.8548876202372456,738.772484107886,0.0,
2021-03-22 16:00:39.800,0,0.6463181343675178,737.4201261415469,0.0,
2021-03-22 16:00:39.810,0,0.6792630086835149,739.1002598890041,0.0,
2021-03-22 16:00:39.820,0,0.907853363102808,727.9574029111106,0.0,
2021-03-22 16:00:39.830,0,0.9383655572204967,719.5599664601831,0.0,
2021-03-22 16:00:39.840,0,0.7238520198918718,700.5296245347815,0.0,
2021-03-22 16:00:39.850,0,0.7593561760601036,677.3746718928793,0.0,
2021-03-22 16:00:39.860,0,0.8227068069523379,655.2565737033905,0.0,
2021-03-22 16:00:39.870,0,0.6402772319503399,628.6742310540512,0.0,
2021-03-22 16:00:39.880,0,0.7159801557108884,596.9110645055846,0.0,
2021-03-22 16:00:39.890,0,0.6796068011678704,567.268544610983,0.0,
2021-03-22 16:00:39.900,0,0.5864576427159512,530.5740665131915,0.0,
2021-03-22 16:00:39.910,0,0.5734805304504279,507.5559309143495,0.0,
2021-03-22 16:00:39.920,0,0.4016539427670526,474.1673343316674,0.0,
2021-03-22 16:00:39.930,0,0.5153793642832127,435.04714514073515,0.0,
2021-03-22 16:00:39.940,0,0.3680635732923436,404.11537551756567,0.0,
2021-03-22 16:00:39.950,0,0.4572156170864205,372.1265565677128,0.0,
2021-03-22 16:00:39.960,0,0.4228788251926613,346.0907190685804,0.0,
2021-03-22 16:00:39.970,0,0.3726497816652969,316.72662369880084,0.0,
2021-03-22 16:00:39.980,0,0.3300446811365082,287.63372124790834,0.0,
2021-03-22 16:00:39.990,0,0.2378489721702475,264.3051135835824,0.0,
2021-03-22 16:00:40.000,1,0.2347967690840717,239.20159673395958,1.0,
2021-03-22 16:00:40.010,1,0.2491414502065303,214.4909741067076,1.0,
2021-03-22 16:00:40.020,1,0.2118704288384387,193.4232073006937,1.0,
2021-03-22 16:00:40.030,1,0.1327763594559425,171.37267595126025,1.0,
2021-03-22 16:00:40.040,1,0.1514664195961669,152.65122066702918,1.0,
2021-03-22 16:00:40.050,1,0.1411746327444255,134.37285301304885,1.0,
2021-03-22 16:00:40.060,1,0.1049713856536858,117.7648097642977,1.0,
2021-03-22 16:00:40.070,1,0.0859111304030417,101.71946155864086,1.0,
2021-03-22 16:00:40.080,1,0.0852614759930236,88.30096488481233,1.0,
2021-03-22 16:00:40.090,1,0.0690378849107121,75.30168169101073,1.0,
2021-03-22 16:00:40.100,1,0.0532933519952649,63.45576626142695,1.0,
2021-03-22 16:00:40.110,1,0.0369806080635537,53.71399656179424,1.0,
2021-03-22 16:00:40.120,1,0.0292408402857664,48.01384724460971,2.0,
2021-03-22 16:00:40.130,1,0.0358275964475447,46.332704998142226,2.0,
2021-03-22 16:00:40.140,1,0.03577374575688,47.52676014692252,2.0,
2021-03-22 16:00:40.150,1,0.0334709275595175,52.141958440077495,2.0,
2021-03-22 16:00:40.160,1,0.0384001731652202,59.15149199702985,1.0,
2021-03-22 16:00:40.170,1,0.0558679907347188,70.13301210999819,1.0,
2021-03-22 16:00:40.180,1,0.0670874884512118,84.48663832294552,1.0,
2021-03-22 16:00:40.190,1,0.1000889630271897,100.4482516608312,1.0,
2021-03-22 16:00:40.200,1,0.1185068542896928,119.44317954183602,1.0,
2021-03-22 16:00:40.210,1,0.1040533364069509,138.22458028718873,1.0,
2021-03-22 16:00:40.220,1,0.1321020522215823,158.91106772233445,1.0,
2021-03-22 16:00:40.230,1,0.1446517620215385,183.2716111175616,1.0,
2021-03-22 16:00:40.240,1,0.1553581955717467,207.37792847499904,1.0,
2021-03-22 16:00:40.250,1,0.1500592382278464,229.5726847026691,1.0,
2021-03-22 16:00:40.260,1,0.2347850976849379,252.42007391384558,1.0,
2021-03-22 16:00:40.270,1,0.2330769956408317,272.96508852399484,0.0,
2021-03-22 16:00:40.280,1,0.2298879370937268,300.62624740924224,0.0,
2021-03-22 16:00:40.290,1,0.25937914521120803,320.8856114602944,0.0,
2021-03-22 16:00:40.300,1,0.3099564288566432,346.4497290452877,0.0,
2021-03-22 16:00:40.310,1,0.3213626070265623,368.75839665255654,0.0,
2021-03-22 16:00:40.320,1,0.3145535686664575,396.11421448419134,0.0,
2021-03-22 16:00:40.330,1,0.2667575663690246,424.89919110310166,0.0,
2021-03-22 16:00:40.340,1,0.2898979459709933,440.1033914597837,0.0,
2021-03-22 16:00:40.350,1,0.3289886614438099,465.0645184785848,0.0,
2021-03-22 16:00:40.360,1,0.3601427163424089,486.82529393557655,0.0,
2021-03-22 16:00:40.370,1,0.4238733391597969,505.6282843544831,0.0,
2021-03-22 16:00:40.380,1,0.472498020690812,526.0001036856634,0.0,
2021-03-22 16:00:40.390,1,0.3587346238979388,538.5754312303059,0.0,
2021-03-22 16:00:40.400,1,0.4993828940506883,568.3735756080856,0.0,
2021-03-22 16:00:40.410,1,0.4885332322477463,578.9091138078646,0.0,
2021-03-22 16:00:40.420,1,0.4648680580544053,594.1057840958063,0.0,
2021-03-22 16:00:40.430,1,0.5566201498676139,611.6539343447996,0.0,
2021-03-22 16:00:40.440,1,0.4584647331799771,623.9241998902522,0.0,
2021-03-22 16:00:40.450,1,0.489837876069284,631.9366914262843,0.0,
2021-03-22 16:00:40.460,1,0.5937308766413943,645.5218129224381,0.0,
2021-03-22 16:00:40.470,1,0.5875379345568315,659.49686363458,0.0,
2021-03-22 16:00:40.480,1,0.5438716144627869,670.0224706282464,0.0,
2021-03-22 16:00:40.490,1,0.6086796360527368,678.1838205787724,0.0,
2021-03-22 16:00:40.500,1,0.4739836340404985,689.2159968985795,0.0,
2021-03-22 16:00:40.510,1,0.5086345357164821,692.974589177975,0.0,
2021-03-22 16:00:40.520,1,0.5226780057399414,701.3252567459123,0.0,
2021-03-22 16:00:40.530,1,0.6402638102594981,698.5258194243734,0.0,
2021-03-22 16:00:40.540,1,0.5548610195679853,712.0476945329401,0.0,
2021-03-22 16:00:40.550,1,0.6426889944500174,724.5167997008806,0.0,
2021-03-22 16:00:40.560,1,0.5489144189182965,717.7829679826076,0.0,
2021-03-22 16:00:40.570,1,0.6866205734314339,726.5819218285287,0.0,
2021-03-22 16:00:40.580,1,0.6228520494018402,722.2707502152754,0.0,
2021-03-22 16:00:40.590,1,0.6787585290739777,735.3148645919971,0.0,
2021-03-22 16:00:40.600,1,0.5455170209337454,734.4902242749486,0.0,
2021-03-22 16:00:40.610,1,0.6622762205710568,733.2474121282255,0.0,
2021-03-22 16:00:40.620,1,0.574784662599578,730.9314623575934,0.0,
2021-03-22 16:00:40.630,1,0.5355313739112448,739.2602547777301,0.0,
2021-03-22 16:00:40.640,1,0.530082826948573,745.3494764221033,0.0,
2021-03-22 16:00:40.650,1,0.6948094293069301,740.9428449906343,0.0,
2021-03-22 16:00:40.660,1,0.6606903330238135,741.1829926812346,0.0,
2021-03-22 16:00:40.670,1,0.698686882062964,741.0384078628148,0.0,
2021-03-22 16:00:40.680,1,0.5129167674491103,734.2920023558977,0.0,
2021-03-22 16:00:40.690,1,0.6213762999556951,742.1918856415573,0.0,
2021-03-22 16:00:40.700,1,0.6575053509693107,742.1520097772873,0.0,
2021-03-22 16:00:40.710,1,0.6252693300213974,732.4399890234213,0.0,
2021-03-22 16:00:40.720,1,0.6321032909495463,734.7321829129451,0.0,
2021-03-22 16:00:40.730,1,0.5167049588998562,738.6329450305681,0.0,
2021-03-22 16:00:40.740,1,0.7080871248550423,734.8964449941046,0.0,
2021-03-22 16:00:40.750,0,0.6234791193203154,738.2862510964159,0.0,
2021-03-22 16:00:40.760,0,0.6036490643996453,738.1194515340989,0.0,
2021-03-22 16:00:40.770,0,0.5513728011657574,726.3496021776277,0.0,
2021-03-22 16:00:40.780,0,0.7109556825272828,735.957308446084,0.0,
2021-03-22 16:00:40.790,0,0.6534697050854065,727.7635655789854,0.0,
2021-03-22 16:00:40.800,0,0.6407478326200272,728.8606375897955,0.0,
2021-03-22 16:00:40.810,0,0.6972235820987286,733.9554846269642,0.0,
2021-03-22 16:00:40.820,0,0.7158296234187347,729.7013498148497,0.0,
2021-03-22 16:00:40.830,0,0.6633419003110325,725.7397072959959,0.0,
2021-03-22 16:00:40.840,0,0.6695881195447733,725.8380771052202,0.0,
2021-03-22 16:00:40.850,0,0.5350230580564994,719.5975216715906,0.0,
2021-03-22 16:00:40.860,0,0.7248697917688107,721.7196885486038,0.0,
2021-03-22 16:00:40.870,0,0.699549550198559,710.5149295188365,0.0,
2021-03-22 16:00:40.880,0,0.6916764428869068,701.8011023936322,0.0,
2021-03-22 16:00:40.890,0,0.5156513170657321,689.2762272392328,0.0,
2021-03-22 16:00:40.900,0,0.5187251314551895,664.0643450710929,0.0,
2021-03-22 16:00:40.910,0,0.4479082822259815,640.7405317273648,0.0,
2021-03-22 16:00:40.920,0,0.5658760434124139,619.0727887603847,0.0,
2021-03-22 16:00:40.930,0,0.5516778995053938,581.5865983908387,0.0,
2021-03-22 16:00:40.940,0,0.4390466271535667,552.7398288442147,0.0,
2021-03-22 16:00:40.950,0,0.4937569985928984,524.8567524380202,0.0,
2021-03-22 16:00:40.960,0,0.4225057005070332,491.36143331038016,0.0,
2021-03-22 16:00:40.970,0,0.3003886171223439,455.98242721388084,0.0,
2021-03-22 16:00:40.980,0,0.3058655244670574,428.4788317012851,0.0,
2021-03-22 16:00:40.990,0,0.35810463519538,396.2803678989012,0.0,
2021-03-22 16:00:41.000,1,0.291369633517514,364.8376413173263,0.0,
2021-03-22 16:00:41.010,1,0.2967409607141017,336.8006107613578,0.0,
2021-03-22 16:00:41.020,1,0.2294075857875377,312.5860932391472,0.0,
2021-03-22 16:00:41.030,1,0.18792709012015105,281.98167717945256,0.0,
2021-03-22 16:00:41.040,1,0.2284827685510085,256.7636343989604,0.0,
2021-03-22 16:00:41.050,1,0.2090637037749735,231.90819203062776,1.0,
2021-03-22 16:00:41.060,1,0.1852335516073293,211.83186703940342,1.0,
2021-03-22 16:00:41.070,1,0.1456636823224353,188.57662678193068,1.0,
2021-03-22 16:00:41.080,1,0.1360948598047797,169.48663650937306,1.0,
2021-03-22 16:00:41.090,1,0.112533357841135,148.55720134880914,1.0,
2021-03-22 16:00:41.100,1,0.0790672177401736,132.2335465800107,1.0,
2021-03-22 16:00:41.110,1,0.0715232050401411,117.80620470718365,1.0,
2021-03-22 16:00:41.120,1,0.0658646460982877,105.56023906305865,1.0,
2021-03-22 16:00:41.130,1,0.0811010507241347,102.59182588240944,1.0,
2021-03-22 16:00:41.140,1,0.0769236771789327,103.93829317140106,1.0,
2021-03-22 16:00:41.150,1,0.0822401412053532,108.80110820833201,1.0,
2021-03-22 16:00:41.160,1,0.084887227894833,117.63749416142772,1.0,
2021-03-22 16:00:41.170,1,0.0917463578544027,130.1602781662637,1.0,
2021-03-22 16:00:41.180,1,0.08678598337473199,144.83324473403113,1.0,
2021-03-22 16:00:41.190,1,0.1092978962935036,160.97992501205528,1.0,
2021-03-22 16:00:41.200,1,0.1079519880805391,179.1737864171672,1.0,
2021-03-22 16:00:41.210,1,0.1532674263667911,199.385664800538,1.0,
2021-03-22 16:00:41.220,1,0.1344384911701413,221.05115237012717,1.0,
2021-03-22 16:00:41.230,1,0.1637250605094246,240.9340970467381,1.0,
2021-03-22 16:00:41.240,1,0.207235306314882,261.78975367968064,1.0,
2021-03-22 16:00:41.250,1,0.2376359196921808,286.43821411126805,0.0,
2021-03-22 16:00:41.260,1,0.1864944461693083,308.5089776631719,0.0,
2021-03-22 16:00:41.270,1,0.242306493660968,329.7217301856425,0.0,
2021-03-22 16:00:41.280,1,0.2151373370695401,353.57066675735433,0.0,
2021-03-22 16:00:41.290,1,0.2817711289321867,380.6499474266832,0.0,
2021-03-22 16:00:41.300,1,0.2379587376736542,406.8828389976371,0.0,
2021-03-22 16:00:41.310,1,0.3246761157596365,429.29921957770654,0.0,
2021-03-22 16:00:41.320,1,0.3702935072876352,452.15447182838545,0.0,
2021-03-22 16:00:41.330,1,0.3132542287151203,473.3255013629686,0.0,
2021-03-22 16:00:41.340,1,0.3285505181316463,498.6032993011725,0.0,
2021-03-22 16:00:41.350,1,0.40981920108835,519.1628211044207,0.0,
2021-03-22 16:00:41.360,1,0.4603471337647846,542.0328489718106,0.0,
2021-03-22 16:00:41.370,1,0.464417502517939,556.1842284681936,0.0,
2021-03-22 16:00:41.380,1,0.4096190043186798,574.7047516888448,0.0,
2021-03-22 16:00:41.390,1,0.3629704311123682,590.8241168441116,0.0,
2021-03-22 16:00:41.400,1,0.3751698830187895,602.6942935406204,0.0,
2021-03-22 16:00:41.410,1,0.5572869414802243,625.508225979308,0.0,
2021-03-22 16:00:41.420,1,0.566853219737097,637.8590301674491,0.0,
2021-03-22 16:00:41.430,1,0.4433749581970196,647.1225635056271,0.0,
2021-03-22 16:00:41.440,1,0.4330628696523595,658.3165199097105,0.0,
2021-03-22 16:00:41.450,1,0.5530256379092964,667.4273199603399,0.0,
2021-03-22 16:00:41.460,1,0.4925751118038883,677.8495374934782,0.0,
2021-03-22 16:00:41.470,1,0.6468841612654687,693.4951153138887,0.0,
2021-03-22 16:00:41.480,1,0.6557353819631547,692.2749242731267,0.0,
2021-03-22 16:00:41.490,1,0.640644198307452,705.8850372420846,0.0,
2021-03-22 16:00:41.500,1,0.5788245939157072,704.7136732717183,0.0,
2021-03-22 16:00:41.510,1,0.5743997921692211,708.6333737441316,0.0,
2021-03-22 16:00:41.520,1,0.6361807167674219,710.1392635494507,0.0,
2021-03-22 16:00:41.530,1,0.7091714456001366,718.2994212573813,0.0,
2021-03-22 16:00:41.540,1,0.5807687529317108,725.3211114890291,0.0,
2021-03-22 16:00:41.550,1,0.7461070351459479,729.6053757947203,0.0,
2021-03-22 16:00:41.560,1,0.5225858601498888,732.2356227258734,0.0,
2021-03-22 16:00:41.570,1,0.6015005603065539,735.1227980779379,0.0,
2021-03-22 16:00:41.580,1,0.5956181175994559,729.1246095191972,0.0,
2021-03-22 16:00:41.590,1,0.6559436750472502,737.7192913290097,0.0,
2021-03-22 16:00:41.600,1,0.7816856567320061,738.9938766592923,0.0,
2021-03-22 16:00:41.610,1,0.6920407725462844,741.2362753075328,0.0,
2021-03-22 16:00:41.620,1,0.7755603121872449,742.4144833719544,0.0,
2021-03-22 16:00:41.630,1,0.7659011128528753,738.4685298364677,0.0,
2021-03-22 16:00:41.640,1,0.6530406769900508,740.3065481118864,0.0,
2021-03-22 16:00:41.650,1,0.6900440959833394,739.6197249070938,0.0,
2021-03-22 16:00:41.660,1,0.6669084067628431,747.4337360193085,0.0,
2021-03-22 16:00:41.670,1,0.5648040267462712,744.7598549965808,0.0,
2021-03-22 16:00:41.680,1,0.6435237590546211,745.0720459370932,0.0,
2021-03-22 16:00:41.690,1,0.7146293833808273,743.2121853451027,0.0,
2021-03-22 16:00:41.700,1,0.7133107186080816,750.4134779305814,0.0,
2021-03-22 16:00:41.710,1,0.5260985337831738,741.7157335478615,0.0,
2021-03-22 16:00:41.720,1,0.697261594457919,742.0442009719162,0.0,
2021-03-22 16:00:41.730,1,0.6591156816356933,732.4543587692633,0.0,
2021-03-22 16:00:41.740,1,0.6769517360629602,742.9622644476624,0.0,
2021-03-22 16:00:41.750,1,0.6041261376546798,748.1537728311063,0.0,
2021-03-22 16:00:41.760,1,0.690914219931027,739.2601676167619,0.0,
2021-03-22 16:00:41.770,1,0.5243300160163852,741.5746825651387,0.0,
2021-03-22 16:00:41.780,1,0.5174255816000225,744.9961357424893,0.0,
2021-03-22 16:00:41.790,1,0.6269830301568324,736.2633761252658,0.0,
2021-03-22 16:00:41.800,0,0.5634826032451238,739.339338232616,0.0,
2021-03-22 16:00:41.810,0,0.5083537795027067,746.0743409405309,0.0,
2021-03-22 16:00:41.820,0,0.6452953303990455,739.3412297535973,0.0,
2021-03-22 16:00:41.830,0,0.5212557195352887,744.0427251774321,0.0,
2021-03-22 16:00:41.840,0,0.7338297020257657,741.1936046772597,0.0,
2021-03-22 16:00:41.850,0,0.7273470726765078,748.3950228433122,0.0,
2021-03-22 16:00:41.860,0,0.5992723012346246,746.8663102601486,0.0,
2021-03-22 16:00:41.870,0,0.6924227234226248,747.9091508242713,0.0,
2021-03-22 16:00:41.880,0,0.6779329093125058,748.2085218928706,0.0,
2021-03-22 16:00:41.890,0,0.7085057889041945,753.8792872315877,0.0,
2021-03-22 16:00:41.900,0,0.4947167235725201,744.8907999286536,0.0,
2021-03-22 16:00:41.910,0,0.6708120774871742,743.2520751063104,0.0,
2021-03-22 16:00:41.920,0,0.6666727595115411,739.269966805395,0.0,
2021-03-22 16:00:41.930,0,0.6373119856796019,729.3371086604702,0.0,
2021-03-22 16:00:41.940,0,0.6142271664602442,712.7426639333922,0.0,
2021-03-22 16:00:41.950,0,0.4860680501543257,693.5514952000079,0.0,
2021-03-22 16:00:41.960,0,0.5626129613360291,670.9848096760603,0.0,
2021-03-22 16:00:41.970,0,0.3905313133758485,639.5297481680049,0.0,
2021-03-22 16:00:41.980,0,0.5000384556240457,602.8902772563231,0.0,
2021-03-22 16:00:41.990,0,0.43800034439821706,574.8060041672212,0.0,
2021-03-22 16:00:42.000,1,0.43290432433801296,546.8076899518051,0.0,
2021-03-22 16:00:42.010,1,0.3530225158502333,512.1260642811202,0.0,
2021-03-22 16:00:42.020,1,0.4079708650530957,484.5877173301457,0.0,
2021-03-22 16:00:42.030,1,0.2504018041133447,448.956961976638,0.0,
2021-03-22 16:00:42.040,1,0.3019027733522453,419.7675972064433,0.0,
2021-03-22 16:00:42.050,1,0.2268370396613872,388.74917829721284,0.0,
2021-03-22 16:00:42.060,1,0.2337432840702113,358.180124215887,0.0,
2021-03-22 16:00:42.070,1,0.2353525065800209,325.8976372747107,0.0,
2021-03-22 16:00:42.080,1,0.2320942403274261,296.6180314868616,0.0,
2021-03-22 16:00:42.090,1,0.2147916914478234,272.19544783370253,1.0,
2021-03-22 16:00:42.100,1,0.1949197132067824,245.8601495472357,1.0,
2021-03-22 16:00:42.110,1,0.1405763473233027,222.12575968727842,1.0,
2021-03-22 16:00:42.120,1,0.1176479851087306,205.86555997343257,1.0,
2021-03-22 16:00:42.130,1,0.1156279776542355,194.7290498448984,1.0,
2021-03-22 16:00:42.140,1,0.1188739474703407,188.69331576124503,1.0,
2021-03-22 16:00:42.150,1,0.1013863370272388,188.3812774799382,1.0,
2021-03-22 16:00:42.160,1,0.1316016865193335,192.56930126555568,1.0,
2021-03-22 16:00:42.170,1,0.1462038082646791,197.78636961675446,1.0,
2021-03-22 16:00:42.180,1,0.1384925863317835,208.47095159793972,1.0,
2021-03-22 16:00:42.190,1,0.1222758992494112,221.0458051142486,1.0,
2021-03-22 16:00:42.200,1,0.1382245099351738,234.81238739141028,1.0,
2021-03-22 16:00:42.210,1,0.1715208183533024,251.1160024948996,1.0,
2021-03-22 16:00:42.220,1,0.1383285823401776,261.7221881631121,1.0,
2021-03-22 16:00:42.230,1,0.1729688720876337,282.92275209168906,0.0,
2021-03-22 16:00:42.240,1,0.2338999253472729,299.88610780719614,0.0,
2021-03-22 16:00:42.250,1,0.1795522484715714,320.11366424531553,0.0,
2021-03-22 16:00:42.260,1,0.1925330978694645,341.5310145760596,0.0,
2021-03-22 16:00:42.270,1,0.2076379700040258,363.6137973519287,0.0,
2021-03-22 16:00:42.280,1,0.2017505642937574,389.8558957996572,0.0,
2021-03-22 16:00:42.290,1,0.2284108070448536,411.4639592154305,0.0,
2021-03-22 16:00:42.300,1,0.3252870177328471,433.58791583688935,0.0,
2021-03-22 16:00:42.310,1,0.3380445138140796,455.01387335602567,0.0,
2021-03-22 16:00:42.320,1,0.2774738672626062,474.9815691349602,0.0,
2021-03-22 16:00:42.330,1,0.3428569440123752,496.4524252631295,0.0,
2021-03-22 16:00:42.340,1,0.3067301626375925,514.6556371787909,0.0,
2021-03-22 16:00:42.350,1,0.2938868243237759,533.5151951126484,0.0,
2021-03-22 16:00:42.360,1,0.3954333122861532,552.1630251983738,0.0,
2021-03-22 16:00:42.370,1,0.3985141798590856,569.8177615029989,0.0,
2021-03-22 16:00:42.380,1,0.4255159945944314,587.5686588250137,0.0,
2021-03-22 16:00:42.390,1,0.4592266324269161,604.2027560381397,0.0,
2021-03-22 16:00:42.400,1,0.4926769575892905,622.0718458306502,0.0,
2021-03-22 16:00:42.410,1,0.395337007924209,638.0012690420366,0.0,
2021-03-22 16:00:42.420,1,0.4765731512969894,648.2583890980624,0.0,
2021-03-22 16:00:42.430,1,0.4227124919336725,663.7221656303813,0.0,
2021-03-22 16:00:42.440,1,0.408985901504441,672.9834206964928,0.0,
2021-03-22 16:00:42.450,1,0.4147041579539717,677.4077005881902,0.0,
2021-03-22 16:00:42.460,1,0.4926986938078005,693.9555732132136,0.0,
2021-03-22 16:00:42.470,1,0.4175104217642298,698.9162182394482,0.0,
2021-03-22 16:00:42.480,1,0.5621719612758762,702.6579185967328,0.0,
2021-03-22 16:00:42.490,1,0.5593015323720623,715.8309783764798,0.0,
2021-03-22 16:00:42.500,1,0.4476915908870824,717.925358471434,0.0,
2021-03-22 16:00:42.510,1,0.5536007974617674,730.5482679754903,0.0,
2021-03-22 16:00:42.520,1,0.5653097667988062,720.7911491890859,0.0,
2021-03-22 16:00:42.530,1,0.4792814004775639,738.4863224249582,0.0,
2021-03-22 16:00:42.540,1,0.4713374011146311,746.494415490892,0.0,
2021-03-22 16:00:42.550,1,0.5862058430305742,749.7779157678322,0.0,
2021-03-22 16:00:42.560,1,0.5775243354239654,744.4235619648942,0.0,
2021-03-22 16:00:42.570,1,0.480513980018094,755.6231062150398,0.0,
2021-03-22 16:00:42.580,1,0.6825765818827949,761.0240486848883,0.0,
2021-03-22 16:00:42.590,1,0.5569239553931482,753.2751265841762,0.0,
2021-03-22 16:00:42.600,1,0.6958955957633194,759.7806597755063,0.0,
2021-03-22 16:00:42.610,1,0.585170269243584,761.7630402984028,0.0,
2021-03-22 16:00:42.620,1,0.6940950096054124,761.6584409484918,0.0,
2021-03-22 16:00:42.630,1,0.6594609496718721,776.4411776565854,0.0,
2021-03-22 16:00:42.640,1,0.721491674981576,769.1856802498909,0.0,
2021-03-22 16:00:42.650,1,0.6061705114493763,772.6812326625528,0.0,
2021-03-22 16:00:42.660,1,0.5067724205501465,776.6583775728442,0.0,
2021-03-22 16:00:42.670,1,0.5612273037620773,771.9641183501343,0.0,
2021-03-22 16:00:42.680,1,0.5759603553216261,768.5223956141691,0.0,
2021-03-22 16:00:42.690,1,0.5045598607657247,770.6739057116772,0.0,
2021-03-22 16:00:42.700,1,0.6209060075123887,771.8844771414043,0.0,
2021-03-22 16:00:42.710,1,0.5348434675246159,775.673669602582,0.0,
2021-03-22 16:00:42.720,1,0.7035319872805013,771.3599334533984,0.0,
2021-03-22 16:00:42.730,1,0.74605254703436,768.2732085935327,0.0,
2021-03-22 16:00:42.740,1,0.6385918027290833,776.869588028703,0.0,
2021-03-22 16:00:42.750,1,0.736421461853678,766.0162485187144,0.0,
2021-03-22 16:00:42.760,1,0.6325793202974311,772.1467981333399,0.0,
2021-03-22 16:00:42.770,1,0.669088083484037,774.660438434547,0.0,
2021-03-22 16:00:42.780,1,0.5112578647967921,764.3477835991417,0.0,
2021-03-22 16:00:42.790,1,0.5646353574427697,774.2605814159615,0.0,
2021-03-22 16:00:42.800,1,0.7041688181301733,766.9114016736493,0.0,
2021-03-22 16:00:42.810,1,0.6090285768358199,774.0581578481715,0.0,
2021-03-22 16:00:42.820,1,0.6058145362295798,770.0720918504633,0.0,
2021-03-22 16:00:42.830,1,0.6637766340558742,775.7337297685298,0.0,
2021-03-22 16:00:42.840,1,0.5373380428288971,769.2946391978467,0.0,
2021-03-22 16:00:42.850,0,0.4975640229940286,763.8323382604468,0.0,
2021-03-22 16:00:42.860,0,0.6560654324486628,770.0410312871477,0.0,
2021-03-22 16:00:42.870,0,0.5751846127554667,764.773150628185,0.0,
2021-03-22 16:00:42.880,0,0.7008405712103344,760.9401243155548,0.0,
2021-03-22 16:00:42.890,0,0.6547438581524944,760.9884616199283,0.0,
2021-03-22 16:00:42.900,0,0.5434573435765427,758.6668270588658,0.0,
2021-03-22 16:00:42.910,0,0.5705655838584777,764.2008219869895,0.0,
2021-03-22 16:00:42.920,0,0.5547615279629611,765.4792008802873,0.0,
2021-03-22 16:00:42.930,0,0.5718998196922775,757.4845376323143,0.0,
2021-03-22 16:00:42.940,0,0.6402535756101317,758.7906727441234,0.0,
2021-03-22 16:00:42.950,0,0.6721579181782502,756.8538691817304,0.0,
2021-03-22 16:00:42.960,0,0.5324265665388139,755.8953777438305,0.0,
2021-03-22 16:00:42.970,0,0.5223978195800639,746.8649981472955,0.0,
2021-03-22 16:00:42.980,0,0.4878540527555043,732.4088157705321,0.0,
2021-03-22 16:00:42.990,0,0.5772720679122528,712.7740906371997,0.0,
2021-03-22 16:00:43.000,1,0.624482616891923,687.7430098819011,0.0,
2021-03-22 16:00:43.010,1,0.4087643857490414,668.0207230644472,0.0,
2021-03-22 16:00:43.020,1,0.5930322718299735,639.6700696691696,0.0,
2021-03-22 16:00:43.030,1,0.5390172160411999,601.1215784611945,0.0,
2021-03-22 16:00:43.040,1,0.4102009493934161,577.8839990180287,0.0,
2021-03-22 16:00:43.050,1,0.4458999191126661,539.9258200425061,0.0,
2021-03-22 16:00:43.060,1,0.4070634120755412,506.01561075156854,0.0,
2021-03-22 16:00:43.070,1,0.3239298588116517,475.111203336809,0.0,
2021-03-22 16:00:43.080,1,0.3560465218990951,444.7547475671031,0.0,
2021-03-22 16:00:43.090,1,0.2698793580321869,410.36472375552535,0.0,
2021-03-22 16:00:43.100,1,0.3029887476250302,377.9471655383842,0.0,
2021-03-22 16:00:43.110,1,0.3028625964236101,349.8799201253856,0.0,
2021-03-22 16:00:43.120,1,0.2250197040626062,326.69668182399005,0.0,
2021-03-22 16:00:43.130,1,0.2022320549643393,310.9997400920996,0.0,
2021-03-22 16:00:43.140,1,0.2863119795945895,304.90483745796337,0.0,
2021-03-22 16:00:43.150,1,0.2088277443836843,305.33956011671813,0.0,
2021-03-22 16:00:43.160,1,0.2550904025637838,301.61092075728294,0.0,
2021-03-22 16:00:43.170,1,0.2928421652963601,306.0568341299993,0.0,
2021-03-22 16:00:43.180,1,0.306224406380996,316.10814616964706,0.0,
2021-03-22 16:00:43.190,1,0.2127945962546472,329.1318002552933,0.0,
2021-03-22 16:00:43.200,1,0.2517045555579327,341.2102313048685,0.0,
2021-03-22 16:00:43.210,1,0.246139471754811,358.51876454381033,0.0,
2021-03-22 16:00:43.220,1,0.3255306425286201,375.7973020850672,0.0,
2021-03-22 16:00:43.230,1,0.3751991648438355,395.5614603868496,0.0,
2021-03-22 16:00:43.240,1,0.3743889636396523,413.74095056248797,0.0,
2021-03-22 16:00:43.250,1,0.2891186053767052,433.42066937602476,0.0,
2021-03-22 16:00:43.260,1,0.4161613337408745,452.89641870340193,0.0,
2021-03-22 16:00:43.270,1,0.3244600226385885,474.19787124599657,0.0,
2021-03-22 16:00:43.280,1,0.3910198422655586,489.18083391905543,0.0,
2021-03-22 16:00:43.290,1,0.5142670403147297,508.1054900065544,0.0,
2021-03-22 16:00:43.300,1,0.4199047734323899,532.3146925876663,0.0,
2021-03-22 16:00:43.310,1,0.5420745292317195,547.9578130041408,0.0,
2021-03-22 16:00:43.320,1,0.5142255150689019,562.2955986836889,0.0,
2021-03-22 16:00:43.330,1,0.4987762955448866,584.8819942529941,0.0,
2021-03-22 16:00:43.340,1,0.4677625860571671,598.5526023427708,0.0,
2021-03-22 16:00:43.350,1,0.5354234560378568,611.3308718194987,0.0,
2021-03-22 16:00:43.360,1,0.6348785666219433,631.0198837598801,0.0,
2021-03-22 16:00:43.370,1,0.5532970951834073,647.0062177265471,0.0,
2021-03-22 16:00:43.380,1,0.5182669364991563,656.6408524300123,0.0,
2021-03-22 16:00:43.390,1,0.6535494620049541,666.8301933391056,0.0,
2021-03-22 16:00:43.400,1,0.7463514220713448,673.5421715404285,0.0,
2021-03-22 16:00:43.410,1,0.6945812795407116,687.7987696705086,0.0,
2021-03-22 16:00:43.420,1,0.5320721274722804,698.5485412691535,0.0,
2021-03-22 16:00:43.430,1,0.7608958708299729,706.4916091166551,0.0,
2021-03-22 16:00:43.440,1,0.6920286570488167,703.1923463492031,0.0,
2021-03-22 16:00:43.450,1,0.7419390583334284,720.3201666714847,0.0,
2021-03-22 16:00:43.460,1,0.5905459926150388,720.5431510630489,0.0,
2021-03-22 16:00:43.470,1,0.6857127455495843,729.6809538933059,0.0,
2021-03-22 16:00:43.480,1,0.8399976380735245,734.0649745156169,0.0,
2021-03-22 16:00:43.490,1,0.7147494557873991,737.2840503314818,0.0,
2021-03-22 16:00:43.500,1,0.6867042840437768,741.6183004938513,0.0,
2021-03-22 16:00:43.510,1,0.7710778315115193,747.7468471879939,0.0,
2021-03-22 16:00:43.520,1,0.6450935591528273,754.6484866029332,0.0,
2021-03-22 16:00:43.530,1,0.8490367655984001,750.8783613138942,0.0,
2021-03-22 16:00:43.540,1,0.8427152704610491,751.2504166615579,0.0,
2021-03-22 16:00:43.550,1,0.7839833146699203,754.8974351408109,0.0,
2021-03-22 16:00:43.560,1,0.7900960938251601,754.8846311442984,0.0,
2021-03-22 16:00:43.570,1,0.6182844409822554,756.2397921320189,0.0,
2021-03-22 16:00:43.580,1,0.6160930366420045,759.0387511044906,0.0,
2021-03-22 16:00:43.590,1,0.8894495254453959,762.9906708300273,0.0,
2021-03-22 16:00:43.600,1,0.8485115680014069,753.7573092923365,0.0,
2021-03-22 16:00:43.610,1,0.7979779803137085,762.1529839108873,0.0,
2021-03-22 16:00:43.620,1,0.836190484004631,752.9259322039563,0.0,
2021-03-22 16:00:43.630,1,0.7202296889022299,756.8151697236322,0.0,
2021-03-22 16:00:43.640,1,0.8450866973711662,758.2140420207007,0.0,
2021-03-22 16:00:43.650,1,0.7119202290471323,761.3671005718048,0.0,
2021-03-22 16:00:43.660,1,0.6811861706780402,747.6638321232438,0.0,
2021-03-22 16:00:43.670,1,0.6459111123577647,750.0719675629256,0.0,
2021-03-22 16:00:43.680,1,0.6540754477469262,756.6513755453204,0.0,
2021-03-22 16:00:43.690,1,0.5665034529543929,748.1355259102546,0.0,
2021-03-22 16:00:43.700,1,0.6763423581758621,749.6961580446997,0.0,
2021-03-22 16:00:43.710,1,0.6724889511527069,749.5419828310596,0.0,
2021-03-22 16:00:43.720,1,0.6237083728419109,750.4509747139989,0.0,
2021-03-22 16:00:43.730,1,0.6368349924072435,745.2062246153923,0.0,
2021-03-22 16:00:43.740,1,0.7282512985551259,748.2539256303876,0.0,
2021-03-22 16:00:43.750,1,0.5575321634462258,736.3976229233542,0.0,
2021-03-22 16:00:43.760,1,0.7742925794203943,743.1411167209253,0.0,
2021-03-22 16:00:43.770,1,0.690422744638024,749.6068678744016,0.0,
2021-03-22 16:00:43.780,1,0.6886294494808346,744.7569470072164,0.0,
2021-03-22 16:00:43.790,1,0.6436357516513339,748.4281792999643,0.0,
2021-03-22 16:00:43.800,1,0.7421064308908994,740.7176843701183,0.0,
2021-03-22 16:00:43.810,1,0.7406535669895449,740.592836848376,0.0,
2021-03-22 16:00:43.820,1,0.7608905871422429,737.7424817423707,0.0,
2021-03-22 16:00:43.830,1,0.5359198553081788,738.5949481791936,0.0,
2021-03-22 16:00:43.840,1,0.6576731684855824,744.5019567910872,0.0,
2021-03-22 16:00:43.850,1,0.5207528971017696,740.4266593436435,0.0,
2021-03-22 16:00:43.860,1,0.5358066004659195,731.7319858461975,0.0,
2021-03-22 16:00:43.870,1,0.6257263616982627,737.7155705646209,0.0,
2021-03-22 16:00:43.880,1,0.5343285885408039,735.6794135623783,0.0,
2021-03-22 16:00:43.890,1,0.6063458754548745,738.1828405346538,0.0,
2021-03-22 16:00:43.900,0,0.5101874520883434,743.78985871125,0.0,
2021-03-22 16:00:43.910,0,0.5732636141888399,739.4295793613287,0.0,
2021-03-22 16:00:43.920,0,0.6203488562389138,738.833832678574,0.0,
2021-03-22 16:00:43.930,0,0.5976636295625383,733.5521091165871,0.0,
2021-03-22 16:00:43.940,0,0.5325897562239407,731.2391365595915,0.0,
2021-03-22 16:00:43.950,0,0.6341096883181578,732.5279603341634,0.0,
2021-03-22 16:00:43.960,0,0.4719719190832932,734.8731926156552,0.0,
2021-03-22 16:00:43.970,0,0.5384146286547229,741.2203986662958,0.0,
2021-03-22 16:00:43.980,0,0.4472566375317198,739.3620253315953,0.0,
2021-03-22 16:00:43.990,0,0.4384166135128772,743.8598128463805,0.0,
2021-03-22 16:00:44.000,1,0.5625142999690997,742.3489640277098,0.0,
2021-03-22 16:00:44.010,1,0.5599488794327876,739.7844892748258,0.0,
2021-03-22 16:00:44.020,1,0.5782167663592341,730.5487639788249,0.0,
2021-03-22 16:00:44.030,1,0.5414756208018405,717.4982969862883,0.0,
2021-03-22 16:00:44.040,1,0.5138889702506921,702.8838681055942,0.0,
2021-03-22 16:00:44.050,1,0.4606144560412346,679.6615901654619,0.0,
2021-03-22 16:00:44.060,1,0.5161339965561014,652.7240816562786,0.0,
2021-03-22 16:00:44.070,1,0.5205759525683724,632.4316398792961,0.0,
2021-03-22 16:00:44.080,1,0.4097722727743439,601.0461111512066,0.0,
2021-03-22 16:00:44.090,1,0.3676284952212036,568.649159093075,0.0,
2021-03-22 16:00:44.100,1,0.3801326776331905,535.1115046025603,0.0,
2021-03-22 16:00:44.110,1,0.3373602592299362,506.19534734477025,0.0,
2021-03-22 16:00:44.120,1,0.3517947079214929,485.84914053022,0.0,
2021-03-22 16:00:44.130,1,0.3329964990786562,463.71236861377884,0.0,
2021-03-22 16:00:44.140,1,0.2470995172671012,448.88141957789117,0.0,
2021-03-22 16:00:44.150,1,0.2937927121752364,440.18327995356435,0.0,
2021-03-22 16:00:44.160,1,0.2331174386284771,436.0205522380249,0.0,
2021-03-22 16:00:44.170,1,0.3267322924456055,438.1728323648073,0.0,
2021-03-22 16:00:44.180,1,0.2762749339496411,437.6372825366751,0.0,
2021-03-22 16:00:44.190,1,0.3011601956476967,444.78384508780715,0.0,
2021-03-22 16:00:44.200,1,0.3578568675448388,451.17960780953865,0.0,
2021-03-22 16:00:44.210,1,0.2847737131446275,459.84774662672686,0.0,
2021-03-22 16:00:44.220,1,0.2575888338161471,469.58923536876574,0.0,
2021-03-22 16:00:44.230,1,0.3704505383847235,482.8514930593708,0.0,
2021-03-22 16:00:44.240,1,0.3210784656807953,493.17392766497255,0.0,
2021-03-22 16:00:44.250,1,0.3262885348468625,502.1141655157562,0.0,
2021-03-22 16:00:44.260,1,0.4098644689070774,516.1042901389274,0.0,
2021-03-22 16:00:44.270,1,0.3167086404885011,529.790014323847,0.0,
2021-03-22 16:00:44.280,1,0.3082237731517399,543.5539356492412,0.0,
2021-03-22 16:00:44.290,1,0.326864037019264,559.5757222927247,0.0,
2021-03-22 16:00:44.300,1,0.3584759603246089,576.9948212407787,0.0,
2021-03-22 16:00:44.310,1,0.4223950863210276,586.9442148767795,0.0,
2021-03-22 16:00:44.320,1,0.4341559747413809,598.7253833920456,0.0,
2021-03-22 16:00:44.330,1,0.3566947622406248,605.5807451357358,0.0,
2021-03-22 16:00:44.340,1,0.3508265449173643,623.3306196270213,0.0,
2021-03-22 16:00:44.350,1,0.4131910522925426,629.3979663096187,0.0,
2021-03-22 16:00:44.360,1,0.4100489349391026,638.8758546580909,0.0,
2021-03-22 16:00:44.370,1,0.5488513304486509,648.5319609099777,0.0,
2021-03-22 16:00:44.380,1,0.4224760380620316,658.8653575520128,0.0,
2021-03-22 16:00:44.390,1,0.4189316877221309,670.1354059014499,0.0,
2021-03-22 16:00:44.400,1,0.4995404816882679,674.4471971012389,0.0,
2021-03-22 16:00:44.410,1,0.4170647904164223,685.5337656174726,0.0,
2021-03-22 16:00:44.420,1,0.587154962190466,686.8570348500723,0.0,
2021-03-22 16:00:44.430,1,0.4084410084986365,693.8405523778879,0.0,
2021-03-22 16:00:44.440,1,0.5505811687763245,698.9033013488362,0.0,
2021-03-22 16:00:44.450,1,0.5104104655243429,706.3391301357715,0.0,
2021-03-22 16:00:44.460,1,0.4600006446305986,714.8301151295824,0.0,
2021-03-22 16:00:44.470,1,0.5868901643689831,717.9051387399962,0.0,
2021-03-22 16:00:44.480,1,0.5835437289468621,714.8684219234906,0.0,
2021-03-22 16:00:44.490,1,0.5524620790198335,720.6797447823651,0.0,
2021-03-22 16:00:44.500,1,0.6397216425992904,726.5707961341899,0.0,
2021-03-22 16:00:44.510,1,0.4986577753757658,725.2264413717163,0.0,
2021-03-22 16:00:44.520,1,0.4513246130049573,731.254948139815,0.0,
2021-03-22 16:00:44.530,1,0.5892515154199791,732.4975633357263,0.0,
2021-03-22 16:00:44.540,1,0.6522196015195458,727.4235737095363,0.0,
2021-03-22 16:00:44.550,1,0.4705124503917657,734.1786574756422,0.0,
2021-03-22 16:00:44.560,1,0.4589235750050104,741.252105599434,0.0,
2021-03-22 16:00:44.570,1,0.5239798320889314,733.2197216692704,0.0,
2021-03-22 16:00:44.580,1,0.4729031072222822,736.4027040548287,0.0,
2021-03-22 16:00:44.590,1,0.522602627784937,733.2266305177671,0.0,
2021-03-22 16:00:44.600,1,0.5856430920882743,739.8452718443132,0.0,
2021-03-22 16:00:44.610,1,0.5638083159519172,741.1037453746196,0.0,
2021-03-22 16:00:44.620,1,0.4623123228791684,746.0634891108203,0.0,
2021-03-22 16:00:44.630,1,0.4387916795180415,750.6224172097575,0.0,
2021-03-22 16:00:44.640,1,0.5311253167271909,744.3905389363582,0.0,
2021-03-22 16:00:44.650,1,0.5873064059717575,742.0204077247386,0.0,
2021-03-22 16:00:44.660,1,0.4871619177076819,744.2061280669417,0.0,
2021-03-22 16:00:44.670,1,0.4430949503653488,745.6810444981872,0.0,
2021-03-22 16:00:44.680,1,0.6141172307261827,749.7594346671614,0.0,
2021-03-22 16:00:44.690,1,0.6335191346249748,746.8565715035942,0.0,
2021-03-22 16:00:44.700,1,0.6076528647359027,748.0942305567743,0.0,
2021-03-22 16:00:44.710,1,0.628948408591635,746.6633595795903,0.0,
2021-03-22 16:00:44.720,1,0.4592863794043376,747.7795133482679,0.0,
2021-03-22 16:00:44.730,1,0.5166953529809983,747.8215098787773,0.0,
2021-03-22 16:00:44.740,1,0.515724813542372,748.154373402574,0.0,
2021-03-22 16:00:44.750,1,0.5549019987057952,753.9191554654599,0.0,
2021-03-22 16:00:44.760,1,0.4665204371573191,748.8380803256282,0.0,
2021-03-22 16:00:44.770,1,0.5554865304935198,751.7128998225818,0.0,
2021-03-22 16:00:44.780,1,0.4967752856000786,751.8209249661438,0.0,
2021-03-22 16:00:44.790,1,0.4550360002539179,753.6018754617389,0.0,
2021-03-22 16:00:44.800,1,0.4669965865225973,756.1089058181462,0.0,
2021-03-22 16:00:44.810,1,0.5346051571437461,753.6461441643544,0.0,
2021-03-22 16:00:44.820,1,0.4175309393778425,759.6170653448187,0.0,
2021-03-22 16:00:44.830,1,0.4556988753301493,758.0488377102914,0.0,
2021-03-22 16:00:44.840,1,0.4105460272662589,751.3871378169406,0.0,
2021-03-22 16:00:44.850,1,0.5682518606265511,753.8124926883593,0.0,
2021-03-22 16:00:44.860,1,0.5212832822480238,757.4729566255272,0.0,
2021-03-22 16:00:44.870,1,0.4707670211252078,750.6038547056484,0.0,
2021-03-22 16:00:44.880,1,0.4336459766774969,753.5032937221886,0.0,
2021-03-22 16:00:44.890,1,0.4766091948220613,758.9537477258591,0.0,
2021-03-22 16:00:44.900,1,0.4645308491265716,761.3272271198617,0.0,
2021-03-22 16:00:44.910,1,0.4715739020282967,756.3315989376765,0.0,
2021-03-22 16:00:44.920,1,0.4009609627860748,751.1314433900882,0.0,
2021-03-22 16:00:44.930,1,0.4319466778814979,756.2782775115522,0.0,
2021-03-22 16:00:44.940,1,0.5443081820267223,752.6214791082434,0.0,
2021-03-22 16:00:44.950,0,0.5306008255886585,751.9917589895116,0.0,
2021-03-22 16:00:44.960,0,0.5669303170113112,752.2537008252721,0.0,
2021-03-22 16:00:44.970,0,0.5542354029328965,755.8716266478663,0.0,
2021-03-22 16:00:44.980,0,0.5279558648658808,747.3192781777036,0.0,
2021-03-22 16:00:44.990,0,0.3859209090726071,751.2354982403788,0.0,
2021-03-22 16:00:45.000,0,0.4398846702094426,754.2327830859473,0.0,
2021-03-22 16:00:45.010,0,0.4946527710346123,749.6119268306427,0.0,
2021-03-22 16:00:45.020,0,0.3876164897111183,754.3810578991672,0.0,
2021-03-22 16:00:45.030,0,0.5658787571883077,749.0881552946981,0.0,
2021-03-22 16:00:45.040,0,0.5313901442722431,749.8839644698268,0.0,
2021-03-22 16:00:45.050,0,0.5317429933885254,748.9543939677263,0.0,
2021-03-22 16:00:45.060,0,0.5904615740286,741.4699817877963,0.0,
2021-03-22 16:00:45.070,0,0.4941728291864539,734.83822448802,0.0,
2021-03-22 16:00:45.080,0,0.5750607627781186,728.2958899360555,0.0,
2021-03-22 16:00:45.090,0,0.5423557209467248,705.5120217517949,0.0,
2021-03-22 16:00:45.100,0,0.5235857196630901,679.9817926472265,0.0,
2021-03-22 16:00:45.110,0,0.509213337259207,654.739714325974,0.0,
2021-03-22 16:00:45.120,0,0.4171354673535101,628.1454049310028,0.0,
2021-03-22 16:00:45.130,0,0.4013000164911274,596.6894185860393,0.0,
2021-03-22 16:00:45.140,0,0.44535423216049896,568.841746868187,0.0,
2021-03-22 16:00:45.150,0,0.4275751734096772,531.0255147483451,0.0,
2021-03-22 16:00:45.160,0,0.3361769443221986,501.5145369114098,0.0,
2021-03-22 16:00:45.170,0,0.4045574678671317,467.9832321549262,0.0,
2021-03-22 16:00:45.180,0,0.2766707209230902,439.2297640496743,0.0,
2021-03-22 16:00:45.190,0,0.2529509327022111,401.40688090000697,0.0,
2021-03-22 16:00:45.200,0,0.2541670917162215,371.2037643815637,0.0,
2021-03-22 16:00:45.210,0,0.2667114398295743,343.9952795626278,0.0,
2021-03-22 16:00:45.220,0,0.2704549796698329,313.69753946546814,0.0,
2021-03-22 16:00:45.230,0,0.2060018676927785,285.0111047741893,1.0,
2021-03-22 16:00:45.240,0,0.2439000494707854,259.6722219672115,1.0,
2021-03-22 16:00:45.250,0,0.153054950683436,232.84084395630828,1.0,
2021-03-22 16:00:45.260,0,0.1766157408092395,211.23744668455345,1.0,
2021-03-22 16:00:45.270,0,0.1451493053732191,190.62901739690102,1.0,
2021-03-22 16:00:45.280,0,0.122803249504796,170.65623783985785,1.0,
2021-03-22 16:00:45.290,0,0.1171333439635478,150.95038011430702,1.0,
2021-03-22 16:00:45.300,0,0.1240041297165543,134.29505438906992,1.0,
2021-03-22 16:00:45.310,0,0.0877884538680403,116.51494432019423,1.0,
2021-03-22 16:00:45.320,0,0.0879452495679654,100.95023722086871,1.0,
2021-03-22 16:00:45.330,0,0.059163526341154016,87.32367579456232,2.0,
2021-03-22 16:00:45.340,0,0.0620970242252479,74.54595898598653,2.0,
2021-03-22 16:00:45.350,0,0.0635587167035794,63.66808632668032,2.0,
2021-03-22 16:00:45.360,0,0.0393286687384988,53.07610847321775,2.0,
2021-03-22 16:00:45.370,0,0.0383790608555407,43.072977690791035,2.0,
2021-03-22 16:00:45.380,0,0.0202557040291044,34.83358763257858,2.0,
2021-03-22 16:00:45.390,0,0.0308907647185523,27.11987678756388,2.0,
2021-03-22 16:00:45.400,0,0.0137550917918019,20.40637231497801,2.0,
2021-03-22 16:00:45.410,0,0.0131593079763491,14.517883683872563,2.0,
2021-03-22 16:00:45.420,0,0.0072734992058278,9.325195828205947,2.0,
2021-03-22 16:00:45.430,0,0.0013732381336884,4.747955467652075,2.0,
2021-03-22 16:00:45.440,0,0.0015293975068695,0.8672825600010172,2.0,
2021-03-22 16:00:45.450,0,-2.7022367036777083e-05,0.0,2.0,
2021-03-22 16:00:45.460,0,-0.0055990508567425,0.0,2.0,
2021-03-22 16:00:45.470,0,-0.0114892188741194,0.0,2.0,
2021-03-22 16:00:45.480,0,-0.0063393022364532,0.0,2.0,
2021-03-22 16:00:45.490,0,-0.0071321820449223,0.0,2.0,
2021-03-22 16:00:45.500,0,-0.0147743357153641,0.0,2.0,
2021-03-22 16:00:45.510,0,-0.0102613050229297,0.0,2.0,
2021-03-22 16:00:45.520,0,-0.0161974705765576,0.0,2.0,
2021-03-22 16:00:45.530,0,-0.0086008868626021,0.0,2.0,
2021-03-22 16:00:45.540,0,-0.0113441521383806,0.0,2.0,
2021-03-22 16:00:45.550,0,-0.0125896870092468,0.0,2.0,
2021-03-22 16:00:45.560,0,-0.0160999036343845,0.0,2.0,
2021-03-22 16:00:45.570,0,-0.015248128113248997,0.0,2.0,
2021-03-22 16:00:45.580,0,-0.0043120204685792,0.0,2.0,
2021-03-22 16:00:45.590,0,-0.0108598040299004,0.0,2.0,
2021-03-22 16:00:45.600,0,-0.0119304930660386,0.0,2.0,
2021-03-22 16:00:45.610,0,-0.0043012368466203,0.0,2.0,
2021-03-22 16:00:45.620,0,-0.0121866445893645,0.0,2.0,
2021-03-22 16:00:45.630,0,-0.0124668871140586,0.0,2.0,
2021-03-22 16:00:45.640,0,-0.0080760703137446,0.0,2.0,
2021-03-22 16:00:45.650,0,-0.0114945327058996,0.0,2.0,
2021-03-22 16:00:45.660,0,-0.0174586746883726,0.0,2.0,
2021-03-22 16:00:45.670,0,-0.0092406947546806,0.0,2.0,
2021-03-22 16:00:45.680,0,-0.0032357903962715,0.0,2.0,
2021-03-22 16:00:45.690,0,-0.0077564748377849,0.0,2.0,
2021-03-22 16:00:45.700,0,-0.0074023017134686,0.0,2.0,
2021-03-22 16:00:45.710,0,-0.0087012182818342,0.0,2.0,
2021-03-22 16:00:45.720,0,-0.0050264538268818,0.0,2.0,
2021-03-22 16:00:45.730,0,-0.0053029774998274,0.0,2.0,
2021-03-22 16:00:45.740,0,-0.0021290663653672,0.0,2.0,
2021-03-22 16:00:45.750,0,-0.0026489651614231,0.0,2.0,
2021-03-22 16:00:45.760,0,-0.000425664022354,0.0,2.0,
2021-03-22 16:00:45.770,0,0.0001072737782732,0.0,2.0,
2021-03-22 16:00:45.780,0,-0.0015873864035233,0.0,2.0,
2021-03-22 16:00:45.790,0,-0.0016770517339071,0.0,2.0,
2021-03-22 16:00:45.800,0,-0.0051513733287313,0.0,2.0,
2021-03-22 16:00:45.810,0,0.0076545885087161,0.0,2.0,
2021-03-22 16:00:45.820,0,-0.0033600255582297,0.0,2.0,
2021-03-22 16:00:45.830,0,-0.0023019271831859,0.0,2.0,
2021-03-22 16:00:45.840,0,-0.0026770817461594,0.0,2.0,
2021-03-22 16:00:45.850,0,0.0021314167302493,0.0,2.0,
2021-03-22 16:00:45.860,0,-0.0023399212979935,0.0,2.0,
2021-03-22 16:00:45.870,0,-0.002338531720588,0.0,2.0,
2021-03-22 16:00:45.880,0,-0.0024753269114451,0.0,2.0,
2021-03-22 16:00:45.890,0,-0.0059300142278793,0.0,2.0,
2021-03-22 16:00:45.900,0,7.870529221242173e-05,0.0,2.0,
2021-03-22 16:00:45.910,0,-4.974921003940258e-05,0.0,2.0,
2021-03-22 16:00:45.920,0,0.0009257867367429,0.0,2.0,
2021-03-22 16:00:45.930,0,-0.0044642431927944,0.0,2.0,
2021-03-22 16:00:45.940,0,0.0012765771702878,0.0174326248406048,2.0,
2021-03-22 16:00:45.950,0,0.0013584049574389,0.0775940635525356,2.0,
2021-03-22 16:00:45.960,0,-0.0014347860153693,0.1299002614746045,2.0,
2021-03-22 16:00:45.970,0,-0.004424980503808,0.1709722637273129,2.0,
2021-03-22 16:00:45.980,0,-0.0016772286121909,0.2056552606532786,2.0,
2021-03-22 16:00:45.990,0,-0.0017110598565947,0.2300300486250153,2.0,
2021-03-22 16:00:46.000,0,-0.001051956188444,0.2563335475524035,2.0,
2021-03-22 16:00:46.010,0,0.0059615609003434,0.2700097659747971,2.0,
2021-03-22 16:00:46.020,0,-0.0062091993727,0.2808434818031928,2.0,
2021-03-22 16:00:46.030,0,0.0039512876691502,0.2885718803168,2.0,
2021-03-22 16:00:46.040,0,-0.0024237442865981,0.2900353444261548,2.0,
2021-03-22 16:00:46.050,0,-0.0017199604785525,0.2930024544456379,2.0,
2021-03-22 16:00:46.060,0,-0.005344106500978999,0.2873539862234003,2.0,
2021-03-22 16:00:46.070,0,0.0045694571392653,0.2845014018497917,2.0,
2021-03-22 16:00:46.080,0,0.0010984970644169,0.2756263673585352,2.0,
2021-03-22 16:00:46.090,0,-0.0056676860477134,0.2676359746817154,2.0,
2021-03-22 16:00:46.100,0,0.0001287508576023,0.2589005723084833,2.0,
2021-03-22 16:00:46.110,0,0.0030277191442464,0.2472841103874888,2.0,
2021-03-22 16:00:46.120,0,0.0007467623102665,0.2353788138683971,2.0,
2021-03-22 16:00:46.130,0,0.0028957493435833,0.2235137751058325,2.0,
2021-03-22 16:00:46.140,0,0.0073607249140296,0.21037219072127,2.0,
2021-03-22 16:00:46.150,0,0.0006937439419525,0.1969475507791164,2.0,
2021-03-22 16:00:46.160,0,0.0013153367319589,0.1841357542749308,2.0,
2021-03-22 16:00:46.170,0,0.0019489294628348,0.1728401870912395,2.0,
2021-03-22 16:00:46.180,0,-0.0009919138206631,0.1580650231029166,2.0,
2021-03-22 16:00:46.190,0,0.0053817798349594,0.1482347359333646,2.0,
2021-03-22 16:00:46.200,0,-6.032937661021342e-05,0.137572165251035,2.0,
2021-03-22 16:00:46.210,0,0.0008424578564662,0.1253122974716772,2.0,
2021-03-22 16:00:46.220,0,2.49382522056785e-05,0.1138301479518563,2.0,
2021-03-22 16:00:46.230,0,-0.0033371781829218,0.1037675930836534,2.0,
2021-03-22 16:00:46.240,0,0.0013394686098614,0.0939879964556668,2.0,
2021-03-22 16:00:46.250,0,0.0021112711986989,0.0848232385950045,2.0,
2021-03-22 16:00:46.260,0,-0.000859565147247,0.0763124625284644,2.0,
2021-03-22 16:00:46.270,0,-0.0025260428443542,0.0684052280726003,2.0,
2021-03-22 16:00:46.280,0,-0.0032240618455612,0.0601682691462465,2.0,
2021-03-22 16:00:46.290,0,0.0024607722375054,0.0525283315690658,2.0,
2021-03-22 16:00:46.300,0,-0.0076167428209549,0.0461511576659026,2.0,
2021-03-22 16:00:46.310,0,-0.006762331584172,0.0401293864080817,2.0,
2021-03-22 16:00:46.320,0,0.0024179448236569,0.0348847062401518,2.0,
2021-03-22 16:00:46.330,0,-0.0028424189816022,0.0295695741711667,2.0,
2021-03-22 16:00:46.340,0,0.0046636549323067,0.0250964582146632,2.0,
2021-03-22 16:00:46.350,0,-0.0013039026173602,0.0209732149802514,2.0,
2021-03-22 16:00:46.360,0,0.0020909836992802,0.0172594531676608,2.0,
2021-03-22 16:00:46.370,0,-0.0034372517255083,0.0138497253711692,2.0,
2021-03-22 16:00:46.380,0,0.0057052587126327,0.0107426359045938,2.0,
2021-03-22 16:00:46.390,0,0.0023484298414526,0.0080596828381718,2.0,
2021-03-22 16:00:46.400,0,0.0030930348824998,0.0057185123034213,2.0,
2021-03-22 16:00:46.410,0,0.0014664892538044,0.0036949163719275,2.0,
2021-03-22 16:00:46.420,0,0.0031468676595835,0.0018842258024953,2.0,
2021-03-22 16:00:46.430,0,0.0058377040372343,0.0003399227777562,2.0,
2021-03-22 16:00:46.440,0,-0.0030616526404408,0.0,2.0,
2021-03-22 16:00:46.450,0,0.0013145154174791,0.0,2.0,
2021-03-22 16:00:46.460,0,-0.0039180019246816,0.0,2.0,
2021-03-22 16:00:46.470,0,0.0032079716174956,0.0,2.0,
2021-03-22 16:00:46.480,0,-0.0040991995665033,0.0,2.0,
2021-03-22 16:00:46.490,0,0.0013068190872902,0.0,2.0,
2021-03-22 16:00:46.500,0,0.0032334356730554,0.0,2.0,
2021-03-22 16:00:46.510,0,0.0002757264201511,0.0,2.0,
2021-03-22 16:00:46.520,0,-0.0059010013100251,0.0,2.0,
2021-03-22 16:00:46.530,0,-0.0054794998933994,0.0,2.0,
2021-03-22 16:00:46.540,0,-0.0019867711069968,0.0,2.0,
2021-03-22 16:00:46.550,0,0.0017103130159939,0.0,2.0,
2021-03-22 16:00:46.560,0,-0.0022719550560674,0.0,2.0,
2021-03-22 16:00:46.570,0,-0.0041764352386733,0.0,2.0,
2021-03-22 16:00:46.580,0,-0.0026119656170397,0.0,2.0,
2021-03-22 16:00:46.590,0,-0.0020683028623746,0.0,2.0,
2021-03-22 16:00:46.600,0,-0.0003141810668225,0.0,2.0,
2021-03-22 16:00:46.610,0,-0.0005869615436963,0.0,2.0,
2021-03-22 16:00:46.620,0,-0.0008329603239209999,0.0,2.0,
2021-03-22 16:00:46.630,0,0.0018402383195738,0.0,2.0,
2021-03-22 16:00:46.640,0,0.002246634003291,0.0,2.0,
2021-03-22 16:00:46.650,0,0.005915498737454,0.0,2.0,
2021-03-22 16:00:46.660,0,0.0038725275544726,0.0,2.0,
2021-03-22 16:00:46.670,0,-0.0007141641772526,0.0,2.0,
2021-03-22 16:00:46.680,0,-0.0029718947388938,0.0,2.0,
2021-03-22 16:00:46.690,0,-0.0004009680376100001,0.0,2.0,
2021-03-22 16:00:46.700,0,-0.0006817166908301,0.0,2.0,
2021-03-22 16:00:46.710,0,0.000327474247009,0.0,2.0,
2021-03-22 16:00:46.720,0,0.0011184626894917,0.0,2.0,
2021-03-22 16:00:46.730,0,0.0001184277074285,0.0,2.0,
2021-03-22 16:00:46.740,0,-0.0002691618529608,0.0,2.0,
2021-03-22 16:00:46.750,0,-0.0002061075273876,0.0,2.0,
2021-03-22 16:00:46.760,0,-0.0037316792850516,0.0,2.0,
2021-03-22 16:00:46.770,0,0.0001887376353613,0.0,2.0,
2021-03-22 16:00:46.780,0,0.0022699451874055,0.0,2.0,
2021-03-22 16:00:46.790,0,-0.0003552150026176,0.0,2.0,
2021-03-22 16:00:46.800,0,0.0042568246850891,0.0,2.0,
2021-03-22 16:00:46.810,0,0.0002425254006434,0.0,2.0,
2021-03-22 16:00:46.820,0,0.0007101133133465,0.0,2.0,
2021-03-22 16:00:46.830,0,0.0032760486679426,0.0,2.0,
2021-03-22 16:00:46.840,0,-0.003930449441253,0.0,2.0,
2021-03-22 16:00:46.850,0,0.0012130058053971,0.0,2.0,
2021-03-22 16:00:46.860,0,-0.0006355396231861,0.0,2.0,
2021-03-22 16:00:46.870,0,0.0027146838056602,0.0,2.0,
2021-03-22 16:00:46.880,0,0.0022428973499862,0.0,2.0,
2021-03-22 16:00:46.890,0,0.0005289569529643,0.0,2.0,
2021-03-22 16:00:46.900,0,0.0012185966589109,0.0,2.0,
2021-03-22 16:00:46.910,0,-0.0002197891573204,0.0,2.0,
2021-03-22 16:00:46.920,0,0.0032315220201526,0.0,2.0,
2021-03-22 16:00:46.930,0,0.0035282049971962,6.883859729898607e-06,2.0,
2021-03-22 16:00:46.940,0,0.0012382426206265,3.1079193823647695e-05,2.0,
2021-03-22 16:00:46.950,0,-0.0031966249296525,5.166682805850477e-05,2.0,
2021-03-22 16:00:46.960,0,-0.0020367870962386,6.783690978348705e-05,2.0,
2021-03-22 16:00:46.970,0,0.0004975246199279,8.229406984013055e-05,2.0,
2021-03-22 16:00:46.980,0,0.0031260012685874,9.357714789835424e-05,2.0,
2021-03-22 16:00:46.990,0,0.0023673621188304,0.0001015871120006,2.0,
2021-03-22 16:00:47.000,0,0.0024121509207315,0.0001069241364362,2.0,
2021-03-22 16:00:47.010,0,-0.0055998488487474,0.0001122261054456,2.0,
2021-03-22 16:00:47.020,0,-0.0038348136283534,0.000114813380138,2.0,
2021-03-22 16:00:47.030,0,-0.004972948674325,0.0001150751507107,2.0,
2021-03-22 16:00:47.040,0,-0.0015585429243551,0.0001162402870889,2.0,
2021-03-22 16:00:47.050,0,-0.0010091209887615,0.0001148674557979,2.0,
2021-03-22 16:00:47.060,0,0.0005114991975818,0.0001127854706572,2.0,
2021-03-22 16:00:47.070,0,0.0023828601794176,0.0001081988922453,2.0,
2021-03-22 16:00:47.080,0,-0.0066778721415927,0.0001058415291066,2.0,
2021-03-22 16:00:47.090,0,-0.0017039622998225,0.0001024734702105,2.0,
2021-03-22 16:00:47.100,0,0.0017643686291448,9.841747536988708e-05,2.0,
2021-03-22 16:00:47.110,0,-0.0014759380475150002,9.278955579469264e-05,2.0,
2021-03-22 16:00:47.120,0,-0.0002223200043881,8.820650926662799e-05,2.0,
2021-03-22 16:00:47.130,0,0.0040073769243212,8.304748852565291e-05,2.0,
2021-03-22 16:00:47.140,0,-0.0046442134027468,7.872884384834231e-05,1.0,
2021-03-22 16:00:47.150,0,-0.0021835963276525,7.284939632238183e-05,1.0,
2021-03-22 16:00:47.160,0,0.002846808416156,6.801239383543296e-05,1.0,
2021-03-22 16:00:47.170,0,-0.0042895291530602,6.298685321699033e-05,1.0,
2021-03-22 16:00:47.180,0,6.995531828181096e-05,5.7522305914366724e-05,1.0,
2021-03-22 16:00:47.190,0,3.576869810355613e-05,5.32679737547443e-05,1.0,
2021-03-22 16:00:47.200,0,0.0004610173970339,4.8640143555092274e-05,1.0,
2021-03-22 16:00:47.210,0,-0.0033768140134621,4.469069261525174e-05,1.0,
2021-03-22 16:00:47.220,0,0.0042224382562072,4.048982569174602e-05,1.0,
2021-03-22 16:00:47.230,0,-0.0021041122416381,3.65976785833912e-05,1.0,
2021-03-22 16:00:47.240,0,0.0021228220289070004,3.290552087369253e-05,1.0,
2021-03-22 16:00:47.250,0,-0.0045254473647371,2.969434709074832e-05,1.0,
2021-03-22 16:00:47.260,0,0.0034372722994334,2.650998676216945e-05,1.0,
2021-03-22 16:00:47.270,0,-0.0006200357113891,2.3543157228412345e-05,1.0,
2021-03-22 16:00:47.280,0,0.001750586533991,2.070948022317109e-05,1.0,
2021-03-22 16:00:47.290,0,0.0024833392743331,1.8054277865588405e-05,1.0,
2021-03-22 16:00:47.300,0,-0.0005906324283886,1.557034257980659e-05,1.0,
2021-03-22 16:00:47.310,0,0.00409091369464,1.3595660911859055e-05,1.0,
2021-03-22 16:00:47.320,0,-0.0008227553111099,1.1473157501044205e-05,1.0,
2021-03-22 16:00:47.330,0,-0.0017799415025621,9.822947726794558e-06,1.0,
2021-03-22 16:00:47.340,0,-0.0001238155982579,8.157961123803825e-06,1.0,
2021-03-22 16:00:47.350,0,-0.0043208072786987,6.7199258323161656e-06,1.0,
2021-03-22 16:00:47.360,0,0.0012180186954019,5.42160495206745e-06,1.0,
2021-03-22 16:00:47.370,0,0.0038364858802374,4.219482468373192e-06,1.0,
2021-03-22 16:00:47.380,0,0.0074147620200276,3.191781683051203e-06,1.0,
2021-03-22 16:00:47.390,0,-0.0014276512108972,2.261949175583784e-06,1.0,
2021-03-22 16:00:47.400,0,0.0051755684168654,1.471213170007599e-06,1.0,
2021-03-22 16:00:47.410,0,-0.0041533868890122,7.757821358541326e-07,1.0,
2021-03-22 16:00:47.420,0,-0.0020653660297087,1.656929915654574e-07,1.0,
2021-03-22 16:00:47.430,0,0.0005207689590632,0.0,1.0,
2021-03-22 16:00:47.440,0,0.0013616763769081,0.0,1.0,
2021-03-22 16:00:47.450,0,-0.001900214147696,0.0,1.0,
2021-03-22 16:00:47.460,0,0.0057009751885992,0.0,1.0,
2021-03-22 16:00:47.470,0,-0.0080424885195118,0.0,1.0,
2021-03-22 16:00:47.480,0,0.0012777466889312,0.0,1.0,
2021-03-22 16:00:47.490,0,-0.0019481194746637,0.0,1.0,
2021-03-22 16:00:47.500,0,0.0065305888078924,0.0,1.0,
2021-03-22 16:00:47.510,0,-0.0046430368520765,0.0,1.0,
2021-03-22 16:00:47.520,0,-0.0071517847710333,0.0,1.0,
2021-03-22 16:00:47.530,0,-0.0003482314123149,0.0,1.0,
2021-03-22 16:00:47.540,0,-0.0001414146292267,0.0,1.0,
2021-03-22 16:00:47.550,0,-0.0012105031472271,0.0,1.0,
2021-03-22 16:00:47.560,0,0.0045329701178311,0.0,1.0,
2021-03-22 16:00:47.570,0,-0.0016079204745463,0.0,1.0,
2021-03-22 16:00:47.580,0,-0.0008804977748247,0.0,1.0,
2021-03-22 16:00:47.590,0,0.0019156426944949,0.0,1.0,
2021-03-22 16:00:47.600,0,-0.0014420885672932,0.0,1.0,
2021-03-22 16:00:47.610,0,-0.003252264430896,0.0,1.0,
2021-03-22 16:00:47.620,0,0.0021000394768838,0.0,1.0,
2021-03-22 16:00:47.630,0,-0.0019497828344588,0.0,1.0,
2021-03-22 16:00:47.640,0,-0.0021861217142782,0.0,1.0,
2021-03-22 16:00:47.650,0,0.0014300282513515,0.0,1.0,
2021-03-22 16:00:47.660,0,0.0018199626246391,0.0,1.0,
2021-03-22 16:00:47.670,0,-7.529276693451875e-05,0.0,1.0,
2021-03-22 16:00:47.680,0,-0.0034305036300274,0.0,1.0,
2021-03-22 16:00:47.690,0,-0.0025749971471709,0.0,1.0,
2021-03-22 16:00:47.700,0,-0.0077279286306838,0.0,1.0,
2021-03-22 16:00:47.710,0,0.0036179946310966,0.0,1.0,
2021-03-22 16:00:47.720,0,0.0014411943369936,0.0,1.0,
2021-03-22 16:00:47.730,0,0.0027657086999491,0.0,1.0,
2021-03-22 16:00:47.740,0,0.0022929554975168,0.0,1.0,
2021-03-22 16:00:47.750,0,0.0006318832852242,0.0,1.0,
2021-03-22 16:00:47.760,0,0.0024886321963298,0.0,1.0,
2021-03-22 16:00:47.770,0,-0.0006945273989266,0.0,1.0,
2021-03-22 16:00:47.780,0,0.0049043905680049,0.0,1.0,
2021-03-22 16:00:47.790,0,0.0050958749321018,0.0,1.0,
2021-03-22 16:00:47.800,0,0.002944178773331,0.0,1.0,
2021-03-22 16:00:47.810,0,-0.0032117617495931,0.0,1.0,
2021-03-22 16:00:47.820,0,-0.0006179516683426,0.0,1.0,
2021-03-22 16:00:47.830,0,1.6815546260400585e-05,0.0,1.0,
2021-03-22 16:00:47.840,0,-4.771683511631014e-05,0.0,1.0,
2021-03-22 16:00:47.850,0,0.005284265267422,0.0,1.0,
2021-03-22 16:00:47.860,0,0.0014009941928178,0.0,1.0,
2021-03-22 16:00:47.870,0,-0.004993147623688,0.0,1.0,
2021-03-22 16:00:47.880,0,0.0034787958212870005,0.0,1.0,
2021-03-22 16:00:47.890,0,0.0028660500021327,0.0,1.0,
2021-03-22 16:00:47.900,0,0.0028375978868831,0.0,1.0,
2021-03-22 16:00:47.910,0,0.0047858693754557,0.0,1.0,
2021-03-22 16:00:47.920,0,-0.0013624821044802,1.083895749173397e-09,1.0,
2021-03-22 16:00:47.930,0,0.0034194001109367,1.0942377506557133e-08,1.0,
2021-03-22 16:00:47.940,0,-0.0046120200887733,1.914577182671276e-08,1.0,
2021-03-22 16:00:47.950,0,-0.0014540526250039,2.620407347550057e-08,1.0,
2021-03-22 16:00:47.960,0,-1.9958388829687975e-05,3.1742681297706044e-08,1.0,
2021-03-22 16:00:47.970,0,-0.002715859718461,3.6042065015192175e-08,1.0,
2021-03-22 16:00:47.980,0,0.0033457157217033,3.973175628249116e-08,1.0,
2021-03-22 16:00:47.990,0,8.043183375887673e-05,4.228375756250271e-08,1.0,
2021-03-22 16:00:48.000,0,0.0029301636326523,4.4313796309946816e-08,1.0,
2021-03-22 16:00:48.010,0,-0.0016083782914212,4.489875979332037e-08,1.0,
2021-03-22 16:00:48.020,0,0.0026303082409634,4.5551232325580906e-08,1.0,
2021-03-22 16:00:48.030,0,-0.0034392375832806,4.5923882561091377e-08,1.0,
2021-03-22 16:00:48.040,0,0.0066156826896412,4.540153471796479e-08,1.0,
2021-03-22 16:00:48.050,0,-0.0010420989928119,4.4426914749990166e-08,1.0,
2021-03-22 16:00:48.060,0,0.0009456386869984,4.33657494341045e-08,1.0,
2021-03-22 16:00:48.070,0,-0.0011793552214331,4.240161430053396e-08,1.0,
2021-03-22 16:00:48.080,0,0.0038298344297391,4.0482471455393546e-08,1.0,
2021-03-22 16:00:48.090,0,0.0034298021536699,3.8699029232695793e-08,1.0,
2021-03-22 16:00:48.100,0,-0.0004830890231369,3.667386460162208e-08,1.0,
2021-03-22 16:00:48.110,0,0.0034572426415484,3.480784335463585e-08,1.0,
2021-03-22 16:00:48.120,0,0.0036525212067901,3.275157984812281e-08,1.0,
2021-03-22 16:00:48.130,0,-0.0082338603938636,3.116086377315095e-08,1.0,
2021-03-22 16:00:48.140,0,8.507639737056622e-06,2.9213077122208183e-08,1.0,
2021-03-22 16:00:48.150,0,0.0007902827180196,2.72292937351798e-08,1.0,
2021-03-22 16:00:48.160,0,-0.0004823357166075,2.5278207105197832e-08,1.0,
2021-03-22 16:00:48.170,0,0.0015203315251323,2.3474937401577768e-08,1.0,
2021-03-22 16:00:48.180,0,0.0030763484439299,2.1597742510938707e-08,1.0,
2021-03-22 16:00:48.190,0,0.0058612164485109,1.964308703877513e-08,1.0,
2021-03-22 16:00:48.200,0,0.0016677064551458,1.7976718648573428e-08,1.0,
2021-03-22 16:00:48.210,0,-0.0026534142828954,1.6471625435252082e-08,1.0,
2021-03-22 16:00:48.220,0,-0.0014282621283238,1.4910979273687952e-08,1.0,
2021-03-22 16:00:48.230,0,-0.0020232074273683,1.3393297292368197e-08,1.0,
2021-03-22 16:00:48.240,0,-0.00382684156375,1.197757040207636e-08,1.0,
2021-03-22 16:00:48.250,0,-0.0028922312670551,1.0651965516759252e-08,1.0,
2021-03-22 16:00:48.260,0,0.0039763680776047,9.551348733579084e-09,1.0,
2021-03-22 16:00:48.270,0,0.0036045852288,8.536200059815131e-09,1.0,
2021-03-22 16:00:48.280,0,-0.0008501728727822,7.461084079638188e-09,1.0,
2021-03-22 16:00:48.290,0,0.0004293279019306,6.485692781914743e-09,1.0,
2021-03-22 16:00:48.300,0,0.0024802531068459,5.563798988388244e-09,1.0,
2021-03-22 16:00:48.310,0,0.0046448633427868,4.778280322436795e-09,1.0,
2021-03-22 16:00:48.320,0,0.0050384096545379,4.045206399894662e-09,1.0,
2021-03-22 16:00:48.330,0,-0.0059989803207998,3.421692221145822e-09,1.0,
2021-03-22 16:00:48.340,0,0.0019746594626229,2.808566684058543e-09,1.0,
2021-03-22 16:00:48.350,0,-0.0025444951118417,2.260956723956992e-09,1.0,
2021-03-22 16:00:48.360,0,-0.0013331852444606,1.77645991776576e-09,1.0,
2021-03-22 16:00:48.370,0,-0.0033374808417252,1.341067571336508e-09,1.0,
2021-03-22 16:00:48.380,0,0.0011795680768566,9.67986166939488e-10,1.0,
2021-03-22 16:00:48.390,0,0.0039661203999332,6.339437821967797e-10,1.0,
2021-03-22 16:00:48.400,0,0.0008953885137953,3.4249998896587944e-10,1.0,
2021-03-22 16:00:48.410,0,-0.0009832593848268,9.032441592514505e-11,1.0,
2021-03-22 16:00:48.420,0,0.0011790427893171,0.0,1.0,
2021-03-22 16:00:48.430,0,-0.0003745504858268,0.0,1.0,
2021-03-22 16:00:48.440,0,0.000403516812211,0.0,1.0,
2021-03-22 16:00:48.450,0,-0.004781988634335,0.0,1.0,
2021-03-22 16:00:48.460,0,-0.0086872455626658,0.0,1.0,
2021-03-22 16:00:48.470,0,0.0010880158608063,0.0,1.0,
2021-03-22 16:00:48.480,0,0.0038473306118523,0.0,1.0,
2021-03-22 16:00:48.490,0,-0.0059200129127779,0.0,1.0,
2021-03-22 16:00:48.500,0,-0.0007897369332429,0.0,1.0,
2021-03-22 16:00:48.510,0,-0.0015010462165339,0.0,1.0,
2021-03-22 16:00:48.520,0,0.0028819890550852,0.0,1.0,
2021-03-22 16:00:48.530,0,0.0044235580079107,0.0,1.0,
2021-03-22 16:00:48.540,0,0.000326217332237,0.0,1.0,
2021-03-22 16:00:48.550,0,-0.0003160809558505,0.0,1.0,
2021-03-22 16:00:48.560,0,0.0001901876529697,0.0,1.0,
2021-03-22 16:00:48.570,0,0.0020114304425001,0.0,1.0,
2021-03-22 16:00:48.580,0,-0.0008342844647205,0.0,1.0,
2021-03-22 16:00:48.590,0,0.0086562068563961,0.0,1.0,
2021-03-22 16:00:48.600,0,0.0041254624595829,0.0,1.0,
2021-03-22 16:00:48.610,0,0.0017275806462456,0.0,1.0,
2021-03-22 16:00:48.620,0,6.920554941907314e-05,0.0,1.0,
2021-03-22 16:00:48.630,0,0.0061823962418956,0.0,1.0,
2021-03-22 16:00:48.640,0,0.0016007681774629998,0.0,1.0,
2021-03-22 16:00:48.650,0,0.0003856544870066,0.0,1.0,
2021-03-22 16:00:48.660,0,0.0055629804360224,0.0,1.0,
2021-03-22 16:00:48.670,0,-0.0015830070329039,0.0,1.0,
2021-03-22 16:00:48.680,0,0.0012922238543336,0.0,1.0,
2021-03-22 16:00:48.690,0,0.0065609235918789,0.0,1.0,
2021-03-22 16:00:48.700,0,0.0002445079376722,0.0,1.0,
2021-03-22 16:00:48.710,0,-0.0017797533129593,0.0,1.0,
2021-03-22 16:00:48.720,0,0.0014453767985895,0.0,1.0,
2021-03-22 16:00:48.730,0,0.0015773558317758,0.0,1.0,
2021-03-22 16:00:48.740,0,-0.003601357536949001,0.0,1.0,
2021-03-22 16:00:48.750,0,-0.0007321346160195,0.0,1.0,
2021-03-22 16:00:48.760,0,0.0030278435164882,0.0,1.0,
2021-03-22 16:00:48.770,0,0.0006983760531898,0.0,1.0,
2021-03-22 16:00:48.780,0,-0.0012164077756607,0.0,1.0,
2021-03-22 16:00:48.790,0,0.0027308680140979,0.0,1.0,
2021-03-22 16:00:48.800,0,-0.0020395247354186,0.0,1.0,
2021-03-22 16:00:48.810,0,-0.0028765341220552,0.0,1.0,
2021-03-22 16:00:48.820,0,-0.0017865519205320004,0.0,1.0,
2021-03-22 16:00:48.830,0,0.0031173058208153,0.0,1.0,
2021-03-22 16:00:48.840,0,-0.0059224936903153,0.0,1.0,
2021-03-22 16:00:48.850,0,0.0058842007252819,0.0,1.0,
2021-03-22 16:00:48.860,0,-0.0022036289574099,0.0,1.0,
2021-03-22 16:00:48.870,0,-0.0017013889635188,0.0,1.0,
2021-03-22 16:00:48.880,0,0.0038649467257011,0.0,1.0,
2021-03-22 16:00:48.890,0,-0.0025207037025241,0.0,1.0,
2021-03-22 16:00:48.900,0,0.0011059015922347,0.0,1.0,
2021-03-22 16:00:48.910,0,0.0022842352780168,4.3736889569798934e-13,1.0,
2021-03-22 16:00:48.920,0,0.0061840956520533,4.363005131041893e-12,1.0,
2021-03-22 16:00:48.930,0,-0.0028761985483224,7.660221624747827e-12,1.0,
2021-03-22 16:00:48.940,0,-0.0017961177926205,1.0390100353276547e-11,1.0,
2021-03-22 16:00:48.950,0,-0.0047284801656481,1.2615304754577472e-11,1.0,
2021-03-22 16:00:48.960,0,-0.0049045991757685,1.4488054926615045e-11,1.0,
2021-03-22 16:00:48.970,0,-0.0010249089891971,1.5775562808594746e-11,1.0,
2021-03-22 16:00:48.980,0,-0.0032751650160706,1.689215446391292e-11,1.0,
2021-03-22 16:00:48.990,0,0.0019792564051434,1.778576344457508e-11,1.0,
2021-03-22 16:00:49.000,0,-0.0066448342974022,1.8281089386336947e-11,1.0,
2021-03-22 16:00:49.010,0,-0.0070135058991784,1.833890416138696e-11,1.0,
2021-03-22 16:00:49.020,0,0.0074275551510255,1.821906229152264e-11,1.0,
2021-03-22 16:00:49.030,0,-0.0007075387553937,1.8096648737133183e-11,1.0,
2021-03-22 16:00:49.040,0,0.0030690248403982,1.7861789428566394e-11,1.0,
2021-03-22 16:00:49.050,0,-0.0046088615801446,1.7488970676792785e-11,1.0,
2021-03-22 16:00:49.060,0,-0.0006230621543923,1.7005340201678724e-11,1.0,
2021-03-22 16:00:49.070,0,0.0027781031377034,1.6272960993180338e-11,1.0,
2021-03-22 16:00:49.080,0,-0.0022470201132782,1.5644677726279796e-11,1.0,
2021-03-22 16:00:49.090,0,-0.0039677137057,1.501191018823725e-11,1.0,
2021-03-22 16:00:49.100,0,-0.0021671440600622,1.4148476881601874e-11,1.0,
2021-03-22 16:00:49.110,0,0.0015678898352726,1.3412903569753153e-11,1.0,
2021-03-22 16:00:49.120,0,0.0049478806309952,1.2401662809697315e-11,1.0,
2021-03-22 16:00:49.130,0,0.0012727674806772,1.1759660764892553e-11,1.0,
2021-03-22 16:00:49.140,0,-0.0018972061839384,1.1011000275337688e-11,1.0,
2021-03-22 16:00:49.150,0,0.0082880831447672,1.0176957100835816e-11,1.0,
2021-03-22 16:00:49.160,0,0.0050354959011289,9.377420203321938e-12,1.0,
2021-03-22 16:00:49.170,0,0.0004678292154785,8.645604430644208e-12,1.0,
2021-03-22 16:00:49.180,0,-0.0011238692250897,7.916459596078238e-12,1.0,
2021-03-22 16:00:49.190,0,0.0012569438972324,7.291033683875673e-12,1.0,
2021-03-22 16:00:49.200,0,0.0004453623399428,6.6150770674192666e-12,1.0,
2021-03-22 16:00:49.210,0,-0.0074877905686872,5.994350961299135e-12,1.0,
2021-03-22 16:00:49.220,0,0.0010947449704064,5.3567181820578034e-12,1.0,
2021-03-22 16:00:49.230,0,-0.0043982832350734,4.839933261277801e-12,1.0,
2021-03-22 16:00:49.240,0,-0.0018310779371139,4.286516708809045e-12,1.0,
2021-03-22 16:00:49.250,0,-0.0028522319046814,3.785728856831567e-12,1.0,
2021-03-22 16:00:49.260,0,0.0023821525423017,3.3561434571010364e-12,1.0,
2021-03-22 16:00:49.270,0,0.0001169643309668,2.9519874101023083e-12,1.0,
2021-03-22 16:00:49.280,0,0.0037031802395711,2.5598363380804013e-12,1.0,
2021-03-22 16:00:49.290,0,-0.002478648872977,2.2203858459887952e-12,1.0,
2021-03-22 16:00:49.300,0,0.0028721425536590004,1.877238401240655e-12,1.0,
2021-03-22 16:00:49.310,0,0.0008089676474798,1.5942897146665822e-12,1.0,
2021-03-22 16:00:49.320,0,-0.004102035936735999,1.352084631185489e-12,1.0,
2021-03-22 16:00:49.330,0,0.0049355424320746,1.095869268648371e-12,1.0,
2021-03-22 16:00:49.340,0,-0.0007471884909437,8.771965606068261e-13,1.0,
2021-03-22 16:00:49.350,0,-0.0045668704909531,6.9444339179533e-13,1.0,
2021-03-22 16:00:49.360,0,0.0011350281117941,5.237252158561705e-13,1.0,
2021-03-22 16:00:49.370,0,-0.0031116738926743,3.7502490525672426e-13,1.0,
2021-03-22 16:00:49.380,0,-0.0055850806517457,2.436037754792288e-13,1.0,
2021-03-22 16:00:49.390,0,0.0031172080801021,1.3273909187698476e-13,1.0,
2021-03-22 16:00:49.400,0,0.0022585424104015,3.477336909129873e-14,1.0,
2021-03-22 16:00:49.410,0,0.0039739330933972,0.0,1.0,
2021-03-22 16:00:49.420,0,0.0014489314294464,0.0,1.0,
2021-03-22 16:00:49.430,0,0.0007229748505429,0.0,1.0,
2021-03-22 16:00:49.440,0,-0.0008432361065854,0.0,1.0,
2021-03-22 16:00:49.450,0,0.0004630263235049,0.0,1.0,
2021-03-22 16:00:49.460,0,-0.0042354596533646,0.0,1.0,
2021-03-22 16:00:49.470,0,0.000477457993394,0.0,1.0,
2021-03-22 16:00:49.480,0,0.0017195514071345,0.0,1.0,
2021-03-22 16:00:49.490,0,-0.0055331659549241,0.0,1.0,
2021-03-22 16:00:49.500,0,-0.0009063927068115,0.0,1.0,
2021-03-22 16:00:49.510,0,0.0026114837913304,0.0,1.0,
2021-03-22 16:00:49.520,0,0.0058158464251006,0.0,1.0,
2021-03-22 16:00:49.530,0,-0.0037312759743584,0.0,1.0,
2021-03-22 16:00:49.540,0,-0.0045936124982679,0.0,1.0,
2021-03-22 16:00:49.550,0,0.0049439576707731,0.0,1.0,
2021-03-22 16:00:49.560,0,-0.0041281515333472,0.0,1.0,
2021-03-22 16:00:49.570,0,-0.0036055520046915,0.0,1.0,
2021-03-22 16:00:49.580,0,-0.0004547825949696,0.0,1.0,
2021-03-22 16:00:49.590,0,-0.0026396107115453,0.0,1.0,
2021-03-22 16:00:49.600,0,0.0048182399027123,0.0,1.0,
2021-03-22 16:00:49.610,0,0.0062395275698097,0.0,1.0,
2021-03-22 16:00:49.620,0,-0.0058838251119012,0.0,1.0,
2021-03-22 16:00:49.630,0,0.0028219479372871,0.0,1.0,
2021-03-22 16:00:49.640,0,-0.0027573643344647,0.0,1.0,
2021-03-22 16:00:49.650,0,-0.0004947535319195,0.0,1.0,
2021-03-22 16:00:49.660,0,-0.0065936613409386,0.0,1.0,
2021-03-22 16:00:49.670,0,-0.0099050534968675,0.0,1.0,
2021-03-22 16:00:49.680,0,0.0029117289221078,0.0,1.0,
2021-03-22 16:00:49.690,0,0.0052846216470445,0.0,1.0,
2021-03-22 16:00:49.700,0,-0.0010976782366496,0.0,1.0,
2021-03-22 16:00:49.710,0,0.0019714683876443,0.0,1.0,
2021-03-22 16:00:49.720,0,-0.0026280642147494,0.0,1.0,
2021-03-22 16:00:49.730,0,0.0011798513848452,0.0,1.0,
2021-03-22 16:00:49.740,0,-0.0022809055165205,0.0,1.0,
2021-03-22 16:00:49.750,0,0.0042567367963112,0.0,1.0,
2021-03-22 16:00:49.760,0,-0.002565265679714,0.0,1.0,
2021-03-22 16:00:49.770,0,0.0042891448830894,0.0,1.0,
2021-03-22 16:00:49.780,0,-0.0022348575938256,0.0,1.0,
2021-03-22 16:00:49.790,0,-0.0013371011810102,0.0,1.0,
2021-03-22 16:00:49.800,0,-0.0051237034208421,0.0,1.0,
2021-03-22 16:00:49.810,0,-0.0032578463711628,0.0,1.0,
2021-03-22 16:00:49.820,0,-0.0051436473018504,0.0,1.0,
2021-03-22 16:00:49.830,0,0.006386198515571999,0.0,1.0,
2021-03-22 16:00:49.840,0,-0.0063507155743236,0.0,1.0,
2021-03-22 16:00:49.850,0,0.0039007808633759,0.0,1.0,
2021-03-22 16:00:49.860,0,0.0001460216346733,0.0,1.0,
2021-03-22 16:00:49.870,0,0.0001248551849838,0.0,1.0,
2021-03-22 16:00:49.880,0,0.0019476891312708,0.0,1.0,
2021-03-22 16:00:49.890,0,0.0035031456974552,0.0,1.0,
2021-03-22 16:00:49.900,0,-0.0043505334018349,1.7745673113492943e-16,1.0,
2021-03-22 16:00:49.910,0,-0.0021498071081368,1.7415880042878116e-15,1.0,
2021-03-22 16:00:49.920,0,-0.0007092614967242,3.0514072894301207e-15,1.0,
2021-03-22 16:00:49.930,0,-0.000551963054849,4.135882325208704e-15,1.0,
2021-03-22 16:00:49.940,0,-0.0066756541524617,4.998887747349811e-15,1.0,
2021-03-22 16:00:49.950,0,-0.0016455403596764,5.728581453119453e-15,1.0,
2021-03-22 16:00:49.960,0,-9.164960335690962e-05,6.277687129756634e-15,1.0,
2021-03-22 16:00:49.970,0,0.0013057317780633,6.670279650733076e-15,1.0,
2021-03-22 16:00:49.980,0,0.0067727214830534,7.0667142993142275e-15,1.0,
